STDOUT

[RUN] baseline

[RUN] higher_quality_wave

[RUN] pullback_conservative

[RUN] faster_rotation

[RUN] tighter_quality

[RUN] auto_006

[RUN] auto_007

[RUN] auto_008

[RUN] auto_009

[RUN] auto_010

[RUN] auto_011

[RUN] auto_012

[RUN] auto_013

[RUN] auto_014

[RUN] auto_015

[RUN] auto_016

[RUN] auto_017

[RUN] auto_018

[RUN] auto_019

[RUN] auto_020

[RUN] auto_021

[RUN] auto_022

[RUN] auto_023

[RUN] auto_024

[RUN] auto_025

[RUN] auto_026

[RUN] auto_027

[RUN] auto_028

[RUN] auto_029

[RUN] auto_030

[DONE]
Summary: output\p3_edge_research\continuous\batch_004\summary.csv
Details: output\p3_edge_research\continuous\batch_004\details.json


STDERR

Extract:   0%|          | 0/578 [00:00<?, ?it/s]
Extract:   0%|          | 2/578 [00:00<00:43, 13.10it/s]
Extract:   1%|          | 4/578 [00:00<01:10,  8.10it/s]
Extract:   1%|1         | 6/578 [00:00<01:04,  8.89it/s]
Extract:   1%|1         | 7/578 [00:00<01:22,  6.94it/s]
Extract:   1%|1         | 8/578 [00:01<01:32,  6.18it/s]
Extract:   2%|1         | 9/578 [00:01<01:40,  5.66it/s]
Extract:   2%|1         | 10/578 [00:01<01:33,  6.09it/s]
Extract:   2%|1         | 11/578 [00:01<01:41,  5.60it/s]
Extract:   2%|2         | 12/578 [00:02<02:17,  4.12it/s]
Extract:   2%|2         | 13/578 [00:02<01:55,  4.88it/s]
Extract:   2%|2         | 14/578 [00:02<02:03,  4.57it/s]
Extract:   3%|2         | 15/578 [00:02<02:20,  4.01it/s]
Extract:   3%|2         | 17/578 [00:02<01:34,  5.93it/s]
Extract:   3%|3         | 19/578 [00:03<01:08,  8.21it/s]
Extract:   4%|3         | 21/578 [00:03<01:18,  7.13it/s]
Extract:   4%|3         | 22/578 [00:03<01:30,  6.11it/s]
Extract:   4%|3         | 23/578 [00:03<01:32,  6.00it/s]
Extract:   4%|4         | 25/578 [00:03<01:07,  8.18it/s]
Extract:   5%|4         | 27/578 [00:04<01:27,  6.32it/s]
Extract:   5%|5         | 29/578 [00:04<01:14,  7.34it/s]
Extract:   5%|5         | 30/578 [00:04<01:21,  6.69it/s]
Extract:   5%|5         | 31/578 [00:04<01:35,  5.74it/s]
Extract:   6%|5         | 33/578 [00:05<01:10,  7.77it/s]
Extract:   6%|6         | 35/578 [00:05<01:03,  8.59it/s]
Extract:   6%|6         | 37/578 [00:05<01:16,  7.11it/s]
Extract:   7%|6         | 38/578 [00:05<01:13,  7.39it/s]
Extract:   7%|6         | 40/578 [00:05<01:05,  8.16it/s]
Extract:   7%|7         | 41/578 [00:06<01:05,  8.24it/s]
Extract:   7%|7         | 42/578 [00:06<01:38,  5.44it/s]
Extract:   7%|7         | 43/578 [00:06<01:59,  4.47it/s]
Extract:   8%|7         | 46/578 [00:07<01:11,  7.40it/s]
Extract:   8%|8         | 48/578 [00:07<01:02,  8.54it/s]
Extract:   9%|8         | 50/578 [00:07<01:25,  6.14it/s]
Extract:   9%|8         | 51/578 [00:07<01:40,  5.26it/s]
Extract:   9%|8         | 52/578 [00:08<01:43,  5.08it/s]
Extract:   9%|9         | 54/578 [00:08<01:32,  5.68it/s]
Extract:  10%|9         | 55/578 [00:08<01:41,  5.14it/s]
Extract:  10%|9         | 57/578 [00:08<01:18,  6.67it/s]
Extract:  10%|#         | 58/578 [00:09<01:35,  5.43it/s]
Extract:  10%|#         | 59/578 [00:09<01:29,  5.77it/s]
Extract:  10%|#         | 60/578 [00:09<01:40,  5.16it/s]
Extract:  11%|#         | 61/578 [00:10<02:08,  4.04it/s]
Extract:  11%|#         | 63/578 [00:10<01:26,  5.93it/s]
Extract:  11%|#1        | 64/578 [00:10<01:39,  5.19it/s]
Extract:  11%|#1        | 65/578 [00:10<02:02,  4.18it/s]
Extract:  12%|#1        | 67/578 [00:11<01:58,  4.32it/s]
Extract:  12%|#1        | 69/578 [00:11<01:34,  5.41it/s]
Extract:  12%|#2        | 71/578 [00:11<01:13,  6.89it/s]
Extract:  12%|#2        | 72/578 [00:11<01:12,  6.99it/s]
Extract:  13%|#2        | 73/578 [00:12<01:43,  4.88it/s]
Extract:  13%|#2        | 75/578 [00:12<01:13,  6.88it/s]
Extract:  13%|#3        | 77/578 [00:12<01:48,  4.60it/s]
Extract:  14%|#3        | 80/578 [00:13<01:12,  6.84it/s]
Extract:  14%|#4        | 82/578 [00:13<01:03,  7.75it/s]
Extract:  15%|#4        | 84/578 [00:13<01:22,  6.00it/s]
Extract:  15%|#4        | 86/578 [00:14<01:13,  6.73it/s]
Extract:  15%|#5        | 89/578 [00:14<01:25,  5.74it/s]
Extract:  16%|#5        | 90/578 [00:14<01:21,  5.95it/s]
Extract:  16%|#5        | 91/578 [00:15<01:36,  5.05it/s]
Extract:  16%|#5        | 92/578 [00:15<01:57,  4.15it/s]
Extract:  16%|#6        | 94/578 [00:15<01:35,  5.09it/s]
Extract:  17%|#6        | 96/578 [00:16<01:37,  4.92it/s]
Extract:  17%|#6        | 97/578 [00:16<01:28,  5.44it/s]
Extract:  17%|#6        | 98/578 [00:16<01:30,  5.30it/s]
Extract:  17%|#7        | 100/578 [00:16<01:21,  5.84it/s]
Extract:  18%|#7        | 103/578 [00:16<00:52,  8.99it/s]
Extract:  18%|#8        | 105/578 [00:17<00:50,  9.30it/s]
Extract:  19%|#8        | 107/578 [00:17<01:07,  7.00it/s]
Extract:  19%|#8        | 108/578 [00:17<01:12,  6.47it/s]
Extract:  19%|#9        | 110/578 [00:17<01:01,  7.63it/s]
Extract:  19%|#9        | 111/578 [00:18<01:04,  7.23it/s]
Extract:  20%|#9        | 114/578 [00:18<00:45, 10.19it/s]
Extract:  20%|##        | 116/578 [00:18<00:56,  8.23it/s]
Extract:  20%|##        | 117/578 [00:18<01:09,  6.66it/s]
Extract:  21%|##        | 120/578 [00:19<01:11,  6.36it/s]
Extract:  21%|##        | 121/578 [00:19<01:25,  5.35it/s]
Extract:  21%|##1       | 124/578 [00:19<00:59,  7.61it/s]
Extract:  22%|##1       | 125/578 [00:20<01:11,  6.36it/s]
Extract:  22%|##1       | 126/578 [00:20<01:11,  6.30it/s]
Extract:  22%|##2       | 128/578 [00:20<01:00,  7.46it/s]
Extract:  22%|##2       | 130/578 [00:21<01:23,  5.34it/s]
Extract:  23%|##2       | 131/578 [00:21<01:39,  4.51it/s]
Extract:  23%|##2       | 132/578 [00:21<01:29,  4.96it/s]
Extract:  23%|##3       | 133/578 [00:21<01:30,  4.94it/s]
Extract:  23%|##3       | 135/578 [00:21<01:10,  6.28it/s]
Extract:  24%|##3       | 137/578 [00:22<01:29,  4.91it/s]
Extract:  24%|##3       | 138/578 [00:22<01:42,  4.29it/s]
Extract:  24%|##4       | 139/578 [00:23<01:40,  4.38it/s]
Extract:  24%|##4       | 141/578 [00:23<01:09,  6.30it/s]
Extract:  25%|##5       | 146/578 [00:23<00:53,  8.06it/s]
Extract:  25%|##5       | 147/578 [00:23<00:52,  8.27it/s]
Extract:  26%|##5       | 149/578 [00:24<01:03,  6.74it/s]
Extract:  26%|##5       | 150/578 [00:24<01:00,  7.03it/s]
Extract:  26%|##6       | 153/578 [00:24<01:09,  6.08it/s]
Extract:  27%|##6       | 154/578 [00:25<01:05,  6.50it/s]
Extract:  27%|##6       | 155/578 [00:25<01:18,  5.42it/s]
Extract:  27%|##7       | 158/578 [00:25<00:51,  8.08it/s]
Extract:  28%|##7       | 160/578 [00:25<00:57,  7.33it/s]
Extract:  28%|##8       | 162/578 [00:25<00:46,  8.87it/s]
Extract:  28%|##8       | 164/578 [00:26<01:02,  6.61it/s]
Extract:  29%|##8       | 166/578 [00:26<00:53,  7.64it/s]
Extract:  29%|##9       | 168/578 [00:27<01:03,  6.50it/s]
Extract:  29%|##9       | 170/578 [00:27<00:58,  6.96it/s]
Extract:  30%|##9       | 172/578 [00:27<00:54,  7.45it/s]
Extract:  30%|##9       | 173/578 [00:28<01:25,  4.75it/s]
Extract:  30%|###       | 174/578 [00:28<01:18,  5.12it/s]
Extract:  30%|###       | 176/578 [00:28<01:02,  6.48it/s]
Extract:  31%|###       | 177/578 [00:28<01:20,  4.97it/s]
Extract:  31%|###       | 178/578 [00:28<01:11,  5.61it/s]
Extract:  31%|###       | 179/578 [00:28<01:08,  5.81it/s]
Extract:  31%|###1      | 180/578 [00:29<01:27,  4.53it/s]
Extract:  31%|###1      | 181/578 [00:29<01:42,  3.88it/s]
Extract:  31%|###1      | 182/578 [00:29<01:27,  4.51it/s]
Extract:  32%|###1      | 184/578 [00:30<01:04,  6.11it/s]
Extract:  32%|###2      | 185/578 [00:30<01:25,  4.62it/s]
Extract:  32%|###2      | 186/578 [00:30<01:27,  4.48it/s]
Extract:  33%|###2      | 188/578 [00:30<01:03,  6.18it/s]
Extract:  33%|###2      | 189/578 [00:31<01:21,  4.75it/s]
Extract:  33%|###3      | 191/578 [00:31<01:23,  4.65it/s]
Extract:  33%|###3      | 193/578 [00:31<01:00,  6.31it/s]
Extract:  34%|###3      | 195/578 [00:31<00:47,  8.07it/s]
Extract:  34%|###4      | 197/578 [00:32<01:01,  6.16it/s]
Extract:  34%|###4      | 198/578 [00:32<00:59,  6.34it/s]
Extract:  35%|###4      | 201/578 [00:32<00:53,  7.11it/s]
Extract:  35%|###4      | 202/578 [00:32<00:51,  7.33it/s]
Extract:  35%|###5      | 203/578 [00:33<01:23,  4.52it/s]
Extract:  36%|###5      | 206/578 [00:33<00:58,  6.41it/s]
Extract:  36%|###5      | 207/578 [00:33<00:59,  6.23it/s]
Extract:  36%|###6      | 209/578 [00:34<00:48,  7.61it/s]
Extract:  37%|###6      | 212/578 [00:34<00:46,  7.84it/s]
Extract:  37%|###6      | 213/578 [00:34<00:45,  7.96it/s]
Extract:  37%|###7      | 215/578 [00:34<00:49,  7.37it/s]
Extract:  38%|###7      | 217/578 [00:34<00:40,  8.82it/s]
Extract:  38%|###8      | 220/578 [00:35<00:30, 11.88it/s]
Extract:  39%|###8      | 223/578 [00:35<00:26, 13.59it/s]
Extract:  39%|###8      | 225/578 [00:35<00:35, 10.02it/s]
Extract:  39%|###9      | 227/578 [00:35<00:42,  8.33it/s]
Extract:  40%|###9      | 229/578 [00:36<00:40,  8.59it/s]
Extract:  40%|###9      | 231/578 [00:36<01:00,  5.78it/s]
Extract:  40%|####      | 233/578 [00:36<00:50,  6.78it/s]
Extract:  41%|####      | 235/578 [00:37<00:44,  7.63it/s]
Extract:  41%|####      | 236/578 [00:37<00:58,  5.89it/s]
Extract:  41%|####1     | 237/578 [00:37<01:09,  4.92it/s]
Extract:  41%|####1     | 239/578 [00:38<00:52,  6.44it/s]
Extract:  42%|####1     | 240/578 [00:38<00:52,  6.48it/s]
Extract:  42%|####2     | 243/578 [00:38<00:33,  9.96it/s]
Extract:  42%|####2     | 245/578 [00:38<00:41,  8.06it/s]
Extract:  43%|####2     | 247/578 [00:38<00:39,  8.35it/s]
Extract:  43%|####3     | 249/578 [00:39<00:46,  7.12it/s]
Extract:  43%|####3     | 250/578 [00:39<00:47,  6.93it/s]
Extract:  43%|####3     | 251/578 [00:39<00:47,  6.95it/s]
Extract:  44%|####3     | 253/578 [00:39<00:36,  9.01it/s]
Extract:  44%|####4     | 255/578 [00:40<00:47,  6.73it/s]
Extract:  44%|####4     | 256/578 [00:40<01:02,  5.15it/s]
Extract:  45%|####4     | 258/578 [00:40<00:47,  6.72it/s]
Extract:  45%|####4     | 259/578 [00:40<00:44,  7.20it/s]
Extract:  45%|####5     | 261/578 [00:40<00:38,  8.28it/s]
Extract:  46%|####5     | 263/578 [00:41<00:55,  5.64it/s]
Extract:  46%|####5     | 265/578 [00:41<00:52,  5.97it/s]
Extract:  46%|####6     | 266/578 [00:41<00:52,  5.98it/s]
Extract:  46%|####6     | 267/578 [00:42<01:00,  5.12it/s]
Extract:  46%|####6     | 268/578 [00:42<00:56,  5.53it/s]
Extract:  47%|####6     | 269/578 [00:42<01:02,  4.94it/s]
Extract:  47%|####7     | 273/578 [00:43<00:57,  5.32it/s]
Extract:  47%|####7     | 274/578 [00:43<01:10,  4.29it/s]
Extract:  48%|####7     | 275/578 [00:44<01:11,  4.22it/s]
Extract:  48%|####7     | 276/578 [00:44<01:04,  4.67it/s]
Extract:  48%|####8     | 278/578 [00:44<00:45,  6.64it/s]
Extract:  48%|####8     | 280/578 [00:44<00:47,  6.23it/s]
Extract:  49%|####8     | 282/578 [00:44<00:38,  7.69it/s]
Extract:  49%|####9     | 284/578 [00:44<00:34,  8.46it/s]
Extract:  49%|####9     | 286/578 [00:45<00:38,  7.53it/s]
Extract:  50%|####9     | 288/578 [00:45<00:34,  8.52it/s]
Extract:  50%|#####     | 289/578 [00:45<00:34,  8.33it/s]
Extract:  50%|#####     | 290/578 [00:45<00:51,  5.63it/s]
Extract:  51%|#####     | 293/578 [00:46<00:32,  8.90it/s]
Extract:  51%|#####1    | 295/578 [00:46<00:40,  6.92it/s]
Extract:  51%|#####1    | 297/578 [00:47<00:59,  4.71it/s]
Extract:  52%|#####1    | 300/578 [00:47<00:42,  6.57it/s]
Extract:  52%|#####2    | 302/578 [00:47<00:38,  7.08it/s]
Extract:  53%|#####2    | 304/578 [00:48<00:44,  6.21it/s]
Extract:  53%|#####2    | 305/578 [00:48<00:42,  6.48it/s]
Extract:  53%|#####3    | 307/578 [00:48<00:41,  6.46it/s]
Extract:  53%|#####3    | 308/578 [00:48<00:45,  5.89it/s]
Extract:  53%|#####3    | 309/578 [00:49<00:55,  4.88it/s]
Extract:  54%|#####3    | 310/578 [00:49<00:52,  5.08it/s]
Extract:  54%|#####3    | 311/578 [00:49<01:08,  3.91it/s]
Extract:  54%|#####3    | 312/578 [00:50<01:28,  2.99it/s]
Extract:  54%|#####4    | 313/578 [00:50<01:12,  3.64it/s]
Extract:  54%|#####4    | 314/578 [00:50<01:07,  3.94it/s]
Extract:  55%|#####4    | 316/578 [00:50<00:51,  5.09it/s]
Extract:  55%|#####5    | 318/578 [00:51<00:50,  5.19it/s]
Extract:  55%|#####5    | 319/578 [00:51<00:49,  5.23it/s]
Extract:  55%|#####5    | 320/578 [00:51<00:55,  4.67it/s]
Extract:  56%|#####5    | 322/578 [00:51<00:46,  5.47it/s]
Extract:  56%|#####5    | 323/578 [00:52<00:46,  5.51it/s]
Extract:  56%|#####6    | 325/578 [00:52<00:34,  7.42it/s]
Extract:  56%|#####6    | 326/578 [00:52<00:34,  7.32it/s]
Extract:  57%|#####6    | 328/578 [00:52<00:30,  8.19it/s]
Extract:  57%|#####7    | 330/578 [00:52<00:25,  9.75it/s]
Extract:  57%|#####7    | 332/578 [00:53<00:30,  8.07it/s]
Extract:  58%|#####7    | 335/578 [00:53<00:23, 10.24it/s]
Extract:  58%|#####8    | 337/578 [00:53<00:22, 10.90it/s]
Extract:  59%|#####8    | 339/578 [00:53<00:20, 11.38it/s]
Extract:  59%|#####8    | 341/578 [00:53<00:20, 11.48it/s]
Extract:  59%|#####9    | 343/578 [00:53<00:22, 10.60it/s]
Extract:  60%|#####9    | 345/578 [00:54<00:37,  6.20it/s]
Extract:  60%|######    | 347/578 [00:54<00:29,  7.73it/s]
Extract:  60%|######    | 349/578 [00:55<00:33,  6.90it/s]
Extract:  61%|######    | 350/578 [00:55<00:31,  7.20it/s]
Extract:  61%|######    | 351/578 [00:55<00:45,  4.97it/s]
Extract:  61%|######1   | 353/578 [00:55<00:37,  5.98it/s]
Extract:  62%|######1   | 356/578 [00:56<00:32,  6.78it/s]
Extract:  62%|######1   | 357/578 [00:56<00:33,  6.58it/s]
Extract:  62%|######2   | 359/578 [00:56<00:27,  7.83it/s]
Extract:  62%|######2   | 360/578 [00:56<00:28,  7.69it/s]
Extract:  63%|######2   | 362/578 [00:57<00:34,  6.35it/s]
Extract:  63%|######2   | 364/578 [00:57<00:27,  7.75it/s]
Extract:  63%|######3   | 366/578 [00:57<00:27,  7.69it/s]
Extract:  63%|######3   | 367/578 [00:57<00:38,  5.44it/s]
Extract:  64%|######3   | 368/578 [00:58<00:37,  5.66it/s]
Extract:  64%|######3   | 369/578 [00:58<01:00,  3.46it/s]
Extract:  65%|######4   | 373/578 [00:59<00:35,  5.86it/s]
Extract:  65%|######4   | 374/578 [00:59<00:33,  6.12it/s]
Extract:  65%|######5   | 376/578 [00:59<00:28,  7.02it/s]
Extract:  65%|######5   | 377/578 [00:59<00:30,  6.53it/s]
Extract:  65%|######5   | 378/578 [00:59<00:28,  7.04it/s]
Extract:  66%|######5   | 379/578 [00:59<00:26,  7.53it/s]
Extract:  66%|######5   | 380/578 [00:59<00:31,  6.38it/s]
Extract:  66%|######5   | 381/578 [01:00<00:28,  6.83it/s]
Extract:  66%|######6   | 382/578 [01:00<00:36,  5.32it/s]
Extract:  66%|######6   | 384/578 [01:00<00:32,  5.97it/s]
Extract:  67%|######6   | 386/578 [01:00<00:24,  7.78it/s]
Extract:  67%|######6   | 387/578 [01:00<00:26,  7.09it/s]
Extract:  67%|######7   | 390/578 [01:01<00:18, 10.35it/s]
Extract:  68%|######7   | 392/578 [01:01<00:17, 10.80it/s]
Extract:  68%|######8   | 394/578 [01:01<00:21,  8.48it/s]
Extract:  68%|######8   | 395/578 [01:01<00:23,  7.91it/s]
Extract:  69%|######8   | 397/578 [01:02<00:22,  8.21it/s]
Extract:  69%|######9   | 399/578 [01:02<00:19,  9.29it/s]
Extract:  70%|######9   | 402/578 [01:02<00:15, 11.51it/s]
Extract:  70%|######9   | 404/578 [01:02<00:13, 12.87it/s]
Extract:  70%|#######   | 406/578 [01:02<00:14, 12.19it/s]
Extract:  71%|#######   | 408/578 [01:03<00:31,  5.45it/s]
Extract:  71%|#######   | 410/578 [01:03<00:25,  6.48it/s]
Extract:  71%|#######1  | 412/578 [01:03<00:20,  7.94it/s]
Extract:  72%|#######1  | 414/578 [01:04<00:21,  7.62it/s]
Extract:  72%|#######1  | 416/578 [01:04<00:22,  7.09it/s]
Extract:  72%|#######2  | 418/578 [01:04<00:23,  6.87it/s]
Extract:  72%|#######2  | 419/578 [01:04<00:25,  6.31it/s]
Extract:  73%|#######2  | 421/578 [01:05<00:27,  5.63it/s]
Extract:  73%|#######3  | 424/578 [01:05<00:20,  7.41it/s]
Extract:  74%|#######3  | 425/578 [01:05<00:23,  6.64it/s]
Extract:  74%|#######3  | 426/578 [01:05<00:22,  6.77it/s]
Extract:  74%|#######3  | 427/578 [01:06<00:30,  4.94it/s]
Extract:  74%|#######4  | 428/578 [01:06<00:36,  4.12it/s]
Extract:  74%|#######4  | 429/578 [01:07<00:40,  3.67it/s]
Extract:  75%|#######4  | 431/578 [01:07<00:28,  5.08it/s]
Extract:  75%|#######4  | 432/578 [01:07<00:26,  5.44it/s]
Extract:  75%|#######5  | 434/578 [01:07<00:28,  5.12it/s]
Extract:  75%|#######5  | 435/578 [01:08<00:25,  5.52it/s]
Extract:  76%|#######5  | 437/578 [01:08<00:19,  7.25it/s]
Extract:  76%|#######5  | 438/578 [01:08<00:18,  7.57it/s]
Extract:  76%|#######5  | 439/578 [01:08<00:19,  7.12it/s]
Extract:  76%|#######6  | 441/578 [01:09<00:30,  4.52it/s]
Extract:  77%|#######6  | 443/578 [01:09<00:22,  5.95it/s]
Extract:  77%|#######6  | 445/578 [01:09<00:27,  4.83it/s]
Extract:  77%|#######7  | 447/578 [01:09<00:20,  6.43it/s]
Extract:  78%|#######7  | 450/578 [01:10<00:18,  6.77it/s]
Extract:  78%|#######8  | 451/578 [01:10<00:25,  4.89it/s]
Extract:  78%|#######8  | 452/578 [01:10<00:23,  5.37it/s]
Extract:  79%|#######8  | 454/578 [01:11<00:18,  6.85it/s]
Extract:  79%|#######8  | 456/578 [01:11<00:14,  8.70it/s]
Extract:  79%|#######9  | 458/578 [01:11<00:14,  8.54it/s]
Extract:  80%|#######9  | 460/578 [01:11<00:11, 10.02it/s]
Extract:  80%|#######9  | 462/578 [01:11<00:10, 10.60it/s]
Extract:  80%|########  | 464/578 [01:11<00:11, 10.03it/s]
Extract:  81%|########  | 466/578 [01:12<00:11,  9.85it/s]
Extract:  81%|########  | 468/578 [01:12<00:16,  6.48it/s]
Extract:  81%|########1 | 470/578 [01:12<00:16,  6.57it/s]
Extract:  81%|########1 | 471/578 [01:13<00:17,  6.13it/s]
Extract:  82%|########1 | 472/578 [01:13<00:18,  5.86it/s]
Extract:  82%|########2 | 474/578 [01:13<00:15,  6.77it/s]
Extract:  82%|########2 | 476/578 [01:14<00:22,  4.46it/s]
Extract:  83%|########2 | 477/578 [01:14<00:20,  4.99it/s]
Extract:  83%|########2 | 479/578 [01:14<00:16,  6.12it/s]
Extract:  83%|########3 | 481/578 [01:14<00:13,  7.36it/s]
Extract:  84%|########3 | 483/578 [01:14<00:10,  8.94it/s]
Extract:  84%|########3 | 485/578 [01:15<00:09,  9.62it/s]
Extract:  84%|########4 | 487/578 [01:15<00:10,  8.77it/s]
Extract:  85%|########4 | 489/578 [01:15<00:15,  5.92it/s]
Extract:  85%|########4 | 490/578 [01:16<00:14,  6.11it/s]
Extract:  85%|########4 | 491/578 [01:16<00:15,  5.72it/s]
Extract:  85%|########5 | 492/578 [01:16<00:16,  5.23it/s]
Extract:  85%|########5 | 493/578 [01:16<00:14,  5.77it/s]
Extract:  85%|########5 | 494/578 [01:16<00:14,  5.90it/s]
Extract:  86%|########5 | 497/578 [01:17<00:08,  9.30it/s]
Extract:  86%|########6 | 499/578 [01:17<00:12,  6.48it/s]
Extract:  87%|########6 | 501/578 [01:17<00:09,  8.14it/s]
Extract:  87%|########7 | 504/578 [01:17<00:08,  8.82it/s]
Extract:  88%|########7 | 506/578 [01:18<00:09,  7.38it/s]
Extract:  88%|########7 | 508/578 [01:18<00:09,  7.57it/s]
Extract:  88%|########8 | 510/578 [01:18<00:08,  7.84it/s]
Extract:  89%|########8 | 512/578 [01:19<00:08,  8.12it/s]
Extract:  89%|########9 | 515/578 [01:19<00:07,  8.33it/s]
Extract:  89%|########9 | 516/578 [01:20<00:15,  4.08it/s]
Extract:  89%|########9 | 517/578 [01:20<00:14,  4.30it/s]
Extract:  90%|########9 | 519/578 [01:20<00:11,  5.31it/s]
Extract:  90%|########9 | 520/578 [01:20<00:10,  5.73it/s]
Extract:  90%|######### | 522/578 [01:20<00:07,  7.39it/s]
Extract:  90%|######### | 523/578 [01:21<00:07,  7.23it/s]
Extract:  91%|######### | 524/578 [01:21<00:07,  7.71it/s]
Extract:  91%|#########1| 526/578 [01:21<00:10,  5.18it/s]
Extract:  91%|#########1| 528/578 [01:21<00:07,  6.51it/s]
Extract:  92%|#########1| 530/578 [01:22<00:07,  6.70it/s]
Extract:  92%|#########2| 532/578 [01:22<00:05,  8.17it/s]
Extract:  92%|#########2| 534/578 [01:22<00:05,  7.69it/s]
Extract:  93%|#########2| 537/578 [01:22<00:04,  8.60it/s]
Extract:  93%|#########3| 538/578 [01:23<00:05,  7.60it/s]
Extract:  93%|#########3| 540/578 [01:23<00:05,  7.32it/s]
Extract:  94%|#########3| 541/578 [01:23<00:05,  6.95it/s]
Extract:  94%|#########3| 543/578 [01:23<00:04,  7.06it/s]
Extract:  94%|#########4| 546/578 [01:24<00:04,  7.12it/s]
Extract:  95%|#########4| 547/578 [01:24<00:05,  5.32it/s]
Extract:  95%|#########5| 550/578 [01:24<00:03,  7.97it/s]
Extract:  96%|#########5| 553/578 [01:25<00:03,  6.76it/s]
Extract:  96%|#########5| 554/578 [01:25<00:04,  5.52it/s]
Extract:  96%|#########6| 555/578 [01:26<00:07,  3.22it/s]
Extract:  96%|#########6| 556/578 [01:26<00:06,  3.29it/s]
Extract:  96%|#########6| 557/578 [01:27<00:06,  3.47it/s]
Extract:  97%|#########6| 559/578 [01:27<00:03,  5.07it/s]
Extract:  97%|#########6| 560/578 [01:27<00:04,  4.01it/s]
Extract:  97%|#########7| 561/578 [01:27<00:04,  4.05it/s]
Extract:  98%|#########7| 564/578 [01:28<00:03,  4.05it/s]
Extract:  98%|#########7| 565/578 [01:29<00:03,  3.59it/s]
Extract:  98%|#########7| 566/578 [01:29<00:02,  4.13it/s]
Extract:  98%|#########8| 567/578 [01:29<00:02,  4.56it/s]
Extract:  98%|#########8| 568/578 [01:29<00:02,  4.00it/s]
Extract:  99%|#########8| 570/578 [01:29<00:01,  5.90it/s]
Extract:  99%|#########8| 572/578 [01:29<00:00,  7.29it/s]
Extract:  99%|#########9| 575/578 [01:30<00:00,  8.93it/s]
Extract: 100%|#########9| 577/578 [01:30<00:00,  6.86it/s]
Extract: 100%|##########| 578/578 [01:30<00:00,  6.37it/s]

Extract:   0%|          | 0/578 [00:00<?, ?it/s]
Extract:   0%|          | 2/578 [00:00<00:41, 13.87it/s]
Extract:   1%|          | 4/578 [00:00<01:02,  9.14it/s]
Extract:   1%|1         | 6/578 [00:00<01:00,  9.52it/s]
Extract:   1%|1         | 8/578 [00:01<01:37,  5.82it/s]
Extract:   2%|1         | 9/578 [00:01<01:41,  5.62it/s]
Extract:   2%|1         | 10/578 [00:01<01:37,  5.85it/s]
Extract:   2%|1         | 11/578 [00:01<01:39,  5.69it/s]
Extract:   2%|2         | 12/578 [00:01<01:53,  5.00it/s]
Extract:   2%|2         | 13/578 [00:02<01:46,  5.30it/s]
Extract:   2%|2         | 14/578 [00:02<02:06,  4.45it/s]
Extract:   3%|2         | 15/578 [00:02<02:33,  3.68it/s]
Extract:   3%|2         | 16/578 [00:02<02:07,  4.40it/s]
Extract:   3%|3         | 19/578 [00:03<01:08,  8.11it/s]
Extract:   4%|3         | 21/578 [00:03<01:49,  5.09it/s]
Extract:   4%|3         | 22/578 [00:03<01:41,  5.46it/s]
Extract:   4%|3         | 23/578 [00:04<01:49,  5.05it/s]
Extract:   4%|4         | 24/578 [00:04<01:37,  5.69it/s]
Extract:   4%|4         | 26/578 [00:04<01:10,  7.86it/s]
Extract:   5%|4         | 28/578 [00:04<01:33,  5.89it/s]
Extract:   5%|5         | 29/578 [00:04<01:26,  6.36it/s]
Extract:   5%|5         | 30/578 [00:05<01:26,  6.36it/s]
Extract:   5%|5         | 31/578 [00:05<01:22,  6.66it/s]
Extract:   6%|5         | 32/578 [00:05<01:19,  6.86it/s]
Extract:   6%|5         | 34/578 [00:05<01:02,  8.67it/s]
Extract:   6%|6         | 36/578 [00:05<00:57,  9.38it/s]
Extract:   6%|6         | 37/578 [00:05<01:02,  8.63it/s]
Extract:   7%|6         | 39/578 [00:05<00:55,  9.71it/s]
Extract:   7%|6         | 40/578 [00:06<00:57,  9.43it/s]
Extract:   7%|7         | 41/578 [00:06<00:58,  9.20it/s]
Extract:   7%|7         | 42/578 [00:06<01:32,  5.79it/s]
Extract:   7%|7         | 43/578 [00:06<01:53,  4.72it/s]
Extract:   8%|7         | 46/578 [00:07<01:04,  8.21it/s]
Extract:   8%|8         | 48/578 [00:07<00:57,  9.18it/s]
Extract:   9%|8         | 50/578 [00:07<01:23,  6.32it/s]
Extract:   9%|8         | 51/578 [00:08<01:48,  4.86it/s]
Extract:   9%|8         | 52/578 [00:08<02:02,  4.29it/s]
Extract:   9%|9         | 54/578 [00:08<01:36,  5.41it/s]
Extract:  10%|9         | 55/578 [00:08<01:38,  5.32it/s]
Extract:  10%|9         | 57/578 [00:09<01:12,  7.21it/s]
Extract:  10%|#         | 58/578 [00:09<01:19,  6.58it/s]
Extract:  10%|#         | 59/578 [00:09<01:20,  6.44it/s]
Extract:  10%|#         | 60/578 [00:09<01:33,  5.56it/s]
Extract:  11%|#         | 61/578 [00:09<01:46,  4.88it/s]
Extract:  11%|#1        | 64/578 [00:10<01:19,  6.44it/s]
Extract:  11%|#1        | 65/578 [00:10<01:40,  5.12it/s]
Extract:  12%|#1        | 67/578 [00:11<01:53,  4.49it/s]
Extract:  12%|#1        | 69/578 [00:11<01:33,  5.43it/s]
Extract:  12%|#2        | 71/578 [00:11<01:14,  6.84it/s]
Extract:  13%|#2        | 73/578 [00:11<01:22,  6.09it/s]
Extract:  13%|#2        | 75/578 [00:12<01:05,  7.63it/s]
Extract:  13%|#3        | 77/578 [00:12<01:20,  6.26it/s]
Extract:  14%|#3        | 79/578 [00:12<01:04,  7.78it/s]
Extract:  14%|#4        | 81/578 [00:12<00:59,  8.39it/s]
Extract:  14%|#4        | 83/578 [00:12<00:55,  8.99it/s]
Extract:  15%|#4        | 85/578 [00:13<01:07,  7.32it/s]
Extract:  15%|#5        | 87/578 [00:13<00:57,  8.49it/s]
Extract:  15%|#5        | 89/578 [00:13<01:08,  7.13it/s]
Extract:  16%|#5        | 90/578 [00:14<01:11,  6.81it/s]
Extract:  16%|#5        | 91/578 [00:14<01:36,  5.03it/s]
Extract:  16%|#5        | 92/578 [00:14<01:59,  4.05it/s]
Extract:  16%|#6        | 94/578 [00:15<01:33,  5.18it/s]
Extract:  17%|#6        | 96/578 [00:15<01:29,  5.39it/s]
Extract:  17%|#6        | 98/578 [00:15<01:19,  6.01it/s]
Extract:  17%|#7        | 100/578 [00:15<01:13,  6.47it/s]
Extract:  18%|#7        | 102/578 [00:16<00:58,  8.12it/s]
Extract:  18%|#7        | 104/578 [00:16<00:55,  8.49it/s]
Extract:  18%|#8        | 106/578 [00:16<01:02,  7.60it/s]
Extract:  19%|#8        | 107/578 [00:17<01:28,  5.34it/s]
Extract:  19%|#8        | 108/578 [00:17<01:23,  5.61it/s]
Extract:  19%|#9        | 110/578 [00:17<01:07,  6.94it/s]
Extract:  19%|#9        | 111/578 [00:17<01:05,  7.10it/s]
Extract:  20%|#9        | 113/578 [00:17<00:51,  9.05it/s]
Extract:  20%|#9        | 115/578 [00:17<00:47,  9.69it/s]
Extract:  20%|##        | 117/578 [00:18<01:15,  6.14it/s]
Extract:  21%|##        | 120/578 [00:18<01:04,  7.06it/s]
Extract:  21%|##        | 121/578 [00:19<01:23,  5.47it/s]
Extract:  21%|##1       | 124/578 [00:19<00:58,  7.79it/s]
Extract:  22%|##1       | 126/578 [00:19<01:04,  6.96it/s]
Extract:  22%|##2       | 128/578 [00:19<01:03,  7.12it/s]
Extract:  22%|##2       | 130/578 [00:20<01:08,  6.58it/s]
Extract:  23%|##2       | 131/578 [00:20<01:18,  5.69it/s]
Extract:  23%|##2       | 132/578 [00:20<01:11,  6.20it/s]
Extract:  23%|##3       | 133/578 [00:20<01:17,  5.71it/s]
Extract:  23%|##3       | 135/578 [00:21<01:03,  6.96it/s]
Extract:  24%|##3       | 136/578 [00:21<01:05,  6.74it/s]
Extract:  24%|##3       | 137/578 [00:21<01:19,  5.55it/s]
Extract:  24%|##3       | 138/578 [00:21<01:48,  4.07it/s]
Extract:  24%|##4       | 139/578 [00:22<01:53,  3.88it/s]
Extract:  24%|##4       | 141/578 [00:22<01:15,  5.82it/s]
Extract:  25%|##4       | 143/578 [00:22<00:54,  7.94it/s]
Extract:  25%|##5       | 146/578 [00:22<00:53,  8.07it/s]
Extract:  26%|##5       | 148/578 [00:23<00:54,  7.96it/s]
Extract:  26%|##5       | 149/578 [00:23<01:18,  5.44it/s]
Extract:  26%|##5       | 150/578 [00:23<01:13,  5.84it/s]
Extract:  26%|##6       | 152/578 [00:23<01:00,  7.09it/s]
Extract:  26%|##6       | 153/578 [00:24<01:16,  5.54it/s]
Extract:  27%|##6       | 155/578 [00:24<01:15,  5.61it/s]
Extract:  27%|##7       | 158/578 [00:24<00:49,  8.42it/s]
Extract:  28%|##7       | 160/578 [00:24<00:48,  8.64it/s]
Extract:  28%|##8       | 163/578 [00:25<00:53,  7.79it/s]
Extract:  29%|##8       | 165/578 [00:25<00:48,  8.58it/s]
Extract:  29%|##8       | 167/578 [00:26<01:08,  6.01it/s]
Extract:  29%|##9       | 169/578 [00:26<00:57,  7.06it/s]
Extract:  29%|##9       | 170/578 [00:26<00:55,  7.29it/s]
Extract:  30%|##9       | 172/578 [00:26<00:50,  8.05it/s]
Extract:  30%|##9       | 173/578 [00:26<01:04,  6.31it/s]
Extract:  30%|###       | 174/578 [00:26<01:00,  6.72it/s]
Extract:  30%|###       | 176/578 [00:27<00:48,  8.24it/s]
Extract:  31%|###       | 177/578 [00:27<01:09,  5.78it/s]
Extract:  31%|###       | 179/578 [00:27<00:57,  6.96it/s]
Extract:  31%|###1      | 180/578 [00:27<01:08,  5.83it/s]
Extract:  31%|###1      | 181/578 [00:28<01:38,  4.01it/s]
Extract:  31%|###1      | 182/578 [00:28<01:27,  4.54it/s]
Extract:  32%|###1      | 184/578 [00:28<01:07,  5.82it/s]
Extract:  32%|###2      | 185/578 [00:29<01:17,  5.04it/s]
Extract:  32%|###2      | 186/578 [00:29<01:09,  5.64it/s]
Extract:  33%|###2      | 188/578 [00:29<00:53,  7.35it/s]
Extract:  33%|###2      | 189/578 [00:29<01:13,  5.27it/s]
Extract:  33%|###3      | 191/578 [00:30<01:24,  4.59it/s]
Extract:  33%|###3      | 192/578 [00:30<01:14,  5.21it/s]
Extract:  34%|###3      | 195/578 [00:30<00:48,  7.88it/s]
Extract:  34%|###4      | 197/578 [00:30<00:54,  7.05it/s]
Extract:  34%|###4      | 198/578 [00:30<00:52,  7.18it/s]
Extract:  35%|###4      | 201/578 [00:31<00:52,  7.22it/s]
Extract:  35%|###4      | 202/578 [00:31<00:55,  6.81it/s]
Extract:  35%|###5      | 203/578 [00:31<01:10,  5.32it/s]
Extract:  36%|###5      | 206/578 [00:32<00:45,  8.12it/s]
Extract:  36%|###5      | 208/578 [00:32<01:00,  6.17it/s]
Extract:  36%|###6      | 209/578 [00:32<00:57,  6.43it/s]
Extract:  36%|###6      | 210/578 [00:32<00:55,  6.67it/s]
Extract:  37%|###6      | 212/578 [00:33<00:57,  6.41it/s]
Extract:  37%|###7      | 214/578 [00:33<00:44,  8.27it/s]
Extract:  37%|###7      | 216/578 [00:33<00:49,  7.34it/s]
Extract:  38%|###7      | 217/578 [00:33<00:48,  7.47it/s]
Extract:  38%|###8      | 220/578 [00:33<00:33, 10.56it/s]
Extract:  39%|###8      | 223/578 [00:34<00:28, 12.58it/s]
Extract:  39%|###8      | 225/578 [00:34<00:38,  9.08it/s]
Extract:  39%|###9      | 227/578 [00:34<00:38,  9.10it/s]
Extract:  40%|###9      | 229/578 [00:34<00:36,  9.64it/s]
Extract:  40%|###9      | 231/578 [00:35<00:56,  6.11it/s]
Extract:  40%|####      | 232/578 [00:35<00:52,  6.55it/s]
Extract:  40%|####      | 234/578 [00:35<00:46,  7.45it/s]
Extract:  41%|####      | 235/578 [00:35<00:43,  7.83it/s]
Extract:  41%|####      | 236/578 [00:36<00:58,  5.83it/s]
Extract:  41%|####1     | 237/578 [00:36<01:16,  4.43it/s]
Extract:  41%|####1     | 239/578 [00:36<00:54,  6.24it/s]
Extract:  42%|####1     | 241/578 [00:36<00:40,  8.29it/s]
Extract:  42%|####2     | 243/578 [00:36<00:37,  9.00it/s]
Extract:  42%|####2     | 245/578 [00:37<00:48,  6.87it/s]
Extract:  43%|####2     | 247/578 [00:37<00:45,  7.33it/s]
Extract:  43%|####2     | 248/578 [00:37<00:49,  6.69it/s]
Extract:  43%|####3     | 249/578 [00:37<00:45,  7.18it/s]
Extract:  43%|####3     | 251/578 [00:38<00:37,  8.62it/s]
Extract:  44%|####3     | 253/578 [00:38<00:33,  9.66it/s]
Extract:  44%|####4     | 255/578 [00:38<00:46,  7.02it/s]
Extract:  44%|####4     | 256/578 [00:38<00:56,  5.71it/s]
Extract:  45%|####4     | 258/578 [00:39<00:43,  7.32it/s]
Extract:  45%|####4     | 260/578 [00:39<00:35,  9.07it/s]
Extract:  45%|####5     | 262/578 [00:39<00:39,  8.05it/s]
Extract:  46%|####5     | 264/578 [00:39<00:45,  6.98it/s]
Extract:  46%|####5     | 265/578 [00:40<00:48,  6.46it/s]
Extract:  46%|####6     | 266/578 [00:40<00:49,  6.36it/s]
Extract:  46%|####6     | 267/578 [00:40<00:58,  5.28it/s]
Extract:  47%|####6     | 269/578 [00:40<00:57,  5.39it/s]
Extract:  47%|####7     | 273/578 [00:41<00:58,  5.24it/s]
Extract:  47%|####7     | 274/578 [00:42<01:13,  4.15it/s]
Extract:  48%|####7     | 275/578 [00:42<01:16,  3.98it/s]
Extract:  48%|####7     | 276/578 [00:42<01:09,  4.34it/s]
Extract:  48%|####8     | 278/578 [00:42<00:49,  6.06it/s]
Extract:  48%|####8     | 280/578 [00:43<00:45,  6.60it/s]
Extract:  49%|####8     | 282/578 [00:43<00:37,  7.87it/s]
Extract:  49%|####8     | 283/578 [00:43<00:40,  7.30it/s]
Extract:  49%|####9     | 285/578 [00:43<00:37,  7.90it/s]
Extract:  49%|####9     | 286/578 [00:43<00:40,  7.24it/s]
Extract:  50%|####9     | 288/578 [00:43<00:34,  8.37it/s]
Extract:  50%|#####     | 289/578 [00:44<00:35,  8.08it/s]
Extract:  50%|#####     | 290/578 [00:44<01:04,  4.45it/s]
Extract:  51%|#####     | 293/578 [00:44<00:38,  7.40it/s]
Extract:  51%|#####1    | 295/578 [00:45<00:47,  6.01it/s]
Extract:  51%|#####1    | 296/578 [00:45<00:46,  6.03it/s]
Extract:  51%|#####1    | 297/578 [00:45<00:54,  5.13it/s]
Extract:  52%|#####1    | 299/578 [00:45<00:40,  6.95it/s]
Extract:  52%|#####2    | 301/578 [00:46<00:38,  7.12it/s]
Extract:  53%|#####2    | 304/578 [00:46<00:37,  7.35it/s]
Extract:  53%|#####2    | 305/578 [00:46<00:35,  7.66it/s]
Extract:  53%|#####3    | 307/578 [00:47<00:44,  6.07it/s]
Extract:  53%|#####3    | 308/578 [00:47<00:45,  5.99it/s]
Extract:  53%|#####3    | 309/578 [00:47<01:01,  4.38it/s]
Extract:  54%|#####3    | 310/578 [00:47<00:55,  4.79it/s]
Extract:  54%|#####3    | 311/578 [00:48<01:06,  3.99it/s]
Extract:  54%|#####3    | 312/578 [00:48<01:13,  3.60it/s]
Extract:  54%|#####4    | 314/578 [00:48<00:57,  4.56it/s]
Extract:  55%|#####4    | 316/578 [00:49<00:46,  5.58it/s]
Extract:  55%|#####5    | 318/578 [00:49<00:59,  4.37it/s]
Extract:  55%|#####5    | 319/578 [00:49<00:56,  4.57it/s]
Extract:  55%|#####5    | 320/578 [00:50<01:00,  4.26it/s]
Extract:  56%|#####5    | 322/578 [00:50<00:50,  5.02it/s]
Extract:  56%|#####6    | 324/578 [00:50<00:37,  6.72it/s]
Extract:  56%|#####6    | 325/578 [00:50<00:35,  7.17it/s]
Extract:  56%|#####6    | 326/578 [00:51<00:43,  5.73it/s]
Extract:  57%|#####6    | 327/578 [00:51<00:43,  5.72it/s]
Extract:  57%|#####6    | 328/578 [00:51<00:54,  4.63it/s]
Extract:  57%|#####7    | 330/578 [00:51<00:48,  5.09it/s]
Extract:  57%|#####7    | 331/578 [00:52<00:48,  5.11it/s]
Extract:  57%|#####7    | 332/578 [00:52<00:55,  4.46it/s]
Extract:  58%|#####7    | 335/578 [00:52<00:33,  7.21it/s]
Extract:  58%|#####8    | 337/578 [00:52<00:27,  8.62it/s]
Extract:  59%|#####8    | 339/578 [00:52<00:25,  9.49it/s]
Extract:  59%|#####8    | 341/578 [00:53<00:26,  8.98it/s]
Extract:  59%|#####9    | 342/578 [00:53<00:28,  8.24it/s]
Extract:  60%|#####9    | 344/578 [00:53<00:31,  7.46it/s]
Extract:  60%|#####9    | 346/578 [00:53<00:27,  8.50it/s]
Extract:  60%|######    | 348/578 [00:53<00:22, 10.18it/s]
Extract:  61%|######    | 350/578 [00:54<00:40,  5.58it/s]
Extract:  61%|######    | 351/578 [00:55<00:52,  4.31it/s]
Extract:  61%|######1   | 353/578 [00:55<00:41,  5.37it/s]
Extract:  61%|######1   | 355/578 [00:55<00:32,  6.81it/s]
Extract:  62%|######1   | 357/578 [00:55<00:37,  5.92it/s]
Extract:  62%|######2   | 359/578 [00:55<00:31,  6.85it/s]
Extract:  62%|######2   | 360/578 [00:56<00:30,  7.13it/s]
Extract:  63%|######2   | 362/578 [00:56<00:36,  5.95it/s]
Extract:  63%|######2   | 364/578 [00:56<00:29,  7.28it/s]
Extract:  63%|######3   | 365/578 [00:56<00:30,  7.00it/s]
Extract:  63%|######3   | 366/578 [00:57<00:32,  6.45it/s]
Extract:  63%|######3   | 367/578 [00:57<00:54,  3.85it/s]
Extract:  64%|######3   | 368/578 [00:57<00:48,  4.29it/s]
Extract:  64%|######3   | 369/578 [00:58<01:03,  3.30it/s]
Extract:  64%|######4   | 371/578 [00:58<00:40,  5.12it/s]
Extract:  65%|######4   | 373/578 [00:58<00:40,  5.05it/s]
Extract:  65%|######4   | 374/578 [00:58<00:38,  5.33it/s]
Extract:  65%|######5   | 376/578 [00:59<00:31,  6.36it/s]
Extract:  65%|######5   | 377/578 [00:59<00:31,  6.29it/s]
Extract:  66%|######5   | 379/578 [00:59<00:26,  7.63it/s]
Extract:  66%|######5   | 380/578 [00:59<00:27,  7.26it/s]
Extract:  66%|######5   | 381/578 [00:59<00:25,  7.74it/s]
Extract:  66%|######6   | 382/578 [01:00<00:31,  6.29it/s]
Extract:  66%|######6   | 384/578 [01:00<00:30,  6.45it/s]
Extract:  67%|######6   | 386/578 [01:00<00:22,  8.56it/s]
Extract:  67%|######7   | 388/578 [01:00<00:22,  8.57it/s]
Extract:  67%|######7   | 390/578 [01:01<00:25,  7.41it/s]
Extract:  68%|######7   | 392/578 [01:01<00:22,  8.17it/s]
Extract:  68%|######7   | 393/578 [01:01<00:23,  7.99it/s]
Extract:  68%|######8   | 394/578 [01:01<00:22,  8.01it/s]
Extract:  68%|######8   | 395/578 [01:01<00:23,  7.71it/s]
Extract:  69%|######8   | 397/578 [01:01<00:21,  8.34it/s]
Extract:  69%|######9   | 399/578 [01:02<00:19,  8.99it/s]
Extract:  69%|######9   | 401/578 [01:02<00:17, 10.17it/s]
Extract:  70%|######9   | 403/578 [01:02<00:15, 11.06it/s]
Extract:  70%|#######   | 405/578 [01:02<00:14, 11.91it/s]
Extract:  70%|#######   | 407/578 [01:02<00:21,  7.82it/s]
Extract:  71%|#######   | 408/578 [01:03<00:31,  5.44it/s]
Extract:  71%|#######   | 410/578 [01:03<00:24,  6.76it/s]
Extract:  71%|#######1  | 412/578 [01:03<00:19,  8.38it/s]
Extract:  72%|#######1  | 414/578 [01:03<00:22,  7.22it/s]
Extract:  72%|#######1  | 416/578 [01:04<00:19,  8.12it/s]
Extract:  72%|#######2  | 418/578 [01:04<00:17,  9.17it/s]
Extract:  73%|#######2  | 420/578 [01:04<00:15, 10.01it/s]
Extract:  73%|#######3  | 422/578 [01:04<00:17,  8.86it/s]
Extract:  74%|#######3  | 425/578 [01:05<00:15,  9.64it/s]
Extract:  74%|#######3  | 427/578 [01:05<00:22,  6.72it/s]
Extract:  74%|#######4  | 428/578 [01:05<00:24,  6.08it/s]
Extract:  74%|#######4  | 429/578 [01:06<00:25,  5.78it/s]
Extract:  75%|#######4  | 432/578 [01:06<00:17,  8.17it/s]
Extract:  75%|#######5  | 434/578 [01:06<00:17,  8.26it/s]
Extract:  76%|#######5  | 437/578 [01:06<00:12, 10.89it/s]
Extract:  76%|#######5  | 439/578 [01:06<00:12, 11.15it/s]
Extract:  76%|#######6  | 441/578 [01:06<00:13, 10.45it/s]
Extract:  77%|#######6  | 443/578 [01:07<00:11, 11.87it/s]
Extract:  77%|#######6  | 445/578 [01:07<00:12, 10.24it/s]
Extract:  78%|#######7  | 449/578 [01:07<00:09, 14.32it/s]
Extract:  78%|#######8  | 451/578 [01:08<00:20,  6.14it/s]
Extract:  78%|#######8  | 453/578 [01:08<00:16,  7.46it/s]
Extract:  79%|#######8  | 456/578 [01:08<00:12,  9.88it/s]
Extract:  79%|#######9  | 458/578 [01:08<00:11, 10.13it/s]
Extract:  80%|#######9  | 461/578 [01:08<00:09, 12.73it/s]
Extract:  80%|########  | 463/578 [01:09<00:09, 12.43it/s]
Extract:  81%|########  | 466/578 [01:09<00:07, 14.61it/s]
Extract:  81%|########  | 468/578 [01:09<00:10, 10.74it/s]
Extract:  81%|########1 | 470/578 [01:09<00:09, 11.73it/s]
Extract:  82%|########1 | 472/578 [01:09<00:10, 10.37it/s]
Extract:  82%|########2 | 474/578 [01:10<00:09, 11.24it/s]
Extract:  82%|########2 | 476/578 [01:10<00:13,  7.32it/s]
Extract:  83%|########2 | 478/578 [01:10<00:11,  8.77it/s]
Extract:  83%|########3 | 480/578 [01:10<00:09,  9.98it/s]
Extract:  84%|########3 | 483/578 [01:10<00:07, 13.03it/s]
Extract:  84%|########4 | 487/578 [01:11<00:05, 15.74it/s]
Extract:  85%|########4 | 489/578 [01:11<00:07, 11.89it/s]
Extract:  85%|########4 | 491/578 [01:11<00:07, 11.54it/s]
Extract:  85%|########5 | 493/578 [01:11<00:09,  9.42it/s]
Extract:  86%|########5 | 495/578 [01:12<00:07, 10.70it/s]
Extract:  86%|########6 | 498/578 [01:12<00:07, 11.08it/s]
Extract:  87%|########6 | 502/578 [01:12<00:04, 15.68it/s]
Extract:  87%|########7 | 505/578 [01:12<00:06, 11.80it/s]
Extract:  88%|########7 | 508/578 [01:12<00:05, 13.16it/s]
Extract:  88%|########8 | 510/578 [01:13<00:05, 13.46it/s]
Extract:  89%|########8 | 512/578 [01:13<00:06, 10.89it/s]
Extract:  89%|########9 | 515/578 [01:14<00:08,  7.53it/s]
Extract:  89%|########9 | 517/578 [01:14<00:10,  5.89it/s]
Extract:  90%|########9 | 519/578 [01:14<00:09,  6.49it/s]
Extract:  90%|######### | 521/578 [01:14<00:07,  7.83it/s]
Extract:  90%|######### | 523/578 [01:15<00:06,  8.81it/s]
Extract:  91%|######### | 525/578 [01:15<00:05,  9.64it/s]
Extract:  91%|#########1| 527/578 [01:15<00:06,  7.54it/s]
Extract:  92%|#########1| 529/578 [01:15<00:05,  8.59it/s]
Extract:  92%|#########1| 531/578 [01:16<00:05,  9.25it/s]
Extract:  92%|#########2| 533/578 [01:16<00:04,  9.46it/s]
Extract:  93%|#########2| 535/578 [01:16<00:05,  8.29it/s]
Extract:  93%|#########2| 537/578 [01:16<00:04,  8.88it/s]
Extract:  93%|#########3| 538/578 [01:16<00:04,  8.01it/s]
Extract:  93%|#########3| 540/578 [01:17<00:04,  7.74it/s]
Extract:  94%|#########3| 541/578 [01:17<00:05,  7.32it/s]
Extract:  94%|#########3| 543/578 [01:17<00:04,  8.65it/s]
Extract:  94%|#########4| 546/578 [01:18<00:05,  6.20it/s]
Extract:  95%|#########4| 547/578 [01:18<00:06,  4.86it/s]
Extract:  95%|#########5| 551/578 [01:18<00:03,  8.20it/s]
Extract:  96%|#########5| 553/578 [01:19<00:03,  7.34it/s]
Extract:  96%|#########6| 555/578 [01:20<00:05,  4.40it/s]
Extract:  96%|#########6| 556/578 [01:20<00:04,  4.44it/s]
Extract:  96%|#########6| 557/578 [01:20<00:04,  4.63it/s]
Extract:  97%|#########6| 560/578 [01:20<00:03,  5.29it/s]
Extract:  97%|#########7| 561/578 [01:21<00:03,  5.32it/s]
Extract:  98%|#########7| 564/578 [01:21<00:02,  6.08it/s]
Extract:  98%|#########7| 565/578 [01:21<00:02,  4.75it/s]
Extract:  98%|#########7| 566/578 [01:22<00:02,  5.03it/s]
Extract:  98%|#########8| 567/578 [01:22<00:02,  3.87it/s]
Extract:  98%|#########8| 568/578 [01:22<00:02,  3.44it/s]
Extract:  99%|#########8| 570/578 [01:23<00:01,  4.93it/s]
Extract:  99%|#########8| 572/578 [01:23<00:00,  6.79it/s]
Extract:  99%|#########9| 575/578 [01:23<00:00,  8.66it/s]
Extract: 100%|#########9| 577/578 [01:23<00:00,  7.51it/s]
Extract: 100%|##########| 578/578 [01:23<00:00,  6.90it/s]

Extract:   0%|          | 0/578 [00:00<?, ?it/s]
Extract:   0%|          | 2/578 [00:00<00:37, 15.52it/s]
Extract:   1%|          | 4/578 [00:00<01:03,  9.09it/s]
Extract:   1%|1         | 6/578 [00:00<01:05,  8.76it/s]
Extract:   1%|1         | 7/578 [00:00<01:20,  7.11it/s]
Extract:   1%|1         | 8/578 [00:01<01:30,  6.29it/s]
Extract:   2%|1         | 9/578 [00:01<01:39,  5.73it/s]
Extract:   2%|1         | 10/578 [00:01<01:36,  5.88it/s]
Extract:   2%|1         | 11/578 [00:01<01:36,  5.85it/s]
Extract:   2%|2         | 12/578 [00:02<02:23,  3.93it/s]
Extract:   2%|2         | 13/578 [00:02<02:04,  4.53it/s]
Extract:   2%|2         | 14/578 [00:02<02:14,  4.20it/s]
Extract:   3%|2         | 15/578 [00:02<02:28,  3.78it/s]
Extract:   3%|2         | 17/578 [00:02<01:37,  5.76it/s]
Extract:   3%|3         | 20/578 [00:03<01:05,  8.47it/s]
Extract:   4%|3         | 22/578 [00:03<01:45,  5.26it/s]
Extract:   4%|3         | 23/578 [00:04<01:46,  5.21it/s]
Extract:   4%|4         | 24/578 [00:04<01:37,  5.66it/s]
Extract:   5%|4         | 27/578 [00:04<01:38,  5.58it/s]
Extract:   5%|5         | 29/578 [00:04<01:22,  6.62it/s]
Extract:   5%|5         | 30/578 [00:05<01:22,  6.62it/s]
Extract:   5%|5         | 31/578 [00:05<01:25,  6.43it/s]
Extract:   6%|5         | 33/578 [00:05<01:04,  8.51it/s]
Extract:   6%|6         | 35/578 [00:05<01:03,  8.59it/s]
Extract:   6%|6         | 37/578 [00:05<01:09,  7.76it/s]
Extract:   7%|6         | 38/578 [00:05<01:07,  8.03it/s]
Extract:   7%|6         | 40/578 [00:06<01:04,  8.29it/s]
Extract:   7%|7         | 41/578 [00:06<01:07,  7.94it/s]
Extract:   7%|7         | 42/578 [00:06<01:40,  5.35it/s]
Extract:   7%|7         | 43/578 [00:07<02:19,  3.85it/s]
Extract:   8%|7         | 45/578 [00:07<01:35,  5.58it/s]
Extract:   8%|8         | 47/578 [00:07<01:18,  6.81it/s]
Extract:   9%|8         | 50/578 [00:08<01:24,  6.23it/s]
Extract:   9%|8         | 51/578 [00:08<01:34,  5.60it/s]
Extract:   9%|8         | 52/578 [00:08<01:41,  5.19it/s]
Extract:   9%|9         | 54/578 [00:08<01:34,  5.55it/s]
Extract:  10%|9         | 55/578 [00:09<01:38,  5.33it/s]
Extract:  10%|9         | 56/578 [00:09<01:29,  5.84it/s]
Extract:  10%|#         | 58/578 [00:09<01:18,  6.66it/s]
Extract:  10%|#         | 59/578 [00:09<01:31,  5.70it/s]
Extract:  10%|#         | 60/578 [00:10<01:43,  4.99it/s]
Extract:  11%|#         | 61/578 [00:10<01:56,  4.43it/s]
Extract:  11%|#         | 62/578 [00:10<01:39,  5.20it/s]
Extract:  11%|#1        | 64/578 [00:10<01:27,  5.88it/s]
Extract:  11%|#1        | 65/578 [00:11<01:47,  4.76it/s]
Extract:  12%|#1        | 67/578 [00:11<02:01,  4.20it/s]
Extract:  12%|#1        | 69/578 [00:11<01:36,  5.25it/s]
Extract:  12%|#2        | 71/578 [00:11<01:15,  6.76it/s]
Extract:  13%|#2        | 73/578 [00:12<01:28,  5.71it/s]
Extract:  13%|#2        | 75/578 [00:12<01:08,  7.38it/s]
Extract:  13%|#3        | 77/578 [00:13<01:41,  4.93it/s]
Extract:  14%|#3        | 80/578 [00:13<01:13,  6.76it/s]
Extract:  14%|#4        | 82/578 [00:13<01:08,  7.28it/s]
Extract:  15%|#4        | 84/578 [00:14<01:20,  6.17it/s]
Extract:  15%|#4        | 86/578 [00:14<01:11,  6.89it/s]
Extract:  15%|#5        | 88/578 [00:14<00:57,  8.47it/s]
Extract:  16%|#5        | 90/578 [00:14<01:13,  6.67it/s]
Extract:  16%|#5        | 91/578 [00:15<01:48,  4.48it/s]
Extract:  16%|#5        | 92/578 [00:15<02:07,  3.81it/s]
Extract:  16%|#6        | 94/578 [00:16<01:37,  4.94it/s]
Extract:  17%|#6        | 96/578 [00:16<01:35,  5.05it/s]
Extract:  17%|#6        | 98/578 [00:16<01:34,  5.08it/s]
Extract:  17%|#7        | 100/578 [00:17<01:21,  5.88it/s]
Extract:  18%|#7        | 102/578 [00:17<01:03,  7.46it/s]
Extract:  18%|#8        | 105/578 [00:17<00:53,  8.83it/s]
Extract:  19%|#8        | 107/578 [00:17<01:07,  6.93it/s]
Extract:  19%|#8        | 108/578 [00:18<01:11,  6.55it/s]
Extract:  19%|#9        | 110/578 [00:18<01:03,  7.41it/s]
Extract:  19%|#9        | 112/578 [00:18<00:51,  9.09it/s]
Extract:  20%|#9        | 114/578 [00:18<00:48,  9.61it/s]
Extract:  20%|##        | 116/578 [00:18<00:48,  9.62it/s]
Extract:  20%|##        | 118/578 [00:19<01:06,  6.93it/s]
Extract:  21%|##        | 120/578 [00:19<01:20,  5.67it/s]
Extract:  21%|##        | 121/578 [00:20<01:37,  4.70it/s]
Extract:  21%|##1       | 123/578 [00:20<01:14,  6.09it/s]
Extract:  22%|##1       | 125/578 [00:20<01:12,  6.28it/s]
Extract:  22%|##1       | 126/578 [00:20<01:11,  6.34it/s]
Extract:  22%|##2       | 128/578 [00:20<00:56,  7.93it/s]
Extract:  22%|##2       | 130/578 [00:21<01:21,  5.47it/s]
Extract:  23%|##2       | 131/578 [00:21<01:54,  3.89it/s]
Extract:  23%|##2       | 132/578 [00:22<01:45,  4.22it/s]
Extract:  23%|##3       | 133/578 [00:22<01:45,  4.23it/s]
Extract:  23%|##3       | 135/578 [00:22<01:20,  5.53it/s]
Extract:  24%|##3       | 136/578 [00:22<01:14,  5.95it/s]
Extract:  24%|##3       | 137/578 [00:23<01:37,  4.54it/s]
Extract:  24%|##3       | 138/578 [00:23<01:57,  3.74it/s]
Extract:  24%|##4       | 139/578 [00:23<01:49,  4.00it/s]
Extract:  25%|##4       | 142/578 [00:23<00:59,  7.36it/s]
Extract:  25%|##5       | 146/578 [00:24<01:00,  7.19it/s]
Extract:  26%|##5       | 148/578 [00:24<00:57,  7.51it/s]
Extract:  26%|##5       | 149/578 [00:24<01:11,  5.98it/s]
Extract:  26%|##6       | 151/578 [00:25<00:56,  7.62it/s]
Extract:  26%|##6       | 153/578 [00:25<01:04,  6.55it/s]
Extract:  27%|##6       | 155/578 [00:25<01:13,  5.77it/s]
Extract:  27%|##7       | 157/578 [00:25<00:59,  7.12it/s]
Extract:  28%|##7       | 159/578 [00:26<00:48,  8.59it/s]
Extract:  28%|##7       | 161/578 [00:26<00:48,  8.58it/s]
Extract:  28%|##8       | 163/578 [00:26<01:13,  5.68it/s]
Extract:  29%|##8       | 165/578 [00:27<01:01,  6.73it/s]
Extract:  29%|##8       | 167/578 [00:27<01:08,  5.96it/s]
Extract:  29%|##9       | 169/578 [00:27<00:58,  7.04it/s]
Extract:  29%|##9       | 170/578 [00:27<00:55,  7.40it/s]
Extract:  30%|##9       | 172/578 [00:28<00:54,  7.48it/s]
Extract:  30%|##9       | 173/578 [00:28<01:13,  5.49it/s]
Extract:  30%|###       | 174/578 [00:28<01:08,  5.90it/s]
Extract:  30%|###       | 176/578 [00:28<00:52,  7.70it/s]
Extract:  31%|###       | 177/578 [00:29<01:22,  4.87it/s]
Extract:  31%|###       | 179/578 [00:29<01:04,  6.23it/s]
Extract:  31%|###1      | 180/578 [00:29<01:21,  4.91it/s]
Extract:  31%|###1      | 181/578 [00:30<01:28,  4.50it/s]
Extract:  31%|###1      | 182/578 [00:30<01:25,  4.63it/s]
Extract:  32%|###1      | 184/578 [00:30<01:21,  4.81it/s]
Extract:  32%|###2      | 185/578 [00:31<01:38,  4.01it/s]
Extract:  32%|###2      | 186/578 [00:31<01:24,  4.62it/s]
Extract:  33%|###2      | 188/578 [00:31<01:06,  5.83it/s]
Extract:  33%|###2      | 189/578 [00:31<01:40,  3.89it/s]
Extract:  33%|###3      | 191/578 [00:32<01:29,  4.34it/s]
Extract:  33%|###3      | 193/578 [00:32<01:06,  5.81it/s]
Extract:  34%|###3      | 195/578 [00:32<00:53,  7.19it/s]
Extract:  34%|###4      | 197/578 [00:33<01:11,  5.30it/s]
Extract:  34%|###4      | 198/578 [00:33<01:08,  5.57it/s]
Extract:  35%|###4      | 201/578 [00:33<01:06,  5.63it/s]
Extract:  35%|###4      | 202/578 [00:34<01:11,  5.26it/s]
Extract:  35%|###5      | 203/578 [00:34<01:44,  3.58it/s]
Extract:  35%|###5      | 205/578 [00:34<01:14,  4.99it/s]
Extract:  36%|###5      | 206/578 [00:34<01:10,  5.24it/s]
Extract:  36%|###5      | 207/578 [00:35<01:21,  4.56it/s]
Extract:  36%|###6      | 209/578 [00:35<00:59,  6.16it/s]
Extract:  36%|###6      | 210/578 [00:35<00:59,  6.20it/s]
Extract:  37%|###6      | 212/578 [00:36<01:08,  5.35it/s]
Extract:  37%|###6      | 213/578 [00:36<01:01,  5.93it/s]
Extract:  37%|###7      | 215/578 [00:36<01:00,  5.97it/s]
Extract:  38%|###7      | 217/578 [00:36<00:48,  7.49it/s]
Extract:  38%|###8      | 220/578 [00:36<00:35, 10.16it/s]
Extract:  38%|###8      | 222/578 [00:36<00:30, 11.85it/s]
Extract:  39%|###8      | 224/578 [00:37<00:29, 11.97it/s]
Extract:  39%|###9      | 226/578 [00:37<00:51,  6.87it/s]
Extract:  39%|###9      | 228/578 [00:37<00:44,  7.84it/s]
Extract:  40%|###9      | 230/578 [00:38<01:06,  5.27it/s]
Extract:  40%|###9      | 231/578 [00:38<01:05,  5.27it/s]
Extract:  40%|####      | 232/578 [00:38<01:03,  5.43it/s]
Extract:  40%|####      | 233/578 [00:38<00:57,  5.98it/s]
Extract:  40%|####      | 234/578 [00:39<00:52,  6.53it/s]
Extract:  41%|####      | 236/578 [00:39<01:08,  5.01it/s]
Extract:  41%|####1     | 237/578 [00:39<01:20,  4.23it/s]
Extract:  42%|####1     | 240/578 [00:40<00:56,  5.99it/s]
Extract:  42%|####2     | 243/578 [00:40<00:38,  8.74it/s]
Extract:  42%|####2     | 245/578 [00:40<00:47,  7.06it/s]
Extract:  43%|####2     | 247/578 [00:41<00:44,  7.36it/s]
Extract:  43%|####2     | 248/578 [00:41<00:57,  5.74it/s]
Extract:  43%|####3     | 250/578 [00:41<00:48,  6.76it/s]
Extract:  43%|####3     | 251/578 [00:41<00:48,  6.75it/s]
Extract:  44%|####3     | 253/578 [00:41<00:38,  8.40it/s]
Extract:  44%|####4     | 255/578 [00:42<00:41,  7.72it/s]
Extract:  44%|####4     | 256/578 [00:42<00:53,  6.07it/s]
Extract:  45%|####4     | 258/578 [00:42<00:40,  7.93it/s]
Extract:  45%|####4     | 260/578 [00:42<00:33,  9.61it/s]
Extract:  45%|####5     | 262/578 [00:42<00:37,  8.32it/s]
Extract:  46%|####5     | 264/578 [00:43<00:46,  6.79it/s]
Extract:  46%|####5     | 265/578 [00:43<00:48,  6.52it/s]
Extract:  46%|####6     | 266/578 [00:43<00:47,  6.59it/s]
Extract:  46%|####6     | 267/578 [00:44<01:07,  4.64it/s]
Extract:  47%|####6     | 269/578 [00:44<01:13,  4.21it/s]
Extract:  47%|####7     | 273/578 [00:45<00:53,  5.71it/s]
Extract:  47%|####7     | 274/578 [00:45<01:03,  4.76it/s]
Extract:  48%|####7     | 275/578 [00:45<01:11,  4.22it/s]
Extract:  48%|####7     | 276/578 [00:46<01:05,  4.58it/s]
Extract:  48%|####7     | 277/578 [00:46<00:59,  5.06it/s]
Extract:  48%|####8     | 280/578 [00:46<00:53,  5.57it/s]
Extract:  49%|####8     | 282/578 [00:46<00:41,  7.20it/s]
Extract:  49%|####8     | 283/578 [00:46<00:44,  6.59it/s]
Extract:  49%|####9     | 285/578 [00:47<00:39,  7.46it/s]
Extract:  49%|####9     | 286/578 [00:47<00:44,  6.59it/s]
Extract:  50%|####9     | 287/578 [00:47<00:41,  7.07it/s]
Extract:  50%|#####     | 289/578 [00:47<00:41,  7.04it/s]
Extract:  50%|#####     | 290/578 [00:48<01:09,  4.15it/s]
Extract:  51%|#####     | 292/578 [00:48<00:48,  5.90it/s]
Extract:  51%|#####     | 294/578 [00:48<00:37,  7.58it/s]
Extract:  51%|#####1    | 296/578 [00:49<00:51,  5.49it/s]
Extract:  51%|#####1    | 297/578 [00:49<00:58,  4.82it/s]
Extract:  52%|#####1    | 299/578 [00:49<00:42,  6.54it/s]
Extract:  52%|#####2    | 301/578 [00:49<00:43,  6.33it/s]
Extract:  52%|#####2    | 303/578 [00:50<00:35,  7.72it/s]
Extract:  53%|#####2    | 305/578 [00:50<00:49,  5.48it/s]
Extract:  53%|#####3    | 307/578 [00:51<00:49,  5.49it/s]
Extract:  53%|#####3    | 308/578 [00:51<00:52,  5.19it/s]
Extract:  53%|#####3    | 309/578 [00:51<01:13,  3.65it/s]
Extract:  54%|#####3    | 310/578 [00:52<01:03,  4.21it/s]
Extract:  54%|#####3    | 311/578 [00:52<01:18,  3.42it/s]
Extract:  54%|#####3    | 312/578 [00:52<01:24,  3.14it/s]
Extract:  54%|#####4    | 314/578 [00:53<01:07,  3.91it/s]
Extract:  55%|#####4    | 316/578 [00:53<00:53,  4.91it/s]
Extract:  55%|#####5    | 318/578 [00:53<00:49,  5.26it/s]
Extract:  55%|#####5    | 319/578 [00:53<00:45,  5.63it/s]
Extract:  55%|#####5    | 320/578 [00:54<00:54,  4.73it/s]
Extract:  56%|#####5    | 322/578 [00:54<00:47,  5.38it/s]
Extract:  56%|#####5    | 323/578 [00:54<00:45,  5.64it/s]
Extract:  56%|#####6    | 325/578 [00:54<00:34,  7.40it/s]
Extract:  56%|#####6    | 326/578 [00:54<00:33,  7.46it/s]
Extract:  57%|#####6    | 328/578 [00:55<00:39,  6.38it/s]
Extract:  57%|#####7    | 330/578 [00:55<00:31,  7.85it/s]
Extract:  57%|#####7    | 331/578 [00:55<00:33,  7.34it/s]
Extract:  57%|#####7    | 332/578 [00:55<00:40,  6.09it/s]
Extract:  58%|#####7    | 334/578 [00:56<00:30,  7.93it/s]
Extract:  58%|#####8    | 336/578 [00:56<00:25,  9.50it/s]
Extract:  58%|#####8    | 338/578 [00:56<00:22, 10.81it/s]
Extract:  59%|#####8    | 340/578 [00:56<00:24,  9.54it/s]
Extract:  59%|#####9    | 342/578 [00:56<00:27,  8.59it/s]
Extract:  60%|#####9    | 344/578 [00:57<00:32,  7.30it/s]
Extract:  60%|#####9    | 346/578 [00:57<00:26,  8.67it/s]
Extract:  60%|######    | 348/578 [00:57<00:22, 10.22it/s]
Extract:  61%|######    | 350/578 [00:57<00:34,  6.66it/s]
Extract:  61%|######    | 351/578 [00:58<00:44,  5.10it/s]
Extract:  61%|######1   | 353/578 [00:58<00:39,  5.71it/s]
Extract:  62%|######1   | 356/578 [00:59<00:36,  6.11it/s]
Extract:  62%|######1   | 357/578 [00:59<00:38,  5.81it/s]
Extract:  62%|######2   | 359/578 [00:59<00:39,  5.58it/s]
Extract:  62%|######2   | 360/578 [00:59<00:37,  5.87it/s]
Extract:  63%|######2   | 362/578 [01:00<00:37,  5.68it/s]
Extract:  63%|######2   | 364/578 [01:00<00:29,  7.20it/s]
Extract:  63%|######3   | 365/578 [01:00<00:29,  7.28it/s]
Extract:  63%|######3   | 366/578 [01:00<00:30,  6.98it/s]
Extract:  63%|######3   | 367/578 [01:00<00:40,  5.24it/s]
Extract:  64%|######3   | 368/578 [01:01<00:42,  4.97it/s]
Extract:  64%|######3   | 369/578 [01:01<00:51,  4.04it/s]
Extract:  65%|######4   | 373/578 [01:01<00:30,  6.75it/s]
Extract:  65%|######4   | 374/578 [01:02<00:29,  6.90it/s]
Extract:  65%|######5   | 376/578 [01:02<00:28,  7.09it/s]
Extract:  65%|######5   | 377/578 [01:02<00:27,  7.19it/s]
Extract:  66%|######5   | 379/578 [01:02<00:23,  8.59it/s]
Extract:  66%|######5   | 380/578 [01:02<00:26,  7.47it/s]
Extract:  66%|######6   | 382/578 [01:03<00:28,  6.84it/s]
Extract:  66%|######6   | 383/578 [01:03<00:28,  6.92it/s]
Extract:  66%|######6   | 384/578 [01:03<00:45,  4.30it/s]
Extract:  67%|######6   | 386/578 [01:03<00:31,  6.17it/s]
Extract:  67%|######6   | 387/578 [01:04<00:31,  6.00it/s]
Extract:  67%|######7   | 390/578 [01:04<00:21,  8.88it/s]
Extract:  68%|######7   | 392/578 [01:04<00:21,  8.60it/s]
Extract:  68%|######8   | 394/578 [01:04<00:22,  8.13it/s]
Extract:  68%|######8   | 395/578 [01:04<00:22,  8.20it/s]
Extract:  69%|######8   | 397/578 [01:05<00:18,  9.86it/s]
Extract:  69%|######9   | 399/578 [01:05<00:17, 10.39it/s]
Extract:  69%|######9   | 401/578 [01:05<00:14, 12.05it/s]
Extract:  70%|######9   | 403/578 [01:05<00:14, 12.27it/s]
Extract:  70%|#######   | 405/578 [01:05<00:13, 13.06it/s]
Extract:  70%|#######   | 407/578 [01:06<00:19,  8.56it/s]
Extract:  71%|#######   | 409/578 [01:06<00:29,  5.70it/s]
Extract:  71%|#######   | 410/578 [01:06<00:28,  5.95it/s]
Extract:  71%|#######1  | 412/578 [01:06<00:23,  7.03it/s]
Extract:  71%|#######1  | 413/578 [01:07<00:27,  6.04it/s]
Extract:  72%|#######1  | 415/578 [01:07<00:21,  7.44it/s]
Extract:  72%|#######1  | 416/578 [01:07<00:20,  7.79it/s]
Extract:  72%|#######2  | 418/578 [01:07<00:22,  7.25it/s]
Extract:  72%|#######2  | 419/578 [01:07<00:23,  6.89it/s]
Extract:  73%|#######2  | 421/578 [01:08<00:26,  5.94it/s]
Extract:  73%|#######3  | 424/578 [01:08<00:24,  6.25it/s]
Extract:  74%|#######3  | 425/578 [01:09<00:28,  5.42it/s]
Extract:  74%|#######3  | 426/578 [01:09<00:26,  5.74it/s]
Extract:  74%|#######3  | 427/578 [01:09<00:31,  4.76it/s]
Extract:  74%|#######4  | 428/578 [01:09<00:37,  3.99it/s]
Extract:  74%|#######4  | 429/578 [01:10<00:40,  3.68it/s]
Extract:  75%|#######4  | 431/578 [01:10<00:27,  5.31it/s]
Extract:  75%|#######4  | 432/578 [01:10<00:26,  5.57it/s]
Extract:  75%|#######5  | 434/578 [01:10<00:25,  5.61it/s]
Extract:  75%|#######5  | 435/578 [01:11<00:23,  6.17it/s]
Extract:  76%|#######5  | 437/578 [01:11<00:18,  7.53it/s]
Extract:  76%|#######5  | 438/578 [01:11<00:18,  7.74it/s]
Extract:  76%|#######5  | 439/578 [01:11<00:20,  6.81it/s]
Extract:  76%|#######6  | 441/578 [01:11<00:24,  5.69it/s]
Extract:  76%|#######6  | 442/578 [01:12<00:21,  6.23it/s]
Extract:  77%|#######6  | 444/578 [01:12<00:17,  7.87it/s]
Extract:  77%|#######6  | 445/578 [01:12<00:22,  5.95it/s]
Extract:  78%|#######7  | 448/578 [01:12<00:13,  9.70it/s]
Extract:  78%|#######7  | 450/578 [01:13<00:24,  5.31it/s]
Extract:  78%|#######8  | 452/578 [01:13<00:25,  4.87it/s]
Extract:  79%|#######8  | 454/578 [01:14<00:20,  6.11it/s]
Extract:  79%|#######8  | 456/578 [01:14<00:17,  7.12it/s]
Extract:  79%|#######9  | 458/578 [01:14<00:16,  7.13it/s]
Extract:  80%|#######9  | 460/578 [01:14<00:13,  8.80it/s]
Extract:  80%|#######9  | 462/578 [01:14<00:12,  9.62it/s]
Extract:  80%|########  | 464/578 [01:15<00:12,  9.02it/s]
Extract:  81%|########  | 466/578 [01:15<00:11,  9.58it/s]
Extract:  81%|########  | 468/578 [01:15<00:18,  6.08it/s]
Extract:  81%|########1 | 470/578 [01:16<00:17,  6.22it/s]
Extract:  81%|########1 | 471/578 [01:16<00:18,  5.69it/s]
Extract:  82%|########1 | 472/578 [01:16<00:17,  5.95it/s]
Extract:  82%|########1 | 473/578 [01:16<00:17,  6.10it/s]
Extract:  82%|########2 | 474/578 [01:16<00:16,  6.22it/s]
Extract:  82%|########2 | 476/578 [01:17<00:18,  5.40it/s]
Extract:  83%|########2 | 477/578 [01:17<00:17,  5.86it/s]
Extract:  83%|########2 | 478/578 [01:17<00:16,  5.95it/s]
Extract:  83%|########2 | 479/578 [01:17<00:15,  6.21it/s]
Extract:  83%|########3 | 481/578 [01:18<00:18,  5.22it/s]
Extract:  84%|########3 | 483/578 [01:18<00:13,  6.96it/s]
Extract:  84%|########3 | 485/578 [01:18<00:11,  8.34it/s]
Extract:  84%|########4 | 487/578 [01:18<00:10,  8.84it/s]
Extract:  85%|########4 | 489/578 [01:19<00:13,  6.72it/s]
Extract:  85%|########4 | 491/578 [01:19<00:13,  6.62it/s]
Extract:  85%|########5 | 492/578 [01:19<00:13,  6.54it/s]
Extract:  85%|########5 | 493/578 [01:19<00:13,  6.48it/s]
Extract:  85%|########5 | 494/578 [01:19<00:12,  6.67it/s]
Extract:  86%|########5 | 497/578 [01:19<00:07, 10.43it/s]
Extract:  86%|########6 | 499/578 [01:20<00:09,  8.16it/s]
Extract:  87%|########6 | 501/578 [01:20<00:07, 10.02it/s]
Extract:  87%|########7 | 503/578 [01:20<00:06, 11.70it/s]
Extract:  87%|########7 | 505/578 [01:21<00:11,  6.29it/s]
Extract:  88%|########7 | 508/578 [01:21<00:08,  7.79it/s]
Extract:  88%|########8 | 510/578 [01:21<00:08,  8.05it/s]
Extract:  89%|########8 | 512/578 [01:21<00:08,  8.08it/s]
Extract:  89%|########9 | 515/578 [01:22<00:06,  9.15it/s]
Extract:  89%|########9 | 517/578 [01:22<00:09,  6.22it/s]
Extract:  90%|########9 | 519/578 [01:22<00:08,  6.84it/s]
Extract:  90%|######### | 521/578 [01:23<00:06,  8.33it/s]
Extract:  90%|######### | 523/578 [01:23<00:09,  5.61it/s]
Extract:  91%|######### | 525/578 [01:23<00:07,  6.80it/s]
Extract:  91%|#########1| 527/578 [01:24<00:08,  6.36it/s]
Extract:  92%|#########1| 529/578 [01:24<00:06,  7.37it/s]
Extract:  92%|#########1| 531/578 [01:24<00:05,  8.24it/s]
Extract:  92%|#########2| 533/578 [01:24<00:05,  8.94it/s]
Extract:  93%|#########2| 535/578 [01:25<00:05,  8.16it/s]
Extract:  93%|#########2| 537/578 [01:25<00:04,  8.53it/s]
Extract:  93%|#########3| 538/578 [01:25<00:05,  7.80it/s]
Extract:  93%|#########3| 540/578 [01:25<00:05,  7.20it/s]
Extract:  94%|#########3| 541/578 [01:25<00:05,  6.82it/s]
Extract:  94%|#########3| 543/578 [01:26<00:04,  7.94it/s]
Extract:  94%|#########4| 546/578 [01:26<00:04,  7.05it/s]
Extract:  95%|#########4| 547/578 [01:26<00:05,  5.56it/s]
Extract:  95%|#########4| 549/578 [01:27<00:04,  7.15it/s]
Extract:  95%|#########5| 551/578 [01:27<00:03,  8.77it/s]
Extract:  96%|#########5| 553/578 [01:27<00:03,  6.50it/s]
Extract:  96%|#########5| 554/578 [01:28<00:04,  4.82it/s]
Extract:  96%|#########6| 555/578 [01:28<00:06,  3.62it/s]
Extract:  96%|#########6| 556/578 [01:29<00:07,  3.01it/s]
Extract:  96%|#########6| 557/578 [01:29<00:06,  3.19it/s]
Extract:  97%|#########6| 560/578 [01:29<00:04,  4.36it/s]
Extract:  97%|#########7| 561/578 [01:30<00:03,  4.35it/s]
Extract:  98%|#########7| 564/578 [01:30<00:02,  5.04it/s]
Extract:  98%|#########7| 565/578 [01:31<00:03,  3.80it/s]
Extract:  98%|#########7| 566/578 [01:31<00:02,  4.11it/s]
Extract:  98%|#########8| 567/578 [01:31<00:03,  3.43it/s]
Extract:  98%|#########8| 568/578 [01:32<00:03,  2.60it/s]
Extract:  99%|#########8| 570/578 [01:32<00:02,  3.73it/s]
Extract:  99%|#########8| 572/578 [01:32<00:01,  4.41it/s]
Extract:  99%|#########9| 573/578 [01:33<00:01,  4.97it/s]
Extract:  99%|#########9| 575/578 [01:33<00:00,  5.62it/s]
Extract: 100%|#########9| 576/578 [01:33<00:00,  3.82it/s]
Extract: 100%|##########| 578/578 [01:34<00:00,  6.15it/s]

Extract:   0%|          | 0/578 [00:00<?, ?it/s]
Extract:   0%|          | 2/578 [00:00<00:33, 17.20it/s]
Extract:   1%|          | 4/578 [00:00<01:07,  8.53it/s]
Extract:   1%|1         | 6/578 [00:00<01:04,  8.82it/s]
Extract:   1%|1         | 8/578 [00:01<01:57,  4.85it/s]
Extract:   2%|1         | 9/578 [00:01<01:53,  5.01it/s]
Extract:   2%|1         | 10/578 [00:01<01:49,  5.19it/s]
Extract:   2%|1         | 11/578 [00:01<01:47,  5.26it/s]
Extract:   2%|2         | 12/578 [00:02<02:05,  4.52it/s]
Extract:   2%|2         | 13/578 [00:02<01:47,  5.25it/s]
Extract:   2%|2         | 14/578 [00:02<02:18,  4.08it/s]
Extract:   3%|2         | 15/578 [00:03<03:34,  2.63it/s]
Extract:   3%|2         | 16/578 [00:03<03:08,  2.99it/s]
Extract:   3%|2         | 17/578 [00:03<02:30,  3.74it/s]
Extract:   3%|3         | 19/578 [00:03<01:43,  5.42it/s]
Extract:   3%|3         | 20/578 [00:03<01:31,  6.07it/s]
Extract:   4%|3         | 21/578 [00:04<02:33,  3.63it/s]
Extract:   4%|3         | 22/578 [00:04<02:25,  3.81it/s]
Extract:   4%|3         | 23/578 [00:05<02:16,  4.07it/s]
Extract:   4%|4         | 24/578 [00:05<02:04,  4.46it/s]
Extract:   5%|4         | 27/578 [00:05<02:02,  4.49it/s]
Extract:   5%|4         | 28/578 [00:05<01:50,  4.98it/s]
Extract:   5%|5         | 30/578 [00:06<01:36,  5.66it/s]
Extract:   5%|5         | 31/578 [00:06<01:38,  5.54it/s]
Extract:   6%|5         | 33/578 [00:06<01:14,  7.30it/s]
Extract:   6%|6         | 35/578 [00:06<01:02,  8.64it/s]
Extract:   6%|6         | 37/578 [00:06<01:02,  8.63it/s]
Extract:   7%|6         | 38/578 [00:07<01:13,  7.39it/s]
Extract:   7%|6         | 40/578 [00:07<00:59,  8.99it/s]
Extract:   7%|7         | 42/578 [00:07<01:19,  6.72it/s]
Extract:   7%|7         | 43/578 [00:08<01:44,  5.13it/s]
Extract:   8%|7         | 46/578 [00:08<01:12,  7.38it/s]
Extract:   8%|8         | 47/578 [00:08<01:16,  6.93it/s]
Extract:   8%|8         | 49/578 [00:08<01:08,  7.77it/s]
Extract:   9%|8         | 50/578 [00:09<01:46,  4.97it/s]
Extract:   9%|8         | 51/578 [00:09<01:54,  4.61it/s]
Extract:   9%|8         | 52/578 [00:09<02:00,  4.35it/s]
Extract:   9%|9         | 54/578 [00:10<01:46,  4.91it/s]
Extract:  10%|9         | 55/578 [00:10<01:52,  4.64it/s]
Extract:  10%|9         | 57/578 [00:10<01:41,  5.15it/s]
Extract:  10%|#         | 58/578 [00:10<01:45,  4.93it/s]
Extract:  10%|#         | 59/578 [00:11<01:45,  4.91it/s]
Extract:  10%|#         | 60/578 [00:11<01:59,  4.34it/s]
Extract:  11%|#         | 61/578 [00:11<02:11,  3.92it/s]
Extract:  11%|#         | 63/578 [00:11<01:29,  5.76it/s]
Extract:  11%|#1        | 64/578 [00:12<01:30,  5.70it/s]
Extract:  11%|#1        | 65/578 [00:12<02:09,  3.97it/s]
Extract:  12%|#1        | 67/578 [00:13<02:18,  3.70it/s]
Extract:  12%|#1        | 69/578 [00:13<01:51,  4.58it/s]
Extract:  12%|#2        | 70/578 [00:13<01:38,  5.16it/s]
Extract:  12%|#2        | 71/578 [00:13<01:35,  5.31it/s]
Extract:  13%|#2        | 73/578 [00:14<01:44,  4.85it/s]
Extract:  13%|#3        | 76/578 [00:14<01:13,  6.86it/s]
Extract:  13%|#3        | 77/578 [00:14<01:50,  4.53it/s]
Extract:  14%|#3        | 80/578 [00:15<01:14,  6.72it/s]
Extract:  14%|#4        | 82/578 [00:15<01:04,  7.66it/s]
Extract:  15%|#4        | 84/578 [00:15<01:29,  5.52it/s]
Extract:  15%|#4        | 85/578 [00:15<01:25,  5.76it/s]
Extract:  15%|#4        | 86/578 [00:16<01:19,  6.16it/s]
Extract:  15%|#5        | 88/578 [00:16<01:00,  8.04it/s]
Extract:  16%|#5        | 90/578 [00:16<01:34,  5.14it/s]
Extract:  16%|#5        | 91/578 [00:17<01:58,  4.12it/s]
Extract:  16%|#5        | 92/578 [00:17<02:15,  3.58it/s]
Extract:  16%|#6        | 94/578 [00:18<01:52,  4.29it/s]
Extract:  17%|#6        | 96/578 [00:18<01:49,  4.39it/s]
Extract:  17%|#6        | 98/578 [00:18<01:34,  5.08it/s]
Extract:  17%|#7        | 99/578 [00:19<01:38,  4.89it/s]
Extract:  17%|#7        | 100/578 [00:19<01:34,  5.08it/s]
Extract:  17%|#7        | 101/578 [00:19<01:28,  5.39it/s]
Extract:  18%|#7        | 104/578 [00:19<00:52,  9.09it/s]
Extract:  18%|#8        | 106/578 [00:19<00:54,  8.64it/s]
Extract:  19%|#8        | 108/578 [00:20<01:16,  6.15it/s]
Extract:  19%|#9        | 110/578 [00:20<01:05,  7.18it/s]
Extract:  19%|#9        | 111/578 [00:20<01:04,  7.24it/s]
Extract:  20%|#9        | 113/578 [00:20<00:51,  9.11it/s]
Extract:  20%|#9        | 115/578 [00:20<00:46,  9.98it/s]
Extract:  20%|##        | 117/578 [00:21<01:02,  7.38it/s]
Extract:  21%|##        | 120/578 [00:21<01:24,  5.42it/s]
Extract:  21%|##        | 121/578 [00:22<01:38,  4.65it/s]
Extract:  21%|##1       | 123/578 [00:22<01:16,  5.93it/s]
Extract:  22%|##1       | 125/578 [00:22<01:26,  5.26it/s]
Extract:  22%|##1       | 126/578 [00:23<01:27,  5.18it/s]
Extract:  22%|##2       | 128/578 [00:23<01:16,  5.91it/s]
Extract:  22%|##2       | 130/578 [00:23<01:27,  5.13it/s]
Extract:  23%|##2       | 131/578 [00:24<02:10,  3.43it/s]
Extract:  23%|##2       | 132/578 [00:24<01:55,  3.87it/s]
Extract:  23%|##3       | 133/578 [00:25<01:57,  3.80it/s]
Extract:  23%|##3       | 134/578 [00:25<01:42,  4.33it/s]
Extract:  23%|##3       | 135/578 [00:25<01:33,  4.72it/s]
Extract:  24%|##3       | 136/578 [00:25<01:22,  5.37it/s]
Extract:  24%|##3       | 137/578 [00:25<01:55,  3.83it/s]
Extract:  24%|##3       | 138/578 [00:26<02:21,  3.10it/s]
Extract:  24%|##4       | 139/578 [00:26<02:18,  3.17it/s]
Extract:  25%|##4       | 142/578 [00:26<01:13,  5.89it/s]
Extract:  25%|##5       | 146/578 [00:27<01:09,  6.22it/s]
Extract:  25%|##5       | 147/578 [00:27<01:07,  6.37it/s]
Extract:  26%|##5       | 148/578 [00:27<01:03,  6.81it/s]
Extract:  26%|##5       | 149/578 [00:28<01:56,  3.70it/s]
Extract:  26%|##5       | 150/578 [00:28<01:50,  3.88it/s]
Extract:  26%|##6       | 153/578 [00:29<01:34,  4.48it/s]
Extract:  27%|##6       | 155/578 [00:29<01:29,  4.74it/s]
Extract:  27%|##7       | 157/578 [00:29<01:08,  6.16it/s]
Extract:  28%|##7       | 159/578 [00:29<00:55,  7.54it/s]
Extract:  28%|##7       | 161/578 [00:30<00:53,  7.79it/s]
Extract:  28%|##8       | 163/578 [00:30<01:04,  6.44it/s]
Extract:  29%|##8       | 165/578 [00:30<00:57,  7.13it/s]
Extract:  29%|##8       | 166/578 [00:30<00:58,  7.07it/s]
Extract:  29%|##8       | 167/578 [00:31<01:14,  5.53it/s]
Extract:  29%|##9       | 168/578 [00:31<01:07,  6.05it/s]
Extract:  29%|##9       | 169/578 [00:31<01:04,  6.32it/s]
Extract:  29%|##9       | 170/578 [00:31<01:03,  6.41it/s]
Extract:  30%|##9       | 171/578 [00:31<01:22,  4.94it/s]
Extract:  30%|##9       | 172/578 [00:32<01:24,  4.83it/s]
Extract:  30%|##9       | 173/578 [00:32<01:41,  3.98it/s]
Extract:  30%|###       | 174/578 [00:32<01:32,  4.39it/s]
Extract:  30%|###       | 176/578 [00:32<01:06,  6.06it/s]
Extract:  31%|###       | 177/578 [00:33<01:36,  4.17it/s]
Extract:  31%|###       | 178/578 [00:33<01:22,  4.86it/s]
Extract:  31%|###1      | 180/578 [00:33<01:21,  4.91it/s]
Extract:  31%|###1      | 181/578 [00:34<01:31,  4.35it/s]
Extract:  31%|###1      | 182/578 [00:34<01:25,  4.61it/s]
Extract:  32%|###1      | 184/578 [00:34<01:14,  5.27it/s]
Extract:  32%|###2      | 185/578 [00:35<02:02,  3.22it/s]
Extract:  32%|###2      | 186/578 [00:35<01:48,  3.62it/s]
Extract:  33%|###2      | 188/578 [00:35<01:17,  5.04it/s]
Extract:  33%|###2      | 189/578 [00:36<01:33,  4.16it/s]
Extract:  33%|###3      | 191/578 [00:36<01:21,  4.73it/s]
Extract:  33%|###3      | 193/578 [00:36<01:03,  6.07it/s]
Extract:  34%|###3      | 195/578 [00:36<00:52,  7.23it/s]
Extract:  34%|###4      | 197/578 [00:37<00:59,  6.46it/s]
Extract:  34%|###4      | 198/578 [00:37<01:03,  5.98it/s]
Extract:  35%|###4      | 201/578 [00:37<01:00,  6.20it/s]
Extract:  35%|###4      | 202/578 [00:37<01:00,  6.26it/s]
Extract:  35%|###5      | 203/578 [00:38<01:36,  3.90it/s]
Extract:  36%|###5      | 206/578 [00:38<01:00,  6.12it/s]
Extract:  36%|###5      | 207/578 [00:38<01:04,  5.78it/s]
Extract:  36%|###6      | 209/578 [00:39<00:52,  7.00it/s]
Extract:  36%|###6      | 210/578 [00:39<00:52,  7.03it/s]
Extract:  37%|###6      | 212/578 [00:39<00:59,  6.10it/s]
Extract:  37%|###6      | 213/578 [00:39<00:55,  6.56it/s]
Extract:  37%|###7      | 215/578 [00:40<00:58,  6.16it/s]
Extract:  38%|###7      | 217/578 [00:40<00:48,  7.49it/s]
Extract:  38%|###8      | 220/578 [00:40<00:33, 10.83it/s]
Extract:  38%|###8      | 222/578 [00:40<00:29, 11.93it/s]
Extract:  39%|###8      | 224/578 [00:40<00:28, 12.21it/s]
Extract:  39%|###9      | 226/578 [00:41<00:50,  6.96it/s]
Extract:  39%|###9      | 228/578 [00:41<00:44,  7.89it/s]
Extract:  40%|###9      | 230/578 [00:41<00:59,  5.87it/s]
Extract:  40%|###9      | 231/578 [00:42<01:04,  5.42it/s]
Extract:  40%|####      | 232/578 [00:42<01:00,  5.74it/s]
Extract:  40%|####      | 234/578 [00:42<00:53,  6.47it/s]
Extract:  41%|####      | 235/578 [00:42<00:50,  6.85it/s]
Extract:  41%|####      | 236/578 [00:43<01:25,  4.00it/s]
Extract:  41%|####1     | 237/578 [00:43<01:52,  3.02it/s]
Extract:  42%|####1     | 240/578 [00:44<01:09,  4.88it/s]
Extract:  42%|####2     | 243/578 [00:44<00:45,  7.33it/s]
Extract:  42%|####2     | 245/578 [00:44<00:52,  6.29it/s]
Extract:  43%|####2     | 247/578 [00:44<00:49,  6.69it/s]
Extract:  43%|####2     | 248/578 [00:45<00:55,  6.00it/s]
Extract:  43%|####3     | 250/578 [00:45<00:46,  7.06it/s]
Extract:  43%|####3     | 251/578 [00:45<00:48,  6.77it/s]
Extract:  44%|####3     | 253/578 [00:45<00:36,  8.79it/s]
Extract:  44%|####4     | 255/578 [00:45<00:40,  7.97it/s]
Extract:  44%|####4     | 256/578 [00:46<00:53,  5.99it/s]
Extract:  45%|####4     | 258/578 [00:46<00:42,  7.48it/s]
Extract:  45%|####4     | 259/578 [00:46<00:40,  7.84it/s]
Extract:  45%|####5     | 261/578 [00:46<00:34,  9.25it/s]
Extract:  46%|####5     | 263/578 [00:47<01:10,  4.50it/s]
Extract:  46%|####5     | 265/578 [00:47<01:03,  4.93it/s]
Extract:  46%|####6     | 266/578 [00:48<01:05,  4.79it/s]
Extract:  46%|####6     | 267/578 [00:48<01:11,  4.36it/s]
Extract:  47%|####6     | 269/578 [00:48<00:56,  5.46it/s]
Extract:  47%|####6     | 271/578 [00:48<00:42,  7.30it/s]
Extract:  47%|####7     | 273/578 [00:49<00:45,  6.69it/s]
Extract:  47%|####7     | 274/578 [00:49<01:01,  4.91it/s]
Extract:  48%|####7     | 275/578 [00:49<01:09,  4.39it/s]
Extract:  48%|####7     | 276/578 [00:50<01:06,  4.53it/s]
Extract:  48%|####8     | 278/578 [00:50<00:47,  6.38it/s]
Extract:  48%|####8     | 280/578 [00:50<00:49,  6.05it/s]
Extract:  49%|####8     | 282/578 [00:50<00:38,  7.63it/s]
Extract:  49%|####9     | 284/578 [00:51<00:41,  7.01it/s]
Extract:  49%|####9     | 285/578 [00:51<00:43,  6.74it/s]
Extract:  49%|####9     | 286/578 [00:51<00:44,  6.56it/s]
Extract:  50%|####9     | 287/578 [00:51<01:01,  4.72it/s]
Extract:  50%|####9     | 288/578 [00:51<00:53,  5.40it/s]
Extract:  50%|#####     | 289/578 [00:52<00:50,  5.78it/s]
Extract:  50%|#####     | 290/578 [00:52<01:12,  3.96it/s]
Extract:  51%|#####     | 292/578 [00:52<00:47,  5.99it/s]
Extract:  51%|#####     | 294/578 [00:52<00:36,  7.70it/s]
Extract:  51%|#####1    | 296/578 [00:53<00:49,  5.70it/s]
Extract:  51%|#####1    | 297/578 [00:53<01:01,  4.60it/s]
Extract:  52%|#####1    | 299/578 [00:53<00:44,  6.31it/s]
Extract:  52%|#####2    | 301/578 [00:54<00:48,  5.72it/s]
Extract:  52%|#####2    | 303/578 [00:54<00:37,  7.28it/s]
Extract:  53%|#####2    | 305/578 [00:54<00:55,  4.94it/s]
Extract:  53%|#####3    | 307/578 [00:55<00:51,  5.24it/s]
Extract:  53%|#####3    | 308/578 [00:55<00:51,  5.20it/s]
Extract:  53%|#####3    | 309/578 [00:56<01:22,  3.26it/s]
Extract:  54%|#####3    | 310/578 [00:56<01:12,  3.68it/s]
Extract:  54%|#####3    | 311/578 [00:56<01:20,  3.33it/s]
Extract:  54%|#####3    | 312/578 [00:57<01:42,  2.58it/s]
Extract:  54%|#####4    | 314/578 [00:57<01:14,  3.53it/s]
Extract:  55%|#####4    | 316/578 [00:58<01:01,  4.28it/s]
Extract:  55%|#####5    | 318/578 [00:58<01:00,  4.30it/s]
Extract:  55%|#####5    | 319/578 [00:58<00:59,  4.35it/s]
Extract:  55%|#####5    | 320/578 [00:59<01:06,  3.90it/s]
Extract:  56%|#####5    | 322/578 [00:59<00:53,  4.80it/s]
Extract:  56%|#####5    | 323/578 [00:59<00:47,  5.38it/s]
Extract:  56%|#####6    | 325/578 [00:59<00:36,  7.02it/s]
Extract:  56%|#####6    | 326/578 [00:59<00:38,  6.46it/s]
Extract:  57%|#####6    | 328/578 [01:00<00:35,  6.98it/s]
Extract:  57%|#####7    | 330/578 [01:00<00:28,  8.85it/s]
Extract:  57%|#####7    | 332/578 [01:00<00:28,  8.53it/s]
Extract:  58%|#####7    | 335/578 [01:00<00:21, 11.53it/s]
Extract:  58%|#####8    | 337/578 [01:01<00:35,  6.84it/s]
Extract:  59%|#####8    | 339/578 [01:01<00:29,  8.01it/s]
Extract:  59%|#####8    | 341/578 [01:01<00:28,  8.39it/s]
Extract:  59%|#####9    | 343/578 [01:01<00:24,  9.65it/s]
Extract:  60%|#####9    | 345/578 [01:02<00:31,  7.29it/s]
Extract:  60%|######    | 347/578 [01:02<00:26,  8.64it/s]
Extract:  60%|######    | 349/578 [01:02<00:35,  6.37it/s]
Extract:  61%|######    | 350/578 [01:02<00:34,  6.61it/s]
Extract:  61%|######    | 351/578 [01:03<00:45,  4.96it/s]
Extract:  61%|######1   | 353/578 [01:03<00:40,  5.58it/s]
Extract:  61%|######1   | 355/578 [01:03<00:31,  7.14it/s]
Extract:  62%|######1   | 356/578 [01:03<00:41,  5.32it/s]
Extract:  62%|######1   | 357/578 [01:04<00:41,  5.34it/s]
Extract:  62%|######2   | 359/578 [01:04<00:32,  6.64it/s]
Extract:  62%|######2   | 360/578 [01:04<00:34,  6.34it/s]
Extract:  63%|######2   | 362/578 [01:04<00:38,  5.67it/s]
Extract:  63%|######2   | 364/578 [01:05<00:28,  7.43it/s]
Extract:  63%|######3   | 365/578 [01:05<00:30,  7.05it/s]
Extract:  63%|######3   | 366/578 [01:05<00:32,  6.45it/s]
Extract:  63%|######3   | 367/578 [01:06<01:07,  3.14it/s]
Extract:  64%|######3   | 368/578 [01:06<00:58,  3.62it/s]
Extract:  64%|######3   | 369/578 [01:06<01:04,  3.23it/s]
Extract:  65%|######4   | 373/578 [01:07<00:36,  5.61it/s]
Extract:  65%|######4   | 375/578 [01:07<00:28,  7.04it/s]
Extract:  65%|######5   | 376/578 [01:07<00:29,  6.94it/s]
Extract:  65%|######5   | 377/578 [01:07<00:29,  6.77it/s]
Extract:  65%|######5   | 378/578 [01:07<00:27,  7.19it/s]
Extract:  66%|######5   | 379/578 [01:07<00:25,  7.70it/s]
Extract:  66%|######5   | 380/578 [01:08<00:35,  5.52it/s]
Extract:  66%|######5   | 381/578 [01:08<00:34,  5.69it/s]
Extract:  66%|######6   | 382/578 [01:08<00:43,  4.51it/s]
Extract:  66%|######6   | 383/578 [01:08<00:36,  5.29it/s]
Extract:  66%|######6   | 384/578 [01:09<00:50,  3.82it/s]
Extract:  67%|######6   | 386/578 [01:09<00:33,  5.81it/s]
Extract:  67%|######6   | 387/578 [01:09<00:33,  5.66it/s]
Extract:  67%|######7   | 390/578 [01:09<00:21,  8.75it/s]
Extract:  68%|######7   | 392/578 [01:09<00:22,  8.44it/s]
Extract:  68%|######7   | 393/578 [01:10<00:24,  7.51it/s]
Extract:  68%|######8   | 394/578 [01:10<00:24,  7.52it/s]
Extract:  68%|######8   | 395/578 [01:10<00:24,  7.40it/s]
Extract:  69%|######8   | 397/578 [01:10<00:24,  7.32it/s]
Extract:  69%|######8   | 398/578 [01:10<00:23,  7.76it/s]
Extract:  69%|######9   | 401/578 [01:10<00:15, 11.49it/s]
Extract:  70%|######9   | 403/578 [01:11<00:14, 12.34it/s]
Extract:  70%|#######   | 405/578 [01:11<00:13, 12.52it/s]
Extract:  70%|#######   | 407/578 [01:11<00:18,  9.05it/s]
Extract:  71%|#######   | 409/578 [01:12<00:35,  4.72it/s]
Extract:  71%|#######   | 410/578 [01:12<00:33,  5.06it/s]
Extract:  71%|#######1  | 412/578 [01:12<00:27,  6.13it/s]
Extract:  71%|#######1  | 413/578 [01:13<00:28,  5.71it/s]
Extract:  72%|#######1  | 415/578 [01:13<00:23,  7.04it/s]
Extract:  72%|#######1  | 416/578 [01:13<00:23,  6.94it/s]
Extract:  72%|#######2  | 418/578 [01:13<00:20,  7.78it/s]
Extract:  72%|#######2  | 419/578 [01:13<00:21,  7.29it/s]
Extract:  73%|#######2  | 421/578 [01:14<00:24,  6.36it/s]
Extract:  73%|#######3  | 424/578 [01:14<00:18,  8.48it/s]
Extract:  74%|#######3  | 425/578 [01:14<00:21,  7.25it/s]
Extract:  74%|#######3  | 426/578 [01:14<00:20,  7.34it/s]
Extract:  74%|#######3  | 427/578 [01:15<00:31,  4.85it/s]
Extract:  74%|#######4  | 428/578 [01:15<00:36,  4.06it/s]
Extract:  74%|#######4  | 429/578 [01:15<00:40,  3.66it/s]
Extract:  75%|#######4  | 431/578 [01:15<00:26,  5.51it/s]
Extract:  75%|#######4  | 432/578 [01:16<00:24,  6.02it/s]
Extract:  75%|#######5  | 434/578 [01:16<00:25,  5.70it/s]
Extract:  75%|#######5  | 435/578 [01:16<00:23,  6.11it/s]
Extract:  76%|#######5  | 437/578 [01:16<00:19,  7.30it/s]
Extract:  76%|#######5  | 439/578 [01:17<00:20,  6.76it/s]
Extract:  76%|#######6  | 441/578 [01:17<00:24,  5.61it/s]
Extract:  77%|#######6  | 443/578 [01:17<00:19,  6.77it/s]
Extract:  77%|#######6  | 445/578 [01:18<00:33,  3.93it/s]
Extract:  78%|#######7  | 448/578 [01:18<00:22,  5.81it/s]
Extract:  78%|#######7  | 450/578 [01:19<00:26,  4.77it/s]
Extract:  78%|#######8  | 451/578 [01:19<00:29,  4.24it/s]
Extract:  78%|#######8  | 452/578 [01:20<00:28,  4.43it/s]
Extract:  79%|#######8  | 454/578 [01:20<00:23,  5.23it/s]
Extract:  79%|#######8  | 456/578 [01:20<00:19,  6.41it/s]
Extract:  79%|#######9  | 458/578 [01:20<00:17,  6.86it/s]
Extract:  80%|#######9  | 461/578 [01:20<00:12,  9.11it/s]
Extract:  80%|########  | 463/578 [01:21<00:14,  7.67it/s]
Extract:  80%|########  | 465/578 [01:21<00:12,  9.27it/s]
Extract:  81%|########  | 467/578 [01:21<00:16,  6.85it/s]
Extract:  81%|########  | 468/578 [01:22<00:21,  5.01it/s]
Extract:  81%|########1 | 470/578 [01:22<00:18,  5.81it/s]
Extract:  81%|########1 | 471/578 [01:22<00:19,  5.43it/s]
Extract:  82%|########1 | 472/578 [01:22<00:20,  5.06it/s]
Extract:  82%|########1 | 473/578 [01:23<00:19,  5.37it/s]
Extract:  82%|########2 | 474/578 [01:23<00:19,  5.34it/s]
Extract:  82%|########2 | 475/578 [01:23<00:17,  5.99it/s]
Extract:  82%|########2 | 476/578 [01:23<00:24,  4.17it/s]
Extract:  83%|########2 | 478/578 [01:24<00:17,  5.67it/s]
Extract:  83%|########3 | 480/578 [01:24<00:13,  7.10it/s]
Extract:  83%|########3 | 481/578 [01:24<00:14,  6.61it/s]
Extract:  84%|########3 | 483/578 [01:24<00:11,  8.42it/s]
Extract:  84%|########4 | 486/578 [01:24<00:07, 11.86it/s]
Extract:  84%|########4 | 488/578 [01:24<00:07, 11.45it/s]
Extract:  85%|########4 | 490/578 [01:25<00:13,  6.59it/s]
Extract:  85%|########5 | 492/578 [01:26<00:24,  3.58it/s]
Extract:  85%|########5 | 493/578 [01:26<00:21,  3.96it/s]
Extract:  85%|########5 | 494/578 [01:26<00:20,  4.05it/s]
Extract:  86%|########5 | 496/578 [01:27<00:14,  5.56it/s]
Extract:  86%|########6 | 498/578 [01:27<00:15,  5.05it/s]
Extract:  87%|########6 | 500/578 [01:27<00:11,  6.64it/s]
Extract:  87%|########7 | 503/578 [01:27<00:08,  9.21it/s]
Extract:  87%|########7 | 505/578 [01:28<00:12,  6.07it/s]
Extract:  88%|########7 | 507/578 [01:28<00:09,  7.31it/s]
Extract:  88%|########8 | 509/578 [01:28<00:09,  7.50it/s]
Extract:  88%|########8 | 511/578 [01:29<00:09,  6.77it/s]
Extract:  89%|########8 | 512/578 [01:29<00:10,  6.10it/s]
Extract:  89%|########9 | 515/578 [01:29<00:08,  7.60it/s]
Extract:  89%|########9 | 516/578 [01:30<00:10,  5.82it/s]
Extract:  89%|########9 | 517/578 [01:30<00:11,  5.54it/s]
Extract:  90%|########9 | 519/578 [01:30<00:09,  6.31it/s]
Extract:  90%|######### | 521/578 [01:30<00:07,  7.92it/s]
Extract:  90%|######### | 523/578 [01:30<00:07,  7.41it/s]
Extract:  91%|######### | 525/578 [01:31<00:06,  8.62it/s]
Extract:  91%|#########1| 527/578 [01:31<00:08,  6.27it/s]
Extract:  92%|#########1| 529/578 [01:31<00:06,  7.19it/s]
Extract:  92%|#########1| 531/578 [01:31<00:05,  7.99it/s]
Extract:  92%|#########2| 533/578 [01:32<00:04,  9.04it/s]
Extract:  93%|#########2| 535/578 [01:32<00:04,  8.84it/s]
Extract:  93%|#########2| 537/578 [01:32<00:04,  9.88it/s]
Extract:  93%|#########3| 539/578 [01:32<00:04,  9.62it/s]
Extract:  94%|#########3| 541/578 [01:33<00:05,  6.89it/s]
Extract:  94%|#########3| 543/578 [01:33<00:04,  7.43it/s]
Extract:  94%|#########4| 545/578 [01:33<00:03,  8.89it/s]
Extract:  95%|#########4| 547/578 [01:34<00:06,  4.77it/s]
Extract:  95%|#########5| 550/578 [01:35<00:06,  4.64it/s]
Extract:  96%|#########5| 553/578 [01:35<00:04,  5.05it/s]
Extract:  96%|#########5| 554/578 [01:36<00:05,  4.27it/s]
Extract:  96%|#########6| 555/578 [01:36<00:06,  3.46it/s]
Extract:  96%|#########6| 556/578 [01:36<00:06,  3.60it/s]
Extract:  96%|#########6| 557/578 [01:36<00:05,  3.96it/s]
Extract:  97%|#########6| 559/578 [01:37<00:03,  5.69it/s]
Extract:  97%|#########6| 560/578 [01:37<00:04,  4.25it/s]
Extract:  97%|#########7| 561/578 [01:37<00:03,  4.33it/s]
Extract:  98%|#########7| 564/578 [01:38<00:02,  5.23it/s]
Extract:  98%|#########7| 565/578 [01:38<00:02,  4.48it/s]
Extract:  98%|#########7| 566/578 [01:38<00:02,  5.01it/s]
Extract:  98%|#########8| 567/578 [01:38<00:02,  5.21it/s]
Extract:  98%|#########8| 568/578 [01:39<00:02,  3.85it/s]
Extract:  99%|#########8| 570/578 [01:39<00:01,  5.33it/s]
Extract:  99%|#########8| 572/578 [01:39<00:00,  7.07it/s]
Extract:  99%|#########9| 575/578 [01:39<00:00,  9.24it/s]
Extract: 100%|#########9| 577/578 [01:40<00:00,  7.39it/s]
Extract: 100%|##########| 578/578 [01:40<00:00,  5.76it/s]

Extract:   0%|          | 0/578 [00:00<?, ?it/s]
Extract:   0%|          | 2/578 [00:00<00:33, 17.37it/s]
Extract:   1%|          | 4/578 [00:00<00:58,  9.89it/s]
Extract:   1%|1         | 6/578 [00:00<00:57,  9.94it/s]
Extract:   1%|1         | 8/578 [00:01<01:30,  6.32it/s]
Extract:   2%|1         | 9/578 [00:01<01:34,  6.03it/s]
Extract:   2%|1         | 10/578 [00:01<01:34,  6.04it/s]
Extract:   2%|1         | 11/578 [00:01<01:29,  6.35it/s]
Extract:   2%|2         | 12/578 [00:01<01:48,  5.23it/s]
Extract:   2%|2         | 14/578 [00:02<01:55,  4.87it/s]
Extract:   3%|2         | 15/578 [00:02<02:25,  3.87it/s]
Extract:   3%|2         | 16/578 [00:02<02:03,  4.55it/s]
Extract:   3%|3         | 19/578 [00:02<01:11,  7.85it/s]
Extract:   4%|3         | 21/578 [00:03<01:36,  5.78it/s]
Extract:   4%|3         | 22/578 [00:03<01:43,  5.38it/s]
Extract:   4%|3         | 23/578 [00:04<01:54,  4.84it/s]
Extract:   4%|4         | 24/578 [00:04<01:42,  5.41it/s]
Extract:   4%|4         | 26/578 [00:04<01:21,  6.78it/s]
Extract:   5%|4         | 27/578 [00:04<02:02,  4.51it/s]
Extract:   5%|5         | 29/578 [00:04<01:35,  5.76it/s]
Extract:   5%|5         | 30/578 [00:05<01:38,  5.55it/s]
Extract:   5%|5         | 31/578 [00:05<01:37,  5.63it/s]
Extract:   6%|5         | 34/578 [00:05<00:59,  9.13it/s]
Extract:   6%|6         | 36/578 [00:05<00:48, 11.09it/s]
Extract:   7%|6         | 38/578 [00:05<00:56,  9.62it/s]
Extract:   7%|6         | 40/578 [00:06<00:51, 10.47it/s]
Extract:   7%|7         | 42/578 [00:06<01:21,  6.55it/s]
Extract:   7%|7         | 43/578 [00:06<01:35,  5.63it/s]
Extract:   8%|7         | 46/578 [00:07<01:06,  7.98it/s]
Extract:   8%|8         | 48/578 [00:07<00:58,  9.04it/s]
Extract:   9%|8         | 50/578 [00:07<01:29,  5.92it/s]
Extract:   9%|8         | 51/578 [00:08<01:53,  4.64it/s]
Extract:   9%|8         | 52/578 [00:08<02:19,  3.76it/s]
Extract:   9%|9         | 54/578 [00:09<02:12,  3.96it/s]
Extract:  10%|9         | 55/578 [00:09<02:13,  3.93it/s]
Extract:  10%|9         | 56/578 [00:09<01:59,  4.38it/s]
Extract:  10%|#         | 58/578 [00:09<01:43,  5.02it/s]
Extract:  10%|#         | 59/578 [00:10<02:11,  3.95it/s]
Extract:  10%|#         | 60/578 [00:10<02:30,  3.44it/s]
Extract:  11%|#         | 61/578 [00:11<02:32,  3.40it/s]
Extract:  11%|#         | 63/578 [00:11<01:38,  5.20it/s]
Extract:  11%|#1        | 64/578 [00:11<01:46,  4.85it/s]
Extract:  11%|#1        | 65/578 [00:11<02:03,  4.15it/s]
Extract:  12%|#1        | 67/578 [00:12<01:58,  4.32it/s]
Extract:  12%|#1        | 69/578 [00:12<01:29,  5.70it/s]
Extract:  12%|#2        | 71/578 [00:12<01:12,  7.02it/s]
Extract:  13%|#2        | 73/578 [00:12<01:19,  6.37it/s]
Extract:  13%|#2        | 75/578 [00:13<01:05,  7.65it/s]
Extract:  13%|#3        | 76/578 [00:13<01:25,  5.88it/s]
Extract:  13%|#3        | 77/578 [00:13<02:05,  3.98it/s]
Extract:  14%|#3        | 79/578 [00:14<01:30,  5.53it/s]
Extract:  14%|#3        | 80/578 [00:14<01:23,  5.97it/s]
Extract:  14%|#4        | 81/578 [00:14<01:15,  6.56it/s]
Extract:  14%|#4        | 82/578 [00:14<01:13,  6.79it/s]
Extract:  14%|#4        | 83/578 [00:14<01:14,  6.64it/s]
Extract:  15%|#4        | 84/578 [00:15<02:04,  3.97it/s]
Extract:  15%|#4        | 85/578 [00:15<01:49,  4.52it/s]
Extract:  15%|#4        | 86/578 [00:15<01:50,  4.47it/s]
Extract:  15%|#5        | 88/578 [00:15<01:18,  6.26it/s]
Extract:  15%|#5        | 89/578 [00:16<02:44,  2.98it/s]
Extract:  16%|#5        | 90/578 [00:16<02:33,  3.17it/s]
Extract:  16%|#5        | 91/578 [00:17<03:20,  2.42it/s]
Extract:  16%|#5        | 92/578 [00:18<03:58,  2.04it/s]
Extract:  16%|#6        | 94/578 [00:18<02:58,  2.72it/s]
Extract:  17%|#6        | 96/578 [00:19<02:51,  2.81it/s]
Extract:  17%|#6        | 97/578 [00:19<02:29,  3.21it/s]
Extract:  17%|#6        | 98/578 [00:19<02:23,  3.35it/s]
Extract:  17%|#7        | 99/578 [00:19<02:00,  3.99it/s]
Extract:  17%|#7        | 100/578 [00:20<02:02,  3.89it/s]
Extract:  17%|#7        | 101/578 [00:20<01:44,  4.55it/s]
Extract:  18%|#7        | 104/578 [00:20<01:00,  7.85it/s]
Extract:  18%|#8        | 106/578 [00:20<01:10,  6.73it/s]
Extract:  19%|#8        | 107/578 [00:21<01:46,  4.43it/s]
Extract:  19%|#8        | 108/578 [00:21<01:45,  4.45it/s]
Extract:  19%|#9        | 110/578 [00:21<01:26,  5.44it/s]
Extract:  19%|#9        | 111/578 [00:21<01:22,  5.67it/s]
Extract:  20%|#9        | 113/578 [00:21<01:02,  7.44it/s]
Extract:  20%|#9        | 114/578 [00:22<01:18,  5.94it/s]
Extract:  20%|#9        | 115/578 [00:22<01:10,  6.56it/s]
Extract:  20%|##        | 116/578 [00:22<01:23,  5.56it/s]
Extract:  20%|##        | 117/578 [00:22<01:43,  4.44it/s]
Extract:  21%|##        | 120/578 [00:23<01:38,  4.65it/s]
Extract:  21%|##        | 121/578 [00:24<02:09,  3.52it/s]
Extract:  21%|##1       | 123/578 [00:24<01:31,  4.95it/s]
Extract:  22%|##1       | 125/578 [00:24<01:33,  4.84it/s]
Extract:  22%|##1       | 126/578 [00:24<01:27,  5.15it/s]
Extract:  22%|##1       | 127/578 [00:24<01:25,  5.30it/s]
Extract:  22%|##2       | 129/578 [00:25<01:01,  7.29it/s]
Extract:  23%|##2       | 131/578 [00:25<01:32,  4.82it/s]
Extract:  23%|##2       | 132/578 [00:25<01:27,  5.10it/s]
Extract:  23%|##3       | 133/578 [00:26<01:36,  4.63it/s]
Extract:  23%|##3       | 135/578 [00:26<01:20,  5.50it/s]
Extract:  24%|##3       | 136/578 [00:26<01:21,  5.43it/s]
Extract:  24%|##3       | 137/578 [00:27<01:49,  4.01it/s]
Extract:  24%|##3       | 138/578 [00:27<02:19,  3.15it/s]
Extract:  24%|##4       | 139/578 [00:27<02:14,  3.25it/s]
Extract:  25%|##4       | 142/578 [00:28<01:13,  5.91it/s]
Extract:  25%|##5       | 146/578 [00:28<01:02,  6.90it/s]
Extract:  26%|##5       | 148/578 [00:28<00:57,  7.51it/s]
Extract:  26%|##5       | 149/578 [00:29<01:12,  5.92it/s]
Extract:  26%|##5       | 150/578 [00:29<01:07,  6.35it/s]
Extract:  26%|##6       | 153/578 [00:29<01:17,  5.52it/s]
Extract:  27%|##6       | 155/578 [00:30<01:16,  5.56it/s]
Extract:  27%|##7       | 157/578 [00:30<01:00,  6.97it/s]
Extract:  28%|##7       | 159/578 [00:30<00:51,  8.19it/s]
Extract:  28%|##7       | 161/578 [00:30<00:48,  8.66it/s]
Extract:  28%|##8       | 163/578 [00:31<01:06,  6.27it/s]
Extract:  29%|##8       | 165/578 [00:31<00:58,  7.06it/s]
Extract:  29%|##8       | 166/578 [00:31<00:55,  7.38it/s]
Extract:  29%|##8       | 167/578 [00:31<01:25,  4.80it/s]
Extract:  29%|##9       | 168/578 [00:32<01:16,  5.32it/s]
Extract:  29%|##9       | 170/578 [00:32<00:59,  6.80it/s]
Extract:  30%|##9       | 172/578 [00:32<00:54,  7.41it/s]
Extract:  30%|##9       | 173/578 [00:32<01:12,  5.56it/s]
Extract:  30%|###       | 175/578 [00:33<01:00,  6.65it/s]
Extract:  30%|###       | 176/578 [00:33<00:56,  7.13it/s]
Extract:  31%|###       | 177/578 [00:33<01:19,  5.04it/s]
Extract:  31%|###       | 178/578 [00:33<01:19,  5.06it/s]
Extract:  31%|###1      | 180/578 [00:34<01:14,  5.38it/s]
Extract:  31%|###1      | 181/578 [00:34<01:30,  4.41it/s]
Extract:  31%|###1      | 182/578 [00:34<01:22,  4.81it/s]
Extract:  32%|###1      | 184/578 [00:34<01:04,  6.07it/s]
Extract:  32%|###2      | 185/578 [00:35<01:24,  4.66it/s]
Extract:  32%|###2      | 186/578 [00:35<01:18,  5.02it/s]
Extract:  33%|###2      | 188/578 [00:35<01:03,  6.17it/s]
Extract:  33%|###2      | 189/578 [00:36<01:32,  4.20it/s]
Extract:  33%|###3      | 191/578 [00:36<01:15,  5.14it/s]
Extract:  33%|###3      | 193/578 [00:36<01:01,  6.22it/s]
Extract:  34%|###3      | 195/578 [00:36<00:47,  8.05it/s]
Extract:  34%|###4      | 197/578 [00:37<00:58,  6.53it/s]
Extract:  34%|###4      | 198/578 [00:37<00:55,  6.85it/s]
Extract:  35%|###4      | 201/578 [00:37<00:52,  7.16it/s]
Extract:  35%|###4      | 202/578 [00:37<01:02,  6.02it/s]
Extract:  35%|###5      | 203/578 [00:38<01:29,  4.19it/s]
Extract:  36%|###5      | 206/578 [00:38<01:00,  6.19it/s]
Extract:  36%|###5      | 207/578 [00:38<01:02,  5.93it/s]
Extract:  36%|###6      | 210/578 [00:38<00:44,  8.23it/s]
Extract:  37%|###6      | 212/578 [00:39<00:50,  7.30it/s]
Extract:  37%|###6      | 213/578 [00:39<00:48,  7.57it/s]
Extract:  37%|###7      | 215/578 [00:39<00:53,  6.78it/s]
Extract:  38%|###7      | 217/578 [00:39<00:45,  7.89it/s]
Extract:  38%|###8      | 220/578 [00:40<00:32, 10.88it/s]
Extract:  38%|###8      | 222/578 [00:40<00:28, 12.28it/s]
Extract:  39%|###8      | 224/578 [00:40<00:26, 13.26it/s]
Extract:  39%|###9      | 226/578 [00:40<00:46,  7.55it/s]
Extract:  39%|###9      | 228/578 [00:41<00:41,  8.41it/s]
Extract:  40%|###9      | 230/578 [00:41<00:46,  7.44it/s]
Extract:  40%|####      | 232/578 [00:41<00:48,  7.16it/s]
Extract:  40%|####      | 234/578 [00:41<00:42,  8.03it/s]
Extract:  41%|####      | 235/578 [00:41<00:41,  8.25it/s]
Extract:  41%|####      | 236/578 [00:42<00:57,  5.91it/s]
Extract:  41%|####1     | 237/578 [00:42<01:08,  4.96it/s]
Extract:  42%|####1     | 240/578 [00:42<00:46,  7.34it/s]
Extract:  42%|####2     | 243/578 [00:42<00:32, 10.29it/s]
Extract:  42%|####2     | 245/578 [00:43<00:50,  6.56it/s]
Extract:  43%|####2     | 247/578 [00:43<00:45,  7.23it/s]
Extract:  43%|####3     | 249/578 [00:44<00:46,  7.09it/s]
Extract:  43%|####3     | 250/578 [00:44<00:44,  7.42it/s]
Extract:  43%|####3     | 251/578 [00:44<00:42,  7.73it/s]
Extract:  44%|####3     | 254/578 [00:44<00:27, 11.61it/s]
Extract:  44%|####4     | 256/578 [00:44<00:45,  7.14it/s]
Extract:  45%|####4     | 258/578 [00:45<00:37,  8.53it/s]
Extract:  45%|####4     | 260/578 [00:45<00:32,  9.87it/s]
Extract:  45%|####5     | 262/578 [00:45<00:35,  8.93it/s]
Extract:  46%|####5     | 264/578 [00:45<00:51,  6.15it/s]
Extract:  46%|####5     | 265/578 [00:46<00:51,  6.09it/s]
Extract:  46%|####6     | 266/578 [00:46<00:48,  6.47it/s]
Extract:  46%|####6     | 267/578 [00:46<00:53,  5.81it/s]
Extract:  47%|####6     | 269/578 [00:46<00:56,  5.47it/s]
Extract:  47%|####7     | 273/578 [00:47<00:40,  7.56it/s]
Extract:  47%|####7     | 274/578 [00:47<00:50,  6.05it/s]
Extract:  48%|####7     | 275/578 [00:48<01:07,  4.48it/s]
Extract:  48%|####7     | 276/578 [00:48<01:01,  4.92it/s]
Extract:  48%|####7     | 277/578 [00:48<00:55,  5.44it/s]
Extract:  48%|####8     | 280/578 [00:48<00:40,  7.34it/s]
Extract:  49%|####8     | 283/578 [00:48<00:36,  8.06it/s]
Extract:  49%|####9     | 285/578 [00:49<00:34,  8.54it/s]
Extract:  49%|####9     | 286/578 [00:49<00:34,  8.35it/s]
Extract:  50%|####9     | 288/578 [00:49<00:31,  9.10it/s]
Extract:  50%|#####     | 289/578 [00:49<00:36,  7.88it/s]
Extract:  50%|#####     | 290/578 [00:50<00:54,  5.28it/s]
Extract:  51%|#####     | 292/578 [00:50<00:39,  7.31it/s]
Extract:  51%|#####     | 294/578 [00:50<00:33,  8.55it/s]
Extract:  51%|#####1    | 296/578 [00:51<00:57,  4.89it/s]
Extract:  51%|#####1    | 297/578 [00:51<01:06,  4.25it/s]
Extract:  52%|#####1    | 299/578 [00:51<00:47,  5.86it/s]
Extract:  52%|#####2    | 301/578 [00:51<00:45,  6.07it/s]
Extract:  53%|#####2    | 304/578 [00:52<00:45,  5.99it/s]
Extract:  53%|#####2    | 305/578 [00:52<00:44,  6.20it/s]
Extract:  53%|#####3    | 307/578 [00:52<00:43,  6.29it/s]
Extract:  53%|#####3    | 308/578 [00:52<00:44,  6.07it/s]
Extract:  53%|#####3    | 309/578 [00:53<01:08,  3.96it/s]
Extract:  54%|#####3    | 310/578 [00:53<01:04,  4.16it/s]
Extract:  54%|#####3    | 311/578 [00:54<01:14,  3.59it/s]
Extract:  54%|#####3    | 312/578 [00:54<01:19,  3.35it/s]
Extract:  54%|#####4    | 314/578 [00:54<01:02,  4.20it/s]
Extract:  55%|#####4    | 316/578 [00:55<00:50,  5.14it/s]
Extract:  55%|#####5    | 318/578 [00:55<01:00,  4.30it/s]
Extract:  55%|#####5    | 319/578 [00:55<00:54,  4.76it/s]
Extract:  55%|#####5    | 320/578 [00:56<01:01,  4.18it/s]
Extract:  56%|#####5    | 321/578 [00:56<00:52,  4.86it/s]
Extract:  56%|#####5    | 322/578 [00:56<00:51,  4.99it/s]
Extract:  56%|#####5    | 323/578 [00:56<00:45,  5.65it/s]
Extract:  56%|#####6    | 326/578 [00:56<00:32,  7.85it/s]
Extract:  57%|#####6    | 328/578 [00:56<00:28,  8.72it/s]
Extract:  57%|#####7    | 330/578 [00:57<00:25,  9.70it/s]
Extract:  57%|#####7    | 332/578 [00:57<00:30,  8.02it/s]
Extract:  58%|#####7    | 334/578 [00:57<00:25,  9.41it/s]
Extract:  58%|#####8    | 336/578 [00:57<00:22, 10.64it/s]
Extract:  59%|#####8    | 339/578 [00:57<00:20, 11.68it/s]
Extract:  59%|#####8    | 341/578 [00:58<00:20, 11.36it/s]
Extract:  59%|#####9    | 343/578 [00:58<00:21, 10.77it/s]
Extract:  60%|#####9    | 345/578 [00:58<00:33,  7.03it/s]
Extract:  60%|######    | 347/578 [00:59<00:28,  8.20it/s]
Extract:  60%|######    | 349/578 [00:59<00:44,  5.15it/s]
Extract:  61%|######    | 350/578 [00:59<00:41,  5.46it/s]
Extract:  61%|######    | 351/578 [01:00<00:50,  4.48it/s]
Extract:  61%|######1   | 353/578 [01:00<00:45,  4.99it/s]
Extract:  61%|######1   | 355/578 [01:00<00:34,  6.50it/s]
Extract:  62%|######1   | 356/578 [01:01<00:41,  5.38it/s]
Extract:  62%|######1   | 357/578 [01:01<00:43,  5.10it/s]
Extract:  62%|######2   | 359/578 [01:01<00:33,  6.58it/s]
Extract:  62%|######2   | 360/578 [01:01<00:33,  6.42it/s]
Extract:  63%|######2   | 362/578 [01:02<00:45,  4.78it/s]
Extract:  63%|######3   | 365/578 [01:02<00:31,  6.83it/s]
Extract:  63%|######3   | 366/578 [01:02<00:30,  6.93it/s]
Extract:  63%|######3   | 367/578 [01:02<00:41,  5.04it/s]
Extract:  64%|######3   | 368/578 [01:03<00:41,  5.01it/s]
Extract:  64%|######3   | 369/578 [01:03<00:52,  3.99it/s]
Extract:  65%|######4   | 373/578 [01:03<00:31,  6.53it/s]
Extract:  65%|######4   | 374/578 [01:04<00:30,  6.65it/s]
Extract:  65%|######5   | 376/578 [01:04<00:29,  6.91it/s]
Extract:  65%|######5   | 377/578 [01:04<00:30,  6.65it/s]
Extract:  65%|######5   | 378/578 [01:04<00:28,  7.12it/s]
Extract:  66%|######5   | 380/578 [01:04<00:26,  7.40it/s]
Extract:  66%|######5   | 381/578 [01:04<00:27,  7.27it/s]
Extract:  66%|######6   | 382/578 [01:05<00:41,  4.77it/s]
Extract:  66%|######6   | 383/578 [01:05<00:35,  5.46it/s]
Extract:  66%|######6   | 384/578 [01:05<00:37,  5.22it/s]
Extract:  67%|######6   | 386/578 [01:05<00:26,  7.22it/s]
Extract:  67%|######6   | 387/578 [01:06<00:27,  6.85it/s]
Extract:  67%|######7   | 390/578 [01:06<00:19,  9.51it/s]
Extract:  68%|######7   | 392/578 [01:06<00:22,  8.26it/s]
Extract:  68%|######7   | 393/578 [01:06<00:22,  8.24it/s]
Extract:  68%|######8   | 394/578 [01:06<00:22,  8.10it/s]
Extract:  68%|######8   | 395/578 [01:06<00:24,  7.61it/s]
Extract:  69%|######8   | 397/578 [01:07<00:19,  9.15it/s]
Extract:  69%|######9   | 399/578 [01:07<00:16, 10.86it/s]
Extract:  69%|######9   | 401/578 [01:07<00:13, 12.65it/s]
Extract:  70%|######9   | 404/578 [01:07<00:11, 14.94it/s]
Extract:  70%|#######   | 406/578 [01:07<00:12, 14.25it/s]
Extract:  71%|#######   | 408/578 [01:08<00:20,  8.23it/s]
Extract:  71%|#######   | 410/578 [01:08<00:17,  9.64it/s]
Extract:  71%|#######1  | 412/578 [01:08<00:16, 10.26it/s]
Extract:  72%|#######1  | 414/578 [01:08<00:17,  9.63it/s]
Extract:  72%|#######1  | 416/578 [01:09<00:21,  7.46it/s]
Extract:  72%|#######2  | 418/578 [01:09<00:18,  8.47it/s]
Extract:  73%|#######2  | 420/578 [01:09<00:17,  9.02it/s]
Extract:  73%|#######3  | 422/578 [01:09<00:19,  8.17it/s]
Extract:  73%|#######3  | 424/578 [01:09<00:16,  9.22it/s]
Extract:  74%|#######3  | 426/578 [01:10<00:18,  8.31it/s]
Extract:  74%|#######3  | 427/578 [01:10<00:25,  5.94it/s]
Extract:  74%|#######4  | 428/578 [01:10<00:30,  4.85it/s]
Extract:  74%|#######4  | 429/578 [01:11<00:39,  3.74it/s]
Extract:  75%|#######4  | 431/578 [01:11<00:27,  5.40it/s]
Extract:  75%|#######4  | 432/578 [01:11<00:26,  5.61it/s]
Extract:  75%|#######5  | 434/578 [01:12<00:28,  5.09it/s]
Extract:  75%|#######5  | 436/578 [01:12<00:21,  6.53it/s]
Extract:  76%|#######5  | 437/578 [01:12<00:21,  6.58it/s]
Extract:  76%|#######5  | 438/578 [01:12<00:20,  6.90it/s]
Extract:  76%|#######5  | 439/578 [01:12<00:23,  6.00it/s]
Extract:  76%|#######6  | 441/578 [01:13<00:22,  6.16it/s]
Extract:  77%|#######6  | 443/578 [01:13<00:16,  8.04it/s]
Extract:  77%|#######6  | 444/578 [01:13<00:16,  8.27it/s]
Extract:  77%|#######6  | 445/578 [01:13<00:24,  5.32it/s]
Extract:  78%|#######7  | 448/578 [01:13<00:14,  8.79it/s]
Extract:  78%|#######7  | 450/578 [01:14<00:17,  7.41it/s]
Extract:  78%|#######8  | 452/578 [01:15<00:29,  4.33it/s]
Extract:  79%|#######8  | 454/578 [01:15<00:22,  5.60it/s]
Extract:  79%|#######8  | 456/578 [01:15<00:17,  7.04it/s]
Extract:  79%|#######9  | 458/578 [01:15<00:16,  7.40it/s]
Extract:  80%|#######9  | 461/578 [01:15<00:12,  9.36it/s]
Extract:  80%|########  | 463/578 [01:16<00:13,  8.47it/s]
Extract:  81%|########  | 466/578 [01:16<00:11,  9.94it/s]
Extract:  81%|########  | 468/578 [01:16<00:15,  7.07it/s]
Extract:  81%|########1 | 470/578 [01:17<00:14,  7.34it/s]
Extract:  81%|########1 | 471/578 [01:17<00:16,  6.63it/s]
Extract:  82%|########1 | 472/578 [01:17<00:16,  6.56it/s]
Extract:  82%|########1 | 473/578 [01:17<00:15,  6.90it/s]
Extract:  82%|########2 | 474/578 [01:17<00:16,  6.34it/s]
Extract:  82%|########2 | 476/578 [01:18<00:17,  5.72it/s]
Extract:  83%|########2 | 478/578 [01:18<00:14,  7.03it/s]
Extract:  83%|########2 | 479/578 [01:18<00:17,  5.66it/s]
Extract:  83%|########3 | 481/578 [01:18<00:14,  6.81it/s]
Extract:  84%|########3 | 483/578 [01:18<00:11,  8.43it/s]
Extract:  84%|########3 | 485/578 [01:19<00:09,  9.90it/s]
Extract:  84%|########4 | 487/578 [01:19<00:09,  9.40it/s]
Extract:  85%|########4 | 489/578 [01:19<00:11,  7.90it/s]
Extract:  85%|########4 | 491/578 [01:19<00:11,  7.81it/s]
Extract:  85%|########5 | 492/578 [01:20<00:12,  6.93it/s]
Extract:  85%|########5 | 493/578 [01:20<00:11,  7.37it/s]
Extract:  85%|########5 | 494/578 [01:20<00:12,  6.68it/s]
Extract:  86%|########5 | 496/578 [01:20<00:09,  9.03it/s]
Extract:  86%|########6 | 498/578 [01:20<00:12,  6.60it/s]
Extract:  87%|########6 | 501/578 [01:21<00:08,  9.13it/s]
Extract:  87%|########7 | 504/578 [01:21<00:08,  8.90it/s]
Extract:  88%|########7 | 506/578 [01:21<00:09,  7.44it/s]
Extract:  88%|########7 | 508/578 [01:22<00:08,  8.23it/s]
Extract:  88%|########8 | 510/578 [01:22<00:10,  6.34it/s]
Extract:  89%|########8 | 512/578 [01:22<00:09,  7.21it/s]
Extract:  89%|########8 | 514/578 [01:22<00:07,  8.77it/s]
Extract:  89%|########9 | 516/578 [01:23<00:12,  4.95it/s]
Extract:  89%|########9 | 517/578 [01:23<00:12,  4.93it/s]
Extract:  90%|########9 | 519/578 [01:24<00:09,  6.01it/s]
Extract:  90%|########9 | 520/578 [01:24<00:09,  6.33it/s]
Extract:  90%|######### | 522/578 [01:24<00:07,  7.99it/s]
Extract:  91%|######### | 524/578 [01:24<00:06,  7.97it/s]
Extract:  91%|#########1| 526/578 [01:25<00:08,  6.07it/s]
Extract:  91%|#########1| 528/578 [01:25<00:06,  7.63it/s]
Extract:  92%|#########1| 530/578 [01:25<00:05,  8.27it/s]
Extract:  92%|#########2| 532/578 [01:25<00:05,  8.91it/s]
Extract:  92%|#########2| 534/578 [01:25<00:04,  8.87it/s]
Extract:  93%|#########2| 536/578 [01:25<00:04,  9.93it/s]
Extract:  93%|#########3| 538/578 [01:26<00:04,  8.07it/s]
Extract:  93%|#########3| 540/578 [01:26<00:05,  7.46it/s]
Extract:  94%|#########3| 541/578 [01:26<00:04,  7.60it/s]
Extract:  94%|#########3| 543/578 [01:26<00:03,  9.12it/s]
Extract:  94%|#########4| 546/578 [01:27<00:05,  6.13it/s]
Extract:  95%|#########4| 547/578 [01:27<00:05,  5.30it/s]
Extract:  95%|#########5| 550/578 [01:27<00:03,  7.78it/s]
Extract:  96%|#########5| 553/578 [01:28<00:03,  7.32it/s]
Extract:  96%|#########6| 555/578 [01:29<00:04,  5.03it/s]
Extract:  96%|#########6| 556/578 [01:29<00:04,  5.18it/s]
Extract:  96%|#########6| 557/578 [01:29<00:03,  5.29it/s]
Extract:  97%|#########6| 560/578 [01:30<00:03,  5.68it/s]
Extract:  97%|#########7| 561/578 [01:30<00:03,  5.31it/s]
Extract:  98%|#########7| 564/578 [01:31<00:03,  4.65it/s]
Extract:  98%|#########7| 565/578 [01:31<00:03,  4.11it/s]
Extract:  98%|#########7| 566/578 [01:31<00:02,  4.64it/s]
Extract:  98%|#########8| 567/578 [01:31<00:02,  4.94it/s]
Extract:  98%|#########8| 568/578 [01:32<00:02,  3.78it/s]
Extract:  99%|#########8| 570/578 [01:32<00:01,  5.46it/s]
Extract:  99%|#########8| 572/578 [01:32<00:00,  6.49it/s]
Extract:  99%|#########9| 574/578 [01:32<00:00,  8.08it/s]
Extract: 100%|#########9| 576/578 [01:33<00:00,  5.18it/s]
Extract: 100%|##########| 578/578 [01:33<00:00,  6.19it/s]

Extract:   0%|          | 0/578 [00:00<?, ?it/s]
Extract:   0%|          | 2/578 [00:00<00:28, 19.93it/s]
Extract:   1%|          | 4/578 [00:00<00:53, 10.76it/s]
Extract:   1%|1         | 6/578 [00:00<01:01,  9.29it/s]
Extract:   1%|1         | 8/578 [00:01<01:29,  6.35it/s]
Extract:   2%|1         | 9/578 [00:01<01:34,  6.03it/s]
Extract:   2%|1         | 10/578 [00:01<01:36,  5.86it/s]
Extract:   2%|1         | 11/578 [00:01<01:32,  6.11it/s]
Extract:   2%|2         | 12/578 [00:01<01:50,  5.14it/s]
Extract:   2%|2         | 14/578 [00:02<01:40,  5.63it/s]
Extract:   3%|2         | 15/578 [00:02<02:07,  4.42it/s]
Extract:   3%|2         | 16/578 [00:02<01:51,  5.06it/s]
Extract:   3%|3         | 20/578 [00:02<00:57,  9.74it/s]
Extract:   4%|3         | 22/578 [00:03<01:41,  5.49it/s]
Extract:   4%|3         | 23/578 [00:03<01:48,  5.11it/s]
Extract:   4%|4         | 24/578 [00:03<01:42,  5.43it/s]
Extract:   4%|4         | 26/578 [00:04<01:16,  7.19it/s]
Extract:   5%|4         | 28/578 [00:04<01:37,  5.67it/s]
Extract:   5%|5         | 29/578 [00:04<01:33,  5.87it/s]
Extract:   5%|5         | 30/578 [00:04<01:31,  5.98it/s]
Extract:   5%|5         | 31/578 [00:05<01:25,  6.37it/s]
Extract:   6%|5         | 34/578 [00:05<01:00,  8.95it/s]
Extract:   6%|6         | 36/578 [00:05<00:51, 10.52it/s]
Extract:   7%|6         | 38/578 [00:05<00:54,  9.95it/s]
Extract:   7%|6         | 40/578 [00:05<00:51, 10.52it/s]
Extract:   7%|7         | 42/578 [00:06<01:10,  7.56it/s]
Extract:   7%|7         | 43/578 [00:06<01:28,  6.04it/s]
Extract:   8%|7         | 46/578 [00:06<01:03,  8.36it/s]
Extract:   8%|8         | 48/578 [00:06<00:56,  9.36it/s]
Extract:   9%|8         | 50/578 [00:07<01:17,  6.83it/s]
Extract:   9%|8         | 51/578 [00:07<01:26,  6.09it/s]
Extract:   9%|8         | 52/578 [00:07<01:32,  5.66it/s]
Extract:   9%|9         | 54/578 [00:08<01:24,  6.20it/s]
Extract:  10%|9         | 55/578 [00:08<01:39,  5.26it/s]
Extract:  10%|9         | 56/578 [00:08<01:28,  5.87it/s]
Extract:  10%|#         | 58/578 [00:08<01:16,  6.77it/s]
Extract:  10%|#         | 59/578 [00:08<01:25,  6.05it/s]
Extract:  10%|#         | 60/578 [00:09<01:43,  5.01it/s]
Extract:  11%|#         | 61/578 [00:09<01:53,  4.57it/s]
Extract:  11%|#         | 63/578 [00:09<01:16,  6.71it/s]
Extract:  11%|#1        | 64/578 [00:09<01:20,  6.36it/s]
Extract:  11%|#1        | 65/578 [00:10<01:38,  5.21it/s]
Extract:  12%|#1        | 67/578 [00:10<01:52,  4.56it/s]
Extract:  12%|#1        | 69/578 [00:10<01:25,  5.97it/s]
Extract:  12%|#2        | 71/578 [00:10<01:10,  7.17it/s]
Extract:  13%|#2        | 73/578 [00:11<01:26,  5.84it/s]
Extract:  13%|#2        | 75/578 [00:11<01:08,  7.31it/s]
Extract:  13%|#3        | 76/578 [00:11<01:07,  7.47it/s]
Extract:  13%|#3        | 77/578 [00:11<01:22,  6.10it/s]
Extract:  14%|#3        | 80/578 [00:12<00:54,  9.11it/s]
Extract:  14%|#4        | 82/578 [00:12<00:47, 10.38it/s]
Extract:  15%|#4        | 84/578 [00:12<01:07,  7.27it/s]
Extract:  15%|#4        | 86/578 [00:12<00:57,  8.51it/s]
Extract:  15%|#5        | 88/578 [00:12<00:48, 10.18it/s]
Extract:  16%|#5        | 90/578 [00:13<01:11,  6.78it/s]
Extract:  16%|#5        | 92/578 [00:14<01:48,  4.50it/s]
Extract:  16%|#6        | 94/578 [00:14<01:31,  5.29it/s]
Extract:  17%|#6        | 96/578 [00:14<01:37,  4.97it/s]
Extract:  17%|#6        | 98/578 [00:15<01:28,  5.43it/s]
Extract:  17%|#7        | 100/578 [00:15<01:21,  5.86it/s]
Extract:  17%|#7        | 101/578 [00:15<01:18,  6.07it/s]
Extract:  18%|#7        | 104/578 [00:15<00:54,  8.74it/s]
Extract:  18%|#8        | 106/578 [00:16<01:04,  7.31it/s]
Extract:  19%|#8        | 107/578 [00:16<01:28,  5.31it/s]
Extract:  19%|#8        | 108/578 [00:16<01:30,  5.17it/s]
Extract:  19%|#9        | 110/578 [00:16<01:12,  6.44it/s]
Extract:  19%|#9        | 111/578 [00:17<01:07,  6.88it/s]
Extract:  20%|#9        | 113/578 [00:17<00:52,  8.79it/s]
Extract:  20%|#9        | 115/578 [00:17<00:46,  9.97it/s]
Extract:  20%|##        | 117/578 [00:17<01:05,  6.99it/s]
Extract:  21%|##        | 120/578 [00:18<01:12,  6.33it/s]
Extract:  21%|##        | 121/578 [00:18<01:32,  4.96it/s]
Extract:  21%|##1       | 122/578 [00:18<01:23,  5.49it/s]
Extract:  21%|##1       | 123/578 [00:18<01:17,  5.91it/s]
Extract:  22%|##1       | 125/578 [00:19<01:24,  5.36it/s]
Extract:  22%|##1       | 126/578 [00:19<01:21,  5.56it/s]
Extract:  22%|##2       | 128/578 [00:19<01:02,  7.18it/s]
Extract:  22%|##2       | 130/578 [00:20<01:10,  6.32it/s]
Extract:  23%|##2       | 131/578 [00:20<01:23,  5.36it/s]
Extract:  23%|##2       | 132/578 [00:20<01:26,  5.19it/s]
Extract:  23%|##3       | 133/578 [00:20<01:26,  5.17it/s]
Extract:  23%|##3       | 134/578 [00:20<01:16,  5.79it/s]
Extract:  23%|##3       | 135/578 [00:21<01:12,  6.11it/s]
Extract:  24%|##3       | 137/578 [00:21<01:25,  5.16it/s]
Extract:  24%|##3       | 138/578 [00:21<01:47,  4.10it/s]
Extract:  24%|##4       | 139/578 [00:22<01:47,  4.09it/s]
Extract:  25%|##4       | 142/578 [00:22<01:02,  6.97it/s]
Extract:  25%|##5       | 146/578 [00:22<01:03,  6.76it/s]
Extract:  26%|##5       | 148/578 [00:23<00:58,  7.38it/s]
Extract:  26%|##5       | 149/578 [00:23<01:07,  6.33it/s]
Extract:  26%|##5       | 150/578 [00:23<01:03,  6.77it/s]
Extract:  26%|##6       | 153/578 [00:23<01:05,  6.44it/s]
Extract:  27%|##6       | 154/578 [00:24<01:02,  6.83it/s]
Extract:  27%|##6       | 155/578 [00:24<01:16,  5.49it/s]
Extract:  27%|##7       | 158/578 [00:24<00:49,  8.50it/s]
Extract:  28%|##7       | 160/578 [00:24<00:54,  7.73it/s]
Extract:  28%|##8       | 163/578 [00:25<00:53,  7.78it/s]
Extract:  28%|##8       | 164/578 [00:25<00:51,  8.04it/s]
Extract:  29%|##8       | 166/578 [00:25<00:46,  8.79it/s]
Extract:  29%|##9       | 168/578 [00:26<01:03,  6.42it/s]
Extract:  29%|##9       | 170/578 [00:26<00:56,  7.21it/s]
Extract:  30%|##9       | 172/578 [00:26<00:58,  6.96it/s]
Extract:  30%|##9       | 173/578 [00:26<01:20,  5.03it/s]
Extract:  30%|###       | 174/578 [00:27<01:12,  5.56it/s]
Extract:  30%|###       | 176/578 [00:27<00:56,  7.12it/s]
Extract:  31%|###       | 177/578 [00:27<01:13,  5.45it/s]
Extract:  31%|###       | 179/578 [00:27<01:04,  6.16it/s]
Extract:  31%|###1      | 180/578 [00:28<01:16,  5.21it/s]
Extract:  31%|###1      | 181/578 [00:28<01:42,  3.86it/s]
Extract:  31%|###1      | 182/578 [00:28<01:34,  4.20it/s]
Extract:  32%|###1      | 184/578 [00:29<01:13,  5.34it/s]
Extract:  32%|###2      | 185/578 [00:29<01:27,  4.48it/s]
Extract:  32%|###2      | 186/578 [00:29<01:16,  5.16it/s]
Extract:  33%|###2      | 188/578 [00:29<00:58,  6.65it/s]
Extract:  33%|###2      | 189/578 [00:29<01:10,  5.50it/s]
Extract:  33%|###3      | 191/578 [00:30<01:17,  5.02it/s]
Extract:  33%|###3      | 193/578 [00:30<00:56,  6.76it/s]
Extract:  34%|###3      | 195/578 [00:30<00:46,  8.26it/s]
Extract:  34%|###4      | 197/578 [00:31<00:59,  6.37it/s]
Extract:  34%|###4      | 198/578 [00:31<00:57,  6.66it/s]
Extract:  35%|###4      | 201/578 [00:31<00:52,  7.13it/s]
Extract:  35%|###4      | 202/578 [00:31<00:54,  6.92it/s]
Extract:  35%|###5      | 203/578 [00:32<01:11,  5.22it/s]
Extract:  35%|###5      | 205/578 [00:32<00:52,  7.13it/s]
Extract:  36%|###5      | 207/578 [00:32<00:58,  6.30it/s]
Extract:  36%|###6      | 210/578 [00:32<00:43,  8.40it/s]
Extract:  37%|###6      | 212/578 [00:33<00:53,  6.88it/s]
Extract:  37%|###7      | 214/578 [00:33<00:44,  8.23it/s]
Extract:  37%|###7      | 216/578 [00:33<00:49,  7.34it/s]
Extract:  38%|###7      | 217/578 [00:33<00:46,  7.69it/s]
Extract:  38%|###8      | 220/578 [00:33<00:34, 10.36it/s]
Extract:  39%|###8      | 223/578 [00:34<00:26, 13.42it/s]
Extract:  39%|###8      | 225/578 [00:34<00:37,  9.52it/s]
Extract:  39%|###9      | 227/578 [00:34<00:42,  8.28it/s]
Extract:  40%|###9      | 229/578 [00:35<00:40,  8.66it/s]
Extract:  40%|###9      | 231/578 [00:35<01:07,  5.16it/s]
Extract:  40%|####      | 232/578 [00:35<01:03,  5.42it/s]
Extract:  40%|####      | 233/578 [00:36<01:01,  5.61it/s]
Extract:  40%|####      | 234/578 [00:36<00:57,  5.96it/s]
Extract:  41%|####      | 235/578 [00:36<00:54,  6.27it/s]
Extract:  41%|####      | 236/578 [00:36<01:04,  5.32it/s]
Extract:  41%|####1     | 237/578 [00:36<01:11,  4.78it/s]
Extract:  42%|####1     | 240/578 [00:37<00:43,  7.83it/s]
Extract:  42%|####2     | 243/578 [00:37<00:29, 11.39it/s]
Extract:  42%|####2     | 245/578 [00:37<00:43,  7.74it/s]
Extract:  43%|####2     | 247/578 [00:38<00:49,  6.63it/s]
Extract:  43%|####2     | 248/578 [00:38<00:54,  6.03it/s]
Extract:  43%|####3     | 250/578 [00:38<00:46,  6.99it/s]
Extract:  43%|####3     | 251/578 [00:38<00:46,  7.08it/s]
Extract:  44%|####3     | 253/578 [00:38<00:35,  9.15it/s]
Extract:  44%|####4     | 255/578 [00:38<00:36,  8.92it/s]
Extract:  44%|####4     | 257/578 [00:39<00:47,  6.76it/s]
Extract:  45%|####4     | 259/578 [00:39<00:37,  8.54it/s]
Extract:  45%|####5     | 261/578 [00:39<00:31, 10.18it/s]
Extract:  46%|####5     | 263/578 [00:40<00:54,  5.78it/s]
Extract:  46%|####5     | 265/578 [00:40<00:50,  6.16it/s]
Extract:  46%|####6     | 266/578 [00:40<00:59,  5.23it/s]
Extract:  46%|####6     | 267/578 [00:41<01:02,  4.94it/s]
Extract:  46%|####6     | 268/578 [00:41<00:55,  5.56it/s]
Extract:  47%|####6     | 269/578 [00:41<00:58,  5.30it/s]
Extract:  47%|####7     | 273/578 [00:41<00:41,  7.31it/s]
Extract:  47%|####7     | 274/578 [00:42<00:57,  5.33it/s]
Extract:  48%|####7     | 275/578 [00:42<01:05,  4.66it/s]
Extract:  48%|####7     | 276/578 [00:42<01:02,  4.80it/s]
Extract:  48%|####7     | 277/578 [00:42<00:56,  5.33it/s]
Extract:  48%|####8     | 280/578 [00:43<00:48,  6.14it/s]
Extract:  49%|####8     | 283/578 [00:43<00:38,  7.74it/s]
Extract:  49%|####9     | 285/578 [00:43<00:36,  8.09it/s]
Extract:  49%|####9     | 286/578 [00:43<00:36,  8.03it/s]
Extract:  50%|####9     | 288/578 [00:44<00:32,  8.99it/s]
Extract:  50%|#####     | 289/578 [00:44<00:39,  7.40it/s]
Extract:  50%|#####     | 290/578 [00:44<00:51,  5.57it/s]
Extract:  51%|#####     | 292/578 [00:44<00:37,  7.65it/s]
Extract:  51%|#####     | 294/578 [00:44<00:29,  9.52it/s]
Extract:  51%|#####1    | 296/578 [00:45<00:40,  6.94it/s]
Extract:  52%|#####1    | 298/578 [00:45<00:47,  5.94it/s]
Extract:  52%|#####1    | 300/578 [00:45<00:37,  7.50it/s]
Extract:  52%|#####2    | 302/578 [00:46<00:37,  7.38it/s]
Extract:  53%|#####2    | 304/578 [00:46<00:44,  6.22it/s]
Extract:  53%|#####2    | 305/578 [00:46<00:40,  6.66it/s]
Extract:  53%|#####3    | 307/578 [00:46<00:38,  7.01it/s]
Extract:  53%|#####3    | 308/578 [00:47<00:42,  6.41it/s]
Extract:  53%|#####3    | 309/578 [00:47<00:54,  4.92it/s]
Extract:  54%|#####3    | 310/578 [00:47<00:51,  5.23it/s]
Extract:  54%|#####3    | 311/578 [00:48<01:01,  4.32it/s]
Extract:  54%|#####3    | 312/578 [00:48<01:18,  3.38it/s]
Extract:  54%|#####4    | 313/578 [00:48<01:05,  4.05it/s]
Extract:  54%|#####4    | 314/578 [00:48<01:05,  4.01it/s]
Extract:  55%|#####4    | 316/578 [00:49<00:50,  5.17it/s]
Extract:  55%|#####5    | 318/578 [00:49<00:48,  5.40it/s]
Extract:  55%|#####5    | 319/578 [00:49<00:45,  5.63it/s]
Extract:  55%|#####5    | 320/578 [00:49<00:55,  4.63it/s]
Extract:  56%|#####5    | 322/578 [00:50<00:45,  5.68it/s]
Extract:  56%|#####5    | 323/578 [00:50<00:50,  5.05it/s]
Extract:  56%|#####6    | 326/578 [00:50<00:35,  7.16it/s]
Extract:  57%|#####6    | 327/578 [00:50<00:33,  7.41it/s]
Extract:  57%|#####6    | 328/578 [00:50<00:32,  7.61it/s]
Extract:  57%|#####7    | 330/578 [00:51<00:26,  9.32it/s]
Extract:  57%|#####7    | 332/578 [00:51<00:28,  8.75it/s]
Extract:  58%|#####7    | 335/578 [00:51<00:22, 10.77it/s]
Extract:  58%|#####8    | 338/578 [00:51<00:18, 13.29it/s]
Extract:  59%|#####8    | 340/578 [00:51<00:20, 11.42it/s]
Extract:  59%|#####9    | 342/578 [00:52<00:22, 10.41it/s]
Extract:  60%|#####9    | 344/578 [00:52<00:26,  8.86it/s]
Extract:  60%|#####9    | 345/578 [00:52<00:25,  9.03it/s]
Extract:  60%|######    | 347/578 [00:52<00:21, 10.66it/s]
Extract:  60%|######    | 349/578 [00:53<00:43,  5.22it/s]
Extract:  61%|######    | 350/578 [00:53<00:40,  5.57it/s]
Extract:  61%|######    | 351/578 [00:53<00:50,  4.50it/s]
Extract:  61%|######1   | 353/578 [00:54<00:39,  5.66it/s]
Extract:  62%|######1   | 356/578 [00:54<00:32,  6.81it/s]
Extract:  62%|######1   | 357/578 [00:54<00:35,  6.30it/s]
Extract:  62%|######2   | 359/578 [00:54<00:27,  7.83it/s]
Extract:  62%|######2   | 360/578 [00:54<00:26,  8.15it/s]
Extract:  63%|######2   | 362/578 [00:55<00:36,  5.96it/s]
Extract:  63%|######2   | 364/578 [00:55<00:29,  7.32it/s]
Extract:  63%|######3   | 365/578 [00:55<00:29,  7.15it/s]
Extract:  63%|######3   | 366/578 [00:55<00:29,  7.09it/s]
Extract:  63%|######3   | 367/578 [00:56<00:48,  4.34it/s]
Extract:  64%|######3   | 368/578 [00:56<00:44,  4.67it/s]
Extract:  64%|######3   | 369/578 [00:56<00:51,  4.08it/s]
Extract:  65%|######4   | 373/578 [00:57<00:31,  6.57it/s]
Extract:  65%|######4   | 375/578 [00:57<00:25,  7.91it/s]
Extract:  65%|######5   | 376/578 [00:57<00:27,  7.48it/s]
Extract:  65%|######5   | 377/578 [00:57<00:26,  7.70it/s]
Extract:  66%|######5   | 379/578 [00:57<00:22,  8.87it/s]
Extract:  66%|######5   | 380/578 [00:58<00:23,  8.47it/s]
Extract:  66%|######6   | 382/578 [00:58<00:27,  7.09it/s]
Extract:  66%|######6   | 384/578 [00:58<00:34,  5.68it/s]
Extract:  67%|######6   | 386/578 [00:58<00:26,  7.31it/s]
Extract:  67%|######6   | 387/578 [00:59<00:26,  7.13it/s]
Extract:  67%|######7   | 390/578 [00:59<00:18, 10.05it/s]
Extract:  68%|######7   | 392/578 [00:59<00:19,  9.37it/s]
Extract:  68%|######8   | 394/578 [00:59<00:21,  8.39it/s]
Extract:  68%|######8   | 395/578 [01:00<00:23,  7.66it/s]
Extract:  69%|######8   | 397/578 [01:00<00:20,  8.95it/s]
Extract:  69%|######9   | 399/578 [01:00<00:17, 10.00it/s]
Extract:  70%|######9   | 402/578 [01:00<00:13, 12.99it/s]
Extract:  70%|######9   | 404/578 [01:00<00:12, 14.26it/s]
Extract:  70%|#######   | 406/578 [01:00<00:13, 12.87it/s]
Extract:  71%|#######   | 408/578 [01:01<00:21,  7.86it/s]
Extract:  71%|#######   | 410/578 [01:01<00:18,  8.90it/s]
Extract:  71%|#######1  | 413/578 [01:01<00:17,  9.30it/s]
Extract:  72%|#######1  | 415/578 [01:01<00:16, 10.04it/s]
Extract:  72%|#######2  | 417/578 [01:02<00:15, 10.43it/s]
Extract:  72%|#######2  | 419/578 [01:02<00:16,  9.36it/s]
Extract:  73%|#######2  | 421/578 [01:02<00:25,  6.25it/s]
Extract:  73%|#######3  | 424/578 [01:03<00:19,  8.07it/s]
Extract:  74%|#######3  | 426/578 [01:03<00:21,  7.10it/s]
Extract:  74%|#######3  | 427/578 [01:03<00:26,  5.60it/s]
Extract:  74%|#######4  | 428/578 [01:04<00:32,  4.62it/s]
Extract:  74%|#######4  | 429/578 [01:04<00:34,  4.32it/s]
Extract:  75%|#######4  | 431/578 [01:04<00:26,  5.53it/s]
Extract:  75%|#######4  | 432/578 [01:04<00:26,  5.53it/s]
Extract:  75%|#######5  | 434/578 [01:05<00:35,  4.04it/s]
Extract:  75%|#######5  | 435/578 [01:05<00:30,  4.62it/s]
Extract:  76%|#######5  | 437/578 [01:05<00:23,  6.07it/s]
Extract:  76%|#######5  | 438/578 [01:05<00:22,  6.28it/s]
Extract:  76%|#######5  | 439/578 [01:06<00:24,  5.71it/s]
Extract:  76%|#######6  | 441/578 [01:06<00:23,  5.89it/s]
Extract:  77%|#######6  | 443/578 [01:06<00:17,  7.58it/s]
Extract:  77%|#######6  | 445/578 [01:07<00:20,  6.42it/s]
Extract:  78%|#######7  | 448/578 [01:07<00:14,  9.25it/s]
Extract:  78%|#######7  | 450/578 [01:07<00:20,  6.33it/s]
Extract:  78%|#######8  | 451/578 [01:08<00:24,  5.20it/s]
Extract:  78%|#######8  | 452/578 [01:08<00:22,  5.73it/s]
Extract:  79%|#######8  | 454/578 [01:08<00:17,  6.95it/s]
Extract:  79%|#######8  | 456/578 [01:08<00:14,  8.34it/s]
Extract:  79%|#######9  | 458/578 [01:08<00:14,  8.52it/s]
Extract:  80%|#######9  | 461/578 [01:08<00:10, 11.15it/s]
Extract:  80%|########  | 463/578 [01:09<00:14,  7.93it/s]
Extract:  81%|########  | 466/578 [01:09<00:11,  9.46it/s]
Extract:  81%|########  | 468/578 [01:10<00:17,  6.47it/s]
Extract:  81%|########1 | 470/578 [01:10<00:15,  6.82it/s]
Extract:  81%|########1 | 471/578 [01:10<00:16,  6.31it/s]
Extract:  82%|########1 | 472/578 [01:10<00:19,  5.42it/s]
Extract:  82%|########1 | 473/578 [01:11<00:17,  5.86it/s]
Extract:  82%|########2 | 474/578 [01:11<00:16,  6.17it/s]
Extract:  82%|########2 | 475/578 [01:11<00:15,  6.66it/s]
Extract:  82%|########2 | 476/578 [01:11<00:20,  5.07it/s]
Extract:  83%|########2 | 478/578 [01:11<00:14,  6.91it/s]
Extract:  83%|########2 | 479/578 [01:11<00:13,  7.44it/s]
Extract:  83%|########3 | 481/578 [01:11<00:10,  9.35it/s]
Extract:  84%|########3 | 483/578 [01:12<00:08, 11.40it/s]
Extract:  84%|########4 | 486/578 [01:12<00:06, 14.91it/s]
Extract:  84%|########4 | 488/578 [01:12<00:06, 14.36it/s]
Extract:  85%|########4 | 490/578 [01:13<00:13,  6.36it/s]
Extract:  85%|########5 | 492/578 [01:13<00:15,  5.64it/s]
Extract:  85%|########5 | 493/578 [01:13<00:14,  5.67it/s]
Extract:  85%|########5 | 494/578 [01:13<00:14,  5.89it/s]
Extract:  86%|########5 | 497/578 [01:14<00:09,  8.84it/s]
Extract:  86%|########6 | 499/578 [01:14<00:11,  6.87it/s]
Extract:  87%|########6 | 502/578 [01:14<00:07,  9.54it/s]
Extract:  87%|########7 | 504/578 [01:14<00:09,  8.22it/s]
Extract:  88%|########7 | 506/578 [01:15<00:11,  6.53it/s]
Extract:  88%|########7 | 508/578 [01:15<00:09,  7.14it/s]
Extract:  88%|########8 | 510/578 [01:15<00:09,  7.55it/s]
Extract:  89%|########8 | 512/578 [01:15<00:07,  8.36it/s]
Extract:  89%|########9 | 515/578 [01:16<00:06,  9.43it/s]
Extract:  89%|########9 | 517/578 [01:16<00:09,  6.72it/s]
Extract:  90%|########9 | 518/578 [01:17<00:10,  5.79it/s]
Extract:  90%|########9 | 519/578 [01:17<00:10,  5.90it/s]
Extract:  90%|######### | 521/578 [01:17<00:07,  7.62it/s]
Extract:  90%|######### | 523/578 [01:17<00:07,  7.85it/s]
Extract:  91%|######### | 524/578 [01:17<00:06,  8.10it/s]
Extract:  91%|#########1| 526/578 [01:18<00:08,  6.04it/s]
Extract:  91%|#########1| 528/578 [01:18<00:06,  7.52it/s]
Extract:  92%|#########1| 530/578 [01:18<00:05,  8.10it/s]
Extract:  92%|#########2| 532/578 [01:18<00:05,  8.44it/s]
Extract:  92%|#########2| 534/578 [01:19<00:05,  8.01it/s]
Extract:  93%|#########2| 536/578 [01:19<00:04,  9.74it/s]
Extract:  93%|#########3| 538/578 [01:19<00:05,  7.07it/s]
Extract:  93%|#########3| 540/578 [01:19<00:06,  6.30it/s]
Extract:  94%|#########3| 541/578 [01:20<00:05,  6.41it/s]
Extract:  94%|#########3| 543/578 [01:20<00:04,  7.56it/s]
Extract:  94%|#########4| 546/578 [01:20<00:05,  5.85it/s]
Extract:  95%|#########4| 547/578 [01:21<00:06,  4.52it/s]
Extract:  95%|#########5| 550/578 [01:21<00:04,  6.93it/s]
Extract:  96%|#########5| 553/578 [01:22<00:03,  6.41it/s]
Extract:  96%|#########6| 555/578 [01:22<00:04,  4.89it/s]
Extract:  96%|#########6| 556/578 [01:22<00:04,  5.04it/s]
Extract:  96%|#########6| 557/578 [01:23<00:04,  4.95it/s]
Extract:  97%|#########6| 560/578 [01:23<00:02,  6.10it/s]
Extract:  97%|#########7| 561/578 [01:23<00:02,  6.06it/s]
Extract:  98%|#########7| 564/578 [01:24<00:02,  6.24it/s]
Extract:  98%|#########7| 565/578 [01:24<00:03,  3.98it/s]
Extract:  98%|#########7| 566/578 [01:24<00:02,  4.40it/s]
Extract:  98%|#########8| 567/578 [01:25<00:02,  4.56it/s]
Extract:  98%|#########8| 568/578 [01:25<00:02,  3.47it/s]
Extract:  99%|#########8| 570/578 [01:25<00:01,  5.07it/s]
Extract:  99%|#########8| 572/578 [01:25<00:00,  6.17it/s]
Extract:  99%|#########9| 575/578 [01:26<00:00,  8.14it/s]
Extract: 100%|#########9| 577/578 [01:26<00:00,  6.53it/s]
Extract: 100%|##########| 578/578 [01:26<00:00,  6.67it/s]

Extract:   0%|          | 0/578 [00:00<?, ?it/s]
Extract:   0%|          | 2/578 [00:00<00:38, 15.13it/s]
Extract:   1%|          | 4/578 [00:00<01:03,  9.06it/s]
Extract:   1%|1         | 6/578 [00:00<01:09,  8.27it/s]
Extract:   1%|1         | 7/578 [00:00<01:32,  6.19it/s]
Extract:   1%|1         | 8/578 [00:01<02:03,  4.61it/s]
Extract:   2%|1         | 9/578 [00:01<02:11,  4.33it/s]
Extract:   2%|1         | 10/578 [00:01<01:57,  4.82it/s]
Extract:   2%|1         | 11/578 [00:01<01:54,  4.96it/s]
Extract:   2%|2         | 12/578 [00:02<02:29,  3.78it/s]
Extract:   2%|2         | 13/578 [00:02<02:03,  4.59it/s]
Extract:   2%|2         | 14/578 [00:02<02:20,  4.02it/s]
Extract:   3%|2         | 15/578 [00:03<04:14,  2.22it/s]
Extract:   3%|2         | 16/578 [00:03<03:42,  2.52it/s]
Extract:   3%|3         | 18/578 [00:04<02:19,  4.01it/s]
Extract:   3%|3         | 20/578 [00:04<01:44,  5.34it/s]
Extract:   4%|3         | 21/578 [00:05<03:06,  2.98it/s]
Extract:   4%|3         | 22/578 [00:05<03:13,  2.87it/s]
Extract:   4%|3         | 23/578 [00:06<03:24,  2.71it/s]
Extract:   4%|4         | 24/578 [00:06<03:05,  2.99it/s]
Extract:   4%|4         | 26/578 [00:06<02:12,  4.17it/s]
Extract:   5%|4         | 27/578 [00:07<03:20,  2.75it/s]
Extract:   5%|4         | 28/578 [00:07<02:44,  3.35it/s]
Extract:   5%|5         | 29/578 [00:07<02:23,  3.83it/s]
Extract:   5%|5         | 30/578 [00:07<02:12,  4.14it/s]
Extract:   5%|5         | 31/578 [00:08<02:22,  3.84it/s]
Extract:   6%|5         | 34/578 [00:08<01:22,  6.63it/s]
Extract:   6%|6         | 35/578 [00:08<01:20,  6.77it/s]
Extract:   6%|6         | 36/578 [00:08<01:16,  7.04it/s]
Extract:   6%|6         | 37/578 [00:08<01:34,  5.73it/s]
Extract:   7%|6         | 38/578 [00:08<01:37,  5.52it/s]
Extract:   7%|6         | 40/578 [00:09<01:31,  5.87it/s]
Extract:   7%|7         | 41/578 [00:09<01:30,  5.94it/s]
Extract:   7%|7         | 42/578 [00:10<02:56,  3.04it/s]
Extract:   7%|7         | 43/578 [00:10<03:18,  2.70it/s]
Extract:   8%|7         | 45/578 [00:10<02:05,  4.26it/s]
Extract:   8%|7         | 46/578 [00:10<01:54,  4.64it/s]
Extract:   8%|8         | 47/578 [00:11<02:09,  4.10it/s]
Extract:   8%|8         | 49/578 [00:11<01:39,  5.33it/s]
Extract:   9%|8         | 50/578 [00:12<02:42,  3.25it/s]
Extract:   9%|8         | 51/578 [00:12<03:28,  2.53it/s]
Extract:   9%|8         | 52/578 [00:13<03:42,  2.36it/s]
Extract:   9%|9         | 54/578 [00:13<03:01,  2.88it/s]
Extract:  10%|9         | 55/578 [00:14<03:16,  2.67it/s]
Extract:  10%|9         | 56/578 [00:14<02:43,  3.19it/s]
Extract:  10%|#         | 58/578 [00:14<02:05,  4.15it/s]
Extract:  10%|#         | 59/578 [00:14<02:00,  4.32it/s]
Extract:  10%|#         | 60/578 [00:15<02:34,  3.35it/s]
Extract:  11%|#         | 61/578 [00:15<03:03,  2.82it/s]
Extract:  11%|#         | 62/578 [00:16<02:28,  3.48it/s]
Extract:  11%|#1        | 64/578 [00:16<01:50,  4.64it/s]
Extract:  11%|#1        | 65/578 [00:16<02:03,  4.17it/s]
Extract:  11%|#1        | 66/578 [00:16<01:45,  4.86it/s]
Extract:  12%|#1        | 67/578 [00:17<02:57,  2.87it/s]
Extract:  12%|#1        | 69/578 [00:17<02:21,  3.60it/s]
Extract:  12%|#2        | 70/578 [00:18<02:08,  3.96it/s]
Extract:  12%|#2        | 71/578 [00:18<01:56,  4.34it/s]
Extract:  12%|#2        | 72/578 [00:18<01:45,  4.80it/s]
Extract:  13%|#2        | 73/578 [00:18<02:18,  3.65it/s]
Extract:  13%|#2        | 75/578 [00:18<01:39,  5.07it/s]
Extract:  13%|#3        | 76/578 [00:19<01:43,  4.86it/s]
Extract:  13%|#3        | 77/578 [00:19<02:12,  3.77it/s]
Extract:  14%|#3        | 79/578 [00:19<01:43,  4.80it/s]
Extract:  14%|#3        | 80/578 [00:20<01:36,  5.17it/s]
Extract:  14%|#4        | 82/578 [00:20<01:15,  6.55it/s]
Extract:  14%|#4        | 83/578 [00:20<01:19,  6.22it/s]
Extract:  15%|#4        | 84/578 [00:20<01:57,  4.20it/s]
Extract:  15%|#4        | 86/578 [00:21<01:36,  5.10it/s]
Extract:  15%|#5        | 88/578 [00:21<01:10,  6.95it/s]
Extract:  15%|#5        | 89/578 [00:21<01:52,  4.33it/s]
Extract:  16%|#5        | 90/578 [00:22<01:47,  4.55it/s]
Extract:  16%|#5        | 91/578 [00:22<02:56,  2.77it/s]
Extract:  16%|#5        | 92/578 [00:23<03:01,  2.67it/s]
Extract:  16%|#6        | 94/578 [00:23<02:12,  3.65it/s]
Extract:  17%|#6        | 96/578 [00:23<02:00,  4.01it/s]
Extract:  17%|#6        | 97/578 [00:24<01:51,  4.32it/s]
Extract:  17%|#6        | 98/578 [00:24<02:00,  3.97it/s]
Extract:  17%|#7        | 99/578 [00:24<01:48,  4.43it/s]
Extract:  17%|#7        | 100/578 [00:25<02:53,  2.75it/s]
Extract:  17%|#7        | 101/578 [00:25<02:27,  3.23it/s]
Extract:  18%|#7        | 103/578 [00:25<01:33,  5.10it/s]
Extract:  18%|#8        | 105/578 [00:25<01:27,  5.42it/s]
Extract:  19%|#8        | 107/578 [00:26<01:33,  5.03it/s]
Extract:  19%|#8        | 108/578 [00:26<01:33,  5.02it/s]
Extract:  19%|#9        | 110/578 [00:26<01:17,  6.06it/s]
Extract:  19%|#9        | 111/578 [00:26<01:19,  5.85it/s]
Extract:  20%|#9        | 113/578 [00:27<01:01,  7.55it/s]
Extract:  20%|#9        | 115/578 [00:27<00:53,  8.72it/s]
Extract:  20%|##        | 117/578 [00:27<01:03,  7.29it/s]
Extract:  21%|##        | 120/578 [00:28<01:05,  7.01it/s]
Extract:  21%|##        | 121/578 [00:28<01:22,  5.53it/s]
Extract:  21%|##1       | 123/578 [00:28<01:08,  6.69it/s]
Extract:  21%|##1       | 124/578 [00:28<01:04,  7.02it/s]
Extract:  22%|##1       | 125/578 [00:29<02:15,  3.35it/s]
Extract:  22%|##1       | 126/578 [00:29<02:12,  3.41it/s]
Extract:  22%|##2       | 128/578 [00:30<01:38,  4.55it/s]
Extract:  22%|##2       | 130/578 [00:30<01:30,  4.95it/s]
Extract:  23%|##2       | 131/578 [00:30<01:55,  3.87it/s]
Extract:  23%|##2       | 132/578 [00:31<01:59,  3.74it/s]
Extract:  23%|##3       | 133/578 [00:31<01:57,  3.80it/s]
Extract:  23%|##3       | 134/578 [00:31<01:41,  4.35it/s]
Extract:  23%|##3       | 135/578 [00:31<01:31,  4.86it/s]
Extract:  24%|##3       | 136/578 [00:31<01:23,  5.29it/s]
Extract:  24%|##3       | 137/578 [00:32<01:59,  3.68it/s]
Extract:  24%|##3       | 138/578 [00:32<02:14,  3.27it/s]
Extract:  24%|##4       | 139/578 [00:32<02:03,  3.56it/s]
Extract:  25%|##4       | 142/578 [00:33<01:02,  6.94it/s]
Extract:  25%|##5       | 146/578 [00:33<00:55,  7.77it/s]
Extract:  26%|##5       | 148/578 [00:33<00:51,  8.29it/s]
Extract:  26%|##5       | 150/578 [00:34<01:20,  5.34it/s]
Extract:  26%|##6       | 152/578 [00:34<01:04,  6.61it/s]
Extract:  27%|##6       | 154/578 [00:35<01:25,  4.93it/s]
Extract:  27%|##6       | 155/578 [00:35<01:31,  4.63it/s]
Extract:  27%|##7       | 158/578 [00:35<01:02,  6.71it/s]
Extract:  28%|##7       | 160/578 [00:35<00:57,  7.22it/s]
Extract:  28%|##8       | 163/578 [00:36<01:04,  6.42it/s]
Extract:  29%|##8       | 165/578 [00:36<00:57,  7.15it/s]
Extract:  29%|##8       | 166/578 [00:36<00:55,  7.42it/s]
Extract:  29%|##8       | 167/578 [00:37<01:23,  4.90it/s]
Extract:  29%|##9       | 168/578 [00:37<01:18,  5.21it/s]
Extract:  29%|##9       | 169/578 [00:37<01:12,  5.66it/s]
Extract:  29%|##9       | 170/578 [00:37<01:13,  5.56it/s]
Extract:  30%|##9       | 172/578 [00:38<01:14,  5.43it/s]
Extract:  30%|##9       | 173/578 [00:39<02:23,  2.82it/s]
Extract:  30%|###       | 174/578 [00:39<02:13,  3.04it/s]
Extract:  30%|###       | 175/578 [00:39<01:52,  3.59it/s]
Extract:  30%|###       | 176/578 [00:39<01:35,  4.19it/s]
Extract:  31%|###       | 177/578 [00:40<02:01,  3.31it/s]
Extract:  31%|###       | 178/578 [00:40<01:40,  3.98it/s]
Extract:  31%|###1      | 180/578 [00:40<01:34,  4.19it/s]
Extract:  31%|###1      | 181/578 [00:41<02:59,  2.21it/s]
Extract:  31%|###1      | 182/578 [00:43<05:33,  1.19it/s]
Extract:  32%|###1      | 183/578 [00:43<04:21,  1.51it/s]
Extract:  32%|###1      | 184/578 [00:44<03:51,  1.70it/s]
Extract:  32%|###2      | 185/578 [00:44<03:52,  1.69it/s]
Extract:  32%|###2      | 186/578 [00:45<03:01,  2.15it/s]
Extract:  33%|###2      | 188/578 [00:45<02:04,  3.13it/s]
Extract:  33%|###2      | 189/578 [00:45<02:23,  2.72it/s]
Extract:  33%|###3      | 191/578 [00:46<02:11,  2.93it/s]
Extract:  33%|###3      | 193/578 [00:46<01:36,  4.00it/s]
Extract:  34%|###3      | 195/578 [00:46<01:11,  5.37it/s]
Extract:  34%|###4      | 197/578 [00:47<01:21,  4.68it/s]
Extract:  34%|###4      | 198/578 [00:47<01:19,  4.76it/s]
Extract:  35%|###4      | 201/578 [00:48<01:30,  4.15it/s]
Extract:  35%|###4      | 202/578 [00:48<01:31,  4.13it/s]
Extract:  35%|###5      | 203/578 [00:49<01:50,  3.39it/s]
Extract:  36%|###5      | 206/578 [00:49<01:12,  5.12it/s]
Extract:  36%|###5      | 207/578 [00:49<01:42,  3.64it/s]
Extract:  36%|###6      | 209/578 [00:50<01:18,  4.72it/s]
Extract:  36%|###6      | 210/578 [00:50<01:15,  4.85it/s]
Extract:  37%|###6      | 212/578 [00:50<01:23,  4.38it/s]
Extract:  37%|###6      | 213/578 [00:50<01:15,  4.82it/s]
Extract:  37%|###7      | 215/578 [00:51<01:13,  4.96it/s]
Extract:  38%|###7      | 217/578 [00:51<00:59,  6.02it/s]
Extract:  38%|###8      | 220/578 [00:51<00:43,  8.31it/s]
Extract:  38%|###8      | 222/578 [00:51<00:36,  9.78it/s]
Extract:  39%|###8      | 224/578 [00:51<00:33, 10.50it/s]
Extract:  39%|###9      | 226/578 [00:52<00:50,  6.93it/s]
Extract:  39%|###9      | 227/578 [00:52<00:50,  6.95it/s]
Extract:  40%|###9      | 229/578 [00:52<00:45,  7.61it/s]
Extract:  40%|###9      | 230/578 [00:53<01:00,  5.73it/s]
Extract:  40%|###9      | 231/578 [00:53<01:01,  5.62it/s]
Extract:  40%|####      | 232/578 [00:53<01:11,  4.86it/s]
Extract:  40%|####      | 234/578 [00:53<00:58,  5.86it/s]
Extract:  41%|####      | 235/578 [00:54<00:58,  5.86it/s]
Extract:  41%|####      | 236/578 [00:54<01:24,  4.06it/s]
Extract:  41%|####1     | 237/578 [00:54<01:31,  3.74it/s]
Extract:  41%|####1     | 239/578 [00:55<01:00,  5.65it/s]
Extract:  42%|####1     | 240/578 [00:55<00:56,  5.96it/s]
Extract:  42%|####2     | 243/578 [00:55<00:36,  9.28it/s]
Extract:  42%|####2     | 245/578 [00:55<00:50,  6.53it/s]
Extract:  43%|####2     | 247/578 [00:56<00:48,  6.86it/s]
Extract:  43%|####2     | 248/578 [00:56<00:53,  6.12it/s]
Extract:  43%|####3     | 249/578 [00:56<00:51,  6.38it/s]
Extract:  43%|####3     | 250/578 [00:56<00:48,  6.75it/s]
Extract:  43%|####3     | 251/578 [00:56<00:49,  6.67it/s]
Extract:  44%|####3     | 253/578 [00:56<00:39,  8.14it/s]
Extract:  44%|####4     | 255/578 [00:57<00:42,  7.53it/s]
Extract:  44%|####4     | 256/578 [00:57<00:58,  5.50it/s]
Extract:  45%|####4     | 258/578 [00:57<00:44,  7.22it/s]
Extract:  45%|####4     | 260/578 [00:57<00:38,  8.32it/s]
Extract:  45%|####5     | 261/578 [00:58<00:44,  7.17it/s]
Extract:  45%|####5     | 262/578 [00:58<01:15,  4.20it/s]
Extract:  46%|####5     | 263/578 [00:59<01:45,  2.99it/s]
Extract:  46%|####5     | 265/578 [00:59<01:20,  3.88it/s]
Extract:  46%|####6     | 266/578 [00:59<01:13,  4.24it/s]
Extract:  46%|####6     | 267/578 [01:00<01:23,  3.73it/s]
Extract:  46%|####6     | 268/578 [01:00<01:10,  4.40it/s]
Extract:  47%|####6     | 269/578 [01:00<01:15,  4.11it/s]
Extract:  47%|####7     | 273/578 [01:00<00:47,  6.40it/s]
Extract:  47%|####7     | 274/578 [01:01<00:59,  5.07it/s]
Extract:  48%|####7     | 275/578 [01:01<01:11,  4.21it/s]
Extract:  48%|####7     | 276/578 [01:01<01:08,  4.41it/s]
Extract:  48%|####7     | 277/578 [01:01<01:00,  5.01it/s]
Extract:  48%|####8     | 280/578 [01:02<01:04,  4.65it/s]
Extract:  49%|####8     | 282/578 [01:02<00:49,  5.98it/s]
Extract:  49%|####8     | 283/578 [01:03<00:49,  5.91it/s]
Extract:  49%|####9     | 285/578 [01:03<00:45,  6.48it/s]
Extract:  49%|####9     | 286/578 [01:03<00:46,  6.23it/s]
Extract:  50%|####9     | 287/578 [01:03<00:46,  6.26it/s]
Extract:  50%|####9     | 288/578 [01:03<00:44,  6.57it/s]
Extract:  50%|#####     | 289/578 [01:03<00:49,  5.84it/s]
Extract:  50%|#####     | 290/578 [01:04<01:22,  3.50it/s]
Extract:  50%|#####     | 291/578 [01:04<01:07,  4.22it/s]
Extract:  51%|#####     | 293/578 [01:04<00:44,  6.36it/s]
Extract:  51%|#####     | 294/578 [01:04<00:42,  6.68it/s]
Extract:  51%|#####1    | 295/578 [01:05<01:13,  3.86it/s]
Extract:  51%|#####1    | 296/578 [01:05<01:02,  4.50it/s]
Extract:  51%|#####1    | 297/578 [01:06<01:21,  3.45it/s]
Extract:  52%|#####1    | 299/578 [01:06<00:52,  5.28it/s]
Extract:  52%|#####2    | 301/578 [01:06<00:49,  5.64it/s]
Extract:  53%|#####2    | 304/578 [01:07<00:53,  5.15it/s]
Extract:  53%|#####2    | 305/578 [01:07<00:51,  5.33it/s]
Extract:  53%|#####3    | 307/578 [01:08<01:05,  4.15it/s]
Extract:  53%|#####3    | 308/578 [01:08<01:01,  4.36it/s]
Extract:  53%|#####3    | 309/578 [01:08<01:07,  3.98it/s]
Extract:  54%|#####3    | 310/578 [01:08<01:01,  4.39it/s]
Extract:  54%|#####3    | 311/578 [01:09<01:16,  3.49it/s]
Extract:  54%|#####3    | 312/578 [01:09<01:26,  3.08it/s]
Extract:  54%|#####4    | 313/578 [01:09<01:11,  3.71it/s]
Extract:  54%|#####4    | 314/578 [01:09<01:08,  3.87it/s]
Extract:  55%|#####4    | 316/578 [01:10<00:58,  4.51it/s]
Extract:  55%|#####5    | 318/578 [01:10<00:55,  4.72it/s]
Extract:  55%|#####5    | 319/578 [01:10<00:53,  4.86it/s]
Extract:  55%|#####5    | 320/578 [01:11<00:59,  4.31it/s]
Extract:  56%|#####5    | 321/578 [01:11<00:51,  5.02it/s]
Extract:  56%|#####5    | 322/578 [01:11<01:09,  3.67it/s]
Extract:  56%|#####5    | 323/578 [01:11<01:00,  4.19it/s]
Extract:  56%|#####6    | 325/578 [01:11<00:39,  6.33it/s]
Extract:  56%|#####6    | 326/578 [01:12<00:46,  5.40it/s]
Extract:  57%|#####6    | 328/578 [01:12<00:40,  6.11it/s]
Extract:  57%|#####7    | 330/578 [01:12<00:33,  7.49it/s]
Extract:  57%|#####7    | 331/578 [01:12<00:35,  7.02it/s]
Extract:  57%|#####7    | 332/578 [01:13<00:42,  5.85it/s]
Extract:  58%|#####7    | 334/578 [01:13<00:30,  7.97it/s]
Extract:  58%|#####8    | 336/578 [01:13<00:25,  9.45it/s]
Extract:  58%|#####8    | 338/578 [01:13<00:25,  9.50it/s]
Extract:  59%|#####8    | 340/578 [01:13<00:30,  7.68it/s]
Extract:  59%|#####8    | 341/578 [01:14<00:32,  7.33it/s]
Extract:  59%|#####9    | 342/578 [01:14<00:39,  6.04it/s]
Extract:  60%|#####9    | 344/578 [01:14<00:47,  4.92it/s]
Extract:  60%|#####9    | 345/578 [01:15<00:44,  5.27it/s]
Extract:  60%|######    | 347/578 [01:15<00:35,  6.46it/s]
Extract:  60%|######    | 349/578 [01:15<00:47,  4.80it/s]
Extract:  61%|######    | 350/578 [01:16<00:45,  5.03it/s]
Extract:  61%|######    | 351/578 [01:16<00:59,  3.84it/s]
Extract:  61%|######1   | 353/578 [01:16<00:51,  4.37it/s]
Extract:  61%|######1   | 355/578 [01:16<00:37,  5.98it/s]
Extract:  62%|######1   | 356/578 [01:17<00:45,  4.86it/s]
Extract:  62%|######1   | 357/578 [01:17<00:43,  5.06it/s]
Extract:  62%|######2   | 359/578 [01:18<00:48,  4.50it/s]
Extract:  62%|######2   | 360/578 [01:18<00:49,  4.43it/s]
Extract:  62%|######2   | 361/578 [01:18<00:42,  5.07it/s]
Extract:  63%|######2   | 362/578 [01:18<00:53,  4.03it/s]
Extract:  63%|######2   | 364/578 [01:18<00:39,  5.44it/s]
Extract:  63%|######3   | 365/578 [01:19<00:39,  5.36it/s]
Extract:  63%|######3   | 366/578 [01:19<00:46,  4.57it/s]
Extract:  63%|######3   | 367/578 [01:19<00:57,  3.67it/s]
Extract:  64%|######3   | 368/578 [01:20<00:50,  4.16it/s]
Extract:  64%|######3   | 369/578 [01:20<00:59,  3.49it/s]
Extract:  65%|######4   | 373/578 [01:20<00:36,  5.63it/s]
Extract:  65%|######4   | 374/578 [01:21<00:34,  5.88it/s]
Extract:  65%|######5   | 376/578 [01:21<00:32,  6.16it/s]
Extract:  65%|######5   | 377/578 [01:21<00:35,  5.63it/s]
Extract:  66%|######5   | 379/578 [01:21<00:28,  7.04it/s]
Extract:  66%|######5   | 380/578 [01:21<00:31,  6.32it/s]
Extract:  66%|######5   | 381/578 [01:22<00:31,  6.34it/s]
Extract:  66%|######6   | 382/578 [01:22<00:38,  5.03it/s]
Extract:  66%|######6   | 383/578 [01:22<00:34,  5.60it/s]
Extract:  66%|######6   | 384/578 [01:22<00:39,  4.87it/s]
Extract:  67%|######6   | 386/578 [01:22<00:29,  6.52it/s]
Extract:  67%|######6   | 387/578 [01:23<00:29,  6.43it/s]
Extract:  67%|######7   | 389/578 [01:23<00:21,  8.81it/s]
Extract:  68%|######7   | 391/578 [01:23<00:23,  8.06it/s]
Extract:  68%|######7   | 392/578 [01:23<00:24,  7.75it/s]
Extract:  68%|######7   | 393/578 [01:24<00:34,  5.42it/s]
Extract:  68%|######8   | 394/578 [01:24<00:32,  5.72it/s]
Extract:  68%|######8   | 395/578 [01:24<00:57,  3.19it/s]
Extract:  69%|######8   | 397/578 [01:25<00:42,  4.24it/s]
Extract:  69%|######9   | 399/578 [01:25<00:31,  5.70it/s]
Extract:  69%|######9   | 401/578 [01:25<00:23,  7.58it/s]
Extract:  70%|######9   | 403/578 [01:25<00:20,  8.36it/s]
Extract:  70%|#######   | 405/578 [01:25<00:20,  8.46it/s]
Extract:  70%|#######   | 407/578 [01:26<00:32,  5.32it/s]
Extract:  71%|#######   | 408/578 [01:27<00:55,  3.04it/s]
Extract:  71%|#######   | 410/578 [01:27<00:44,  3.81it/s]
Extract:  71%|#######1  | 412/578 [01:27<00:33,  4.94it/s]
Extract:  71%|#######1  | 413/578 [01:28<00:38,  4.27it/s]
Extract:  72%|#######1  | 415/578 [01:28<00:29,  5.56it/s]
Extract:  72%|#######1  | 416/578 [01:28<00:27,  5.97it/s]
Extract:  72%|#######2  | 418/578 [01:28<00:25,  6.34it/s]
Extract:  72%|#######2  | 419/578 [01:29<00:26,  5.92it/s]
Extract:  73%|#######2  | 421/578 [01:29<00:31,  4.96it/s]
Extract:  73%|#######3  | 424/578 [01:29<00:23,  6.58it/s]
Extract:  74%|#######3  | 425/578 [01:30<00:34,  4.47it/s]
Extract:  74%|#######3  | 426/578 [01:30<00:32,  4.70it/s]
Extract:  74%|#######3  | 427/578 [01:31<00:51,  2.92it/s]
Extract:  74%|#######4  | 428/578 [01:32<01:08,  2.20it/s]
Extract:  74%|#######4  | 429/578 [01:32<01:13,  2.03it/s]
Extract:  75%|#######4  | 431/578 [01:32<00:48,  3.05it/s]
Extract:  75%|#######4  | 432/578 [01:33<00:46,  3.16it/s]
Extract:  75%|#######4  | 433/578 [01:33<00:38,  3.75it/s]
Extract:  75%|#######5  | 434/578 [01:34<00:55,  2.58it/s]
Extract:  75%|#######5  | 435/578 [01:34<00:45,  3.16it/s]
Extract:  76%|#######5  | 437/578 [01:34<00:29,  4.77it/s]
Extract:  76%|#######5  | 438/578 [01:34<00:26,  5.31it/s]
Extract:  76%|#######5  | 439/578 [01:34<00:27,  5.07it/s]
Extract:  76%|#######6  | 441/578 [01:35<00:30,  4.44it/s]
Extract:  76%|#######6  | 442/578 [01:35<00:28,  4.83it/s]
Extract:  77%|#######6  | 444/578 [01:35<00:22,  5.99it/s]
Extract:  77%|#######6  | 445/578 [01:36<00:30,  4.43it/s]
Extract:  77%|#######7  | 447/578 [01:36<00:21,  6.13it/s]
Extract:  78%|#######7  | 450/578 [01:36<00:20,  6.22it/s]
Extract:  78%|#######8  | 451/578 [01:36<00:24,  5.18it/s]
Extract:  78%|#######8  | 452/578 [01:37<00:23,  5.31it/s]
Extract:  79%|#######8  | 454/578 [01:37<00:20,  6.04it/s]
Extract:  79%|#######8  | 455/578 [01:37<00:19,  6.36it/s]
Extract:  79%|#######9  | 457/578 [01:37<00:14,  8.50it/s]
Extract:  79%|#######9  | 459/578 [01:38<00:17,  6.86it/s]
Extract:  80%|#######9  | 461/578 [01:38<00:13,  8.60it/s]
Extract:  80%|########  | 463/578 [01:38<00:14,  8.21it/s]
Extract:  80%|########  | 465/578 [01:38<00:11,  9.89it/s]
Extract:  81%|########  | 467/578 [01:38<00:14,  7.72it/s]
Extract:  81%|########1 | 469/578 [01:39<00:17,  6.31it/s]
Extract:  81%|########1 | 470/578 [01:39<00:16,  6.39it/s]
Extract:  81%|########1 | 471/578 [01:39<00:19,  5.46it/s]
Extract:  82%|########1 | 472/578 [01:40<00:21,  5.04it/s]
Extract:  82%|########2 | 474/578 [01:40<00:17,  5.80it/s]
Extract:  82%|########2 | 476/578 [01:41<00:26,  3.80it/s]
Extract:  83%|########2 | 477/578 [01:41<00:24,  4.19it/s]
Extract:  83%|########2 | 479/578 [01:41<00:18,  5.32it/s]
Extract:  83%|########3 | 481/578 [01:41<00:15,  6.20it/s]
Extract:  84%|########3 | 483/578 [01:41<00:12,  7.49it/s]
Extract:  84%|########3 | 485/578 [01:42<00:10,  8.92it/s]
Extract:  84%|########4 | 487/578 [01:42<00:10,  8.48it/s]
Extract:  85%|########4 | 489/578 [01:42<00:14,  6.06it/s]
Extract:  85%|########4 | 490/578 [01:42<00:13,  6.50it/s]
Extract:  85%|########4 | 491/578 [01:43<00:13,  6.26it/s]
Extract:  85%|########5 | 492/578 [01:43<00:15,  5.61it/s]
Extract:  85%|########5 | 493/578 [01:43<00:13,  6.18it/s]
Extract:  85%|########5 | 494/578 [01:43<00:13,  6.11it/s]
Extract:  86%|########5 | 496/578 [01:43<00:10,  8.18it/s]
Extract:  86%|########6 | 498/578 [01:44<00:13,  6.12it/s]
Extract:  87%|########6 | 501/578 [01:44<00:09,  8.49it/s]
Extract:  87%|########7 | 504/578 [01:44<00:08,  8.35it/s]
Extract:  87%|########7 | 505/578 [01:45<00:12,  5.77it/s]
Extract:  88%|########7 | 507/578 [01:45<00:10,  6.82it/s]
Extract:  88%|########7 | 508/578 [01:45<00:10,  6.62it/s]
Extract:  88%|########8 | 510/578 [01:45<00:08,  7.59it/s]
Extract:  89%|########8 | 512/578 [01:46<00:09,  7.08it/s]
Extract:  89%|########8 | 514/578 [01:46<00:07,  8.28it/s]
Extract:  89%|########9 | 515/578 [01:46<00:10,  6.04it/s]
Extract:  89%|########9 | 516/578 [01:47<00:13,  4.44it/s]
Extract:  89%|########9 | 517/578 [01:47<00:13,  4.58it/s]
Extract:  90%|########9 | 519/578 [01:47<00:10,  5.37it/s]
Extract:  90%|########9 | 520/578 [01:47<00:10,  5.57it/s]
Extract:  90%|######### | 522/578 [01:47<00:07,  7.01it/s]
Extract:  90%|######### | 523/578 [01:48<00:08,  6.17it/s]
Extract:  91%|######### | 524/578 [01:48<00:08,  6.24it/s]
Extract:  91%|######### | 525/578 [01:48<00:15,  3.43it/s]
Extract:  91%|#########1| 526/578 [01:49<00:20,  2.48it/s]
Extract:  91%|#########1| 528/578 [01:49<00:13,  3.59it/s]
Extract:  92%|#########1| 529/578 [01:50<00:12,  4.01it/s]
Extract:  92%|#########1| 530/578 [01:50<00:11,  4.17it/s]
Extract:  92%|#########1| 531/578 [01:50<00:10,  4.62it/s]
Extract:  92%|#########2| 532/578 [01:50<00:09,  4.94it/s]
Extract:  92%|#########2| 533/578 [01:50<00:08,  5.35it/s]
Extract:  92%|#########2| 534/578 [01:50<00:09,  4.64it/s]
Extract:  93%|#########2| 535/578 [01:51<00:08,  5.31it/s]
Extract:  93%|#########2| 537/578 [01:51<00:07,  5.84it/s]
Extract:  93%|#########3| 538/578 [01:51<00:07,  5.03it/s]
Extract:  93%|#########3| 540/578 [01:52<00:07,  4.98it/s]
Extract:  94%|#########3| 541/578 [01:52<00:07,  4.81it/s]
Extract:  94%|#########3| 543/578 [01:52<00:05,  5.85it/s]
Extract:  94%|#########4| 546/578 [01:53<00:05,  5.39it/s]
Extract:  95%|#########4| 547/578 [01:53<00:08,  3.59it/s]
Extract:  95%|#########4| 549/578 [01:53<00:05,  4.89it/s]
Extract:  95%|#########5| 551/578 [01:54<00:04,  6.22it/s]
Extract:  96%|#########5| 553/578 [01:54<00:05,  4.21it/s]
Extract:  96%|#########5| 554/578 [01:55<00:07,  3.05it/s]
Extract:  96%|#########6| 555/578 [01:56<00:09,  2.40it/s]
Extract:  96%|#########6| 556/578 [01:56<00:08,  2.58it/s]
Extract:  96%|#########6| 557/578 [01:56<00:07,  2.83it/s]
Extract:  97%|#########6| 559/578 [01:57<00:04,  4.36it/s]
Extract:  97%|#########6| 560/578 [01:57<00:04,  3.81it/s]
Extract:  97%|#########7| 561/578 [01:57<00:04,  3.98it/s]
Extract:  98%|#########7| 564/578 [01:58<00:04,  3.08it/s]
Extract:  98%|#########7| 565/578 [01:59<00:04,  3.06it/s]
Extract:  98%|#########7| 566/578 [01:59<00:03,  3.47it/s]
Extract:  98%|#########8| 567/578 [01:59<00:02,  3.99it/s]
Extract:  98%|#########8| 568/578 [01:59<00:02,  3.41it/s]
Extract:  99%|#########8| 570/578 [02:00<00:01,  4.75it/s]
Extract:  99%|#########8| 572/578 [02:00<00:01,  5.72it/s]
Extract:  99%|#########9| 574/578 [02:00<00:00,  7.22it/s]
Extract:  99%|#########9| 575/578 [02:00<00:00,  6.55it/s]
Extract: 100%|#########9| 576/578 [02:01<00:00,  4.95it/s]
Extract: 100%|##########| 578/578 [02:01<00:00,  4.77it/s]

Extract:   0%|          | 0/578 [00:00<?, ?it/s]
Extract:   1%|          | 3/578 [00:00<00:26, 21.69it/s]
Extract:   1%|1         | 6/578 [00:00<00:59,  9.69it/s]
Extract:   1%|1         | 8/578 [00:01<01:22,  6.88it/s]
Extract:   2%|1         | 9/578 [00:01<01:25,  6.68it/s]
Extract:   2%|1         | 10/578 [00:01<01:31,  6.22it/s]
Extract:   2%|1         | 11/578 [00:01<01:33,  6.07it/s]
Extract:   2%|2         | 12/578 [00:01<01:44,  5.43it/s]
Extract:   2%|2         | 14/578 [00:02<01:46,  5.32it/s]
Extract:   3%|2         | 15/578 [00:02<02:02,  4.61it/s]
Extract:   3%|2         | 16/578 [00:02<01:46,  5.29it/s]
Extract:   3%|3         | 20/578 [00:02<00:53, 10.47it/s]
Extract:   4%|3         | 22/578 [00:03<01:34,  5.86it/s]
Extract:   4%|4         | 24/578 [00:03<01:38,  5.63it/s]
Extract:   4%|4         | 26/578 [00:03<01:24,  6.54it/s]
Extract:   5%|4         | 27/578 [00:04<01:54,  4.81it/s]
Extract:   5%|4         | 28/578 [00:04<01:44,  5.27it/s]
Extract:   5%|5         | 29/578 [00:04<01:43,  5.31it/s]
Extract:   5%|5         | 30/578 [00:04<01:49,  5.00it/s]
Extract:   5%|5         | 31/578 [00:05<02:06,  4.32it/s]
Extract:   6%|5         | 32/578 [00:05<01:48,  5.02it/s]
Extract:   6%|5         | 34/578 [00:05<01:24,  6.43it/s]
Extract:   6%|6         | 35/578 [00:05<01:24,  6.45it/s]
Extract:   6%|6         | 37/578 [00:06<01:24,  6.40it/s]
Extract:   7%|6         | 38/578 [00:06<01:25,  6.33it/s]
Extract:   7%|6         | 40/578 [00:06<01:14,  7.26it/s]
Extract:   7%|7         | 41/578 [00:06<01:14,  7.23it/s]
Extract:   7%|7         | 42/578 [00:07<02:27,  3.62it/s]
Extract:   7%|7         | 43/578 [00:07<03:07,  2.85it/s]
Extract:   8%|7         | 45/578 [00:08<02:04,  4.28it/s]
Extract:   8%|7         | 46/578 [00:08<01:49,  4.85it/s]
Extract:   8%|8         | 47/578 [00:08<01:51,  4.75it/s]
Extract:   8%|8         | 49/578 [00:08<01:22,  6.41it/s]
Extract:   9%|8         | 50/578 [00:09<02:17,  3.85it/s]
Extract:   9%|8         | 51/578 [00:09<02:48,  3.12it/s]
Extract:   9%|8         | 52/578 [00:10<03:16,  2.68it/s]
Extract:   9%|9         | 54/578 [00:10<03:01,  2.88it/s]
Extract:  10%|9         | 55/578 [00:11<02:59,  2.92it/s]
Extract:  10%|9         | 56/578 [00:11<02:37,  3.31it/s]
Extract:  10%|#         | 58/578 [00:11<02:06,  4.10it/s]
Extract:  10%|#         | 59/578 [00:11<02:06,  4.11it/s]
Extract:  10%|#         | 60/578 [00:12<02:13,  3.89it/s]
Extract:  11%|#         | 61/578 [00:12<02:24,  3.59it/s]
Extract:  11%|#         | 62/578 [00:12<02:10,  3.95it/s]
Extract:  11%|#1        | 64/578 [00:13<02:00,  4.28it/s]
Extract:  11%|#1        | 65/578 [00:13<02:13,  3.85it/s]
Extract:  11%|#1        | 66/578 [00:13<01:52,  4.55it/s]
Extract:  12%|#1        | 67/578 [00:14<02:33,  3.32it/s]
Extract:  12%|#1        | 69/578 [00:14<01:57,  4.35it/s]
Extract:  12%|#2        | 70/578 [00:14<01:42,  4.96it/s]
Extract:  12%|#2        | 71/578 [00:14<01:37,  5.19it/s]
Extract:  12%|#2        | 72/578 [00:14<01:30,  5.61it/s]
Extract:  13%|#2        | 73/578 [00:15<02:34,  3.26it/s]
Extract:  13%|#2        | 75/578 [00:15<01:48,  4.64it/s]
Extract:  13%|#3        | 76/578 [00:15<01:47,  4.67it/s]
Extract:  13%|#3        | 77/578 [00:16<02:19,  3.58it/s]
Extract:  14%|#3        | 79/578 [00:16<01:35,  5.24it/s]
Extract:  14%|#3        | 80/578 [00:16<01:28,  5.61it/s]
Extract:  14%|#4        | 81/578 [00:16<01:23,  5.94it/s]
Extract:  14%|#4        | 82/578 [00:16<01:16,  6.45it/s]
Extract:  14%|#4        | 83/578 [00:17<01:20,  6.18it/s]
Extract:  15%|#4        | 84/578 [00:17<02:09,  3.82it/s]
Extract:  15%|#4        | 85/578 [00:17<01:49,  4.52it/s]
Extract:  15%|#4        | 86/578 [00:17<01:36,  5.11it/s]
Extract:  15%|#5        | 88/578 [00:17<01:05,  7.50it/s]
Extract:  15%|#5        | 89/578 [00:18<02:11,  3.71it/s]
Extract:  16%|#5        | 90/578 [00:18<01:58,  4.11it/s]
Extract:  16%|#5        | 91/578 [00:19<02:38,  3.07it/s]
Extract:  16%|#5        | 92/578 [00:19<03:05,  2.62it/s]
Extract:  16%|#6        | 93/578 [00:19<02:28,  3.26it/s]
Extract:  16%|#6        | 94/578 [00:20<02:20,  3.43it/s]
Extract:  17%|#6        | 96/578 [00:20<02:30,  3.21it/s]
Extract:  17%|#6        | 97/578 [00:21<02:08,  3.73it/s]
Extract:  17%|#6        | 98/578 [00:21<02:03,  3.90it/s]
Extract:  17%|#7        | 99/578 [00:21<01:44,  4.58it/s]
Extract:  17%|#7        | 100/578 [00:21<01:44,  4.56it/s]
Extract:  17%|#7        | 101/578 [00:21<01:32,  5.18it/s]
Extract:  18%|#7        | 104/578 [00:21<00:54,  8.74it/s]
Extract:  18%|#8        | 106/578 [00:22<01:05,  7.19it/s]
Extract:  19%|#8        | 107/578 [00:22<01:37,  4.81it/s]
Extract:  19%|#8        | 108/578 [00:22<01:37,  4.83it/s]
Extract:  19%|#9        | 110/578 [00:23<01:21,  5.76it/s]
Extract:  19%|#9        | 111/578 [00:23<01:22,  5.65it/s]
Extract:  20%|#9        | 113/578 [00:23<01:07,  6.93it/s]
Extract:  20%|#9        | 115/578 [00:23<01:06,  6.94it/s]
Extract:  20%|##        | 116/578 [00:23<01:08,  6.71it/s]
Extract:  20%|##        | 117/578 [00:24<01:29,  5.16it/s]
Extract:  21%|##        | 120/578 [00:24<01:26,  5.32it/s]
Extract:  21%|##        | 121/578 [00:25<01:49,  4.16it/s]
Extract:  21%|##1       | 123/578 [00:25<01:23,  5.45it/s]
Extract:  22%|##1       | 125/578 [00:26<01:37,  4.63it/s]
Extract:  22%|##1       | 126/578 [00:26<01:37,  4.63it/s]
Extract:  22%|##2       | 128/578 [00:26<01:20,  5.62it/s]
Extract:  22%|##2       | 130/578 [00:26<01:23,  5.35it/s]
Extract:  23%|##2       | 131/578 [00:27<01:40,  4.44it/s]
Extract:  23%|##2       | 132/578 [00:27<01:30,  4.93it/s]
Extract:  23%|##3       | 133/578 [00:27<01:31,  4.85it/s]
Extract:  23%|##3       | 134/578 [00:27<01:22,  5.39it/s]
Extract:  23%|##3       | 135/578 [00:27<01:13,  6.00it/s]
Extract:  24%|##3       | 136/578 [00:27<01:08,  6.41it/s]
Extract:  24%|##3       | 137/578 [00:28<01:48,  4.07it/s]
Extract:  24%|##3       | 138/578 [00:28<02:11,  3.36it/s]
Extract:  24%|##4       | 139/578 [00:29<02:08,  3.43it/s]
Extract:  24%|##4       | 141/578 [00:29<01:23,  5.23it/s]
Extract:  25%|##4       | 142/578 [00:29<01:17,  5.65it/s]
Extract:  25%|##5       | 146/578 [00:30<01:13,  5.86it/s]
Extract:  25%|##5       | 147/578 [00:30<01:13,  5.84it/s]
Extract:  26%|##5       | 148/578 [00:30<01:15,  5.69it/s]
Extract:  26%|##5       | 149/578 [00:30<01:44,  4.11it/s]
Extract:  26%|##5       | 150/578 [00:31<01:30,  4.75it/s]
Extract:  26%|##6       | 153/578 [00:31<01:15,  5.61it/s]
Extract:  27%|##6       | 155/578 [00:31<01:20,  5.25it/s]
Extract:  27%|##7       | 158/578 [00:32<00:56,  7.42it/s]
Extract:  28%|##7       | 160/578 [00:32<00:56,  7.36it/s]
Extract:  28%|##8       | 162/578 [00:32<00:46,  8.87it/s]
Extract:  28%|##8       | 164/578 [00:33<01:15,  5.52it/s]
Extract:  29%|##8       | 165/578 [00:33<01:12,  5.70it/s]
Extract:  29%|##8       | 166/578 [00:33<01:06,  6.22it/s]
Extract:  29%|##8       | 167/578 [00:33<01:22,  4.95it/s]
Extract:  29%|##9       | 168/578 [00:33<01:14,  5.54it/s]
Extract:  29%|##9       | 169/578 [00:34<01:06,  6.12it/s]
Extract:  29%|##9       | 170/578 [00:34<01:03,  6.45it/s]
Extract:  30%|##9       | 172/578 [00:34<01:01,  6.56it/s]
Extract:  30%|##9       | 173/578 [00:34<01:23,  4.82it/s]
Extract:  30%|###       | 174/578 [00:34<01:14,  5.40it/s]
Extract:  30%|###       | 176/578 [00:35<00:59,  6.73it/s]
Extract:  31%|###       | 177/578 [00:35<01:33,  4.28it/s]
Extract:  31%|###       | 178/578 [00:35<01:21,  4.94it/s]
Extract:  31%|###1      | 180/578 [00:36<01:20,  4.97it/s]
Extract:  31%|###1      | 181/578 [00:36<01:34,  4.21it/s]
Extract:  31%|###1      | 182/578 [00:36<01:24,  4.68it/s]
Extract:  32%|###1      | 184/578 [00:36<01:09,  5.65it/s]
Extract:  32%|###2      | 185/578 [00:37<01:32,  4.23it/s]
Extract:  32%|###2      | 186/578 [00:37<01:27,  4.49it/s]
Extract:  33%|###2      | 188/578 [00:37<01:05,  5.97it/s]
Extract:  33%|###2      | 189/578 [00:38<01:47,  3.61it/s]
Extract:  33%|###3      | 191/578 [00:38<01:32,  4.20it/s]
Extract:  33%|###3      | 192/578 [00:38<01:23,  4.64it/s]
Extract:  33%|###3      | 193/578 [00:38<01:12,  5.30it/s]
Extract:  34%|###3      | 195/578 [00:39<00:55,  6.96it/s]
Extract:  34%|###4      | 197/578 [00:39<01:13,  5.16it/s]
Extract:  34%|###4      | 198/578 [00:39<01:15,  5.06it/s]
Extract:  35%|###4      | 201/578 [00:40<01:17,  4.88it/s]
Extract:  35%|###4      | 202/578 [00:40<01:20,  4.69it/s]
Extract:  35%|###5      | 203/578 [00:41<01:33,  4.00it/s]
Extract:  35%|###5      | 205/578 [00:41<01:06,  5.59it/s]
Extract:  36%|###5      | 206/578 [00:41<01:01,  6.05it/s]
Extract:  36%|###5      | 207/578 [00:41<01:08,  5.44it/s]
Extract:  36%|###6      | 209/578 [00:41<00:49,  7.48it/s]
Extract:  37%|###6      | 211/578 [00:41<00:38,  9.52it/s]
Extract:  37%|###6      | 213/578 [00:42<01:03,  5.76it/s]
Extract:  37%|###7      | 215/578 [00:42<01:07,  5.38it/s]
Extract:  38%|###7      | 217/578 [00:43<00:55,  6.47it/s]
Extract:  38%|###8      | 220/578 [00:43<00:41,  8.73it/s]
Extract:  38%|###8      | 222/578 [00:43<00:36,  9.79it/s]
Extract:  39%|###8      | 224/578 [00:43<00:40,  8.66it/s]
Extract:  39%|###9      | 226/578 [00:44<00:51,  6.85it/s]
Extract:  39%|###9      | 227/578 [00:44<00:51,  6.87it/s]
Extract:  40%|###9      | 229/578 [00:44<00:49,  6.98it/s]
Extract:  40%|###9      | 230/578 [00:44<00:57,  6.04it/s]
Extract:  40%|###9      | 231/578 [00:45<01:04,  5.35it/s]
Extract:  40%|####      | 232/578 [00:45<00:59,  5.77it/s]
Extract:  40%|####      | 233/578 [00:45<00:56,  6.12it/s]
Extract:  40%|####      | 234/578 [00:45<00:54,  6.33it/s]
Extract:  41%|####      | 235/578 [00:45<00:52,  6.54it/s]
Extract:  41%|####      | 236/578 [00:46<01:34,  3.60it/s]
Extract:  41%|####1     | 237/578 [00:46<01:46,  3.20it/s]
Extract:  41%|####1     | 239/578 [00:46<01:06,  5.07it/s]
Extract:  42%|####1     | 240/578 [00:46<01:05,  5.20it/s]
Extract:  42%|####1     | 242/578 [00:47<00:46,  7.20it/s]
Extract:  42%|####2     | 244/578 [00:47<01:04,  5.19it/s]
Extract:  42%|####2     | 245/578 [00:47<00:57,  5.76it/s]
Extract:  43%|####2     | 247/578 [00:47<00:54,  6.12it/s]
Extract:  43%|####2     | 248/578 [00:48<00:59,  5.53it/s]
Extract:  43%|####3     | 249/578 [00:48<00:54,  6.05it/s]
Extract:  43%|####3     | 250/578 [00:48<00:50,  6.48it/s]
Extract:  43%|####3     | 251/578 [00:48<00:47,  6.90it/s]
Extract:  44%|####3     | 253/578 [00:48<00:34,  9.41it/s]
Extract:  44%|####4     | 255/578 [00:49<00:42,  7.59it/s]
Extract:  44%|####4     | 256/578 [00:49<01:11,  4.48it/s]
Extract:  45%|####4     | 258/578 [00:49<00:54,  5.93it/s]
Extract:  45%|####4     | 260/578 [00:49<00:43,  7.31it/s]
Extract:  45%|####5     | 262/578 [00:50<00:46,  6.82it/s]
Extract:  46%|####5     | 263/578 [00:50<01:03,  4.96it/s]
Extract:  46%|####5     | 265/578 [00:50<00:54,  5.73it/s]
Extract:  46%|####6     | 266/578 [00:51<00:54,  5.70it/s]
Extract:  46%|####6     | 267/578 [00:51<01:09,  4.49it/s]
Extract:  47%|####6     | 269/578 [00:51<01:08,  4.50it/s]
Extract:  47%|####6     | 271/578 [00:52<00:49,  6.17it/s]
Extract:  47%|####7     | 273/578 [00:52<01:06,  4.59it/s]
Extract:  47%|####7     | 274/578 [00:53<01:20,  3.78it/s]
Extract:  48%|####7     | 275/578 [00:53<01:19,  3.80it/s]
Extract:  48%|####7     | 276/578 [00:53<01:12,  4.18it/s]
Extract:  48%|####7     | 277/578 [00:53<01:01,  4.88it/s]
Extract:  48%|####8     | 280/578 [00:54<00:50,  5.85it/s]
Extract:  49%|####8     | 282/578 [00:54<00:41,  7.17it/s]
Extract:  49%|####8     | 283/578 [00:54<00:45,  6.49it/s]
Extract:  49%|####9     | 285/578 [00:54<00:43,  6.69it/s]
Extract:  49%|####9     | 286/578 [00:54<00:46,  6.33it/s]
Extract:  50%|####9     | 287/578 [00:55<00:44,  6.56it/s]
Extract:  50%|####9     | 288/578 [00:55<00:42,  6.78it/s]
Extract:  50%|#####     | 289/578 [00:55<01:09,  4.14it/s]
Extract:  50%|#####     | 290/578 [00:56<01:23,  3.47it/s]
Extract:  51%|#####     | 292/578 [00:56<00:56,  5.09it/s]
Extract:  51%|#####     | 294/578 [00:56<00:44,  6.38it/s]
Extract:  51%|#####1    | 295/578 [00:56<01:05,  4.33it/s]
Extract:  51%|#####1    | 296/578 [00:57<01:06,  4.26it/s]
Extract:  51%|#####1    | 297/578 [00:57<01:18,  3.58it/s]
Extract:  52%|#####1    | 299/578 [00:57<00:54,  5.16it/s]
Extract:  52%|#####1    | 300/578 [00:57<00:48,  5.77it/s]
Extract:  52%|#####2    | 301/578 [00:58<00:52,  5.24it/s]
Extract:  52%|#####2    | 303/578 [00:58<00:39,  6.96it/s]
Extract:  53%|#####2    | 304/578 [00:58<01:07,  4.03it/s]
Extract:  53%|#####2    | 305/578 [00:59<01:01,  4.44it/s]
Extract:  53%|#####3    | 307/578 [00:59<00:59,  4.57it/s]
Extract:  53%|#####3    | 308/578 [00:59<01:01,  4.42it/s]
Extract:  53%|#####3    | 309/578 [01:00<01:12,  3.70it/s]
Extract:  54%|#####3    | 310/578 [01:00<01:06,  4.02it/s]
Extract:  54%|#####3    | 311/578 [01:00<01:21,  3.29it/s]
Extract:  54%|#####3    | 312/578 [01:01<01:28,  2.99it/s]
Extract:  54%|#####4    | 313/578 [01:01<01:13,  3.60it/s]
Extract:  54%|#####4    | 314/578 [01:01<01:17,  3.39it/s]
Extract:  55%|#####4    | 316/578 [01:02<01:20,  3.25it/s]
Extract:  55%|#####5    | 318/578 [01:02<01:10,  3.66it/s]
Extract:  55%|#####5    | 319/578 [01:02<01:04,  4.03it/s]
Extract:  55%|#####5    | 320/578 [01:03<01:10,  3.67it/s]
Extract:  56%|#####5    | 321/578 [01:03<01:00,  4.27it/s]
Extract:  56%|#####5    | 322/578 [01:03<00:59,  4.28it/s]
Extract:  56%|#####5    | 323/578 [01:03<00:55,  4.57it/s]
Extract:  56%|#####6    | 325/578 [01:03<00:38,  6.53it/s]
Extract:  56%|#####6    | 326/578 [01:04<00:44,  5.69it/s]
Extract:  57%|#####6    | 328/578 [01:04<00:40,  6.21it/s]
Extract:  57%|#####7    | 330/578 [01:04<00:34,  7.28it/s]
Extract:  57%|#####7    | 331/578 [01:04<00:37,  6.54it/s]
Extract:  57%|#####7    | 332/578 [01:05<00:43,  5.60it/s]
Extract:  58%|#####7    | 334/578 [01:05<00:32,  7.50it/s]
Extract:  58%|#####7    | 335/578 [01:05<00:32,  7.47it/s]
Extract:  58%|#####8    | 337/578 [01:05<00:28,  8.32it/s]
Extract:  59%|#####8    | 339/578 [01:05<00:28,  8.41it/s]
Extract:  59%|#####8    | 340/578 [01:05<00:29,  7.98it/s]
Extract:  59%|#####8    | 341/578 [01:06<00:30,  7.81it/s]
Extract:  59%|#####9    | 342/578 [01:06<00:41,  5.71it/s]
Extract:  60%|#####9    | 344/578 [01:06<00:47,  4.93it/s]
Extract:  60%|#####9    | 345/578 [01:07<00:43,  5.42it/s]
Extract:  60%|#####9    | 346/578 [01:07<00:38,  6.09it/s]
Extract:  60%|######    | 348/578 [01:07<00:29,  7.84it/s]
Extract:  60%|######    | 349/578 [01:07<00:42,  5.41it/s]
Extract:  61%|######    | 350/578 [01:07<00:41,  5.49it/s]
Extract:  61%|######    | 351/578 [01:08<01:11,  3.17it/s]
Extract:  61%|######1   | 353/578 [01:08<00:57,  3.92it/s]
Extract:  61%|######1   | 355/578 [01:09<00:41,  5.44it/s]
Extract:  62%|######1   | 356/578 [01:09<00:54,  4.11it/s]
Extract:  62%|######1   | 357/578 [01:09<00:53,  4.14it/s]
Extract:  62%|######2   | 359/578 [01:10<00:44,  4.90it/s]
Extract:  62%|######2   | 360/578 [01:10<01:11,  3.03it/s]
Extract:  63%|######2   | 362/578 [01:11<01:03,  3.41it/s]
Extract:  63%|######2   | 363/578 [01:11<01:04,  3.34it/s]
Extract:  63%|######3   | 365/578 [01:11<00:51,  4.12it/s]
Extract:  63%|######3   | 366/578 [01:12<00:49,  4.26it/s]
Extract:  63%|######3   | 367/578 [01:12<00:59,  3.52it/s]
Extract:  64%|######3   | 368/578 [01:12<00:55,  3.77it/s]
Extract:  64%|######3   | 369/578 [01:13<01:04,  3.26it/s]
Extract:  64%|######4   | 371/578 [01:13<00:40,  5.08it/s]
Extract:  65%|######4   | 373/578 [01:13<00:37,  5.52it/s]
Extract:  65%|######4   | 374/578 [01:13<00:34,  5.93it/s]
Extract:  65%|######5   | 376/578 [01:13<00:33,  6.11it/s]
Extract:  65%|######5   | 377/578 [01:14<00:38,  5.27it/s]
Extract:  66%|######5   | 379/578 [01:14<00:30,  6.62it/s]
Extract:  66%|######5   | 380/578 [01:14<00:34,  5.79it/s]
Extract:  66%|######5   | 381/578 [01:14<00:32,  6.13it/s]
Extract:  66%|######6   | 382/578 [01:15<00:38,  5.10it/s]
Extract:  66%|######6   | 383/578 [01:15<00:34,  5.66it/s]
Extract:  66%|######6   | 384/578 [01:15<00:36,  5.29it/s]
Extract:  67%|######6   | 386/578 [01:15<00:26,  7.35it/s]
Extract:  67%|######6   | 387/578 [01:15<00:29,  6.48it/s]
Extract:  67%|######7   | 390/578 [01:16<00:20,  9.20it/s]
Extract:  68%|######7   | 391/578 [01:16<00:22,  8.42it/s]
Extract:  68%|######7   | 392/578 [01:16<00:22,  8.28it/s]
Extract:  68%|######7   | 393/578 [01:16<00:24,  7.41it/s]
Extract:  68%|######8   | 394/578 [01:16<00:24,  7.52it/s]
Extract:  68%|######8   | 395/578 [01:16<00:27,  6.65it/s]
Extract:  69%|######8   | 397/578 [01:16<00:22,  8.07it/s]
Extract:  69%|######8   | 398/578 [01:17<00:21,  8.33it/s]
Extract:  69%|######9   | 399/578 [01:17<00:21,  8.45it/s]
Extract:  69%|######9   | 401/578 [01:17<00:16, 10.70it/s]
Extract:  70%|######9   | 403/578 [01:17<00:15, 11.33it/s]
Extract:  70%|#######   | 405/578 [01:17<00:14, 11.79it/s]
Extract:  70%|#######   | 407/578 [01:18<00:30,  5.53it/s]
Extract:  71%|#######   | 408/578 [01:18<00:42,  3.97it/s]
Extract:  71%|#######   | 410/578 [01:19<00:34,  4.90it/s]
Extract:  71%|#######1  | 412/578 [01:19<00:27,  5.97it/s]
Extract:  71%|#######1  | 413/578 [01:19<00:30,  5.35it/s]
Extract:  72%|#######1  | 415/578 [01:19<00:24,  6.67it/s]
Extract:  72%|#######1  | 416/578 [01:19<00:24,  6.64it/s]
Extract:  72%|#######2  | 418/578 [01:20<00:21,  7.38it/s]
Extract:  72%|#######2  | 419/578 [01:20<00:23,  6.68it/s]
Extract:  73%|#######2  | 421/578 [01:20<00:29,  5.25it/s]
Extract:  73%|#######3  | 424/578 [01:21<00:20,  7.47it/s]
Extract:  74%|#######3  | 425/578 [01:21<00:23,  6.54it/s]
Extract:  74%|#######3  | 426/578 [01:21<00:21,  6.97it/s]
Extract:  74%|#######3  | 427/578 [01:21<00:29,  5.20it/s]
Extract:  74%|#######4  | 428/578 [01:22<00:41,  3.64it/s]
Extract:  74%|#######4  | 429/578 [01:22<00:43,  3.42it/s]
Extract:  75%|#######4  | 431/578 [01:22<00:31,  4.73it/s]
Extract:  75%|#######4  | 432/578 [01:23<00:32,  4.53it/s]
Extract:  75%|#######5  | 434/578 [01:23<00:31,  4.60it/s]
Extract:  75%|#######5  | 435/578 [01:23<00:28,  5.07it/s]
Extract:  76%|#######5  | 437/578 [01:23<00:21,  6.51it/s]
Extract:  76%|#######5  | 438/578 [01:23<00:20,  6.69it/s]
Extract:  76%|#######5  | 439/578 [01:24<00:20,  6.63it/s]
Extract:  76%|#######6  | 441/578 [01:24<00:22,  6.05it/s]
Extract:  77%|#######6  | 443/578 [01:24<00:17,  7.67it/s]
Extract:  77%|#######6  | 445/578 [01:25<00:20,  6.55it/s]
Extract:  78%|#######7  | 448/578 [01:25<00:13,  9.61it/s]
Extract:  78%|#######7  | 450/578 [01:25<00:22,  5.63it/s]
Extract:  78%|#######8  | 452/578 [01:26<00:23,  5.28it/s]
Extract:  79%|#######8  | 454/578 [01:26<00:20,  6.10it/s]
Extract:  79%|#######8  | 456/578 [01:26<00:17,  7.08it/s]
Extract:  79%|#######9  | 458/578 [01:26<00:16,  7.38it/s]
Extract:  80%|#######9  | 460/578 [01:27<00:13,  9.06it/s]
Extract:  80%|#######9  | 462/578 [01:27<00:11,  9.86it/s]
Extract:  80%|########  | 464/578 [01:27<00:13,  8.47it/s]
Extract:  81%|########  | 466/578 [01:27<00:13,  8.17it/s]
Extract:  81%|########  | 467/578 [01:28<00:16,  6.66it/s]
Extract:  81%|########  | 468/578 [01:28<00:21,  5.02it/s]
Extract:  81%|########1 | 470/578 [01:28<00:18,  5.97it/s]
Extract:  81%|########1 | 471/578 [01:28<00:19,  5.49it/s]
Extract:  82%|########1 | 472/578 [01:29<00:20,  5.22it/s]
Extract:  82%|########1 | 473/578 [01:29<00:18,  5.73it/s]
Extract:  82%|########2 | 474/578 [01:29<00:18,  5.65it/s]
Extract:  82%|########2 | 475/578 [01:29<00:22,  4.65it/s]
Extract:  82%|########2 | 476/578 [01:30<00:25,  3.97it/s]
Extract:  83%|########2 | 477/578 [01:30<00:21,  4.64it/s]
Extract:  83%|########2 | 479/578 [01:30<00:16,  5.97it/s]
Extract:  83%|########3 | 481/578 [01:30<00:13,  6.94it/s]
Extract:  84%|########3 | 483/578 [01:30<00:10,  8.95it/s]
Extract:  84%|########4 | 486/578 [01:30<00:07, 11.65it/s]
Extract:  84%|########4 | 488/578 [01:31<00:08, 10.84it/s]
Extract:  85%|########4 | 490/578 [01:31<00:12,  6.97it/s]
Extract:  85%|########4 | 491/578 [01:31<00:14,  6.07it/s]
Extract:  85%|########5 | 492/578 [01:32<00:14,  5.81it/s]
Extract:  85%|########5 | 493/578 [01:32<00:14,  5.98it/s]
Extract:  85%|########5 | 494/578 [01:32<00:14,  5.79it/s]
Extract:  86%|########5 | 496/578 [01:32<00:10,  8.06it/s]
Extract:  86%|########6 | 498/578 [01:33<00:12,  6.53it/s]
Extract:  87%|########6 | 501/578 [01:33<00:08,  8.82it/s]
Extract:  87%|########7 | 503/578 [01:33<00:07, 10.30it/s]
Extract:  87%|########7 | 505/578 [01:34<00:14,  4.87it/s]
Extract:  88%|########7 | 507/578 [01:34<00:11,  6.08it/s]
Extract:  88%|########8 | 509/578 [01:34<00:09,  6.91it/s]
Extract:  88%|########8 | 511/578 [01:34<00:09,  6.80it/s]
Extract:  89%|########8 | 512/578 [01:35<00:10,  6.40it/s]
Extract:  89%|########9 | 515/578 [01:35<00:08,  7.26it/s]
Extract:  89%|########9 | 516/578 [01:35<00:10,  5.99it/s]
Extract:  89%|########9 | 517/578 [01:35<00:10,  5.98it/s]
Extract:  90%|########9 | 519/578 [01:36<00:08,  7.05it/s]
Extract:  90%|########9 | 520/578 [01:36<00:07,  7.29it/s]
Extract:  90%|######### | 522/578 [01:36<00:06,  8.55it/s]
Extract:  90%|######### | 523/578 [01:36<00:06,  8.11it/s]
Extract:  91%|######### | 524/578 [01:36<00:06,  7.96it/s]
Extract:  91%|#########1| 526/578 [01:37<00:09,  5.56it/s]
Extract:  91%|#########1| 528/578 [01:37<00:07,  6.94it/s]
Extract:  92%|#########1| 530/578 [01:37<00:05,  8.01it/s]
Extract:  92%|#########2| 532/578 [01:37<00:04,  9.21it/s]
Extract:  92%|#########2| 534/578 [01:37<00:05,  8.49it/s]
Extract:  93%|#########2| 535/578 [01:38<00:06,  7.04it/s]
Extract:  93%|#########2| 537/578 [01:38<00:05,  7.60it/s]
Extract:  93%|#########3| 538/578 [01:38<00:05,  6.99it/s]
Extract:  93%|#########3| 540/578 [01:38<00:06,  6.07it/s]
Extract:  94%|#########3| 541/578 [01:39<00:06,  5.38it/s]
Extract:  94%|#########3| 543/578 [01:39<00:05,  6.26it/s]
Extract:  94%|#########4| 545/578 [01:39<00:04,  8.15it/s]
Extract:  95%|#########4| 547/578 [01:40<00:07,  4.00it/s]
Extract:  95%|#########4| 549/578 [01:40<00:05,  5.34it/s]
Extract:  96%|#########5| 552/578 [01:40<00:03,  7.90it/s]
Extract:  96%|#########5| 554/578 [01:41<00:04,  4.87it/s]
Extract:  96%|#########6| 556/578 [01:42<00:05,  3.86it/s]
Extract:  96%|#########6| 557/578 [01:42<00:05,  4.00it/s]
Extract:  97%|#########6| 559/578 [01:42<00:03,  5.34it/s]
Extract:  97%|#########7| 561/578 [01:43<00:03,  4.46it/s]
Extract:  98%|#########7| 564/578 [01:43<00:02,  5.18it/s]
Extract:  98%|#########7| 565/578 [01:44<00:02,  4.43it/s]
Extract:  98%|#########7| 566/578 [01:44<00:02,  4.82it/s]
Extract:  98%|#########8| 567/578 [01:44<00:02,  4.95it/s]
Extract:  98%|#########8| 568/578 [01:44<00:02,  3.89it/s]
Extract:  99%|#########8| 570/578 [01:45<00:01,  5.34it/s]
Extract:  99%|#########8| 572/578 [01:45<00:00,  6.58it/s]
Extract:  99%|#########9| 575/578 [01:45<00:00,  8.15it/s]
Extract: 100%|#########9| 576/578 [01:46<00:00,  4.30it/s]
Extract: 100%|##########| 578/578 [01:46<00:00,  5.43it/s]

Extract:   0%|          | 0/578 [00:00<?, ?it/s]
Extract:   0%|          | 2/578 [00:00<00:37, 15.33it/s]
Extract:   1%|          | 4/578 [00:00<01:22,  6.99it/s]
Extract:   1%|          | 5/578 [00:00<01:18,  7.29it/s]
Extract:   1%|1         | 6/578 [00:00<01:16,  7.48it/s]
Extract:   1%|1         | 7/578 [00:01<01:52,  5.09it/s]
Extract:   1%|1         | 8/578 [00:01<02:08,  4.44it/s]
Extract:   2%|1         | 9/578 [00:01<02:10,  4.36it/s]
Extract:   2%|1         | 10/578 [00:01<02:00,  4.72it/s]
Extract:   2%|1         | 11/578 [00:02<01:55,  4.91it/s]
Extract:   2%|2         | 12/578 [00:02<02:10,  4.34it/s]
Extract:   2%|2         | 13/578 [00:02<01:50,  5.13it/s]
Extract:   2%|2         | 14/578 [00:02<02:27,  3.83it/s]
Extract:   3%|2         | 15/578 [00:03<03:16,  2.87it/s]
Extract:   3%|2         | 16/578 [00:03<02:50,  3.29it/s]
Extract:   3%|3         | 18/578 [00:03<01:44,  5.35it/s]
Extract:   3%|3         | 20/578 [00:03<01:15,  7.38it/s]
Extract:   4%|3         | 22/578 [00:04<01:56,  4.78it/s]
Extract:   4%|3         | 23/578 [00:04<02:00,  4.60it/s]
Extract:   4%|4         | 24/578 [00:04<01:57,  4.73it/s]
Extract:   4%|4         | 26/578 [00:05<01:24,  6.53it/s]
Extract:   5%|4         | 27/578 [00:05<01:57,  4.69it/s]
Extract:   5%|5         | 29/578 [00:05<01:28,  6.19it/s]
Extract:   5%|5         | 30/578 [00:05<01:34,  5.81it/s]
Extract:   5%|5         | 31/578 [00:06<01:39,  5.51it/s]
Extract:   6%|5         | 34/578 [00:06<01:03,  8.61it/s]
Extract:   6%|6         | 36/578 [00:06<00:55,  9.74it/s]
Extract:   7%|6         | 38/578 [00:06<01:20,  6.69it/s]
Extract:   7%|6         | 40/578 [00:07<01:08,  7.86it/s]
Extract:   7%|7         | 42/578 [00:07<01:32,  5.79it/s]
Extract:   7%|7         | 43/578 [00:08<01:59,  4.48it/s]
Extract:   8%|7         | 45/578 [00:08<01:28,  6.02it/s]
Extract:   8%|8         | 47/578 [00:08<01:25,  6.24it/s]
Extract:   8%|8         | 49/578 [00:08<01:21,  6.52it/s]
Extract:   9%|8         | 50/578 [00:09<02:02,  4.30it/s]
Extract:   9%|8         | 51/578 [00:09<02:23,  3.68it/s]
Extract:   9%|8         | 52/578 [00:10<02:42,  3.24it/s]
Extract:   9%|9         | 54/578 [00:10<02:14,  3.89it/s]
Extract:  10%|9         | 55/578 [00:10<02:13,  3.93it/s]
Extract:  10%|9         | 56/578 [00:10<02:14,  3.89it/s]
Extract:  10%|#         | 58/578 [00:11<01:49,  4.75it/s]
Extract:  10%|#         | 59/578 [00:11<01:52,  4.63it/s]
Extract:  10%|#         | 60/578 [00:11<02:16,  3.78it/s]
Extract:  11%|#         | 61/578 [00:12<02:23,  3.60it/s]
Extract:  11%|#         | 62/578 [00:12<02:01,  4.24it/s]
Extract:  11%|#1        | 64/578 [00:12<01:48,  4.73it/s]
Extract:  11%|#1        | 65/578 [00:13<02:28,  3.47it/s]
Extract:  11%|#1        | 66/578 [00:13<02:06,  4.06it/s]
Extract:  12%|#1        | 67/578 [00:14<02:59,  2.85it/s]
Extract:  12%|#1        | 69/578 [00:14<02:13,  3.82it/s]
Extract:  12%|#2        | 70/578 [00:14<01:57,  4.31it/s]
Extract:  12%|#2        | 71/578 [00:14<01:53,  4.45it/s]
Extract:  12%|#2        | 72/578 [00:14<01:46,  4.74it/s]
Extract:  13%|#2        | 73/578 [00:15<02:17,  3.68it/s]
Extract:  13%|#2        | 75/578 [00:15<01:30,  5.58it/s]
Extract:  13%|#3        | 76/578 [00:15<01:28,  5.65it/s]
Extract:  13%|#3        | 77/578 [00:16<02:04,  4.02it/s]
Extract:  14%|#3        | 80/578 [00:16<01:15,  6.61it/s]
Extract:  14%|#4        | 82/578 [00:16<01:05,  7.52it/s]
Extract:  14%|#4        | 83/578 [00:16<01:07,  7.32it/s]
Extract:  15%|#4        | 84/578 [00:17<01:45,  4.67it/s]
Extract:  15%|#4        | 86/578 [00:17<01:23,  5.86it/s]
Extract:  15%|#5        | 88/578 [00:17<01:06,  7.33it/s]
Extract:  15%|#5        | 89/578 [00:17<01:45,  4.62it/s]
Extract:  16%|#5        | 90/578 [00:18<01:37,  4.99it/s]
Extract:  16%|#5        | 91/578 [00:18<02:23,  3.39it/s]
Extract:  16%|#5        | 92/578 [00:19<02:39,  3.04it/s]
Extract:  16%|#6        | 93/578 [00:19<02:10,  3.71it/s]
Extract:  16%|#6        | 94/578 [00:19<01:58,  4.09it/s]
Extract:  17%|#6        | 96/578 [00:19<01:57,  4.11it/s]
Extract:  17%|#6        | 98/578 [00:20<01:37,  4.91it/s]
Extract:  17%|#7        | 99/578 [00:20<01:45,  4.54it/s]
Extract:  17%|#7        | 100/578 [00:20<01:57,  4.06it/s]
Extract:  17%|#7        | 101/578 [00:20<01:41,  4.70it/s]
Extract:  18%|#7        | 104/578 [00:20<00:58,  8.10it/s]
Extract:  18%|#8        | 106/578 [00:21<01:11,  6.57it/s]
Extract:  19%|#8        | 107/578 [00:21<01:39,  4.74it/s]
Extract:  19%|#8        | 108/578 [00:22<01:33,  5.02it/s]
Extract:  19%|#9        | 110/578 [00:22<01:16,  6.08it/s]
Extract:  19%|#9        | 111/578 [00:22<01:16,  6.13it/s]
Extract:  20%|#9        | 113/578 [00:22<01:02,  7.47it/s]
Extract:  20%|#9        | 114/578 [00:22<01:01,  7.51it/s]
Extract:  20%|#9        | 115/578 [00:22<01:04,  7.13it/s]
Extract:  20%|##        | 116/578 [00:23<01:21,  5.67it/s]
Extract:  20%|##        | 117/578 [00:23<01:49,  4.20it/s]
Extract:  21%|##        | 120/578 [00:24<01:48,  4.21it/s]
Extract:  21%|##        | 121/578 [00:24<02:05,  3.64it/s]
Extract:  21%|##1       | 123/578 [00:24<01:29,  5.10it/s]
Extract:  22%|##1       | 125/578 [00:25<01:30,  4.99it/s]
Extract:  22%|##1       | 126/578 [00:25<01:27,  5.20it/s]
Extract:  22%|##2       | 128/578 [00:25<01:09,  6.48it/s]
Extract:  22%|##2       | 130/578 [00:26<01:19,  5.60it/s]
Extract:  23%|##2       | 131/578 [00:26<01:31,  4.91it/s]
Extract:  23%|##3       | 133/578 [00:26<01:51,  3.99it/s]
Extract:  23%|##3       | 134/578 [00:27<01:42,  4.33it/s]
Extract:  23%|##3       | 135/578 [00:27<01:33,  4.72it/s]
Extract:  24%|##3       | 136/578 [00:27<01:31,  4.82it/s]
Extract:  24%|##3       | 137/578 [00:28<02:23,  3.08it/s]
Extract:  24%|##3       | 138/578 [00:28<02:59,  2.45it/s]
Extract:  24%|##4       | 139/578 [00:29<02:48,  2.61it/s]
Extract:  24%|##4       | 141/578 [00:29<01:43,  4.23it/s]
Extract:  25%|##5       | 145/578 [00:29<00:52,  8.17it/s]
Extract:  25%|##5       | 147/578 [00:29<01:18,  5.46it/s]
Extract:  26%|##5       | 149/578 [00:31<02:01,  3.53it/s]
Extract:  26%|##5       | 150/578 [00:31<01:54,  3.75it/s]
Extract:  26%|##6       | 152/578 [00:31<01:23,  5.11it/s]
Extract:  27%|##6       | 154/578 [00:32<01:50,  3.85it/s]
Extract:  27%|##6       | 155/578 [00:32<02:11,  3.22it/s]
Extract:  27%|##7       | 157/578 [00:32<01:36,  4.37it/s]
Extract:  28%|##7       | 159/578 [00:32<01:14,  5.59it/s]
Extract:  28%|##7       | 160/578 [00:33<01:20,  5.20it/s]
Extract:  28%|##8       | 163/578 [00:34<01:37,  4.25it/s]
Extract:  28%|##8       | 164/578 [00:34<01:30,  4.57it/s]
Extract:  29%|##8       | 165/578 [00:34<01:30,  4.58it/s]
Extract:  29%|##8       | 166/578 [00:34<01:30,  4.56it/s]
Extract:  29%|##8       | 167/578 [00:35<02:25,  2.83it/s]
Extract:  29%|##9       | 168/578 [00:35<02:07,  3.21it/s]
Extract:  29%|##9       | 169/578 [00:35<01:51,  3.66it/s]
Extract:  29%|##9       | 170/578 [00:36<01:49,  3.71it/s]
Extract:  30%|##9       | 172/578 [00:36<02:09,  3.14it/s]
Extract:  30%|##9       | 173/578 [00:37<02:38,  2.55it/s]
Extract:  30%|###       | 174/578 [00:37<02:18,  2.92it/s]
Extract:  30%|###       | 175/578 [00:37<01:55,  3.50it/s]
Extract:  30%|###       | 176/578 [00:37<01:36,  4.19it/s]
Extract:  31%|###       | 177/578 [00:38<02:30,  2.67it/s]
Extract:  31%|###       | 178/578 [00:38<02:07,  3.13it/s]
Extract:  31%|###       | 179/578 [00:38<01:49,  3.64it/s]
Extract:  31%|###1      | 180/578 [00:39<02:16,  2.92it/s]
Extract:  31%|###1      | 181/578 [00:39<02:35,  2.55it/s]
Extract:  31%|###1      | 182/578 [00:40<02:16,  2.90it/s]
Extract:  32%|###1      | 184/578 [00:40<01:48,  3.62it/s]
Extract:  32%|###2      | 185/578 [00:41<03:03,  2.14it/s]
Extract:  32%|###2      | 186/578 [00:41<02:40,  2.44it/s]
Extract:  33%|###2      | 188/578 [00:42<01:53,  3.44it/s]
Extract:  33%|###2      | 189/578 [00:42<02:35,  2.51it/s]
Extract:  33%|###3      | 191/578 [00:43<02:20,  2.76it/s]
Extract:  33%|###3      | 192/578 [00:43<02:02,  3.15it/s]
Extract:  33%|###3      | 193/578 [00:43<01:43,  3.71it/s]
Extract:  34%|###3      | 194/578 [00:43<01:28,  4.35it/s]
Extract:  34%|###3      | 196/578 [00:44<01:00,  6.36it/s]
Extract:  34%|###4      | 197/578 [00:44<01:43,  3.69it/s]
Extract:  34%|###4      | 198/578 [00:44<01:38,  3.87it/s]
Extract:  35%|###4      | 201/578 [00:45<01:30,  4.15it/s]
Extract:  35%|###4      | 202/578 [00:46<01:58,  3.18it/s]
Extract:  35%|###5      | 203/578 [00:46<02:21,  2.65it/s]
Extract:  35%|###5      | 205/578 [00:46<01:34,  3.94it/s]
Extract:  36%|###5      | 206/578 [00:47<01:22,  4.49it/s]
Extract:  36%|###5      | 207/578 [00:47<01:29,  4.14it/s]
Extract:  36%|###6      | 209/578 [00:47<01:04,  5.74it/s]
Extract:  36%|###6      | 210/578 [00:47<00:59,  6.16it/s]
Extract:  37%|###6      | 212/578 [00:48<01:16,  4.77it/s]
Extract:  37%|###6      | 213/578 [00:48<01:12,  5.02it/s]
Extract:  37%|###7      | 215/578 [00:48<01:20,  4.50it/s]
Extract:  38%|###7      | 217/578 [00:49<01:07,  5.36it/s]
Extract:  38%|###8      | 220/578 [00:49<00:46,  7.69it/s]
Extract:  38%|###8      | 222/578 [00:49<00:40,  8.90it/s]
Extract:  39%|###8      | 224/578 [00:49<00:39,  9.03it/s]
Extract:  39%|###9      | 226/578 [00:50<01:05,  5.38it/s]
Extract:  39%|###9      | 227/578 [00:50<01:04,  5.44it/s]
Extract:  40%|###9      | 229/578 [00:50<01:01,  5.71it/s]
Extract:  40%|###9      | 230/578 [00:51<01:13,  4.76it/s]
Extract:  40%|###9      | 231/578 [00:51<01:47,  3.23it/s]
Extract:  40%|####      | 232/578 [00:51<01:33,  3.72it/s]
Extract:  40%|####      | 234/578 [00:52<01:09,  4.94it/s]
Extract:  41%|####      | 235/578 [00:52<01:03,  5.42it/s]
Extract:  41%|####      | 236/578 [00:52<01:29,  3.83it/s]
Extract:  41%|####1     | 237/578 [00:53<01:33,  3.67it/s]
Extract:  42%|####1     | 240/578 [00:53<00:54,  6.20it/s]
Extract:  42%|####2     | 243/578 [00:53<00:37,  8.93it/s]
Extract:  42%|####2     | 245/578 [00:53<00:42,  7.88it/s]
Extract:  43%|####2     | 247/578 [00:54<00:44,  7.37it/s]
Extract:  43%|####2     | 248/578 [00:54<00:52,  6.28it/s]
Extract:  43%|####3     | 249/578 [00:54<00:50,  6.51it/s]
Extract:  43%|####3     | 250/578 [00:54<00:47,  6.98it/s]
Extract:  43%|####3     | 251/578 [00:54<00:45,  7.24it/s]
Extract:  44%|####3     | 253/578 [00:54<00:34,  9.49it/s]
Extract:  44%|####4     | 255/578 [00:55<00:53,  6.04it/s]
Extract:  44%|####4     | 256/578 [00:55<01:16,  4.21it/s]
Extract:  45%|####4     | 258/578 [00:55<00:54,  5.83it/s]
Extract:  45%|####4     | 260/578 [00:56<00:44,  7.15it/s]
Extract:  45%|####5     | 262/578 [00:56<01:04,  4.91it/s]
Extract:  46%|####5     | 263/578 [00:57<01:18,  4.02it/s]
Extract:  46%|####5     | 265/578 [00:57<01:10,  4.43it/s]
Extract:  46%|####6     | 266/578 [00:57<01:06,  4.72it/s]
Extract:  46%|####6     | 267/578 [00:58<01:19,  3.92it/s]
Extract:  46%|####6     | 268/578 [00:58<01:07,  4.60it/s]
Extract:  47%|####6     | 269/578 [00:58<01:12,  4.25it/s]
Extract:  47%|####7     | 272/578 [00:58<00:39,  7.71it/s]
Extract:  47%|####7     | 274/578 [00:59<01:17,  3.94it/s]
Extract:  48%|####7     | 275/578 [01:00<01:23,  3.64it/s]
Extract:  48%|####7     | 276/578 [01:00<01:14,  4.06it/s]
Extract:  48%|####8     | 278/578 [01:00<00:51,  5.80it/s]
Extract:  48%|####8     | 280/578 [01:00<00:50,  5.91it/s]
Extract:  49%|####8     | 282/578 [01:00<00:39,  7.46it/s]
Extract:  49%|####9     | 284/578 [01:01<00:41,  7.13it/s]
Extract:  49%|####9     | 285/578 [01:01<00:46,  6.27it/s]
Extract:  49%|####9     | 286/578 [01:01<01:09,  4.22it/s]
Extract:  50%|####9     | 287/578 [01:01<01:00,  4.83it/s]
Extract:  50%|####9     | 288/578 [01:02<00:55,  5.26it/s]
Extract:  50%|#####     | 289/578 [01:02<00:54,  5.26it/s]
Extract:  50%|#####     | 290/578 [01:02<01:20,  3.58it/s]
Extract:  50%|#####     | 291/578 [01:02<01:05,  4.36it/s]
Extract:  51%|#####     | 294/578 [01:03<00:41,  6.88it/s]
Extract:  51%|#####1    | 295/578 [01:03<01:11,  3.95it/s]
Extract:  51%|#####1    | 296/578 [01:03<01:05,  4.30it/s]
Extract:  51%|#####1    | 297/578 [01:04<01:32,  3.03it/s]
Extract:  52%|#####1    | 299/578 [01:04<01:04,  4.36it/s]
Extract:  52%|#####1    | 300/578 [01:04<00:58,  4.76it/s]
Extract:  52%|#####2    | 301/578 [01:05<01:04,  4.27it/s]
Extract:  52%|#####2    | 303/578 [01:05<00:44,  6.20it/s]
Extract:  53%|#####2    | 304/578 [01:05<01:03,  4.29it/s]
Extract:  53%|#####2    | 305/578 [01:05<00:59,  4.62it/s]
Extract:  53%|#####3    | 307/578 [01:06<01:00,  4.45it/s]
Extract:  53%|#####3    | 308/578 [01:06<00:59,  4.55it/s]
Extract:  53%|#####3    | 309/578 [01:07<01:41,  2.64it/s]
Extract:  54%|#####3    | 310/578 [01:07<01:28,  3.04it/s]
Extract:  54%|#####3    | 311/578 [01:08<01:36,  2.78it/s]
Extract:  54%|#####3    | 312/578 [01:08<01:40,  2.64it/s]
Extract:  54%|#####4    | 313/578 [01:08<01:20,  3.31it/s]
Extract:  54%|#####4    | 314/578 [01:08<01:22,  3.20it/s]
Extract:  55%|#####4    | 316/578 [01:09<01:04,  4.04it/s]
Extract:  55%|#####5    | 318/578 [01:09<01:05,  3.97it/s]
Extract:  55%|#####5    | 319/578 [01:10<01:01,  4.21it/s]
Extract:  55%|#####5    | 320/578 [01:10<01:09,  3.72it/s]
Extract:  56%|#####5    | 322/578 [01:10<00:56,  4.53it/s]
Extract:  56%|#####5    | 323/578 [01:10<00:52,  4.90it/s]
Extract:  56%|#####6    | 325/578 [01:10<00:37,  6.80it/s]
Extract:  56%|#####6    | 326/578 [01:11<00:41,  6.07it/s]
Extract:  57%|#####6    | 328/578 [01:11<00:39,  6.38it/s]
Extract:  57%|#####7    | 330/578 [01:11<00:33,  7.40it/s]
Extract:  57%|#####7    | 331/578 [01:11<00:35,  6.99it/s]
Extract:  57%|#####7    | 332/578 [01:12<00:40,  6.07it/s]
Extract:  58%|#####7    | 335/578 [01:12<00:27,  8.94it/s]
Extract:  58%|#####8    | 337/578 [01:12<00:24,  9.77it/s]
Extract:  59%|#####8    | 339/578 [01:12<00:24,  9.81it/s]
Extract:  59%|#####8    | 341/578 [01:12<00:25,  9.39it/s]
Extract:  59%|#####9    | 342/578 [01:13<00:29,  7.93it/s]
Extract:  60%|#####9    | 344/578 [01:13<00:54,  4.26it/s]
Extract:  60%|#####9    | 345/578 [01:14<00:48,  4.79it/s]
Extract:  60%|######    | 347/578 [01:14<00:37,  6.22it/s]
Extract:  60%|######    | 349/578 [01:14<00:42,  5.35it/s]
Extract:  61%|######    | 350/578 [01:14<00:40,  5.62it/s]
Extract:  61%|######    | 351/578 [01:15<00:59,  3.83it/s]
Extract:  61%|######1   | 353/578 [01:15<00:51,  4.37it/s]
Extract:  61%|######1   | 355/578 [01:15<00:39,  5.59it/s]
Extract:  62%|######1   | 356/578 [01:16<00:53,  4.17it/s]
Extract:  62%|######1   | 357/578 [01:16<00:55,  3.98it/s]
Extract:  62%|######2   | 359/578 [01:16<00:45,  4.83it/s]
Extract:  62%|######2   | 360/578 [01:17<00:45,  4.77it/s]
Extract:  63%|######2   | 362/578 [01:17<00:49,  4.40it/s]
Extract:  63%|######2   | 363/578 [01:17<00:43,  4.97it/s]
Extract:  63%|######3   | 365/578 [01:18<00:38,  5.54it/s]
Extract:  63%|######3   | 366/578 [01:18<00:40,  5.20it/s]
Extract:  63%|######3   | 367/578 [01:18<00:52,  4.05it/s]
Extract:  64%|######3   | 368/578 [01:19<00:55,  3.78it/s]
Extract:  64%|######3   | 369/578 [01:19<01:05,  3.21it/s]
Extract:  64%|######4   | 372/578 [01:19<00:34,  6.04it/s]
Extract:  65%|######4   | 374/578 [01:20<00:37,  5.43it/s]
Extract:  65%|######5   | 376/578 [01:20<00:47,  4.23it/s]
Extract:  65%|######5   | 377/578 [01:21<00:47,  4.21it/s]
Extract:  66%|######5   | 379/578 [01:21<00:36,  5.46it/s]
Extract:  66%|######5   | 380/578 [01:21<00:35,  5.62it/s]
Extract:  66%|######6   | 382/578 [01:21<00:37,  5.19it/s]
Extract:  66%|######6   | 383/578 [01:21<00:34,  5.69it/s]
Extract:  66%|######6   | 384/578 [01:22<00:38,  5.04it/s]
Extract:  67%|######6   | 386/578 [01:22<00:32,  5.98it/s]
Extract:  67%|######6   | 387/578 [01:22<00:33,  5.66it/s]
Extract:  67%|######7   | 390/578 [01:22<00:21,  8.85it/s]
Extract:  68%|######7   | 392/578 [01:22<00:21,  8.53it/s]
Extract:  68%|######8   | 394/578 [01:23<00:23,  7.75it/s]
Extract:  68%|######8   | 395/578 [01:23<00:25,  7.26it/s]
Extract:  69%|######8   | 397/578 [01:23<00:24,  7.42it/s]
Extract:  69%|######9   | 399/578 [01:23<00:22,  7.98it/s]
Extract:  69%|######9   | 401/578 [01:24<00:18,  9.77it/s]
Extract:  70%|######9   | 403/578 [01:24<00:16, 10.50it/s]
Extract:  70%|#######   | 406/578 [01:24<00:18,  9.41it/s]
Extract:  71%|#######   | 408/578 [01:25<00:29,  5.78it/s]
Extract:  71%|#######   | 410/578 [01:25<00:24,  6.86it/s]
Extract:  71%|#######1  | 412/578 [01:25<00:20,  8.20it/s]
Extract:  72%|#######1  | 414/578 [01:25<00:19,  8.27it/s]
Extract:  72%|#######1  | 416/578 [01:26<00:19,  8.36it/s]
Extract:  72%|#######2  | 418/578 [01:26<00:23,  6.83it/s]
Extract:  72%|#######2  | 419/578 [01:26<00:27,  5.73it/s]
Extract:  73%|#######2  | 421/578 [01:27<00:43,  3.61it/s]
Extract:  73%|#######3  | 424/578 [01:27<00:29,  5.30it/s]
Extract:  74%|#######3  | 425/578 [01:28<00:34,  4.48it/s]
Extract:  74%|#######3  | 426/578 [01:28<00:32,  4.73it/s]
Extract:  74%|#######3  | 427/578 [01:28<00:41,  3.64it/s]
Extract:  74%|#######4  | 428/578 [01:29<00:47,  3.19it/s]
Extract:  74%|#######4  | 429/578 [01:29<00:49,  3.03it/s]
Extract:  75%|#######4  | 431/578 [01:29<00:33,  4.35it/s]
Extract:  75%|#######4  | 432/578 [01:30<00:32,  4.55it/s]
Extract:  75%|#######5  | 434/578 [01:30<00:33,  4.29it/s]
Extract:  75%|#######5  | 435/578 [01:30<00:30,  4.76it/s]
Extract:  76%|#######5  | 437/578 [01:31<00:23,  5.89it/s]
Extract:  76%|#######5  | 438/578 [01:31<00:22,  6.10it/s]
Extract:  76%|#######5  | 439/578 [01:31<00:25,  5.53it/s]
Extract:  76%|#######6  | 441/578 [01:31<00:25,  5.43it/s]
Extract:  76%|#######6  | 442/578 [01:31<00:23,  5.91it/s]
Extract:  77%|#######6  | 444/578 [01:32<00:17,  7.60it/s]
Extract:  77%|#######6  | 445/578 [01:32<00:24,  5.37it/s]
Extract:  78%|#######7  | 448/578 [01:32<00:15,  8.32it/s]
Extract:  78%|#######7  | 450/578 [01:33<00:20,  6.30it/s]
Extract:  78%|#######8  | 451/578 [01:33<00:26,  4.83it/s]
Extract:  78%|#######8  | 453/578 [01:33<00:20,  6.20it/s]
Extract:  79%|#######8  | 455/578 [01:33<00:16,  7.46it/s]
Extract:  79%|#######9  | 457/578 [01:33<00:13,  9.22it/s]
Extract:  79%|#######9  | 459/578 [01:34<00:14,  8.46it/s]
Extract:  80%|#######9  | 461/578 [01:34<00:11, 10.21it/s]
Extract:  80%|########  | 463/578 [01:35<00:24,  4.67it/s]
Extract:  81%|########  | 466/578 [01:35<00:18,  5.91it/s]
Extract:  81%|########  | 467/578 [01:35<00:20,  5.34it/s]
Extract:  81%|########  | 468/578 [01:36<00:24,  4.50it/s]
Extract:  81%|########1 | 470/578 [01:36<00:19,  5.53it/s]
Extract:  81%|########1 | 471/578 [01:36<00:20,  5.28it/s]
Extract:  82%|########1 | 472/578 [01:36<00:20,  5.11it/s]
Extract:  82%|########1 | 473/578 [01:36<00:18,  5.63it/s]
Extract:  82%|########2 | 474/578 [01:37<00:17,  5.83it/s]
Extract:  82%|########2 | 475/578 [01:37<00:16,  6.38it/s]
Extract:  82%|########2 | 476/578 [01:37<00:26,  3.79it/s]
Extract:  83%|########2 | 477/578 [01:37<00:24,  4.14it/s]
Extract:  83%|########2 | 479/578 [01:38<00:17,  5.59it/s]
Extract:  83%|########3 | 481/578 [01:38<00:14,  6.91it/s]
Extract:  84%|########3 | 483/578 [01:38<00:11,  8.31it/s]
Extract:  84%|########3 | 485/578 [01:38<00:09,  9.81it/s]
Extract:  84%|########4 | 487/578 [01:38<00:09,  9.41it/s]
Extract:  85%|########4 | 489/578 [01:39<00:13,  6.59it/s]
Extract:  85%|########4 | 490/578 [01:39<00:12,  6.92it/s]
Extract:  85%|########4 | 491/578 [01:39<00:13,  6.26it/s]
Extract:  85%|########5 | 492/578 [01:39<00:16,  5.29it/s]
Extract:  85%|########5 | 493/578 [01:40<00:15,  5.52it/s]
Extract:  85%|########5 | 494/578 [01:40<00:14,  5.65it/s]
Extract:  86%|########5 | 496/578 [01:40<00:10,  7.73it/s]
Extract:  86%|########6 | 498/578 [01:40<00:13,  5.79it/s]
Extract:  87%|########6 | 501/578 [01:41<00:09,  7.91it/s]
Extract:  87%|########7 | 503/578 [01:41<00:07,  9.60it/s]
Extract:  87%|########7 | 505/578 [01:41<00:11,  6.14it/s]
Extract:  88%|########7 | 507/578 [01:42<00:15,  4.47it/s]
Extract:  88%|########7 | 508/578 [01:42<00:14,  4.68it/s]
Extract:  88%|########8 | 510/578 [01:42<00:12,  5.30it/s]
Extract:  88%|########8 | 511/578 [01:43<00:11,  5.76it/s]
Extract:  89%|########8 | 512/578 [01:43<00:12,  5.43it/s]
Extract:  89%|########9 | 515/578 [01:43<00:09,  6.88it/s]
Extract:  89%|########9 | 516/578 [01:44<00:11,  5.25it/s]
Extract:  89%|########9 | 517/578 [01:44<00:11,  5.11it/s]
Extract:  90%|########9 | 519/578 [01:44<00:09,  6.05it/s]
Extract:  90%|########9 | 520/578 [01:44<00:09,  6.15it/s]
Extract:  90%|######### | 522/578 [01:44<00:07,  7.71it/s]
Extract:  90%|######### | 523/578 [01:44<00:07,  6.95it/s]
Extract:  91%|######### | 525/578 [01:45<00:06,  8.74it/s]
Extract:  91%|#########1| 526/578 [01:45<00:09,  5.73it/s]
Extract:  91%|#########1| 528/578 [01:45<00:06,  7.80it/s]
Extract:  92%|#########1| 530/578 [01:45<00:05,  8.26it/s]
Extract:  92%|#########2| 532/578 [01:46<00:05,  8.45it/s]
Extract:  92%|#########2| 534/578 [01:46<00:05,  7.77it/s]
Extract:  93%|#########2| 535/578 [01:46<00:05,  8.06it/s]
Extract:  93%|#########2| 537/578 [01:46<00:04,  8.37it/s]
Extract:  93%|#########3| 538/578 [01:46<00:05,  7.18it/s]
Extract:  93%|#########3| 540/578 [01:47<00:05,  6.42it/s]
Extract:  94%|#########3| 541/578 [01:47<00:05,  6.50it/s]
Extract:  94%|#########3| 543/578 [01:47<00:04,  7.22it/s]
Extract:  94%|#########4| 546/578 [01:48<00:05,  5.79it/s]
Extract:  95%|#########4| 547/578 [01:48<00:06,  4.57it/s]
Extract:  95%|#########5| 550/578 [01:48<00:04,  6.97it/s]
Extract:  96%|#########5| 553/578 [01:49<00:03,  6.60it/s]
Extract:  96%|#########5| 554/578 [01:49<00:05,  4.71it/s]
Extract:  96%|#########6| 555/578 [01:50<00:05,  4.00it/s]
Extract:  96%|#########6| 556/578 [01:51<00:07,  2.75it/s]
Extract:  96%|#########6| 557/578 [01:51<00:07,  2.93it/s]
Extract:  97%|#########6| 559/578 [01:51<00:04,  4.35it/s]
Extract:  97%|#########6| 560/578 [01:51<00:05,  3.45it/s]
Extract:  97%|#########7| 561/578 [01:52<00:04,  3.69it/s]
Extract:  98%|#########7| 564/578 [01:52<00:02,  4.75it/s]
Extract:  98%|#########7| 565/578 [01:53<00:03,  3.79it/s]
Extract:  98%|#########7| 566/578 [01:53<00:02,  4.33it/s]
Extract:  98%|#########8| 567/578 [01:53<00:02,  4.59it/s]
Extract:  98%|#########8| 568/578 [01:53<00:02,  3.58it/s]
Extract:  99%|#########8| 570/578 [01:53<00:01,  5.45it/s]
Extract:  99%|#########8| 572/578 [01:54<00:00,  6.83it/s]
Extract:  99%|#########9| 574/578 [01:54<00:00,  8.79it/s]
Extract: 100%|#########9| 576/578 [01:54<00:00,  5.57it/s]
Extract: 100%|##########| 578/578 [01:54<00:00,  5.03it/s]

Extract:   0%|          | 0/578 [00:00<?, ?it/s]
Extract:   1%|          | 3/578 [00:00<00:48, 11.90it/s]
Extract:   1%|          | 5/578 [00:00<01:07,  8.47it/s]
Extract:   1%|1         | 6/578 [00:00<01:07,  8.51it/s]
Extract:   1%|1         | 7/578 [00:00<01:33,  6.13it/s]
Extract:   1%|1         | 8/578 [00:01<01:51,  5.11it/s]
Extract:   2%|1         | 9/578 [00:01<01:54,  4.99it/s]
Extract:   2%|1         | 10/578 [00:01<01:54,  4.94it/s]
Extract:   2%|1         | 11/578 [00:01<02:00,  4.70it/s]
Extract:   2%|2         | 12/578 [00:02<02:22,  3.96it/s]
Extract:   2%|2         | 14/578 [00:02<01:58,  4.77it/s]
Extract:   3%|2         | 15/578 [00:02<02:24,  3.90it/s]
Extract:   3%|2         | 16/578 [00:03<02:25,  3.86it/s]
Extract:   3%|3         | 19/578 [00:03<01:22,  6.76it/s]
Extract:   4%|3         | 21/578 [00:03<01:45,  5.29it/s]
Extract:   4%|3         | 22/578 [00:04<01:54,  4.87it/s]
Extract:   4%|3         | 23/578 [00:04<02:04,  4.45it/s]
Extract:   4%|4         | 24/578 [00:04<01:48,  5.09it/s]
Extract:   4%|4         | 26/578 [00:04<01:17,  7.16it/s]
Extract:   5%|4         | 28/578 [00:05<01:41,  5.44it/s]
Extract:   5%|5         | 30/578 [00:05<01:28,  6.22it/s]
Extract:   5%|5         | 31/578 [00:05<01:38,  5.56it/s]
Extract:   6%|5         | 34/578 [00:05<01:04,  8.42it/s]
Extract:   6%|6         | 36/578 [00:05<00:55,  9.80it/s]
Extract:   7%|6         | 38/578 [00:06<01:02,  8.67it/s]
Extract:   7%|6         | 40/578 [00:06<00:57,  9.29it/s]
Extract:   7%|7         | 42/578 [00:06<01:15,  7.13it/s]
Extract:   7%|7         | 43/578 [00:07<01:45,  5.09it/s]
Extract:   8%|7         | 46/578 [00:07<01:11,  7.48it/s]
Extract:   8%|8         | 48/578 [00:07<01:05,  8.12it/s]
Extract:   9%|8         | 50/578 [00:08<01:21,  6.46it/s]
Extract:   9%|8         | 51/578 [00:08<01:34,  5.55it/s]
Extract:   9%|8         | 52/578 [00:08<01:46,  4.95it/s]
Extract:   9%|9         | 54/578 [00:09<01:34,  5.55it/s]
Extract:  10%|9         | 55/578 [00:09<01:45,  4.96it/s]
Extract:  10%|9         | 56/578 [00:09<01:33,  5.56it/s]
Extract:  10%|#         | 58/578 [00:09<01:23,  6.22it/s]
Extract:  10%|#         | 59/578 [00:09<01:31,  5.70it/s]
Extract:  10%|#         | 60/578 [00:10<01:42,  5.07it/s]
Extract:  11%|#         | 61/578 [00:10<01:58,  4.37it/s]
Extract:  11%|#         | 63/578 [00:10<01:22,  6.22it/s]
Extract:  11%|#1        | 64/578 [00:10<01:36,  5.33it/s]
Extract:  11%|#1        | 65/578 [00:11<01:59,  4.28it/s]
Extract:  12%|#1        | 67/578 [00:11<02:05,  4.08it/s]
Extract:  12%|#1        | 68/578 [00:11<01:53,  4.48it/s]
Extract:  12%|#1        | 69/578 [00:12<01:52,  4.53it/s]
Extract:  12%|#2        | 71/578 [00:12<01:25,  5.90it/s]
Extract:  12%|#2        | 72/578 [00:12<01:25,  5.95it/s]
Extract:  13%|#2        | 73/578 [00:12<01:59,  4.22it/s]
Extract:  13%|#2        | 75/578 [00:13<01:25,  5.88it/s]
Extract:  13%|#3        | 76/578 [00:13<01:21,  6.17it/s]
Extract:  13%|#3        | 77/578 [00:13<01:49,  4.57it/s]
Extract:  14%|#3        | 79/578 [00:13<01:15,  6.62it/s]
Extract:  14%|#3        | 80/578 [00:13<01:10,  7.07it/s]
Extract:  14%|#4        | 82/578 [00:13<00:55,  8.95it/s]
Extract:  15%|#4        | 84/578 [00:14<01:16,  6.43it/s]
Extract:  15%|#4        | 85/578 [00:14<01:11,  6.87it/s]
Extract:  15%|#4        | 86/578 [00:14<01:22,  5.94it/s]
Extract:  15%|#5        | 88/578 [00:14<01:03,  7.70it/s]
Extract:  15%|#5        | 89/578 [00:15<01:36,  5.08it/s]
Extract:  16%|#5        | 90/578 [00:15<01:27,  5.58it/s]
Extract:  16%|#5        | 91/578 [00:16<02:11,  3.69it/s]
Extract:  16%|#5        | 92/578 [00:16<02:14,  3.62it/s]
Extract:  16%|#6        | 94/578 [00:16<01:38,  4.94it/s]
Extract:  17%|#6        | 96/578 [00:16<01:35,  5.03it/s]
Extract:  17%|#6        | 98/578 [00:17<01:24,  5.71it/s]
Extract:  17%|#7        | 100/578 [00:17<01:25,  5.57it/s]
Extract:  17%|#7        | 101/578 [00:17<01:19,  6.01it/s]
Extract:  18%|#8        | 105/578 [00:17<00:52,  8.99it/s]
Extract:  19%|#8        | 107/578 [00:18<01:02,  7.55it/s]
Extract:  19%|#8        | 108/578 [00:18<01:06,  7.11it/s]
Extract:  19%|#9        | 110/578 [00:18<00:55,  8.41it/s]
Extract:  19%|#9        | 111/578 [00:18<00:57,  8.13it/s]
Extract:  20%|#9        | 113/578 [00:18<00:47,  9.72it/s]
Extract:  20%|#9        | 115/578 [00:19<00:44, 10.41it/s]
Extract:  20%|##        | 117/578 [00:19<01:12,  6.32it/s]
Extract:  21%|##        | 120/578 [00:20<01:15,  6.03it/s]
Extract:  21%|##        | 121/578 [00:20<01:28,  5.16it/s]
Extract:  21%|##1       | 124/578 [00:20<01:01,  7.34it/s]
Extract:  22%|##1       | 126/578 [00:21<01:24,  5.35it/s]
Extract:  22%|##2       | 128/578 [00:21<01:10,  6.38it/s]
Extract:  22%|##2       | 130/578 [00:21<01:14,  6.02it/s]
Extract:  23%|##2       | 131/578 [00:22<01:31,  4.88it/s]
Extract:  23%|##3       | 133/578 [00:22<01:24,  5.27it/s]
Extract:  23%|##3       | 135/578 [00:22<01:13,  6.05it/s]
Extract:  24%|##3       | 136/578 [00:22<01:09,  6.34it/s]
Extract:  24%|##3       | 137/578 [00:23<01:27,  5.04it/s]
Extract:  24%|##3       | 138/578 [00:23<01:55,  3.80it/s]
Extract:  24%|##4       | 139/578 [00:24<01:56,  3.75it/s]
Extract:  25%|##4       | 142/578 [00:24<01:05,  6.64it/s]
Extract:  25%|##5       | 146/578 [00:24<00:59,  7.32it/s]
Extract:  25%|##5       | 147/578 [00:24<00:57,  7.50it/s]
Extract:  26%|##5       | 148/578 [00:24<00:57,  7.48it/s]
Extract:  26%|##5       | 149/578 [00:25<01:12,  5.93it/s]
Extract:  26%|##5       | 150/578 [00:25<01:05,  6.50it/s]
Extract:  26%|##6       | 153/578 [00:25<01:08,  6.18it/s]
Extract:  27%|##6       | 155/578 [00:26<01:15,  5.62it/s]
Extract:  27%|##7       | 158/578 [00:26<00:54,  7.72it/s]
Extract:  28%|##7       | 160/578 [00:26<00:57,  7.24it/s]
Extract:  28%|##8       | 163/578 [00:27<01:01,  6.75it/s]
Extract:  29%|##8       | 165/578 [00:27<00:54,  7.59it/s]
Extract:  29%|##8       | 166/578 [00:27<00:55,  7.38it/s]
Extract:  29%|##8       | 167/578 [00:27<01:09,  5.90it/s]
Extract:  29%|##9       | 168/578 [00:28<01:05,  6.23it/s]
Extract:  29%|##9       | 169/578 [00:28<01:00,  6.77it/s]
Extract:  29%|##9       | 170/578 [00:28<01:07,  6.04it/s]
Extract:  30%|##9       | 172/578 [00:28<01:07,  6.04it/s]
Extract:  30%|##9       | 173/578 [00:29<01:44,  3.88it/s]
Extract:  30%|###       | 174/578 [00:29<01:33,  4.33it/s]
Extract:  30%|###       | 176/578 [00:29<01:08,  5.87it/s]
Extract:  31%|###       | 177/578 [00:29<01:29,  4.50it/s]
Extract:  31%|###       | 178/578 [00:30<01:17,  5.19it/s]
Extract:  31%|###       | 179/578 [00:30<01:07,  5.89it/s]
Extract:  31%|###1      | 180/578 [00:30<01:29,  4.42it/s]
Extract:  31%|###1      | 181/578 [00:30<01:50,  3.59it/s]
Extract:  31%|###1      | 182/578 [00:31<01:36,  4.11it/s]
Extract:  32%|###1      | 184/578 [00:31<01:11,  5.54it/s]
Extract:  32%|###2      | 185/578 [00:31<01:23,  4.71it/s]
Extract:  32%|###2      | 186/578 [00:31<01:13,  5.34it/s]
Extract:  33%|###2      | 188/578 [00:31<00:53,  7.23it/s]
Extract:  33%|###2      | 189/578 [00:32<01:19,  4.88it/s]
Extract:  33%|###3      | 191/578 [00:32<01:13,  5.24it/s]
Extract:  33%|###3      | 193/578 [00:32<00:54,  7.05it/s]
Extract:  34%|###3      | 195/578 [00:32<00:44,  8.53it/s]
Extract:  34%|###4      | 197/578 [00:33<01:01,  6.17it/s]
Extract:  34%|###4      | 198/578 [00:33<01:04,  5.92it/s]
Extract:  35%|###4      | 201/578 [00:34<01:06,  5.64it/s]
Extract:  35%|###4      | 202/578 [00:34<01:03,  5.91it/s]
Extract:  35%|###5      | 203/578 [00:34<01:18,  4.80it/s]
Extract:  36%|###5      | 206/578 [00:34<00:52,  7.03it/s]
Extract:  36%|###5      | 207/578 [00:35<00:55,  6.68it/s]
Extract:  36%|###6      | 209/578 [00:35<00:45,  8.06it/s]
Extract:  36%|###6      | 210/578 [00:35<00:46,  7.86it/s]
Extract:  37%|###6      | 212/578 [00:35<00:56,  6.52it/s]
Extract:  37%|###7      | 214/578 [00:35<00:44,  8.16it/s]
Extract:  37%|###7      | 216/578 [00:36<00:51,  7.05it/s]
Extract:  38%|###7      | 218/578 [00:36<00:41,  8.71it/s]
Extract:  38%|###8      | 220/578 [00:36<00:35, 10.18it/s]
Extract:  39%|###8      | 223/578 [00:36<00:29, 12.18it/s]
Extract:  39%|###8      | 225/578 [00:37<00:39,  8.97it/s]
Extract:  39%|###9      | 227/578 [00:37<00:42,  8.25it/s]
Extract:  40%|###9      | 229/578 [00:37<00:40,  8.54it/s]
Extract:  40%|###9      | 230/578 [00:37<00:53,  6.54it/s]
Extract:  40%|###9      | 231/578 [00:38<01:04,  5.39it/s]
Extract:  40%|####      | 232/578 [00:38<01:07,  5.14it/s]
Extract:  40%|####      | 234/578 [00:38<00:56,  6.06it/s]
Extract:  41%|####      | 235/578 [00:38<00:55,  6.20it/s]
Extract:  41%|####      | 236/578 [00:39<01:09,  4.94it/s]
Extract:  41%|####1     | 237/578 [00:39<01:20,  4.25it/s]
Extract:  41%|####1     | 239/578 [00:39<00:58,  5.81it/s]
Extract:  42%|####1     | 240/578 [00:39<00:53,  6.34it/s]
Extract:  42%|####1     | 242/578 [00:39<00:38,  8.63it/s]
Extract:  42%|####2     | 244/578 [00:40<00:49,  6.75it/s]
Extract:  42%|####2     | 245/578 [00:40<00:46,  7.15it/s]
Extract:  43%|####2     | 247/578 [00:40<00:51,  6.46it/s]
Extract:  43%|####2     | 248/578 [00:40<00:58,  5.68it/s]
Extract:  43%|####3     | 249/578 [00:41<00:52,  6.22it/s]
Extract:  43%|####3     | 250/578 [00:41<00:49,  6.67it/s]
Extract:  43%|####3     | 251/578 [00:41<00:48,  6.80it/s]
Extract:  44%|####3     | 252/578 [00:41<00:48,  6.72it/s]
Extract:  44%|####4     | 255/578 [00:41<00:43,  7.48it/s]
Extract:  44%|####4     | 256/578 [00:42<00:56,  5.66it/s]
Extract:  45%|####4     | 258/578 [00:42<00:43,  7.35it/s]
Extract:  45%|####4     | 260/578 [00:42<00:34,  9.19it/s]
Extract:  45%|####5     | 262/578 [00:42<00:39,  7.97it/s]
Extract:  46%|####5     | 263/578 [00:43<00:54,  5.77it/s]
Extract:  46%|####5     | 265/578 [00:43<00:48,  6.48it/s]
Extract:  46%|####6     | 266/578 [00:43<00:47,  6.63it/s]
Extract:  46%|####6     | 267/578 [00:43<00:59,  5.23it/s]
Extract:  47%|####6     | 269/578 [00:44<00:59,  5.17it/s]
Extract:  47%|####7     | 273/578 [00:44<00:46,  6.60it/s]
Extract:  47%|####7     | 274/578 [00:45<00:58,  5.17it/s]
Extract:  48%|####7     | 275/578 [00:45<01:12,  4.17it/s]
Extract:  48%|####7     | 276/578 [00:45<01:09,  4.37it/s]
Extract:  48%|####8     | 279/578 [00:45<00:42,  7.02it/s]
Extract:  48%|####8     | 280/578 [00:46<00:58,  5.13it/s]
Extract:  49%|####8     | 282/578 [00:46<00:44,  6.67it/s]
Extract:  49%|####9     | 284/578 [00:46<00:41,  7.04it/s]
Extract:  49%|####9     | 285/578 [00:46<00:43,  6.80it/s]
Extract:  49%|####9     | 286/578 [00:46<00:43,  6.67it/s]
Extract:  50%|####9     | 288/578 [00:47<00:36,  8.02it/s]
Extract:  50%|#####     | 289/578 [00:47<00:37,  7.79it/s]
Extract:  50%|#####     | 290/578 [00:47<00:56,  5.06it/s]
Extract:  51%|#####     | 292/578 [00:47<00:40,  7.13it/s]
Extract:  51%|#####     | 294/578 [00:47<00:31,  8.97it/s]
Extract:  51%|#####1    | 296/578 [00:48<00:46,  6.13it/s]
Extract:  51%|#####1    | 297/578 [00:48<00:54,  5.16it/s]
Extract:  52%|#####1    | 299/578 [00:48<00:40,  6.81it/s]
Extract:  52%|#####2    | 301/578 [00:49<00:47,  5.77it/s]
Extract:  53%|#####2    | 304/578 [00:49<00:44,  6.19it/s]
Extract:  53%|#####2    | 305/578 [00:49<00:42,  6.44it/s]
Extract:  53%|#####3    | 307/578 [00:50<00:42,  6.31it/s]
Extract:  53%|#####3    | 308/578 [00:50<00:48,  5.58it/s]
Extract:  53%|#####3    | 309/578 [00:50<00:58,  4.58it/s]
Extract:  54%|#####3    | 310/578 [00:51<01:02,  4.30it/s]
Extract:  54%|#####3    | 311/578 [00:51<01:08,  3.91it/s]
Extract:  54%|#####3    | 312/578 [00:51<01:18,  3.39it/s]
Extract:  54%|#####4    | 313/578 [00:52<01:04,  4.09it/s]
Extract:  54%|#####4    | 314/578 [00:52<01:04,  4.10it/s]
Extract:  55%|#####4    | 316/578 [00:52<00:48,  5.38it/s]
Extract:  55%|#####5    | 318/578 [00:52<00:50,  5.10it/s]
Extract:  55%|#####5    | 319/578 [00:53<00:56,  4.58it/s]
Extract:  55%|#####5    | 320/578 [00:53<01:07,  3.81it/s]
Extract:  56%|#####5    | 321/578 [00:53<00:56,  4.51it/s]
Extract:  56%|#####5    | 322/578 [00:53<00:53,  4.81it/s]
Extract:  56%|#####5    | 323/578 [00:54<00:47,  5.40it/s]
Extract:  56%|#####6    | 325/578 [00:54<00:32,  7.74it/s]
Extract:  56%|#####6    | 326/578 [00:54<00:36,  6.88it/s]
Extract:  57%|#####6    | 327/578 [00:54<00:33,  7.46it/s]
Extract:  57%|#####6    | 328/578 [00:54<00:38,  6.50it/s]
Extract:  57%|#####7    | 330/578 [00:54<00:30,  8.01it/s]
Extract:  57%|#####7    | 331/578 [00:54<00:33,  7.38it/s]
Extract:  57%|#####7    | 332/578 [00:55<00:41,  5.90it/s]
Extract:  58%|#####7    | 334/578 [00:55<00:29,  8.37it/s]
Extract:  58%|#####8    | 337/578 [00:55<00:22, 10.52it/s]
Extract:  59%|#####8    | 339/578 [00:55<00:22, 10.68it/s]
Extract:  59%|#####8    | 341/578 [00:55<00:21, 11.27it/s]
Extract:  59%|#####9    | 343/578 [00:56<00:20, 11.59it/s]
Extract:  60%|#####9    | 345/578 [00:56<00:29,  8.03it/s]
Extract:  60%|######    | 347/578 [00:56<00:24,  9.45it/s]
Extract:  60%|######    | 349/578 [00:57<00:36,  6.35it/s]
Extract:  61%|######    | 350/578 [00:57<00:34,  6.52it/s]
Extract:  61%|######    | 351/578 [00:57<00:42,  5.40it/s]
Extract:  61%|######1   | 353/578 [00:57<00:34,  6.52it/s]
Extract:  61%|######1   | 355/578 [00:57<00:27,  8.21it/s]
Extract:  62%|######1   | 357/578 [00:58<00:35,  6.18it/s]
Extract:  62%|######2   | 359/578 [00:58<00:31,  6.93it/s]
Extract:  62%|######2   | 360/578 [00:58<00:37,  5.87it/s]
Extract:  62%|######2   | 361/578 [00:59<00:39,  5.48it/s]
Extract:  63%|######2   | 362/578 [00:59<00:47,  4.55it/s]
Extract:  63%|######2   | 364/578 [00:59<00:33,  6.35it/s]
Extract:  63%|######3   | 365/578 [00:59<00:33,  6.36it/s]
Extract:  63%|######3   | 366/578 [00:59<00:33,  6.27it/s]
Extract:  63%|######3   | 367/578 [01:00<00:40,  5.18it/s]
Extract:  64%|######3   | 368/578 [01:00<00:38,  5.47it/s]
Extract:  64%|######3   | 369/578 [01:00<00:54,  3.83it/s]
Extract:  64%|######4   | 372/578 [01:00<00:28,  7.15it/s]
Extract:  65%|######4   | 374/578 [01:01<00:43,  4.73it/s]
Extract:  65%|######5   | 376/578 [01:01<00:37,  5.36it/s]
Extract:  65%|######5   | 377/578 [01:02<00:38,  5.23it/s]
Extract:  66%|######5   | 379/578 [01:02<00:30,  6.52it/s]
Extract:  66%|######5   | 380/578 [01:02<00:30,  6.40it/s]
Extract:  66%|######6   | 382/578 [01:02<00:31,  6.16it/s]
Extract:  66%|######6   | 383/578 [01:02<00:29,  6.68it/s]
Extract:  66%|######6   | 384/578 [01:03<00:30,  6.47it/s]
Extract:  67%|######6   | 386/578 [01:03<00:22,  8.48it/s]
Extract:  67%|######7   | 388/578 [01:03<00:21,  9.02it/s]
Extract:  68%|######7   | 391/578 [01:03<00:17, 10.95it/s]
Extract:  68%|######7   | 393/578 [01:04<00:25,  7.25it/s]
Extract:  68%|######8   | 394/578 [01:04<00:27,  6.72it/s]
Extract:  68%|######8   | 395/578 [01:04<00:27,  6.72it/s]
Extract:  69%|######8   | 396/578 [01:04<00:27,  6.59it/s]
Extract:  69%|######8   | 397/578 [01:04<00:27,  6.62it/s]
Extract:  69%|######9   | 399/578 [01:04<00:21,  8.30it/s]
Extract:  70%|######9   | 402/578 [01:05<00:15, 11.27it/s]
Extract:  70%|######9   | 404/578 [01:05<00:14, 12.03it/s]
Extract:  70%|#######   | 406/578 [01:05<00:16, 10.38it/s]
Extract:  71%|#######   | 408/578 [01:06<00:28,  5.89it/s]
Extract:  71%|#######   | 410/578 [01:06<00:24,  6.76it/s]
Extract:  71%|#######1  | 412/578 [01:06<00:19,  8.32it/s]
Extract:  72%|#######1  | 414/578 [01:06<00:18,  8.78it/s]
Extract:  72%|#######1  | 416/578 [01:06<00:18,  8.94it/s]
Extract:  72%|#######2  | 418/578 [01:07<00:17,  9.13it/s]
Extract:  73%|#######2  | 420/578 [01:07<00:17,  8.83it/s]
Extract:  73%|#######2  | 421/578 [01:07<00:29,  5.27it/s]
Extract:  73%|#######3  | 424/578 [01:08<00:22,  6.75it/s]
Extract:  74%|#######3  | 425/578 [01:08<00:26,  5.80it/s]
Extract:  74%|#######3  | 426/578 [01:08<00:25,  5.97it/s]
Extract:  74%|#######3  | 427/578 [01:08<00:31,  4.73it/s]
Extract:  74%|#######4  | 428/578 [01:09<00:35,  4.24it/s]
Extract:  74%|#######4  | 429/578 [01:09<00:38,  3.91it/s]
Extract:  75%|#######4  | 431/578 [01:09<00:25,  5.68it/s]
Extract:  75%|#######4  | 432/578 [01:09<00:24,  5.91it/s]
Extract:  75%|#######5  | 434/578 [01:10<00:27,  5.16it/s]
Extract:  75%|#######5  | 435/578 [01:10<00:25,  5.71it/s]
Extract:  75%|#######5  | 436/578 [01:10<00:24,  5.71it/s]
Extract:  76%|#######5  | 437/578 [01:10<00:22,  6.39it/s]
Extract:  76%|#######5  | 438/578 [01:10<00:20,  6.71it/s]
Extract:  76%|#######5  | 439/578 [01:11<00:22,  6.18it/s]
Extract:  76%|#######6  | 441/578 [01:11<00:22,  6.00it/s]
Extract:  77%|#######6  | 443/578 [01:11<00:16,  7.98it/s]
Extract:  77%|#######6  | 445/578 [01:11<00:20,  6.54it/s]
Extract:  78%|#######7  | 448/578 [01:12<00:13,  9.73it/s]
Extract:  78%|#######7  | 450/578 [01:12<00:18,  7.10it/s]
Extract:  78%|#######8  | 452/578 [01:13<00:22,  5.60it/s]
Extract:  79%|#######8  | 454/578 [01:13<00:17,  7.00it/s]
Extract:  79%|#######8  | 456/578 [01:13<00:14,  8.57it/s]
Extract:  79%|#######9  | 458/578 [01:13<00:13,  8.86it/s]
Extract:  80%|#######9  | 460/578 [01:13<00:12,  9.15it/s]
Extract:  80%|#######9  | 462/578 [01:13<00:11, 10.02it/s]
Extract:  80%|########  | 464/578 [01:14<00:12,  9.12it/s]
Extract:  81%|########  | 466/578 [01:14<00:13,  8.56it/s]
Extract:  81%|########  | 467/578 [01:14<00:16,  6.62it/s]
Extract:  81%|########  | 468/578 [01:14<00:20,  5.30it/s]
Extract:  81%|########1 | 470/578 [01:15<00:17,  6.35it/s]
Extract:  81%|########1 | 471/578 [01:15<00:17,  6.07it/s]
Extract:  82%|########1 | 472/578 [01:15<00:19,  5.37it/s]
Extract:  82%|########1 | 473/578 [01:15<00:18,  5.80it/s]
Extract:  82%|########2 | 474/578 [01:15<00:17,  5.99it/s]
Extract:  82%|########2 | 476/578 [01:16<00:28,  3.52it/s]
Extract:  83%|########2 | 477/578 [01:16<00:25,  3.97it/s]
Extract:  83%|########2 | 479/578 [01:17<00:20,  4.74it/s]
Extract:  83%|########3 | 480/578 [01:17<00:18,  5.25it/s]
Extract:  83%|########3 | 481/578 [01:17<00:17,  5.48it/s]
Extract:  84%|########3 | 483/578 [01:17<00:12,  7.39it/s]
Extract:  84%|########4 | 486/578 [01:17<00:08, 11.00it/s]
Extract:  84%|########4 | 488/578 [01:18<00:08, 10.27it/s]
Extract:  85%|########4 | 490/578 [01:18<00:11,  7.38it/s]
Extract:  85%|########5 | 492/578 [01:18<00:12,  6.65it/s]
Extract:  85%|########5 | 493/578 [01:18<00:12,  6.65it/s]
Extract:  85%|########5 | 494/578 [01:19<00:12,  6.66it/s]
Extract:  86%|########5 | 497/578 [01:19<00:08,  9.82it/s]
Extract:  86%|########6 | 499/578 [01:19<00:10,  7.29it/s]
Extract:  87%|########6 | 501/578 [01:19<00:08,  9.03it/s]
Extract:  87%|########7 | 503/578 [01:19<00:06, 10.83it/s]
Extract:  87%|########7 | 505/578 [01:20<00:14,  5.20it/s]
Extract:  88%|########7 | 507/578 [01:20<00:11,  6.44it/s]
Extract:  88%|########8 | 509/578 [01:21<00:09,  7.47it/s]
Extract:  88%|########8 | 511/578 [01:21<00:08,  7.65it/s]
Extract:  89%|########8 | 513/578 [01:21<00:07,  8.66it/s]
Extract:  89%|########9 | 515/578 [01:21<00:07,  8.29it/s]
Extract:  89%|########9 | 517/578 [01:22<00:09,  6.21it/s]
Extract:  90%|########9 | 519/578 [01:22<00:08,  6.84it/s]
Extract:  90%|########9 | 520/578 [01:22<00:08,  7.08it/s]
Extract:  90%|######### | 522/578 [01:22<00:06,  8.46it/s]
Extract:  91%|######### | 524/578 [01:22<00:06,  8.55it/s]
Extract:  91%|#########1| 526/578 [01:23<00:08,  6.50it/s]
Extract:  91%|#########1| 528/578 [01:23<00:06,  7.94it/s]
Extract:  92%|#########1| 530/578 [01:23<00:05,  9.04it/s]
Extract:  92%|#########2| 532/578 [01:24<00:06,  6.83it/s]
Extract:  92%|#########2| 534/578 [01:24<00:05,  7.35it/s]
Extract:  93%|#########2| 536/578 [01:24<00:04,  9.05it/s]
Extract:  93%|#########3| 538/578 [01:24<00:05,  7.83it/s]
Extract:  93%|#########3| 540/578 [01:25<00:05,  6.88it/s]
Extract:  94%|#########3| 541/578 [01:25<00:05,  6.71it/s]
Extract:  94%|#########3| 543/578 [01:25<00:04,  7.52it/s]
Extract:  94%|#########4| 546/578 [01:25<00:04,  7.20it/s]
Extract:  95%|#########4| 547/578 [01:26<00:06,  5.15it/s]
Extract:  95%|#########5| 550/578 [01:26<00:03,  7.34it/s]
Extract:  96%|#########5| 553/578 [01:27<00:03,  6.53it/s]
Extract:  96%|#########5| 554/578 [01:27<00:05,  4.75it/s]
Extract:  96%|#########6| 555/578 [01:28<00:05,  4.31it/s]
Extract:  96%|#########6| 556/578 [01:28<00:04,  4.59it/s]
Extract:  96%|#########6| 557/578 [01:28<00:04,  4.46it/s]
Extract:  97%|#########6| 560/578 [01:29<00:03,  4.61it/s]
Extract:  97%|#########7| 561/578 [01:29<00:03,  4.46it/s]
Extract:  98%|#########7| 564/578 [01:29<00:03,  4.66it/s]
Extract:  98%|#########7| 565/578 [01:30<00:03,  4.30it/s]
Extract:  98%|#########7| 566/578 [01:30<00:02,  4.76it/s]
Extract:  98%|#########8| 567/578 [01:30<00:02,  4.90it/s]
Extract:  98%|#########8| 568/578 [01:31<00:02,  3.54it/s]
Extract:  99%|#########8| 570/578 [01:31<00:01,  5.29it/s]
Extract:  99%|#########8| 572/578 [01:31<00:00,  7.15it/s]
Extract:  99%|#########9| 575/578 [01:31<00:00,  9.44it/s]
Extract: 100%|#########9| 577/578 [01:31<00:00,  7.97it/s]
Extract: 100%|##########| 578/578 [01:31<00:00,  6.29it/s]

Extract:   0%|          | 0/578 [00:00<?, ?it/s]
Extract:   0%|          | 2/578 [00:00<00:30, 18.78it/s]
Extract:   1%|          | 4/578 [00:00<01:04,  8.85it/s]
Extract:   1%|1         | 6/578 [00:00<01:03,  8.96it/s]
Extract:   1%|1         | 8/578 [00:01<01:30,  6.31it/s]
Extract:   2%|1         | 9/578 [00:01<01:32,  6.17it/s]
Extract:   2%|1         | 10/578 [00:01<01:32,  6.16it/s]
Extract:   2%|1         | 11/578 [00:01<01:46,  5.32it/s]
Extract:   2%|2         | 12/578 [00:02<02:16,  4.15it/s]
Extract:   2%|2         | 13/578 [00:02<01:55,  4.90it/s]
Extract:   2%|2         | 14/578 [00:02<02:21,  3.98it/s]
Extract:   3%|2         | 15/578 [00:02<02:32,  3.69it/s]
Extract:   3%|2         | 17/578 [00:03<01:40,  5.60it/s]
Extract:   3%|3         | 20/578 [00:03<01:05,  8.58it/s]
Extract:   4%|3         | 22/578 [00:04<02:01,  4.59it/s]
Extract:   4%|3         | 23/578 [00:04<02:08,  4.33it/s]
Extract:   4%|4         | 25/578 [00:04<01:34,  5.85it/s]
Extract:   5%|4         | 27/578 [00:04<01:49,  5.05it/s]
Extract:   5%|5         | 29/578 [00:05<01:31,  5.99it/s]
Extract:   5%|5         | 30/578 [00:05<01:33,  5.87it/s]
Extract:   5%|5         | 31/578 [00:05<02:07,  4.29it/s]
Extract:   6%|5         | 32/578 [00:05<01:50,  4.94it/s]
Extract:   6%|6         | 35/578 [00:06<01:10,  7.65it/s]
Extract:   6%|6         | 37/578 [00:06<01:19,  6.83it/s]
Extract:   7%|6         | 38/578 [00:06<01:19,  6.77it/s]
Extract:   7%|6         | 40/578 [00:06<01:05,  8.26it/s]
Extract:   7%|7         | 41/578 [00:06<01:05,  8.25it/s]
Extract:   7%|7         | 42/578 [00:07<01:50,  4.85it/s]
Extract:   7%|7         | 43/578 [00:07<02:16,  3.93it/s]
Extract:   8%|7         | 46/578 [00:07<01:22,  6.42it/s]
Extract:   8%|8         | 47/578 [00:08<01:26,  6.13it/s]
Extract:   8%|8         | 49/578 [00:08<01:06,  7.98it/s]
Extract:   9%|8         | 51/578 [00:08<01:46,  4.95it/s]
Extract:   9%|8         | 52/578 [00:09<01:53,  4.64it/s]
Extract:   9%|9         | 54/578 [00:09<01:40,  5.21it/s]
Extract:  10%|9         | 55/578 [00:09<01:45,  4.96it/s]
Extract:  10%|9         | 57/578 [00:09<01:18,  6.60it/s]
Extract:  10%|#         | 58/578 [00:10<01:26,  6.01it/s]
Extract:  10%|#         | 59/578 [00:10<01:24,  6.11it/s]
Extract:  10%|#         | 60/578 [00:10<02:00,  4.31it/s]
Extract:  11%|#         | 61/578 [00:11<02:06,  4.08it/s]
Extract:  11%|#         | 63/578 [00:11<01:26,  5.96it/s]
Extract:  11%|#1        | 64/578 [00:11<01:31,  5.64it/s]
Extract:  11%|#1        | 65/578 [00:11<01:51,  4.60it/s]
Extract:  12%|#1        | 67/578 [00:12<01:56,  4.40it/s]
Extract:  12%|#1        | 69/578 [00:12<01:38,  5.18it/s]
Extract:  12%|#2        | 71/578 [00:12<01:20,  6.30it/s]
Extract:  12%|#2        | 72/578 [00:12<01:19,  6.33it/s]
Extract:  13%|#2        | 73/578 [00:13<01:46,  4.76it/s]
Extract:  13%|#2        | 75/578 [00:13<01:17,  6.52it/s]
Extract:  13%|#3        | 76/578 [00:13<01:16,  6.59it/s]
Extract:  13%|#3        | 77/578 [00:13<01:47,  4.65it/s]
Extract:  14%|#3        | 80/578 [00:14<01:11,  6.97it/s]
Extract:  14%|#4        | 82/578 [00:14<01:03,  7.80it/s]
Extract:  14%|#4        | 83/578 [00:14<01:05,  7.53it/s]
Extract:  15%|#4        | 84/578 [00:14<01:47,  4.59it/s]
Extract:  15%|#4        | 85/578 [00:15<01:34,  5.20it/s]
Extract:  15%|#4        | 86/578 [00:15<01:25,  5.77it/s]
Extract:  15%|#5        | 89/578 [00:15<01:21,  6.00it/s]
Extract:  16%|#5        | 90/578 [00:15<01:23,  5.84it/s]
Extract:  16%|#5        | 91/578 [00:16<01:55,  4.21it/s]
Extract:  16%|#5        | 92/578 [00:16<02:26,  3.32it/s]
Extract:  16%|#6        | 94/578 [00:17<01:57,  4.12it/s]
Extract:  17%|#6        | 96/578 [00:17<01:47,  4.50it/s]
Extract:  17%|#6        | 97/578 [00:17<01:35,  5.06it/s]
Extract:  17%|#6        | 98/578 [00:17<01:27,  5.49it/s]
Extract:  17%|#7        | 100/578 [00:17<01:14,  6.41it/s]
Extract:  17%|#7        | 101/578 [00:18<01:15,  6.29it/s]
Extract:  18%|#7        | 103/578 [00:18<01:00,  7.90it/s]
Extract:  18%|#8        | 105/578 [00:18<01:05,  7.21it/s]
Extract:  19%|#8        | 107/578 [00:19<01:35,  4.95it/s]
Extract:  19%|#8        | 108/578 [00:19<01:33,  5.03it/s]
Extract:  19%|#9        | 110/578 [00:19<01:13,  6.40it/s]
Extract:  19%|#9        | 111/578 [00:19<01:08,  6.78it/s]
Extract:  20%|#9        | 114/578 [00:19<00:47,  9.82it/s]
Extract:  20%|##        | 116/578 [00:20<00:47,  9.66it/s]
Extract:  20%|##        | 118/578 [00:20<00:58,  7.84it/s]
Extract:  21%|##        | 120/578 [00:21<01:19,  5.74it/s]
Extract:  21%|##        | 121/578 [00:21<01:38,  4.66it/s]
Extract:  21%|##1       | 123/578 [00:21<01:13,  6.17it/s]
Extract:  22%|##1       | 125/578 [00:21<01:14,  6.10it/s]
Extract:  22%|##1       | 126/578 [00:22<01:12,  6.22it/s]
Extract:  22%|##2       | 128/578 [00:22<00:59,  7.55it/s]
Extract:  22%|##2       | 130/578 [00:22<01:06,  6.74it/s]
Extract:  23%|##2       | 131/578 [00:22<01:29,  4.99it/s]
Extract:  23%|##2       | 132/578 [00:23<01:20,  5.53it/s]
Extract:  23%|##3       | 133/578 [00:23<01:22,  5.38it/s]
Extract:  23%|##3       | 134/578 [00:23<01:15,  5.87it/s]
Extract:  23%|##3       | 135/578 [00:23<01:12,  6.10it/s]
Extract:  24%|##3       | 136/578 [00:23<01:08,  6.42it/s]
Extract:  24%|##3       | 137/578 [00:24<01:29,  4.92it/s]
Extract:  24%|##3       | 138/578 [00:24<01:51,  3.96it/s]
Extract:  24%|##4       | 139/578 [00:24<01:46,  4.14it/s]
Extract:  24%|##4       | 140/578 [00:24<01:34,  4.64it/s]
Extract:  25%|##4       | 142/578 [00:24<01:01,  7.12it/s]
Extract:  25%|##5       | 146/578 [00:25<00:54,  7.91it/s]
Extract:  25%|##5       | 147/578 [00:25<00:52,  8.16it/s]
Extract:  26%|##5       | 149/578 [00:25<01:10,  6.12it/s]
Extract:  26%|##5       | 150/578 [00:26<01:05,  6.57it/s]
Extract:  26%|##6       | 153/578 [00:26<01:03,  6.68it/s]
Extract:  27%|##6       | 155/578 [00:26<01:17,  5.46it/s]
Extract:  27%|##7       | 157/578 [00:27<01:00,  6.93it/s]
Extract:  28%|##7       | 159/578 [00:27<00:50,  8.27it/s]
Extract:  28%|##7       | 161/578 [00:27<00:51,  8.13it/s]
Extract:  28%|##8       | 163/578 [00:28<01:13,  5.63it/s]
Extract:  29%|##8       | 165/578 [00:28<01:03,  6.54it/s]
Extract:  29%|##8       | 166/578 [00:28<01:00,  6.85it/s]
Extract:  29%|##8       | 167/578 [00:28<01:22,  4.98it/s]
Extract:  29%|##9       | 169/578 [00:28<01:05,  6.24it/s]
Extract:  30%|##9       | 171/578 [00:29<00:53,  7.58it/s]
Extract:  30%|##9       | 172/578 [00:29<00:58,  6.91it/s]
Extract:  30%|##9       | 173/578 [00:29<01:37,  4.16it/s]
Extract:  30%|###       | 174/578 [00:30<01:27,  4.59it/s]
Extract:  30%|###       | 175/578 [00:30<01:18,  5.16it/s]
Extract:  31%|###       | 177/578 [00:30<01:22,  4.83it/s]
Extract:  31%|###       | 178/578 [00:30<01:13,  5.46it/s]
Extract:  31%|###       | 179/578 [00:30<01:05,  6.14it/s]
Extract:  31%|###1      | 180/578 [00:31<01:15,  5.30it/s]
Extract:  31%|###1      | 181/578 [00:31<01:35,  4.14it/s]
Extract:  31%|###1      | 182/578 [00:31<01:36,  4.10it/s]
Extract:  32%|###1      | 184/578 [00:31<01:15,  5.20it/s]
Extract:  32%|###2      | 185/578 [00:32<01:36,  4.06it/s]
Extract:  32%|###2      | 186/578 [00:32<01:22,  4.73it/s]
Extract:  33%|###2      | 188/578 [00:32<00:58,  6.67it/s]
Extract:  33%|###2      | 189/578 [00:32<01:14,  5.24it/s]
Extract:  33%|###3      | 191/578 [00:33<01:06,  5.78it/s]
Extract:  33%|###3      | 192/578 [00:33<01:00,  6.35it/s]
Extract:  34%|###3      | 194/578 [00:33<00:50,  7.59it/s]
Extract:  34%|###3      | 195/578 [00:33<01:03,  5.99it/s]
Extract:  34%|###4      | 197/578 [00:34<01:21,  4.67it/s]
Extract:  34%|###4      | 198/578 [00:34<01:23,  4.57it/s]
Extract:  35%|###4      | 201/578 [00:35<01:12,  5.19it/s]
Extract:  35%|###4      | 202/578 [00:35<01:08,  5.45it/s]
Extract:  35%|###5      | 203/578 [00:35<01:23,  4.47it/s]
Extract:  36%|###5      | 206/578 [00:35<00:55,  6.75it/s]
Extract:  36%|###5      | 207/578 [00:36<01:01,  6.06it/s]
Extract:  36%|###6      | 209/578 [00:36<00:55,  6.61it/s]
Extract:  37%|###6      | 211/578 [00:36<00:43,  8.40it/s]
Extract:  37%|###6      | 213/578 [00:36<00:59,  6.10it/s]
Extract:  37%|###7      | 215/578 [00:37<00:57,  6.33it/s]
Extract:  38%|###7      | 217/578 [00:37<00:47,  7.64it/s]
Extract:  38%|###8      | 220/578 [00:37<00:34, 10.27it/s]
Extract:  39%|###8      | 223/578 [00:37<00:29, 11.93it/s]
Extract:  39%|###8      | 225/578 [00:38<00:40,  8.62it/s]
Extract:  39%|###9      | 227/578 [00:38<00:40,  8.57it/s]
Extract:  40%|###9      | 229/578 [00:38<00:40,  8.71it/s]
Extract:  40%|###9      | 231/578 [00:39<01:02,  5.58it/s]
Extract:  40%|####      | 233/578 [00:39<00:53,  6.49it/s]
Extract:  40%|####      | 234/578 [00:39<00:50,  6.78it/s]
Extract:  41%|####      | 235/578 [00:39<00:48,  7.13it/s]
Extract:  41%|####      | 236/578 [00:40<01:00,  5.64it/s]
Extract:  41%|####1     | 237/578 [00:40<01:13,  4.67it/s]
Extract:  41%|####1     | 239/578 [00:40<00:51,  6.62it/s]
Extract:  42%|####1     | 240/578 [00:40<00:50,  6.66it/s]
Extract:  42%|####1     | 242/578 [00:40<00:42,  7.94it/s]
Extract:  42%|####2     | 244/578 [00:41<01:29,  3.72it/s]
Extract:  42%|####2     | 245/578 [00:42<01:24,  3.94it/s]
Extract:  43%|####2     | 246/578 [00:42<01:13,  4.51it/s]
Extract:  43%|####2     | 247/578 [00:42<01:37,  3.41it/s]
Extract:  43%|####2     | 248/578 [00:42<01:35,  3.47it/s]
Extract:  43%|####3     | 249/578 [00:43<01:20,  4.10it/s]
Extract:  43%|####3     | 250/578 [00:43<01:08,  4.79it/s]
Extract:  43%|####3     | 251/578 [00:43<00:58,  5.61it/s]
Extract:  44%|####3     | 253/578 [00:43<00:40,  8.05it/s]
Extract:  44%|####4     | 255/578 [00:43<00:40,  8.07it/s]
Extract:  44%|####4     | 256/578 [00:44<01:22,  3.92it/s]
Extract:  45%|####4     | 258/578 [00:44<00:57,  5.55it/s]
Extract:  45%|####4     | 260/578 [00:44<00:44,  7.12it/s]
Extract:  45%|####5     | 262/578 [00:44<00:47,  6.71it/s]
Extract:  46%|####5     | 263/578 [00:45<01:07,  4.66it/s]
Extract:  46%|####5     | 265/578 [00:45<01:00,  5.13it/s]
Extract:  46%|####6     | 266/578 [00:45<00:58,  5.35it/s]
Extract:  46%|####6     | 267/578 [00:46<01:03,  4.92it/s]
Extract:  47%|####6     | 269/578 [00:46<00:59,  5.20it/s]
Extract:  47%|####7     | 272/578 [00:46<00:36,  8.34it/s]
Extract:  47%|####7     | 274/578 [00:47<00:59,  5.15it/s]
Extract:  48%|####7     | 276/578 [00:48<01:17,  3.88it/s]
Extract:  48%|####7     | 277/578 [00:48<01:10,  4.25it/s]
Extract:  48%|####8     | 280/578 [00:48<01:00,  4.96it/s]
Extract:  49%|####8     | 282/578 [00:48<00:49,  5.97it/s]
Extract:  49%|####8     | 283/578 [00:49<00:54,  5.42it/s]
Extract:  49%|####9     | 285/578 [00:49<00:47,  6.13it/s]
Extract:  49%|####9     | 286/578 [00:49<00:51,  5.62it/s]
Extract:  50%|####9     | 287/578 [00:49<00:46,  6.19it/s]
Extract:  50%|#####     | 289/578 [00:50<00:42,  6.88it/s]
Extract:  50%|#####     | 290/578 [00:50<00:54,  5.31it/s]
Extract:  51%|#####     | 292/578 [00:50<00:47,  6.08it/s]
Extract:  51%|#####     | 294/578 [00:50<00:36,  7.69it/s]
Extract:  51%|#####1    | 295/578 [00:51<00:55,  5.07it/s]
Extract:  51%|#####1    | 296/578 [00:51<00:49,  5.67it/s]
Extract:  51%|#####1    | 297/578 [00:51<00:59,  4.71it/s]
Extract:  52%|#####1    | 299/578 [00:51<00:42,  6.57it/s]
Extract:  52%|#####2    | 301/578 [00:52<00:41,  6.61it/s]
Extract:  52%|#####2    | 303/578 [00:52<00:32,  8.48it/s]
Extract:  53%|#####2    | 305/578 [00:52<00:42,  6.46it/s]
Extract:  53%|#####3    | 307/578 [00:52<00:40,  6.62it/s]
Extract:  53%|#####3    | 308/578 [00:53<00:52,  5.10it/s]
Extract:  53%|#####3    | 309/578 [00:53<01:04,  4.15it/s]
Extract:  54%|#####3    | 310/578 [00:53<01:05,  4.10it/s]
Extract:  54%|#####3    | 311/578 [00:54<01:23,  3.19it/s]
Extract:  54%|#####3    | 312/578 [00:54<01:24,  3.14it/s]
Extract:  54%|#####4    | 314/578 [00:55<01:03,  4.18it/s]
Extract:  55%|#####4    | 316/578 [00:55<00:53,  4.91it/s]
Extract:  55%|#####5    | 318/578 [00:56<01:04,  4.01it/s]
Extract:  55%|#####5    | 319/578 [00:56<01:00,  4.26it/s]
Extract:  55%|#####5    | 320/578 [00:56<01:03,  4.04it/s]
Extract:  56%|#####5    | 321/578 [00:56<00:55,  4.66it/s]
Extract:  56%|#####5    | 322/578 [00:56<00:55,  4.63it/s]
Extract:  56%|#####6    | 324/578 [00:56<00:37,  6.82it/s]
Extract:  56%|#####6    | 325/578 [00:57<00:34,  7.28it/s]
Extract:  56%|#####6    | 326/578 [00:57<00:42,  5.89it/s]
Extract:  57%|#####6    | 327/578 [00:57<00:38,  6.56it/s]
Extract:  57%|#####6    | 328/578 [00:57<00:41,  6.09it/s]
Extract:  57%|#####7    | 330/578 [00:57<00:31,  7.75it/s]
Extract:  57%|#####7    | 331/578 [00:57<00:33,  7.35it/s]
Extract:  57%|#####7    | 332/578 [00:58<00:44,  5.55it/s]
Extract:  58%|#####7    | 334/578 [00:58<00:30,  7.97it/s]
Extract:  58%|#####8    | 336/578 [00:58<00:24,  9.74it/s]
Extract:  58%|#####8    | 338/578 [00:58<00:23, 10.07it/s]
Extract:  59%|#####8    | 340/578 [00:59<00:29,  8.17it/s]
Extract:  59%|#####8    | 341/578 [00:59<00:31,  7.64it/s]
Extract:  59%|#####9    | 342/578 [00:59<00:34,  6.81it/s]
Extract:  60%|#####9    | 344/578 [00:59<00:39,  5.97it/s]
Extract:  60%|#####9    | 346/578 [00:59<00:32,  7.24it/s]
Extract:  60%|######    | 347/578 [01:00<00:30,  7.56it/s]
Extract:  60%|######    | 349/578 [01:00<00:41,  5.56it/s]
Extract:  61%|######    | 350/578 [01:00<00:38,  5.87it/s]
Extract:  61%|######    | 351/578 [01:01<00:57,  3.95it/s]
Extract:  61%|######1   | 353/578 [01:01<00:45,  4.99it/s]
Extract:  61%|######1   | 355/578 [01:01<00:32,  6.80it/s]
Extract:  62%|######1   | 357/578 [01:02<00:41,  5.37it/s]
Extract:  62%|######2   | 359/578 [01:02<00:31,  6.87it/s]
Extract:  62%|######2   | 361/578 [01:02<00:28,  7.71it/s]
Extract:  63%|######2   | 363/578 [01:03<00:41,  5.21it/s]
Extract:  63%|######3   | 365/578 [01:03<00:35,  5.94it/s]
Extract:  63%|######3   | 366/578 [01:03<00:34,  6.22it/s]
Extract:  63%|######3   | 367/578 [01:03<00:39,  5.28it/s]
Extract:  64%|######3   | 368/578 [01:03<00:37,  5.53it/s]
Extract:  64%|######3   | 369/578 [01:04<01:02,  3.37it/s]
Extract:  65%|######4   | 373/578 [01:04<00:34,  5.97it/s]
Extract:  65%|######4   | 374/578 [01:05<00:32,  6.30it/s]
Extract:  65%|######5   | 376/578 [01:05<00:28,  7.20it/s]
Extract:  65%|######5   | 377/578 [01:05<00:30,  6.63it/s]
Extract:  66%|######5   | 379/578 [01:05<00:23,  8.50it/s]
Extract:  66%|######5   | 381/578 [01:05<00:24,  8.06it/s]
Extract:  66%|######6   | 382/578 [01:06<00:31,  6.13it/s]
Extract:  66%|######6   | 383/578 [01:06<00:30,  6.35it/s]
Extract:  66%|######6   | 384/578 [01:06<00:35,  5.54it/s]
Extract:  67%|######6   | 386/578 [01:06<00:25,  7.62it/s]
Extract:  67%|######6   | 387/578 [01:06<00:26,  7.22it/s]
Extract:  67%|######7   | 390/578 [01:06<00:18, 10.17it/s]
Extract:  68%|######7   | 392/578 [01:07<00:20,  9.08it/s]
Extract:  68%|######8   | 394/578 [01:07<00:21,  8.57it/s]
Extract:  68%|######8   | 395/578 [01:07<00:22,  8.31it/s]
Extract:  69%|######8   | 397/578 [01:07<00:25,  7.21it/s]
Extract:  69%|######9   | 399/578 [01:08<00:21,  8.47it/s]
Extract:  70%|######9   | 402/578 [01:08<00:16, 10.57it/s]
Extract:  70%|######9   | 404/578 [01:08<00:15, 10.89it/s]
Extract:  70%|#######   | 406/578 [01:08<00:16, 10.22it/s]
Extract:  71%|#######   | 408/578 [01:09<00:26,  6.53it/s]
Extract:  71%|#######   | 410/578 [01:09<00:22,  7.55it/s]
Extract:  71%|#######1  | 412/578 [01:09<00:20,  8.19it/s]
Extract:  71%|#######1  | 413/578 [01:09<00:24,  6.74it/s]
Extract:  72%|#######1  | 415/578 [01:10<00:20,  7.88it/s]
Extract:  72%|#######1  | 416/578 [01:10<00:21,  7.54it/s]
Extract:  72%|#######2  | 418/578 [01:10<00:20,  7.89it/s]
Extract:  72%|#######2  | 419/578 [01:10<00:22,  7.01it/s]
Extract:  73%|#######2  | 421/578 [01:11<00:27,  5.62it/s]
Extract:  73%|#######3  | 424/578 [01:11<00:19,  8.01it/s]
Extract:  74%|#######3  | 425/578 [01:11<00:26,  5.70it/s]
Extract:  74%|#######3  | 426/578 [01:11<00:25,  5.88it/s]
Extract:  74%|#######3  | 427/578 [01:12<00:31,  4.76it/s]
Extract:  74%|#######4  | 428/578 [01:12<00:36,  4.13it/s]
Extract:  74%|#######4  | 429/578 [01:13<00:44,  3.36it/s]
Extract:  75%|#######4  | 431/578 [01:13<00:33,  4.42it/s]
Extract:  75%|#######4  | 432/578 [01:13<00:31,  4.58it/s]
Extract:  75%|#######5  | 434/578 [01:13<00:30,  4.73it/s]
Extract:  75%|#######5  | 435/578 [01:13<00:26,  5.35it/s]
Extract:  76%|#######5  | 437/578 [01:14<00:19,  7.06it/s]
Extract:  76%|#######5  | 439/578 [01:14<00:19,  7.25it/s]
Extract:  76%|#######6  | 441/578 [01:14<00:20,  6.76it/s]
Extract:  76%|#######6  | 442/578 [01:14<00:19,  7.14it/s]
Extract:  77%|#######6  | 444/578 [01:15<00:16,  8.03it/s]
Extract:  77%|#######6  | 445/578 [01:15<00:31,  4.17it/s]
Extract:  77%|#######7  | 447/578 [01:15<00:22,  5.82it/s]
Extract:  78%|#######7  | 449/578 [01:15<00:17,  7.57it/s]
Extract:  78%|#######8  | 451/578 [01:16<00:27,  4.58it/s]
Extract:  78%|#######8  | 452/578 [01:16<00:25,  4.89it/s]
Extract:  79%|#######8  | 454/578 [01:17<00:20,  5.95it/s]
Extract:  79%|#######8  | 456/578 [01:17<00:16,  7.23it/s]
Extract:  79%|#######9  | 458/578 [01:17<00:16,  7.27it/s]
Extract:  80%|#######9  | 461/578 [01:17<00:12,  9.51it/s]
Extract:  80%|########  | 463/578 [01:17<00:13,  8.44it/s]
Extract:  80%|########  | 465/578 [01:18<00:11,  9.83it/s]
Extract:  81%|########  | 467/578 [01:18<00:14,  7.47it/s]
Extract:  81%|########  | 468/578 [01:18<00:18,  5.92it/s]
Extract:  81%|########1 | 470/578 [01:19<00:15,  6.80it/s]
Extract:  81%|########1 | 471/578 [01:19<00:18,  5.81it/s]
Extract:  82%|########1 | 472/578 [01:19<00:25,  4.14it/s]
Extract:  82%|########1 | 473/578 [01:19<00:22,  4.76it/s]
Extract:  82%|########2 | 474/578 [01:20<00:19,  5.25it/s]
Extract:  82%|########2 | 475/578 [01:20<00:17,  5.93it/s]
Extract:  82%|########2 | 476/578 [01:20<00:24,  4.18it/s]
Extract:  83%|########2 | 477/578 [01:20<00:20,  4.94it/s]
Extract:  83%|########2 | 479/578 [01:20<00:16,  6.17it/s]
Extract:  83%|########3 | 481/578 [01:21<00:12,  7.79it/s]
Extract:  84%|########3 | 483/578 [01:21<00:09,  9.71it/s]
Extract:  84%|########3 | 485/578 [01:21<00:08, 11.10it/s]
Extract:  84%|########4 | 487/578 [01:21<00:09,  9.16it/s]
Extract:  85%|########4 | 489/578 [01:22<00:13,  6.47it/s]
Extract:  85%|########4 | 490/578 [01:22<00:12,  6.79it/s]
Extract:  85%|########4 | 491/578 [01:22<00:13,  6.39it/s]
Extract:  85%|########5 | 492/578 [01:22<00:14,  5.96it/s]
Extract:  85%|########5 | 493/578 [01:22<00:13,  6.17it/s]
Extract:  85%|########5 | 494/578 [01:22<00:13,  6.33it/s]
Extract:  86%|########5 | 496/578 [01:23<00:09,  8.53it/s]
Extract:  86%|########6 | 498/578 [01:23<00:13,  6.08it/s]
Extract:  87%|########6 | 500/578 [01:23<00:09,  7.94it/s]
Extract:  87%|########6 | 502/578 [01:23<00:08,  8.88it/s]
Extract:  87%|########7 | 504/578 [01:24<00:09,  7.83it/s]
Extract:  87%|########7 | 505/578 [01:24<00:15,  4.74it/s]
Extract:  88%|########7 | 507/578 [01:24<00:11,  6.23it/s]
Extract:  88%|########7 | 508/578 [01:25<00:10,  6.49it/s]
Extract:  88%|########8 | 510/578 [01:25<00:09,  7.25it/s]
Extract:  89%|########8 | 512/578 [01:25<00:08,  7.95it/s]
Extract:  89%|########9 | 515/578 [01:25<00:07,  8.86it/s]
Extract:  89%|########9 | 516/578 [01:26<00:09,  6.32it/s]
Extract:  89%|########9 | 517/578 [01:26<00:10,  5.65it/s]
Extract:  90%|########9 | 518/578 [01:26<00:09,  6.20it/s]
Extract:  90%|########9 | 519/578 [01:26<00:10,  5.83it/s]
Extract:  90%|########9 | 520/578 [01:26<00:10,  5.73it/s]
Extract:  90%|######### | 522/578 [01:26<00:07,  7.95it/s]
Extract:  90%|######### | 523/578 [01:27<00:07,  7.62it/s]
Extract:  91%|######### | 525/578 [01:27<00:05,  9.30it/s]
Extract:  91%|#########1| 527/578 [01:27<00:07,  7.11it/s]
Extract:  92%|#########1| 529/578 [01:27<00:05,  8.46it/s]
Extract:  92%|#########1| 531/578 [01:27<00:05,  9.00it/s]
Extract:  92%|#########2| 533/578 [01:28<00:05,  8.71it/s]
Extract:  92%|#########2| 534/578 [01:28<00:05,  7.62it/s]
Extract:  93%|#########2| 536/578 [01:28<00:04,  9.28it/s]
Extract:  93%|#########3| 538/578 [01:28<00:05,  7.10it/s]
Extract:  93%|#########3| 540/578 [01:29<00:07,  4.92it/s]
Extract:  94%|#########3| 541/578 [01:29<00:07,  5.03it/s]
Extract:  94%|#########3| 543/578 [01:30<00:05,  6.06it/s]
Extract:  94%|#########4| 546/578 [01:30<00:06,  4.64it/s]
Extract:  95%|#########4| 547/578 [01:31<00:07,  4.11it/s]
Extract:  95%|#########5| 550/578 [01:31<00:04,  6.41it/s]
Extract:  96%|#########5| 553/578 [01:31<00:03,  6.48it/s]
Extract:  96%|#########6| 555/578 [01:32<00:05,  4.59it/s]
Extract:  96%|#########6| 556/578 [01:32<00:04,  4.71it/s]
Extract:  96%|#########6| 557/578 [01:33<00:05,  3.95it/s]
Extract:  97%|#########6| 560/578 [01:33<00:03,  4.97it/s]
Extract:  97%|#########7| 561/578 [01:33<00:03,  5.10it/s]
Extract:  98%|#########7| 564/578 [01:34<00:02,  5.48it/s]
Extract:  98%|#########7| 565/578 [01:34<00:02,  4.50it/s]
Extract:  98%|#########7| 566/578 [01:34<00:02,  5.01it/s]
Extract:  98%|#########8| 567/578 [01:35<00:02,  5.15it/s]
Extract:  98%|#########8| 568/578 [01:35<00:02,  4.12it/s]
Extract:  99%|#########8| 570/578 [01:35<00:01,  5.87it/s]
Extract:  99%|#########8| 572/578 [01:35<00:00,  6.75it/s]
Extract:  99%|#########9| 575/578 [01:35<00:00,  8.60it/s]
Extract: 100%|#########9| 576/578 [01:36<00:00,  6.22it/s]
Extract: 100%|##########| 578/578 [01:36<00:00,  6.00it/s]

Extract:   0%|          | 0/578 [00:00<?, ?it/s]
Extract:   0%|          | 2/578 [00:00<00:40, 14.07it/s]
Extract:   1%|          | 4/578 [00:00<01:23,  6.91it/s]
Extract:   1%|          | 5/578 [00:00<01:35,  6.00it/s]
Extract:   1%|1         | 6/578 [00:00<01:29,  6.41it/s]
Extract:   1%|1         | 7/578 [00:01<01:45,  5.39it/s]
Extract:   1%|1         | 8/578 [00:01<01:58,  4.79it/s]
Extract:   2%|1         | 9/578 [00:01<02:05,  4.52it/s]
Extract:   2%|1         | 10/578 [00:01<01:56,  4.86it/s]
Extract:   2%|1         | 11/578 [00:01<01:47,  5.30it/s]
Extract:   2%|2         | 12/578 [00:02<02:07,  4.44it/s]
Extract:   2%|2         | 13/578 [00:02<01:55,  4.87it/s]
Extract:   2%|2         | 14/578 [00:02<02:45,  3.40it/s]
Extract:   3%|2         | 15/578 [00:03<02:53,  3.25it/s]
Extract:   3%|2         | 16/578 [00:03<02:23,  3.91it/s]
Extract:   3%|3         | 19/578 [00:03<01:16,  7.34it/s]
Extract:   4%|3         | 21/578 [00:03<01:22,  6.74it/s]
Extract:   4%|3         | 22/578 [00:04<01:25,  6.50it/s]
Extract:   4%|3         | 23/578 [00:04<01:27,  6.36it/s]
Extract:   4%|4         | 25/578 [00:04<01:04,  8.58it/s]
Extract:   5%|4         | 27/578 [00:04<01:44,  5.25it/s]
Extract:   5%|5         | 29/578 [00:05<01:34,  5.82it/s]
Extract:   5%|5         | 30/578 [00:05<01:39,  5.50it/s]
Extract:   5%|5         | 31/578 [00:05<01:43,  5.27it/s]
Extract:   6%|5         | 33/578 [00:05<01:15,  7.23it/s]
Extract:   6%|6         | 35/578 [00:05<01:03,  8.61it/s]
Extract:   6%|6         | 37/578 [00:06<01:00,  8.96it/s]
Extract:   7%|6         | 39/578 [00:06<00:53, 10.08it/s]
Extract:   7%|7         | 41/578 [00:06<00:57,  9.41it/s]
Extract:   7%|7         | 43/578 [00:07<01:45,  5.07it/s]
Extract:   8%|7         | 46/578 [00:07<01:13,  7.25it/s]
Extract:   8%|8         | 48/578 [00:07<01:03,  8.37it/s]
Extract:   9%|8         | 50/578 [00:08<01:20,  6.57it/s]
Extract:   9%|8         | 52/578 [00:08<01:40,  5.24it/s]
Extract:   9%|9         | 54/578 [00:08<01:31,  5.74it/s]
Extract:  10%|9         | 55/578 [00:09<01:40,  5.21it/s]
Extract:  10%|9         | 56/578 [00:09<01:30,  5.74it/s]
Extract:  10%|#         | 58/578 [00:09<01:19,  6.51it/s]
Extract:  10%|#         | 59/578 [00:09<01:20,  6.41it/s]
Extract:  10%|#         | 60/578 [00:10<01:40,  5.16it/s]
Extract:  11%|#         | 61/578 [00:10<01:51,  4.65it/s]
Extract:  11%|#         | 63/578 [00:10<01:22,  6.21it/s]
Extract:  11%|#1        | 64/578 [00:10<01:32,  5.53it/s]
Extract:  11%|#1        | 65/578 [00:11<01:47,  4.77it/s]
Extract:  12%|#1        | 67/578 [00:11<01:53,  4.50it/s]
Extract:  12%|#1        | 69/578 [00:11<01:30,  5.65it/s]
Extract:  12%|#2        | 71/578 [00:11<01:13,  6.92it/s]
Extract:  12%|#2        | 72/578 [00:12<01:11,  7.04it/s]
Extract:  13%|#2        | 73/578 [00:12<01:43,  4.89it/s]
Extract:  13%|#2        | 75/578 [00:12<01:13,  6.80it/s]
Extract:  13%|#3        | 76/578 [00:12<01:11,  7.06it/s]
Extract:  13%|#3        | 77/578 [00:13<01:43,  4.84it/s]
Extract:  14%|#3        | 79/578 [00:13<01:13,  6.75it/s]
Extract:  14%|#3        | 80/578 [00:13<01:09,  7.14it/s]
Extract:  14%|#4        | 81/578 [00:13<01:05,  7.57it/s]
Extract:  14%|#4        | 82/578 [00:13<01:02,  7.96it/s]
Extract:  14%|#4        | 83/578 [00:13<01:08,  7.23it/s]
Extract:  15%|#4        | 84/578 [00:14<01:50,  4.46it/s]
Extract:  15%|#4        | 86/578 [00:14<01:19,  6.17it/s]
Extract:  15%|#5        | 88/578 [00:14<01:06,  7.34it/s]
Extract:  15%|#5        | 89/578 [00:14<01:37,  4.99it/s]
Extract:  16%|#5        | 90/578 [00:15<01:35,  5.12it/s]
Extract:  16%|#5        | 91/578 [00:15<02:06,  3.84it/s]
Extract:  16%|#5        | 92/578 [00:16<02:37,  3.08it/s]
Extract:  16%|#6        | 94/578 [00:16<01:56,  4.16it/s]
Extract:  17%|#6        | 96/578 [00:16<01:57,  4.11it/s]
Extract:  17%|#6        | 97/578 [00:16<01:42,  4.68it/s]
Extract:  17%|#6        | 98/578 [00:17<01:38,  4.86it/s]
Extract:  17%|#7        | 100/578 [00:17<01:22,  5.78it/s]
Extract:  17%|#7        | 101/578 [00:17<01:14,  6.37it/s]
Extract:  18%|#7        | 104/578 [00:17<00:47, 10.02it/s]
Extract:  18%|#8        | 106/578 [00:17<01:00,  7.86it/s]
Extract:  19%|#8        | 108/578 [00:18<01:28,  5.33it/s]
Extract:  19%|#9        | 110/578 [00:18<01:12,  6.47it/s]
Extract:  19%|#9        | 111/578 [00:18<01:09,  6.71it/s]
Extract:  20%|#9        | 114/578 [00:19<00:52,  8.92it/s]
Extract:  20%|##        | 116/578 [00:19<00:57,  8.04it/s]
Extract:  20%|##        | 117/578 [00:19<01:11,  6.49it/s]
Extract:  21%|##        | 120/578 [00:20<01:23,  5.50it/s]
Extract:  21%|##        | 121/578 [00:21<02:10,  3.50it/s]
Extract:  21%|##1       | 123/578 [00:21<01:37,  4.68it/s]
Extract:  22%|##1       | 125/578 [00:21<01:42,  4.44it/s]
Extract:  22%|##1       | 126/578 [00:21<01:40,  4.50it/s]
Extract:  22%|##2       | 128/578 [00:22<01:17,  5.77it/s]
Extract:  22%|##2       | 130/578 [00:22<01:15,  5.96it/s]
Extract:  23%|##2       | 131/578 [00:22<01:31,  4.86it/s]
Extract:  23%|##3       | 133/578 [00:23<01:29,  4.96it/s]
Extract:  23%|##3       | 135/578 [00:23<01:13,  6.04it/s]
Extract:  24%|##3       | 136/578 [00:23<01:07,  6.51it/s]
Extract:  24%|##3       | 137/578 [00:23<01:30,  4.90it/s]
Extract:  24%|##3       | 138/578 [00:24<01:59,  3.67it/s]
Extract:  24%|##4       | 139/578 [00:24<02:01,  3.62it/s]
Extract:  25%|##4       | 142/578 [00:24<01:08,  6.36it/s]
Extract:  25%|##5       | 146/578 [00:25<01:10,  6.13it/s]
Extract:  25%|##5       | 147/578 [00:25<01:06,  6.50it/s]
Extract:  26%|##5       | 148/578 [00:25<01:06,  6.46it/s]
Extract:  26%|##5       | 149/578 [00:26<01:32,  4.66it/s]
Extract:  26%|##5       | 150/578 [00:26<01:21,  5.26it/s]
Extract:  26%|##6       | 152/578 [00:26<00:58,  7.30it/s]
Extract:  27%|##6       | 154/578 [00:27<01:38,  4.29it/s]
Extract:  27%|##6       | 155/578 [00:27<01:52,  3.77it/s]
Extract:  27%|##7       | 157/578 [00:27<01:22,  5.12it/s]
Extract:  28%|##7       | 159/578 [00:27<01:07,  6.22it/s]
Extract:  28%|##7       | 160/578 [00:28<01:14,  5.63it/s]
Extract:  28%|##8       | 162/578 [00:28<00:55,  7.47it/s]
Extract:  28%|##8       | 164/578 [00:29<01:28,  4.70it/s]
Extract:  29%|##8       | 165/578 [00:29<01:23,  4.94it/s]
Extract:  29%|##8       | 166/578 [00:29<01:20,  5.10it/s]
Extract:  29%|##8       | 167/578 [00:29<01:45,  3.89it/s]
Extract:  29%|##9       | 168/578 [00:29<01:31,  4.48it/s]
Extract:  29%|##9       | 169/578 [00:30<01:20,  5.09it/s]
Extract:  29%|##9       | 170/578 [00:30<01:15,  5.40it/s]
Extract:  30%|##9       | 172/578 [00:30<01:06,  6.06it/s]
Extract:  30%|##9       | 173/578 [00:31<01:38,  4.11it/s]
Extract:  30%|###       | 174/578 [00:31<01:30,  4.45it/s]
Extract:  30%|###       | 175/578 [00:31<01:18,  5.13it/s]
Extract:  30%|###       | 176/578 [00:31<01:07,  5.92it/s]
Extract:  31%|###       | 177/578 [00:31<01:51,  3.59it/s]
Extract:  31%|###       | 178/578 [00:32<01:34,  4.22it/s]
Extract:  31%|###       | 179/578 [00:32<01:42,  3.88it/s]
Extract:  31%|###1      | 180/578 [00:32<01:55,  3.44it/s]
Extract:  31%|###1      | 181/578 [00:33<02:07,  3.12it/s]
Extract:  31%|###1      | 182/578 [00:33<01:55,  3.42it/s]
Extract:  32%|###1      | 184/578 [00:33<01:30,  4.34it/s]
Extract:  32%|###2      | 185/578 [00:34<01:53,  3.46it/s]
Extract:  32%|###2      | 186/578 [00:34<01:36,  4.05it/s]
Extract:  33%|###2      | 188/578 [00:34<01:11,  5.44it/s]
Extract:  33%|###2      | 189/578 [00:35<01:57,  3.32it/s]
Extract:  33%|###3      | 191/578 [00:35<01:33,  4.13it/s]
Extract:  33%|###3      | 193/578 [00:35<01:12,  5.31it/s]
Extract:  34%|###3      | 195/578 [00:35<00:57,  6.68it/s]
Extract:  34%|###4      | 197/578 [00:36<01:08,  5.55it/s]
Extract:  34%|###4      | 198/578 [00:36<01:05,  5.82it/s]
Extract:  35%|###4      | 201/578 [00:36<01:05,  5.75it/s]
Extract:  35%|###4      | 202/578 [00:37<01:11,  5.24it/s]
Extract:  35%|###5      | 203/578 [00:37<01:20,  4.67it/s]
Extract:  35%|###5      | 205/578 [00:37<00:58,  6.37it/s]
Extract:  36%|###5      | 206/578 [00:37<00:59,  6.29it/s]
Extract:  36%|###5      | 207/578 [00:38<01:09,  5.33it/s]
Extract:  36%|###6      | 209/578 [00:38<00:57,  6.45it/s]
Extract:  36%|###6      | 210/578 [00:38<01:02,  5.87it/s]
Extract:  37%|###6      | 212/578 [00:38<01:06,  5.51it/s]
Extract:  37%|###7      | 214/578 [00:39<00:50,  7.16it/s]
Extract:  37%|###7      | 215/578 [00:39<00:58,  6.22it/s]
Extract:  38%|###7      | 217/578 [00:39<00:45,  7.90it/s]
Extract:  38%|###8      | 220/578 [00:39<00:31, 11.30it/s]
Extract:  39%|###8      | 223/578 [00:39<00:28, 12.66it/s]
Extract:  39%|###8      | 225/578 [00:40<00:41,  8.43it/s]
Extract:  39%|###9      | 227/578 [00:40<00:43,  8.10it/s]
Extract:  40%|###9      | 229/578 [00:40<00:44,  7.91it/s]
Extract:  40%|###9      | 230/578 [00:41<00:50,  6.88it/s]
Extract:  40%|###9      | 231/578 [00:41<00:51,  6.78it/s]
Extract:  40%|####      | 233/578 [00:41<00:43,  7.88it/s]
Extract:  41%|####      | 235/578 [00:41<00:41,  8.28it/s]
Extract:  41%|####      | 236/578 [00:41<00:59,  5.74it/s]
Extract:  41%|####1     | 237/578 [00:42<01:13,  4.67it/s]
Extract:  41%|####1     | 239/578 [00:42<00:51,  6.60it/s]
Extract:  42%|####1     | 240/578 [00:42<00:48,  6.92it/s]
Extract:  42%|####2     | 243/578 [00:42<00:31, 10.64it/s]
Extract:  42%|####2     | 245/578 [00:43<00:50,  6.56it/s]
Extract:  43%|####2     | 247/578 [00:43<00:46,  7.07it/s]
Extract:  43%|####3     | 249/578 [00:43<00:47,  6.86it/s]
Extract:  43%|####3     | 251/578 [00:43<00:43,  7.49it/s]
Extract:  44%|####3     | 254/578 [00:44<00:31, 10.44it/s]
Extract:  44%|####4     | 256/578 [00:44<00:49,  6.54it/s]
Extract:  45%|####4     | 258/578 [00:44<00:43,  7.43it/s]
Extract:  45%|####4     | 260/578 [00:44<00:36,  8.72it/s]
Extract:  45%|####5     | 262/578 [00:45<00:43,  7.28it/s]
Extract:  46%|####5     | 264/578 [00:45<00:52,  5.97it/s]
Extract:  46%|####5     | 265/578 [00:46<01:05,  4.75it/s]
Extract:  46%|####6     | 266/578 [00:46<01:06,  4.72it/s]
Extract:  46%|####6     | 267/578 [00:46<01:12,  4.30it/s]
Extract:  47%|####6     | 269/578 [00:47<01:03,  4.89it/s]
Extract:  47%|####7     | 273/578 [00:47<00:52,  5.84it/s]
Extract:  47%|####7     | 274/578 [00:48<01:01,  4.94it/s]
Extract:  48%|####7     | 275/578 [00:48<01:06,  4.58it/s]
Extract:  48%|####7     | 276/578 [00:48<01:01,  4.90it/s]
Extract:  48%|####8     | 279/578 [00:48<00:37,  7.95it/s]
Extract:  49%|####8     | 281/578 [00:49<00:48,  6.08it/s]
Extract:  49%|####8     | 283/578 [00:49<00:45,  6.42it/s]
Extract:  49%|####9     | 285/578 [00:49<00:45,  6.47it/s]
Extract:  49%|####9     | 286/578 [00:49<00:51,  5.66it/s]
Extract:  50%|####9     | 288/578 [00:50<00:43,  6.70it/s]
Extract:  50%|#####     | 289/578 [00:50<00:43,  6.66it/s]
Extract:  50%|#####     | 290/578 [00:50<00:54,  5.27it/s]
Extract:  51%|#####     | 293/578 [00:50<00:34,  8.33it/s]
Extract:  51%|#####1    | 295/578 [00:51<00:41,  6.89it/s]
Extract:  51%|#####1    | 296/578 [00:51<00:38,  7.24it/s]
Extract:  51%|#####1    | 297/578 [00:51<00:57,  4.91it/s]
Extract:  52%|#####1    | 299/578 [00:51<00:41,  6.72it/s]
Extract:  52%|#####2    | 301/578 [00:52<00:42,  6.46it/s]
Extract:  52%|#####2    | 303/578 [00:52<00:33,  8.27it/s]
Extract:  53%|#####2    | 305/578 [00:52<00:42,  6.40it/s]
Extract:  53%|#####3    | 307/578 [00:53<00:40,  6.66it/s]
Extract:  53%|#####3    | 308/578 [00:53<00:42,  6.31it/s]
Extract:  53%|#####3    | 309/578 [00:53<00:56,  4.78it/s]
Extract:  54%|#####3    | 310/578 [00:53<00:49,  5.39it/s]
Extract:  54%|#####3    | 311/578 [00:54<01:13,  3.64it/s]
Extract:  54%|#####3    | 312/578 [00:54<01:22,  3.23it/s]
Extract:  54%|#####4    | 314/578 [00:55<01:11,  3.68it/s]
Extract:  55%|#####4    | 316/578 [00:55<00:58,  4.48it/s]
Extract:  55%|#####5    | 318/578 [00:55<00:54,  4.79it/s]
Extract:  55%|#####5    | 319/578 [00:55<00:52,  4.94it/s]
Extract:  55%|#####5    | 320/578 [00:56<00:58,  4.38it/s]
Extract:  56%|#####5    | 322/578 [00:56<00:52,  4.90it/s]
Extract:  56%|#####5    | 323/578 [00:56<00:48,  5.29it/s]
Extract:  56%|#####6    | 325/578 [00:56<00:34,  7.32it/s]
Extract:  56%|#####6    | 326/578 [00:57<00:44,  5.70it/s]
Extract:  57%|#####6    | 328/578 [00:57<00:39,  6.41it/s]
Extract:  57%|#####7    | 330/578 [00:57<00:31,  7.88it/s]
Extract:  57%|#####7    | 331/578 [00:57<00:31,  7.88it/s]
Extract:  57%|#####7    | 332/578 [00:57<00:38,  6.41it/s]
Extract:  58%|#####7    | 334/578 [00:58<00:28,  8.62it/s]
Extract:  58%|#####8    | 336/578 [00:58<00:23, 10.50it/s]
Extract:  58%|#####8    | 338/578 [00:58<00:20, 11.94it/s]
Extract:  59%|#####8    | 340/578 [00:58<00:25,  9.47it/s]
Extract:  59%|#####9    | 342/578 [00:58<00:28,  8.39it/s]
Extract:  60%|#####9    | 344/578 [00:59<00:31,  7.42it/s]
Extract:  60%|#####9    | 346/578 [00:59<00:25,  9.01it/s]
Extract:  60%|######    | 348/578 [00:59<00:21, 10.47it/s]
Extract:  61%|######    | 350/578 [01:00<00:34,  6.59it/s]
Extract:  61%|######    | 352/578 [01:00<00:48,  4.62it/s]
Extract:  61%|######1   | 353/578 [01:00<00:50,  4.50it/s]
Extract:  61%|######1   | 355/578 [01:01<00:37,  5.99it/s]
Extract:  62%|######1   | 356/578 [01:01<00:44,  5.02it/s]
Extract:  62%|######1   | 357/578 [01:01<00:45,  4.89it/s]
Extract:  62%|######2   | 359/578 [01:01<00:37,  5.81it/s]
Extract:  62%|######2   | 360/578 [01:02<00:38,  5.67it/s]
Extract:  63%|######2   | 362/578 [01:02<00:50,  4.26it/s]
Extract:  63%|######2   | 364/578 [01:02<00:40,  5.32it/s]
Extract:  63%|######3   | 365/578 [01:03<00:40,  5.23it/s]
Extract:  63%|######3   | 366/578 [01:03<00:39,  5.30it/s]
Extract:  63%|######3   | 367/578 [01:03<00:52,  4.04it/s]
Extract:  64%|######3   | 368/578 [01:03<00:45,  4.57it/s]
Extract:  64%|######3   | 369/578 [01:04<01:04,  3.23it/s]
Extract:  65%|######4   | 373/578 [01:04<00:36,  5.64it/s]
Extract:  65%|######4   | 374/578 [01:04<00:35,  5.78it/s]
Extract:  65%|######5   | 376/578 [01:05<00:34,  5.78it/s]
Extract:  65%|######5   | 377/578 [01:05<00:35,  5.66it/s]
Extract:  66%|######5   | 379/578 [01:05<00:27,  7.11it/s]
Extract:  66%|######5   | 380/578 [01:05<00:28,  6.84it/s]
Extract:  66%|######6   | 382/578 [01:06<00:33,  5.94it/s]
Extract:  66%|######6   | 383/578 [01:06<00:31,  6.24it/s]
Extract:  66%|######6   | 384/578 [01:06<00:37,  5.19it/s]
Extract:  67%|######6   | 386/578 [01:06<00:28,  6.69it/s]
Extract:  67%|######6   | 387/578 [01:07<00:28,  6.60it/s]
Extract:  67%|######7   | 390/578 [01:07<00:19,  9.49it/s]
Extract:  68%|######7   | 392/578 [01:07<00:21,  8.53it/s]
Extract:  68%|######7   | 393/578 [01:07<00:22,  8.08it/s]
Extract:  68%|######8   | 395/578 [01:07<00:22,  8.19it/s]
Extract:  69%|######8   | 397/578 [01:08<00:22,  8.00it/s]
Extract:  69%|######8   | 398/578 [01:08<00:21,  8.24it/s]
Extract:  69%|######9   | 399/578 [01:08<00:21,  8.18it/s]
Extract:  69%|######9   | 401/578 [01:08<00:18,  9.48it/s]
Extract:  70%|######9   | 403/578 [01:08<00:17, 10.10it/s]
Extract:  70%|#######   | 405/578 [01:09<00:20,  8.42it/s]
Extract:  70%|#######   | 406/578 [01:09<00:21,  8.11it/s]
Extract:  70%|#######   | 407/578 [01:09<00:25,  6.76it/s]
Extract:  71%|#######   | 408/578 [01:09<00:38,  4.42it/s]
Extract:  71%|#######   | 410/578 [01:10<00:29,  5.79it/s]
Extract:  71%|#######1  | 412/578 [01:10<00:25,  6.57it/s]
Extract:  71%|#######1  | 413/578 [01:10<00:30,  5.45it/s]
Extract:  72%|#######1  | 415/578 [01:10<00:23,  6.95it/s]
Extract:  72%|#######1  | 416/578 [01:10<00:23,  6.91it/s]
Extract:  72%|#######2  | 418/578 [01:11<00:19,  8.00it/s]
Extract:  72%|#######2  | 419/578 [01:11<00:19,  8.01it/s]
Extract:  73%|#######2  | 421/578 [01:11<00:24,  6.33it/s]
Extract:  73%|#######3  | 424/578 [01:11<00:18,  8.17it/s]
Extract:  74%|#######3  | 425/578 [01:12<00:25,  6.08it/s]
Extract:  74%|#######3  | 426/578 [01:12<00:23,  6.35it/s]
Extract:  74%|#######3  | 427/578 [01:12<00:30,  4.89it/s]
Extract:  74%|#######4  | 428/578 [01:13<00:41,  3.58it/s]
Extract:  74%|#######4  | 429/578 [01:13<00:42,  3.50it/s]
Extract:  75%|#######4  | 431/578 [01:13<00:29,  5.07it/s]
Extract:  75%|#######4  | 432/578 [01:13<00:27,  5.33it/s]
Extract:  75%|#######5  | 434/578 [01:14<00:28,  5.00it/s]
Extract:  75%|#######5  | 436/578 [01:14<00:21,  6.59it/s]
Extract:  76%|#######5  | 437/578 [01:14<00:20,  7.02it/s]
Extract:  76%|#######5  | 438/578 [01:14<00:19,  7.22it/s]
Extract:  76%|#######5  | 439/578 [01:14<00:22,  6.22it/s]
Extract:  76%|#######6  | 441/578 [01:15<00:24,  5.69it/s]
Extract:  77%|#######6  | 443/578 [01:15<00:18,  7.17it/s]
Extract:  77%|#######6  | 445/578 [01:15<00:21,  6.33it/s]
Extract:  78%|#######7  | 448/578 [01:15<00:14,  8.88it/s]
Extract:  78%|#######7  | 450/578 [01:16<00:24,  5.31it/s]
Extract:  78%|#######8  | 451/578 [01:17<00:29,  4.24it/s]
Extract:  78%|#######8  | 452/578 [01:17<00:26,  4.76it/s]
Extract:  79%|#######8  | 454/578 [01:17<00:20,  5.92it/s]
Extract:  79%|#######8  | 455/578 [01:17<00:19,  6.45it/s]
Extract:  79%|#######9  | 458/578 [01:17<00:16,  7.27it/s]
Extract:  80%|#######9  | 461/578 [01:18<00:12,  9.37it/s]
Extract:  80%|########  | 463/578 [01:18<00:12,  8.96it/s]
Extract:  80%|########  | 465/578 [01:18<00:10, 10.52it/s]
Extract:  81%|########  | 467/578 [01:19<00:17,  6.47it/s]
Extract:  81%|########  | 468/578 [01:19<00:23,  4.65it/s]
Extract:  81%|########1 | 469/578 [01:19<00:21,  4.97it/s]
Extract:  81%|########1 | 470/578 [01:19<00:21,  5.05it/s]
Extract:  81%|########1 | 471/578 [01:20<00:21,  5.06it/s]
Extract:  82%|########1 | 472/578 [01:20<00:19,  5.30it/s]
Extract:  82%|########1 | 473/578 [01:20<00:17,  5.90it/s]
Extract:  82%|########2 | 474/578 [01:20<00:18,  5.54it/s]
Extract:  82%|########2 | 475/578 [01:20<00:23,  4.45it/s]
Extract:  82%|########2 | 476/578 [01:21<00:26,  3.91it/s]
Extract:  83%|########2 | 478/578 [01:21<00:18,  5.43it/s]
Extract:  83%|########2 | 479/578 [01:21<00:16,  6.09it/s]
Extract:  83%|########3 | 481/578 [01:21<00:12,  7.48it/s]
Extract:  84%|########3 | 483/578 [01:21<00:09,  9.55it/s]
Extract:  84%|########4 | 486/578 [01:21<00:07, 12.99it/s]
Extract:  84%|########4 | 488/578 [01:22<00:07, 11.45it/s]
Extract:  85%|########4 | 490/578 [01:22<00:12,  7.07it/s]
Extract:  85%|########5 | 492/578 [01:23<00:13,  6.25it/s]
Extract:  85%|########5 | 493/578 [01:23<00:13,  6.18it/s]
Extract:  85%|########5 | 494/578 [01:23<00:13,  6.07it/s]
Extract:  86%|########5 | 496/578 [01:23<00:10,  8.08it/s]
Extract:  86%|########6 | 498/578 [01:24<00:12,  6.56it/s]
Extract:  87%|########6 | 501/578 [01:24<00:08,  9.13it/s]
Extract:  87%|########7 | 504/578 [01:24<00:07,  9.35it/s]
Extract:  88%|########7 | 506/578 [01:25<00:11,  6.34it/s]
Extract:  88%|########7 | 507/578 [01:25<00:10,  6.53it/s]
Extract:  88%|########7 | 508/578 [01:25<00:10,  6.79it/s]
Extract:  88%|########8 | 510/578 [01:25<00:09,  7.21it/s]
Extract:  88%|########8 | 511/578 [01:25<00:08,  7.52it/s]
Extract:  89%|########8 | 512/578 [01:26<00:12,  5.28it/s]
Extract:  89%|########9 | 515/578 [01:26<00:09,  6.92it/s]
Extract:  89%|########9 | 516/578 [01:26<00:11,  5.35it/s]
Extract:  89%|########9 | 517/578 [01:26<00:10,  5.61it/s]
Extract:  90%|########9 | 519/578 [01:27<00:08,  6.71it/s]
Extract:  90%|########9 | 520/578 [01:27<00:08,  7.16it/s]
Extract:  90%|######### | 522/578 [01:27<00:06,  8.48it/s]
Extract:  90%|######### | 523/578 [01:27<00:06,  7.95it/s]
Extract:  91%|######### | 525/578 [01:27<00:05,  9.14it/s]
Extract:  91%|#########1| 526/578 [01:28<00:09,  5.62it/s]
Extract:  91%|#########1| 528/578 [01:28<00:06,  7.42it/s]
Extract:  92%|#########1| 530/578 [01:28<00:05,  8.24it/s]
Extract:  92%|#########2| 532/578 [01:28<00:05,  8.73it/s]
Extract:  92%|#########2| 534/578 [01:28<00:05,  8.72it/s]
Extract:  93%|#########2| 536/578 [01:28<00:03, 10.60it/s]
Extract:  93%|#########3| 538/578 [01:29<00:04,  8.54it/s]
Extract:  93%|#########3| 540/578 [01:29<00:05,  7.14it/s]
Extract:  94%|#########3| 541/578 [01:29<00:05,  7.15it/s]
Extract:  94%|#########3| 543/578 [01:29<00:04,  8.32it/s]
Extract:  94%|#########4| 546/578 [01:30<00:05,  6.26it/s]
Extract:  95%|#########4| 547/578 [01:31<00:06,  4.69it/s]
Extract:  95%|#########5| 550/578 [01:31<00:03,  7.09it/s]
Extract:  96%|#########5| 553/578 [01:31<00:03,  6.40it/s]
Extract:  96%|#########5| 554/578 [01:32<00:04,  5.15it/s]
Extract:  96%|#########6| 555/578 [01:32<00:05,  4.27it/s]
Extract:  96%|#########6| 556/578 [01:32<00:05,  4.30it/s]
Extract:  96%|#########6| 557/578 [01:32<00:04,  4.62it/s]
Extract:  97%|#########6| 560/578 [01:33<00:03,  5.52it/s]
Extract:  97%|#########7| 561/578 [01:33<00:03,  5.47it/s]
Extract:  98%|#########7| 564/578 [01:34<00:02,  5.78it/s]
Extract:  98%|#########7| 565/578 [01:34<00:03,  4.03it/s]
Extract:  98%|#########7| 566/578 [01:34<00:02,  4.49it/s]
Extract:  98%|#########8| 567/578 [01:34<00:02,  5.00it/s]
Extract:  98%|#########8| 568/578 [01:35<00:02,  3.81it/s]
Extract:  99%|#########8| 570/578 [01:35<00:01,  5.24it/s]
Extract:  99%|#########8| 572/578 [01:35<00:00,  6.11it/s]
Extract:  99%|#########9| 574/578 [01:35<00:00,  7.61it/s]
Extract:  99%|#########9| 575/578 [01:36<00:00,  7.22it/s]
Extract: 100%|#########9| 576/578 [01:36<00:00,  4.54it/s]
Extract: 100%|##########| 578/578 [01:36<00:00,  5.98it/s]

Extract:   0%|          | 0/578 [00:00<?, ?it/s]
Extract:   1%|          | 3/578 [00:00<00:30, 19.15it/s]
Extract:   1%|          | 5/578 [00:00<00:53, 10.64it/s]
Extract:   1%|1         | 7/578 [00:00<01:15,  7.54it/s]
Extract:   1%|1         | 8/578 [00:01<01:32,  6.17it/s]
Extract:   2%|1         | 9/578 [00:01<01:42,  5.57it/s]
Extract:   2%|1         | 10/578 [00:01<01:38,  5.78it/s]
Extract:   2%|1         | 11/578 [00:01<01:50,  5.14it/s]
Extract:   2%|2         | 12/578 [00:02<02:08,  4.40it/s]
Extract:   2%|2         | 13/578 [00:02<01:58,  4.75it/s]
Extract:   2%|2         | 14/578 [00:02<02:30,  3.75it/s]
Extract:   3%|2         | 15/578 [00:03<03:18,  2.84it/s]
Extract:   3%|2         | 16/578 [00:03<02:47,  3.36it/s]
Extract:   3%|3         | 19/578 [00:03<01:30,  6.19it/s]
Extract:   4%|3         | 21/578 [00:04<01:49,  5.08it/s]
Extract:   4%|3         | 22/578 [00:04<01:48,  5.12it/s]
Extract:   4%|3         | 23/578 [00:04<01:49,  5.06it/s]
Extract:   4%|4         | 24/578 [00:04<01:40,  5.54it/s]
Extract:   4%|4         | 26/578 [00:04<01:12,  7.57it/s]
Extract:   5%|4         | 27/578 [00:05<01:53,  4.86it/s]
Extract:   5%|5         | 29/578 [00:05<01:28,  6.21it/s]
Extract:   5%|5         | 30/578 [00:05<01:24,  6.47it/s]
Extract:   5%|5         | 31/578 [00:05<01:38,  5.56it/s]
Extract:   6%|5         | 33/578 [00:05<01:11,  7.65it/s]
Extract:   6%|6         | 35/578 [00:06<01:05,  8.26it/s]
Extract:   6%|6         | 37/578 [00:06<01:15,  7.20it/s]
Extract:   7%|6         | 38/578 [00:06<01:12,  7.49it/s]
Extract:   7%|6         | 40/578 [00:06<01:00,  8.95it/s]
Extract:   7%|7         | 42/578 [00:07<01:31,  5.84it/s]
Extract:   7%|7         | 43/578 [00:07<01:48,  4.92it/s]
Extract:   8%|7         | 46/578 [00:07<01:12,  7.30it/s]
Extract:   8%|8         | 47/578 [00:07<01:17,  6.86it/s]
Extract:   8%|8         | 49/578 [00:08<01:04,  8.22it/s]
Extract:   9%|8         | 50/578 [00:08<01:36,  5.45it/s]
Extract:   9%|8         | 51/578 [00:08<01:47,  4.89it/s]
Extract:   9%|8         | 52/578 [00:09<01:54,  4.59it/s]
Extract:   9%|9         | 54/578 [00:09<01:42,  5.13it/s]
Extract:  10%|9         | 55/578 [00:09<01:41,  5.16it/s]
Extract:  10%|9         | 57/578 [00:09<01:15,  6.91it/s]
Extract:  10%|#         | 58/578 [00:09<01:20,  6.43it/s]
Extract:  10%|#         | 59/578 [00:10<01:21,  6.33it/s]
Extract:  10%|#         | 60/578 [00:10<01:39,  5.23it/s]
Extract:  11%|#         | 61/578 [00:10<02:06,  4.09it/s]
Extract:  11%|#         | 63/578 [00:10<01:24,  6.08it/s]
Extract:  11%|#1        | 64/578 [00:11<01:44,  4.92it/s]
Extract:  11%|#1        | 65/578 [00:11<01:50,  4.65it/s]
Extract:  12%|#1        | 67/578 [00:11<01:51,  4.57it/s]
Extract:  12%|#1        | 69/578 [00:12<01:33,  5.45it/s]
Extract:  12%|#2        | 71/578 [00:12<01:19,  6.35it/s]
Extract:  12%|#2        | 72/578 [00:12<01:14,  6.81it/s]
Extract:  13%|#2        | 73/578 [00:13<02:12,  3.82it/s]
Extract:  13%|#2        | 75/578 [00:13<01:38,  5.13it/s]
Extract:  13%|#3        | 76/578 [00:13<01:37,  5.15it/s]
Extract:  13%|#3        | 77/578 [00:13<02:07,  3.93it/s]
Extract:  14%|#3        | 80/578 [00:14<01:21,  6.14it/s]
Extract:  14%|#4        | 82/578 [00:14<01:09,  7.15it/s]
Extract:  14%|#4        | 83/578 [00:14<01:09,  7.14it/s]
Extract:  15%|#4        | 84/578 [00:14<01:48,  4.55it/s]
Extract:  15%|#4        | 85/578 [00:15<01:34,  5.19it/s]
Extract:  15%|#4        | 86/578 [00:15<01:30,  5.45it/s]
Extract:  15%|#5        | 89/578 [00:15<01:34,  5.16it/s]
Extract:  16%|#5        | 90/578 [00:15<01:28,  5.51it/s]
Extract:  16%|#5        | 91/578 [00:16<01:49,  4.44it/s]
Extract:  16%|#5        | 92/578 [00:16<02:25,  3.34it/s]
Extract:  16%|#6        | 93/578 [00:16<02:00,  4.01it/s]
Extract:  16%|#6        | 94/578 [00:17<01:59,  4.04it/s]
Extract:  17%|#6        | 96/578 [00:17<02:04,  3.87it/s]
Extract:  17%|#6        | 97/578 [00:17<01:48,  4.42it/s]
Extract:  17%|#6        | 98/578 [00:18<01:44,  4.60it/s]
Extract:  17%|#7        | 100/578 [00:18<01:27,  5.49it/s]
Extract:  18%|#7        | 102/578 [00:18<01:03,  7.44it/s]
Extract:  18%|#8        | 105/578 [00:18<00:58,  8.07it/s]
Extract:  19%|#8        | 107/578 [00:19<01:19,  5.91it/s]
Extract:  19%|#8        | 108/578 [00:19<01:17,  6.06it/s]
Extract:  19%|#9        | 110/578 [00:19<01:04,  7.20it/s]
Extract:  19%|#9        | 111/578 [00:19<01:02,  7.53it/s]
Extract:  20%|#9        | 113/578 [00:19<00:57,  8.10it/s]
Extract:  20%|#9        | 114/578 [00:20<01:01,  7.52it/s]
Extract:  20%|#9        | 115/578 [00:20<01:01,  7.54it/s]
Extract:  20%|##        | 116/578 [00:20<01:07,  6.82it/s]
Extract:  20%|##        | 117/578 [00:20<01:44,  4.40it/s]
Extract:  21%|##        | 120/578 [00:21<01:25,  5.34it/s]
Extract:  21%|##        | 121/578 [00:21<01:41,  4.49it/s]
Extract:  21%|##1       | 123/578 [00:21<01:15,  6.06it/s]
Extract:  22%|##1       | 125/578 [00:22<01:24,  5.35it/s]
Extract:  22%|##1       | 126/578 [00:22<01:24,  5.37it/s]
Extract:  22%|##2       | 128/578 [00:22<01:21,  5.53it/s]
Extract:  22%|##2       | 130/578 [00:23<01:16,  5.89it/s]
Extract:  23%|##2       | 131/578 [00:23<01:34,  4.72it/s]
Extract:  23%|##2       | 132/578 [00:23<01:32,  4.83it/s]
Extract:  23%|##3       | 133/578 [00:24<01:40,  4.42it/s]
Extract:  23%|##3       | 135/578 [00:24<01:18,  5.66it/s]
Extract:  24%|##3       | 136/578 [00:24<01:11,  6.15it/s]
Extract:  24%|##3       | 137/578 [00:24<01:30,  4.87it/s]
Extract:  24%|##3       | 138/578 [00:25<03:11,  2.30it/s]
Extract:  24%|##4       | 139/578 [00:26<02:57,  2.48it/s]
Extract:  24%|##4       | 141/578 [00:26<01:49,  3.99it/s]
Extract:  25%|##4       | 143/578 [00:26<01:16,  5.72it/s]
Extract:  25%|##5       | 146/578 [00:27<01:28,  4.89it/s]
Extract:  25%|##5       | 147/578 [00:27<01:26,  5.01it/s]
Extract:  26%|##5       | 148/578 [00:27<01:25,  5.06it/s]
Extract:  26%|##5       | 149/578 [00:27<02:01,  3.52it/s]
Extract:  26%|##5       | 150/578 [00:28<01:52,  3.80it/s]
Extract:  26%|##6       | 152/578 [00:28<01:16,  5.53it/s]
Extract:  26%|##6       | 153/578 [00:29<02:33,  2.77it/s]
Extract:  27%|##6       | 154/578 [00:29<02:10,  3.26it/s]
Extract:  27%|##6       | 155/578 [00:29<02:24,  2.92it/s]
Extract:  27%|##7       | 157/578 [00:29<01:34,  4.45it/s]
Extract:  28%|##7       | 159/578 [00:30<01:08,  6.16it/s]
Extract:  28%|##7       | 161/578 [00:30<01:06,  6.29it/s]
Extract:  28%|##8       | 163/578 [00:30<01:18,  5.30it/s]
Extract:  29%|##8       | 165/578 [00:31<01:06,  6.24it/s]
Extract:  29%|##8       | 166/578 [00:31<01:03,  6.50it/s]
Extract:  29%|##8       | 167/578 [00:31<01:23,  4.90it/s]
Extract:  29%|##9       | 169/578 [00:31<01:08,  5.98it/s]
Extract:  29%|##9       | 170/578 [00:31<01:03,  6.47it/s]
Extract:  30%|##9       | 172/578 [00:32<00:58,  6.97it/s]
Extract:  30%|##9       | 173/578 [00:32<01:35,  4.23it/s]
Extract:  30%|###       | 174/578 [00:32<01:28,  4.57it/s]
Extract:  30%|###       | 176/578 [00:33<01:03,  6.28it/s]
Extract:  31%|###       | 177/578 [00:33<01:21,  4.94it/s]
Extract:  31%|###       | 179/578 [00:33<01:05,  6.11it/s]
Extract:  31%|###1      | 180/578 [00:33<01:16,  5.22it/s]
Extract:  31%|###1      | 181/578 [00:34<01:57,  3.38it/s]
Extract:  31%|###1      | 182/578 [00:34<01:52,  3.50it/s]
Extract:  32%|###1      | 184/578 [00:35<01:28,  4.45it/s]
Extract:  32%|###2      | 185/578 [00:35<02:15,  2.89it/s]
Extract:  32%|###2      | 186/578 [00:36<02:00,  3.24it/s]
Extract:  33%|###2      | 188/578 [00:36<01:29,  4.37it/s]
Extract:  33%|###2      | 189/578 [00:36<02:01,  3.21it/s]
Extract:  33%|###3      | 191/578 [00:37<01:50,  3.49it/s]
Extract:  33%|###3      | 192/578 [00:37<01:36,  4.00it/s]
Extract:  33%|###3      | 193/578 [00:37<01:22,  4.65it/s]
Extract:  34%|###3      | 195/578 [00:37<00:59,  6.46it/s]
Extract:  34%|###4      | 197/578 [00:38<01:36,  3.95it/s]
Extract:  34%|###4      | 198/578 [00:38<01:34,  4.00it/s]
Extract:  35%|###4      | 201/578 [00:39<01:37,  3.86it/s]
Extract:  35%|###4      | 202/578 [00:40<01:48,  3.45it/s]
Extract:  35%|###5      | 203/578 [00:40<02:33,  2.45it/s]
Extract:  35%|###5      | 205/578 [00:41<01:48,  3.45it/s]
Extract:  36%|###5      | 206/578 [00:41<01:42,  3.62it/s]
Extract:  36%|###5      | 207/578 [00:41<02:00,  3.09it/s]
Extract:  36%|###6      | 209/578 [00:41<01:25,  4.32it/s]
Extract:  36%|###6      | 210/578 [00:42<01:33,  3.92it/s]
Extract:  37%|###6      | 212/578 [00:43<02:14,  2.71it/s]
Extract:  37%|###6      | 213/578 [00:43<01:59,  3.05it/s]
Extract:  37%|###7      | 215/578 [00:44<01:50,  3.28it/s]
Extract:  38%|###7      | 217/578 [00:44<01:25,  4.23it/s]
Extract:  38%|###8      | 220/578 [00:44<00:56,  6.30it/s]
Extract:  38%|###8      | 222/578 [00:44<00:46,  7.71it/s]
Extract:  39%|###8      | 224/578 [00:44<00:42,  8.26it/s]
Extract:  39%|###9      | 226/578 [00:45<01:05,  5.34it/s]
Extract:  39%|###9      | 227/578 [00:45<01:03,  5.53it/s]
Extract:  40%|###9      | 229/578 [00:45<00:57,  6.10it/s]
Extract:  40%|###9      | 230/578 [00:46<01:12,  4.78it/s]
Extract:  40%|###9      | 231/578 [00:46<01:13,  4.73it/s]
Extract:  40%|####      | 232/578 [00:46<01:06,  5.22it/s]
Extract:  40%|####      | 233/578 [00:46<00:59,  5.84it/s]
Extract:  40%|####      | 234/578 [00:46<00:58,  5.91it/s]
Extract:  41%|####      | 235/578 [00:47<01:32,  3.71it/s]
Extract:  41%|####      | 236/578 [00:48<01:59,  2.85it/s]
Extract:  41%|####1     | 237/578 [00:48<02:30,  2.27it/s]
Extract:  41%|####1     | 239/578 [00:48<01:35,  3.55it/s]
Extract:  42%|####1     | 240/578 [00:49<01:28,  3.82it/s]
Extract:  42%|####1     | 242/578 [00:49<01:01,  5.46it/s]
Extract:  42%|####2     | 244/578 [00:49<01:18,  4.26it/s]
Extract:  42%|####2     | 245/578 [00:50<01:17,  4.27it/s]
Extract:  43%|####2     | 247/578 [00:50<01:15,  4.38it/s]
Extract:  43%|####2     | 248/578 [00:50<01:27,  3.77it/s]
Extract:  43%|####3     | 249/578 [00:51<01:22,  3.99it/s]
Extract:  43%|####3     | 250/578 [00:51<01:16,  4.30it/s]
Extract:  43%|####3     | 251/578 [00:51<01:12,  4.48it/s]
Extract:  44%|####3     | 253/578 [00:51<00:54,  5.99it/s]
Extract:  44%|####4     | 255/578 [00:52<01:07,  4.77it/s]
Extract:  44%|####4     | 256/578 [00:53<02:13,  2.42it/s]
Extract:  44%|####4     | 257/578 [00:53<02:15,  2.37it/s]
Extract:  45%|####4     | 258/578 [00:54<02:14,  2.38it/s]
Extract:  45%|####4     | 259/578 [00:54<02:03,  2.59it/s]
Extract:  45%|####4     | 260/578 [00:55<02:40,  1.98it/s]
Extract:  45%|####5     | 261/578 [00:55<02:26,  2.16it/s]
Extract:  45%|####5     | 262/578 [00:56<02:29,  2.11it/s]
Extract:  46%|####5     | 263/578 [00:57<03:06,  1.69it/s]
Extract:  46%|####5     | 264/578 [00:57<02:23,  2.19it/s]
Extract:  46%|####5     | 265/578 [00:58<03:10,  1.64it/s]
Extract:  46%|####6     | 266/578 [00:59<03:43,  1.40it/s]
Extract:  46%|####6     | 267/578 [01:01<05:22,  1.04s/it]
Extract:  46%|####6     | 268/578 [01:01<04:17,  1.20it/s]
Extract:  47%|####6     | 269/578 [01:03<06:37,  1.29s/it]
Extract:  47%|####6     | 271/578 [01:04<03:53,  1.32it/s]
Extract:  47%|####7     | 273/578 [01:06<05:20,  1.05s/it]
Extract:  47%|####7     | 274/578 [01:08<05:56,  1.17s/it]
Extract:  48%|####7     | 275/578 [01:10<06:12,  1.23s/it]
Extract:  48%|####7     | 276/578 [01:11<06:50,  1.36s/it]
Extract:  48%|####7     | 277/578 [01:12<05:33,  1.11s/it]
Extract:  48%|####8     | 280/578 [01:12<03:06,  1.60it/s]
Extract:  49%|####8     | 282/578 [01:13<02:14,  2.21it/s]
Extract:  49%|####8     | 283/578 [01:13<02:15,  2.18it/s]
Extract:  49%|####9     | 284/578 [01:13<02:00,  2.45it/s]
Extract:  49%|####9     | 285/578 [01:14<01:58,  2.47it/s]
Extract:  49%|####9     | 286/578 [01:14<02:29,  1.96it/s]
Extract:  50%|####9     | 287/578 [01:15<02:06,  2.30it/s]
Extract:  50%|####9     | 288/578 [01:15<01:44,  2.78it/s]
Extract:  50%|#####     | 289/578 [01:15<01:40,  2.87it/s]
Extract:  50%|#####     | 290/578 [01:16<02:37,  1.82it/s]
Extract:  50%|#####     | 291/578 [01:16<02:09,  2.22it/s]
Extract:  51%|#####     | 293/578 [01:17<01:24,  3.39it/s]
Extract:  51%|#####     | 294/578 [01:17<01:16,  3.70it/s]
Extract:  51%|#####1    | 295/578 [01:18<01:47,  2.62it/s]
Extract:  51%|#####1    | 296/578 [01:18<01:34,  2.99it/s]
Extract:  51%|#####1    | 297/578 [01:19<02:27,  1.91it/s]
Extract:  52%|#####1    | 299/578 [01:19<01:33,  2.99it/s]
Extract:  52%|#####1    | 300/578 [01:19<01:21,  3.40it/s]
Extract:  52%|#####2    | 301/578 [01:20<01:37,  2.83it/s]
Extract:  52%|#####2    | 303/578 [01:20<01:08,  4.04it/s]
Extract:  53%|#####2    | 304/578 [01:21<02:00,  2.28it/s]
Extract:  53%|#####2    | 305/578 [01:21<01:44,  2.62it/s]
Extract:  53%|#####3    | 307/578 [01:22<01:49,  2.46it/s]
Extract:  53%|#####3    | 308/578 [01:23<02:00,  2.25it/s]
Extract:  53%|#####3    | 309/578 [01:23<02:11,  2.05it/s]
Extract:  54%|#####3    | 310/578 [01:24<02:02,  2.20it/s]
Extract:  54%|#####3    | 311/578 [01:24<02:21,  1.88it/s]
Extract:  54%|#####3    | 312/578 [01:25<02:35,  1.71it/s]
Extract:  54%|#####4    | 313/578 [01:25<02:17,  1.93it/s]
Extract:  54%|#####4    | 314/578 [01:26<02:33,  1.72it/s]
Extract:  55%|#####4    | 316/578 [01:27<01:48,  2.41it/s]
Extract:  55%|#####5    | 318/578 [01:27<01:35,  2.72it/s]
Extract:  55%|#####5    | 319/578 [01:27<01:28,  2.91it/s]
Extract:  55%|#####5    | 320/578 [01:28<01:47,  2.41it/s]
Extract:  56%|#####5    | 321/578 [01:28<01:28,  2.90it/s]
Extract:  56%|#####5    | 322/578 [01:29<01:32,  2.77it/s]
Extract:  56%|#####5    | 323/578 [01:29<01:28,  2.89it/s]
Extract:  56%|#####6    | 325/578 [01:29<01:01,  4.09it/s]
Extract:  56%|#####6    | 326/578 [01:29<01:05,  3.86it/s]
Extract:  57%|#####6    | 327/578 [01:30<00:56,  4.45it/s]
Extract:  57%|#####6    | 328/578 [01:30<00:59,  4.20it/s]
Extract:  57%|#####7    | 330/578 [01:30<00:46,  5.29it/s]
Extract:  57%|#####7    | 331/578 [01:30<00:51,  4.79it/s]
Extract:  57%|#####7    | 332/578 [01:31<01:01,  4.02it/s]
Extract:  58%|#####7    | 334/578 [01:31<00:42,  5.71it/s]
Extract:  58%|#####7    | 335/578 [01:31<00:40,  6.07it/s]
Extract:  58%|#####8    | 337/578 [01:31<00:47,  5.05it/s]
Extract:  59%|#####8    | 339/578 [01:32<00:41,  5.76it/s]
Extract:  59%|#####8    | 340/578 [01:32<00:40,  5.91it/s]
Extract:  59%|#####8    | 341/578 [01:32<00:49,  4.83it/s]
Extract:  59%|#####9    | 342/578 [01:33<00:55,  4.23it/s]
Extract:  60%|#####9    | 344/578 [01:33<01:16,  3.06it/s]
Extract:  60%|#####9    | 345/578 [01:34<01:15,  3.10it/s]
Extract:  60%|#####9    | 346/578 [01:34<01:03,  3.64it/s]
Extract:  60%|######    | 347/578 [01:34<00:55,  4.18it/s]
Extract:  60%|######    | 348/578 [01:34<00:47,  4.81it/s]
Extract:  60%|######    | 349/578 [01:35<01:17,  2.95it/s]
Extract:  61%|######    | 350/578 [01:35<01:15,  3.01it/s]
Extract:  61%|######    | 351/578 [01:36<01:50,  2.06it/s]
Extract:  61%|######    | 352/578 [01:36<01:26,  2.61it/s]
Extract:  61%|######1   | 353/578 [01:37<01:31,  2.45it/s]
Extract:  61%|######1   | 355/578 [01:37<01:00,  3.71it/s]
Extract:  62%|######1   | 356/578 [01:38<01:41,  2.19it/s]
Extract:  62%|######1   | 357/578 [01:38<01:36,  2.30it/s]
Extract:  62%|######2   | 359/578 [01:39<01:11,  3.04it/s]
Extract:  62%|######2   | 360/578 [01:39<01:16,  2.85it/s]
Extract:  62%|######2   | 361/578 [01:39<01:03,  3.39it/s]
Extract:  63%|######2   | 362/578 [01:40<01:21,  2.66it/s]
Extract:  63%|######2   | 363/578 [01:40<01:06,  3.21it/s]
Extract:  63%|######2   | 364/578 [01:40<00:54,  3.91it/s]
Extract:  63%|######3   | 365/578 [01:40<00:54,  3.88it/s]
Extract:  63%|######3   | 366/578 [01:41<00:55,  3.82it/s]
Extract:  63%|######3   | 367/578 [01:41<01:14,  2.81it/s]
Extract:  64%|######3   | 368/578 [01:41<01:08,  3.08it/s]
Extract:  64%|######3   | 369/578 [01:42<01:26,  2.42it/s]
Extract:  64%|######4   | 371/578 [01:42<00:52,  3.98it/s]
Extract:  65%|######4   | 373/578 [01:43<00:47,  4.32it/s]
Extract:  65%|######4   | 374/578 [01:43<00:42,  4.80it/s]
Extract:  65%|######5   | 376/578 [01:43<00:38,  5.30it/s]
Extract:  65%|######5   | 377/578 [01:43<00:47,  4.24it/s]
Extract:  65%|######5   | 378/578 [01:44<00:51,  3.90it/s]
Extract:  66%|######5   | 379/578 [01:44<00:43,  4.58it/s]
Extract:  66%|######5   | 380/578 [01:44<00:48,  4.05it/s]
Extract:  66%|######5   | 381/578 [01:44<00:45,  4.34it/s]
Extract:  66%|######6   | 382/578 [01:45<01:01,  3.20it/s]
Extract:  66%|######6   | 383/578 [01:45<00:51,  3.80it/s]
Extract:  66%|######6   | 384/578 [01:45<00:49,  3.89it/s]
Extract:  67%|######6   | 386/578 [01:45<00:33,  5.70it/s]
Extract:  67%|######6   | 387/578 [01:46<00:33,  5.69it/s]
Extract:  67%|######7   | 390/578 [01:46<00:21,  8.76it/s]
Extract:  68%|######7   | 392/578 [01:46<00:22,  8.17it/s]
Extract:  68%|######7   | 393/578 [01:46<00:24,  7.55it/s]
Extract:  68%|######8   | 394/578 [01:46<00:25,  7.27it/s]
Extract:  68%|######8   | 395/578 [01:47<00:28,  6.49it/s]
Extract:  69%|######8   | 397/578 [01:47<00:25,  7.11it/s]
Extract:  69%|######9   | 399/578 [01:47<00:22,  7.86it/s]
Extract:  69%|######9   | 401/578 [01:47<00:19,  9.18it/s]
Extract:  70%|######9   | 403/578 [01:47<00:18,  9.63it/s]
Extract:  70%|#######   | 405/578 [01:47<00:16, 10.48it/s]
Extract:  70%|#######   | 407/578 [01:48<00:22,  7.44it/s]
Extract:  71%|#######   | 408/578 [01:48<00:31,  5.46it/s]
Extract:  71%|#######   | 410/578 [01:49<00:27,  6.17it/s]
Extract:  71%|#######1  | 412/578 [01:49<00:21,  7.77it/s]
Extract:  72%|#######1  | 414/578 [01:49<00:27,  5.92it/s]
Extract:  72%|#######1  | 415/578 [01:49<00:25,  6.32it/s]
Extract:  72%|#######1  | 416/578 [01:49<00:24,  6.55it/s]
Extract:  72%|#######2  | 418/578 [01:50<00:22,  7.19it/s]
Extract:  72%|#######2  | 419/578 [01:50<00:23,  6.90it/s]
Extract:  73%|#######2  | 421/578 [01:50<00:28,  5.57it/s]
Extract:  73%|#######3  | 424/578 [01:51<00:20,  7.55it/s]
Extract:  74%|#######3  | 425/578 [01:51<00:24,  6.16it/s]
Extract:  74%|#######3  | 426/578 [01:51<00:25,  6.05it/s]
Extract:  74%|#######3  | 427/578 [01:52<00:37,  4.00it/s]
Extract:  74%|#######4  | 428/578 [01:52<00:41,  3.59it/s]
Extract:  74%|#######4  | 429/578 [01:52<00:43,  3.40it/s]
Extract:  75%|#######4  | 431/578 [01:53<00:34,  4.27it/s]
Extract:  75%|#######4  | 432/578 [01:53<00:32,  4.44it/s]
Extract:  75%|#######5  | 434/578 [01:53<00:34,  4.15it/s]
Extract:  75%|#######5  | 435/578 [01:53<00:32,  4.44it/s]
Extract:  76%|#######5  | 437/578 [01:54<00:26,  5.34it/s]
Extract:  76%|#######5  | 438/578 [01:54<00:26,  5.20it/s]
Extract:  76%|#######5  | 439/578 [01:54<00:30,  4.52it/s]
Extract:  76%|#######6  | 441/578 [01:55<00:34,  3.99it/s]
Extract:  76%|#######6  | 442/578 [01:55<00:32,  4.21it/s]
Extract:  77%|#######6  | 443/578 [01:55<00:27,  4.83it/s]
Extract:  77%|#######6  | 444/578 [01:55<00:24,  5.37it/s]
Extract:  77%|#######6  | 445/578 [01:56<00:41,  3.20it/s]
Extract:  77%|#######7  | 447/578 [01:56<00:28,  4.66it/s]
Extract:  78%|#######7  | 449/578 [01:56<00:21,  6.07it/s]
Extract:  78%|#######7  | 450/578 [01:57<00:33,  3.80it/s]
Extract:  78%|#######8  | 451/578 [01:58<00:49,  2.58it/s]
Extract:  78%|#######8  | 452/578 [01:58<00:43,  2.88it/s]
Extract:  79%|#######8  | 454/578 [01:58<00:34,  3.55it/s]
Extract:  79%|#######8  | 455/578 [01:58<00:30,  4.03it/s]
Extract:  79%|#######8  | 456/578 [01:59<00:26,  4.60it/s]
Extract:  79%|#######9  | 458/578 [01:59<00:33,  3.60it/s]
Extract:  80%|#######9  | 460/578 [01:59<00:23,  5.13it/s]
Extract:  80%|#######9  | 461/578 [02:00<00:23,  4.90it/s]
Extract:  80%|#######9  | 462/578 [02:00<00:22,  5.07it/s]
Extract:  80%|########  | 463/578 [02:00<00:29,  3.91it/s]
Extract:  80%|########  | 465/578 [02:00<00:20,  5.41it/s]
Extract:  81%|########  | 466/578 [02:01<00:23,  4.85it/s]
Extract:  81%|########  | 467/578 [02:01<00:28,  3.85it/s]
Extract:  81%|########  | 468/578 [02:02<00:36,  3.02it/s]
Extract:  81%|########1 | 470/578 [02:02<00:27,  3.89it/s]
Extract:  81%|########1 | 471/578 [02:02<00:28,  3.81it/s]
Extract:  82%|########1 | 472/578 [02:03<00:29,  3.60it/s]
Extract:  82%|########1 | 473/578 [02:03<00:24,  4.22it/s]
Extract:  82%|########2 | 474/578 [02:03<00:25,  4.05it/s]
Extract:  82%|########2 | 475/578 [02:03<00:21,  4.70it/s]
Extract:  82%|########2 | 476/578 [02:03<00:28,  3.64it/s]
Extract:  83%|########2 | 477/578 [02:04<00:23,  4.35it/s]
Extract:  83%|########2 | 479/578 [02:04<00:18,  5.50it/s]
Extract:  83%|########3 | 481/578 [02:04<00:16,  5.79it/s]
Extract:  83%|########3 | 482/578 [02:04<00:15,  6.24it/s]
Extract:  84%|########3 | 484/578 [02:04<00:12,  7.47it/s]
Extract:  84%|########3 | 485/578 [02:05<00:15,  5.90it/s]
Extract:  84%|########4 | 487/578 [02:05<00:14,  6.49it/s]
Extract:  85%|########4 | 489/578 [02:06<00:18,  4.88it/s]
Extract:  85%|########4 | 490/578 [02:06<00:16,  5.21it/s]
Extract:  85%|########4 | 491/578 [02:06<00:17,  4.94it/s]
Extract:  85%|########5 | 492/578 [02:06<00:18,  4.53it/s]
Extract:  85%|########5 | 493/578 [02:06<00:17,  4.81it/s]
Extract:  85%|########5 | 494/578 [02:07<00:15,  5.37it/s]
Extract:  86%|########5 | 496/578 [02:07<00:10,  7.82it/s]
Extract:  86%|########6 | 498/578 [02:07<00:15,  5.16it/s]
Extract:  87%|########6 | 500/578 [02:07<00:11,  6.96it/s]
Extract:  87%|########6 | 502/578 [02:08<00:09,  7.70it/s]
Extract:  87%|########7 | 504/578 [02:08<00:10,  6.89it/s]
Extract:  87%|########7 | 505/578 [02:08<00:14,  5.21it/s]
Extract:  88%|########7 | 507/578 [02:08<00:10,  6.54it/s]
Extract:  88%|########7 | 508/578 [02:09<00:11,  6.18it/s]
Extract:  88%|########8 | 510/578 [02:09<00:10,  6.21it/s]
Extract:  88%|########8 | 511/578 [02:09<00:10,  6.69it/s]
Extract:  89%|########8 | 512/578 [02:09<00:09,  6.84it/s]
Extract:  89%|########9 | 515/578 [02:10<00:08,  7.22it/s]
Extract:  89%|########9 | 516/578 [02:10<00:09,  6.44it/s]
Extract:  89%|########9 | 517/578 [02:10<00:09,  6.68it/s]
Extract:  90%|########9 | 519/578 [02:10<00:07,  7.78it/s]
Extract:  90%|########9 | 520/578 [02:10<00:07,  8.08it/s]
Extract:  90%|######### | 522/578 [02:10<00:05,  9.99it/s]
Extract:  91%|######### | 524/578 [02:11<00:05,  9.77it/s]
Extract:  91%|#########1| 526/578 [02:11<00:07,  7.08it/s]
Extract:  91%|#########1| 528/578 [02:11<00:06,  8.05it/s]
Extract:  92%|#########1| 529/578 [02:11<00:06,  7.71it/s]
Extract:  92%|#########1| 530/578 [02:12<00:06,  7.45it/s]
Extract:  92%|#########1| 531/578 [02:12<00:06,  7.43it/s]
Extract:  92%|#########2| 532/578 [02:12<00:06,  7.04it/s]
Extract:  92%|#########2| 533/578 [02:12<00:06,  7.46it/s]
Extract:  92%|#########2| 534/578 [02:12<00:07,  5.69it/s]
Extract:  93%|#########2| 535/578 [02:12<00:06,  6.26it/s]
Extract:  93%|#########2| 537/578 [02:13<00:06,  6.62it/s]
Extract:  93%|#########3| 538/578 [02:13<00:07,  5.50it/s]
Extract:  93%|#########3| 540/578 [02:13<00:08,  4.47it/s]
Extract:  94%|#########3| 541/578 [02:14<00:08,  4.39it/s]
Extract:  94%|#########3| 543/578 [02:14<00:07,  5.00it/s]
Extract:  94%|#########4| 545/578 [02:14<00:06,  5.23it/s]
Extract:  94%|#########4| 546/578 [02:15<00:08,  3.91it/s]
Extract:  95%|#########4| 547/578 [02:15<00:09,  3.31it/s]
Extract:  95%|#########5| 550/578 [02:15<00:04,  5.69it/s]
Extract:  96%|#########5| 553/578 [02:16<00:04,  6.12it/s]
Extract:  96%|#########5| 554/578 [02:16<00:05,  4.55it/s]
Extract:  96%|#########6| 555/578 [02:17<00:05,  3.86it/s]
Extract:  96%|#########6| 556/578 [02:17<00:05,  3.93it/s]
Extract:  96%|#########6| 557/578 [02:17<00:05,  3.55it/s]
Extract:  97%|#########6| 559/578 [02:18<00:03,  5.09it/s]
Extract:  97%|#########6| 560/578 [02:18<00:04,  4.04it/s]
Extract:  97%|#########7| 561/578 [02:18<00:04,  3.77it/s]
Extract:  98%|#########7| 564/578 [02:19<00:03,  3.73it/s]
Extract:  98%|#########7| 565/578 [02:20<00:04,  3.04it/s]
Extract:  98%|#########7| 566/578 [02:20<00:03,  3.35it/s]
Extract:  98%|#########8| 567/578 [02:20<00:03,  3.54it/s]
Extract:  98%|#########8| 568/578 [02:21<00:03,  3.00it/s]
Extract:  99%|#########8| 570/578 [02:21<00:01,  4.38it/s]
Extract:  99%|#########8| 572/578 [02:21<00:01,  5.32it/s]
Extract:  99%|#########9| 574/578 [02:21<00:00,  6.80it/s]
Extract:  99%|#########9| 575/578 [02:21<00:00,  7.01it/s]
Extract: 100%|#########9| 576/578 [02:22<00:00,  4.86it/s]
Extract: 100%|##########| 578/578 [02:22<00:00,  4.06it/s]

Extract:   0%|          | 0/578 [00:00<?, ?it/s]
Extract:   0%|          | 2/578 [00:00<00:36, 15.83it/s]
Extract:   1%|          | 4/578 [00:00<01:13,  7.84it/s]
Extract:   1%|          | 5/578 [00:00<01:15,  7.59it/s]
Extract:   1%|1         | 6/578 [00:00<01:20,  7.12it/s]
Extract:   1%|1         | 7/578 [00:01<01:49,  5.21it/s]
Extract:   1%|1         | 8/578 [00:01<02:05,  4.53it/s]
Extract:   2%|1         | 9/578 [00:01<02:11,  4.31it/s]
Extract:   2%|1         | 10/578 [00:01<02:11,  4.32it/s]
Extract:   2%|1         | 11/578 [00:02<02:15,  4.19it/s]
Extract:   2%|2         | 12/578 [00:02<03:03,  3.08it/s]
Extract:   2%|2         | 13/578 [00:02<02:26,  3.86it/s]
Extract:   2%|2         | 14/578 [00:03<02:57,  3.18it/s]
Extract:   3%|2         | 15/578 [00:03<03:26,  2.73it/s]
Extract:   3%|2         | 16/578 [00:03<02:45,  3.41it/s]
Extract:   3%|3         | 19/578 [00:03<01:30,  6.20it/s]
Extract:   4%|3         | 21/578 [00:04<01:55,  4.80it/s]
Extract:   4%|3         | 22/578 [00:04<01:59,  4.64it/s]
Extract:   4%|3         | 23/578 [00:05<02:10,  4.26it/s]
Extract:   4%|4         | 24/578 [00:05<02:01,  4.57it/s]
Extract:   4%|4         | 26/578 [00:05<01:32,  6.00it/s]
Extract:   5%|4         | 27/578 [00:06<02:38,  3.49it/s]
Extract:   5%|4         | 28/578 [00:06<02:17,  4.01it/s]
Extract:   5%|5         | 29/578 [00:06<02:04,  4.41it/s]
Extract:   5%|5         | 30/578 [00:06<02:07,  4.30it/s]
Extract:   5%|5         | 31/578 [00:07<02:34,  3.55it/s]
Extract:   6%|5         | 33/578 [00:07<01:40,  5.42it/s]
Extract:   6%|6         | 35/578 [00:07<01:17,  6.98it/s]
Extract:   6%|6         | 37/578 [00:07<01:21,  6.60it/s]
Extract:   7%|6         | 38/578 [00:07<01:19,  6.76it/s]
Extract:   7%|6         | 40/578 [00:08<01:11,  7.48it/s]
Extract:   7%|7         | 41/578 [00:08<01:12,  7.38it/s]
Extract:   7%|7         | 42/578 [00:08<01:54,  4.68it/s]
Extract:   7%|7         | 43/578 [00:09<03:06,  2.87it/s]
Extract:   8%|7         | 45/578 [00:09<02:00,  4.44it/s]
Extract:   8%|8         | 47/578 [00:09<01:45,  5.04it/s]
Extract:   8%|8         | 49/578 [00:10<01:23,  6.31it/s]
Extract:   9%|8         | 50/578 [00:10<01:58,  4.46it/s]
Extract:   9%|8         | 51/578 [00:10<02:22,  3.70it/s]
Extract:   9%|8         | 52/578 [00:11<03:02,  2.88it/s]
Extract:   9%|9         | 54/578 [00:12<02:35,  3.36it/s]
Extract:  10%|9         | 55/578 [00:12<02:23,  3.64it/s]
Extract:  10%|9         | 56/578 [00:12<02:06,  4.14it/s]
Extract:  10%|#         | 58/578 [00:12<01:44,  4.96it/s]
Extract:  10%|#         | 59/578 [00:12<01:42,  5.07it/s]
Extract:  10%|#         | 60/578 [00:13<02:07,  4.07it/s]
Extract:  11%|#         | 61/578 [00:13<02:24,  3.58it/s]
Extract:  11%|#         | 63/578 [00:13<01:54,  4.50it/s]
Extract:  11%|#1        | 64/578 [00:14<01:56,  4.40it/s]
Extract:  11%|#1        | 65/578 [00:14<02:20,  3.64it/s]
Extract:  12%|#1        | 67/578 [00:15<02:17,  3.72it/s]
Extract:  12%|#1        | 69/578 [00:15<01:51,  4.58it/s]
Extract:  12%|#2        | 71/578 [00:15<01:27,  5.78it/s]
Extract:  13%|#2        | 73/578 [00:16<02:17,  3.66it/s]
Extract:  13%|#2        | 75/578 [00:16<01:49,  4.60it/s]
Extract:  13%|#3        | 76/578 [00:16<01:49,  4.57it/s]
Extract:  13%|#3        | 77/578 [00:17<02:26,  3.42it/s]
Extract:  14%|#3        | 79/578 [00:17<01:44,  4.79it/s]
Extract:  14%|#3        | 80/578 [00:17<01:34,  5.25it/s]
Extract:  14%|#4        | 81/578 [00:17<01:26,  5.75it/s]
Extract:  14%|#4        | 82/578 [00:17<01:19,  6.26it/s]
Extract:  14%|#4        | 83/578 [00:18<01:14,  6.62it/s]
Extract:  15%|#4        | 84/578 [00:18<02:45,  2.99it/s]
Extract:  15%|#4        | 85/578 [00:19<02:26,  3.37it/s]
Extract:  15%|#4        | 86/578 [00:19<02:11,  3.73it/s]
Extract:  15%|#5        | 88/578 [00:19<01:32,  5.30it/s]
Extract:  15%|#5        | 89/578 [00:20<02:52,  2.84it/s]
Extract:  16%|#5        | 90/578 [00:20<02:33,  3.18it/s]
Extract:  16%|#5        | 91/578 [00:21<02:53,  2.81it/s]
Extract:  16%|#5        | 92/578 [00:21<03:05,  2.62it/s]
Extract:  16%|#6        | 93/578 [00:21<02:26,  3.31it/s]
Extract:  16%|#6        | 94/578 [00:21<02:20,  3.45it/s]
Extract:  17%|#6        | 96/578 [00:22<02:33,  3.15it/s]
Extract:  17%|#6        | 97/578 [00:22<02:08,  3.74it/s]
Extract:  17%|#6        | 98/578 [00:22<02:03,  3.88it/s]
Extract:  17%|#7        | 99/578 [00:22<01:45,  4.54it/s]
Extract:  17%|#7        | 100/578 [00:23<02:02,  3.91it/s]
Extract:  17%|#7        | 101/578 [00:23<01:50,  4.30it/s]
Extract:  18%|#7        | 104/578 [00:23<00:59,  7.94it/s]
Extract:  18%|#8        | 106/578 [00:23<01:08,  6.93it/s]
Extract:  19%|#8        | 107/578 [00:24<01:46,  4.42it/s]
Extract:  19%|#8        | 108/578 [00:24<01:44,  4.51it/s]
Extract:  19%|#9        | 110/578 [00:24<01:21,  5.76it/s]
Extract:  19%|#9        | 111/578 [00:25<01:17,  6.03it/s]
Extract:  20%|#9        | 113/578 [00:25<00:57,  8.09it/s]
Extract:  20%|#9        | 115/578 [00:25<00:59,  7.84it/s]
Extract:  20%|##        | 116/578 [00:26<02:34,  2.98it/s]
Extract:  20%|##        | 117/578 [00:27<03:14,  2.37it/s]
Extract:  21%|##        | 120/578 [00:28<02:39,  2.87it/s]
Extract:  21%|##        | 121/578 [00:28<03:01,  2.52it/s]
Extract:  21%|##1       | 123/578 [00:28<02:10,  3.48it/s]
Extract:  21%|##1       | 124/578 [00:29<01:55,  3.94it/s]
Extract:  22%|##1       | 125/578 [00:29<02:15,  3.34it/s]
Extract:  22%|##1       | 126/578 [00:30<02:40,  2.82it/s]
Extract:  22%|##2       | 128/578 [00:30<02:02,  3.68it/s]
Extract:  22%|##2       | 130/578 [00:31<02:22,  3.15it/s]
Extract:  23%|##2       | 131/578 [00:31<02:38,  2.83it/s]
Extract:  23%|##2       | 132/578 [00:31<02:15,  3.29it/s]
Extract:  23%|##3       | 133/578 [00:32<02:13,  3.34it/s]
Extract:  23%|##3       | 134/578 [00:32<01:52,  3.95it/s]
Extract:  24%|##3       | 136/578 [00:32<01:24,  5.23it/s]
Extract:  24%|##3       | 137/578 [00:32<01:52,  3.93it/s]
Extract:  24%|##3       | 138/578 [00:33<02:08,  3.41it/s]
Extract:  24%|##4       | 139/578 [00:33<02:13,  3.30it/s]
Extract:  25%|##4       | 142/578 [00:33<01:09,  6.24it/s]
Extract:  25%|##5       | 146/578 [00:34<01:15,  5.70it/s]
Extract:  25%|##5       | 147/578 [00:34<01:13,  5.84it/s]
Extract:  26%|##5       | 148/578 [00:34<01:08,  6.27it/s]
Extract:  26%|##5       | 149/578 [00:35<01:37,  4.40it/s]
Extract:  26%|##5       | 150/578 [00:35<01:29,  4.76it/s]
Extract:  26%|##6       | 153/578 [00:35<01:28,  4.80it/s]
Extract:  27%|##6       | 155/578 [00:36<01:28,  4.80it/s]
Extract:  27%|##7       | 157/578 [00:36<01:09,  6.06it/s]
Extract:  28%|##7       | 159/578 [00:36<00:55,  7.60it/s]
Extract:  28%|##7       | 161/578 [00:36<00:50,  8.25it/s]
Extract:  28%|##8       | 163/578 [00:37<01:32,  4.51it/s]
Extract:  28%|##8       | 164/578 [00:37<01:24,  4.88it/s]
Extract:  29%|##8       | 166/578 [00:38<01:10,  5.88it/s]
Extract:  29%|##8       | 167/578 [00:38<01:23,  4.93it/s]
Extract:  29%|##9       | 168/578 [00:38<01:15,  5.40it/s]
Extract:  29%|##9       | 170/578 [00:38<01:04,  6.29it/s]
Extract:  30%|##9       | 172/578 [00:39<01:01,  6.55it/s]
Extract:  30%|##9       | 173/578 [00:39<01:27,  4.64it/s]
Extract:  30%|###       | 174/578 [00:39<01:19,  5.11it/s]
Extract:  30%|###       | 176/578 [00:39<00:59,  6.76it/s]
Extract:  31%|###       | 177/578 [00:40<01:28,  4.51it/s]
Extract:  31%|###       | 178/578 [00:40<01:17,  5.14it/s]
Extract:  31%|###1      | 180/578 [00:40<01:16,  5.19it/s]
Extract:  31%|###1      | 181/578 [00:41<01:51,  3.57it/s]
Extract:  31%|###1      | 182/578 [00:41<01:39,  3.99it/s]
Extract:  32%|###1      | 184/578 [00:41<01:20,  4.91it/s]
Extract:  32%|###2      | 185/578 [00:42<01:42,  3.84it/s]
Extract:  32%|###2      | 186/578 [00:42<01:32,  4.23it/s]
Extract:  33%|###2      | 188/578 [00:42<01:12,  5.37it/s]
Extract:  33%|###2      | 189/578 [00:43<01:39,  3.90it/s]
Extract:  33%|###3      | 191/578 [00:43<01:33,  4.16it/s]
Extract:  33%|###3      | 192/578 [00:43<01:21,  4.75it/s]
Extract:  34%|###3      | 194/578 [00:43<00:58,  6.56it/s]
Extract:  34%|###4      | 197/578 [00:44<01:19,  4.78it/s]
Extract:  34%|###4      | 198/578 [00:44<01:22,  4.61it/s]
Extract:  35%|###4      | 201/578 [00:45<01:35,  3.95it/s]
Extract:  35%|###4      | 202/578 [00:46<01:36,  3.91it/s]
Extract:  35%|###5      | 203/578 [00:46<01:57,  3.20it/s]
Extract:  35%|###5      | 205/578 [00:46<01:23,  4.47it/s]
Extract:  36%|###5      | 206/578 [00:46<01:15,  4.91it/s]
Extract:  36%|###5      | 207/578 [00:47<01:21,  4.56it/s]
Extract:  36%|###6      | 209/578 [00:47<01:00,  6.15it/s]
Extract:  36%|###6      | 210/578 [00:47<00:56,  6.52it/s]
Extract:  37%|###6      | 212/578 [00:47<01:02,  5.90it/s]
Extract:  37%|###6      | 213/578 [00:47<01:01,  5.96it/s]
Extract:  37%|###7      | 215/578 [00:48<01:00,  6.03it/s]
Extract:  38%|###7      | 217/578 [00:48<00:50,  7.10it/s]
Extract:  38%|###8      | 220/578 [00:48<00:34, 10.31it/s]
Extract:  39%|###8      | 223/578 [00:48<00:29, 12.17it/s]
Extract:  39%|###8      | 225/578 [00:49<00:54,  6.44it/s]
Extract:  39%|###9      | 227/578 [00:49<00:57,  6.09it/s]
Extract:  40%|###9      | 229/578 [00:50<00:52,  6.59it/s]
Extract:  40%|###9      | 230/578 [00:50<01:03,  5.49it/s]
Extract:  40%|###9      | 231/578 [00:50<01:06,  5.24it/s]
Extract:  40%|####      | 232/578 [00:50<01:01,  5.61it/s]
Extract:  40%|####      | 233/578 [00:50<00:56,  6.14it/s]
Extract:  40%|####      | 234/578 [00:50<00:52,  6.57it/s]
Extract:  41%|####      | 235/578 [00:51<00:49,  6.96it/s]
Extract:  41%|####      | 236/578 [00:51<01:21,  4.20it/s]
Extract:  41%|####1     | 237/578 [00:51<01:32,  3.69it/s]
Extract:  41%|####1     | 239/578 [00:52<00:59,  5.66it/s]
Extract:  42%|####1     | 240/578 [00:52<00:59,  5.71it/s]
Extract:  42%|####2     | 243/578 [00:52<00:37,  8.91it/s]
Extract:  42%|####2     | 245/578 [00:52<00:49,  6.73it/s]
Extract:  43%|####2     | 247/578 [00:53<00:49,  6.67it/s]
Extract:  43%|####2     | 248/578 [00:53<00:59,  5.52it/s]
Extract:  43%|####3     | 249/578 [00:53<01:00,  5.40it/s]
Extract:  43%|####3     | 250/578 [00:53<00:59,  5.53it/s]
Extract:  43%|####3     | 251/578 [00:53<00:58,  5.60it/s]
Extract:  44%|####3     | 253/578 [00:54<00:44,  7.26it/s]
Extract:  44%|####4     | 255/578 [00:54<01:08,  4.73it/s]
Extract:  44%|####4     | 256/578 [00:55<01:38,  3.27it/s]
Extract:  44%|####4     | 257/578 [00:55<01:25,  3.76it/s]
Extract:  45%|####4     | 259/578 [00:55<01:03,  5.00it/s]
Extract:  45%|####4     | 260/578 [00:55<00:57,  5.49it/s]
Extract:  45%|####5     | 262/578 [00:56<01:02,  5.04it/s]
Extract:  46%|####5     | 263/578 [00:56<01:16,  4.11it/s]
Extract:  46%|####5     | 265/578 [00:57<01:05,  4.76it/s]
Extract:  46%|####6     | 266/578 [00:57<01:08,  4.59it/s]
Extract:  46%|####6     | 267/578 [00:57<01:24,  3.70it/s]
Extract:  46%|####6     | 268/578 [00:57<01:12,  4.26it/s]
Extract:  47%|####6     | 269/578 [00:58<01:41,  3.03it/s]
Extract:  47%|####6     | 271/578 [00:58<01:07,  4.57it/s]
Extract:  47%|####7     | 273/578 [00:59<01:22,  3.68it/s]
Extract:  47%|####7     | 274/578 [01:00<02:12,  2.30it/s]
Extract:  48%|####7     | 275/578 [01:00<02:21,  2.14it/s]
Extract:  48%|####7     | 276/578 [01:01<02:06,  2.39it/s]
Extract:  48%|####7     | 277/578 [01:01<01:45,  2.85it/s]
Extract:  48%|####8     | 280/578 [01:02<01:32,  3.23it/s]
Extract:  49%|####8     | 282/578 [01:02<01:07,  4.39it/s]
Extract:  49%|####8     | 283/578 [01:02<01:13,  4.00it/s]
Extract:  49%|####9     | 284/578 [01:02<01:05,  4.51it/s]
Extract:  49%|####9     | 285/578 [01:03<01:01,  4.74it/s]
Extract:  49%|####9     | 286/578 [01:03<00:57,  5.04it/s]
Extract:  50%|####9     | 288/578 [01:03<00:43,  6.66it/s]
Extract:  50%|#####     | 289/578 [01:03<00:40,  7.09it/s]
Extract:  50%|#####     | 290/578 [01:04<01:17,  3.73it/s]
Extract:  50%|#####     | 291/578 [01:04<01:08,  4.19it/s]
Extract:  51%|#####     | 293/578 [01:04<00:45,  6.31it/s]
Extract:  51%|#####1    | 295/578 [01:04<01:02,  4.54it/s]
Extract:  51%|#####1    | 296/578 [01:05<00:55,  5.04it/s]
Extract:  51%|#####1    | 297/578 [01:05<01:10,  4.01it/s]
Extract:  52%|#####1    | 299/578 [01:05<00:49,  5.61it/s]
Extract:  52%|#####2    | 301/578 [01:06<01:04,  4.29it/s]
Extract:  52%|#####2    | 303/578 [01:06<00:48,  5.67it/s]
Extract:  53%|#####2    | 304/578 [01:06<01:03,  4.30it/s]
Extract:  53%|#####2    | 305/578 [01:07<01:04,  4.21it/s]
Extract:  53%|#####3    | 307/578 [01:07<01:02,  4.31it/s]
Extract:  53%|#####3    | 308/578 [01:07<01:10,  3.83it/s]
Extract:  53%|#####3    | 309/578 [01:08<01:32,  2.91it/s]
Extract:  54%|#####3    | 310/578 [01:08<01:28,  3.02it/s]
Extract:  54%|#####3    | 311/578 [01:09<01:54,  2.34it/s]
Extract:  54%|#####3    | 312/578 [01:10<02:06,  2.10it/s]
Extract:  54%|#####4    | 313/578 [01:10<01:40,  2.63it/s]
Extract:  54%|#####4    | 314/578 [01:10<01:36,  2.75it/s]
Extract:  55%|#####4    | 316/578 [01:11<01:12,  3.61it/s]
Extract:  55%|#####5    | 318/578 [01:11<01:08,  3.82it/s]
Extract:  55%|#####5    | 319/578 [01:11<01:05,  3.95it/s]
Extract:  55%|#####5    | 320/578 [01:12<01:40,  2.56it/s]
Extract:  56%|#####5    | 321/578 [01:12<01:22,  3.10it/s]
Extract:  56%|#####5    | 322/578 [01:12<01:14,  3.43it/s]
Extract:  56%|#####5    | 323/578 [01:13<01:04,  3.95it/s]
Extract:  56%|#####6    | 325/578 [01:13<00:42,  5.91it/s]
Extract:  56%|#####6    | 326/578 [01:13<00:42,  5.99it/s]
Extract:  57%|#####6    | 328/578 [01:13<00:36,  6.82it/s]
Extract:  57%|#####7    | 330/578 [01:13<00:29,  8.43it/s]
Extract:  57%|#####7    | 331/578 [01:13<00:33,  7.41it/s]
Extract:  57%|#####7    | 332/578 [01:14<00:38,  6.37it/s]
Extract:  58%|#####7    | 334/578 [01:14<00:29,  8.29it/s]
Extract:  58%|#####8    | 336/578 [01:14<00:23, 10.22it/s]
Extract:  58%|#####8    | 338/578 [01:14<00:21, 11.15it/s]
Extract:  59%|#####8    | 340/578 [01:14<00:22, 10.76it/s]
Extract:  59%|#####9    | 342/578 [01:14<00:23,  9.88it/s]
Extract:  60%|#####9    | 344/578 [01:15<00:28,  8.07it/s]
Extract:  60%|#####9    | 346/578 [01:15<00:25,  9.02it/s]
Extract:  60%|######    | 348/578 [01:15<00:21, 10.56it/s]
Extract:  61%|######    | 350/578 [01:16<00:35,  6.47it/s]
Extract:  61%|######    | 351/578 [01:16<00:53,  4.25it/s]
Extract:  61%|######    | 352/578 [01:16<00:50,  4.49it/s]
Extract:  61%|######1   | 353/578 [01:17<00:50,  4.46it/s]
Extract:  61%|######1   | 355/578 [01:17<00:36,  6.11it/s]
Extract:  62%|######1   | 356/578 [01:18<01:03,  3.48it/s]
Extract:  62%|######1   | 357/578 [01:18<00:56,  3.92it/s]
Extract:  62%|######2   | 359/578 [01:18<00:41,  5.25it/s]
Extract:  62%|######2   | 360/578 [01:18<00:41,  5.28it/s]
Extract:  63%|######2   | 362/578 [01:18<00:43,  4.93it/s]
Extract:  63%|######2   | 364/578 [01:19<00:32,  6.53it/s]
Extract:  63%|######3   | 365/578 [01:19<00:31,  6.87it/s]
Extract:  63%|######3   | 366/578 [01:19<00:34,  6.21it/s]
Extract:  63%|######3   | 367/578 [01:19<00:48,  4.33it/s]
Extract:  64%|######3   | 368/578 [01:20<00:45,  4.64it/s]
Extract:  64%|######3   | 369/578 [01:20<00:54,  3.85it/s]
Extract:  64%|######4   | 372/578 [01:20<00:28,  7.20it/s]
Extract:  65%|######4   | 374/578 [01:20<00:33,  6.11it/s]
Extract:  65%|######5   | 376/578 [01:21<00:30,  6.61it/s]
Extract:  65%|######5   | 377/578 [01:21<00:31,  6.30it/s]
Extract:  66%|######5   | 379/578 [01:21<00:26,  7.48it/s]
Extract:  66%|######5   | 380/578 [01:21<00:30,  6.60it/s]
Extract:  66%|######5   | 381/578 [01:21<00:28,  6.86it/s]
Extract:  66%|######6   | 382/578 [01:22<00:36,  5.42it/s]
Extract:  66%|######6   | 383/578 [01:22<00:31,  6.13it/s]
Extract:  66%|######6   | 384/578 [01:22<00:32,  5.89it/s]
Extract:  67%|######6   | 386/578 [01:22<00:24,  7.99it/s]
Extract:  67%|######6   | 387/578 [01:23<00:46,  4.11it/s]
Extract:  67%|######7   | 390/578 [01:23<00:27,  6.95it/s]
Extract:  68%|######7   | 392/578 [01:23<00:26,  7.01it/s]
Extract:  68%|######8   | 394/578 [01:24<00:28,  6.55it/s]
Extract:  68%|######8   | 395/578 [01:24<00:28,  6.46it/s]
Extract:  69%|######8   | 397/578 [01:24<00:25,  7.10it/s]
Extract:  69%|######9   | 399/578 [01:24<00:23,  7.74it/s]
Extract:  69%|######9   | 401/578 [01:24<00:19,  8.89it/s]
Extract:  70%|######9   | 403/578 [01:24<00:17, 10.18it/s]
Extract:  70%|#######   | 405/578 [01:25<00:16, 10.57it/s]
Extract:  70%|#######   | 407/578 [01:25<00:25,  6.64it/s]
Extract:  71%|#######   | 408/578 [01:26<00:33,  5.05it/s]
Extract:  71%|#######   | 410/578 [01:26<00:26,  6.27it/s]
Extract:  71%|#######1  | 412/578 [01:26<00:22,  7.45it/s]
Extract:  71%|#######1  | 413/578 [01:26<00:27,  5.99it/s]
Extract:  72%|#######1  | 415/578 [01:26<00:21,  7.56it/s]
Extract:  72%|#######1  | 416/578 [01:26<00:20,  7.88it/s]
Extract:  72%|#######2  | 418/578 [01:27<00:18,  8.46it/s]
Extract:  72%|#######2  | 419/578 [01:27<00:21,  7.31it/s]
Extract:  73%|#######2  | 421/578 [01:27<00:29,  5.32it/s]
Extract:  73%|#######3  | 424/578 [01:28<00:21,  7.07it/s]
Extract:  74%|#######3  | 425/578 [01:28<00:27,  5.52it/s]
Extract:  74%|#######3  | 426/578 [01:28<00:25,  5.99it/s]
Extract:  74%|#######3  | 427/578 [01:29<00:34,  4.42it/s]
Extract:  74%|#######4  | 428/578 [01:29<00:57,  2.63it/s]
Extract:  74%|#######4  | 429/578 [01:30<00:56,  2.63it/s]
Extract:  75%|#######4  | 431/578 [01:30<00:36,  4.01it/s]
Extract:  75%|#######4  | 432/578 [01:30<00:32,  4.44it/s]
Extract:  75%|#######5  | 434/578 [01:31<00:32,  4.38it/s]
Extract:  75%|#######5  | 436/578 [01:31<00:24,  5.83it/s]
Extract:  76%|#######5  | 437/578 [01:31<00:22,  6.22it/s]
Extract:  76%|#######5  | 438/578 [01:31<00:23,  6.04it/s]
Extract:  76%|#######5  | 439/578 [01:31<00:26,  5.19it/s]
Extract:  76%|#######6  | 441/578 [01:32<00:28,  4.73it/s]
Extract:  76%|#######6  | 442/578 [01:32<00:26,  5.22it/s]
Extract:  77%|#######6  | 444/578 [01:32<00:20,  6.51it/s]
Extract:  77%|#######6  | 445/578 [01:33<00:27,  4.84it/s]
Extract:  78%|#######7  | 448/578 [01:33<00:16,  7.87it/s]
Extract:  78%|#######7  | 450/578 [01:33<00:20,  6.38it/s]
Extract:  78%|#######8  | 451/578 [01:34<00:26,  4.82it/s]
Extract:  78%|#######8  | 452/578 [01:34<00:23,  5.36it/s]
Extract:  79%|#######8  | 454/578 [01:34<00:17,  7.19it/s]
Extract:  79%|#######8  | 456/578 [01:34<00:14,  8.61it/s]
Extract:  79%|#######9  | 458/578 [01:34<00:14,  8.38it/s]
Extract:  80%|#######9  | 461/578 [01:34<00:11, 10.60it/s]
Extract:  80%|########  | 463/578 [01:35<00:12,  8.95it/s]
Extract:  81%|########  | 466/578 [01:35<00:17,  6.34it/s]
Extract:  81%|########  | 467/578 [01:36<00:20,  5.37it/s]
Extract:  81%|########  | 468/578 [01:36<00:25,  4.36it/s]
Extract:  81%|########1 | 470/578 [01:36<00:21,  5.05it/s]
Extract:  81%|########1 | 471/578 [01:37<00:20,  5.16it/s]
Extract:  82%|########1 | 472/578 [01:37<00:20,  5.05it/s]
Extract:  82%|########1 | 473/578 [01:37<00:19,  5.38it/s]
Extract:  82%|########2 | 474/578 [01:37<00:18,  5.51it/s]
Extract:  82%|########2 | 476/578 [01:37<00:19,  5.15it/s]
Extract:  83%|########2 | 478/578 [01:38<00:14,  6.82it/s]
Extract:  83%|########2 | 479/578 [01:38<00:14,  6.90it/s]
Extract:  83%|########3 | 480/578 [01:38<00:13,  7.24it/s]
Extract:  83%|########3 | 481/578 [01:38<00:13,  7.28it/s]
Extract:  84%|########3 | 483/578 [01:38<00:10,  9.23it/s]
Extract:  84%|########3 | 485/578 [01:38<00:08, 10.94it/s]
Extract:  84%|########4 | 487/578 [01:38<00:08, 10.59it/s]
Extract:  85%|########4 | 489/578 [01:39<00:13,  6.42it/s]
Extract:  85%|########4 | 490/578 [01:39<00:13,  6.58it/s]
Extract:  85%|########4 | 491/578 [01:39<00:15,  5.78it/s]
Extract:  85%|########5 | 492/578 [01:40<00:17,  5.05it/s]
Extract:  85%|########5 | 493/578 [01:40<00:15,  5.40it/s]
Extract:  85%|########5 | 494/578 [01:40<00:16,  5.02it/s]
Extract:  86%|########5 | 496/578 [01:40<00:11,  6.90it/s]
Extract:  86%|########6 | 498/578 [01:41<00:13,  5.81it/s]
Extract:  87%|########6 | 501/578 [01:41<00:09,  8.46it/s]
Extract:  87%|########7 | 504/578 [01:41<00:07,  9.58it/s]
Extract:  88%|########7 | 506/578 [01:42<00:13,  5.21it/s]
Extract:  88%|########7 | 508/578 [01:42<00:12,  5.80it/s]
Extract:  88%|########8 | 510/578 [01:42<00:11,  6.04it/s]
Extract:  88%|########8 | 511/578 [01:43<00:10,  6.43it/s]
Extract:  89%|########8 | 512/578 [01:43<00:10,  6.39it/s]
Extract:  89%|########9 | 515/578 [01:43<00:08,  7.41it/s]
Extract:  89%|########9 | 516/578 [01:43<00:11,  5.59it/s]
Extract:  89%|########9 | 517/578 [01:44<00:10,  5.63it/s]
Extract:  90%|########9 | 519/578 [01:44<00:09,  6.39it/s]
Extract:  90%|########9 | 520/578 [01:44<00:08,  6.73it/s]
Extract:  90%|######### | 522/578 [01:44<00:06,  8.65it/s]
Extract:  91%|######### | 524/578 [01:44<00:06,  7.75it/s]
Extract:  91%|#########1| 526/578 [01:45<00:09,  5.77it/s]
Extract:  91%|#########1| 528/578 [01:45<00:07,  7.14it/s]
Extract:  92%|#########1| 529/578 [01:45<00:06,  7.29it/s]
Extract:  92%|#########1| 530/578 [01:45<00:06,  7.49it/s]
Extract:  92%|#########1| 531/578 [01:45<00:06,  7.75it/s]
Extract:  92%|#########2| 532/578 [01:46<00:06,  7.38it/s]
Extract:  92%|#########2| 534/578 [01:46<00:05,  7.49it/s]
Extract:  93%|#########2| 536/578 [01:46<00:04,  9.54it/s]
Extract:  93%|#########3| 538/578 [01:46<00:05,  6.87it/s]
Extract:  93%|#########3| 540/578 [01:47<00:06,  5.93it/s]
Extract:  94%|#########3| 541/578 [01:47<00:06,  5.70it/s]
Extract:  94%|#########3| 543/578 [01:47<00:05,  6.78it/s]
Extract:  94%|#########4| 546/578 [01:48<00:05,  6.25it/s]
Extract:  95%|#########4| 547/578 [01:48<00:06,  4.83it/s]
Extract:  95%|#########5| 550/578 [01:48<00:03,  7.10it/s]
Extract:  96%|#########5| 553/578 [01:49<00:05,  4.73it/s]
Extract:  96%|#########5| 554/578 [01:50<00:06,  3.99it/s]
Extract:  96%|#########6| 555/578 [01:50<00:06,  3.43it/s]
Extract:  96%|#########6| 556/578 [01:50<00:06,  3.65it/s]
Extract:  96%|#########6| 557/578 [01:51<00:05,  4.00it/s]
Extract:  97%|#########6| 560/578 [01:51<00:04,  4.42it/s]
Extract:  97%|#########7| 561/578 [01:51<00:03,  4.47it/s]
Extract:  98%|#########7| 564/578 [01:52<00:02,  5.35it/s]
Extract:  98%|#########7| 565/578 [01:52<00:02,  4.41it/s]
Extract:  98%|#########8| 567/578 [01:53<00:02,  5.23it/s]
Extract:  98%|#########8| 568/578 [01:53<00:02,  4.41it/s]
Extract:  99%|#########8| 570/578 [01:53<00:01,  6.00it/s]
Extract:  99%|#########8| 572/578 [01:53<00:00,  6.45it/s]
Extract:  99%|#########9| 574/578 [01:53<00:00,  7.86it/s]
Extract: 100%|#########9| 576/578 [01:54<00:00,  4.71it/s]
Extract: 100%|##########| 578/578 [01:54<00:00,  5.04it/s]

Extract:   0%|          | 0/578 [00:00<?, ?it/s]
Extract:   0%|          | 2/578 [00:00<00:44, 12.90it/s]
Extract:   1%|          | 4/578 [00:00<01:07,  8.46it/s]
Extract:   1%|          | 5/578 [00:00<01:11,  8.07it/s]
Extract:   1%|1         | 6/578 [00:00<01:11,  7.98it/s]
Extract:   1%|1         | 7/578 [00:00<01:36,  5.93it/s]
Extract:   1%|1         | 8/578 [00:01<01:53,  5.02it/s]
Extract:   2%|1         | 9/578 [00:01<01:53,  5.03it/s]
Extract:   2%|1         | 10/578 [00:01<01:46,  5.33it/s]
Extract:   2%|1         | 11/578 [00:01<01:36,  5.86it/s]
Extract:   2%|2         | 12/578 [00:02<02:02,  4.63it/s]
Extract:   2%|2         | 14/578 [00:02<01:49,  5.15it/s]
Extract:   3%|2         | 15/578 [00:02<02:12,  4.25it/s]
Extract:   3%|2         | 16/578 [00:02<02:00,  4.67it/s]
Extract:   3%|3         | 19/578 [00:03<01:07,  8.24it/s]
Extract:   4%|3         | 21/578 [00:03<01:23,  6.67it/s]
Extract:   4%|3         | 22/578 [00:03<01:20,  6.92it/s]
Extract:   4%|3         | 23/578 [00:03<01:22,  6.73it/s]
Extract:   4%|4         | 26/578 [00:03<01:02,  8.84it/s]
Extract:   5%|4         | 27/578 [00:04<01:56,  4.74it/s]
Extract:   5%|5         | 29/578 [00:04<01:34,  5.78it/s]
Extract:   5%|5         | 30/578 [00:04<01:35,  5.71it/s]
Extract:   5%|5         | 31/578 [00:05<01:29,  6.14it/s]
Extract:   6%|5         | 34/578 [00:05<00:58,  9.28it/s]
Extract:   6%|6         | 36/578 [00:05<00:50, 10.81it/s]
Extract:   7%|6         | 38/578 [00:05<01:00,  8.88it/s]
Extract:   7%|6         | 40/578 [00:05<01:01,  8.70it/s]
Extract:   7%|7         | 42/578 [00:06<01:39,  5.41it/s]
Extract:   7%|7         | 43/578 [00:06<01:55,  4.62it/s]
Extract:   8%|7         | 45/578 [00:07<01:27,  6.09it/s]
Extract:   8%|8         | 47/578 [00:07<01:17,  6.84it/s]
Extract:   8%|8         | 49/578 [00:07<01:01,  8.60it/s]
Extract:   9%|8         | 51/578 [00:08<01:40,  5.25it/s]
Extract:   9%|8         | 52/578 [00:08<01:49,  4.81it/s]
Extract:   9%|9         | 53/578 [00:08<01:38,  5.33it/s]
Extract:   9%|9         | 54/578 [00:08<01:40,  5.21it/s]
Extract:  10%|9         | 55/578 [00:08<01:38,  5.31it/s]
Extract:  10%|9         | 56/578 [00:09<01:26,  6.00it/s]
Extract:  10%|#         | 58/578 [00:09<01:13,  7.06it/s]
Extract:  10%|#         | 59/578 [00:09<01:15,  6.84it/s]
Extract:  10%|#         | 60/578 [00:09<01:30,  5.74it/s]
Extract:  11%|#         | 61/578 [00:09<01:48,  4.76it/s]
Extract:  11%|#         | 63/578 [00:10<01:13,  6.97it/s]
Extract:  11%|#1        | 64/578 [00:10<01:33,  5.52it/s]
Extract:  11%|#1        | 65/578 [00:10<01:50,  4.63it/s]
Extract:  12%|#1        | 67/578 [00:11<01:46,  4.81it/s]
Extract:  12%|#1        | 69/578 [00:11<01:24,  6.02it/s]
Extract:  12%|#2        | 71/578 [00:11<01:09,  7.27it/s]
Extract:  13%|#2        | 73/578 [00:11<01:18,  6.45it/s]
Extract:  13%|#2        | 75/578 [00:11<01:03,  7.93it/s]
Extract:  13%|#3        | 76/578 [00:12<01:16,  6.55it/s]
Extract:  13%|#3        | 77/578 [00:12<01:34,  5.30it/s]
Extract:  14%|#3        | 79/578 [00:12<01:12,  6.88it/s]
Extract:  14%|#4        | 81/578 [00:12<01:01,  8.04it/s]
Extract:  14%|#4        | 83/578 [00:13<01:00,  8.20it/s]
Extract:  15%|#4        | 84/578 [00:13<01:23,  5.89it/s]
Extract:  15%|#4        | 85/578 [00:13<01:16,  6.42it/s]
Extract:  15%|#4        | 86/578 [00:13<01:11,  6.86it/s]
Extract:  15%|#5        | 88/578 [00:13<00:55,  8.84it/s]
Extract:  16%|#5        | 90/578 [00:14<01:39,  4.91it/s]
Extract:  16%|#5        | 91/578 [00:14<02:03,  3.96it/s]
Extract:  16%|#5        | 92/578 [00:15<02:14,  3.61it/s]
Extract:  16%|#6        | 94/578 [00:15<01:45,  4.61it/s]
Extract:  17%|#6        | 96/578 [00:15<01:39,  4.86it/s]
Extract:  17%|#6        | 98/578 [00:16<01:35,  5.04it/s]
Extract:  17%|#7        | 100/578 [00:16<01:26,  5.51it/s]
Extract:  18%|#7        | 102/578 [00:16<01:07,  7.05it/s]
Extract:  18%|#7        | 104/578 [00:16<00:55,  8.60it/s]
Extract:  18%|#8        | 106/578 [00:17<00:58,  8.09it/s]
Extract:  19%|#8        | 108/578 [00:17<01:24,  5.55it/s]
Extract:  19%|#9        | 110/578 [00:17<01:10,  6.68it/s]
Extract:  19%|#9        | 112/578 [00:18<00:57,  8.10it/s]
Extract:  20%|#9        | 114/578 [00:18<00:50,  9.17it/s]
Extract:  20%|##        | 116/578 [00:18<00:54,  8.44it/s]
Extract:  20%|##        | 118/578 [00:18<01:01,  7.48it/s]
Extract:  21%|##        | 120/578 [00:19<01:06,  6.93it/s]
Extract:  21%|##        | 121/578 [00:19<01:19,  5.77it/s]
Extract:  21%|##1       | 124/578 [00:19<00:57,  7.93it/s]
Extract:  22%|##1       | 125/578 [00:20<01:17,  5.82it/s]
Extract:  22%|##1       | 126/578 [00:20<01:19,  5.67it/s]
Extract:  22%|##2       | 128/578 [00:20<01:07,  6.64it/s]
Extract:  22%|##2       | 130/578 [00:20<01:22,  5.42it/s]
Extract:  23%|##2       | 131/578 [00:21<01:39,  4.50it/s]
Extract:  23%|##3       | 133/578 [00:21<01:25,  5.21it/s]
Extract:  23%|##3       | 134/578 [00:21<01:19,  5.59it/s]
Extract:  23%|##3       | 135/578 [00:21<01:13,  6.06it/s]
Extract:  24%|##3       | 137/578 [00:22<01:24,  5.24it/s]
Extract:  24%|##3       | 138/578 [00:22<01:35,  4.62it/s]
Extract:  24%|##4       | 139/578 [00:22<01:30,  4.84it/s]
Extract:  25%|##4       | 142/578 [00:22<00:53,  8.20it/s]
Extract:  25%|##5       | 146/578 [00:23<00:49,  8.69it/s]
Extract:  26%|##5       | 148/578 [00:23<00:46,  9.15it/s]
Extract:  26%|##5       | 150/578 [00:24<01:04,  6.61it/s]
Extract:  26%|##6       | 153/578 [00:24<01:00,  7.04it/s]
Extract:  27%|##6       | 155/578 [00:24<01:05,  6.41it/s]
Extract:  27%|##7       | 158/578 [00:24<00:48,  8.62it/s]
Extract:  28%|##7       | 160/578 [00:25<00:49,  8.53it/s]
Extract:  28%|##8       | 162/578 [00:25<00:42,  9.81it/s]
Extract:  28%|##8       | 164/578 [00:26<01:18,  5.24it/s]
Extract:  29%|##8       | 165/578 [00:26<01:23,  4.96it/s]
Extract:  29%|##8       | 166/578 [00:26<01:15,  5.46it/s]
Extract:  29%|##8       | 167/578 [00:27<01:40,  4.09it/s]
Extract:  29%|##9       | 168/578 [00:27<01:31,  4.47it/s]
Extract:  29%|##9       | 169/578 [00:27<01:21,  5.00it/s]
Extract:  29%|##9       | 170/578 [00:27<01:19,  5.11it/s]
Extract:  30%|##9       | 172/578 [00:27<01:09,  5.87it/s]
Extract:  30%|##9       | 173/578 [00:28<01:44,  3.89it/s]
Extract:  30%|###       | 174/578 [00:28<01:34,  4.30it/s]
Extract:  30%|###       | 176/578 [00:28<01:06,  6.01it/s]
Extract:  31%|###       | 177/578 [00:29<01:33,  4.30it/s]
Extract:  31%|###       | 178/578 [00:29<01:20,  5.00it/s]
Extract:  31%|###       | 179/578 [00:29<01:10,  5.69it/s]
Extract:  31%|###1      | 180/578 [00:29<01:28,  4.50it/s]
Extract:  31%|###1      | 181/578 [00:30<01:48,  3.66it/s]
Extract:  31%|###1      | 182/578 [00:30<01:41,  3.92it/s]
Extract:  32%|###1      | 184/578 [00:30<01:21,  4.85it/s]
Extract:  32%|###2      | 185/578 [00:30<01:38,  3.97it/s]
Extract:  32%|###2      | 186/578 [00:31<01:40,  3.91it/s]
Extract:  33%|###2      | 188/578 [00:31<01:13,  5.29it/s]
Extract:  33%|###2      | 189/578 [00:31<01:39,  3.90it/s]
Extract:  33%|###3      | 191/578 [00:32<01:34,  4.11it/s]
Extract:  33%|###3      | 192/578 [00:32<01:21,  4.72it/s]
Extract:  34%|###3      | 194/578 [00:32<01:03,  6.08it/s]
Extract:  34%|###4      | 197/578 [00:33<01:19,  4.77it/s]
Extract:  34%|###4      | 198/578 [00:33<01:20,  4.75it/s]
Extract:  35%|###4      | 201/578 [00:34<01:29,  4.19it/s]
Extract:  35%|###4      | 202/578 [00:34<01:28,  4.25it/s]
Extract:  35%|###5      | 203/578 [00:35<01:59,  3.13it/s]
Extract:  35%|###5      | 205/578 [00:35<01:23,  4.48it/s]
Extract:  36%|###5      | 206/578 [00:35<01:17,  4.82it/s]
Extract:  36%|###5      | 207/578 [00:35<01:22,  4.49it/s]
Extract:  36%|###6      | 209/578 [00:35<01:02,  5.94it/s]
Extract:  36%|###6      | 210/578 [00:36<00:58,  6.27it/s]
Extract:  37%|###6      | 212/578 [00:36<01:11,  5.12it/s]
Extract:  37%|###6      | 213/578 [00:36<01:09,  5.24it/s]
Extract:  37%|###7      | 215/578 [00:37<01:02,  5.79it/s]
Extract:  38%|###7      | 217/578 [00:37<00:50,  7.14it/s]
Extract:  38%|###8      | 220/578 [00:37<00:39,  9.14it/s]
Extract:  38%|###8      | 222/578 [00:37<00:34, 10.46it/s]
Extract:  39%|###8      | 224/578 [00:37<00:30, 11.47it/s]
Extract:  39%|###9      | 226/578 [00:38<00:50,  7.01it/s]
Extract:  39%|###9      | 228/578 [00:38<00:42,  8.33it/s]
Extract:  40%|###9      | 230/578 [00:38<00:50,  6.89it/s]
Extract:  40%|###9      | 231/578 [00:38<00:53,  6.53it/s]
Extract:  40%|####      | 232/578 [00:39<00:51,  6.75it/s]
Extract:  40%|####      | 234/578 [00:39<00:51,  6.65it/s]
Extract:  41%|####      | 235/578 [00:39<00:49,  6.88it/s]
Extract:  41%|####      | 236/578 [00:39<01:04,  5.32it/s]
Extract:  41%|####1     | 237/578 [00:40<01:11,  4.74it/s]
Extract:  41%|####1     | 239/578 [00:40<00:49,  6.81it/s]
Extract:  42%|####1     | 241/578 [00:40<00:38,  8.86it/s]
Extract:  42%|####2     | 243/578 [00:40<00:31, 10.56it/s]
Extract:  42%|####2     | 245/578 [00:40<00:46,  7.13it/s]
Extract:  43%|####2     | 247/578 [00:41<00:43,  7.68it/s]
Extract:  43%|####3     | 249/578 [00:41<00:49,  6.68it/s]
Extract:  43%|####3     | 251/578 [00:41<00:43,  7.51it/s]
Extract:  44%|####3     | 254/578 [00:41<00:30, 10.61it/s]
Extract:  44%|####4     | 256/578 [00:42<00:44,  7.19it/s]
Extract:  45%|####4     | 258/578 [00:42<00:38,  8.38it/s]
Extract:  45%|####4     | 260/578 [00:42<00:34,  9.32it/s]
Extract:  45%|####5     | 262/578 [00:42<00:35,  8.80it/s]
Extract:  46%|####5     | 264/578 [00:43<00:46,  6.81it/s]
Extract:  46%|####5     | 265/578 [00:43<00:56,  5.58it/s]
Extract:  46%|####6     | 266/578 [00:43<00:56,  5.49it/s]
Extract:  46%|####6     | 267/578 [00:44<01:06,  4.70it/s]
Extract:  47%|####6     | 269/578 [00:44<00:57,  5.34it/s]
Extract:  47%|####7     | 273/578 [00:44<00:44,  6.80it/s]
Extract:  47%|####7     | 274/578 [00:45<00:58,  5.17it/s]
Extract:  48%|####7     | 275/578 [00:45<01:10,  4.31it/s]
Extract:  48%|####7     | 277/578 [00:45<00:53,  5.60it/s]
Extract:  48%|####8     | 280/578 [00:46<00:44,  6.63it/s]
Extract:  49%|####8     | 282/578 [00:46<00:36,  8.15it/s]
Extract:  49%|####9     | 284/578 [00:46<00:38,  7.74it/s]
Extract:  49%|####9     | 285/578 [00:46<00:39,  7.50it/s]
Extract:  49%|####9     | 286/578 [00:47<00:40,  7.18it/s]
Extract:  50%|####9     | 288/578 [00:47<00:34,  8.45it/s]
Extract:  50%|#####     | 289/578 [00:47<00:36,  7.84it/s]
Extract:  50%|#####     | 290/578 [00:47<00:55,  5.20it/s]
Extract:  51%|#####     | 292/578 [00:47<00:40,  7.07it/s]
Extract:  51%|#####     | 294/578 [00:48<00:37,  7.63it/s]
Extract:  51%|#####1    | 295/578 [00:48<00:49,  5.72it/s]
Extract:  51%|#####1    | 297/578 [00:48<00:53,  5.24it/s]
Extract:  52%|#####1    | 299/578 [00:49<00:41,  6.74it/s]
Extract:  52%|#####1    | 300/578 [00:49<00:40,  6.84it/s]
Extract:  52%|#####2    | 301/578 [00:49<00:43,  6.40it/s]
Extract:  52%|#####2    | 303/578 [00:49<00:31,  8.61it/s]
Extract:  53%|#####2    | 305/578 [00:49<00:45,  6.06it/s]
Extract:  53%|#####3    | 307/578 [00:50<00:50,  5.39it/s]
Extract:  53%|#####3    | 308/578 [00:50<00:52,  5.14it/s]
Extract:  53%|#####3    | 309/578 [00:51<01:03,  4.25it/s]
Extract:  54%|#####3    | 310/578 [00:51<01:03,  4.24it/s]
Extract:  54%|#####3    | 311/578 [00:51<01:25,  3.11it/s]
Extract:  54%|#####3    | 312/578 [00:52<01:33,  2.83it/s]
Extract:  54%|#####4    | 313/578 [00:52<01:15,  3.50it/s]
Extract:  54%|#####4    | 314/578 [00:52<01:18,  3.36it/s]
Extract:  55%|#####4    | 316/578 [00:52<00:58,  4.44it/s]
Extract:  55%|#####5    | 318/578 [00:53<00:56,  4.64it/s]
Extract:  55%|#####5    | 319/578 [00:53<00:51,  4.99it/s]
Extract:  55%|#####5    | 320/578 [00:53<00:57,  4.52it/s]
Extract:  56%|#####5    | 321/578 [00:53<00:49,  5.20it/s]
Extract:  56%|#####5    | 322/578 [00:54<00:50,  5.05it/s]
Extract:  56%|#####5    | 323/578 [00:54<00:45,  5.61it/s]
Extract:  56%|#####6    | 325/578 [00:54<00:32,  7.69it/s]
Extract:  56%|#####6    | 326/578 [00:54<00:36,  6.98it/s]
Extract:  57%|#####6    | 327/578 [00:54<00:33,  7.39it/s]
Extract:  57%|#####6    | 328/578 [00:54<00:34,  7.29it/s]
Extract:  57%|#####6    | 329/578 [00:55<00:36,  6.75it/s]
Extract:  57%|#####7    | 330/578 [00:55<00:35,  6.97it/s]
Extract:  57%|#####7    | 331/578 [00:55<00:34,  7.15it/s]
Extract:  57%|#####7    | 332/578 [00:55<00:42,  5.83it/s]
Extract:  58%|#####7    | 334/578 [00:55<00:29,  8.37it/s]
Extract:  58%|#####8    | 337/578 [00:55<00:21, 11.07it/s]
Extract:  59%|#####8    | 339/578 [00:56<00:22, 10.69it/s]
Extract:  59%|#####8    | 341/578 [00:56<00:22, 10.75it/s]
Extract:  59%|#####9    | 343/578 [00:56<00:19, 12.04it/s]
Extract:  60%|#####9    | 345/578 [00:56<00:29,  7.95it/s]
Extract:  60%|######    | 347/578 [00:56<00:24,  9.48it/s]
Extract:  60%|######    | 349/578 [00:57<00:33,  6.92it/s]
Extract:  61%|######    | 350/578 [00:57<00:32,  7.09it/s]
Extract:  61%|######    | 351/578 [00:57<00:46,  4.83it/s]
Extract:  61%|######1   | 353/578 [00:58<00:38,  5.81it/s]
Extract:  61%|######1   | 355/578 [00:58<00:29,  7.48it/s]
Extract:  62%|######1   | 357/578 [00:58<00:33,  6.55it/s]
Extract:  62%|######2   | 359/578 [00:58<00:30,  7.25it/s]
Extract:  62%|######2   | 360/578 [00:59<00:30,  7.20it/s]
Extract:  62%|######2   | 361/578 [00:59<00:28,  7.63it/s]
Extract:  63%|######2   | 362/578 [00:59<00:37,  5.80it/s]
Extract:  63%|######2   | 364/578 [00:59<00:26,  8.02it/s]
Extract:  63%|######3   | 366/578 [00:59<00:28,  7.44it/s]
Extract:  63%|######3   | 367/578 [01:00<00:36,  5.81it/s]
Extract:  64%|######3   | 368/578 [01:00<00:34,  6.11it/s]
Extract:  64%|######3   | 369/578 [01:00<00:50,  4.13it/s]
Extract:  65%|######4   | 373/578 [01:01<00:31,  6.44it/s]
Extract:  65%|######4   | 374/578 [01:01<00:29,  6.83it/s]
Extract:  65%|######5   | 376/578 [01:01<00:25,  7.93it/s]
Extract:  65%|######5   | 377/578 [01:01<00:26,  7.45it/s]
Extract:  66%|######5   | 379/578 [01:01<00:21,  9.11it/s]
Extract:  66%|######5   | 381/578 [01:01<00:20,  9.43it/s]
Extract:  66%|######6   | 383/578 [01:02<00:25,  7.67it/s]
Extract:  66%|######6   | 384/578 [01:02<00:28,  6.76it/s]
Extract:  67%|######6   | 386/578 [01:02<00:23,  8.09it/s]
Extract:  67%|######6   | 387/578 [01:02<00:24,  7.64it/s]
Extract:  67%|######7   | 390/578 [01:03<00:17, 10.52it/s]
Extract:  68%|######7   | 392/578 [01:03<00:19,  9.44it/s]
Extract:  68%|######8   | 394/578 [01:03<00:22,  8.35it/s]
Extract:  68%|######8   | 395/578 [01:03<00:22,  8.22it/s]
Extract:  69%|######8   | 396/578 [01:03<00:22,  7.98it/s]
Extract:  69%|######8   | 397/578 [01:04<00:24,  7.25it/s]
Extract:  69%|######9   | 399/578 [01:04<00:20,  8.73it/s]
Extract:  70%|######9   | 402/578 [01:04<00:15, 11.34it/s]
Extract:  70%|#######   | 405/578 [01:04<00:13, 13.25it/s]
Extract:  70%|#######   | 407/578 [01:04<00:18,  9.29it/s]
Extract:  71%|#######   | 409/578 [01:05<00:22,  7.36it/s]
Extract:  71%|#######   | 410/578 [01:05<00:23,  7.19it/s]
Extract:  71%|#######1  | 412/578 [01:05<00:19,  8.42it/s]
Extract:  71%|#######1  | 413/578 [01:06<00:28,  5.81it/s]
Extract:  72%|#######1  | 415/578 [01:06<00:25,  6.47it/s]
Extract:  72%|#######1  | 416/578 [01:06<00:29,  5.50it/s]
Extract:  72%|#######2  | 417/578 [01:06<00:26,  5.99it/s]
Extract:  72%|#######2  | 418/578 [01:06<00:32,  4.99it/s]
Extract:  72%|#######2  | 419/578 [01:07<00:34,  4.56it/s]
Extract:  73%|#######2  | 421/578 [01:08<00:45,  3.46it/s]
Extract:  73%|#######3  | 424/578 [01:08<00:29,  5.25it/s]
Extract:  74%|#######3  | 425/578 [01:08<00:36,  4.21it/s]
Extract:  74%|#######3  | 426/578 [01:08<00:34,  4.45it/s]
Extract:  74%|#######3  | 427/578 [01:09<00:36,  4.10it/s]
Extract:  74%|#######4  | 428/578 [01:09<00:40,  3.75it/s]
Extract:  74%|#######4  | 429/578 [01:09<00:40,  3.71it/s]
Extract:  75%|#######4  | 431/578 [01:09<00:26,  5.47it/s]
Extract:  75%|#######4  | 432/578 [01:10<00:26,  5.52it/s]
Extract:  75%|#######5  | 434/578 [01:10<00:33,  4.26it/s]
Extract:  75%|#######5  | 435/578 [01:10<00:29,  4.88it/s]
Extract:  76%|#######5  | 437/578 [01:11<00:21,  6.44it/s]
Extract:  76%|#######5  | 438/578 [01:11<00:20,  6.67it/s]
Extract:  76%|#######5  | 439/578 [01:11<00:20,  6.87it/s]
Extract:  76%|#######6  | 441/578 [01:11<00:21,  6.46it/s]
Extract:  76%|#######6  | 442/578 [01:11<00:19,  6.92it/s]
Extract:  77%|#######6  | 444/578 [01:11<00:14,  9.00it/s]
Extract:  77%|#######7  | 446/578 [01:12<00:17,  7.48it/s]
Extract:  78%|#######7  | 448/578 [01:12<00:14,  8.71it/s]
Extract:  78%|#######7  | 450/578 [01:12<00:18,  6.75it/s]
Extract:  78%|#######8  | 451/578 [01:13<00:27,  4.63it/s]
Extract:  78%|#######8  | 452/578 [01:13<00:29,  4.32it/s]
Extract:  79%|#######8  | 454/578 [01:13<00:22,  5.51it/s]
Extract:  79%|#######8  | 456/578 [01:13<00:16,  7.24it/s]
Extract:  79%|#######9  | 458/578 [01:14<00:17,  6.99it/s]
Extract:  80%|#######9  | 460/578 [01:14<00:13,  8.72it/s]
Extract:  80%|#######9  | 462/578 [01:14<00:12,  8.94it/s]
Extract:  80%|########  | 464/578 [01:14<00:14,  7.80it/s]
Extract:  81%|########  | 466/578 [01:15<00:13,  8.53it/s]
Extract:  81%|########  | 467/578 [01:15<00:14,  7.75it/s]
Extract:  81%|########  | 468/578 [01:15<00:19,  5.74it/s]
Extract:  81%|########1 | 470/578 [01:15<00:16,  6.71it/s]
Extract:  81%|########1 | 471/578 [01:15<00:16,  6.38it/s]
Extract:  82%|########1 | 472/578 [01:16<00:17,  6.14it/s]
Extract:  82%|########2 | 474/578 [01:16<00:15,  6.88it/s]
Extract:  82%|########2 | 475/578 [01:16<00:14,  7.21it/s]
Extract:  82%|########2 | 476/578 [01:17<00:27,  3.73it/s]
Extract:  83%|########2 | 477/578 [01:17<00:23,  4.33it/s]
Extract:  83%|########2 | 479/578 [01:17<00:17,  5.70it/s]
Extract:  83%|########3 | 481/578 [01:17<00:14,  6.61it/s]
Extract:  84%|########3 | 483/578 [01:17<00:11,  8.53it/s]
Extract:  84%|########4 | 486/578 [01:17<00:08, 11.39it/s]
Extract:  84%|########4 | 488/578 [01:18<00:08, 11.03it/s]
Extract:  85%|########4 | 490/578 [01:18<00:10,  8.12it/s]
Extract:  85%|########5 | 492/578 [01:18<00:10,  7.98it/s]
Extract:  85%|########5 | 493/578 [01:18<00:10,  8.11it/s]
Extract:  85%|########5 | 494/578 [01:19<00:10,  8.23it/s]
Extract:  86%|########5 | 496/578 [01:19<00:08, 10.05it/s]
Extract:  86%|########6 | 498/578 [01:19<00:12,  6.39it/s]
Extract:  87%|########6 | 501/578 [01:19<00:09,  8.44it/s]
Extract:  87%|########7 | 504/578 [01:20<00:08,  9.01it/s]
Extract:  88%|########7 | 506/578 [01:20<00:09,  7.48it/s]
Extract:  88%|########7 | 508/578 [01:20<00:08,  8.17it/s]
Extract:  88%|########8 | 510/578 [01:20<00:07,  9.23it/s]
Extract:  89%|########8 | 512/578 [01:21<00:07,  9.29it/s]
Extract:  89%|########8 | 514/578 [01:21<00:05, 10.97it/s]
Extract:  89%|########9 | 516/578 [01:21<00:09,  6.58it/s]
Extract:  90%|########9 | 518/578 [01:22<00:08,  7.20it/s]
Extract:  90%|########9 | 519/578 [01:22<00:08,  6.76it/s]
Extract:  90%|########9 | 520/578 [01:22<00:08,  6.99it/s]
Extract:  90%|######### | 522/578 [01:22<00:06,  8.76it/s]
Extract:  91%|######### | 524/578 [01:22<00:07,  7.62it/s]
Extract:  91%|#########1| 526/578 [01:23<00:10,  5.14it/s]
Extract:  91%|#########1| 528/578 [01:23<00:07,  6.43it/s]
Extract:  92%|#########1| 529/578 [01:23<00:07,  6.88it/s]
Extract:  92%|#########1| 530/578 [01:23<00:07,  6.79it/s]
Extract:  92%|#########1| 531/578 [01:24<00:06,  7.02it/s]
Extract:  92%|#########2| 532/578 [01:24<00:10,  4.55it/s]
Extract:  92%|#########2| 533/578 [01:24<00:09,  4.76it/s]
Extract:  92%|#########2| 534/578 [01:24<00:09,  4.81it/s]
Extract:  93%|#########2| 535/578 [01:24<00:07,  5.62it/s]
Extract:  93%|#########2| 537/578 [01:25<00:06,  6.39it/s]
Extract:  93%|#########3| 538/578 [01:25<00:06,  5.72it/s]
Extract:  93%|#########3| 540/578 [01:25<00:07,  5.28it/s]
Extract:  94%|#########3| 541/578 [01:26<00:06,  5.33it/s]
Extract:  94%|#########3| 543/578 [01:26<00:05,  6.28it/s]
Extract:  94%|#########4| 545/578 [01:26<00:03,  8.29it/s]
Extract:  95%|#########4| 547/578 [01:27<00:08,  3.86it/s]
Extract:  95%|#########4| 549/578 [01:27<00:05,  5.21it/s]
Extract:  95%|#########5| 551/578 [01:27<00:04,  6.43it/s]
Extract:  96%|#########5| 553/578 [01:28<00:05,  4.51it/s]
Extract:  96%|#########5| 554/578 [01:29<00:07,  3.23it/s]
Extract:  96%|#########6| 555/578 [01:29<00:07,  3.10it/s]
Extract:  96%|#########6| 556/578 [01:29<00:06,  3.37it/s]
Extract:  96%|#########6| 557/578 [01:29<00:05,  3.59it/s]
Extract:  97%|#########6| 560/578 [01:30<00:04,  4.45it/s]
Extract:  97%|#########7| 561/578 [01:30<00:03,  4.40it/s]
Extract:  98%|#########7| 564/578 [01:31<00:02,  4.82it/s]
Extract:  98%|#########7| 565/578 [01:31<00:03,  3.72it/s]
Extract:  98%|#########8| 567/578 [01:31<00:02,  4.75it/s]
Extract:  98%|#########8| 568/578 [01:32<00:02,  3.93it/s]
Extract:  99%|#########8| 570/578 [01:32<00:01,  5.36it/s]
Extract:  99%|#########8| 572/578 [01:32<00:00,  6.40it/s]
Extract:  99%|#########9| 574/578 [01:32<00:00,  7.81it/s]
Extract: 100%|#########9| 576/578 [01:33<00:00,  6.15it/s]
Extract: 100%|##########| 578/578 [01:33<00:00,  6.19it/s]

Extract:   0%|          | 0/578 [00:00<?, ?it/s]
Extract:   0%|          | 2/578 [00:00<00:30, 19.10it/s]
Extract:   1%|          | 4/578 [00:00<01:09,  8.28it/s]
Extract:   1%|1         | 6/578 [00:00<01:04,  8.83it/s]
Extract:   1%|1         | 8/578 [00:01<01:36,  5.89it/s]
Extract:   2%|1         | 9/578 [00:01<01:58,  4.81it/s]
Extract:   2%|1         | 10/578 [00:01<01:48,  5.25it/s]
Extract:   2%|1         | 11/578 [00:01<01:46,  5.30it/s]
Extract:   2%|2         | 12/578 [00:02<02:08,  4.40it/s]
Extract:   2%|2         | 14/578 [00:02<01:52,  5.01it/s]
Extract:   3%|2         | 15/578 [00:02<02:00,  4.66it/s]
Extract:   3%|2         | 16/578 [00:02<01:47,  5.25it/s]
Extract:   3%|3         | 20/578 [00:02<00:54, 10.28it/s]
Extract:   4%|3         | 22/578 [00:03<01:17,  7.17it/s]
Extract:   4%|4         | 24/578 [00:03<01:16,  7.21it/s]
Extract:   4%|4         | 26/578 [00:03<01:02,  8.78it/s]
Extract:   5%|4         | 28/578 [00:04<01:26,  6.33it/s]
Extract:   5%|5         | 29/578 [00:04<01:23,  6.54it/s]
Extract:   5%|5         | 30/578 [00:04<01:25,  6.41it/s]
Extract:   5%|5         | 31/578 [00:04<01:26,  6.34it/s]
Extract:   6%|5         | 33/578 [00:04<01:03,  8.62it/s]
Extract:   6%|6         | 35/578 [00:05<00:55,  9.71it/s]
Extract:   6%|6         | 37/578 [00:05<01:01,  8.81it/s]
Extract:   7%|6         | 39/578 [00:05<00:54,  9.83it/s]
Extract:   7%|7         | 41/578 [00:05<00:52, 10.24it/s]
Extract:   7%|7         | 43/578 [00:06<01:29,  5.97it/s]
Extract:   8%|7         | 46/578 [00:06<01:03,  8.40it/s]
Extract:   8%|8         | 48/578 [00:06<01:01,  8.65it/s]
Extract:   9%|8         | 50/578 [00:07<01:12,  7.24it/s]
Extract:   9%|8         | 51/578 [00:07<01:29,  5.88it/s]
Extract:   9%|8         | 52/578 [00:07<01:39,  5.28it/s]
Extract:   9%|9         | 54/578 [00:07<01:26,  6.03it/s]
Extract:  10%|9         | 55/578 [00:08<01:30,  5.75it/s]
Extract:  10%|9         | 56/578 [00:08<01:26,  6.06it/s]
Extract:  10%|#         | 58/578 [00:08<01:16,  6.82it/s]
Extract:  10%|#         | 59/578 [00:08<01:19,  6.56it/s]
Extract:  10%|#         | 60/578 [00:09<01:39,  5.21it/s]
Extract:  11%|#         | 61/578 [00:09<02:01,  4.27it/s]
Extract:  11%|#         | 63/578 [00:09<01:24,  6.08it/s]
Extract:  11%|#1        | 64/578 [00:09<01:27,  5.88it/s]
Extract:  11%|#1        | 65/578 [00:10<01:48,  4.72it/s]
Extract:  12%|#1        | 67/578 [00:10<01:43,  4.94it/s]
Extract:  12%|#1        | 69/578 [00:10<01:22,  6.17it/s]
Extract:  12%|#2        | 71/578 [00:10<01:07,  7.53it/s]
Extract:  13%|#2        | 73/578 [00:11<01:30,  5.58it/s]
Extract:  13%|#2        | 75/578 [00:11<01:10,  7.11it/s]
Extract:  13%|#3        | 77/578 [00:12<01:34,  5.29it/s]
Extract:  14%|#3        | 80/578 [00:12<01:07,  7.42it/s]
Extract:  14%|#4        | 82/578 [00:12<00:59,  8.32it/s]
Extract:  15%|#4        | 84/578 [00:12<01:14,  6.66it/s]
Extract:  15%|#4        | 85/578 [00:12<01:10,  6.98it/s]
Extract:  15%|#4        | 86/578 [00:12<01:06,  7.40it/s]
Extract:  15%|#5        | 88/578 [00:13<01:00,  8.12it/s]
Extract:  15%|#5        | 89/578 [00:13<01:28,  5.55it/s]
Extract:  16%|#5        | 90/578 [00:13<01:28,  5.53it/s]
Extract:  16%|#5        | 91/578 [00:14<01:52,  4.33it/s]
Extract:  16%|#5        | 92/578 [00:14<02:07,  3.81it/s]
Extract:  16%|#6        | 94/578 [00:14<01:38,  4.92it/s]
Extract:  17%|#6        | 96/578 [00:15<01:45,  4.57it/s]
Extract:  17%|#6        | 97/578 [00:15<01:34,  5.11it/s]
Extract:  17%|#6        | 98/578 [00:15<01:31,  5.24it/s]
Extract:  17%|#7        | 100/578 [00:15<01:17,  6.19it/s]
Extract:  18%|#7        | 102/578 [00:15<00:57,  8.24it/s]
Extract:  18%|#8        | 105/578 [00:16<00:53,  8.85it/s]
Extract:  19%|#8        | 107/578 [00:16<01:16,  6.15it/s]
Extract:  19%|#8        | 108/578 [00:16<01:20,  5.81it/s]
Extract:  19%|#9        | 110/578 [00:17<01:11,  6.51it/s]
Extract:  19%|#9        | 111/578 [00:17<01:18,  5.94it/s]
Extract:  20%|#9        | 113/578 [00:17<01:02,  7.50it/s]
Extract:  20%|#9        | 114/578 [00:17<00:58,  7.88it/s]
Extract:  20%|##        | 116/578 [00:17<01:00,  7.62it/s]
Extract:  20%|##        | 117/578 [00:18<01:17,  5.96it/s]
Extract:  21%|##        | 120/578 [00:18<01:09,  6.56it/s]
Extract:  21%|##        | 121/578 [00:19<01:27,  5.23it/s]
Extract:  21%|##1       | 123/578 [00:19<01:05,  6.99it/s]
Extract:  22%|##1       | 125/578 [00:19<01:11,  6.31it/s]
Extract:  22%|##1       | 126/578 [00:19<01:14,  6.03it/s]
Extract:  22%|##2       | 128/578 [00:19<01:02,  7.26it/s]
Extract:  22%|##2       | 130/578 [00:20<01:00,  7.36it/s]
Extract:  23%|##2       | 131/578 [00:20<01:14,  6.01it/s]
Extract:  23%|##2       | 132/578 [00:20<01:08,  6.51it/s]
Extract:  23%|##3       | 133/578 [00:20<01:09,  6.36it/s]
Extract:  23%|##3       | 135/578 [00:20<00:57,  7.68it/s]
Extract:  24%|##3       | 137/578 [00:21<01:08,  6.46it/s]
Extract:  24%|##3       | 138/578 [00:21<01:22,  5.35it/s]
Extract:  24%|##4       | 139/578 [00:21<01:29,  4.88it/s]
Extract:  25%|##4       | 142/578 [00:21<00:53,  8.10it/s]
Extract:  25%|##5       | 146/578 [00:22<00:55,  7.77it/s]
Extract:  26%|##5       | 148/578 [00:22<00:51,  8.31it/s]
Extract:  26%|##5       | 150/578 [00:23<01:02,  6.81it/s]
Extract:  26%|##6       | 153/578 [00:23<01:03,  6.72it/s]
Extract:  27%|##6       | 155/578 [00:23<01:05,  6.47it/s]
Extract:  27%|##7       | 157/578 [00:24<00:55,  7.59it/s]
Extract:  28%|##7       | 159/578 [00:24<00:47,  8.82it/s]
Extract:  28%|##7       | 161/578 [00:24<00:50,  8.24it/s]
Extract:  28%|##8       | 163/578 [00:25<01:07,  6.14it/s]
Extract:  29%|##8       | 165/578 [00:25<00:58,  7.08it/s]
Extract:  29%|##8       | 166/578 [00:25<00:59,  6.98it/s]
Extract:  29%|##8       | 167/578 [00:25<01:13,  5.56it/s]
Extract:  29%|##9       | 169/578 [00:25<00:58,  7.05it/s]
Extract:  30%|##9       | 171/578 [00:25<00:48,  8.34it/s]
Extract:  30%|##9       | 172/578 [00:26<00:57,  7.12it/s]
Extract:  30%|##9       | 173/578 [00:26<01:20,  5.06it/s]
Extract:  30%|###       | 175/578 [00:26<01:03,  6.32it/s]
Extract:  31%|###       | 177/578 [00:27<01:09,  5.79it/s]
Extract:  31%|###       | 178/578 [00:27<01:08,  5.82it/s]
Extract:  31%|###1      | 180/578 [00:27<01:05,  6.11it/s]
Extract:  31%|###1      | 181/578 [00:27<01:16,  5.16it/s]
Extract:  31%|###1      | 182/578 [00:28<01:10,  5.65it/s]
Extract:  32%|###1      | 184/578 [00:28<01:03,  6.16it/s]
Extract:  32%|###2      | 185/578 [00:28<01:27,  4.50it/s]
Extract:  32%|###2      | 186/578 [00:28<01:19,  4.91it/s]
Extract:  33%|###2      | 188/578 [00:29<01:04,  6.05it/s]
Extract:  33%|###2      | 189/578 [00:29<01:33,  4.16it/s]
Extract:  33%|###3      | 191/578 [00:29<01:18,  4.94it/s]
Extract:  33%|###3      | 193/578 [00:30<00:58,  6.57it/s]
Extract:  34%|###3      | 195/578 [00:30<00:46,  8.32it/s]
Extract:  34%|###4      | 197/578 [00:30<00:52,  7.30it/s]
Extract:  34%|###4      | 198/578 [00:30<00:49,  7.61it/s]
Extract:  35%|###4      | 201/578 [00:31<00:53,  7.02it/s]
Extract:  35%|###4      | 202/578 [00:31<00:59,  6.36it/s]
Extract:  35%|###5      | 203/578 [00:31<01:12,  5.19it/s]
Extract:  36%|###5      | 206/578 [00:31<00:49,  7.55it/s]
Extract:  36%|###5      | 207/578 [00:32<00:51,  7.26it/s]
Extract:  36%|###6      | 210/578 [00:32<00:38,  9.66it/s]
Extract:  37%|###6      | 212/578 [00:32<00:42,  8.55it/s]
Extract:  37%|###7      | 214/578 [00:32<00:38,  9.50it/s]
Extract:  37%|###7      | 216/578 [00:33<00:46,  7.79it/s]
Extract:  38%|###7      | 217/578 [00:33<00:47,  7.68it/s]
Extract:  38%|###8      | 220/578 [00:33<00:34, 10.36it/s]
Extract:  38%|###8      | 222/578 [00:33<00:30, 11.84it/s]
Extract:  39%|###8      | 224/578 [00:33<00:26, 13.31it/s]
Extract:  39%|###9      | 226/578 [00:33<00:41,  8.48it/s]
Extract:  39%|###9      | 228/578 [00:34<00:35,  9.82it/s]
Extract:  40%|###9      | 230/578 [00:34<00:45,  7.59it/s]
Extract:  40%|####      | 232/578 [00:34<00:47,  7.22it/s]
Extract:  40%|####      | 233/578 [00:34<00:46,  7.44it/s]
Extract:  40%|####      | 234/578 [00:35<00:49,  6.99it/s]
Extract:  41%|####      | 236/578 [00:35<01:03,  5.41it/s]
Extract:  41%|####1     | 237/578 [00:35<01:14,  4.56it/s]
Extract:  41%|####1     | 239/578 [00:36<00:54,  6.27it/s]
Extract:  42%|####1     | 240/578 [00:36<00:54,  6.17it/s]
Extract:  42%|####1     | 242/578 [00:36<00:40,  8.22it/s]
Extract:  42%|####2     | 244/578 [00:36<00:54,  6.18it/s]
Extract:  42%|####2     | 245/578 [00:36<00:50,  6.62it/s]
Extract:  43%|####2     | 247/578 [00:37<00:51,  6.39it/s]
Extract:  43%|####2     | 248/578 [00:37<01:04,  5.15it/s]
Extract:  43%|####3     | 249/578 [00:37<01:00,  5.41it/s]
Extract:  43%|####3     | 250/578 [00:37<00:55,  5.87it/s]
Extract:  43%|####3     | 251/578 [00:38<00:52,  6.18it/s]
Extract:  44%|####3     | 253/578 [00:38<00:38,  8.34it/s]
Extract:  44%|####4     | 255/578 [00:38<00:38,  8.41it/s]
Extract:  44%|####4     | 256/578 [00:38<00:57,  5.63it/s]
Extract:  45%|####4     | 258/578 [00:38<00:44,  7.22it/s]
Extract:  45%|####4     | 260/578 [00:39<00:37,  8.38it/s]
Extract:  45%|####5     | 262/578 [00:39<00:42,  7.42it/s]
Extract:  46%|####5     | 263/578 [00:40<01:13,  4.31it/s]
Extract:  46%|####5     | 265/578 [00:40<01:07,  4.65it/s]
Extract:  46%|####6     | 266/578 [00:40<01:05,  4.73it/s]
Extract:  46%|####6     | 267/578 [00:40<01:06,  4.67it/s]
Extract:  47%|####6     | 269/578 [00:41<00:59,  5.17it/s]
Extract:  47%|####7     | 273/578 [00:41<00:46,  6.59it/s]
Extract:  47%|####7     | 274/578 [00:42<00:57,  5.30it/s]
Extract:  48%|####7     | 275/578 [00:42<01:02,  4.87it/s]
Extract:  48%|####7     | 276/578 [00:42<00:59,  5.11it/s]
Extract:  48%|####8     | 278/578 [00:42<00:43,  6.86it/s]
Extract:  48%|####8     | 280/578 [00:42<00:40,  7.30it/s]
Extract:  49%|####8     | 282/578 [00:42<00:32,  9.20it/s]
Extract:  49%|####9     | 284/578 [00:43<00:34,  8.51it/s]
Extract:  49%|####9     | 286/578 [00:43<00:42,  6.92it/s]
Extract:  50%|####9     | 287/578 [00:43<00:40,  7.14it/s]
Extract:  50%|#####     | 289/578 [00:44<00:41,  6.93it/s]
Extract:  50%|#####     | 290/578 [00:44<00:50,  5.74it/s]
Extract:  51%|#####     | 293/578 [00:44<00:32,  8.89it/s]
Extract:  51%|#####1    | 295/578 [00:45<00:47,  5.92it/s]
Extract:  51%|#####1    | 296/578 [00:45<00:46,  6.12it/s]
Extract:  51%|#####1    | 297/578 [00:45<00:57,  4.92it/s]
Extract:  52%|#####1    | 299/578 [00:45<00:41,  6.72it/s]
Extract:  52%|#####2    | 301/578 [00:46<00:45,  6.07it/s]
Extract:  53%|#####2    | 304/578 [00:46<00:44,  6.15it/s]
Extract:  53%|#####2    | 305/578 [00:46<00:43,  6.29it/s]
Extract:  53%|#####3    | 307/578 [00:47<00:44,  6.14it/s]
Extract:  53%|#####3    | 308/578 [00:47<00:44,  6.08it/s]
Extract:  53%|#####3    | 309/578 [00:47<00:53,  5.07it/s]
Extract:  54%|#####3    | 310/578 [00:47<00:49,  5.45it/s]
Extract:  54%|#####3    | 311/578 [00:48<01:09,  3.83it/s]
Extract:  54%|#####3    | 312/578 [00:48<01:17,  3.45it/s]
Extract:  54%|#####4    | 314/578 [00:48<01:05,  4.02it/s]
Extract:  55%|#####4    | 316/578 [00:49<00:54,  4.79it/s]
Extract:  55%|#####5    | 318/578 [00:49<00:53,  4.88it/s]
Extract:  55%|#####5    | 319/578 [00:49<00:48,  5.29it/s]
Extract:  55%|#####5    | 320/578 [00:50<01:00,  4.25it/s]
Extract:  56%|#####5    | 321/578 [00:50<00:52,  4.93it/s]
Extract:  56%|#####5    | 322/578 [00:50<00:53,  4.81it/s]
Extract:  56%|#####6    | 325/578 [00:50<00:32,  7.69it/s]
Extract:  56%|#####6    | 326/578 [00:50<00:37,  6.69it/s]
Extract:  57%|#####6    | 328/578 [00:51<00:33,  7.46it/s]
Extract:  57%|#####7    | 330/578 [00:51<00:30,  8.23it/s]
Extract:  57%|#####7    | 331/578 [00:51<00:31,  7.94it/s]
Extract:  57%|#####7    | 332/578 [00:51<00:38,  6.39it/s]
Extract:  58%|#####7    | 334/578 [00:51<00:28,  8.43it/s]
Extract:  58%|#####8    | 336/578 [00:51<00:23, 10.27it/s]
Extract:  58%|#####8    | 338/578 [00:52<00:20, 11.47it/s]
Extract:  59%|#####8    | 340/578 [00:52<00:18, 12.85it/s]
Extract:  59%|#####9    | 342/578 [00:52<00:21, 11.10it/s]
Extract:  60%|#####9    | 344/578 [00:52<00:23,  9.88it/s]
Extract:  60%|#####9    | 346/578 [00:52<00:20, 11.34it/s]
Extract:  60%|######    | 349/578 [00:53<00:22, 10.12it/s]
Extract:  61%|######    | 351/578 [00:53<00:38,  5.96it/s]
Extract:  61%|######1   | 353/578 [00:54<00:35,  6.32it/s]
Extract:  61%|######1   | 355/578 [00:54<00:29,  7.46it/s]
Extract:  62%|######1   | 357/578 [00:54<00:36,  6.00it/s]
Extract:  62%|######2   | 359/578 [00:54<00:31,  6.86it/s]
Extract:  62%|######2   | 360/578 [00:55<00:35,  6.19it/s]
Extract:  63%|######2   | 362/578 [00:55<00:37,  5.82it/s]
Extract:  63%|######2   | 364/578 [00:55<00:29,  7.19it/s]
Extract:  63%|######3   | 365/578 [00:55<00:31,  6.82it/s]
Extract:  63%|######3   | 366/578 [00:56<00:32,  6.62it/s]
Extract:  63%|######3   | 367/578 [00:56<00:44,  4.72it/s]
Extract:  64%|######3   | 368/578 [00:56<00:43,  4.85it/s]
Extract:  64%|######3   | 369/578 [00:57<00:55,  3.78it/s]
Extract:  65%|######4   | 373/578 [00:57<00:36,  5.68it/s]
Extract:  65%|######4   | 374/578 [00:57<00:33,  6.13it/s]
Extract:  65%|######5   | 376/578 [00:57<00:31,  6.48it/s]
Extract:  65%|######5   | 377/578 [00:58<00:32,  6.12it/s]
Extract:  66%|######5   | 379/578 [00:58<00:28,  7.08it/s]
Extract:  66%|######5   | 380/578 [00:58<00:31,  6.34it/s]
Extract:  66%|######6   | 382/578 [00:58<00:35,  5.48it/s]
Extract:  66%|######6   | 383/578 [00:59<00:32,  6.03it/s]
Extract:  66%|######6   | 384/578 [00:59<00:35,  5.51it/s]
Extract:  67%|######6   | 386/578 [00:59<00:27,  6.88it/s]
Extract:  67%|######6   | 387/578 [00:59<00:27,  7.06it/s]
Extract:  67%|######7   | 390/578 [00:59<00:17, 10.70it/s]
Extract:  68%|######7   | 392/578 [01:00<00:26,  7.14it/s]
Extract:  68%|######7   | 393/578 [01:00<00:28,  6.55it/s]
Extract:  68%|######8   | 394/578 [01:00<00:27,  6.66it/s]
Extract:  68%|######8   | 395/578 [01:00<00:27,  6.73it/s]
Extract:  69%|######8   | 397/578 [01:00<00:22,  7.96it/s]
Extract:  69%|######9   | 399/578 [01:01<00:18,  9.52it/s]
Extract:  69%|######9   | 401/578 [01:01<00:17,  9.92it/s]
Extract:  70%|######9   | 403/578 [01:01<00:16, 10.72it/s]
Extract:  70%|#######   | 405/578 [01:01<00:15, 11.08it/s]
Extract:  70%|#######   | 407/578 [01:01<00:20,  8.24it/s]
Extract:  71%|#######   | 408/578 [01:02<00:28,  6.03it/s]
Extract:  71%|#######   | 410/578 [01:02<00:24,  6.92it/s]
Extract:  71%|#######1  | 412/578 [01:02<00:19,  8.69it/s]
Extract:  72%|#######1  | 414/578 [01:02<00:19,  8.44it/s]
Extract:  72%|#######1  | 416/578 [01:03<00:18,  8.83it/s]
Extract:  72%|#######2  | 418/578 [01:03<00:16,  9.84it/s]
Extract:  73%|#######2  | 420/578 [01:03<00:17,  8.89it/s]
Extract:  73%|#######2  | 421/578 [01:03<00:27,  5.81it/s]
Extract:  73%|#######3  | 424/578 [01:04<00:19,  8.02it/s]
Extract:  74%|#######3  | 426/578 [01:04<00:23,  6.38it/s]
Extract:  74%|#######3  | 427/578 [01:05<00:31,  4.82it/s]
Extract:  74%|#######4  | 428/578 [01:05<00:34,  4.37it/s]
Extract:  74%|#######4  | 429/578 [01:05<00:40,  3.70it/s]
Extract:  75%|#######4  | 431/578 [01:05<00:27,  5.36it/s]
Extract:  75%|#######4  | 433/578 [01:05<00:20,  6.93it/s]
Extract:  75%|#######5  | 435/578 [01:06<00:23,  6.05it/s]
Extract:  76%|#######5  | 437/578 [01:06<00:19,  7.27it/s]
Extract:  76%|#######5  | 438/578 [01:06<00:18,  7.41it/s]
Extract:  76%|#######5  | 439/578 [01:06<00:21,  6.58it/s]
Extract:  76%|#######6  | 441/578 [01:07<00:21,  6.25it/s]
Extract:  77%|#######6  | 443/578 [01:07<00:19,  6.90it/s]
Extract:  77%|#######6  | 445/578 [01:07<00:21,  6.19it/s]
Extract:  78%|#######7  | 448/578 [01:08<00:14,  9.01it/s]
Extract:  78%|#######7  | 450/578 [01:08<00:16,  7.79it/s]
Extract:  78%|#######8  | 452/578 [01:08<00:18,  6.69it/s]
Extract:  79%|#######8  | 454/578 [01:08<00:15,  8.04it/s]
Extract:  79%|#######8  | 456/578 [01:09<00:13,  8.83it/s]
Extract:  79%|#######9  | 458/578 [01:09<00:15,  7.73it/s]
Extract:  80%|#######9  | 461/578 [01:09<00:11,  9.93it/s]
Extract:  80%|########  | 463/578 [01:09<00:12,  8.86it/s]
Extract:  81%|########  | 466/578 [01:10<00:11,  9.70it/s]
Extract:  81%|########  | 468/578 [01:10<00:16,  6.57it/s]
Extract:  81%|########1 | 470/578 [01:10<00:15,  6.98it/s]
Extract:  81%|########1 | 471/578 [01:11<00:17,  6.12it/s]
Extract:  82%|########1 | 472/578 [01:11<00:21,  4.94it/s]
Extract:  82%|########1 | 473/578 [01:11<00:19,  5.34it/s]
Extract:  82%|########2 | 474/578 [01:11<00:19,  5.33it/s]
Extract:  82%|########2 | 476/578 [01:12<00:22,  4.49it/s]
Extract:  83%|########2 | 477/578 [01:12<00:19,  5.08it/s]
Extract:  83%|########2 | 479/578 [01:12<00:16,  5.93it/s]
Extract:  83%|########3 | 481/578 [01:12<00:13,  7.03it/s]
Extract:  84%|########3 | 483/578 [01:13<00:10,  8.86it/s]
Extract:  84%|########3 | 485/578 [01:13<00:09,  9.86it/s]
Extract:  84%|########4 | 487/578 [01:13<00:09,  9.37it/s]
Extract:  85%|########4 | 489/578 [01:13<00:12,  7.07it/s]
Extract:  85%|########4 | 490/578 [01:14<00:13,  6.76it/s]
Extract:  85%|########4 | 491/578 [01:14<00:12,  6.91it/s]
Extract:  85%|########5 | 492/578 [01:14<00:12,  6.65it/s]
Extract:  85%|########5 | 493/578 [01:14<00:12,  6.68it/s]
Extract:  85%|########5 | 494/578 [01:14<00:12,  6.72it/s]
Extract:  86%|########5 | 497/578 [01:14<00:07, 10.41it/s]
Extract:  86%|########6 | 499/578 [01:15<00:09,  8.13it/s]
Extract:  87%|########6 | 502/578 [01:15<00:06, 11.32it/s]
Extract:  87%|########7 | 504/578 [01:15<00:07,  9.79it/s]
Extract:  88%|########7 | 506/578 [01:16<00:10,  6.87it/s]
Extract:  88%|########7 | 508/578 [01:16<00:09,  7.28it/s]
Extract:  88%|########8 | 510/578 [01:16<00:08,  8.11it/s]
Extract:  89%|########8 | 512/578 [01:16<00:07,  8.46it/s]
Extract:  89%|########8 | 514/578 [01:16<00:06, 10.21it/s]
Extract:  89%|########9 | 516/578 [01:17<00:09,  6.64it/s]
Extract:  90%|########9 | 518/578 [01:17<00:08,  6.76it/s]
Extract:  90%|########9 | 519/578 [01:17<00:09,  6.42it/s]
Extract:  90%|########9 | 520/578 [01:17<00:08,  6.75it/s]
Extract:  90%|######### | 522/578 [01:18<00:06,  8.66it/s]
Extract:  91%|######### | 524/578 [01:18<00:08,  6.75it/s]
Extract:  91%|#########1| 526/578 [01:18<00:09,  5.64it/s]
Extract:  91%|#########1| 528/578 [01:19<00:06,  7.28it/s]
Extract:  92%|#########1| 530/578 [01:19<00:06,  7.99it/s]
Extract:  92%|#########2| 532/578 [01:19<00:05,  9.09it/s]
Extract:  92%|#########2| 534/578 [01:19<00:05,  8.79it/s]
Extract:  93%|#########2| 537/578 [01:19<00:04,  9.95it/s]
Extract:  93%|#########3| 539/578 [01:20<00:04,  8.96it/s]
Extract:  93%|#########3| 540/578 [01:20<00:05,  6.88it/s]
Extract:  94%|#########3| 541/578 [01:20<00:05,  6.74it/s]
Extract:  94%|#########3| 543/578 [01:20<00:04,  7.89it/s]
Extract:  94%|#########4| 546/578 [01:21<00:04,  7.45it/s]
Extract:  95%|#########4| 547/578 [01:21<00:05,  5.94it/s]
Extract:  95%|#########5| 551/578 [01:21<00:02,  9.85it/s]
Extract:  96%|#########5| 553/578 [01:22<00:03,  7.94it/s]
Extract:  96%|#########6| 555/578 [01:22<00:04,  4.94it/s]
Extract:  96%|#########6| 556/578 [01:23<00:04,  5.18it/s]
Extract:  96%|#########6| 557/578 [01:23<00:03,  5.27it/s]
Extract:  97%|#########6| 560/578 [01:23<00:03,  5.97it/s]
Extract:  97%|#########7| 561/578 [01:23<00:02,  6.02it/s]
Extract:  98%|#########7| 564/578 [01:24<00:02,  5.69it/s]
Extract:  98%|#########7| 565/578 [01:24<00:02,  4.79it/s]
Extract:  98%|#########7| 566/578 [01:24<00:02,  5.27it/s]
Extract:  98%|#########8| 567/578 [01:25<00:02,  5.36it/s]
Extract:  98%|#########8| 568/578 [01:25<00:02,  4.10it/s]
Extract:  99%|#########8| 570/578 [01:25<00:01,  5.96it/s]
Extract:  99%|#########8| 572/578 [01:25<00:00,  7.61it/s]
Extract:  99%|#########9| 574/578 [01:25<00:00,  9.54it/s]
Extract: 100%|#########9| 576/578 [01:26<00:00,  5.72it/s]
Extract: 100%|##########| 578/578 [01:26<00:00,  6.68it/s]

Extract:   0%|          | 0/578 [00:00<?, ?it/s]
Extract:   0%|          | 2/578 [00:00<00:34, 16.71it/s]
Extract:   1%|          | 4/578 [00:00<01:00,  9.49it/s]
Extract:   1%|1         | 6/578 [00:00<01:08,  8.34it/s]
Extract:   1%|1         | 7/578 [00:00<01:18,  7.31it/s]
Extract:   1%|1         | 8/578 [00:01<01:40,  5.65it/s]
Extract:   2%|1         | 9/578 [00:01<01:55,  4.91it/s]
Extract:   2%|1         | 10/578 [00:01<01:52,  5.06it/s]
Extract:   2%|1         | 11/578 [00:01<01:55,  4.92it/s]
Extract:   2%|2         | 12/578 [00:02<02:11,  4.31it/s]
Extract:   2%|2         | 13/578 [00:02<01:50,  5.10it/s]
Extract:   2%|2         | 14/578 [00:02<02:12,  4.25it/s]
Extract:   3%|2         | 15/578 [00:02<02:27,  3.82it/s]
Extract:   3%|2         | 16/578 [00:03<02:11,  4.27it/s]
Extract:   3%|3         | 19/578 [00:03<01:13,  7.57it/s]
Extract:   4%|3         | 21/578 [00:03<01:39,  5.62it/s]
Extract:   4%|3         | 22/578 [00:03<01:38,  5.65it/s]
Extract:   4%|3         | 23/578 [00:04<01:48,  5.10it/s]
Extract:   4%|4         | 24/578 [00:04<01:39,  5.58it/s]
Extract:   4%|4         | 26/578 [00:04<01:11,  7.67it/s]
Extract:   5%|4         | 27/578 [00:04<01:41,  5.42it/s]
Extract:   5%|5         | 29/578 [00:05<01:29,  6.15it/s]
Extract:   5%|5         | 30/578 [00:05<01:28,  6.21it/s]
Extract:   5%|5         | 31/578 [00:05<01:32,  5.89it/s]
Extract:   6%|5         | 34/578 [00:05<00:58,  9.28it/s]
Extract:   6%|6         | 36/578 [00:05<00:56,  9.67it/s]
Extract:   7%|6         | 38/578 [00:06<01:07,  8.02it/s]
Extract:   7%|6         | 40/578 [00:06<00:57,  9.34it/s]
Extract:   7%|7         | 42/578 [00:06<01:18,  6.85it/s]
Extract:   7%|7         | 43/578 [00:07<01:45,  5.06it/s]
Extract:   8%|7         | 46/578 [00:07<01:09,  7.69it/s]
Extract:   8%|8         | 48/578 [00:07<01:02,  8.51it/s]
Extract:   9%|8         | 50/578 [00:07<01:14,  7.13it/s]
Extract:   9%|8         | 51/578 [00:08<01:32,  5.69it/s]
Extract:   9%|8         | 52/578 [00:08<01:42,  5.12it/s]
Extract:   9%|9         | 54/578 [00:08<01:27,  5.98it/s]
Extract:  10%|9         | 55/578 [00:08<01:40,  5.20it/s]
Extract:  10%|9         | 57/578 [00:09<01:17,  6.70it/s]
Extract:  10%|#         | 58/578 [00:09<01:25,  6.05it/s]
Extract:  10%|#         | 59/578 [00:09<01:32,  5.61it/s]
Extract:  10%|#         | 60/578 [00:09<01:43,  4.99it/s]
Extract:  11%|#         | 61/578 [00:10<02:01,  4.27it/s]
Extract:  11%|#         | 63/578 [00:10<01:26,  5.96it/s]
Extract:  11%|#1        | 64/578 [00:10<01:41,  5.05it/s]
Extract:  11%|#1        | 65/578 [00:10<02:07,  4.02it/s]
Extract:  12%|#1        | 67/578 [00:11<02:05,  4.08it/s]
Extract:  12%|#1        | 69/578 [00:11<01:38,  5.15it/s]
Extract:  12%|#2        | 71/578 [00:11<01:27,  5.79it/s]
Extract:  12%|#2        | 72/578 [00:12<01:20,  6.30it/s]
Extract:  13%|#2        | 73/578 [00:12<01:55,  4.37it/s]
Extract:  13%|#2        | 75/578 [00:12<01:21,  6.15it/s]
Extract:  13%|#3        | 76/578 [00:12<01:19,  6.35it/s]
Extract:  13%|#3        | 77/578 [00:13<01:57,  4.27it/s]
Extract:  14%|#3        | 80/578 [00:13<01:12,  6.86it/s]
Extract:  14%|#4        | 82/578 [00:13<00:59,  8.28it/s]
Extract:  15%|#4        | 84/578 [00:14<01:23,  5.94it/s]
Extract:  15%|#4        | 86/578 [00:14<01:12,  6.77it/s]
Extract:  15%|#5        | 89/578 [00:14<01:26,  5.64it/s]
Extract:  16%|#5        | 90/578 [00:15<01:24,  5.76it/s]
Extract:  16%|#5        | 91/578 [00:15<01:47,  4.55it/s]
Extract:  16%|#5        | 92/578 [00:15<02:03,  3.94it/s]
Extract:  16%|#6        | 94/578 [00:16<01:38,  4.91it/s]
Extract:  17%|#6        | 96/578 [00:16<01:52,  4.30it/s]
Extract:  17%|#6        | 97/578 [00:16<01:39,  4.82it/s]
Extract:  17%|#6        | 98/578 [00:17<01:37,  4.94it/s]
Extract:  17%|#7        | 100/578 [00:17<01:24,  5.63it/s]
Extract:  18%|#7        | 102/578 [00:17<01:03,  7.46it/s]
Extract:  18%|#7        | 104/578 [00:17<00:52,  9.01it/s]
Extract:  18%|#8        | 106/578 [00:17<00:54,  8.64it/s]
Extract:  19%|#8        | 108/578 [00:18<01:19,  5.90it/s]
Extract:  19%|#9        | 110/578 [00:18<01:09,  6.77it/s]
Extract:  19%|#9        | 111/578 [00:18<01:06,  6.97it/s]
Extract:  20%|#9        | 113/578 [00:18<01:02,  7.41it/s]
Extract:  20%|#9        | 115/578 [00:19<00:55,  8.28it/s]
Extract:  20%|##        | 116/578 [00:19<01:03,  7.28it/s]
Extract:  20%|##        | 117/578 [00:19<01:20,  5.75it/s]
Extract:  21%|##        | 120/578 [00:20<01:17,  5.90it/s]
Extract:  21%|##        | 121/578 [00:20<01:45,  4.34it/s]
Extract:  21%|##1       | 123/578 [00:20<01:17,  5.89it/s]
Extract:  22%|##1       | 125/578 [00:21<01:30,  5.01it/s]
Extract:  22%|##1       | 126/578 [00:21<01:29,  5.08it/s]
Extract:  22%|##2       | 128/578 [00:21<01:14,  6.08it/s]
Extract:  22%|##2       | 130/578 [00:21<01:12,  6.19it/s]
Extract:  23%|##2       | 131/578 [00:22<01:26,  5.15it/s]
Extract:  23%|##2       | 132/578 [00:22<01:18,  5.71it/s]
Extract:  23%|##3       | 133/578 [00:22<01:19,  5.59it/s]
Extract:  23%|##3       | 134/578 [00:22<01:14,  5.98it/s]
Extract:  23%|##3       | 135/578 [00:22<01:10,  6.24it/s]
Extract:  24%|##3       | 136/578 [00:23<01:07,  6.52it/s]
Extract:  24%|##3       | 137/578 [00:23<02:07,  3.45it/s]
Extract:  24%|##3       | 138/578 [00:24<02:17,  3.20it/s]
Extract:  24%|##4       | 139/578 [00:24<02:02,  3.57it/s]
Extract:  24%|##4       | 141/578 [00:24<01:16,  5.69it/s]
Extract:  25%|##5       | 145/578 [00:24<00:39, 10.83it/s]
Extract:  25%|##5       | 147/578 [00:24<00:56,  7.65it/s]
Extract:  26%|##5       | 149/578 [00:25<01:17,  5.53it/s]
Extract:  26%|##6       | 151/578 [00:25<01:04,  6.58it/s]
Extract:  26%|##6       | 153/578 [00:26<01:29,  4.74it/s]
Extract:  27%|##6       | 155/578 [00:26<01:27,  4.81it/s]
Extract:  27%|##7       | 157/578 [00:26<01:07,  6.20it/s]
Extract:  28%|##7       | 159/578 [00:26<00:54,  7.64it/s]
Extract:  28%|##7       | 161/578 [00:27<00:50,  8.29it/s]
Extract:  28%|##8       | 163/578 [00:27<01:03,  6.52it/s]
Extract:  29%|##8       | 165/578 [00:27<00:55,  7.49it/s]
Extract:  29%|##8       | 167/578 [00:28<01:13,  5.60it/s]
Extract:  29%|##9       | 168/578 [00:28<01:16,  5.34it/s]
Extract:  29%|##9       | 169/578 [00:28<01:09,  5.89it/s]
Extract:  29%|##9       | 170/578 [00:28<01:03,  6.39it/s]
Extract:  30%|##9       | 172/578 [00:29<01:00,  6.75it/s]
Extract:  30%|##9       | 173/578 [00:29<01:27,  4.64it/s]
Extract:  30%|###       | 174/578 [00:29<01:19,  5.06it/s]
Extract:  30%|###       | 176/578 [00:29<00:58,  6.92it/s]
Extract:  31%|###       | 177/578 [00:30<01:16,  5.23it/s]
Extract:  31%|###       | 178/578 [00:30<01:12,  5.54it/s]
Extract:  31%|###       | 179/578 [00:30<01:08,  5.84it/s]
Extract:  31%|###1      | 180/578 [00:30<01:22,  4.82it/s]
Extract:  31%|###1      | 181/578 [00:31<01:36,  4.13it/s]
Extract:  31%|###1      | 182/578 [00:31<01:42,  3.87it/s]
Extract:  32%|###1      | 184/578 [00:31<01:16,  5.17it/s]
Extract:  32%|###2      | 185/578 [00:32<01:34,  4.14it/s]
Extract:  32%|###2      | 186/578 [00:32<01:23,  4.71it/s]
Extract:  33%|###2      | 188/578 [00:32<01:00,  6.42it/s]
Extract:  33%|###2      | 189/578 [00:32<01:26,  4.48it/s]
Extract:  33%|###3      | 191/578 [00:33<01:21,  4.77it/s]
Extract:  33%|###3      | 193/578 [00:33<01:01,  6.26it/s]
Extract:  34%|###3      | 195/578 [00:33<00:47,  8.00it/s]
Extract:  34%|###4      | 197/578 [00:34<01:10,  5.41it/s]
Extract:  34%|###4      | 198/578 [00:34<01:07,  5.62it/s]
Extract:  35%|###4      | 201/578 [00:34<01:03,  5.91it/s]
Extract:  35%|###4      | 202/578 [00:34<01:05,  5.70it/s]
Extract:  35%|###5      | 203/578 [00:35<01:18,  4.77it/s]
Extract:  36%|###5      | 206/578 [00:35<00:52,  7.03it/s]
Extract:  36%|###5      | 207/578 [00:35<00:54,  6.77it/s]
Extract:  36%|###6      | 209/578 [00:35<00:43,  8.39it/s]
Extract:  37%|###6      | 211/578 [00:35<00:39,  9.31it/s]
Extract:  37%|###6      | 213/578 [00:36<00:54,  6.65it/s]
Extract:  37%|###7      | 215/578 [00:36<01:06,  5.45it/s]
Extract:  38%|###7      | 217/578 [00:37<00:57,  6.26it/s]
Extract:  38%|###8      | 220/578 [00:37<00:41,  8.66it/s]
Extract:  38%|###8      | 222/578 [00:37<00:34, 10.22it/s]
Extract:  39%|###8      | 224/578 [00:37<00:34, 10.20it/s]
Extract:  39%|###9      | 226/578 [00:38<00:50,  7.03it/s]
Extract:  39%|###9      | 228/578 [00:38<00:44,  7.88it/s]
Extract:  40%|###9      | 230/578 [00:38<00:57,  6.00it/s]
Extract:  40%|###9      | 231/578 [00:38<01:02,  5.53it/s]
Extract:  40%|####      | 232/578 [00:39<01:01,  5.63it/s]
Extract:  40%|####      | 234/578 [00:39<00:49,  6.91it/s]
Extract:  41%|####      | 236/578 [00:39<01:11,  4.80it/s]
Extract:  41%|####1     | 237/578 [00:40<01:18,  4.37it/s]
Extract:  41%|####1     | 239/578 [00:40<00:57,  5.92it/s]
Extract:  42%|####1     | 240/578 [00:40<00:56,  6.02it/s]
Extract:  42%|####2     | 243/578 [00:40<00:36,  9.07it/s]
Extract:  42%|####2     | 245/578 [00:41<00:46,  7.20it/s]
Extract:  43%|####2     | 247/578 [00:41<00:46,  7.05it/s]
Extract:  43%|####2     | 248/578 [00:41<00:50,  6.50it/s]
Extract:  43%|####3     | 249/578 [00:41<00:48,  6.85it/s]
Extract:  43%|####3     | 250/578 [00:41<00:44,  7.29it/s]
Extract:  43%|####3     | 251/578 [00:41<00:43,  7.48it/s]
Extract:  44%|####4     | 255/578 [00:42<00:31, 10.09it/s]
Extract:  44%|####4     | 256/578 [00:42<00:44,  7.29it/s]
Extract:  45%|####4     | 258/578 [00:42<00:37,  8.59it/s]
Extract:  45%|####4     | 260/578 [00:42<00:39,  8.14it/s]
Extract:  45%|####5     | 262/578 [00:43<00:40,  7.77it/s]
Extract:  46%|####5     | 263/578 [00:43<00:59,  5.28it/s]
Extract:  46%|####5     | 265/578 [00:43<00:52,  5.95it/s]
Extract:  46%|####6     | 266/578 [00:44<00:50,  6.23it/s]
Extract:  46%|####6     | 267/578 [00:44<01:03,  4.89it/s]
Extract:  47%|####6     | 269/578 [00:44<00:57,  5.36it/s]
Extract:  47%|####7     | 273/578 [00:45<00:48,  6.30it/s]
Extract:  47%|####7     | 274/578 [00:45<01:11,  4.26it/s]
Extract:  48%|####7     | 275/578 [00:46<01:12,  4.20it/s]
Extract:  48%|####7     | 276/578 [00:46<01:05,  4.64it/s]
Extract:  48%|####8     | 280/578 [00:46<00:42,  7.03it/s]
Extract:  49%|####8     | 282/578 [00:46<00:35,  8.22it/s]
Extract:  49%|####8     | 283/578 [00:47<00:40,  7.32it/s]
Extract:  49%|####9     | 285/578 [00:47<00:37,  7.75it/s]
Extract:  49%|####9     | 286/578 [00:47<00:41,  6.99it/s]
Extract:  50%|####9     | 288/578 [00:47<00:37,  7.78it/s]
Extract:  50%|#####     | 289/578 [00:47<00:41,  7.04it/s]
Extract:  50%|#####     | 290/578 [00:48<00:51,  5.62it/s]
Extract:  50%|#####     | 291/578 [00:48<00:58,  4.88it/s]
Extract:  51%|#####     | 294/578 [00:48<00:38,  7.30it/s]
Extract:  51%|#####1    | 295/578 [00:48<00:48,  5.83it/s]
Extract:  51%|#####1    | 296/578 [00:49<00:45,  6.23it/s]
Extract:  51%|#####1    | 297/578 [00:49<01:01,  4.57it/s]
Extract:  52%|#####1    | 299/578 [00:49<00:43,  6.42it/s]
Extract:  52%|#####1    | 300/578 [00:49<00:39,  6.96it/s]
Extract:  52%|#####2    | 301/578 [00:50<00:52,  5.24it/s]
Extract:  52%|#####2    | 303/578 [00:50<00:39,  6.96it/s]
Extract:  53%|#####2    | 304/578 [00:50<01:10,  3.86it/s]
Extract:  53%|#####2    | 305/578 [00:51<01:04,  4.21it/s]
Extract:  53%|#####3    | 307/578 [00:51<01:01,  4.41it/s]
Extract:  53%|#####3    | 308/578 [00:51<01:03,  4.25it/s]
Extract:  53%|#####3    | 309/578 [00:52<01:31,  2.94it/s]
Extract:  54%|#####3    | 310/578 [00:52<01:17,  3.48it/s]
Extract:  54%|#####3    | 311/578 [00:52<01:29,  3.00it/s]
Extract:  54%|#####3    | 312/578 [00:53<01:38,  2.70it/s]
Extract:  54%|#####4    | 314/578 [00:53<01:17,  3.42it/s]
Extract:  55%|#####4    | 316/578 [00:54<00:59,  4.42it/s]
Extract:  55%|#####5    | 318/578 [00:54<00:58,  4.42it/s]
Extract:  55%|#####5    | 319/578 [00:54<00:55,  4.69it/s]
Extract:  55%|#####5    | 320/578 [00:55<01:14,  3.45it/s]
Extract:  56%|#####5    | 322/578 [00:55<00:57,  4.44it/s]
Extract:  56%|#####6    | 325/578 [00:55<00:39,  6.48it/s]
Extract:  56%|#####6    | 326/578 [00:55<00:38,  6.50it/s]
Extract:  57%|#####6    | 327/578 [00:55<00:36,  6.89it/s]
Extract:  57%|#####6    | 328/578 [00:56<00:38,  6.51it/s]
Extract:  57%|#####7    | 330/578 [00:56<00:29,  8.31it/s]
Extract:  57%|#####7    | 331/578 [00:56<00:29,  8.36it/s]
Extract:  57%|#####7    | 332/578 [00:56<00:37,  6.54it/s]
Extract:  58%|#####7    | 335/578 [00:56<00:25,  9.57it/s]
Extract:  58%|#####8    | 337/578 [00:56<00:22, 10.55it/s]
Extract:  59%|#####8    | 339/578 [00:57<00:21, 10.95it/s]
Extract:  59%|#####8    | 341/578 [00:57<00:21, 10.78it/s]
Extract:  59%|#####9    | 343/578 [00:57<00:20, 11.36it/s]
Extract:  60%|#####9    | 345/578 [00:57<00:27,  8.52it/s]
Extract:  60%|######    | 347/578 [00:58<00:23,  9.90it/s]
Extract:  60%|######    | 349/578 [00:58<00:32,  7.07it/s]
Extract:  61%|######    | 350/578 [00:58<00:31,  7.15it/s]
Extract:  61%|######    | 351/578 [00:59<00:50,  4.48it/s]
Extract:  61%|######1   | 353/578 [00:59<00:43,  5.22it/s]
Extract:  61%|######1   | 355/578 [00:59<00:45,  4.95it/s]
Extract:  62%|######1   | 356/578 [01:00<00:54,  4.10it/s]
Extract:  62%|######1   | 357/578 [01:00<00:50,  4.35it/s]
Extract:  62%|######2   | 359/578 [01:00<00:38,  5.63it/s]
Extract:  62%|######2   | 360/578 [01:00<00:37,  5.80it/s]
Extract:  63%|######2   | 362/578 [01:01<00:38,  5.64it/s]
Extract:  63%|######2   | 364/578 [01:01<00:31,  6.84it/s]
Extract:  63%|######3   | 365/578 [01:01<00:31,  6.66it/s]
Extract:  63%|######3   | 366/578 [01:01<00:34,  6.23it/s]
Extract:  63%|######3   | 367/578 [01:02<00:41,  5.03it/s]
Extract:  64%|######3   | 368/578 [01:02<00:39,  5.27it/s]
Extract:  64%|######3   | 369/578 [01:02<00:49,  4.22it/s]
Extract:  65%|######4   | 373/578 [01:03<00:36,  5.58it/s]
Extract:  65%|######4   | 375/578 [01:03<00:29,  6.91it/s]
Extract:  65%|######5   | 376/578 [01:03<00:31,  6.43it/s]
Extract:  65%|######5   | 377/578 [01:03<00:35,  5.64it/s]
Extract:  66%|######5   | 379/578 [01:03<00:27,  7.15it/s]
Extract:  66%|######5   | 380/578 [01:04<00:28,  6.99it/s]
Extract:  66%|######5   | 381/578 [01:04<00:27,  7.18it/s]
Extract:  66%|######6   | 382/578 [01:04<00:38,  5.14it/s]
Extract:  66%|######6   | 384/578 [01:04<00:33,  5.71it/s]
Extract:  67%|######6   | 386/578 [01:04<00:26,  7.37it/s]
Extract:  67%|######6   | 387/578 [01:05<00:26,  7.28it/s]
Extract:  67%|######7   | 390/578 [01:05<00:17, 10.79it/s]
Extract:  68%|######7   | 392/578 [01:05<00:19,  9.39it/s]
Extract:  68%|######8   | 394/578 [01:05<00:23,  7.80it/s]
Extract:  68%|######8   | 395/578 [01:06<00:24,  7.44it/s]
Extract:  69%|######8   | 397/578 [01:06<00:21,  8.46it/s]
Extract:  69%|######9   | 399/578 [01:06<00:19,  9.22it/s]
Extract:  69%|######9   | 401/578 [01:06<00:15, 11.08it/s]
Extract:  70%|######9   | 403/578 [01:06<00:15, 11.31it/s]
Extract:  70%|#######   | 405/578 [01:06<00:14, 11.59it/s]
Extract:  70%|#######   | 407/578 [01:07<00:26,  6.36it/s]
Extract:  71%|#######   | 408/578 [01:07<00:36,  4.64it/s]
Extract:  71%|#######   | 410/578 [01:08<00:28,  5.79it/s]
Extract:  71%|#######1  | 412/578 [01:08<00:23,  7.12it/s]
Extract:  72%|#######1  | 414/578 [01:08<00:23,  7.07it/s]
Extract:  72%|#######1  | 416/578 [01:08<00:21,  7.55it/s]
Extract:  72%|#######2  | 418/578 [01:08<00:18,  8.60it/s]
Extract:  73%|#######2  | 420/578 [01:09<00:16,  9.30it/s]
Extract:  73%|#######3  | 422/578 [01:09<00:20,  7.79it/s]
Extract:  73%|#######3  | 424/578 [01:09<00:17,  8.78it/s]
Extract:  74%|#######3  | 426/578 [01:10<00:22,  6.65it/s]
Extract:  74%|#######3  | 427/578 [01:10<00:28,  5.37it/s]
Extract:  74%|#######4  | 428/578 [01:11<00:42,  3.55it/s]
Extract:  74%|#######4  | 429/578 [01:11<00:45,  3.29it/s]
Extract:  75%|#######4  | 431/578 [01:11<00:30,  4.78it/s]
Extract:  75%|#######4  | 432/578 [01:11<00:29,  5.03it/s]
Extract:  75%|#######5  | 434/578 [01:12<00:29,  4.80it/s]
Extract:  75%|#######5  | 435/578 [01:12<00:27,  5.13it/s]
Extract:  76%|#######5  | 437/578 [01:12<00:24,  5.86it/s]
Extract:  76%|#######5  | 438/578 [01:12<00:23,  5.98it/s]
Extract:  76%|#######5  | 439/578 [01:13<00:25,  5.38it/s]
Extract:  76%|#######6  | 441/578 [01:13<00:26,  5.23it/s]
Extract:  77%|#######6  | 443/578 [01:13<00:19,  6.83it/s]
Extract:  77%|#######6  | 445/578 [01:13<00:22,  6.03it/s]
Extract:  78%|#######7  | 448/578 [01:14<00:14,  8.99it/s]
Extract:  78%|#######7  | 450/578 [01:14<00:17,  7.25it/s]
Extract:  78%|#######8  | 452/578 [01:14<00:21,  5.96it/s]
Extract:  79%|#######8  | 454/578 [01:15<00:17,  7.24it/s]
Extract:  79%|#######8  | 456/578 [01:15<00:14,  8.25it/s]
Extract:  79%|#######9  | 458/578 [01:15<00:18,  6.41it/s]
Extract:  80%|#######9  | 461/578 [01:15<00:14,  8.17it/s]
Extract:  80%|########  | 463/578 [01:16<00:14,  7.77it/s]
Extract:  81%|########  | 466/578 [01:16<00:12,  9.05it/s]
Extract:  81%|########  | 468/578 [01:17<00:17,  6.33it/s]
Extract:  81%|########1 | 470/578 [01:17<00:15,  6.78it/s]
Extract:  81%|########1 | 471/578 [01:17<00:17,  6.19it/s]
Extract:  82%|########1 | 472/578 [01:17<00:17,  6.16it/s]
Extract:  82%|########2 | 474/578 [01:17<00:15,  6.57it/s]
Extract:  82%|########2 | 475/578 [01:18<00:14,  6.90it/s]
Extract:  82%|########2 | 476/578 [01:18<00:18,  5.63it/s]
Extract:  83%|########2 | 478/578 [01:18<00:13,  7.47it/s]
Extract:  83%|########2 | 479/578 [01:18<00:13,  7.31it/s]
Extract:  83%|########3 | 480/578 [01:18<00:12,  7.72it/s]
Extract:  83%|########3 | 481/578 [01:18<00:12,  7.98it/s]
Extract:  84%|########3 | 483/578 [01:18<00:08, 10.58it/s]
Extract:  84%|########3 | 485/578 [01:19<00:07, 12.60it/s]
Extract:  84%|########4 | 487/578 [01:19<00:08, 10.16it/s]
Extract:  85%|########4 | 489/578 [01:20<00:17,  5.02it/s]
Extract:  85%|########4 | 490/578 [01:20<00:16,  5.20it/s]
Extract:  85%|########4 | 491/578 [01:20<00:16,  5.12it/s]
Extract:  85%|########5 | 492/578 [01:20<00:18,  4.76it/s]
Extract:  85%|########5 | 493/578 [01:20<00:16,  5.08it/s]
Extract:  85%|########5 | 494/578 [01:21<00:15,  5.50it/s]
Extract:  86%|########5 | 497/578 [01:21<00:08,  9.26it/s]
Extract:  86%|########6 | 499/578 [01:21<00:12,  6.36it/s]
Extract:  87%|########6 | 501/578 [01:21<00:09,  7.99it/s]
Extract:  87%|########7 | 504/578 [01:22<00:08,  8.45it/s]
Extract:  88%|########7 | 506/578 [01:22<00:10,  6.90it/s]
Extract:  88%|########7 | 507/578 [01:22<00:09,  7.24it/s]
Extract:  88%|########7 | 508/578 [01:22<00:09,  7.15it/s]
Extract:  88%|########8 | 510/578 [01:23<00:08,  7.82it/s]
Extract:  89%|########8 | 512/578 [01:23<00:08,  7.84it/s]
Extract:  89%|########9 | 515/578 [01:23<00:07,  8.49it/s]
Extract:  89%|########9 | 516/578 [01:24<00:10,  5.93it/s]
Extract:  89%|########9 | 517/578 [01:24<00:10,  5.61it/s]
Extract:  90%|########9 | 519/578 [01:24<00:10,  5.90it/s]
Extract:  90%|########9 | 520/578 [01:24<00:09,  6.32it/s]
Extract:  90%|######### | 522/578 [01:24<00:06,  8.08it/s]
Extract:  90%|######### | 523/578 [01:24<00:07,  7.72it/s]
Extract:  91%|######### | 524/578 [01:25<00:06,  7.84it/s]
Extract:  91%|#########1| 526/578 [01:25<00:12,  4.09it/s]
Extract:  92%|#########1| 529/578 [01:26<00:08,  6.07it/s]
Extract:  92%|#########1| 531/578 [01:26<00:06,  7.33it/s]
Extract:  92%|#########2| 533/578 [01:26<00:05,  7.84it/s]
Extract:  93%|#########2| 535/578 [01:26<00:05,  7.93it/s]
Extract:  93%|#########2| 537/578 [01:26<00:04,  8.38it/s]
Extract:  93%|#########3| 538/578 [01:27<00:05,  7.94it/s]
Extract:  93%|#########3| 540/578 [01:27<00:04,  7.76it/s]
Extract:  94%|#########3| 541/578 [01:27<00:05,  7.33it/s]
Extract:  94%|#########3| 543/578 [01:27<00:04,  8.71it/s]
Extract:  94%|#########4| 546/578 [01:28<00:04,  6.79it/s]
Extract:  95%|#########4| 547/578 [01:28<00:05,  5.29it/s]
Extract:  95%|#########5| 550/578 [01:28<00:03,  8.07it/s]
Extract:  96%|#########5| 553/578 [01:29<00:03,  7.65it/s]
Extract:  96%|#########6| 555/578 [01:30<00:06,  3.68it/s]
Extract:  96%|#########6| 556/578 [01:30<00:05,  3.92it/s]
Extract:  96%|#########6| 557/578 [01:30<00:05,  4.03it/s]
Extract:  97%|#########6| 559/578 [01:31<00:03,  5.55it/s]
Extract:  97%|#########7| 561/578 [01:31<00:03,  4.70it/s]
Extract:  98%|#########7| 564/578 [01:32<00:02,  5.27it/s]
Extract:  98%|#########7| 565/578 [01:32<00:03,  4.25it/s]
Extract:  98%|#########7| 566/578 [01:32<00:02,  4.75it/s]
Extract:  98%|#########8| 567/578 [01:32<00:02,  5.22it/s]
Extract:  98%|#########8| 568/578 [01:33<00:02,  4.29it/s]
Extract:  99%|#########8| 570/578 [01:33<00:01,  6.21it/s]
Extract:  99%|#########8| 572/578 [01:33<00:00,  7.32it/s]
Extract:  99%|#########9| 574/578 [01:33<00:00,  8.58it/s]
Extract: 100%|#########9| 576/578 [01:34<00:00,  4.84it/s]
Extract: 100%|##########| 578/578 [01:34<00:00,  6.12it/s]

Extract:   0%|          | 0/578 [00:00<?, ?it/s]
Extract:   0%|          | 2/578 [00:00<00:40, 14.28it/s]
Extract:   1%|          | 4/578 [00:00<00:59,  9.57it/s]
Extract:   1%|1         | 6/578 [00:00<00:59,  9.62it/s]
Extract:   1%|1         | 8/578 [00:01<01:43,  5.52it/s]
Extract:   2%|1         | 9/578 [00:01<01:56,  4.87it/s]
Extract:   2%|1         | 10/578 [00:01<02:03,  4.58it/s]
Extract:   2%|1         | 11/578 [00:01<01:59,  4.75it/s]
Extract:   2%|2         | 12/578 [00:02<02:26,  3.87it/s]
Extract:   2%|2         | 13/578 [00:02<02:01,  4.64it/s]
Extract:   2%|2         | 14/578 [00:02<02:17,  4.10it/s]
Extract:   3%|2         | 15/578 [00:03<02:50,  3.31it/s]
Extract:   3%|2         | 16/578 [00:03<02:21,  3.96it/s]
Extract:   3%|3         | 19/578 [00:03<01:17,  7.20it/s]
Extract:   4%|3         | 21/578 [00:04<01:53,  4.89it/s]
Extract:   4%|3         | 22/578 [00:04<01:52,  4.92it/s]
Extract:   4%|3         | 23/578 [00:04<01:59,  4.65it/s]
Extract:   4%|4         | 24/578 [00:04<01:53,  4.88it/s]
Extract:   4%|4         | 26/578 [00:04<01:19,  6.91it/s]
Extract:   5%|4         | 27/578 [00:05<01:45,  5.20it/s]
Extract:   5%|5         | 29/578 [00:05<01:21,  6.78it/s]
Extract:   5%|5         | 30/578 [00:05<01:20,  6.78it/s]
Extract:   5%|5         | 31/578 [00:05<01:22,  6.60it/s]
Extract:   6%|5         | 33/578 [00:05<01:01,  8.85it/s]
Extract:   6%|6         | 35/578 [00:05<00:51, 10.58it/s]
Extract:   6%|6         | 37/578 [00:06<00:53, 10.02it/s]
Extract:   7%|6         | 39/578 [00:06<00:52, 10.19it/s]
Extract:   7%|7         | 41/578 [00:06<01:03,  8.46it/s]
Extract:   7%|7         | 42/578 [00:07<01:28,  6.06it/s]
Extract:   7%|7         | 43/578 [00:07<01:49,  4.90it/s]
Extract:   8%|7         | 45/578 [00:07<01:19,  6.71it/s]
Extract:   8%|8         | 47/578 [00:07<01:18,  6.75it/s]
Extract:   8%|8         | 49/578 [00:07<01:02,  8.52it/s]
Extract:   9%|8         | 51/578 [00:08<01:57,  4.50it/s]
Extract:   9%|8         | 52/578 [00:09<02:05,  4.20it/s]
Extract:   9%|9         | 54/578 [00:09<01:50,  4.72it/s]
Extract:  10%|9         | 55/578 [00:09<01:56,  4.50it/s]
Extract:  10%|9         | 56/578 [00:09<01:43,  5.03it/s]
Extract:  10%|#         | 58/578 [00:10<01:37,  5.35it/s]
Extract:  10%|#         | 59/578 [00:10<01:45,  4.92it/s]
Extract:  10%|#         | 60/578 [00:10<02:21,  3.65it/s]
Extract:  11%|#         | 61/578 [00:11<02:29,  3.45it/s]
Extract:  11%|#         | 63/578 [00:11<01:41,  5.10it/s]
Extract:  11%|#1        | 64/578 [00:11<01:47,  4.80it/s]
Extract:  11%|#1        | 65/578 [00:11<01:54,  4.48it/s]
Extract:  12%|#1        | 67/578 [00:12<01:50,  4.61it/s]
Extract:  12%|#1        | 69/578 [00:12<01:28,  5.76it/s]
Extract:  12%|#2        | 70/578 [00:12<01:26,  5.86it/s]
Extract:  12%|#2        | 71/578 [00:12<01:18,  6.46it/s]
Extract:  12%|#2        | 72/578 [00:12<01:16,  6.62it/s]
Extract:  13%|#2        | 73/578 [00:13<01:51,  4.53it/s]
Extract:  13%|#2        | 75/578 [00:13<01:17,  6.53it/s]
Extract:  13%|#3        | 76/578 [00:13<01:15,  6.62it/s]
Extract:  13%|#3        | 77/578 [00:13<01:41,  4.93it/s]
Extract:  14%|#3        | 80/578 [00:14<01:05,  7.56it/s]
Extract:  14%|#4        | 81/578 [00:14<01:03,  7.86it/s]
Extract:  14%|#4        | 83/578 [00:14<01:02,  7.91it/s]
Extract:  15%|#4        | 84/578 [00:15<01:51,  4.44it/s]
Extract:  15%|#4        | 86/578 [00:15<01:26,  5.68it/s]
Extract:  15%|#5        | 88/578 [00:15<01:06,  7.32it/s]
Extract:  16%|#5        | 90/578 [00:15<01:29,  5.48it/s]
Extract:  16%|#5        | 91/578 [00:16<02:04,  3.90it/s]
Extract:  16%|#5        | 92/578 [00:17<02:41,  3.00it/s]
Extract:  16%|#6        | 93/578 [00:17<02:15,  3.57it/s]
Extract:  16%|#6        | 94/578 [00:17<02:02,  3.97it/s]
Extract:  17%|#6        | 96/578 [00:17<01:49,  4.39it/s]
Extract:  17%|#6        | 97/578 [00:17<01:35,  5.02it/s]
Extract:  17%|#6        | 98/578 [00:18<01:32,  5.20it/s]
Extract:  17%|#7        | 100/578 [00:18<01:19,  6.01it/s]
Extract:  18%|#7        | 102/578 [00:18<00:59,  7.96it/s]
Extract:  18%|#8        | 105/578 [00:18<00:51,  9.24it/s]
Extract:  19%|#8        | 107/578 [00:19<01:04,  7.30it/s]
Extract:  19%|#8        | 108/578 [00:19<01:22,  5.70it/s]
Extract:  19%|#9        | 110/578 [00:19<01:09,  6.73it/s]
Extract:  19%|#9        | 111/578 [00:19<01:07,  6.91it/s]
Extract:  20%|#9        | 114/578 [00:19<00:49,  9.35it/s]
Extract:  20%|##        | 116/578 [00:20<00:54,  8.48it/s]
Extract:  20%|##        | 117/578 [00:20<01:21,  5.64it/s]
Extract:  21%|##        | 120/578 [00:21<01:20,  5.70it/s]
Extract:  21%|##        | 121/578 [00:21<01:43,  4.42it/s]
Extract:  21%|##1       | 122/578 [00:21<01:40,  4.55it/s]
Extract:  21%|##1       | 124/578 [00:22<01:19,  5.70it/s]
Extract:  22%|##1       | 125/578 [00:22<01:47,  4.20it/s]
Extract:  22%|##1       | 126/578 [00:22<01:43,  4.39it/s]
Extract:  22%|##2       | 128/578 [00:22<01:18,  5.77it/s]
Extract:  22%|##2       | 130/578 [00:23<01:19,  5.60it/s]
Extract:  23%|##2       | 131/578 [00:23<01:42,  4.36it/s]
Extract:  23%|##2       | 132/578 [00:23<01:31,  4.88it/s]
Extract:  23%|##3       | 133/578 [00:24<01:50,  4.04it/s]
Extract:  23%|##3       | 135/578 [00:24<01:24,  5.23it/s]
Extract:  24%|##3       | 136/578 [00:24<01:16,  5.79it/s]
Extract:  24%|##3       | 137/578 [00:24<01:39,  4.45it/s]
Extract:  24%|##3       | 138/578 [00:25<01:56,  3.77it/s]
Extract:  24%|##4       | 139/578 [00:25<02:00,  3.64it/s]
Extract:  24%|##4       | 141/578 [00:25<01:17,  5.63it/s]
Extract:  25%|##5       | 145/578 [00:25<00:42, 10.30it/s]
Extract:  25%|##5       | 147/578 [00:26<01:04,  6.71it/s]
Extract:  26%|##5       | 149/578 [00:27<01:24,  5.08it/s]
Extract:  26%|##5       | 150/578 [00:27<01:18,  5.48it/s]
Extract:  26%|##6       | 153/578 [00:27<01:15,  5.60it/s]
Extract:  27%|##6       | 155/578 [00:28<01:18,  5.37it/s]
Extract:  27%|##7       | 157/578 [00:28<01:03,  6.60it/s]
Extract:  28%|##7       | 159/578 [00:28<00:52,  7.98it/s]
Extract:  28%|##7       | 161/578 [00:28<00:53,  7.85it/s]
Extract:  28%|##8       | 163/578 [00:29<01:12,  5.76it/s]
Extract:  29%|##8       | 165/578 [00:29<01:14,  5.53it/s]
Extract:  29%|##8       | 166/578 [00:29<01:09,  5.90it/s]
Extract:  29%|##8       | 167/578 [00:30<01:32,  4.47it/s]
Extract:  29%|##9       | 168/578 [00:30<01:23,  4.94it/s]
Extract:  29%|##9       | 169/578 [00:30<01:15,  5.43it/s]
Extract:  29%|##9       | 170/578 [00:30<01:11,  5.69it/s]
Extract:  30%|##9       | 172/578 [00:30<01:06,  6.07it/s]
Extract:  30%|##9       | 173/578 [00:31<01:28,  4.56it/s]
Extract:  30%|###       | 174/578 [00:31<01:19,  5.10it/s]
Extract:  30%|###       | 176/578 [00:31<01:00,  6.69it/s]
Extract:  31%|###       | 177/578 [00:31<01:17,  5.16it/s]
Extract:  31%|###       | 179/578 [00:32<01:01,  6.47it/s]
Extract:  31%|###1      | 180/578 [00:32<01:26,  4.60it/s]
Extract:  31%|###1      | 181/578 [00:32<01:45,  3.76it/s]
Extract:  31%|###1      | 182/578 [00:33<01:35,  4.15it/s]
Extract:  32%|###1      | 184/578 [00:33<01:11,  5.49it/s]
Extract:  32%|###2      | 185/578 [00:33<01:22,  4.76it/s]
Extract:  32%|###2      | 186/578 [00:33<01:11,  5.46it/s]
Extract:  33%|###2      | 188/578 [00:33<00:53,  7.30it/s]
Extract:  33%|###2      | 189/578 [00:34<01:05,  5.90it/s]
Extract:  33%|###3      | 191/578 [00:34<01:15,  5.11it/s]
Extract:  33%|###3      | 193/578 [00:34<00:59,  6.48it/s]
Extract:  34%|###3      | 195/578 [00:34<00:47,  8.09it/s]
Extract:  34%|###4      | 197/578 [00:35<00:59,  6.39it/s]
Extract:  34%|###4      | 198/578 [00:35<00:58,  6.47it/s]
Extract:  35%|###4      | 201/578 [00:35<00:57,  6.59it/s]
Extract:  35%|###4      | 202/578 [00:36<00:57,  6.53it/s]
Extract:  35%|###5      | 203/578 [00:36<01:22,  4.54it/s]
Extract:  36%|###5      | 206/578 [00:36<00:56,  6.59it/s]
Extract:  36%|###5      | 207/578 [00:37<01:04,  5.75it/s]
Extract:  36%|###6      | 209/578 [00:37<00:49,  7.39it/s]
Extract:  36%|###6      | 210/578 [00:37<00:49,  7.44it/s]
Extract:  37%|###6      | 212/578 [00:37<01:11,  5.09it/s]
Extract:  37%|###6      | 213/578 [00:38<01:07,  5.40it/s]
Extract:  37%|###7      | 215/578 [00:38<01:02,  5.80it/s]
Extract:  38%|###7      | 217/578 [00:38<00:51,  6.96it/s]
Extract:  38%|###8      | 220/578 [00:38<00:38,  9.28it/s]
Extract:  39%|###8      | 223/578 [00:38<00:32, 11.07it/s]
Extract:  39%|###8      | 225/578 [00:39<00:48,  7.30it/s]
Extract:  39%|###9      | 226/578 [00:39<00:53,  6.61it/s]
Extract:  39%|###9      | 227/578 [00:39<00:50,  6.99it/s]
Extract:  40%|###9      | 229/578 [00:40<00:48,  7.19it/s]
Extract:  40%|###9      | 230/578 [00:40<01:02,  5.59it/s]
Extract:  40%|###9      | 231/578 [00:40<01:07,  5.18it/s]
Extract:  40%|####      | 232/578 [00:40<01:04,  5.35it/s]
Extract:  40%|####      | 233/578 [00:40<00:57,  5.98it/s]
Extract:  40%|####      | 234/578 [00:41<00:58,  5.91it/s]
Extract:  41%|####      | 235/578 [00:41<00:54,  6.34it/s]
Extract:  41%|####      | 236/578 [00:41<01:17,  4.39it/s]
Extract:  41%|####1     | 237/578 [00:42<01:55,  2.95it/s]
Extract:  41%|####1     | 239/578 [00:42<01:11,  4.74it/s]
Extract:  42%|####1     | 240/578 [00:42<01:04,  5.21it/s]
Extract:  42%|####1     | 242/578 [00:42<00:45,  7.34it/s]
Extract:  42%|####2     | 244/578 [00:43<00:52,  6.34it/s]
Extract:  43%|####2     | 246/578 [00:43<00:42,  7.75it/s]
Extract:  43%|####2     | 248/578 [00:43<00:56,  5.87it/s]
Extract:  43%|####3     | 249/578 [00:43<00:53,  6.11it/s]
Extract:  43%|####3     | 251/578 [00:43<00:43,  7.47it/s]
Extract:  44%|####3     | 253/578 [00:44<00:34,  9.41it/s]
Extract:  44%|####4     | 255/578 [00:44<00:34,  9.35it/s]
Extract:  44%|####4     | 257/578 [00:44<00:41,  7.75it/s]
Extract:  45%|####4     | 259/578 [00:44<00:35,  9.06it/s]
Extract:  45%|####5     | 262/578 [00:45<00:33,  9.40it/s]
Extract:  46%|####5     | 264/578 [00:45<00:42,  7.45it/s]
Extract:  46%|####5     | 265/578 [00:45<00:57,  5.44it/s]
Extract:  46%|####6     | 266/578 [00:46<00:58,  5.31it/s]
Extract:  46%|####6     | 267/578 [00:46<01:09,  4.47it/s]
Extract:  47%|####6     | 269/578 [00:46<01:00,  5.09it/s]
Extract:  47%|####7     | 272/578 [00:46<00:38,  8.00it/s]
Extract:  47%|####7     | 274/578 [00:47<00:59,  5.08it/s]
Extract:  48%|####7     | 275/578 [00:47<01:06,  4.53it/s]
Extract:  48%|####7     | 276/578 [00:48<00:59,  5.04it/s]
Extract:  48%|####8     | 278/578 [00:48<00:43,  6.84it/s]
Extract:  48%|####8     | 280/578 [00:48<00:46,  6.41it/s]
Extract:  49%|####8     | 282/578 [00:48<00:37,  7.84it/s]
Extract:  49%|####9     | 284/578 [00:48<00:37,  7.90it/s]
Extract:  49%|####9     | 286/578 [00:49<00:47,  6.10it/s]
Extract:  50%|####9     | 288/578 [00:49<00:41,  7.04it/s]
Extract:  50%|#####     | 289/578 [00:49<00:43,  6.66it/s]
Extract:  50%|#####     | 290/578 [00:50<00:58,  4.95it/s]
Extract:  51%|#####     | 292/578 [00:50<00:44,  6.49it/s]
Extract:  51%|#####     | 294/578 [00:50<00:36,  7.77it/s]
Extract:  51%|#####1    | 295/578 [00:50<00:51,  5.49it/s]
Extract:  51%|#####1    | 296/578 [00:51<00:48,  5.87it/s]
Extract:  51%|#####1    | 297/578 [00:51<00:59,  4.72it/s]
Extract:  52%|#####1    | 300/578 [00:51<00:37,  7.48it/s]
Extract:  52%|#####2    | 301/578 [00:51<00:41,  6.64it/s]
Extract:  53%|#####2    | 304/578 [00:52<00:53,  5.11it/s]
Extract:  53%|#####2    | 305/578 [00:52<00:50,  5.40it/s]
Extract:  53%|#####3    | 307/578 [00:53<00:51,  5.29it/s]
Extract:  53%|#####3    | 308/578 [00:53<00:52,  5.18it/s]
Extract:  53%|#####3    | 309/578 [00:53<00:58,  4.61it/s]
Extract:  54%|#####3    | 310/578 [00:53<00:53,  5.01it/s]
Extract:  54%|#####3    | 311/578 [00:54<01:07,  3.95it/s]
Extract:  54%|#####3    | 312/578 [00:54<01:20,  3.30it/s]
Extract:  54%|#####4    | 314/578 [00:54<01:03,  4.13it/s]
Extract:  55%|#####4    | 316/578 [00:55<00:56,  4.65it/s]
Extract:  55%|#####5    | 318/578 [00:55<01:05,  3.99it/s]
Extract:  55%|#####5    | 319/578 [00:56<01:02,  4.13it/s]
Extract:  55%|#####5    | 320/578 [00:56<01:08,  3.77it/s]
Extract:  56%|#####5    | 322/578 [00:56<00:55,  4.60it/s]
Extract:  56%|#####5    | 323/578 [00:56<00:49,  5.15it/s]
Extract:  56%|#####6    | 326/578 [00:57<00:35,  7.00it/s]
Extract:  57%|#####6    | 327/578 [00:57<00:33,  7.41it/s]
Extract:  57%|#####6    | 328/578 [00:57<00:38,  6.48it/s]
Extract:  57%|#####7    | 330/578 [00:57<00:32,  7.73it/s]
Extract:  57%|#####7    | 331/578 [00:57<00:34,  7.19it/s]
Extract:  57%|#####7    | 332/578 [00:58<00:44,  5.59it/s]
Extract:  58%|#####7    | 334/578 [00:58<00:31,  7.83it/s]
Extract:  58%|#####8    | 337/578 [00:58<00:23, 10.43it/s]
Extract:  59%|#####8    | 339/578 [00:58<00:21, 11.36it/s]
Extract:  59%|#####8    | 341/578 [00:58<00:24,  9.56it/s]
Extract:  59%|#####9    | 343/578 [00:58<00:24,  9.63it/s]
Extract:  60%|#####9    | 345/578 [00:59<00:30,  7.74it/s]
Extract:  60%|#####9    | 346/578 [00:59<00:28,  8.06it/s]
Extract:  60%|######    | 348/578 [00:59<00:24,  9.38it/s]
Extract:  61%|######    | 350/578 [01:00<01:01,  3.73it/s]
Extract:  61%|######    | 351/578 [01:01<01:16,  2.97it/s]
Extract:  61%|######1   | 353/578 [01:01<01:02,  3.57it/s]
Extract:  61%|######1   | 355/578 [01:01<00:45,  4.86it/s]
Extract:  62%|######1   | 356/578 [01:02<00:49,  4.45it/s]
Extract:  62%|######1   | 357/578 [01:02<00:46,  4.72it/s]
Extract:  62%|######2   | 359/578 [01:02<00:36,  6.01it/s]
Extract:  62%|######2   | 360/578 [01:02<00:36,  5.99it/s]
Extract:  63%|######2   | 362/578 [01:03<00:40,  5.28it/s]
Extract:  63%|######2   | 364/578 [01:03<00:32,  6.60it/s]
Extract:  63%|######3   | 365/578 [01:03<00:34,  6.26it/s]
Extract:  63%|######3   | 366/578 [01:03<00:32,  6.53it/s]
Extract:  63%|######3   | 367/578 [01:04<00:45,  4.66it/s]
Extract:  64%|######3   | 368/578 [01:04<00:57,  3.67it/s]
Extract:  64%|######3   | 369/578 [01:04<01:05,  3.19it/s]
Extract:  65%|######4   | 373/578 [01:05<00:34,  5.88it/s]
Extract:  65%|######4   | 375/578 [01:05<00:28,  7.21it/s]
Extract:  65%|######5   | 376/578 [01:05<00:28,  7.00it/s]
Extract:  65%|######5   | 377/578 [01:05<00:30,  6.67it/s]
Extract:  66%|######5   | 379/578 [01:05<00:24,  7.99it/s]
Extract:  66%|######5   | 380/578 [01:06<00:30,  6.46it/s]
Extract:  66%|######5   | 381/578 [01:06<00:28,  6.99it/s]
Extract:  66%|######6   | 382/578 [01:06<00:35,  5.53it/s]
Extract:  66%|######6   | 383/578 [01:06<00:32,  5.93it/s]
Extract:  66%|######6   | 384/578 [01:06<00:34,  5.60it/s]
Extract:  67%|######6   | 386/578 [01:07<00:25,  7.46it/s]
Extract:  67%|######6   | 387/578 [01:07<00:27,  7.01it/s]
Extract:  67%|######7   | 390/578 [01:07<00:18,  9.96it/s]
Extract:  68%|######7   | 392/578 [01:07<00:20,  8.87it/s]
Extract:  68%|######7   | 393/578 [01:07<00:24,  7.52it/s]
Extract:  68%|######8   | 394/578 [01:08<00:26,  6.97it/s]
Extract:  68%|######8   | 395/578 [01:08<00:27,  6.59it/s]
Extract:  69%|######8   | 397/578 [01:08<00:23,  7.60it/s]
Extract:  69%|######8   | 398/578 [01:08<00:22,  8.00it/s]
Extract:  69%|######9   | 399/578 [01:08<00:21,  8.23it/s]
Extract:  70%|######9   | 402/578 [01:08<00:14, 12.05it/s]
Extract:  70%|######9   | 404/578 [01:08<00:13, 13.12it/s]
Extract:  70%|#######   | 406/578 [01:09<00:15, 11.33it/s]
Extract:  71%|#######   | 408/578 [01:10<00:35,  4.85it/s]
Extract:  71%|#######   | 410/578 [01:10<00:28,  5.95it/s]
Extract:  71%|#######1  | 412/578 [01:10<00:23,  7.12it/s]
Extract:  72%|#######1  | 414/578 [01:10<00:22,  7.30it/s]
Extract:  72%|#######1  | 415/578 [01:10<00:21,  7.56it/s]
Extract:  72%|#######1  | 416/578 [01:10<00:22,  7.23it/s]
Extract:  72%|#######2  | 418/578 [01:11<00:21,  7.29it/s]
Extract:  72%|#######2  | 419/578 [01:11<00:24,  6.44it/s]
Extract:  73%|#######2  | 421/578 [01:11<00:29,  5.28it/s]
Extract:  73%|#######3  | 424/578 [01:12<00:20,  7.62it/s]
Extract:  74%|#######3  | 425/578 [01:12<00:25,  6.10it/s]
Extract:  74%|#######3  | 426/578 [01:12<00:24,  6.15it/s]
Extract:  74%|#######3  | 427/578 [01:12<00:31,  4.79it/s]
Extract:  74%|#######4  | 428/578 [01:13<00:38,  3.95it/s]
Extract:  74%|#######4  | 429/578 [01:13<00:40,  3.64it/s]
Extract:  75%|#######4  | 431/578 [01:13<00:28,  5.10it/s]
Extract:  75%|#######4  | 432/578 [01:14<00:35,  4.10it/s]
Extract:  75%|#######5  | 434/578 [01:14<00:33,  4.31it/s]
Extract:  75%|#######5  | 435/578 [01:14<00:29,  4.87it/s]
Extract:  76%|#######5  | 437/578 [01:14<00:22,  6.32it/s]
Extract:  76%|#######5  | 438/578 [01:15<00:21,  6.60it/s]
Extract:  76%|#######5  | 439/578 [01:15<00:21,  6.40it/s]
Extract:  76%|#######6  | 441/578 [01:15<00:23,  5.94it/s]
Extract:  77%|#######6  | 443/578 [01:15<00:18,  7.48it/s]
Extract:  77%|#######6  | 445/578 [01:16<00:21,  6.12it/s]
Extract:  77%|#######7  | 447/578 [01:16<00:16,  7.81it/s]
Extract:  78%|#######7  | 449/578 [01:16<00:13,  9.67it/s]
Extract:  78%|#######8  | 451/578 [01:17<00:25,  4.92it/s]
Extract:  78%|#######8  | 453/578 [01:17<00:19,  6.27it/s]
Extract:  79%|#######8  | 455/578 [01:17<00:16,  7.28it/s]
Extract:  79%|#######9  | 458/578 [01:17<00:14,  8.16it/s]
Extract:  80%|#######9  | 461/578 [01:18<00:11,  9.78it/s]
Extract:  80%|########  | 463/578 [01:18<00:14,  7.98it/s]
Extract:  80%|########  | 465/578 [01:18<00:12,  9.25it/s]
Extract:  81%|########  | 467/578 [01:19<00:20,  5.47it/s]
Extract:  81%|########  | 468/578 [01:19<00:24,  4.47it/s]
Extract:  81%|########1 | 470/578 [01:20<00:20,  5.20it/s]
Extract:  81%|########1 | 471/578 [01:20<00:20,  5.20it/s]
Extract:  82%|########1 | 472/578 [01:20<00:21,  4.97it/s]
Extract:  82%|########1 | 473/578 [01:20<00:19,  5.29it/s]
Extract:  82%|########2 | 474/578 [01:20<00:19,  5.24it/s]
Extract:  82%|########2 | 475/578 [01:20<00:17,  5.75it/s]
Extract:  82%|########2 | 476/578 [01:21<00:26,  3.86it/s]
Extract:  83%|########2 | 477/578 [01:21<00:22,  4.50it/s]
Extract:  83%|########2 | 479/578 [01:21<00:16,  5.87it/s]
Extract:  83%|########3 | 481/578 [01:21<00:13,  7.14it/s]
Extract:  84%|########3 | 483/578 [01:22<00:11,  8.63it/s]
Extract:  84%|########3 | 485/578 [01:22<00:08, 10.63it/s]
Extract:  84%|########4 | 487/578 [01:22<00:08, 10.16it/s]
Extract:  85%|########4 | 489/578 [01:22<00:14,  6.29it/s]
Extract:  85%|########4 | 490/578 [01:23<00:13,  6.72it/s]
Extract:  85%|########4 | 491/578 [01:23<00:12,  6.73it/s]
Extract:  85%|########5 | 492/578 [01:23<00:15,  5.62it/s]
Extract:  85%|########5 | 493/578 [01:23<00:14,  5.96it/s]
Extract:  85%|########5 | 494/578 [01:23<00:14,  5.98it/s]
Extract:  86%|########5 | 496/578 [01:23<00:09,  8.23it/s]
Extract:  86%|########6 | 498/578 [01:24<00:16,  4.92it/s]
Extract:  87%|########6 | 501/578 [01:24<00:10,  7.35it/s]
Extract:  87%|########7 | 504/578 [01:25<00:09,  7.81it/s]
Extract:  88%|########7 | 506/578 [01:25<00:11,  6.22it/s]
Extract:  88%|########7 | 507/578 [01:25<00:11,  6.44it/s]
Extract:  88%|########7 | 508/578 [01:25<00:10,  6.52it/s]
Extract:  88%|########8 | 510/578 [01:26<00:10,  6.77it/s]
Extract:  89%|########8 | 512/578 [01:26<00:09,  7.07it/s]
Extract:  89%|########9 | 515/578 [01:26<00:07,  7.94it/s]
Extract:  89%|########9 | 516/578 [01:27<00:10,  5.95it/s]
Extract:  89%|########9 | 517/578 [01:27<00:09,  6.10it/s]
Extract:  90%|########9 | 519/578 [01:27<00:08,  6.87it/s]
Extract:  90%|########9 | 520/578 [01:27<00:08,  7.15it/s]
Extract:  90%|######### | 522/578 [01:27<00:06,  8.42it/s]
Extract:  90%|######### | 523/578 [01:27<00:07,  7.37it/s]
Extract:  91%|######### | 524/578 [01:28<00:07,  7.46it/s]
Extract:  91%|#########1| 526/578 [01:28<00:09,  5.47it/s]
Extract:  91%|#########1| 528/578 [01:28<00:06,  7.32it/s]
Extract:  92%|#########1| 530/578 [01:28<00:06,  7.48it/s]
Extract:  92%|#########2| 532/578 [01:29<00:05,  8.29it/s]
Extract:  92%|#########2| 534/578 [01:29<00:05,  8.39it/s]
Extract:  93%|#########2| 537/578 [01:29<00:06,  6.67it/s]
Extract:  93%|#########3| 538/578 [01:30<00:06,  6.01it/s]
Extract:  93%|#########3| 540/578 [01:30<00:06,  5.67it/s]
Extract:  94%|#########3| 541/578 [01:30<00:06,  5.54it/s]
Extract:  94%|#########3| 543/578 [01:31<00:05,  6.34it/s]
Extract:  94%|#########4| 546/578 [01:31<00:05,  5.91it/s]
Extract:  95%|#########4| 547/578 [01:31<00:06,  4.84it/s]
Extract:  95%|#########5| 550/578 [01:32<00:03,  7.11it/s]
Extract:  96%|#########5| 552/578 [01:32<00:03,  8.66it/s]
Extract:  96%|#########5| 554/578 [01:33<00:05,  4.72it/s]
Extract:  96%|#########6| 555/578 [01:33<00:05,  3.94it/s]
Extract:  96%|#########6| 556/578 [01:33<00:05,  4.14it/s]
Extract:  96%|#########6| 557/578 [01:33<00:04,  4.43it/s]
Extract:  97%|#########6| 559/578 [01:34<00:03,  6.31it/s]
Extract:  97%|#########7| 561/578 [01:34<00:03,  4.81it/s]
Extract:  98%|#########7| 564/578 [01:35<00:03,  3.75it/s]
Extract:  98%|#########7| 565/578 [01:36<00:03,  3.35it/s]
Extract:  98%|#########7| 566/578 [01:36<00:03,  3.74it/s]
Extract:  98%|#########8| 567/578 [01:36<00:02,  4.20it/s]
Extract:  98%|#########8| 568/578 [01:36<00:02,  3.34it/s]
Extract:  99%|#########8| 570/578 [01:37<00:01,  4.85it/s]
Extract:  99%|#########8| 572/578 [01:37<00:00,  6.46it/s]
Extract:  99%|#########9| 574/578 [01:37<00:00,  8.06it/s]
Extract: 100%|#########9| 576/578 [01:37<00:00,  5.84it/s]
Extract: 100%|##########| 578/578 [01:37<00:00,  5.90it/s]

Extract:   0%|          | 0/578 [00:00<?, ?it/s]
Extract:   1%|          | 3/578 [00:00<00:40, 14.20it/s]
Extract:   1%|          | 5/578 [00:00<00:57, 10.01it/s]
Extract:   1%|1         | 7/578 [00:00<01:18,  7.24it/s]
Extract:   1%|1         | 8/578 [00:01<01:45,  5.42it/s]
Extract:   2%|1         | 9/578 [00:01<01:46,  5.32it/s]
Extract:   2%|1         | 10/578 [00:01<01:55,  4.93it/s]
Extract:   2%|1         | 11/578 [00:01<01:49,  5.18it/s]
Extract:   2%|2         | 12/578 [00:02<02:04,  4.53it/s]
Extract:   2%|2         | 13/578 [00:02<01:46,  5.30it/s]
Extract:   2%|2         | 14/578 [00:02<02:19,  4.05it/s]
Extract:   3%|2         | 15/578 [00:02<02:28,  3.79it/s]
Extract:   3%|2         | 16/578 [00:03<02:09,  4.32it/s]
Extract:   3%|3         | 19/578 [00:03<01:12,  7.71it/s]
Extract:   4%|3         | 21/578 [00:03<01:49,  5.08it/s]
Extract:   4%|3         | 22/578 [00:04<01:46,  5.24it/s]
Extract:   4%|3         | 23/578 [00:04<01:51,  4.97it/s]
Extract:   4%|4         | 24/578 [00:04<01:40,  5.50it/s]
Extract:   4%|4         | 26/578 [00:04<01:16,  7.18it/s]
Extract:   5%|4         | 27/578 [00:04<01:49,  5.01it/s]
Extract:   5%|5         | 29/578 [00:05<01:21,  6.74it/s]
Extract:   5%|5         | 30/578 [00:05<01:24,  6.48it/s]
Extract:   5%|5         | 31/578 [00:05<01:27,  6.24it/s]
Extract:   6%|5         | 34/578 [00:05<00:57,  9.39it/s]
Extract:   6%|6         | 36/578 [00:05<00:58,  9.24it/s]
Extract:   7%|6         | 38/578 [00:06<01:01,  8.76it/s]
Extract:   7%|6         | 40/578 [00:06<00:55,  9.71it/s]
Extract:   7%|7         | 42/578 [00:06<01:15,  7.07it/s]
Extract:   7%|7         | 43/578 [00:06<01:28,  6.02it/s]
Extract:   8%|7         | 46/578 [00:07<01:00,  8.79it/s]
Extract:   8%|8         | 48/578 [00:07<00:56,  9.43it/s]
Extract:   9%|8         | 50/578 [00:07<01:30,  5.81it/s]
Extract:   9%|8         | 51/578 [00:08<01:44,  5.04it/s]
Extract:   9%|8         | 52/578 [00:08<01:55,  4.54it/s]
Extract:   9%|9         | 54/578 [00:08<01:39,  5.28it/s]
Extract:  10%|9         | 55/578 [00:09<01:40,  5.22it/s]
Extract:  10%|9         | 57/578 [00:09<01:15,  6.94it/s]
Extract:  10%|#         | 58/578 [00:09<01:19,  6.52it/s]
Extract:  10%|#         | 59/578 [00:09<01:30,  5.70it/s]
Extract:  10%|#         | 60/578 [00:09<01:54,  4.51it/s]
Extract:  11%|#         | 61/578 [00:10<02:13,  3.88it/s]
Extract:  11%|#         | 63/578 [00:10<01:30,  5.71it/s]
Extract:  11%|#1        | 64/578 [00:10<01:31,  5.61it/s]
Extract:  11%|#1        | 65/578 [00:10<01:45,  4.86it/s]
Extract:  12%|#1        | 67/578 [00:11<01:51,  4.57it/s]
Extract:  12%|#1        | 69/578 [00:11<01:28,  5.77it/s]
Extract:  12%|#2        | 71/578 [00:11<01:12,  6.97it/s]
Extract:  12%|#2        | 72/578 [00:11<01:17,  6.53it/s]
Extract:  13%|#2        | 73/578 [00:12<01:47,  4.71it/s]
Extract:  13%|#2        | 75/578 [00:12<01:17,  6.45it/s]
Extract:  13%|#3        | 76/578 [00:12<01:20,  6.25it/s]
Extract:  13%|#3        | 77/578 [00:13<01:54,  4.38it/s]
Extract:  14%|#3        | 80/578 [00:13<01:11,  6.95it/s]
Extract:  14%|#4        | 82/578 [00:13<00:59,  8.29it/s]
Extract:  15%|#4        | 84/578 [00:13<01:21,  6.09it/s]
Extract:  15%|#4        | 85/578 [00:14<01:21,  6.02it/s]
Extract:  15%|#4        | 86/578 [00:14<01:17,  6.31it/s]
Extract:  15%|#5        | 88/578 [00:14<00:59,  8.27it/s]
Extract:  16%|#5        | 90/578 [00:14<01:26,  5.62it/s]
Extract:  16%|#5        | 91/578 [00:15<01:50,  4.43it/s]
Extract:  16%|#5        | 92/578 [00:15<02:04,  3.90it/s]
Extract:  16%|#6        | 94/578 [00:16<01:47,  4.51it/s]
Extract:  17%|#6        | 96/578 [00:16<01:50,  4.35it/s]
Extract:  17%|#6        | 97/578 [00:16<01:40,  4.80it/s]
Extract:  17%|#6        | 98/578 [00:16<01:41,  4.73it/s]
Extract:  17%|#7        | 100/578 [00:17<01:26,  5.50it/s]
Extract:  17%|#7        | 101/578 [00:17<01:20,  5.89it/s]
Extract:  18%|#7        | 104/578 [00:17<00:49,  9.62it/s]
Extract:  18%|#8        | 106/578 [00:17<00:53,  8.84it/s]
Extract:  19%|#8        | 108/578 [00:18<01:25,  5.52it/s]
Extract:  19%|#9        | 110/578 [00:18<01:11,  6.59it/s]
Extract:  19%|#9        | 111/578 [00:18<01:09,  6.75it/s]
Extract:  20%|#9        | 113/578 [00:18<00:56,  8.17it/s]
Extract:  20%|#9        | 115/578 [00:19<00:55,  8.31it/s]
Extract:  20%|##        | 117/578 [00:19<01:21,  5.64it/s]
Extract:  21%|##        | 120/578 [00:20<01:15,  6.06it/s]
Extract:  21%|##        | 121/578 [00:20<01:38,  4.66it/s]
Extract:  21%|##1       | 124/578 [00:20<01:06,  6.79it/s]
Extract:  22%|##1       | 126/578 [00:21<01:19,  5.72it/s]
Extract:  22%|##2       | 128/578 [00:21<01:05,  6.86it/s]
Extract:  22%|##2       | 130/578 [00:21<01:11,  6.29it/s]
Extract:  23%|##2       | 131/578 [00:22<01:25,  5.24it/s]
Extract:  23%|##3       | 133/578 [00:22<01:26,  5.15it/s]
Extract:  23%|##3       | 134/578 [00:22<01:19,  5.56it/s]
Extract:  23%|##3       | 135/578 [00:22<01:14,  5.98it/s]
Extract:  24%|##3       | 137/578 [00:23<01:26,  5.09it/s]
Extract:  24%|##3       | 138/578 [00:23<01:47,  4.09it/s]
Extract:  24%|##4       | 139/578 [00:23<01:43,  4.24it/s]
Extract:  25%|##4       | 142/578 [00:23<00:58,  7.40it/s]
Extract:  25%|##5       | 146/578 [00:24<00:49,  8.65it/s]
Extract:  26%|##5       | 148/578 [00:24<00:52,  8.23it/s]
Extract:  26%|##5       | 150/578 [00:25<01:05,  6.49it/s]
Extract:  26%|##6       | 153/578 [00:25<01:01,  6.94it/s]
Extract:  27%|##6       | 155/578 [00:25<01:06,  6.36it/s]
Extract:  27%|##7       | 157/578 [00:25<00:56,  7.46it/s]
Extract:  28%|##7       | 159/578 [00:26<00:49,  8.48it/s]
Extract:  28%|##7       | 161/578 [00:26<00:49,  8.48it/s]
Extract:  28%|##8       | 163/578 [00:26<01:09,  6.00it/s]
Extract:  29%|##8       | 165/578 [00:27<01:00,  6.80it/s]
Extract:  29%|##8       | 166/578 [00:27<00:59,  6.96it/s]
Extract:  29%|##8       | 167/578 [00:27<01:13,  5.57it/s]
Extract:  29%|##9       | 168/578 [00:27<01:06,  6.14it/s]
Extract:  29%|##9       | 170/578 [00:27<00:55,  7.36it/s]
Extract:  30%|##9       | 172/578 [00:28<00:55,  7.27it/s]
Extract:  30%|##9       | 173/578 [00:28<01:19,  5.08it/s]
Extract:  30%|###       | 174/578 [00:28<01:25,  4.75it/s]
Extract:  30%|###       | 176/578 [00:29<01:04,  6.27it/s]
Extract:  31%|###       | 177/578 [00:29<01:23,  4.82it/s]
Extract:  31%|###       | 179/578 [00:29<01:05,  6.06it/s]
Extract:  31%|###1      | 180/578 [00:29<01:18,  5.09it/s]
Extract:  31%|###1      | 181/578 [00:30<01:25,  4.62it/s]
Extract:  31%|###1      | 182/578 [00:30<01:21,  4.84it/s]
Extract:  32%|###1      | 184/578 [00:30<01:13,  5.37it/s]
Extract:  32%|###2      | 185/578 [00:31<01:38,  3.99it/s]
Extract:  32%|###2      | 186/578 [00:31<01:27,  4.47it/s]
Extract:  33%|###2      | 188/578 [00:31<01:04,  6.08it/s]
Extract:  33%|###2      | 189/578 [00:31<01:22,  4.74it/s]
Extract:  33%|###3      | 191/578 [00:32<01:12,  5.33it/s]
Extract:  33%|###3      | 193/578 [00:32<00:57,  6.72it/s]
Extract:  34%|###3      | 195/578 [00:32<00:47,  8.05it/s]
Extract:  34%|###4      | 197/578 [00:32<01:03,  6.02it/s]
Extract:  34%|###4      | 198/578 [00:33<00:58,  6.44it/s]
Extract:  35%|###4      | 201/578 [00:33<00:54,  6.94it/s]
Extract:  35%|###4      | 202/578 [00:33<00:54,  6.94it/s]
Extract:  35%|###5      | 203/578 [00:33<01:11,  5.23it/s]
Extract:  35%|###5      | 205/578 [00:34<00:52,  7.12it/s]
Extract:  36%|###5      | 207/578 [00:34<00:52,  7.07it/s]
Extract:  36%|###6      | 209/578 [00:34<00:43,  8.47it/s]
Extract:  37%|###6      | 211/578 [00:34<00:38,  9.51it/s]
Extract:  37%|###6      | 213/578 [00:35<00:55,  6.53it/s]
Extract:  37%|###7      | 215/578 [00:35<00:56,  6.43it/s]
Extract:  38%|###7      | 217/578 [00:35<00:46,  7.77it/s]
Extract:  38%|###8      | 220/578 [00:35<00:34, 10.51it/s]
Extract:  39%|###8      | 223/578 [00:35<00:27, 12.78it/s]
Extract:  39%|###8      | 225/578 [00:36<00:36,  9.58it/s]
Extract:  39%|###9      | 227/578 [00:36<00:39,  8.89it/s]
Extract:  40%|###9      | 229/578 [00:36<00:38,  8.97it/s]
Extract:  40%|###9      | 231/578 [00:37<00:56,  6.11it/s]
Extract:  40%|####      | 232/578 [00:37<00:54,  6.30it/s]
Extract:  40%|####      | 233/578 [00:37<00:52,  6.60it/s]
Extract:  40%|####      | 234/578 [00:37<00:52,  6.56it/s]
Extract:  41%|####      | 235/578 [00:37<00:49,  6.93it/s]
Extract:  41%|####      | 236/578 [00:38<01:12,  4.72it/s]
Extract:  41%|####1     | 237/578 [00:38<01:29,  3.83it/s]
Extract:  41%|####1     | 239/578 [00:38<00:59,  5.74it/s]
Extract:  42%|####1     | 240/578 [00:38<00:58,  5.75it/s]
Extract:  42%|####1     | 242/578 [00:39<00:42,  7.87it/s]
Extract:  42%|####2     | 244/578 [00:39<00:55,  6.02it/s]
Extract:  42%|####2     | 245/578 [00:39<00:57,  5.78it/s]
Extract:  43%|####2     | 247/578 [00:39<00:51,  6.42it/s]
Extract:  43%|####2     | 248/578 [00:40<01:00,  5.43it/s]
Extract:  43%|####3     | 249/578 [00:40<00:58,  5.63it/s]
Extract:  43%|####3     | 251/578 [00:40<00:48,  6.73it/s]
Extract:  44%|####4     | 255/578 [00:40<00:37,  8.65it/s]
Extract:  44%|####4     | 256/578 [00:41<00:53,  6.02it/s]
Extract:  45%|####4     | 258/578 [00:41<00:44,  7.22it/s]
Extract:  45%|####4     | 259/578 [00:41<00:42,  7.44it/s]
Extract:  45%|####4     | 260/578 [00:41<00:40,  7.83it/s]
Extract:  45%|####5     | 262/578 [00:42<00:44,  7.12it/s]
Extract:  46%|####5     | 263/578 [00:42<01:08,  4.58it/s]
Extract:  46%|####5     | 265/578 [00:42<00:56,  5.53it/s]
Extract:  46%|####6     | 266/578 [00:43<00:54,  5.74it/s]
Extract:  46%|####6     | 267/578 [00:43<01:00,  5.13it/s]
Extract:  46%|####6     | 268/578 [00:43<00:53,  5.75it/s]
Extract:  47%|####6     | 269/578 [00:43<01:03,  4.84it/s]
Extract:  47%|####7     | 273/578 [00:44<00:55,  5.49it/s]
Extract:  47%|####7     | 274/578 [00:44<01:10,  4.33it/s]
Extract:  48%|####7     | 275/578 [00:45<01:14,  4.07it/s]
Extract:  48%|####7     | 276/578 [00:45<01:05,  4.60it/s]
Extract:  48%|####8     | 278/578 [00:45<00:45,  6.52it/s]
Extract:  48%|####8     | 280/578 [00:45<00:44,  6.65it/s]
Extract:  49%|####8     | 282/578 [00:45<00:35,  8.28it/s]
Extract:  49%|####9     | 284/578 [00:46<00:37,  7.80it/s]
Extract:  49%|####9     | 285/578 [00:46<00:39,  7.51it/s]
Extract:  49%|####9     | 286/578 [00:46<00:40,  7.17it/s]
Extract:  50%|####9     | 287/578 [00:46<00:41,  7.07it/s]
Extract:  50%|#####     | 289/578 [00:46<00:38,  7.56it/s]
Extract:  50%|#####     | 290/578 [00:47<00:59,  4.88it/s]
Extract:  51%|#####     | 292/578 [00:47<00:41,  6.88it/s]
Extract:  51%|#####     | 294/578 [00:47<00:32,  8.67it/s]
Extract:  51%|#####1    | 296/578 [00:47<00:44,  6.28it/s]
Extract:  51%|#####1    | 297/578 [00:48<00:54,  5.14it/s]
Extract:  52%|#####1    | 300/578 [00:48<00:36,  7.61it/s]
Extract:  52%|#####2    | 302/578 [00:48<00:37,  7.41it/s]
Extract:  53%|#####2    | 304/578 [00:49<00:46,  5.94it/s]
Extract:  53%|#####2    | 305/578 [00:49<00:43,  6.25it/s]
Extract:  53%|#####3    | 307/578 [00:49<00:43,  6.23it/s]
Extract:  53%|#####3    | 308/578 [00:49<00:44,  6.13it/s]
Extract:  53%|#####3    | 309/578 [00:50<00:58,  4.60it/s]
Extract:  54%|#####3    | 310/578 [00:50<00:58,  4.55it/s]
Extract:  54%|#####3    | 311/578 [00:50<01:17,  3.46it/s]
Extract:  54%|#####3    | 312/578 [00:51<01:26,  3.09it/s]
Extract:  54%|#####4    | 314/578 [00:51<01:10,  3.75it/s]
Extract:  55%|#####4    | 316/578 [00:52<00:56,  4.68it/s]
Extract:  55%|#####5    | 318/578 [00:52<00:56,  4.64it/s]
Extract:  55%|#####5    | 319/578 [00:52<00:54,  4.79it/s]
Extract:  55%|#####5    | 320/578 [00:52<00:57,  4.46it/s]
Extract:  56%|#####5    | 322/578 [00:53<00:56,  4.52it/s]
Extract:  56%|#####5    | 323/578 [00:53<00:54,  4.68it/s]
Extract:  56%|#####6    | 325/578 [00:53<00:40,  6.18it/s]
Extract:  56%|#####6    | 326/578 [00:53<00:46,  5.47it/s]
Extract:  57%|#####6    | 327/578 [00:54<00:41,  6.07it/s]
Extract:  57%|#####6    | 328/578 [00:54<01:02,  3.98it/s]
Extract:  57%|#####7    | 330/578 [00:54<00:46,  5.32it/s]
Extract:  57%|#####7    | 331/578 [00:54<00:46,  5.32it/s]
Extract:  57%|#####7    | 332/578 [00:55<00:51,  4.81it/s]
Extract:  58%|#####7    | 334/578 [00:55<00:35,  6.79it/s]
Extract:  58%|#####7    | 335/578 [00:55<00:34,  7.00it/s]
Extract:  58%|#####8    | 337/578 [00:55<00:30,  7.82it/s]
Extract:  58%|#####8    | 338/578 [00:55<00:33,  7.11it/s]
Extract:  59%|#####8    | 339/578 [00:56<00:49,  4.85it/s]
Extract:  59%|#####8    | 340/578 [00:56<00:46,  5.16it/s]
Extract:  59%|#####8    | 341/578 [00:56<00:43,  5.49it/s]
Extract:  59%|#####9    | 342/578 [00:56<00:45,  5.18it/s]
Extract:  60%|#####9    | 344/578 [00:57<00:51,  4.57it/s]
Extract:  60%|#####9    | 345/578 [00:57<00:45,  5.13it/s]
Extract:  60%|######    | 347/578 [00:57<00:33,  6.81it/s]
Extract:  60%|######    | 349/578 [00:58<00:48,  4.75it/s]
Extract:  61%|######    | 350/578 [00:58<00:45,  4.99it/s]
Extract:  61%|######    | 351/578 [00:58<01:01,  3.68it/s]
Extract:  61%|######1   | 353/578 [00:59<00:51,  4.39it/s]
Extract:  61%|######1   | 355/578 [00:59<00:38,  5.75it/s]
Extract:  62%|######1   | 356/578 [00:59<00:51,  4.32it/s]
Extract:  62%|######1   | 357/578 [01:00<00:53,  4.10it/s]
Extract:  62%|######2   | 359/578 [01:00<00:43,  5.08it/s]
Extract:  62%|######2   | 360/578 [01:00<00:46,  4.70it/s]
Extract:  63%|######2   | 362/578 [01:01<00:53,  4.06it/s]
Extract:  63%|######2   | 363/578 [01:01<00:46,  4.60it/s]
Extract:  63%|######3   | 365/578 [01:01<00:38,  5.51it/s]
Extract:  63%|######3   | 366/578 [01:01<00:40,  5.20it/s]
Extract:  63%|######3   | 367/578 [01:02<00:56,  3.75it/s]
Extract:  64%|######3   | 368/578 [01:02<00:51,  4.11it/s]
Extract:  64%|######3   | 369/578 [01:02<00:59,  3.54it/s]
Extract:  65%|######4   | 373/578 [01:03<00:36,  5.64it/s]
Extract:  65%|######4   | 374/578 [01:03<00:35,  5.80it/s]
Extract:  65%|######5   | 376/578 [01:03<00:30,  6.72it/s]
Extract:  65%|######5   | 377/578 [01:03<00:31,  6.47it/s]
Extract:  66%|######5   | 379/578 [01:03<00:24,  8.21it/s]
Extract:  66%|######5   | 380/578 [01:04<00:24,  7.96it/s]
Extract:  66%|######6   | 382/578 [01:04<00:36,  5.38it/s]
Extract:  66%|######6   | 383/578 [01:04<00:37,  5.22it/s]
Extract:  66%|######6   | 384/578 [01:05<00:45,  4.27it/s]
Extract:  67%|######6   | 386/578 [01:05<00:34,  5.50it/s]
Extract:  67%|######6   | 387/578 [01:05<00:38,  4.94it/s]
Extract:  67%|######7   | 390/578 [01:06<00:26,  7.06it/s]
Extract:  68%|######7   | 391/578 [01:06<00:28,  6.62it/s]
Extract:  68%|######7   | 392/578 [01:06<00:29,  6.35it/s]
Extract:  68%|######7   | 393/578 [01:06<00:36,  5.13it/s]
Extract:  68%|######8   | 394/578 [01:07<00:56,  3.26it/s]
Extract:  68%|######8   | 395/578 [01:07<00:56,  3.25it/s]
Extract:  69%|######8   | 397/578 [01:08<00:54,  3.34it/s]
Extract:  69%|######8   | 398/578 [01:08<00:46,  3.91it/s]
Extract:  69%|######9   | 399/578 [01:08<00:40,  4.43it/s]
Extract:  69%|######9   | 401/578 [01:08<00:29,  6.04it/s]
Extract:  70%|######9   | 403/578 [01:08<00:23,  7.40it/s]
Extract:  70%|#######   | 405/578 [01:08<00:20,  8.41it/s]
Extract:  70%|#######   | 406/578 [01:09<00:23,  7.29it/s]
Extract:  70%|#######   | 407/578 [01:09<00:33,  5.07it/s]
Extract:  71%|#######   | 408/578 [01:10<00:48,  3.47it/s]
Extract:  71%|#######   | 410/578 [01:10<00:38,  4.39it/s]
Extract:  71%|#######1  | 412/578 [01:10<00:29,  5.54it/s]
Extract:  71%|#######1  | 413/578 [01:10<00:34,  4.78it/s]
Extract:  72%|#######1  | 415/578 [01:11<00:27,  5.86it/s]
Extract:  72%|#######1  | 416/578 [01:11<00:29,  5.55it/s]
Extract:  72%|#######2  | 417/578 [01:11<00:26,  6.06it/s]
Extract:  72%|#######2  | 418/578 [01:12<00:42,  3.76it/s]
Extract:  72%|#######2  | 419/578 [01:12<00:42,  3.70it/s]
Extract:  73%|#######2  | 420/578 [01:12<00:37,  4.19it/s]
Extract:  73%|#######2  | 421/578 [01:13<01:01,  2.57it/s]
Extract:  73%|#######3  | 424/578 [01:13<00:31,  4.87it/s]
Extract:  74%|#######3  | 425/578 [01:13<00:33,  4.53it/s]
Extract:  74%|#######3  | 427/578 [01:14<00:38,  3.93it/s]
Extract:  74%|#######4  | 428/578 [01:14<00:44,  3.40it/s]
Extract:  74%|#######4  | 429/578 [01:15<00:43,  3.41it/s]
Extract:  75%|#######4  | 431/578 [01:15<00:29,  4.91it/s]
Extract:  75%|#######4  | 432/578 [01:15<00:27,  5.33it/s]
Extract:  75%|#######5  | 434/578 [01:15<00:24,  5.81it/s]
Extract:  75%|#######5  | 436/578 [01:15<00:18,  7.67it/s]
Extract:  76%|#######5  | 438/578 [01:15<00:15,  8.89it/s]
Extract:  76%|#######6  | 440/578 [01:16<00:13, 10.32it/s]
Extract:  76%|#######6  | 442/578 [01:16<00:15,  9.06it/s]
Extract:  77%|#######6  | 445/578 [01:16<00:15,  8.54it/s]
Extract:  78%|#######7  | 449/578 [01:16<00:10, 12.45it/s]
Extract:  78%|#######8  | 451/578 [01:17<00:14,  8.55it/s]
Extract:  78%|#######8  | 453/578 [01:17<00:13,  9.58it/s]
Extract:  79%|#######8  | 455/578 [01:17<00:12,  9.69it/s]
Extract:  79%|#######9  | 457/578 [01:17<00:10, 11.07it/s]
Extract:  79%|#######9  | 459/578 [01:18<00:14,  8.36it/s]
Extract:  80%|#######9  | 461/578 [01:18<00:12,  9.36it/s]
Extract:  80%|########  | 463/578 [01:18<00:14,  8.03it/s]
Extract:  81%|########  | 466/578 [01:18<00:11,  9.88it/s]
Extract:  81%|########  | 468/578 [01:19<00:17,  6.44it/s]
Extract:  81%|########1 | 470/578 [01:19<00:15,  7.07it/s]
Extract:  81%|########1 | 471/578 [01:19<00:16,  6.58it/s]
Extract:  82%|########1 | 472/578 [01:19<00:15,  6.79it/s]
Extract:  82%|########2 | 474/578 [01:20<00:12,  8.21it/s]
Extract:  82%|########2 | 476/578 [01:20<00:12,  8.00it/s]
Extract:  83%|########2 | 478/578 [01:20<00:10,  9.68it/s]
Extract:  83%|########3 | 480/578 [01:20<00:10,  9.67it/s]
Extract:  83%|########3 | 482/578 [01:20<00:09, 10.16it/s]
Extract:  84%|########3 | 484/578 [01:21<00:08, 11.48it/s]
Extract:  84%|########4 | 487/578 [01:21<00:07, 12.63it/s]
Extract:  85%|########4 | 489/578 [01:21<00:10,  8.68it/s]
Extract:  85%|########4 | 491/578 [01:21<00:10,  8.58it/s]
Extract:  85%|########5 | 493/578 [01:22<00:12,  6.90it/s]
Extract:  85%|########5 | 494/578 [01:22<00:12,  6.52it/s]
Extract:  86%|########5 | 496/578 [01:22<00:12,  6.47it/s]
Extract:  86%|########6 | 498/578 [01:23<00:14,  5.58it/s]
Extract:  87%|########6 | 501/578 [01:23<00:09,  8.22it/s]
Extract:  87%|########7 | 504/578 [01:23<00:08,  8.66it/s]
Extract:  88%|########7 | 506/578 [01:24<00:11,  6.18it/s]
Extract:  88%|########7 | 507/578 [01:24<00:10,  6.56it/s]
Extract:  88%|########7 | 508/578 [01:24<00:10,  6.67it/s]
Extract:  88%|########8 | 510/578 [01:24<00:09,  7.24it/s]
Extract:  89%|########8 | 512/578 [01:24<00:07,  8.36it/s]
Extract:  89%|########9 | 515/578 [01:25<00:05, 10.87it/s]
Extract:  89%|########9 | 517/578 [01:25<00:07,  8.52it/s]
Extract:  90%|########9 | 519/578 [01:25<00:06,  8.93it/s]
Extract:  90%|######### | 521/578 [01:25<00:05, 10.39it/s]
Extract:  90%|######### | 523/578 [01:25<00:05,  9.98it/s]
Extract:  91%|#########1| 526/578 [01:26<00:05,  9.38it/s]
Extract:  91%|#########1| 528/578 [01:26<00:04, 10.71it/s]
Extract:  92%|#########1| 530/578 [01:26<00:05,  8.90it/s]
Extract:  92%|#########2| 532/578 [01:26<00:04, 10.39it/s]
Extract:  92%|#########2| 534/578 [01:27<00:03, 11.15it/s]
Extract:  93%|#########2| 537/578 [01:27<00:03, 12.77it/s]
Extract:  93%|#########3| 539/578 [01:27<00:03, 12.63it/s]
Extract:  94%|#########3| 541/578 [01:27<00:03, 10.86it/s]
Extract:  94%|#########3| 543/578 [01:27<00:02, 11.78it/s]
Extract:  94%|#########4| 546/578 [01:28<00:02, 11.26it/s]
Extract:  95%|#########4| 548/578 [01:28<00:03,  9.62it/s]
Extract:  95%|#########5| 550/578 [01:28<00:02,  9.89it/s]
Extract:  96%|#########5| 553/578 [01:28<00:02,  9.20it/s]
Extract:  96%|#########5| 554/578 [01:29<00:03,  7.09it/s]
Extract:  96%|#########6| 555/578 [01:29<00:03,  6.15it/s]
Extract:  96%|#########6| 556/578 [01:29<00:03,  6.15it/s]
Extract:  96%|#########6| 557/578 [01:29<00:03,  6.24it/s]
Extract:  97%|#########6| 560/578 [01:30<00:03,  5.87it/s]
Extract:  97%|#########7| 561/578 [01:30<00:02,  6.11it/s]
Extract:  98%|#########7| 564/578 [01:30<00:01,  7.30it/s]
Extract:  98%|#########7| 565/578 [01:31<00:02,  6.33it/s]
Extract:  98%|#########8| 567/578 [01:31<00:01,  7.14it/s]
Extract:  98%|#########8| 568/578 [01:31<00:01,  6.15it/s]
Extract:  99%|#########8| 572/578 [01:31<00:00, 10.33it/s]
Extract:  99%|#########9| 575/578 [01:31<00:00, 11.24it/s]
Extract: 100%|#########9| 577/578 [01:32<00:00, 10.07it/s]
Extract: 100%|##########| 578/578 [01:32<00:00,  6.27it/s]

Extract:   0%|          | 0/578 [00:00<?, ?it/s]
Extract:   0%|          | 2/578 [00:00<00:29, 19.58it/s]
Extract:   1%|          | 4/578 [00:00<00:50, 11.47it/s]
Extract:   1%|1         | 6/578 [00:00<00:55, 10.36it/s]
Extract:   1%|1         | 8/578 [00:01<01:26,  6.57it/s]
Extract:   2%|1         | 9/578 [00:01<01:43,  5.49it/s]
Extract:   2%|1         | 10/578 [00:01<01:44,  5.44it/s]
Extract:   2%|1         | 11/578 [00:01<01:43,  5.49it/s]
Extract:   2%|2         | 12/578 [00:01<01:50,  5.14it/s]
Extract:   2%|2         | 14/578 [00:02<01:30,  6.26it/s]
Extract:   3%|2         | 15/578 [00:02<01:35,  5.91it/s]
Extract:   3%|3         | 18/578 [00:02<00:57,  9.77it/s]
Extract:   4%|3         | 21/578 [00:02<01:01,  9.00it/s]
Extract:   4%|3         | 23/578 [00:03<01:03,  8.74it/s]
Extract:   4%|4         | 25/578 [00:03<00:56,  9.77it/s]
Extract:   5%|4         | 27/578 [00:03<01:11,  7.70it/s]
Extract:   5%|5         | 29/578 [00:03<00:58,  9.36it/s]
Extract:   5%|5         | 31/578 [00:04<01:12,  7.56it/s]
Extract:   6%|5         | 33/578 [00:04<01:10,  7.68it/s]
Extract:   6%|5         | 34/578 [00:04<01:09,  7.81it/s]
Extract:   6%|6         | 35/578 [00:04<01:14,  7.25it/s]
Extract:   6%|6         | 36/578 [00:04<01:17,  7.03it/s]
Extract:   6%|6         | 37/578 [00:05<01:42,  5.26it/s]
Extract:   7%|6         | 38/578 [00:05<01:58,  4.56it/s]
Extract:   7%|6         | 40/578 [00:05<01:33,  5.73it/s]
Extract:   7%|7         | 41/578 [00:05<01:29,  6.03it/s]
Extract:   7%|7         | 42/578 [00:06<02:30,  3.57it/s]
Extract:   7%|7         | 43/578 [00:06<02:59,  2.98it/s]
Extract:   8%|7         | 45/578 [00:07<01:55,  4.62it/s]
Extract:   8%|7         | 46/578 [00:07<01:41,  5.24it/s]
Extract:   8%|8         | 47/578 [00:07<01:32,  5.71it/s]
Extract:   8%|8         | 49/578 [00:07<01:07,  7.82it/s]
Extract:   9%|8         | 51/578 [00:08<01:45,  5.02it/s]
Extract:   9%|8         | 52/578 [00:08<01:56,  4.50it/s]
Extract:   9%|9         | 54/578 [00:08<01:45,  4.96it/s]
Extract:  10%|9         | 55/578 [00:08<01:49,  4.77it/s]
Extract:  10%|9         | 56/578 [00:09<01:51,  4.68it/s]
Extract:  10%|#         | 58/578 [00:09<01:36,  5.37it/s]
Extract:  10%|#         | 59/578 [00:09<01:42,  5.06it/s]
Extract:  10%|#         | 60/578 [00:09<01:46,  4.89it/s]
Extract:  11%|#         | 61/578 [00:10<01:57,  4.41it/s]
Extract:  11%|#         | 63/578 [00:10<01:18,  6.57it/s]
Extract:  11%|#1        | 64/578 [00:10<01:24,  6.09it/s]
Extract:  11%|#1        | 65/578 [00:10<01:43,  4.96it/s]
Extract:  12%|#1        | 67/578 [00:11<01:55,  4.44it/s]
Extract:  12%|#1        | 69/578 [00:11<01:32,  5.49it/s]
Extract:  12%|#2        | 71/578 [00:11<01:19,  6.34it/s]
Extract:  13%|#2        | 73/578 [00:12<01:33,  5.42it/s]
Extract:  13%|#2        | 75/578 [00:12<01:12,  6.89it/s]
Extract:  13%|#3        | 76/578 [00:12<01:16,  6.55it/s]
Extract:  13%|#3        | 77/578 [00:12<01:47,  4.68it/s]
Extract:  14%|#3        | 79/578 [00:13<01:16,  6.50it/s]
Extract:  14%|#4        | 81/578 [00:13<01:05,  7.58it/s]
Extract:  14%|#4        | 83/578 [00:13<01:09,  7.15it/s]
Extract:  15%|#4        | 84/578 [00:14<01:42,  4.82it/s]
Extract:  15%|#4        | 86/578 [00:14<01:25,  5.78it/s]
Extract:  15%|#5        | 88/578 [00:14<01:04,  7.54it/s]
Extract:  16%|#5        | 90/578 [00:14<01:29,  5.47it/s]
Extract:  16%|#5        | 91/578 [00:15<01:50,  4.39it/s]
Extract:  16%|#5        | 92/578 [00:15<02:11,  3.68it/s]
Extract:  16%|#6        | 94/578 [00:16<01:39,  4.89it/s]
Extract:  17%|#6        | 96/578 [00:16<01:32,  5.22it/s]
Extract:  17%|#6        | 97/578 [00:16<01:23,  5.77it/s]
Extract:  17%|#6        | 98/578 [00:16<01:23,  5.75it/s]
Extract:  17%|#7        | 100/578 [00:16<01:16,  6.21it/s]
Extract:  17%|#7        | 101/578 [00:17<01:11,  6.69it/s]
Extract:  18%|#7        | 104/578 [00:17<00:48,  9.72it/s]
Extract:  18%|#8        | 106/578 [00:17<01:12,  6.47it/s]
Extract:  19%|#8        | 107/578 [00:18<01:45,  4.47it/s]
Extract:  19%|#8        | 108/578 [00:18<01:45,  4.48it/s]
Extract:  19%|#9        | 110/578 [00:18<01:26,  5.41it/s]
Extract:  19%|#9        | 111/578 [00:18<01:22,  5.67it/s]
Extract:  20%|#9        | 113/578 [00:18<01:01,  7.61it/s]
Extract:  20%|#9        | 115/578 [00:19<00:52,  8.84it/s]
Extract:  20%|##        | 117/578 [00:19<01:04,  7.11it/s]
Extract:  21%|##        | 120/578 [00:20<01:14,  6.11it/s]
Extract:  21%|##        | 121/578 [00:20<01:26,  5.25it/s]
Extract:  21%|##1       | 123/578 [00:20<01:06,  6.81it/s]
Extract:  22%|##1       | 125/578 [00:20<01:13,  6.20it/s]
Extract:  22%|##1       | 126/578 [00:21<01:14,  6.05it/s]
Extract:  22%|##2       | 128/578 [00:21<00:59,  7.61it/s]
Extract:  22%|##2       | 130/578 [00:21<01:11,  6.27it/s]
Extract:  23%|##2       | 131/578 [00:22<01:28,  5.04it/s]
Extract:  23%|##2       | 132/578 [00:22<01:20,  5.55it/s]
Extract:  23%|##3       | 133/578 [00:22<01:20,  5.52it/s]
Extract:  23%|##3       | 135/578 [00:22<01:05,  6.79it/s]
Extract:  24%|##3       | 136/578 [00:22<01:01,  7.17it/s]
Extract:  24%|##3       | 137/578 [00:22<01:14,  5.96it/s]
Extract:  24%|##3       | 138/578 [00:23<01:32,  4.75it/s]
Extract:  24%|##4       | 139/578 [00:23<01:42,  4.28it/s]
Extract:  25%|##4       | 142/578 [00:23<00:55,  7.87it/s]
Extract:  25%|##5       | 146/578 [00:24<00:52,  8.30it/s]
Extract:  26%|##5       | 148/578 [00:24<00:50,  8.52it/s]
Extract:  26%|##5       | 150/578 [00:24<01:03,  6.76it/s]
Extract:  26%|##6       | 152/578 [00:24<00:51,  8.25it/s]
Extract:  27%|##6       | 154/578 [00:25<01:11,  5.96it/s]
Extract:  27%|##6       | 155/578 [00:25<01:27,  4.82it/s]
Extract:  27%|##7       | 157/578 [00:25<01:05,  6.38it/s]
Extract:  28%|##7       | 159/578 [00:26<00:51,  8.09it/s]
Extract:  28%|##7       | 161/578 [00:26<00:52,  7.97it/s]
Extract:  28%|##8       | 163/578 [00:26<01:07,  6.18it/s]
Extract:  29%|##8       | 165/578 [00:26<00:59,  6.96it/s]
Extract:  29%|##8       | 167/578 [00:27<01:12,  5.67it/s]
Extract:  29%|##9       | 169/578 [00:27<01:04,  6.37it/s]
Extract:  29%|##9       | 170/578 [00:27<01:02,  6.57it/s]
Extract:  30%|##9       | 172/578 [00:28<00:58,  6.97it/s]
Extract:  30%|##9       | 173/578 [00:28<01:13,  5.54it/s]
Extract:  30%|###       | 174/578 [00:28<01:12,  5.58it/s]
Extract:  30%|###       | 175/578 [00:28<01:04,  6.23it/s]
Extract:  30%|###       | 176/578 [00:28<00:58,  6.82it/s]
Extract:  31%|###       | 177/578 [00:29<01:30,  4.44it/s]
Extract:  31%|###       | 179/578 [00:29<01:03,  6.26it/s]
Extract:  31%|###1      | 180/578 [00:29<01:24,  4.72it/s]
Extract:  31%|###1      | 181/578 [00:30<01:34,  4.22it/s]
Extract:  31%|###1      | 182/578 [00:30<01:29,  4.44it/s]
Extract:  32%|###1      | 184/578 [00:30<01:26,  4.55it/s]
Extract:  32%|###2      | 185/578 [00:31<02:00,  3.27it/s]
Extract:  32%|###2      | 186/578 [00:31<01:42,  3.83it/s]
Extract:  33%|###2      | 188/578 [00:31<01:18,  4.98it/s]
Extract:  33%|###2      | 189/578 [00:32<01:51,  3.49it/s]
Extract:  33%|###3      | 191/578 [00:32<01:33,  4.13it/s]
Extract:  33%|###3      | 192/578 [00:32<01:23,  4.61it/s]
Extract:  34%|###3      | 194/578 [00:32<01:01,  6.25it/s]
Extract:  34%|###4      | 197/578 [00:33<01:03,  6.00it/s]
Extract:  34%|###4      | 198/578 [00:33<01:02,  6.12it/s]
Extract:  35%|###4      | 201/578 [00:34<01:01,  6.16it/s]
Extract:  35%|###4      | 202/578 [00:34<01:01,  6.11it/s]
Extract:  35%|###5      | 203/578 [00:34<01:25,  4.39it/s]
Extract:  36%|###5      | 206/578 [00:34<00:55,  6.73it/s]
Extract:  36%|###5      | 207/578 [00:35<00:58,  6.36it/s]
Extract:  36%|###6      | 209/578 [00:35<00:46,  7.89it/s]
Extract:  37%|###6      | 211/578 [00:35<00:39,  9.30it/s]
Extract:  37%|###6      | 213/578 [00:35<00:55,  6.56it/s]
Extract:  37%|###7      | 215/578 [00:36<00:51,  7.10it/s]
Extract:  38%|###7      | 217/578 [00:36<00:43,  8.21it/s]
Extract:  38%|###8      | 220/578 [00:36<00:32, 10.99it/s]
Extract:  39%|###8      | 223/578 [00:36<00:26, 13.27it/s]
Extract:  39%|###8      | 225/578 [00:36<00:37,  9.50it/s]
Extract:  39%|###9      | 227/578 [00:37<00:39,  8.92it/s]
Extract:  40%|###9      | 229/578 [00:37<00:42,  8.13it/s]
Extract:  40%|###9      | 230/578 [00:37<00:56,  6.18it/s]
Extract:  40%|###9      | 231/578 [00:37<00:59,  5.85it/s]
Extract:  40%|####      | 232/578 [00:38<00:54,  6.33it/s]
Extract:  40%|####      | 234/578 [00:38<00:44,  7.66it/s]
Extract:  41%|####      | 235/578 [00:38<00:42,  7.99it/s]
Extract:  41%|####      | 236/578 [00:38<01:01,  5.53it/s]
Extract:  41%|####1     | 237/578 [00:39<01:16,  4.44it/s]
Extract:  42%|####1     | 240/578 [00:39<00:48,  6.97it/s]
Extract:  42%|####2     | 243/578 [00:39<00:34,  9.73it/s]
Extract:  42%|####2     | 245/578 [00:40<00:57,  5.82it/s]
Extract:  43%|####2     | 247/578 [00:40<00:51,  6.41it/s]
Extract:  43%|####2     | 248/578 [00:40<00:52,  6.26it/s]
Extract:  43%|####3     | 250/578 [00:40<00:43,  7.46it/s]
Extract:  43%|####3     | 251/578 [00:40<00:41,  7.81it/s]
Extract:  44%|####3     | 253/578 [00:40<00:34,  9.50it/s]
Extract:  44%|####4     | 255/578 [00:41<00:37,  8.64it/s]
Extract:  44%|####4     | 257/578 [00:41<00:48,  6.64it/s]
Extract:  45%|####4     | 259/578 [00:41<00:39,  8.06it/s]
Extract:  45%|####5     | 261/578 [00:41<00:34,  9.11it/s]
Extract:  46%|####5     | 263/578 [00:42<00:56,  5.57it/s]
Extract:  46%|####5     | 265/578 [00:42<00:49,  6.26it/s]
Extract:  46%|####6     | 266/578 [00:42<00:47,  6.52it/s]
Extract:  46%|####6     | 267/578 [00:43<00:52,  5.96it/s]
Extract:  47%|####6     | 269/578 [00:43<00:47,  6.55it/s]
Extract:  47%|####7     | 273/578 [00:44<00:46,  6.61it/s]
Extract:  47%|####7     | 274/578 [00:44<00:56,  5.43it/s]
Extract:  48%|####7     | 275/578 [00:44<01:02,  4.85it/s]
Extract:  48%|####7     | 276/578 [00:44<00:58,  5.13it/s]
Extract:  48%|####8     | 279/578 [00:44<00:36,  8.16it/s]
Extract:  49%|####8     | 281/578 [00:45<00:40,  7.31it/s]
Extract:  49%|####8     | 283/578 [00:45<00:43,  6.77it/s]
Extract:  49%|####9     | 285/578 [00:45<00:39,  7.48it/s]
Extract:  49%|####9     | 286/578 [00:45<00:38,  7.53it/s]
Extract:  50%|####9     | 288/578 [00:46<00:34,  8.42it/s]
Extract:  50%|#####     | 289/578 [00:46<00:39,  7.39it/s]
Extract:  50%|#####     | 290/578 [00:47<01:13,  3.94it/s]
Extract:  51%|#####     | 292/578 [00:47<00:51,  5.56it/s]
Extract:  51%|#####     | 294/578 [00:47<00:39,  7.13it/s]
Extract:  51%|#####1    | 296/578 [00:47<00:53,  5.23it/s]
Extract:  51%|#####1    | 297/578 [00:48<01:02,  4.46it/s]
Extract:  52%|#####1    | 299/578 [00:48<00:46,  6.01it/s]
Extract:  52%|#####1    | 300/578 [00:48<00:43,  6.33it/s]
Extract:  52%|#####2    | 301/578 [00:48<00:50,  5.44it/s]
Extract:  52%|#####2    | 303/578 [00:48<00:36,  7.58it/s]
Extract:  53%|#####2    | 305/578 [00:49<00:55,  4.88it/s]
Extract:  53%|#####3    | 307/578 [00:49<00:52,  5.15it/s]
Extract:  53%|#####3    | 308/578 [00:50<00:51,  5.20it/s]
Extract:  53%|#####3    | 309/578 [00:50<00:59,  4.52it/s]
Extract:  54%|#####3    | 310/578 [00:50<00:55,  4.85it/s]
Extract:  54%|#####3    | 311/578 [00:51<01:11,  3.74it/s]
Extract:  54%|#####3    | 312/578 [00:51<01:21,  3.27it/s]
Extract:  54%|#####4    | 313/578 [00:51<01:07,  3.93it/s]
Extract:  54%|#####4    | 314/578 [00:51<01:17,  3.39it/s]
Extract:  55%|#####4    | 316/578 [00:52<00:58,  4.46it/s]
Extract:  55%|#####5    | 318/578 [00:52<00:50,  5.10it/s]
Extract:  55%|#####5    | 319/578 [00:52<00:50,  5.09it/s]
Extract:  55%|#####5    | 320/578 [00:53<00:55,  4.65it/s]
Extract:  56%|#####5    | 322/578 [00:53<00:46,  5.51it/s]
Extract:  56%|#####5    | 323/578 [00:53<00:43,  5.89it/s]
Extract:  56%|#####6    | 325/578 [00:53<00:33,  7.58it/s]
Extract:  56%|#####6    | 326/578 [00:53<00:36,  6.99it/s]
Extract:  57%|#####6    | 328/578 [00:53<00:33,  7.49it/s]
Extract:  57%|#####7    | 330/578 [00:54<00:27,  9.12it/s]
Extract:  57%|#####7    | 332/578 [00:54<00:31,  7.82it/s]
Extract:  58%|#####7    | 334/578 [00:54<00:34,  6.99it/s]
Extract:  58%|#####8    | 336/578 [00:54<00:29,  8.29it/s]
Extract:  58%|#####8    | 337/578 [00:55<00:29,  8.24it/s]
Extract:  59%|#####8    | 339/578 [00:55<00:25,  9.49it/s]
Extract:  59%|#####8    | 341/578 [00:55<00:25,  9.43it/s]
Extract:  59%|#####9    | 343/578 [00:55<00:23,  9.97it/s]
Extract:  60%|#####9    | 345/578 [00:56<00:31,  7.38it/s]
Extract:  60%|######    | 347/578 [00:56<00:26,  8.62it/s]
Extract:  60%|######    | 349/578 [00:56<00:32,  7.13it/s]
Extract:  61%|######    | 351/578 [00:57<00:44,  5.15it/s]
Extract:  61%|######1   | 353/578 [00:57<00:40,  5.54it/s]
Extract:  61%|######1   | 355/578 [00:57<00:38,  5.79it/s]
Extract:  62%|######1   | 356/578 [00:58<00:42,  5.20it/s]
Extract:  62%|######1   | 357/578 [00:58<00:44,  5.00it/s]
Extract:  62%|######2   | 359/578 [00:58<00:35,  6.15it/s]
Extract:  62%|######2   | 360/578 [00:58<00:35,  6.10it/s]
Extract:  63%|######2   | 362/578 [00:59<00:38,  5.58it/s]
Extract:  63%|######2   | 364/578 [00:59<00:29,  7.25it/s]
Extract:  63%|######3   | 365/578 [00:59<00:28,  7.42it/s]
Extract:  63%|######3   | 366/578 [00:59<00:27,  7.69it/s]
Extract:  63%|######3   | 367/578 [00:59<00:41,  5.05it/s]
Extract:  64%|######3   | 368/578 [00:59<00:38,  5.41it/s]
Extract:  64%|######3   | 369/578 [01:00<00:55,  3.75it/s]
Extract:  64%|######4   | 371/578 [01:00<00:36,  5.64it/s]
Extract:  65%|######4   | 373/578 [01:00<00:33,  6.05it/s]
Extract:  65%|######4   | 374/578 [01:00<00:31,  6.58it/s]
Extract:  65%|######5   | 376/578 [01:01<00:25,  7.81it/s]
Extract:  65%|######5   | 377/578 [01:01<00:27,  7.18it/s]
Extract:  66%|######5   | 379/578 [01:01<00:21,  9.13it/s]
Extract:  66%|######5   | 381/578 [01:01<00:26,  7.49it/s]
Extract:  66%|######6   | 382/578 [01:02<00:30,  6.51it/s]
Extract:  66%|######6   | 383/578 [01:02<00:27,  7.02it/s]
Extract:  66%|######6   | 384/578 [01:02<00:28,  6.72it/s]
Extract:  67%|######6   | 386/578 [01:02<00:21,  9.11it/s]
Extract:  67%|######7   | 388/578 [01:02<00:19,  9.56it/s]
Extract:  68%|######7   | 391/578 [01:02<00:16, 11.50it/s]
Extract:  68%|######7   | 393/578 [01:03<00:18,  9.87it/s]
Extract:  68%|######8   | 395/578 [01:03<00:24,  7.40it/s]
Extract:  69%|######8   | 397/578 [01:03<00:21,  8.30it/s]
Extract:  69%|######9   | 399/578 [01:03<00:19,  9.21it/s]
Extract:  69%|######9   | 401/578 [01:03<00:17, 10.37it/s]
Extract:  70%|######9   | 403/578 [01:04<00:16, 10.88it/s]
Extract:  70%|#######   | 405/578 [01:04<00:14, 11.61it/s]
Extract:  70%|#######   | 407/578 [01:04<00:20,  8.35it/s]
Extract:  71%|#######   | 409/578 [01:05<00:23,  7.11it/s]
Extract:  71%|#######   | 410/578 [01:05<00:23,  7.26it/s]
Extract:  71%|#######1  | 412/578 [01:05<00:18,  8.83it/s]
Extract:  72%|#######1  | 414/578 [01:05<00:18,  9.05it/s]
Extract:  72%|#######1  | 416/578 [01:05<00:17,  9.06it/s]
Extract:  72%|#######2  | 418/578 [01:05<00:17,  9.02it/s]
Extract:  72%|#######2  | 419/578 [01:06<00:21,  7.41it/s]
Extract:  73%|#######2  | 421/578 [01:06<00:31,  4.94it/s]
Extract:  73%|#######3  | 424/578 [01:07<00:23,  6.68it/s]
Extract:  74%|#######3  | 425/578 [01:07<00:27,  5.60it/s]
Extract:  74%|#######3  | 426/578 [01:07<00:26,  5.71it/s]
Extract:  74%|#######3  | 427/578 [01:07<00:32,  4.60it/s]
Extract:  74%|#######4  | 428/578 [01:08<00:40,  3.72it/s]
Extract:  74%|#######4  | 429/578 [01:08<00:47,  3.11it/s]
Extract:  75%|#######4  | 431/578 [01:09<00:34,  4.30it/s]
Extract:  75%|#######4  | 432/578 [01:09<00:33,  4.32it/s]
Extract:  75%|#######5  | 434/578 [01:09<00:37,  3.80it/s]
Extract:  75%|#######5  | 435/578 [01:10<00:39,  3.60it/s]
Extract:  76%|#######5  | 437/578 [01:10<00:29,  4.84it/s]
Extract:  76%|#######5  | 438/578 [01:10<00:26,  5.20it/s]
Extract:  76%|#######5  | 439/578 [01:10<00:26,  5.20it/s]
Extract:  76%|#######6  | 441/578 [01:11<00:31,  4.31it/s]
Extract:  76%|#######6  | 442/578 [01:11<00:28,  4.70it/s]
Extract:  77%|#######6  | 444/578 [01:11<00:22,  6.03it/s]
Extract:  77%|#######6  | 445/578 [01:12<00:28,  4.59it/s]
Extract:  78%|#######7  | 448/578 [01:12<00:16,  7.70it/s]
Extract:  78%|#######7  | 450/578 [01:12<00:19,  6.49it/s]
Extract:  78%|#######8  | 452/578 [01:13<00:25,  5.03it/s]
Extract:  79%|#######8  | 454/578 [01:13<00:19,  6.37it/s]
Extract:  79%|#######8  | 456/578 [01:13<00:15,  7.66it/s]
Extract:  79%|#######9  | 458/578 [01:13<00:15,  7.88it/s]
Extract:  80%|#######9  | 461/578 [01:13<00:11,  9.85it/s]
Extract:  80%|########  | 463/578 [01:14<00:15,  7.57it/s]
Extract:  81%|########  | 466/578 [01:14<00:13,  8.31it/s]
Extract:  81%|########  | 467/578 [01:14<00:16,  6.81it/s]
Extract:  81%|########  | 468/578 [01:15<00:19,  5.69it/s]
Extract:  81%|########1 | 470/578 [01:15<00:16,  6.50it/s]
Extract:  81%|########1 | 471/578 [01:15<00:16,  6.43it/s]
Extract:  82%|########1 | 472/578 [01:15<00:17,  6.01it/s]
Extract:  82%|########1 | 473/578 [01:15<00:16,  6.50it/s]
Extract:  82%|########2 | 474/578 [01:16<00:16,  6.49it/s]
Extract:  82%|########2 | 476/578 [01:16<00:18,  5.62it/s]
Extract:  83%|########2 | 477/578 [01:16<00:16,  6.21it/s]
Extract:  83%|########2 | 478/578 [01:16<00:18,  5.35it/s]
Extract:  83%|########2 | 479/578 [01:17<00:17,  5.72it/s]
Extract:  83%|########3 | 481/578 [01:17<00:14,  6.55it/s]
Extract:  84%|########3 | 483/578 [01:17<00:11,  8.44it/s]
Extract:  84%|########3 | 485/578 [01:17<00:09, 10.26it/s]
Extract:  84%|########4 | 487/578 [01:17<00:08, 10.37it/s]
Extract:  85%|########4 | 489/578 [01:18<00:11,  7.97it/s]
Extract:  85%|########4 | 490/578 [01:18<00:14,  5.94it/s]
Extract:  85%|########4 | 491/578 [01:18<00:15,  5.59it/s]
Extract:  85%|########5 | 492/578 [01:18<00:15,  5.63it/s]
Extract:  85%|########5 | 493/578 [01:18<00:14,  6.04it/s]
Extract:  85%|########5 | 494/578 [01:19<00:13,  6.06it/s]
Extract:  86%|########5 | 496/578 [01:19<00:10,  7.94it/s]
Extract:  86%|########6 | 498/578 [01:19<00:12,  6.25it/s]
Extract:  87%|########6 | 501/578 [01:19<00:08,  9.07it/s]
Extract:  87%|########7 | 504/578 [01:20<00:07,  9.81it/s]
Extract:  88%|########7 | 506/578 [01:20<00:11,  6.25it/s]
Extract:  88%|########7 | 508/578 [01:20<00:09,  7.12it/s]
Extract:  88%|########8 | 510/578 [01:21<00:09,  7.45it/s]
Extract:  89%|########8 | 512/578 [01:21<00:09,  7.23it/s]
Extract:  89%|########8 | 514/578 [01:21<00:07,  8.81it/s]
Extract:  89%|########9 | 516/578 [01:22<00:10,  5.69it/s]
Extract:  89%|########9 | 517/578 [01:22<00:09,  6.12it/s]
Extract:  90%|########9 | 519/578 [01:22<00:08,  7.09it/s]
Extract:  90%|######### | 521/578 [01:22<00:06,  8.78it/s]
Extract:  90%|######### | 523/578 [01:22<00:05,  9.97it/s]
Extract:  91%|######### | 525/578 [01:22<00:04, 11.13it/s]
Extract:  91%|#########1| 527/578 [01:23<00:05,  9.14it/s]
Extract:  92%|#########1| 529/578 [01:23<00:05,  9.67it/s]
Extract:  92%|#########1| 531/578 [01:23<00:05,  9.09it/s]
Extract:  92%|#########2| 533/578 [01:23<00:04,  9.44it/s]
Extract:  93%|#########2| 535/578 [01:24<00:05,  8.40it/s]
Extract:  93%|#########2| 537/578 [01:24<00:04,  9.18it/s]
Extract:  93%|#########3| 538/578 [01:24<00:06,  6.36it/s]
Extract:  93%|#########3| 540/578 [01:24<00:05,  6.61it/s]
Extract:  94%|#########3| 541/578 [01:25<00:05,  7.05it/s]
Extract:  94%|#########3| 543/578 [01:25<00:04,  8.73it/s]
Extract:  94%|#########4| 546/578 [01:25<00:04,  7.62it/s]
Extract:  95%|#########4| 547/578 [01:26<00:05,  5.18it/s]
Extract:  95%|#########5| 550/578 [01:26<00:03,  7.58it/s]
Extract:  96%|#########5| 553/578 [01:26<00:03,  6.84it/s]
Extract:  96%|#########5| 554/578 [01:27<00:04,  5.39it/s]
Extract:  96%|#########6| 555/578 [01:27<00:05,  4.25it/s]
Extract:  96%|#########6| 556/578 [01:28<00:06,  3.54it/s]
Extract:  96%|#########6| 557/578 [01:28<00:05,  3.78it/s]
Extract:  97%|#########6| 560/578 [01:28<00:03,  4.53it/s]
Extract:  97%|#########7| 561/578 [01:29<00:03,  4.80it/s]
Extract:  98%|#########7| 564/578 [01:29<00:02,  5.33it/s]
Extract:  98%|#########7| 565/578 [01:29<00:02,  4.54it/s]
Extract:  98%|#########8| 567/578 [01:30<00:02,  4.99it/s]
Extract:  98%|#########8| 568/578 [01:30<00:02,  4.12it/s]
Extract:  98%|#########8| 569/578 [01:30<00:01,  4.66it/s]
Extract:  99%|#########8| 570/578 [01:30<00:01,  5.02it/s]
Extract:  99%|#########8| 572/578 [01:31<00:00,  6.38it/s]
Extract:  99%|#########9| 574/578 [01:31<00:00,  8.10it/s]
Extract:  99%|#########9| 575/578 [01:31<00:00,  7.69it/s]
Extract: 100%|#########9| 576/578 [01:31<00:00,  4.44it/s]
Extract: 100%|##########| 578/578 [01:32<00:00,  6.28it/s]

Extract:   0%|          | 0/578 [00:00<?, ?it/s]
Extract:   1%|          | 3/578 [00:00<00:40, 14.06it/s]
Extract:   1%|          | 5/578 [00:00<01:01,  9.25it/s]
Extract:   1%|1         | 6/578 [00:00<01:07,  8.49it/s]
Extract:   1%|1         | 7/578 [00:00<01:21,  6.99it/s]
Extract:   1%|1         | 8/578 [00:01<01:41,  5.59it/s]
Extract:   2%|1         | 9/578 [00:01<01:42,  5.53it/s]
Extract:   2%|1         | 10/578 [00:01<01:33,  6.08it/s]
Extract:   2%|1         | 11/578 [00:01<01:27,  6.44it/s]
Extract:   2%|2         | 12/578 [00:01<01:51,  5.09it/s]
Extract:   2%|2         | 14/578 [00:02<01:39,  5.68it/s]
Extract:   3%|2         | 15/578 [00:02<01:53,  4.97it/s]
Extract:   3%|2         | 16/578 [00:02<01:39,  5.66it/s]
Extract:   3%|3         | 19/578 [00:02<00:58,  9.54it/s]
Extract:   4%|3         | 21/578 [00:03<01:28,  6.28it/s]
Extract:   4%|3         | 22/578 [00:03<01:40,  5.55it/s]
Extract:   4%|3         | 23/578 [00:03<01:52,  4.94it/s]
Extract:   4%|4         | 26/578 [00:03<01:14,  7.44it/s]
Extract:   5%|4         | 27/578 [00:04<01:37,  5.63it/s]
Extract:   5%|5         | 29/578 [00:04<01:20,  6.80it/s]
Extract:   5%|5         | 30/578 [00:04<01:21,  6.72it/s]
Extract:   5%|5         | 31/578 [00:04<01:30,  6.02it/s]
Extract:   6%|5         | 33/578 [00:04<01:06,  8.15it/s]
Extract:   6%|6         | 35/578 [00:05<00:57,  9.37it/s]
Extract:   6%|6         | 37/578 [00:05<01:00,  8.96it/s]
Extract:   7%|6         | 39/578 [00:05<00:51, 10.38it/s]
Extract:   7%|7         | 41/578 [00:05<00:56,  9.51it/s]
Extract:   7%|7         | 43/578 [00:06<01:30,  5.92it/s]
Extract:   8%|7         | 46/578 [00:06<01:04,  8.20it/s]
Extract:   8%|8         | 48/578 [00:06<00:57,  9.15it/s]
Extract:   9%|8         | 50/578 [00:07<01:14,  7.07it/s]
Extract:   9%|8         | 51/578 [00:07<01:26,  6.06it/s]
Extract:   9%|8         | 52/578 [00:07<01:41,  5.20it/s]
Extract:   9%|9         | 54/578 [00:07<01:26,  6.09it/s]
Extract:  10%|9         | 55/578 [00:08<01:26,  6.01it/s]
Extract:  10%|9         | 56/578 [00:08<01:19,  6.59it/s]
Extract:  10%|#         | 58/578 [00:08<01:09,  7.48it/s]
Extract:  10%|#         | 59/578 [00:08<01:13,  7.05it/s]
Extract:  10%|#         | 60/578 [00:08<01:29,  5.81it/s]
Extract:  11%|#         | 61/578 [00:09<01:39,  5.20it/s]
Extract:  11%|#         | 62/578 [00:09<01:29,  5.76it/s]
Extract:  11%|#1        | 64/578 [00:09<01:27,  5.90it/s]
Extract:  11%|#1        | 65/578 [00:09<01:38,  5.23it/s]
Extract:  12%|#1        | 67/578 [00:10<01:54,  4.47it/s]
Extract:  12%|#1        | 69/578 [00:10<01:31,  5.55it/s]
Extract:  12%|#2        | 71/578 [00:10<01:11,  7.05it/s]
Extract:  13%|#2        | 73/578 [00:11<01:21,  6.22it/s]
Extract:  13%|#2        | 74/578 [00:11<01:16,  6.62it/s]
Extract:  13%|#3        | 76/578 [00:11<01:10,  7.07it/s]
Extract:  13%|#3        | 77/578 [00:11<01:41,  4.95it/s]
Extract:  14%|#3        | 80/578 [00:12<01:07,  7.40it/s]
Extract:  14%|#4        | 82/578 [00:12<00:59,  8.29it/s]
Extract:  15%|#4        | 84/578 [00:12<01:16,  6.43it/s]
Extract:  15%|#4        | 86/578 [00:12<01:06,  7.40it/s]
Extract:  15%|#5        | 89/578 [00:13<01:21,  6.04it/s]
Extract:  16%|#5        | 90/578 [00:13<01:22,  5.88it/s]
Extract:  16%|#5        | 91/578 [00:14<01:58,  4.12it/s]
Extract:  16%|#5        | 92/578 [00:14<02:20,  3.46it/s]
Extract:  16%|#6        | 94/578 [00:15<01:56,  4.17it/s]
Extract:  17%|#6        | 96/578 [00:15<01:47,  4.47it/s]
Extract:  17%|#6        | 98/578 [00:15<01:38,  4.90it/s]
Extract:  17%|#7        | 100/578 [00:16<01:30,  5.30it/s]
Extract:  17%|#7        | 101/578 [00:16<01:25,  5.60it/s]
Extract:  18%|#7        | 104/578 [00:16<00:55,  8.50it/s]
Extract:  18%|#8        | 106/578 [00:16<00:58,  8.08it/s]
Extract:  19%|#8        | 108/578 [00:17<01:16,  6.12it/s]
Extract:  19%|#9        | 110/578 [00:17<01:03,  7.39it/s]
Extract:  19%|#9        | 112/578 [00:17<00:53,  8.79it/s]
Extract:  20%|#9        | 114/578 [00:17<00:47,  9.70it/s]
Extract:  20%|##        | 116/578 [00:17<00:52,  8.73it/s]
Extract:  20%|##        | 118/578 [00:18<01:10,  6.52it/s]
Extract:  21%|##        | 120/578 [00:18<01:25,  5.35it/s]
Extract:  21%|##        | 121/578 [00:19<01:38,  4.65it/s]
Extract:  21%|##1       | 124/578 [00:19<01:03,  7.17it/s]
Extract:  22%|##1       | 126/578 [00:19<01:18,  5.79it/s]
Extract:  22%|##2       | 128/578 [00:20<01:04,  7.01it/s]
Extract:  22%|##2       | 130/578 [00:20<01:07,  6.64it/s]
Extract:  23%|##2       | 131/578 [00:20<01:18,  5.67it/s]
Extract:  23%|##3       | 133/578 [00:20<01:16,  5.78it/s]
Extract:  23%|##3       | 135/578 [00:21<01:05,  6.77it/s]
Extract:  24%|##3       | 137/578 [00:21<01:15,  5.80it/s]
Extract:  24%|##3       | 138/578 [00:21<01:24,  5.19it/s]
Extract:  24%|##4       | 139/578 [00:22<01:25,  5.12it/s]
Extract:  25%|##4       | 142/578 [00:22<00:52,  8.36it/s]
Extract:  25%|##5       | 146/578 [00:22<00:46,  9.21it/s]
Extract:  26%|##5       | 148/578 [00:22<00:43,  9.96it/s]
Extract:  26%|##5       | 150/578 [00:23<00:55,  7.75it/s]
Extract:  26%|##6       | 152/578 [00:23<00:48,  8.86it/s]
Extract:  27%|##6       | 154/578 [00:23<00:57,  7.40it/s]
Extract:  27%|##6       | 155/578 [00:24<01:25,  4.96it/s]
Extract:  27%|##7       | 157/578 [00:24<01:06,  6.36it/s]
Extract:  28%|##7       | 159/578 [00:24<00:52,  7.92it/s]
Extract:  28%|##7       | 161/578 [00:24<00:49,  8.48it/s]
Extract:  28%|##8       | 163/578 [00:25<01:05,  6.33it/s]
Extract:  28%|##8       | 164/578 [00:25<01:01,  6.76it/s]
Extract:  29%|##8       | 166/578 [00:25<00:53,  7.68it/s]
Extract:  29%|##8       | 167/578 [00:26<01:41,  4.06it/s]
Extract:  29%|##9       | 168/578 [00:26<01:41,  4.03it/s]
Extract:  29%|##9       | 169/578 [00:26<01:39,  4.12it/s]
Extract:  29%|##9       | 170/578 [00:26<01:33,  4.36it/s]
Extract:  30%|##9       | 171/578 [00:26<01:21,  4.97it/s]
Extract:  30%|##9       | 172/578 [00:27<01:30,  4.48it/s]
Extract:  30%|##9       | 173/578 [00:27<02:08,  3.15it/s]
Extract:  30%|###       | 174/578 [00:27<01:47,  3.77it/s]
Extract:  30%|###       | 176/578 [00:28<01:12,  5.51it/s]
Extract:  31%|###       | 177/578 [00:28<01:29,  4.47it/s]
Extract:  31%|###       | 178/578 [00:28<01:26,  4.62it/s]
Extract:  31%|###1      | 180/578 [00:28<01:14,  5.32it/s]
Extract:  31%|###1      | 181/578 [00:29<01:20,  4.92it/s]
Extract:  31%|###1      | 182/578 [00:29<01:12,  5.45it/s]
Extract:  32%|###1      | 184/578 [00:29<00:58,  6.71it/s]
Extract:  32%|###2      | 185/578 [00:29<01:23,  4.70it/s]
Extract:  32%|###2      | 187/578 [00:30<00:58,  6.63it/s]
Extract:  33%|###2      | 188/578 [00:30<00:56,  6.87it/s]
Extract:  33%|###2      | 189/578 [00:30<01:22,  4.74it/s]
Extract:  33%|###3      | 191/578 [00:30<01:08,  5.65it/s]
Extract:  33%|###3      | 193/578 [00:31<00:53,  7.23it/s]
Extract:  34%|###3      | 195/578 [00:31<00:43,  8.89it/s]
Extract:  34%|###4      | 197/578 [00:31<00:58,  6.50it/s]
Extract:  34%|###4      | 198/578 [00:31<00:55,  6.81it/s]
Extract:  35%|###4      | 201/578 [00:32<00:57,  6.61it/s]
Extract:  35%|###4      | 202/578 [00:32<01:03,  5.94it/s]
Extract:  35%|###5      | 203/578 [00:32<01:26,  4.32it/s]
Extract:  36%|###5      | 206/578 [00:33<00:59,  6.28it/s]
Extract:  36%|###5      | 207/578 [00:33<01:06,  5.58it/s]
Extract:  36%|###6      | 209/578 [00:33<00:52,  7.00it/s]
Extract:  36%|###6      | 210/578 [00:33<00:52,  6.95it/s]
Extract:  37%|###6      | 212/578 [00:34<01:04,  5.65it/s]
Extract:  37%|###6      | 213/578 [00:34<01:02,  5.85it/s]
Extract:  37%|###7      | 215/578 [00:34<01:09,  5.19it/s]
Extract:  38%|###7      | 217/578 [00:34<00:55,  6.45it/s]
Extract:  38%|###8      | 220/578 [00:35<00:39,  8.97it/s]
Extract:  39%|###8      | 223/578 [00:35<00:32, 10.85it/s]
Extract:  39%|###8      | 225/578 [00:35<00:38,  9.20it/s]
Extract:  39%|###9      | 227/578 [00:35<00:42,  8.23it/s]
Extract:  40%|###9      | 229/578 [00:36<00:39,  8.88it/s]
Extract:  40%|###9      | 231/578 [00:36<00:53,  6.49it/s]
Extract:  40%|####      | 232/578 [00:36<00:58,  5.94it/s]
Extract:  40%|####      | 234/578 [00:37<00:48,  7.05it/s]
Extract:  41%|####      | 235/578 [00:37<00:46,  7.37it/s]
Extract:  41%|####      | 236/578 [00:37<00:59,  5.78it/s]
Extract:  41%|####1     | 237/578 [00:37<01:08,  4.97it/s]
Extract:  42%|####1     | 240/578 [00:37<00:43,  7.71it/s]
Extract:  42%|####1     | 242/578 [00:38<00:35,  9.60it/s]
Extract:  42%|####2     | 244/578 [00:38<00:39,  8.39it/s]
Extract:  43%|####2     | 246/578 [00:38<00:35,  9.34it/s]
Extract:  43%|####2     | 248/578 [00:39<00:50,  6.49it/s]
Extract:  43%|####3     | 249/578 [00:39<00:47,  6.86it/s]
Extract:  43%|####3     | 251/578 [00:39<00:44,  7.35it/s]
Extract:  44%|####4     | 255/578 [00:39<00:37,  8.70it/s]
Extract:  44%|####4     | 256/578 [00:40<00:50,  6.36it/s]
Extract:  45%|####4     | 258/578 [00:40<00:40,  7.93it/s]
Extract:  45%|####5     | 261/578 [00:40<00:31, 10.04it/s]
Extract:  46%|####5     | 263/578 [00:41<00:57,  5.51it/s]
Extract:  46%|####5     | 265/578 [00:41<01:00,  5.14it/s]
Extract:  46%|####6     | 266/578 [00:41<00:58,  5.29it/s]
Extract:  46%|####6     | 267/578 [00:42<01:01,  5.03it/s]
Extract:  47%|####6     | 269/578 [00:42<00:53,  5.73it/s]
Extract:  47%|####7     | 273/578 [00:42<00:42,  7.23it/s]
Extract:  47%|####7     | 274/578 [00:43<00:54,  5.54it/s]
Extract:  48%|####7     | 275/578 [00:43<01:04,  4.67it/s]
Extract:  48%|####7     | 276/578 [00:43<00:59,  5.11it/s]
Extract:  48%|####7     | 277/578 [00:43<00:53,  5.66it/s]
Extract:  48%|####8     | 280/578 [00:44<00:43,  6.87it/s]
Extract:  49%|####8     | 282/578 [00:44<00:35,  8.39it/s]
Extract:  49%|####9     | 284/578 [00:44<00:35,  8.37it/s]
Extract:  49%|####9     | 285/578 [00:44<00:36,  7.98it/s]
Extract:  49%|####9     | 286/578 [00:44<00:36,  7.93it/s]
Extract:  50%|####9     | 287/578 [00:44<00:35,  8.20it/s]
Extract:  50%|#####     | 289/578 [00:45<00:39,  7.35it/s]
Extract:  50%|#####     | 290/578 [00:45<01:05,  4.42it/s]
Extract:  50%|#####     | 291/578 [00:45<01:03,  4.49it/s]
Extract:  51%|#####     | 294/578 [00:46<00:39,  7.13it/s]
Extract:  51%|#####1    | 295/578 [00:46<00:51,  5.49it/s]
Extract:  51%|#####1    | 296/578 [00:46<00:47,  5.97it/s]
Extract:  51%|#####1    | 297/578 [00:47<01:08,  4.10it/s]
Extract:  52%|#####1    | 299/578 [00:47<00:48,  5.77it/s]
Extract:  52%|#####2    | 301/578 [00:47<00:50,  5.51it/s]
Extract:  52%|#####2    | 303/578 [00:47<00:38,  7.19it/s]
Extract:  53%|#####2    | 305/578 [00:48<00:51,  5.29it/s]
Extract:  53%|#####3    | 307/578 [00:48<00:47,  5.76it/s]
Extract:  53%|#####3    | 308/578 [00:48<00:49,  5.48it/s]
Extract:  53%|#####3    | 309/578 [00:49<00:58,  4.59it/s]
Extract:  54%|#####3    | 310/578 [00:49<00:54,  4.94it/s]
Extract:  54%|#####3    | 311/578 [00:49<01:20,  3.33it/s]
Extract:  54%|#####3    | 312/578 [00:50<01:26,  3.06it/s]
Extract:  54%|#####4    | 314/578 [00:50<01:10,  3.75it/s]
Extract:  55%|#####4    | 316/578 [00:50<00:57,  4.55it/s]
Extract:  55%|#####5    | 318/578 [00:51<00:52,  4.92it/s]
Extract:  55%|#####5    | 319/578 [00:51<00:49,  5.19it/s]
Extract:  55%|#####5    | 320/578 [00:51<00:58,  4.43it/s]
Extract:  56%|#####5    | 322/578 [00:52<00:52,  4.86it/s]
Extract:  56%|#####5    | 323/578 [00:52<00:48,  5.22it/s]
Extract:  56%|#####6    | 326/578 [00:52<00:35,  7.17it/s]
Extract:  57%|#####6    | 328/578 [00:52<00:32,  7.71it/s]
Extract:  57%|#####7    | 330/578 [00:52<00:28,  8.57it/s]
Extract:  57%|#####7    | 331/578 [00:53<00:29,  8.48it/s]
Extract:  57%|#####7    | 332/578 [00:53<00:36,  6.66it/s]
Extract:  58%|#####7    | 335/578 [00:53<00:25,  9.62it/s]
Extract:  58%|#####8    | 337/578 [00:53<00:22, 10.59it/s]
Extract:  59%|#####8    | 339/578 [00:53<00:24,  9.72it/s]
Extract:  59%|#####8    | 341/578 [00:54<00:27,  8.72it/s]
Extract:  59%|#####9    | 342/578 [00:54<00:31,  7.60it/s]
Extract:  60%|#####9    | 344/578 [00:55<00:46,  4.98it/s]
Extract:  60%|#####9    | 346/578 [00:55<00:38,  6.10it/s]
Extract:  60%|######    | 348/578 [00:55<00:31,  7.30it/s]
Extract:  60%|######    | 349/578 [00:55<00:41,  5.58it/s]
Extract:  61%|######    | 350/578 [00:55<00:39,  5.78it/s]
Extract:  61%|######    | 351/578 [00:56<00:55,  4.07it/s]
Extract:  61%|######1   | 353/578 [00:56<00:42,  5.23it/s]
Extract:  62%|######1   | 356/578 [00:56<00:35,  6.27it/s]
Extract:  62%|######1   | 357/578 [00:57<00:35,  6.29it/s]
Extract:  62%|######1   | 358/578 [00:57<00:33,  6.65it/s]
Extract:  62%|######2   | 359/578 [00:57<00:31,  6.99it/s]
Extract:  62%|######2   | 360/578 [00:57<00:29,  7.33it/s]
Extract:  63%|######2   | 362/578 [00:57<00:33,  6.53it/s]
Extract:  63%|######3   | 365/578 [00:58<00:23,  8.89it/s]
Extract:  63%|######3   | 366/578 [00:58<00:27,  7.73it/s]
Extract:  63%|######3   | 367/578 [00:58<00:38,  5.55it/s]
Extract:  64%|######3   | 368/578 [00:58<00:35,  5.93it/s]
Extract:  64%|######3   | 369/578 [00:59<00:50,  4.16it/s]
Extract:  65%|######4   | 373/578 [00:59<00:29,  7.00it/s]
Extract:  65%|######5   | 376/578 [00:59<00:25,  7.83it/s]
Extract:  65%|######5   | 377/578 [00:59<00:27,  7.33it/s]
Extract:  66%|######5   | 379/578 [01:00<00:23,  8.32it/s]
Extract:  66%|######5   | 380/578 [01:00<00:26,  7.44it/s]
Extract:  66%|######5   | 381/578 [01:00<00:26,  7.49it/s]
Extract:  66%|######6   | 382/578 [01:00<00:35,  5.57it/s]
Extract:  66%|######6   | 383/578 [01:00<00:33,  5.84it/s]
Extract:  66%|######6   | 384/578 [01:01<00:34,  5.57it/s]
Extract:  67%|######6   | 386/578 [01:01<00:25,  7.45it/s]
Extract:  67%|######6   | 387/578 [01:01<00:30,  6.30it/s]
Extract:  67%|######7   | 390/578 [01:01<00:19,  9.80it/s]
Extract:  68%|######7   | 392/578 [01:01<00:19,  9.66it/s]
Extract:  68%|######8   | 394/578 [01:02<00:23,  7.98it/s]
Extract:  68%|######8   | 395/578 [01:02<00:24,  7.57it/s]
Extract:  69%|######8   | 397/578 [01:02<00:23,  7.57it/s]
Extract:  69%|######8   | 398/578 [01:02<00:23,  7.74it/s]
Extract:  69%|######9   | 400/578 [01:02<00:18,  9.51it/s]
Extract:  70%|######9   | 402/578 [01:03<00:16, 10.91it/s]
Extract:  70%|######9   | 404/578 [01:03<00:15, 11.41it/s]
Extract:  70%|#######   | 406/578 [01:03<00:17,  9.69it/s]
Extract:  71%|#######   | 408/578 [01:04<00:29,  5.76it/s]
Extract:  71%|#######   | 410/578 [01:04<00:24,  6.72it/s]
Extract:  71%|#######1  | 412/578 [01:04<00:20,  8.08it/s]
Extract:  72%|#######1  | 414/578 [01:04<00:23,  6.89it/s]
Extract:  72%|#######1  | 416/578 [01:05<00:21,  7.44it/s]
Extract:  72%|#######2  | 418/578 [01:05<00:20,  7.98it/s]
Extract:  72%|#######2  | 419/578 [01:05<00:21,  7.38it/s]
Extract:  73%|#######2  | 421/578 [01:05<00:25,  6.15it/s]
Extract:  73%|#######3  | 424/578 [01:06<00:19,  8.10it/s]
Extract:  74%|#######3  | 425/578 [01:06<00:23,  6.43it/s]
Extract:  74%|#######3  | 426/578 [01:06<00:23,  6.60it/s]
Extract:  74%|#######3  | 427/578 [01:06<00:28,  5.35it/s]
Extract:  74%|#######4  | 428/578 [01:07<00:41,  3.63it/s]
Extract:  74%|#######4  | 429/578 [01:07<00:44,  3.35it/s]
Extract:  75%|#######4  | 431/578 [01:07<00:30,  4.83it/s]
Extract:  75%|#######4  | 432/578 [01:08<00:27,  5.26it/s]
Extract:  75%|#######5  | 434/578 [01:08<00:28,  5.14it/s]
Extract:  75%|#######5  | 436/578 [01:08<00:20,  6.76it/s]
Extract:  76%|#######5  | 438/578 [01:08<00:18,  7.61it/s]
Extract:  76%|#######5  | 439/578 [01:08<00:19,  7.06it/s]
Extract:  76%|#######6  | 441/578 [01:09<00:23,  5.86it/s]
Extract:  77%|#######6  | 443/578 [01:09<00:19,  6.86it/s]
Extract:  77%|#######6  | 444/578 [01:09<00:18,  7.29it/s]
Extract:  77%|#######6  | 445/578 [01:10<00:33,  4.01it/s]
Extract:  78%|#######7  | 448/578 [01:10<00:19,  6.65it/s]
Extract:  78%|#######7  | 450/578 [01:10<00:20,  6.12it/s]
Extract:  78%|#######8  | 451/578 [01:11<00:23,  5.34it/s]
Extract:  78%|#######8  | 452/578 [01:11<00:21,  5.74it/s]
Extract:  79%|#######8  | 454/578 [01:11<00:17,  7.01it/s]
Extract:  79%|#######8  | 456/578 [01:11<00:14,  8.71it/s]
Extract:  79%|#######9  | 458/578 [01:11<00:12,  9.35it/s]
Extract:  80%|#######9  | 461/578 [01:11<00:10, 11.33it/s]
Extract:  80%|########  | 463/578 [01:12<00:11, 10.03it/s]
Extract:  81%|########  | 466/578 [01:12<00:09, 11.66it/s]
Extract:  81%|########  | 468/578 [01:13<00:16,  6.80it/s]
Extract:  81%|########1 | 470/578 [01:13<00:14,  7.54it/s]
Extract:  81%|########1 | 471/578 [01:13<00:15,  7.04it/s]
Extract:  82%|########1 | 472/578 [01:13<00:16,  6.46it/s]
Extract:  82%|########1 | 473/578 [01:13<00:15,  6.92it/s]
Extract:  82%|########2 | 474/578 [01:13<00:15,  6.51it/s]
Extract:  82%|########2 | 476/578 [01:14<00:17,  5.88it/s]
Extract:  83%|########2 | 477/578 [01:14<00:18,  5.56it/s]
Extract:  83%|########2 | 479/578 [01:14<00:14,  6.82it/s]
Extract:  83%|########3 | 481/578 [01:14<00:13,  7.44it/s]
Extract:  84%|########3 | 483/578 [01:15<00:10,  8.97it/s]
Extract:  84%|########3 | 485/578 [01:15<00:08, 10.92it/s]
Extract:  84%|########4 | 487/578 [01:15<00:07, 11.95it/s]
Extract:  85%|########4 | 489/578 [01:15<00:11,  7.72it/s]
Extract:  85%|########4 | 491/578 [01:16<00:10,  8.04it/s]
Extract:  85%|########5 | 493/578 [01:16<00:11,  7.29it/s]
Extract:  85%|########5 | 494/578 [01:16<00:11,  7.34it/s]
Extract:  86%|########5 | 497/578 [01:16<00:07, 10.46it/s]
Extract:  86%|########6 | 499/578 [01:17<00:09,  7.95it/s]
Extract:  87%|########6 | 502/578 [01:17<00:07, 10.73it/s]
Extract:  87%|########7 | 504/578 [01:17<00:08,  8.39it/s]
Extract:  88%|########7 | 506/578 [01:18<00:11,  6.50it/s]
Extract:  88%|########7 | 508/578 [01:18<00:09,  7.21it/s]
Extract:  88%|########8 | 510/578 [01:18<00:08,  7.97it/s]
Extract:  89%|########8 | 512/578 [01:18<00:08,  7.93it/s]
Extract:  89%|########9 | 515/578 [01:18<00:06,  9.30it/s]
Extract:  89%|########9 | 517/578 [01:19<00:10,  5.98it/s]
Extract:  90%|########9 | 519/578 [01:19<00:09,  6.50it/s]
Extract:  90%|########9 | 520/578 [01:19<00:08,  6.53it/s]
Extract:  90%|######### | 522/578 [01:20<00:07,  7.61it/s]
Extract:  90%|######### | 523/578 [01:20<00:07,  7.60it/s]
Extract:  91%|######### | 524/578 [01:20<00:06,  7.97it/s]
Extract:  91%|#########1| 526/578 [01:20<00:08,  5.86it/s]
Extract:  92%|#########1| 529/578 [01:21<00:06,  7.97it/s]
Extract:  92%|#########1| 531/578 [01:21<00:05,  8.66it/s]
Extract:  92%|#########2| 533/578 [01:21<00:04,  9.29it/s]
Extract:  93%|#########2| 535/578 [01:21<00:04,  8.76it/s]
Extract:  93%|#########2| 537/578 [01:21<00:04,  8.30it/s]
Extract:  93%|#########3| 538/578 [01:22<00:05,  7.59it/s]
Extract:  93%|#########3| 540/578 [01:22<00:06,  5.77it/s]
Extract:  94%|#########3| 541/578 [01:22<00:06,  6.03it/s]
Extract:  94%|#########3| 543/578 [01:22<00:05,  6.90it/s]
Extract:  94%|#########4| 546/578 [01:23<00:04,  7.10it/s]
Extract:  95%|#########4| 547/578 [01:23<00:05,  5.45it/s]
Extract:  95%|#########5| 550/578 [01:23<00:03,  8.31it/s]
Extract:  96%|#########5| 553/578 [01:24<00:03,  7.58it/s]
Extract:  96%|#########6| 555/578 [01:25<00:05,  4.58it/s]
Extract:  96%|#########6| 556/578 [01:25<00:04,  4.79it/s]
Extract:  96%|#########6| 557/578 [01:25<00:04,  5.13it/s]
Extract:  97%|#########6| 560/578 [01:25<00:03,  5.71it/s]
Extract:  97%|#########7| 561/578 [01:26<00:02,  5.89it/s]
Extract:  97%|#########7| 562/578 [01:26<00:02,  6.18it/s]
Extract:  98%|#########7| 564/578 [01:26<00:02,  5.40it/s]
Extract:  98%|#########7| 565/578 [01:27<00:03,  3.84it/s]
Extract:  98%|#########7| 566/578 [01:27<00:02,  4.40it/s]
Extract:  98%|#########8| 567/578 [01:27<00:02,  4.67it/s]
Extract:  98%|#########8| 568/578 [01:27<00:02,  3.96it/s]
Extract:  99%|#########8| 570/578 [01:28<00:01,  5.88it/s]
Extract:  99%|#########8| 572/578 [01:28<00:00,  7.76it/s]
Extract:  99%|#########9| 575/578 [01:28<00:00,  9.96it/s]
Extract: 100%|#########9| 577/578 [01:28<00:00,  7.04it/s]
Extract: 100%|##########| 578/578 [01:28<00:00,  6.51it/s]

Extract:   0%|          | 0/578 [00:00<?, ?it/s]
Extract:   0%|          | 2/578 [00:00<00:37, 15.17it/s]
Extract:   1%|          | 4/578 [00:00<01:15,  7.57it/s]
Extract:   1%|          | 5/578 [00:00<01:23,  6.90it/s]
Extract:   1%|1         | 6/578 [00:00<01:27,  6.50it/s]
Extract:   1%|1         | 7/578 [00:01<01:49,  5.20it/s]
Extract:   1%|1         | 8/578 [00:01<02:13,  4.28it/s]
Extract:   2%|1         | 9/578 [00:01<02:26,  3.88it/s]
Extract:   2%|1         | 10/578 [00:02<02:29,  3.80it/s]
Extract:   2%|1         | 11/578 [00:02<02:18,  4.09it/s]
Extract:   2%|2         | 12/578 [00:02<02:41,  3.50it/s]
Extract:   2%|2         | 13/578 [00:02<02:27,  3.82it/s]
Extract:   2%|2         | 14/578 [00:03<03:24,  2.76it/s]
Extract:   3%|2         | 15/578 [00:03<03:50,  2.44it/s]
Extract:   3%|2         | 16/578 [00:04<03:09,  2.96it/s]
Extract:   3%|3         | 18/578 [00:04<01:54,  4.88it/s]
Extract:   3%|3         | 20/578 [00:04<01:25,  6.50it/s]
Extract:   4%|3         | 21/578 [00:05<02:38,  3.51it/s]
Extract:   4%|3         | 22/578 [00:05<02:29,  3.72it/s]
Extract:   4%|3         | 23/578 [00:05<02:28,  3.74it/s]
Extract:   4%|4         | 24/578 [00:05<02:31,  3.65it/s]
Extract:   4%|4         | 26/578 [00:06<01:47,  5.14it/s]
Extract:   5%|4         | 27/578 [00:06<02:58,  3.08it/s]
Extract:   5%|4         | 28/578 [00:06<02:33,  3.59it/s]
Extract:   5%|5         | 29/578 [00:07<02:16,  4.04it/s]
Extract:   5%|5         | 30/578 [00:07<02:21,  3.88it/s]
Extract:   5%|5         | 31/578 [00:07<02:32,  3.58it/s]
Extract:   6%|5         | 32/578 [00:07<02:07,  4.29it/s]
Extract:   6%|5         | 34/578 [00:07<01:26,  6.31it/s]
Extract:   6%|6         | 35/578 [00:08<01:21,  6.68it/s]
Extract:   6%|6         | 37/578 [00:08<01:31,  5.93it/s]
Extract:   7%|6         | 38/578 [00:08<01:35,  5.64it/s]
Extract:   7%|6         | 39/578 [00:08<01:25,  6.28it/s]
Extract:   7%|6         | 40/578 [00:09<02:22,  3.78it/s]
Extract:   7%|7         | 41/578 [00:09<02:36,  3.43it/s]
Extract:   7%|7         | 42/578 [00:10<03:29,  2.56it/s]
Extract:   7%|7         | 43/578 [00:10<04:00,  2.23it/s]
Extract:   8%|7         | 45/578 [00:11<02:24,  3.69it/s]
Extract:   8%|7         | 46/578 [00:11<02:03,  4.31it/s]
Extract:   8%|8         | 47/578 [00:11<02:02,  4.34it/s]
Extract:   8%|8         | 49/578 [00:11<01:24,  6.25it/s]
Extract:   9%|8         | 50/578 [00:11<01:42,  5.16it/s]
Extract:   9%|8         | 51/578 [00:12<02:10,  4.03it/s]
Extract:   9%|8         | 52/578 [00:12<02:30,  3.50it/s]
Extract:   9%|9         | 54/578 [00:13<02:03,  4.25it/s]
Extract:  10%|9         | 55/578 [00:13<02:14,  3.89it/s]
Extract:  10%|9         | 56/578 [00:13<02:00,  4.34it/s]
Extract:  10%|#         | 58/578 [00:13<01:40,  5.16it/s]
Extract:  10%|#         | 59/578 [00:14<01:49,  4.74it/s]
Extract:  10%|#         | 60/578 [00:14<01:59,  4.34it/s]
Extract:  11%|#         | 61/578 [00:14<02:30,  3.44it/s]
Extract:  11%|#         | 62/578 [00:14<02:07,  4.03it/s]
Extract:  11%|#1        | 64/578 [00:15<01:41,  5.06it/s]
Extract:  11%|#1        | 65/578 [00:15<01:59,  4.31it/s]
Extract:  12%|#1        | 67/578 [00:16<02:01,  4.21it/s]
Extract:  12%|#1        | 69/578 [00:16<01:32,  5.49it/s]
Extract:  12%|#2        | 71/578 [00:16<01:15,  6.71it/s]
Extract:  12%|#2        | 72/578 [00:16<01:11,  7.12it/s]
Extract:  13%|#2        | 73/578 [00:16<01:43,  4.86it/s]
Extract:  13%|#2        | 75/578 [00:17<01:20,  6.25it/s]
Extract:  13%|#3        | 76/578 [00:17<01:47,  4.68it/s]
Extract:  13%|#3        | 77/578 [00:18<03:56,  2.12it/s]
Extract:  14%|#3        | 79/578 [00:19<02:53,  2.87it/s]
Extract:  14%|#3        | 80/578 [00:19<02:53,  2.87it/s]
Extract:  14%|#4        | 81/578 [00:19<02:38,  3.13it/s]
Extract:  14%|#4        | 82/578 [00:19<02:23,  3.45it/s]
Extract:  14%|#4        | 83/578 [00:20<02:30,  3.29it/s]
Extract:  15%|#4        | 84/578 [00:20<03:18,  2.49it/s]
Extract:  15%|#4        | 85/578 [00:21<02:43,  3.02it/s]
Extract:  15%|#4        | 86/578 [00:21<02:35,  3.17it/s]
Extract:  15%|#5        | 88/578 [00:21<01:36,  5.08it/s]
Extract:  15%|#5        | 89/578 [00:21<02:11,  3.71it/s]
Extract:  16%|#5        | 90/578 [00:22<02:00,  4.04it/s]
Extract:  16%|#5        | 91/578 [00:22<02:34,  3.16it/s]
Extract:  16%|#5        | 92/578 [00:23<02:47,  2.89it/s]
Extract:  16%|#6        | 94/578 [00:23<02:10,  3.71it/s]
Extract:  17%|#6        | 96/578 [00:23<02:06,  3.82it/s]
Extract:  17%|#6        | 98/578 [00:24<01:49,  4.37it/s]
Extract:  17%|#7        | 99/578 [00:24<01:37,  4.92it/s]
Extract:  17%|#7        | 100/578 [00:24<01:40,  4.74it/s]
Extract:  17%|#7        | 101/578 [00:24<01:32,  5.15it/s]
Extract:  18%|#7        | 104/578 [00:24<00:56,  8.32it/s]
Extract:  18%|#8        | 106/578 [00:25<01:11,  6.56it/s]
Extract:  19%|#8        | 107/578 [00:25<01:43,  4.54it/s]
Extract:  19%|#8        | 108/578 [00:26<02:03,  3.79it/s]
Extract:  19%|#9        | 110/578 [00:26<01:34,  4.96it/s]
Extract:  19%|#9        | 111/578 [00:26<01:28,  5.26it/s]
Extract:  20%|#9        | 113/578 [00:26<01:06,  7.02it/s]
Extract:  20%|#9        | 114/578 [00:26<01:03,  7.36it/s]
Extract:  20%|#9        | 115/578 [00:26<01:00,  7.63it/s]
Extract:  20%|##        | 116/578 [00:27<01:10,  6.59it/s]
Extract:  20%|##        | 117/578 [00:27<01:44,  4.39it/s]
Extract:  21%|##        | 120/578 [00:28<01:27,  5.25it/s]
Extract:  21%|##        | 121/578 [00:28<02:08,  3.56it/s]
Extract:  21%|##1       | 123/578 [00:28<01:31,  4.95it/s]
Extract:  22%|##1       | 125/578 [00:29<01:32,  4.89it/s]
Extract:  22%|##1       | 126/578 [00:29<01:31,  4.92it/s]
Extract:  22%|##2       | 128/578 [00:29<01:17,  5.78it/s]
Extract:  22%|##2       | 130/578 [00:30<01:41,  4.42it/s]
Extract:  23%|##2       | 131/578 [00:30<01:52,  3.98it/s]
Extract:  23%|##2       | 132/578 [00:30<01:51,  4.00it/s]
Extract:  23%|##3       | 133/578 [00:31<01:49,  4.05it/s]
Extract:  23%|##3       | 135/578 [00:31<01:22,  5.37it/s]
Extract:  24%|##3       | 136/578 [00:31<01:14,  5.90it/s]
Extract:  24%|##3       | 137/578 [00:31<01:34,  4.69it/s]
Extract:  24%|##3       | 138/578 [00:32<01:52,  3.90it/s]
Extract:  24%|##4       | 139/578 [00:32<01:48,  4.03it/s]
Extract:  25%|##4       | 142/578 [00:32<01:00,  7.25it/s]
Extract:  25%|##5       | 146/578 [00:33<01:01,  7.07it/s]
Extract:  25%|##5       | 147/578 [00:33<01:04,  6.66it/s]
Extract:  26%|##5       | 148/578 [00:33<01:09,  6.15it/s]
Extract:  26%|##5       | 149/578 [00:34<02:03,  3.47it/s]
Extract:  26%|##5       | 150/578 [00:34<01:54,  3.74it/s]
Extract:  26%|##6       | 152/578 [00:34<01:21,  5.24it/s]
Extract:  26%|##6       | 153/578 [00:35<02:15,  3.13it/s]
Extract:  27%|##6       | 154/578 [00:35<02:00,  3.53it/s]
Extract:  27%|##6       | 155/578 [00:36<02:35,  2.73it/s]
Extract:  27%|##7       | 157/578 [00:36<01:48,  3.88it/s]
Extract:  27%|##7       | 158/578 [00:36<01:52,  3.74it/s]
Extract:  28%|##7       | 159/578 [00:36<01:38,  4.27it/s]
Extract:  28%|##7       | 160/578 [00:37<01:51,  3.74it/s]
Extract:  28%|##8       | 162/578 [00:37<01:17,  5.37it/s]
Extract:  28%|##8       | 163/578 [00:38<02:14,  3.08it/s]
Extract:  28%|##8       | 164/578 [00:38<01:56,  3.56it/s]
Extract:  29%|##8       | 165/578 [00:38<01:51,  3.71it/s]
Extract:  29%|##8       | 166/578 [00:38<01:41,  4.06it/s]
Extract:  29%|##8       | 167/578 [00:39<02:24,  2.84it/s]
Extract:  29%|##9       | 168/578 [00:39<02:05,  3.27it/s]
Extract:  29%|##9       | 169/578 [00:39<01:47,  3.82it/s]
Extract:  29%|##9       | 170/578 [00:39<01:41,  4.02it/s]
Extract:  30%|##9       | 171/578 [00:40<01:24,  4.80it/s]
Extract:  30%|##9       | 172/578 [00:40<01:47,  3.77it/s]
Extract:  30%|##9       | 173/578 [00:41<02:59,  2.25it/s]
Extract:  30%|###       | 174/578 [00:41<02:39,  2.54it/s]
Extract:  30%|###       | 175/578 [00:41<02:35,  2.60it/s]
Extract:  30%|###       | 176/578 [00:42<02:07,  3.15it/s]
Extract:  31%|###       | 177/578 [00:42<03:12,  2.08it/s]
Extract:  31%|###       | 178/578 [00:43<02:45,  2.41it/s]
Extract:  31%|###       | 179/578 [00:43<02:22,  2.81it/s]
Extract:  31%|###1      | 180/578 [00:44<02:55,  2.26it/s]
Extract:  31%|###1      | 181/578 [00:44<03:17,  2.01it/s]
Extract:  31%|###1      | 182/578 [00:45<02:59,  2.21it/s]
Extract:  32%|###1      | 184/578 [00:45<02:20,  2.80it/s]
Extract:  32%|###2      | 185/578 [00:46<03:18,  1.98it/s]
Extract:  32%|###2      | 186/578 [00:46<02:52,  2.27it/s]
Extract:  33%|###2      | 188/578 [00:47<02:07,  3.05it/s]
Extract:  33%|###2      | 189/578 [00:47<02:48,  2.31it/s]
Extract:  33%|###3      | 191/578 [00:48<02:42,  2.39it/s]
Extract:  33%|###3      | 192/578 [00:48<02:20,  2.74it/s]
Extract:  33%|###3      | 193/578 [00:49<02:00,  3.21it/s]
Extract:  34%|###3      | 194/578 [00:49<01:39,  3.85it/s]
Extract:  34%|###3      | 195/578 [00:49<01:24,  4.55it/s]
Extract:  34%|###4      | 197/578 [00:50<02:04,  3.07it/s]
Extract:  34%|###4      | 198/578 [00:50<02:01,  3.12it/s]
Extract:  34%|###4      | 199/578 [00:50<01:58,  3.20it/s]
Extract:  35%|###4      | 201/578 [00:51<02:14,  2.81it/s]
Extract:  35%|###4      | 202/578 [00:51<02:14,  2.80it/s]
Extract:  35%|###5      | 203/578 [00:52<03:06,  2.01it/s]
Extract:  35%|###5      | 205/578 [00:53<02:04,  3.00it/s]
Extract:  36%|###5      | 206/578 [00:53<01:50,  3.36it/s]
Extract:  36%|###5      | 207/578 [00:53<02:02,  3.02it/s]
Extract:  36%|###6      | 209/578 [00:53<01:31,  4.02it/s]
Extract:  36%|###6      | 210/578 [00:54<01:31,  4.02it/s]
Extract:  37%|###6      | 212/578 [00:55<01:58,  3.08it/s]
Extract:  37%|###6      | 213/578 [00:55<01:54,  3.19it/s]
Extract:  37%|###7      | 214/578 [00:55<01:49,  3.32it/s]
Extract:  37%|###7      | 215/578 [00:56<02:15,  2.67it/s]
Extract:  38%|###7      | 217/578 [00:56<01:41,  3.57it/s]
Extract:  38%|###7      | 219/578 [00:56<01:12,  4.98it/s]
Extract:  38%|###8      | 220/578 [00:56<01:11,  5.02it/s]
Extract:  38%|###8      | 221/578 [00:57<01:07,  5.31it/s]
Extract:  39%|###8      | 223/578 [00:57<00:55,  6.41it/s]
Extract:  39%|###8      | 224/578 [00:57<00:52,  6.70it/s]
Extract:  39%|###8      | 225/578 [00:57<01:33,  3.79it/s]
Extract:  39%|###9      | 226/578 [00:58<01:41,  3.46it/s]
Extract:  39%|###9      | 227/578 [00:58<01:35,  3.69it/s]
Extract:  40%|###9      | 229/578 [00:58<01:22,  4.25it/s]
Extract:  40%|###9      | 230/578 [00:59<01:51,  3.13it/s]
Extract:  40%|###9      | 231/578 [00:59<02:02,  2.84it/s]
Extract:  40%|####      | 232/578 [01:00<01:51,  3.09it/s]
Extract:  40%|####      | 233/578 [01:00<01:40,  3.45it/s]
Extract:  40%|####      | 234/578 [01:00<01:40,  3.42it/s]
Extract:  41%|####      | 235/578 [01:00<01:35,  3.57it/s]
Extract:  41%|####      | 236/578 [01:01<02:44,  2.08it/s]
Extract:  41%|####1     | 237/578 [01:02<03:07,  1.82it/s]
Extract:  41%|####1     | 239/578 [01:02<02:02,  2.78it/s]
Extract:  42%|####1     | 240/578 [01:03<01:51,  3.02it/s]
Extract:  42%|####1     | 242/578 [01:03<01:16,  4.41it/s]
Extract:  42%|####2     | 244/578 [01:04<01:36,  3.46it/s]
Extract:  42%|####2     | 245/578 [01:04<01:30,  3.69it/s]
Extract:  43%|####2     | 246/578 [01:04<01:18,  4.26it/s]
Extract:  43%|####2     | 247/578 [01:04<01:36,  3.44it/s]
Extract:  43%|####2     | 248/578 [01:05<01:54,  2.88it/s]
Extract:  43%|####3     | 249/578 [01:05<01:42,  3.21it/s]
Extract:  43%|####3     | 250/578 [01:05<01:31,  3.60it/s]
Extract:  43%|####3     | 251/578 [01:06<01:27,  3.74it/s]
Extract:  44%|####3     | 253/578 [01:06<01:05,  5.00it/s]
Extract:  44%|####4     | 255/578 [01:06<01:19,  4.06it/s]
Extract:  44%|####4     | 256/578 [01:08<02:32,  2.11it/s]
Extract:  44%|####4     | 257/578 [01:08<02:07,  2.52it/s]
Extract:  45%|####4     | 258/578 [01:08<01:47,  2.97it/s]
Extract:  45%|####4     | 259/578 [01:08<01:34,  3.39it/s]
Extract:  45%|####4     | 260/578 [01:08<01:21,  3.90it/s]
Extract:  45%|####5     | 261/578 [01:09<01:12,  4.35it/s]
Extract:  45%|####5     | 262/578 [01:09<01:38,  3.22it/s]
Extract:  46%|####5     | 263/578 [01:10<02:17,  2.29it/s]
Extract:  46%|####5     | 264/578 [01:10<01:48,  2.89it/s]
Extract:  46%|####5     | 265/578 [01:10<01:56,  2.68it/s]
Extract:  46%|####6     | 266/578 [01:11<01:54,  2.72it/s]
Extract:  46%|####6     | 267/578 [01:11<02:13,  2.33it/s]
Extract:  46%|####6     | 268/578 [01:11<01:48,  2.84it/s]
Extract:  47%|####6     | 269/578 [01:12<02:21,  2.18it/s]
Extract:  47%|####6     | 271/578 [01:12<01:26,  3.53it/s]
Extract:  47%|####7     | 273/578 [01:13<02:01,  2.51it/s]
Extract:  47%|####7     | 274/578 [01:14<02:33,  1.98it/s]
Extract:  48%|####7     | 275/578 [01:15<02:47,  1.81it/s]
Extract:  48%|####7     | 276/578 [01:15<02:27,  2.05it/s]
Extract:  48%|####7     | 277/578 [01:16<02:03,  2.43it/s]
Extract:  48%|####8     | 279/578 [01:16<01:17,  3.88it/s]
Extract:  48%|####8     | 280/578 [01:16<01:38,  3.04it/s]
Extract:  49%|####8     | 282/578 [01:16<01:14,  4.00it/s]
Extract:  49%|####8     | 283/578 [01:17<01:30,  3.25it/s]
Extract:  49%|####9     | 284/578 [01:17<01:22,  3.55it/s]
Extract:  49%|####9     | 285/578 [01:18<01:35,  3.07it/s]
Extract:  49%|####9     | 286/578 [01:18<01:41,  2.88it/s]
Extract:  50%|####9     | 287/578 [01:19<02:02,  2.38it/s]
Extract:  50%|####9     | 288/578 [01:19<01:43,  2.81it/s]
Extract:  50%|#####     | 289/578 [01:19<01:43,  2.80it/s]
Extract:  50%|#####     | 290/578 [01:20<02:18,  2.07it/s]
Extract:  50%|#####     | 291/578 [01:20<01:51,  2.58it/s]
Extract:  51%|#####     | 293/578 [01:20<01:11,  3.96it/s]
Extract:  51%|#####     | 294/578 [01:21<01:08,  4.16it/s]
Extract:  51%|#####1    | 295/578 [01:21<01:50,  2.56it/s]
Extract:  51%|#####1    | 296/578 [01:22<01:37,  2.90it/s]
Extract:  51%|#####1    | 297/578 [01:22<02:16,  2.05it/s]
Extract:  52%|#####1    | 299/578 [01:23<01:31,  3.06it/s]
Extract:  52%|#####1    | 300/578 [01:23<01:37,  2.85it/s]
Extract:  52%|#####2    | 301/578 [01:24<01:49,  2.52it/s]
Extract:  52%|#####2    | 303/578 [01:24<01:15,  3.64it/s]
Extract:  53%|#####2    | 304/578 [01:25<02:01,  2.25it/s]
Extract:  53%|#####2    | 305/578 [01:25<01:50,  2.47it/s]
Extract:  53%|#####3    | 307/578 [01:26<01:47,  2.53it/s]
Extract:  53%|#####3    | 308/578 [01:26<01:52,  2.40it/s]
Extract:  53%|#####3    | 309/578 [01:27<02:17,  1.96it/s]
Extract:  54%|#####3    | 310/578 [01:28<02:04,  2.15it/s]
Extract:  54%|#####3    | 311/578 [01:29<03:10,  1.40it/s]
Extract:  54%|#####3    | 312/578 [01:30<03:24,  1.30it/s]
Extract:  54%|#####4    | 313/578 [01:30<02:42,  1.63it/s]
Extract:  54%|#####4    | 314/578 [01:31<02:37,  1.68it/s]
Extract:  55%|#####4    | 316/578 [01:31<01:59,  2.19it/s]
Extract:  55%|#####5    | 318/578 [01:32<01:53,  2.28it/s]
Extract:  55%|#####5    | 319/578 [01:32<01:46,  2.43it/s]
Extract:  55%|#####5    | 320/578 [01:33<02:04,  2.07it/s]
Extract:  56%|#####5    | 321/578 [01:33<01:45,  2.44it/s]
Extract:  56%|#####5    | 322/578 [01:34<01:48,  2.37it/s]
Extract:  56%|#####5    | 323/578 [01:34<01:37,  2.61it/s]
Extract:  56%|#####6    | 325/578 [01:34<01:09,  3.64it/s]
Extract:  56%|#####6    | 326/578 [01:35<01:13,  3.43it/s]
Extract:  57%|#####6    | 327/578 [01:35<01:03,  3.97it/s]
Extract:  57%|#####6    | 328/578 [01:35<01:24,  2.97it/s]
Extract:  57%|#####6    | 329/578 [01:35<01:07,  3.68it/s]
Extract:  57%|#####7    | 330/578 [01:36<01:04,  3.87it/s]
Extract:  57%|#####7    | 331/578 [01:36<01:09,  3.57it/s]
Extract:  57%|#####7    | 332/578 [01:36<01:23,  2.94it/s]
Extract:  58%|#####7    | 334/578 [01:37<00:58,  4.19it/s]
Extract:  58%|#####7    | 335/578 [01:37<00:54,  4.45it/s]
Extract:  58%|#####8    | 337/578 [01:37<00:45,  5.26it/s]
Extract:  59%|#####8    | 339/578 [01:37<00:45,  5.28it/s]
Extract:  59%|#####8    | 340/578 [01:38<00:50,  4.68it/s]
Extract:  59%|#####8    | 341/578 [01:38<00:50,  4.65it/s]
Extract:  59%|#####9    | 342/578 [01:38<01:02,  3.79it/s]
Extract:  60%|#####9    | 344/578 [01:39<01:14,  3.13it/s]
Extract:  60%|#####9    | 345/578 [01:39<01:06,  3.48it/s]
Extract:  60%|#####9    | 346/578 [01:40<00:57,  4.05it/s]
Extract:  60%|######    | 347/578 [01:40<00:51,  4.51it/s]
Extract:  60%|######    | 348/578 [01:40<00:44,  5.12it/s]
Extract:  60%|######    | 349/578 [01:41<01:27,  2.62it/s]
Extract:  61%|######    | 350/578 [01:41<01:18,  2.89it/s]
Extract:  61%|######    | 351/578 [01:42<01:51,  2.04it/s]
Extract:  61%|######    | 352/578 [01:42<01:26,  2.62it/s]
Extract:  61%|######1   | 353/578 [01:42<01:24,  2.67it/s]
Extract:  61%|######1   | 355/578 [01:42<00:57,  3.85it/s]
Extract:  62%|######1   | 356/578 [01:44<01:38,  2.25it/s]
Extract:  62%|######1   | 357/578 [01:44<01:32,  2.38it/s]
Extract:  62%|######2   | 359/578 [01:44<01:11,  3.08it/s]
Extract:  62%|######2   | 360/578 [01:45<01:11,  3.05it/s]
Extract:  62%|######2   | 361/578 [01:45<01:01,  3.54it/s]
Extract:  63%|######2   | 362/578 [01:46<01:30,  2.39it/s]
Extract:  63%|######2   | 363/578 [01:46<01:15,  2.83it/s]
Extract:  63%|######2   | 364/578 [01:46<01:03,  3.38it/s]
Extract:  63%|######3   | 365/578 [01:46<01:03,  3.37it/s]
Extract:  63%|######3   | 366/578 [01:47<01:06,  3.18it/s]
Extract:  63%|######3   | 367/578 [01:47<01:34,  2.22it/s]
Extract:  64%|######3   | 368/578 [01:48<01:29,  2.36it/s]
Extract:  64%|######3   | 369/578 [01:48<01:53,  1.85it/s]
Extract:  64%|######4   | 371/578 [01:49<01:09,  2.98it/s]
Extract:  65%|######4   | 373/578 [01:50<01:17,  2.63it/s]
Extract:  65%|######4   | 374/578 [01:50<01:10,  2.90it/s]
Extract:  65%|######4   | 375/578 [01:50<00:58,  3.48it/s]
Extract:  65%|######5   | 376/578 [01:50<01:01,  3.29it/s]
Extract:  65%|######5   | 377/578 [01:51<01:05,  3.09it/s]
Extract:  65%|######5   | 378/578 [01:51<00:56,  3.53it/s]
Extract:  66%|######5   | 379/578 [01:51<00:49,  4.02it/s]
Extract:  66%|######5   | 380/578 [01:51<00:59,  3.35it/s]
Extract:  66%|######5   | 381/578 [01:52<00:55,  3.58it/s]
Extract:  66%|######6   | 382/578 [01:52<01:18,  2.49it/s]
Extract:  66%|######6   | 383/578 [01:53<01:09,  2.80it/s]
Extract:  66%|######6   | 384/578 [01:53<01:16,  2.54it/s]
Extract:  67%|######6   | 386/578 [01:53<00:53,  3.57it/s]
Extract:  67%|######6   | 387/578 [01:54<00:56,  3.39it/s]
Extract:  67%|######7   | 388/578 [01:54<00:46,  4.06it/s]
Extract:  67%|######7   | 390/578 [01:54<00:34,  5.50it/s]
Extract:  68%|######7   | 391/578 [01:54<00:36,  5.16it/s]
Extract:  68%|######7   | 392/578 [01:54<00:37,  4.96it/s]
Extract:  68%|######7   | 393/578 [01:55<00:43,  4.28it/s]
Extract:  68%|######8   | 394/578 [01:55<00:43,  4.22it/s]
Extract:  68%|######8   | 395/578 [01:55<00:45,  4.02it/s]
Extract:  69%|######8   | 397/578 [01:56<00:42,  4.22it/s]
Extract:  69%|######8   | 398/578 [01:56<00:40,  4.40it/s]
Extract:  69%|######9   | 399/578 [01:56<00:38,  4.60it/s]
Extract:  69%|######9   | 400/578 [01:56<00:35,  5.02it/s]
Extract:  69%|######9   | 401/578 [01:56<00:35,  5.03it/s]
Extract:  70%|######9   | 402/578 [01:57<00:33,  5.28it/s]
Extract:  70%|######9   | 403/578 [01:57<00:44,  3.93it/s]
Extract:  70%|######9   | 404/578 [01:57<00:37,  4.65it/s]
Extract:  70%|#######   | 405/578 [01:57<00:33,  5.23it/s]
Extract:  70%|#######   | 406/578 [01:58<00:39,  4.39it/s]
Extract:  70%|#######   | 407/578 [01:58<00:51,  3.30it/s]
Extract:  71%|#######   | 408/578 [01:59<01:20,  2.12it/s]
Extract:  71%|#######   | 409/578 [01:59<01:01,  2.76it/s]
Extract:  71%|#######   | 410/578 [01:59<00:57,  2.94it/s]
Extract:  71%|#######1  | 412/578 [02:00<00:41,  3.96it/s]
Extract:  71%|#######1  | 413/578 [02:00<00:50,  3.30it/s]
Extract:  72%|#######1  | 415/578 [02:00<00:38,  4.28it/s]
Extract:  72%|#######1  | 416/578 [02:01<00:39,  4.10it/s]
Extract:  72%|#######2  | 417/578 [02:01<00:35,  4.59it/s]
Extract:  72%|#######2  | 418/578 [02:01<00:37,  4.24it/s]
Extract:  72%|#######2  | 419/578 [02:01<00:40,  3.92it/s]
Extract:  73%|#######2  | 421/578 [02:02<00:50,  3.10it/s]
Extract:  73%|#######3  | 424/578 [02:03<00:35,  4.31it/s]
Extract:  74%|#######3  | 425/578 [02:03<00:46,  3.26it/s]
Extract:  74%|#######3  | 426/578 [02:04<00:54,  2.80it/s]
Extract:  74%|#######3  | 427/578 [02:05<01:08,  2.22it/s]
Extract:  74%|#######4  | 428/578 [02:06<01:34,  1.58it/s]
Extract:  74%|#######4  | 429/578 [02:07<01:46,  1.40it/s]
Extract:  75%|#######4  | 431/578 [02:07<01:09,  2.11it/s]
Extract:  75%|#######4  | 432/578 [02:07<01:04,  2.26it/s]
Extract:  75%|#######4  | 433/578 [02:07<00:52,  2.74it/s]
Extract:  75%|#######5  | 434/578 [02:08<01:09,  2.07it/s]
Extract:  75%|#######5  | 435/578 [02:08<00:59,  2.40it/s]
Extract:  76%|#######5  | 437/578 [02:09<00:43,  3.24it/s]
Extract:  76%|#######5  | 438/578 [02:09<00:41,  3.36it/s]
Extract:  76%|#######5  | 439/578 [02:10<00:45,  3.04it/s]
Extract:  76%|#######6  | 441/578 [02:10<00:48,  2.80it/s]
Extract:  76%|#######6  | 442/578 [02:11<00:43,  3.11it/s]
Extract:  77%|#######6  | 443/578 [02:11<00:53,  2.54it/s]
Extract:  77%|#######6  | 444/578 [02:11<00:45,  2.95it/s]
Extract:  77%|#######6  | 445/578 [02:12<01:00,  2.19it/s]
Extract:  77%|#######7  | 447/578 [02:12<00:39,  3.30it/s]
Extract:  78%|#######7  | 448/578 [02:12<00:33,  3.92it/s]
Extract:  78%|#######7  | 449/578 [02:13<00:28,  4.50it/s]
Extract:  78%|#######7  | 450/578 [02:13<00:51,  2.48it/s]
Extract:  78%|#######8  | 451/578 [02:14<01:05,  1.93it/s]
Extract:  78%|#######8  | 452/578 [02:14<00:54,  2.33it/s]
Extract:  78%|#######8  | 453/578 [02:15<00:41,  2.98it/s]
Extract:  79%|#######8  | 454/578 [02:15<00:36,  3.37it/s]
Extract:  79%|#######8  | 455/578 [02:15<00:31,  3.93it/s]
Extract:  79%|#######8  | 456/578 [02:15<00:27,  4.48it/s]
Extract:  79%|#######9  | 458/578 [02:16<00:29,  4.05it/s]
Extract:  79%|#######9  | 459/578 [02:16<00:26,  4.57it/s]
Extract:  80%|#######9  | 461/578 [02:16<00:21,  5.48it/s]
Extract:  80%|#######9  | 462/578 [02:16<00:20,  5.60it/s]
Extract:  80%|########  | 463/578 [02:17<00:28,  3.97it/s]
Extract:  80%|########  | 465/578 [02:17<00:20,  5.45it/s]
Extract:  81%|########  | 466/578 [02:17<00:25,  4.40it/s]
Extract:  81%|########  | 467/578 [02:18<00:39,  2.79it/s]
Extract:  81%|########  | 468/578 [02:19<00:52,  2.10it/s]
Extract:  81%|########1 | 469/578 [02:19<00:42,  2.54it/s]
Extract:  81%|########1 | 470/578 [02:19<00:41,  2.62it/s]
Extract:  81%|########1 | 471/578 [02:20<00:42,  2.53it/s]
Extract:  82%|########1 | 472/578 [02:20<00:41,  2.57it/s]
Extract:  82%|########1 | 473/578 [02:21<00:51,  2.03it/s]
Extract:  82%|########2 | 474/578 [02:21<00:47,  2.19it/s]
Extract:  82%|########2 | 475/578 [02:21<00:38,  2.66it/s]
Extract:  82%|########2 | 476/578 [02:22<00:54,  1.87it/s]
Extract:  83%|########2 | 477/578 [02:22<00:42,  2.38it/s]
Extract:  83%|########2 | 479/578 [02:23<00:26,  3.67it/s]
Extract:  83%|########3 | 481/578 [02:23<00:20,  4.70it/s]
Extract:  84%|########3 | 483/578 [02:23<00:15,  6.09it/s]
Extract:  84%|########3 | 485/578 [02:23<00:11,  7.83it/s]
Extract:  84%|########4 | 487/578 [02:23<00:10,  8.56it/s]
Extract:  85%|########4 | 489/578 [02:24<00:13,  6.44it/s]
Extract:  85%|########4 | 490/578 [02:24<00:12,  6.83it/s]
Extract:  85%|########4 | 491/578 [02:24<00:17,  4.93it/s]
Extract:  85%|########5 | 492/578 [02:25<00:18,  4.60it/s]
Extract:  85%|########5 | 493/578 [02:25<00:17,  4.89it/s]
Extract:  85%|########5 | 494/578 [02:25<00:17,  4.90it/s]
Extract:  86%|########5 | 496/578 [02:25<00:12,  6.76it/s]
Extract:  86%|########6 | 498/578 [02:26<00:14,  5.52it/s]
Extract:  87%|########6 | 501/578 [02:26<00:09,  8.09it/s]
Extract:  87%|########7 | 504/578 [02:26<00:08,  8.41it/s]
Extract:  88%|########7 | 506/578 [02:27<00:10,  7.00it/s]
Extract:  88%|########7 | 508/578 [02:27<00:09,  7.55it/s]
Extract:  88%|########8 | 510/578 [02:27<00:09,  7.10it/s]
Extract:  89%|########8 | 512/578 [02:27<00:08,  7.41it/s]
Extract:  89%|########8 | 514/578 [02:27<00:07,  9.05it/s]
Extract:  89%|########9 | 516/578 [02:28<00:10,  5.80it/s]
Extract:  89%|########9 | 517/578 [02:28<00:12,  4.80it/s]
Extract:  90%|########9 | 519/578 [02:29<00:09,  5.91it/s]
Extract:  90%|########9 | 520/578 [02:29<00:09,  6.03it/s]
Extract:  90%|######### | 522/578 [02:29<00:07,  7.47it/s]
Extract:  90%|######### | 523/578 [02:29<00:07,  7.06it/s]
Extract:  91%|######### | 524/578 [02:29<00:07,  7.17it/s]
Extract:  91%|#########1| 526/578 [02:30<00:09,  5.75it/s]
Extract:  91%|#########1| 528/578 [02:30<00:06,  7.48it/s]
Extract:  92%|#########1| 529/578 [02:30<00:06,  7.46it/s]
Extract:  92%|#########1| 530/578 [02:30<00:06,  7.78it/s]
Extract:  92%|#########2| 532/578 [02:30<00:05,  8.95it/s]
Extract:  92%|#########2| 534/578 [02:30<00:04,  8.92it/s]
Extract:  93%|#########2| 537/578 [02:31<00:03, 10.77it/s]
Extract:  93%|#########3| 539/578 [02:31<00:03,  9.94it/s]
Extract:  94%|#########3| 541/578 [02:31<00:05,  7.16it/s]
Extract:  94%|#########3| 543/578 [02:31<00:04,  8.17it/s]
Extract:  94%|#########4| 546/578 [02:32<00:04,  6.82it/s]
Extract:  95%|#########4| 547/578 [02:33<00:06,  4.62it/s]
Extract:  95%|#########5| 550/578 [02:33<00:04,  6.52it/s]
Extract:  96%|#########5| 553/578 [02:33<00:04,  6.05it/s]
Extract:  96%|#########5| 554/578 [02:34<00:05,  4.27it/s]
Extract:  96%|#########6| 555/578 [02:34<00:06,  3.83it/s]
Extract:  96%|#########6| 556/578 [02:35<00:05,  3.91it/s]
Extract:  96%|#########6| 557/578 [02:35<00:05,  4.01it/s]
Extract:  97%|#########6| 560/578 [02:35<00:03,  5.17it/s]
Extract:  97%|#########7| 561/578 [02:35<00:03,  5.12it/s]
Extract:  98%|#########7| 564/578 [02:36<00:03,  4.30it/s]
Extract:  98%|#########7| 565/578 [02:37<00:03,  3.98it/s]
Extract:  98%|#########8| 567/578 [02:37<00:02,  4.70it/s]
Extract:  98%|#########8| 568/578 [02:37<00:02,  3.81it/s]
Extract:  99%|#########8| 570/578 [02:37<00:01,  5.29it/s]
Extract:  99%|#########8| 572/578 [02:38<00:00,  6.52it/s]
Extract:  99%|#########9| 574/578 [02:38<00:00,  8.19it/s]
Extract: 100%|#########9| 576/578 [02:38<00:00,  5.73it/s]
Extract: 100%|##########| 578/578 [02:38<00:00,  3.64it/s]

Extract:   0%|          | 0/578 [00:00<?, ?it/s]
Extract:   0%|          | 2/578 [00:00<00:35, 16.28it/s]
Extract:   1%|          | 4/578 [00:00<01:05,  8.76it/s]
Extract:   1%|1         | 6/578 [00:00<01:07,  8.47it/s]
Extract:   1%|1         | 7/578 [00:01<01:47,  5.31it/s]
Extract:   1%|1         | 8/578 [00:01<02:22,  4.00it/s]
Extract:   2%|1         | 9/578 [00:01<02:16,  4.18it/s]
Extract:   2%|1         | 10/578 [00:01<02:13,  4.25it/s]
Extract:   2%|1         | 11/578 [00:02<02:12,  4.28it/s]
Extract:   2%|2         | 12/578 [00:02<02:35,  3.65it/s]
Extract:   2%|2         | 14/578 [00:03<02:31,  3.73it/s]
Extract:   3%|2         | 15/578 [00:03<02:57,  3.17it/s]
Extract:   3%|2         | 16/578 [00:03<02:32,  3.67it/s]
Extract:   3%|3         | 18/578 [00:03<01:40,  5.55it/s]
Extract:   3%|3         | 20/578 [00:03<01:17,  7.16it/s]
Extract:   4%|3         | 22/578 [00:04<01:53,  4.89it/s]
Extract:   4%|3         | 23/578 [00:04<02:04,  4.46it/s]
Extract:   4%|4         | 24/578 [00:05<02:02,  4.54it/s]
Extract:   4%|4         | 26/578 [00:05<01:27,  6.29it/s]
Extract:   5%|4         | 27/578 [00:05<01:55,  4.78it/s]
Extract:   5%|4         | 28/578 [00:05<01:42,  5.38it/s]
Extract:   5%|5         | 29/578 [00:05<01:30,  6.05it/s]
Extract:   5%|5         | 30/578 [00:05<01:26,  6.32it/s]
Extract:   5%|5         | 31/578 [00:06<01:30,  6.07it/s]
Extract:   6%|5         | 33/578 [00:06<01:02,  8.73it/s]
Extract:   6%|6         | 35/578 [00:06<00:57,  9.49it/s]
Extract:   6%|6         | 37/578 [00:06<00:59,  9.09it/s]
Extract:   7%|6         | 39/578 [00:07<01:11,  7.56it/s]
Extract:   7%|6         | 40/578 [00:07<01:12,  7.45it/s]
Extract:   7%|7         | 41/578 [00:07<01:12,  7.44it/s]
Extract:   7%|7         | 42/578 [00:07<02:07,  4.22it/s]
Extract:   7%|7         | 43/578 [00:08<02:22,  3.76it/s]
Extract:   8%|7         | 45/578 [00:08<01:37,  5.49it/s]
Extract:   8%|8         | 47/578 [00:08<01:21,  6.54it/s]
Extract:   8%|8         | 49/578 [00:08<01:02,  8.50it/s]
Extract:   9%|8         | 51/578 [00:09<01:39,  5.27it/s]
Extract:   9%|8         | 52/578 [00:09<02:05,  4.20it/s]
Extract:   9%|9         | 54/578 [00:10<02:03,  4.25it/s]
Extract:  10%|9         | 55/578 [00:10<01:59,  4.38it/s]
Extract:  10%|9         | 56/578 [00:10<01:48,  4.81it/s]
Extract:  10%|#         | 58/578 [00:10<01:37,  5.36it/s]
Extract:  10%|#         | 59/578 [00:11<01:52,  4.61it/s]
Extract:  10%|#         | 60/578 [00:11<02:03,  4.18it/s]
Extract:  11%|#         | 61/578 [00:11<02:35,  3.33it/s]
Extract:  11%|#         | 63/578 [00:12<01:48,  4.77it/s]
Extract:  11%|#1        | 64/578 [00:12<01:51,  4.59it/s]
Extract:  11%|#1        | 65/578 [00:12<02:12,  3.87it/s]
Extract:  12%|#1        | 67/578 [00:13<02:55,  2.91it/s]
Extract:  12%|#1        | 69/578 [00:13<02:12,  3.84it/s]
Extract:  12%|#2        | 71/578 [00:14<01:38,  5.14it/s]
Extract:  13%|#2        | 73/578 [00:14<01:42,  4.92it/s]
Extract:  13%|#2        | 75/578 [00:14<01:21,  6.19it/s]
Extract:  13%|#3        | 76/578 [00:14<01:18,  6.39it/s]
Extract:  13%|#3        | 77/578 [00:15<01:42,  4.87it/s]
Extract:  14%|#3        | 80/578 [00:15<01:34,  5.28it/s]
Extract:  14%|#4        | 81/578 [00:15<01:29,  5.55it/s]
Extract:  14%|#4        | 82/578 [00:16<01:31,  5.45it/s]
Extract:  14%|#4        | 83/578 [00:16<01:41,  4.88it/s]
Extract:  15%|#4        | 84/578 [00:17<03:16,  2.52it/s]
Extract:  15%|#4        | 85/578 [00:17<02:48,  2.93it/s]
Extract:  15%|#4        | 86/578 [00:17<02:33,  3.20it/s]
Extract:  15%|#5        | 87/578 [00:17<02:06,  3.88it/s]
Extract:  15%|#5        | 88/578 [00:17<01:49,  4.46it/s]
Extract:  15%|#5        | 89/578 [00:18<03:29,  2.34it/s]
Extract:  16%|#5        | 90/578 [00:19<04:02,  2.02it/s]
Extract:  16%|#5        | 91/578 [00:20<06:03,  1.34it/s]
Extract:  16%|#5        | 92/578 [00:21<06:34,  1.23it/s]
Extract:  16%|#6        | 93/578 [00:22<04:59,  1.62it/s]
Extract:  16%|#6        | 94/578 [00:22<04:27,  1.81it/s]
Extract:  17%|#6        | 96/578 [00:23<04:02,  1.99it/s]
Extract:  17%|#6        | 97/578 [00:23<03:27,  2.32it/s]
Extract:  17%|#6        | 98/578 [00:23<03:27,  2.31it/s]
Extract:  17%|#7        | 99/578 [00:24<02:56,  2.71it/s]
Extract:  17%|#7        | 100/578 [00:24<03:03,  2.61it/s]
Extract:  17%|#7        | 101/578 [00:24<02:44,  2.91it/s]
Extract:  18%|#7        | 103/578 [00:25<01:48,  4.38it/s]
Extract:  18%|#8        | 105/578 [00:25<02:28,  3.19it/s]
Extract:  18%|#8        | 106/578 [00:26<02:16,  3.45it/s]
Extract:  19%|#8        | 107/578 [00:27<03:25,  2.29it/s]
Extract:  19%|#8        | 108/578 [00:27<03:24,  2.30it/s]
Extract:  19%|#9        | 110/578 [00:27<02:37,  2.97it/s]
Extract:  19%|#9        | 111/578 [00:28<02:35,  3.00it/s]
Extract:  20%|#9        | 113/578 [00:28<01:54,  4.07it/s]
Extract:  20%|#9        | 114/578 [00:28<01:49,  4.22it/s]
Extract:  20%|#9        | 115/578 [00:28<01:47,  4.30it/s]
Extract:  20%|##        | 116/578 [00:29<02:04,  3.70it/s]
Extract:  20%|##        | 117/578 [00:29<02:43,  2.81it/s]
Extract:  21%|##        | 119/578 [00:29<01:43,  4.43it/s]
Extract:  21%|##        | 120/578 [00:30<02:50,  2.69it/s]
Extract:  21%|##        | 121/578 [00:31<04:29,  1.69it/s]
Extract:  21%|##1       | 122/578 [00:32<03:33,  2.14it/s]
Extract:  21%|##1       | 123/578 [00:32<02:48,  2.70it/s]
Extract:  21%|##1       | 124/578 [00:32<02:21,  3.21it/s]
Extract:  22%|##1       | 125/578 [00:33<03:22,  2.24it/s]
Extract:  22%|##1       | 126/578 [00:33<03:13,  2.33it/s]
Extract:  22%|##1       | 127/578 [00:33<02:31,  2.98it/s]
Extract:  22%|##2       | 128/578 [00:33<02:19,  3.24it/s]
Extract:  22%|##2       | 130/578 [00:34<02:37,  2.85it/s]
Extract:  23%|##2       | 131/578 [00:35<03:37,  2.05it/s]
Extract:  23%|##2       | 132/578 [00:35<03:10,  2.34it/s]
Extract:  23%|##3       | 133/578 [00:36<03:20,  2.22it/s]
Extract:  23%|##3       | 134/578 [00:36<02:52,  2.58it/s]
Extract:  23%|##3       | 135/578 [00:36<02:33,  2.89it/s]
Extract:  24%|##3       | 136/578 [00:37<02:37,  2.81it/s]
Extract:  24%|##3       | 137/578 [00:38<04:26,  1.65it/s]
Extract:  24%|##3       | 138/578 [00:39<05:13,  1.40it/s]
Extract:  24%|##4       | 139/578 [00:39<04:45,  1.54it/s]
Extract:  24%|##4       | 141/578 [00:40<02:50,  2.56it/s]
Extract:  25%|##4       | 143/578 [00:40<01:52,  3.87it/s]
Extract:  25%|##5       | 146/578 [00:41<02:15,  3.19it/s]
Extract:  25%|##5       | 147/578 [00:41<02:12,  3.25it/s]
Extract:  26%|##5       | 148/578 [00:41<02:13,  3.23it/s]
Extract:  26%|##5       | 149/578 [00:42<03:15,  2.19it/s]
Extract:  26%|##5       | 150/578 [00:43<02:57,  2.40it/s]
Extract:  26%|##6       | 152/578 [00:43<01:58,  3.59it/s]
Extract:  26%|##6       | 153/578 [00:44<03:46,  1.88it/s]
Extract:  27%|##6       | 154/578 [00:44<03:07,  2.26it/s]
Extract:  27%|##6       | 155/578 [00:45<03:43,  1.89it/s]
Extract:  27%|##6       | 156/578 [00:45<02:56,  2.39it/s]
Extract:  27%|##7       | 157/578 [00:45<02:27,  2.86it/s]
Extract:  27%|##7       | 158/578 [00:46<02:08,  3.27it/s]
Extract:  28%|##7       | 159/578 [00:46<01:48,  3.85it/s]
Extract:  28%|##7       | 160/578 [00:46<02:16,  3.05it/s]
Extract:  28%|##8       | 162/578 [00:47<01:33,  4.46it/s]
Extract:  28%|##8       | 163/578 [00:48<03:03,  2.26it/s]
Extract:  28%|##8       | 164/578 [00:48<02:49,  2.44it/s]
Extract:  29%|##8       | 165/578 [00:48<02:36,  2.64it/s]
Extract:  29%|##8       | 166/578 [00:49<02:22,  2.90it/s]
Extract:  29%|##8       | 167/578 [00:49<03:27,  1.98it/s]
Extract:  29%|##9       | 168/578 [00:50<02:53,  2.36it/s]
Extract:  29%|##9       | 169/578 [00:50<02:29,  2.73it/s]
Extract:  29%|##9       | 170/578 [00:50<02:18,  2.94it/s]
Extract:  30%|##9       | 171/578 [00:50<01:54,  3.54it/s]
Extract:  30%|##9       | 172/578 [00:51<02:19,  2.92it/s]
Extract:  30%|##9       | 173/578 [00:52<03:39,  1.84it/s]
Extract:  30%|###       | 174/578 [00:53<04:16,  1.58it/s]
Extract:  30%|###       | 175/578 [00:53<03:21,  2.00it/s]
Extract:  30%|###       | 176/578 [00:53<02:45,  2.42it/s]
Extract:  31%|###       | 177/578 [00:54<03:48,  1.76it/s]
Extract:  31%|###       | 178/578 [00:54<03:12,  2.08it/s]
Extract:  31%|###       | 179/578 [00:55<02:46,  2.39it/s]
Extract:  31%|###1      | 180/578 [00:55<03:36,  1.83it/s]
Extract:  31%|###1      | 181/578 [00:56<04:19,  1.53it/s]
Extract:  31%|###1      | 182/578 [00:57<03:51,  1.71it/s]
Extract:  32%|###1      | 183/578 [00:57<02:54,  2.26it/s]
Extract:  32%|###1      | 184/578 [00:57<03:00,  2.19it/s]
Extract:  32%|###2      | 185/578 [00:58<04:02,  1.62it/s]
Extract:  32%|###2      | 186/578 [00:59<03:25,  1.91it/s]
Extract:  33%|###2      | 188/578 [00:59<02:28,  2.63it/s]
Extract:  33%|###2      | 189/578 [01:00<04:06,  1.58it/s]
Extract:  33%|###3      | 191/578 [01:01<03:28,  1.86it/s]
Extract:  33%|###3      | 192/578 [01:01<02:58,  2.16it/s]
Extract:  33%|###3      | 193/578 [01:02<02:29,  2.57it/s]
Extract:  34%|###3      | 194/578 [01:02<02:05,  3.06it/s]
Extract:  34%|###3      | 195/578 [01:02<01:45,  3.64it/s]
Extract:  34%|###4      | 197/578 [01:03<02:23,  2.66it/s]
Extract:  34%|###4      | 198/578 [01:03<02:23,  2.65it/s]
Extract:  35%|###4      | 201/578 [01:04<02:15,  2.78it/s]
Extract:  35%|###4      | 202/578 [01:05<02:15,  2.77it/s]
Extract:  35%|###5      | 203/578 [01:06<03:02,  2.05it/s]
Extract:  35%|###5      | 205/578 [01:06<02:04,  2.99it/s]
Extract:  36%|###5      | 206/578 [01:06<01:58,  3.15it/s]
Extract:  36%|###5      | 207/578 [01:07<02:19,  2.65it/s]
Extract:  36%|###6      | 209/578 [01:07<01:43,  3.56it/s]
Extract:  36%|###6      | 210/578 [01:07<01:45,  3.47it/s]
Extract:  37%|###6      | 212/578 [01:09<02:47,  2.19it/s]
Extract:  37%|###6      | 213/578 [01:09<02:32,  2.40it/s]
Extract:  37%|###7      | 215/578 [01:10<02:23,  2.52it/s]
Extract:  37%|###7      | 216/578 [01:10<02:01,  2.98it/s]
Extract:  38%|###7      | 217/578 [01:10<01:59,  3.03it/s]
Extract:  38%|###7      | 219/578 [01:10<01:21,  4.41it/s]
Extract:  38%|###8      | 220/578 [01:10<01:24,  4.24it/s]
Extract:  38%|###8      | 221/578 [01:11<01:24,  4.22it/s]
Extract:  39%|###8      | 223/578 [01:11<01:07,  5.25it/s]
Extract:  39%|###8      | 224/578 [01:11<01:05,  5.40it/s]
Extract:  39%|###8      | 225/578 [01:12<01:53,  3.12it/s]
Extract:  39%|###9      | 226/578 [01:12<02:00,  2.92it/s]
Extract:  39%|###9      | 227/578 [01:13<01:54,  3.08it/s]
Extract:  40%|###9      | 229/578 [01:13<01:41,  3.44it/s]
Extract:  40%|###9      | 230/578 [01:14<02:16,  2.54it/s]
Extract:  40%|###9      | 231/578 [01:14<02:28,  2.34it/s]
Extract:  40%|####      | 232/578 [01:15<02:15,  2.55it/s]
Extract:  40%|####      | 233/578 [01:15<01:59,  2.88it/s]
Extract:  40%|####      | 234/578 [01:15<01:54,  3.02it/s]
Extract:  41%|####      | 235/578 [01:15<01:47,  3.20it/s]
Extract:  41%|####      | 236/578 [01:16<02:44,  2.07it/s]
Extract:  41%|####1     | 237/578 [01:18<04:07,  1.38it/s]
Extract:  41%|####1     | 239/578 [01:18<02:34,  2.19it/s]
Extract:  42%|####1     | 240/578 [01:18<02:15,  2.49it/s]
Extract:  42%|####1     | 242/578 [01:18<01:30,  3.70it/s]
Extract:  42%|####2     | 244/578 [01:19<01:49,  3.04it/s]
Extract:  42%|####2     | 245/578 [01:19<01:38,  3.37it/s]
Extract:  43%|####2     | 246/578 [01:19<01:25,  3.86it/s]
Extract:  43%|####2     | 247/578 [01:20<01:45,  3.13it/s]
Extract:  43%|####2     | 248/578 [01:20<02:05,  2.63it/s]
Extract:  43%|####3     | 249/578 [01:21<02:00,  2.74it/s]
Extract:  43%|####3     | 250/578 [01:21<01:49,  3.01it/s]
Extract:  43%|####3     | 251/578 [01:21<01:43,  3.15it/s]
Extract:  44%|####3     | 252/578 [01:21<01:23,  3.88it/s]
Extract:  44%|####3     | 253/578 [01:22<01:15,  4.28it/s]
Extract:  44%|####4     | 255/578 [01:22<01:27,  3.70it/s]
Extract:  44%|####4     | 256/578 [01:23<02:10,  2.48it/s]
Extract:  44%|####4     | 257/578 [01:23<01:50,  2.92it/s]
Extract:  45%|####4     | 258/578 [01:23<01:34,  3.40it/s]
Extract:  45%|####4     | 259/578 [01:24<01:24,  3.79it/s]
Extract:  45%|####4     | 260/578 [01:24<01:13,  4.32it/s]
Extract:  45%|####5     | 261/578 [01:24<01:08,  4.66it/s]
Extract:  45%|####5     | 262/578 [01:24<01:36,  3.27it/s]
Extract:  46%|####5     | 263/578 [01:25<02:34,  2.04it/s]
Extract:  46%|####5     | 264/578 [01:25<02:01,  2.58it/s]
Extract:  46%|####5     | 265/578 [01:27<03:00,  1.74it/s]
Extract:  46%|####6     | 266/578 [01:27<02:45,  1.89it/s]
Extract:  46%|####6     | 267/578 [01:28<03:06,  1.67it/s]
Extract:  46%|####6     | 268/578 [01:28<02:29,  2.08it/s]
Extract:  47%|####6     | 269/578 [01:28<02:38,  1.95it/s]
Extract:  47%|####6     | 271/578 [01:29<01:37,  3.15it/s]
Extract:  47%|####7     | 273/578 [01:30<01:57,  2.59it/s]
Extract:  47%|####7     | 274/578 [01:31<02:37,  1.92it/s]
Extract:  48%|####7     | 275/578 [01:31<02:53,  1.75it/s]
Extract:  48%|####7     | 276/578 [01:32<02:37,  1.92it/s]
Extract:  48%|####7     | 277/578 [01:32<02:08,  2.33it/s]
Extract:  48%|####8     | 279/578 [01:32<01:21,  3.68it/s]
Extract:  48%|####8     | 280/578 [01:33<01:48,  2.75it/s]
Extract:  49%|####8     | 282/578 [01:33<01:20,  3.68it/s]
Extract:  49%|####8     | 283/578 [01:33<01:35,  3.07it/s]
Extract:  49%|####9     | 284/578 [01:34<01:24,  3.50it/s]
Extract:  49%|####9     | 285/578 [01:34<01:29,  3.27it/s]
Extract:  49%|####9     | 286/578 [01:35<02:20,  2.08it/s]
Extract:  50%|####9     | 287/578 [01:35<02:01,  2.40it/s]
Extract:  50%|####9     | 288/578 [01:35<01:44,  2.77it/s]
Extract:  50%|#####     | 289/578 [01:36<01:44,  2.77it/s]
Extract:  50%|#####     | 290/578 [01:37<02:26,  1.97it/s]
Extract:  50%|#####     | 291/578 [01:37<01:59,  2.39it/s]
Extract:  51%|#####     | 292/578 [01:37<01:33,  3.07it/s]
Extract:  51%|#####     | 294/578 [01:37<01:12,  3.92it/s]
Extract:  51%|#####1    | 295/578 [01:38<02:01,  2.33it/s]
Extract:  51%|#####1    | 296/578 [01:38<01:44,  2.69it/s]
Extract:  51%|#####1    | 297/578 [01:39<02:27,  1.90it/s]
Extract:  52%|#####1    | 298/578 [01:40<01:53,  2.46it/s]
Extract:  52%|#####1    | 299/578 [01:40<01:34,  2.94it/s]
Extract:  52%|#####1    | 300/578 [01:40<01:25,  3.25it/s]
Extract:  52%|#####2    | 301/578 [01:41<01:53,  2.44it/s]
Extract:  52%|#####2    | 302/578 [01:41<02:01,  2.27it/s]
Extract:  52%|#####2    | 303/578 [01:41<01:40,  2.72it/s]
Extract:  53%|#####2    | 304/578 [01:42<02:33,  1.79it/s]
Extract:  53%|#####2    | 305/578 [01:43<02:16,  1.99it/s]
Extract:  53%|#####3    | 307/578 [01:43<02:02,  2.21it/s]
Extract:  53%|#####3    | 308/578 [01:44<02:06,  2.13it/s]
Extract:  53%|#####3    | 309/578 [01:45<02:37,  1.71it/s]
Extract:  54%|#####3    | 310/578 [01:46<03:08,  1.43it/s]
Extract:  54%|#####3    | 311/578 [01:47<03:26,  1.30it/s]
Extract:  54%|#####3    | 312/578 [01:48<03:41,  1.20it/s]
Extract:  54%|#####4    | 313/578 [01:48<02:56,  1.50it/s]
Extract:  54%|#####4    | 314/578 [01:49<02:55,  1.50it/s]
Extract:  55%|#####4    | 316/578 [01:49<02:12,  1.98it/s]
Extract:  55%|#####5    | 318/578 [01:50<02:04,  2.08it/s]
Extract:  55%|#####5    | 319/578 [01:51<02:00,  2.15it/s]
Extract:  55%|#####5    | 320/578 [01:51<02:18,  1.87it/s]
Extract:  56%|#####5    | 321/578 [01:52<01:56,  2.21it/s]
Extract:  56%|#####5    | 322/578 [01:52<02:00,  2.13it/s]
Extract:  56%|#####5    | 323/578 [01:53<01:49,  2.33it/s]
Extract:  56%|#####6    | 325/578 [01:53<01:16,  3.32it/s]
Extract:  56%|#####6    | 326/578 [01:53<01:26,  2.91it/s]
Extract:  57%|#####6    | 327/578 [01:53<01:15,  3.31it/s]
Extract:  57%|#####6    | 328/578 [01:54<01:21,  3.07it/s]
Extract:  57%|#####6    | 329/578 [01:54<01:06,  3.77it/s]
Extract:  57%|#####7    | 330/578 [01:54<01:05,  3.78it/s]
Extract:  57%|#####7    | 331/578 [01:55<01:09,  3.57it/s]
Extract:  57%|#####7    | 332/578 [01:55<01:25,  2.86it/s]
Extract:  58%|#####7    | 333/578 [01:55<01:07,  3.61it/s]
Extract:  58%|#####7    | 335/578 [01:55<00:50,  4.81it/s]
Extract:  58%|#####8    | 337/578 [01:56<00:47,  5.07it/s]
Extract:  58%|#####8    | 338/578 [01:56<01:12,  3.32it/s]
Extract:  59%|#####8    | 339/578 [01:57<01:09,  3.42it/s]
Extract:  59%|#####8    | 340/578 [01:57<01:07,  3.54it/s]
Extract:  59%|#####8    | 341/578 [01:57<01:03,  3.73it/s]
Extract:  59%|#####9    | 342/578 [01:58<01:10,  3.33it/s]
Extract:  60%|#####9    | 344/578 [01:58<01:21,  2.87it/s]
Extract:  60%|#####9    | 345/578 [01:59<01:13,  3.18it/s]
Extract:  60%|#####9    | 346/578 [01:59<01:02,  3.68it/s]
Extract:  60%|######    | 347/578 [01:59<00:55,  4.15it/s]
Extract:  60%|######    | 348/578 [01:59<00:48,  4.72it/s]
Extract:  60%|######    | 349/578 [02:00<01:33,  2.44it/s]
Extract:  61%|######    | 350/578 [02:00<01:28,  2.56it/s]
Extract:  61%|######    | 351/578 [02:01<02:02,  1.85it/s]
Extract:  61%|######    | 352/578 [02:01<01:34,  2.40it/s]
Extract:  61%|######1   | 353/578 [02:02<01:29,  2.51it/s]
Extract:  61%|######1   | 355/578 [02:02<01:01,  3.65it/s]
Extract:  62%|######1   | 356/578 [02:03<01:34,  2.35it/s]
Extract:  62%|######1   | 357/578 [02:03<01:35,  2.32it/s]
Extract:  62%|######2   | 359/578 [02:04<01:16,  2.87it/s]
Extract:  62%|######2   | 360/578 [02:04<01:18,  2.76it/s]
Extract:  62%|######2   | 361/578 [02:04<01:08,  3.17it/s]
Extract:  63%|######2   | 362/578 [02:05<01:37,  2.22it/s]
Extract:  63%|######2   | 363/578 [02:05<01:18,  2.76it/s]
Extract:  63%|######2   | 364/578 [02:05<01:02,  3.41it/s]
Extract:  63%|######3   | 365/578 [02:06<01:07,  3.16it/s]
Extract:  63%|######3   | 366/578 [02:06<01:10,  3.03it/s]
Extract:  63%|######3   | 367/578 [02:07<01:42,  2.06it/s]
Extract:  64%|######3   | 368/578 [02:07<01:35,  2.21it/s]
Extract:  64%|######3   | 369/578 [02:09<02:45,  1.27it/s]
Extract:  64%|######4   | 371/578 [02:09<01:38,  2.11it/s]
Extract:  65%|######4   | 373/578 [02:10<01:26,  2.36it/s]
Extract:  65%|######4   | 374/578 [02:10<01:17,  2.62it/s]
Extract:  65%|######4   | 375/578 [02:10<01:03,  3.17it/s]
Extract:  65%|######5   | 376/578 [02:11<01:10,  2.86it/s]
Extract:  65%|######5   | 377/578 [02:11<01:13,  2.74it/s]
Extract:  65%|######5   | 378/578 [02:11<01:02,  3.18it/s]
Extract:  66%|######5   | 379/578 [02:11<00:53,  3.69it/s]
Extract:  66%|######5   | 380/578 [02:12<00:59,  3.35it/s]
Extract:  66%|######5   | 381/578 [02:12<00:56,  3.52it/s]
Extract:  66%|######6   | 382/578 [02:13<01:16,  2.55it/s]
Extract:  66%|######6   | 383/578 [02:13<01:08,  2.84it/s]
Extract:  66%|######6   | 384/578 [02:13<01:17,  2.51it/s]
Extract:  67%|######6   | 386/578 [02:14<00:54,  3.52it/s]
Extract:  67%|######6   | 387/578 [02:14<00:56,  3.36it/s]
Extract:  67%|######7   | 388/578 [02:14<00:48,  3.96it/s]
Extract:  67%|######7   | 390/578 [02:14<00:35,  5.28it/s]
Extract:  68%|######7   | 391/578 [02:15<00:37,  5.03it/s]
Extract:  68%|######7   | 392/578 [02:15<00:39,  4.68it/s]
Extract:  68%|######7   | 393/578 [02:15<00:49,  3.77it/s]
Extract:  68%|######8   | 394/578 [02:16<00:51,  3.59it/s]
Extract:  68%|######8   | 395/578 [02:16<00:56,  3.23it/s]
Extract:  69%|######8   | 397/578 [02:16<00:48,  3.72it/s]
Extract:  69%|######8   | 398/578 [02:17<00:44,  4.04it/s]
Extract:  69%|######9   | 399/578 [02:17<00:42,  4.18it/s]
Extract:  69%|######9   | 400/578 [02:17<00:37,  4.75it/s]
Extract:  70%|######9   | 402/578 [02:17<00:29,  5.87it/s]
Extract:  70%|######9   | 403/578 [02:17<00:29,  6.03it/s]
Extract:  70%|######9   | 404/578 [02:17<00:27,  6.28it/s]
Extract:  70%|#######   | 405/578 [02:18<00:26,  6.42it/s]
Extract:  70%|#######   | 406/578 [02:18<00:36,  4.67it/s]
Extract:  70%|#######   | 407/578 [02:18<00:48,  3.54it/s]
Extract:  71%|#######   | 408/578 [02:19<01:20,  2.11it/s]
Extract:  71%|#######   | 409/578 [02:19<01:02,  2.72it/s]
Extract:  71%|#######   | 410/578 [02:20<00:56,  2.97it/s]
Extract:  71%|#######1  | 412/578 [02:20<00:40,  4.07it/s]
Extract:  71%|#######1  | 413/578 [02:20<00:49,  3.36it/s]
Extract:  72%|#######1  | 415/578 [02:21<00:38,  4.26it/s]
Extract:  72%|#######1  | 416/578 [02:21<00:40,  3.97it/s]
Extract:  72%|#######2  | 417/578 [02:21<00:37,  4.29it/s]
Extract:  72%|#######2  | 418/578 [02:22<00:52,  3.02it/s]
Extract:  72%|#######2  | 419/578 [02:23<01:31,  1.73it/s]
Extract:  73%|#######2  | 421/578 [02:24<01:26,  1.81it/s]
Extract:  73%|#######3  | 424/578 [02:25<00:53,  2.89it/s]
Extract:  74%|#######3  | 425/578 [02:25<01:00,  2.52it/s]
Extract:  74%|#######3  | 426/578 [02:25<00:56,  2.67it/s]
Extract:  74%|#######3  | 427/578 [02:26<01:12,  2.09it/s]
Extract:  74%|#######4  | 428/578 [02:27<01:27,  1.71it/s]
Extract:  74%|#######4  | 429/578 [02:28<01:31,  1.63it/s]
Extract:  75%|#######4  | 431/578 [02:28<01:00,  2.42it/s]
Extract:  75%|#######4  | 432/578 [02:29<00:58,  2.48it/s]
Extract:  75%|#######4  | 433/578 [02:29<00:48,  3.00it/s]
Extract:  75%|#######5  | 434/578 [02:29<01:05,  2.19it/s]
Extract:  75%|#######5  | 435/578 [02:30<00:55,  2.56it/s]
Extract:  75%|#######5  | 436/578 [02:30<00:44,  3.21it/s]
Extract:  76%|#######5  | 437/578 [02:30<00:39,  3.53it/s]
Extract:  76%|#######5  | 438/578 [02:30<00:37,  3.77it/s]
Extract:  76%|#######5  | 439/578 [02:31<00:43,  3.16it/s]
Extract:  76%|#######6  | 441/578 [02:32<00:51,  2.66it/s]
Extract:  76%|#######6  | 442/578 [02:32<00:44,  3.05it/s]
Extract:  77%|#######6  | 443/578 [02:32<00:38,  3.50it/s]
Extract:  77%|#######6  | 444/578 [02:32<00:34,  3.89it/s]
Extract:  77%|#######6  | 445/578 [02:33<00:55,  2.38it/s]
Extract:  77%|#######7  | 447/578 [02:33<00:36,  3.60it/s]
Extract:  78%|#######7  | 449/578 [02:33<00:27,  4.78it/s]
Extract:  78%|#######7  | 450/578 [02:34<00:42,  2.99it/s]
Extract:  78%|#######8  | 451/578 [02:36<01:19,  1.60it/s]
Extract:  78%|#######8  | 452/578 [02:36<01:06,  1.90it/s]
Extract:  78%|#######8  | 453/578 [02:36<00:52,  2.40it/s]
Extract:  79%|#######8  | 454/578 [02:36<00:43,  2.83it/s]
Extract:  79%|#######8  | 455/578 [02:36<00:37,  3.32it/s]
Extract:  79%|#######8  | 456/578 [02:37<00:31,  3.82it/s]
Extract:  79%|#######9  | 458/578 [02:37<00:34,  3.48it/s]
Extract:  79%|#######9  | 459/578 [02:37<00:30,  3.96it/s]
Extract:  80%|#######9  | 461/578 [02:38<00:24,  4.76it/s]
Extract:  80%|#######9  | 462/578 [02:38<00:23,  4.92it/s]
Extract:  80%|########  | 463/578 [02:38<00:30,  3.79it/s]
Extract:  80%|########  | 465/578 [02:38<00:21,  5.31it/s]
Extract:  81%|########  | 466/578 [02:39<00:23,  4.75it/s]
Extract:  81%|########  | 467/578 [02:39<00:38,  2.91it/s]
Extract:  81%|########  | 468/578 [02:40<00:55,  1.97it/s]
Extract:  81%|########1 | 469/578 [02:41<00:45,  2.40it/s]
Extract:  81%|########1 | 470/578 [02:41<00:48,  2.24it/s]
Extract:  81%|########1 | 471/578 [02:42<00:48,  2.19it/s]
Extract:  82%|########1 | 472/578 [02:42<00:48,  2.20it/s]
Extract:  82%|########1 | 473/578 [02:42<00:40,  2.57it/s]
Extract:  82%|########2 | 474/578 [02:43<00:38,  2.73it/s]
Extract:  82%|########2 | 475/578 [02:43<00:33,  3.09it/s]
Extract:  82%|########2 | 476/578 [02:44<00:47,  2.15it/s]
Extract:  83%|########2 | 477/578 [02:44<00:40,  2.49it/s]
Extract:  83%|########2 | 478/578 [02:44<00:33,  3.03it/s]
Extract:  83%|########2 | 479/578 [02:44<00:30,  3.26it/s]
Extract:  83%|########3 | 480/578 [02:44<00:25,  3.85it/s]
Extract:  83%|########3 | 481/578 [02:45<00:25,  3.74it/s]
Extract:  83%|########3 | 482/578 [02:45<00:21,  4.44it/s]
Extract:  84%|########3 | 484/578 [02:45<00:15,  6.09it/s]
Extract:  84%|########4 | 486/578 [02:45<00:11,  7.74it/s]
Extract:  84%|########4 | 487/578 [02:45<00:15,  6.06it/s]
Extract:  84%|########4 | 488/578 [02:46<00:13,  6.48it/s]
Extract:  85%|########4 | 489/578 [02:46<00:30,  2.94it/s]
Extract:  85%|########4 | 490/578 [02:47<00:27,  3.23it/s]
Extract:  85%|########4 | 491/578 [02:47<00:28,  3.01it/s]
Extract:  85%|########5 | 492/578 [02:48<00:31,  2.74it/s]
Extract:  85%|########5 | 493/578 [02:48<00:29,  2.87it/s]
Extract:  85%|########5 | 494/578 [02:48<00:28,  2.95it/s]
Extract:  86%|########5 | 496/578 [02:48<00:18,  4.39it/s]
Extract:  86%|########6 | 498/578 [02:49<00:24,  3.23it/s]
Extract:  87%|########6 | 500/578 [02:49<00:17,  4.58it/s]
Extract:  87%|########6 | 501/578 [02:50<00:27,  2.76it/s]
Extract:  87%|########7 | 503/578 [02:50<00:19,  3.91it/s]
Extract:  87%|########7 | 504/578 [02:51<00:21,  3.43it/s]
Extract:  87%|########7 | 505/578 [02:52<00:29,  2.52it/s]
Extract:  88%|########7 | 507/578 [02:52<00:20,  3.42it/s]
Extract:  88%|########7 | 508/578 [02:52<00:20,  3.41it/s]
Extract:  88%|########8 | 510/578 [02:53<00:18,  3.62it/s]
Extract:  88%|########8 | 511/578 [02:53<00:16,  3.96it/s]
Extract:  89%|########8 | 512/578 [02:53<00:17,  3.71it/s]
Extract:  89%|########8 | 514/578 [02:53<00:12,  5.19it/s]
Extract:  89%|########9 | 515/578 [02:54<00:15,  4.09it/s]
Extract:  89%|########9 | 516/578 [02:54<00:22,  2.70it/s]
Extract:  89%|########9 | 517/578 [02:55<00:21,  2.84it/s]
Extract:  90%|########9 | 518/578 [02:55<00:17,  3.47it/s]
Extract:  90%|########9 | 519/578 [02:55<00:17,  3.33it/s]
Extract:  90%|########9 | 520/578 [02:55<00:16,  3.47it/s]
Extract:  90%|######### | 522/578 [02:56<00:12,  4.40it/s]
Extract:  90%|######### | 523/578 [02:56<00:14,  3.88it/s]
Extract:  91%|######### | 524/578 [02:56<00:13,  3.99it/s]
Extract:  91%|######### | 525/578 [02:56<00:11,  4.62it/s]
Extract:  91%|#########1| 526/578 [02:57<00:19,  2.63it/s]
Extract:  91%|#########1| 528/578 [02:58<00:13,  3.76it/s]
Extract:  92%|#########1| 529/578 [02:58<00:12,  4.05it/s]
Extract:  92%|#########1| 530/578 [02:58<00:11,  4.27it/s]
Extract:  92%|#########1| 531/578 [02:58<00:10,  4.64it/s]
Extract:  92%|#########2| 532/578 [02:58<00:09,  4.98it/s]
Extract:  92%|#########2| 533/578 [02:58<00:08,  5.13it/s]
Extract:  92%|#########2| 534/578 [02:59<00:11,  3.93it/s]
Extract:  93%|#########2| 535/578 [02:59<00:09,  4.39it/s]
Extract:  93%|#########2| 537/578 [02:59<00:09,  4.49it/s]
Extract:  93%|#########3| 538/578 [03:00<00:11,  3.53it/s]
Extract:  93%|#########3| 539/578 [03:00<00:09,  4.11it/s]
Extract:  93%|#########3| 540/578 [03:01<00:13,  2.81it/s]
Extract:  94%|#########3| 541/578 [03:01<00:13,  2.84it/s]
Extract:  94%|#########3| 543/578 [03:01<00:10,  3.43it/s]
Extract:  94%|#########4| 544/578 [03:02<00:08,  4.04it/s]
Extract:  94%|#########4| 546/578 [03:03<00:11,  2.85it/s]
Extract:  95%|#########4| 547/578 [03:03<00:14,  2.15it/s]
Extract:  95%|#########4| 549/578 [03:04<00:08,  3.28it/s]
Extract:  95%|#########5| 551/578 [03:04<00:05,  4.55it/s]
Extract:  96%|#########5| 553/578 [03:05<00:09,  2.75it/s]
Extract:  96%|#########5| 554/578 [03:05<00:09,  2.62it/s]
Extract:  96%|#########6| 555/578 [03:06<00:09,  2.55it/s]
Extract:  96%|#########6| 556/578 [03:06<00:07,  2.88it/s]
Extract:  96%|#########6| 557/578 [03:06<00:06,  3.15it/s]
Extract:  97%|#########6| 559/578 [03:06<00:04,  4.63it/s]
Extract:  97%|#########6| 560/578 [03:07<00:05,  3.15it/s]
Extract:  97%|#########7| 561/578 [03:07<00:05,  3.14it/s]
Extract:  98%|#########7| 564/578 [03:08<00:03,  3.71it/s]
Extract:  98%|#########7| 565/578 [03:09<00:04,  3.22it/s]
Extract:  98%|#########7| 566/578 [03:09<00:03,  3.55it/s]
Extract:  98%|#########8| 567/578 [03:09<00:02,  3.97it/s]
Extract:  98%|#########8| 568/578 [03:09<00:03,  3.24it/s]
Extract:  99%|#########8| 570/578 [03:10<00:01,  4.69it/s]
Extract:  99%|#########8| 572/578 [03:10<00:01,  5.06it/s]
Extract:  99%|#########9| 574/578 [03:10<00:00,  6.68it/s]
Extract:  99%|#########9| 575/578 [03:10<00:00,  6.65it/s]
Extract: 100%|#########9| 576/578 [03:10<00:00,  5.05it/s]
Extract: 100%|##########| 578/578 [03:11<00:00,  3.03it/s]

Extract:   0%|          | 0/578 [00:00<?, ?it/s]
Extract:   0%|          | 2/578 [00:00<00:44, 12.96it/s]
Extract:   1%|          | 4/578 [00:00<01:12,  7.87it/s]
Extract:   1%|          | 5/578 [00:00<01:26,  6.66it/s]
Extract:   1%|1         | 6/578 [00:00<01:19,  7.17it/s]
Extract:   1%|1         | 7/578 [00:01<01:39,  5.71it/s]
Extract:   1%|1         | 8/578 [00:01<02:34,  3.68it/s]
Extract:   2%|1         | 9/578 [00:01<02:33,  3.70it/s]
Extract:   2%|1         | 10/578 [00:01<02:12,  4.29it/s]
Extract:   2%|1         | 11/578 [00:02<02:16,  4.15it/s]
Extract:   2%|2         | 12/578 [00:02<02:53,  3.26it/s]
Extract:   2%|2         | 13/578 [00:02<02:18,  4.07it/s]
Extract:   2%|2         | 14/578 [00:03<03:18,  2.85it/s]
Extract:   3%|2         | 15/578 [00:03<03:45,  2.49it/s]
Extract:   3%|2         | 16/578 [00:04<03:15,  2.88it/s]
Extract:   3%|3         | 18/578 [00:04<02:04,  4.50it/s]
Extract:   3%|3         | 20/578 [00:04<01:31,  6.13it/s]
Extract:   4%|3         | 21/578 [00:04<01:59,  4.65it/s]
Extract:   4%|3         | 22/578 [00:05<02:04,  4.47it/s]
Extract:   4%|3         | 23/578 [00:05<02:08,  4.32it/s]
Extract:   4%|4         | 24/578 [00:05<01:51,  4.96it/s]
Extract:   4%|4         | 26/578 [00:05<01:18,  7.07it/s]
Extract:   5%|4         | 27/578 [00:06<02:00,  4.58it/s]
Extract:   5%|5         | 29/578 [00:06<01:34,  5.84it/s]
Extract:   5%|5         | 30/578 [00:06<01:34,  5.81it/s]
Extract:   5%|5         | 31/578 [00:06<02:15,  4.04it/s]
Extract:   6%|5         | 33/578 [00:07<01:31,  5.94it/s]
Extract:   6%|6         | 35/578 [00:07<01:12,  7.46it/s]
Extract:   6%|6         | 37/578 [00:07<01:10,  7.64it/s]
Extract:   7%|6         | 38/578 [00:07<01:08,  7.94it/s]
Extract:   7%|6         | 40/578 [00:07<00:59,  9.07it/s]
Extract:   7%|7         | 42/578 [00:08<01:33,  5.74it/s]
Extract:   7%|7         | 43/578 [00:08<02:07,  4.20it/s]
Extract:   8%|7         | 46/578 [00:09<01:27,  6.09it/s]
Extract:   8%|8         | 47/578 [00:09<01:28,  5.97it/s]
Extract:   8%|8         | 49/578 [00:09<01:10,  7.46it/s]
Extract:   9%|8         | 50/578 [00:09<01:57,  4.50it/s]
Extract:   9%|8         | 51/578 [00:10<02:17,  3.82it/s]
Extract:   9%|8         | 52/578 [00:10<02:51,  3.08it/s]
Extract:   9%|9         | 54/578 [00:11<02:21,  3.70it/s]
Extract:  10%|9         | 55/578 [00:11<02:17,  3.81it/s]
Extract:  10%|9         | 56/578 [00:11<01:56,  4.48it/s]
Extract:  10%|#         | 58/578 [00:11<01:39,  5.21it/s]
Extract:  10%|#         | 59/578 [00:12<01:41,  5.12it/s]
Extract:  10%|#         | 60/578 [00:12<02:28,  3.50it/s]
Extract:  11%|#         | 61/578 [00:13<03:59,  2.16it/s]
Extract:  11%|#         | 62/578 [00:13<03:30,  2.45it/s]
Extract:  11%|#         | 63/578 [00:13<02:49,  3.04it/s]
Extract:  11%|#1        | 64/578 [00:14<03:35,  2.38it/s]
Extract:  11%|#1        | 65/578 [00:15<04:34,  1.87it/s]
Extract:  11%|#1        | 66/578 [00:15<03:47,  2.25it/s]
Extract:  12%|#1        | 67/578 [00:16<05:18,  1.60it/s]
Extract:  12%|#1        | 68/578 [00:16<03:59,  2.13it/s]
Extract:  12%|#1        | 69/578 [00:17<03:58,  2.13it/s]
Extract:  12%|#2        | 70/578 [00:17<03:13,  2.63it/s]
Extract:  12%|#2        | 71/578 [00:18<04:01,  2.10it/s]
Extract:  12%|#2        | 72/578 [00:18<03:28,  2.43it/s]
Extract:  13%|#2        | 73/578 [00:19<04:44,  1.78it/s]
Extract:  13%|#2        | 74/578 [00:19<03:34,  2.35it/s]
Extract:  13%|#2        | 75/578 [00:19<02:57,  2.84it/s]
Extract:  13%|#3        | 76/578 [00:20<03:05,  2.71it/s]
Extract:  13%|#3        | 77/578 [00:21<04:39,  1.79it/s]
Extract:  14%|#3        | 79/578 [00:21<02:50,  2.92it/s]
Extract:  14%|#3        | 80/578 [00:21<02:39,  3.12it/s]
Extract:  14%|#4        | 81/578 [00:21<02:38,  3.14it/s]
Extract:  14%|#4        | 82/578 [00:22<02:23,  3.47it/s]
Extract:  14%|#4        | 83/578 [00:22<02:27,  3.36it/s]
Extract:  15%|#4        | 84/578 [00:23<05:22,  1.53it/s]
Extract:  15%|#4        | 85/578 [00:24<04:16,  1.92it/s]
Extract:  15%|#4        | 86/578 [00:24<03:43,  2.20it/s]
Extract:  15%|#5        | 87/578 [00:24<02:52,  2.85it/s]
Extract:  15%|#5        | 88/578 [00:24<02:22,  3.44it/s]
Extract:  15%|#5        | 89/578 [00:25<04:30,  1.81it/s]
Extract:  16%|#5        | 90/578 [00:26<03:55,  2.07it/s]
Extract:  16%|#5        | 91/578 [00:27<05:38,  1.44it/s]
Extract:  16%|#5        | 92/578 [00:28<06:26,  1.26it/s]
Extract:  16%|#6        | 93/578 [00:28<04:55,  1.64it/s]
Extract:  16%|#6        | 94/578 [00:29<05:26,  1.48it/s]
Extract:  17%|#6        | 96/578 [00:30<04:51,  1.65it/s]
Extract:  17%|#6        | 97/578 [00:30<04:18,  1.86it/s]
Extract:  17%|#6        | 98/578 [00:31<04:09,  1.92it/s]
Extract:  17%|#7        | 99/578 [00:31<03:28,  2.30it/s]
Extract:  17%|#7        | 100/578 [00:31<03:44,  2.13it/s]
Extract:  17%|#7        | 101/578 [00:32<03:15,  2.44it/s]
Extract:  18%|#7        | 103/578 [00:32<02:05,  3.78it/s]
Extract:  18%|#8        | 105/578 [00:33<02:14,  3.51it/s]
Extract:  18%|#8        | 106/578 [00:33<02:04,  3.81it/s]
Extract:  19%|#8        | 107/578 [00:34<03:30,  2.24it/s]
Extract:  19%|#8        | 108/578 [00:34<03:40,  2.13it/s]
Extract:  19%|#9        | 110/578 [00:35<02:53,  2.69it/s]
Extract:  19%|#9        | 111/578 [00:35<02:50,  2.74it/s]
Extract:  20%|#9        | 113/578 [00:35<02:07,  3.65it/s]
Extract:  20%|#9        | 114/578 [00:36<02:46,  2.79it/s]
Extract:  20%|#9        | 115/578 [00:36<02:25,  3.19it/s]
Extract:  20%|##        | 116/578 [00:37<02:44,  2.82it/s]
Extract:  20%|##        | 117/578 [00:37<03:26,  2.23it/s]
Extract:  21%|##        | 119/578 [00:37<02:08,  3.57it/s]
Extract:  21%|##        | 120/578 [00:39<03:50,  1.99it/s]
Extract:  21%|##        | 121/578 [00:40<05:28,  1.39it/s]
Extract:  21%|##1       | 122/578 [00:40<04:20,  1.75it/s]
Extract:  21%|##1       | 123/578 [00:40<03:29,  2.17it/s]
Extract:  21%|##1       | 124/578 [00:41<02:54,  2.61it/s]
Extract:  22%|##1       | 125/578 [00:41<03:56,  1.92it/s]
Extract:  22%|##1       | 126/578 [00:42<03:52,  1.94it/s]
Extract:  22%|##1       | 127/578 [00:42<03:02,  2.47it/s]
Extract:  22%|##2       | 128/578 [00:42<02:53,  2.59it/s]
Extract:  22%|##2       | 130/578 [00:43<03:12,  2.33it/s]
Extract:  23%|##2       | 131/578 [00:45<05:39,  1.32it/s]
Extract:  23%|##2       | 132/578 [00:46<04:59,  1.49it/s]
Extract:  23%|##3       | 133/578 [00:46<04:58,  1.49it/s]
Extract:  23%|##3       | 134/578 [00:47<04:11,  1.76it/s]
Extract:  23%|##3       | 135/578 [00:47<03:43,  1.98it/s]
Extract:  24%|##3       | 136/578 [00:47<03:19,  2.22it/s]
Extract:  24%|##3       | 137/578 [00:48<04:33,  1.62it/s]
Extract:  24%|##3       | 138/578 [00:49<05:23,  1.36it/s]
Extract:  24%|##4       | 139/578 [00:50<05:40,  1.29it/s]
Extract:  24%|##4       | 141/578 [00:50<03:23,  2.14it/s]
Extract:  25%|##4       | 142/578 [00:50<02:45,  2.63it/s]
Extract:  25%|##5       | 145/578 [00:51<01:31,  4.72it/s]
Extract:  25%|##5       | 146/578 [00:52<02:49,  2.54it/s]
Extract:  25%|##5       | 147/578 [00:52<02:40,  2.69it/s]
Extract:  26%|##5       | 148/578 [00:52<02:33,  2.80it/s]
Extract:  26%|##5       | 149/578 [00:54<04:33,  1.57it/s]
Extract:  26%|##5       | 150/578 [00:54<03:54,  1.82it/s]
Extract:  26%|##6       | 152/578 [00:54<02:31,  2.81it/s]
Extract:  26%|##6       | 153/578 [00:55<03:32,  2.00it/s]
Extract:  27%|##6       | 154/578 [00:55<03:00,  2.35it/s]
Extract:  27%|##6       | 155/578 [00:56<03:41,  1.91it/s]
Extract:  27%|##7       | 157/578 [00:56<02:25,  2.90it/s]
Extract:  27%|##7       | 158/578 [00:57<02:08,  3.27it/s]
Extract:  28%|##7       | 159/578 [00:57<01:51,  3.75it/s]
Extract:  28%|##7       | 160/578 [00:57<02:06,  3.29it/s]
Extract:  28%|##8       | 162/578 [00:57<01:24,  4.90it/s]
Extract:  28%|##8       | 163/578 [00:58<02:55,  2.37it/s]
Extract:  28%|##8       | 164/578 [00:59<02:31,  2.73it/s]
Extract:  29%|##8       | 165/578 [00:59<02:15,  3.04it/s]
Extract:  29%|##8       | 166/578 [00:59<02:01,  3.39it/s]
Extract:  29%|##8       | 167/578 [01:00<02:31,  2.72it/s]
Extract:  29%|##9       | 168/578 [01:00<02:05,  3.27it/s]
Extract:  29%|##9       | 169/578 [01:00<01:43,  3.94it/s]
Extract:  29%|##9       | 170/578 [01:00<01:32,  4.39it/s]
Extract:  30%|##9       | 172/578 [01:00<01:23,  4.84it/s]
Extract:  30%|##9       | 173/578 [01:01<02:30,  2.69it/s]
Extract:  30%|###       | 174/578 [01:02<02:06,  3.20it/s]
Extract:  30%|###       | 175/578 [01:02<01:50,  3.63it/s]
Extract:  30%|###       | 176/578 [01:02<01:38,  4.06it/s]
Extract:  31%|###       | 177/578 [01:03<02:54,  2.30it/s]
Extract:  31%|###       | 178/578 [01:03<02:41,  2.48it/s]
Extract:  31%|###       | 179/578 [01:03<02:28,  2.68it/s]
Extract:  31%|###1      | 180/578 [01:04<03:24,  1.95it/s]
Extract:  31%|###1      | 181/578 [01:05<04:22,  1.51it/s]
Extract:  31%|###1      | 182/578 [01:06<03:49,  1.72it/s]
Extract:  32%|###1      | 183/578 [01:06<02:53,  2.27it/s]
Extract:  32%|###1      | 184/578 [01:06<02:56,  2.23it/s]
Extract:  32%|###2      | 185/578 [01:07<03:57,  1.65it/s]
Extract:  32%|###2      | 186/578 [01:07<03:11,  2.05it/s]
Extract:  33%|###2      | 188/578 [01:08<02:14,  2.91it/s]
Extract:  33%|###2      | 189/578 [01:09<03:01,  2.14it/s]
Extract:  33%|###3      | 191/578 [01:10<03:22,  1.91it/s]
Extract:  33%|###3      | 192/578 [01:10<02:54,  2.21it/s]
Extract:  33%|###3      | 193/578 [01:10<02:25,  2.65it/s]
Extract:  34%|###3      | 194/578 [01:10<02:01,  3.17it/s]
Extract:  34%|###3      | 195/578 [01:10<01:42,  3.75it/s]
Extract:  34%|###4      | 197/578 [01:11<02:19,  2.74it/s]
Extract:  34%|###4      | 198/578 [01:12<02:17,  2.76it/s]
Extract:  35%|###4      | 201/578 [01:13<02:10,  2.90it/s]
Extract:  35%|###4      | 202/578 [01:13<02:16,  2.76it/s]
Extract:  35%|###5      | 203/578 [01:14<03:22,  1.85it/s]
Extract:  35%|###5      | 204/578 [01:14<02:43,  2.28it/s]
Extract:  35%|###5      | 205/578 [01:15<02:12,  2.82it/s]
Extract:  36%|###5      | 206/578 [01:15<02:01,  3.07it/s]
Extract:  36%|###5      | 207/578 [01:15<02:21,  2.62it/s]
Extract:  36%|###5      | 208/578 [01:15<01:52,  3.28it/s]
Extract:  36%|###6      | 209/578 [01:16<01:40,  3.68it/s]
Extract:  36%|###6      | 210/578 [01:16<01:41,  3.62it/s]
Extract:  37%|###6      | 212/578 [01:17<02:16,  2.68it/s]
Extract:  37%|###6      | 213/578 [01:17<02:01,  3.00it/s]
Extract:  37%|###7      | 215/578 [01:18<02:04,  2.92it/s]
Extract:  37%|###7      | 216/578 [01:18<01:44,  3.47it/s]
Extract:  38%|###7      | 217/578 [01:18<01:44,  3.45it/s]
Extract:  38%|###7      | 219/578 [01:18<01:09,  5.15it/s]
Extract:  38%|###8      | 220/578 [01:19<01:48,  3.31it/s]
Extract:  38%|###8      | 221/578 [01:19<01:38,  3.61it/s]
Extract:  39%|###8      | 223/578 [01:19<01:12,  4.90it/s]
Extract:  39%|###8      | 224/578 [01:20<01:07,  5.25it/s]
Extract:  39%|###8      | 225/578 [01:20<02:06,  2.80it/s]
Extract:  39%|###9      | 226/578 [01:21<02:16,  2.58it/s]
Extract:  39%|###9      | 227/578 [01:21<02:04,  2.81it/s]
Extract:  40%|###9      | 229/578 [01:22<01:39,  3.50it/s]
Extract:  40%|###9      | 230/578 [01:23<02:31,  2.30it/s]
Extract:  40%|###9      | 231/578 [01:23<02:39,  2.17it/s]
Extract:  40%|####      | 232/578 [01:23<02:24,  2.40it/s]
Extract:  40%|####      | 233/578 [01:24<02:05,  2.76it/s]
Extract:  40%|####      | 234/578 [01:24<01:59,  2.87it/s]
Extract:  41%|####      | 235/578 [01:24<01:49,  3.14it/s]
Extract:  41%|####      | 236/578 [01:25<02:47,  2.05it/s]
Extract:  41%|####1     | 237/578 [01:26<03:30,  1.62it/s]
Extract:  41%|####1     | 239/578 [01:26<02:13,  2.54it/s]
Extract:  42%|####1     | 240/578 [01:26<02:03,  2.73it/s]
Extract:  42%|####1     | 242/578 [01:27<01:28,  3.81it/s]
Extract:  42%|####2     | 244/578 [01:28<01:56,  2.87it/s]
Extract:  42%|####2     | 245/578 [01:28<01:48,  3.08it/s]
Extract:  43%|####2     | 246/578 [01:28<01:32,  3.61it/s]
Extract:  43%|####2     | 247/578 [01:29<01:47,  3.08it/s]
Extract:  43%|####2     | 248/578 [01:29<02:04,  2.64it/s]
Extract:  43%|####3     | 249/578 [01:29<01:55,  2.84it/s]
Extract:  43%|####3     | 250/578 [01:30<01:46,  3.08it/s]
Extract:  43%|####3     | 251/578 [01:30<02:34,  2.11it/s]
Extract:  44%|####3     | 252/578 [01:31<01:59,  2.72it/s]
Extract:  44%|####3     | 253/578 [01:31<01:39,  3.27it/s]
Extract:  44%|####4     | 255/578 [01:31<01:33,  3.47it/s]
Extract:  44%|####4     | 256/578 [01:32<02:17,  2.35it/s]
Extract:  44%|####4     | 257/578 [01:32<01:54,  2.80it/s]
Extract:  45%|####4     | 258/578 [01:32<01:36,  3.33it/s]
Extract:  45%|####4     | 259/578 [01:33<01:23,  3.84it/s]
Extract:  45%|####4     | 260/578 [01:33<01:14,  4.28it/s]
Extract:  45%|####5     | 261/578 [01:33<01:05,  4.81it/s]
Extract:  45%|####5     | 262/578 [01:33<01:35,  3.31it/s]
Extract:  46%|####5     | 263/578 [01:34<02:30,  2.09it/s]
Extract:  46%|####5     | 264/578 [01:34<02:01,  2.59it/s]
Extract:  46%|####5     | 265/578 [01:35<02:29,  2.09it/s]
Extract:  46%|####6     | 266/578 [01:36<02:27,  2.11it/s]
Extract:  46%|####6     | 267/578 [01:36<02:48,  1.85it/s]
Extract:  46%|####6     | 268/578 [01:37<02:17,  2.26it/s]
Extract:  47%|####6     | 269/578 [01:37<02:28,  2.08it/s]
Extract:  47%|####6     | 271/578 [01:37<01:27,  3.51it/s]
Extract:  47%|####7     | 273/578 [01:38<01:22,  3.71it/s]
Extract:  47%|####7     | 274/578 [01:38<01:40,  3.03it/s]
Extract:  48%|####7     | 275/578 [01:39<01:54,  2.64it/s]
Extract:  48%|####7     | 276/578 [01:39<01:37,  3.09it/s]
Extract:  48%|####7     | 277/578 [01:39<01:21,  3.68it/s]
Extract:  48%|####8     | 280/578 [01:40<01:01,  4.82it/s]
Extract:  49%|####8     | 282/578 [01:40<00:46,  6.34it/s]
Extract:  49%|####8     | 283/578 [01:41<01:35,  3.10it/s]
Extract:  49%|####9     | 284/578 [01:41<01:20,  3.63it/s]
Extract:  49%|####9     | 285/578 [01:41<01:21,  3.62it/s]
Extract:  49%|####9     | 286/578 [01:41<01:14,  3.92it/s]
Extract:  50%|####9     | 287/578 [01:41<01:04,  4.54it/s]
Extract:  50%|####9     | 288/578 [01:42<01:00,  4.81it/s]
Extract:  50%|#####     | 289/578 [01:42<01:06,  4.33it/s]
Extract:  50%|#####     | 290/578 [01:42<01:40,  2.87it/s]
Extract:  51%|#####     | 292/578 [01:43<01:03,  4.50it/s]
Extract:  51%|#####     | 294/578 [01:43<00:48,  5.89it/s]
Extract:  51%|#####1    | 295/578 [01:43<01:01,  4.60it/s]
Extract:  51%|#####1    | 296/578 [01:43<00:54,  5.21it/s]
Extract:  51%|#####1    | 297/578 [01:44<01:10,  3.96it/s]
Extract:  52%|#####1    | 299/578 [01:44<00:46,  5.94it/s]
Extract:  52%|#####2    | 301/578 [01:44<00:53,  5.13it/s]
Extract:  52%|#####2    | 303/578 [01:44<00:43,  6.32it/s]
Extract:  53%|#####2    | 304/578 [01:45<01:08,  4.00it/s]
Extract:  53%|#####2    | 305/578 [01:45<01:07,  4.06it/s]
Extract:  53%|#####3    | 307/578 [01:46<01:04,  4.23it/s]
Extract:  53%|#####3    | 308/578 [01:46<01:02,  4.30it/s]
Extract:  53%|#####3    | 309/578 [01:47<01:22,  3.27it/s]
Extract:  54%|#####3    | 310/578 [01:47<01:13,  3.66it/s]
Extract:  54%|#####3    | 311/578 [01:47<01:26,  3.09it/s]
Extract:  54%|#####3    | 312/578 [01:48<02:04,  2.14it/s]
Extract:  54%|#####4    | 313/578 [01:48<01:37,  2.73it/s]
Extract:  54%|#####4    | 314/578 [01:48<01:36,  2.75it/s]
Extract:  55%|#####4    | 316/578 [01:49<01:12,  3.64it/s]
Extract:  55%|#####5    | 318/578 [01:49<01:08,  3.78it/s]
Extract:  55%|#####5    | 319/578 [01:49<01:04,  3.99it/s]
Extract:  55%|#####5    | 320/578 [01:50<01:22,  3.13it/s]
Extract:  56%|#####5    | 322/578 [01:50<01:05,  3.91it/s]
Extract:  56%|#####5    | 323/578 [01:50<00:56,  4.52it/s]
Extract:  56%|#####6    | 325/578 [01:51<00:43,  5.88it/s]
Extract:  56%|#####6    | 326/578 [01:51<00:43,  5.83it/s]
Extract:  57%|#####6    | 328/578 [01:51<00:35,  7.03it/s]
Extract:  57%|#####7    | 330/578 [01:51<00:29,  8.42it/s]
Extract:  57%|#####7    | 331/578 [01:51<00:28,  8.53it/s]
Extract:  57%|#####7    | 332/578 [01:52<00:35,  6.94it/s]
Extract:  58%|#####7    | 335/578 [01:52<00:25,  9.67it/s]
Extract:  58%|#####8    | 337/578 [01:52<00:21, 11.38it/s]
Extract:  59%|#####8    | 339/578 [01:52<00:20, 11.71it/s]
Extract:  59%|#####8    | 341/578 [01:52<00:23, 10.24it/s]
Extract:  59%|#####9    | 343/578 [01:52<00:22, 10.62it/s]
Extract:  60%|#####9    | 345/578 [01:53<00:34,  6.82it/s]
Extract:  60%|######    | 347/578 [01:53<00:29,  7.78it/s]
Extract:  60%|######    | 349/578 [01:54<00:38,  5.91it/s]
Extract:  61%|######    | 350/578 [01:54<00:37,  6.13it/s]
Extract:  61%|######    | 351/578 [01:54<00:52,  4.35it/s]
Extract:  61%|######1   | 353/578 [01:55<00:44,  5.11it/s]
Extract:  61%|######1   | 355/578 [01:55<00:53,  4.19it/s]
Extract:  62%|######1   | 356/578 [01:56<01:07,  3.29it/s]
Extract:  62%|######1   | 357/578 [01:56<01:09,  3.17it/s]
Extract:  62%|######2   | 359/578 [01:56<00:53,  4.12it/s]
Extract:  62%|######2   | 360/578 [01:57<00:49,  4.37it/s]
Extract:  63%|######2   | 362/578 [01:57<00:51,  4.23it/s]
Extract:  63%|######2   | 364/578 [01:57<00:37,  5.65it/s]
Extract:  63%|######3   | 365/578 [01:57<00:39,  5.44it/s]
Extract:  63%|######3   | 366/578 [01:58<00:42,  5.03it/s]
Extract:  63%|######3   | 367/578 [01:58<01:01,  3.43it/s]
Extract:  64%|######3   | 368/578 [01:58<00:54,  3.88it/s]
Extract:  64%|######3   | 369/578 [01:59<01:00,  3.44it/s]
Extract:  65%|######4   | 373/578 [01:59<00:36,  5.65it/s]
Extract:  65%|######4   | 374/578 [01:59<00:35,  5.73it/s]
Extract:  65%|######5   | 376/578 [02:00<00:36,  5.56it/s]
Extract:  65%|######5   | 377/578 [02:00<00:39,  5.07it/s]
Extract:  65%|######5   | 378/578 [02:00<00:36,  5.52it/s]
Extract:  66%|######5   | 380/578 [02:00<00:30,  6.54it/s]
Extract:  66%|######6   | 382/578 [02:01<00:34,  5.72it/s]
Extract:  66%|######6   | 383/578 [02:01<00:34,  5.66it/s]
Extract:  66%|######6   | 384/578 [02:01<00:41,  4.70it/s]
Extract:  67%|######6   | 386/578 [02:01<00:29,  6.43it/s]
Extract:  67%|######6   | 387/578 [02:02<00:33,  5.71it/s]
Extract:  67%|######7   | 389/578 [02:02<00:24,  7.85it/s]
Extract:  68%|######7   | 391/578 [02:02<00:25,  7.38it/s]
Extract:  68%|######7   | 392/578 [02:02<00:27,  6.81it/s]
Extract:  68%|######7   | 393/578 [02:03<00:32,  5.61it/s]
Extract:  68%|######8   | 394/578 [02:03<00:31,  5.88it/s]
Extract:  68%|######8   | 395/578 [02:03<00:30,  5.98it/s]
Extract:  69%|######8   | 397/578 [02:03<00:23,  7.61it/s]
Extract:  69%|######9   | 399/578 [02:03<00:22,  8.01it/s]
Extract:  69%|######9   | 401/578 [02:03<00:19,  9.22it/s]
Extract:  70%|######9   | 403/578 [02:04<00:17, 10.08it/s]
Extract:  70%|#######   | 405/578 [02:04<00:15, 10.87it/s]
Extract:  70%|#######   | 407/578 [02:05<00:34,  4.89it/s]
Extract:  71%|#######   | 408/578 [02:05<00:43,  3.95it/s]
Extract:  71%|#######   | 410/578 [02:05<00:33,  4.97it/s]
Extract:  71%|#######1  | 412/578 [02:05<00:28,  5.92it/s]
Extract:  71%|#######1  | 413/578 [02:06<00:30,  5.45it/s]
Extract:  72%|#######1  | 415/578 [02:06<00:23,  7.04it/s]
Extract:  72%|#######1  | 416/578 [02:06<00:29,  5.48it/s]
Extract:  72%|#######2  | 417/578 [02:06<00:32,  4.98it/s]
Extract:  72%|#######2  | 418/578 [02:07<00:37,  4.23it/s]
Extract:  72%|#######2  | 419/578 [02:07<00:41,  3.83it/s]
Extract:  73%|#######2  | 421/578 [02:08<00:51,  3.02it/s]
Extract:  73%|#######3  | 424/578 [02:08<00:35,  4.37it/s]
Extract:  74%|#######3  | 425/578 [02:09<00:43,  3.50it/s]
Extract:  74%|#######3  | 426/578 [02:09<00:39,  3.80it/s]
Extract:  74%|#######3  | 427/578 [02:09<00:43,  3.45it/s]
Extract:  74%|#######4  | 428/578 [02:10<00:49,  3.03it/s]
Extract:  74%|#######4  | 429/578 [02:10<00:50,  2.92it/s]
Extract:  75%|#######4  | 431/578 [02:10<00:36,  4.07it/s]
Extract:  75%|#######4  | 432/578 [02:11<00:33,  4.30it/s]
Extract:  75%|#######5  | 434/578 [02:11<00:33,  4.36it/s]
Extract:  75%|#######5  | 435/578 [02:11<00:29,  4.83it/s]
Extract:  76%|#######5  | 437/578 [02:11<00:22,  6.33it/s]
Extract:  76%|#######5  | 438/578 [02:12<00:20,  6.75it/s]
Extract:  76%|#######5  | 439/578 [02:12<00:23,  6.04it/s]
Extract:  76%|#######6  | 441/578 [02:12<00:24,  5.49it/s]
Extract:  77%|#######6  | 443/578 [02:12<00:19,  6.80it/s]
Extract:  77%|#######6  | 444/578 [02:12<00:18,  7.20it/s]
Extract:  77%|#######6  | 445/578 [02:13<00:32,  4.12it/s]
Extract:  77%|#######7  | 447/578 [02:13<00:24,  5.42it/s]
Extract:  78%|#######7  | 449/578 [02:13<00:18,  7.16it/s]
Extract:  78%|#######8  | 451/578 [02:14<00:33,  3.74it/s]
Extract:  78%|#######8  | 452/578 [02:15<00:45,  2.75it/s]
Extract:  79%|#######8  | 454/578 [02:15<00:32,  3.86it/s]
Extract:  79%|#######8  | 456/578 [02:15<00:23,  5.11it/s]
Extract:  79%|#######9  | 458/578 [02:16<00:20,  5.75it/s]
Extract:  80%|#######9  | 461/578 [02:16<00:15,  7.79it/s]
Extract:  80%|########  | 463/578 [02:16<00:15,  7.23it/s]
Extract:  81%|########  | 466/578 [02:16<00:13,  8.09it/s]
Extract:  81%|########  | 467/578 [02:17<00:16,  6.69it/s]
Extract:  81%|########  | 468/578 [02:17<00:25,  4.35it/s]
Extract:  81%|########1 | 469/578 [02:18<00:22,  4.82it/s]
Extract:  81%|########1 | 470/578 [02:18<00:24,  4.40it/s]
Extract:  81%|########1 | 471/578 [02:18<00:25,  4.18it/s]
Extract:  82%|########1 | 472/578 [02:18<00:26,  3.99it/s]
Extract:  82%|########1 | 473/578 [02:19<00:24,  4.27it/s]
Extract:  82%|########2 | 474/578 [02:19<00:27,  3.80it/s]
Extract:  82%|########2 | 476/578 [02:19<00:27,  3.66it/s]
Extract:  83%|########2 | 477/578 [02:20<00:23,  4.31it/s]
Extract:  83%|########2 | 478/578 [02:20<00:20,  4.94it/s]
Extract:  83%|########2 | 479/578 [02:20<00:19,  4.98it/s]
Extract:  83%|########3 | 481/578 [02:20<00:17,  5.57it/s]
Extract:  84%|########3 | 483/578 [02:20<00:12,  7.36it/s]
Extract:  84%|########3 | 485/578 [02:20<00:09,  9.36it/s]
Extract:  84%|########4 | 487/578 [02:21<00:09,  9.93it/s]
Extract:  85%|########4 | 489/578 [02:21<00:15,  5.85it/s]
Extract:  85%|########4 | 490/578 [02:21<00:14,  5.89it/s]
Extract:  85%|########4 | 491/578 [02:22<00:17,  4.89it/s]
Extract:  85%|########5 | 492/578 [02:22<00:16,  5.08it/s]
Extract:  85%|########5 | 493/578 [02:22<00:16,  5.29it/s]
Extract:  85%|########5 | 494/578 [02:22<00:15,  5.38it/s]
Extract:  86%|########5 | 496/578 [02:22<00:10,  7.73it/s]
Extract:  86%|########6 | 498/578 [02:23<00:15,  5.29it/s]
Extract:  87%|########6 | 500/578 [02:23<00:11,  7.02it/s]
Extract:  87%|########6 | 502/578 [02:23<00:09,  7.79it/s]
Extract:  87%|########7 | 504/578 [02:24<00:10,  6.84it/s]
Extract:  87%|########7 | 505/578 [02:24<00:15,  4.59it/s]
Extract:  88%|########7 | 508/578 [02:24<00:10,  6.64it/s]
Extract:  88%|########8 | 510/578 [02:25<00:09,  7.21it/s]
Extract:  89%|########8 | 512/578 [02:25<00:08,  7.76it/s]
Extract:  89%|########9 | 515/578 [02:25<00:06,  9.37it/s]
Extract:  89%|########9 | 517/578 [02:25<00:08,  7.29it/s]
Extract:  90%|########9 | 519/578 [02:26<00:13,  4.43it/s]
Extract:  90%|########9 | 520/578 [02:27<00:13,  4.45it/s]
Extract:  90%|######### | 522/578 [02:27<00:10,  5.27it/s]
Extract:  90%|######### | 523/578 [02:27<00:10,  5.35it/s]
Extract:  91%|######### | 524/578 [02:27<00:10,  5.29it/s]
Extract:  91%|#########1| 526/578 [02:28<00:14,  3.60it/s]
Extract:  91%|#########1| 528/578 [02:28<00:10,  4.95it/s]
Extract:  92%|#########1| 530/578 [02:28<00:07,  6.03it/s]
Extract:  92%|#########1| 531/578 [02:28<00:07,  6.50it/s]
Extract:  92%|#########2| 532/578 [02:29<00:07,  6.20it/s]
Extract:  92%|#########2| 533/578 [02:29<00:06,  6.60it/s]
Extract:  92%|#########2| 534/578 [02:29<00:06,  6.31it/s]
Extract:  93%|#########2| 536/578 [02:29<00:04,  8.53it/s]
Extract:  93%|#########3| 538/578 [02:29<00:05,  7.36it/s]
Extract:  93%|#########3| 540/578 [02:30<00:06,  6.13it/s]
Extract:  94%|#########3| 541/578 [02:30<00:05,  6.25it/s]
Extract:  94%|#########3| 543/578 [02:30<00:04,  7.65it/s]
Extract:  94%|#########4| 546/578 [02:31<00:05,  6.08it/s]
Extract:  95%|#########4| 547/578 [02:31<00:07,  4.37it/s]
Extract:  95%|#########5| 550/578 [02:31<00:04,  6.68it/s]
Extract:  96%|#########5| 553/578 [02:32<00:04,  5.41it/s]
Extract:  96%|#########5| 554/578 [02:33<00:05,  4.02it/s]
Extract:  96%|#########6| 555/578 [02:33<00:06,  3.38it/s]
Extract:  96%|#########6| 556/578 [02:33<00:06,  3.50it/s]
Extract:  96%|#########6| 557/578 [02:34<00:05,  3.72it/s]
Extract:  97%|#########6| 560/578 [02:34<00:04,  4.26it/s]
Extract:  97%|#########7| 561/578 [02:34<00:03,  4.49it/s]
Extract:  98%|#########7| 564/578 [02:35<00:03,  3.80it/s]
Extract:  98%|#########7| 565/578 [02:36<00:05,  2.56it/s]
Extract:  98%|#########7| 566/578 [02:37<00:04,  2.64it/s]
Extract:  98%|#########8| 567/578 [02:38<00:05,  2.04it/s]
Extract:  98%|#########8| 568/578 [02:39<00:07,  1.32it/s]
Extract:  98%|#########8| 569/578 [02:39<00:05,  1.69it/s]
Extract:  99%|#########8| 570/578 [02:40<00:03,  2.04it/s]
Extract:  99%|#########8| 572/578 [02:40<00:02,  2.73it/s]
Extract:  99%|#########9| 573/578 [02:40<00:01,  3.27it/s]
Extract:  99%|#########9| 574/578 [02:40<00:01,  3.88it/s]
Extract:  99%|#########9| 575/578 [02:40<00:00,  3.67it/s]
Extract: 100%|#########9| 576/578 [02:43<00:01,  1.30it/s]
Extract: 100%|##########| 578/578 [02:43<00:00,  3.54it/s]

Extract:   0%|          | 0/578 [00:00<?, ?it/s]
Extract:   1%|          | 3/578 [00:00<00:39, 14.72it/s]
Extract:   1%|          | 5/578 [00:00<00:49, 11.57it/s]
Extract:   1%|1         | 7/578 [00:00<01:21,  7.04it/s]
Extract:   1%|1         | 8/578 [00:01<01:52,  5.07it/s]
Extract:   2%|1         | 9/578 [00:01<01:58,  4.82it/s]
Extract:   2%|1         | 10/578 [00:01<01:58,  4.78it/s]
Extract:   2%|1         | 11/578 [00:01<02:06,  4.48it/s]
Extract:   2%|2         | 12/578 [00:02<02:26,  3.86it/s]
Extract:   2%|2         | 14/578 [00:02<02:31,  3.73it/s]
Extract:   3%|2         | 15/578 [00:03<03:03,  3.07it/s]
Extract:   3%|2         | 16/578 [00:03<02:33,  3.67it/s]
Extract:   3%|3         | 19/578 [00:03<01:23,  6.66it/s]
Extract:   4%|3         | 21/578 [00:04<01:47,  5.21it/s]
Extract:   4%|3         | 22/578 [00:04<01:44,  5.32it/s]
Extract:   4%|3         | 23/578 [00:04<01:50,  5.03it/s]
Extract:   4%|4         | 24/578 [00:04<01:49,  5.07it/s]
Extract:   4%|4         | 26/578 [00:04<01:19,  6.93it/s]
Extract:   5%|4         | 27/578 [00:05<01:43,  5.32it/s]
Extract:   5%|5         | 29/578 [00:05<01:20,  6.81it/s]
Extract:   5%|5         | 30/578 [00:05<01:24,  6.49it/s]
Extract:   5%|5         | 31/578 [00:05<01:42,  5.33it/s]
Extract:   6%|5         | 32/578 [00:05<01:31,  5.97it/s]
Extract:   6%|5         | 34/578 [00:06<01:08,  7.98it/s]
Extract:   6%|6         | 35/578 [00:06<01:09,  7.86it/s]
Extract:   6%|6         | 37/578 [00:06<01:07,  8.00it/s]
Extract:   7%|6         | 38/578 [00:06<01:06,  8.18it/s]
Extract:   7%|6         | 40/578 [00:06<00:55,  9.73it/s]
Extract:   7%|7         | 42/578 [00:07<01:23,  6.39it/s]
Extract:   7%|7         | 43/578 [00:07<01:47,  4.96it/s]
Extract:   8%|7         | 46/578 [00:07<01:10,  7.55it/s]
Extract:   8%|8         | 48/578 [00:07<01:01,  8.63it/s]
Extract:   9%|8         | 50/578 [00:08<01:14,  7.11it/s]
Extract:   9%|8         | 51/578 [00:08<01:31,  5.74it/s]
Extract:   9%|8         | 52/578 [00:08<01:47,  4.91it/s]
Extract:   9%|9         | 54/578 [00:09<01:40,  5.21it/s]
Extract:  10%|9         | 55/578 [00:09<02:01,  4.29it/s]
Extract:  10%|9         | 56/578 [00:09<01:46,  4.88it/s]
Extract:  10%|#         | 58/578 [00:10<01:26,  5.99it/s]
Extract:  10%|#         | 59/578 [00:10<01:21,  6.35it/s]
Extract:  10%|#         | 60/578 [00:10<01:25,  6.03it/s]
Extract:  11%|#         | 61/578 [00:10<02:02,  4.20it/s]
Extract:  11%|#         | 63/578 [00:10<01:23,  6.13it/s]
Extract:  11%|#1        | 64/578 [00:11<01:33,  5.47it/s]
Extract:  11%|#1        | 65/578 [00:11<02:30,  3.42it/s]
Extract:  12%|#1        | 67/578 [00:12<02:24,  3.54it/s]
Extract:  12%|#1        | 69/578 [00:12<01:50,  4.60it/s]
Extract:  12%|#2        | 71/578 [00:12<01:24,  5.97it/s]
Extract:  13%|#2        | 73/578 [00:13<01:47,  4.69it/s]
Extract:  13%|#2        | 75/578 [00:13<01:24,  5.96it/s]
Extract:  13%|#3        | 76/578 [00:13<01:20,  6.24it/s]
Extract:  13%|#3        | 77/578 [00:13<01:41,  4.94it/s]
Extract:  14%|#3        | 80/578 [00:14<01:03,  7.79it/s]
Extract:  14%|#4        | 82/578 [00:14<00:52,  9.40it/s]
Extract:  15%|#4        | 84/578 [00:14<01:14,  6.67it/s]
Extract:  15%|#4        | 86/578 [00:14<01:11,  6.84it/s]
Extract:  15%|#5        | 88/578 [00:15<01:02,  7.87it/s]
Extract:  16%|#5        | 90/578 [00:15<01:42,  4.75it/s]
Extract:  16%|#5        | 91/578 [00:16<02:04,  3.90it/s]
Extract:  16%|#5        | 92/578 [00:16<02:33,  3.17it/s]
Extract:  16%|#6        | 94/578 [00:17<02:07,  3.81it/s]
Extract:  17%|#6        | 96/578 [00:17<01:57,  4.10it/s]
Extract:  17%|#6        | 97/578 [00:17<01:56,  4.14it/s]
Extract:  17%|#6        | 98/578 [00:18<01:51,  4.29it/s]
Extract:  17%|#7        | 100/578 [00:18<01:31,  5.21it/s]
Extract:  17%|#7        | 101/578 [00:18<01:22,  5.78it/s]
Extract:  18%|#7        | 104/578 [00:18<00:52,  9.08it/s]
Extract:  18%|#8        | 106/578 [00:18<00:52,  8.93it/s]
Extract:  19%|#8        | 108/578 [00:19<01:09,  6.80it/s]
Extract:  19%|#9        | 110/578 [00:19<01:03,  7.41it/s]
Extract:  19%|#9        | 111/578 [00:19<01:04,  7.29it/s]
Extract:  19%|#9        | 112/578 [00:19<01:07,  6.88it/s]
Extract:  20%|#9        | 114/578 [00:20<00:54,  8.48it/s]
Extract:  20%|##        | 116/578 [00:20<00:56,  8.14it/s]
Extract:  20%|##        | 117/578 [00:20<01:08,  6.72it/s]
Extract:  21%|##        | 120/578 [00:20<01:06,  6.88it/s]
Extract:  21%|##        | 121/578 [00:21<01:29,  5.11it/s]
Extract:  21%|##1       | 123/578 [00:21<01:07,  6.71it/s]
Extract:  22%|##1       | 125/578 [00:21<01:11,  6.37it/s]
Extract:  22%|##1       | 126/578 [00:22<01:12,  6.25it/s]
Extract:  22%|##2       | 128/578 [00:22<01:00,  7.44it/s]
Extract:  22%|##2       | 130/578 [00:22<01:17,  5.75it/s]
Extract:  23%|##2       | 131/578 [00:23<01:42,  4.35it/s]
Extract:  23%|##2       | 132/578 [00:23<01:32,  4.81it/s]
Extract:  23%|##3       | 133/578 [00:23<01:36,  4.59it/s]
Extract:  23%|##3       | 134/578 [00:23<01:26,  5.11it/s]
Extract:  23%|##3       | 135/578 [00:23<01:19,  5.60it/s]
Extract:  24%|##3       | 136/578 [00:23<01:11,  6.17it/s]
Extract:  24%|##3       | 137/578 [00:24<01:39,  4.42it/s]
Extract:  24%|##3       | 138/578 [00:24<01:54,  3.85it/s]
Extract:  24%|##4       | 139/578 [00:24<02:04,  3.52it/s]
Extract:  25%|##4       | 144/578 [00:25<00:46,  9.30it/s]
Extract:  25%|##5       | 146/578 [00:25<00:54,  7.94it/s]
Extract:  26%|##5       | 148/578 [00:25<01:01,  7.01it/s]
Extract:  26%|##5       | 150/578 [00:26<01:16,  5.58it/s]
Extract:  26%|##6       | 152/578 [00:26<01:01,  6.89it/s]
Extract:  27%|##6       | 154/578 [00:27<01:20,  5.28it/s]
Extract:  27%|##6       | 155/578 [00:27<01:30,  4.68it/s]
Extract:  27%|##7       | 157/578 [00:27<01:24,  4.95it/s]
Extract:  27%|##7       | 158/578 [00:27<01:17,  5.40it/s]
Extract:  28%|##7       | 160/578 [00:28<01:02,  6.72it/s]
Extract:  28%|##8       | 163/578 [00:28<00:56,  7.41it/s]
Extract:  29%|##8       | 165/578 [00:28<00:49,  8.41it/s]
Extract:  29%|##8       | 167/578 [00:28<00:53,  7.62it/s]
Extract:  29%|##9       | 169/578 [00:29<00:47,  8.61it/s]
Extract:  30%|##9       | 171/578 [00:29<00:40,  9.94it/s]
Extract:  30%|##9       | 173/578 [00:29<01:04,  6.26it/s]
Extract:  30%|###       | 174/578 [00:29<01:05,  6.19it/s]
Extract:  30%|###       | 175/578 [00:30<01:16,  5.23it/s]
Extract:  31%|###       | 177/578 [00:30<01:16,  5.25it/s]
Extract:  31%|###       | 178/578 [00:30<01:15,  5.33it/s]
Extract:  31%|###       | 179/578 [00:30<01:11,  5.55it/s]
Extract:  31%|###1      | 180/578 [00:31<01:21,  4.86it/s]
Extract:  31%|###1      | 181/578 [00:31<01:29,  4.41it/s]
Extract:  31%|###1      | 182/578 [00:31<01:23,  4.71it/s]
Extract:  32%|###1      | 184/578 [00:32<01:23,  4.73it/s]
Extract:  32%|###2      | 185/578 [00:32<01:29,  4.37it/s]
Extract:  32%|###2      | 186/578 [00:32<01:19,  4.94it/s]
Extract:  33%|###2      | 188/578 [00:32<00:55,  7.04it/s]
Extract:  33%|###2      | 189/578 [00:33<01:34,  4.12it/s]
Extract:  33%|###3      | 191/578 [00:33<01:25,  4.53it/s]
Extract:  33%|###3      | 192/578 [00:33<01:15,  5.11it/s]
Extract:  34%|###3      | 194/578 [00:33<00:57,  6.70it/s]
Extract:  34%|###4      | 197/578 [00:34<00:57,  6.59it/s]
Extract:  34%|###4      | 198/578 [00:34<01:00,  6.33it/s]
Extract:  35%|###4      | 201/578 [00:35<01:02,  6.08it/s]
Extract:  35%|###4      | 202/578 [00:35<01:07,  5.57it/s]
Extract:  35%|###5      | 203/578 [00:36<01:51,  3.37it/s]
Extract:  36%|###5      | 206/578 [00:36<01:11,  5.22it/s]
Extract:  36%|###5      | 207/578 [00:36<01:29,  4.16it/s]
Extract:  36%|###6      | 209/578 [00:36<01:15,  4.90it/s]
Extract:  36%|###6      | 210/578 [00:37<01:17,  4.73it/s]
Extract:  37%|###6      | 212/578 [00:38<02:02,  2.99it/s]
Extract:  37%|###6      | 213/578 [00:38<01:56,  3.13it/s]
Extract:  37%|###7      | 214/578 [00:38<01:39,  3.64it/s]
Extract:  37%|###7      | 215/578 [00:39<02:16,  2.66it/s]
Extract:  38%|###7      | 217/578 [00:39<01:45,  3.44it/s]
Extract:  38%|###7      | 219/578 [00:39<01:14,  4.83it/s]
Extract:  38%|###8      | 220/578 [00:40<01:11,  5.02it/s]
Extract:  38%|###8      | 221/578 [00:40<01:09,  5.15it/s]
Extract:  39%|###8      | 223/578 [00:40<00:56,  6.27it/s]
Extract:  39%|###8      | 224/578 [00:40<00:54,  6.55it/s]
Extract:  39%|###8      | 225/578 [00:41<02:03,  2.86it/s]
Extract:  39%|###9      | 226/578 [00:41<02:02,  2.88it/s]
Extract:  39%|###9      | 227/578 [00:42<01:51,  3.14it/s]
Extract:  40%|###9      | 229/578 [00:43<02:11,  2.65it/s]
Extract:  40%|###9      | 230/578 [00:43<02:30,  2.31it/s]
Extract:  40%|###9      | 231/578 [00:44<02:28,  2.33it/s]
Extract:  40%|####      | 232/578 [00:44<02:12,  2.60it/s]
Extract:  40%|####      | 233/578 [00:44<01:56,  2.97it/s]
Extract:  40%|####      | 234/578 [00:44<01:52,  3.06it/s]
Extract:  41%|####      | 235/578 [00:45<01:44,  3.28it/s]
Extract:  41%|####      | 236/578 [00:45<02:24,  2.37it/s]
Extract:  41%|####1     | 237/578 [00:46<03:42,  1.53it/s]
Extract:  41%|####1     | 239/578 [00:47<02:16,  2.47it/s]
Extract:  42%|####1     | 240/578 [00:47<02:03,  2.73it/s]
Extract:  42%|####1     | 242/578 [00:47<01:25,  3.92it/s]
Extract:  42%|####2     | 244/578 [00:48<01:45,  3.18it/s]
Extract:  42%|####2     | 245/578 [00:48<01:35,  3.47it/s]
Extract:  43%|####2     | 246/578 [00:48<01:22,  4.04it/s]
Extract:  43%|####2     | 247/578 [00:49<01:37,  3.41it/s]
Extract:  43%|####2     | 248/578 [00:50<02:41,  2.04it/s]
Extract:  43%|####3     | 249/578 [00:50<02:18,  2.38it/s]
Extract:  43%|####3     | 250/578 [00:50<01:59,  2.74it/s]
Extract:  43%|####3     | 251/578 [00:50<01:49,  2.98it/s]
Extract:  44%|####3     | 252/578 [00:51<01:29,  3.66it/s]
Extract:  44%|####3     | 253/578 [00:51<01:14,  4.39it/s]
Extract:  44%|####4     | 255/578 [00:51<01:26,  3.72it/s]
Extract:  44%|####4     | 256/578 [00:52<02:02,  2.62it/s]
Extract:  44%|####4     | 257/578 [00:52<01:46,  3.02it/s]
Extract:  45%|####4     | 258/578 [00:52<01:29,  3.59it/s]
Extract:  45%|####4     | 259/578 [00:53<01:22,  3.88it/s]
Extract:  45%|####4     | 260/578 [00:53<01:11,  4.46it/s]
Extract:  45%|####5     | 261/578 [00:53<01:03,  5.03it/s]
Extract:  45%|####5     | 262/578 [00:53<01:30,  3.49it/s]
Extract:  46%|####5     | 263/578 [00:54<02:33,  2.06it/s]
Extract:  46%|####5     | 264/578 [00:55<02:03,  2.55it/s]
Extract:  46%|####5     | 265/578 [00:55<02:09,  2.42it/s]
Extract:  46%|####6     | 266/578 [00:55<02:03,  2.53it/s]
Extract:  46%|####6     | 267/578 [00:56<02:24,  2.15it/s]
Extract:  46%|####6     | 268/578 [00:56<01:57,  2.63it/s]
Extract:  47%|####6     | 269/578 [00:57<02:13,  2.31it/s]
Extract:  47%|####6     | 271/578 [00:57<01:23,  3.66it/s]
Extract:  47%|####7     | 273/578 [00:58<02:23,  2.13it/s]
Extract:  47%|####7     | 274/578 [00:59<02:52,  1.76it/s]
Extract:  48%|####7     | 275/578 [01:00<02:59,  1.69it/s]
Extract:  48%|####7     | 276/578 [01:00<02:40,  1.88it/s]
Extract:  48%|####7     | 277/578 [01:01<02:13,  2.25it/s]
Extract:  48%|####8     | 279/578 [01:01<01:26,  3.44it/s]
Extract:  48%|####8     | 280/578 [01:01<01:52,  2.65it/s]
Extract:  49%|####8     | 282/578 [01:02<01:23,  3.57it/s]
Extract:  49%|####8     | 283/578 [01:02<01:33,  3.15it/s]
Extract:  49%|####9     | 284/578 [01:02<01:22,  3.56it/s]
Extract:  49%|####9     | 285/578 [01:03<01:30,  3.22it/s]
Extract:  49%|####9     | 286/578 [01:03<01:32,  3.14it/s]
Extract:  50%|####9     | 287/578 [01:03<01:25,  3.40it/s]
Extract:  50%|####9     | 288/578 [01:03<01:19,  3.66it/s]
Extract:  50%|#####     | 289/578 [01:04<01:29,  3.24it/s]
Extract:  50%|#####     | 290/578 [01:05<02:12,  2.17it/s]
Extract:  50%|#####     | 291/578 [01:05<01:50,  2.59it/s]
Extract:  51%|#####     | 293/578 [01:05<01:11,  3.98it/s]
Extract:  51%|#####     | 294/578 [01:05<01:10,  4.02it/s]
Extract:  51%|#####1    | 295/578 [01:07<02:37,  1.79it/s]
Extract:  51%|#####1    | 296/578 [01:07<02:13,  2.12it/s]
Extract:  51%|#####1    | 297/578 [01:08<02:42,  1.73it/s]
Extract:  52%|#####1    | 298/578 [01:08<02:04,  2.25it/s]
Extract:  52%|#####1    | 299/578 [01:08<01:40,  2.78it/s]
Extract:  52%|#####1    | 300/578 [01:08<01:26,  3.21it/s]
Extract:  52%|#####2    | 301/578 [01:09<01:50,  2.50it/s]
Extract:  52%|#####2    | 302/578 [01:09<01:27,  3.16it/s]
Extract:  52%|#####2    | 303/578 [01:09<01:11,  3.86it/s]
Extract:  53%|#####2    | 304/578 [01:10<02:33,  1.78it/s]
Extract:  53%|#####2    | 305/578 [01:11<02:16,  2.00it/s]
Extract:  53%|#####3    | 307/578 [01:12<02:02,  2.21it/s]
Extract:  53%|#####3    | 308/578 [01:12<02:09,  2.08it/s]
Extract:  53%|#####3    | 309/578 [01:13<02:41,  1.67it/s]
Extract:  54%|#####3    | 310/578 [01:13<02:24,  1.85it/s]
Extract:  54%|#####3    | 311/578 [01:14<02:54,  1.53it/s]
Extract:  54%|#####3    | 312/578 [01:16<03:58,  1.11it/s]
Extract:  54%|#####4    | 313/578 [01:16<03:06,  1.42it/s]
Extract:  54%|#####4    | 314/578 [01:17<02:53,  1.52it/s]
Extract:  54%|#####4    | 315/578 [01:17<02:12,  1.98it/s]
Extract:  55%|#####4    | 316/578 [01:17<02:13,  1.96it/s]
Extract:  55%|#####5    | 318/578 [01:18<02:15,  1.92it/s]
Extract:  55%|#####5    | 319/578 [01:19<02:03,  2.09it/s]
Extract:  55%|#####5    | 320/578 [01:20<02:22,  1.81it/s]
Extract:  56%|#####5    | 321/578 [01:20<01:58,  2.16it/s]
Extract:  56%|#####5    | 322/578 [01:20<02:00,  2.13it/s]
Extract:  56%|#####5    | 323/578 [01:21<01:48,  2.36it/s]
Extract:  56%|#####6    | 325/578 [01:21<01:12,  3.49it/s]
Extract:  56%|#####6    | 326/578 [01:21<01:17,  3.24it/s]
Extract:  57%|#####6    | 327/578 [01:21<01:07,  3.72it/s]
Extract:  57%|#####6    | 328/578 [01:22<01:11,  3.51it/s]
Extract:  57%|#####6    | 329/578 [01:22<00:59,  4.21it/s]
Extract:  57%|#####7    | 330/578 [01:22<00:59,  4.17it/s]
Extract:  57%|#####7    | 331/578 [01:22<01:06,  3.74it/s]
Extract:  57%|#####7    | 332/578 [01:23<01:49,  2.26it/s]
Extract:  58%|#####7    | 334/578 [01:23<01:10,  3.45it/s]
Extract:  58%|#####7    | 335/578 [01:24<01:03,  3.84it/s]
Extract:  58%|#####8    | 337/578 [01:24<00:52,  4.60it/s]
Extract:  59%|#####8    | 339/578 [01:24<00:48,  4.88it/s]
Extract:  59%|#####8    | 340/578 [01:24<00:49,  4.80it/s]
Extract:  59%|#####8    | 341/578 [01:25<00:51,  4.57it/s]
Extract:  59%|#####9    | 342/578 [01:25<01:01,  3.82it/s]
Extract:  60%|#####9    | 344/578 [01:26<01:10,  3.34it/s]
Extract:  60%|#####9    | 345/578 [01:27<01:36,  2.43it/s]
Extract:  60%|#####9    | 346/578 [01:27<01:20,  2.86it/s]
Extract:  60%|######    | 347/578 [01:27<01:10,  3.28it/s]
Extract:  60%|######    | 348/578 [01:27<01:00,  3.80it/s]
Extract:  60%|######    | 349/578 [01:28<01:41,  2.25it/s]
Extract:  61%|######    | 350/578 [01:28<01:33,  2.45it/s]
Extract:  61%|######    | 351/578 [01:29<02:07,  1.78it/s]
Extract:  61%|######    | 352/578 [01:29<01:37,  2.31it/s]
Extract:  61%|######1   | 353/578 [01:30<01:33,  2.40it/s]
Extract:  61%|######1   | 355/578 [01:30<01:02,  3.59it/s]
Extract:  62%|######1   | 356/578 [01:31<01:29,  2.48it/s]
Extract:  62%|######1   | 357/578 [01:31<01:34,  2.33it/s]
Extract:  62%|######1   | 358/578 [01:31<01:16,  2.89it/s]
Extract:  62%|######2   | 359/578 [01:32<01:21,  2.70it/s]
Extract:  62%|######2   | 360/578 [01:32<01:31,  2.39it/s]
Extract:  62%|######2   | 361/578 [01:33<01:16,  2.83it/s]
Extract:  63%|######2   | 362/578 [01:33<01:46,  2.03it/s]
Extract:  63%|######2   | 363/578 [01:34<01:26,  2.48it/s]
Extract:  63%|######2   | 364/578 [01:34<01:11,  2.99it/s]
Extract:  63%|######3   | 365/578 [01:34<01:16,  2.78it/s]
Extract:  63%|######3   | 366/578 [01:35<01:26,  2.47it/s]
Extract:  63%|######3   | 367/578 [01:36<02:07,  1.66it/s]
Extract:  64%|######3   | 368/578 [01:36<01:56,  1.80it/s]
Extract:  64%|######3   | 369/578 [01:38<03:09,  1.10it/s]
Extract:  64%|######4   | 371/578 [01:38<01:50,  1.87it/s]
Extract:  65%|######4   | 373/578 [01:39<01:33,  2.18it/s]
Extract:  65%|######4   | 374/578 [01:39<01:24,  2.42it/s]
Extract:  65%|######4   | 375/578 [01:39<01:09,  2.92it/s]
Extract:  65%|######5   | 376/578 [01:40<01:14,  2.73it/s]
Extract:  65%|######5   | 377/578 [01:40<01:15,  2.68it/s]
Extract:  65%|######5   | 378/578 [01:40<01:08,  2.90it/s]
Extract:  66%|######5   | 379/578 [01:41<01:00,  3.29it/s]
Extract:  66%|######5   | 380/578 [01:41<01:15,  2.63it/s]
Extract:  66%|######5   | 381/578 [01:41<01:08,  2.86it/s]
Extract:  66%|######6   | 382/578 [01:42<01:35,  2.04it/s]
Extract:  66%|######6   | 383/578 [01:42<01:22,  2.35it/s]
Extract:  66%|######6   | 384/578 [01:43<01:29,  2.17it/s]
Extract:  67%|######6   | 386/578 [01:43<01:03,  3.04it/s]
Extract:  67%|######6   | 387/578 [01:44<01:06,  2.88it/s]
Extract:  67%|######7   | 388/578 [01:44<00:56,  3.36it/s]
Extract:  67%|######7   | 390/578 [01:44<00:42,  4.38it/s]
Extract:  68%|######7   | 391/578 [01:44<00:43,  4.30it/s]
Extract:  68%|######7   | 392/578 [01:45<00:47,  3.93it/s]
Extract:  68%|######7   | 393/578 [01:45<00:57,  3.20it/s]
Extract:  68%|######8   | 394/578 [01:46<00:58,  3.15it/s]
Extract:  68%|######8   | 395/578 [01:46<01:03,  2.87it/s]
Extract:  69%|######8   | 397/578 [01:47<00:56,  3.18it/s]
Extract:  69%|######8   | 398/578 [01:47<00:51,  3.50it/s]
Extract:  69%|######9   | 399/578 [01:47<00:47,  3.74it/s]
Extract:  69%|######9   | 400/578 [01:47<00:41,  4.32it/s]
Extract:  69%|######9   | 401/578 [01:47<00:35,  4.96it/s]
Extract:  70%|######9   | 402/578 [01:47<00:35,  4.97it/s]
Extract:  70%|######9   | 403/578 [01:48<00:33,  5.28it/s]
Extract:  70%|######9   | 404/578 [01:48<00:31,  5.55it/s]
Extract:  70%|#######   | 405/578 [01:48<00:30,  5.73it/s]
Extract:  70%|#######   | 406/578 [01:48<00:45,  3.81it/s]
Extract:  70%|#######   | 407/578 [01:49<01:01,  2.78it/s]
Extract:  71%|#######   | 408/578 [01:50<01:38,  1.72it/s]
Extract:  71%|#######   | 409/578 [01:50<01:15,  2.24it/s]
Extract:  71%|#######   | 410/578 [01:50<01:09,  2.43it/s]
Extract:  71%|#######1  | 412/578 [01:52<01:16,  2.18it/s]
Extract:  71%|#######1  | 413/578 [01:52<01:17,  2.13it/s]
Extract:  72%|#######1  | 415/578 [01:52<00:55,  2.94it/s]
Extract:  72%|#######1  | 416/578 [01:53<00:53,  3.01it/s]
Extract:  72%|#######2  | 417/578 [01:53<00:46,  3.43it/s]
Extract:  72%|#######2  | 418/578 [01:53<00:49,  3.26it/s]
Extract:  72%|#######2  | 419/578 [01:54<00:53,  2.99it/s]
Extract:  73%|#######2  | 421/578 [01:55<01:07,  2.33it/s]
Extract:  73%|#######3  | 423/578 [01:55<00:44,  3.46it/s]
Extract:  73%|#######3  | 424/578 [01:55<00:47,  3.23it/s]
Extract:  74%|#######3  | 425/578 [01:56<01:05,  2.33it/s]
Extract:  74%|#######3  | 426/578 [01:56<01:01,  2.47it/s]
Extract:  74%|#######3  | 427/578 [01:57<01:26,  1.74it/s]
Extract:  74%|#######4  | 428/578 [01:58<01:38,  1.52it/s]
Extract:  74%|#######4  | 429/578 [01:59<01:43,  1.45it/s]
Extract:  75%|#######4  | 431/578 [01:59<01:07,  2.17it/s]
Extract:  75%|#######4  | 432/578 [02:00<01:04,  2.27it/s]
Extract:  75%|#######4  | 433/578 [02:00<00:53,  2.72it/s]
Extract:  75%|#######5  | 434/578 [02:01<01:10,  2.04it/s]
Extract:  75%|#######5  | 435/578 [02:01<01:00,  2.38it/s]
Extract:  75%|#######5  | 436/578 [02:01<00:47,  3.00it/s]
Extract:  76%|#######5  | 437/578 [02:01<00:46,  3.03it/s]
Extract:  76%|#######5  | 438/578 [02:02<00:43,  3.19it/s]
Extract:  76%|#######5  | 439/578 [02:02<00:49,  2.82it/s]
Extract:  76%|#######6  | 441/578 [02:04<01:13,  1.86it/s]
Extract:  76%|#######6  | 442/578 [02:04<01:02,  2.18it/s]
Extract:  77%|#######6  | 443/578 [02:04<01:03,  2.13it/s]
Extract:  77%|#######6  | 444/578 [02:05<00:54,  2.45it/s]
Extract:  77%|#######6  | 445/578 [02:05<01:05,  2.04it/s]
Extract:  77%|#######7  | 447/578 [02:06<00:42,  3.10it/s]
Extract:  78%|#######7  | 448/578 [02:06<00:35,  3.67it/s]
Extract:  78%|#######7  | 449/578 [02:06<00:30,  4.23it/s]
Extract:  78%|#######7  | 450/578 [02:07<00:53,  2.38it/s]
Extract:  78%|#######8  | 451/578 [02:07<01:04,  1.97it/s]
Extract:  78%|#######8  | 452/578 [02:08<00:53,  2.37it/s]
Extract:  78%|#######8  | 453/578 [02:08<00:41,  2.98it/s]
Extract:  79%|#######8  | 454/578 [02:08<00:36,  3.35it/s]
Extract:  79%|#######8  | 455/578 [02:08<00:32,  3.83it/s]
Extract:  79%|#######8  | 456/578 [02:08<00:28,  4.28it/s]
Extract:  79%|#######9  | 458/578 [02:09<00:36,  3.29it/s]
Extract:  79%|#######9  | 459/578 [02:09<00:34,  3.47it/s]
Extract:  80%|#######9  | 461/578 [02:10<00:27,  4.28it/s]
Extract:  80%|#######9  | 462/578 [02:10<00:24,  4.80it/s]
Extract:  80%|########  | 463/578 [02:10<00:32,  3.55it/s]
Extract:  80%|########  | 465/578 [02:10<00:22,  4.99it/s]
Extract:  81%|########  | 466/578 [02:11<00:25,  4.47it/s]
Extract:  81%|########  | 467/578 [02:11<00:33,  3.35it/s]
Extract:  81%|########  | 468/578 [02:12<00:48,  2.28it/s]
Extract:  81%|########1 | 469/578 [02:12<00:40,  2.69it/s]
Extract:  81%|########1 | 470/578 [02:13<00:39,  2.71it/s]
Extract:  81%|########1 | 471/578 [02:13<00:47,  2.26it/s]
Extract:  82%|########1 | 472/578 [02:14<00:47,  2.21it/s]
Extract:  82%|########1 | 473/578 [02:14<00:44,  2.38it/s]
Extract:  82%|########2 | 474/578 [02:15<00:46,  2.22it/s]
Extract:  82%|########2 | 475/578 [02:15<00:38,  2.70it/s]
Extract:  82%|########2 | 476/578 [02:16<00:58,  1.76it/s]
Extract:  83%|########2 | 477/578 [02:16<00:47,  2.13it/s]
Extract:  83%|########2 | 478/578 [02:16<00:39,  2.55it/s]
Extract:  83%|########2 | 479/578 [02:17<00:58,  1.70it/s]
Extract:  83%|########3 | 480/578 [02:18<00:46,  2.13it/s]
Extract:  83%|########3 | 481/578 [02:18<00:40,  2.40it/s]
Extract:  83%|########3 | 482/578 [02:18<00:32,  2.99it/s]
Extract:  84%|########3 | 483/578 [02:18<00:26,  3.65it/s]
Extract:  84%|########3 | 484/578 [02:18<00:22,  4.26it/s]
Extract:  84%|########3 | 485/578 [02:18<00:18,  4.90it/s]
Extract:  84%|########4 | 486/578 [02:18<00:16,  5.66it/s]
Extract:  84%|########4 | 487/578 [02:19<00:20,  4.37it/s]
Extract:  84%|########4 | 488/578 [02:19<00:18,  4.86it/s]
Extract:  85%|########4 | 489/578 [02:20<00:37,  2.35it/s]
Extract:  85%|########4 | 490/578 [02:20<00:34,  2.55it/s]
Extract:  85%|########4 | 491/578 [02:21<00:36,  2.36it/s]
Extract:  85%|########5 | 492/578 [02:21<00:39,  2.20it/s]
Extract:  85%|########5 | 493/578 [02:22<00:36,  2.36it/s]
Extract:  85%|########5 | 494/578 [02:22<00:33,  2.53it/s]
Extract:  86%|########5 | 496/578 [02:22<00:21,  3.81it/s]
Extract:  86%|########5 | 497/578 [02:22<00:18,  4.40it/s]
Extract:  86%|########6 | 498/578 [02:23<00:33,  2.42it/s]
Extract:  86%|########6 | 499/578 [02:23<00:26,  2.94it/s]
Extract:  87%|########6 | 501/578 [02:24<00:18,  4.08it/s]
Extract:  87%|########7 | 503/578 [02:24<00:14,  5.25it/s]
Extract:  87%|########7 | 504/578 [02:24<00:18,  3.96it/s]
Extract:  87%|########7 | 505/578 [02:25<00:29,  2.50it/s]
Extract:  88%|########7 | 507/578 [02:25<00:20,  3.42it/s]
Extract:  88%|########7 | 508/578 [02:26<00:21,  3.32it/s]
Extract:  88%|########8 | 510/578 [02:26<00:19,  3.51it/s]
Extract:  88%|########8 | 511/578 [02:27<00:17,  3.73it/s]
Extract:  89%|########8 | 512/578 [02:27<00:19,  3.36it/s]
Extract:  89%|########8 | 514/578 [02:27<00:13,  4.68it/s]
Extract:  89%|########9 | 515/578 [02:28<00:16,  3.82it/s]
Extract:  89%|########9 | 516/578 [02:28<00:24,  2.52it/s]
Extract:  89%|########9 | 517/578 [02:29<00:24,  2.54it/s]
Extract:  90%|########9 | 518/578 [02:29<00:19,  3.07it/s]
Extract:  90%|########9 | 519/578 [02:29<00:20,  2.86it/s]
Extract:  90%|########9 | 520/578 [02:30<00:18,  3.11it/s]
Extract:  90%|######### | 522/578 [02:30<00:13,  4.09it/s]
Extract:  90%|######### | 523/578 [02:30<00:15,  3.62it/s]
Extract:  91%|######### | 524/578 [02:30<00:14,  3.78it/s]
Extract:  91%|######### | 525/578 [02:31<00:11,  4.43it/s]
Extract:  91%|#########1| 526/578 [02:32<00:32,  1.62it/s]
Extract:  91%|#########1| 528/578 [02:32<00:20,  2.45it/s]
Extract:  92%|#########1| 529/578 [02:33<00:17,  2.79it/s]
Extract:  92%|#########1| 530/578 [02:33<00:16,  2.97it/s]
Extract:  92%|#########1| 531/578 [02:33<00:13,  3.43it/s]
Extract:  92%|#########2| 532/578 [02:33<00:12,  3.78it/s]
Extract:  92%|#########2| 533/578 [02:33<00:10,  4.19it/s]
Extract:  92%|#########2| 534/578 [02:34<00:12,  3.56it/s]
Extract:  93%|#########2| 535/578 [02:34<00:10,  3.98it/s]
Extract:  93%|#########2| 537/578 [02:34<00:09,  4.17it/s]
Extract:  93%|#########3| 538/578 [02:35<00:11,  3.50it/s]
Extract:  93%|#########3| 539/578 [02:35<00:09,  4.15it/s]
Extract:  93%|#########3| 540/578 [02:36<00:12,  2.92it/s]
Extract:  94%|#########3| 541/578 [02:36<00:12,  2.95it/s]
Extract:  94%|#########3| 543/578 [02:36<00:10,  3.37it/s]
Extract:  94%|#########4| 544/578 [02:37<00:08,  3.98it/s]
Extract:  94%|#########4| 546/578 [02:38<00:11,  2.85it/s]
Extract:  95%|#########4| 547/578 [02:38<00:14,  2.13it/s]
Extract:  95%|#########4| 548/578 [02:39<00:11,  2.58it/s]
Extract:  95%|#########5| 550/578 [02:39<00:07,  3.91it/s]
Extract:  95%|#########5| 551/578 [02:39<00:06,  4.45it/s]
Extract:  96%|#########5| 553/578 [02:40<00:08,  3.08it/s]
Extract:  96%|#########5| 554/578 [02:41<00:11,  2.18it/s]
Extract:  96%|#########6| 555/578 [02:42<00:13,  1.74it/s]
Extract:  96%|#########6| 556/578 [02:42<00:11,  1.84it/s]
Extract:  96%|#########6| 557/578 [02:43<00:10,  1.91it/s]
Extract:  97%|#########6| 559/578 [02:43<00:06,  2.97it/s]
Extract:  97%|#########6| 560/578 [02:44<00:08,  2.14it/s]
Extract:  97%|#########7| 561/578 [02:45<00:12,  1.34it/s]
Extract:  97%|#########7| 563/578 [02:45<00:06,  2.15it/s]
Extract:  98%|#########7| 564/578 [02:46<00:08,  1.72it/s]
Extract:  98%|#########7| 565/578 [02:47<00:08,  1.61it/s]
Extract:  98%|#########7| 566/578 [02:47<00:06,  1.97it/s]
Extract:  98%|#########8| 567/578 [02:48<00:05,  2.17it/s]
Extract:  98%|#########8| 568/578 [02:49<00:05,  1.71it/s]
Extract:  99%|#########8| 570/578 [02:49<00:03,  2.63it/s]
Extract:  99%|#########8| 572/578 [02:49<00:01,  3.24it/s]
Extract:  99%|#########9| 573/578 [02:49<00:01,  3.64it/s]
Extract:  99%|#########9| 575/578 [02:50<00:00,  4.17it/s]
Extract: 100%|#########9| 576/578 [02:51<00:00,  2.57it/s]
Extract: 100%|##########| 578/578 [02:51<00:00,  3.76it/s]
Extract: 100%|##########| 578/578 [02:51<00:00,  3.38it/s]

Extract:   0%|          | 0/578 [00:00<?, ?it/s]
Extract:   0%|          | 1/578 [00:00<01:55,  4.98it/s]
Extract:   0%|          | 2/578 [00:00<02:20,  4.09it/s]
Extract:   1%|          | 3/578 [00:00<03:05,  3.09it/s]
Extract:   1%|          | 4/578 [00:01<04:09,  2.30it/s]
Extract:   1%|          | 5/578 [00:01<03:29,  2.73it/s]
Extract:   1%|1         | 6/578 [00:01<03:07,  3.05it/s]
Extract:   1%|1         | 7/578 [00:02<03:28,  2.73it/s]
Extract:   1%|1         | 8/578 [00:02<03:56,  2.41it/s]
Extract:   2%|1         | 9/578 [00:03<04:35,  2.06it/s]
Extract:   2%|1         | 10/578 [00:04<04:26,  2.13it/s]
Extract:   2%|1         | 11/578 [00:04<04:15,  2.22it/s]
Extract:   2%|2         | 12/578 [00:05<05:19,  1.77it/s]
Extract:   2%|2         | 13/578 [00:05<04:21,  2.16it/s]
Extract:   2%|2         | 14/578 [00:06<05:32,  1.70it/s]
Extract:   3%|2         | 15/578 [00:07<06:16,  1.50it/s]
Extract:   3%|2         | 16/578 [00:07<05:40,  1.65it/s]
Extract:   3%|2         | 17/578 [00:07<04:17,  2.18it/s]
Extract:   3%|3         | 19/578 [00:07<02:39,  3.51it/s]
Extract:   3%|3         | 20/578 [00:08<02:18,  4.02it/s]
Extract:   4%|3         | 21/578 [00:09<04:06,  2.26it/s]
Extract:   4%|3         | 22/578 [00:09<03:59,  2.32it/s]
Extract:   4%|3         | 23/578 [00:10<04:45,  1.94it/s]
Extract:   4%|4         | 24/578 [00:10<04:09,  2.22it/s]
Extract:   4%|4         | 26/578 [00:10<02:54,  3.17it/s]
Extract:   5%|4         | 27/578 [00:11<04:35,  2.00it/s]
Extract:   5%|4         | 28/578 [00:12<03:51,  2.38it/s]
Extract:   5%|5         | 29/578 [00:12<03:25,  2.67it/s]
Extract:   5%|5         | 30/578 [00:12<03:21,  2.72it/s]
Extract:   5%|5         | 31/578 [00:13<03:37,  2.51it/s]
Extract:   6%|5         | 32/578 [00:13<03:05,  2.94it/s]
Extract:   6%|5         | 34/578 [00:13<02:04,  4.37it/s]
Extract:   6%|6         | 35/578 [00:13<01:59,  4.54it/s]
Extract:   6%|6         | 36/578 [00:13<01:47,  5.06it/s]
Extract:   6%|6         | 37/578 [00:14<02:20,  3.85it/s]
Extract:   7%|6         | 38/578 [00:14<02:14,  4.01it/s]
Extract:   7%|6         | 39/578 [00:14<01:52,  4.79it/s]
Extract:   7%|6         | 40/578 [00:14<02:01,  4.41it/s]
Extract:   7%|7         | 41/578 [00:15<02:00,  4.44it/s]
Extract:   7%|7         | 42/578 [00:16<04:16,  2.09it/s]
Extract:   7%|7         | 43/578 [00:17<05:07,  1.74it/s]
Extract:   8%|7         | 45/578 [00:17<03:12,  2.78it/s]
Extract:   8%|7         | 46/578 [00:17<02:45,  3.21it/s]
Extract:   8%|8         | 47/578 [00:17<02:50,  3.11it/s]
Extract:   8%|8         | 49/578 [00:18<02:07,  4.14it/s]
Extract:   9%|8         | 50/578 [00:18<03:20,  2.63it/s]
Extract:   9%|8         | 51/578 [00:19<04:19,  2.03it/s]
Extract:   9%|8         | 52/578 [00:20<05:26,  1.61it/s]
Extract:   9%|9         | 54/578 [00:21<04:49,  1.81it/s]
Extract:  10%|9         | 55/578 [00:22<04:46,  1.83it/s]
Extract:  10%|9         | 56/578 [00:22<04:17,  2.02it/s]
Extract:  10%|9         | 57/578 [00:22<03:32,  2.46it/s]
Extract:  10%|#         | 58/578 [00:23<03:43,  2.33it/s]
Extract:  10%|#         | 59/578 [00:23<03:47,  2.28it/s]
Extract:  10%|#         | 60/578 [00:24<04:50,  1.78it/s]
Extract:  11%|#         | 61/578 [00:25<05:10,  1.66it/s]
Extract:  11%|#         | 62/578 [00:25<04:06,  2.09it/s]
Extract:  11%|#         | 63/578 [00:25<03:11,  2.69it/s]
Extract:  11%|#1        | 64/578 [00:25<03:37,  2.36it/s]
Extract:  11%|#1        | 65/578 [00:26<04:33,  1.88it/s]
Extract:  11%|#1        | 66/578 [00:26<03:38,  2.34it/s]
Extract:  12%|#1        | 67/578 [00:27<04:58,  1.71it/s]
Extract:  12%|#1        | 68/578 [00:28<04:12,  2.02it/s]
Extract:  12%|#1        | 69/578 [00:28<03:55,  2.16it/s]
Extract:  12%|#2        | 70/578 [00:28<03:09,  2.68it/s]
Extract:  12%|#2        | 71/578 [00:28<02:50,  2.98it/s]
Extract:  12%|#2        | 72/578 [00:29<02:36,  3.23it/s]
Extract:  13%|#2        | 73/578 [00:30<04:15,  1.98it/s]
Extract:  13%|#2        | 74/578 [00:30<03:27,  2.43it/s]
Extract:  13%|#2        | 75/578 [00:30<02:58,  2.82it/s]
Extract:  13%|#3        | 76/578 [00:30<02:59,  2.80it/s]
Extract:  13%|#3        | 77/578 [00:31<04:26,  1.88it/s]
Extract:  14%|#3        | 79/578 [00:32<03:02,  2.73it/s]
Extract:  14%|#3        | 80/578 [00:32<02:46,  3.00it/s]
Extract:  14%|#4        | 81/578 [00:32<02:28,  3.35it/s]
Extract:  14%|#4        | 82/578 [00:32<02:10,  3.79it/s]
Extract:  14%|#4        | 83/578 [00:33<02:12,  3.75it/s]
Extract:  15%|#4        | 84/578 [00:34<04:13,  1.95it/s]
Extract:  15%|#4        | 85/578 [00:34<03:24,  2.41it/s]
Extract:  15%|#4        | 86/578 [00:34<03:03,  2.68it/s]
Extract:  15%|#5        | 87/578 [00:34<02:23,  3.42it/s]
Extract:  15%|#5        | 88/578 [00:34<01:57,  4.16it/s]
Extract:  15%|#5        | 89/578 [00:35<03:35,  2.27it/s]
Extract:  16%|#5        | 90/578 [00:36<03:14,  2.51it/s]
Extract:  16%|#5        | 91/578 [00:37<04:26,  1.83it/s]
Extract:  16%|#5        | 92/578 [00:37<05:26,  1.49it/s]
Extract:  16%|#6        | 93/578 [00:38<04:13,  1.91it/s]
Extract:  16%|#6        | 94/578 [00:38<04:43,  1.71it/s]
Extract:  17%|#6        | 96/578 [00:39<04:19,  1.86it/s]
Extract:  17%|#6        | 97/578 [00:40<03:43,  2.16it/s]
Extract:  17%|#6        | 98/578 [00:40<03:41,  2.17it/s]
Extract:  17%|#7        | 99/578 [00:40<03:03,  2.61it/s]
Extract:  17%|#7        | 100/578 [00:41<03:08,  2.53it/s]
Extract:  17%|#7        | 101/578 [00:41<02:43,  2.92it/s]
Extract:  18%|#7        | 103/578 [00:41<01:43,  4.58it/s]
Extract:  18%|#8        | 105/578 [00:42<01:54,  4.13it/s]
Extract:  18%|#8        | 106/578 [00:42<01:47,  4.38it/s]
Extract:  19%|#8        | 107/578 [00:43<03:00,  2.61it/s]
Extract:  19%|#8        | 108/578 [00:43<03:38,  2.15it/s]
Extract:  19%|#9        | 110/578 [00:44<02:47,  2.79it/s]
Extract:  19%|#9        | 111/578 [00:44<02:42,  2.88it/s]
Extract:  20%|#9        | 113/578 [00:44<02:01,  3.82it/s]
Extract:  20%|#9        | 114/578 [00:45<01:55,  4.02it/s]
Extract:  20%|#9        | 115/578 [00:45<01:49,  4.24it/s]
Extract:  20%|##        | 116/578 [00:45<02:11,  3.52it/s]
Extract:  20%|##        | 117/578 [00:46<02:51,  2.68it/s]
Extract:  21%|##        | 120/578 [00:47<02:35,  2.95it/s]
Extract:  21%|##        | 121/578 [00:47<03:17,  2.31it/s]
Extract:  21%|##1       | 122/578 [00:48<02:45,  2.75it/s]
Extract:  21%|##1       | 123/578 [00:48<02:20,  3.23it/s]
Extract:  21%|##1       | 124/578 [00:48<02:02,  3.72it/s]
Extract:  22%|##1       | 125/578 [00:49<03:39,  2.06it/s]
Extract:  22%|##1       | 126/578 [00:49<03:21,  2.25it/s]
Extract:  22%|##1       | 127/578 [00:49<02:39,  2.82it/s]
Extract:  22%|##2       | 128/578 [00:50<02:27,  3.05it/s]
Extract:  22%|##2       | 130/578 [00:51<02:42,  2.76it/s]
Extract:  23%|##2       | 131/578 [00:51<03:33,  2.10it/s]
Extract:  23%|##2       | 132/578 [00:52<03:07,  2.38it/s]
Extract:  23%|##3       | 133/578 [00:52<03:20,  2.22it/s]
Extract:  23%|##3       | 134/578 [00:52<02:54,  2.54it/s]
Extract:  23%|##3       | 135/578 [00:53<02:38,  2.80it/s]
Extract:  24%|##3       | 136/578 [00:53<02:21,  3.12it/s]
Extract:  24%|##3       | 137/578 [00:54<03:29,  2.11it/s]
Extract:  24%|##3       | 138/578 [00:55<05:26,  1.35it/s]
Extract:  24%|##4       | 139/578 [00:56<04:58,  1.47it/s]
Extract:  24%|##4       | 141/578 [00:56<02:59,  2.44it/s]
Extract:  25%|##4       | 143/578 [00:56<01:57,  3.70it/s]
Extract:  25%|##5       | 145/578 [00:56<01:24,  5.10it/s]
Extract:  25%|##5       | 147/578 [00:57<02:21,  3.05it/s]
Extract:  26%|##5       | 148/578 [00:57<02:14,  3.21it/s]
Extract:  26%|##5       | 149/578 [00:59<03:31,  2.03it/s]
Extract:  26%|##5       | 150/578 [00:59<03:09,  2.25it/s]
Extract:  26%|##6       | 152/578 [00:59<02:07,  3.34it/s]
Extract:  26%|##6       | 153/578 [01:00<03:00,  2.36it/s]
Extract:  27%|##6       | 154/578 [01:00<02:33,  2.76it/s]
Extract:  27%|##6       | 155/578 [01:01<03:13,  2.19it/s]
Extract:  27%|##7       | 157/578 [01:01<02:13,  3.16it/s]
Extract:  27%|##7       | 158/578 [01:01<01:56,  3.61it/s]
Extract:  28%|##7       | 159/578 [01:01<01:40,  4.16it/s]
Extract:  28%|##7       | 160/578 [01:02<02:41,  2.58it/s]
Extract:  28%|##8       | 162/578 [01:02<01:48,  3.85it/s]
Extract:  28%|##8       | 163/578 [01:03<02:52,  2.41it/s]
Extract:  28%|##8       | 164/578 [01:03<02:25,  2.85it/s]
Extract:  29%|##8       | 165/578 [01:04<02:15,  3.04it/s]
Extract:  29%|##8       | 166/578 [01:04<02:05,  3.29it/s]
Extract:  29%|##8       | 167/578 [01:05<03:07,  2.19it/s]
Extract:  29%|##9       | 168/578 [01:05<02:42,  2.53it/s]
Extract:  29%|##9       | 169/578 [01:05<02:16,  2.99it/s]
Extract:  29%|##9       | 170/578 [01:05<02:06,  3.23it/s]
Extract:  30%|##9       | 171/578 [01:06<01:44,  3.89it/s]
Extract:  30%|##9       | 172/578 [01:06<02:15,  2.99it/s]
Extract:  30%|##9       | 173/578 [01:07<03:25,  1.97it/s]
Extract:  30%|###       | 174/578 [01:07<03:03,  2.20it/s]
Extract:  30%|###       | 175/578 [01:08<02:28,  2.71it/s]
Extract:  30%|###       | 176/578 [01:08<02:03,  3.25it/s]
Extract:  31%|###       | 177/578 [01:09<03:59,  1.67it/s]
Extract:  31%|###       | 178/578 [01:09<03:20,  2.00it/s]
Extract:  31%|###       | 179/578 [01:09<02:47,  2.38it/s]
Extract:  31%|###1      | 180/578 [01:10<03:22,  1.97it/s]
Extract:  31%|###1      | 181/578 [01:11<04:09,  1.59it/s]
Extract:  31%|###1      | 182/578 [01:11<03:39,  1.81it/s]
Extract:  32%|###1      | 183/578 [01:12<02:45,  2.39it/s]
Extract:  32%|###1      | 184/578 [01:12<02:51,  2.29it/s]
Extract:  32%|###2      | 185/578 [01:13<03:44,  1.75it/s]
Extract:  32%|###2      | 186/578 [01:13<03:12,  2.04it/s]
Extract:  33%|###2      | 188/578 [01:14<02:22,  2.74it/s]
Extract:  33%|###2      | 189/578 [01:15<03:12,  2.03it/s]
Extract:  33%|###2      | 190/578 [01:15<03:13,  2.01it/s]
Extract:  33%|###3      | 191/578 [01:16<03:37,  1.78it/s]
Extract:  33%|###3      | 192/578 [01:16<02:56,  2.18it/s]
Extract:  33%|###3      | 193/578 [01:16<02:23,  2.69it/s]
Extract:  34%|###3      | 194/578 [01:16<01:54,  3.35it/s]
Extract:  34%|###3      | 195/578 [01:16<01:37,  3.91it/s]
Extract:  34%|###4      | 197/578 [01:17<02:14,  2.84it/s]
Extract:  34%|###4      | 198/578 [01:18<02:12,  2.86it/s]
Extract:  35%|###4      | 201/578 [01:19<02:07,  2.95it/s]
Extract:  35%|###4      | 202/578 [01:19<02:09,  2.91it/s]
Extract:  35%|###5      | 203/578 [01:20<03:21,  1.86it/s]
Extract:  35%|###5      | 205/578 [01:20<02:17,  2.72it/s]
Extract:  36%|###5      | 206/578 [01:21<02:08,  2.91it/s]
Extract:  36%|###5      | 207/578 [01:21<02:22,  2.60it/s]
Extract:  36%|###6      | 209/578 [01:22<01:44,  3.52it/s]
Extract:  36%|###6      | 210/578 [01:22<01:44,  3.51it/s]
Extract:  37%|###6      | 212/578 [01:23<02:36,  2.34it/s]
Extract:  37%|###6      | 213/578 [01:23<02:23,  2.54it/s]
Extract:  37%|###7      | 215/578 [01:24<02:17,  2.64it/s]
Extract:  38%|###7      | 217/578 [01:24<01:52,  3.21it/s]
Extract:  38%|###7      | 219/578 [01:25<01:22,  4.37it/s]
Extract:  38%|###8      | 220/578 [01:25<01:19,  4.49it/s]
Extract:  38%|###8      | 221/578 [01:25<01:15,  4.73it/s]
Extract:  39%|###8      | 223/578 [01:25<01:01,  5.79it/s]
Extract:  39%|###8      | 224/578 [01:25<00:58,  6.01it/s]
Extract:  39%|###8      | 225/578 [01:26<01:44,  3.38it/s]
Extract:  39%|###9      | 226/578 [01:26<01:53,  3.09it/s]
Extract:  39%|###9      | 227/578 [01:27<01:47,  3.26it/s]
Extract:  39%|###9      | 228/578 [01:27<01:28,  3.97it/s]
Extract:  40%|###9      | 229/578 [01:27<01:38,  3.56it/s]
Extract:  40%|###9      | 230/578 [01:28<02:12,  2.62it/s]
Extract:  40%|###9      | 231/578 [01:28<02:19,  2.49it/s]
Extract:  40%|####      | 232/578 [01:28<02:03,  2.81it/s]
Extract:  40%|####      | 233/578 [01:29<01:47,  3.21it/s]
Extract:  40%|####      | 234/578 [01:29<01:42,  3.36it/s]
Extract:  41%|####      | 235/578 [01:29<01:37,  3.54it/s]
Extract:  41%|####      | 236/578 [01:30<02:35,  2.20it/s]
Extract:  41%|####1     | 237/578 [01:31<03:52,  1.47it/s]
Extract:  41%|####1     | 239/578 [01:32<02:23,  2.36it/s]
Extract:  42%|####1     | 240/578 [01:32<02:12,  2.56it/s]
Extract:  42%|####1     | 242/578 [01:32<01:31,  3.67it/s]
Extract:  42%|####2     | 243/578 [01:32<01:18,  4.28it/s]
Extract:  42%|####2     | 244/578 [01:33<02:08,  2.60it/s]
Extract:  42%|####2     | 245/578 [01:33<01:52,  2.96it/s]
Extract:  43%|####2     | 246/578 [01:33<01:33,  3.56it/s]
Extract:  43%|####2     | 247/578 [01:34<02:01,  2.72it/s]
Extract:  43%|####2     | 248/578 [01:34<02:20,  2.35it/s]
Extract:  43%|####3     | 249/578 [01:35<02:03,  2.67it/s]
Extract:  43%|####3     | 250/578 [01:35<01:50,  2.96it/s]
Extract:  43%|####3     | 251/578 [01:35<01:45,  3.09it/s]
Extract:  44%|####3     | 252/578 [01:35<01:24,  3.86it/s]
Extract:  44%|####3     | 253/578 [01:36<01:15,  4.30it/s]
Extract:  44%|####4     | 255/578 [01:36<01:29,  3.63it/s]
Extract:  44%|####4     | 256/578 [01:37<02:10,  2.48it/s]
Extract:  44%|####4     | 257/578 [01:37<01:50,  2.91it/s]
Extract:  45%|####4     | 258/578 [01:37<01:34,  3.40it/s]
Extract:  45%|####4     | 259/578 [01:38<01:29,  3.58it/s]
Extract:  45%|####4     | 260/578 [01:38<01:31,  3.46it/s]
Extract:  45%|####5     | 261/578 [01:38<01:20,  3.92it/s]
Extract:  45%|####5     | 262/578 [01:39<01:48,  2.91it/s]
Extract:  46%|####5     | 263/578 [01:40<02:47,  1.88it/s]
Extract:  46%|####5     | 264/578 [01:40<02:10,  2.40it/s]
Extract:  46%|####5     | 265/578 [01:40<02:21,  2.21it/s]
Extract:  46%|####6     | 266/578 [01:41<02:20,  2.23it/s]
Extract:  46%|####6     | 267/578 [01:42<03:27,  1.50it/s]
Extract:  46%|####6     | 268/578 [01:42<02:41,  1.92it/s]
Extract:  47%|####6     | 269/578 [01:43<02:53,  1.78it/s]
Extract:  47%|####6     | 271/578 [01:43<01:41,  3.02it/s]
Extract:  47%|####7     | 273/578 [01:44<01:58,  2.58it/s]
Extract:  47%|####7     | 274/578 [01:45<02:34,  1.97it/s]
Extract:  48%|####7     | 275/578 [01:45<02:51,  1.76it/s]
Extract:  48%|####7     | 276/578 [01:46<02:31,  1.99it/s]
Extract:  48%|####7     | 277/578 [01:46<02:09,  2.32it/s]
Extract:  48%|####8     | 279/578 [01:46<01:21,  3.65it/s]
Extract:  48%|####8     | 280/578 [01:47<01:44,  2.86it/s]
Extract:  49%|####8     | 282/578 [01:47<01:19,  3.74it/s]
Extract:  49%|####8     | 283/578 [01:48<01:36,  3.06it/s]
Extract:  49%|####9     | 284/578 [01:48<01:25,  3.43it/s]
Extract:  49%|####9     | 285/578 [01:48<01:35,  3.05it/s]
Extract:  49%|####9     | 286/578 [01:49<01:37,  3.01it/s]
Extract:  50%|####9     | 287/578 [01:49<01:27,  3.33it/s]
Extract:  50%|####9     | 288/578 [01:49<01:20,  3.59it/s]
Extract:  50%|#####     | 289/578 [01:49<01:32,  3.12it/s]
Extract:  50%|#####     | 290/578 [01:50<02:22,  2.02it/s]
Extract:  50%|#####     | 291/578 [01:51<01:56,  2.45it/s]
Extract:  51%|#####     | 292/578 [01:51<01:31,  3.13it/s]
Extract:  51%|#####     | 294/578 [01:51<01:05,  4.32it/s]
Extract:  51%|#####1    | 295/578 [01:52<02:38,  1.78it/s]
Extract:  51%|#####1    | 296/578 [01:53<02:16,  2.07it/s]
Extract:  51%|#####1    | 297/578 [01:54<02:49,  1.65it/s]
Extract:  52%|#####1    | 299/578 [01:54<01:50,  2.52it/s]
Extract:  52%|#####1    | 300/578 [01:54<01:38,  2.82it/s]
Extract:  52%|#####2    | 301/578 [01:55<01:59,  2.32it/s]
Extract:  52%|#####2    | 302/578 [01:55<01:36,  2.85it/s]
Extract:  52%|#####2    | 303/578 [01:55<01:18,  3.51it/s]
Extract:  53%|#####2    | 304/578 [01:56<02:32,  1.79it/s]
Extract:  53%|#####2    | 305/578 [01:57<02:17,  1.98it/s]
Extract:  53%|#####3    | 307/578 [01:58<02:07,  2.13it/s]
Extract:  53%|#####3    | 308/578 [01:58<02:12,  2.03it/s]
Extract:  53%|#####3    | 309/578 [01:59<02:43,  1.65it/s]
Extract:  54%|#####3    | 310/578 [01:59<02:29,  1.80it/s]
Extract:  54%|#####3    | 311/578 [02:01<03:41,  1.20it/s]
Extract:  54%|#####3    | 312/578 [02:02<03:46,  1.18it/s]
Extract:  54%|#####4    | 313/578 [02:02<03:00,  1.47it/s]
Extract:  54%|#####4    | 314/578 [02:03<02:51,  1.54it/s]
Extract:  55%|#####4    | 316/578 [02:03<02:09,  2.03it/s]
Extract:  55%|#####5    | 318/578 [02:04<02:03,  2.11it/s]
Extract:  55%|#####5    | 319/578 [02:05<02:01,  2.14it/s]
Extract:  55%|#####5    | 320/578 [02:05<02:19,  1.85it/s]
Extract:  56%|#####5    | 321/578 [02:06<01:58,  2.17it/s]
Extract:  56%|#####5    | 322/578 [02:06<01:57,  2.19it/s]
Extract:  56%|#####5    | 323/578 [02:06<01:46,  2.40it/s]
Extract:  56%|#####6    | 325/578 [02:07<01:13,  3.44it/s]
Extract:  56%|#####6    | 326/578 [02:07<01:23,  3.01it/s]
Extract:  57%|#####6    | 327/578 [02:07<01:12,  3.44it/s]
Extract:  57%|#####6    | 328/578 [02:08<01:17,  3.21it/s]
Extract:  57%|#####7    | 330/578 [02:08<01:00,  4.07it/s]
Extract:  57%|#####7    | 331/578 [02:08<01:05,  3.76it/s]
Extract:  57%|#####7    | 332/578 [02:09<01:29,  2.74it/s]
Extract:  58%|#####7    | 333/578 [02:09<01:16,  3.21it/s]
Extract:  58%|#####7    | 334/578 [02:09<01:04,  3.80it/s]
Extract:  58%|#####7    | 335/578 [02:09<00:58,  4.13it/s]
Extract:  58%|#####8    | 336/578 [02:10<00:52,  4.57it/s]
Extract:  58%|#####8    | 337/578 [02:10<01:06,  3.63it/s]
Extract:  58%|#####8    | 338/578 [02:10<01:15,  3.18it/s]
Extract:  59%|#####8    | 339/578 [02:11<01:43,  2.30it/s]
Extract:  59%|#####8    | 340/578 [02:12<02:01,  1.97it/s]
Extract:  59%|#####8    | 341/578 [02:12<01:54,  2.06it/s]
Extract:  59%|#####9    | 342/578 [02:13<01:54,  2.07it/s]
Extract:  60%|#####9    | 344/578 [02:14<01:41,  2.30it/s]
Extract:  60%|#####9    | 345/578 [02:14<01:26,  2.69it/s]
Extract:  60%|#####9    | 346/578 [02:14<01:12,  3.19it/s]
Extract:  60%|######    | 347/578 [02:14<01:01,  3.78it/s]
Extract:  60%|######    | 348/578 [02:14<00:50,  4.53it/s]
Extract:  60%|######    | 349/578 [02:16<02:18,  1.66it/s]
Extract:  61%|######    | 350/578 [02:16<01:58,  1.93it/s]
Extract:  61%|######    | 351/578 [02:17<02:27,  1.54it/s]
Extract:  61%|######    | 352/578 [02:17<01:54,  1.98it/s]
Extract:  61%|######1   | 353/578 [02:18<01:49,  2.06it/s]
Extract:  61%|######1   | 355/578 [02:18<01:11,  3.13it/s]
Extract:  62%|######1   | 356/578 [02:18<01:31,  2.42it/s]
Extract:  62%|######1   | 357/578 [02:19<01:35,  2.32it/s]
Extract:  62%|######2   | 359/578 [02:19<01:11,  3.05it/s]
Extract:  62%|######2   | 360/578 [02:20<01:16,  2.86it/s]
Extract:  62%|######2   | 361/578 [02:20<01:05,  3.34it/s]
Extract:  63%|######2   | 362/578 [02:21<01:31,  2.36it/s]
Extract:  63%|######2   | 363/578 [02:21<01:16,  2.81it/s]
Extract:  63%|######2   | 364/578 [02:21<01:04,  3.32it/s]
Extract:  63%|######3   | 365/578 [02:21<01:09,  3.08it/s]
Extract:  63%|######3   | 366/578 [02:22<01:12,  2.91it/s]
Extract:  63%|######3   | 367/578 [02:23<01:38,  2.15it/s]
Extract:  64%|######3   | 368/578 [02:23<01:34,  2.22it/s]
Extract:  64%|######3   | 369/578 [02:24<02:13,  1.57it/s]
Extract:  64%|######4   | 370/578 [02:24<01:39,  2.09it/s]
Extract:  64%|######4   | 371/578 [02:24<01:16,  2.70it/s]
Extract:  65%|######4   | 373/578 [02:25<01:12,  2.81it/s]
Extract:  65%|######4   | 374/578 [02:25<01:06,  3.06it/s]
Extract:  65%|######5   | 376/578 [02:26<01:01,  3.29it/s]
Extract:  65%|######5   | 377/578 [02:26<01:07,  2.96it/s]
Extract:  65%|######5   | 378/578 [02:26<01:00,  3.29it/s]
Extract:  66%|######5   | 379/578 [02:27<01:26,  2.29it/s]
Extract:  66%|######5   | 380/578 [02:28<01:26,  2.30it/s]
Extract:  66%|######5   | 381/578 [02:28<01:14,  2.63it/s]
Extract:  66%|######6   | 382/578 [02:29<01:34,  2.08it/s]
Extract:  66%|######6   | 383/578 [02:29<01:21,  2.40it/s]
Extract:  66%|######6   | 384/578 [02:29<01:28,  2.19it/s]
Extract:  67%|######6   | 386/578 [02:30<01:01,  3.11it/s]
Extract:  67%|######6   | 387/578 [02:30<01:07,  2.83it/s]
Extract:  67%|######7   | 388/578 [02:30<00:56,  3.37it/s]
Extract:  67%|######7   | 390/578 [02:31<00:40,  4.67it/s]
Extract:  68%|######7   | 391/578 [02:31<00:40,  4.57it/s]
Extract:  68%|######7   | 392/578 [02:31<00:42,  4.35it/s]
Extract:  68%|######7   | 393/578 [02:31<00:51,  3.60it/s]
Extract:  68%|######8   | 394/578 [02:32<00:51,  3.58it/s]
Extract:  68%|######8   | 395/578 [02:32<00:56,  3.25it/s]
Extract:  69%|######8   | 397/578 [02:33<00:50,  3.60it/s]
Extract:  69%|######8   | 398/578 [02:33<00:45,  3.94it/s]
Extract:  69%|######9   | 399/578 [02:33<00:44,  4.07it/s]
Extract:  69%|######9   | 400/578 [02:33<00:38,  4.62it/s]
Extract:  69%|######9   | 401/578 [02:33<00:34,  5.19it/s]
Extract:  70%|######9   | 402/578 [02:33<00:32,  5.35it/s]
Extract:  70%|######9   | 403/578 [02:34<00:30,  5.67it/s]
Extract:  70%|######9   | 404/578 [02:34<00:29,  5.85it/s]
Extract:  70%|#######   | 405/578 [02:34<00:27,  6.24it/s]
Extract:  70%|#######   | 406/578 [02:34<00:41,  4.14it/s]
Extract:  70%|#######   | 407/578 [02:35<00:58,  2.90it/s]
Extract:  71%|#######   | 408/578 [02:36<01:30,  1.89it/s]
Extract:  71%|#######   | 409/578 [02:36<01:08,  2.45it/s]
Extract:  71%|#######   | 410/578 [02:36<01:02,  2.71it/s]
Extract:  71%|#######1  | 412/578 [02:37<00:46,  3.56it/s]
Extract:  71%|#######1  | 413/578 [02:37<00:58,  2.83it/s]
Extract:  72%|#######1  | 414/578 [02:37<00:47,  3.48it/s]
Extract:  72%|#######1  | 415/578 [02:37<00:43,  3.73it/s]
Extract:  72%|#######1  | 416/578 [02:38<00:45,  3.57it/s]
Extract:  72%|#######2  | 417/578 [02:38<00:40,  3.96it/s]
Extract:  72%|#######2  | 418/578 [02:38<00:45,  3.52it/s]
Extract:  72%|#######2  | 419/578 [02:39<00:51,  3.07it/s]
Extract:  73%|#######2  | 421/578 [02:40<01:06,  2.36it/s]
Extract:  73%|#######3  | 424/578 [02:40<00:43,  3.51it/s]
Extract:  74%|#######3  | 425/578 [02:41<00:58,  2.63it/s]
Extract:  74%|#######3  | 426/578 [02:41<00:55,  2.74it/s]
Extract:  74%|#######3  | 427/578 [02:43<01:47,  1.40it/s]
Extract:  74%|#######4  | 428/578 [02:44<01:57,  1.27it/s]
Extract:  74%|#######4  | 429/578 [02:45<01:59,  1.25it/s]
Extract:  75%|#######4  | 431/578 [02:45<01:17,  1.89it/s]
Extract:  75%|#######4  | 432/578 [02:46<01:11,  2.04it/s]
Extract:  75%|#######4  | 433/578 [02:46<00:58,  2.46it/s]
Extract:  75%|#######5  | 434/578 [02:47<01:17,  1.85it/s]
Extract:  75%|#######5  | 435/578 [02:47<01:07,  2.13it/s]
Extract:  75%|#######5  | 436/578 [02:47<00:52,  2.72it/s]
Extract:  76%|#######5  | 437/578 [02:47<00:46,  3.02it/s]
Extract:  76%|#######5  | 438/578 [02:48<00:44,  3.18it/s]
Extract:  76%|#######5  | 439/578 [02:48<00:50,  2.77it/s]
Extract:  76%|#######6  | 441/578 [02:49<00:55,  2.47it/s]
Extract:  76%|#######6  | 442/578 [02:49<00:49,  2.76it/s]
Extract:  77%|#######6  | 443/578 [02:50<00:42,  3.16it/s]
Extract:  77%|#######6  | 444/578 [02:50<00:38,  3.47it/s]
Extract:  77%|#######6  | 445/578 [02:51<01:01,  2.15it/s]
Extract:  77%|#######7  | 447/578 [02:51<00:41,  3.19it/s]
Extract:  78%|#######7  | 448/578 [02:51<00:34,  3.73it/s]
Extract:  78%|#######7  | 449/578 [02:51<00:30,  4.22it/s]
Extract:  78%|#######7  | 450/578 [02:52<00:55,  2.32it/s]
Extract:  78%|#######8  | 451/578 [02:53<01:12,  1.76it/s]
Extract:  78%|#######8  | 452/578 [02:53<00:58,  2.14it/s]
Extract:  78%|#######8  | 453/578 [02:53<00:45,  2.73it/s]
Extract:  79%|#######8  | 454/578 [02:54<00:39,  3.10it/s]
Extract:  79%|#######8  | 455/578 [02:54<00:34,  3.53it/s]
Extract:  79%|#######8  | 456/578 [02:54<00:30,  4.04it/s]
Extract:  79%|#######9  | 458/578 [02:55<00:31,  3.76it/s]
Extract:  79%|#######9  | 459/578 [02:55<00:28,  4.24it/s]
Extract:  80%|#######9  | 461/578 [02:55<00:22,  5.15it/s]
Extract:  80%|#######9  | 462/578 [02:55<00:21,  5.51it/s]
Extract:  80%|########  | 463/578 [02:56<00:28,  3.99it/s]
Extract:  80%|########  | 465/578 [02:56<00:20,  5.51it/s]
Extract:  81%|########  | 466/578 [02:57<00:44,  2.51it/s]
Extract:  81%|########  | 467/578 [02:57<00:49,  2.25it/s]
Extract:  81%|########  | 468/578 [02:59<01:09,  1.59it/s]
Extract:  81%|########1 | 469/578 [02:59<00:55,  1.97it/s]
Extract:  81%|########1 | 470/578 [02:59<00:47,  2.28it/s]
Extract:  81%|########1 | 471/578 [03:00<00:50,  2.13it/s]
Extract:  82%|########1 | 472/578 [03:00<00:49,  2.13it/s]
Extract:  82%|########1 | 473/578 [03:00<00:42,  2.47it/s]
Extract:  82%|########2 | 474/578 [03:01<00:49,  2.09it/s]
Extract:  82%|########2 | 475/578 [03:01<00:40,  2.57it/s]
Extract:  82%|########2 | 476/578 [03:02<00:54,  1.88it/s]
Extract:  83%|########2 | 477/578 [03:02<00:44,  2.26it/s]
Extract:  83%|########2 | 478/578 [03:02<00:36,  2.77it/s]
Extract:  83%|########2 | 479/578 [03:03<00:35,  2.82it/s]
Extract:  83%|########3 | 480/578 [03:03<00:29,  3.30it/s]
Extract:  83%|########3 | 481/578 [03:03<00:29,  3.32it/s]
Extract:  83%|########3 | 482/578 [03:03<00:24,  3.85it/s]
Extract:  84%|########3 | 484/578 [03:04<00:17,  5.30it/s]
Extract:  84%|########3 | 485/578 [03:04<00:15,  5.83it/s]
Extract:  84%|########4 | 486/578 [03:04<00:14,  6.22it/s]
Extract:  84%|########4 | 487/578 [03:04<00:19,  4.59it/s]
Extract:  84%|########4 | 488/578 [03:04<00:17,  5.12it/s]
Extract:  85%|########4 | 489/578 [03:06<00:41,  2.13it/s]
Extract:  85%|########4 | 490/578 [03:06<00:35,  2.44it/s]
Extract:  85%|########4 | 491/578 [03:06<00:36,  2.38it/s]
Extract:  85%|########5 | 492/578 [03:07<00:39,  2.16it/s]
Extract:  85%|########5 | 493/578 [03:07<00:35,  2.37it/s]
Extract:  85%|########5 | 494/578 [03:07<00:33,  2.50it/s]
Extract:  86%|########5 | 495/578 [03:08<00:25,  3.21it/s]
Extract:  86%|########5 | 496/578 [03:08<00:20,  3.93it/s]
Extract:  86%|########6 | 498/578 [03:09<00:31,  2.57it/s]
Extract:  86%|########6 | 499/578 [03:09<00:26,  3.04it/s]
Extract:  87%|########6 | 501/578 [03:09<00:19,  3.91it/s]
Extract:  87%|########7 | 503/578 [03:09<00:14,  5.12it/s]
Extract:  87%|########7 | 504/578 [03:10<00:20,  3.55it/s]
Extract:  87%|########7 | 505/578 [03:11<00:34,  2.09it/s]
Extract:  88%|########7 | 507/578 [03:11<00:23,  2.96it/s]
Extract:  88%|########7 | 508/578 [03:12<00:23,  2.93it/s]
Extract:  88%|########8 | 510/578 [03:13<00:34,  1.98it/s]
Extract:  88%|########8 | 511/578 [03:13<00:29,  2.27it/s]
Extract:  89%|########8 | 512/578 [03:14<00:27,  2.38it/s]
Extract:  89%|########8 | 514/578 [03:14<00:18,  3.54it/s]
Extract:  89%|########9 | 515/578 [03:15<00:20,  3.01it/s]
Extract:  89%|########9 | 516/578 [03:15<00:28,  2.15it/s]
Extract:  89%|########9 | 517/578 [03:16<00:27,  2.26it/s]
Extract:  90%|########9 | 518/578 [03:16<00:21,  2.76it/s]
Extract:  90%|########9 | 519/578 [03:16<00:21,  2.78it/s]
Extract:  90%|########9 | 520/578 [03:17<00:19,  3.01it/s]
Extract:  90%|######### | 522/578 [03:17<00:14,  3.89it/s]
Extract:  90%|######### | 523/578 [03:17<00:15,  3.54it/s]
Extract:  91%|######### | 524/578 [03:17<00:14,  3.62it/s]
Extract:  91%|######### | 525/578 [03:18<00:12,  4.11it/s]
Extract:  91%|#########1| 526/578 [03:19<00:24,  2.13it/s]
Extract:  91%|#########1| 527/578 [03:19<00:18,  2.72it/s]
Extract:  91%|#########1| 528/578 [03:19<00:16,  2.99it/s]
Extract:  92%|#########1| 529/578 [03:19<00:15,  3.15it/s]
Extract:  92%|#########1| 530/578 [03:20<00:14,  3.24it/s]
Extract:  92%|#########1| 531/578 [03:20<00:13,  3.58it/s]
Extract:  92%|#########2| 532/578 [03:20<00:12,  3.70it/s]
Extract:  92%|#########2| 533/578 [03:20<00:11,  4.01it/s]
Extract:  92%|#########2| 534/578 [03:21<00:12,  3.44it/s]
Extract:  93%|#########2| 535/578 [03:21<00:11,  3.82it/s]
Extract:  93%|#########2| 537/578 [03:21<00:10,  3.88it/s]
Extract:  93%|#########3| 538/578 [03:22<00:14,  2.85it/s]
Extract:  93%|#########3| 539/578 [03:22<00:11,  3.44it/s]
Extract:  93%|#########3| 540/578 [03:23<00:15,  2.50it/s]
Extract:  94%|#########3| 541/578 [03:23<00:14,  2.57it/s]
Extract:  94%|#########3| 543/578 [03:24<00:11,  3.15it/s]
Extract:  94%|#########4| 545/578 [03:24<00:07,  4.54it/s]
Extract:  94%|#########4| 546/578 [03:25<00:12,  2.58it/s]
Extract:  95%|#########4| 547/578 [03:26<00:15,  1.96it/s]
Extract:  95%|#########4| 548/578 [03:26<00:12,  2.42it/s]
Extract:  95%|#########5| 550/578 [03:26<00:07,  3.57it/s]
Extract:  95%|#########5| 551/578 [03:26<00:06,  4.06it/s]
Extract:  96%|#########5| 553/578 [03:27<00:08,  2.89it/s]
Extract:  96%|#########5| 554/578 [03:28<00:11,  2.15it/s]
Extract:  96%|#########6| 555/578 [03:29<00:13,  1.71it/s]
Extract:  96%|#########6| 556/578 [03:30<00:17,  1.26it/s]
Extract:  96%|#########6| 557/578 [03:31<00:15,  1.40it/s]
Extract:  97%|#########6| 558/578 [03:31<00:11,  1.81it/s]
Extract:  97%|#########6| 559/578 [03:31<00:08,  2.35it/s]
Extract:  97%|#########6| 560/578 [03:32<00:10,  1.65it/s]
Extract:  97%|#########7| 561/578 [03:33<00:09,  1.73it/s]
Extract:  97%|#########7| 563/578 [03:33<00:05,  2.85it/s]
Extract:  98%|#########7| 564/578 [03:34<00:07,  1.89it/s]
Extract:  98%|#########7| 565/578 [03:35<00:08,  1.53it/s]
Extract:  98%|#########7| 566/578 [03:35<00:06,  1.80it/s]
Extract:  98%|#########8| 567/578 [03:36<00:05,  1.98it/s]
Extract:  98%|#########8| 568/578 [03:37<00:06,  1.58it/s]
Extract:  98%|#########8| 569/578 [03:37<00:04,  2.05it/s]
Extract:  99%|#########8| 570/578 [03:37<00:03,  2.37it/s]
Extract:  99%|#########8| 571/578 [03:37<00:02,  2.95it/s]
Extract:  99%|#########8| 572/578 [03:37<00:02,  2.91it/s]
Extract:  99%|#########9| 573/578 [03:38<00:01,  3.50it/s]
Extract:  99%|#########9| 575/578 [03:38<00:00,  3.94it/s]
Extract: 100%|#########9| 576/578 [03:39<00:00,  2.31it/s]
Extract: 100%|##########| 578/578 [03:39<00:00,  3.56it/s]
Extract: 100%|##########| 578/578 [03:39<00:00,  2.63it/s]

Extract:   0%|          | 0/578 [00:00<?, ?it/s]
Extract:   0%|          | 1/578 [00:00<01:08,  8.42it/s]
Extract:   0%|          | 2/578 [00:00<01:18,  7.30it/s]
Extract:   1%|          | 3/578 [00:00<01:52,  5.10it/s]
Extract:   1%|          | 4/578 [00:00<02:24,  3.97it/s]
Extract:   1%|          | 5/578 [00:01<02:13,  4.29it/s]
Extract:   1%|1         | 6/578 [00:01<02:09,  4.43it/s]
Extract:   1%|1         | 7/578 [00:01<02:20,  4.05it/s]
Extract:   1%|1         | 8/578 [00:02<03:00,  3.15it/s]
Extract:   2%|1         | 9/578 [00:02<03:08,  3.02it/s]
Extract:   2%|1         | 10/578 [00:02<03:08,  3.02it/s]
Extract:   2%|1         | 11/578 [00:03<03:07,  3.02it/s]
Extract:   2%|2         | 12/578 [00:04<05:42,  1.65it/s]
Extract:   2%|2         | 13/578 [00:04<04:29,  2.10it/s]
Extract:   2%|2         | 14/578 [00:05<04:58,  1.89it/s]
Extract:   3%|2         | 15/578 [00:05<05:31,  1.70it/s]
Extract:   3%|2         | 16/578 [00:06<04:32,  2.06it/s]
Extract:   3%|3         | 18/578 [00:06<02:41,  3.46it/s]
Extract:   3%|3         | 19/578 [00:06<02:17,  4.08it/s]
Extract:   3%|3         | 20/578 [00:06<01:59,  4.68it/s]
Extract:   4%|3         | 21/578 [00:07<03:30,  2.64it/s]
Extract:   4%|3         | 22/578 [00:07<03:41,  2.52it/s]
Extract:   4%|3         | 23/578 [00:08<04:04,  2.27it/s]
Extract:   4%|4         | 24/578 [00:08<03:30,  2.63it/s]
Extract:   4%|4         | 26/578 [00:08<02:38,  3.47it/s]
Extract:   5%|4         | 27/578 [00:09<04:19,  2.12it/s]
Extract:   5%|4         | 28/578 [00:10<03:31,  2.60it/s]
Extract:   5%|5         | 29/578 [00:10<03:05,  2.96it/s]
Extract:   5%|5         | 30/578 [00:10<03:05,  2.95it/s]
Extract:   5%|5         | 31/578 [00:10<03:13,  2.82it/s]
Extract:   6%|5         | 32/578 [00:11<02:42,  3.35it/s]
Extract:   6%|5         | 34/578 [00:11<01:46,  5.10it/s]
Extract:   6%|6         | 35/578 [00:11<01:42,  5.31it/s]
Extract:   6%|6         | 36/578 [00:11<01:31,  5.93it/s]
Extract:   6%|6         | 37/578 [00:11<01:57,  4.59it/s]
Extract:   7%|6         | 38/578 [00:12<01:55,  4.66it/s]
Extract:   7%|6         | 40/578 [00:12<01:33,  5.75it/s]
Extract:   7%|7         | 41/578 [00:12<01:34,  5.70it/s]
Extract:   7%|7         | 42/578 [00:13<03:14,  2.76it/s]
Extract:   7%|7         | 43/578 [00:14<04:12,  2.12it/s]
Extract:   8%|7         | 45/578 [00:14<02:45,  3.21it/s]
Extract:   8%|7         | 46/578 [00:14<02:23,  3.70it/s]
Extract:   8%|8         | 47/578 [00:14<02:39,  3.33it/s]
Extract:   8%|8         | 49/578 [00:15<01:55,  4.57it/s]
Extract:   9%|8         | 50/578 [00:16<04:12,  2.09it/s]
Extract:   9%|8         | 51/578 [00:17<04:28,  1.96it/s]
Extract:   9%|8         | 52/578 [00:17<04:44,  1.85it/s]
Extract:   9%|9         | 54/578 [00:18<04:32,  1.93it/s]
Extract:  10%|9         | 55/578 [00:19<04:22,  1.99it/s]
Extract:  10%|9         | 56/578 [00:19<03:38,  2.39it/s]
Extract:  10%|9         | 57/578 [00:19<02:55,  2.97it/s]
Extract:  10%|#         | 58/578 [00:19<02:54,  2.98it/s]
Extract:  10%|#         | 59/578 [00:20<03:03,  2.83it/s]
Extract:  10%|#         | 60/578 [00:20<03:57,  2.18it/s]
Extract:  11%|#         | 61/578 [00:21<04:23,  1.96it/s]
Extract:  11%|#         | 62/578 [00:21<03:30,  2.45it/s]
Extract:  11%|#         | 63/578 [00:21<02:44,  3.12it/s]
Extract:  11%|#1        | 64/578 [00:22<03:21,  2.55it/s]
Extract:  11%|#1        | 65/578 [00:22<03:56,  2.17it/s]
Extract:  11%|#1        | 66/578 [00:23<03:09,  2.71it/s]
Extract:  12%|#1        | 67/578 [00:23<04:13,  2.02it/s]
Extract:  12%|#1        | 69/578 [00:24<03:28,  2.44it/s]
Extract:  12%|#2        | 70/578 [00:24<03:00,  2.82it/s]
Extract:  12%|#2        | 71/578 [00:25<03:03,  2.76it/s]
Extract:  12%|#2        | 72/578 [00:25<02:57,  2.84it/s]
Extract:  13%|#2        | 73/578 [00:26<04:01,  2.10it/s]
Extract:  13%|#2        | 74/578 [00:26<03:31,  2.38it/s]
Extract:  13%|#2        | 75/578 [00:26<02:48,  2.99it/s]
Extract:  13%|#3        | 76/578 [00:26<02:38,  3.17it/s]
Extract:  13%|#3        | 77/578 [00:27<03:49,  2.18it/s]
Extract:  14%|#3        | 79/578 [00:27<02:25,  3.43it/s]
Extract:  14%|#3        | 80/578 [00:28<02:15,  3.68it/s]
Extract:  14%|#4        | 81/578 [00:28<02:02,  4.05it/s]
Extract:  14%|#4        | 82/578 [00:28<01:52,  4.39it/s]
Extract:  14%|#4        | 83/578 [00:28<01:59,  4.15it/s]
Extract:  15%|#4        | 84/578 [00:29<03:18,  2.49it/s]
Extract:  15%|#4        | 85/578 [00:29<02:37,  3.12it/s]
Extract:  15%|#4        | 86/578 [00:29<02:20,  3.50it/s]
Extract:  15%|#5        | 87/578 [00:29<01:54,  4.30it/s]
Extract:  15%|#5        | 89/578 [00:31<03:03,  2.67it/s]
Extract:  16%|#5        | 90/578 [00:31<03:08,  2.59it/s]
Extract:  16%|#5        | 91/578 [00:32<03:53,  2.09it/s]
Extract:  16%|#5        | 92/578 [00:33<04:49,  1.68it/s]
Extract:  16%|#6        | 93/578 [00:33<03:49,  2.12it/s]
Extract:  16%|#6        | 94/578 [00:33<03:37,  2.23it/s]
Extract:  17%|#6        | 96/578 [00:34<03:44,  2.15it/s]
Extract:  17%|#6        | 97/578 [00:34<03:12,  2.50it/s]
Extract:  17%|#6        | 98/578 [00:35<03:03,  2.61it/s]
Extract:  17%|#7        | 99/578 [00:35<02:34,  3.10it/s]
Extract:  17%|#7        | 100/578 [00:35<03:08,  2.53it/s]
Extract:  17%|#7        | 101/578 [00:36<02:43,  2.92it/s]
Extract:  18%|#7        | 103/578 [00:36<01:43,  4.60it/s]
Extract:  18%|#8        | 105/578 [00:36<01:44,  4.52it/s]
Extract:  18%|#8        | 106/578 [00:36<01:42,  4.61it/s]
Extract:  19%|#8        | 107/578 [00:37<02:51,  2.75it/s]
Extract:  19%|#8        | 108/578 [00:38<02:55,  2.67it/s]
Extract:  19%|#9        | 110/578 [00:38<02:30,  3.10it/s]
Extract:  19%|#9        | 111/578 [00:38<02:22,  3.27it/s]
Extract:  20%|#9        | 113/578 [00:39<01:47,  4.32it/s]
Extract:  20%|#9        | 114/578 [00:39<01:39,  4.68it/s]
Extract:  20%|#9        | 115/578 [00:39<01:33,  4.96it/s]
Extract:  20%|##        | 116/578 [00:39<01:51,  4.16it/s]
Extract:  20%|##        | 117/578 [00:40<02:55,  2.63it/s]
Extract:  20%|##        | 118/578 [00:40<02:31,  3.03it/s]
Extract:  21%|##        | 120/578 [00:41<03:05,  2.47it/s]
Extract:  21%|##        | 121/578 [00:42<04:17,  1.77it/s]
Extract:  21%|##1       | 122/578 [00:42<03:26,  2.21it/s]
Extract:  21%|##1       | 123/578 [00:43<02:49,  2.69it/s]
Extract:  21%|##1       | 124/578 [00:43<02:18,  3.27it/s]
Extract:  22%|##1       | 125/578 [00:43<03:03,  2.47it/s]
Extract:  22%|##1       | 126/578 [00:44<03:03,  2.47it/s]
Extract:  22%|##2       | 128/578 [00:44<02:12,  3.40it/s]
Extract:  22%|##2       | 130/578 [00:45<02:25,  3.08it/s]
Extract:  23%|##2       | 131/578 [00:46<03:05,  2.42it/s]
Extract:  23%|##2       | 132/578 [00:46<02:45,  2.70it/s]
Extract:  23%|##3       | 133/578 [00:46<02:56,  2.53it/s]
Extract:  23%|##3       | 134/578 [00:47<02:33,  2.89it/s]
Extract:  23%|##3       | 135/578 [00:47<02:25,  3.05it/s]
Extract:  24%|##3       | 136/578 [00:47<02:20,  3.14it/s]
Extract:  24%|##3       | 137/578 [00:48<03:48,  1.93it/s]
Extract:  24%|##3       | 138/578 [00:49<03:36,  2.03it/s]
Extract:  24%|##4       | 139/578 [00:49<03:00,  2.43it/s]
Extract:  25%|##4       | 142/578 [00:49<01:29,  4.90it/s]
Extract:  25%|##5       | 146/578 [00:49<01:05,  6.59it/s]
Extract:  25%|##5       | 147/578 [00:49<01:02,  6.94it/s]
Extract:  26%|##5       | 148/578 [00:49<00:59,  7.23it/s]
Extract:  26%|##5       | 149/578 [00:50<01:35,  4.51it/s]
Extract:  26%|##5       | 150/578 [00:50<01:23,  5.11it/s]
Extract:  26%|##6       | 153/578 [00:51<01:14,  5.72it/s]
Extract:  27%|##6       | 155/578 [00:51<01:15,  5.57it/s]
Extract:  27%|##7       | 157/578 [00:51<01:00,  6.98it/s]
Extract:  28%|##7       | 159/578 [00:51<00:50,  8.33it/s]
Extract:  28%|##7       | 161/578 [00:52<00:51,  8.14it/s]
Extract:  28%|##8       | 163/578 [00:52<01:17,  5.36it/s]
Extract:  29%|##8       | 165/578 [00:52<01:06,  6.18it/s]
Extract:  29%|##8       | 167/578 [00:53<01:14,  5.54it/s]
Extract:  29%|##9       | 168/578 [00:53<01:10,  5.79it/s]
Extract:  29%|##9       | 170/578 [00:53<01:00,  6.72it/s]
Extract:  30%|##9       | 172/578 [00:53<01:01,  6.59it/s]
Extract:  30%|##9       | 173/578 [00:54<01:28,  4.57it/s]
Extract:  30%|###       | 174/578 [00:54<01:33,  4.33it/s]
Extract:  30%|###       | 175/578 [00:54<01:25,  4.72it/s]
Extract:  31%|###       | 177/578 [00:55<01:42,  3.91it/s]
Extract:  31%|###       | 178/578 [00:55<01:34,  4.24it/s]
Extract:  31%|###       | 179/578 [00:55<01:22,  4.84it/s]
Extract:  31%|###1      | 180/578 [00:56<01:39,  4.01it/s]
Extract:  31%|###1      | 181/578 [00:56<02:01,  3.26it/s]
Extract:  31%|###1      | 182/578 [00:56<01:42,  3.86it/s]
Extract:  32%|###1      | 184/578 [00:57<01:16,  5.12it/s]
Extract:  32%|###2      | 185/578 [00:57<01:29,  4.38it/s]
Extract:  32%|###2      | 186/578 [00:57<01:23,  4.70it/s]
Extract:  33%|###2      | 188/578 [00:57<01:09,  5.60it/s]
Extract:  33%|###2      | 189/578 [00:58<01:45,  3.68it/s]
Extract:  33%|###3      | 191/578 [00:58<01:38,  3.95it/s]
Extract:  33%|###3      | 193/578 [00:59<01:13,  5.25it/s]
Extract:  34%|###3      | 195/578 [00:59<00:55,  6.85it/s]
Extract:  34%|###4      | 197/578 [00:59<01:05,  5.79it/s]
Extract:  34%|###4      | 198/578 [00:59<01:07,  5.65it/s]
Extract:  35%|###4      | 201/578 [01:00<01:10,  5.34it/s]
Extract:  35%|###4      | 202/578 [01:00<01:14,  5.06it/s]
Extract:  35%|###5      | 203/578 [01:01<01:35,  3.94it/s]
Extract:  35%|###5      | 205/578 [01:01<01:06,  5.57it/s]
Extract:  36%|###5      | 206/578 [01:01<01:02,  5.97it/s]
Extract:  36%|###5      | 207/578 [01:01<01:22,  4.50it/s]
Extract:  36%|###6      | 209/578 [01:01<00:59,  6.17it/s]
Extract:  36%|###6      | 210/578 [01:02<00:58,  6.34it/s]
Extract:  37%|###6      | 212/578 [01:02<01:14,  4.91it/s]
Extract:  37%|###6      | 213/578 [01:02<01:08,  5.31it/s]
Extract:  37%|###7      | 215/578 [01:03<01:08,  5.30it/s]
Extract:  38%|###7      | 217/578 [01:03<00:53,  6.78it/s]
Extract:  38%|###8      | 220/578 [01:03<00:36,  9.74it/s]
Extract:  39%|###8      | 223/578 [01:03<00:30, 11.77it/s]
Extract:  39%|###8      | 225/578 [01:03<00:38,  9.08it/s]
Extract:  39%|###9      | 227/578 [01:04<00:42,  8.24it/s]
Extract:  40%|###9      | 229/578 [01:04<00:40,  8.64it/s]
Extract:  40%|###9      | 231/578 [01:05<01:05,  5.33it/s]
Extract:  40%|####      | 232/578 [01:05<01:02,  5.55it/s]
Extract:  40%|####      | 233/578 [01:05<00:58,  5.94it/s]
Extract:  40%|####      | 234/578 [01:05<00:54,  6.34it/s]
Extract:  41%|####      | 236/578 [01:06<01:19,  4.29it/s]
Extract:  41%|####1     | 237/578 [01:06<01:47,  3.18it/s]
Extract:  41%|####1     | 238/578 [01:06<01:29,  3.78it/s]
Extract:  41%|####1     | 239/578 [01:07<01:27,  3.86it/s]
Extract:  42%|####1     | 240/578 [01:07<01:29,  3.77it/s]
Extract:  42%|####1     | 242/578 [01:07<01:07,  4.97it/s]
Extract:  42%|####2     | 243/578 [01:07<00:59,  5.64it/s]
Extract:  42%|####2     | 244/578 [01:08<01:50,  3.03it/s]
Extract:  42%|####2     | 245/578 [01:08<01:42,  3.24it/s]
Extract:  43%|####2     | 246/578 [01:08<01:25,  3.90it/s]
Extract:  43%|####2     | 247/578 [01:09<01:37,  3.41it/s]
Extract:  43%|####2     | 248/578 [01:10<02:33,  2.15it/s]
Extract:  43%|####3     | 249/578 [01:10<02:11,  2.50it/s]
Extract:  43%|####3     | 250/578 [01:11<02:31,  2.17it/s]
Extract:  43%|####3     | 251/578 [01:11<02:08,  2.55it/s]
Extract:  44%|####3     | 252/578 [01:11<01:39,  3.26it/s]
Extract:  44%|####3     | 253/578 [01:11<01:23,  3.91it/s]
Extract:  44%|####4     | 255/578 [01:12<01:21,  3.96it/s]
Extract:  44%|####4     | 256/578 [01:12<01:57,  2.73it/s]
Extract:  44%|####4     | 257/578 [01:12<01:40,  3.19it/s]
Extract:  45%|####4     | 258/578 [01:13<01:24,  3.77it/s]
Extract:  45%|####4     | 259/578 [01:13<01:17,  4.12it/s]
Extract:  45%|####4     | 260/578 [01:13<01:10,  4.51it/s]
Extract:  45%|####5     | 261/578 [01:13<01:02,  5.07it/s]
Extract:  45%|####5     | 262/578 [01:14<01:34,  3.33it/s]
Extract:  46%|####5     | 263/578 [01:14<02:21,  2.22it/s]
Extract:  46%|####5     | 264/578 [01:15<01:53,  2.77it/s]
Extract:  46%|####5     | 265/578 [01:15<02:36,  2.00it/s]
Extract:  46%|####6     | 266/578 [01:16<02:28,  2.10it/s]
Extract:  46%|####6     | 267/578 [01:16<02:41,  1.92it/s]
Extract:  46%|####6     | 268/578 [01:17<02:07,  2.43it/s]
Extract:  47%|####6     | 269/578 [01:17<02:17,  2.24it/s]
Extract:  47%|####6     | 271/578 [01:17<01:27,  3.49it/s]
Extract:  47%|####7     | 273/578 [01:18<01:55,  2.65it/s]
Extract:  47%|####7     | 274/578 [01:19<02:30,  2.01it/s]
Extract:  48%|####7     | 275/578 [01:20<02:41,  1.88it/s]
Extract:  48%|####7     | 276/578 [01:20<02:23,  2.10it/s]
Extract:  48%|####7     | 277/578 [01:20<02:02,  2.46it/s]
Extract:  48%|####8     | 279/578 [01:21<01:17,  3.85it/s]
Extract:  48%|####8     | 280/578 [01:21<02:04,  2.39it/s]
Extract:  49%|####8     | 282/578 [01:22<01:29,  3.31it/s]
Extract:  49%|####8     | 283/578 [01:22<01:39,  2.96it/s]
Extract:  49%|####9     | 284/578 [01:22<01:28,  3.32it/s]
Extract:  49%|####9     | 285/578 [01:23<01:34,  3.10it/s]
Extract:  49%|####9     | 286/578 [01:23<01:37,  2.99it/s]
Extract:  50%|####9     | 287/578 [01:23<01:27,  3.31it/s]
Extract:  50%|####9     | 288/578 [01:24<01:17,  3.76it/s]
Extract:  50%|#####     | 289/578 [01:24<01:26,  3.34it/s]
Extract:  50%|#####     | 290/578 [01:25<02:09,  2.22it/s]
Extract:  50%|#####     | 291/578 [01:25<01:48,  2.64it/s]
Extract:  51%|#####     | 293/578 [01:25<01:09,  4.10it/s]
Extract:  51%|#####     | 294/578 [01:25<01:06,  4.24it/s]
Extract:  51%|#####1    | 295/578 [01:26<01:52,  2.52it/s]
Extract:  51%|#####1    | 296/578 [01:26<01:39,  2.83it/s]
Extract:  51%|#####1    | 297/578 [01:27<02:16,  2.06it/s]
Extract:  52%|#####1    | 298/578 [01:27<01:45,  2.66it/s]
Extract:  52%|#####1    | 299/578 [01:27<01:26,  3.23it/s]
Extract:  52%|#####1    | 300/578 [01:28<01:17,  3.58it/s]
Extract:  52%|#####2    | 301/578 [01:28<01:37,  2.83it/s]
Extract:  52%|#####2    | 302/578 [01:28<01:17,  3.57it/s]
Extract:  52%|#####2    | 303/578 [01:28<01:02,  4.41it/s]
Extract:  53%|#####2    | 304/578 [01:30<02:22,  1.93it/s]
Extract:  53%|#####2    | 305/578 [01:30<02:04,  2.20it/s]
Extract:  53%|#####3    | 307/578 [01:31<01:44,  2.59it/s]
Extract:  53%|#####3    | 308/578 [01:31<01:41,  2.66it/s]
Extract:  53%|#####3    | 309/578 [01:32<02:09,  2.08it/s]
Extract:  54%|#####3    | 310/578 [01:32<01:57,  2.29it/s]
Extract:  54%|#####3    | 311/578 [01:33<02:25,  1.84it/s]
Extract:  54%|#####3    | 312/578 [01:34<03:24,  1.30it/s]
Extract:  54%|#####4    | 313/578 [01:34<02:43,  1.63it/s]
Extract:  54%|#####4    | 314/578 [01:35<02:40,  1.64it/s]
Extract:  54%|#####4    | 315/578 [01:35<02:00,  2.18it/s]
Extract:  55%|#####4    | 316/578 [01:36<02:02,  2.15it/s]
Extract:  55%|#####5    | 318/578 [01:36<01:55,  2.25it/s]
Extract:  55%|#####5    | 319/578 [01:37<01:51,  2.33it/s]
Extract:  55%|#####5    | 320/578 [01:37<02:07,  2.03it/s]
Extract:  56%|#####5    | 321/578 [01:38<01:46,  2.41it/s]
Extract:  56%|#####5    | 322/578 [01:38<01:56,  2.19it/s]
Extract:  56%|#####5    | 323/578 [01:38<01:44,  2.45it/s]
Extract:  56%|#####6    | 325/578 [01:39<01:13,  3.42it/s]
Extract:  56%|#####6    | 326/578 [01:39<01:24,  2.98it/s]
Extract:  57%|#####6    | 327/578 [01:39<01:14,  3.39it/s]
Extract:  57%|#####6    | 328/578 [01:40<01:26,  2.91it/s]
Extract:  57%|#####6    | 329/578 [01:40<01:08,  3.61it/s]
Extract:  57%|#####7    | 330/578 [01:40<01:01,  4.06it/s]
Extract:  57%|#####7    | 331/578 [01:40<01:03,  3.87it/s]
Extract:  57%|#####7    | 332/578 [01:41<01:17,  3.16it/s]
Extract:  58%|#####7    | 333/578 [01:41<01:02,  3.92it/s]
Extract:  58%|#####7    | 334/578 [01:41<00:51,  4.73it/s]
Extract:  58%|#####7    | 335/578 [01:41<00:48,  5.03it/s]
Extract:  58%|#####8    | 337/578 [01:42<00:42,  5.68it/s]
Extract:  58%|#####8    | 338/578 [01:42<00:38,  6.24it/s]
Extract:  59%|#####8    | 339/578 [01:42<00:43,  5.50it/s]
Extract:  59%|#####8    | 340/578 [01:42<00:46,  5.09it/s]
Extract:  59%|#####8    | 341/578 [01:42<00:46,  5.07it/s]
Extract:  59%|#####9    | 342/578 [01:43<00:58,  4.06it/s]
Extract:  60%|#####9    | 344/578 [01:44<01:34,  2.47it/s]
Extract:  60%|#####9    | 345/578 [01:44<01:22,  2.84it/s]
Extract:  60%|#####9    | 346/578 [01:44<01:08,  3.40it/s]
Extract:  60%|######    | 347/578 [01:44<00:59,  3.89it/s]
Extract:  60%|######    | 348/578 [01:45<00:50,  4.58it/s]
Extract:  60%|######    | 349/578 [01:45<01:27,  2.63it/s]
Extract:  61%|######    | 350/578 [01:46<01:18,  2.91it/s]
Extract:  61%|######    | 351/578 [01:47<01:59,  1.89it/s]
Extract:  61%|######    | 352/578 [01:47<01:35,  2.37it/s]
Extract:  61%|######1   | 353/578 [01:47<01:32,  2.43it/s]
Extract:  61%|######1   | 355/578 [01:47<01:05,  3.39it/s]
Extract:  62%|######1   | 356/578 [01:49<01:48,  2.04it/s]
Extract:  62%|######1   | 357/578 [01:49<01:46,  2.08it/s]
Extract:  62%|######2   | 359/578 [01:49<01:18,  2.80it/s]
Extract:  62%|######2   | 360/578 [01:50<01:21,  2.67it/s]
Extract:  62%|######2   | 361/578 [01:50<01:09,  3.14it/s]
Extract:  63%|######2   | 362/578 [01:51<01:52,  1.92it/s]
Extract:  63%|######2   | 363/578 [01:51<01:31,  2.36it/s]
Extract:  63%|######2   | 364/578 [01:51<01:12,  2.94it/s]
Extract:  63%|######3   | 365/578 [01:52<01:10,  3.03it/s]
Extract:  63%|######3   | 366/578 [01:52<01:10,  3.00it/s]
Extract:  63%|######3   | 367/578 [01:53<01:42,  2.06it/s]
Extract:  64%|######3   | 368/578 [01:53<01:33,  2.24it/s]
Extract:  64%|######3   | 369/578 [01:54<01:57,  1.78it/s]
Extract:  64%|######4   | 371/578 [01:54<01:12,  2.87it/s]
Extract:  65%|######4   | 373/578 [01:55<01:24,  2.42it/s]
Extract:  65%|######4   | 374/578 [01:55<01:17,  2.65it/s]
Extract:  65%|######4   | 375/578 [01:56<01:03,  3.19it/s]
Extract:  65%|######5   | 376/578 [01:56<01:09,  2.89it/s]
Extract:  65%|######5   | 377/578 [01:56<01:14,  2.69it/s]
Extract:  65%|######5   | 378/578 [01:57<01:03,  3.13it/s]
Extract:  66%|######5   | 379/578 [01:57<00:55,  3.59it/s]
Extract:  66%|######5   | 380/578 [01:57<01:05,  3.03it/s]
Extract:  66%|######5   | 381/578 [01:58<01:04,  3.03it/s]
Extract:  66%|######6   | 382/578 [01:59<01:48,  1.81it/s]
Extract:  66%|######6   | 383/578 [01:59<01:28,  2.21it/s]
Extract:  66%|######6   | 384/578 [01:59<01:25,  2.27it/s]
Extract:  67%|######6   | 386/578 [02:00<00:57,  3.37it/s]
Extract:  67%|######6   | 387/578 [02:00<01:19,  2.40it/s]
Extract:  67%|######7   | 388/578 [02:01<01:04,  2.94it/s]
Extract:  67%|######7   | 390/578 [02:01<00:46,  4.08it/s]
Extract:  68%|######7   | 391/578 [02:01<00:49,  3.76it/s]
Extract:  68%|######7   | 392/578 [02:01<00:46,  4.04it/s]
Extract:  68%|######7   | 393/578 [02:02<00:46,  3.98it/s]
Extract:  68%|######8   | 394/578 [02:02<00:42,  4.37it/s]
Extract:  68%|######8   | 395/578 [02:02<00:44,  4.12it/s]
Extract:  69%|######8   | 397/578 [02:02<00:37,  4.77it/s]
Extract:  69%|######8   | 398/578 [02:02<00:36,  4.98it/s]
Extract:  69%|######9   | 399/578 [02:03<00:33,  5.32it/s]
Extract:  69%|######9   | 401/578 [02:03<00:24,  7.12it/s]
Extract:  70%|######9   | 403/578 [02:03<00:21,  8.26it/s]
Extract:  70%|#######   | 405/578 [02:03<00:18,  9.23it/s]
Extract:  70%|#######   | 406/578 [02:03<00:22,  7.72it/s]
Extract:  70%|#######   | 407/578 [02:04<00:28,  5.97it/s]
Extract:  71%|#######   | 408/578 [02:04<00:42,  4.02it/s]
Extract:  71%|#######   | 410/578 [02:04<00:31,  5.30it/s]
Extract:  71%|#######1  | 412/578 [02:04<00:24,  6.86it/s]
Extract:  71%|#######1  | 413/578 [02:05<00:25,  6.45it/s]
Extract:  72%|#######1  | 415/578 [02:05<00:19,  8.24it/s]
Extract:  72%|#######2  | 417/578 [02:05<00:18,  8.69it/s]
Extract:  72%|#######2  | 418/578 [02:05<00:19,  8.33it/s]
Extract:  72%|#######2  | 419/578 [02:05<00:20,  7.80it/s]
Extract:  73%|#######2  | 421/578 [02:06<00:25,  6.09it/s]
Extract:  73%|#######3  | 422/578 [02:06<00:30,  5.16it/s]
Extract:  73%|#######3  | 424/578 [02:06<00:26,  5.88it/s]
Extract:  74%|#######3  | 425/578 [02:07<00:49,  3.06it/s]
Extract:  74%|#######3  | 426/578 [02:07<00:47,  3.20it/s]
Extract:  74%|#######3  | 427/578 [02:09<01:19,  1.89it/s]
Extract:  74%|#######4  | 428/578 [02:09<01:29,  1.67it/s]
Extract:  74%|#######4  | 429/578 [02:10<01:28,  1.69it/s]
Extract:  75%|#######4  | 431/578 [02:10<00:56,  2.60it/s]
Extract:  75%|#######4  | 432/578 [02:10<00:50,  2.92it/s]
Extract:  75%|#######4  | 433/578 [02:11<00:40,  3.55it/s]
Extract:  75%|#######5  | 434/578 [02:11<00:48,  2.97it/s]
Extract:  75%|#######5  | 435/578 [02:11<00:41,  3.44it/s]
Extract:  76%|#######5  | 437/578 [02:11<00:29,  4.79it/s]
Extract:  76%|#######5  | 438/578 [02:12<00:27,  5.16it/s]
Extract:  76%|#######5  | 439/578 [02:12<00:29,  4.72it/s]
Extract:  76%|#######6  | 441/578 [02:13<00:46,  2.98it/s]
Extract:  76%|#######6  | 442/578 [02:13<00:39,  3.48it/s]
Extract:  77%|#######6  | 443/578 [02:13<00:32,  4.14it/s]
Extract:  77%|#######6  | 444/578 [02:13<00:28,  4.69it/s]
Extract:  77%|#######6  | 445/578 [02:14<00:39,  3.35it/s]
Extract:  77%|#######7  | 447/578 [02:14<00:25,  5.17it/s]
Extract:  78%|#######7  | 449/578 [02:14<00:19,  6.79it/s]
Extract:  78%|#######8  | 451/578 [02:15<00:34,  3.72it/s]
Extract:  78%|#######8  | 452/578 [02:15<00:31,  3.99it/s]
Extract:  79%|#######8  | 454/578 [02:15<00:23,  5.17it/s]
Extract:  79%|#######8  | 456/578 [02:16<00:19,  6.29it/s]
Extract:  79%|#######9  | 458/578 [02:16<00:20,  5.81it/s]
Extract:  79%|#######9  | 459/578 [02:16<00:19,  6.23it/s]
Extract:  80%|#######9  | 461/578 [02:16<00:17,  6.86it/s]
Extract:  80%|#######9  | 462/578 [02:16<00:16,  7.12it/s]
Extract:  80%|########  | 463/578 [02:17<00:19,  5.99it/s]
Extract:  80%|########  | 465/578 [02:17<00:13,  8.16it/s]
Extract:  81%|########  | 467/578 [02:17<00:20,  5.36it/s]
Extract:  81%|########  | 468/578 [02:18<00:26,  4.10it/s]
Extract:  81%|########1 | 469/578 [02:18<00:30,  3.53it/s]
Extract:  81%|########1 | 470/578 [02:18<00:28,  3.84it/s]
Extract:  81%|########1 | 471/578 [02:19<00:27,  3.83it/s]
Extract:  82%|########1 | 472/578 [02:19<00:25,  4.18it/s]
Extract:  82%|########1 | 473/578 [02:19<00:21,  4.81it/s]
Extract:  82%|########2 | 474/578 [02:19<00:20,  5.11it/s]
Extract:  82%|########2 | 476/578 [02:20<00:21,  4.72it/s]
Extract:  83%|########2 | 477/578 [02:20<00:19,  5.30it/s]
Extract:  83%|########2 | 479/578 [02:20<00:15,  6.38it/s]
Extract:  83%|########3 | 481/578 [02:20<00:13,  7.15it/s]
Extract:  84%|########3 | 483/578 [02:20<00:10,  8.93it/s]
Extract:  84%|########3 | 485/578 [02:20<00:08, 10.67it/s]
Extract:  84%|########4 | 487/578 [02:21<00:08, 11.25it/s]
Extract:  85%|########4 | 489/578 [02:21<00:12,  7.08it/s]
Extract:  85%|########4 | 491/578 [02:21<00:13,  6.54it/s]
Extract:  85%|########5 | 492/578 [02:22<00:14,  5.91it/s]
Extract:  85%|########5 | 493/578 [02:22<00:13,  6.12it/s]
Extract:  85%|########5 | 494/578 [02:22<00:13,  6.36it/s]
Extract:  86%|########5 | 497/578 [02:22<00:08, 10.04it/s]
Extract:  86%|########6 | 499/578 [02:23<00:11,  6.99it/s]
Extract:  87%|########6 | 501/578 [02:23<00:08,  8.74it/s]
Extract:  87%|########7 | 504/578 [02:23<00:10,  6.94it/s]
Extract:  88%|########7 | 506/578 [02:24<00:11,  6.18it/s]
Extract:  88%|########7 | 508/578 [02:24<00:10,  6.81it/s]
Extract:  88%|########8 | 510/578 [02:24<00:09,  7.46it/s]
Extract:  89%|########8 | 512/578 [02:24<00:08,  7.56it/s]
Extract:  89%|########9 | 515/578 [02:25<00:07,  8.85it/s]
Extract:  89%|########9 | 516/578 [02:25<00:09,  6.43it/s]
Extract:  89%|########9 | 517/578 [02:25<00:09,  6.20it/s]
Extract:  90%|########9 | 519/578 [02:26<00:09,  6.14it/s]
Extract:  90%|########9 | 520/578 [02:26<00:09,  6.40it/s]
Extract:  90%|######### | 522/578 [02:26<00:07,  7.62it/s]
Extract:  90%|######### | 523/578 [02:26<00:09,  5.90it/s]
Extract:  91%|######### | 524/578 [02:26<00:09,  5.59it/s]
Extract:  91%|######### | 525/578 [02:26<00:08,  5.99it/s]
Extract:  91%|#########1| 526/578 [02:27<00:14,  3.54it/s]
Extract:  91%|#########1| 528/578 [02:28<00:12,  3.90it/s]
Extract:  92%|#########1| 529/578 [02:28<00:10,  4.48it/s]
Extract:  92%|#########1| 530/578 [02:28<00:09,  4.89it/s]
Extract:  92%|#########1| 531/578 [02:28<00:08,  5.37it/s]
Extract:  92%|#########2| 532/578 [02:28<00:07,  5.84it/s]
Extract:  92%|#########2| 533/578 [02:28<00:06,  6.53it/s]
Extract:  92%|#########2| 534/578 [02:28<00:07,  5.87it/s]
Extract:  93%|#########2| 535/578 [02:29<00:06,  6.50it/s]
Extract:  93%|#########2| 537/578 [02:29<00:05,  6.98it/s]
Extract:  93%|#########3| 538/578 [02:29<00:06,  5.75it/s]
Extract:  93%|#########3| 540/578 [02:29<00:06,  5.57it/s]
Extract:  94%|#########3| 541/578 [02:30<00:06,  5.60it/s]
Extract:  94%|#########3| 543/578 [02:30<00:05,  6.14it/s]
Extract:  94%|#########4| 545/578 [02:30<00:04,  8.13it/s]
Extract:  95%|#########4| 547/578 [02:31<00:08,  3.85it/s]
Extract:  95%|#########5| 550/578 [02:31<00:04,  5.88it/s]
Extract:  96%|#########5| 553/578 [02:32<00:05,  4.59it/s]
Extract:  96%|#########5| 554/578 [02:33<00:07,  3.16it/s]
Extract:  96%|#########6| 555/578 [02:34<00:12,  1.89it/s]
Extract:  96%|#########6| 556/578 [02:35<00:10,  2.00it/s]
Extract:  96%|#########6| 557/578 [02:35<00:10,  2.09it/s]
Extract:  97%|#########6| 559/578 [02:35<00:06,  3.07it/s]
Extract:  97%|#########6| 560/578 [02:36<00:07,  2.31it/s]
Extract:  97%|#########7| 561/578 [02:37<00:07,  2.24it/s]
Extract:  97%|#########7| 563/578 [02:37<00:04,  3.36it/s]
Extract:  98%|#########7| 564/578 [02:38<00:06,  2.33it/s]
Extract:  98%|#########7| 565/578 [02:39<00:06,  1.91it/s]
Extract:  98%|#########7| 566/578 [02:39<00:05,  2.21it/s]
Extract:  98%|#########8| 567/578 [02:39<00:04,  2.39it/s]
Extract:  98%|#########8| 568/578 [02:40<00:05,  1.76it/s]
Extract:  99%|#########8| 570/578 [02:40<00:02,  2.69it/s]
Extract:  99%|#########8| 572/578 [02:41<00:01,  3.42it/s]
Extract:  99%|#########9| 573/578 [02:41<00:01,  3.98it/s]
Extract:  99%|#########9| 574/578 [02:41<00:00,  4.62it/s]
Extract:  99%|#########9| 575/578 [02:41<00:00,  4.17it/s]
Extract: 100%|#########9| 576/578 [02:42<00:00,  2.39it/s]
Extract: 100%|#########9| 577/578 [02:42<00:00,  3.01it/s]
Extract: 100%|##########| 578/578 [02:42<00:00,  3.55it/s]

Extract:   0%|          | 0/578 [00:00<?, ?it/s]
Extract:   0%|          | 1/578 [00:00<01:04,  8.91it/s]
Extract:   0%|          | 2/578 [00:00<01:12,  7.91it/s]
Extract:   1%|          | 3/578 [00:00<01:50,  5.20it/s]
Extract:   1%|          | 4/578 [00:00<02:41,  3.55it/s]
Extract:   1%|          | 5/578 [00:01<02:39,  3.60it/s]
Extract:   1%|1         | 6/578 [00:01<02:35,  3.69it/s]
Extract:   1%|1         | 7/578 [00:01<03:17,  2.90it/s]
Extract:   1%|1         | 8/578 [00:02<03:59,  2.38it/s]
Extract:   2%|1         | 9/578 [00:03<04:07,  2.30it/s]
Extract:   2%|1         | 10/578 [00:03<04:18,  2.20it/s]
Extract:   2%|1         | 11/578 [00:03<04:17,  2.20it/s]
Extract:   2%|2         | 12/578 [00:04<05:42,  1.65it/s]
Extract:   2%|2         | 13/578 [00:05<04:33,  2.06it/s]
Extract:   2%|2         | 14/578 [00:05<05:07,  1.83it/s]
Extract:   3%|2         | 15/578 [00:06<05:59,  1.57it/s]
Extract:   3%|2         | 16/578 [00:06<05:07,  1.83it/s]
Extract:   3%|2         | 17/578 [00:07<03:52,  2.41it/s]
Extract:   3%|3         | 19/578 [00:07<02:27,  3.79it/s]
Extract:   3%|3         | 20/578 [00:07<02:04,  4.47it/s]
Extract:   4%|3         | 21/578 [00:08<04:17,  2.16it/s]
Extract:   4%|3         | 22/578 [00:08<04:12,  2.20it/s]
Extract:   4%|3         | 23/578 [00:09<04:26,  2.08it/s]
Extract:   4%|4         | 24/578 [00:09<03:50,  2.40it/s]
Extract:   4%|4         | 26/578 [00:10<02:41,  3.41it/s]
Extract:   5%|4         | 27/578 [00:11<04:15,  2.16it/s]
Extract:   5%|4         | 28/578 [00:11<03:33,  2.57it/s]
Extract:   5%|5         | 29/578 [00:11<03:13,  2.83it/s]
Extract:   5%|5         | 30/578 [00:11<03:22,  2.71it/s]
Extract:   5%|5         | 31/578 [00:12<03:57,  2.31it/s]
Extract:   6%|5         | 32/578 [00:12<03:17,  2.76it/s]
Extract:   6%|5         | 33/578 [00:12<02:54,  3.12it/s]
Extract:   6%|5         | 34/578 [00:13<02:24,  3.77it/s]
Extract:   6%|6         | 35/578 [00:13<02:05,  4.32it/s]
Extract:   6%|6         | 36/578 [00:13<01:46,  5.09it/s]
Extract:   6%|6         | 37/578 [00:13<02:15,  3.98it/s]
Extract:   7%|6         | 38/578 [00:13<02:15,  3.98it/s]
Extract:   7%|6         | 39/578 [00:14<01:53,  4.76it/s]
Extract:   7%|6         | 40/578 [00:14<02:02,  4.39it/s]
Extract:   7%|7         | 41/578 [00:14<02:07,  4.21it/s]
Extract:   7%|7         | 42/578 [00:15<04:04,  2.19it/s]
Extract:   7%|7         | 43/578 [00:16<05:06,  1.75it/s]
Extract:   8%|7         | 45/578 [00:16<03:08,  2.83it/s]
Extract:   8%|7         | 46/578 [00:16<02:43,  3.25it/s]
Extract:   8%|8         | 47/578 [00:17<03:19,  2.66it/s]
Extract:   8%|8         | 49/578 [00:17<02:22,  3.70it/s]
Extract:   9%|8         | 50/578 [00:18<03:34,  2.46it/s]
Extract:   9%|8         | 51/578 [00:19<04:16,  2.05it/s]
Extract:   9%|8         | 52/578 [00:19<04:42,  1.86it/s]
Extract:   9%|9         | 54/578 [00:20<03:57,  2.21it/s]
Extract:  10%|9         | 55/578 [00:20<03:57,  2.20it/s]
Extract:  10%|9         | 56/578 [00:21<03:32,  2.46it/s]
Extract:  10%|9         | 57/578 [00:21<03:16,  2.65it/s]
Extract:  10%|#         | 58/578 [00:21<03:27,  2.50it/s]
Extract:  10%|#         | 59/578 [00:22<03:35,  2.41it/s]
Extract:  10%|#         | 60/578 [00:23<04:16,  2.02it/s]
Extract:  11%|#         | 61/578 [00:23<05:04,  1.70it/s]
Extract:  11%|#         | 62/578 [00:24<03:58,  2.16it/s]
Extract:  11%|#         | 63/578 [00:24<03:05,  2.78it/s]
Extract:  11%|#1        | 64/578 [00:24<03:39,  2.34it/s]
Extract:  11%|#1        | 65/578 [00:25<05:03,  1.69it/s]
Extract:  11%|#1        | 66/578 [00:25<04:03,  2.10it/s]
Extract:  12%|#1        | 67/578 [00:27<05:35,  1.52it/s]
Extract:  12%|#1        | 69/578 [00:27<04:07,  2.06it/s]
Extract:  12%|#2        | 70/578 [00:27<03:26,  2.46it/s]
Extract:  12%|#2        | 71/578 [00:28<03:08,  2.69it/s]
Extract:  12%|#2        | 72/578 [00:28<02:54,  2.90it/s]
Extract:  13%|#2        | 73/578 [00:29<04:34,  1.84it/s]
Extract:  13%|#2        | 74/578 [00:29<03:33,  2.37it/s]
Extract:  13%|#2        | 75/578 [00:29<02:55,  2.86it/s]
Extract:  13%|#3        | 76/578 [00:30<02:54,  2.87it/s]
Extract:  13%|#3        | 77/578 [00:31<04:26,  1.88it/s]
Extract:  14%|#3        | 79/578 [00:31<02:44,  3.03it/s]
Extract:  14%|#3        | 80/578 [00:31<02:27,  3.38it/s]
Extract:  14%|#4        | 81/578 [00:31<02:11,  3.77it/s]
Extract:  14%|#4        | 82/578 [00:31<01:57,  4.21it/s]
Extract:  14%|#4        | 83/578 [00:32<02:05,  3.95it/s]
Extract:  15%|#4        | 84/578 [00:32<03:29,  2.35it/s]
Extract:  15%|#4        | 85/578 [00:33<02:54,  2.82it/s]
Extract:  15%|#4        | 86/578 [00:33<02:38,  3.10it/s]
Extract:  15%|#5        | 88/578 [00:33<01:48,  4.53it/s]
Extract:  15%|#5        | 89/578 [00:34<03:05,  2.63it/s]
Extract:  16%|#5        | 90/578 [00:34<03:03,  2.66it/s]
Extract:  16%|#5        | 91/578 [00:35<04:51,  1.67it/s]
Extract:  16%|#5        | 92/578 [00:37<06:03,  1.34it/s]
Extract:  16%|#6        | 93/578 [00:37<04:41,  1.72it/s]
Extract:  16%|#6        | 94/578 [00:37<04:25,  1.82it/s]
Extract:  17%|#6        | 96/578 [00:38<04:18,  1.86it/s]
Extract:  17%|#6        | 97/578 [00:38<03:42,  2.16it/s]
Extract:  17%|#6        | 98/578 [00:39<03:39,  2.19it/s]
Extract:  17%|#7        | 99/578 [00:39<03:04,  2.59it/s]
Extract:  17%|#7        | 100/578 [00:40<03:12,  2.49it/s]
Extract:  17%|#7        | 101/578 [00:40<02:50,  2.79it/s]
Extract:  18%|#7        | 103/578 [00:40<01:51,  4.27it/s]
Extract:  18%|#7        | 104/578 [00:40<01:36,  4.89it/s]
Extract:  18%|#8        | 105/578 [00:41<03:06,  2.53it/s]
Extract:  18%|#8        | 106/578 [00:41<02:40,  2.93it/s]
Extract:  19%|#8        | 107/578 [00:42<03:53,  2.02it/s]
Extract:  19%|#8        | 108/578 [00:43<03:39,  2.14it/s]
Extract:  19%|#9        | 110/578 [00:43<02:51,  2.73it/s]
Extract:  19%|#9        | 111/578 [00:43<02:44,  2.84it/s]
Extract:  20%|#9        | 113/578 [00:44<01:59,  3.88it/s]
Extract:  20%|#9        | 114/578 [00:44<01:55,  4.03it/s]
Extract:  20%|#9        | 115/578 [00:44<01:47,  4.30it/s]
Extract:  20%|##        | 116/578 [00:44<02:09,  3.58it/s]
Extract:  20%|##        | 117/578 [00:45<03:40,  2.09it/s]
Extract:  21%|##        | 119/578 [00:45<02:15,  3.40it/s]
Extract:  21%|##        | 120/578 [00:46<03:26,  2.22it/s]
Extract:  21%|##        | 121/578 [00:47<04:19,  1.76it/s]
Extract:  21%|##1       | 122/578 [00:47<03:24,  2.22it/s]
Extract:  21%|##1       | 123/578 [00:48<02:50,  2.67it/s]
Extract:  21%|##1       | 124/578 [00:48<02:23,  3.15it/s]
Extract:  22%|##1       | 125/578 [00:49<03:36,  2.09it/s]
Extract:  22%|##1       | 126/578 [00:49<03:25,  2.20it/s]
Extract:  22%|##2       | 128/578 [00:49<02:31,  2.97it/s]
Extract:  22%|##2       | 129/578 [00:50<02:06,  3.54it/s]
Extract:  22%|##2       | 130/578 [00:50<03:08,  2.38it/s]
Extract:  23%|##2       | 131/578 [00:52<04:56,  1.51it/s]
Extract:  23%|##2       | 132/578 [00:52<04:06,  1.81it/s]
Extract:  23%|##3       | 133/578 [00:53<04:01,  1.85it/s]
Extract:  23%|##3       | 134/578 [00:53<03:26,  2.15it/s]
Extract:  23%|##3       | 135/578 [00:53<03:03,  2.41it/s]
Extract:  24%|##3       | 136/578 [00:53<02:47,  2.63it/s]
Extract:  24%|##3       | 137/578 [00:55<04:36,  1.59it/s]
Extract:  24%|##3       | 138/578 [00:56<05:13,  1.40it/s]
Extract:  24%|##4       | 139/578 [00:56<04:50,  1.51it/s]
Extract:  24%|##4       | 141/578 [00:56<02:55,  2.49it/s]
Extract:  25%|##4       | 142/578 [00:56<02:36,  2.78it/s]
Extract:  25%|##4       | 144/578 [00:57<01:47,  4.05it/s]
Extract:  25%|##5       | 146/578 [00:58<02:59,  2.40it/s]
Extract:  25%|##5       | 147/578 [00:58<02:44,  2.62it/s]
Extract:  26%|##5       | 148/578 [00:59<02:32,  2.82it/s]
Extract:  26%|##5       | 149/578 [00:59<03:27,  2.07it/s]
Extract:  26%|##5       | 150/578 [01:00<03:05,  2.31it/s]
Extract:  26%|##6       | 152/578 [01:00<02:02,  3.49it/s]
Extract:  26%|##6       | 153/578 [01:01<03:02,  2.33it/s]
Extract:  27%|##6       | 154/578 [01:01<02:34,  2.74it/s]
Extract:  27%|##6       | 155/578 [01:02<03:16,  2.15it/s]
Extract:  27%|##6       | 156/578 [01:02<02:35,  2.72it/s]
Extract:  27%|##7       | 157/578 [01:02<02:08,  3.28it/s]
Extract:  27%|##7       | 158/578 [01:02<01:49,  3.83it/s]
Extract:  28%|##7       | 159/578 [01:02<01:33,  4.49it/s]
Extract:  28%|##7       | 160/578 [01:03<02:00,  3.48it/s]
Extract:  28%|##8       | 162/578 [01:03<01:27,  4.73it/s]
Extract:  28%|##8       | 163/578 [01:04<03:32,  1.96it/s]
Extract:  28%|##8       | 164/578 [01:05<02:53,  2.38it/s]
Extract:  29%|##8       | 165/578 [01:05<02:36,  2.64it/s]
Extract:  29%|##8       | 166/578 [01:05<02:15,  3.04it/s]
Extract:  29%|##8       | 167/578 [01:06<03:11,  2.15it/s]
Extract:  29%|##9       | 168/578 [01:06<02:47,  2.44it/s]
Extract:  29%|##9       | 169/578 [01:06<02:25,  2.82it/s]
Extract:  29%|##9       | 170/578 [01:07<02:16,  3.00it/s]
Extract:  30%|##9       | 171/578 [01:07<01:51,  3.66it/s]
Extract:  30%|##9       | 172/578 [01:07<02:09,  3.13it/s]
Extract:  30%|##9       | 173/578 [01:08<03:26,  1.97it/s]
Extract:  30%|###       | 174/578 [01:08<03:01,  2.22it/s]
Extract:  30%|###       | 175/578 [01:09<02:29,  2.70it/s]
Extract:  30%|###       | 176/578 [01:09<02:04,  3.23it/s]
Extract:  31%|###       | 177/578 [01:10<03:12,  2.08it/s]
Extract:  31%|###       | 178/578 [01:10<03:23,  1.97it/s]
Extract:  31%|###       | 179/578 [01:10<02:50,  2.35it/s]
Extract:  31%|###1      | 180/578 [01:11<03:19,  1.99it/s]
Extract:  31%|###1      | 181/578 [01:12<03:44,  1.77it/s]
Extract:  31%|###1      | 182/578 [01:12<03:20,  1.98it/s]
Extract:  32%|###1      | 183/578 [01:12<02:32,  2.58it/s]
Extract:  32%|###1      | 184/578 [01:13<02:40,  2.46it/s]
Extract:  32%|###2      | 185/578 [01:14<03:56,  1.66it/s]
Extract:  32%|###2      | 186/578 [01:14<03:18,  1.97it/s]
Extract:  33%|###2      | 188/578 [01:15<02:24,  2.70it/s]
Extract:  33%|###2      | 189/578 [01:15<03:19,  1.95it/s]
Extract:  33%|###2      | 190/578 [01:16<02:44,  2.36it/s]
Extract:  33%|###3      | 191/578 [01:17<03:59,  1.61it/s]
Extract:  33%|###3      | 192/578 [01:17<03:14,  1.98it/s]
Extract:  33%|###3      | 193/578 [01:17<02:37,  2.44it/s]
Extract:  34%|###3      | 194/578 [01:17<02:06,  3.02it/s]
Extract:  34%|###3      | 195/578 [01:17<01:45,  3.65it/s]
Extract:  34%|###4      | 197/578 [01:19<02:31,  2.51it/s]
Extract:  34%|###4      | 198/578 [01:19<02:27,  2.57it/s]
Extract:  35%|###4      | 201/578 [01:20<02:16,  2.75it/s]
Extract:  35%|###4      | 202/578 [01:20<02:21,  2.66it/s]
Extract:  35%|###5      | 203/578 [01:21<03:11,  1.95it/s]
Extract:  35%|###5      | 205/578 [01:22<02:13,  2.80it/s]
Extract:  36%|###5      | 206/578 [01:22<02:03,  3.01it/s]
Extract:  36%|###5      | 207/578 [01:22<02:21,  2.63it/s]
Extract:  36%|###6      | 209/578 [01:23<01:42,  3.59it/s]
Extract:  36%|###6      | 210/578 [01:23<01:40,  3.67it/s]
Extract:  37%|###6      | 212/578 [01:24<02:26,  2.50it/s]
Extract:  37%|###6      | 213/578 [01:24<02:13,  2.73it/s]
Extract:  37%|###7      | 214/578 [01:24<01:50,  3.29it/s]
Extract:  37%|###7      | 215/578 [01:25<02:16,  2.65it/s]
Extract:  38%|###7      | 217/578 [01:25<01:45,  3.41it/s]
Extract:  38%|###7      | 219/578 [01:25<01:14,  4.83it/s]
Extract:  38%|###8      | 220/578 [01:26<01:12,  4.94it/s]
Extract:  38%|###8      | 221/578 [01:26<01:13,  4.89it/s]
Extract:  39%|###8      | 223/578 [01:26<00:58,  6.06it/s]
Extract:  39%|###8      | 224/578 [01:26<00:58,  6.03it/s]
Extract:  39%|###8      | 225/578 [01:27<01:53,  3.12it/s]
Extract:  39%|###9      | 226/578 [01:27<02:00,  2.93it/s]
Extract:  39%|###9      | 227/578 [01:28<01:53,  3.10it/s]
Extract:  39%|###9      | 228/578 [01:28<01:32,  3.77it/s]
Extract:  40%|###9      | 229/578 [01:28<01:45,  3.31it/s]
Extract:  40%|###9      | 230/578 [01:29<02:19,  2.49it/s]
Extract:  40%|###9      | 231/578 [01:29<02:32,  2.27it/s]
Extract:  40%|####      | 232/578 [01:30<02:20,  2.46it/s]
Extract:  40%|####      | 233/578 [01:30<02:00,  2.87it/s]
Extract:  40%|####      | 234/578 [01:30<01:53,  3.03it/s]
Extract:  41%|####      | 235/578 [01:31<01:47,  3.18it/s]
Extract:  41%|####      | 236/578 [01:32<03:26,  1.66it/s]
Extract:  41%|####1     | 237/578 [01:33<03:42,  1.54it/s]
Extract:  41%|####1     | 239/578 [01:33<02:21,  2.39it/s]
Extract:  42%|####1     | 240/578 [01:33<02:08,  2.64it/s]
Extract:  42%|####1     | 242/578 [01:33<01:29,  3.77it/s]
Extract:  42%|####2     | 243/578 [01:33<01:17,  4.33it/s]
Extract:  42%|####2     | 244/578 [01:34<02:08,  2.61it/s]
Extract:  42%|####2     | 245/578 [01:35<01:54,  2.92it/s]
Extract:  43%|####2     | 246/578 [01:35<01:34,  3.50it/s]
Extract:  43%|####2     | 247/578 [01:35<01:51,  2.96it/s]
Extract:  43%|####2     | 248/578 [01:36<02:12,  2.49it/s]
Extract:  43%|####3     | 249/578 [01:36<02:03,  2.66it/s]
Extract:  43%|####3     | 250/578 [01:36<01:49,  3.00it/s]
Extract:  43%|####3     | 251/578 [01:37<01:47,  3.04it/s]
Extract:  44%|####3     | 252/578 [01:37<01:25,  3.81it/s]
Extract:  44%|####3     | 253/578 [01:37<01:17,  4.19it/s]
Extract:  44%|####4     | 255/578 [01:37<01:21,  3.97it/s]
Extract:  44%|####4     | 256/578 [01:38<02:12,  2.44it/s]
Extract:  44%|####4     | 257/578 [01:38<01:52,  2.85it/s]
Extract:  45%|####4     | 258/578 [01:39<01:36,  3.31it/s]
Extract:  45%|####4     | 259/578 [01:39<01:22,  3.85it/s]
Extract:  45%|####4     | 260/578 [01:39<01:15,  4.20it/s]
Extract:  45%|####5     | 261/578 [01:39<01:06,  4.76it/s]
Extract:  45%|####5     | 262/578 [01:40<01:34,  3.33it/s]
Extract:  46%|####5     | 263/578 [01:41<03:18,  1.59it/s]
Extract:  46%|####5     | 264/578 [01:41<02:34,  2.04it/s]
Extract:  46%|####5     | 265/578 [01:42<02:46,  1.88it/s]
Extract:  46%|####6     | 266/578 [01:42<02:40,  1.94it/s]
Extract:  46%|####6     | 267/578 [01:43<03:09,  1.64it/s]
Extract:  46%|####6     | 268/578 [01:43<02:26,  2.11it/s]
Extract:  47%|####6     | 269/578 [01:44<02:42,  1.91it/s]
Extract:  47%|####6     | 271/578 [01:44<01:37,  3.14it/s]
Extract:  47%|####7     | 273/578 [01:45<02:03,  2.48it/s]
Extract:  47%|####7     | 274/578 [01:46<02:40,  1.89it/s]
Extract:  48%|####7     | 275/578 [01:47<02:49,  1.79it/s]
Extract:  48%|####7     | 276/578 [01:47<02:31,  1.99it/s]
Extract:  48%|####7     | 277/578 [01:47<02:07,  2.36it/s]
Extract:  48%|####8     | 279/578 [01:47<01:19,  3.78it/s]
Extract:  48%|####8     | 280/578 [01:49<02:20,  2.13it/s]
Extract:  49%|####8     | 281/578 [01:49<01:52,  2.64it/s]
Extract:  49%|####8     | 282/578 [01:49<01:37,  3.02it/s]
Extract:  49%|####8     | 283/578 [01:49<01:54,  2.58it/s]
Extract:  49%|####9     | 284/578 [01:50<01:37,  3.03it/s]
Extract:  49%|####9     | 285/578 [01:50<01:43,  2.82it/s]
Extract:  49%|####9     | 286/578 [01:50<01:46,  2.74it/s]
Extract:  50%|####9     | 287/578 [01:51<01:32,  3.14it/s]
Extract:  50%|####9     | 288/578 [01:51<01:24,  3.45it/s]
Extract:  50%|#####     | 289/578 [01:51<01:35,  3.02it/s]
Extract:  50%|#####     | 290/578 [01:52<02:28,  1.94it/s]
Extract:  50%|#####     | 291/578 [01:52<01:59,  2.41it/s]
Extract:  51%|#####     | 293/578 [01:53<01:15,  3.76it/s]
Extract:  51%|#####     | 294/578 [01:53<01:15,  3.79it/s]
Extract:  51%|#####1    | 295/578 [01:54<02:06,  2.23it/s]
Extract:  51%|#####1    | 296/578 [01:54<01:49,  2.58it/s]
Extract:  51%|#####1    | 297/578 [01:55<02:16,  2.06it/s]
Extract:  52%|#####1    | 299/578 [01:55<01:29,  3.13it/s]
Extract:  52%|#####1    | 300/578 [01:55<01:21,  3.40it/s]
Extract:  52%|#####2    | 301/578 [01:56<01:43,  2.67it/s]
Extract:  52%|#####2    | 302/578 [01:56<01:25,  3.22it/s]
Extract:  52%|#####2    | 303/578 [01:56<01:10,  3.90it/s]
Extract:  53%|#####2    | 304/578 [01:57<02:06,  2.16it/s]
Extract:  53%|#####2    | 305/578 [01:58<02:33,  1.77it/s]
Extract:  53%|#####3    | 307/578 [01:59<02:07,  2.12it/s]
Extract:  53%|#####3    | 308/578 [01:59<02:09,  2.08it/s]
Extract:  53%|#####3    | 309/578 [02:00<02:43,  1.65it/s]
Extract:  54%|#####3    | 310/578 [02:00<02:28,  1.80it/s]
Extract:  54%|#####3    | 311/578 [02:01<03:01,  1.47it/s]
Extract:  54%|#####3    | 312/578 [02:02<03:25,  1.29it/s]
Extract:  54%|#####4    | 313/578 [02:03<02:46,  1.59it/s]
Extract:  54%|#####4    | 314/578 [02:03<02:48,  1.57it/s]
Extract:  54%|#####4    | 315/578 [02:04<02:08,  2.05it/s]
Extract:  55%|#####4    | 316/578 [02:04<02:09,  2.02it/s]
Extract:  55%|#####5    | 318/578 [02:05<01:58,  2.20it/s]
Extract:  55%|#####5    | 319/578 [02:05<01:54,  2.26it/s]
Extract:  55%|#####5    | 320/578 [02:06<02:15,  1.91it/s]
Extract:  56%|#####5    | 321/578 [02:07<02:31,  1.70it/s]
Extract:  56%|#####5    | 322/578 [02:08<02:46,  1.54it/s]
Extract:  56%|#####5    | 323/578 [02:08<02:18,  1.85it/s]
Extract:  56%|#####6    | 325/578 [02:08<01:30,  2.80it/s]
Extract:  56%|#####6    | 326/578 [02:09<01:31,  2.74it/s]
Extract:  57%|#####6    | 327/578 [02:09<01:19,  3.18it/s]
Extract:  57%|#####6    | 328/578 [02:09<01:21,  3.07it/s]
Extract:  57%|#####6    | 329/578 [02:09<01:06,  3.76it/s]
Extract:  57%|#####7    | 330/578 [02:09<01:03,  3.89it/s]
Extract:  57%|#####7    | 331/578 [02:10<01:07,  3.66it/s]
Extract:  57%|#####7    | 332/578 [02:10<01:24,  2.91it/s]
Extract:  58%|#####7    | 333/578 [02:10<01:07,  3.66it/s]
Extract:  58%|#####7    | 334/578 [02:10<00:55,  4.42it/s]
Extract:  58%|#####7    | 335/578 [02:11<00:50,  4.81it/s]
Extract:  58%|#####8    | 337/578 [02:11<00:43,  5.60it/s]
Extract:  59%|#####8    | 339/578 [02:11<00:42,  5.61it/s]
Extract:  59%|#####8    | 340/578 [02:11<00:43,  5.42it/s]
Extract:  59%|#####8    | 341/578 [02:12<00:46,  5.12it/s]
Extract:  59%|#####9    | 342/578 [02:12<00:59,  3.94it/s]
Extract:  60%|#####9    | 344/578 [02:13<01:13,  3.20it/s]
Extract:  60%|#####9    | 345/578 [02:13<01:04,  3.59it/s]
Extract:  60%|#####9    | 346/578 [02:13<00:56,  4.12it/s]
Extract:  60%|######    | 347/578 [02:13<00:50,  4.60it/s]
Extract:  60%|######    | 348/578 [02:13<00:44,  5.21it/s]
Extract:  60%|######    | 349/578 [02:14<01:24,  2.73it/s]
Extract:  61%|######    | 350/578 [02:15<01:18,  2.89it/s]
Extract:  61%|######    | 351/578 [02:15<01:54,  1.98it/s]
Extract:  61%|######    | 352/578 [02:16<01:29,  2.54it/s]
Extract:  61%|######1   | 353/578 [02:16<01:25,  2.62it/s]
Extract:  61%|######1   | 355/578 [02:16<00:59,  3.77it/s]
Extract:  62%|######1   | 356/578 [02:18<01:56,  1.91it/s]
Extract:  62%|######1   | 357/578 [02:18<01:50,  1.99it/s]
Extract:  62%|######1   | 358/578 [02:18<01:27,  2.51it/s]
Extract:  62%|######2   | 359/578 [02:18<01:23,  2.61it/s]
Extract:  62%|######2   | 360/578 [02:19<01:25,  2.55it/s]
Extract:  62%|######2   | 361/578 [02:19<01:14,  2.92it/s]
Extract:  63%|######2   | 362/578 [02:20<01:42,  2.10it/s]
Extract:  63%|######2   | 363/578 [02:20<01:23,  2.59it/s]
Extract:  63%|######2   | 364/578 [02:20<01:07,  3.16it/s]
Extract:  63%|######3   | 365/578 [02:21<01:12,  2.95it/s]
Extract:  63%|######3   | 366/578 [02:21<01:16,  2.78it/s]
Extract:  63%|######3   | 367/578 [02:22<01:50,  1.92it/s]
Extract:  64%|######3   | 368/578 [02:22<01:47,  1.95it/s]
Extract:  64%|######3   | 369/578 [02:23<02:21,  1.48it/s]
Extract:  64%|######4   | 370/578 [02:24<02:03,  1.68it/s]
Extract:  64%|######4   | 371/578 [02:24<01:37,  2.12it/s]
Extract:  65%|######4   | 373/578 [02:25<01:20,  2.56it/s]
Extract:  65%|######4   | 374/578 [02:25<01:11,  2.84it/s]
Extract:  65%|######4   | 375/578 [02:25<00:59,  3.43it/s]
Extract:  65%|######5   | 376/578 [02:25<01:06,  3.06it/s]
Extract:  65%|######5   | 377/578 [02:26<01:13,  2.74it/s]
Extract:  65%|######5   | 378/578 [02:26<01:06,  3.02it/s]
Extract:  66%|######5   | 379/578 [02:26<00:54,  3.67it/s]
Extract:  66%|######5   | 380/578 [02:27<01:06,  2.97it/s]
Extract:  66%|######5   | 381/578 [02:27<01:03,  3.11it/s]
Extract:  66%|######6   | 382/578 [02:28<01:30,  2.16it/s]
Extract:  66%|######6   | 383/578 [02:28<01:17,  2.53it/s]
Extract:  66%|######6   | 384/578 [02:29<01:25,  2.28it/s]
Extract:  67%|######6   | 386/578 [02:29<00:59,  3.24it/s]
Extract:  67%|######6   | 387/578 [02:30<01:30,  2.11it/s]
Extract:  67%|######7   | 388/578 [02:30<01:12,  2.61it/s]
Extract:  67%|######7   | 390/578 [02:30<00:50,  3.69it/s]
Extract:  68%|######7   | 391/578 [02:31<00:52,  3.55it/s]
Extract:  68%|######7   | 392/578 [02:31<00:59,  3.14it/s]
Extract:  68%|######7   | 393/578 [02:31<01:06,  2.78it/s]
Extract:  68%|######8   | 394/578 [02:32<01:11,  2.58it/s]
Extract:  68%|######8   | 395/578 [02:32<01:11,  2.56it/s]
Extract:  69%|######8   | 397/578 [02:33<00:59,  3.06it/s]
Extract:  69%|######8   | 398/578 [02:33<00:51,  3.47it/s]
Extract:  69%|######9   | 399/578 [02:34<01:07,  2.66it/s]
Extract:  69%|######9   | 400/578 [02:34<00:59,  2.98it/s]
Extract:  69%|######9   | 401/578 [02:34<00:51,  3.44it/s]
Extract:  70%|######9   | 402/578 [02:34<00:46,  3.81it/s]
Extract:  70%|######9   | 403/578 [02:34<00:42,  4.13it/s]
Extract:  70%|######9   | 404/578 [02:35<00:36,  4.74it/s]
Extract:  70%|#######   | 405/578 [02:35<00:33,  5.15it/s]
Extract:  70%|#######   | 406/578 [02:35<00:46,  3.68it/s]
Extract:  70%|#######   | 407/578 [02:36<00:59,  2.86it/s]
Extract:  71%|#######   | 408/578 [02:37<01:32,  1.84it/s]
Extract:  71%|#######   | 409/578 [02:37<01:12,  2.34it/s]
Extract:  71%|#######   | 410/578 [02:37<01:05,  2.55it/s]
Extract:  71%|#######1  | 412/578 [02:38<00:51,  3.22it/s]
Extract:  71%|#######1  | 413/578 [02:38<00:52,  3.14it/s]
Extract:  72%|#######1  | 415/578 [02:38<00:37,  4.30it/s]
Extract:  72%|#######1  | 416/578 [02:38<00:35,  4.52it/s]
Extract:  72%|#######2  | 418/578 [02:39<00:29,  5.46it/s]
Extract:  72%|#######2  | 419/578 [02:39<00:30,  5.19it/s]
Extract:  73%|#######2  | 421/578 [02:39<00:34,  4.57it/s]
Extract:  73%|#######3  | 424/578 [02:39<00:22,  6.71it/s]
Extract:  74%|#######3  | 425/578 [02:40<00:27,  5.55it/s]
Extract:  74%|#######3  | 426/578 [02:40<00:26,  5.77it/s]
Extract:  74%|#######3  | 427/578 [02:40<00:36,  4.16it/s]
Extract:  74%|#######4  | 428/578 [02:41<00:56,  2.66it/s]
Extract:  74%|#######4  | 429/578 [02:42<00:56,  2.63it/s]
Extract:  75%|#######4  | 431/578 [02:42<00:37,  3.94it/s]
Extract:  75%|#######4  | 432/578 [02:42<00:34,  4.21it/s]
Extract:  75%|#######5  | 434/578 [02:42<00:32,  4.42it/s]
Extract:  75%|#######5  | 435/578 [02:43<00:29,  4.88it/s]
Extract:  76%|#######5  | 437/578 [02:43<00:22,  6.18it/s]
Extract:  76%|#######5  | 438/578 [02:43<00:21,  6.40it/s]
Extract:  76%|#######5  | 439/578 [02:43<00:25,  5.52it/s]
Extract:  76%|#######6  | 441/578 [02:44<00:33,  4.09it/s]
Extract:  76%|#######6  | 442/578 [02:44<00:30,  4.51it/s]
Extract:  77%|#######6  | 444/578 [02:44<00:23,  5.72it/s]
Extract:  77%|#######6  | 445/578 [02:45<00:30,  4.37it/s]
Extract:  77%|#######7  | 447/578 [02:45<00:21,  6.02it/s]
Extract:  78%|#######7  | 449/578 [02:45<00:16,  7.62it/s]
Extract:  78%|#######8  | 451/578 [02:46<00:31,  4.08it/s]
Extract:  78%|#######8  | 452/578 [02:46<00:28,  4.44it/s]
Extract:  79%|#######8  | 454/578 [02:46<00:21,  5.69it/s]
Extract:  79%|#######8  | 456/578 [02:46<00:17,  6.95it/s]
Extract:  79%|#######9  | 458/578 [02:47<00:17,  6.75it/s]
Extract:  80%|#######9  | 460/578 [02:47<00:14,  8.30it/s]
Extract:  80%|#######9  | 462/578 [02:47<00:14,  7.94it/s]
Extract:  80%|########  | 463/578 [02:47<00:19,  6.03it/s]
Extract:  80%|########  | 465/578 [02:47<00:14,  7.68it/s]
Extract:  81%|########  | 467/578 [02:49<00:36,  3.05it/s]
Extract:  81%|########  | 468/578 [02:50<00:45,  2.39it/s]
Extract:  81%|########1 | 469/578 [02:50<00:40,  2.68it/s]
Extract:  81%|########1 | 470/578 [02:50<00:43,  2.47it/s]
Extract:  81%|########1 | 471/578 [02:51<00:42,  2.49it/s]
Extract:  82%|########1 | 472/578 [02:51<00:40,  2.61it/s]
Extract:  82%|########1 | 473/578 [02:51<00:35,  3.00it/s]
Extract:  82%|########2 | 474/578 [02:52<00:32,  3.16it/s]
Extract:  82%|########2 | 475/578 [02:52<00:27,  3.73it/s]
Extract:  82%|########2 | 476/578 [02:52<00:33,  3.07it/s]
Extract:  83%|########2 | 477/578 [02:52<00:28,  3.60it/s]
Extract:  83%|########2 | 478/578 [02:52<00:23,  4.31it/s]
Extract:  83%|########2 | 479/578 [02:53<00:21,  4.62it/s]
Extract:  83%|########3 | 480/578 [02:53<00:18,  5.33it/s]
Extract:  83%|########3 | 481/578 [02:53<00:17,  5.65it/s]
Extract:  84%|########3 | 483/578 [02:53<00:13,  7.19it/s]
Extract:  84%|########3 | 485/578 [02:53<00:10,  8.54it/s]
Extract:  84%|########4 | 487/578 [02:54<00:12,  7.46it/s]
Extract:  84%|########4 | 488/578 [02:54<00:11,  7.87it/s]
Extract:  85%|########4 | 489/578 [02:55<00:28,  3.07it/s]
Extract:  85%|########4 | 490/578 [02:55<00:25,  3.42it/s]
Extract:  85%|########4 | 491/578 [02:55<00:28,  3.04it/s]
Extract:  85%|########5 | 492/578 [02:56<00:30,  2.80it/s]
Extract:  85%|########5 | 493/578 [02:56<00:30,  2.82it/s]
Extract:  85%|########5 | 494/578 [02:57<00:30,  2.78it/s]
Extract:  86%|########5 | 496/578 [02:57<00:20,  4.00it/s]
Extract:  86%|########5 | 497/578 [02:57<00:17,  4.63it/s]
Extract:  86%|########6 | 498/578 [02:58<00:31,  2.51it/s]
Extract:  86%|########6 | 499/578 [02:58<00:31,  2.52it/s]
Extract:  87%|########6 | 501/578 [02:59<00:23,  3.31it/s]
Extract:  87%|########7 | 503/578 [02:59<00:17,  4.29it/s]
Extract:  87%|########7 | 504/578 [02:59<00:21,  3.43it/s]
Extract:  87%|########7 | 505/578 [03:01<00:44,  1.62it/s]
Extract:  88%|########7 | 507/578 [03:01<00:29,  2.40it/s]
Extract:  88%|########7 | 508/578 [03:02<00:27,  2.53it/s]
Extract:  88%|########8 | 510/578 [03:02<00:23,  2.87it/s]
Extract:  88%|########8 | 511/578 [03:02<00:21,  3.11it/s]
Extract:  89%|########8 | 512/578 [03:03<00:23,  2.82it/s]
Extract:  89%|########8 | 514/578 [03:03<00:18,  3.55it/s]
Extract:  89%|########9 | 515/578 [03:04<00:22,  2.85it/s]
Extract:  89%|########9 | 516/578 [03:05<00:39,  1.58it/s]
Extract:  89%|########9 | 517/578 [03:06<00:35,  1.72it/s]
Extract:  90%|########9 | 518/578 [03:06<00:27,  2.19it/s]
Extract:  90%|########9 | 519/578 [03:06<00:26,  2.23it/s]
Extract:  90%|########9 | 520/578 [03:06<00:23,  2.49it/s]
Extract:  90%|######### | 522/578 [03:07<00:16,  3.36it/s]
Extract:  90%|######### | 523/578 [03:07<00:17,  3.10it/s]
Extract:  91%|######### | 524/578 [03:07<00:16,  3.33it/s]
Extract:  91%|######### | 525/578 [03:08<00:13,  3.82it/s]
Extract:  91%|#########1| 526/578 [03:09<00:23,  2.17it/s]
Extract:  91%|#########1| 527/578 [03:09<00:18,  2.71it/s]
Extract:  91%|#########1| 528/578 [03:09<00:15,  3.14it/s]
Extract:  92%|#########1| 529/578 [03:09<00:14,  3.30it/s]
Extract:  92%|#########1| 530/578 [03:09<00:13,  3.44it/s]
Extract:  92%|#########1| 531/578 [03:10<00:12,  3.76it/s]
Extract:  92%|#########2| 532/578 [03:10<00:12,  3.78it/s]
Extract:  92%|#########2| 533/578 [03:10<00:11,  3.79it/s]
Extract:  92%|#########2| 534/578 [03:11<00:15,  2.83it/s]
Extract:  93%|#########2| 535/578 [03:11<00:13,  3.14it/s]
Extract:  93%|#########2| 537/578 [03:11<00:12,  3.38it/s]
Extract:  93%|#########3| 538/578 [03:12<00:12,  3.12it/s]
Extract:  93%|#########3| 539/578 [03:12<00:10,  3.70it/s]
Extract:  93%|#########3| 540/578 [03:13<00:13,  2.73it/s]
Extract:  94%|#########3| 541/578 [03:13<00:14,  2.63it/s]
Extract:  94%|#########3| 543/578 [03:14<00:11,  3.07it/s]
Extract:  94%|#########4| 544/578 [03:14<00:09,  3.67it/s]
Extract:  94%|#########4| 546/578 [03:15<00:11,  2.69it/s]
Extract:  95%|#########4| 547/578 [03:16<00:16,  1.89it/s]
Extract:  95%|#########4| 548/578 [03:16<00:13,  2.29it/s]
Extract:  95%|#########5| 550/578 [03:16<00:08,  3.47it/s]
Extract:  95%|#########5| 551/578 [03:16<00:06,  3.98it/s]
Extract:  96%|#########5| 553/578 [03:18<00:12,  1.93it/s]
Extract:  96%|#########5| 554/578 [03:19<00:14,  1.61it/s]
Extract:  96%|#########6| 555/578 [03:20<00:16,  1.41it/s]
Extract:  96%|#########6| 556/578 [03:20<00:14,  1.56it/s]
Extract:  96%|#########6| 557/578 [03:21<00:12,  1.68it/s]
Extract:  97%|#########6| 558/578 [03:21<00:09,  2.16it/s]
Extract:  97%|#########6| 559/578 [03:21<00:06,  2.76it/s]
Extract:  97%|#########6| 560/578 [03:22<00:09,  1.96it/s]
Extract:  97%|#########7| 561/578 [03:23<00:08,  2.00it/s]
Extract:  97%|#########7| 563/578 [03:23<00:04,  3.29it/s]
Extract:  98%|#########7| 564/578 [03:24<00:06,  2.07it/s]
Extract:  98%|#########7| 565/578 [03:25<00:07,  1.68it/s]
Extract:  98%|#########7| 566/578 [03:25<00:06,  1.97it/s]
Extract:  98%|#########8| 567/578 [03:25<00:05,  2.16it/s]
Extract:  98%|#########8| 568/578 [03:26<00:05,  1.69it/s]
Extract:  98%|#########8| 569/578 [03:26<00:04,  2.23it/s]
Extract:  99%|#########8| 570/578 [03:26<00:02,  2.67it/s]
Extract:  99%|#########8| 572/578 [03:27<00:01,  3.50it/s]
Extract:  99%|#########9| 574/578 [03:27<00:00,  4.84it/s]
Extract:  99%|#########9| 575/578 [03:27<00:00,  4.33it/s]
Extract: 100%|#########9| 576/578 [03:28<00:00,  2.55it/s]
Extract: 100%|#########9| 577/578 [03:28<00:00,  3.14it/s]
Extract: 100%|##########| 578/578 [03:28<00:00,  2.77it/s]

Extract:   0%|          | 0/578 [00:00<?, ?it/s]
Extract:   0%|          | 1/578 [00:00<01:14,  7.79it/s]
Extract:   0%|          | 2/578 [00:00<01:23,  6.91it/s]
Extract:   1%|          | 3/578 [00:00<02:20,  4.08it/s]
Extract:   1%|          | 4/578 [00:01<03:45,  2.55it/s]
Extract:   1%|          | 5/578 [00:01<03:15,  2.94it/s]
Extract:   1%|1         | 6/578 [00:01<02:55,  3.25it/s]
Extract:   1%|1         | 7/578 [00:02<03:49,  2.49it/s]
Extract:   1%|1         | 8/578 [00:02<04:29,  2.12it/s]
Extract:   2%|1         | 9/578 [00:03<04:48,  1.97it/s]
Extract:   2%|1         | 10/578 [00:04<04:59,  1.89it/s]
Extract:   2%|1         | 11/578 [00:04<04:45,  1.98it/s]
Extract:   2%|2         | 12/578 [00:05<05:46,  1.64it/s]
Extract:   2%|2         | 13/578 [00:05<04:36,  2.04it/s]
Extract:   2%|2         | 14/578 [00:06<05:52,  1.60it/s]
Extract:   3%|2         | 15/578 [00:07<06:53,  1.36it/s]
Extract:   3%|2         | 16/578 [00:07<05:44,  1.63it/s]
Extract:   3%|2         | 17/578 [00:08<04:18,  2.17it/s]
Extract:   3%|3         | 19/578 [00:08<02:37,  3.54it/s]
Extract:   3%|3         | 20/578 [00:08<02:13,  4.18it/s]
Extract:   4%|3         | 21/578 [00:09<03:49,  2.42it/s]
Extract:   4%|3         | 22/578 [00:09<04:00,  2.31it/s]
Extract:   4%|3         | 23/578 [00:10<04:48,  1.92it/s]
Extract:   4%|4         | 24/578 [00:10<04:05,  2.26it/s]
Extract:   4%|4         | 26/578 [00:10<02:52,  3.20it/s]
Extract:   5%|4         | 27/578 [00:12<04:35,  2.00it/s]
Extract:   5%|4         | 28/578 [00:12<03:54,  2.35it/s]
Extract:   5%|5         | 29/578 [00:12<03:31,  2.60it/s]
Extract:   5%|5         | 30/578 [00:12<03:31,  2.59it/s]
Extract:   5%|5         | 31/578 [00:13<04:18,  2.12it/s]
Extract:   6%|5         | 32/578 [00:13<03:31,  2.58it/s]
Extract:   6%|5         | 34/578 [00:13<02:19,  3.90it/s]
Extract:   6%|6         | 35/578 [00:14<02:07,  4.27it/s]
Extract:   6%|6         | 36/578 [00:14<01:49,  4.93it/s]
Extract:   6%|6         | 37/578 [00:14<02:20,  3.84it/s]
Extract:   7%|6         | 38/578 [00:14<02:26,  3.69it/s]
Extract:   7%|6         | 40/578 [00:15<02:03,  4.35it/s]
Extract:   7%|7         | 41/578 [00:15<02:07,  4.22it/s]
Extract:   7%|7         | 42/578 [00:16<03:49,  2.33it/s]
Extract:   7%|7         | 43/578 [00:17<05:15,  1.69it/s]
Extract:   8%|7         | 45/578 [00:17<03:18,  2.68it/s]
Extract:   8%|7         | 46/578 [00:17<02:52,  3.08it/s]
Extract:   8%|8         | 47/578 [00:18<03:03,  2.89it/s]
Extract:   8%|8         | 49/578 [00:18<02:15,  3.89it/s]
Extract:   9%|8         | 50/578 [00:19<03:40,  2.39it/s]
Extract:   9%|8         | 51/578 [00:20<04:19,  2.03it/s]
Extract:   9%|8         | 52/578 [00:21<04:51,  1.81it/s]
Extract:   9%|9         | 54/578 [00:22<04:38,  1.88it/s]
Extract:  10%|9         | 55/578 [00:22<04:42,  1.85it/s]
Extract:  10%|9         | 56/578 [00:22<04:01,  2.16it/s]
Extract:  10%|9         | 57/578 [00:22<03:14,  2.68it/s]
Extract:  10%|#         | 58/578 [00:23<03:42,  2.33it/s]
Extract:  10%|#         | 59/578 [00:23<03:44,  2.31it/s]
Extract:  10%|#         | 60/578 [00:24<04:26,  1.95it/s]
Extract:  11%|#         | 61/578 [00:25<05:41,  1.51it/s]
Extract:  11%|#         | 62/578 [00:25<04:24,  1.95it/s]
Extract:  11%|#1        | 64/578 [00:26<03:32,  2.42it/s]
Extract:  11%|#1        | 65/578 [00:27<04:19,  1.98it/s]
Extract:  11%|#1        | 66/578 [00:27<03:37,  2.35it/s]
Extract:  12%|#1        | 67/578 [00:28<05:03,  1.69it/s]
Extract:  12%|#1        | 69/578 [00:28<03:42,  2.28it/s]
Extract:  12%|#2        | 70/578 [00:29<03:11,  2.65it/s]
Extract:  12%|#2        | 71/578 [00:29<02:58,  2.84it/s]
Extract:  12%|#2        | 72/578 [00:29<02:46,  3.04it/s]
Extract:  13%|#2        | 73/578 [00:31<05:11,  1.62it/s]
Extract:  13%|#2        | 74/578 [00:31<04:04,  2.06it/s]
Extract:  13%|#2        | 75/578 [00:31<03:19,  2.52it/s]
Extract:  13%|#3        | 76/578 [00:31<03:17,  2.54it/s]
Extract:  13%|#3        | 77/578 [00:32<04:45,  1.76it/s]
Extract:  14%|#3        | 79/578 [00:32<02:59,  2.78it/s]
Extract:  14%|#3        | 80/578 [00:33<02:39,  3.11it/s]
Extract:  14%|#4        | 81/578 [00:33<02:23,  3.47it/s]
Extract:  14%|#4        | 82/578 [00:33<02:13,  3.73it/s]
Extract:  14%|#4        | 83/578 [00:33<02:21,  3.49it/s]
Extract:  15%|#4        | 84/578 [00:34<03:59,  2.06it/s]
Extract:  15%|#4        | 85/578 [00:35<04:00,  2.05it/s]
Extract:  15%|#4        | 86/578 [00:35<03:27,  2.37it/s]
Extract:  15%|#5        | 87/578 [00:35<02:41,  3.04it/s]
Extract:  15%|#5        | 88/578 [00:35<02:13,  3.67it/s]
Extract:  15%|#5        | 89/578 [00:36<04:00,  2.03it/s]
Extract:  16%|#5        | 90/578 [00:37<03:45,  2.17it/s]
Extract:  16%|#5        | 91/578 [00:38<05:06,  1.59it/s]
Extract:  16%|#5        | 92/578 [00:39<05:53,  1.37it/s]
Extract:  16%|#6        | 93/578 [00:39<04:28,  1.80it/s]
Extract:  16%|#6        | 94/578 [00:39<04:08,  1.95it/s]
Extract:  17%|#6        | 96/578 [00:41<04:53,  1.64it/s]
Extract:  17%|#6        | 97/578 [00:41<04:08,  1.94it/s]
Extract:  17%|#6        | 98/578 [00:42<04:02,  1.98it/s]
Extract:  17%|#7        | 99/578 [00:42<03:21,  2.38it/s]
Extract:  17%|#7        | 100/578 [00:42<03:28,  2.30it/s]
Extract:  17%|#7        | 101/578 [00:42<03:04,  2.59it/s]
Extract:  18%|#7        | 103/578 [00:43<01:56,  4.08it/s]
Extract:  18%|#8        | 105/578 [00:43<02:05,  3.78it/s]
Extract:  18%|#8        | 106/578 [00:43<01:58,  3.99it/s]
Extract:  19%|#8        | 107/578 [00:44<03:28,  2.26it/s]
Extract:  19%|#8        | 108/578 [00:45<03:33,  2.21it/s]
Extract:  19%|#9        | 110/578 [00:45<02:44,  2.84it/s]
Extract:  19%|#9        | 111/578 [00:46<02:40,  2.90it/s]
Extract:  20%|#9        | 113/578 [00:46<02:01,  3.82it/s]
Extract:  20%|#9        | 114/578 [00:46<01:54,  4.06it/s]
Extract:  20%|#9        | 115/578 [00:47<02:27,  3.15it/s]
Extract:  20%|##        | 116/578 [00:47<02:42,  2.84it/s]
Extract:  20%|##        | 117/578 [00:48<03:22,  2.27it/s]
Extract:  21%|##        | 120/578 [00:49<03:01,  2.52it/s]
Extract:  21%|##        | 121/578 [00:50<04:10,  1.83it/s]
Extract:  21%|##1       | 122/578 [00:50<03:26,  2.21it/s]
Extract:  21%|##1       | 123/578 [00:50<02:52,  2.63it/s]
Extract:  21%|##1       | 124/578 [00:50<02:25,  3.12it/s]
Extract:  22%|##1       | 125/578 [00:51<03:20,  2.26it/s]
Extract:  22%|##1       | 126/578 [00:52<03:19,  2.27it/s]
Extract:  22%|##1       | 127/578 [00:52<02:37,  2.86it/s]
Extract:  22%|##2       | 128/578 [00:52<02:29,  3.01it/s]
Extract:  22%|##2       | 130/578 [00:53<02:39,  2.81it/s]
Extract:  23%|##2       | 131/578 [00:54<04:16,  1.74it/s]
Extract:  23%|##2       | 132/578 [00:54<03:35,  2.07it/s]
Extract:  23%|##3       | 133/578 [00:55<03:46,  1.97it/s]
Extract:  23%|##3       | 134/578 [00:55<03:11,  2.31it/s]
Extract:  23%|##3       | 135/578 [00:55<02:49,  2.62it/s]
Extract:  24%|##3       | 136/578 [00:56<02:32,  2.89it/s]
Extract:  24%|##3       | 137/578 [00:56<03:36,  2.03it/s]
Extract:  24%|##3       | 138/578 [00:57<04:25,  1.66it/s]
Extract:  24%|##4       | 139/578 [00:58<04:19,  1.69it/s]
Extract:  24%|##4       | 141/578 [00:58<02:35,  2.80it/s]
Extract:  25%|##4       | 143/578 [00:58<01:43,  4.22it/s]
Extract:  25%|##5       | 145/578 [00:58<01:14,  5.84it/s]
Extract:  25%|##5       | 147/578 [01:00<02:26,  2.94it/s]
Extract:  26%|##5       | 148/578 [01:00<02:22,  3.02it/s]
Extract:  26%|##5       | 149/578 [01:01<03:53,  1.83it/s]
Extract:  26%|##5       | 150/578 [01:02<03:25,  2.08it/s]
Extract:  26%|##6       | 152/578 [01:02<02:13,  3.18it/s]
Extract:  26%|##6       | 153/578 [01:03<03:15,  2.18it/s]
Extract:  27%|##6       | 154/578 [01:03<02:46,  2.54it/s]
Extract:  27%|##6       | 155/578 [01:04<03:24,  2.06it/s]
Extract:  27%|##7       | 157/578 [01:04<02:18,  3.03it/s]
Extract:  27%|##7       | 158/578 [01:04<02:02,  3.42it/s]
Extract:  28%|##7       | 159/578 [01:04<01:42,  4.07it/s]
Extract:  28%|##7       | 160/578 [01:05<02:07,  3.27it/s]
Extract:  28%|##8       | 162/578 [01:05<01:29,  4.63it/s]
Extract:  28%|##8       | 163/578 [01:06<02:51,  2.42it/s]
Extract:  28%|##8       | 164/578 [01:06<02:27,  2.80it/s]
Extract:  29%|##8       | 165/578 [01:06<02:17,  2.99it/s]
Extract:  29%|##8       | 166/578 [01:07<02:11,  3.12it/s]
Extract:  29%|##8       | 167/578 [01:07<03:18,  2.07it/s]
Extract:  29%|##9       | 168/578 [01:08<02:49,  2.42it/s]
Extract:  29%|##9       | 169/578 [01:08<02:31,  2.70it/s]
Extract:  29%|##9       | 170/578 [01:08<02:17,  2.96it/s]
Extract:  30%|##9       | 171/578 [01:08<01:53,  3.60it/s]
Extract:  30%|##9       | 172/578 [01:09<03:18,  2.04it/s]
Extract:  30%|##9       | 173/578 [01:10<04:17,  1.57it/s]
Extract:  30%|###       | 174/578 [01:11<03:35,  1.88it/s]
Extract:  30%|###       | 175/578 [01:11<02:48,  2.39it/s]
Extract:  30%|###       | 176/578 [01:11<02:16,  2.94it/s]
Extract:  31%|###       | 177/578 [01:12<03:27,  1.94it/s]
Extract:  31%|###       | 178/578 [01:12<02:58,  2.24it/s]
Extract:  31%|###       | 179/578 [01:12<02:34,  2.59it/s]
Extract:  31%|###1      | 180/578 [01:13<03:16,  2.02it/s]
Extract:  31%|###1      | 181/578 [01:14<03:55,  1.69it/s]
Extract:  31%|###1      | 182/578 [01:14<03:29,  1.89it/s]
Extract:  32%|###1      | 184/578 [01:15<02:41,  2.44it/s]
Extract:  32%|###2      | 185/578 [01:16<03:37,  1.81it/s]
Extract:  32%|###2      | 186/578 [01:16<03:13,  2.03it/s]
Extract:  33%|###2      | 188/578 [01:17<02:28,  2.63it/s]
Extract:  33%|###2      | 189/578 [01:18<04:28,  1.45it/s]
Extract:  33%|###3      | 191/578 [01:19<03:52,  1.67it/s]
Extract:  33%|###3      | 192/578 [01:19<03:19,  1.94it/s]
Extract:  33%|###3      | 193/578 [01:20<02:46,  2.32it/s]
Extract:  34%|###3      | 194/578 [01:20<02:17,  2.79it/s]
Extract:  34%|###3      | 195/578 [01:20<01:55,  3.32it/s]
Extract:  34%|###4      | 197/578 [01:21<02:30,  2.53it/s]
Extract:  34%|###4      | 198/578 [01:21<02:31,  2.50it/s]
Extract:  35%|###4      | 201/578 [01:23<02:25,  2.60it/s]
Extract:  35%|###4      | 202/578 [01:23<02:30,  2.49it/s]
Extract:  35%|###5      | 203/578 [01:24<03:20,  1.87it/s]
Extract:  35%|###5      | 205/578 [01:24<02:13,  2.79it/s]
Extract:  36%|###5      | 206/578 [01:24<02:03,  3.01it/s]
Extract:  36%|###5      | 207/578 [01:25<02:27,  2.52it/s]
Extract:  36%|###6      | 209/578 [01:25<01:44,  3.52it/s]
Extract:  36%|###6      | 210/578 [01:26<01:46,  3.45it/s]
Extract:  37%|###6      | 212/578 [01:27<02:16,  2.68it/s]
Extract:  37%|###6      | 213/578 [01:27<02:10,  2.80it/s]
Extract:  37%|###7      | 214/578 [01:27<02:34,  2.36it/s]
Extract:  37%|###7      | 215/578 [01:28<02:57,  2.04it/s]
Extract:  37%|###7      | 216/578 [01:28<02:20,  2.58it/s]
Extract:  38%|###7      | 217/578 [01:29<02:11,  2.74it/s]
Extract:  38%|###7      | 219/578 [01:29<01:24,  4.24it/s]
Extract:  38%|###8      | 220/578 [01:29<01:19,  4.48it/s]
Extract:  38%|###8      | 221/578 [01:29<01:17,  4.63it/s]
Extract:  39%|###8      | 223/578 [01:29<01:05,  5.39it/s]
Extract:  39%|###8      | 224/578 [01:30<01:05,  5.39it/s]
Extract:  39%|###8      | 225/578 [01:30<02:01,  2.90it/s]
Extract:  39%|###9      | 226/578 [01:31<02:13,  2.63it/s]
Extract:  39%|###9      | 227/578 [01:31<02:02,  2.87it/s]
Extract:  39%|###9      | 228/578 [01:31<01:38,  3.56it/s]
Extract:  40%|###9      | 229/578 [01:32<01:47,  3.23it/s]
Extract:  40%|###9      | 230/578 [01:32<02:25,  2.39it/s]
Extract:  40%|###9      | 231/578 [01:33<02:37,  2.20it/s]
Extract:  40%|####      | 232/578 [01:33<02:21,  2.45it/s]
Extract:  40%|####      | 233/578 [01:33<02:00,  2.86it/s]
Extract:  40%|####      | 234/578 [01:34<01:54,  3.00it/s]
Extract:  41%|####      | 235/578 [01:34<01:47,  3.19it/s]
Extract:  41%|####      | 236/578 [01:35<02:55,  1.95it/s]
Extract:  41%|####1     | 237/578 [01:36<03:27,  1.65it/s]
Extract:  41%|####1     | 239/578 [01:36<02:08,  2.63it/s]
Extract:  42%|####1     | 240/578 [01:36<01:57,  2.88it/s]
Extract:  42%|####1     | 242/578 [01:36<01:18,  4.28it/s]
Extract:  42%|####2     | 244/578 [01:37<01:40,  3.32it/s]
Extract:  42%|####2     | 245/578 [01:37<01:32,  3.59it/s]
Extract:  43%|####2     | 246/578 [01:37<01:20,  4.10it/s]
Extract:  43%|####2     | 247/578 [01:39<02:29,  2.21it/s]
Extract:  43%|####2     | 248/578 [01:39<02:33,  2.15it/s]
Extract:  43%|####3     | 249/578 [01:39<02:12,  2.48it/s]
Extract:  43%|####3     | 250/578 [01:40<01:57,  2.80it/s]
Extract:  43%|####3     | 251/578 [01:40<01:54,  2.85it/s]
Extract:  44%|####3     | 252/578 [01:40<01:32,  3.53it/s]
Extract:  44%|####3     | 253/578 [01:40<01:19,  4.11it/s]
Extract:  44%|####4     | 255/578 [01:41<01:24,  3.80it/s]
Extract:  44%|####4     | 256/578 [01:42<02:08,  2.50it/s]
Extract:  44%|####4     | 257/578 [01:42<01:48,  2.95it/s]
Extract:  45%|####4     | 258/578 [01:42<01:33,  3.44it/s]
Extract:  45%|####4     | 259/578 [01:42<01:23,  3.81it/s]
Extract:  45%|####4     | 260/578 [01:42<01:13,  4.31it/s]
Extract:  45%|####5     | 261/578 [01:42<01:08,  4.61it/s]
Extract:  45%|####5     | 262/578 [01:43<01:44,  3.03it/s]
Extract:  46%|####5     | 263/578 [01:44<02:35,  2.02it/s]
Extract:  46%|####5     | 264/578 [01:44<02:02,  2.57it/s]
Extract:  46%|####5     | 265/578 [01:45<02:20,  2.23it/s]
Extract:  46%|####6     | 266/578 [01:45<02:21,  2.20it/s]
Extract:  46%|####6     | 267/578 [01:46<02:52,  1.81it/s]
Extract:  46%|####6     | 268/578 [01:46<02:19,  2.22it/s]
Extract:  47%|####6     | 269/578 [01:47<02:41,  1.92it/s]
Extract:  47%|####6     | 271/578 [01:47<01:37,  3.14it/s]
Extract:  47%|####7     | 273/578 [01:48<01:56,  2.62it/s]
Extract:  47%|####7     | 274/578 [01:49<02:49,  1.79it/s]
Extract:  48%|####7     | 275/578 [01:51<03:59,  1.26it/s]
Extract:  48%|####7     | 276/578 [01:51<03:24,  1.48it/s]
Extract:  48%|####7     | 277/578 [01:51<02:43,  1.84it/s]
Extract:  48%|####8     | 279/578 [01:51<01:38,  3.03it/s]
Extract:  48%|####8     | 280/578 [01:52<02:03,  2.42it/s]
Extract:  49%|####8     | 282/578 [01:52<01:28,  3.34it/s]
Extract:  49%|####8     | 283/578 [01:53<01:43,  2.84it/s]
Extract:  49%|####9     | 284/578 [01:53<01:26,  3.41it/s]
Extract:  49%|####9     | 285/578 [01:53<01:28,  3.29it/s]
Extract:  49%|####9     | 286/578 [01:54<01:37,  2.98it/s]
Extract:  50%|####9     | 287/578 [01:54<01:30,  3.22it/s]
Extract:  50%|####9     | 288/578 [01:54<01:22,  3.50it/s]
Extract:  50%|#####     | 289/578 [01:54<01:35,  3.03it/s]
Extract:  50%|#####     | 290/578 [01:55<02:28,  1.94it/s]
Extract:  50%|#####     | 291/578 [01:56<02:02,  2.35it/s]
Extract:  51%|#####     | 292/578 [01:56<01:35,  3.00it/s]
Extract:  51%|#####     | 294/578 [01:56<01:13,  3.87it/s]
Extract:  51%|#####1    | 295/578 [01:57<02:03,  2.29it/s]
Extract:  51%|#####1    | 296/578 [01:57<01:49,  2.57it/s]
Extract:  51%|#####1    | 297/578 [01:58<02:35,  1.81it/s]
Extract:  52%|#####1    | 299/578 [01:59<01:42,  2.71it/s]
Extract:  52%|#####1    | 300/578 [01:59<01:33,  2.97it/s]
Extract:  52%|#####2    | 301/578 [01:59<01:48,  2.55it/s]
Extract:  52%|#####2    | 302/578 [02:00<01:28,  3.11it/s]
Extract:  52%|#####2    | 303/578 [02:00<01:13,  3.72it/s]
Extract:  53%|#####2    | 304/578 [02:01<02:25,  1.88it/s]
Extract:  53%|#####2    | 305/578 [02:01<02:11,  2.08it/s]
Extract:  53%|#####3    | 307/578 [02:02<02:01,  2.24it/s]
Extract:  53%|#####3    | 308/578 [02:03<02:48,  1.60it/s]
Extract:  53%|#####3    | 309/578 [02:04<03:06,  1.44it/s]
Extract:  54%|#####3    | 310/578 [02:04<02:45,  1.62it/s]
Extract:  54%|#####3    | 311/578 [02:05<03:14,  1.37it/s]
Extract:  54%|#####3    | 312/578 [02:07<03:43,  1.19it/s]
Extract:  54%|#####4    | 313/578 [02:07<03:06,  1.42it/s]
Extract:  54%|#####4    | 314/578 [02:08<03:03,  1.44it/s]
Extract:  54%|#####4    | 315/578 [02:08<02:17,  1.91it/s]
Extract:  55%|#####4    | 316/578 [02:08<02:23,  1.82it/s]
Extract:  55%|#####5    | 318/578 [02:09<02:17,  1.89it/s]
Extract:  55%|#####5    | 319/578 [02:10<02:11,  1.97it/s]
Extract:  55%|#####5    | 320/578 [02:11<02:39,  1.62it/s]
Extract:  56%|#####5    | 321/578 [02:11<02:14,  1.91it/s]
Extract:  56%|#####5    | 322/578 [02:12<02:17,  1.86it/s]
Extract:  56%|#####5    | 323/578 [02:12<02:04,  2.04it/s]
Extract:  56%|#####6    | 325/578 [02:12<01:28,  2.85it/s]
Extract:  56%|#####6    | 326/578 [02:13<01:38,  2.56it/s]
Extract:  57%|#####6    | 327/578 [02:13<01:25,  2.95it/s]
Extract:  57%|#####6    | 328/578 [02:14<01:35,  2.60it/s]
Extract:  57%|#####6    | 329/578 [02:14<01:17,  3.22it/s]
Extract:  57%|#####7    | 330/578 [02:14<01:15,  3.27it/s]
Extract:  57%|#####7    | 331/578 [02:14<01:21,  3.02it/s]
Extract:  57%|#####7    | 332/578 [02:15<01:41,  2.41it/s]
Extract:  58%|#####7    | 333/578 [02:15<01:19,  3.06it/s]
Extract:  58%|#####7    | 334/578 [02:15<01:07,  3.61it/s]
Extract:  58%|#####7    | 335/578 [02:15<01:03,  3.81it/s]
Extract:  58%|#####8    | 336/578 [02:16<00:52,  4.64it/s]
Extract:  58%|#####8    | 337/578 [02:16<00:57,  4.19it/s]
Extract:  59%|#####8    | 339/578 [02:16<00:52,  4.57it/s]
Extract:  59%|#####8    | 340/578 [02:17<00:56,  4.21it/s]
Extract:  59%|#####8    | 341/578 [02:17<00:57,  4.10it/s]
Extract:  59%|#####9    | 342/578 [02:17<01:09,  3.40it/s]
Extract:  60%|#####9    | 344/578 [02:19<02:11,  1.78it/s]
Extract:  60%|#####9    | 345/578 [02:19<01:51,  2.08it/s]
Extract:  60%|#####9    | 346/578 [02:19<01:32,  2.50it/s]
Extract:  60%|######    | 347/578 [02:20<01:19,  2.92it/s]
Extract:  60%|######    | 348/578 [02:20<01:06,  3.45it/s]
Extract:  60%|######    | 349/578 [02:21<02:00,  1.91it/s]
Extract:  61%|######    | 350/578 [02:21<01:47,  2.12it/s]
Extract:  61%|######    | 351/578 [02:23<02:39,  1.43it/s]
Extract:  61%|######    | 352/578 [02:23<02:03,  1.82it/s]
Extract:  61%|######1   | 353/578 [02:23<02:01,  1.85it/s]
Extract:  61%|######1   | 355/578 [02:24<01:20,  2.77it/s]
Extract:  62%|######1   | 356/578 [02:24<01:52,  1.98it/s]
Extract:  62%|######1   | 357/578 [02:25<01:55,  1.91it/s]
Extract:  62%|######1   | 358/578 [02:25<01:31,  2.41it/s]
Extract:  62%|######2   | 359/578 [02:26<01:31,  2.38it/s]
Extract:  62%|######2   | 360/578 [02:26<01:36,  2.26it/s]
Extract:  62%|######2   | 361/578 [02:26<01:20,  2.69it/s]
Extract:  63%|######2   | 362/578 [02:27<02:03,  1.75it/s]
Extract:  63%|######2   | 363/578 [02:28<01:38,  2.19it/s]
Extract:  63%|######2   | 364/578 [02:28<01:21,  2.63it/s]
Extract:  63%|######3   | 365/578 [02:28<01:25,  2.49it/s]
Extract:  63%|######3   | 366/578 [02:29<01:31,  2.33it/s]
Extract:  63%|######3   | 367/578 [02:30<02:07,  1.66it/s]
Extract:  64%|######3   | 368/578 [02:30<01:58,  1.77it/s]
Extract:  64%|######3   | 369/578 [02:32<02:57,  1.18it/s]
Extract:  64%|######4   | 370/578 [02:32<02:10,  1.59it/s]
Extract:  64%|######4   | 371/578 [02:32<01:40,  2.06it/s]
Extract:  65%|######4   | 373/578 [02:33<01:33,  2.19it/s]
Extract:  65%|######4   | 374/578 [02:33<01:24,  2.41it/s]
Extract:  65%|######4   | 375/578 [02:33<01:08,  2.97it/s]
Extract:  65%|######5   | 376/578 [02:34<01:19,  2.54it/s]
Extract:  65%|######5   | 377/578 [02:34<01:29,  2.24it/s]
Extract:  65%|######5   | 378/578 [02:35<01:17,  2.57it/s]
Extract:  66%|######5   | 379/578 [02:35<01:10,  2.82it/s]
Extract:  66%|######5   | 380/578 [02:36<01:33,  2.13it/s]
Extract:  66%|######5   | 381/578 [02:36<01:25,  2.31it/s]
Extract:  66%|######6   | 382/578 [02:37<01:50,  1.78it/s]
Extract:  66%|######6   | 383/578 [02:37<01:34,  2.06it/s]
Extract:  66%|######6   | 384/578 [02:39<02:42,  1.19it/s]
Extract:  67%|######6   | 386/578 [02:39<01:42,  1.88it/s]
Extract:  67%|######6   | 387/578 [02:40<01:38,  1.93it/s]
Extract:  67%|######7   | 388/578 [02:40<01:19,  2.39it/s]
Extract:  67%|######7   | 390/578 [02:40<00:56,  3.32it/s]
Extract:  68%|######7   | 391/578 [02:40<00:55,  3.34it/s]
Extract:  68%|######7   | 392/578 [02:41<00:57,  3.25it/s]
Extract:  68%|######7   | 393/578 [02:41<01:09,  2.65it/s]
Extract:  68%|######8   | 394/578 [02:42<01:10,  2.62it/s]
Extract:  68%|######8   | 395/578 [02:42<01:15,  2.42it/s]
Extract:  69%|######8   | 397/578 [02:43<01:03,  2.86it/s]
Extract:  69%|######8   | 398/578 [02:43<00:55,  3.24it/s]
Extract:  69%|######9   | 399/578 [02:43<00:52,  3.40it/s]
Extract:  69%|######9   | 400/578 [02:43<00:45,  3.94it/s]
Extract:  69%|######9   | 401/578 [02:43<00:38,  4.56it/s]
Extract:  70%|######9   | 402/578 [02:44<00:38,  4.55it/s]
Extract:  70%|######9   | 403/578 [02:44<00:37,  4.71it/s]
Extract:  70%|######9   | 404/578 [02:44<00:34,  5.00it/s]
Extract:  70%|#######   | 405/578 [02:44<00:34,  5.06it/s]
Extract:  70%|#######   | 406/578 [02:45<00:51,  3.33it/s]
Extract:  70%|#######   | 407/578 [02:45<01:13,  2.33it/s]
Extract:  71%|#######   | 408/578 [02:47<02:01,  1.40it/s]
Extract:  71%|#######   | 409/578 [02:47<01:31,  1.86it/s]
Extract:  71%|#######   | 410/578 [02:47<01:24,  1.98it/s]
Extract:  71%|#######1  | 412/578 [02:48<01:03,  2.63it/s]
Extract:  71%|#######1  | 413/578 [02:49<01:19,  2.06it/s]
Extract:  72%|#######1  | 414/578 [02:49<01:03,  2.58it/s]
Extract:  72%|#######1  | 415/578 [02:49<00:55,  2.92it/s]
Extract:  72%|#######1  | 416/578 [02:49<00:57,  2.82it/s]
Extract:  72%|#######2  | 417/578 [02:50<00:49,  3.22it/s]
Extract:  72%|#######2  | 418/578 [02:50<00:53,  3.00it/s]
Extract:  72%|#######2  | 419/578 [02:50<01:02,  2.56it/s]
Extract:  73%|#######2  | 420/578 [02:51<00:49,  3.22it/s]
Extract:  73%|#######2  | 421/578 [02:52<01:31,  1.71it/s]
Extract:  73%|#######3  | 423/578 [02:52<00:53,  2.92it/s]
Extract:  73%|#######3  | 424/578 [02:52<00:59,  2.60it/s]
Extract:  74%|#######3  | 425/578 [02:53<01:20,  1.90it/s]
Extract:  74%|#######3  | 426/578 [02:54<01:20,  1.90it/s]
Extract:  74%|#######3  | 427/578 [02:55<01:50,  1.37it/s]
Extract:  74%|#######4  | 428/578 [02:56<02:11,  1.14it/s]
Extract:  74%|#######4  | 429/578 [02:57<02:17,  1.09it/s]
Extract:  75%|#######4  | 431/578 [02:58<01:26,  1.69it/s]
Extract:  75%|#######4  | 432/578 [02:58<01:20,  1.80it/s]
Extract:  75%|#######4  | 433/578 [02:58<01:09,  2.10it/s]
Extract:  75%|#######5  | 434/578 [03:01<02:46,  1.16s/it]
Extract:  75%|#######5  | 435/578 [03:02<02:14,  1.07it/s]
Extract:  75%|#######5  | 436/578 [03:02<01:42,  1.38it/s]
Extract:  76%|#######5  | 437/578 [03:02<01:28,  1.60it/s]
Extract:  76%|#######5  | 438/578 [03:03<01:18,  1.78it/s]
Extract:  76%|#######5  | 439/578 [03:03<01:21,  1.71it/s]
Extract:  76%|#######6  | 440/578 [03:04<01:01,  2.26it/s]
Extract:  76%|#######6  | 441/578 [03:05<01:31,  1.50it/s]
Extract:  76%|#######6  | 442/578 [03:05<01:17,  1.77it/s]
Extract:  77%|#######6  | 443/578 [03:05<01:03,  2.12it/s]
Extract:  77%|#######6  | 444/578 [03:06<00:55,  2.43it/s]
Extract:  77%|#######6  | 445/578 [03:07<01:21,  1.63it/s]
Extract:  77%|#######7  | 447/578 [03:07<00:52,  2.49it/s]
Extract:  78%|#######7  | 448/578 [03:07<00:43,  2.98it/s]
Extract:  78%|#######7  | 449/578 [03:07<00:37,  3.43it/s]
Extract:  78%|#######7  | 450/578 [03:09<01:09,  1.83it/s]
Extract:  78%|#######8  | 451/578 [03:10<01:32,  1.38it/s]
Extract:  78%|#######8  | 452/578 [03:10<01:14,  1.70it/s]
Extract:  78%|#######8  | 453/578 [03:10<00:58,  2.14it/s]
Extract:  79%|#######8  | 454/578 [03:10<00:50,  2.46it/s]
Extract:  79%|#######8  | 455/578 [03:11<00:42,  2.86it/s]
Extract:  79%|#######8  | 456/578 [03:11<00:38,  3.16it/s]
Extract:  79%|#######9  | 458/578 [03:12<00:42,  2.82it/s]
Extract:  79%|#######9  | 459/578 [03:12<00:36,  3.25it/s]
Extract:  80%|#######9  | 461/578 [03:12<00:30,  3.82it/s]
Extract:  80%|#######9  | 462/578 [03:12<00:29,  3.88it/s]
Extract:  80%|########  | 463/578 [03:13<00:41,  2.75it/s]
Extract:  80%|########  | 465/578 [03:13<00:29,  3.85it/s]
Extract:  81%|########  | 466/578 [03:14<00:34,  3.21it/s]
Extract:  81%|########  | 467/578 [03:15<00:47,  2.34it/s]
Extract:  81%|########  | 468/578 [03:16<01:08,  1.60it/s]
Extract:  81%|########1 | 469/578 [03:16<00:56,  1.92it/s]
Extract:  81%|########1 | 470/578 [03:17<00:54,  1.97it/s]
Extract:  81%|########1 | 471/578 [03:17<00:59,  1.80it/s]
Extract:  82%|########1 | 472/578 [03:18<01:00,  1.75it/s]
Extract:  82%|########1 | 473/578 [03:18<00:52,  2.00it/s]
Extract:  82%|########2 | 474/578 [03:19<00:51,  2.01it/s]
Extract:  82%|########2 | 475/578 [03:19<00:44,  2.31it/s]
Extract:  82%|########2 | 476/578 [03:21<01:26,  1.18it/s]
Extract:  83%|########2 | 477/578 [03:21<01:09,  1.45it/s]
Extract:  83%|########2 | 478/578 [03:21<00:54,  1.83it/s]
Extract:  83%|########2 | 479/578 [03:22<00:49,  2.01it/s]
Extract:  83%|########3 | 480/578 [03:22<00:42,  2.29it/s]
Extract:  83%|########3 | 481/578 [03:23<00:46,  2.08it/s]
Extract:  83%|########3 | 482/578 [03:23<00:37,  2.55it/s]
Extract:  84%|########3 | 483/578 [03:23<00:33,  2.83it/s]
Extract:  84%|########3 | 484/578 [03:23<00:29,  3.17it/s]
Extract:  84%|########3 | 485/578 [03:23<00:24,  3.72it/s]
Extract:  84%|########4 | 486/578 [03:24<00:22,  4.15it/s]
Extract:  84%|########4 | 487/578 [03:24<00:29,  3.14it/s]
Extract:  84%|########4 | 488/578 [03:24<00:24,  3.65it/s]
Extract:  85%|########4 | 489/578 [03:27<01:23,  1.06it/s]
Extract:  85%|########4 | 490/578 [03:27<01:06,  1.32it/s]
Extract:  85%|########4 | 491/578 [03:28<01:01,  1.41it/s]
Extract:  85%|########5 | 492/578 [03:28<01:00,  1.43it/s]
Extract:  85%|########5 | 493/578 [03:29<00:53,  1.59it/s]
Extract:  85%|########5 | 494/578 [03:29<00:49,  1.70it/s]
Extract:  86%|########5 | 495/578 [03:29<00:37,  2.21it/s]
Extract:  86%|########5 | 496/578 [03:30<00:29,  2.79it/s]
Extract:  86%|########5 | 497/578 [03:30<00:23,  3.49it/s]
Extract:  86%|########6 | 498/578 [03:31<00:43,  1.83it/s]
Extract:  86%|########6 | 499/578 [03:31<00:34,  2.32it/s]
Extract:  87%|########6 | 501/578 [03:31<00:23,  3.26it/s]
Extract:  87%|########7 | 503/578 [03:32<00:17,  4.37it/s]
Extract:  87%|########7 | 504/578 [03:32<00:23,  3.08it/s]
Extract:  87%|########7 | 505/578 [03:33<00:39,  1.85it/s]
Extract:  88%|########7 | 507/578 [03:34<00:32,  2.18it/s]
Extract:  88%|########7 | 508/578 [03:35<00:31,  2.20it/s]
Extract:  88%|########8 | 509/578 [03:35<00:25,  2.70it/s]
Extract:  88%|########8 | 510/578 [03:35<00:29,  2.29it/s]
Extract:  88%|########8 | 511/578 [03:36<00:25,  2.60it/s]
Extract:  89%|########8 | 512/578 [03:36<00:27,  2.39it/s]
Extract:  89%|########8 | 514/578 [03:36<00:18,  3.56it/s]
Extract:  89%|########9 | 515/578 [03:37<00:23,  2.69it/s]
Extract:  89%|########9 | 516/578 [03:38<00:34,  1.82it/s]
Extract:  89%|########9 | 517/578 [03:38<00:31,  1.95it/s]
Extract:  90%|########9 | 518/578 [03:39<00:24,  2.42it/s]
Extract:  90%|########9 | 519/578 [03:39<00:25,  2.28it/s]
Extract:  90%|########9 | 520/578 [03:39<00:23,  2.49it/s]
Extract:  90%|######### | 522/578 [03:40<00:16,  3.31it/s]
Extract:  90%|######### | 523/578 [03:40<00:18,  2.94it/s]
Extract:  91%|######### | 524/578 [03:40<00:17,  3.01it/s]
Extract:  91%|######### | 525/578 [03:41<00:14,  3.55it/s]
Extract:  91%|#########1| 526/578 [03:42<00:28,  1.86it/s]
Extract:  91%|#########1| 527/578 [03:42<00:21,  2.38it/s]
Extract:  91%|#########1| 528/578 [03:42<00:18,  2.71it/s]
Extract:  92%|#########1| 529/578 [03:43<00:17,  2.78it/s]
Extract:  92%|#########1| 530/578 [03:43<00:17,  2.74it/s]
Extract:  92%|#########1| 531/578 [03:43<00:15,  3.03it/s]
Extract:  92%|#########2| 532/578 [03:43<00:14,  3.21it/s]
Extract:  92%|#########2| 533/578 [03:44<00:12,  3.49it/s]
Extract:  92%|#########2| 534/578 [03:44<00:15,  2.82it/s]
Extract:  93%|#########2| 535/578 [03:44<00:13,  3.15it/s]
Extract:  93%|#########2| 537/578 [03:45<00:11,  3.50it/s]
Extract:  93%|#########3| 538/578 [03:45<00:14,  2.76it/s]
Extract:  93%|#########3| 539/578 [03:46<00:11,  3.27it/s]
Extract:  93%|#########3| 540/578 [03:46<00:17,  2.21it/s]
Extract:  94%|#########3| 541/578 [03:47<00:16,  2.22it/s]
Extract:  94%|#########3| 543/578 [03:47<00:12,  2.76it/s]
Extract:  94%|#########4| 545/578 [03:48<00:08,  3.98it/s]
Extract:  94%|#########4| 546/578 [03:49<00:14,  2.28it/s]
Extract:  95%|#########4| 547/578 [03:51<00:28,  1.09it/s]
Extract:  95%|#########4| 548/578 [03:51<00:21,  1.39it/s]
Extract:  95%|#########5| 550/578 [03:51<00:12,  2.20it/s]
Extract:  95%|#########5| 551/578 [03:52<00:10,  2.63it/s]
Extract:  96%|#########5| 553/578 [03:53<00:11,  2.14it/s]
Extract:  96%|#########5| 554/578 [03:54<00:15,  1.56it/s]
Extract:  96%|#########6| 555/578 [03:55<00:18,  1.28it/s]
Extract:  96%|#########6| 556/578 [03:56<00:16,  1.36it/s]
Extract:  96%|#########6| 557/578 [03:56<00:14,  1.44it/s]
Extract:  97%|#########6| 558/578 [03:57<00:10,  1.84it/s]
Extract:  97%|#########6| 559/578 [03:57<00:08,  2.36it/s]
Extract:  97%|#########6| 560/578 [03:58<00:11,  1.63it/s]
Extract:  97%|#########7| 561/578 [03:58<00:09,  1.72it/s]
Extract:  97%|#########7| 563/578 [03:58<00:05,  2.83it/s]
Extract:  98%|#########7| 564/578 [04:00<00:07,  1.77it/s]
Extract:  98%|#########7| 565/578 [04:01<00:10,  1.29it/s]
Extract:  98%|#########7| 566/578 [04:01<00:07,  1.56it/s]
Extract:  98%|#########8| 567/578 [04:02<00:06,  1.69it/s]
Extract:  98%|#########8| 568/578 [04:03<00:07,  1.31it/s]
Extract:  98%|#########8| 569/578 [04:03<00:05,  1.74it/s]
Extract:  99%|#########8| 570/578 [04:03<00:03,  2.14it/s]
Extract:  99%|#########8| 572/578 [04:04<00:02,  2.78it/s]
Extract:  99%|#########9| 573/578 [04:04<00:01,  3.25it/s]
Extract:  99%|#########9| 574/578 [04:04<00:01,  3.84it/s]
Extract:  99%|#########9| 575/578 [04:04<00:00,  3.28it/s]
Extract: 100%|#########9| 576/578 [04:06<00:01,  1.85it/s]
Extract: 100%|#########9| 577/578 [04:06<00:00,  2.41it/s]
Extract: 100%|##########| 578/578 [04:06<00:00,  2.35it/s]

Extract:   0%|          | 0/578 [00:00<?, ?it/s]
Extract:   0%|          | 2/578 [00:00<00:30, 18.99it/s]
Extract:   1%|          | 4/578 [00:00<00:57,  9.96it/s]
Extract:   1%|1         | 6/578 [00:00<00:59,  9.64it/s]
Extract:   1%|1         | 8/578 [00:00<01:19,  7.16it/s]
Extract:   2%|1         | 9/578 [00:01<01:30,  6.27it/s]
Extract:   2%|1         | 10/578 [00:01<01:34,  6.00it/s]
Extract:   2%|1         | 11/578 [00:01<01:36,  5.85it/s]
Extract:   2%|2         | 12/578 [00:01<02:05,  4.50it/s]
Extract:   2%|2         | 14/578 [00:02<01:51,  5.05it/s]
Extract:   3%|2         | 15/578 [00:02<02:18,  4.07it/s]
Extract:   3%|2         | 16/578 [00:02<02:02,  4.59it/s]
Extract:   3%|3         | 19/578 [00:02<01:11,  7.86it/s]
Extract:   4%|3         | 21/578 [00:03<01:45,  5.28it/s]
Extract:   4%|3         | 22/578 [00:03<01:47,  5.17it/s]
Extract:   4%|3         | 23/578 [00:04<01:59,  4.64it/s]
Extract:   4%|4         | 24/578 [00:04<01:49,  5.06it/s]
Extract:   4%|4         | 26/578 [00:04<01:22,  6.66it/s]
Extract:   5%|4         | 27/578 [00:04<02:17,  4.02it/s]
Extract:   5%|5         | 29/578 [00:05<01:46,  5.16it/s]
Extract:   5%|5         | 30/578 [00:05<01:41,  5.39it/s]
Extract:   5%|5         | 31/578 [00:05<01:47,  5.07it/s]
Extract:   6%|5         | 33/578 [00:05<01:17,  7.06it/s]
Extract:   6%|6         | 35/578 [00:05<01:03,  8.62it/s]
Extract:   6%|6         | 37/578 [00:06<01:03,  8.49it/s]
Extract:   7%|6         | 38/578 [00:06<01:05,  8.29it/s]
Extract:   7%|6         | 40/578 [00:06<00:57,  9.39it/s]
Extract:   7%|7         | 42/578 [00:06<01:18,  6.82it/s]
Extract:   7%|7         | 43/578 [00:07<01:37,  5.49it/s]
Extract:   8%|7         | 46/578 [00:07<01:06,  8.00it/s]
Extract:   8%|8         | 48/578 [00:07<00:58,  9.03it/s]
Extract:   9%|8         | 50/578 [00:07<01:16,  6.86it/s]
Extract:   9%|8         | 51/578 [00:08<01:26,  6.09it/s]
Extract:   9%|8         | 52/578 [00:08<01:47,  4.89it/s]
Extract:   9%|9         | 54/578 [00:08<01:39,  5.29it/s]
Extract:  10%|9         | 55/578 [00:09<01:34,  5.52it/s]
Extract:  10%|9         | 57/578 [00:09<01:13,  7.06it/s]
Extract:  10%|#         | 58/578 [00:09<01:24,  6.18it/s]
Extract:  10%|#         | 59/578 [00:09<01:40,  5.17it/s]
Extract:  10%|#         | 60/578 [00:09<01:49,  4.73it/s]
Extract:  11%|#         | 61/578 [00:10<01:54,  4.52it/s]
Extract:  11%|#         | 63/578 [00:10<01:19,  6.51it/s]
Extract:  11%|#1        | 64/578 [00:10<01:29,  5.73it/s]
Extract:  11%|#1        | 65/578 [00:10<01:43,  4.94it/s]
Extract:  12%|#1        | 67/578 [00:11<01:44,  4.87it/s]
Extract:  12%|#1        | 69/578 [00:11<01:27,  5.79it/s]
Extract:  12%|#2        | 71/578 [00:11<01:09,  7.26it/s]
Extract:  12%|#2        | 72/578 [00:11<01:06,  7.55it/s]
Extract:  13%|#2        | 73/578 [00:12<01:28,  5.73it/s]
Extract:  13%|#2        | 75/578 [00:12<01:04,  7.74it/s]
Extract:  13%|#3        | 77/578 [00:12<01:23,  6.00it/s]
Extract:  14%|#3        | 80/578 [00:12<00:59,  8.44it/s]
Extract:  14%|#4        | 82/578 [00:13<00:53,  9.35it/s]
Extract:  15%|#4        | 84/578 [00:13<01:14,  6.65it/s]
Extract:  15%|#4        | 86/578 [00:13<01:03,  7.77it/s]
Extract:  15%|#5        | 89/578 [00:14<01:08,  7.12it/s]
Extract:  16%|#5        | 90/578 [00:14<01:06,  7.29it/s]
Extract:  16%|#5        | 91/578 [00:14<01:24,  5.78it/s]
Extract:  16%|#5        | 92/578 [00:15<01:54,  4.23it/s]
Extract:  16%|#6        | 94/578 [00:15<01:35,  5.09it/s]
Extract:  17%|#6        | 96/578 [00:15<01:40,  4.79it/s]
Extract:  17%|#6        | 98/578 [00:16<01:25,  5.59it/s]
Extract:  17%|#7        | 100/578 [00:16<01:15,  6.29it/s]
Extract:  17%|#7        | 101/578 [00:16<01:13,  6.46it/s]
Extract:  18%|#7        | 104/578 [00:16<00:48,  9.70it/s]
Extract:  18%|#8        | 106/578 [00:16<01:00,  7.81it/s]
Extract:  19%|#8        | 108/578 [00:17<01:30,  5.17it/s]
Extract:  19%|#9        | 110/578 [00:17<01:13,  6.34it/s]
Extract:  19%|#9        | 111/578 [00:17<01:10,  6.62it/s]
Extract:  20%|#9        | 114/578 [00:18<00:51,  9.07it/s]
Extract:  20%|##        | 116/578 [00:18<00:48,  9.44it/s]
Extract:  20%|##        | 118/578 [00:18<00:52,  8.69it/s]
Extract:  21%|##        | 120/578 [00:19<01:16,  5.99it/s]
Extract:  21%|##        | 121/578 [00:19<01:39,  4.58it/s]
Extract:  21%|##1       | 124/578 [00:19<01:05,  6.91it/s]
Extract:  22%|##1       | 126/578 [00:20<01:18,  5.75it/s]
Extract:  22%|##2       | 128/578 [00:20<01:07,  6.66it/s]
Extract:  22%|##2       | 130/578 [00:20<01:09,  6.46it/s]
Extract:  23%|##2       | 131/578 [00:21<01:29,  4.99it/s]
Extract:  23%|##2       | 132/578 [00:21<01:24,  5.28it/s]
Extract:  23%|##3       | 133/578 [00:21<01:39,  4.47it/s]
Extract:  23%|##3       | 134/578 [00:21<01:27,  5.08it/s]
Extract:  23%|##3       | 135/578 [00:21<01:20,  5.49it/s]
Extract:  24%|##3       | 136/578 [00:21<01:14,  5.97it/s]
Extract:  24%|##3       | 137/578 [00:22<01:36,  4.59it/s]
Extract:  24%|##3       | 138/578 [00:22<01:44,  4.22it/s]
Extract:  24%|##4       | 139/578 [00:22<01:46,  4.13it/s]
Extract:  25%|##4       | 142/578 [00:23<00:57,  7.56it/s]
Extract:  25%|##5       | 146/578 [00:23<00:56,  7.69it/s]
Extract:  25%|##5       | 147/578 [00:23<00:54,  7.86it/s]
Extract:  26%|##5       | 148/578 [00:23<01:01,  6.98it/s]
Extract:  26%|##5       | 149/578 [00:24<01:12,  5.90it/s]
Extract:  26%|##6       | 151/578 [00:24<00:54,  7.89it/s]
Extract:  26%|##6       | 153/578 [00:24<01:05,  6.54it/s]
Extract:  27%|##6       | 155/578 [00:24<01:07,  6.27it/s]
Extract:  27%|##7       | 158/578 [00:25<00:48,  8.63it/s]
Extract:  28%|##7       | 160/578 [00:25<00:49,  8.53it/s]
Extract:  28%|##8       | 162/578 [00:25<00:42,  9.73it/s]
Extract:  28%|##8       | 164/578 [00:26<01:12,  5.70it/s]
Extract:  29%|##8       | 165/578 [00:26<01:07,  6.10it/s]
Extract:  29%|##8       | 167/578 [00:26<01:09,  5.95it/s]
Extract:  29%|##9       | 169/578 [00:26<00:56,  7.19it/s]
Extract:  29%|##9       | 170/578 [00:26<00:55,  7.41it/s]
Extract:  30%|##9       | 172/578 [00:27<00:53,  7.54it/s]
Extract:  30%|##9       | 173/578 [00:27<01:18,  5.16it/s]
Extract:  30%|###       | 174/578 [00:27<01:23,  4.84it/s]
Extract:  30%|###       | 176/578 [00:28<01:01,  6.54it/s]
Extract:  31%|###       | 177/578 [00:28<01:25,  4.69it/s]
Extract:  31%|###       | 179/578 [00:28<01:05,  6.06it/s]
Extract:  31%|###1      | 180/578 [00:28<01:11,  5.55it/s]
Extract:  31%|###1      | 181/578 [00:29<01:19,  4.99it/s]
Extract:  31%|###1      | 182/578 [00:29<01:12,  5.49it/s]
Extract:  32%|###1      | 184/578 [00:29<01:02,  6.35it/s]
Extract:  32%|###2      | 185/578 [00:29<01:28,  4.46it/s]
Extract:  32%|###2      | 186/578 [00:30<01:17,  5.06it/s]
Extract:  33%|###2      | 188/578 [00:30<00:58,  6.69it/s]
Extract:  33%|###2      | 189/578 [00:30<01:19,  4.86it/s]
Extract:  33%|###3      | 191/578 [00:30<01:13,  5.29it/s]
Extract:  33%|###3      | 193/578 [00:31<00:54,  7.05it/s]
Extract:  34%|###3      | 195/578 [00:31<00:42,  9.01it/s]
Extract:  34%|###4      | 197/578 [00:31<00:55,  6.86it/s]
Extract:  34%|###4      | 199/578 [00:31<00:51,  7.30it/s]
Extract:  35%|###4      | 201/578 [00:32<01:08,  5.50it/s]
Extract:  35%|###4      | 202/578 [00:32<01:08,  5.53it/s]
Extract:  35%|###5      | 203/578 [00:33<01:27,  4.28it/s]
Extract:  36%|###5      | 206/578 [00:33<00:57,  6.50it/s]
Extract:  36%|###5      | 207/578 [00:33<01:02,  5.97it/s]
Extract:  36%|###6      | 210/578 [00:33<00:45,  8.13it/s]
Extract:  37%|###6      | 212/578 [00:33<00:47,  7.71it/s]
Extract:  37%|###7      | 214/578 [00:34<00:44,  8.15it/s]
Extract:  37%|###7      | 215/578 [00:34<00:53,  6.80it/s]
Extract:  38%|###7      | 217/578 [00:34<00:43,  8.38it/s]
Extract:  38%|###8      | 220/578 [00:34<00:31, 11.37it/s]
Extract:  39%|###8      | 223/578 [00:34<00:26, 13.65it/s]
Extract:  39%|###8      | 225/578 [00:35<00:33, 10.45it/s]
Extract:  39%|###9      | 227/578 [00:35<00:36,  9.65it/s]
Extract:  40%|###9      | 229/578 [00:35<00:34, 10.00it/s]
Extract:  40%|###9      | 231/578 [00:36<00:51,  6.71it/s]
Extract:  40%|####      | 232/578 [00:36<00:55,  6.21it/s]
Extract:  40%|####      | 233/578 [00:36<00:53,  6.49it/s]
Extract:  41%|####      | 235/578 [00:36<00:42,  8.13it/s]
Extract:  41%|####      | 236/578 [00:36<00:49,  6.86it/s]
Extract:  41%|####1     | 237/578 [00:37<00:58,  5.83it/s]
Extract:  42%|####1     | 240/578 [00:37<00:38,  8.75it/s]
Extract:  42%|####2     | 243/578 [00:37<00:28, 11.69it/s]
Extract:  42%|####2     | 245/578 [00:37<00:37,  8.99it/s]
Extract:  43%|####2     | 247/578 [00:37<00:38,  8.55it/s]
Extract:  43%|####3     | 249/578 [00:38<00:38,  8.54it/s]
Extract:  43%|####3     | 251/578 [00:38<00:35,  9.31it/s]
Extract:  44%|####3     | 253/578 [00:38<00:31, 10.38it/s]
Extract:  44%|####4     | 255/578 [00:38<00:30, 10.65it/s]
Extract:  44%|####4     | 257/578 [00:39<00:36,  8.73it/s]
Extract:  45%|####4     | 259/578 [00:39<00:33,  9.44it/s]
Extract:  45%|####5     | 261/578 [00:39<00:30, 10.52it/s]
Extract:  46%|####5     | 263/578 [00:40<00:55,  5.69it/s]
Extract:  46%|####5     | 265/578 [00:40<00:51,  6.08it/s]
Extract:  46%|####6     | 266/578 [00:40<00:52,  5.89it/s]
Extract:  46%|####6     | 267/578 [00:40<01:03,  4.86it/s]
Extract:  47%|####6     | 269/578 [00:41<01:03,  4.88it/s]
Extract:  47%|####7     | 272/578 [00:41<00:39,  7.66it/s]
Extract:  47%|####7     | 274/578 [00:42<01:09,  4.36it/s]
Extract:  48%|####7     | 275/578 [00:42<01:16,  3.97it/s]
Extract:  48%|####7     | 276/578 [00:43<01:24,  3.56it/s]
Extract:  48%|####7     | 277/578 [00:43<01:15,  4.00it/s]
Extract:  48%|####8     | 280/578 [00:43<00:58,  5.09it/s]
Extract:  49%|####8     | 282/578 [00:43<00:46,  6.31it/s]
Extract:  49%|####8     | 283/578 [00:44<00:51,  5.71it/s]
Extract:  49%|####9     | 284/578 [00:44<00:51,  5.70it/s]
Extract:  49%|####9     | 285/578 [00:44<01:05,  4.49it/s]
Extract:  49%|####9     | 286/578 [00:44<01:12,  4.05it/s]
Extract:  50%|####9     | 287/578 [00:45<01:06,  4.35it/s]
Extract:  50%|####9     | 288/578 [00:45<01:22,  3.50it/s]
Extract:  50%|#####     | 289/578 [00:45<01:29,  3.24it/s]
Extract:  50%|#####     | 290/578 [00:46<02:16,  2.11it/s]
Extract:  50%|#####     | 291/578 [00:46<01:51,  2.58it/s]
Extract:  51%|#####     | 293/578 [00:47<01:10,  4.06it/s]
Extract:  51%|#####     | 294/578 [00:47<01:07,  4.21it/s]
Extract:  51%|#####1    | 295/578 [00:48<01:51,  2.55it/s]
Extract:  51%|#####1    | 296/578 [00:48<01:37,  2.89it/s]
Extract:  51%|#####1    | 297/578 [00:49<02:09,  2.17it/s]
Extract:  52%|#####1    | 299/578 [00:49<01:24,  3.29it/s]
Extract:  52%|#####1    | 300/578 [00:49<01:17,  3.61it/s]
Extract:  52%|#####2    | 301/578 [00:50<01:32,  2.98it/s]
Extract:  52%|#####2    | 303/578 [00:50<01:05,  4.22it/s]
Extract:  53%|#####2    | 304/578 [00:51<01:53,  2.41it/s]
Extract:  53%|#####2    | 305/578 [00:51<01:43,  2.64it/s]
Extract:  53%|#####3    | 307/578 [00:52<01:39,  2.73it/s]
Extract:  53%|#####3    | 308/578 [00:52<01:44,  2.57it/s]
Extract:  53%|#####3    | 309/578 [00:53<02:08,  2.09it/s]
Extract:  54%|#####3    | 310/578 [00:53<01:54,  2.33it/s]
Extract:  54%|#####3    | 311/578 [00:54<02:49,  1.58it/s]
Extract:  54%|#####3    | 312/578 [00:55<03:06,  1.43it/s]
Extract:  54%|#####4    | 313/578 [00:56<02:28,  1.79it/s]
Extract:  54%|#####4    | 314/578 [00:56<02:21,  1.86it/s]
Extract:  55%|#####4    | 316/578 [00:57<01:51,  2.34it/s]
Extract:  55%|#####5    | 318/578 [00:57<01:47,  2.43it/s]
Extract:  55%|#####5    | 319/578 [00:58<01:43,  2.51it/s]
Extract:  55%|#####5    | 320/578 [00:58<02:05,  2.06it/s]
Extract:  56%|#####5    | 321/578 [00:59<01:44,  2.46it/s]
Extract:  56%|#####5    | 322/578 [00:59<01:42,  2.49it/s]
Extract:  56%|#####5    | 323/578 [00:59<01:32,  2.76it/s]
Extract:  56%|#####6    | 325/578 [01:00<01:04,  3.93it/s]
Extract:  56%|#####6    | 326/578 [01:00<01:10,  3.56it/s]
Extract:  57%|#####6    | 327/578 [01:00<01:03,  3.97it/s]
Extract:  57%|#####6    | 328/578 [01:00<00:59,  4.22it/s]
Extract:  57%|#####7    | 330/578 [01:01<00:48,  5.09it/s]
Extract:  57%|#####7    | 331/578 [01:01<00:53,  4.58it/s]
Extract:  57%|#####7    | 332/578 [01:01<01:09,  3.52it/s]
Extract:  58%|#####7    | 334/578 [01:02<00:50,  4.84it/s]
Extract:  58%|#####7    | 335/578 [01:02<00:48,  5.05it/s]
Extract:  58%|#####8    | 337/578 [01:02<00:42,  5.65it/s]
Extract:  59%|#####8    | 339/578 [01:02<00:42,  5.62it/s]
Extract:  59%|#####8    | 340/578 [01:03<00:43,  5.50it/s]
Extract:  59%|#####8    | 341/578 [01:03<00:43,  5.39it/s]
Extract:  59%|#####9    | 342/578 [01:03<00:54,  4.33it/s]
Extract:  60%|#####9    | 344/578 [01:04<01:05,  3.56it/s]
Extract:  60%|#####9    | 345/578 [01:04<01:00,  3.84it/s]
Extract:  60%|#####9    | 346/578 [01:04<00:52,  4.42it/s]
Extract:  60%|######    | 347/578 [01:04<00:48,  4.79it/s]
Extract:  60%|######    | 348/578 [01:04<00:43,  5.35it/s]
Extract:  60%|######    | 349/578 [01:05<01:33,  2.44it/s]
Extract:  61%|######    | 350/578 [01:06<01:23,  2.74it/s]
Extract:  61%|######    | 351/578 [01:07<01:54,  1.98it/s]
Extract:  61%|######    | 352/578 [01:07<01:29,  2.54it/s]
Extract:  61%|######1   | 353/578 [01:07<01:25,  2.64it/s]
Extract:  61%|######1   | 355/578 [01:07<00:56,  3.92it/s]
Extract:  62%|######1   | 356/578 [01:08<01:20,  2.75it/s]
Extract:  62%|######1   | 357/578 [01:08<01:24,  2.61it/s]
Extract:  62%|######2   | 359/578 [01:09<01:04,  3.41it/s]
Extract:  62%|######2   | 360/578 [01:09<01:07,  3.24it/s]
Extract:  62%|######2   | 361/578 [01:09<00:57,  3.80it/s]
Extract:  63%|######2   | 362/578 [01:10<01:31,  2.35it/s]
Extract:  63%|######2   | 363/578 [01:10<01:14,  2.89it/s]
Extract:  63%|######2   | 364/578 [01:10<01:00,  3.52it/s]
Extract:  63%|######3   | 365/578 [01:11<01:02,  3.43it/s]
Extract:  63%|######3   | 366/578 [01:11<01:05,  3.25it/s]
Extract:  63%|######3   | 367/578 [01:12<01:28,  2.37it/s]
Extract:  64%|######3   | 368/578 [01:12<01:23,  2.50it/s]
Extract:  64%|######3   | 369/578 [01:13<01:48,  1.92it/s]
Extract:  64%|######4   | 371/578 [01:13<01:06,  3.11it/s]
Extract:  65%|######4   | 373/578 [01:14<01:02,  3.29it/s]
Extract:  65%|######4   | 374/578 [01:14<00:57,  3.55it/s]
Extract:  65%|######5   | 376/578 [01:14<00:59,  3.42it/s]
Extract:  65%|######5   | 377/578 [01:15<01:02,  3.22it/s]
Extract:  65%|######5   | 378/578 [01:15<00:55,  3.64it/s]
Extract:  66%|######5   | 379/578 [01:15<00:49,  4.04it/s]
Extract:  66%|######5   | 380/578 [01:15<00:58,  3.41it/s]
Extract:  66%|######5   | 381/578 [01:16<00:52,  3.72it/s]
Extract:  66%|######6   | 382/578 [01:16<01:12,  2.70it/s]
Extract:  66%|######6   | 383/578 [01:17<01:05,  3.00it/s]
Extract:  66%|######6   | 384/578 [01:17<01:13,  2.65it/s]
Extract:  67%|######6   | 386/578 [01:17<00:53,  3.62it/s]
Extract:  67%|######6   | 387/578 [01:18<00:55,  3.44it/s]
Extract:  67%|######7   | 388/578 [01:18<00:47,  4.03it/s]
Extract:  67%|######7   | 390/578 [01:18<00:34,  5.41it/s]
Extract:  68%|######7   | 391/578 [01:18<00:34,  5.36it/s]
Extract:  68%|######7   | 392/578 [01:18<00:35,  5.26it/s]
Extract:  68%|######7   | 393/578 [01:19<00:44,  4.19it/s]
Extract:  68%|######8   | 394/578 [01:19<00:45,  4.02it/s]
Extract:  68%|######8   | 395/578 [01:19<00:50,  3.64it/s]
Extract:  69%|######8   | 397/578 [01:20<00:44,  4.05it/s]
Extract:  69%|######8   | 398/578 [01:20<00:41,  4.30it/s]
Extract:  69%|######9   | 399/578 [01:20<00:48,  3.72it/s]
Extract:  69%|######9   | 401/578 [01:21<00:34,  5.17it/s]
Extract:  70%|######9   | 402/578 [01:21<00:31,  5.52it/s]
Extract:  70%|######9   | 403/578 [01:21<00:29,  5.92it/s]
Extract:  70%|######9   | 404/578 [01:21<00:27,  6.41it/s]
Extract:  70%|#######   | 405/578 [01:21<00:26,  6.48it/s]
Extract:  70%|#######   | 406/578 [01:21<00:36,  4.70it/s]
Extract:  70%|#######   | 407/578 [01:22<00:49,  3.48it/s]
Extract:  71%|#######   | 408/578 [01:23<01:14,  2.27it/s]
Extract:  71%|#######   | 409/578 [01:23<00:57,  2.93it/s]
Extract:  71%|#######   | 410/578 [01:23<00:53,  3.14it/s]
Extract:  71%|#######1  | 412/578 [01:23<00:39,  4.22it/s]
Extract:  71%|#######1  | 413/578 [01:24<00:45,  3.63it/s]
Extract:  72%|#######1  | 415/578 [01:24<00:32,  5.02it/s]
Extract:  72%|#######1  | 416/578 [01:24<00:35,  4.55it/s]
Extract:  72%|#######2  | 417/578 [01:25<00:38,  4.19it/s]
Extract:  72%|#######2  | 418/578 [01:25<00:41,  3.84it/s]
Extract:  72%|#######2  | 419/578 [01:25<00:44,  3.54it/s]
Extract:  73%|#######2  | 421/578 [01:26<00:57,  2.74it/s]
Extract:  73%|#######3  | 424/578 [01:27<00:38,  3.98it/s]
Extract:  74%|#######3  | 425/578 [01:27<00:48,  3.18it/s]
Extract:  74%|#######3  | 426/578 [01:27<00:44,  3.43it/s]
Extract:  74%|#######3  | 427/578 [01:28<00:59,  2.54it/s]
Extract:  74%|#######4  | 428/578 [01:29<01:35,  1.56it/s]
Extract:  74%|#######4  | 429/578 [01:30<01:37,  1.52it/s]
Extract:  75%|#######4  | 431/578 [01:30<01:03,  2.33it/s]
Extract:  75%|#######4  | 432/578 [01:31<00:56,  2.57it/s]
Extract:  75%|#######4  | 433/578 [01:31<00:46,  3.14it/s]
Extract:  75%|#######5  | 434/578 [01:32<01:09,  2.06it/s]
Extract:  75%|#######5  | 435/578 [01:32<00:59,  2.42it/s]
Extract:  76%|#######5  | 437/578 [01:32<00:42,  3.35it/s]
Extract:  76%|#######5  | 438/578 [01:32<00:37,  3.70it/s]
Extract:  76%|#######5  | 439/578 [01:33<00:41,  3.35it/s]
Extract:  76%|#######6  | 441/578 [01:34<00:48,  2.81it/s]
Extract:  76%|#######6  | 442/578 [01:34<00:43,  3.13it/s]
Extract:  77%|#######6  | 443/578 [01:34<00:36,  3.65it/s]
Extract:  77%|#######6  | 444/578 [01:34<00:33,  4.05it/s]
Extract:  77%|#######6  | 445/578 [01:35<00:52,  2.55it/s]
Extract:  77%|#######7  | 447/578 [01:35<00:34,  3.83it/s]
Extract:  78%|#######7  | 448/578 [01:35<00:29,  4.48it/s]
Extract:  78%|#######7  | 449/578 [01:35<00:25,  5.16it/s]
Extract:  78%|#######7  | 450/578 [01:36<00:45,  2.79it/s]
Extract:  78%|#######8  | 451/578 [01:37<00:58,  2.16it/s]
Extract:  78%|#######8  | 452/578 [01:37<00:47,  2.63it/s]
Extract:  79%|#######8  | 454/578 [01:37<00:33,  3.66it/s]
Extract:  79%|#######8  | 455/578 [01:38<00:29,  4.16it/s]
Extract:  79%|#######8  | 456/578 [01:38<00:25,  4.75it/s]
Extract:  79%|#######9  | 458/578 [01:38<00:32,  3.66it/s]
Extract:  79%|#######9  | 459/578 [01:38<00:28,  4.16it/s]
Extract:  80%|#######9  | 461/578 [01:39<00:22,  5.23it/s]
Extract:  80%|#######9  | 462/578 [01:39<00:20,  5.63it/s]
Extract:  80%|########  | 463/578 [01:39<00:25,  4.58it/s]
Extract:  80%|########  | 465/578 [01:39<00:17,  6.34it/s]
Extract:  81%|########  | 466/578 [01:40<00:22,  4.94it/s]
Extract:  81%|########  | 467/578 [01:40<00:30,  3.60it/s]
Extract:  81%|########  | 468/578 [01:41<00:44,  2.45it/s]
Extract:  81%|########1 | 469/578 [01:41<00:37,  2.93it/s]
Extract:  81%|########1 | 470/578 [01:41<00:36,  2.98it/s]
Extract:  81%|########1 | 471/578 [01:42<00:44,  2.39it/s]
Extract:  82%|########1 | 472/578 [01:42<00:43,  2.43it/s]
Extract:  82%|########1 | 473/578 [01:43<00:37,  2.77it/s]
Extract:  82%|########2 | 474/578 [01:43<00:37,  2.76it/s]
Extract:  82%|########2 | 475/578 [01:43<00:31,  3.24it/s]
Extract:  82%|########2 | 476/578 [01:44<00:45,  2.23it/s]
Extract:  83%|########2 | 477/578 [01:44<00:37,  2.68it/s]
Extract:  83%|########2 | 478/578 [01:44<00:31,  3.20it/s]
Extract:  83%|########2 | 479/578 [01:45<00:28,  3.47it/s]
Extract:  83%|########3 | 480/578 [01:45<00:23,  4.14it/s]
Extract:  83%|########3 | 481/578 [01:45<00:22,  4.31it/s]
Extract:  83%|########3 | 482/578 [01:45<00:19,  4.87it/s]
Extract:  84%|########3 | 483/578 [01:45<00:17,  5.48it/s]
Extract:  84%|########3 | 484/578 [01:45<00:15,  6.09it/s]
Extract:  84%|########3 | 485/578 [01:45<00:13,  6.83it/s]
Extract:  84%|########4 | 486/578 [01:46<00:12,  7.51it/s]
Extract:  84%|########4 | 487/578 [01:46<00:17,  5.20it/s]
Extract:  84%|########4 | 488/578 [01:46<00:15,  5.94it/s]
Extract:  85%|########4 | 489/578 [01:47<00:34,  2.56it/s]
Extract:  85%|########4 | 490/578 [01:47<00:29,  3.03it/s]
Extract:  85%|########4 | 491/578 [01:48<00:30,  2.90it/s]
Extract:  85%|########5 | 492/578 [01:48<00:33,  2.57it/s]
Extract:  85%|########5 | 493/578 [01:48<00:30,  2.74it/s]
Extract:  85%|########5 | 494/578 [01:49<00:34,  2.47it/s]
Extract:  86%|########5 | 496/578 [01:49<00:21,  3.83it/s]
Extract:  86%|########5 | 497/578 [01:49<00:18,  4.46it/s]
Extract:  86%|########6 | 498/578 [01:50<00:28,  2.84it/s]
Extract:  86%|########6 | 499/578 [01:50<00:22,  3.47it/s]
Extract:  87%|########6 | 501/578 [01:50<00:16,  4.81it/s]
Extract:  87%|########7 | 503/578 [01:50<00:11,  6.61it/s]
Extract:  87%|########7 | 504/578 [01:51<00:16,  4.53it/s]
Extract:  87%|########7 | 505/578 [01:52<00:26,  2.74it/s]
Extract:  88%|########7 | 507/578 [01:52<00:18,  3.87it/s]
Extract:  88%|########7 | 508/578 [01:52<00:18,  3.80it/s]
Extract:  88%|########8 | 510/578 [01:53<00:19,  3.46it/s]
Extract:  88%|########8 | 511/578 [01:53<00:17,  3.78it/s]
Extract:  89%|########8 | 512/578 [01:53<00:18,  3.48it/s]
Extract:  89%|########8 | 514/578 [01:53<00:13,  4.88it/s]
Extract:  89%|########9 | 515/578 [01:54<00:15,  4.12it/s]
Extract:  89%|########9 | 516/578 [01:55<00:25,  2.45it/s]
Extract:  89%|########9 | 517/578 [01:55<00:24,  2.48it/s]
Extract:  90%|########9 | 518/578 [01:55<00:19,  3.07it/s]
Extract:  90%|########9 | 519/578 [01:56<00:20,  2.89it/s]
Extract:  90%|########9 | 520/578 [01:56<00:17,  3.28it/s]
Extract:  90%|######### | 522/578 [01:56<00:12,  4.41it/s]
Extract:  90%|######### | 523/578 [01:56<00:13,  4.04it/s]
Extract:  91%|######### | 524/578 [01:57<00:13,  4.12it/s]
Extract:  91%|######### | 525/578 [01:57<00:11,  4.76it/s]
Extract:  91%|#########1| 526/578 [01:58<00:20,  2.59it/s]
Extract:  91%|#########1| 528/578 [01:58<00:15,  3.23it/s]
Extract:  92%|#########1| 529/578 [01:58<00:14,  3.46it/s]
Extract:  92%|#########1| 530/578 [01:58<00:12,  3.76it/s]
Extract:  92%|#########1| 531/578 [01:59<00:11,  3.99it/s]
Extract:  92%|#########2| 532/578 [01:59<00:10,  4.45it/s]
Extract:  92%|#########2| 533/578 [01:59<00:09,  4.90it/s]
Extract:  92%|#########2| 534/578 [01:59<00:10,  4.12it/s]
Extract:  93%|#########2| 535/578 [01:59<00:09,  4.66it/s]
Extract:  93%|#########2| 537/578 [02:00<00:08,  4.93it/s]
Extract:  93%|#########3| 538/578 [02:01<00:13,  3.06it/s]
Extract:  93%|#########3| 540/578 [02:01<00:11,  3.18it/s]
Extract:  94%|#########3| 541/578 [02:01<00:11,  3.21it/s]
Extract:  94%|#########3| 543/578 [02:02<00:09,  3.70it/s]
Extract:  94%|#########4| 545/578 [02:02<00:06,  5.06it/s]
Extract:  94%|#########4| 546/578 [02:03<00:10,  3.10it/s]
Extract:  95%|#########4| 547/578 [02:04<00:14,  2.09it/s]
Extract:  95%|#########4| 548/578 [02:04<00:11,  2.59it/s]
Extract:  95%|#########5| 550/578 [02:04<00:07,  3.95it/s]
Extract:  95%|#########5| 551/578 [02:04<00:05,  4.51it/s]
Extract:  96%|#########5| 553/578 [02:05<00:07,  3.25it/s]
Extract:  96%|#########5| 554/578 [02:06<00:10,  2.26it/s]
Extract:  96%|#########6| 555/578 [02:07<00:12,  1.87it/s]
Extract:  96%|#########6| 556/578 [02:07<00:11,  1.98it/s]
Extract:  96%|#########6| 557/578 [02:08<00:10,  2.10it/s]
Extract:  97%|#########6| 558/578 [02:08<00:08,  2.33it/s]
Extract:  97%|#########6| 560/578 [02:09<00:07,  2.29it/s]
Extract:  97%|#########7| 561/578 [02:09<00:07,  2.41it/s]
Extract:  97%|#########7| 563/578 [02:09<00:04,  3.71it/s]
Extract:  98%|#########7| 564/578 [02:10<00:05,  2.73it/s]
Extract:  98%|#########7| 565/578 [02:11<00:06,  2.14it/s]
Extract:  98%|#########7| 566/578 [02:11<00:04,  2.46it/s]
Extract:  98%|#########8| 567/578 [02:11<00:04,  2.60it/s]
Extract:  98%|#########8| 568/578 [02:12<00:04,  2.01it/s]
Extract:  99%|#########8| 570/578 [02:13<00:03,  2.65it/s]
Extract:  99%|#########8| 572/578 [02:13<00:01,  3.42it/s]
Extract:  99%|#########9| 573/578 [02:13<00:01,  3.93it/s]
Extract:  99%|#########9| 574/578 [02:13<00:00,  4.59it/s]
Extract:  99%|#########9| 575/578 [02:13<00:00,  4.14it/s]
Extract: 100%|#########9| 576/578 [02:14<00:00,  2.83it/s]
Extract: 100%|##########| 578/578 [02:14<00:00,  4.29it/s]
