2026-04-06 02:21:56 | scan_start | timeframe=1h | symbols=120 | lookback_days=450 | batch_predict=True
2026-04-06 02:21:57 | symbol_done | idx=1 | total=120 | symbol=0GUSDT | status=skip | reason=no_latest_setup | signals=0 | elapsed_s=0.103
2026-04-06 02:21:57 | symbol_done | idx=2 | total=120 | symbol=1000000BOBUSDT | status=skip | reason=no_latest_setup | signals=0 | elapsed_s=0.067
2026-04-06 02:21:57 | symbol_done | idx=3 | total=120 | symbol=1000000MOGUSDT | status=skip | reason=no_latest_setup | signals=0 | elapsed_s=0.064
2026-04-06 02:21:57 | symbol_done | idx=4 | total=120 | symbol=1000BONKUSDT | status=skip | reason=no_latest_setup | signals=0 | elapsed_s=0.069
2026-04-06 02:21:57 | symbol_done | idx=5 | total=120 | symbol=1000CATUSDT | status=skip | reason=no_latest_setup | signals=0 | elapsed_s=0.060
2026-04-06 02:21:57 | symbol_done | idx=6 | total=120 | symbol=1000CHEEMSUSDT | status=skip | reason=no_latest_setup | signals=0 | elapsed_s=0.096
2026-04-06 02:21:57 | symbol_done | idx=7 | total=120 | symbol=1000FLOKIUSDT | status=skip | reason=no_latest_setup | signals=0 | elapsed_s=0.115
2026-04-06 02:21:57 | symbol_done | idx=8 | total=120 | symbol=1000LUNCUSDT | status=skip | reason=no_latest_setup | signals=0 | elapsed_s=0.132
2026-04-06 02:21:57 | symbol_done | idx=9 | total=120 | symbol=1000PEPEUSDT | status=skip | reason=no_latest_setup | signals=0 | elapsed_s=0.047
2026-04-06 02:21:57 | symbol_done | idx=10 | total=120 | symbol=1000RATSUSDT | status=skip | reason=no_latest_setup | signals=0 | elapsed_s=0.054
2026-04-06 02:21:57 | symbol_done | idx=11 | total=120 | symbol=1000SATSUSDT | status=skip | reason=no_latest_setup | signals=0 | elapsed_s=0.100
2026-04-06 02:21:58 | symbol_done | idx=12 | total=120 | symbol=1000SHIBUSDT | status=skip | reason=no_latest_setup | signals=0 | elapsed_s=0.195
2026-04-06 02:21:58 | symbol_done | idx=13 | total=120 | symbol=1000WHYUSDT | status=skip | reason=no_latest_setup | signals=0 | elapsed_s=0.064
2026-04-06 02:21:58 | symbol_done | idx=14 | total=120 | symbol=1000XECUSDT | status=skip | reason=no_setup | signals=0 | elapsed_s=0.071
2026-04-06 02:21:58 | symbol_done | idx=15 | total=120 | symbol=1INCHUSDT | status=skip | reason=no_latest_setup | signals=0 | elapsed_s=0.054
2026-04-06 02:21:58 | symbol_done | idx=16 | total=120 | symbol=1MBABYDOGEUSDT | status=skip | reason=no_latest_setup | signals=0 | elapsed_s=0.043
2026-04-06 02:21:58 | symbol_done | idx=17 | total=120 | symbol=2ZUSDT | status=skip | reason=no_latest_setup | signals=0 | elapsed_s=0.051
2026-04-06 02:21:58 | symbol_done | idx=18 | total=120 | symbol=42USDT | status=skip | reason=no_latest_setup | signals=0 | elapsed_s=0.056
2026-04-06 02:21:58 | symbol_done | idx=19 | total=120 | symbol=4USDT | status=skip | reason=no_latest_setup | signals=0 | elapsed_s=0.058
2026-04-06 02:21:58 | symbol_done | idx=20 | total=120 | symbol=A2ZUSDT | status=skip | reason=no_latest_setup | signals=0 | elapsed_s=0.050
2026-04-06 02:21:58 | symbol_done | idx=21 | total=120 | symbol=AAVEUSDT | status=skip | reason=no_latest_setup | signals=0 | elapsed_s=0.059
2026-04-06 02:21:58 | symbol_done | idx=22 | total=120 | symbol=ACEUSDT | status=skip | reason=no_latest_setup | signals=0 | elapsed_s=0.058
2026-04-06 02:21:58 | symbol_done | idx=23 | total=120 | symbol=ACHUSDT | status=skip | reason=no_latest_setup | signals=0 | elapsed_s=0.050
2026-04-06 02:21:58 | symbol_done | idx=24 | total=120 | symbol=ACTUSDT | status=skip | reason=no_latest_setup | signals=0 | elapsed_s=0.042
2026-04-06 02:21:58 | symbol_done | idx=25 | total=120 | symbol=ACUUSDT | status=skip | reason=no_latest_setup | signals=0 | elapsed_s=0.056
2026-04-06 02:21:58 | symbol_done | idx=26 | total=120 | symbol=ACXUSDT | status=skip | reason=no_latest_setup | signals=0 | elapsed_s=0.053
2026-04-06 02:21:58 | symbol_done | idx=27 | total=120 | symbol=ADAUSDT | status=skip | reason=no_latest_setup | signals=0 | elapsed_s=0.052
2026-04-06 02:21:58 | symbol_done | idx=28 | total=120 | symbol=AERGOUSDT | status=skip | reason=no_latest_setup | signals=0 | elapsed_s=0.057
2026-04-06 02:21:59 | symbol_done | idx=29 | total=120 | symbol=AEROUSDT | status=skip | reason=no_latest_setup | signals=0 | elapsed_s=0.052
2026-04-06 02:21:59 | symbol_done | idx=30 | total=120 | symbol=AEVOUSDT | status=skip | reason=no_latest_setup | signals=0 | elapsed_s=0.045
2026-04-06 02:21:59 | symbol_done | idx=31 | total=120 | symbol=AGLDUSDT | status=skip | reason=no_latest_setup | signals=0 | elapsed_s=0.060
2026-04-06 02:21:59 | symbol_done | idx=32 | total=120 | symbol=AGTUSDT | status=skip | reason=no_latest_setup | signals=0 | elapsed_s=0.070
2026-04-06 02:21:59 | symbol_done | idx=33 | total=120 | symbol=AIAUSDT | status=skip | reason=no_latest_setup | signals=0 | elapsed_s=0.048
2026-04-06 02:21:59 | symbol_done | idx=34 | total=120 | symbol=AINUSDT | status=skip | reason=no_latest_setup | signals=0 | elapsed_s=0.053
2026-04-06 02:21:59 | symbol_done | idx=35 | total=120 | symbol=AIOTUSDT | status=skip | reason=no_latest_setup | signals=0 | elapsed_s=0.054
2026-04-06 02:21:59 | symbol_done | idx=36 | total=120 | symbol=AIOUSDT | status=skip | reason=no_latest_setup | signals=0 | elapsed_s=0.059
2026-04-06 02:21:59 | symbol_done | idx=37 | total=120 | symbol=AIUSDT | status=skip | reason=no_latest_setup | signals=0 | elapsed_s=0.062
2026-04-06 02:21:59 | symbol_done | idx=38 | total=120 | symbol=AIXBTUSDT | status=skip | reason=no_latest_setup | signals=0 | elapsed_s=0.055
2026-04-06 02:21:59 | symbol_done | idx=39 | total=120 | symbol=AKEUSDT | status=skip | reason=no_latest_setup | signals=0 | elapsed_s=0.060
2026-04-06 02:21:59 | symbol_done | idx=40 | total=120 | symbol=AKTUSDT | status=skip | reason=no_latest_setup | signals=0 | elapsed_s=0.071
2026-04-06 02:21:59 | symbol_done | idx=41 | total=120 | symbol=ALCHUSDT | status=skip | reason=no_latest_setup | signals=0 | elapsed_s=0.054
2026-04-06 02:21:59 | symbol_done | idx=42 | total=120 | symbol=ALGOUSDT | status=skip | reason=no_latest_setup | signals=0 | elapsed_s=0.059
2026-04-06 02:21:59 | symbol_done | idx=43 | total=120 | symbol=ALICEUSDT | status=skip | reason=no_latest_setup | signals=0 | elapsed_s=0.058
2026-04-06 02:21:59 | symbol_done | idx=44 | total=120 | symbol=ALLOUSDT | status=skip | reason=no_latest_setup | signals=0 | elapsed_s=0.052
2026-04-06 02:21:59 | symbol_done | idx=45 | total=120 | symbol=ALLUSDT | status=skip | reason=no_latest_setup | signals=0 | elapsed_s=0.043
2026-04-06 02:22:00 | symbol_done | idx=46 | total=120 | symbol=ALPINEUSDT | status=skip | reason=no_setup | signals=0 | elapsed_s=0.046
2026-04-06 02:22:00 | symbol_done | idx=47 | total=120 | symbol=ALTUSDT | status=skip | reason=no_latest_setup | signals=0 | elapsed_s=0.077
2026-04-06 02:22:00 | symbol_done | idx=48 | total=120 | symbol=AMZNUSDT | status=skip | reason=no_setup | signals=0 | elapsed_s=0.052
2026-04-06 02:22:00 | symbol_done | idx=49 | total=120 | symbol=ANIMEUSDT | status=skip | reason=no_latest_setup | signals=0 | elapsed_s=0.039
2026-04-06 02:22:00 | symbol_done | idx=50 | total=120 | symbol=ANKRUSDT | status=skip | reason=no_latest_setup | signals=0 | elapsed_s=0.063
2026-04-06 02:22:00 | symbol_done | idx=51 | total=120 | symbol=APEUSDT | status=skip | reason=no_latest_setup | signals=0 | elapsed_s=0.053
2026-04-06 02:22:00 | symbol_done | idx=52 | total=120 | symbol=API3USDT | status=skip | reason=no_latest_setup | signals=0 | elapsed_s=0.048
2026-04-06 02:22:00 | symbol_done | idx=53 | total=120 | symbol=APRUSDT | status=skip | reason=no_latest_setup | signals=0 | elapsed_s=0.056
2026-04-06 02:22:00 | symbol_done | idx=54 | total=120 | symbol=APTUSDT | status=skip | reason=no_latest_setup | signals=0 | elapsed_s=0.057
2026-04-06 02:22:00 | symbol_done | idx=55 | total=120 | symbol=ARBUSDT | status=skip | reason=no_latest_setup | signals=0 | elapsed_s=0.052
2026-04-06 02:22:00 | symbol_done | idx=56 | total=120 | symbol=ARCUSDT | status=skip | reason=no_latest_setup | signals=0 | elapsed_s=0.054
2026-04-06 02:22:00 | symbol_done | idx=57 | total=120 | symbol=ARIAUSDT | status=skip | reason=no_latest_setup | signals=0 | elapsed_s=0.055
2026-04-06 02:22:00 | symbol_done | idx=58 | total=120 | symbol=ARKMUSDT | status=skip | reason=no_latest_setup | signals=0 | elapsed_s=0.036
2026-04-06 02:22:00 | symbol_done | idx=59 | total=120 | symbol=ARKUSDT | status=skip | reason=no_latest_setup | signals=0 | elapsed_s=0.042
2026-04-06 02:22:00 | symbol_done | idx=60 | total=120 | symbol=ARPAUSDT | status=skip | reason=no_latest_setup | signals=0 | elapsed_s=0.059
2026-04-06 02:22:00 | symbol_done | idx=61 | total=120 | symbol=ARUSDT | status=skip | reason=no_latest_setup | signals=0 | elapsed_s=0.053
2026-04-06 02:22:00 | symbol_done | idx=62 | total=120 | symbol=ASRUSDT | status=skip | reason=no_latest_setup | signals=0 | elapsed_s=0.050
2026-04-06 02:22:00 | symbol_done | idx=63 | total=120 | symbol=ASTERUSDT | status=skip | reason=no_latest_setup | signals=0 | elapsed_s=0.125
2026-04-06 02:22:01 | symbol_done | idx=64 | total=120 | symbol=ASTRUSDT | status=skip | reason=no_latest_setup | signals=0 | elapsed_s=0.159
2026-04-06 02:22:01 | symbol_done | idx=65 | total=120 | symbol=ATAUSDT | status=skip | reason=no_latest_setup | signals=0 | elapsed_s=0.060
2026-04-06 02:22:01 | symbol_done | idx=66 | total=120 | symbol=ATHUSDT | status=skip | reason=no_latest_setup | signals=0 | elapsed_s=0.075
2026-04-06 02:22:01 | symbol_done | idx=67 | total=120 | symbol=ATOMUSDT | status=skip | reason=no_latest_setup | signals=0 | elapsed_s=0.053
2026-04-06 02:22:01 | symbol_done | idx=68 | total=120 | symbol=ATUSDT | status=skip | reason=no_latest_setup | signals=0 | elapsed_s=0.059
2026-04-06 02:22:01 | symbol_done | idx=69 | total=120 | symbol=AUCTIONUSDT | status=skip | reason=no_latest_setup | signals=0 | elapsed_s=0.055
2026-04-06 02:22:01 | symbol_done | idx=70 | total=120 | symbol=AUSDT | status=skip | reason=no_latest_setup | signals=0 | elapsed_s=0.057
2026-04-06 02:22:01 | symbol_done | idx=71 | total=120 | symbol=AVAAIUSDT | status=skip | reason=no_latest_setup | signals=0 | elapsed_s=0.052
2026-04-06 02:22:01 | symbol_done | idx=72 | total=120 | symbol=AVAUSDT | status=skip | reason=no_latest_setup | signals=0 | elapsed_s=0.047
2026-04-06 02:22:01 | symbol_done | idx=73 | total=120 | symbol=AVAXUSDT | status=skip | reason=no_latest_setup | signals=0 | elapsed_s=0.050
2026-04-06 02:22:01 | symbol_done | idx=74 | total=120 | symbol=AVNTUSDT | status=skip | reason=no_latest_setup | signals=0 | elapsed_s=0.048
2026-04-06 02:22:01 | symbol_done | idx=75 | total=120 | symbol=AWEUSDT | status=skip | reason=no_latest_setup | signals=0 | elapsed_s=0.045
2026-04-06 02:22:01 | symbol_done | idx=76 | total=120 | symbol=AXLUSDT | status=skip | reason=no_latest_setup | signals=0 | elapsed_s=0.055
2026-04-06 02:22:01 | symbol_done | idx=77 | total=120 | symbol=AXSUSDT | status=skip | reason=no_latest_setup | signals=0 | elapsed_s=0.058
2026-04-06 02:22:01 | symbol_done | idx=78 | total=120 | symbol=AZTECUSDT | status=skip | reason=no_latest_setup | signals=0 | elapsed_s=0.049
2026-04-06 02:22:01 | symbol_done | idx=79 | total=120 | symbol=B2USDT | status=skip | reason=no_latest_setup | signals=0 | elapsed_s=0.058
2026-04-06 02:22:02 | symbol_done | idx=80 | total=120 | symbol=B3USDT | status=skip | reason=no_latest_setup | signals=0 | elapsed_s=0.043
2026-04-06 02:22:02 | symbol_done | idx=81 | total=120 | symbol=BABYUSDT | status=skip | reason=no_latest_setup | signals=0 | elapsed_s=0.054
2026-04-06 02:22:02 | symbol_done | idx=82 | total=120 | symbol=BANANAS31USDT | status=skip | reason=no_latest_setup | signals=0 | elapsed_s=0.043
2026-04-06 02:22:02 | symbol_done | idx=83 | total=120 | symbol=BANANAUSDT | status=skip | reason=no_latest_setup | signals=0 | elapsed_s=0.047
2026-04-06 02:22:02 | symbol_done | idx=84 | total=120 | symbol=BANDUSDT | status=skip | reason=no_latest_setup | signals=0 | elapsed_s=0.055
2026-04-06 02:22:02 | symbol_done | idx=85 | total=120 | symbol=BANKUSDT | status=skip | reason=no_latest_setup | signals=0 | elapsed_s=0.055
2026-04-06 02:22:02 | symbol_done | idx=86 | total=120 | symbol=BANUSDT | status=skip | reason=no_latest_setup | signals=0 | elapsed_s=0.053
2026-04-06 02:22:02 | symbol_done | idx=87 | total=120 | symbol=BARDUSDT | status=skip | reason=no_latest_setup | signals=0 | elapsed_s=0.043
2026-04-06 02:22:02 | symbol_done | idx=88 | total=120 | symbol=BASEDUSDT | status=skip | reason=insufficient_history | signals=0 | elapsed_s=0.018
2026-04-06 02:22:02 | symbol_done | idx=89 | total=120 | symbol=BASUSDT | status=skip | reason=no_latest_setup | signals=0 | elapsed_s=0.051
2026-04-06 02:22:02 | symbol_done | idx=90 | total=120 | symbol=BATUSDT | status=skip | reason=no_latest_setup | signals=0 | elapsed_s=0.064
2026-04-06 02:22:02 | symbol_done | idx=91 | total=120 | symbol=BBUSDT | status=skip | reason=no_latest_setup | signals=0 | elapsed_s=0.050
2026-04-06 02:22:02 | symbol_done | idx=92 | total=120 | symbol=BCHUSDT | status=skip | reason=no_latest_setup | signals=0 | elapsed_s=0.050
2026-04-06 02:22:02 | symbol_done | idx=93 | total=120 | symbol=BDXNUSDT | status=skip | reason=no_latest_setup | signals=0 | elapsed_s=0.041
2026-04-06 02:22:02 | symbol_done | idx=94 | total=120 | symbol=BEAMXUSDT | status=skip | reason=no_latest_setup | signals=0 | elapsed_s=0.048
2026-04-06 02:22:02 | symbol_done | idx=95 | total=120 | symbol=BEATUSDT | status=skip | reason=no_latest_setup | signals=0 | elapsed_s=0.052
2026-04-06 02:22:02 | symbol_done | idx=96 | total=120 | symbol=BELUSDT | status=skip | reason=no_latest_setup | signals=0 | elapsed_s=0.056
2026-04-06 02:22:02 | symbol_done | idx=97 | total=120 | symbol=BERAUSDT | status=skip | reason=no_latest_setup | signals=0 | elapsed_s=0.049
2026-04-06 02:22:02 | symbol_done | idx=98 | total=120 | symbol=BICOUSDT | status=skip | reason=no_latest_setup | signals=0 | elapsed_s=0.055
2026-04-06 02:22:02 | symbol_done | idx=99 | total=120 | symbol=BIDUSDT | status=skip | reason=no_latest_setup | signals=0 | elapsed_s=0.056
2026-04-06 02:22:03 | symbol_done | idx=100 | total=120 | symbol=BIGTIMEUSDT | status=skip | reason=no_latest_setup | signals=0 | elapsed_s=0.050
2026-04-06 02:22:03 | symbol_done | idx=101 | total=120 | symbol=BIOUSDT | status=skip | reason=no_latest_setup | signals=0 | elapsed_s=0.059
2026-04-06 02:22:03 | symbol_done | idx=102 | total=120 | symbol=BIRBUSDT | status=skip | reason=no_latest_setup | signals=0 | elapsed_s=0.063
2026-04-06 02:22:03 | symbol_done | idx=103 | total=120 | symbol=BLESSUSDT | status=skip | reason=no_latest_setup | signals=0 | elapsed_s=0.068
2026-04-06 02:22:03 | symbol_done | idx=104 | total=120 | symbol=BLUAIUSDT | status=skip | reason=no_latest_setup | signals=0 | elapsed_s=0.057
2026-04-06 02:22:03 | symbol_done | idx=105 | total=120 | symbol=BLURUSDT | status=skip | reason=no_latest_setup | signals=0 | elapsed_s=0.049
2026-04-06 02:22:03 | symbol_done | idx=106 | total=120 | symbol=BMTUSDT | status=skip | reason=no_latest_setup | signals=0 | elapsed_s=0.057
2026-04-06 02:22:03 | symbol_done | idx=107 | total=120 | symbol=BNBUSDT | status=skip | reason=no_latest_setup | signals=0 | elapsed_s=0.060
2026-04-06 02:22:03 | symbol_done | idx=108 | total=120 | symbol=BNTUSDT | status=skip | reason=no_latest_setup | signals=0 | elapsed_s=0.069
2026-04-06 02:22:03 | symbol_done | idx=109 | total=120 | symbol=BOBUSDT | status=skip | reason=no_latest_setup | signals=0 | elapsed_s=0.051
2026-04-06 02:22:03 | symbol_done | idx=110 | total=120 | symbol=BOMEUSDT | status=skip | reason=no_latest_setup | signals=0 | elapsed_s=0.051
2026-04-06 02:22:03 | symbol_done | idx=111 | total=120 | symbol=BRETTUSDT | status=skip | reason=no_latest_setup | signals=0 | elapsed_s=0.044
2026-04-06 02:22:03 | symbol_done | idx=112 | total=120 | symbol=BREVUSDT | status=skip | reason=no_latest_setup | signals=0 | elapsed_s=0.044
2026-04-06 02:22:04 | symbol_done | idx=113 | total=120 | symbol=BROCCOLI714USDT | status=skip | reason=no_latest_setup | signals=0 | elapsed_s=0.398
2026-04-06 02:22:04 | symbol_done | idx=114 | total=120 | symbol=BROCCOLIF3BUSDT | status=skip | reason=no_latest_setup | signals=0 | elapsed_s=0.091
2026-04-06 02:22:04 | symbol_done | idx=115 | total=120 | symbol=BRUSDT | status=skip | reason=no_latest_setup | signals=0 | elapsed_s=0.081
2026-04-06 02:22:04 | symbol_done | idx=116 | total=120 | symbol=BSBUSDT | status=skip | reason=insufficient_history | signals=0 | elapsed_s=0.027
2026-04-06 02:22:04 | symbol_done | idx=117 | total=120 | symbol=BSVUSDT | status=skip | reason=no_latest_setup | signals=0 | elapsed_s=0.137
2026-04-06 02:22:04 | symbol_done | idx=118 | total=120 | symbol=BTC-260327USDT | status=skip | reason=insufficient_history | signals=0 | elapsed_s=0.009
2026-04-06 02:22:04 | symbol_done | idx=119 | total=120 | symbol=BTCDOMUSDT | status=skip | reason=no_setup | signals=0 | elapsed_s=0.055
2026-04-06 02:22:04 | symbol_done | idx=120 | total=120 | symbol=BTCUSDT | status=skip | reason=no_latest_setup | signals=0 | elapsed_s=0.067
2026-04-06 02:22:04 | scan_end | timeframe=1h | symbols=120 | total_signals=0 | elapsed_s=7.661 | log_file=D:\Code\Projects\self-projects\macd-overlay - Copy\output\scanner_debug_recent.log
2026-04-06 02:22:04 | scan_start | timeframe=1h | symbols=120 | lookback_days=450 | batch_predict=True
2026-04-06 02:22:04 | symbol_done | idx=1 | total=120 | symbol=0GUSDT | status=skip | reason=no_latest_setup | signals=0 | elapsed_s=0.067
2026-04-06 02:22:04 | symbol_done | idx=2 | total=120 | symbol=1000000BOBUSDT | status=skip | reason=no_latest_setup | signals=0 | elapsed_s=0.073
2026-04-06 02:22:04 | symbol_done | idx=3 | total=120 | symbol=1000000MOGUSDT | status=skip | reason=no_latest_setup | signals=0 | elapsed_s=0.088
2026-04-06 02:22:04 | symbol_done | idx=4 | total=120 | symbol=1000BONKUSDT | status=skip | reason=no_latest_setup | signals=0 | elapsed_s=0.081
2026-04-06 02:22:05 | symbol_done | idx=5 | total=120 | symbol=1000CATUSDT | status=skip | reason=no_latest_setup | signals=0 | elapsed_s=0.072
2026-04-06 02:22:05 | symbol_done | idx=6 | total=120 | symbol=1000CHEEMSUSDT | status=skip | reason=no_latest_setup | signals=0 | elapsed_s=0.069
2026-04-06 02:22:05 | symbol_done | idx=7 | total=120 | symbol=1000FLOKIUSDT | status=skip | reason=no_latest_setup | signals=0 | elapsed_s=0.066
2026-04-06 02:22:05 | symbol_done | idx=8 | total=120 | symbol=1000LUNCUSDT | status=skip | reason=no_latest_setup | signals=0 | elapsed_s=0.050
2026-04-06 02:22:05 | symbol_done | idx=9 | total=120 | symbol=1000PEPEUSDT | status=skip | reason=no_latest_setup | signals=0 | elapsed_s=0.053
2026-04-06 02:22:05 | symbol_done | idx=10 | total=120 | symbol=1000RATSUSDT | status=skip | reason=no_latest_setup | signals=0 | elapsed_s=0.063
2026-04-06 02:22:05 | symbol_done | idx=11 | total=120 | symbol=1000SATSUSDT | status=skip | reason=no_latest_setup | signals=0 | elapsed_s=0.056
2026-04-06 02:22:05 | symbol_done | idx=12 | total=120 | symbol=1000SHIBUSDT | status=skip | reason=no_latest_setup | signals=0 | elapsed_s=0.073
2026-04-06 02:22:05 | symbol_done | idx=13 | total=120 | symbol=1000WHYUSDT | status=skip | reason=no_latest_setup | signals=0 | elapsed_s=0.066
2026-04-06 02:22:05 | symbol_done | idx=14 | total=120 | symbol=1000XECUSDT | status=skip | reason=no_setup | signals=0 | elapsed_s=0.062
2026-04-06 02:22:05 | symbol_done | idx=15 | total=120 | symbol=1INCHUSDT | status=skip | reason=no_latest_setup | signals=0 | elapsed_s=0.085
2026-04-06 02:22:05 | symbol_done | idx=16 | total=120 | symbol=1MBABYDOGEUSDT | status=skip | reason=no_latest_setup | signals=0 | elapsed_s=0.068
2026-04-06 02:22:05 | symbol_done | idx=17 | total=120 | symbol=2ZUSDT | status=skip | reason=no_latest_setup | signals=0 | elapsed_s=0.087
2026-04-06 02:22:06 | symbol_done | idx=18 | total=120 | symbol=42USDT | status=skip | reason=no_latest_setup | signals=0 | elapsed_s=0.205
2026-04-06 02:22:06 | symbol_done | idx=19 | total=120 | symbol=4USDT | status=skip | reason=no_latest_setup | signals=0 | elapsed_s=0.069
2026-04-06 02:22:06 | symbol_done | idx=20 | total=120 | symbol=A2ZUSDT | status=skip | reason=no_latest_setup | signals=0 | elapsed_s=0.084
2026-04-06 02:22:06 | symbol_done | idx=21 | total=120 | symbol=AAVEUSDT | status=skip | reason=no_latest_setup | signals=0 | elapsed_s=0.080
2026-04-06 02:22:06 | symbol_done | idx=22 | total=120 | symbol=ACEUSDT | status=skip | reason=no_latest_setup | signals=0 | elapsed_s=0.056
2026-04-06 02:22:06 | symbol_done | idx=23 | total=120 | symbol=ACHUSDT | status=skip | reason=no_latest_setup | signals=0 | elapsed_s=0.063
2026-04-06 02:22:06 | symbol_done | idx=24 | total=120 | symbol=ACTUSDT | status=skip | reason=no_latest_setup | signals=0 | elapsed_s=0.055
2026-04-06 02:22:06 | symbol_done | idx=25 | total=120 | symbol=ACUUSDT | status=skip | reason=no_latest_setup | signals=0 | elapsed_s=0.062
2026-04-06 02:22:06 | symbol_done | idx=26 | total=120 | symbol=ACXUSDT | status=skip | reason=no_latest_setup | signals=0 | elapsed_s=0.075
2026-04-06 02:22:06 | symbol_done | idx=27 | total=120 | symbol=ADAUSDT | status=skip | reason=no_latest_setup | signals=0 | elapsed_s=0.090
2026-04-06 02:22:06 | symbol_done | idx=28 | total=120 | symbol=AERGOUSDT | status=skip | reason=no_latest_setup | signals=0 | elapsed_s=0.073
2026-04-06 02:22:06 | symbol_done | idx=29 | total=120 | symbol=AEROUSDT | status=skip | reason=no_latest_setup | signals=0 | elapsed_s=0.068
2026-04-06 02:22:06 | symbol_done | idx=30 | total=120 | symbol=AEVOUSDT | status=skip | reason=no_latest_setup | signals=0 | elapsed_s=0.066
2026-04-06 02:22:06 | symbol_done | idx=31 | total=120 | symbol=AGLDUSDT | status=skip | reason=no_latest_setup | signals=0 | elapsed_s=0.074
2026-04-06 02:22:07 | symbol_done | idx=32 | total=120 | symbol=AGTUSDT | status=skip | reason=no_latest_setup | signals=0 | elapsed_s=0.073
2026-04-06 02:22:07 | symbol_done | idx=33 | total=120 | symbol=AIAUSDT | status=skip | reason=no_latest_setup | signals=0 | elapsed_s=0.065
2026-04-06 02:22:07 | symbol_done | idx=34 | total=120 | symbol=AINUSDT | status=skip | reason=no_latest_setup | signals=0 | elapsed_s=0.070
2026-04-06 02:22:07 | symbol_done | idx=35 | total=120 | symbol=AIOTUSDT | status=skip | reason=no_latest_setup | signals=0 | elapsed_s=0.061
2026-04-06 02:22:07 | symbol_done | idx=36 | total=120 | symbol=AIOUSDT | status=skip | reason=no_latest_setup | signals=0 | elapsed_s=0.069
2026-04-06 02:22:07 | symbol_done | idx=37 | total=120 | symbol=AIUSDT | status=skip | reason=no_latest_setup | signals=0 | elapsed_s=0.068
2026-04-06 02:22:07 | symbol_done | idx=38 | total=120 | symbol=AIXBTUSDT | status=skip | reason=no_latest_setup | signals=0 | elapsed_s=0.068
2026-04-06 02:22:07 | symbol_done | idx=39 | total=120 | symbol=AKEUSDT | status=skip | reason=no_latest_setup | signals=0 | elapsed_s=0.061
2026-04-06 02:22:07 | symbol_done | idx=40 | total=120 | symbol=AKTUSDT | status=skip | reason=no_latest_setup | signals=0 | elapsed_s=0.069
2026-04-06 02:22:07 | symbol_done | idx=41 | total=120 | symbol=ALCHUSDT | status=skip | reason=no_latest_setup | signals=0 | elapsed_s=0.068
2026-04-06 02:22:07 | symbol_done | idx=42 | total=120 | symbol=ALGOUSDT | status=skip | reason=no_latest_setup | signals=0 | elapsed_s=0.062
2026-04-06 02:22:07 | symbol_done | idx=43 | total=120 | symbol=ALICEUSDT | status=skip | reason=no_latest_setup | signals=0 | elapsed_s=0.060
2026-04-06 02:22:07 | symbol_done | idx=44 | total=120 | symbol=ALLOUSDT | status=skip | reason=no_latest_setup | signals=0 | elapsed_s=0.065
2026-04-06 02:22:07 | symbol_done | idx=45 | total=120 | symbol=ALLUSDT | status=skip | reason=no_latest_setup | signals=0 | elapsed_s=0.068
2026-04-06 02:22:07 | symbol_done | idx=46 | total=120 | symbol=ALPINEUSDT | status=skip | reason=no_setup | signals=0 | elapsed_s=0.058
2026-04-06 02:22:08 | symbol_done | idx=47 | total=120 | symbol=ALTUSDT | status=skip | reason=no_latest_setup | signals=0 | elapsed_s=0.084
2026-04-06 02:22:08 | symbol_done | idx=48 | total=120 | symbol=AMZNUSDT | status=skip | reason=no_setup | signals=0 | elapsed_s=0.087
2026-04-06 02:22:08 | symbol_done | idx=49 | total=120 | symbol=ANIMEUSDT | status=skip | reason=no_latest_setup | signals=0 | elapsed_s=0.100
2026-04-06 02:22:08 | symbol_done | idx=50 | total=120 | symbol=ANKRUSDT | status=skip | reason=no_latest_setup | signals=0 | elapsed_s=0.118
2026-04-06 02:22:08 | symbol_done | idx=51 | total=120 | symbol=APEUSDT | status=skip | reason=no_latest_setup | signals=0 | elapsed_s=0.086
2026-04-06 02:22:08 | symbol_done | idx=52 | total=120 | symbol=API3USDT | status=skip | reason=no_latest_setup | signals=0 | elapsed_s=0.072
2026-04-06 02:22:08 | symbol_done | idx=53 | total=120 | symbol=APRUSDT | status=skip | reason=no_latest_setup | signals=0 | elapsed_s=0.062
2026-04-06 02:22:08 | symbol_done | idx=54 | total=120 | symbol=APTUSDT | status=skip | reason=no_latest_setup | signals=0 | elapsed_s=0.078
2026-04-06 02:22:08 | symbol_done | idx=55 | total=120 | symbol=ARBUSDT | status=skip | reason=no_latest_setup | signals=0 | elapsed_s=0.065
2026-04-06 02:22:08 | symbol_done | idx=56 | total=120 | symbol=ARCUSDT | status=skip | reason=no_latest_setup | signals=0 | elapsed_s=0.070
2026-04-06 02:22:08 | symbol_done | idx=57 | total=120 | symbol=ARIAUSDT | status=skip | reason=no_latest_setup | signals=0 | elapsed_s=0.081
2026-04-06 02:22:08 | symbol_done | idx=58 | total=120 | symbol=ARKMUSDT | status=skip | reason=no_latest_setup | signals=0 | elapsed_s=0.056
2026-04-06 02:22:08 | symbol_done | idx=59 | total=120 | symbol=ARKUSDT | status=skip | reason=no_latest_setup | signals=0 | elapsed_s=0.063
2026-04-06 02:22:09 | symbol_done | idx=60 | total=120 | symbol=ARPAUSDT | status=skip | reason=no_latest_setup | signals=0 | elapsed_s=0.070
2026-04-06 02:22:09 | symbol_done | idx=61 | total=120 | symbol=ARUSDT | status=skip | reason=no_latest_setup | signals=0 | elapsed_s=0.067
2026-04-06 02:22:09 | symbol_done | idx=62 | total=120 | symbol=ASRUSDT | status=skip | reason=no_latest_setup | signals=0 | elapsed_s=0.068
2026-04-06 02:22:09 | symbol_done | idx=63 | total=120 | symbol=ASTERUSDT | status=skip | reason=no_latest_setup | signals=0 | elapsed_s=0.067
2026-04-06 02:22:09 | symbol_done | idx=64 | total=120 | symbol=ASTRUSDT | status=skip | reason=no_latest_setup | signals=0 | elapsed_s=0.060
2026-04-06 02:22:09 | symbol_done | idx=65 | total=120 | symbol=ATAUSDT | status=skip | reason=no_latest_setup | signals=0 | elapsed_s=0.058
2026-04-06 02:22:09 | symbol_done | idx=66 | total=120 | symbol=ATHUSDT | status=skip | reason=no_latest_setup | signals=0 | elapsed_s=0.062
2026-04-06 02:22:09 | symbol_done | idx=67 | total=120 | symbol=ATOMUSDT | status=skip | reason=no_latest_setup | signals=0 | elapsed_s=0.062
2026-04-06 02:22:09 | symbol_done | idx=68 | total=120 | symbol=ATUSDT | status=skip | reason=no_latest_setup | signals=0 | elapsed_s=0.059
2026-04-06 02:22:09 | symbol_done | idx=69 | total=120 | symbol=AUCTIONUSDT | status=skip | reason=no_latest_setup | signals=0 | elapsed_s=0.065
2026-04-06 02:22:09 | symbol_done | idx=70 | total=120 | symbol=AUSDT | status=skip | reason=no_latest_setup | signals=0 | elapsed_s=0.064
2026-04-06 02:22:09 | symbol_done | idx=71 | total=120 | symbol=AVAAIUSDT | status=skip | reason=no_latest_setup | signals=0 | elapsed_s=0.072
2026-04-06 02:22:09 | symbol_done | idx=72 | total=120 | symbol=AVAUSDT | status=skip | reason=no_latest_setup | signals=0 | elapsed_s=0.073
2026-04-06 02:22:09 | symbol_done | idx=73 | total=120 | symbol=AVAXUSDT | status=skip | reason=no_latest_setup | signals=0 | elapsed_s=0.072
2026-04-06 02:22:09 | symbol_done | idx=74 | total=120 | symbol=AVNTUSDT | status=skip | reason=no_latest_setup | signals=0 | elapsed_s=0.053
2026-04-06 02:22:10 | symbol_done | idx=75 | total=120 | symbol=AWEUSDT | status=skip | reason=no_latest_setup | signals=0 | elapsed_s=0.055
2026-04-06 02:22:10 | symbol_done | idx=76 | total=120 | symbol=AXLUSDT | status=skip | reason=no_latest_setup | signals=0 | elapsed_s=0.058
2026-04-06 02:22:10 | symbol_done | idx=77 | total=120 | symbol=AXSUSDT | status=skip | reason=no_latest_setup | signals=0 | elapsed_s=0.070
2026-04-06 02:22:10 | symbol_done | idx=78 | total=120 | symbol=AZTECUSDT | status=skip | reason=no_latest_setup | signals=0 | elapsed_s=0.060
2026-04-06 02:22:10 | symbol_done | idx=79 | total=120 | symbol=B2USDT | status=skip | reason=no_latest_setup | signals=0 | elapsed_s=0.070
2026-04-06 02:22:10 | symbol_done | idx=80 | total=120 | symbol=B3USDT | status=skip | reason=no_latest_setup | signals=0 | elapsed_s=0.056
2026-04-06 02:22:10 | symbol_done | idx=81 | total=120 | symbol=BABYUSDT | status=skip | reason=no_latest_setup | signals=0 | elapsed_s=0.066
2026-04-06 02:22:10 | symbol_done | idx=82 | total=120 | symbol=BANANAS31USDT | status=skip | reason=no_latest_setup | signals=0 | elapsed_s=0.079
2026-04-06 02:22:10 | symbol_done | idx=83 | total=120 | symbol=BANANAUSDT | status=skip | reason=no_latest_setup | signals=0 | elapsed_s=0.066
2026-04-06 02:22:10 | symbol_done | idx=84 | total=120 | symbol=BANDUSDT | status=skip | reason=no_latest_setup | signals=0 | elapsed_s=0.079
2026-04-06 02:22:10 | symbol_done | idx=85 | total=120 | symbol=BANKUSDT | status=skip | reason=no_latest_setup | signals=0 | elapsed_s=0.076
2026-04-06 02:22:10 | symbol_done | idx=86 | total=120 | symbol=BANUSDT | status=skip | reason=no_latest_setup | signals=0 | elapsed_s=0.070
2026-04-06 02:22:10 | symbol_done | idx=87 | total=120 | symbol=BARDUSDT | status=skip | reason=no_latest_setup | signals=0 | elapsed_s=0.070
2026-04-06 02:22:10 | symbol_done | idx=88 | total=120 | symbol=BASEDUSDT | status=skip | reason=insufficient_history | signals=0 | elapsed_s=0.035
2026-04-06 02:22:10 | symbol_done | idx=89 | total=120 | symbol=BASUSDT | status=skip | reason=no_latest_setup | signals=0 | elapsed_s=0.073
2026-04-06 02:22:11 | symbol_done | idx=90 | total=120 | symbol=BATUSDT | status=skip | reason=no_latest_setup | signals=0 | elapsed_s=0.080
2026-04-06 02:22:11 | symbol_done | idx=91 | total=120 | symbol=BBUSDT | status=skip | reason=no_latest_setup | signals=0 | elapsed_s=0.073
2026-04-06 02:22:11 | symbol_done | idx=92 | total=120 | symbol=BCHUSDT | status=skip | reason=no_latest_setup | signals=0 | elapsed_s=0.080
2026-04-06 02:22:11 | symbol_done | idx=93 | total=120 | symbol=BDXNUSDT | status=skip | reason=no_latest_setup | signals=0 | elapsed_s=0.071
2026-04-06 02:22:11 | symbol_done | idx=94 | total=120 | symbol=BEAMXUSDT | status=skip | reason=no_latest_setup | signals=0 | elapsed_s=0.063
2026-04-06 02:22:11 | symbol_done | idx=95 | total=120 | symbol=BEATUSDT | status=skip | reason=no_latest_setup | signals=0 | elapsed_s=0.071
2026-04-06 02:22:11 | symbol_done | idx=96 | total=120 | symbol=BELUSDT | status=skip | reason=no_latest_setup | signals=0 | elapsed_s=0.072
2026-04-06 02:22:11 | symbol_done | idx=97 | total=120 | symbol=BERAUSDT | status=skip | reason=no_latest_setup | signals=0 | elapsed_s=0.064
2026-04-06 02:22:11 | symbol_done | idx=98 | total=120 | symbol=BICOUSDT | status=skip | reason=no_latest_setup | signals=0 | elapsed_s=0.073
2026-04-06 02:22:11 | symbol_done | idx=99 | total=120 | symbol=BIDUSDT | status=skip | reason=no_latest_setup | signals=0 | elapsed_s=0.075
2026-04-06 02:22:11 | symbol_done | idx=100 | total=120 | symbol=BIGTIMEUSDT | status=skip | reason=no_latest_setup | signals=0 | elapsed_s=0.059
2026-04-06 02:22:11 | symbol_done | idx=101 | total=120 | symbol=BIOUSDT | status=skip | reason=no_latest_setup | signals=0 | elapsed_s=0.096
2026-04-06 02:22:11 | symbol_done | idx=102 | total=120 | symbol=BIRBUSDT | status=skip | reason=no_latest_setup | signals=0 | elapsed_s=0.113
2026-04-06 02:22:12 | symbol_done | idx=103 | total=120 | symbol=BLESSUSDT | status=skip | reason=no_latest_setup | signals=0 | elapsed_s=0.075
2026-04-06 02:22:12 | symbol_done | idx=104 | total=120 | symbol=BLUAIUSDT | status=skip | reason=no_latest_setup | signals=0 | elapsed_s=0.086
2026-04-06 02:22:12 | symbol_done | idx=105 | total=120 | symbol=BLURUSDT | status=skip | reason=no_latest_setup | signals=0 | elapsed_s=0.067
2026-04-06 02:22:12 | symbol_done | idx=106 | total=120 | symbol=BMTUSDT | status=skip | reason=no_latest_setup | signals=0 | elapsed_s=0.066
2026-04-06 02:22:12 | symbol_done | idx=107 | total=120 | symbol=BNBUSDT | status=skip | reason=no_latest_setup | signals=0 | elapsed_s=0.080
2026-04-06 02:22:12 | symbol_done | idx=108 | total=120 | symbol=BNTUSDT | status=skip | reason=no_latest_setup | signals=0 | elapsed_s=0.067
2026-04-06 02:22:12 | symbol_done | idx=109 | total=120 | symbol=BOBUSDT | status=skip | reason=no_latest_setup | signals=0 | elapsed_s=0.058
2026-04-06 02:22:12 | symbol_done | idx=110 | total=120 | symbol=BOMEUSDT | status=skip | reason=no_latest_setup | signals=0 | elapsed_s=0.066
2026-04-06 02:22:12 | symbol_done | idx=111 | total=120 | symbol=BRETTUSDT | status=skip | reason=no_latest_setup | signals=0 | elapsed_s=0.051
2026-04-06 02:22:12 | symbol_done | idx=112 | total=120 | symbol=BREVUSDT | status=skip | reason=no_latest_setup | signals=0 | elapsed_s=0.047
2026-04-06 02:22:12 | symbol_done | idx=113 | total=120 | symbol=BROCCOLI714USDT | status=skip | reason=no_latest_setup | signals=0 | elapsed_s=0.064
2026-04-06 02:22:12 | symbol_done | idx=114 | total=120 | symbol=BROCCOLIF3BUSDT | status=skip | reason=no_latest_setup | signals=0 | elapsed_s=0.066
2026-04-06 02:22:12 | symbol_done | idx=115 | total=120 | symbol=BRUSDT | status=skip | reason=no_latest_setup | signals=0 | elapsed_s=0.054
2026-04-06 02:22:12 | symbol_done | idx=116 | total=120 | symbol=BSBUSDT | status=skip | reason=insufficient_history | signals=0 | elapsed_s=0.032
2026-04-06 02:22:12 | symbol_done | idx=117 | total=120 | symbol=BSVUSDT | status=skip | reason=no_latest_setup | signals=0 | elapsed_s=0.085
2026-04-06 02:22:12 | symbol_done | idx=118 | total=120 | symbol=BTC-260327USDT | status=skip | reason=insufficient_history | signals=0 | elapsed_s=0.003
2026-04-06 02:22:13 | symbol_done | idx=119 | total=120 | symbol=BTCDOMUSDT | status=skip | reason=no_setup | signals=0 | elapsed_s=0.064
2026-04-06 02:22:13 | symbol_done | idx=120 | total=120 | symbol=BTCUSDT | status=skip | reason=no_latest_setup | signals=0 | elapsed_s=0.075
2026-04-06 02:22:13 | scan_end | timeframe=1h | symbols=120 | total_signals=0 | elapsed_s=8.488 | log_file=D:\Code\Projects\self-projects\macd-overlay - Copy\output\scanner_debug_recent.log
2026-04-06 02:22:13 | scan_start | timeframe=1h | symbols=120 | lookback_days=450 | batch_predict=True
2026-04-06 02:22:13 | symbol_done | idx=1 | total=120 | symbol=0GUSDT | status=skip | reason=no_latest_setup | signals=0 | elapsed_s=0.071
2026-04-06 02:22:13 | symbol_done | idx=2 | total=120 | symbol=1000000BOBUSDT | status=skip | reason=no_latest_setup | signals=0 | elapsed_s=0.072
2026-04-06 02:22:13 | symbol_done | idx=3 | total=120 | symbol=1000000MOGUSDT | status=skip | reason=no_latest_setup | signals=0 | elapsed_s=0.077
2026-04-06 02:22:13 | symbol_done | idx=4 | total=120 | symbol=1000BONKUSDT | status=skip | reason=no_latest_setup | signals=0 | elapsed_s=0.077
2026-04-06 02:22:13 | symbol_done | idx=5 | total=120 | symbol=1000CATUSDT | status=skip | reason=no_latest_setup | signals=0 | elapsed_s=0.080
2026-04-06 02:22:13 | symbol_done | idx=6 | total=120 | symbol=1000CHEEMSUSDT | status=skip | reason=no_latest_setup | signals=0 | elapsed_s=0.061
2026-04-06 02:22:13 | symbol_done | idx=7 | total=120 | symbol=1000FLOKIUSDT | status=skip | reason=no_latest_setup | signals=0 | elapsed_s=0.083
2026-04-06 02:22:13 | symbol_done | idx=8 | total=120 | symbol=1000LUNCUSDT | status=skip | reason=no_latest_setup | signals=0 | elapsed_s=0.070
2026-04-06 02:22:13 | symbol_done | idx=9 | total=120 | symbol=1000PEPEUSDT | status=skip | reason=no_latest_setup | signals=0 | elapsed_s=0.163
2026-04-06 02:22:13 | symbol_done | idx=10 | total=120 | symbol=1000RATSUSDT | status=skip | reason=no_latest_setup | signals=0 | elapsed_s=0.081
2026-04-06 02:22:14 | symbol_done | idx=11 | total=120 | symbol=1000SATSUSDT | status=skip | reason=no_latest_setup | signals=0 | elapsed_s=0.074
2026-04-06 02:22:14 | symbol_done | idx=12 | total=120 | symbol=1000SHIBUSDT | status=skip | reason=no_latest_setup | signals=0 | elapsed_s=0.072
2026-04-06 02:22:14 | symbol_done | idx=13 | total=120 | symbol=1000WHYUSDT | status=skip | reason=no_latest_setup | signals=0 | elapsed_s=0.055
2026-04-06 02:22:14 | symbol_done | idx=14 | total=120 | symbol=1000XECUSDT | status=skip | reason=no_setup | signals=0 | elapsed_s=0.057
2026-04-06 02:22:14 | symbol_done | idx=15 | total=120 | symbol=1INCHUSDT | status=skip | reason=no_latest_setup | signals=0 | elapsed_s=0.079
2026-04-06 02:22:14 | symbol_done | idx=16 | total=120 | symbol=1MBABYDOGEUSDT | status=skip | reason=no_latest_setup | signals=0 | elapsed_s=0.062
2026-04-06 02:22:14 | symbol_done | idx=17 | total=120 | symbol=2ZUSDT | status=skip | reason=no_latest_setup | signals=0 | elapsed_s=0.059
2026-04-06 02:22:14 | symbol_done | idx=18 | total=120 | symbol=42USDT | status=skip | reason=no_latest_setup | signals=0 | elapsed_s=0.069
2026-04-06 02:22:14 | symbol_done | idx=19 | total=120 | symbol=4USDT | status=skip | reason=no_latest_setup | signals=0 | elapsed_s=0.084
2026-04-06 02:22:14 | symbol_done | idx=20 | total=120 | symbol=A2ZUSDT | status=skip | reason=no_latest_setup | signals=0 | elapsed_s=0.065
2026-04-06 02:22:14 | symbol_done | idx=21 | total=120 | symbol=AAVEUSDT | status=skip | reason=no_latest_setup | signals=0 | elapsed_s=0.079
2026-04-06 02:22:14 | symbol_done | idx=22 | total=120 | symbol=ACEUSDT | status=skip | reason=no_latest_setup | signals=0 | elapsed_s=0.064
2026-04-06 02:22:14 | symbol_done | idx=23 | total=120 | symbol=ACHUSDT | status=skip | reason=no_latest_setup | signals=0 | elapsed_s=0.060
2026-04-06 02:22:14 | symbol_done | idx=24 | total=120 | symbol=ACTUSDT | status=skip | reason=no_latest_setup | signals=0 | elapsed_s=0.062
2026-04-06 02:22:14 | symbol_done | idx=25 | total=120 | symbol=ACUUSDT | status=skip | reason=no_latest_setup | signals=0 | elapsed_s=0.088
2026-04-06 02:22:15 | symbol_done | idx=26 | total=120 | symbol=ACXUSDT | status=skip | reason=no_latest_setup | signals=0 | elapsed_s=0.079
2026-04-06 02:22:15 | symbol_done | idx=27 | total=120 | symbol=ADAUSDT | status=skip | reason=no_latest_setup | signals=0 | elapsed_s=0.064
2026-04-06 02:22:15 | symbol_done | idx=28 | total=120 | symbol=AERGOUSDT | status=skip | reason=no_latest_setup | signals=0 | elapsed_s=0.046
2026-04-06 02:22:15 | symbol_done | idx=29 | total=120 | symbol=AEROUSDT | status=skip | reason=no_latest_setup | signals=0 | elapsed_s=0.074
2026-04-06 02:22:15 | symbol_done | idx=30 | total=120 | symbol=AEVOUSDT | status=skip | reason=no_latest_setup | signals=0 | elapsed_s=0.102
2026-04-06 02:22:15 | symbol_done | idx=31 | total=120 | symbol=AGLDUSDT | status=skip | reason=no_latest_setup | signals=0 | elapsed_s=0.148
2026-04-06 02:22:15 | symbol_done | idx=32 | total=120 | symbol=AGTUSDT | status=skip | reason=no_latest_setup | signals=0 | elapsed_s=0.089
2026-04-06 02:22:15 | symbol_done | idx=33 | total=120 | symbol=AIAUSDT | status=skip | reason=no_latest_setup | signals=0 | elapsed_s=0.084
2026-04-06 02:22:15 | symbol_done | idx=34 | total=120 | symbol=AINUSDT | status=skip | reason=no_latest_setup | signals=0 | elapsed_s=0.082
2026-04-06 02:22:15 | symbol_done | idx=35 | total=120 | symbol=AIOTUSDT | status=skip | reason=no_latest_setup | signals=0 | elapsed_s=0.082
2026-04-06 02:22:15 | symbol_done | idx=36 | total=120 | symbol=AIOUSDT | status=skip | reason=no_latest_setup | signals=0 | elapsed_s=0.079
2026-04-06 02:22:16 | symbol_done | idx=37 | total=120 | symbol=AIUSDT | status=skip | reason=no_latest_setup | signals=0 | elapsed_s=0.079
2026-04-06 02:22:16 | symbol_done | idx=38 | total=120 | symbol=AIXBTUSDT | status=skip | reason=no_latest_setup | signals=0 | elapsed_s=0.075
2026-04-06 02:22:16 | symbol_done | idx=39 | total=120 | symbol=AKEUSDT | status=skip | reason=no_latest_setup | signals=0 | elapsed_s=0.076
2026-04-06 02:22:16 | symbol_done | idx=40 | total=120 | symbol=AKTUSDT | status=skip | reason=no_latest_setup | signals=0 | elapsed_s=0.078
2026-04-06 02:22:16 | symbol_done | idx=41 | total=120 | symbol=ALCHUSDT | status=skip | reason=no_latest_setup | signals=0 | elapsed_s=0.074
2026-04-06 02:22:16 | symbol_done | idx=42 | total=120 | symbol=ALGOUSDT | status=skip | reason=no_latest_setup | signals=0 | elapsed_s=0.066
2026-04-06 02:22:16 | symbol_done | idx=43 | total=120 | symbol=ALICEUSDT | status=skip | reason=no_latest_setup | signals=0 | elapsed_s=0.084
2026-04-06 02:22:16 | symbol_done | idx=44 | total=120 | symbol=ALLOUSDT | status=skip | reason=no_latest_setup | signals=0 | elapsed_s=0.084
2026-04-06 02:22:16 | symbol_done | idx=45 | total=120 | symbol=ALLUSDT | status=skip | reason=no_latest_setup | signals=0 | elapsed_s=0.066
2026-04-06 02:22:16 | symbol_done | idx=46 | total=120 | symbol=ALPINEUSDT | status=skip | reason=no_setup | signals=0 | elapsed_s=0.065
2026-04-06 02:22:16 | symbol_done | idx=47 | total=120 | symbol=ALTUSDT | status=skip | reason=no_latest_setup | signals=0 | elapsed_s=0.070
2026-04-06 02:22:16 | symbol_done | idx=48 | total=120 | symbol=AMZNUSDT | status=skip | reason=no_setup | signals=0 | elapsed_s=0.067
2026-04-06 02:22:16 | symbol_done | idx=49 | total=120 | symbol=ANIMEUSDT | status=skip | reason=no_latest_setup | signals=0 | elapsed_s=0.071
2026-04-06 02:22:16 | symbol_done | idx=50 | total=120 | symbol=ANKRUSDT | status=skip | reason=no_latest_setup | signals=0 | elapsed_s=0.071
2026-04-06 02:22:17 | symbol_done | idx=51 | total=120 | symbol=APEUSDT | status=skip | reason=no_latest_setup | signals=0 | elapsed_s=0.069
2026-04-06 02:22:17 | symbol_done | idx=52 | total=120 | symbol=API3USDT | status=skip | reason=no_latest_setup | signals=0 | elapsed_s=0.077
2026-04-06 02:22:17 | symbol_done | idx=53 | total=120 | symbol=APRUSDT | status=skip | reason=no_latest_setup | signals=0 | elapsed_s=0.084
2026-04-06 02:22:17 | symbol_done | idx=54 | total=120 | symbol=APTUSDT | status=skip | reason=no_latest_setup | signals=0 | elapsed_s=0.098
2026-04-06 02:22:17 | symbol_done | idx=55 | total=120 | symbol=ARBUSDT | status=skip | reason=no_latest_setup | signals=0 | elapsed_s=0.084
2026-04-06 02:22:17 | symbol_done | idx=56 | total=120 | symbol=ARCUSDT | status=skip | reason=no_latest_setup | signals=0 | elapsed_s=0.084
2026-04-06 02:22:17 | symbol_done | idx=57 | total=120 | symbol=ARIAUSDT | status=skip | reason=no_latest_setup | signals=0 | elapsed_s=0.078
2026-04-06 02:22:17 | symbol_done | idx=58 | total=120 | symbol=ARKMUSDT | status=skip | reason=no_latest_setup | signals=0 | elapsed_s=0.073
2026-04-06 02:22:17 | symbol_done | idx=59 | total=120 | symbol=ARKUSDT | status=skip | reason=no_latest_setup | signals=0 | elapsed_s=0.068
2026-04-06 02:22:17 | symbol_done | idx=60 | total=120 | symbol=ARPAUSDT | status=skip | reason=no_latest_setup | signals=0 | elapsed_s=0.065
2026-04-06 02:22:17 | symbol_done | idx=61 | total=120 | symbol=ARUSDT | status=skip | reason=no_latest_setup | signals=0 | elapsed_s=0.083
2026-04-06 02:22:17 | symbol_done | idx=62 | total=120 | symbol=ASRUSDT | status=skip | reason=no_latest_setup | signals=0 | elapsed_s=0.071
2026-04-06 02:22:17 | symbol_done | idx=63 | total=120 | symbol=ASTERUSDT | status=skip | reason=no_latest_setup | signals=0 | elapsed_s=0.061
2026-04-06 02:22:18 | symbol_done | idx=64 | total=120 | symbol=ASTRUSDT | status=skip | reason=no_latest_setup | signals=0 | elapsed_s=0.069
2026-04-06 02:22:18 | symbol_done | idx=65 | total=120 | symbol=ATAUSDT | status=skip | reason=no_latest_setup | signals=0 | elapsed_s=0.080
2026-04-06 02:22:18 | symbol_done | idx=66 | total=120 | symbol=ATHUSDT | status=skip | reason=no_latest_setup | signals=0 | elapsed_s=0.074
2026-04-06 02:22:18 | symbol_done | idx=67 | total=120 | symbol=ATOMUSDT | status=skip | reason=no_latest_setup | signals=0 | elapsed_s=0.085
2026-04-06 02:22:18 | symbol_done | idx=68 | total=120 | symbol=ATUSDT | status=skip | reason=no_latest_setup | signals=0 | elapsed_s=0.057
2026-04-06 02:22:18 | symbol_done | idx=69 | total=120 | symbol=AUCTIONUSDT | status=skip | reason=no_latest_setup | signals=0 | elapsed_s=0.060
2026-04-06 02:22:18 | symbol_done | idx=70 | total=120 | symbol=AUSDT | status=skip | reason=no_latest_setup | signals=0 | elapsed_s=0.068
2026-04-06 02:22:18 | symbol_done | idx=71 | total=120 | symbol=AVAAIUSDT | status=skip | reason=no_latest_setup | signals=0 | elapsed_s=0.073
2026-04-06 02:22:18 | symbol_done | idx=72 | total=120 | symbol=AVAUSDT | status=skip | reason=no_latest_setup | signals=0 | elapsed_s=0.071
2026-04-06 02:22:18 | symbol_done | idx=73 | total=120 | symbol=AVAXUSDT | status=skip | reason=no_latest_setup | signals=0 | elapsed_s=0.189
2026-04-06 02:22:18 | symbol_done | idx=74 | total=120 | symbol=AVNTUSDT | status=skip | reason=no_latest_setup | signals=0 | elapsed_s=0.084
2026-04-06 02:22:18 | symbol_done | idx=75 | total=120 | symbol=AWEUSDT | status=skip | reason=no_latest_setup | signals=0 | elapsed_s=0.073
2026-04-06 02:22:19 | symbol_done | idx=76 | total=120 | symbol=AXLUSDT | status=skip | reason=no_latest_setup | signals=0 | elapsed_s=0.075
2026-04-06 02:22:19 | symbol_done | idx=77 | total=120 | symbol=AXSUSDT | status=skip | reason=no_latest_setup | signals=0 | elapsed_s=0.070
2026-04-06 02:22:19 | symbol_done | idx=78 | total=120 | symbol=AZTECUSDT | status=skip | reason=no_latest_setup | signals=0 | elapsed_s=0.091
2026-04-06 02:22:19 | symbol_done | idx=79 | total=120 | symbol=B2USDT | status=skip | reason=no_latest_setup | signals=0 | elapsed_s=0.093
2026-04-06 02:22:19 | symbol_done | idx=80 | total=120 | symbol=B3USDT | status=skip | reason=no_latest_setup | signals=0 | elapsed_s=0.084
2026-04-06 02:22:19 | symbol_done | idx=81 | total=120 | symbol=BABYUSDT | status=skip | reason=no_latest_setup | signals=0 | elapsed_s=0.072
2026-04-06 02:22:19 | symbol_done | idx=82 | total=120 | symbol=BANANAS31USDT | status=skip | reason=no_latest_setup | signals=0 | elapsed_s=0.080
2026-04-06 02:22:19 | symbol_done | idx=83 | total=120 | symbol=BANANAUSDT | status=skip | reason=no_latest_setup | signals=0 | elapsed_s=0.088
2026-04-06 02:22:19 | symbol_done | idx=84 | total=120 | symbol=BANDUSDT | status=skip | reason=no_latest_setup | signals=0 | elapsed_s=0.157
2026-04-06 02:22:19 | symbol_done | idx=85 | total=120 | symbol=BANKUSDT | status=skip | reason=no_latest_setup | signals=0 | elapsed_s=0.071
2026-04-06 02:22:19 | symbol_done | idx=86 | total=120 | symbol=BANUSDT | status=skip | reason=no_latest_setup | signals=0 | elapsed_s=0.064
2026-04-06 02:22:20 | symbol_done | idx=87 | total=120 | symbol=BARDUSDT | status=skip | reason=no_latest_setup | signals=0 | elapsed_s=0.070
2026-04-06 02:22:20 | symbol_done | idx=88 | total=120 | symbol=BASEDUSDT | status=skip | reason=insufficient_history | signals=0 | elapsed_s=0.038
2026-04-06 02:22:20 | symbol_done | idx=89 | total=120 | symbol=BASUSDT | status=skip | reason=no_latest_setup | signals=0 | elapsed_s=0.062
2026-04-06 02:22:20 | symbol_done | idx=90 | total=120 | symbol=BATUSDT | status=skip | reason=no_latest_setup | signals=0 | elapsed_s=0.076
2026-04-06 02:22:20 | symbol_done | idx=91 | total=120 | symbol=BBUSDT | status=skip | reason=no_latest_setup | signals=0 | elapsed_s=0.076
2026-04-06 02:22:20 | symbol_done | idx=92 | total=120 | symbol=BCHUSDT | status=skip | reason=no_latest_setup | signals=0 | elapsed_s=0.072
2026-04-06 02:22:20 | symbol_done | idx=93 | total=120 | symbol=BDXNUSDT | status=skip | reason=no_latest_setup | signals=0 | elapsed_s=0.052
2026-04-06 02:22:20 | symbol_done | idx=94 | total=120 | symbol=BEAMXUSDT | status=skip | reason=no_latest_setup | signals=0 | elapsed_s=0.069
2026-04-06 02:22:20 | symbol_done | idx=96 | total=120 | symbol=BELUSDT | status=skip | reason=no_latest_setup | signals=0 | elapsed_s=0.049
2026-04-06 02:22:20 | symbol_done | idx=97 | total=120 | symbol=BERAUSDT | status=skip | reason=no_latest_setup | signals=0 | elapsed_s=0.074
2026-04-06 02:22:20 | symbol_done | idx=98 | total=120 | symbol=BICOUSDT | status=skip | reason=no_latest_setup | signals=0 | elapsed_s=0.075
2026-04-06 02:22:20 | symbol_done | idx=99 | total=120 | symbol=BIDUSDT | status=skip | reason=no_latest_setup | signals=0 | elapsed_s=0.062
2026-04-06 02:22:20 | symbol_done | idx=100 | total=120 | symbol=BIGTIMEUSDT | status=skip | reason=no_latest_setup | signals=0 | elapsed_s=0.065
2026-04-06 02:22:20 | symbol_done | idx=101 | total=120 | symbol=BIOUSDT | status=skip | reason=no_latest_setup | signals=0 | elapsed_s=0.050
2026-04-06 02:22:20 | symbol_done | idx=102 | total=120 | symbol=BIRBUSDT | status=skip | reason=no_latest_setup | signals=0 | elapsed_s=0.071
2026-04-06 02:22:21 | symbol_done | idx=103 | total=120 | symbol=BLESSUSDT | status=skip | reason=no_latest_setup | signals=0 | elapsed_s=0.057
2026-04-06 02:22:21 | symbol_done | idx=104 | total=120 | symbol=BLUAIUSDT | status=skip | reason=no_latest_setup | signals=0 | elapsed_s=0.046
2026-04-06 02:22:21 | symbol_done | idx=105 | total=120 | symbol=BLURUSDT | status=skip | reason=no_latest_setup | signals=0 | elapsed_s=0.061
2026-04-06 02:22:21 | symbol_done | idx=106 | total=120 | symbol=BMTUSDT | status=skip | reason=no_latest_setup | signals=0 | elapsed_s=0.056
2026-04-06 02:22:21 | symbol_done | idx=107 | total=120 | symbol=BNBUSDT | status=skip | reason=no_latest_setup | signals=0 | elapsed_s=0.065
2026-04-06 02:22:21 | symbol_done | idx=108 | total=120 | symbol=BNTUSDT | status=skip | reason=no_latest_setup | signals=0 | elapsed_s=0.055
2026-04-06 02:22:21 | symbol_done | idx=109 | total=120 | symbol=BOBUSDT | status=skip | reason=no_latest_setup | signals=0 | elapsed_s=0.062
2026-04-06 02:22:21 | symbol_done | idx=110 | total=120 | symbol=BOMEUSDT | status=skip | reason=no_latest_setup | signals=0 | elapsed_s=0.060
2026-04-06 02:22:21 | symbol_done | idx=111 | total=120 | symbol=BRETTUSDT | status=skip | reason=no_latest_setup | signals=0 | elapsed_s=0.064
2026-04-06 02:22:21 | symbol_done | idx=112 | total=120 | symbol=BREVUSDT | status=skip | reason=no_latest_setup | signals=0 | elapsed_s=0.060
2026-04-06 02:22:21 | symbol_done | idx=113 | total=120 | symbol=BROCCOLI714USDT | status=skip | reason=no_latest_setup | signals=0 | elapsed_s=0.041
2026-04-06 02:22:21 | symbol_done | idx=114 | total=120 | symbol=BROCCOLIF3BUSDT | status=skip | reason=no_latest_setup | signals=0 | elapsed_s=0.056
2026-04-06 02:22:21 | symbol_done | idx=115 | total=120 | symbol=BRUSDT | status=skip | reason=no_latest_setup | signals=0 | elapsed_s=0.074
2026-04-06 02:22:21 | symbol_done | idx=116 | total=120 | symbol=BSBUSDT | status=skip | reason=insufficient_history | signals=0 | elapsed_s=0.038
2026-04-06 02:22:21 | symbol_done | idx=117 | total=120 | symbol=BSVUSDT | status=skip | reason=no_latest_setup | signals=0 | elapsed_s=0.057
2026-04-06 02:22:21 | symbol_done | idx=118 | total=120 | symbol=BTC-260327USDT | status=skip | reason=insufficient_history | signals=0 | elapsed_s=0.002
2026-04-06 02:22:21 | symbol_done | idx=119 | total=120 | symbol=BTCDOMUSDT | status=skip | reason=no_setup | signals=0 | elapsed_s=0.058
2026-04-06 02:22:21 | symbol_done | idx=120 | total=120 | symbol=BTCUSDT | status=skip | reason=no_latest_setup | signals=0 | elapsed_s=0.059
2026-04-06 02:22:24 | symbol_done | idx=95 | total=120 | symbol=BEATUSDT | status=ok | reason=signal_emitted | signals=1 | elapsed_s=4.044
2026-04-06 02:22:24 | scan_end | timeframe=1h | symbols=120 | total_signals=1 | elapsed_s=11.407 | log_file=D:\Code\Projects\self-projects\macd-overlay - Copy\output\scanner_debug_recent.log
2026-04-06 02:22:24 | scan_start | timeframe=1h | symbols=120 | lookback_days=450 | batch_predict=True
2026-04-06 02:22:24 | symbol_done | idx=1 | total=120 | symbol=0GUSDT | status=skip | reason=no_latest_setup | signals=0 | elapsed_s=0.061
2026-04-06 02:22:24 | symbol_done | idx=2 | total=120 | symbol=1000000BOBUSDT | status=skip | reason=no_latest_setup | signals=0 | elapsed_s=0.073
2026-04-06 02:22:24 | symbol_done | idx=3 | total=120 | symbol=1000000MOGUSDT | status=skip | reason=no_latest_setup | signals=0 | elapsed_s=0.073
2026-04-06 02:22:24 | symbol_done | idx=4 | total=120 | symbol=1000BONKUSDT | status=skip | reason=no_latest_setup | signals=0 | elapsed_s=0.074
2026-04-06 02:22:24 | symbol_done | idx=5 | total=120 | symbol=1000CATUSDT | status=skip | reason=no_latest_setup | signals=0 | elapsed_s=0.081
2026-04-06 02:22:24 | symbol_done | idx=6 | total=120 | symbol=1000CHEEMSUSDT | status=skip | reason=no_latest_setup | signals=0 | elapsed_s=0.072
2026-04-06 02:22:25 | symbol_done | idx=7 | total=120 | symbol=1000FLOKIUSDT | status=skip | reason=no_latest_setup | signals=0 | elapsed_s=0.076
2026-04-06 02:22:25 | symbol_done | idx=8 | total=120 | symbol=1000LUNCUSDT | status=skip | reason=no_latest_setup | signals=0 | elapsed_s=0.085
2026-04-06 02:22:25 | symbol_done | idx=9 | total=120 | symbol=1000PEPEUSDT | status=skip | reason=no_latest_setup | signals=0 | elapsed_s=0.095
2026-04-06 02:22:25 | symbol_done | idx=10 | total=120 | symbol=1000RATSUSDT | status=skip | reason=no_latest_setup | signals=0 | elapsed_s=0.073
2026-04-06 02:22:25 | symbol_done | idx=11 | total=120 | symbol=1000SATSUSDT | status=skip | reason=no_latest_setup | signals=0 | elapsed_s=0.070
2026-04-06 02:22:25 | symbol_done | idx=12 | total=120 | symbol=1000SHIBUSDT | status=skip | reason=no_latest_setup | signals=0 | elapsed_s=0.064
2026-04-06 02:22:25 | symbol_done | idx=13 | total=120 | symbol=1000WHYUSDT | status=skip | reason=no_latest_setup | signals=0 | elapsed_s=0.061
2026-04-06 02:22:25 | symbol_done | idx=14 | total=120 | symbol=1000XECUSDT | status=skip | reason=no_setup | signals=0 | elapsed_s=0.067
2026-04-06 02:22:25 | symbol_done | idx=15 | total=120 | symbol=1INCHUSDT | status=skip | reason=no_latest_setup | signals=0 | elapsed_s=0.086
2026-04-06 02:22:25 | symbol_done | idx=16 | total=120 | symbol=1MBABYDOGEUSDT | status=skip | reason=no_latest_setup | signals=0 | elapsed_s=0.072
2026-04-06 02:22:25 | symbol_done | idx=17 | total=120 | symbol=2ZUSDT | status=skip | reason=no_latest_setup | signals=0 | elapsed_s=0.065
2026-04-06 02:22:25 | symbol_done | idx=18 | total=120 | symbol=42USDT | status=skip | reason=no_latest_setup | signals=0 | elapsed_s=0.071
2026-04-06 02:22:25 | symbol_done | idx=19 | total=120 | symbol=4USDT | status=skip | reason=no_latest_setup | signals=0 | elapsed_s=0.064
2026-04-06 02:22:25 | symbol_done | idx=20 | total=120 | symbol=A2ZUSDT | status=skip | reason=no_latest_setup | signals=0 | elapsed_s=0.062
2026-04-06 02:22:26 | symbol_done | idx=21 | total=120 | symbol=AAVEUSDT | status=skip | reason=no_latest_setup | signals=0 | elapsed_s=0.080
2026-04-06 02:22:26 | symbol_done | idx=22 | total=120 | symbol=ACEUSDT | status=skip | reason=no_latest_setup | signals=0 | elapsed_s=0.080
2026-04-06 02:22:26 | symbol_done | idx=23 | total=120 | symbol=ACHUSDT | status=skip | reason=no_latest_setup | signals=0 | elapsed_s=0.074
2026-04-06 02:22:26 | symbol_done | idx=24 | total=120 | symbol=ACTUSDT | status=skip | reason=no_latest_setup | signals=0 | elapsed_s=0.048
2026-04-06 02:22:26 | symbol_done | idx=25 | total=120 | symbol=ACUUSDT | status=skip | reason=no_latest_setup | signals=0 | elapsed_s=0.040
2026-04-06 02:22:26 | symbol_done | idx=26 | total=120 | symbol=ACXUSDT | status=skip | reason=no_latest_setup | signals=0 | elapsed_s=0.067
2026-04-06 02:22:26 | symbol_done | idx=27 | total=120 | symbol=ADAUSDT | status=skip | reason=no_latest_setup | signals=0 | elapsed_s=0.058
2026-04-06 02:22:26 | symbol_done | idx=28 | total=120 | symbol=AERGOUSDT | status=skip | reason=no_latest_setup | signals=0 | elapsed_s=0.057
2026-04-06 02:22:26 | symbol_done | idx=29 | total=120 | symbol=AEROUSDT | status=skip | reason=no_latest_setup | signals=0 | elapsed_s=0.086
2026-04-06 02:22:26 | symbol_done | idx=30 | total=120 | symbol=AEVOUSDT | status=skip | reason=no_latest_setup | signals=0 | elapsed_s=0.061
2026-04-06 02:22:26 | symbol_done | idx=31 | total=120 | symbol=AGLDUSDT | status=skip | reason=no_latest_setup | signals=0 | elapsed_s=0.076
2026-04-06 02:22:26 | symbol_done | idx=32 | total=120 | symbol=AGTUSDT | status=skip | reason=no_latest_setup | signals=0 | elapsed_s=0.075
2026-04-06 02:22:26 | symbol_done | idx=33 | total=120 | symbol=AIAUSDT | status=skip | reason=no_latest_setup | signals=0 | elapsed_s=0.078
2026-04-06 02:22:26 | symbol_done | idx=34 | total=120 | symbol=AINUSDT | status=skip | reason=no_latest_setup | signals=0 | elapsed_s=0.078
2026-04-06 02:22:27 | symbol_done | idx=35 | total=120 | symbol=AIOTUSDT | status=skip | reason=no_latest_setup | signals=0 | elapsed_s=0.078
2026-04-06 02:22:27 | symbol_done | idx=36 | total=120 | symbol=AIOUSDT | status=skip | reason=no_latest_setup | signals=0 | elapsed_s=0.145
2026-04-06 02:22:27 | symbol_done | idx=37 | total=120 | symbol=AIUSDT | status=skip | reason=no_latest_setup | signals=0 | elapsed_s=0.060
2026-04-06 02:22:27 | symbol_done | idx=38 | total=120 | symbol=AIXBTUSDT | status=skip | reason=no_latest_setup | signals=0 | elapsed_s=0.084
2026-04-06 02:22:27 | symbol_done | idx=39 | total=120 | symbol=AKEUSDT | status=skip | reason=no_latest_setup | signals=0 | elapsed_s=0.076
2026-04-06 02:22:27 | symbol_done | idx=40 | total=120 | symbol=AKTUSDT | status=skip | reason=no_latest_setup | signals=0 | elapsed_s=0.074
2026-04-06 02:22:27 | symbol_done | idx=41 | total=120 | symbol=ALCHUSDT | status=skip | reason=no_latest_setup | signals=0 | elapsed_s=0.072
2026-04-06 02:22:27 | symbol_done | idx=42 | total=120 | symbol=ALGOUSDT | status=skip | reason=no_latest_setup | signals=0 | elapsed_s=0.079
2026-04-06 02:22:27 | symbol_done | idx=43 | total=120 | symbol=ALICEUSDT | status=skip | reason=no_latest_setup | signals=0 | elapsed_s=0.072
2026-04-06 02:22:27 | symbol_done | idx=44 | total=120 | symbol=ALLOUSDT | status=skip | reason=no_latest_setup | signals=0 | elapsed_s=0.069
2026-04-06 02:22:27 | symbol_done | idx=45 | total=120 | symbol=ALLUSDT | status=skip | reason=no_latest_setup | signals=0 | elapsed_s=0.078
2026-04-06 02:22:27 | symbol_done | idx=46 | total=120 | symbol=ALPINEUSDT | status=skip | reason=no_setup | signals=0 | elapsed_s=0.066
2026-04-06 02:22:27 | symbol_done | idx=47 | total=120 | symbol=ALTUSDT | status=skip | reason=no_latest_setup | signals=0 | elapsed_s=0.072
2026-04-06 02:22:28 | symbol_done | idx=48 | total=120 | symbol=AMZNUSDT | status=skip | reason=no_setup | signals=0 | elapsed_s=0.063
2026-04-06 02:22:28 | symbol_done | idx=49 | total=120 | symbol=ANIMEUSDT | status=skip | reason=no_latest_setup | signals=0 | elapsed_s=0.062
2026-04-06 02:22:28 | symbol_done | idx=50 | total=120 | symbol=ANKRUSDT | status=skip | reason=no_latest_setup | signals=0 | elapsed_s=0.072
2026-04-06 02:22:28 | symbol_done | idx=51 | total=120 | symbol=APEUSDT | status=skip | reason=no_latest_setup | signals=0 | elapsed_s=0.077
2026-04-06 02:22:28 | symbol_done | idx=52 | total=120 | symbol=API3USDT | status=skip | reason=no_latest_setup | signals=0 | elapsed_s=0.071
2026-04-06 02:22:28 | symbol_done | idx=53 | total=120 | symbol=APRUSDT | status=skip | reason=no_latest_setup | signals=0 | elapsed_s=0.084
2026-04-06 02:22:28 | symbol_done | idx=54 | total=120 | symbol=APTUSDT | status=skip | reason=no_latest_setup | signals=0 | elapsed_s=0.081
2026-04-06 02:22:28 | symbol_done | idx=55 | total=120 | symbol=ARBUSDT | status=skip | reason=no_latest_setup | signals=0 | elapsed_s=0.069
2026-04-06 02:22:28 | symbol_done | idx=56 | total=120 | symbol=ARCUSDT | status=skip | reason=no_latest_setup | signals=0 | elapsed_s=0.080
2026-04-06 02:22:28 | symbol_done | idx=57 | total=120 | symbol=ARIAUSDT | status=skip | reason=no_latest_setup | signals=0 | elapsed_s=0.076
2026-04-06 02:22:28 | symbol_done | idx=58 | total=120 | symbol=ARKMUSDT | status=skip | reason=no_latest_setup | signals=0 | elapsed_s=0.074
2026-04-06 02:22:28 | symbol_done | idx=59 | total=120 | symbol=ARKUSDT | status=skip | reason=no_latest_setup | signals=0 | elapsed_s=0.080
2026-04-06 02:22:28 | symbol_done | idx=60 | total=120 | symbol=ARPAUSDT | status=skip | reason=no_latest_setup | signals=0 | elapsed_s=0.085
2026-04-06 02:22:29 | symbol_done | idx=61 | total=120 | symbol=ARUSDT | status=skip | reason=no_latest_setup | signals=0 | elapsed_s=0.064
2026-04-06 02:22:29 | symbol_done | idx=62 | total=120 | symbol=ASRUSDT | status=skip | reason=no_latest_setup | signals=0 | elapsed_s=0.075
2026-04-06 02:22:29 | symbol_done | idx=63 | total=120 | symbol=ASTERUSDT | status=skip | reason=no_latest_setup | signals=0 | elapsed_s=0.072
2026-04-06 02:22:29 | symbol_done | idx=64 | total=120 | symbol=ASTRUSDT | status=skip | reason=no_latest_setup | signals=0 | elapsed_s=0.054
2026-04-06 02:22:29 | symbol_done | idx=65 | total=120 | symbol=ATAUSDT | status=skip | reason=no_latest_setup | signals=0 | elapsed_s=0.075
2026-04-06 02:22:29 | symbol_done | idx=66 | total=120 | symbol=ATHUSDT | status=skip | reason=no_latest_setup | signals=0 | elapsed_s=0.065
2026-04-06 02:22:29 | symbol_done | idx=67 | total=120 | symbol=ATOMUSDT | status=skip | reason=no_latest_setup | signals=0 | elapsed_s=0.046
2026-04-06 02:22:29 | symbol_done | idx=68 | total=120 | symbol=ATUSDT | status=skip | reason=no_latest_setup | signals=0 | elapsed_s=0.066
2026-04-06 02:22:29 | symbol_done | idx=69 | total=120 | symbol=AUCTIONUSDT | status=skip | reason=no_latest_setup | signals=0 | elapsed_s=0.069
2026-04-06 02:22:29 | symbol_done | idx=70 | total=120 | symbol=AUSDT | status=skip | reason=no_latest_setup | signals=0 | elapsed_s=0.078
2026-04-06 02:22:29 | symbol_done | idx=71 | total=120 | symbol=AVAAIUSDT | status=skip | reason=no_latest_setup | signals=0 | elapsed_s=0.072
2026-04-06 02:22:29 | symbol_done | idx=72 | total=120 | symbol=AVAUSDT | status=skip | reason=no_latest_setup | signals=0 | elapsed_s=0.061
2026-04-06 02:22:29 | symbol_done | idx=73 | total=120 | symbol=AVAXUSDT | status=skip | reason=no_latest_setup | signals=0 | elapsed_s=0.048
2026-04-06 02:22:29 | symbol_done | idx=74 | total=120 | symbol=AVNTUSDT | status=skip | reason=no_latest_setup | signals=0 | elapsed_s=0.064
2026-04-06 02:22:29 | symbol_done | idx=75 | total=120 | symbol=AWEUSDT | status=skip | reason=no_latest_setup | signals=0 | elapsed_s=0.100
2026-04-06 02:22:30 | symbol_done | idx=76 | total=120 | symbol=AXLUSDT | status=skip | reason=no_latest_setup | signals=0 | elapsed_s=0.097
2026-04-06 02:22:30 | symbol_done | idx=77 | total=120 | symbol=AXSUSDT | status=skip | reason=no_latest_setup | signals=0 | elapsed_s=0.064
2026-04-06 02:22:30 | symbol_done | idx=78 | total=120 | symbol=AZTECUSDT | status=skip | reason=no_latest_setup | signals=0 | elapsed_s=0.087
2026-04-06 02:22:30 | symbol_done | idx=79 | total=120 | symbol=B2USDT | status=skip | reason=no_latest_setup | signals=0 | elapsed_s=0.093
2026-04-06 02:22:30 | symbol_done | idx=80 | total=120 | symbol=B3USDT | status=skip | reason=no_latest_setup | signals=0 | elapsed_s=0.075
2026-04-06 02:22:30 | symbol_done | idx=81 | total=120 | symbol=BABYUSDT | status=skip | reason=no_latest_setup | signals=0 | elapsed_s=0.078
2026-04-06 02:22:30 | symbol_done | idx=82 | total=120 | symbol=BANANAS31USDT | status=skip | reason=no_latest_setup | signals=0 | elapsed_s=0.068
2026-04-06 02:22:30 | symbol_done | idx=83 | total=120 | symbol=BANANAUSDT | status=skip | reason=no_latest_setup | signals=0 | elapsed_s=0.052
2026-04-06 02:22:30 | symbol_done | idx=84 | total=120 | symbol=BANDUSDT | status=skip | reason=no_latest_setup | signals=0 | elapsed_s=0.081
2026-04-06 02:22:30 | symbol_done | idx=85 | total=120 | symbol=BANKUSDT | status=skip | reason=no_latest_setup | signals=0 | elapsed_s=0.079
2026-04-06 02:22:30 | symbol_done | idx=86 | total=120 | symbol=BANUSDT | status=skip | reason=no_latest_setup | signals=0 | elapsed_s=0.070
2026-04-06 02:22:30 | symbol_done | idx=87 | total=120 | symbol=BARDUSDT | status=skip | reason=no_latest_setup | signals=0 | elapsed_s=0.071
2026-04-06 02:22:30 | symbol_done | idx=88 | total=120 | symbol=BASEDUSDT | status=skip | reason=insufficient_history | signals=0 | elapsed_s=0.039
2026-04-06 02:22:31 | symbol_done | idx=89 | total=120 | symbol=BASUSDT | status=skip | reason=no_latest_setup | signals=0 | elapsed_s=0.079
2026-04-06 02:22:31 | symbol_done | idx=90 | total=120 | symbol=BATUSDT | status=skip | reason=no_latest_setup | signals=0 | elapsed_s=0.065
2026-04-06 02:22:31 | symbol_done | idx=91 | total=120 | symbol=BBUSDT | status=skip | reason=no_latest_setup | signals=0 | elapsed_s=0.053
2026-04-06 02:22:31 | symbol_done | idx=92 | total=120 | symbol=BCHUSDT | status=skip | reason=no_latest_setup | signals=0 | elapsed_s=0.052
2026-04-06 02:22:31 | symbol_done | idx=93 | total=120 | symbol=BDXNUSDT | status=skip | reason=no_latest_setup | signals=0 | elapsed_s=0.062
2026-04-06 02:22:31 | symbol_done | idx=94 | total=120 | symbol=BEAMXUSDT | status=skip | reason=no_latest_setup | signals=0 | elapsed_s=0.081
2026-04-06 02:22:31 | symbol_done | idx=95 | total=120 | symbol=BEATUSDT | status=skip | reason=no_latest_setup | signals=0 | elapsed_s=0.058
2026-04-06 02:22:31 | symbol_done | idx=96 | total=120 | symbol=BELUSDT | status=skip | reason=no_latest_setup | signals=0 | elapsed_s=0.054
2026-04-06 02:22:31 | symbol_done | idx=97 | total=120 | symbol=BERAUSDT | status=skip | reason=no_latest_setup | signals=0 | elapsed_s=0.046
2026-04-06 02:22:31 | symbol_done | idx=98 | total=120 | symbol=BICOUSDT | status=skip | reason=no_latest_setup | signals=0 | elapsed_s=0.049
2026-04-06 02:22:31 | symbol_done | idx=99 | total=120 | symbol=BIDUSDT | status=skip | reason=no_latest_setup | signals=0 | elapsed_s=0.055
2026-04-06 02:22:31 | symbol_done | idx=100 | total=120 | symbol=BIGTIMEUSDT | status=skip | reason=no_latest_setup | signals=0 | elapsed_s=0.080
2026-04-06 02:22:31 | symbol_done | idx=101 | total=120 | symbol=BIOUSDT | status=skip | reason=no_latest_setup | signals=0 | elapsed_s=0.078
2026-04-06 02:22:31 | symbol_done | idx=102 | total=120 | symbol=BIRBUSDT | status=skip | reason=no_latest_setup | signals=0 | elapsed_s=0.064
2026-04-06 02:22:31 | symbol_done | idx=103 | total=120 | symbol=BLESSUSDT | status=skip | reason=no_latest_setup | signals=0 | elapsed_s=0.060
2026-04-06 02:22:31 | symbol_done | idx=104 | total=120 | symbol=BLUAIUSDT | status=skip | reason=no_latest_setup | signals=0 | elapsed_s=0.072
2026-04-06 02:22:32 | symbol_done | idx=105 | total=120 | symbol=BLURUSDT | status=skip | reason=no_latest_setup | signals=0 | elapsed_s=0.069
2026-04-06 02:22:32 | symbol_done | idx=106 | total=120 | symbol=BMTUSDT | status=skip | reason=no_latest_setup | signals=0 | elapsed_s=0.079
2026-04-06 02:22:32 | symbol_done | idx=107 | total=120 | symbol=BNBUSDT | status=skip | reason=no_latest_setup | signals=0 | elapsed_s=0.075
2026-04-06 02:22:32 | symbol_done | idx=108 | total=120 | symbol=BNTUSDT | status=skip | reason=no_latest_setup | signals=0 | elapsed_s=0.074
2026-04-06 02:22:32 | symbol_done | idx=109 | total=120 | symbol=BOBUSDT | status=skip | reason=no_latest_setup | signals=0 | elapsed_s=0.065
2026-04-06 02:22:32 | symbol_done | idx=110 | total=120 | symbol=BOMEUSDT | status=skip | reason=no_latest_setup | signals=0 | elapsed_s=0.073
2026-04-06 02:22:32 | symbol_done | idx=111 | total=120 | symbol=BRETTUSDT | status=skip | reason=no_latest_setup | signals=0 | elapsed_s=0.078
2026-04-06 02:22:32 | symbol_done | idx=112 | total=120 | symbol=BREVUSDT | status=skip | reason=no_latest_setup | signals=0 | elapsed_s=0.075
2026-04-06 02:22:32 | symbol_done | idx=113 | total=120 | symbol=BROCCOLI714USDT | status=skip | reason=no_latest_setup | signals=0 | elapsed_s=0.066
2026-04-06 02:22:32 | symbol_done | idx=114 | total=120 | symbol=BROCCOLIF3BUSDT | status=skip | reason=no_latest_setup | signals=0 | elapsed_s=0.067
2026-04-06 02:22:32 | symbol_done | idx=115 | total=120 | symbol=BRUSDT | status=skip | reason=no_latest_setup | signals=0 | elapsed_s=0.066
2026-04-06 02:22:32 | symbol_done | idx=116 | total=120 | symbol=BSBUSDT | status=skip | reason=insufficient_history | signals=0 | elapsed_s=0.032
2026-04-06 02:22:32 | symbol_done | idx=117 | total=120 | symbol=BSVUSDT | status=skip | reason=no_latest_setup | signals=0 | elapsed_s=0.077
2026-04-06 02:22:32 | symbol_done | idx=118 | total=120 | symbol=BTC-260327USDT | status=skip | reason=insufficient_history | signals=0 | elapsed_s=0.002
2026-04-06 02:22:32 | symbol_done | idx=119 | total=120 | symbol=BTCDOMUSDT | status=skip | reason=no_setup | signals=0 | elapsed_s=0.070
2026-04-06 02:22:33 | symbol_done | idx=120 | total=120 | symbol=BTCUSDT | status=skip | reason=no_latest_setup | signals=0 | elapsed_s=0.068
2026-04-06 02:22:33 | scan_end | timeframe=1h | symbols=120 | total_signals=0 | elapsed_s=8.520 | log_file=D:\Code\Projects\self-projects\macd-overlay - Copy\output\scanner_debug_recent.log
2026-04-06 02:22:33 | scan_start | timeframe=1h | symbols=120 | lookback_days=450 | batch_predict=True
2026-04-06 02:22:33 | symbol_done | idx=1 | total=120 | symbol=0GUSDT | status=skip | reason=no_latest_setup | signals=0 | elapsed_s=0.063
2026-04-06 02:22:33 | symbol_done | idx=2 | total=120 | symbol=1000000BOBUSDT | status=skip | reason=no_latest_setup | signals=0 | elapsed_s=0.071
2026-04-06 02:22:33 | symbol_done | idx=3 | total=120 | symbol=1000000MOGUSDT | status=skip | reason=no_latest_setup | signals=0 | elapsed_s=0.072
2026-04-06 02:22:33 | symbol_done | idx=4 | total=120 | symbol=1000BONKUSDT | status=skip | reason=no_latest_setup | signals=0 | elapsed_s=0.064
2026-04-06 02:22:33 | symbol_done | idx=5 | total=120 | symbol=1000CATUSDT | status=skip | reason=no_latest_setup | signals=0 | elapsed_s=0.067
2026-04-06 02:22:33 | symbol_done | idx=6 | total=120 | symbol=1000CHEEMSUSDT | status=skip | reason=no_latest_setup | signals=0 | elapsed_s=0.060
2026-04-06 02:22:33 | symbol_done | idx=7 | total=120 | symbol=1000FLOKIUSDT | status=skip | reason=no_latest_setup | signals=0 | elapsed_s=0.065
2026-04-06 02:22:33 | symbol_done | idx=8 | total=120 | symbol=1000LUNCUSDT | status=skip | reason=no_latest_setup | signals=0 | elapsed_s=0.067
2026-04-06 02:22:33 | symbol_done | idx=9 | total=120 | symbol=1000PEPEUSDT | status=skip | reason=no_latest_setup | signals=0 | elapsed_s=0.064
2026-04-06 02:22:33 | symbol_done | idx=10 | total=120 | symbol=1000RATSUSDT | status=skip | reason=no_latest_setup | signals=0 | elapsed_s=0.058
2026-04-06 02:22:33 | symbol_done | idx=11 | total=120 | symbol=1000SATSUSDT | status=skip | reason=no_latest_setup | signals=0 | elapsed_s=0.062
2026-04-06 02:22:33 | symbol_done | idx=12 | total=120 | symbol=1000SHIBUSDT | status=skip | reason=no_latest_setup | signals=0 | elapsed_s=0.070
2026-04-06 02:22:33 | symbol_done | idx=13 | total=120 | symbol=1000WHYUSDT | status=skip | reason=no_latest_setup | signals=0 | elapsed_s=0.064
2026-04-06 02:22:33 | symbol_done | idx=14 | total=120 | symbol=1000XECUSDT | status=skip | reason=no_setup | signals=0 | elapsed_s=0.055
2026-04-06 02:22:34 | symbol_done | idx=15 | total=120 | symbol=1INCHUSDT | status=skip | reason=no_latest_setup | signals=0 | elapsed_s=0.080
2026-04-06 02:22:34 | symbol_done | idx=16 | total=120 | symbol=1MBABYDOGEUSDT | status=skip | reason=no_latest_setup | signals=0 | elapsed_s=0.089
2026-04-06 02:22:34 | symbol_done | idx=17 | total=120 | symbol=2ZUSDT | status=skip | reason=no_latest_setup | signals=0 | elapsed_s=0.056
2026-04-06 02:22:34 | symbol_done | idx=18 | total=120 | symbol=42USDT | status=skip | reason=no_latest_setup | signals=0 | elapsed_s=0.056
2026-04-06 02:22:34 | symbol_done | idx=19 | total=120 | symbol=4USDT | status=skip | reason=no_latest_setup | signals=0 | elapsed_s=0.055
2026-04-06 02:22:34 | symbol_done | idx=20 | total=120 | symbol=A2ZUSDT | status=skip | reason=no_latest_setup | signals=0 | elapsed_s=0.052
2026-04-06 02:22:34 | symbol_done | idx=21 | total=120 | symbol=AAVEUSDT | status=skip | reason=no_latest_setup | signals=0 | elapsed_s=0.064
2026-04-06 02:22:34 | symbol_done | idx=22 | total=120 | symbol=ACEUSDT | status=skip | reason=no_latest_setup | signals=0 | elapsed_s=0.052
2026-04-06 02:22:34 | symbol_done | idx=23 | total=120 | symbol=ACHUSDT | status=skip | reason=no_latest_setup | signals=0 | elapsed_s=0.083
2026-04-06 02:22:34 | symbol_done | idx=24 | total=120 | symbol=ACTUSDT | status=skip | reason=no_latest_setup | signals=0 | elapsed_s=0.087
2026-04-06 02:22:34 | symbol_done | idx=25 | total=120 | symbol=ACUUSDT | status=skip | reason=no_latest_setup | signals=0 | elapsed_s=0.055
2026-04-06 02:22:34 | symbol_done | idx=26 | total=120 | symbol=ACXUSDT | status=skip | reason=no_latest_setup | signals=0 | elapsed_s=0.070
2026-04-06 02:22:34 | symbol_done | idx=27 | total=120 | symbol=ADAUSDT | status=skip | reason=no_latest_setup | signals=0 | elapsed_s=0.070
2026-04-06 02:22:35 | symbol_done | idx=28 | total=120 | symbol=AERGOUSDT | status=skip | reason=no_latest_setup | signals=0 | elapsed_s=0.170
2026-04-06 02:22:35 | symbol_done | idx=29 | total=120 | symbol=AEROUSDT | status=skip | reason=no_latest_setup | signals=0 | elapsed_s=0.075
2026-04-06 02:22:35 | symbol_done | idx=30 | total=120 | symbol=AEVOUSDT | status=skip | reason=no_latest_setup | signals=0 | elapsed_s=0.067
2026-04-06 02:22:35 | symbol_done | idx=31 | total=120 | symbol=AGLDUSDT | status=skip | reason=no_latest_setup | signals=0 | elapsed_s=0.074
2026-04-06 02:22:35 | symbol_done | idx=32 | total=120 | symbol=AGTUSDT | status=skip | reason=no_latest_setup | signals=0 | elapsed_s=0.051
2026-04-06 02:22:35 | symbol_done | idx=33 | total=120 | symbol=AIAUSDT | status=skip | reason=no_latest_setup | signals=0 | elapsed_s=0.074
2026-04-06 02:22:35 | symbol_done | idx=34 | total=120 | symbol=AINUSDT | status=skip | reason=no_latest_setup | signals=0 | elapsed_s=0.064
2026-04-06 02:22:35 | symbol_done | idx=35 | total=120 | symbol=AIOTUSDT | status=skip | reason=no_latest_setup | signals=0 | elapsed_s=0.073
2026-04-06 02:22:35 | symbol_done | idx=36 | total=120 | symbol=AIOUSDT | status=skip | reason=no_latest_setup | signals=0 | elapsed_s=0.083
2026-04-06 02:22:35 | symbol_done | idx=37 | total=120 | symbol=AIUSDT | status=skip | reason=no_latest_setup | signals=0 | elapsed_s=0.086
2026-04-06 02:22:35 | symbol_done | idx=38 | total=120 | symbol=AIXBTUSDT | status=skip | reason=no_latest_setup | signals=0 | elapsed_s=0.077
2026-04-06 02:22:35 | symbol_done | idx=39 | total=120 | symbol=AKEUSDT | status=skip | reason=no_latest_setup | signals=0 | elapsed_s=0.073
2026-04-06 02:22:35 | symbol_done | idx=40 | total=120 | symbol=AKTUSDT | status=skip | reason=no_latest_setup | signals=0 | elapsed_s=0.063
2026-04-06 02:22:35 | symbol_done | idx=41 | total=120 | symbol=ALCHUSDT | status=skip | reason=no_latest_setup | signals=0 | elapsed_s=0.065
2026-04-06 02:22:36 | symbol_done | idx=42 | total=120 | symbol=ALGOUSDT | status=skip | reason=no_latest_setup | signals=0 | elapsed_s=0.074
2026-04-06 02:22:36 | symbol_done | idx=43 | total=120 | symbol=ALICEUSDT | status=skip | reason=no_latest_setup | signals=0 | elapsed_s=0.075
2026-04-06 02:22:36 | symbol_done | idx=44 | total=120 | symbol=ALLOUSDT | status=skip | reason=no_latest_setup | signals=0 | elapsed_s=0.068
2026-04-06 02:22:36 | symbol_done | idx=45 | total=120 | symbol=ALLUSDT | status=skip | reason=no_latest_setup | signals=0 | elapsed_s=0.073
2026-04-06 02:22:36 | symbol_done | idx=46 | total=120 | symbol=ALPINEUSDT | status=skip | reason=no_setup | signals=0 | elapsed_s=0.067
2026-04-06 02:22:36 | symbol_done | idx=47 | total=120 | symbol=ALTUSDT | status=skip | reason=no_latest_setup | signals=0 | elapsed_s=0.066
2026-04-06 02:22:36 | symbol_done | idx=48 | total=120 | symbol=AMZNUSDT | status=skip | reason=no_setup | signals=0 | elapsed_s=0.055
2026-04-06 02:22:36 | symbol_done | idx=49 | total=120 | symbol=ANIMEUSDT | status=skip | reason=no_latest_setup | signals=0 | elapsed_s=0.077
2026-04-06 02:22:36 | symbol_done | idx=50 | total=120 | symbol=ANKRUSDT | status=skip | reason=no_latest_setup | signals=0 | elapsed_s=0.082
2026-04-06 02:22:36 | symbol_done | idx=51 | total=120 | symbol=APEUSDT | status=skip | reason=no_latest_setup | signals=0 | elapsed_s=0.085
2026-04-06 02:22:36 | symbol_done | idx=52 | total=120 | symbol=API3USDT | status=skip | reason=no_latest_setup | signals=0 | elapsed_s=0.084
2026-04-06 02:22:36 | symbol_done | idx=53 | total=120 | symbol=APRUSDT | status=skip | reason=no_latest_setup | signals=0 | elapsed_s=0.073
2026-04-06 02:22:36 | symbol_done | idx=54 | total=120 | symbol=APTUSDT | status=skip | reason=no_latest_setup | signals=0 | elapsed_s=0.066
2026-04-06 02:22:36 | symbol_done | idx=55 | total=120 | symbol=ARBUSDT | status=skip | reason=no_latest_setup | signals=0 | elapsed_s=0.059
2026-04-06 02:22:37 | symbol_done | idx=56 | total=120 | symbol=ARCUSDT | status=skip | reason=no_latest_setup | signals=0 | elapsed_s=0.072
2026-04-06 02:22:37 | symbol_done | idx=57 | total=120 | symbol=ARIAUSDT | status=skip | reason=no_latest_setup | signals=0 | elapsed_s=0.071
2026-04-06 02:22:37 | symbol_done | idx=58 | total=120 | symbol=ARKMUSDT | status=skip | reason=no_latest_setup | signals=0 | elapsed_s=0.103
2026-04-06 02:22:37 | symbol_done | idx=59 | total=120 | symbol=ARKUSDT | status=skip | reason=no_latest_setup | signals=0 | elapsed_s=0.074
2026-04-06 02:22:37 | symbol_done | idx=60 | total=120 | symbol=ARPAUSDT | status=skip | reason=no_latest_setup | signals=0 | elapsed_s=0.091
2026-04-06 02:22:37 | symbol_done | idx=61 | total=120 | symbol=ARUSDT | status=skip | reason=no_latest_setup | signals=0 | elapsed_s=0.084
2026-04-06 02:22:37 | symbol_done | idx=62 | total=120 | symbol=ASRUSDT | status=skip | reason=no_latest_setup | signals=0 | elapsed_s=0.069
2026-04-06 02:22:37 | symbol_done | idx=63 | total=120 | symbol=ASTERUSDT | status=skip | reason=no_latest_setup | signals=0 | elapsed_s=0.057
2026-04-06 02:22:37 | symbol_done | idx=64 | total=120 | symbol=ASTRUSDT | status=skip | reason=no_latest_setup | signals=0 | elapsed_s=0.063
2026-04-06 02:22:37 | symbol_done | idx=65 | total=120 | symbol=ATAUSDT | status=skip | reason=no_latest_setup | signals=0 | elapsed_s=0.068
2026-04-06 02:22:37 | symbol_done | idx=66 | total=120 | symbol=ATHUSDT | status=skip | reason=no_latest_setup | signals=0 | elapsed_s=0.061
2026-04-06 02:22:37 | symbol_done | idx=67 | total=120 | symbol=ATOMUSDT | status=skip | reason=no_latest_setup | signals=0 | elapsed_s=0.072
2026-04-06 02:22:37 | symbol_done | idx=68 | total=120 | symbol=ATUSDT | status=skip | reason=no_latest_setup | signals=0 | elapsed_s=0.075
2026-04-06 02:22:37 | symbol_done | idx=69 | total=120 | symbol=AUCTIONUSDT | status=skip | reason=no_latest_setup | signals=0 | elapsed_s=0.066
2026-04-06 02:22:38 | symbol_done | idx=70 | total=120 | symbol=AUSDT | status=skip | reason=no_latest_setup | signals=0 | elapsed_s=0.082
2026-04-06 02:22:38 | symbol_done | idx=71 | total=120 | symbol=AVAAIUSDT | status=skip | reason=no_latest_setup | signals=0 | elapsed_s=0.076
2026-04-06 02:22:38 | symbol_done | idx=72 | total=120 | symbol=AVAUSDT | status=skip | reason=no_latest_setup | signals=0 | elapsed_s=0.077
2026-04-06 02:22:38 | symbol_done | idx=73 | total=120 | symbol=AVAXUSDT | status=skip | reason=no_latest_setup | signals=0 | elapsed_s=0.060
2026-04-06 02:22:38 | symbol_done | idx=74 | total=120 | symbol=AVNTUSDT | status=skip | reason=no_latest_setup | signals=0 | elapsed_s=0.051
2026-04-06 02:22:38 | symbol_done | idx=75 | total=120 | symbol=AWEUSDT | status=skip | reason=no_latest_setup | signals=0 | elapsed_s=0.065
2026-04-06 02:22:38 | symbol_done | idx=76 | total=120 | symbol=AXLUSDT | status=skip | reason=no_latest_setup | signals=0 | elapsed_s=0.048
2026-04-06 02:22:38 | symbol_done | idx=77 | total=120 | symbol=AXSUSDT | status=skip | reason=no_latest_setup | signals=0 | elapsed_s=0.081
2026-04-06 02:22:38 | symbol_done | idx=78 | total=120 | symbol=AZTECUSDT | status=skip | reason=no_latest_setup | signals=0 | elapsed_s=0.054
2026-04-06 02:22:38 | symbol_done | idx=79 | total=120 | symbol=B2USDT | status=skip | reason=no_latest_setup | signals=0 | elapsed_s=0.068
2026-04-06 02:22:38 | symbol_done | idx=80 | total=120 | symbol=B3USDT | status=skip | reason=no_latest_setup | signals=0 | elapsed_s=0.069
2026-04-06 02:22:38 | symbol_done | idx=81 | total=120 | symbol=BABYUSDT | status=skip | reason=no_latest_setup | signals=0 | elapsed_s=0.061
2026-04-06 02:22:38 | symbol_done | idx=82 | total=120 | symbol=BANANAS31USDT | status=skip | reason=no_latest_setup | signals=0 | elapsed_s=0.066
2026-04-06 02:22:38 | symbol_done | idx=83 | total=120 | symbol=BANANAUSDT | status=skip | reason=no_latest_setup | signals=0 | elapsed_s=0.079
2026-04-06 02:22:39 | symbol_done | idx=84 | total=120 | symbol=BANDUSDT | status=skip | reason=no_latest_setup | signals=0 | elapsed_s=0.070
2026-04-06 02:22:39 | symbol_done | idx=85 | total=120 | symbol=BANKUSDT | status=skip | reason=no_latest_setup | signals=0 | elapsed_s=0.052
2026-04-06 02:22:39 | symbol_done | idx=86 | total=120 | symbol=BANUSDT | status=skip | reason=no_latest_setup | signals=0 | elapsed_s=0.072
2026-04-06 02:22:39 | symbol_done | idx=87 | total=120 | symbol=BARDUSDT | status=skip | reason=no_latest_setup | signals=0 | elapsed_s=0.068
2026-04-06 02:22:39 | symbol_done | idx=88 | total=120 | symbol=BASEDUSDT | status=skip | reason=insufficient_history | signals=0 | elapsed_s=0.025
2026-04-06 02:22:39 | symbol_done | idx=89 | total=120 | symbol=BASUSDT | status=skip | reason=no_latest_setup | signals=0 | elapsed_s=0.044
2026-04-06 02:22:39 | symbol_done | idx=90 | total=120 | symbol=BATUSDT | status=skip | reason=no_latest_setup | signals=0 | elapsed_s=0.056
2026-04-06 02:22:39 | symbol_done | idx=91 | total=120 | symbol=BBUSDT | status=skip | reason=no_latest_setup | signals=0 | elapsed_s=0.060
2026-04-06 02:22:39 | symbol_done | idx=92 | total=120 | symbol=BCHUSDT | status=skip | reason=no_latest_setup | signals=0 | elapsed_s=0.070
2026-04-06 02:22:39 | symbol_done | idx=93 | total=120 | symbol=BDXNUSDT | status=skip | reason=no_latest_setup | signals=0 | elapsed_s=0.058
2026-04-06 02:22:39 | symbol_done | idx=94 | total=120 | symbol=BEAMXUSDT | status=skip | reason=no_latest_setup | signals=0 | elapsed_s=0.066
2026-04-06 02:22:39 | symbol_done | idx=95 | total=120 | symbol=BEATUSDT | status=skip | reason=no_latest_setup | signals=0 | elapsed_s=0.068
2026-04-06 02:22:39 | symbol_done | idx=96 | total=120 | symbol=BELUSDT | status=skip | reason=no_latest_setup | signals=0 | elapsed_s=0.061
2026-04-06 02:22:39 | symbol_done | idx=97 | total=120 | symbol=BERAUSDT | status=skip | reason=no_latest_setup | signals=0 | elapsed_s=0.069
2026-04-06 02:22:39 | symbol_done | idx=98 | total=120 | symbol=BICOUSDT | status=skip | reason=no_latest_setup | signals=0 | elapsed_s=0.078
2026-04-06 02:22:39 | symbol_done | idx=99 | total=120 | symbol=BIDUSDT | status=skip | reason=no_latest_setup | signals=0 | elapsed_s=0.070
2026-04-06 02:22:40 | symbol_done | idx=100 | total=120 | symbol=BIGTIMEUSDT | status=skip | reason=no_latest_setup | signals=0 | elapsed_s=0.080
2026-04-06 02:22:40 | symbol_done | idx=101 | total=120 | symbol=BIOUSDT | status=skip | reason=no_latest_setup | signals=0 | elapsed_s=0.072
2026-04-06 02:22:40 | symbol_done | idx=102 | total=120 | symbol=BIRBUSDT | status=skip | reason=no_latest_setup | signals=0 | elapsed_s=0.070
2026-04-06 02:22:40 | symbol_done | idx=103 | total=120 | symbol=BLESSUSDT | status=skip | reason=no_latest_setup | signals=0 | elapsed_s=0.078
2026-04-06 02:22:40 | symbol_done | idx=104 | total=120 | symbol=BLUAIUSDT | status=skip | reason=no_latest_setup | signals=0 | elapsed_s=0.073
2026-04-06 02:22:40 | symbol_done | idx=105 | total=120 | symbol=BLURUSDT | status=skip | reason=no_latest_setup | signals=0 | elapsed_s=0.075
2026-04-06 02:22:40 | symbol_done | idx=106 | total=120 | symbol=BMTUSDT | status=skip | reason=no_latest_setup | signals=0 | elapsed_s=0.067
2026-04-06 02:22:40 | symbol_done | idx=107 | total=120 | symbol=BNBUSDT | status=skip | reason=no_latest_setup | signals=0 | elapsed_s=0.060
2026-04-06 02:22:40 | symbol_done | idx=108 | total=120 | symbol=BNTUSDT | status=skip | reason=no_latest_setup | signals=0 | elapsed_s=0.061
2026-04-06 02:22:40 | symbol_done | idx=109 | total=120 | symbol=BOBUSDT | status=skip | reason=no_latest_setup | signals=0 | elapsed_s=0.066
2026-04-06 02:22:40 | symbol_done | idx=110 | total=120 | symbol=BOMEUSDT | status=skip | reason=no_latest_setup | signals=0 | elapsed_s=0.069
2026-04-06 02:22:40 | symbol_done | idx=111 | total=120 | symbol=BRETTUSDT | status=skip | reason=no_latest_setup | signals=0 | elapsed_s=0.054
2026-04-06 02:22:40 | symbol_done | idx=112 | total=120 | symbol=BREVUSDT | status=skip | reason=no_latest_setup | signals=0 | elapsed_s=0.063
2026-04-06 02:22:40 | symbol_done | idx=113 | total=120 | symbol=BROCCOLI714USDT | status=skip | reason=no_latest_setup | signals=0 | elapsed_s=0.053
2026-04-06 02:22:40 | symbol_done | idx=114 | total=120 | symbol=BROCCOLIF3BUSDT | status=skip | reason=no_latest_setup | signals=0 | elapsed_s=0.060
2026-04-06 02:22:41 | symbol_done | idx=115 | total=120 | symbol=BRUSDT | status=skip | reason=no_latest_setup | signals=0 | elapsed_s=0.054
2026-04-06 02:22:41 | symbol_done | idx=116 | total=120 | symbol=BSBUSDT | status=skip | reason=insufficient_history | signals=0 | elapsed_s=0.032
2026-04-06 02:22:41 | symbol_done | idx=117 | total=120 | symbol=BSVUSDT | status=skip | reason=no_latest_setup | signals=0 | elapsed_s=0.070
2026-04-06 02:22:41 | symbol_done | idx=118 | total=120 | symbol=BTC-260327USDT | status=skip | reason=insufficient_history | signals=0 | elapsed_s=0.002
2026-04-06 02:22:41 | symbol_done | idx=119 | total=120 | symbol=BTCDOMUSDT | status=skip | reason=no_setup | signals=0 | elapsed_s=0.046
2026-04-06 02:22:41 | symbol_done | idx=120 | total=120 | symbol=BTCUSDT | status=skip | reason=no_latest_setup | signals=0 | elapsed_s=0.085
2026-04-06 02:22:41 | scan_end | timeframe=1h | symbols=120 | total_signals=0 | elapsed_s=8.230 | log_file=D:\Code\Projects\self-projects\macd-overlay - Copy\output\scanner_debug_recent.log
2026-04-06 02:22:41 | scan_start | timeframe=1h | symbols=120 | lookback_days=450 | batch_predict=True
2026-04-06 02:22:41 | symbol_done | idx=1 | total=120 | symbol=0GUSDT | status=skip | reason=no_latest_setup | signals=0 | elapsed_s=0.076
2026-04-06 02:22:41 | symbol_done | idx=2 | total=120 | symbol=1000000BOBUSDT | status=skip | reason=no_latest_setup | signals=0 | elapsed_s=0.071
2026-04-06 02:22:41 | symbol_done | idx=3 | total=120 | symbol=1000000MOGUSDT | status=skip | reason=no_latest_setup | signals=0 | elapsed_s=0.073
2026-04-06 02:22:41 | symbol_done | idx=4 | total=120 | symbol=1000BONKUSDT | status=skip | reason=no_latest_setup | signals=0 | elapsed_s=0.069
2026-04-06 02:22:41 | symbol_done | idx=5 | total=120 | symbol=1000CATUSDT | status=skip | reason=no_latest_setup | signals=0 | elapsed_s=0.076
2026-04-06 02:22:41 | symbol_done | idx=6 | total=120 | symbol=1000CHEEMSUSDT | status=skip | reason=no_latest_setup | signals=0 | elapsed_s=0.074
2026-04-06 02:22:41 | symbol_done | idx=7 | total=120 | symbol=1000FLOKIUSDT | status=skip | reason=no_latest_setup | signals=0 | elapsed_s=0.079
2026-04-06 02:22:41 | symbol_done | idx=8 | total=120 | symbol=1000LUNCUSDT | status=skip | reason=no_latest_setup | signals=0 | elapsed_s=0.078
2026-04-06 02:22:41 | symbol_done | idx=9 | total=120 | symbol=1000PEPEUSDT | status=skip | reason=no_latest_setup | signals=0 | elapsed_s=0.082
2026-04-06 02:22:42 | symbol_done | idx=10 | total=120 | symbol=1000RATSUSDT | status=skip | reason=no_latest_setup | signals=0 | elapsed_s=0.084
2026-04-06 02:22:42 | symbol_done | idx=11 | total=120 | symbol=1000SATSUSDT | status=skip | reason=no_latest_setup | signals=0 | elapsed_s=0.092
2026-04-06 02:22:42 | symbol_done | idx=12 | total=120 | symbol=1000SHIBUSDT | status=skip | reason=no_latest_setup | signals=0 | elapsed_s=0.070
2026-04-06 02:22:42 | symbol_done | idx=13 | total=120 | symbol=1000WHYUSDT | status=skip | reason=no_latest_setup | signals=0 | elapsed_s=0.059
2026-04-06 02:22:42 | symbol_done | idx=14 | total=120 | symbol=1000XECUSDT | status=skip | reason=no_setup | signals=0 | elapsed_s=0.068
2026-04-06 02:22:42 | symbol_done | idx=15 | total=120 | symbol=1INCHUSDT | status=skip | reason=no_latest_setup | signals=0 | elapsed_s=0.091
2026-04-06 02:22:42 | symbol_done | idx=16 | total=120 | symbol=1MBABYDOGEUSDT | status=skip | reason=no_latest_setup | signals=0 | elapsed_s=0.070
2026-04-06 02:22:42 | symbol_done | idx=17 | total=120 | symbol=2ZUSDT | status=skip | reason=no_latest_setup | signals=0 | elapsed_s=0.067
2026-04-06 02:22:42 | symbol_done | idx=18 | total=120 | symbol=42USDT | status=skip | reason=no_latest_setup | signals=0 | elapsed_s=0.062
2026-04-06 02:22:42 | symbol_done | idx=19 | total=120 | symbol=4USDT | status=skip | reason=no_latest_setup | signals=0 | elapsed_s=0.160
2026-04-06 02:22:42 | symbol_done | idx=20 | total=120 | symbol=A2ZUSDT | status=skip | reason=no_latest_setup | signals=0 | elapsed_s=0.071
2026-04-06 02:22:42 | symbol_done | idx=21 | total=120 | symbol=AAVEUSDT | status=skip | reason=no_latest_setup | signals=0 | elapsed_s=0.079
2026-04-06 02:22:43 | symbol_done | idx=22 | total=120 | symbol=ACEUSDT | status=skip | reason=no_latest_setup | signals=0 | elapsed_s=0.067
2026-04-06 02:22:43 | symbol_done | idx=23 | total=120 | symbol=ACHUSDT | status=skip | reason=no_latest_setup | signals=0 | elapsed_s=0.065
2026-04-06 02:22:43 | symbol_done | idx=24 | total=120 | symbol=ACTUSDT | status=skip | reason=no_latest_setup | signals=0 | elapsed_s=0.080
2026-04-06 02:22:43 | symbol_done | idx=25 | total=120 | symbol=ACUUSDT | status=skip | reason=no_latest_setup | signals=0 | elapsed_s=0.061
2026-04-06 02:22:43 | symbol_done | idx=26 | total=120 | symbol=ACXUSDT | status=skip | reason=no_latest_setup | signals=0 | elapsed_s=0.054
2026-04-06 02:22:43 | symbol_done | idx=27 | total=120 | symbol=ADAUSDT | status=skip | reason=no_latest_setup | signals=0 | elapsed_s=0.057
2026-04-06 02:22:43 | symbol_done | idx=28 | total=120 | symbol=AERGOUSDT | status=skip | reason=no_latest_setup | signals=0 | elapsed_s=0.055
2026-04-06 02:22:43 | symbol_done | idx=29 | total=120 | symbol=AEROUSDT | status=skip | reason=no_latest_setup | signals=0 | elapsed_s=0.058
2026-04-06 02:22:43 | symbol_done | idx=30 | total=120 | symbol=AEVOUSDT | status=skip | reason=no_latest_setup | signals=0 | elapsed_s=0.050
2026-04-06 02:22:43 | symbol_done | idx=31 | total=120 | symbol=AGLDUSDT | status=skip | reason=no_latest_setup | signals=0 | elapsed_s=0.063
2026-04-06 02:22:43 | symbol_done | idx=32 | total=120 | symbol=AGTUSDT | status=skip | reason=no_latest_setup | signals=0 | elapsed_s=0.059
2026-04-06 02:22:43 | symbol_done | idx=33 | total=120 | symbol=AIAUSDT | status=skip | reason=no_latest_setup | signals=0 | elapsed_s=0.066
2026-04-06 02:22:43 | symbol_done | idx=34 | total=120 | symbol=AINUSDT | status=skip | reason=no_latest_setup | signals=0 | elapsed_s=0.068
2026-04-06 02:22:43 | symbol_done | idx=35 | total=120 | symbol=AIOTUSDT | status=skip | reason=no_latest_setup | signals=0 | elapsed_s=0.076
2026-04-06 02:22:43 | symbol_done | idx=36 | total=120 | symbol=AIOUSDT | status=skip | reason=no_latest_setup | signals=0 | elapsed_s=0.078
2026-04-06 02:22:43 | symbol_done | idx=37 | total=120 | symbol=AIUSDT | status=skip | reason=no_latest_setup | signals=0 | elapsed_s=0.069
2026-04-06 02:22:44 | symbol_done | idx=38 | total=120 | symbol=AIXBTUSDT | status=skip | reason=no_latest_setup | signals=0 | elapsed_s=0.078
2026-04-06 02:22:44 | symbol_done | idx=39 | total=120 | symbol=AKEUSDT | status=skip | reason=no_latest_setup | signals=0 | elapsed_s=0.063
2026-04-06 02:22:44 | symbol_done | idx=40 | total=120 | symbol=AKTUSDT | status=skip | reason=no_latest_setup | signals=0 | elapsed_s=0.076
2026-04-06 02:22:44 | symbol_done | idx=41 | total=120 | symbol=ALCHUSDT | status=skip | reason=no_latest_setup | signals=0 | elapsed_s=0.081
2026-04-06 02:22:44 | symbol_done | idx=42 | total=120 | symbol=ALGOUSDT | status=skip | reason=no_latest_setup | signals=0 | elapsed_s=0.080
2026-04-06 02:22:44 | symbol_done | idx=43 | total=120 | symbol=ALICEUSDT | status=skip | reason=no_latest_setup | signals=0 | elapsed_s=0.074
2026-04-06 02:22:44 | symbol_done | idx=44 | total=120 | symbol=ALLOUSDT | status=skip | reason=no_latest_setup | signals=0 | elapsed_s=0.075
2026-04-06 02:22:44 | symbol_done | idx=45 | total=120 | symbol=ALLUSDT | status=skip | reason=no_latest_setup | signals=0 | elapsed_s=0.077
2026-04-06 02:22:44 | symbol_done | idx=46 | total=120 | symbol=ALPINEUSDT | status=skip | reason=no_setup | signals=0 | elapsed_s=0.061
2026-04-06 02:22:44 | symbol_done | idx=47 | total=120 | symbol=ALTUSDT | status=skip | reason=no_latest_setup | signals=0 | elapsed_s=0.079
2026-04-06 02:22:44 | symbol_done | idx=48 | total=120 | symbol=AMZNUSDT | status=skip | reason=no_setup | signals=0 | elapsed_s=0.057
2026-04-06 02:22:44 | symbol_done | idx=49 | total=120 | symbol=ANIMEUSDT | status=skip | reason=no_latest_setup | signals=0 | elapsed_s=0.076
2026-04-06 02:22:44 | symbol_done | idx=50 | total=120 | symbol=ANKRUSDT | status=skip | reason=no_latest_setup | signals=0 | elapsed_s=0.069
2026-04-06 02:22:45 | symbol_done | idx=51 | total=120 | symbol=APEUSDT | status=skip | reason=no_latest_setup | signals=0 | elapsed_s=0.083
2026-04-06 02:22:45 | symbol_done | idx=52 | total=120 | symbol=API3USDT | status=skip | reason=no_latest_setup | signals=0 | elapsed_s=0.088
2026-04-06 02:22:45 | symbol_done | idx=53 | total=120 | symbol=APRUSDT | status=skip | reason=no_latest_setup | signals=0 | elapsed_s=0.084
2026-04-06 02:22:45 | symbol_done | idx=54 | total=120 | symbol=APTUSDT | status=skip | reason=no_latest_setup | signals=0 | elapsed_s=0.089
2026-04-06 02:22:45 | symbol_done | idx=55 | total=120 | symbol=ARBUSDT | status=skip | reason=no_latest_setup | signals=0 | elapsed_s=0.066
2026-04-06 02:22:45 | symbol_done | idx=56 | total=120 | symbol=ARCUSDT | status=skip | reason=no_latest_setup | signals=0 | elapsed_s=0.053
2026-04-06 02:22:45 | symbol_done | idx=57 | total=120 | symbol=ARIAUSDT | status=skip | reason=no_latest_setup | signals=0 | elapsed_s=0.065
2026-04-06 02:22:45 | symbol_done | idx=58 | total=120 | symbol=ARKMUSDT | status=skip | reason=no_latest_setup | signals=0 | elapsed_s=0.064
2026-04-06 02:22:45 | symbol_done | idx=59 | total=120 | symbol=ARKUSDT | status=skip | reason=no_latest_setup | signals=0 | elapsed_s=0.066
2026-04-06 02:22:45 | symbol_done | idx=60 | total=120 | symbol=ARPAUSDT | status=skip | reason=no_latest_setup | signals=0 | elapsed_s=0.074
2026-04-06 02:22:45 | symbol_done | idx=61 | total=120 | symbol=ARUSDT | status=skip | reason=no_latest_setup | signals=0 | elapsed_s=0.058
2026-04-06 02:22:45 | symbol_done | idx=62 | total=120 | symbol=ASRUSDT | status=skip | reason=no_latest_setup | signals=0 | elapsed_s=0.043
2026-04-06 02:22:45 | symbol_done | idx=63 | total=120 | symbol=ASTERUSDT | status=skip | reason=no_latest_setup | signals=0 | elapsed_s=0.064
2026-04-06 02:22:45 | symbol_done | idx=64 | total=120 | symbol=ASTRUSDT | status=skip | reason=no_latest_setup | signals=0 | elapsed_s=0.059
2026-04-06 02:22:45 | symbol_done | idx=65 | total=120 | symbol=ATAUSDT | status=skip | reason=no_latest_setup | signals=0 | elapsed_s=0.065
2026-04-06 02:22:46 | symbol_done | idx=66 | total=120 | symbol=ATHUSDT | status=skip | reason=no_latest_setup | signals=0 | elapsed_s=0.060
2026-04-06 02:22:46 | symbol_done | idx=67 | total=120 | symbol=ATOMUSDT | status=skip | reason=no_latest_setup | signals=0 | elapsed_s=0.073
2026-04-06 02:22:46 | symbol_done | idx=68 | total=120 | symbol=ATUSDT | status=skip | reason=no_latest_setup | signals=0 | elapsed_s=0.068
2026-04-06 02:22:46 | symbol_done | idx=69 | total=120 | symbol=AUCTIONUSDT | status=skip | reason=no_latest_setup | signals=0 | elapsed_s=0.069
2026-04-06 02:22:46 | symbol_done | idx=70 | total=120 | symbol=AUSDT | status=skip | reason=no_latest_setup | signals=0 | elapsed_s=0.076
2026-04-06 02:22:46 | symbol_done | idx=71 | total=120 | symbol=AVAAIUSDT | status=skip | reason=no_latest_setup | signals=0 | elapsed_s=0.075
2026-04-06 02:22:46 | symbol_done | idx=72 | total=120 | symbol=AVAUSDT | status=skip | reason=no_latest_setup | signals=0 | elapsed_s=0.065
2026-04-06 02:22:46 | symbol_done | idx=73 | total=120 | symbol=AVAXUSDT | status=skip | reason=no_latest_setup | signals=0 | elapsed_s=0.054
2026-04-06 02:22:46 | symbol_done | idx=74 | total=120 | symbol=AVNTUSDT | status=skip | reason=no_latest_setup | signals=0 | elapsed_s=0.065
2026-04-06 02:22:46 | symbol_done | idx=75 | total=120 | symbol=AWEUSDT | status=skip | reason=no_latest_setup | signals=0 | elapsed_s=0.063
2026-04-06 02:22:46 | symbol_done | idx=76 | total=120 | symbol=AXLUSDT | status=skip | reason=no_latest_setup | signals=0 | elapsed_s=0.056
2026-04-06 02:22:46 | symbol_done | idx=77 | total=120 | symbol=AXSUSDT | status=skip | reason=no_latest_setup | signals=0 | elapsed_s=0.061
2026-04-06 02:22:46 | symbol_done | idx=78 | total=120 | symbol=AZTECUSDT | status=skip | reason=no_latest_setup | signals=0 | elapsed_s=0.059
2026-04-06 02:22:46 | symbol_done | idx=79 | total=120 | symbol=B2USDT | status=skip | reason=no_latest_setup | signals=0 | elapsed_s=0.074
2026-04-06 02:22:46 | symbol_done | idx=80 | total=120 | symbol=B3USDT | status=skip | reason=no_latest_setup | signals=0 | elapsed_s=0.065
2026-04-06 02:22:47 | symbol_done | idx=81 | total=120 | symbol=BABYUSDT | status=skip | reason=no_latest_setup | signals=0 | elapsed_s=0.062
2026-04-06 02:22:47 | symbol_done | idx=82 | total=120 | symbol=BANANAS31USDT | status=skip | reason=no_latest_setup | signals=0 | elapsed_s=0.084
2026-04-06 02:22:47 | symbol_done | idx=83 | total=120 | symbol=BANANAUSDT | status=skip | reason=no_latest_setup | signals=0 | elapsed_s=0.165
2026-04-06 02:22:47 | symbol_done | idx=84 | total=120 | symbol=BANDUSDT | status=skip | reason=no_latest_setup | signals=0 | elapsed_s=0.045
2026-04-06 02:22:47 | symbol_done | idx=85 | total=120 | symbol=BANKUSDT | status=skip | reason=no_latest_setup | signals=0 | elapsed_s=0.074
2026-04-06 02:22:47 | symbol_done | idx=86 | total=120 | symbol=BANUSDT | status=skip | reason=no_latest_setup | signals=0 | elapsed_s=0.078
2026-04-06 02:22:47 | symbol_done | idx=87 | total=120 | symbol=BARDUSDT | status=skip | reason=no_latest_setup | signals=0 | elapsed_s=0.075
2026-04-06 02:22:47 | symbol_done | idx=88 | total=120 | symbol=BASEDUSDT | status=skip | reason=insufficient_history | signals=0 | elapsed_s=0.029
2026-04-06 02:22:47 | symbol_done | idx=89 | total=120 | symbol=BASUSDT | status=skip | reason=no_latest_setup | signals=0 | elapsed_s=0.071
2026-04-06 02:22:47 | symbol_done | idx=90 | total=120 | symbol=BATUSDT | status=skip | reason=no_latest_setup | signals=0 | elapsed_s=0.073
2026-04-06 02:22:47 | symbol_done | idx=91 | total=120 | symbol=BBUSDT | status=skip | reason=no_latest_setup | signals=0 | elapsed_s=0.052
2026-04-06 02:22:47 | symbol_done | idx=92 | total=120 | symbol=BCHUSDT | status=skip | reason=no_latest_setup | signals=0 | elapsed_s=0.064
2026-04-06 02:22:47 | symbol_done | idx=93 | total=120 | symbol=BDXNUSDT | status=skip | reason=no_latest_setup | signals=0 | elapsed_s=0.068
2026-04-06 02:22:47 | symbol_done | idx=94 | total=120 | symbol=BEAMXUSDT | status=skip | reason=no_latest_setup | signals=0 | elapsed_s=0.066
2026-04-06 02:22:48 | symbol_done | idx=95 | total=120 | symbol=BEATUSDT | status=skip | reason=no_latest_setup | signals=0 | elapsed_s=0.069
2026-04-06 02:22:48 | symbol_done | idx=96 | total=120 | symbol=BELUSDT | status=skip | reason=no_latest_setup | signals=0 | elapsed_s=0.071
2026-04-06 02:22:48 | symbol_done | idx=98 | total=120 | symbol=BICOUSDT | status=skip | reason=no_latest_setup | signals=0 | elapsed_s=0.072
2026-04-06 02:22:48 | symbol_done | idx=99 | total=120 | symbol=BIDUSDT | status=skip | reason=no_latest_setup | signals=0 | elapsed_s=0.290
2026-04-06 02:22:48 | symbol_done | idx=100 | total=120 | symbol=BIGTIMEUSDT | status=skip | reason=no_latest_setup | signals=0 | elapsed_s=0.181
2026-04-06 02:22:48 | symbol_done | idx=101 | total=120 | symbol=BIOUSDT | status=skip | reason=no_latest_setup | signals=0 | elapsed_s=0.087
2026-04-06 02:22:48 | symbol_done | idx=102 | total=120 | symbol=BIRBUSDT | status=skip | reason=no_latest_setup | signals=0 | elapsed_s=0.075
2026-04-06 02:22:49 | symbol_done | idx=103 | total=120 | symbol=BLESSUSDT | status=skip | reason=no_latest_setup | signals=0 | elapsed_s=0.074
2026-04-06 02:22:49 | symbol_done | idx=104 | total=120 | symbol=BLUAIUSDT | status=skip | reason=no_latest_setup | signals=0 | elapsed_s=0.083
2026-04-06 02:22:49 | symbol_done | idx=105 | total=120 | symbol=BLURUSDT | status=skip | reason=no_latest_setup | signals=0 | elapsed_s=0.088
2026-04-06 02:22:49 | symbol_done | idx=106 | total=120 | symbol=BMTUSDT | status=skip | reason=no_latest_setup | signals=0 | elapsed_s=0.096
2026-04-06 02:22:49 | symbol_done | idx=107 | total=120 | symbol=BNBUSDT | status=skip | reason=no_latest_setup | signals=0 | elapsed_s=0.080
2026-04-06 02:22:49 | symbol_done | idx=108 | total=120 | symbol=BNTUSDT | status=skip | reason=no_latest_setup | signals=0 | elapsed_s=0.079
2026-04-06 02:22:49 | symbol_done | idx=109 | total=120 | symbol=BOBUSDT | status=skip | reason=no_latest_setup | signals=0 | elapsed_s=0.078
2026-04-06 02:22:49 | symbol_done | idx=110 | total=120 | symbol=BOMEUSDT | status=skip | reason=no_latest_setup | signals=0 | elapsed_s=0.089
2026-04-06 02:22:49 | symbol_done | idx=111 | total=120 | symbol=BRETTUSDT | status=skip | reason=no_latest_setup | signals=0 | elapsed_s=0.086
2026-04-06 02:22:49 | symbol_done | idx=112 | total=120 | symbol=BREVUSDT | status=skip | reason=no_latest_setup | signals=0 | elapsed_s=0.082
2026-04-06 02:22:49 | symbol_done | idx=113 | total=120 | symbol=BROCCOLI714USDT | status=skip | reason=no_latest_setup | signals=0 | elapsed_s=0.068
2026-04-06 02:22:49 | symbol_done | idx=114 | total=120 | symbol=BROCCOLIF3BUSDT | status=skip | reason=no_latest_setup | signals=0 | elapsed_s=0.059
2026-04-06 02:22:49 | symbol_done | idx=115 | total=120 | symbol=BRUSDT | status=skip | reason=no_latest_setup | signals=0 | elapsed_s=0.058
2026-04-06 02:22:49 | symbol_done | idx=116 | total=120 | symbol=BSBUSDT | status=skip | reason=insufficient_history | signals=0 | elapsed_s=0.028
2026-04-06 02:22:50 | symbol_done | idx=118 | total=120 | symbol=BTC-260327USDT | status=skip | reason=insufficient_history | signals=0 | elapsed_s=0.003
2026-04-06 02:22:50 | symbol_done | idx=119 | total=120 | symbol=BTCDOMUSDT | status=skip | reason=no_setup | signals=0 | elapsed_s=0.058
2026-04-06 02:22:50 | symbol_done | idx=120 | total=120 | symbol=BTCUSDT | status=skip | reason=no_latest_setup | signals=0 | elapsed_s=0.068
2026-04-06 02:22:50 | symbol_done | idx=97 | total=120 | symbol=BERAUSDT | status=ok | reason=below_threshold | signals=0 | elapsed_s=2.121
2026-04-06 02:22:50 | symbol_done | idx=117 | total=120 | symbol=BSVUSDT | status=ok | reason=signal_emitted | signals=1 | elapsed_s=0.260
2026-04-06 02:22:50 | scan_end | timeframe=1h | symbols=120 | total_signals=1 | elapsed_s=8.991 | log_file=D:\Code\Projects\self-projects\macd-overlay - Copy\output\scanner_debug_recent.log
2026-04-06 02:22:50 | scan_start | timeframe=1h | symbols=120 | lookback_days=450 | batch_predict=True
2026-04-06 02:22:50 | symbol_done | idx=1 | total=120 | symbol=0GUSDT | status=skip | reason=no_latest_setup | signals=0 | elapsed_s=0.059
2026-04-06 02:22:50 | symbol_done | idx=2 | total=120 | symbol=1000000BOBUSDT | status=skip | reason=no_latest_setup | signals=0 | elapsed_s=0.068
2026-04-06 02:22:50 | symbol_done | idx=3 | total=120 | symbol=1000000MOGUSDT | status=skip | reason=no_latest_setup | signals=0 | elapsed_s=0.067
2026-04-06 02:22:50 | symbol_done | idx=4 | total=120 | symbol=1000BONKUSDT | status=skip | reason=no_latest_setup | signals=0 | elapsed_s=0.066
2026-04-06 02:22:50 | symbol_done | idx=5 | total=120 | symbol=1000CATUSDT | status=skip | reason=no_latest_setup | signals=0 | elapsed_s=0.052
2026-04-06 02:22:50 | symbol_done | idx=6 | total=120 | symbol=1000CHEEMSUSDT | status=skip | reason=no_latest_setup | signals=0 | elapsed_s=0.064
2026-04-06 02:22:50 | symbol_done | idx=7 | total=120 | symbol=1000FLOKIUSDT | status=skip | reason=no_latest_setup | signals=0 | elapsed_s=0.062
2026-04-06 02:22:50 | symbol_done | idx=8 | total=120 | symbol=1000LUNCUSDT | status=skip | reason=no_latest_setup | signals=0 | elapsed_s=0.059
2026-04-06 02:22:50 | symbol_done | idx=9 | total=120 | symbol=1000PEPEUSDT | status=skip | reason=no_latest_setup | signals=0 | elapsed_s=0.061
2026-04-06 02:22:50 | symbol_done | idx=10 | total=120 | symbol=1000RATSUSDT | status=skip | reason=no_latest_setup | signals=0 | elapsed_s=0.077
2026-04-06 02:22:50 | symbol_done | idx=11 | total=120 | symbol=1000SATSUSDT | status=skip | reason=no_latest_setup | signals=0 | elapsed_s=0.070
2026-04-06 02:22:51 | symbol_done | idx=12 | total=120 | symbol=1000SHIBUSDT | status=skip | reason=no_latest_setup | signals=0 | elapsed_s=0.071
2026-04-06 02:22:51 | symbol_done | idx=13 | total=120 | symbol=1000WHYUSDT | status=skip | reason=no_latest_setup | signals=0 | elapsed_s=0.046
2026-04-06 02:22:51 | symbol_done | idx=14 | total=120 | symbol=1000XECUSDT | status=skip | reason=no_setup | signals=0 | elapsed_s=0.058
2026-04-06 02:22:51 | symbol_done | idx=15 | total=120 | symbol=1INCHUSDT | status=skip | reason=no_latest_setup | signals=0 | elapsed_s=0.080
2026-04-06 02:22:51 | symbol_done | idx=16 | total=120 | symbol=1MBABYDOGEUSDT | status=skip | reason=no_latest_setup | signals=0 | elapsed_s=0.077
2026-04-06 02:22:51 | symbol_done | idx=17 | total=120 | symbol=2ZUSDT | status=skip | reason=no_latest_setup | signals=0 | elapsed_s=0.075
2026-04-06 02:22:51 | symbol_done | idx=18 | total=120 | symbol=42USDT | status=skip | reason=no_latest_setup | signals=0 | elapsed_s=0.061
2026-04-06 02:22:51 | symbol_done | idx=20 | total=120 | symbol=A2ZUSDT | status=skip | reason=no_latest_setup | signals=0 | elapsed_s=0.061
2026-04-06 02:22:51 | symbol_done | idx=21 | total=120 | symbol=AAVEUSDT | status=skip | reason=no_latest_setup | signals=0 | elapsed_s=0.083
2026-04-06 02:22:51 | symbol_done | idx=22 | total=120 | symbol=ACEUSDT | status=skip | reason=no_latest_setup | signals=0 | elapsed_s=0.066
2026-04-06 02:22:51 | symbol_done | idx=23 | total=120 | symbol=ACHUSDT | status=skip | reason=no_latest_setup | signals=0 | elapsed_s=0.081
2026-04-06 02:22:51 | symbol_done | idx=24 | total=120 | symbol=ACTUSDT | status=skip | reason=no_latest_setup | signals=0 | elapsed_s=0.068
2026-04-06 02:22:51 | symbol_done | idx=25 | total=120 | symbol=ACUUSDT | status=skip | reason=no_latest_setup | signals=0 | elapsed_s=0.063
2026-04-06 02:22:52 | symbol_done | idx=26 | total=120 | symbol=ACXUSDT | status=skip | reason=no_latest_setup | signals=0 | elapsed_s=0.082
2026-04-06 02:22:52 | symbol_done | idx=27 | total=120 | symbol=ADAUSDT | status=skip | reason=no_latest_setup | signals=0 | elapsed_s=0.065
2026-04-06 02:22:52 | symbol_done | idx=28 | total=120 | symbol=AERGOUSDT | status=skip | reason=no_latest_setup | signals=0 | elapsed_s=0.076
2026-04-06 02:22:52 | symbol_done | idx=29 | total=120 | symbol=AEROUSDT | status=skip | reason=no_latest_setup | signals=0 | elapsed_s=0.064
2026-04-06 02:22:52 | symbol_done | idx=30 | total=120 | symbol=AEVOUSDT | status=skip | reason=no_latest_setup | signals=0 | elapsed_s=0.058
2026-04-06 02:22:52 | symbol_done | idx=31 | total=120 | symbol=AGLDUSDT | status=skip | reason=no_latest_setup | signals=0 | elapsed_s=0.061
2026-04-06 02:22:52 | symbol_done | idx=32 | total=120 | symbol=AGTUSDT | status=skip | reason=no_latest_setup | signals=0 | elapsed_s=0.057
2026-04-06 02:22:52 | symbol_done | idx=33 | total=120 | symbol=AIAUSDT | status=skip | reason=no_latest_setup | signals=0 | elapsed_s=0.071
2026-04-06 02:22:52 | symbol_done | idx=34 | total=120 | symbol=AINUSDT | status=skip | reason=no_latest_setup | signals=0 | elapsed_s=0.071
2026-04-06 02:22:52 | symbol_done | idx=35 | total=120 | symbol=AIOTUSDT | status=skip | reason=no_latest_setup | signals=0 | elapsed_s=0.067
2026-04-06 02:22:52 | symbol_done | idx=36 | total=120 | symbol=AIOUSDT | status=skip | reason=no_latest_setup | signals=0 | elapsed_s=0.065
2026-04-06 02:22:52 | symbol_done | idx=37 | total=120 | symbol=AIUSDT | status=skip | reason=no_latest_setup | signals=0 | elapsed_s=0.066
2026-04-06 02:22:52 | symbol_done | idx=38 | total=120 | symbol=AIXBTUSDT | status=skip | reason=no_latest_setup | signals=0 | elapsed_s=0.079
2026-04-06 02:22:52 | symbol_done | idx=39 | total=120 | symbol=AKEUSDT | status=skip | reason=no_latest_setup | signals=0 | elapsed_s=0.053
2026-04-06 02:22:52 | symbol_done | idx=40 | total=120 | symbol=AKTUSDT | status=skip | reason=no_latest_setup | signals=0 | elapsed_s=0.075
2026-04-06 02:22:53 | symbol_done | idx=41 | total=120 | symbol=ALCHUSDT | status=skip | reason=no_latest_setup | signals=0 | elapsed_s=0.070
2026-04-06 02:22:53 | symbol_done | idx=42 | total=120 | symbol=ALGOUSDT | status=skip | reason=no_latest_setup | signals=0 | elapsed_s=0.153
2026-04-06 02:22:53 | symbol_done | idx=43 | total=120 | symbol=ALICEUSDT | status=skip | reason=no_latest_setup | signals=0 | elapsed_s=0.065
2026-04-06 02:22:53 | symbol_done | idx=44 | total=120 | symbol=ALLOUSDT | status=skip | reason=no_latest_setup | signals=0 | elapsed_s=0.071
2026-04-06 02:22:53 | symbol_done | idx=45 | total=120 | symbol=ALLUSDT | status=skip | reason=no_latest_setup | signals=0 | elapsed_s=0.070
2026-04-06 02:22:53 | symbol_done | idx=46 | total=120 | symbol=ALPINEUSDT | status=skip | reason=no_setup | signals=0 | elapsed_s=0.061
2026-04-06 02:22:53 | symbol_done | idx=47 | total=120 | symbol=ALTUSDT | status=skip | reason=no_latest_setup | signals=0 | elapsed_s=0.075
2026-04-06 02:22:53 | symbol_done | idx=48 | total=120 | symbol=AMZNUSDT | status=skip | reason=no_setup | signals=0 | elapsed_s=0.067
2026-04-06 02:22:53 | symbol_done | idx=49 | total=120 | symbol=ANIMEUSDT | status=skip | reason=no_latest_setup | signals=0 | elapsed_s=0.071
2026-04-06 02:22:53 | symbol_done | idx=50 | total=120 | symbol=ANKRUSDT | status=skip | reason=no_latest_setup | signals=0 | elapsed_s=0.074
2026-04-06 02:22:53 | symbol_done | idx=51 | total=120 | symbol=APEUSDT | status=skip | reason=no_latest_setup | signals=0 | elapsed_s=0.078
2026-04-06 02:22:53 | symbol_done | idx=52 | total=120 | symbol=API3USDT | status=skip | reason=no_latest_setup | signals=0 | elapsed_s=0.070
2026-04-06 02:22:53 | symbol_done | idx=53 | total=120 | symbol=APRUSDT | status=skip | reason=no_latest_setup | signals=0 | elapsed_s=0.069
2026-04-06 02:22:54 | symbol_done | idx=54 | total=120 | symbol=APTUSDT | status=skip | reason=no_latest_setup | signals=0 | elapsed_s=0.069
2026-04-06 02:22:54 | symbol_done | idx=55 | total=120 | symbol=ARBUSDT | status=skip | reason=no_latest_setup | signals=0 | elapsed_s=0.080
2026-04-06 02:22:54 | symbol_done | idx=56 | total=120 | symbol=ARCUSDT | status=skip | reason=no_latest_setup | signals=0 | elapsed_s=0.053
2026-04-06 02:22:54 | symbol_done | idx=57 | total=120 | symbol=ARIAUSDT | status=skip | reason=no_latest_setup | signals=0 | elapsed_s=0.065
2026-04-06 02:22:54 | symbol_done | idx=58 | total=120 | symbol=ARKMUSDT | status=skip | reason=no_latest_setup | signals=0 | elapsed_s=0.061
2026-04-06 02:22:54 | symbol_done | idx=59 | total=120 | symbol=ARKUSDT | status=skip | reason=no_latest_setup | signals=0 | elapsed_s=0.082
2026-04-06 02:22:54 | symbol_done | idx=60 | total=120 | symbol=ARPAUSDT | status=skip | reason=no_latest_setup | signals=0 | elapsed_s=0.066
2026-04-06 02:22:54 | symbol_done | idx=61 | total=120 | symbol=ARUSDT | status=skip | reason=no_latest_setup | signals=0 | elapsed_s=0.060
2026-04-06 02:22:54 | symbol_done | idx=62 | total=120 | symbol=ASRUSDT | status=skip | reason=no_latest_setup | signals=0 | elapsed_s=0.065
2026-04-06 02:22:54 | symbol_done | idx=63 | total=120 | symbol=ASTERUSDT | status=skip | reason=no_latest_setup | signals=0 | elapsed_s=0.067
2026-04-06 02:22:54 | symbol_done | idx=64 | total=120 | symbol=ASTRUSDT | status=skip | reason=no_latest_setup | signals=0 | elapsed_s=0.068
2026-04-06 02:22:54 | symbol_done | idx=65 | total=120 | symbol=ATAUSDT | status=skip | reason=no_latest_setup | signals=0 | elapsed_s=0.078
2026-04-06 02:22:54 | symbol_done | idx=66 | total=120 | symbol=ATHUSDT | status=skip | reason=no_latest_setup | signals=0 | elapsed_s=0.076
2026-04-06 02:22:54 | symbol_done | idx=67 | total=120 | symbol=ATOMUSDT | status=skip | reason=no_latest_setup | signals=0 | elapsed_s=0.065
2026-04-06 02:22:55 | symbol_done | idx=68 | total=120 | symbol=ATUSDT | status=skip | reason=no_latest_setup | signals=0 | elapsed_s=0.067
2026-04-06 02:22:55 | symbol_done | idx=69 | total=120 | symbol=AUCTIONUSDT | status=skip | reason=no_latest_setup | signals=0 | elapsed_s=0.072
2026-04-06 02:22:55 | symbol_done | idx=70 | total=120 | symbol=AUSDT | status=skip | reason=no_latest_setup | signals=0 | elapsed_s=0.076
2026-04-06 02:22:55 | symbol_done | idx=71 | total=120 | symbol=AVAAIUSDT | status=skip | reason=no_latest_setup | signals=0 | elapsed_s=0.064
2026-04-06 02:22:55 | symbol_done | idx=72 | total=120 | symbol=AVAUSDT | status=skip | reason=no_latest_setup | signals=0 | elapsed_s=0.068
2026-04-06 02:22:55 | symbol_done | idx=73 | total=120 | symbol=AVAXUSDT | status=skip | reason=no_latest_setup | signals=0 | elapsed_s=0.060
2026-04-06 02:22:55 | symbol_done | idx=74 | total=120 | symbol=AVNTUSDT | status=skip | reason=no_latest_setup | signals=0 | elapsed_s=0.072
2026-04-06 02:22:55 | symbol_done | idx=75 | total=120 | symbol=AWEUSDT | status=skip | reason=no_latest_setup | signals=0 | elapsed_s=0.065
2026-04-06 02:22:55 | symbol_done | idx=76 | total=120 | symbol=AXLUSDT | status=skip | reason=no_latest_setup | signals=0 | elapsed_s=0.075
2026-04-06 02:22:55 | symbol_done | idx=77 | total=120 | symbol=AXSUSDT | status=skip | reason=no_latest_setup | signals=0 | elapsed_s=0.071
2026-04-06 02:22:55 | symbol_done | idx=78 | total=120 | symbol=AZTECUSDT | status=skip | reason=no_latest_setup | signals=0 | elapsed_s=0.067
2026-04-06 02:22:55 | symbol_done | idx=79 | total=120 | symbol=B2USDT | status=skip | reason=no_latest_setup | signals=0 | elapsed_s=0.059
2026-04-06 02:22:55 | symbol_done | idx=80 | total=120 | symbol=B3USDT | status=skip | reason=no_latest_setup | signals=0 | elapsed_s=0.039
2026-04-06 02:22:55 | symbol_done | idx=81 | total=120 | symbol=BABYUSDT | status=skip | reason=no_latest_setup | signals=0 | elapsed_s=0.071
2026-04-06 02:22:55 | symbol_done | idx=82 | total=120 | symbol=BANANAS31USDT | status=skip | reason=no_latest_setup | signals=0 | elapsed_s=0.082
2026-04-06 02:22:56 | symbol_done | idx=83 | total=120 | symbol=BANANAUSDT | status=skip | reason=no_latest_setup | signals=0 | elapsed_s=0.072
2026-04-06 02:22:56 | symbol_done | idx=84 | total=120 | symbol=BANDUSDT | status=skip | reason=no_latest_setup | signals=0 | elapsed_s=0.092
2026-04-06 02:22:56 | symbol_done | idx=85 | total=120 | symbol=BANKUSDT | status=skip | reason=no_latest_setup | signals=0 | elapsed_s=0.068
2026-04-06 02:22:56 | symbol_done | idx=86 | total=120 | symbol=BANUSDT | status=skip | reason=no_latest_setup | signals=0 | elapsed_s=0.077
2026-04-06 02:22:56 | symbol_done | idx=87 | total=120 | symbol=BARDUSDT | status=skip | reason=no_latest_setup | signals=0 | elapsed_s=0.069
2026-04-06 02:22:56 | symbol_done | idx=88 | total=120 | symbol=BASEDUSDT | status=skip | reason=insufficient_history | signals=0 | elapsed_s=0.039
2026-04-06 02:22:56 | symbol_done | idx=90 | total=120 | symbol=BATUSDT | status=skip | reason=no_latest_setup | signals=0 | elapsed_s=0.067
2026-04-06 02:22:56 | symbol_done | idx=91 | total=120 | symbol=BBUSDT | status=skip | reason=no_latest_setup | signals=0 | elapsed_s=0.068
2026-04-06 02:22:56 | symbol_done | idx=92 | total=120 | symbol=BCHUSDT | status=skip | reason=no_latest_setup | signals=0 | elapsed_s=0.068
2026-04-06 02:22:56 | symbol_done | idx=93 | total=120 | symbol=BDXNUSDT | status=skip | reason=no_latest_setup | signals=0 | elapsed_s=0.066
2026-04-06 02:22:56 | symbol_done | idx=94 | total=120 | symbol=BEAMXUSDT | status=skip | reason=no_latest_setup | signals=0 | elapsed_s=0.061
2026-04-06 02:22:56 | symbol_done | idx=95 | total=120 | symbol=BEATUSDT | status=skip | reason=no_latest_setup | signals=0 | elapsed_s=0.074
2026-04-06 02:22:56 | symbol_done | idx=96 | total=120 | symbol=BELUSDT | status=skip | reason=no_latest_setup | signals=0 | elapsed_s=0.068
2026-04-06 02:22:57 | symbol_done | idx=97 | total=120 | symbol=BERAUSDT | status=skip | reason=no_latest_setup | signals=0 | elapsed_s=0.071
2026-04-06 02:22:57 | symbol_done | idx=98 | total=120 | symbol=BICOUSDT | status=skip | reason=no_latest_setup | signals=0 | elapsed_s=0.075
2026-04-06 02:22:57 | symbol_done | idx=99 | total=120 | symbol=BIDUSDT | status=skip | reason=no_latest_setup | signals=0 | elapsed_s=0.071
2026-04-06 02:22:57 | symbol_done | idx=100 | total=120 | symbol=BIGTIMEUSDT | status=skip | reason=no_latest_setup | signals=0 | elapsed_s=0.069
2026-04-06 02:22:57 | symbol_done | idx=101 | total=120 | symbol=BIOUSDT | status=skip | reason=no_latest_setup | signals=0 | elapsed_s=0.069
2026-04-06 02:22:57 | symbol_done | idx=102 | total=120 | symbol=BIRBUSDT | status=skip | reason=no_latest_setup | signals=0 | elapsed_s=0.063
2026-04-06 02:22:57 | symbol_done | idx=103 | total=120 | symbol=BLESSUSDT | status=skip | reason=no_latest_setup | signals=0 | elapsed_s=0.070
2026-04-06 02:22:57 | symbol_done | idx=104 | total=120 | symbol=BLUAIUSDT | status=skip | reason=no_latest_setup | signals=0 | elapsed_s=0.054
2026-04-06 02:22:57 | symbol_done | idx=105 | total=120 | symbol=BLURUSDT | status=skip | reason=no_latest_setup | signals=0 | elapsed_s=0.076
2026-04-06 02:22:57 | symbol_done | idx=106 | total=120 | symbol=BMTUSDT | status=skip | reason=no_latest_setup | signals=0 | elapsed_s=0.068
2026-04-06 02:22:57 | symbol_done | idx=107 | total=120 | symbol=BNBUSDT | status=skip | reason=no_latest_setup | signals=0 | elapsed_s=0.074
2026-04-06 02:22:57 | symbol_done | idx=108 | total=120 | symbol=BNTUSDT | status=skip | reason=no_latest_setup | signals=0 | elapsed_s=0.068
2026-04-06 02:22:57 | symbol_done | idx=109 | total=120 | symbol=BOBUSDT | status=skip | reason=no_latest_setup | signals=0 | elapsed_s=0.055
2026-04-06 02:22:57 | symbol_done | idx=110 | total=120 | symbol=BOMEUSDT | status=skip | reason=no_latest_setup | signals=0 | elapsed_s=0.046
2026-04-06 02:22:57 | symbol_done | idx=111 | total=120 | symbol=BRETTUSDT | status=skip | reason=no_latest_setup | signals=0 | elapsed_s=0.057
2026-04-06 02:22:57 | symbol_done | idx=112 | total=120 | symbol=BREVUSDT | status=skip | reason=no_latest_setup | signals=0 | elapsed_s=0.056
2026-04-06 02:22:58 | symbol_done | idx=113 | total=120 | symbol=BROCCOLI714USDT | status=skip | reason=no_latest_setup | signals=0 | elapsed_s=0.064
2026-04-06 02:22:58 | symbol_done | idx=114 | total=120 | symbol=BROCCOLIF3BUSDT | status=skip | reason=no_latest_setup | signals=0 | elapsed_s=0.064
2026-04-06 02:22:58 | symbol_done | idx=115 | total=120 | symbol=BRUSDT | status=skip | reason=no_latest_setup | signals=0 | elapsed_s=0.073
2026-04-06 02:22:58 | symbol_done | idx=116 | total=120 | symbol=BSBUSDT | status=skip | reason=insufficient_history | signals=0 | elapsed_s=0.039
2026-04-06 02:22:58 | symbol_done | idx=117 | total=120 | symbol=BSVUSDT | status=skip | reason=no_latest_setup | signals=0 | elapsed_s=0.079
2026-04-06 02:22:58 | symbol_done | idx=118 | total=120 | symbol=BTC-260327USDT | status=skip | reason=insufficient_history | signals=0 | elapsed_s=0.003
2026-04-06 02:22:58 | symbol_done | idx=119 | total=120 | symbol=BTCDOMUSDT | status=skip | reason=no_setup | signals=0 | elapsed_s=0.060
2026-04-06 02:22:58 | symbol_done | idx=120 | total=120 | symbol=BTCUSDT | status=skip | reason=no_latest_setup | signals=0 | elapsed_s=0.073
2026-04-06 02:22:58 | symbol_done | idx=19 | total=120 | symbol=4USDT | status=ok | reason=below_threshold | signals=0 | elapsed_s=7.064
2026-04-06 02:22:58 | symbol_done | idx=89 | total=120 | symbol=BASUSDT | status=ok | reason=signal_emitted | signals=1 | elapsed_s=2.114
2026-04-06 02:22:58 | scan_end | timeframe=1h | symbols=120 | total_signals=1 | elapsed_s=8.255 | log_file=D:\Code\Projects\self-projects\macd-overlay - Copy\output\scanner_debug_recent.log
2026-04-06 02:22:58 | scan_start | timeframe=1h | symbols=120 | lookback_days=450 | batch_predict=True
2026-04-06 02:22:58 | symbol_done | idx=1 | total=120 | symbol=0GUSDT | status=skip | reason=no_latest_setup | signals=0 | elapsed_s=0.076
2026-04-06 02:22:58 | symbol_done | idx=2 | total=120 | symbol=1000000BOBUSDT | status=skip | reason=no_latest_setup | signals=0 | elapsed_s=0.064
2026-04-06 02:22:58 | symbol_done | idx=3 | total=120 | symbol=1000000MOGUSDT | status=skip | reason=no_latest_setup | signals=0 | elapsed_s=0.065
2026-04-06 02:22:58 | symbol_done | idx=4 | total=120 | symbol=1000BONKUSDT | status=skip | reason=no_latest_setup | signals=0 | elapsed_s=0.066
2026-04-06 02:22:58 | symbol_done | idx=5 | total=120 | symbol=1000CATUSDT | status=skip | reason=no_latest_setup | signals=0 | elapsed_s=0.065
2026-04-06 02:22:58 | symbol_done | idx=6 | total=120 | symbol=1000CHEEMSUSDT | status=skip | reason=no_latest_setup | signals=0 | elapsed_s=0.074
2026-04-06 02:22:58 | symbol_done | idx=7 | total=120 | symbol=1000FLOKIUSDT | status=skip | reason=no_latest_setup | signals=0 | elapsed_s=0.061
2026-04-06 02:22:59 | symbol_done | idx=8 | total=120 | symbol=1000LUNCUSDT | status=skip | reason=no_latest_setup | signals=0 | elapsed_s=0.073
2026-04-06 02:22:59 | symbol_done | idx=9 | total=120 | symbol=1000PEPEUSDT | status=skip | reason=no_latest_setup | signals=0 | elapsed_s=0.074
2026-04-06 02:22:59 | symbol_done | idx=10 | total=120 | symbol=1000RATSUSDT | status=skip | reason=no_latest_setup | signals=0 | elapsed_s=0.084
2026-04-06 02:22:59 | symbol_done | idx=11 | total=120 | symbol=1000SATSUSDT | status=skip | reason=no_latest_setup | signals=0 | elapsed_s=0.071
2026-04-06 02:22:59 | symbol_done | idx=12 | total=120 | symbol=1000SHIBUSDT | status=skip | reason=no_latest_setup | signals=0 | elapsed_s=0.059
2026-04-06 02:22:59 | symbol_done | idx=13 | total=120 | symbol=1000WHYUSDT | status=skip | reason=no_latest_setup | signals=0 | elapsed_s=0.048
2026-04-06 02:22:59 | symbol_done | idx=14 | total=120 | symbol=1000XECUSDT | status=skip | reason=no_setup | signals=0 | elapsed_s=0.069
2026-04-06 02:22:59 | symbol_done | idx=15 | total=120 | symbol=1INCHUSDT | status=skip | reason=no_latest_setup | signals=0 | elapsed_s=0.076
2026-04-06 02:22:59 | symbol_done | idx=16 | total=120 | symbol=1MBABYDOGEUSDT | status=skip | reason=no_latest_setup | signals=0 | elapsed_s=0.066
2026-04-06 02:22:59 | symbol_done | idx=17 | total=120 | symbol=2ZUSDT | status=skip | reason=no_latest_setup | signals=0 | elapsed_s=0.068
2026-04-06 02:22:59 | symbol_done | idx=18 | total=120 | symbol=42USDT | status=skip | reason=no_latest_setup | signals=0 | elapsed_s=0.068
2026-04-06 02:22:59 | symbol_done | idx=19 | total=120 | symbol=4USDT | status=skip | reason=no_latest_setup | signals=0 | elapsed_s=0.059
2026-04-06 02:22:59 | symbol_done | idx=20 | total=120 | symbol=A2ZUSDT | status=skip | reason=no_latest_setup | signals=0 | elapsed_s=0.075
2026-04-06 02:22:59 | symbol_done | idx=21 | total=120 | symbol=AAVEUSDT | status=skip | reason=no_latest_setup | signals=0 | elapsed_s=0.079
2026-04-06 02:23:00 | symbol_done | idx=22 | total=120 | symbol=ACEUSDT | status=skip | reason=no_latest_setup | signals=0 | elapsed_s=0.074
2026-04-06 02:23:00 | symbol_done | idx=23 | total=120 | symbol=ACHUSDT | status=skip | reason=no_latest_setup | signals=0 | elapsed_s=0.082
2026-04-06 02:23:00 | symbol_done | idx=24 | total=120 | symbol=ACTUSDT | status=skip | reason=no_latest_setup | signals=0 | elapsed_s=0.060
2026-04-06 02:23:00 | symbol_done | idx=25 | total=120 | symbol=ACUUSDT | status=skip | reason=no_latest_setup | signals=0 | elapsed_s=0.076
2026-04-06 02:23:00 | symbol_done | idx=26 | total=120 | symbol=ACXUSDT | status=skip | reason=no_latest_setup | signals=0 | elapsed_s=0.061
2026-04-06 02:23:00 | symbol_done | idx=27 | total=120 | symbol=ADAUSDT | status=skip | reason=no_latest_setup | signals=0 | elapsed_s=0.063
2026-04-06 02:23:00 | symbol_done | idx=28 | total=120 | symbol=AERGOUSDT | status=skip | reason=no_latest_setup | signals=0 | elapsed_s=0.068
2026-04-06 02:23:00 | symbol_done | idx=29 | total=120 | symbol=AEROUSDT | status=skip | reason=no_latest_setup | signals=0 | elapsed_s=0.069
2026-04-06 02:23:00 | symbol_done | idx=30 | total=120 | symbol=AEVOUSDT | status=skip | reason=no_latest_setup | signals=0 | elapsed_s=0.074
2026-04-06 02:23:00 | symbol_done | idx=31 | total=120 | symbol=AGLDUSDT | status=skip | reason=no_latest_setup | signals=0 | elapsed_s=0.091
2026-04-06 02:23:00 | symbol_done | idx=32 | total=120 | symbol=AGTUSDT | status=skip | reason=no_latest_setup | signals=0 | elapsed_s=0.084
2026-04-06 02:23:00 | symbol_done | idx=33 | total=120 | symbol=AIAUSDT | status=skip | reason=no_latest_setup | signals=0 | elapsed_s=0.075
2026-04-06 02:23:00 | symbol_done | idx=34 | total=120 | symbol=AINUSDT | status=skip | reason=no_latest_setup | signals=0 | elapsed_s=0.075
2026-04-06 02:23:01 | symbol_done | idx=35 | total=120 | symbol=AIOTUSDT | status=skip | reason=no_latest_setup | signals=0 | elapsed_s=0.075
2026-04-06 02:23:01 | symbol_done | idx=36 | total=120 | symbol=AIOUSDT | status=skip | reason=no_latest_setup | signals=0 | elapsed_s=0.065
2026-04-06 02:23:01 | symbol_done | idx=37 | total=120 | symbol=AIUSDT | status=skip | reason=no_latest_setup | signals=0 | elapsed_s=0.059
2026-04-06 02:23:01 | symbol_done | idx=38 | total=120 | symbol=AIXBTUSDT | status=skip | reason=no_latest_setup | signals=0 | elapsed_s=0.168
2026-04-06 02:23:01 | symbol_done | idx=39 | total=120 | symbol=AKEUSDT | status=skip | reason=no_latest_setup | signals=0 | elapsed_s=0.064
2026-04-06 02:23:01 | symbol_done | idx=40 | total=120 | symbol=AKTUSDT | status=skip | reason=no_latest_setup | signals=0 | elapsed_s=0.074
2026-04-06 02:23:01 | symbol_done | idx=41 | total=120 | symbol=ALCHUSDT | status=skip | reason=no_latest_setup | signals=0 | elapsed_s=0.071
2026-04-06 02:23:01 | symbol_done | idx=42 | total=120 | symbol=ALGOUSDT | status=skip | reason=no_latest_setup | signals=0 | elapsed_s=0.072
2026-04-06 02:23:01 | symbol_done | idx=43 | total=120 | symbol=ALICEUSDT | status=skip | reason=no_latest_setup | signals=0 | elapsed_s=0.049
2026-04-06 02:23:01 | symbol_done | idx=44 | total=120 | symbol=ALLOUSDT | status=skip | reason=no_latest_setup | signals=0 | elapsed_s=0.064
2026-04-06 02:23:01 | symbol_done | idx=45 | total=120 | symbol=ALLUSDT | status=skip | reason=no_latest_setup | signals=0 | elapsed_s=0.048
2026-04-06 02:23:01 | symbol_done | idx=46 | total=120 | symbol=ALPINEUSDT | status=skip | reason=no_setup | signals=0 | elapsed_s=0.052
2026-04-06 02:23:01 | symbol_done | idx=47 | total=120 | symbol=ALTUSDT | status=skip | reason=no_latest_setup | signals=0 | elapsed_s=0.066
2026-04-06 02:23:01 | symbol_done | idx=48 | total=120 | symbol=AMZNUSDT | status=skip | reason=no_setup | signals=0 | elapsed_s=0.061
2026-04-06 02:23:02 | symbol_done | idx=49 | total=120 | symbol=ANIMEUSDT | status=skip | reason=no_latest_setup | signals=0 | elapsed_s=0.068
2026-04-06 02:23:02 | symbol_done | idx=50 | total=120 | symbol=ANKRUSDT | status=skip | reason=no_latest_setup | signals=0 | elapsed_s=0.070
2026-04-06 02:23:02 | symbol_done | idx=51 | total=120 | symbol=APEUSDT | status=skip | reason=no_latest_setup | signals=0 | elapsed_s=0.071
2026-04-06 02:23:02 | symbol_done | idx=52 | total=120 | symbol=API3USDT | status=skip | reason=no_latest_setup | signals=0 | elapsed_s=0.074
2026-04-06 02:23:02 | symbol_done | idx=53 | total=120 | symbol=APRUSDT | status=skip | reason=no_latest_setup | signals=0 | elapsed_s=0.086
2026-04-06 02:23:02 | symbol_done | idx=54 | total=120 | symbol=APTUSDT | status=skip | reason=no_latest_setup | signals=0 | elapsed_s=0.082
2026-04-06 02:23:02 | symbol_done | idx=55 | total=120 | symbol=ARBUSDT | status=skip | reason=no_latest_setup | signals=0 | elapsed_s=0.063
2026-04-06 02:23:02 | symbol_done | idx=56 | total=120 | symbol=ARCUSDT | status=skip | reason=no_latest_setup | signals=0 | elapsed_s=0.059
2026-04-06 02:23:02 | symbol_done | idx=57 | total=120 | symbol=ARIAUSDT | status=skip | reason=no_latest_setup | signals=0 | elapsed_s=0.073
2026-04-06 02:23:02 | symbol_done | idx=58 | total=120 | symbol=ARKMUSDT | status=skip | reason=no_latest_setup | signals=0 | elapsed_s=0.080
2026-04-06 02:23:02 | symbol_done | idx=59 | total=120 | symbol=ARKUSDT | status=skip | reason=no_latest_setup | signals=0 | elapsed_s=0.047
2026-04-06 02:23:02 | symbol_done | idx=60 | total=120 | symbol=ARPAUSDT | status=skip | reason=no_latest_setup | signals=0 | elapsed_s=0.047
2026-04-06 02:23:02 | symbol_done | idx=61 | total=120 | symbol=ARUSDT | status=skip | reason=no_latest_setup | signals=0 | elapsed_s=0.067
2026-04-06 02:23:02 | symbol_done | idx=62 | total=120 | symbol=ASRUSDT | status=skip | reason=no_latest_setup | signals=0 | elapsed_s=0.067
2026-04-06 02:23:02 | symbol_done | idx=63 | total=120 | symbol=ASTERUSDT | status=skip | reason=no_latest_setup | signals=0 | elapsed_s=0.078
2026-04-06 02:23:03 | symbol_done | idx=65 | total=120 | symbol=ATAUSDT | status=skip | reason=no_latest_setup | signals=0 | elapsed_s=0.066
2026-04-06 02:23:03 | symbol_done | idx=66 | total=120 | symbol=ATHUSDT | status=skip | reason=no_latest_setup | signals=0 | elapsed_s=0.066
2026-04-06 02:23:03 | symbol_done | idx=67 | total=120 | symbol=ATOMUSDT | status=skip | reason=no_latest_setup | signals=0 | elapsed_s=0.064
2026-04-06 02:23:03 | symbol_done | idx=68 | total=120 | symbol=ATUSDT | status=skip | reason=no_latest_setup | signals=0 | elapsed_s=0.048
2026-04-06 02:23:03 | symbol_done | idx=69 | total=120 | symbol=AUCTIONUSDT | status=skip | reason=no_latest_setup | signals=0 | elapsed_s=0.067
2026-04-06 02:23:03 | symbol_done | idx=70 | total=120 | symbol=AUSDT | status=skip | reason=no_latest_setup | signals=0 | elapsed_s=0.065
2026-04-06 02:23:03 | symbol_done | idx=71 | total=120 | symbol=AVAAIUSDT | status=skip | reason=no_latest_setup | signals=0 | elapsed_s=0.070
2026-04-06 02:23:03 | symbol_done | idx=72 | total=120 | symbol=AVAUSDT | status=skip | reason=no_latest_setup | signals=0 | elapsed_s=0.071
2026-04-06 02:23:03 | symbol_done | idx=73 | total=120 | symbol=AVAXUSDT | status=skip | reason=no_latest_setup | signals=0 | elapsed_s=0.061
2026-04-06 02:23:03 | symbol_done | idx=74 | total=120 | symbol=AVNTUSDT | status=skip | reason=no_latest_setup | signals=0 | elapsed_s=0.063
2026-04-06 02:23:03 | symbol_done | idx=75 | total=120 | symbol=AWEUSDT | status=skip | reason=no_latest_setup | signals=0 | elapsed_s=0.069
2026-04-06 02:23:03 | symbol_done | idx=76 | total=120 | symbol=AXLUSDT | status=skip | reason=no_latest_setup | signals=0 | elapsed_s=0.064
2026-04-06 02:23:03 | symbol_done | idx=77 | total=120 | symbol=AXSUSDT | status=skip | reason=no_latest_setup | signals=0 | elapsed_s=0.064
2026-04-06 02:23:03 | symbol_done | idx=78 | total=120 | symbol=AZTECUSDT | status=skip | reason=no_latest_setup | signals=0 | elapsed_s=0.070
2026-04-06 02:23:04 | symbol_done | idx=79 | total=120 | symbol=B2USDT | status=skip | reason=no_latest_setup | signals=0 | elapsed_s=0.057
2026-04-06 02:23:04 | symbol_done | idx=80 | total=120 | symbol=B3USDT | status=skip | reason=no_latest_setup | signals=0 | elapsed_s=0.080
2026-04-06 02:23:04 | symbol_done | idx=81 | total=120 | symbol=BABYUSDT | status=skip | reason=no_latest_setup | signals=0 | elapsed_s=0.088
2026-04-06 02:23:04 | symbol_done | idx=82 | total=120 | symbol=BANANAS31USDT | status=skip | reason=no_latest_setup | signals=0 | elapsed_s=0.057
2026-04-06 02:23:04 | symbol_done | idx=83 | total=120 | symbol=BANANAUSDT | status=skip | reason=no_latest_setup | signals=0 | elapsed_s=0.070
2026-04-06 02:23:04 | symbol_done | idx=84 | total=120 | symbol=BANDUSDT | status=skip | reason=no_latest_setup | signals=0 | elapsed_s=0.077
2026-04-06 02:23:04 | symbol_done | idx=85 | total=120 | symbol=BANKUSDT | status=skip | reason=no_latest_setup | signals=0 | elapsed_s=0.052
2026-04-06 02:23:04 | symbol_done | idx=86 | total=120 | symbol=BANUSDT | status=skip | reason=no_latest_setup | signals=0 | elapsed_s=0.065
2026-04-06 02:23:04 | symbol_done | idx=87 | total=120 | symbol=BARDUSDT | status=skip | reason=no_latest_setup | signals=0 | elapsed_s=0.071
2026-04-06 02:23:04 | symbol_done | idx=88 | total=120 | symbol=BASEDUSDT | status=skip | reason=insufficient_history | signals=0 | elapsed_s=0.039
2026-04-06 02:23:04 | symbol_done | idx=89 | total=120 | symbol=BASUSDT | status=skip | reason=no_latest_setup | signals=0 | elapsed_s=0.074
2026-04-06 02:23:04 | symbol_done | idx=90 | total=120 | symbol=BATUSDT | status=skip | reason=no_latest_setup | signals=0 | elapsed_s=0.062
2026-04-06 02:23:04 | symbol_done | idx=91 | total=120 | symbol=BBUSDT | status=skip | reason=no_latest_setup | signals=0 | elapsed_s=0.064
2026-04-06 02:23:04 | symbol_done | idx=92 | total=120 | symbol=BCHUSDT | status=skip | reason=no_latest_setup | signals=0 | elapsed_s=0.055
2026-04-06 02:23:04 | symbol_done | idx=93 | total=120 | symbol=BDXNUSDT | status=skip | reason=no_latest_setup | signals=0 | elapsed_s=0.067
2026-04-06 02:23:05 | symbol_done | idx=94 | total=120 | symbol=BEAMXUSDT | status=skip | reason=no_latest_setup | signals=0 | elapsed_s=0.069
2026-04-06 02:23:05 | symbol_done | idx=95 | total=120 | symbol=BEATUSDT | status=skip | reason=no_latest_setup | signals=0 | elapsed_s=0.072
2026-04-06 02:23:05 | symbol_done | idx=96 | total=120 | symbol=BELUSDT | status=skip | reason=no_latest_setup | signals=0 | elapsed_s=0.070
2026-04-06 02:23:05 | symbol_done | idx=97 | total=120 | symbol=BERAUSDT | status=skip | reason=no_latest_setup | signals=0 | elapsed_s=0.069
2026-04-06 02:23:05 | symbol_done | idx=98 | total=120 | symbol=BICOUSDT | status=skip | reason=no_latest_setup | signals=0 | elapsed_s=0.076
2026-04-06 02:23:05 | symbol_done | idx=99 | total=120 | symbol=BIDUSDT | status=skip | reason=no_latest_setup | signals=0 | elapsed_s=0.058
2026-04-06 02:23:05 | symbol_done | idx=100 | total=120 | symbol=BIGTIMEUSDT | status=skip | reason=no_latest_setup | signals=0 | elapsed_s=0.071
2026-04-06 02:23:05 | symbol_done | idx=101 | total=120 | symbol=BIOUSDT | status=skip | reason=no_latest_setup | signals=0 | elapsed_s=0.071
2026-04-06 02:23:05 | symbol_done | idx=102 | total=120 | symbol=BIRBUSDT | status=skip | reason=no_latest_setup | signals=0 | elapsed_s=0.076
2026-04-06 02:23:05 | symbol_done | idx=103 | total=120 | symbol=BLESSUSDT | status=skip | reason=no_latest_setup | signals=0 | elapsed_s=0.075
2026-04-06 02:23:05 | symbol_done | idx=104 | total=120 | symbol=BLUAIUSDT | status=skip | reason=no_latest_setup | signals=0 | elapsed_s=0.068
2026-04-06 02:23:05 | symbol_done | idx=105 | total=120 | symbol=BLURUSDT | status=skip | reason=no_latest_setup | signals=0 | elapsed_s=0.076
2026-04-06 02:23:05 | symbol_done | idx=106 | total=120 | symbol=BMTUSDT | status=skip | reason=no_latest_setup | signals=0 | elapsed_s=0.079
2026-04-06 02:23:05 | symbol_done | idx=107 | total=120 | symbol=BNBUSDT | status=skip | reason=no_latest_setup | signals=0 | elapsed_s=0.087
2026-04-06 02:23:06 | symbol_done | idx=108 | total=120 | symbol=BNTUSDT | status=skip | reason=no_latest_setup | signals=0 | elapsed_s=0.077
2026-04-06 02:23:06 | symbol_done | idx=109 | total=120 | symbol=BOBUSDT | status=skip | reason=no_latest_setup | signals=0 | elapsed_s=0.068
2026-04-06 02:23:06 | symbol_done | idx=110 | total=120 | symbol=BOMEUSDT | status=skip | reason=no_latest_setup | signals=0 | elapsed_s=0.077
2026-04-06 02:23:06 | symbol_done | idx=111 | total=120 | symbol=BRETTUSDT | status=skip | reason=no_latest_setup | signals=0 | elapsed_s=0.078
2026-04-06 02:23:06 | symbol_done | idx=112 | total=120 | symbol=BREVUSDT | status=skip | reason=no_latest_setup | signals=0 | elapsed_s=0.077
2026-04-06 02:23:06 | symbol_done | idx=113 | total=120 | symbol=BROCCOLI714USDT | status=skip | reason=no_latest_setup | signals=0 | elapsed_s=0.066
2026-04-06 02:23:06 | symbol_done | idx=114 | total=120 | symbol=BROCCOLIF3BUSDT | status=skip | reason=no_latest_setup | signals=0 | elapsed_s=0.047
2026-04-06 02:23:06 | symbol_done | idx=115 | total=120 | symbol=BRUSDT | status=skip | reason=no_latest_setup | signals=0 | elapsed_s=0.071
2026-04-06 02:23:06 | symbol_done | idx=116 | total=120 | symbol=BSBUSDT | status=skip | reason=insufficient_history | signals=0 | elapsed_s=0.030
2026-04-06 02:23:06 | symbol_done | idx=117 | total=120 | symbol=BSVUSDT | status=skip | reason=no_latest_setup | signals=0 | elapsed_s=0.047
2026-04-06 02:23:06 | symbol_done | idx=118 | total=120 | symbol=BTC-260327USDT | status=skip | reason=insufficient_history | signals=0 | elapsed_s=0.001
2026-04-06 02:23:06 | symbol_done | idx=119 | total=120 | symbol=BTCDOMUSDT | status=skip | reason=no_setup | signals=0 | elapsed_s=0.069
2026-04-06 02:23:06 | symbol_done | idx=120 | total=120 | symbol=BTCUSDT | status=skip | reason=no_latest_setup | signals=0 | elapsed_s=0.080
2026-04-06 02:23:06 | symbol_done | idx=64 | total=120 | symbol=ASTRUSDT | status=ok | reason=below_threshold | signals=0 | elapsed_s=3.867
2026-04-06 02:23:06 | scan_end | timeframe=1h | symbols=120 | total_signals=0 | elapsed_s=8.342 | log_file=D:\Code\Projects\self-projects\macd-overlay - Copy\output\scanner_debug_recent.log
2026-04-06 02:23:06 | scan_start | timeframe=1h | symbols=120 | lookback_days=450 | batch_predict=True
2026-04-06 02:23:06 | symbol_done | idx=1 | total=120 | symbol=0GUSDT | status=skip | reason=no_latest_setup | signals=0 | elapsed_s=0.051
2026-04-06 02:23:06 | symbol_done | idx=2 | total=120 | symbol=1000000BOBUSDT | status=skip | reason=no_latest_setup | signals=0 | elapsed_s=0.062
2026-04-06 02:23:07 | symbol_done | idx=3 | total=120 | symbol=1000000MOGUSDT | status=skip | reason=no_latest_setup | signals=0 | elapsed_s=0.079
2026-04-06 02:23:07 | symbol_done | idx=4 | total=120 | symbol=1000BONKUSDT | status=skip | reason=no_latest_setup | signals=0 | elapsed_s=0.069
2026-04-06 02:23:07 | symbol_done | idx=5 | total=120 | symbol=1000CATUSDT | status=skip | reason=no_latest_setup | signals=0 | elapsed_s=0.071
2026-04-06 02:23:07 | symbol_done | idx=6 | total=120 | symbol=1000CHEEMSUSDT | status=skip | reason=no_latest_setup | signals=0 | elapsed_s=0.076
2026-04-06 02:23:07 | symbol_done | idx=7 | total=120 | symbol=1000FLOKIUSDT | status=skip | reason=no_latest_setup | signals=0 | elapsed_s=0.065
2026-04-06 02:23:07 | symbol_done | idx=8 | total=120 | symbol=1000LUNCUSDT | status=skip | reason=no_latest_setup | signals=0 | elapsed_s=0.080
2026-04-06 02:23:07 | symbol_done | idx=9 | total=120 | symbol=1000PEPEUSDT | status=skip | reason=no_latest_setup | signals=0 | elapsed_s=0.074
2026-04-06 02:23:07 | symbol_done | idx=10 | total=120 | symbol=1000RATSUSDT | status=skip | reason=no_latest_setup | signals=0 | elapsed_s=0.075
2026-04-06 02:23:07 | symbol_done | idx=11 | total=120 | symbol=1000SATSUSDT | status=skip | reason=no_latest_setup | signals=0 | elapsed_s=0.064
2026-04-06 02:23:07 | symbol_done | idx=12 | total=120 | symbol=1000SHIBUSDT | status=skip | reason=no_latest_setup | signals=0 | elapsed_s=0.072
2026-04-06 02:23:07 | symbol_done | idx=13 | total=120 | symbol=1000WHYUSDT | status=skip | reason=no_latest_setup | signals=0 | elapsed_s=0.051
2026-04-06 02:23:07 | symbol_done | idx=14 | total=120 | symbol=1000XECUSDT | status=skip | reason=no_setup | signals=0 | elapsed_s=0.051
2026-04-06 02:23:07 | symbol_done | idx=15 | total=120 | symbol=1INCHUSDT | status=skip | reason=no_latest_setup | signals=0 | elapsed_s=0.067
2026-04-06 02:23:07 | symbol_done | idx=16 | total=120 | symbol=1MBABYDOGEUSDT | status=skip | reason=no_latest_setup | signals=0 | elapsed_s=0.058
2026-04-06 02:23:07 | symbol_done | idx=17 | total=120 | symbol=2ZUSDT | status=skip | reason=no_latest_setup | signals=0 | elapsed_s=0.050
2026-04-06 02:23:08 | symbol_done | idx=18 | total=120 | symbol=42USDT | status=skip | reason=no_latest_setup | signals=0 | elapsed_s=0.070
2026-04-06 02:23:08 | symbol_done | idx=19 | total=120 | symbol=4USDT | status=skip | reason=no_latest_setup | signals=0 | elapsed_s=0.081
2026-04-06 02:23:08 | symbol_done | idx=20 | total=120 | symbol=A2ZUSDT | status=skip | reason=no_latest_setup | signals=0 | elapsed_s=0.066
2026-04-06 02:23:08 | symbol_done | idx=21 | total=120 | symbol=AAVEUSDT | status=skip | reason=no_latest_setup | signals=0 | elapsed_s=0.079
2026-04-06 02:23:08 | symbol_done | idx=22 | total=120 | symbol=ACEUSDT | status=skip | reason=no_latest_setup | signals=0 | elapsed_s=0.078
2026-04-06 02:23:08 | symbol_done | idx=23 | total=120 | symbol=ACHUSDT | status=skip | reason=no_latest_setup | signals=0 | elapsed_s=0.079
2026-04-06 02:23:08 | symbol_done | idx=24 | total=120 | symbol=ACTUSDT | status=skip | reason=no_latest_setup | signals=0 | elapsed_s=0.058
2026-04-06 02:23:08 | symbol_done | idx=25 | total=120 | symbol=ACUUSDT | status=skip | reason=no_latest_setup | signals=0 | elapsed_s=0.055
2026-04-06 02:23:08 | symbol_done | idx=26 | total=120 | symbol=ACXUSDT | status=skip | reason=no_latest_setup | signals=0 | elapsed_s=0.058
2026-04-06 02:23:08 | symbol_done | idx=27 | total=120 | symbol=ADAUSDT | status=skip | reason=no_latest_setup | signals=0 | elapsed_s=0.062
2026-04-06 02:23:08 | symbol_done | idx=28 | total=120 | symbol=AERGOUSDT | status=skip | reason=no_latest_setup | signals=0 | elapsed_s=0.063
2026-04-06 02:23:08 | symbol_done | idx=29 | total=120 | symbol=AEROUSDT | status=skip | reason=no_latest_setup | signals=0 | elapsed_s=0.157
2026-04-06 02:23:08 | symbol_done | idx=30 | total=120 | symbol=AEVOUSDT | status=skip | reason=no_latest_setup | signals=0 | elapsed_s=0.052
2026-04-06 02:23:09 | symbol_done | idx=31 | total=120 | symbol=AGLDUSDT | status=skip | reason=no_latest_setup | signals=0 | elapsed_s=0.050
2026-04-06 02:23:09 | symbol_done | idx=32 | total=120 | symbol=AGTUSDT | status=skip | reason=no_latest_setup | signals=0 | elapsed_s=0.070
2026-04-06 02:23:09 | symbol_done | idx=33 | total=120 | symbol=AIAUSDT | status=skip | reason=no_latest_setup | signals=0 | elapsed_s=0.047
2026-04-06 02:23:09 | symbol_done | idx=34 | total=120 | symbol=AINUSDT | status=skip | reason=no_latest_setup | signals=0 | elapsed_s=0.056
2026-04-06 02:23:09 | symbol_done | idx=35 | total=120 | symbol=AIOTUSDT | status=skip | reason=no_latest_setup | signals=0 | elapsed_s=0.059
2026-04-06 02:23:09 | symbol_done | idx=36 | total=120 | symbol=AIOUSDT | status=skip | reason=no_latest_setup | signals=0 | elapsed_s=0.063
2026-04-06 02:23:09 | symbol_done | idx=37 | total=120 | symbol=AIUSDT | status=skip | reason=no_latest_setup | signals=0 | elapsed_s=0.066
2026-04-06 02:23:09 | symbol_done | idx=38 | total=120 | symbol=AIXBTUSDT | status=skip | reason=no_latest_setup | signals=0 | elapsed_s=0.057
2026-04-06 02:23:09 | symbol_done | idx=39 | total=120 | symbol=AKEUSDT | status=skip | reason=no_latest_setup | signals=0 | elapsed_s=0.052
2026-04-06 02:23:09 | symbol_done | idx=40 | total=120 | symbol=AKTUSDT | status=skip | reason=no_latest_setup | signals=0 | elapsed_s=0.062
2026-04-06 02:23:09 | symbol_done | idx=41 | total=120 | symbol=ALCHUSDT | status=skip | reason=no_latest_setup | signals=0 | elapsed_s=0.061
2026-04-06 02:23:09 | symbol_done | idx=43 | total=120 | symbol=ALICEUSDT | status=skip | reason=no_latest_setup | signals=0 | elapsed_s=0.069
2026-04-06 02:23:09 | symbol_done | idx=44 | total=120 | symbol=ALLOUSDT | status=skip | reason=no_latest_setup | signals=0 | elapsed_s=0.062
2026-04-06 02:23:09 | symbol_done | idx=45 | total=120 | symbol=ALLUSDT | status=skip | reason=no_latest_setup | signals=0 | elapsed_s=0.061
2026-04-06 02:23:09 | symbol_done | idx=46 | total=120 | symbol=ALPINEUSDT | status=skip | reason=no_setup | signals=0 | elapsed_s=0.057
2026-04-06 02:23:09 | symbol_done | idx=47 | total=120 | symbol=ALTUSDT | status=skip | reason=no_latest_setup | signals=0 | elapsed_s=0.058
2026-04-06 02:23:10 | symbol_done | idx=48 | total=120 | symbol=AMZNUSDT | status=skip | reason=no_setup | signals=0 | elapsed_s=0.044
2026-04-06 02:23:10 | symbol_done | idx=49 | total=120 | symbol=ANIMEUSDT | status=skip | reason=no_latest_setup | signals=0 | elapsed_s=0.060
2026-04-06 02:23:10 | symbol_done | idx=50 | total=120 | symbol=ANKRUSDT | status=skip | reason=no_latest_setup | signals=0 | elapsed_s=0.072
2026-04-06 02:23:10 | symbol_done | idx=51 | total=120 | symbol=APEUSDT | status=skip | reason=no_latest_setup | signals=0 | elapsed_s=0.070
2026-04-06 02:23:10 | symbol_done | idx=52 | total=120 | symbol=API3USDT | status=skip | reason=no_latest_setup | signals=0 | elapsed_s=0.062
2026-04-06 02:23:10 | symbol_done | idx=53 | total=120 | symbol=APRUSDT | status=skip | reason=no_latest_setup | signals=0 | elapsed_s=0.062
2026-04-06 02:23:10 | symbol_done | idx=54 | total=120 | symbol=APTUSDT | status=skip | reason=no_latest_setup | signals=0 | elapsed_s=0.072
2026-04-06 02:23:10 | symbol_done | idx=55 | total=120 | symbol=ARBUSDT | status=skip | reason=no_latest_setup | signals=0 | elapsed_s=0.067
2026-04-06 02:23:10 | symbol_done | idx=56 | total=120 | symbol=ARCUSDT | status=skip | reason=no_latest_setup | signals=0 | elapsed_s=0.051
2026-04-06 02:23:10 | symbol_done | idx=57 | total=120 | symbol=ARIAUSDT | status=skip | reason=no_latest_setup | signals=0 | elapsed_s=0.073
2026-04-06 02:23:10 | symbol_done | idx=58 | total=120 | symbol=ARKMUSDT | status=skip | reason=no_latest_setup | signals=0 | elapsed_s=0.077
2026-04-06 02:23:10 | symbol_done | idx=59 | total=120 | symbol=ARKUSDT | status=skip | reason=no_latest_setup | signals=0 | elapsed_s=0.073
2026-04-06 02:23:10 | symbol_done | idx=60 | total=120 | symbol=ARPAUSDT | status=skip | reason=no_latest_setup | signals=0 | elapsed_s=0.067
2026-04-06 02:23:10 | symbol_done | idx=61 | total=120 | symbol=ARUSDT | status=skip | reason=no_latest_setup | signals=0 | elapsed_s=0.071
2026-04-06 02:23:10 | symbol_done | idx=62 | total=120 | symbol=ASRUSDT | status=skip | reason=no_latest_setup | signals=0 | elapsed_s=0.061
2026-04-06 02:23:11 | symbol_done | idx=63 | total=120 | symbol=ASTERUSDT | status=skip | reason=no_latest_setup | signals=0 | elapsed_s=0.144
2026-04-06 02:23:11 | symbol_done | idx=64 | total=120 | symbol=ASTRUSDT | status=skip | reason=no_latest_setup | signals=0 | elapsed_s=0.124
2026-04-06 02:23:11 | symbol_done | idx=65 | total=120 | symbol=ATAUSDT | status=skip | reason=no_latest_setup | signals=0 | elapsed_s=0.064
2026-04-06 02:23:11 | symbol_done | idx=66 | total=120 | symbol=ATHUSDT | status=skip | reason=no_latest_setup | signals=0 | elapsed_s=0.080
2026-04-06 02:23:11 | symbol_done | idx=67 | total=120 | symbol=ATOMUSDT | status=skip | reason=no_latest_setup | signals=0 | elapsed_s=0.068
2026-04-06 02:23:11 | symbol_done | idx=68 | total=120 | symbol=ATUSDT | status=skip | reason=no_latest_setup | signals=0 | elapsed_s=0.056
2026-04-06 02:23:11 | symbol_done | idx=69 | total=120 | symbol=AUCTIONUSDT | status=skip | reason=no_latest_setup | signals=0 | elapsed_s=0.064
2026-04-06 02:23:11 | symbol_done | idx=70 | total=120 | symbol=AUSDT | status=skip | reason=no_latest_setup | signals=0 | elapsed_s=0.067
2026-04-06 02:23:11 | symbol_done | idx=71 | total=120 | symbol=AVAAIUSDT | status=skip | reason=no_latest_setup | signals=0 | elapsed_s=0.069
2026-04-06 02:23:11 | symbol_done | idx=72 | total=120 | symbol=AVAUSDT | status=skip | reason=no_latest_setup | signals=0 | elapsed_s=0.094
2026-04-06 02:23:11 | symbol_done | idx=73 | total=120 | symbol=AVAXUSDT | status=skip | reason=no_latest_setup | signals=0 | elapsed_s=0.072
2026-04-06 02:23:11 | symbol_done | idx=74 | total=120 | symbol=AVNTUSDT | status=skip | reason=no_latest_setup | signals=0 | elapsed_s=0.066
2026-04-06 02:23:12 | symbol_done | idx=75 | total=120 | symbol=AWEUSDT | status=skip | reason=no_latest_setup | signals=0 | elapsed_s=0.063
2026-04-06 02:23:12 | symbol_done | idx=76 | total=120 | symbol=AXLUSDT | status=skip | reason=no_latest_setup | signals=0 | elapsed_s=0.064
2026-04-06 02:23:12 | symbol_done | idx=77 | total=120 | symbol=AXSUSDT | status=skip | reason=no_latest_setup | signals=0 | elapsed_s=0.056
2026-04-06 02:23:12 | symbol_done | idx=78 | total=120 | symbol=AZTECUSDT | status=skip | reason=no_latest_setup | signals=0 | elapsed_s=0.071
2026-04-06 02:23:12 | symbol_done | idx=79 | total=120 | symbol=B2USDT | status=skip | reason=no_latest_setup | signals=0 | elapsed_s=0.077
2026-04-06 02:23:12 | symbol_done | idx=80 | total=120 | symbol=B3USDT | status=skip | reason=no_latest_setup | signals=0 | elapsed_s=0.051
2026-04-06 02:23:12 | symbol_done | idx=81 | total=120 | symbol=BABYUSDT | status=skip | reason=no_latest_setup | signals=0 | elapsed_s=0.066
2026-04-06 02:23:12 | symbol_done | idx=82 | total=120 | symbol=BANANAS31USDT | status=skip | reason=no_latest_setup | signals=0 | elapsed_s=0.077
2026-04-06 02:23:12 | symbol_done | idx=83 | total=120 | symbol=BANANAUSDT | status=skip | reason=no_latest_setup | signals=0 | elapsed_s=0.054
2026-04-06 02:23:12 | symbol_done | idx=84 | total=120 | symbol=BANDUSDT | status=skip | reason=no_latest_setup | signals=0 | elapsed_s=0.067
2026-04-06 02:23:12 | symbol_done | idx=85 | total=120 | symbol=BANKUSDT | status=skip | reason=no_latest_setup | signals=0 | elapsed_s=0.054
2026-04-06 02:23:12 | symbol_done | idx=86 | total=120 | symbol=BANUSDT | status=skip | reason=no_latest_setup | signals=0 | elapsed_s=0.069
2026-04-06 02:23:12 | symbol_done | idx=87 | total=120 | symbol=BARDUSDT | status=skip | reason=no_latest_setup | signals=0 | elapsed_s=0.069
2026-04-06 02:23:12 | symbol_done | idx=88 | total=120 | symbol=BASEDUSDT | status=skip | reason=insufficient_history | signals=0 | elapsed_s=0.032
2026-04-06 02:23:12 | symbol_done | idx=89 | total=120 | symbol=BASUSDT | status=skip | reason=no_latest_setup | signals=0 | elapsed_s=0.050
2026-04-06 02:23:12 | symbol_done | idx=90 | total=120 | symbol=BATUSDT | status=skip | reason=no_latest_setup | signals=0 | elapsed_s=0.070
2026-04-06 02:23:13 | symbol_done | idx=91 | total=120 | symbol=BBUSDT | status=skip | reason=no_latest_setup | signals=0 | elapsed_s=0.065
2026-04-06 02:23:13 | symbol_done | idx=92 | total=120 | symbol=BCHUSDT | status=skip | reason=no_latest_setup | signals=0 | elapsed_s=0.062
2026-04-06 02:23:13 | symbol_done | idx=93 | total=120 | symbol=BDXNUSDT | status=skip | reason=no_latest_setup | signals=0 | elapsed_s=0.060
2026-04-06 02:23:13 | symbol_done | idx=94 | total=120 | symbol=BEAMXUSDT | status=skip | reason=no_latest_setup | signals=0 | elapsed_s=0.178
2026-04-06 02:23:13 | symbol_done | idx=95 | total=120 | symbol=BEATUSDT | status=skip | reason=no_latest_setup | signals=0 | elapsed_s=0.065
2026-04-06 02:23:13 | symbol_done | idx=96 | total=120 | symbol=BELUSDT | status=skip | reason=no_latest_setup | signals=0 | elapsed_s=0.070
2026-04-06 02:23:13 | symbol_done | idx=97 | total=120 | symbol=BERAUSDT | status=skip | reason=no_latest_setup | signals=0 | elapsed_s=0.082
2026-04-06 02:23:13 | symbol_done | idx=98 | total=120 | symbol=BICOUSDT | status=skip | reason=no_latest_setup | signals=0 | elapsed_s=0.085
2026-04-06 02:23:13 | symbol_done | idx=99 | total=120 | symbol=BIDUSDT | status=skip | reason=no_latest_setup | signals=0 | elapsed_s=0.072
2026-04-06 02:23:13 | symbol_done | idx=100 | total=120 | symbol=BIGTIMEUSDT | status=skip | reason=no_latest_setup | signals=0 | elapsed_s=0.080
2026-04-06 02:23:13 | symbol_done | idx=101 | total=120 | symbol=BIOUSDT | status=skip | reason=no_latest_setup | signals=0 | elapsed_s=0.067
2026-04-06 02:23:13 | symbol_done | idx=102 | total=120 | symbol=BIRBUSDT | status=skip | reason=no_latest_setup | signals=0 | elapsed_s=0.056
2026-04-06 02:23:13 | symbol_done | idx=103 | total=120 | symbol=BLESSUSDT | status=skip | reason=no_latest_setup | signals=0 | elapsed_s=0.073
2026-04-06 02:23:14 | symbol_done | idx=104 | total=120 | symbol=BLUAIUSDT | status=skip | reason=no_latest_setup | signals=0 | elapsed_s=0.079
2026-04-06 02:23:14 | symbol_done | idx=105 | total=120 | symbol=BLURUSDT | status=skip | reason=no_latest_setup | signals=0 | elapsed_s=0.064
2026-04-06 02:23:14 | symbol_done | idx=106 | total=120 | symbol=BMTUSDT | status=skip | reason=no_latest_setup | signals=0 | elapsed_s=0.102
2026-04-06 02:23:14 | symbol_done | idx=107 | total=120 | symbol=BNBUSDT | status=skip | reason=no_latest_setup | signals=0 | elapsed_s=0.079
2026-04-06 02:23:14 | symbol_done | idx=108 | total=120 | symbol=BNTUSDT | status=skip | reason=no_latest_setup | signals=0 | elapsed_s=0.085
2026-04-06 02:23:14 | symbol_done | idx=109 | total=120 | symbol=BOBUSDT | status=skip | reason=no_latest_setup | signals=0 | elapsed_s=0.085
2026-04-06 02:23:14 | symbol_done | idx=110 | total=120 | symbol=BOMEUSDT | status=skip | reason=no_latest_setup | signals=0 | elapsed_s=0.078
2026-04-06 02:23:14 | symbol_done | idx=111 | total=120 | symbol=BRETTUSDT | status=skip | reason=no_latest_setup | signals=0 | elapsed_s=0.071
2026-04-06 02:23:14 | symbol_done | idx=112 | total=120 | symbol=BREVUSDT | status=skip | reason=no_latest_setup | signals=0 | elapsed_s=0.067
2026-04-06 02:23:14 | symbol_done | idx=113 | total=120 | symbol=BROCCOLI714USDT | status=skip | reason=no_latest_setup | signals=0 | elapsed_s=0.076
2026-04-06 02:23:14 | symbol_done | idx=114 | total=120 | symbol=BROCCOLIF3BUSDT | status=skip | reason=no_latest_setup | signals=0 | elapsed_s=0.075
2026-04-06 02:23:14 | symbol_done | idx=115 | total=120 | symbol=BRUSDT | status=skip | reason=no_latest_setup | signals=0 | elapsed_s=0.070
2026-04-06 02:23:14 | symbol_done | idx=116 | total=120 | symbol=BSBUSDT | status=skip | reason=insufficient_history | signals=0 | elapsed_s=0.035
2026-04-06 02:23:15 | symbol_done | idx=117 | total=120 | symbol=BSVUSDT | status=skip | reason=no_latest_setup | signals=0 | elapsed_s=0.061
2026-04-06 02:23:15 | symbol_done | idx=118 | total=120 | symbol=BTC-260327USDT | status=skip | reason=insufficient_history | signals=0 | elapsed_s=0.003
2026-04-06 02:23:15 | symbol_done | idx=119 | total=120 | symbol=BTCDOMUSDT | status=skip | reason=no_setup | signals=0 | elapsed_s=0.058
2026-04-06 02:23:15 | symbol_done | idx=120 | total=120 | symbol=BTCUSDT | status=skip | reason=no_latest_setup | signals=0 | elapsed_s=0.086
2026-04-06 02:23:15 | symbol_done | idx=42 | total=120 | symbol=ALGOUSDT | status=ok | reason=below_threshold | signals=0 | elapsed_s=5.626
2026-04-06 02:23:15 | scan_end | timeframe=1h | symbols=120 | total_signals=0 | elapsed_s=8.377 | log_file=D:\Code\Projects\self-projects\macd-overlay - Copy\output\scanner_debug_recent.log
2026-04-06 02:23:15 | scan_start | timeframe=1h | symbols=120 | lookback_days=450 | batch_predict=True
2026-04-06 02:23:15 | symbol_done | idx=1 | total=120 | symbol=0GUSDT | status=skip | reason=no_latest_setup | signals=0 | elapsed_s=0.064
2026-04-06 02:23:15 | symbol_done | idx=2 | total=120 | symbol=1000000BOBUSDT | status=skip | reason=no_latest_setup | signals=0 | elapsed_s=0.065
2026-04-06 02:23:15 | symbol_done | idx=3 | total=120 | symbol=1000000MOGUSDT | status=skip | reason=no_latest_setup | signals=0 | elapsed_s=0.076
2026-04-06 02:23:15 | symbol_done | idx=4 | total=120 | symbol=1000BONKUSDT | status=skip | reason=no_latest_setup | signals=0 | elapsed_s=0.062
2026-04-06 02:23:15 | symbol_done | idx=5 | total=120 | symbol=1000CATUSDT | status=skip | reason=no_latest_setup | signals=0 | elapsed_s=0.066
2026-04-06 02:23:15 | symbol_done | idx=6 | total=120 | symbol=1000CHEEMSUSDT | status=skip | reason=no_latest_setup | signals=0 | elapsed_s=0.074
2026-04-06 02:23:15 | symbol_done | idx=7 | total=120 | symbol=1000FLOKIUSDT | status=skip | reason=no_latest_setup | signals=0 | elapsed_s=0.076
2026-04-06 02:23:15 | symbol_done | idx=8 | total=120 | symbol=1000LUNCUSDT | status=skip | reason=no_latest_setup | signals=0 | elapsed_s=0.072
2026-04-06 02:23:15 | symbol_done | idx=9 | total=120 | symbol=1000PEPEUSDT | status=skip | reason=no_latest_setup | signals=0 | elapsed_s=0.081
2026-04-06 02:23:15 | symbol_done | idx=10 | total=120 | symbol=1000RATSUSDT | status=skip | reason=no_latest_setup | signals=0 | elapsed_s=0.088
2026-04-06 02:23:16 | symbol_done | idx=11 | total=120 | symbol=1000SATSUSDT | status=skip | reason=no_latest_setup | signals=0 | elapsed_s=0.073
2026-04-06 02:23:16 | symbol_done | idx=12 | total=120 | symbol=1000SHIBUSDT | status=skip | reason=no_latest_setup | signals=0 | elapsed_s=0.086
2026-04-06 02:23:16 | symbol_done | idx=13 | total=120 | symbol=1000WHYUSDT | status=skip | reason=no_latest_setup | signals=0 | elapsed_s=0.101
2026-04-06 02:23:16 | symbol_done | idx=14 | total=120 | symbol=1000XECUSDT | status=skip | reason=no_setup | signals=0 | elapsed_s=0.076
2026-04-06 02:23:16 | symbol_done | idx=15 | total=120 | symbol=1INCHUSDT | status=skip | reason=no_latest_setup | signals=0 | elapsed_s=0.091
2026-04-06 02:23:16 | symbol_done | idx=16 | total=120 | symbol=1MBABYDOGEUSDT | status=skip | reason=no_latest_setup | signals=0 | elapsed_s=0.088
2026-04-06 02:23:16 | symbol_done | idx=17 | total=120 | symbol=2ZUSDT | status=skip | reason=no_latest_setup | signals=0 | elapsed_s=0.090
2026-04-06 02:23:16 | symbol_done | idx=18 | total=120 | symbol=42USDT | status=skip | reason=no_latest_setup | signals=0 | elapsed_s=0.071
2026-04-06 02:23:16 | symbol_done | idx=19 | total=120 | symbol=4USDT | status=skip | reason=no_latest_setup | signals=0 | elapsed_s=0.066
2026-04-06 02:23:16 | symbol_done | idx=20 | total=120 | symbol=A2ZUSDT | status=skip | reason=no_latest_setup | signals=0 | elapsed_s=0.071
2026-04-06 02:23:16 | symbol_done | idx=21 | total=120 | symbol=AAVEUSDT | status=skip | reason=no_latest_setup | signals=0 | elapsed_s=0.077
2026-04-06 02:23:16 | symbol_done | idx=22 | total=120 | symbol=ACEUSDT | status=skip | reason=no_latest_setup | signals=0 | elapsed_s=0.082
2026-04-06 02:23:17 | symbol_done | idx=23 | total=120 | symbol=ACHUSDT | status=skip | reason=no_latest_setup | signals=0 | elapsed_s=0.067
2026-04-06 02:23:17 | symbol_done | idx=24 | total=120 | symbol=ACTUSDT | status=skip | reason=no_latest_setup | signals=0 | elapsed_s=0.087
2026-04-06 02:23:17 | symbol_done | idx=25 | total=120 | symbol=ACUUSDT | status=skip | reason=no_latest_setup | signals=0 | elapsed_s=0.092
2026-04-06 02:23:17 | symbol_done | idx=26 | total=120 | symbol=ACXUSDT | status=skip | reason=no_latest_setup | signals=0 | elapsed_s=0.114
2026-04-06 02:23:17 | symbol_done | idx=27 | total=120 | symbol=ADAUSDT | status=skip | reason=no_latest_setup | signals=0 | elapsed_s=0.107
2026-04-06 02:23:17 | symbol_done | idx=28 | total=120 | symbol=AERGOUSDT | status=skip | reason=no_latest_setup | signals=0 | elapsed_s=0.075
2026-04-06 02:23:17 | symbol_done | idx=29 | total=120 | symbol=AEROUSDT | status=skip | reason=no_latest_setup | signals=0 | elapsed_s=0.113
2026-04-06 02:23:17 | symbol_done | idx=30 | total=120 | symbol=AEVOUSDT | status=skip | reason=no_latest_setup | signals=0 | elapsed_s=0.096
2026-04-06 02:23:17 | symbol_done | idx=31 | total=120 | symbol=AGLDUSDT | status=skip | reason=no_latest_setup | signals=0 | elapsed_s=0.069
2026-04-06 02:23:17 | symbol_done | idx=32 | total=120 | symbol=AGTUSDT | status=skip | reason=no_latest_setup | signals=0 | elapsed_s=0.084
2026-04-06 02:23:17 | symbol_done | idx=33 | total=120 | symbol=AIAUSDT | status=skip | reason=no_latest_setup | signals=0 | elapsed_s=0.082
2026-04-06 02:23:18 | symbol_done | idx=34 | total=120 | symbol=AINUSDT | status=skip | reason=no_latest_setup | signals=0 | elapsed_s=0.078
2026-04-06 02:23:18 | symbol_done | idx=35 | total=120 | symbol=AIOTUSDT | status=skip | reason=no_latest_setup | signals=0 | elapsed_s=0.104
2026-04-06 02:23:18 | symbol_done | idx=36 | total=120 | symbol=AIOUSDT | status=skip | reason=no_latest_setup | signals=0 | elapsed_s=0.098
2026-04-06 02:23:18 | symbol_done | idx=37 | total=120 | symbol=AIUSDT | status=skip | reason=no_latest_setup | signals=0 | elapsed_s=0.094
2026-04-06 02:23:18 | symbol_done | idx=38 | total=120 | symbol=AIXBTUSDT | status=skip | reason=no_latest_setup | signals=0 | elapsed_s=0.111
2026-04-06 02:23:18 | symbol_done | idx=39 | total=120 | symbol=AKEUSDT | status=skip | reason=no_latest_setup | signals=0 | elapsed_s=0.098
2026-04-06 02:23:18 | symbol_done | idx=40 | total=120 | symbol=AKTUSDT | status=skip | reason=no_latest_setup | signals=0 | elapsed_s=0.090
2026-04-06 02:23:18 | symbol_done | idx=41 | total=120 | symbol=ALCHUSDT | status=skip | reason=no_latest_setup | signals=0 | elapsed_s=0.076
2026-04-06 02:23:18 | symbol_done | idx=42 | total=120 | symbol=ALGOUSDT | status=skip | reason=no_latest_setup | signals=0 | elapsed_s=0.096
2026-04-06 02:23:18 | symbol_done | idx=43 | total=120 | symbol=ALICEUSDT | status=skip | reason=no_latest_setup | signals=0 | elapsed_s=0.085
2026-04-06 02:23:18 | symbol_done | idx=44 | total=120 | symbol=ALLOUSDT | status=skip | reason=no_latest_setup | signals=0 | elapsed_s=0.088
2026-04-06 02:23:19 | symbol_done | idx=45 | total=120 | symbol=ALLUSDT | status=skip | reason=no_latest_setup | signals=0 | elapsed_s=0.087
2026-04-06 02:23:19 | symbol_done | idx=46 | total=120 | symbol=ALPINEUSDT | status=skip | reason=no_setup | signals=0 | elapsed_s=0.065
2026-04-06 02:23:19 | symbol_done | idx=47 | total=120 | symbol=ALTUSDT | status=skip | reason=no_latest_setup | signals=0 | elapsed_s=0.133
2026-04-06 02:23:19 | symbol_done | idx=48 | total=120 | symbol=AMZNUSDT | status=skip | reason=no_setup | signals=0 | elapsed_s=0.177
2026-04-06 02:23:19 | symbol_done | idx=49 | total=120 | symbol=ANIMEUSDT | status=skip | reason=no_latest_setup | signals=0 | elapsed_s=0.083
2026-04-06 02:23:19 | symbol_done | idx=50 | total=120 | symbol=ANKRUSDT | status=skip | reason=no_latest_setup | signals=0 | elapsed_s=0.101
2026-04-06 02:23:19 | symbol_done | idx=51 | total=120 | symbol=APEUSDT | status=skip | reason=no_latest_setup | signals=0 | elapsed_s=0.080
2026-04-06 02:23:19 | symbol_done | idx=52 | total=120 | symbol=API3USDT | status=skip | reason=no_latest_setup | signals=0 | elapsed_s=0.073
2026-04-06 02:23:19 | symbol_done | idx=53 | total=120 | symbol=APRUSDT | status=skip | reason=no_latest_setup | signals=0 | elapsed_s=0.062
2026-04-06 02:23:19 | symbol_done | idx=54 | total=120 | symbol=APTUSDT | status=skip | reason=no_latest_setup | signals=0 | elapsed_s=0.087
2026-04-06 02:23:20 | symbol_done | idx=55 | total=120 | symbol=ARBUSDT | status=skip | reason=no_latest_setup | signals=0 | elapsed_s=0.070
2026-04-06 02:23:20 | symbol_done | idx=56 | total=120 | symbol=ARCUSDT | status=skip | reason=no_latest_setup | signals=0 | elapsed_s=0.076
2026-04-06 02:23:20 | symbol_done | idx=57 | total=120 | symbol=ARIAUSDT | status=skip | reason=no_latest_setup | signals=0 | elapsed_s=0.087
2026-04-06 02:23:20 | symbol_done | idx=58 | total=120 | symbol=ARKMUSDT | status=skip | reason=no_latest_setup | signals=0 | elapsed_s=0.070
2026-04-06 02:23:20 | symbol_done | idx=59 | total=120 | symbol=ARKUSDT | status=skip | reason=no_latest_setup | signals=0 | elapsed_s=0.071
2026-04-06 02:23:20 | symbol_done | idx=60 | total=120 | symbol=ARPAUSDT | status=skip | reason=no_latest_setup | signals=0 | elapsed_s=0.069
2026-04-06 02:23:20 | symbol_done | idx=61 | total=120 | symbol=ARUSDT | status=skip | reason=no_latest_setup | signals=0 | elapsed_s=0.078
2026-04-06 02:23:20 | symbol_done | idx=62 | total=120 | symbol=ASRUSDT | status=skip | reason=no_latest_setup | signals=0 | elapsed_s=0.067
2026-04-06 02:23:20 | symbol_done | idx=63 | total=120 | symbol=ASTERUSDT | status=skip | reason=no_latest_setup | signals=0 | elapsed_s=0.071
2026-04-06 02:23:20 | symbol_done | idx=64 | total=120 | symbol=ASTRUSDT | status=skip | reason=no_latest_setup | signals=0 | elapsed_s=0.074
2026-04-06 02:23:20 | symbol_done | idx=65 | total=120 | symbol=ATAUSDT | status=skip | reason=no_latest_setup | signals=0 | elapsed_s=0.081
2026-04-06 02:23:20 | symbol_done | idx=66 | total=120 | symbol=ATHUSDT | status=skip | reason=no_latest_setup | signals=0 | elapsed_s=0.077
2026-04-06 02:23:20 | symbol_done | idx=67 | total=120 | symbol=ATOMUSDT | status=skip | reason=no_latest_setup | signals=0 | elapsed_s=0.076
2026-04-06 02:23:20 | symbol_done | idx=68 | total=120 | symbol=ATUSDT | status=skip | reason=no_latest_setup | signals=0 | elapsed_s=0.079
2026-04-06 02:23:21 | symbol_done | idx=69 | total=120 | symbol=AUCTIONUSDT | status=skip | reason=no_latest_setup | signals=0 | elapsed_s=0.077
2026-04-06 02:23:21 | symbol_done | idx=70 | total=120 | symbol=AUSDT | status=skip | reason=no_latest_setup | signals=0 | elapsed_s=0.067
2026-04-06 02:23:21 | symbol_done | idx=71 | total=120 | symbol=AVAAIUSDT | status=skip | reason=no_latest_setup | signals=0 | elapsed_s=0.083
2026-04-06 02:23:21 | symbol_done | idx=72 | total=120 | symbol=AVAUSDT | status=skip | reason=no_latest_setup | signals=0 | elapsed_s=0.073
2026-04-06 02:23:21 | symbol_done | idx=73 | total=120 | symbol=AVAXUSDT | status=skip | reason=no_latest_setup | signals=0 | elapsed_s=0.059
2026-04-06 02:23:21 | symbol_done | idx=74 | total=120 | symbol=AVNTUSDT | status=skip | reason=no_latest_setup | signals=0 | elapsed_s=0.081
2026-04-06 02:23:21 | symbol_done | idx=75 | total=120 | symbol=AWEUSDT | status=skip | reason=no_latest_setup | signals=0 | elapsed_s=0.078
2026-04-06 02:23:21 | symbol_done | idx=76 | total=120 | symbol=AXLUSDT | status=skip | reason=no_latest_setup | signals=0 | elapsed_s=0.083
2026-04-06 02:23:21 | symbol_done | idx=77 | total=120 | symbol=AXSUSDT | status=skip | reason=no_latest_setup | signals=0 | elapsed_s=0.083
2026-04-06 02:23:21 | symbol_done | idx=78 | total=120 | symbol=AZTECUSDT | status=skip | reason=no_latest_setup | signals=0 | elapsed_s=0.076
2026-04-06 02:23:21 | symbol_done | idx=79 | total=120 | symbol=B2USDT | status=skip | reason=no_latest_setup | signals=0 | elapsed_s=0.082
2026-04-06 02:23:21 | symbol_done | idx=80 | total=120 | symbol=B3USDT | status=skip | reason=no_latest_setup | signals=0 | elapsed_s=0.071
2026-04-06 02:23:22 | symbol_done | idx=81 | total=120 | symbol=BABYUSDT | status=skip | reason=no_latest_setup | signals=0 | elapsed_s=0.088
2026-04-06 02:23:22 | symbol_done | idx=82 | total=120 | symbol=BANANAS31USDT | status=skip | reason=no_latest_setup | signals=0 | elapsed_s=0.075
2026-04-06 02:23:22 | symbol_done | idx=83 | total=120 | symbol=BANANAUSDT | status=skip | reason=no_latest_setup | signals=0 | elapsed_s=0.071
2026-04-06 02:23:22 | symbol_done | idx=84 | total=120 | symbol=BANDUSDT | status=skip | reason=no_latest_setup | signals=0 | elapsed_s=0.071
2026-04-06 02:23:22 | symbol_done | idx=85 | total=120 | symbol=BANKUSDT | status=skip | reason=no_latest_setup | signals=0 | elapsed_s=0.075
2026-04-06 02:23:22 | symbol_done | idx=86 | total=120 | symbol=BANUSDT | status=skip | reason=no_latest_setup | signals=0 | elapsed_s=0.077
2026-04-06 02:23:22 | symbol_done | idx=87 | total=120 | symbol=BARDUSDT | status=skip | reason=no_latest_setup | signals=0 | elapsed_s=0.074
2026-04-06 02:23:22 | symbol_done | idx=88 | total=120 | symbol=BASEDUSDT | status=skip | reason=insufficient_history | signals=0 | elapsed_s=0.035
2026-04-06 02:23:22 | symbol_done | idx=89 | total=120 | symbol=BASUSDT | status=skip | reason=no_latest_setup | signals=0 | elapsed_s=0.066
2026-04-06 02:23:22 | symbol_done | idx=90 | total=120 | symbol=BATUSDT | status=skip | reason=no_latest_setup | signals=0 | elapsed_s=0.076
2026-04-06 02:23:22 | symbol_done | idx=91 | total=120 | symbol=BBUSDT | status=skip | reason=no_latest_setup | signals=0 | elapsed_s=0.074
2026-04-06 02:23:22 | symbol_done | idx=92 | total=120 | symbol=BCHUSDT | status=skip | reason=no_latest_setup | signals=0 | elapsed_s=0.079
2026-04-06 02:23:22 | symbol_done | idx=93 | total=120 | symbol=BDXNUSDT | status=skip | reason=no_latest_setup | signals=0 | elapsed_s=0.077
2026-04-06 02:23:22 | symbol_done | idx=94 | total=120 | symbol=BEAMXUSDT | status=skip | reason=no_latest_setup | signals=0 | elapsed_s=0.078
2026-04-06 02:23:23 | symbol_done | idx=95 | total=120 | symbol=BEATUSDT | status=skip | reason=no_latest_setup | signals=0 | elapsed_s=0.077
2026-04-06 02:23:23 | symbol_done | idx=96 | total=120 | symbol=BELUSDT | status=skip | reason=no_latest_setup | signals=0 | elapsed_s=0.083
2026-04-06 02:23:23 | symbol_done | idx=97 | total=120 | symbol=BERAUSDT | status=skip | reason=no_latest_setup | signals=0 | elapsed_s=0.083
2026-04-06 02:23:23 | symbol_done | idx=98 | total=120 | symbol=BICOUSDT | status=skip | reason=no_latest_setup | signals=0 | elapsed_s=0.074
2026-04-06 02:23:23 | symbol_done | idx=99 | total=120 | symbol=BIDUSDT | status=skip | reason=no_latest_setup | signals=0 | elapsed_s=0.082
2026-04-06 02:23:23 | symbol_done | idx=100 | total=120 | symbol=BIGTIMEUSDT | status=skip | reason=no_latest_setup | signals=0 | elapsed_s=0.085
2026-04-06 02:23:23 | symbol_done | idx=101 | total=120 | symbol=BIOUSDT | status=skip | reason=no_latest_setup | signals=0 | elapsed_s=0.079
2026-04-06 02:23:23 | symbol_done | idx=102 | total=120 | symbol=BIRBUSDT | status=skip | reason=no_latest_setup | signals=0 | elapsed_s=0.074
2026-04-06 02:23:23 | symbol_done | idx=103 | total=120 | symbol=BLESSUSDT | status=skip | reason=no_latest_setup | signals=0 | elapsed_s=0.071
2026-04-06 02:23:23 | symbol_done | idx=104 | total=120 | symbol=BLUAIUSDT | status=skip | reason=no_latest_setup | signals=0 | elapsed_s=0.081
2026-04-06 02:23:23 | symbol_done | idx=105 | total=120 | symbol=BLURUSDT | status=skip | reason=no_latest_setup | signals=0 | elapsed_s=0.060
2026-04-06 02:23:23 | symbol_done | idx=106 | total=120 | symbol=BMTUSDT | status=skip | reason=no_latest_setup | signals=0 | elapsed_s=0.073
2026-04-06 02:23:23 | symbol_done | idx=107 | total=120 | symbol=BNBUSDT | status=skip | reason=no_latest_setup | signals=0 | elapsed_s=0.082
2026-04-06 02:23:24 | symbol_done | idx=108 | total=120 | symbol=BNTUSDT | status=skip | reason=no_latest_setup | signals=0 | elapsed_s=0.076
2026-04-06 02:23:24 | symbol_done | idx=109 | total=120 | symbol=BOBUSDT | status=skip | reason=no_latest_setup | signals=0 | elapsed_s=0.062
2026-04-06 02:23:24 | symbol_done | idx=110 | total=120 | symbol=BOMEUSDT | status=skip | reason=no_latest_setup | signals=0 | elapsed_s=0.069
2026-04-06 02:23:24 | symbol_done | idx=111 | total=120 | symbol=BRETTUSDT | status=skip | reason=no_latest_setup | signals=0 | elapsed_s=0.074
2026-04-06 02:23:24 | symbol_done | idx=112 | total=120 | symbol=BREVUSDT | status=skip | reason=no_latest_setup | signals=0 | elapsed_s=0.071
2026-04-06 02:23:24 | symbol_done | idx=113 | total=120 | symbol=BROCCOLI714USDT | status=skip | reason=no_latest_setup | signals=0 | elapsed_s=0.075
2026-04-06 02:23:24 | symbol_done | idx=114 | total=120 | symbol=BROCCOLIF3BUSDT | status=skip | reason=no_latest_setup | signals=0 | elapsed_s=0.080
2026-04-06 02:23:24 | symbol_done | idx=115 | total=120 | symbol=BRUSDT | status=skip | reason=no_latest_setup | signals=0 | elapsed_s=0.077
2026-04-06 02:23:24 | symbol_done | idx=116 | total=120 | symbol=BSBUSDT | status=skip | reason=insufficient_history | signals=0 | elapsed_s=0.048
2026-04-06 02:23:24 | symbol_done | idx=117 | total=120 | symbol=BSVUSDT | status=skip | reason=no_latest_setup | signals=0 | elapsed_s=0.077
2026-04-06 02:23:24 | symbol_done | idx=118 | total=120 | symbol=BTC-260327USDT | status=skip | reason=insufficient_history | signals=0 | elapsed_s=0.003
2026-04-06 02:23:24 | symbol_done | idx=119 | total=120 | symbol=BTCDOMUSDT | status=skip | reason=no_setup | signals=0 | elapsed_s=0.070
2026-04-06 02:23:24 | symbol_done | idx=120 | total=120 | symbol=BTCUSDT | status=skip | reason=no_latest_setup | signals=0 | elapsed_s=0.097
2026-04-06 02:23:24 | scan_end | timeframe=1h | symbols=120 | total_signals=0 | elapsed_s=9.617 | log_file=D:\Code\Projects\self-projects\macd-overlay - Copy\output\scanner_debug_recent.log
2026-04-06 02:23:24 | scan_start | timeframe=1h | symbols=120 | lookback_days=450 | batch_predict=True
2026-04-06 02:23:24 | symbol_done | idx=1 | total=120 | symbol=0GUSDT | status=skip | reason=no_latest_setup | signals=0 | elapsed_s=0.073
2026-04-06 02:23:24 | symbol_done | idx=2 | total=120 | symbol=1000000BOBUSDT | status=skip | reason=no_latest_setup | signals=0 | elapsed_s=0.063
2026-04-06 02:23:25 | symbol_done | idx=3 | total=120 | symbol=1000000MOGUSDT | status=skip | reason=no_latest_setup | signals=0 | elapsed_s=0.074
2026-04-06 02:23:25 | symbol_done | idx=4 | total=120 | symbol=1000BONKUSDT | status=skip | reason=no_latest_setup | signals=0 | elapsed_s=0.079
2026-04-06 02:23:25 | symbol_done | idx=5 | total=120 | symbol=1000CATUSDT | status=skip | reason=no_latest_setup | signals=0 | elapsed_s=0.062
2026-04-06 02:23:25 | symbol_done | idx=6 | total=120 | symbol=1000CHEEMSUSDT | status=skip | reason=no_latest_setup | signals=0 | elapsed_s=0.059
2026-04-06 02:23:25 | symbol_done | idx=7 | total=120 | symbol=1000FLOKIUSDT | status=skip | reason=no_latest_setup | signals=0 | elapsed_s=0.070
2026-04-06 02:23:25 | symbol_done | idx=8 | total=120 | symbol=1000LUNCUSDT | status=skip | reason=no_latest_setup | signals=0 | elapsed_s=0.073
2026-04-06 02:23:25 | symbol_done | idx=9 | total=120 | symbol=1000PEPEUSDT | status=skip | reason=no_latest_setup | signals=0 | elapsed_s=0.082
2026-04-06 02:23:25 | symbol_done | idx=10 | total=120 | symbol=1000RATSUSDT | status=skip | reason=no_latest_setup | signals=0 | elapsed_s=0.080
2026-04-06 02:23:25 | symbol_done | idx=11 | total=120 | symbol=1000SATSUSDT | status=skip | reason=no_latest_setup | signals=0 | elapsed_s=0.069
2026-04-06 02:23:25 | symbol_done | idx=12 | total=120 | symbol=1000SHIBUSDT | status=skip | reason=no_latest_setup | signals=0 | elapsed_s=0.080
2026-04-06 02:23:25 | symbol_done | idx=13 | total=120 | symbol=1000WHYUSDT | status=skip | reason=no_latest_setup | signals=0 | elapsed_s=0.062
2026-04-06 02:23:25 | symbol_done | idx=14 | total=120 | symbol=1000XECUSDT | status=skip | reason=no_setup | signals=0 | elapsed_s=0.062
2026-04-06 02:23:25 | symbol_done | idx=15 | total=120 | symbol=1INCHUSDT | status=skip | reason=no_latest_setup | signals=0 | elapsed_s=0.064
2026-04-06 02:23:26 | symbol_done | idx=16 | total=120 | symbol=1MBABYDOGEUSDT | status=skip | reason=no_latest_setup | signals=0 | elapsed_s=0.091
2026-04-06 02:23:26 | symbol_done | idx=17 | total=120 | symbol=2ZUSDT | status=skip | reason=no_latest_setup | signals=0 | elapsed_s=0.096
2026-04-06 02:23:26 | symbol_done | idx=18 | total=120 | symbol=42USDT | status=skip | reason=no_latest_setup | signals=0 | elapsed_s=0.073
2026-04-06 02:23:26 | symbol_done | idx=19 | total=120 | symbol=4USDT | status=skip | reason=no_latest_setup | signals=0 | elapsed_s=0.079
2026-04-06 02:23:26 | symbol_done | idx=20 | total=120 | symbol=A2ZUSDT | status=skip | reason=no_latest_setup | signals=0 | elapsed_s=0.060
2026-04-06 02:23:26 | symbol_done | idx=21 | total=120 | symbol=AAVEUSDT | status=skip | reason=no_latest_setup | signals=0 | elapsed_s=0.087
2026-04-06 02:23:26 | symbol_done | idx=22 | total=120 | symbol=ACEUSDT | status=skip | reason=no_latest_setup | signals=0 | elapsed_s=0.059
2026-04-06 02:23:26 | symbol_done | idx=23 | total=120 | symbol=ACHUSDT | status=skip | reason=no_latest_setup | signals=0 | elapsed_s=0.169
2026-04-06 02:23:26 | symbol_done | idx=24 | total=120 | symbol=ACTUSDT | status=skip | reason=no_latest_setup | signals=0 | elapsed_s=0.096
2026-04-06 02:23:26 | symbol_done | idx=25 | total=120 | symbol=ACUUSDT | status=skip | reason=no_latest_setup | signals=0 | elapsed_s=0.071
2026-04-06 02:23:26 | symbol_done | idx=26 | total=120 | symbol=ACXUSDT | status=skip | reason=no_latest_setup | signals=0 | elapsed_s=0.080
2026-04-06 02:23:26 | symbol_done | idx=27 | total=120 | symbol=ADAUSDT | status=skip | reason=no_latest_setup | signals=0 | elapsed_s=0.070
2026-04-06 02:23:27 | symbol_done | idx=28 | total=120 | symbol=AERGOUSDT | status=skip | reason=no_latest_setup | signals=0 | elapsed_s=0.067
2026-04-06 02:23:27 | symbol_done | idx=29 | total=120 | symbol=AEROUSDT | status=skip | reason=no_latest_setup | signals=0 | elapsed_s=0.080
2026-04-06 02:23:27 | symbol_done | idx=30 | total=120 | symbol=AEVOUSDT | status=skip | reason=no_latest_setup | signals=0 | elapsed_s=0.075
2026-04-06 02:23:27 | symbol_done | idx=31 | total=120 | symbol=AGLDUSDT | status=skip | reason=no_latest_setup | signals=0 | elapsed_s=0.062
2026-04-06 02:23:27 | symbol_done | idx=32 | total=120 | symbol=AGTUSDT | status=skip | reason=no_latest_setup | signals=0 | elapsed_s=0.061
2026-04-06 02:23:27 | symbol_done | idx=33 | total=120 | symbol=AIAUSDT | status=skip | reason=no_latest_setup | signals=0 | elapsed_s=0.072
2026-04-06 02:23:27 | symbol_done | idx=34 | total=120 | symbol=AINUSDT | status=skip | reason=no_latest_setup | signals=0 | elapsed_s=0.073
2026-04-06 02:23:27 | symbol_done | idx=35 | total=120 | symbol=AIOTUSDT | status=skip | reason=no_latest_setup | signals=0 | elapsed_s=0.061
2026-04-06 02:23:27 | symbol_done | idx=36 | total=120 | symbol=AIOUSDT | status=skip | reason=no_latest_setup | signals=0 | elapsed_s=0.073
2026-04-06 02:23:27 | symbol_done | idx=37 | total=120 | symbol=AIUSDT | status=skip | reason=no_latest_setup | signals=0 | elapsed_s=0.081
2026-04-06 02:23:27 | symbol_done | idx=38 | total=120 | symbol=AIXBTUSDT | status=skip | reason=no_latest_setup | signals=0 | elapsed_s=0.072
2026-04-06 02:23:27 | symbol_done | idx=39 | total=120 | symbol=AKEUSDT | status=skip | reason=no_latest_setup | signals=0 | elapsed_s=0.070
2026-04-06 02:23:27 | symbol_done | idx=40 | total=120 | symbol=AKTUSDT | status=skip | reason=no_latest_setup | signals=0 | elapsed_s=0.094
2026-04-06 02:23:27 | symbol_done | idx=41 | total=120 | symbol=ALCHUSDT | status=skip | reason=no_latest_setup | signals=0 | elapsed_s=0.079
2026-04-06 02:23:28 | symbol_done | idx=42 | total=120 | symbol=ALGOUSDT | status=skip | reason=no_latest_setup | signals=0 | elapsed_s=0.076
2026-04-06 02:23:28 | symbol_done | idx=43 | total=120 | symbol=ALICEUSDT | status=skip | reason=no_latest_setup | signals=0 | elapsed_s=0.063
2026-04-06 02:23:28 | symbol_done | idx=44 | total=120 | symbol=ALLOUSDT | status=skip | reason=no_latest_setup | signals=0 | elapsed_s=0.074
2026-04-06 02:23:28 | symbol_done | idx=45 | total=120 | symbol=ALLUSDT | status=skip | reason=no_latest_setup | signals=0 | elapsed_s=0.079
2026-04-06 02:23:28 | symbol_done | idx=46 | total=120 | symbol=ALPINEUSDT | status=skip | reason=no_setup | signals=0 | elapsed_s=0.065
2026-04-06 02:23:28 | symbol_done | idx=47 | total=120 | symbol=ALTUSDT | status=skip | reason=no_latest_setup | signals=0 | elapsed_s=0.077
2026-04-06 02:23:28 | symbol_done | idx=48 | total=120 | symbol=AMZNUSDT | status=skip | reason=no_setup | signals=0 | elapsed_s=0.062
2026-04-06 02:23:28 | symbol_done | idx=49 | total=120 | symbol=ANIMEUSDT | status=skip | reason=no_latest_setup | signals=0 | elapsed_s=0.058
2026-04-06 02:23:28 | symbol_done | idx=50 | total=120 | symbol=ANKRUSDT | status=skip | reason=no_latest_setup | signals=0 | elapsed_s=0.072
2026-04-06 02:23:28 | symbol_done | idx=51 | total=120 | symbol=APEUSDT | status=skip | reason=no_latest_setup | signals=0 | elapsed_s=0.084
2026-04-06 02:23:28 | symbol_done | idx=52 | total=120 | symbol=API3USDT | status=skip | reason=no_latest_setup | signals=0 | elapsed_s=0.070
2026-04-06 02:23:28 | symbol_done | idx=53 | total=120 | symbol=APRUSDT | status=skip | reason=no_latest_setup | signals=0 | elapsed_s=0.078
2026-04-06 02:23:28 | symbol_done | idx=54 | total=120 | symbol=APTUSDT | status=skip | reason=no_latest_setup | signals=0 | elapsed_s=0.078
2026-04-06 02:23:29 | symbol_done | idx=55 | total=120 | symbol=ARBUSDT | status=skip | reason=no_latest_setup | signals=0 | elapsed_s=0.067
2026-04-06 02:23:29 | symbol_done | idx=56 | total=120 | symbol=ARCUSDT | status=skip | reason=no_latest_setup | signals=0 | elapsed_s=0.076
2026-04-06 02:23:29 | symbol_done | idx=57 | total=120 | symbol=ARIAUSDT | status=skip | reason=no_latest_setup | signals=0 | elapsed_s=0.084
2026-04-06 02:23:29 | symbol_done | idx=58 | total=120 | symbol=ARKMUSDT | status=skip | reason=no_latest_setup | signals=0 | elapsed_s=0.074
2026-04-06 02:23:29 | symbol_done | idx=59 | total=120 | symbol=ARKUSDT | status=skip | reason=no_latest_setup | signals=0 | elapsed_s=0.071
2026-04-06 02:23:29 | symbol_done | idx=60 | total=120 | symbol=ARPAUSDT | status=skip | reason=no_latest_setup | signals=0 | elapsed_s=0.075
2026-04-06 02:23:29 | symbol_done | idx=61 | total=120 | symbol=ARUSDT | status=skip | reason=no_latest_setup | signals=0 | elapsed_s=0.070
2026-04-06 02:23:29 | symbol_done | idx=62 | total=120 | symbol=ASRUSDT | status=skip | reason=no_latest_setup | signals=0 | elapsed_s=0.082
2026-04-06 02:23:29 | symbol_done | idx=63 | total=120 | symbol=ASTERUSDT | status=skip | reason=no_latest_setup | signals=0 | elapsed_s=0.076
2026-04-06 02:23:29 | symbol_done | idx=64 | total=120 | symbol=ASTRUSDT | status=skip | reason=no_latest_setup | signals=0 | elapsed_s=0.074
2026-04-06 02:23:29 | symbol_done | idx=65 | total=120 | symbol=ATAUSDT | status=skip | reason=no_latest_setup | signals=0 | elapsed_s=0.081
2026-04-06 02:23:29 | symbol_done | idx=66 | total=120 | symbol=ATHUSDT | status=skip | reason=no_latest_setup | signals=0 | elapsed_s=0.071
2026-04-06 02:23:29 | symbol_done | idx=67 | total=120 | symbol=ATOMUSDT | status=skip | reason=no_latest_setup | signals=0 | elapsed_s=0.081
2026-04-06 02:23:30 | symbol_done | idx=68 | total=120 | symbol=ATUSDT | status=skip | reason=no_latest_setup | signals=0 | elapsed_s=0.086
2026-04-06 02:23:30 | symbol_done | idx=69 | total=120 | symbol=AUCTIONUSDT | status=skip | reason=no_latest_setup | signals=0 | elapsed_s=0.077
2026-04-06 02:23:30 | symbol_done | idx=70 | total=120 | symbol=AUSDT | status=skip | reason=no_latest_setup | signals=0 | elapsed_s=0.066
2026-04-06 02:23:30 | symbol_done | idx=71 | total=120 | symbol=AVAAIUSDT | status=skip | reason=no_latest_setup | signals=0 | elapsed_s=0.092
2026-04-06 02:23:30 | symbol_done | idx=72 | total=120 | symbol=AVAUSDT | status=skip | reason=no_latest_setup | signals=0 | elapsed_s=0.068
2026-04-06 02:23:30 | symbol_done | idx=73 | total=120 | symbol=AVAXUSDT | status=skip | reason=no_latest_setup | signals=0 | elapsed_s=0.072
2026-04-06 02:23:30 | symbol_done | idx=74 | total=120 | symbol=AVNTUSDT | status=skip | reason=no_latest_setup | signals=0 | elapsed_s=0.076
2026-04-06 02:23:30 | symbol_done | idx=75 | total=120 | symbol=AWEUSDT | status=skip | reason=no_latest_setup | signals=0 | elapsed_s=0.086
2026-04-06 02:23:30 | symbol_done | idx=76 | total=120 | symbol=AXLUSDT | status=skip | reason=no_latest_setup | signals=0 | elapsed_s=0.086
2026-04-06 02:23:30 | symbol_done | idx=77 | total=120 | symbol=AXSUSDT | status=skip | reason=no_latest_setup | signals=0 | elapsed_s=0.084
2026-04-06 02:23:30 | symbol_done | idx=78 | total=120 | symbol=AZTECUSDT | status=skip | reason=no_latest_setup | signals=0 | elapsed_s=0.079
2026-04-06 02:23:30 | symbol_done | idx=79 | total=120 | symbol=B2USDT | status=skip | reason=no_latest_setup | signals=0 | elapsed_s=0.064
2026-04-06 02:23:30 | symbol_done | idx=80 | total=120 | symbol=B3USDT | status=skip | reason=no_latest_setup | signals=0 | elapsed_s=0.070
2026-04-06 02:23:31 | symbol_done | idx=81 | total=120 | symbol=BABYUSDT | status=skip | reason=no_latest_setup | signals=0 | elapsed_s=0.080
2026-04-06 02:23:31 | symbol_done | idx=82 | total=120 | symbol=BANANAS31USDT | status=skip | reason=no_latest_setup | signals=0 | elapsed_s=0.075
2026-04-06 02:23:31 | symbol_done | idx=83 | total=120 | symbol=BANANAUSDT | status=skip | reason=no_latest_setup | signals=0 | elapsed_s=0.061
2026-04-06 02:23:31 | symbol_done | idx=84 | total=120 | symbol=BANDUSDT | status=skip | reason=no_latest_setup | signals=0 | elapsed_s=0.066
2026-04-06 02:23:31 | symbol_done | idx=85 | total=120 | symbol=BANKUSDT | status=skip | reason=no_latest_setup | signals=0 | elapsed_s=0.075
2026-04-06 02:23:31 | symbol_done | idx=86 | total=120 | symbol=BANUSDT | status=skip | reason=no_latest_setup | signals=0 | elapsed_s=0.066
2026-04-06 02:23:31 | symbol_done | idx=87 | total=120 | symbol=BARDUSDT | status=skip | reason=no_latest_setup | signals=0 | elapsed_s=0.067
2026-04-06 02:23:31 | symbol_done | idx=88 | total=120 | symbol=BASEDUSDT | status=skip | reason=insufficient_history | signals=0 | elapsed_s=0.036
2026-04-06 02:23:31 | symbol_done | idx=89 | total=120 | symbol=BASUSDT | status=skip | reason=no_latest_setup | signals=0 | elapsed_s=0.080
2026-04-06 02:23:31 | symbol_done | idx=90 | total=120 | symbol=BATUSDT | status=skip | reason=no_latest_setup | signals=0 | elapsed_s=0.089
2026-04-06 02:23:31 | symbol_done | idx=91 | total=120 | symbol=BBUSDT | status=skip | reason=no_latest_setup | signals=0 | elapsed_s=0.077
2026-04-06 02:23:31 | symbol_done | idx=92 | total=120 | symbol=BCHUSDT | status=skip | reason=no_latest_setup | signals=0 | elapsed_s=0.072
2026-04-06 02:23:31 | symbol_done | idx=93 | total=120 | symbol=BDXNUSDT | status=skip | reason=no_latest_setup | signals=0 | elapsed_s=0.089
2026-04-06 02:23:31 | symbol_done | idx=94 | total=120 | symbol=BEAMXUSDT | status=skip | reason=no_latest_setup | signals=0 | elapsed_s=0.082
2026-04-06 02:23:32 | symbol_done | idx=95 | total=120 | symbol=BEATUSDT | status=skip | reason=no_latest_setup | signals=0 | elapsed_s=0.062
2026-04-06 02:23:32 | symbol_done | idx=96 | total=120 | symbol=BELUSDT | status=skip | reason=no_latest_setup | signals=0 | elapsed_s=0.076
2026-04-06 02:23:32 | symbol_done | idx=97 | total=120 | symbol=BERAUSDT | status=skip | reason=no_latest_setup | signals=0 | elapsed_s=0.063
2026-04-06 02:23:32 | symbol_done | idx=98 | total=120 | symbol=BICOUSDT | status=skip | reason=no_latest_setup | signals=0 | elapsed_s=0.066
2026-04-06 02:23:32 | symbol_done | idx=99 | total=120 | symbol=BIDUSDT | status=skip | reason=no_latest_setup | signals=0 | elapsed_s=0.080
2026-04-06 02:23:32 | symbol_done | idx=100 | total=120 | symbol=BIGTIMEUSDT | status=skip | reason=no_latest_setup | signals=0 | elapsed_s=0.088
2026-04-06 02:23:32 | symbol_done | idx=101 | total=120 | symbol=BIOUSDT | status=skip | reason=no_latest_setup | signals=0 | elapsed_s=0.243
2026-04-06 02:23:32 | symbol_done | idx=102 | total=120 | symbol=BIRBUSDT | status=skip | reason=no_latest_setup | signals=0 | elapsed_s=0.144
2026-04-06 02:23:32 | symbol_done | idx=103 | total=120 | symbol=BLESSUSDT | status=skip | reason=no_latest_setup | signals=0 | elapsed_s=0.069
2026-04-06 02:23:32 | symbol_done | idx=104 | total=120 | symbol=BLUAIUSDT | status=skip | reason=no_latest_setup | signals=0 | elapsed_s=0.065
2026-04-06 02:23:33 | symbol_done | idx=105 | total=120 | symbol=BLURUSDT | status=skip | reason=no_latest_setup | signals=0 | elapsed_s=0.074
2026-04-06 02:23:33 | symbol_done | idx=106 | total=120 | symbol=BMTUSDT | status=skip | reason=no_latest_setup | signals=0 | elapsed_s=0.057
2026-04-06 02:23:33 | symbol_done | idx=107 | total=120 | symbol=BNBUSDT | status=skip | reason=no_latest_setup | signals=0 | elapsed_s=0.070
2026-04-06 02:23:33 | symbol_done | idx=108 | total=120 | symbol=BNTUSDT | status=skip | reason=no_latest_setup | signals=0 | elapsed_s=0.078
2026-04-06 02:23:33 | symbol_done | idx=109 | total=120 | symbol=BOBUSDT | status=skip | reason=no_latest_setup | signals=0 | elapsed_s=0.068
2026-04-06 02:23:33 | symbol_done | idx=110 | total=120 | symbol=BOMEUSDT | status=skip | reason=no_latest_setup | signals=0 | elapsed_s=0.064
2026-04-06 02:23:33 | symbol_done | idx=111 | total=120 | symbol=BRETTUSDT | status=skip | reason=no_latest_setup | signals=0 | elapsed_s=0.061
2026-04-06 02:23:33 | symbol_done | idx=112 | total=120 | symbol=BREVUSDT | status=skip | reason=no_latest_setup | signals=0 | elapsed_s=0.063
2026-04-06 02:23:33 | symbol_done | idx=113 | total=120 | symbol=BROCCOLI714USDT | status=skip | reason=no_latest_setup | signals=0 | elapsed_s=0.070
2026-04-06 02:23:33 | symbol_done | idx=114 | total=120 | symbol=BROCCOLIF3BUSDT | status=skip | reason=no_latest_setup | signals=0 | elapsed_s=0.067
2026-04-06 02:23:33 | symbol_done | idx=115 | total=120 | symbol=BRUSDT | status=skip | reason=no_latest_setup | signals=0 | elapsed_s=0.055
2026-04-06 02:23:33 | symbol_done | idx=116 | total=120 | symbol=BSBUSDT | status=skip | reason=insufficient_history | signals=0 | elapsed_s=0.032
2026-04-06 02:23:33 | symbol_done | idx=117 | total=120 | symbol=BSVUSDT | status=skip | reason=no_latest_setup | signals=0 | elapsed_s=0.058
2026-04-06 02:23:33 | symbol_done | idx=118 | total=120 | symbol=BTC-260327USDT | status=skip | reason=insufficient_history | signals=0 | elapsed_s=0.000
2026-04-06 02:23:33 | symbol_done | idx=119 | total=120 | symbol=BTCDOMUSDT | status=skip | reason=no_setup | signals=0 | elapsed_s=0.054
2026-04-06 02:23:33 | symbol_done | idx=120 | total=120 | symbol=BTCUSDT | status=skip | reason=no_latest_setup | signals=0 | elapsed_s=0.055
2026-04-06 02:23:33 | scan_end | timeframe=1h | symbols=120 | total_signals=0 | elapsed_s=9.060 | log_file=D:\Code\Projects\self-projects\macd-overlay - Copy\output\scanner_debug_recent.log
2026-04-06 02:23:33 | scan_start | timeframe=1h | symbols=120 | lookback_days=450 | batch_predict=True
2026-04-06 02:23:33 | symbol_done | idx=1 | total=120 | symbol=0GUSDT | status=skip | reason=no_latest_setup | signals=0 | elapsed_s=0.052
2026-04-06 02:23:34 | symbol_done | idx=2 | total=120 | symbol=1000000BOBUSDT | status=skip | reason=no_latest_setup | signals=0 | elapsed_s=0.066
2026-04-06 02:23:34 | symbol_done | idx=3 | total=120 | symbol=1000000MOGUSDT | status=skip | reason=no_latest_setup | signals=0 | elapsed_s=0.074
2026-04-06 02:23:34 | symbol_done | idx=4 | total=120 | symbol=1000BONKUSDT | status=skip | reason=no_latest_setup | signals=0 | elapsed_s=0.078
2026-04-06 02:23:34 | symbol_done | idx=5 | total=120 | symbol=1000CATUSDT | status=skip | reason=no_latest_setup | signals=0 | elapsed_s=0.077
2026-04-06 02:23:34 | symbol_done | idx=6 | total=120 | symbol=1000CHEEMSUSDT | status=skip | reason=no_latest_setup | signals=0 | elapsed_s=0.168
2026-04-06 02:23:34 | symbol_done | idx=7 | total=120 | symbol=1000FLOKIUSDT | status=skip | reason=no_latest_setup | signals=0 | elapsed_s=0.070
2026-04-06 02:23:34 | symbol_done | idx=8 | total=120 | symbol=1000LUNCUSDT | status=skip | reason=no_latest_setup | signals=0 | elapsed_s=0.072
2026-04-06 02:23:34 | symbol_done | idx=9 | total=120 | symbol=1000PEPEUSDT | status=skip | reason=no_latest_setup | signals=0 | elapsed_s=0.072
2026-04-06 02:23:34 | symbol_done | idx=10 | total=120 | symbol=1000RATSUSDT | status=skip | reason=no_latest_setup | signals=0 | elapsed_s=0.074
2026-04-06 02:23:34 | symbol_done | idx=11 | total=120 | symbol=1000SATSUSDT | status=skip | reason=no_latest_setup | signals=0 | elapsed_s=0.065
2026-04-06 02:23:34 | symbol_done | idx=12 | total=120 | symbol=1000SHIBUSDT | status=skip | reason=no_latest_setup | signals=0 | elapsed_s=0.062
2026-04-06 02:23:34 | symbol_done | idx=13 | total=120 | symbol=1000WHYUSDT | status=skip | reason=no_latest_setup | signals=0 | elapsed_s=0.053
2026-04-06 02:23:34 | symbol_done | idx=14 | total=120 | symbol=1000XECUSDT | status=skip | reason=no_setup | signals=0 | elapsed_s=0.052
2026-04-06 02:23:35 | symbol_done | idx=15 | total=120 | symbol=1INCHUSDT | status=skip | reason=no_latest_setup | signals=0 | elapsed_s=0.088
2026-04-06 02:23:35 | symbol_done | idx=16 | total=120 | symbol=1MBABYDOGEUSDT | status=skip | reason=no_latest_setup | signals=0 | elapsed_s=0.096
2026-04-06 02:23:35 | symbol_done | idx=17 | total=120 | symbol=2ZUSDT | status=skip | reason=no_latest_setup | signals=0 | elapsed_s=0.073
2026-04-06 02:23:35 | symbol_done | idx=18 | total=120 | symbol=42USDT | status=skip | reason=no_latest_setup | signals=0 | elapsed_s=0.097
2026-04-06 02:23:35 | symbol_done | idx=19 | total=120 | symbol=4USDT | status=skip | reason=no_latest_setup | signals=0 | elapsed_s=0.074
2026-04-06 02:23:35 | symbol_done | idx=20 | total=120 | symbol=A2ZUSDT | status=skip | reason=no_latest_setup | signals=0 | elapsed_s=0.074
2026-04-06 02:23:35 | symbol_done | idx=21 | total=120 | symbol=AAVEUSDT | status=skip | reason=no_latest_setup | signals=0 | elapsed_s=0.076
2026-04-06 02:23:35 | symbol_done | idx=22 | total=120 | symbol=ACEUSDT | status=skip | reason=no_latest_setup | signals=0 | elapsed_s=0.078
2026-04-06 02:23:35 | symbol_done | idx=23 | total=120 | symbol=ACHUSDT | status=skip | reason=no_latest_setup | signals=0 | elapsed_s=0.082
2026-04-06 02:23:35 | symbol_done | idx=24 | total=120 | symbol=ACTUSDT | status=skip | reason=no_latest_setup | signals=0 | elapsed_s=0.080
2026-04-06 02:23:35 | symbol_done | idx=25 | total=120 | symbol=ACUUSDT | status=skip | reason=no_latest_setup | signals=0 | elapsed_s=0.072
2026-04-06 02:23:35 | symbol_done | idx=26 | total=120 | symbol=ACXUSDT | status=skip | reason=no_latest_setup | signals=0 | elapsed_s=0.078
2026-04-06 02:23:36 | symbol_done | idx=27 | total=120 | symbol=ADAUSDT | status=skip | reason=no_latest_setup | signals=0 | elapsed_s=0.084
2026-04-06 02:23:36 | symbol_done | idx=28 | total=120 | symbol=AERGOUSDT | status=skip | reason=no_latest_setup | signals=0 | elapsed_s=0.070
2026-04-06 02:23:36 | symbol_done | idx=29 | total=120 | symbol=AEROUSDT | status=skip | reason=no_latest_setup | signals=0 | elapsed_s=0.085
2026-04-06 02:23:36 | symbol_done | idx=30 | total=120 | symbol=AEVOUSDT | status=skip | reason=no_latest_setup | signals=0 | elapsed_s=0.089
2026-04-06 02:23:36 | symbol_done | idx=31 | total=120 | symbol=AGLDUSDT | status=skip | reason=no_latest_setup | signals=0 | elapsed_s=0.076
2026-04-06 02:23:36 | symbol_done | idx=32 | total=120 | symbol=AGTUSDT | status=skip | reason=no_latest_setup | signals=0 | elapsed_s=0.093
2026-04-06 02:23:36 | symbol_done | idx=33 | total=120 | symbol=AIAUSDT | status=skip | reason=no_latest_setup | signals=0 | elapsed_s=0.073
2026-04-06 02:23:36 | symbol_done | idx=34 | total=120 | symbol=AINUSDT | status=skip | reason=no_latest_setup | signals=0 | elapsed_s=0.067
2026-04-06 02:23:36 | symbol_done | idx=35 | total=120 | symbol=AIOTUSDT | status=skip | reason=no_latest_setup | signals=0 | elapsed_s=0.068
2026-04-06 02:23:36 | symbol_done | idx=36 | total=120 | symbol=AIOUSDT | status=skip | reason=no_latest_setup | signals=0 | elapsed_s=0.073
2026-04-06 02:23:36 | symbol_done | idx=37 | total=120 | symbol=AIUSDT | status=skip | reason=no_latest_setup | signals=0 | elapsed_s=0.168
2026-04-06 02:23:37 | symbol_done | idx=38 | total=120 | symbol=AIXBTUSDT | status=skip | reason=no_latest_setup | signals=0 | elapsed_s=0.132
2026-04-06 02:23:37 | symbol_done | idx=39 | total=120 | symbol=AKEUSDT | status=skip | reason=no_latest_setup | signals=0 | elapsed_s=0.081
2026-04-06 02:23:37 | symbol_done | idx=40 | total=120 | symbol=AKTUSDT | status=skip | reason=no_latest_setup | signals=0 | elapsed_s=0.079
2026-04-06 02:23:37 | symbol_done | idx=41 | total=120 | symbol=ALCHUSDT | status=skip | reason=no_latest_setup | signals=0 | elapsed_s=0.082
2026-04-06 02:23:37 | symbol_done | idx=42 | total=120 | symbol=ALGOUSDT | status=skip | reason=no_latest_setup | signals=0 | elapsed_s=0.083
2026-04-06 02:23:37 | symbol_done | idx=43 | total=120 | symbol=ALICEUSDT | status=skip | reason=no_latest_setup | signals=0 | elapsed_s=0.069
2026-04-06 02:23:37 | symbol_done | idx=44 | total=120 | symbol=ALLOUSDT | status=skip | reason=no_latest_setup | signals=0 | elapsed_s=0.092
2026-04-06 02:23:37 | symbol_done | idx=45 | total=120 | symbol=ALLUSDT | status=skip | reason=no_latest_setup | signals=0 | elapsed_s=0.072
2026-04-06 02:23:37 | symbol_done | idx=46 | total=120 | symbol=ALPINEUSDT | status=skip | reason=no_setup | signals=0 | elapsed_s=0.065
2026-04-06 02:23:37 | symbol_done | idx=47 | total=120 | symbol=ALTUSDT | status=skip | reason=no_latest_setup | signals=0 | elapsed_s=0.065
2026-04-06 02:23:37 | symbol_done | idx=48 | total=120 | symbol=AMZNUSDT | status=skip | reason=no_setup | signals=0 | elapsed_s=0.061
2026-04-06 02:23:37 | symbol_done | idx=49 | total=120 | symbol=ANIMEUSDT | status=skip | reason=no_latest_setup | signals=0 | elapsed_s=0.077
2026-04-06 02:23:37 | symbol_done | idx=50 | total=120 | symbol=ANKRUSDT | status=skip | reason=no_latest_setup | signals=0 | elapsed_s=0.082
2026-04-06 02:23:38 | symbol_done | idx=51 | total=120 | symbol=APEUSDT | status=skip | reason=no_latest_setup | signals=0 | elapsed_s=0.095
2026-04-06 02:23:38 | symbol_done | idx=52 | total=120 | symbol=API3USDT | status=skip | reason=no_latest_setup | signals=0 | elapsed_s=0.084
2026-04-06 02:23:38 | symbol_done | idx=53 | total=120 | symbol=APRUSDT | status=skip | reason=no_latest_setup | signals=0 | elapsed_s=0.084
2026-04-06 02:23:38 | symbol_done | idx=54 | total=120 | symbol=APTUSDT | status=skip | reason=no_latest_setup | signals=0 | elapsed_s=0.086
2026-04-06 02:23:38 | symbol_done | idx=55 | total=120 | symbol=ARBUSDT | status=skip | reason=no_latest_setup | signals=0 | elapsed_s=0.081
2026-04-06 02:23:38 | symbol_done | idx=57 | total=120 | symbol=ARIAUSDT | status=skip | reason=no_latest_setup | signals=0 | elapsed_s=0.100
2026-04-06 02:23:38 | symbol_done | idx=58 | total=120 | symbol=ARKMUSDT | status=skip | reason=no_latest_setup | signals=0 | elapsed_s=0.071
2026-04-06 02:23:38 | symbol_done | idx=59 | total=120 | symbol=ARKUSDT | status=skip | reason=no_latest_setup | signals=0 | elapsed_s=0.076
2026-04-06 02:23:38 | symbol_done | idx=60 | total=120 | symbol=ARPAUSDT | status=skip | reason=no_latest_setup | signals=0 | elapsed_s=0.081
2026-04-06 02:23:38 | symbol_done | idx=61 | total=120 | symbol=ARUSDT | status=skip | reason=no_latest_setup | signals=0 | elapsed_s=0.073
2026-04-06 02:23:38 | symbol_done | idx=62 | total=120 | symbol=ASRUSDT | status=skip | reason=no_latest_setup | signals=0 | elapsed_s=0.064
2026-04-06 02:23:39 | symbol_done | idx=63 | total=120 | symbol=ASTERUSDT | status=skip | reason=no_latest_setup | signals=0 | elapsed_s=0.073
2026-04-06 02:23:39 | symbol_done | idx=64 | total=120 | symbol=ASTRUSDT | status=skip | reason=no_latest_setup | signals=0 | elapsed_s=0.072
2026-04-06 02:23:39 | symbol_done | idx=65 | total=120 | symbol=ATAUSDT | status=skip | reason=no_latest_setup | signals=0 | elapsed_s=0.059
2026-04-06 02:23:39 | symbol_done | idx=66 | total=120 | symbol=ATHUSDT | status=skip | reason=no_latest_setup | signals=0 | elapsed_s=0.071
2026-04-06 02:23:39 | symbol_done | idx=67 | total=120 | symbol=ATOMUSDT | status=skip | reason=no_latest_setup | signals=0 | elapsed_s=0.077
2026-04-06 02:23:39 | symbol_done | idx=68 | total=120 | symbol=ATUSDT | status=skip | reason=no_latest_setup | signals=0 | elapsed_s=0.083
2026-04-06 02:23:39 | symbol_done | idx=69 | total=120 | symbol=AUCTIONUSDT | status=skip | reason=no_latest_setup | signals=0 | elapsed_s=0.086
2026-04-06 02:23:39 | symbol_done | idx=70 | total=120 | symbol=AUSDT | status=skip | reason=no_latest_setup | signals=0 | elapsed_s=0.103
2026-04-06 02:23:39 | symbol_done | idx=71 | total=120 | symbol=AVAAIUSDT | status=skip | reason=no_latest_setup | signals=0 | elapsed_s=0.093
2026-04-06 02:23:39 | symbol_done | idx=72 | total=120 | symbol=AVAUSDT | status=skip | reason=no_latest_setup | signals=0 | elapsed_s=0.092
2026-04-06 02:23:39 | symbol_done | idx=73 | total=120 | symbol=AVAXUSDT | status=skip | reason=no_latest_setup | signals=0 | elapsed_s=0.081
2026-04-06 02:23:39 | symbol_done | idx=74 | total=120 | symbol=AVNTUSDT | status=skip | reason=no_latest_setup | signals=0 | elapsed_s=0.080
2026-04-06 02:23:40 | symbol_done | idx=75 | total=120 | symbol=AWEUSDT | status=skip | reason=no_latest_setup | signals=0 | elapsed_s=0.104
2026-04-06 02:23:40 | symbol_done | idx=76 | total=120 | symbol=AXLUSDT | status=skip | reason=no_latest_setup | signals=0 | elapsed_s=0.076
2026-04-06 02:23:40 | symbol_done | idx=77 | total=120 | symbol=AXSUSDT | status=skip | reason=no_latest_setup | signals=0 | elapsed_s=0.089
2026-04-06 02:23:40 | symbol_done | idx=78 | total=120 | symbol=AZTECUSDT | status=skip | reason=no_latest_setup | signals=0 | elapsed_s=0.097
2026-04-06 02:23:40 | symbol_done | idx=79 | total=120 | symbol=B2USDT | status=skip | reason=no_latest_setup | signals=0 | elapsed_s=0.081
2026-04-06 02:23:40 | symbol_done | idx=80 | total=120 | symbol=B3USDT | status=skip | reason=no_latest_setup | signals=0 | elapsed_s=0.104
2026-04-06 02:23:40 | symbol_done | idx=81 | total=120 | symbol=BABYUSDT | status=skip | reason=no_latest_setup | signals=0 | elapsed_s=0.083
2026-04-06 02:23:40 | symbol_done | idx=82 | total=120 | symbol=BANANAS31USDT | status=skip | reason=no_latest_setup | signals=0 | elapsed_s=0.066
2026-04-06 02:23:40 | symbol_done | idx=83 | total=120 | symbol=BANANAUSDT | status=skip | reason=no_latest_setup | signals=0 | elapsed_s=0.064
2026-04-06 02:23:40 | symbol_done | idx=84 | total=120 | symbol=BANDUSDT | status=skip | reason=no_latest_setup | signals=0 | elapsed_s=0.092
2026-04-06 02:23:40 | symbol_done | idx=85 | total=120 | symbol=BANKUSDT | status=skip | reason=no_latest_setup | signals=0 | elapsed_s=0.077
2026-04-06 02:23:40 | symbol_done | idx=86 | total=120 | symbol=BANUSDT | status=skip | reason=no_latest_setup | signals=0 | elapsed_s=0.077
2026-04-06 02:23:41 | symbol_done | idx=88 | total=120 | symbol=BASEDUSDT | status=skip | reason=insufficient_history | signals=0 | elapsed_s=0.038
2026-04-06 02:23:41 | symbol_done | idx=89 | total=120 | symbol=BASUSDT | status=skip | reason=no_latest_setup | signals=0 | elapsed_s=0.086
2026-04-06 02:23:41 | symbol_done | idx=90 | total=120 | symbol=BATUSDT | status=skip | reason=no_latest_setup | signals=0 | elapsed_s=0.095
2026-04-06 02:23:41 | symbol_done | idx=91 | total=120 | symbol=BBUSDT | status=skip | reason=no_latest_setup | signals=0 | elapsed_s=0.079
2026-04-06 02:23:41 | symbol_done | idx=92 | total=120 | symbol=BCHUSDT | status=skip | reason=no_latest_setup | signals=0 | elapsed_s=0.088
2026-04-06 02:23:41 | symbol_done | idx=93 | total=120 | symbol=BDXNUSDT | status=skip | reason=no_latest_setup | signals=0 | elapsed_s=0.078
2026-04-06 02:23:41 | symbol_done | idx=94 | total=120 | symbol=BEAMXUSDT | status=skip | reason=no_latest_setup | signals=0 | elapsed_s=0.077
2026-04-06 02:23:41 | symbol_done | idx=95 | total=120 | symbol=BEATUSDT | status=skip | reason=no_latest_setup | signals=0 | elapsed_s=0.070
2026-04-06 02:23:41 | symbol_done | idx=96 | total=120 | symbol=BELUSDT | status=skip | reason=no_latest_setup | signals=0 | elapsed_s=0.097
2026-04-06 02:23:41 | symbol_done | idx=97 | total=120 | symbol=BERAUSDT | status=skip | reason=no_latest_setup | signals=0 | elapsed_s=0.076
2026-04-06 02:23:41 | symbol_done | idx=98 | total=120 | symbol=BICOUSDT | status=skip | reason=no_latest_setup | signals=0 | elapsed_s=0.062
2026-04-06 02:23:41 | symbol_done | idx=99 | total=120 | symbol=BIDUSDT | status=skip | reason=no_latest_setup | signals=0 | elapsed_s=0.070
2026-04-06 02:23:42 | symbol_done | idx=100 | total=120 | symbol=BIGTIMEUSDT | status=skip | reason=no_latest_setup | signals=0 | elapsed_s=0.083
2026-04-06 02:23:42 | symbol_done | idx=101 | total=120 | symbol=BIOUSDT | status=skip | reason=no_latest_setup | signals=0 | elapsed_s=0.086
2026-04-06 02:23:42 | symbol_done | idx=102 | total=120 | symbol=BIRBUSDT | status=skip | reason=no_latest_setup | signals=0 | elapsed_s=0.074
2026-04-06 02:23:42 | symbol_done | idx=103 | total=120 | symbol=BLESSUSDT | status=skip | reason=no_latest_setup | signals=0 | elapsed_s=0.072
2026-04-06 02:23:42 | symbol_done | idx=104 | total=120 | symbol=BLUAIUSDT | status=skip | reason=no_latest_setup | signals=0 | elapsed_s=0.066
2026-04-06 02:23:42 | symbol_done | idx=105 | total=120 | symbol=BLURUSDT | status=skip | reason=no_latest_setup | signals=0 | elapsed_s=0.066
2026-04-06 02:23:42 | symbol_done | idx=106 | total=120 | symbol=BMTUSDT | status=skip | reason=no_latest_setup | signals=0 | elapsed_s=0.075
2026-04-06 02:23:42 | symbol_done | idx=107 | total=120 | symbol=BNBUSDT | status=skip | reason=no_latest_setup | signals=0 | elapsed_s=0.067
2026-04-06 02:23:42 | symbol_done | idx=108 | total=120 | symbol=BNTUSDT | status=skip | reason=no_latest_setup | signals=0 | elapsed_s=0.066
2026-04-06 02:23:42 | symbol_done | idx=109 | total=120 | symbol=BOBUSDT | status=skip | reason=no_latest_setup | signals=0 | elapsed_s=0.083
2026-04-06 02:23:42 | symbol_done | idx=110 | total=120 | symbol=BOMEUSDT | status=skip | reason=no_latest_setup | signals=0 | elapsed_s=0.098
2026-04-06 02:23:42 | symbol_done | idx=111 | total=120 | symbol=BRETTUSDT | status=skip | reason=no_latest_setup | signals=0 | elapsed_s=0.096
2026-04-06 02:23:43 | symbol_done | idx=112 | total=120 | symbol=BREVUSDT | status=skip | reason=no_latest_setup | signals=0 | elapsed_s=0.086
2026-04-06 02:23:43 | symbol_done | idx=113 | total=120 | symbol=BROCCOLI714USDT | status=skip | reason=no_latest_setup | signals=0 | elapsed_s=0.064
2026-04-06 02:23:43 | symbol_done | idx=114 | total=120 | symbol=BROCCOLIF3BUSDT | status=skip | reason=no_latest_setup | signals=0 | elapsed_s=0.073
2026-04-06 02:23:43 | symbol_done | idx=115 | total=120 | symbol=BRUSDT | status=skip | reason=no_latest_setup | signals=0 | elapsed_s=0.083
2026-04-06 02:23:43 | symbol_done | idx=116 | total=120 | symbol=BSBUSDT | status=skip | reason=insufficient_history | signals=0 | elapsed_s=0.040
2026-04-06 02:23:43 | symbol_done | idx=117 | total=120 | symbol=BSVUSDT | status=skip | reason=no_latest_setup | signals=0 | elapsed_s=0.061
2026-04-06 02:23:43 | symbol_done | idx=118 | total=120 | symbol=BTC-260327USDT | status=skip | reason=insufficient_history | signals=0 | elapsed_s=0.002
2026-04-06 02:23:43 | symbol_done | idx=119 | total=120 | symbol=BTCDOMUSDT | status=skip | reason=no_setup | signals=0 | elapsed_s=0.127
2026-04-06 02:23:43 | symbol_done | idx=120 | total=120 | symbol=BTCUSDT | status=skip | reason=no_latest_setup | signals=0 | elapsed_s=0.102
2026-04-06 02:23:43 | symbol_done | idx=56 | total=120 | symbol=ARCUSDT | status=ok | reason=signal_emitted | signals=1 | elapsed_s=5.275
2026-04-06 02:23:43 | symbol_done | idx=87 | total=120 | symbol=BARDUSDT | status=ok | reason=below_threshold | signals=0 | elapsed_s=2.681
2026-04-06 02:23:43 | scan_end | timeframe=1h | symbols=120 | total_signals=1 | elapsed_s=9.754 | log_file=D:\Code\Projects\self-projects\macd-overlay - Copy\output\scanner_debug_recent.log
2026-04-06 02:23:43 | scan_start | timeframe=1h | symbols=120 | lookback_days=450 | batch_predict=True
2026-04-06 02:23:43 | symbol_done | idx=1 | total=120 | symbol=0GUSDT | status=skip | reason=no_latest_setup | signals=0 | elapsed_s=0.223
2026-04-06 02:23:43 | symbol_done | idx=2 | total=120 | symbol=1000000BOBUSDT | status=skip | reason=no_latest_setup | signals=0 | elapsed_s=0.066
2026-04-06 02:23:44 | symbol_done | idx=3 | total=120 | symbol=1000000MOGUSDT | status=skip | reason=no_latest_setup | signals=0 | elapsed_s=0.065
2026-04-06 02:23:44 | symbol_done | idx=4 | total=120 | symbol=1000BONKUSDT | status=skip | reason=no_latest_setup | signals=0 | elapsed_s=0.089
2026-04-06 02:23:44 | symbol_done | idx=5 | total=120 | symbol=1000CATUSDT | status=skip | reason=no_latest_setup | signals=0 | elapsed_s=0.078
2026-04-06 02:23:44 | symbol_done | idx=6 | total=120 | symbol=1000CHEEMSUSDT | status=skip | reason=no_latest_setup | signals=0 | elapsed_s=0.083
2026-04-06 02:23:44 | symbol_done | idx=7 | total=120 | symbol=1000FLOKIUSDT | status=skip | reason=no_latest_setup | signals=0 | elapsed_s=0.091
2026-04-06 02:23:44 | symbol_done | idx=8 | total=120 | symbol=1000LUNCUSDT | status=skip | reason=no_latest_setup | signals=0 | elapsed_s=0.118
2026-04-06 02:23:44 | symbol_done | idx=9 | total=120 | symbol=1000PEPEUSDT | status=skip | reason=no_latest_setup | signals=0 | elapsed_s=0.097
2026-04-06 02:23:44 | symbol_done | idx=10 | total=120 | symbol=1000RATSUSDT | status=skip | reason=no_latest_setup | signals=0 | elapsed_s=0.082
2026-04-06 02:23:44 | symbol_done | idx=11 | total=120 | symbol=1000SATSUSDT | status=skip | reason=no_latest_setup | signals=0 | elapsed_s=0.084
2026-04-06 02:23:44 | symbol_done | idx=12 | total=120 | symbol=1000SHIBUSDT | status=skip | reason=no_latest_setup | signals=0 | elapsed_s=0.103
2026-04-06 02:23:44 | symbol_done | idx=13 | total=120 | symbol=1000WHYUSDT | status=skip | reason=no_latest_setup | signals=0 | elapsed_s=0.072
2026-04-06 02:23:44 | symbol_done | idx=14 | total=120 | symbol=1000XECUSDT | status=skip | reason=no_setup | signals=0 | elapsed_s=0.050
2026-04-06 02:23:45 | symbol_done | idx=15 | total=120 | symbol=1INCHUSDT | status=skip | reason=no_latest_setup | signals=0 | elapsed_s=0.087
2026-04-06 02:23:45 | symbol_done | idx=16 | total=120 | symbol=1MBABYDOGEUSDT | status=skip | reason=no_latest_setup | signals=0 | elapsed_s=0.085
2026-04-06 02:23:45 | symbol_done | idx=17 | total=120 | symbol=2ZUSDT | status=skip | reason=no_latest_setup | signals=0 | elapsed_s=0.080
2026-04-06 02:23:45 | symbol_done | idx=18 | total=120 | symbol=42USDT | status=skip | reason=no_latest_setup | signals=0 | elapsed_s=0.078
2026-04-06 02:23:45 | symbol_done | idx=19 | total=120 | symbol=4USDT | status=skip | reason=no_latest_setup | signals=0 | elapsed_s=0.071
2026-04-06 02:23:45 | symbol_done | idx=20 | total=120 | symbol=A2ZUSDT | status=skip | reason=no_latest_setup | signals=0 | elapsed_s=0.067
2026-04-06 02:23:45 | symbol_done | idx=21 | total=120 | symbol=AAVEUSDT | status=skip | reason=no_latest_setup | signals=0 | elapsed_s=0.078
2026-04-06 02:23:45 | symbol_done | idx=22 | total=120 | symbol=ACEUSDT | status=skip | reason=no_latest_setup | signals=0 | elapsed_s=0.073
2026-04-06 02:23:45 | symbol_done | idx=23 | total=120 | symbol=ACHUSDT | status=skip | reason=no_latest_setup | signals=0 | elapsed_s=0.079
2026-04-06 02:23:45 | symbol_done | idx=24 | total=120 | symbol=ACTUSDT | status=skip | reason=no_latest_setup | signals=0 | elapsed_s=0.069
2026-04-06 02:23:45 | symbol_done | idx=25 | total=120 | symbol=ACUUSDT | status=skip | reason=no_latest_setup | signals=0 | elapsed_s=0.067
2026-04-06 02:23:45 | symbol_done | idx=26 | total=120 | symbol=ACXUSDT | status=skip | reason=no_latest_setup | signals=0 | elapsed_s=0.072
2026-04-06 02:23:46 | symbol_done | idx=27 | total=120 | symbol=ADAUSDT | status=skip | reason=no_latest_setup | signals=0 | elapsed_s=0.095
2026-04-06 02:23:46 | symbol_done | idx=28 | total=120 | symbol=AERGOUSDT | status=skip | reason=no_latest_setup | signals=0 | elapsed_s=0.068
2026-04-06 02:23:46 | symbol_done | idx=29 | total=120 | symbol=AEROUSDT | status=skip | reason=no_latest_setup | signals=0 | elapsed_s=0.079
2026-04-06 02:23:46 | symbol_done | idx=30 | total=120 | symbol=AEVOUSDT | status=skip | reason=no_latest_setup | signals=0 | elapsed_s=0.077
2026-04-06 02:23:46 | symbol_done | idx=31 | total=120 | symbol=AGLDUSDT | status=skip | reason=no_latest_setup | signals=0 | elapsed_s=0.054
2026-04-06 02:23:46 | symbol_done | idx=32 | total=120 | symbol=AGTUSDT | status=skip | reason=no_latest_setup | signals=0 | elapsed_s=0.078
2026-04-06 02:23:46 | symbol_done | idx=33 | total=120 | symbol=AIAUSDT | status=skip | reason=no_latest_setup | signals=0 | elapsed_s=0.073
2026-04-06 02:23:46 | symbol_done | idx=34 | total=120 | symbol=AINUSDT | status=skip | reason=no_latest_setup | signals=0 | elapsed_s=0.053
2026-04-06 02:23:46 | symbol_done | idx=35 | total=120 | symbol=AIOTUSDT | status=skip | reason=no_latest_setup | signals=0 | elapsed_s=0.079
2026-04-06 02:23:46 | symbol_done | idx=36 | total=120 | symbol=AIOUSDT | status=skip | reason=no_latest_setup | signals=0 | elapsed_s=0.081
2026-04-06 02:23:46 | symbol_done | idx=37 | total=120 | symbol=AIUSDT | status=skip | reason=no_latest_setup | signals=0 | elapsed_s=0.092
2026-04-06 02:23:46 | symbol_done | idx=38 | total=120 | symbol=AIXBTUSDT | status=skip | reason=no_latest_setup | signals=0 | elapsed_s=0.086
2026-04-06 02:23:46 | symbol_done | idx=39 | total=120 | symbol=AKEUSDT | status=skip | reason=no_latest_setup | signals=0 | elapsed_s=0.064
2026-04-06 02:23:46 | symbol_done | idx=40 | total=120 | symbol=AKTUSDT | status=skip | reason=no_latest_setup | signals=0 | elapsed_s=0.060
2026-04-06 02:23:47 | symbol_done | idx=41 | total=120 | symbol=ALCHUSDT | status=skip | reason=no_latest_setup | signals=0 | elapsed_s=0.066
2026-04-06 02:23:47 | symbol_done | idx=42 | total=120 | symbol=ALGOUSDT | status=skip | reason=no_latest_setup | signals=0 | elapsed_s=0.076
2026-04-06 02:23:47 | symbol_done | idx=43 | total=120 | symbol=ALICEUSDT | status=skip | reason=no_latest_setup | signals=0 | elapsed_s=0.063
2026-04-06 02:23:47 | symbol_done | idx=44 | total=120 | symbol=ALLOUSDT | status=skip | reason=no_latest_setup | signals=0 | elapsed_s=0.063
2026-04-06 02:23:47 | symbol_done | idx=45 | total=120 | symbol=ALLUSDT | status=skip | reason=no_latest_setup | signals=0 | elapsed_s=0.069
2026-04-06 02:23:47 | symbol_done | idx=46 | total=120 | symbol=ALPINEUSDT | status=skip | reason=no_setup | signals=0 | elapsed_s=0.054
2026-04-06 02:23:47 | symbol_done | idx=47 | total=120 | symbol=ALTUSDT | status=skip | reason=no_latest_setup | signals=0 | elapsed_s=0.091
2026-04-06 02:23:47 | symbol_done | idx=48 | total=120 | symbol=AMZNUSDT | status=skip | reason=no_setup | signals=0 | elapsed_s=0.077
2026-04-06 02:23:47 | symbol_done | idx=49 | total=120 | symbol=ANIMEUSDT | status=skip | reason=no_latest_setup | signals=0 | elapsed_s=0.075
2026-04-06 02:23:47 | symbol_done | idx=50 | total=120 | symbol=ANKRUSDT | status=skip | reason=no_latest_setup | signals=0 | elapsed_s=0.088
2026-04-06 02:23:47 | symbol_done | idx=51 | total=120 | symbol=APEUSDT | status=skip | reason=no_latest_setup | signals=0 | elapsed_s=0.076
2026-04-06 02:23:47 | symbol_done | idx=52 | total=120 | symbol=API3USDT | status=skip | reason=no_latest_setup | signals=0 | elapsed_s=0.065
2026-04-06 02:23:47 | symbol_done | idx=53 | total=120 | symbol=APRUSDT | status=skip | reason=no_latest_setup | signals=0 | elapsed_s=0.070
2026-04-06 02:23:47 | symbol_done | idx=54 | total=120 | symbol=APTUSDT | status=skip | reason=no_latest_setup | signals=0 | elapsed_s=0.085
2026-04-06 02:23:48 | symbol_done | idx=55 | total=120 | symbol=ARBUSDT | status=skip | reason=no_latest_setup | signals=0 | elapsed_s=0.081
2026-04-06 02:23:48 | symbol_done | idx=56 | total=120 | symbol=ARCUSDT | status=skip | reason=no_latest_setup | signals=0 | elapsed_s=0.075
2026-04-06 02:23:48 | symbol_done | idx=57 | total=120 | symbol=ARIAUSDT | status=skip | reason=no_latest_setup | signals=0 | elapsed_s=0.086
2026-04-06 02:23:48 | symbol_done | idx=58 | total=120 | symbol=ARKMUSDT | status=skip | reason=no_latest_setup | signals=0 | elapsed_s=0.078
2026-04-06 02:23:48 | symbol_done | idx=59 | total=120 | symbol=ARKUSDT | status=skip | reason=no_latest_setup | signals=0 | elapsed_s=0.105
2026-04-06 02:23:48 | symbol_done | idx=60 | total=120 | symbol=ARPAUSDT | status=skip | reason=no_latest_setup | signals=0 | elapsed_s=0.087
2026-04-06 02:23:48 | symbol_done | idx=61 | total=120 | symbol=ARUSDT | status=skip | reason=no_latest_setup | signals=0 | elapsed_s=0.077
2026-04-06 02:23:48 | symbol_done | idx=62 | total=120 | symbol=ASRUSDT | status=skip | reason=no_latest_setup | signals=0 | elapsed_s=0.066
2026-04-06 02:23:48 | symbol_done | idx=63 | total=120 | symbol=ASTERUSDT | status=skip | reason=no_latest_setup | signals=0 | elapsed_s=0.077
2026-04-06 02:23:48 | symbol_done | idx=64 | total=120 | symbol=ASTRUSDT | status=skip | reason=no_latest_setup | signals=0 | elapsed_s=0.088
2026-04-06 02:23:48 | symbol_done | idx=65 | total=120 | symbol=ATAUSDT | status=skip | reason=no_latest_setup | signals=0 | elapsed_s=0.073
2026-04-06 02:23:48 | symbol_done | idx=66 | total=120 | symbol=ATHUSDT | status=skip | reason=no_latest_setup | signals=0 | elapsed_s=0.063
2026-04-06 02:23:49 | symbol_done | idx=67 | total=120 | symbol=ATOMUSDT | status=skip | reason=no_latest_setup | signals=0 | elapsed_s=0.078
2026-04-06 02:23:49 | symbol_done | idx=68 | total=120 | symbol=ATUSDT | status=skip | reason=no_latest_setup | signals=0 | elapsed_s=0.071
2026-04-06 02:23:49 | symbol_done | idx=69 | total=120 | symbol=AUCTIONUSDT | status=skip | reason=no_latest_setup | signals=0 | elapsed_s=0.072
2026-04-06 02:23:49 | symbol_done | idx=70 | total=120 | symbol=AUSDT | status=skip | reason=no_latest_setup | signals=0 | elapsed_s=0.082
2026-04-06 02:23:49 | symbol_done | idx=71 | total=120 | symbol=AVAAIUSDT | status=skip | reason=no_latest_setup | signals=0 | elapsed_s=0.075
2026-04-06 02:23:49 | symbol_done | idx=72 | total=120 | symbol=AVAUSDT | status=skip | reason=no_latest_setup | signals=0 | elapsed_s=0.062
2026-04-06 02:23:49 | symbol_done | idx=73 | total=120 | symbol=AVAXUSDT | status=skip | reason=no_latest_setup | signals=0 | elapsed_s=0.068
2026-04-06 02:23:49 | symbol_done | idx=74 | total=120 | symbol=AVNTUSDT | status=skip | reason=no_latest_setup | signals=0 | elapsed_s=0.071
2026-04-06 02:23:49 | symbol_done | idx=75 | total=120 | symbol=AWEUSDT | status=skip | reason=no_latest_setup | signals=0 | elapsed_s=0.080
2026-04-06 02:23:49 | symbol_done | idx=76 | total=120 | symbol=AXLUSDT | status=skip | reason=no_latest_setup | signals=0 | elapsed_s=0.070
2026-04-06 02:23:49 | symbol_done | idx=77 | total=120 | symbol=AXSUSDT | status=skip | reason=no_latest_setup | signals=0 | elapsed_s=0.078
2026-04-06 02:23:49 | symbol_done | idx=78 | total=120 | symbol=AZTECUSDT | status=skip | reason=no_latest_setup | signals=0 | elapsed_s=0.078
2026-04-06 02:23:49 | symbol_done | idx=79 | total=120 | symbol=B2USDT | status=skip | reason=no_latest_setup | signals=0 | elapsed_s=0.062
2026-04-06 02:23:50 | symbol_done | idx=80 | total=120 | symbol=B3USDT | status=skip | reason=no_latest_setup | signals=0 | elapsed_s=0.083
2026-04-06 02:23:50 | symbol_done | idx=81 | total=120 | symbol=BABYUSDT | status=skip | reason=no_latest_setup | signals=0 | elapsed_s=0.091
2026-04-06 02:23:50 | symbol_done | idx=82 | total=120 | symbol=BANANAS31USDT | status=skip | reason=no_latest_setup | signals=0 | elapsed_s=0.096
2026-04-06 02:23:50 | symbol_done | idx=83 | total=120 | symbol=BANANAUSDT | status=skip | reason=no_latest_setup | signals=0 | elapsed_s=0.097
2026-04-06 02:23:50 | symbol_done | idx=84 | total=120 | symbol=BANDUSDT | status=skip | reason=no_latest_setup | signals=0 | elapsed_s=0.084
2026-04-06 02:23:50 | symbol_done | idx=85 | total=120 | symbol=BANKUSDT | status=skip | reason=no_latest_setup | signals=0 | elapsed_s=0.111
2026-04-06 02:23:50 | symbol_done | idx=86 | total=120 | symbol=BANUSDT | status=skip | reason=no_latest_setup | signals=0 | elapsed_s=0.067
2026-04-06 02:23:50 | symbol_done | idx=87 | total=120 | symbol=BARDUSDT | status=skip | reason=no_latest_setup | signals=0 | elapsed_s=0.079
2026-04-06 02:23:50 | symbol_done | idx=88 | total=120 | symbol=BASEDUSDT | status=skip | reason=insufficient_history | signals=0 | elapsed_s=0.035
2026-04-06 02:23:50 | symbol_done | idx=89 | total=120 | symbol=BASUSDT | status=skip | reason=no_latest_setup | signals=0 | elapsed_s=0.118
2026-04-06 02:23:50 | symbol_done | idx=90 | total=120 | symbol=BATUSDT | status=skip | reason=no_latest_setup | signals=0 | elapsed_s=0.123
2026-04-06 02:23:51 | symbol_done | idx=91 | total=120 | symbol=BBUSDT | status=skip | reason=no_latest_setup | signals=0 | elapsed_s=0.092
2026-04-06 02:23:51 | symbol_done | idx=92 | total=120 | symbol=BCHUSDT | status=skip | reason=no_latest_setup | signals=0 | elapsed_s=0.081
2026-04-06 02:23:51 | symbol_done | idx=93 | total=120 | symbol=BDXNUSDT | status=skip | reason=no_latest_setup | signals=0 | elapsed_s=0.087
2026-04-06 02:23:51 | symbol_done | idx=94 | total=120 | symbol=BEAMXUSDT | status=skip | reason=no_latest_setup | signals=0 | elapsed_s=0.094
2026-04-06 02:23:51 | symbol_done | idx=95 | total=120 | symbol=BEATUSDT | status=skip | reason=no_latest_setup | signals=0 | elapsed_s=0.094
2026-04-06 02:23:51 | symbol_done | idx=96 | total=120 | symbol=BELUSDT | status=skip | reason=no_latest_setup | signals=0 | elapsed_s=0.090
2026-04-06 02:23:51 | symbol_done | idx=97 | total=120 | symbol=BERAUSDT | status=skip | reason=no_latest_setup | signals=0 | elapsed_s=0.083
2026-04-06 02:23:51 | symbol_done | idx=98 | total=120 | symbol=BICOUSDT | status=skip | reason=no_latest_setup | signals=0 | elapsed_s=0.097
2026-04-06 02:23:52 | symbol_done | idx=99 | total=120 | symbol=BIDUSDT | status=skip | reason=no_latest_setup | signals=0 | elapsed_s=0.392
2026-04-06 02:23:52 | symbol_done | idx=100 | total=120 | symbol=BIGTIMEUSDT | status=skip | reason=no_latest_setup | signals=0 | elapsed_s=0.090
2026-04-06 02:23:52 | symbol_done | idx=101 | total=120 | symbol=BIOUSDT | status=skip | reason=no_latest_setup | signals=0 | elapsed_s=0.091
2026-04-06 02:23:52 | symbol_done | idx=102 | total=120 | symbol=BIRBUSDT | status=skip | reason=no_latest_setup | signals=0 | elapsed_s=0.099
2026-04-06 02:23:52 | symbol_done | idx=103 | total=120 | symbol=BLESSUSDT | status=skip | reason=no_latest_setup | signals=0 | elapsed_s=0.117
2026-04-06 02:23:52 | symbol_done | idx=104 | total=120 | symbol=BLUAIUSDT | status=skip | reason=no_latest_setup | signals=0 | elapsed_s=0.145
2026-04-06 02:23:52 | symbol_done | idx=105 | total=120 | symbol=BLURUSDT | status=skip | reason=no_latest_setup | signals=0 | elapsed_s=0.095
2026-04-06 02:23:52 | symbol_done | idx=106 | total=120 | symbol=BMTUSDT | status=skip | reason=no_latest_setup | signals=0 | elapsed_s=0.082
2026-04-06 02:23:52 | symbol_done | idx=107 | total=120 | symbol=BNBUSDT | status=skip | reason=no_latest_setup | signals=0 | elapsed_s=0.090
2026-04-06 02:23:52 | symbol_done | idx=108 | total=120 | symbol=BNTUSDT | status=skip | reason=no_latest_setup | signals=0 | elapsed_s=0.086
2026-04-06 02:23:53 | symbol_done | idx=109 | total=120 | symbol=BOBUSDT | status=skip | reason=no_latest_setup | signals=0 | elapsed_s=0.067
2026-04-06 02:23:53 | symbol_done | idx=110 | total=120 | symbol=BOMEUSDT | status=skip | reason=no_latest_setup | signals=0 | elapsed_s=0.089
2026-04-06 02:23:53 | symbol_done | idx=111 | total=120 | symbol=BRETTUSDT | status=skip | reason=no_latest_setup | signals=0 | elapsed_s=0.087
2026-04-06 02:23:53 | symbol_done | idx=112 | total=120 | symbol=BREVUSDT | status=skip | reason=no_latest_setup | signals=0 | elapsed_s=0.082
2026-04-06 02:23:53 | symbol_done | idx=113 | total=120 | symbol=BROCCOLI714USDT | status=skip | reason=no_latest_setup | signals=0 | elapsed_s=0.086
2026-04-06 02:23:53 | symbol_done | idx=114 | total=120 | symbol=BROCCOLIF3BUSDT | status=skip | reason=no_latest_setup | signals=0 | elapsed_s=0.074
2026-04-06 02:23:53 | symbol_done | idx=115 | total=120 | symbol=BRUSDT | status=skip | reason=no_latest_setup | signals=0 | elapsed_s=0.169
2026-04-06 02:23:53 | symbol_done | idx=116 | total=120 | symbol=BSBUSDT | status=skip | reason=insufficient_history | signals=0 | elapsed_s=0.038
2026-04-06 02:23:53 | symbol_done | idx=117 | total=120 | symbol=BSVUSDT | status=skip | reason=no_latest_setup | signals=0 | elapsed_s=0.084
2026-04-06 02:23:53 | symbol_done | idx=118 | total=120 | symbol=BTC-260327USDT | status=skip | reason=insufficient_history | signals=0 | elapsed_s=0.005
2026-04-06 02:23:53 | symbol_done | idx=119 | total=120 | symbol=BTCDOMUSDT | status=skip | reason=no_setup | signals=0 | elapsed_s=0.077
2026-04-06 02:23:53 | symbol_done | idx=120 | total=120 | symbol=BTCUSDT | status=skip | reason=no_latest_setup | signals=0 | elapsed_s=0.086
2026-04-06 02:23:53 | scan_end | timeframe=1h | symbols=120 | total_signals=0 | elapsed_s=10.240 | log_file=D:\Code\Projects\self-projects\macd-overlay - Copy\output\scanner_debug_recent.log
2026-04-06 02:23:53 | scan_start | timeframe=1h | symbols=120 | lookback_days=450 | batch_predict=True
2026-04-06 02:23:53 | symbol_done | idx=1 | total=120 | symbol=0GUSDT | status=skip | reason=no_latest_setup | signals=0 | elapsed_s=0.072
2026-04-06 02:23:54 | symbol_done | idx=2 | total=120 | symbol=1000000BOBUSDT | status=skip | reason=no_latest_setup | signals=0 | elapsed_s=0.071
2026-04-06 02:23:54 | symbol_done | idx=3 | total=120 | symbol=1000000MOGUSDT | status=skip | reason=no_latest_setup | signals=0 | elapsed_s=0.057
2026-04-06 02:23:54 | symbol_done | idx=4 | total=120 | symbol=1000BONKUSDT | status=skip | reason=no_latest_setup | signals=0 | elapsed_s=0.078
2026-04-06 02:23:54 | symbol_done | idx=5 | total=120 | symbol=1000CATUSDT | status=skip | reason=no_latest_setup | signals=0 | elapsed_s=0.077
2026-04-06 02:23:54 | symbol_done | idx=6 | total=120 | symbol=1000CHEEMSUSDT | status=skip | reason=no_latest_setup | signals=0 | elapsed_s=0.062
2026-04-06 02:23:54 | symbol_done | idx=7 | total=120 | symbol=1000FLOKIUSDT | status=skip | reason=no_latest_setup | signals=0 | elapsed_s=0.066
2026-04-06 02:23:54 | symbol_done | idx=8 | total=120 | symbol=1000LUNCUSDT | status=skip | reason=no_latest_setup | signals=0 | elapsed_s=0.065
2026-04-06 02:23:54 | symbol_done | idx=9 | total=120 | symbol=1000PEPEUSDT | status=skip | reason=no_latest_setup | signals=0 | elapsed_s=0.059
2026-04-06 02:23:54 | symbol_done | idx=10 | total=120 | symbol=1000RATSUSDT | status=skip | reason=no_latest_setup | signals=0 | elapsed_s=0.066
2026-04-06 02:23:54 | symbol_done | idx=11 | total=120 | symbol=1000SATSUSDT | status=skip | reason=no_latest_setup | signals=0 | elapsed_s=0.067
2026-04-06 02:23:54 | symbol_done | idx=12 | total=120 | symbol=1000SHIBUSDT | status=skip | reason=no_latest_setup | signals=0 | elapsed_s=0.073
2026-04-06 02:23:54 | symbol_done | idx=13 | total=120 | symbol=1000WHYUSDT | status=skip | reason=no_latest_setup | signals=0 | elapsed_s=0.066
2026-04-06 02:23:54 | symbol_done | idx=14 | total=120 | symbol=1000XECUSDT | status=skip | reason=no_setup | signals=0 | elapsed_s=0.068
2026-04-06 02:23:54 | symbol_done | idx=15 | total=120 | symbol=1INCHUSDT | status=skip | reason=no_latest_setup | signals=0 | elapsed_s=0.069
2026-04-06 02:23:55 | symbol_done | idx=16 | total=120 | symbol=1MBABYDOGEUSDT | status=skip | reason=no_latest_setup | signals=0 | elapsed_s=0.074
2026-04-06 02:23:55 | symbol_done | idx=18 | total=120 | symbol=42USDT | status=skip | reason=no_latest_setup | signals=0 | elapsed_s=0.070
2026-04-06 02:23:55 | symbol_done | idx=19 | total=120 | symbol=4USDT | status=skip | reason=no_latest_setup | signals=0 | elapsed_s=0.061
2026-04-06 02:23:55 | symbol_done | idx=20 | total=120 | symbol=A2ZUSDT | status=skip | reason=no_latest_setup | signals=0 | elapsed_s=0.068
2026-04-06 02:23:55 | symbol_done | idx=21 | total=120 | symbol=AAVEUSDT | status=skip | reason=no_latest_setup | signals=0 | elapsed_s=0.064
2026-04-06 02:23:55 | symbol_done | idx=22 | total=120 | symbol=ACEUSDT | status=skip | reason=no_latest_setup | signals=0 | elapsed_s=0.071
2026-04-06 02:23:55 | symbol_done | idx=23 | total=120 | symbol=ACHUSDT | status=skip | reason=no_latest_setup | signals=0 | elapsed_s=0.075
2026-04-06 02:23:55 | symbol_done | idx=24 | total=120 | symbol=ACTUSDT | status=skip | reason=no_latest_setup | signals=0 | elapsed_s=0.059
2026-04-06 02:23:55 | symbol_done | idx=25 | total=120 | symbol=ACUUSDT | status=skip | reason=no_latest_setup | signals=0 | elapsed_s=0.052
2026-04-06 02:23:55 | symbol_done | idx=26 | total=120 | symbol=ACXUSDT | status=skip | reason=no_latest_setup | signals=0 | elapsed_s=0.063
2026-04-06 02:23:55 | symbol_done | idx=27 | total=120 | symbol=ADAUSDT | status=skip | reason=no_latest_setup | signals=0 | elapsed_s=0.082
2026-04-06 02:23:55 | symbol_done | idx=28 | total=120 | symbol=AERGOUSDT | status=skip | reason=no_latest_setup | signals=0 | elapsed_s=0.072
2026-04-06 02:23:55 | symbol_done | idx=29 | total=120 | symbol=AEROUSDT | status=skip | reason=no_latest_setup | signals=0 | elapsed_s=0.061
2026-04-06 02:23:55 | symbol_done | idx=30 | total=120 | symbol=AEVOUSDT | status=skip | reason=no_latest_setup | signals=0 | elapsed_s=0.066
2026-04-06 02:23:56 | symbol_done | idx=31 | total=120 | symbol=AGLDUSDT | status=skip | reason=no_latest_setup | signals=0 | elapsed_s=0.083
2026-04-06 02:23:56 | symbol_done | idx=32 | total=120 | symbol=AGTUSDT | status=skip | reason=no_latest_setup | signals=0 | elapsed_s=0.085
2026-04-06 02:23:56 | symbol_done | idx=33 | total=120 | symbol=AIAUSDT | status=skip | reason=no_latest_setup | signals=0 | elapsed_s=0.089
2026-04-06 02:23:56 | symbol_done | idx=34 | total=120 | symbol=AINUSDT | status=skip | reason=no_latest_setup | signals=0 | elapsed_s=0.070
2026-04-06 02:23:56 | symbol_done | idx=35 | total=120 | symbol=AIOTUSDT | status=skip | reason=no_latest_setup | signals=0 | elapsed_s=0.067
2026-04-06 02:23:56 | symbol_done | idx=36 | total=120 | symbol=AIOUSDT | status=skip | reason=no_latest_setup | signals=0 | elapsed_s=0.069
2026-04-06 02:23:56 | symbol_done | idx=37 | total=120 | symbol=AIUSDT | status=skip | reason=no_latest_setup | signals=0 | elapsed_s=0.043
2026-04-06 02:23:56 | symbol_done | idx=38 | total=120 | symbol=AIXBTUSDT | status=skip | reason=no_latest_setup | signals=0 | elapsed_s=0.080
2026-04-06 02:23:56 | symbol_done | idx=39 | total=120 | symbol=AKEUSDT | status=skip | reason=no_latest_setup | signals=0 | elapsed_s=0.050
2026-04-06 02:23:56 | symbol_done | idx=40 | total=120 | symbol=AKTUSDT | status=skip | reason=no_latest_setup | signals=0 | elapsed_s=0.066
2026-04-06 02:23:56 | symbol_done | idx=41 | total=120 | symbol=ALCHUSDT | status=skip | reason=no_latest_setup | signals=0 | elapsed_s=0.064
2026-04-06 02:23:56 | symbol_done | idx=42 | total=120 | symbol=ALGOUSDT | status=skip | reason=no_latest_setup | signals=0 | elapsed_s=0.084
2026-04-06 02:23:56 | symbol_done | idx=43 | total=120 | symbol=ALICEUSDT | status=skip | reason=no_latest_setup | signals=0 | elapsed_s=0.067
2026-04-06 02:23:56 | symbol_done | idx=44 | total=120 | symbol=ALLOUSDT | status=skip | reason=no_latest_setup | signals=0 | elapsed_s=0.058
2026-04-06 02:23:57 | symbol_done | idx=45 | total=120 | symbol=ALLUSDT | status=skip | reason=no_latest_setup | signals=0 | elapsed_s=0.062
2026-04-06 02:23:57 | symbol_done | idx=46 | total=120 | symbol=ALPINEUSDT | status=skip | reason=no_setup | signals=0 | elapsed_s=0.048
2026-04-06 02:23:57 | symbol_done | idx=47 | total=120 | symbol=ALTUSDT | status=skip | reason=no_latest_setup | signals=0 | elapsed_s=0.075
2026-04-06 02:23:57 | symbol_done | idx=48 | total=120 | symbol=AMZNUSDT | status=skip | reason=no_setup | signals=0 | elapsed_s=0.072
2026-04-06 02:23:57 | symbol_done | idx=49 | total=120 | symbol=ANIMEUSDT | status=skip | reason=no_latest_setup | signals=0 | elapsed_s=0.063
2026-04-06 02:23:57 | symbol_done | idx=50 | total=120 | symbol=ANKRUSDT | status=skip | reason=no_latest_setup | signals=0 | elapsed_s=0.053
2026-04-06 02:23:57 | symbol_done | idx=51 | total=120 | symbol=APEUSDT | status=skip | reason=no_latest_setup | signals=0 | elapsed_s=0.064
2026-04-06 02:23:57 | symbol_done | idx=52 | total=120 | symbol=API3USDT | status=skip | reason=no_latest_setup | signals=0 | elapsed_s=0.055
2026-04-06 02:23:57 | symbol_done | idx=53 | total=120 | symbol=APRUSDT | status=skip | reason=no_latest_setup | signals=0 | elapsed_s=0.058
2026-04-06 02:23:57 | symbol_done | idx=54 | total=120 | symbol=APTUSDT | status=skip | reason=no_latest_setup | signals=0 | elapsed_s=0.069
2026-04-06 02:23:57 | symbol_done | idx=55 | total=120 | symbol=ARBUSDT | status=skip | reason=no_latest_setup | signals=0 | elapsed_s=0.065
2026-04-06 02:23:57 | symbol_done | idx=56 | total=120 | symbol=ARCUSDT | status=skip | reason=no_latest_setup | signals=0 | elapsed_s=0.063
2026-04-06 02:23:57 | symbol_done | idx=57 | total=120 | symbol=ARIAUSDT | status=skip | reason=no_latest_setup | signals=0 | elapsed_s=0.084
2026-04-06 02:23:57 | symbol_done | idx=58 | total=120 | symbol=ARKMUSDT | status=skip | reason=no_latest_setup | signals=0 | elapsed_s=0.079
2026-04-06 02:23:57 | symbol_done | idx=59 | total=120 | symbol=ARKUSDT | status=skip | reason=no_latest_setup | signals=0 | elapsed_s=0.086
2026-04-06 02:23:58 | symbol_done | idx=60 | total=120 | symbol=ARPAUSDT | status=skip | reason=no_latest_setup | signals=0 | elapsed_s=0.099
2026-04-06 02:23:58 | symbol_done | idx=61 | total=120 | symbol=ARUSDT | status=skip | reason=no_latest_setup | signals=0 | elapsed_s=0.121
2026-04-06 02:23:58 | symbol_done | idx=62 | total=120 | symbol=ASRUSDT | status=skip | reason=no_latest_setup | signals=0 | elapsed_s=0.089
2026-04-06 02:23:58 | symbol_done | idx=63 | total=120 | symbol=ASTERUSDT | status=skip | reason=no_latest_setup | signals=0 | elapsed_s=0.100
2026-04-06 02:23:58 | symbol_done | idx=64 | total=120 | symbol=ASTRUSDT | status=skip | reason=no_latest_setup | signals=0 | elapsed_s=0.081
2026-04-06 02:23:58 | symbol_done | idx=65 | total=120 | symbol=ATAUSDT | status=skip | reason=no_latest_setup | signals=0 | elapsed_s=0.115
2026-04-06 02:23:58 | symbol_done | idx=66 | total=120 | symbol=ATHUSDT | status=skip | reason=no_latest_setup | signals=0 | elapsed_s=0.085
2026-04-06 02:23:58 | symbol_done | idx=67 | total=120 | symbol=ATOMUSDT | status=skip | reason=no_latest_setup | signals=0 | elapsed_s=0.073
2026-04-06 02:23:58 | symbol_done | idx=68 | total=120 | symbol=ATUSDT | status=skip | reason=no_latest_setup | signals=0 | elapsed_s=0.089
2026-04-06 02:23:58 | symbol_done | idx=69 | total=120 | symbol=AUCTIONUSDT | status=skip | reason=no_latest_setup | signals=0 | elapsed_s=0.087
2026-04-06 02:23:58 | symbol_done | idx=70 | total=120 | symbol=AUSDT | status=skip | reason=no_latest_setup | signals=0 | elapsed_s=0.076
2026-04-06 02:23:59 | symbol_done | idx=71 | total=120 | symbol=AVAAIUSDT | status=skip | reason=no_latest_setup | signals=0 | elapsed_s=0.072
2026-04-06 02:23:59 | symbol_done | idx=72 | total=120 | symbol=AVAUSDT | status=skip | reason=no_latest_setup | signals=0 | elapsed_s=0.084
2026-04-06 02:23:59 | symbol_done | idx=73 | total=120 | symbol=AVAXUSDT | status=skip | reason=no_latest_setup | signals=0 | elapsed_s=0.056
2026-04-06 02:23:59 | symbol_done | idx=74 | total=120 | symbol=AVNTUSDT | status=skip | reason=no_latest_setup | signals=0 | elapsed_s=0.071
2026-04-06 02:23:59 | symbol_done | idx=75 | total=120 | symbol=AWEUSDT | status=skip | reason=no_latest_setup | signals=0 | elapsed_s=0.064
2026-04-06 02:23:59 | symbol_done | idx=76 | total=120 | symbol=AXLUSDT | status=skip | reason=no_latest_setup | signals=0 | elapsed_s=0.066
2026-04-06 02:23:59 | symbol_done | idx=77 | total=120 | symbol=AXSUSDT | status=skip | reason=no_latest_setup | signals=0 | elapsed_s=0.067
2026-04-06 02:23:59 | symbol_done | idx=79 | total=120 | symbol=B2USDT | status=skip | reason=no_latest_setup | signals=0 | elapsed_s=0.066
2026-04-06 02:23:59 | symbol_done | idx=80 | total=120 | symbol=B3USDT | status=skip | reason=no_latest_setup | signals=0 | elapsed_s=0.074
2026-04-06 02:23:59 | symbol_done | idx=81 | total=120 | symbol=BABYUSDT | status=skip | reason=no_latest_setup | signals=0 | elapsed_s=0.071
2026-04-06 02:23:59 | symbol_done | idx=82 | total=120 | symbol=BANANAS31USDT | status=skip | reason=no_latest_setup | signals=0 | elapsed_s=0.075
2026-04-06 02:23:59 | symbol_done | idx=83 | total=120 | symbol=BANANAUSDT | status=skip | reason=no_latest_setup | signals=0 | elapsed_s=0.066
2026-04-06 02:23:59 | symbol_done | idx=84 | total=120 | symbol=BANDUSDT | status=skip | reason=no_latest_setup | signals=0 | elapsed_s=0.069
2026-04-06 02:24:00 | symbol_done | idx=85 | total=120 | symbol=BANKUSDT | status=skip | reason=no_latest_setup | signals=0 | elapsed_s=0.070
2026-04-06 02:24:00 | symbol_done | idx=86 | total=120 | symbol=BANUSDT | status=skip | reason=no_latest_setup | signals=0 | elapsed_s=0.069
2026-04-06 02:24:00 | symbol_done | idx=87 | total=120 | symbol=BARDUSDT | status=skip | reason=no_latest_setup | signals=0 | elapsed_s=0.070
2026-04-06 02:24:00 | symbol_done | idx=88 | total=120 | symbol=BASEDUSDT | status=skip | reason=insufficient_history | signals=0 | elapsed_s=0.031
2026-04-06 02:24:00 | symbol_done | idx=90 | total=120 | symbol=BATUSDT | status=skip | reason=no_latest_setup | signals=0 | elapsed_s=0.070
2026-04-06 02:24:00 | symbol_done | idx=91 | total=120 | symbol=BBUSDT | status=skip | reason=no_latest_setup | signals=0 | elapsed_s=0.056
2026-04-06 02:24:00 | symbol_done | idx=92 | total=120 | symbol=BCHUSDT | status=skip | reason=no_latest_setup | signals=0 | elapsed_s=0.064
2026-04-06 02:24:00 | symbol_done | idx=93 | total=120 | symbol=BDXNUSDT | status=skip | reason=no_latest_setup | signals=0 | elapsed_s=0.063
2026-04-06 02:24:00 | symbol_done | idx=94 | total=120 | symbol=BEAMXUSDT | status=skip | reason=no_latest_setup | signals=0 | elapsed_s=0.066
2026-04-06 02:24:00 | symbol_done | idx=95 | total=120 | symbol=BEATUSDT | status=skip | reason=no_latest_setup | signals=0 | elapsed_s=0.073
2026-04-06 02:24:00 | symbol_done | idx=96 | total=120 | symbol=BELUSDT | status=skip | reason=no_latest_setup | signals=0 | elapsed_s=0.083
2026-04-06 02:24:00 | symbol_done | idx=97 | total=120 | symbol=BERAUSDT | status=skip | reason=no_latest_setup | signals=0 | elapsed_s=0.071
2026-04-06 02:24:00 | symbol_done | idx=98 | total=120 | symbol=BICOUSDT | status=skip | reason=no_latest_setup | signals=0 | elapsed_s=0.068
2026-04-06 02:24:00 | symbol_done | idx=99 | total=120 | symbol=BIDUSDT | status=skip | reason=no_latest_setup | signals=0 | elapsed_s=0.056
2026-04-06 02:24:01 | symbol_done | idx=100 | total=120 | symbol=BIGTIMEUSDT | status=skip | reason=no_latest_setup | signals=0 | elapsed_s=0.072
2026-04-06 02:24:01 | symbol_done | idx=101 | total=120 | symbol=BIOUSDT | status=skip | reason=no_latest_setup | signals=0 | elapsed_s=0.065
2026-04-06 02:24:01 | symbol_done | idx=102 | total=120 | symbol=BIRBUSDT | status=skip | reason=no_latest_setup | signals=0 | elapsed_s=0.063
2026-04-06 02:24:01 | symbol_done | idx=103 | total=120 | symbol=BLESSUSDT | status=skip | reason=no_latest_setup | signals=0 | elapsed_s=0.061
2026-04-06 02:24:01 | symbol_done | idx=104 | total=120 | symbol=BLUAIUSDT | status=skip | reason=no_latest_setup | signals=0 | elapsed_s=0.063
2026-04-06 02:24:01 | symbol_done | idx=105 | total=120 | symbol=BLURUSDT | status=skip | reason=no_latest_setup | signals=0 | elapsed_s=0.076
2026-04-06 02:24:01 | symbol_done | idx=106 | total=120 | symbol=BMTUSDT | status=skip | reason=no_latest_setup | signals=0 | elapsed_s=0.084
2026-04-06 02:24:01 | symbol_done | idx=107 | total=120 | symbol=BNBUSDT | status=skip | reason=no_latest_setup | signals=0 | elapsed_s=0.079
2026-04-06 02:24:01 | symbol_done | idx=108 | total=120 | symbol=BNTUSDT | status=skip | reason=no_latest_setup | signals=0 | elapsed_s=0.064
2026-04-06 02:24:01 | symbol_done | idx=110 | total=120 | symbol=BOMEUSDT | status=skip | reason=no_latest_setup | signals=0 | elapsed_s=0.157
2026-04-06 02:24:01 | symbol_done | idx=111 | total=120 | symbol=BRETTUSDT | status=skip | reason=no_latest_setup | signals=0 | elapsed_s=0.076
2026-04-06 02:24:01 | symbol_done | idx=112 | total=120 | symbol=BREVUSDT | status=skip | reason=no_latest_setup | signals=0 | elapsed_s=0.064
2026-04-06 02:24:02 | symbol_done | idx=113 | total=120 | symbol=BROCCOLI714USDT | status=skip | reason=no_latest_setup | signals=0 | elapsed_s=0.072
2026-04-06 02:24:02 | symbol_done | idx=114 | total=120 | symbol=BROCCOLIF3BUSDT | status=skip | reason=no_latest_setup | signals=0 | elapsed_s=0.065
2026-04-06 02:24:02 | symbol_done | idx=115 | total=120 | symbol=BRUSDT | status=skip | reason=no_latest_setup | signals=0 | elapsed_s=0.061
2026-04-06 02:24:02 | symbol_done | idx=116 | total=120 | symbol=BSBUSDT | status=skip | reason=insufficient_history | signals=0 | elapsed_s=0.038
2026-04-06 02:24:02 | symbol_done | idx=117 | total=120 | symbol=BSVUSDT | status=skip | reason=no_latest_setup | signals=0 | elapsed_s=0.065
2026-04-06 02:24:02 | symbol_done | idx=118 | total=120 | symbol=BTC-260327USDT | status=skip | reason=insufficient_history | signals=0 | elapsed_s=0.003
2026-04-06 02:24:02 | symbol_done | idx=119 | total=120 | symbol=BTCDOMUSDT | status=skip | reason=no_setup | signals=0 | elapsed_s=0.050
2026-04-06 02:24:02 | symbol_done | idx=120 | total=120 | symbol=BTCUSDT | status=skip | reason=no_latest_setup | signals=0 | elapsed_s=0.074
2026-04-06 02:24:02 | symbol_done | idx=17 | total=120 | symbol=2ZUSDT | status=ok | reason=below_threshold | signals=0 | elapsed_s=7.445
2026-04-06 02:24:02 | symbol_done | idx=78 | total=120 | symbol=AZTECUSDT | status=ok | reason=below_threshold | signals=0 | elapsed_s=2.977
2026-04-06 02:24:02 | symbol_done | idx=89 | total=120 | symbol=BASUSDT | status=ok | reason=below_threshold | signals=0 | elapsed_s=2.227
2026-04-06 02:24:02 | symbol_done | idx=109 | total=120 | symbol=BOBUSDT | status=ok | reason=signal_emitted | signals=1 | elapsed_s=0.833
2026-04-06 02:24:02 | scan_end | timeframe=1h | symbols=120 | total_signals=1 | elapsed_s=8.554 | log_file=D:\Code\Projects\self-projects\macd-overlay - Copy\output\scanner_debug_recent.log
2026-04-06 02:24:02 | scan_start | timeframe=1h | symbols=120 | lookback_days=450 | batch_predict=True
2026-04-06 02:24:02 | symbol_done | idx=1 | total=120 | symbol=0GUSDT | status=skip | reason=no_latest_setup | signals=0 | elapsed_s=0.063
2026-04-06 02:24:02 | symbol_done | idx=2 | total=120 | symbol=1000000BOBUSDT | status=skip | reason=no_latest_setup | signals=0 | elapsed_s=0.050
2026-04-06 02:24:02 | symbol_done | idx=3 | total=120 | symbol=1000000MOGUSDT | status=skip | reason=no_latest_setup | signals=0 | elapsed_s=0.054
2026-04-06 02:24:02 | symbol_done | idx=4 | total=120 | symbol=1000BONKUSDT | status=skip | reason=no_latest_setup | signals=0 | elapsed_s=0.050
2026-04-06 02:24:02 | symbol_done | idx=6 | total=120 | symbol=1000CHEEMSUSDT | status=skip | reason=no_latest_setup | signals=0 | elapsed_s=0.056
2026-04-06 02:24:02 | symbol_done | idx=7 | total=120 | symbol=1000FLOKIUSDT | status=skip | reason=no_latest_setup | signals=0 | elapsed_s=0.069
2026-04-06 02:24:02 | symbol_done | idx=8 | total=120 | symbol=1000LUNCUSDT | status=skip | reason=no_latest_setup | signals=0 | elapsed_s=0.068
2026-04-06 02:24:03 | symbol_done | idx=9 | total=120 | symbol=1000PEPEUSDT | status=skip | reason=no_latest_setup | signals=0 | elapsed_s=0.067
2026-04-06 02:24:03 | symbol_done | idx=10 | total=120 | symbol=1000RATSUSDT | status=skip | reason=no_latest_setup | signals=0 | elapsed_s=0.085
2026-04-06 02:24:03 | symbol_done | idx=11 | total=120 | symbol=1000SATSUSDT | status=skip | reason=no_latest_setup | signals=0 | elapsed_s=0.061
2026-04-06 02:24:03 | symbol_done | idx=12 | total=120 | symbol=1000SHIBUSDT | status=skip | reason=no_latest_setup | signals=0 | elapsed_s=0.071
2026-04-06 02:24:03 | symbol_done | idx=13 | total=120 | symbol=1000WHYUSDT | status=skip | reason=no_latest_setup | signals=0 | elapsed_s=0.073
2026-04-06 02:24:03 | symbol_done | idx=14 | total=120 | symbol=1000XECUSDT | status=skip | reason=no_setup | signals=0 | elapsed_s=0.060
2026-04-06 02:24:03 | symbol_done | idx=15 | total=120 | symbol=1INCHUSDT | status=skip | reason=no_latest_setup | signals=0 | elapsed_s=0.073
2026-04-06 02:24:03 | symbol_done | idx=16 | total=120 | symbol=1MBABYDOGEUSDT | status=skip | reason=no_latest_setup | signals=0 | elapsed_s=0.071
2026-04-06 02:24:03 | symbol_done | idx=17 | total=120 | symbol=2ZUSDT | status=skip | reason=no_latest_setup | signals=0 | elapsed_s=0.069
2026-04-06 02:24:03 | symbol_done | idx=18 | total=120 | symbol=42USDT | status=skip | reason=no_latest_setup | signals=0 | elapsed_s=0.065
2026-04-06 02:24:03 | symbol_done | idx=19 | total=120 | symbol=4USDT | status=skip | reason=no_latest_setup | signals=0 | elapsed_s=0.064
2026-04-06 02:24:03 | symbol_done | idx=20 | total=120 | symbol=A2ZUSDT | status=skip | reason=no_latest_setup | signals=0 | elapsed_s=0.056
2026-04-06 02:24:03 | symbol_done | idx=21 | total=120 | symbol=AAVEUSDT | status=skip | reason=no_latest_setup | signals=0 | elapsed_s=0.072
2026-04-06 02:24:03 | symbol_done | idx=22 | total=120 | symbol=ACEUSDT | status=skip | reason=no_latest_setup | signals=0 | elapsed_s=0.072
2026-04-06 02:24:03 | symbol_done | idx=23 | total=120 | symbol=ACHUSDT | status=skip | reason=no_latest_setup | signals=0 | elapsed_s=0.078
2026-04-06 02:24:04 | symbol_done | idx=24 | total=120 | symbol=ACTUSDT | status=skip | reason=no_latest_setup | signals=0 | elapsed_s=0.071
2026-04-06 02:24:04 | symbol_done | idx=25 | total=120 | symbol=ACUUSDT | status=skip | reason=no_latest_setup | signals=0 | elapsed_s=0.061
2026-04-06 02:24:04 | symbol_done | idx=26 | total=120 | symbol=ACXUSDT | status=skip | reason=no_latest_setup | signals=0 | elapsed_s=0.065
2026-04-06 02:24:04 | symbol_done | idx=27 | total=120 | symbol=ADAUSDT | status=skip | reason=no_latest_setup | signals=0 | elapsed_s=0.087
2026-04-06 02:24:04 | symbol_done | idx=28 | total=120 | symbol=AERGOUSDT | status=skip | reason=no_latest_setup | signals=0 | elapsed_s=0.060
2026-04-06 02:24:04 | symbol_done | idx=29 | total=120 | symbol=AEROUSDT | status=skip | reason=no_latest_setup | signals=0 | elapsed_s=0.071
2026-04-06 02:24:04 | symbol_done | idx=30 | total=120 | symbol=AEVOUSDT | status=skip | reason=no_latest_setup | signals=0 | elapsed_s=0.066
2026-04-06 02:24:04 | symbol_done | idx=31 | total=120 | symbol=AGLDUSDT | status=skip | reason=no_latest_setup | signals=0 | elapsed_s=0.074
2026-04-06 02:24:04 | symbol_done | idx=32 | total=120 | symbol=AGTUSDT | status=skip | reason=no_latest_setup | signals=0 | elapsed_s=0.071
2026-04-06 02:24:04 | symbol_done | idx=33 | total=120 | symbol=AIAUSDT | status=skip | reason=no_latest_setup | signals=0 | elapsed_s=0.081
2026-04-06 02:24:04 | symbol_done | idx=34 | total=120 | symbol=AINUSDT | status=skip | reason=no_latest_setup | signals=0 | elapsed_s=0.078
2026-04-06 02:24:04 | symbol_done | idx=35 | total=120 | symbol=AIOTUSDT | status=skip | reason=no_latest_setup | signals=0 | elapsed_s=0.072
2026-04-06 02:24:04 | symbol_done | idx=36 | total=120 | symbol=AIOUSDT | status=skip | reason=no_latest_setup | signals=0 | elapsed_s=0.080
2026-04-06 02:24:05 | symbol_done | idx=37 | total=120 | symbol=AIUSDT | status=skip | reason=no_latest_setup | signals=0 | elapsed_s=0.069
2026-04-06 02:24:05 | symbol_done | idx=38 | total=120 | symbol=AIXBTUSDT | status=skip | reason=no_latest_setup | signals=0 | elapsed_s=0.079
2026-04-06 02:24:05 | symbol_done | idx=39 | total=120 | symbol=AKEUSDT | status=skip | reason=no_latest_setup | signals=0 | elapsed_s=0.074
2026-04-06 02:24:05 | symbol_done | idx=40 | total=120 | symbol=AKTUSDT | status=skip | reason=no_latest_setup | signals=0 | elapsed_s=0.070
2026-04-06 02:24:05 | symbol_done | idx=41 | total=120 | symbol=ALCHUSDT | status=skip | reason=no_latest_setup | signals=0 | elapsed_s=0.070
2026-04-06 02:24:05 | symbol_done | idx=43 | total=120 | symbol=ALICEUSDT | status=skip | reason=no_latest_setup | signals=0 | elapsed_s=0.062
2026-04-06 02:24:05 | symbol_done | idx=44 | total=120 | symbol=ALLOUSDT | status=skip | reason=no_latest_setup | signals=0 | elapsed_s=0.059
2026-04-06 02:24:05 | symbol_done | idx=45 | total=120 | symbol=ALLUSDT | status=skip | reason=no_latest_setup | signals=0 | elapsed_s=0.069
2026-04-06 02:24:05 | symbol_done | idx=46 | total=120 | symbol=ALPINEUSDT | status=skip | reason=no_setup | signals=0 | elapsed_s=0.060
2026-04-06 02:24:05 | symbol_done | idx=47 | total=120 | symbol=ALTUSDT | status=skip | reason=no_latest_setup | signals=0 | elapsed_s=0.078
2026-04-06 02:24:05 | symbol_done | idx=48 | total=120 | symbol=AMZNUSDT | status=skip | reason=no_setup | signals=0 | elapsed_s=0.066
2026-04-06 02:24:05 | symbol_done | idx=49 | total=120 | symbol=ANIMEUSDT | status=skip | reason=no_latest_setup | signals=0 | elapsed_s=0.078
2026-04-06 02:24:05 | symbol_done | idx=50 | total=120 | symbol=ANKRUSDT | status=skip | reason=no_latest_setup | signals=0 | elapsed_s=0.078
2026-04-06 02:24:06 | symbol_done | idx=51 | total=120 | symbol=APEUSDT | status=skip | reason=no_latest_setup | signals=0 | elapsed_s=0.087
2026-04-06 02:24:06 | symbol_done | idx=52 | total=120 | symbol=API3USDT | status=skip | reason=no_latest_setup | signals=0 | elapsed_s=0.072
2026-04-06 02:24:06 | symbol_done | idx=53 | total=120 | symbol=APRUSDT | status=skip | reason=no_latest_setup | signals=0 | elapsed_s=0.078
2026-04-06 02:24:06 | symbol_done | idx=54 | total=120 | symbol=APTUSDT | status=skip | reason=no_latest_setup | signals=0 | elapsed_s=0.075
2026-04-06 02:24:06 | symbol_done | idx=55 | total=120 | symbol=ARBUSDT | status=skip | reason=no_latest_setup | signals=0 | elapsed_s=0.064
2026-04-06 02:24:06 | symbol_done | idx=56 | total=120 | symbol=ARCUSDT | status=skip | reason=no_latest_setup | signals=0 | elapsed_s=0.081
2026-04-06 02:24:06 | symbol_done | idx=57 | total=120 | symbol=ARIAUSDT | status=skip | reason=no_latest_setup | signals=0 | elapsed_s=0.079
2026-04-06 02:24:06 | symbol_done | idx=58 | total=120 | symbol=ARKMUSDT | status=skip | reason=no_latest_setup | signals=0 | elapsed_s=0.077
2026-04-06 02:24:06 | symbol_done | idx=59 | total=120 | symbol=ARKUSDT | status=skip | reason=no_latest_setup | signals=0 | elapsed_s=0.078
2026-04-06 02:24:06 | symbol_done | idx=60 | total=120 | symbol=ARPAUSDT | status=skip | reason=no_latest_setup | signals=0 | elapsed_s=0.083
2026-04-06 02:24:06 | symbol_done | idx=61 | total=120 | symbol=ARUSDT | status=skip | reason=no_latest_setup | signals=0 | elapsed_s=0.076
2026-04-06 02:24:06 | symbol_done | idx=62 | total=120 | symbol=ASRUSDT | status=skip | reason=no_latest_setup | signals=0 | elapsed_s=0.065
2026-04-06 02:24:06 | symbol_done | idx=63 | total=120 | symbol=ASTERUSDT | status=skip | reason=no_latest_setup | signals=0 | elapsed_s=0.068
2026-04-06 02:24:07 | symbol_done | idx=64 | total=120 | symbol=ASTRUSDT | status=skip | reason=no_latest_setup | signals=0 | elapsed_s=0.075
2026-04-06 02:24:07 | symbol_done | idx=65 | total=120 | symbol=ATAUSDT | status=skip | reason=no_latest_setup | signals=0 | elapsed_s=0.079
2026-04-06 02:24:07 | symbol_done | idx=66 | total=120 | symbol=ATHUSDT | status=skip | reason=no_latest_setup | signals=0 | elapsed_s=0.074
2026-04-06 02:24:07 | symbol_done | idx=67 | total=120 | symbol=ATOMUSDT | status=skip | reason=no_latest_setup | signals=0 | elapsed_s=0.075
2026-04-06 02:24:07 | symbol_done | idx=68 | total=120 | symbol=ATUSDT | status=skip | reason=no_latest_setup | signals=0 | elapsed_s=0.077
2026-04-06 02:24:07 | symbol_done | idx=69 | total=120 | symbol=AUCTIONUSDT | status=skip | reason=no_latest_setup | signals=0 | elapsed_s=0.079
2026-04-06 02:24:07 | symbol_done | idx=70 | total=120 | symbol=AUSDT | status=skip | reason=no_latest_setup | signals=0 | elapsed_s=0.083
2026-04-06 02:24:07 | symbol_done | idx=71 | total=120 | symbol=AVAAIUSDT | status=skip | reason=no_latest_setup | signals=0 | elapsed_s=0.083
2026-04-06 02:24:07 | symbol_done | idx=72 | total=120 | symbol=AVAUSDT | status=skip | reason=no_latest_setup | signals=0 | elapsed_s=0.089
2026-04-06 02:24:07 | symbol_done | idx=73 | total=120 | symbol=AVAXUSDT | status=skip | reason=no_latest_setup | signals=0 | elapsed_s=0.083
2026-04-06 02:24:07 | symbol_done | idx=74 | total=120 | symbol=AVNTUSDT | status=skip | reason=no_latest_setup | signals=0 | elapsed_s=0.077
2026-04-06 02:24:07 | symbol_done | idx=75 | total=120 | symbol=AWEUSDT | status=skip | reason=no_latest_setup | signals=0 | elapsed_s=0.081
2026-04-06 02:24:07 | symbol_done | idx=76 | total=120 | symbol=AXLUSDT | status=skip | reason=no_latest_setup | signals=0 | elapsed_s=0.075
2026-04-06 02:24:08 | symbol_done | idx=77 | total=120 | symbol=AXSUSDT | status=skip | reason=no_latest_setup | signals=0 | elapsed_s=0.068
2026-04-06 02:24:08 | symbol_done | idx=78 | total=120 | symbol=AZTECUSDT | status=skip | reason=no_latest_setup | signals=0 | elapsed_s=0.076
2026-04-06 02:24:08 | symbol_done | idx=79 | total=120 | symbol=B2USDT | status=skip | reason=no_latest_setup | signals=0 | elapsed_s=0.079
2026-04-06 02:24:08 | symbol_done | idx=80 | total=120 | symbol=B3USDT | status=skip | reason=no_latest_setup | signals=0 | elapsed_s=0.085
2026-04-06 02:24:08 | symbol_done | idx=81 | total=120 | symbol=BABYUSDT | status=skip | reason=no_latest_setup | signals=0 | elapsed_s=0.073
2026-04-06 02:24:08 | symbol_done | idx=82 | total=120 | symbol=BANANAS31USDT | status=skip | reason=no_latest_setup | signals=0 | elapsed_s=0.072
2026-04-06 02:24:08 | symbol_done | idx=83 | total=120 | symbol=BANANAUSDT | status=skip | reason=no_latest_setup | signals=0 | elapsed_s=0.070
2026-04-06 02:24:08 | symbol_done | idx=84 | total=120 | symbol=BANDUSDT | status=skip | reason=no_latest_setup | signals=0 | elapsed_s=0.079
2026-04-06 02:24:08 | symbol_done | idx=85 | total=120 | symbol=BANKUSDT | status=skip | reason=no_latest_setup | signals=0 | elapsed_s=0.083
2026-04-06 02:24:08 | symbol_done | idx=86 | total=120 | symbol=BANUSDT | status=skip | reason=no_latest_setup | signals=0 | elapsed_s=0.071
2026-04-06 02:24:08 | symbol_done | idx=87 | total=120 | symbol=BARDUSDT | status=skip | reason=no_latest_setup | signals=0 | elapsed_s=0.081
2026-04-06 02:24:08 | symbol_done | idx=88 | total=120 | symbol=BASEDUSDT | status=skip | reason=insufficient_history | signals=0 | elapsed_s=0.029
2026-04-06 02:24:08 | symbol_done | idx=89 | total=120 | symbol=BASUSDT | status=skip | reason=no_latest_setup | signals=0 | elapsed_s=0.067
2026-04-06 02:24:09 | symbol_done | idx=90 | total=120 | symbol=BATUSDT | status=skip | reason=no_latest_setup | signals=0 | elapsed_s=0.068
2026-04-06 02:24:09 | symbol_done | idx=91 | total=120 | symbol=BBUSDT | status=skip | reason=no_latest_setup | signals=0 | elapsed_s=0.064
2026-04-06 02:24:09 | symbol_done | idx=92 | total=120 | symbol=BCHUSDT | status=skip | reason=no_latest_setup | signals=0 | elapsed_s=0.075
2026-04-06 02:24:09 | symbol_done | idx=93 | total=120 | symbol=BDXNUSDT | status=skip | reason=no_latest_setup | signals=0 | elapsed_s=0.063
2026-04-06 02:24:09 | symbol_done | idx=94 | total=120 | symbol=BEAMXUSDT | status=skip | reason=no_latest_setup | signals=0 | elapsed_s=0.082
2026-04-06 02:24:09 | symbol_done | idx=95 | total=120 | symbol=BEATUSDT | status=skip | reason=no_latest_setup | signals=0 | elapsed_s=0.064
2026-04-06 02:24:09 | symbol_done | idx=96 | total=120 | symbol=BELUSDT | status=skip | reason=no_latest_setup | signals=0 | elapsed_s=0.079
2026-04-06 02:24:09 | symbol_done | idx=97 | total=120 | symbol=BERAUSDT | status=skip | reason=no_latest_setup | signals=0 | elapsed_s=0.075
2026-04-06 02:24:09 | symbol_done | idx=98 | total=120 | symbol=BICOUSDT | status=skip | reason=no_latest_setup | signals=0 | elapsed_s=0.069
2026-04-06 02:24:09 | symbol_done | idx=99 | total=120 | symbol=BIDUSDT | status=skip | reason=no_latest_setup | signals=0 | elapsed_s=0.067
2026-04-06 02:24:09 | symbol_done | idx=100 | total=120 | symbol=BIGTIMEUSDT | status=skip | reason=no_latest_setup | signals=0 | elapsed_s=0.071
2026-04-06 02:24:09 | symbol_done | idx=101 | total=120 | symbol=BIOUSDT | status=skip | reason=no_latest_setup | signals=0 | elapsed_s=0.077
2026-04-06 02:24:09 | symbol_done | idx=102 | total=120 | symbol=BIRBUSDT | status=skip | reason=no_latest_setup | signals=0 | elapsed_s=0.074
2026-04-06 02:24:09 | symbol_done | idx=103 | total=120 | symbol=BLESSUSDT | status=skip | reason=no_latest_setup | signals=0 | elapsed_s=0.069
2026-04-06 02:24:10 | symbol_done | idx=104 | total=120 | symbol=BLUAIUSDT | status=skip | reason=no_latest_setup | signals=0 | elapsed_s=0.074
2026-04-06 02:24:10 | symbol_done | idx=105 | total=120 | symbol=BLURUSDT | status=skip | reason=no_latest_setup | signals=0 | elapsed_s=0.170
2026-04-06 02:24:10 | symbol_done | idx=106 | total=120 | symbol=BMTUSDT | status=skip | reason=no_latest_setup | signals=0 | elapsed_s=0.089
2026-04-06 02:24:10 | symbol_done | idx=107 | total=120 | symbol=BNBUSDT | status=skip | reason=no_latest_setup | signals=0 | elapsed_s=0.073
2026-04-06 02:24:10 | symbol_done | idx=108 | total=120 | symbol=BNTUSDT | status=skip | reason=no_latest_setup | signals=0 | elapsed_s=0.081
2026-04-06 02:24:10 | symbol_done | idx=109 | total=120 | symbol=BOBUSDT | status=skip | reason=no_latest_setup | signals=0 | elapsed_s=0.069
2026-04-06 02:24:10 | symbol_done | idx=110 | total=120 | symbol=BOMEUSDT | status=skip | reason=no_latest_setup | signals=0 | elapsed_s=0.065
2026-04-06 02:24:10 | symbol_done | idx=111 | total=120 | symbol=BRETTUSDT | status=skip | reason=no_latest_setup | signals=0 | elapsed_s=0.079
2026-04-06 02:24:10 | symbol_done | idx=112 | total=120 | symbol=BREVUSDT | status=skip | reason=no_latest_setup | signals=0 | elapsed_s=0.067
2026-04-06 02:24:10 | symbol_done | idx=113 | total=120 | symbol=BROCCOLI714USDT | status=skip | reason=no_latest_setup | signals=0 | elapsed_s=0.092
2026-04-06 02:24:10 | symbol_done | idx=114 | total=120 | symbol=BROCCOLIF3BUSDT | status=skip | reason=no_latest_setup | signals=0 | elapsed_s=0.081
2026-04-06 02:24:10 | symbol_done | idx=115 | total=120 | symbol=BRUSDT | status=skip | reason=no_latest_setup | signals=0 | elapsed_s=0.086
2026-04-06 02:24:11 | symbol_done | idx=116 | total=120 | symbol=BSBUSDT | status=skip | reason=insufficient_history | signals=0 | elapsed_s=0.033
2026-04-06 02:24:11 | symbol_done | idx=117 | total=120 | symbol=BSVUSDT | status=skip | reason=no_latest_setup | signals=0 | elapsed_s=0.074
2026-04-06 02:24:11 | symbol_done | idx=118 | total=120 | symbol=BTC-260327USDT | status=skip | reason=insufficient_history | signals=0 | elapsed_s=0.002
2026-04-06 02:24:11 | symbol_done | idx=119 | total=120 | symbol=BTCDOMUSDT | status=skip | reason=no_setup | signals=0 | elapsed_s=0.067
2026-04-06 02:24:11 | symbol_done | idx=120 | total=120 | symbol=BTCUSDT | status=skip | reason=no_latest_setup | signals=0 | elapsed_s=0.091
2026-04-06 02:24:11 | symbol_done | idx=5 | total=120 | symbol=1000CATUSDT | status=ok | reason=signal_emitted | signals=1 | elapsed_s=8.619
2026-04-06 02:24:11 | symbol_done | idx=42 | total=120 | symbol=ALGOUSDT | status=ok | reason=signal_emitted | signals=1 | elapsed_s=5.998
2026-04-06 02:24:11 | scan_end | timeframe=1h | symbols=120 | total_signals=2 | elapsed_s=8.840 | log_file=D:\Code\Projects\self-projects\macd-overlay - Copy\output\scanner_debug_recent.log
2026-04-06 02:24:11 | scan_start | timeframe=1h | symbols=120 | lookback_days=450 | batch_predict=True
2026-04-06 02:24:11 | symbol_done | idx=1 | total=120 | symbol=0GUSDT | status=skip | reason=no_latest_setup | signals=0 | elapsed_s=0.057
2026-04-06 02:24:11 | symbol_done | idx=2 | total=120 | symbol=1000000BOBUSDT | status=skip | reason=no_latest_setup | signals=0 | elapsed_s=0.072
2026-04-06 02:24:11 | symbol_done | idx=3 | total=120 | symbol=1000000MOGUSDT | status=skip | reason=no_latest_setup | signals=0 | elapsed_s=0.078
2026-04-06 02:24:11 | symbol_done | idx=4 | total=120 | symbol=1000BONKUSDT | status=skip | reason=no_latest_setup | signals=0 | elapsed_s=0.082
2026-04-06 02:24:11 | symbol_done | idx=5 | total=120 | symbol=1000CATUSDT | status=skip | reason=no_latest_setup | signals=0 | elapsed_s=0.074
2026-04-06 02:24:11 | symbol_done | idx=6 | total=120 | symbol=1000CHEEMSUSDT | status=skip | reason=no_latest_setup | signals=0 | elapsed_s=0.163
2026-04-06 02:24:11 | symbol_done | idx=7 | total=120 | symbol=1000FLOKIUSDT | status=skip | reason=no_latest_setup | signals=0 | elapsed_s=0.088
2026-04-06 02:24:12 | symbol_done | idx=8 | total=120 | symbol=1000LUNCUSDT | status=skip | reason=no_latest_setup | signals=0 | elapsed_s=0.118
2026-04-06 02:24:12 | symbol_done | idx=9 | total=120 | symbol=1000PEPEUSDT | status=skip | reason=no_latest_setup | signals=0 | elapsed_s=0.091
2026-04-06 02:24:12 | symbol_done | idx=10 | total=120 | symbol=1000RATSUSDT | status=skip | reason=no_latest_setup | signals=0 | elapsed_s=0.070
2026-04-06 02:24:12 | symbol_done | idx=11 | total=120 | symbol=1000SATSUSDT | status=skip | reason=no_latest_setup | signals=0 | elapsed_s=0.087
2026-04-06 02:24:12 | symbol_done | idx=12 | total=120 | symbol=1000SHIBUSDT | status=skip | reason=no_latest_setup | signals=0 | elapsed_s=0.078
2026-04-06 02:24:12 | symbol_done | idx=13 | total=120 | symbol=1000WHYUSDT | status=skip | reason=no_latest_setup | signals=0 | elapsed_s=0.078
2026-04-06 02:24:12 | symbol_done | idx=14 | total=120 | symbol=1000XECUSDT | status=skip | reason=no_setup | signals=0 | elapsed_s=0.134
2026-04-06 02:24:12 | symbol_done | idx=15 | total=120 | symbol=1INCHUSDT | status=skip | reason=no_latest_setup | signals=0 | elapsed_s=0.073
2026-04-06 02:24:12 | symbol_done | idx=16 | total=120 | symbol=1MBABYDOGEUSDT | status=skip | reason=no_latest_setup | signals=0 | elapsed_s=0.091
2026-04-06 02:24:12 | symbol_done | idx=18 | total=120 | symbol=42USDT | status=skip | reason=no_latest_setup | signals=0 | elapsed_s=0.074
2026-04-06 02:24:12 | symbol_done | idx=19 | total=120 | symbol=4USDT | status=skip | reason=no_latest_setup | signals=0 | elapsed_s=0.083
2026-04-06 02:24:13 | symbol_done | idx=20 | total=120 | symbol=A2ZUSDT | status=skip | reason=no_latest_setup | signals=0 | elapsed_s=0.080
2026-04-06 02:24:13 | symbol_done | idx=21 | total=120 | symbol=AAVEUSDT | status=skip | reason=no_latest_setup | signals=0 | elapsed_s=0.084
2026-04-06 02:24:13 | symbol_done | idx=22 | total=120 | symbol=ACEUSDT | status=skip | reason=no_latest_setup | signals=0 | elapsed_s=0.077
2026-04-06 02:24:13 | symbol_done | idx=23 | total=120 | symbol=ACHUSDT | status=skip | reason=no_latest_setup | signals=0 | elapsed_s=0.090
2026-04-06 02:24:13 | symbol_done | idx=24 | total=120 | symbol=ACTUSDT | status=skip | reason=no_latest_setup | signals=0 | elapsed_s=0.067
2026-04-06 02:24:13 | symbol_done | idx=25 | total=120 | symbol=ACUUSDT | status=skip | reason=no_latest_setup | signals=0 | elapsed_s=0.075
2026-04-06 02:24:13 | symbol_done | idx=26 | total=120 | symbol=ACXUSDT | status=skip | reason=no_latest_setup | signals=0 | elapsed_s=0.074
2026-04-06 02:24:13 | symbol_done | idx=27 | total=120 | symbol=ADAUSDT | status=skip | reason=no_latest_setup | signals=0 | elapsed_s=0.084
2026-04-06 02:24:13 | symbol_done | idx=28 | total=120 | symbol=AERGOUSDT | status=skip | reason=no_latest_setup | signals=0 | elapsed_s=0.062
2026-04-06 02:24:13 | symbol_done | idx=29 | total=120 | symbol=AEROUSDT | status=skip | reason=no_latest_setup | signals=0 | elapsed_s=0.064
2026-04-06 02:24:13 | symbol_done | idx=30 | total=120 | symbol=AEVOUSDT | status=skip | reason=no_latest_setup | signals=0 | elapsed_s=0.076
2026-04-06 02:24:13 | symbol_done | idx=31 | total=120 | symbol=AGLDUSDT | status=skip | reason=no_latest_setup | signals=0 | elapsed_s=0.072
2026-04-06 02:24:13 | symbol_done | idx=32 | total=120 | symbol=AGTUSDT | status=skip | reason=no_latest_setup | signals=0 | elapsed_s=0.077
2026-04-06 02:24:14 | symbol_done | idx=33 | total=120 | symbol=AIAUSDT | status=skip | reason=no_latest_setup | signals=0 | elapsed_s=0.072
2026-04-06 02:24:14 | symbol_done | idx=34 | total=120 | symbol=AINUSDT | status=skip | reason=no_latest_setup | signals=0 | elapsed_s=0.086
2026-04-06 02:24:14 | symbol_done | idx=35 | total=120 | symbol=AIOTUSDT | status=skip | reason=no_latest_setup | signals=0 | elapsed_s=0.083
2026-04-06 02:24:14 | symbol_done | idx=36 | total=120 | symbol=AIOUSDT | status=skip | reason=no_latest_setup | signals=0 | elapsed_s=0.066
2026-04-06 02:24:14 | symbol_done | idx=37 | total=120 | symbol=AIUSDT | status=skip | reason=no_latest_setup | signals=0 | elapsed_s=0.071
2026-04-06 02:24:14 | symbol_done | idx=38 | total=120 | symbol=AIXBTUSDT | status=skip | reason=no_latest_setup | signals=0 | elapsed_s=0.084
2026-04-06 02:24:14 | symbol_done | idx=39 | total=120 | symbol=AKEUSDT | status=skip | reason=no_latest_setup | signals=0 | elapsed_s=0.073
2026-04-06 02:24:14 | symbol_done | idx=40 | total=120 | symbol=AKTUSDT | status=skip | reason=no_latest_setup | signals=0 | elapsed_s=0.066
2026-04-06 02:24:14 | symbol_done | idx=41 | total=120 | symbol=ALCHUSDT | status=skip | reason=no_latest_setup | signals=0 | elapsed_s=0.076
2026-04-06 02:24:14 | symbol_done | idx=42 | total=120 | symbol=ALGOUSDT | status=skip | reason=no_latest_setup | signals=0 | elapsed_s=0.072
2026-04-06 02:24:14 | symbol_done | idx=43 | total=120 | symbol=ALICEUSDT | status=skip | reason=no_latest_setup | signals=0 | elapsed_s=0.084
2026-04-06 02:24:14 | symbol_done | idx=44 | total=120 | symbol=ALLOUSDT | status=skip | reason=no_latest_setup | signals=0 | elapsed_s=0.069
2026-04-06 02:24:14 | symbol_done | idx=45 | total=120 | symbol=ALLUSDT | status=skip | reason=no_latest_setup | signals=0 | elapsed_s=0.063
2026-04-06 02:24:15 | symbol_done | idx=46 | total=120 | symbol=ALPINEUSDT | status=skip | reason=no_setup | signals=0 | elapsed_s=0.062
2026-04-06 02:24:15 | symbol_done | idx=47 | total=120 | symbol=ALTUSDT | status=skip | reason=no_latest_setup | signals=0 | elapsed_s=0.071
2026-04-06 02:24:15 | symbol_done | idx=48 | total=120 | symbol=AMZNUSDT | status=skip | reason=no_setup | signals=0 | elapsed_s=0.070
2026-04-06 02:24:15 | symbol_done | idx=49 | total=120 | symbol=ANIMEUSDT | status=skip | reason=no_latest_setup | signals=0 | elapsed_s=0.057
2026-04-06 02:24:15 | symbol_done | idx=50 | total=120 | symbol=ANKRUSDT | status=skip | reason=no_latest_setup | signals=0 | elapsed_s=0.051
2026-04-06 02:24:15 | symbol_done | idx=51 | total=120 | symbol=APEUSDT | status=skip | reason=no_latest_setup | signals=0 | elapsed_s=0.059
2026-04-06 02:24:15 | symbol_done | idx=52 | total=120 | symbol=API3USDT | status=skip | reason=no_latest_setup | signals=0 | elapsed_s=0.090
2026-04-06 02:24:15 | symbol_done | idx=53 | total=120 | symbol=APRUSDT | status=skip | reason=no_latest_setup | signals=0 | elapsed_s=0.072
2026-04-06 02:24:15 | symbol_done | idx=54 | total=120 | symbol=APTUSDT | status=skip | reason=no_latest_setup | signals=0 | elapsed_s=0.056
2026-04-06 02:24:15 | symbol_done | idx=55 | total=120 | symbol=ARBUSDT | status=skip | reason=no_latest_setup | signals=0 | elapsed_s=0.059
2026-04-06 02:24:15 | symbol_done | idx=56 | total=120 | symbol=ARCUSDT | status=skip | reason=no_latest_setup | signals=0 | elapsed_s=0.076
2026-04-06 02:24:15 | symbol_done | idx=57 | total=120 | symbol=ARIAUSDT | status=skip | reason=no_latest_setup | signals=0 | elapsed_s=0.076
2026-04-06 02:24:15 | symbol_done | idx=58 | total=120 | symbol=ARKMUSDT | status=skip | reason=no_latest_setup | signals=0 | elapsed_s=0.074
2026-04-06 02:24:15 | symbol_done | idx=59 | total=120 | symbol=ARKUSDT | status=skip | reason=no_latest_setup | signals=0 | elapsed_s=0.080
2026-04-06 02:24:15 | symbol_done | idx=60 | total=120 | symbol=ARPAUSDT | status=skip | reason=no_latest_setup | signals=0 | elapsed_s=0.067
2026-04-06 02:24:16 | symbol_done | idx=61 | total=120 | symbol=ARUSDT | status=skip | reason=no_latest_setup | signals=0 | elapsed_s=0.061
2026-04-06 02:24:16 | symbol_done | idx=62 | total=120 | symbol=ASRUSDT | status=skip | reason=no_setup | signals=0 | elapsed_s=0.062
2026-04-06 02:24:16 | symbol_done | idx=63 | total=120 | symbol=ASTERUSDT | status=skip | reason=no_latest_setup | signals=0 | elapsed_s=0.077
2026-04-06 02:24:16 | symbol_done | idx=64 | total=120 | symbol=ASTRUSDT | status=skip | reason=no_latest_setup | signals=0 | elapsed_s=0.087
2026-04-06 02:24:16 | symbol_done | idx=65 | total=120 | symbol=ATAUSDT | status=skip | reason=no_latest_setup | signals=0 | elapsed_s=0.070
2026-04-06 02:24:16 | symbol_done | idx=66 | total=120 | symbol=ATHUSDT | status=skip | reason=no_latest_setup | signals=0 | elapsed_s=0.072
2026-04-06 02:24:16 | symbol_done | idx=67 | total=120 | symbol=ATOMUSDT | status=skip | reason=no_latest_setup | signals=0 | elapsed_s=0.062
2026-04-06 02:24:16 | symbol_done | idx=68 | total=120 | symbol=ATUSDT | status=skip | reason=no_latest_setup | signals=0 | elapsed_s=0.072
2026-04-06 02:24:16 | symbol_done | idx=69 | total=120 | symbol=AUCTIONUSDT | status=skip | reason=no_latest_setup | signals=0 | elapsed_s=0.077
2026-04-06 02:24:16 | symbol_done | idx=70 | total=120 | symbol=AUSDT | status=skip | reason=no_latest_setup | signals=0 | elapsed_s=0.071
2026-04-06 02:24:16 | symbol_done | idx=71 | total=120 | symbol=AVAAIUSDT | status=skip | reason=no_latest_setup | signals=0 | elapsed_s=0.078
2026-04-06 02:24:16 | symbol_done | idx=72 | total=120 | symbol=AVAUSDT | status=skip | reason=no_latest_setup | signals=0 | elapsed_s=0.083
2026-04-06 02:24:16 | symbol_done | idx=73 | total=120 | symbol=AVAXUSDT | status=skip | reason=no_latest_setup | signals=0 | elapsed_s=0.067
2026-04-06 02:24:17 | symbol_done | idx=74 | total=120 | symbol=AVNTUSDT | status=skip | reason=no_latest_setup | signals=0 | elapsed_s=0.076
2026-04-06 02:24:17 | symbol_done | idx=75 | total=120 | symbol=AWEUSDT | status=skip | reason=no_latest_setup | signals=0 | elapsed_s=0.082
2026-04-06 02:24:17 | symbol_done | idx=76 | total=120 | symbol=AXLUSDT | status=skip | reason=no_latest_setup | signals=0 | elapsed_s=0.091
2026-04-06 02:24:17 | symbol_done | idx=77 | total=120 | symbol=AXSUSDT | status=skip | reason=no_latest_setup | signals=0 | elapsed_s=0.080
2026-04-06 02:24:17 | symbol_done | idx=78 | total=120 | symbol=AZTECUSDT | status=skip | reason=no_latest_setup | signals=0 | elapsed_s=0.065
2026-04-06 02:24:17 | symbol_done | idx=79 | total=120 | symbol=B2USDT | status=skip | reason=no_latest_setup | signals=0 | elapsed_s=0.069
2026-04-06 02:24:17 | symbol_done | idx=80 | total=120 | symbol=B3USDT | status=skip | reason=no_latest_setup | signals=0 | elapsed_s=0.078
2026-04-06 02:24:17 | symbol_done | idx=81 | total=120 | symbol=BABYUSDT | status=skip | reason=no_latest_setup | signals=0 | elapsed_s=0.078
2026-04-06 02:24:17 | symbol_done | idx=82 | total=120 | symbol=BANANAS31USDT | status=skip | reason=no_latest_setup | signals=0 | elapsed_s=0.081
2026-04-06 02:24:17 | symbol_done | idx=83 | total=120 | symbol=BANANAUSDT | status=skip | reason=no_latest_setup | signals=0 | elapsed_s=0.068
2026-04-06 02:24:17 | symbol_done | idx=84 | total=120 | symbol=BANDUSDT | status=skip | reason=no_latest_setup | signals=0 | elapsed_s=0.080
2026-04-06 02:24:17 | symbol_done | idx=85 | total=120 | symbol=BANKUSDT | status=skip | reason=no_latest_setup | signals=0 | elapsed_s=0.084
2026-04-06 02:24:17 | symbol_done | idx=86 | total=120 | symbol=BANUSDT | status=skip | reason=no_latest_setup | signals=0 | elapsed_s=0.084
2026-04-06 02:24:18 | symbol_done | idx=87 | total=120 | symbol=BARDUSDT | status=skip | reason=no_latest_setup | signals=0 | elapsed_s=0.068
2026-04-06 02:24:18 | symbol_done | idx=88 | total=120 | symbol=BASEDUSDT | status=skip | reason=insufficient_history | signals=0 | elapsed_s=0.050
2026-04-06 02:24:18 | symbol_done | idx=89 | total=120 | symbol=BASUSDT | status=skip | reason=no_latest_setup | signals=0 | elapsed_s=0.082
2026-04-06 02:24:18 | symbol_done | idx=90 | total=120 | symbol=BATUSDT | status=skip | reason=no_latest_setup | signals=0 | elapsed_s=0.090
2026-04-06 02:24:18 | symbol_done | idx=91 | total=120 | symbol=BBUSDT | status=skip | reason=no_latest_setup | signals=0 | elapsed_s=0.088
2026-04-06 02:24:18 | symbol_done | idx=92 | total=120 | symbol=BCHUSDT | status=skip | reason=no_latest_setup | signals=0 | elapsed_s=0.085
2026-04-06 02:24:18 | symbol_done | idx=93 | total=120 | symbol=BDXNUSDT | status=skip | reason=no_latest_setup | signals=0 | elapsed_s=0.072
2026-04-06 02:24:18 | symbol_done | idx=94 | total=120 | symbol=BEAMXUSDT | status=skip | reason=no_latest_setup | signals=0 | elapsed_s=0.074
2026-04-06 02:24:18 | symbol_done | idx=95 | total=120 | symbol=BEATUSDT | status=skip | reason=no_latest_setup | signals=0 | elapsed_s=0.072
2026-04-06 02:24:18 | symbol_done | idx=96 | total=120 | symbol=BELUSDT | status=skip | reason=no_latest_setup | signals=0 | elapsed_s=0.089
2026-04-06 02:24:18 | symbol_done | idx=97 | total=120 | symbol=BERAUSDT | status=skip | reason=no_latest_setup | signals=0 | elapsed_s=0.081
2026-04-06 02:24:18 | symbol_done | idx=98 | total=120 | symbol=BICOUSDT | status=skip | reason=no_latest_setup | signals=0 | elapsed_s=0.068
2026-04-06 02:24:18 | symbol_done | idx=99 | total=120 | symbol=BIDUSDT | status=skip | reason=no_latest_setup | signals=0 | elapsed_s=0.074
2026-04-06 02:24:19 | symbol_done | idx=100 | total=120 | symbol=BIGTIMEUSDT | status=skip | reason=no_latest_setup | signals=0 | elapsed_s=0.215
2026-04-06 02:24:19 | symbol_done | idx=101 | total=120 | symbol=BIOUSDT | status=skip | reason=no_latest_setup | signals=0 | elapsed_s=0.118
2026-04-06 02:24:19 | symbol_done | idx=102 | total=120 | symbol=BIRBUSDT | status=skip | reason=no_latest_setup | signals=0 | elapsed_s=0.101
2026-04-06 02:24:19 | symbol_done | idx=103 | total=120 | symbol=BLESSUSDT | status=skip | reason=no_latest_setup | signals=0 | elapsed_s=0.076
2026-04-06 02:24:19 | symbol_done | idx=104 | total=120 | symbol=BLUAIUSDT | status=skip | reason=no_latest_setup | signals=0 | elapsed_s=0.092
2026-04-06 02:24:19 | symbol_done | idx=105 | total=120 | symbol=BLURUSDT | status=skip | reason=no_latest_setup | signals=0 | elapsed_s=0.104
2026-04-06 02:24:19 | symbol_done | idx=106 | total=120 | symbol=BMTUSDT | status=skip | reason=no_latest_setup | signals=0 | elapsed_s=0.082
2026-04-06 02:24:19 | symbol_done | idx=107 | total=120 | symbol=BNBUSDT | status=skip | reason=no_latest_setup | signals=0 | elapsed_s=0.105
2026-04-06 02:24:19 | symbol_done | idx=108 | total=120 | symbol=BNTUSDT | status=skip | reason=no_latest_setup | signals=0 | elapsed_s=0.085
2026-04-06 02:24:20 | symbol_done | idx=109 | total=120 | symbol=BOBUSDT | status=skip | reason=no_latest_setup | signals=0 | elapsed_s=0.070
2026-04-06 02:24:20 | symbol_done | idx=110 | total=120 | symbol=BOMEUSDT | status=skip | reason=no_latest_setup | signals=0 | elapsed_s=0.079
2026-04-06 02:24:20 | symbol_done | idx=111 | total=120 | symbol=BRETTUSDT | status=skip | reason=no_latest_setup | signals=0 | elapsed_s=0.087
2026-04-06 02:24:20 | symbol_done | idx=112 | total=120 | symbol=BREVUSDT | status=skip | reason=no_latest_setup | signals=0 | elapsed_s=0.071
2026-04-06 02:24:20 | symbol_done | idx=113 | total=120 | symbol=BROCCOLI714USDT | status=skip | reason=no_latest_setup | signals=0 | elapsed_s=0.074
2026-04-06 02:24:20 | symbol_done | idx=114 | total=120 | symbol=BROCCOLIF3BUSDT | status=skip | reason=no_latest_setup | signals=0 | elapsed_s=0.062
2026-04-06 02:24:20 | symbol_done | idx=115 | total=120 | symbol=BRUSDT | status=skip | reason=no_latest_setup | signals=0 | elapsed_s=0.059
2026-04-06 02:24:20 | symbol_done | idx=116 | total=120 | symbol=BSBUSDT | status=skip | reason=insufficient_history | signals=0 | elapsed_s=0.038
2026-04-06 02:24:20 | symbol_done | idx=117 | total=120 | symbol=BSVUSDT | status=skip | reason=no_latest_setup | signals=0 | elapsed_s=0.065
2026-04-06 02:24:20 | symbol_done | idx=118 | total=120 | symbol=BTC-260327USDT | status=skip | reason=insufficient_history | signals=0 | elapsed_s=0.001
2026-04-06 02:24:20 | symbol_done | idx=119 | total=120 | symbol=BTCDOMUSDT | status=skip | reason=no_setup | signals=0 | elapsed_s=0.066
2026-04-06 02:24:20 | symbol_done | idx=120 | total=120 | symbol=BTCUSDT | status=skip | reason=no_latest_setup | signals=0 | elapsed_s=0.086
2026-04-06 02:24:20 | symbol_done | idx=17 | total=120 | symbol=2ZUSDT | status=ok | reason=below_threshold | signals=0 | elapsed_s=8.039
2026-04-06 02:24:20 | scan_end | timeframe=1h | symbols=120 | total_signals=0 | elapsed_s=9.493 | log_file=D:\Code\Projects\self-projects\macd-overlay - Copy\output\scanner_debug_recent.log
2026-04-06 02:24:20 | scan_start | timeframe=1h | symbols=120 | lookback_days=450 | batch_predict=True
2026-04-06 02:24:20 | symbol_done | idx=1 | total=120 | symbol=0GUSDT | status=skip | reason=no_latest_setup | signals=0 | elapsed_s=0.072
2026-04-06 02:24:20 | symbol_done | idx=2 | total=120 | symbol=1000000BOBUSDT | status=skip | reason=no_latest_setup | signals=0 | elapsed_s=0.073
2026-04-06 02:24:21 | symbol_done | idx=3 | total=120 | symbol=1000000MOGUSDT | status=skip | reason=no_latest_setup | signals=0 | elapsed_s=0.068
2026-04-06 02:24:21 | symbol_done | idx=4 | total=120 | symbol=1000BONKUSDT | status=skip | reason=no_latest_setup | signals=0 | elapsed_s=0.082
2026-04-06 02:24:21 | symbol_done | idx=5 | total=120 | symbol=1000CATUSDT | status=skip | reason=no_latest_setup | signals=0 | elapsed_s=0.071
2026-04-06 02:24:21 | symbol_done | idx=6 | total=120 | symbol=1000CHEEMSUSDT | status=skip | reason=no_latest_setup | signals=0 | elapsed_s=0.073
2026-04-06 02:24:21 | symbol_done | idx=7 | total=120 | symbol=1000FLOKIUSDT | status=skip | reason=no_latest_setup | signals=0 | elapsed_s=0.068
2026-04-06 02:24:21 | symbol_done | idx=8 | total=120 | symbol=1000LUNCUSDT | status=skip | reason=no_latest_setup | signals=0 | elapsed_s=0.068
2026-04-06 02:24:21 | symbol_done | idx=9 | total=120 | symbol=1000PEPEUSDT | status=skip | reason=no_latest_setup | signals=0 | elapsed_s=0.088
2026-04-06 02:24:21 | symbol_done | idx=10 | total=120 | symbol=1000RATSUSDT | status=skip | reason=no_latest_setup | signals=0 | elapsed_s=0.067
2026-04-06 02:24:21 | symbol_done | idx=11 | total=120 | symbol=1000SATSUSDT | status=skip | reason=no_latest_setup | signals=0 | elapsed_s=0.068
2026-04-06 02:24:21 | symbol_done | idx=12 | total=120 | symbol=1000SHIBUSDT | status=skip | reason=no_latest_setup | signals=0 | elapsed_s=0.073
2026-04-06 02:24:21 | symbol_done | idx=13 | total=120 | symbol=1000WHYUSDT | status=skip | reason=no_latest_setup | signals=0 | elapsed_s=0.054
2026-04-06 02:24:21 | symbol_done | idx=14 | total=120 | symbol=1000XECUSDT | status=skip | reason=no_setup | signals=0 | elapsed_s=0.061
2026-04-06 02:24:21 | symbol_done | idx=15 | total=120 | symbol=1INCHUSDT | status=skip | reason=no_latest_setup | signals=0 | elapsed_s=0.074
2026-04-06 02:24:21 | symbol_done | idx=16 | total=120 | symbol=1MBABYDOGEUSDT | status=skip | reason=no_latest_setup | signals=0 | elapsed_s=0.074
2026-04-06 02:24:22 | symbol_done | idx=17 | total=120 | symbol=2ZUSDT | status=skip | reason=no_latest_setup | signals=0 | elapsed_s=0.079
2026-04-06 02:24:22 | symbol_done | idx=18 | total=120 | symbol=42USDT | status=skip | reason=no_latest_setup | signals=0 | elapsed_s=0.073
2026-04-06 02:24:22 | symbol_done | idx=19 | total=120 | symbol=4USDT | status=skip | reason=no_latest_setup | signals=0 | elapsed_s=0.060
2026-04-06 02:24:22 | symbol_done | idx=20 | total=120 | symbol=A2ZUSDT | status=skip | reason=no_latest_setup | signals=0 | elapsed_s=0.070
2026-04-06 02:24:22 | symbol_done | idx=21 | total=120 | symbol=AAVEUSDT | status=skip | reason=no_latest_setup | signals=0 | elapsed_s=0.086
2026-04-06 02:24:22 | symbol_done | idx=22 | total=120 | symbol=ACEUSDT | status=skip | reason=no_latest_setup | signals=0 | elapsed_s=0.110
2026-04-06 02:24:22 | symbol_done | idx=23 | total=120 | symbol=ACHUSDT | status=skip | reason=no_latest_setup | signals=0 | elapsed_s=0.101
2026-04-06 02:24:22 | symbol_done | idx=24 | total=120 | symbol=ACTUSDT | status=skip | reason=no_latest_setup | signals=0 | elapsed_s=0.066
2026-04-06 02:24:22 | symbol_done | idx=25 | total=120 | symbol=ACUUSDT | status=skip | reason=no_latest_setup | signals=0 | elapsed_s=0.075
2026-04-06 02:24:22 | symbol_done | idx=26 | total=120 | symbol=ACXUSDT | status=skip | reason=no_latest_setup | signals=0 | elapsed_s=0.070
2026-04-06 02:24:22 | symbol_done | idx=27 | total=120 | symbol=ADAUSDT | status=skip | reason=no_latest_setup | signals=0 | elapsed_s=0.071
2026-04-06 02:24:22 | symbol_done | idx=28 | total=120 | symbol=AERGOUSDT | status=skip | reason=no_latest_setup | signals=0 | elapsed_s=0.073
2026-04-06 02:24:22 | symbol_done | idx=29 | total=120 | symbol=AEROUSDT | status=skip | reason=no_latest_setup | signals=0 | elapsed_s=0.074
2026-04-06 02:24:23 | symbol_done | idx=30 | total=120 | symbol=AEVOUSDT | status=skip | reason=no_latest_setup | signals=0 | elapsed_s=0.062
2026-04-06 02:24:23 | symbol_done | idx=31 | total=120 | symbol=AGLDUSDT | status=skip | reason=no_latest_setup | signals=0 | elapsed_s=0.063
2026-04-06 02:24:23 | symbol_done | idx=32 | total=120 | symbol=AGTUSDT | status=skip | reason=no_latest_setup | signals=0 | elapsed_s=0.061
2026-04-06 02:24:23 | symbol_done | idx=33 | total=120 | symbol=AIAUSDT | status=skip | reason=no_latest_setup | signals=0 | elapsed_s=0.078
2026-04-06 02:24:23 | symbol_done | idx=34 | total=120 | symbol=AINUSDT | status=skip | reason=no_latest_setup | signals=0 | elapsed_s=0.084
2026-04-06 02:24:23 | symbol_done | idx=35 | total=120 | symbol=AIOTUSDT | status=skip | reason=no_latest_setup | signals=0 | elapsed_s=0.065
2026-04-06 02:24:23 | symbol_done | idx=36 | total=120 | symbol=AIOUSDT | status=skip | reason=no_latest_setup | signals=0 | elapsed_s=0.064
2026-04-06 02:24:23 | symbol_done | idx=37 | total=120 | symbol=AIUSDT | status=skip | reason=no_latest_setup | signals=0 | elapsed_s=0.074
2026-04-06 02:24:23 | symbol_done | idx=38 | total=120 | symbol=AIXBTUSDT | status=skip | reason=no_latest_setup | signals=0 | elapsed_s=0.075
2026-04-06 02:24:23 | symbol_done | idx=39 | total=120 | symbol=AKEUSDT | status=skip | reason=no_latest_setup | signals=0 | elapsed_s=0.069
2026-04-06 02:24:23 | symbol_done | idx=40 | total=120 | symbol=AKTUSDT | status=skip | reason=no_latest_setup | signals=0 | elapsed_s=0.077
2026-04-06 02:24:23 | symbol_done | idx=41 | total=120 | symbol=ALCHUSDT | status=skip | reason=no_latest_setup | signals=0 | elapsed_s=0.077
2026-04-06 02:24:23 | symbol_done | idx=42 | total=120 | symbol=ALGOUSDT | status=skip | reason=no_latest_setup | signals=0 | elapsed_s=0.075
2026-04-06 02:24:23 | symbol_done | idx=43 | total=120 | symbol=ALICEUSDT | status=skip | reason=no_latest_setup | signals=0 | elapsed_s=0.066
2026-04-06 02:24:24 | symbol_done | idx=44 | total=120 | symbol=ALLOUSDT | status=skip | reason=no_latest_setup | signals=0 | elapsed_s=0.077
2026-04-06 02:24:24 | symbol_done | idx=45 | total=120 | symbol=ALLUSDT | status=skip | reason=no_latest_setup | signals=0 | elapsed_s=0.085
2026-04-06 02:24:24 | symbol_done | idx=46 | total=120 | symbol=ALPINEUSDT | status=skip | reason=no_setup | signals=0 | elapsed_s=0.064
2026-04-06 02:24:24 | symbol_done | idx=47 | total=120 | symbol=ALTUSDT | status=skip | reason=no_latest_setup | signals=0 | elapsed_s=0.073
2026-04-06 02:24:24 | symbol_done | idx=48 | total=120 | symbol=AMZNUSDT | status=skip | reason=no_setup | signals=0 | elapsed_s=0.059
2026-04-06 02:24:24 | symbol_done | idx=49 | total=120 | symbol=ANIMEUSDT | status=skip | reason=no_latest_setup | signals=0 | elapsed_s=0.069
2026-04-06 02:24:24 | symbol_done | idx=50 | total=120 | symbol=ANKRUSDT | status=skip | reason=no_latest_setup | signals=0 | elapsed_s=0.086
2026-04-06 02:24:24 | symbol_done | idx=51 | total=120 | symbol=APEUSDT | status=skip | reason=no_latest_setup | signals=0 | elapsed_s=0.081
2026-04-06 02:24:24 | symbol_done | idx=52 | total=120 | symbol=API3USDT | status=skip | reason=no_latest_setup | signals=0 | elapsed_s=0.063
2026-04-06 02:24:24 | symbol_done | idx=53 | total=120 | symbol=APRUSDT | status=skip | reason=no_latest_setup | signals=0 | elapsed_s=0.065
2026-04-06 02:24:24 | symbol_done | idx=54 | total=120 | symbol=APTUSDT | status=skip | reason=no_latest_setup | signals=0 | elapsed_s=0.076
2026-04-06 02:24:24 | symbol_done | idx=55 | total=120 | symbol=ARBUSDT | status=skip | reason=no_latest_setup | signals=0 | elapsed_s=0.070
2026-04-06 02:24:24 | symbol_done | idx=56 | total=120 | symbol=ARCUSDT | status=skip | reason=no_latest_setup | signals=0 | elapsed_s=0.064
2026-04-06 02:24:24 | symbol_done | idx=57 | total=120 | symbol=ARIAUSDT | status=skip | reason=no_latest_setup | signals=0 | elapsed_s=0.081
2026-04-06 02:24:25 | symbol_done | idx=58 | total=120 | symbol=ARKMUSDT | status=skip | reason=no_latest_setup | signals=0 | elapsed_s=0.067
2026-04-06 02:24:25 | symbol_done | idx=59 | total=120 | symbol=ARKUSDT | status=skip | reason=no_latest_setup | signals=0 | elapsed_s=0.083
2026-04-06 02:24:25 | symbol_done | idx=60 | total=120 | symbol=ARPAUSDT | status=skip | reason=no_latest_setup | signals=0 | elapsed_s=0.080
2026-04-06 02:24:25 | symbol_done | idx=61 | total=120 | symbol=ARUSDT | status=skip | reason=no_latest_setup | signals=0 | elapsed_s=0.073
2026-04-06 02:24:25 | symbol_done | idx=62 | total=120 | symbol=ASRUSDT | status=skip | reason=no_setup | signals=0 | elapsed_s=0.067
2026-04-06 02:24:25 | symbol_done | idx=63 | total=120 | symbol=ASTERUSDT | status=skip | reason=no_latest_setup | signals=0 | elapsed_s=0.078
2026-04-06 02:24:25 | symbol_done | idx=64 | total=120 | symbol=ASTRUSDT | status=skip | reason=no_latest_setup | signals=0 | elapsed_s=0.085
2026-04-06 02:24:25 | symbol_done | idx=65 | total=120 | symbol=ATAUSDT | status=skip | reason=no_latest_setup | signals=0 | elapsed_s=0.088
2026-04-06 02:24:25 | symbol_done | idx=66 | total=120 | symbol=ATHUSDT | status=skip | reason=no_latest_setup | signals=0 | elapsed_s=0.090
2026-04-06 02:24:25 | symbol_done | idx=67 | total=120 | symbol=ATOMUSDT | status=skip | reason=no_latest_setup | signals=0 | elapsed_s=0.081
2026-04-06 02:24:25 | symbol_done | idx=68 | total=120 | symbol=ATUSDT | status=skip | reason=no_latest_setup | signals=0 | elapsed_s=0.081
2026-04-06 02:24:25 | symbol_done | idx=69 | total=120 | symbol=AUCTIONUSDT | status=skip | reason=no_latest_setup | signals=0 | elapsed_s=0.090
2026-04-06 02:24:26 | symbol_done | idx=70 | total=120 | symbol=AUSDT | status=skip | reason=no_latest_setup | signals=0 | elapsed_s=0.139
2026-04-06 02:24:26 | symbol_done | idx=71 | total=120 | symbol=AVAAIUSDT | status=skip | reason=no_latest_setup | signals=0 | elapsed_s=0.072
2026-04-06 02:24:26 | symbol_done | idx=72 | total=120 | symbol=AVAUSDT | status=skip | reason=no_latest_setup | signals=0 | elapsed_s=0.070
2026-04-06 02:24:26 | symbol_done | idx=73 | total=120 | symbol=AVAXUSDT | status=skip | reason=no_latest_setup | signals=0 | elapsed_s=0.069
2026-04-06 02:24:26 | symbol_done | idx=74 | total=120 | symbol=AVNTUSDT | status=skip | reason=no_latest_setup | signals=0 | elapsed_s=0.098
2026-04-06 02:24:26 | symbol_done | idx=75 | total=120 | symbol=AWEUSDT | status=skip | reason=no_latest_setup | signals=0 | elapsed_s=0.075
2026-04-06 02:24:26 | symbol_done | idx=76 | total=120 | symbol=AXLUSDT | status=skip | reason=no_latest_setup | signals=0 | elapsed_s=0.049
2026-04-06 02:24:26 | symbol_done | idx=77 | total=120 | symbol=AXSUSDT | status=skip | reason=no_latest_setup | signals=0 | elapsed_s=0.035
2026-04-06 02:24:26 | symbol_done | idx=78 | total=120 | symbol=AZTECUSDT | status=skip | reason=no_latest_setup | signals=0 | elapsed_s=0.047
2026-04-06 02:24:26 | symbol_done | idx=79 | total=120 | symbol=B2USDT | status=skip | reason=no_latest_setup | signals=0 | elapsed_s=0.045
2026-04-06 02:24:26 | symbol_done | idx=80 | total=120 | symbol=B3USDT | status=skip | reason=no_latest_setup | signals=0 | elapsed_s=0.043
2026-04-06 02:24:26 | symbol_done | idx=81 | total=120 | symbol=BABYUSDT | status=skip | reason=no_latest_setup | signals=0 | elapsed_s=0.039
2026-04-06 02:24:26 | symbol_done | idx=82 | total=120 | symbol=BANANAS31USDT | status=skip | reason=no_latest_setup | signals=0 | elapsed_s=0.039
2026-04-06 02:24:26 | symbol_done | idx=83 | total=120 | symbol=BANANAUSDT | status=skip | reason=no_latest_setup | signals=0 | elapsed_s=0.046
2026-04-06 02:24:26 | symbol_done | idx=84 | total=120 | symbol=BANDUSDT | status=skip | reason=no_latest_setup | signals=0 | elapsed_s=0.049
2026-04-06 02:24:26 | symbol_done | idx=85 | total=120 | symbol=BANKUSDT | status=skip | reason=no_latest_setup | signals=0 | elapsed_s=0.049
2026-04-06 02:24:26 | symbol_done | idx=86 | total=120 | symbol=BANUSDT | status=skip | reason=no_latest_setup | signals=0 | elapsed_s=0.046
2026-04-06 02:24:27 | symbol_done | idx=87 | total=120 | symbol=BARDUSDT | status=skip | reason=no_latest_setup | signals=0 | elapsed_s=0.037
2026-04-06 02:24:27 | symbol_done | idx=88 | total=120 | symbol=BASEDUSDT | status=skip | reason=insufficient_history | signals=0 | elapsed_s=0.021
2026-04-06 02:24:27 | symbol_done | idx=89 | total=120 | symbol=BASUSDT | status=skip | reason=no_latest_setup | signals=0 | elapsed_s=0.032
2026-04-06 02:24:27 | symbol_done | idx=90 | total=120 | symbol=BATUSDT | status=skip | reason=no_latest_setup | signals=0 | elapsed_s=0.053
2026-04-06 02:24:27 | symbol_done | idx=91 | total=120 | symbol=BBUSDT | status=skip | reason=no_latest_setup | signals=0 | elapsed_s=0.033
2026-04-06 02:24:27 | symbol_done | idx=92 | total=120 | symbol=BCHUSDT | status=skip | reason=no_latest_setup | signals=0 | elapsed_s=0.041
2026-04-06 02:24:27 | symbol_done | idx=93 | total=120 | symbol=BDXNUSDT | status=skip | reason=no_latest_setup | signals=0 | elapsed_s=0.048
2026-04-06 02:24:27 | symbol_done | idx=94 | total=120 | symbol=BEAMXUSDT | status=skip | reason=no_latest_setup | signals=0 | elapsed_s=0.037
2026-04-06 02:24:27 | symbol_done | idx=95 | total=120 | symbol=BEATUSDT | status=skip | reason=no_latest_setup | signals=0 | elapsed_s=0.101
2026-04-06 02:24:27 | symbol_done | idx=96 | total=120 | symbol=BELUSDT | status=skip | reason=no_latest_setup | signals=0 | elapsed_s=0.042
2026-04-06 02:24:27 | symbol_done | idx=97 | total=120 | symbol=BERAUSDT | status=skip | reason=no_latest_setup | signals=0 | elapsed_s=0.043
2026-04-06 02:24:27 | symbol_done | idx=98 | total=120 | symbol=BICOUSDT | status=skip | reason=no_latest_setup | signals=0 | elapsed_s=0.044
2026-04-06 02:24:27 | symbol_done | idx=99 | total=120 | symbol=BIDUSDT | status=skip | reason=no_latest_setup | signals=0 | elapsed_s=0.038
2026-04-06 02:24:27 | symbol_done | idx=100 | total=120 | symbol=BIGTIMEUSDT | status=skip | reason=no_latest_setup | signals=0 | elapsed_s=0.039
2026-04-06 02:24:27 | symbol_done | idx=101 | total=120 | symbol=BIOUSDT | status=skip | reason=no_latest_setup | signals=0 | elapsed_s=0.034
2026-04-06 02:24:27 | symbol_done | idx=102 | total=120 | symbol=BIRBUSDT | status=skip | reason=no_latest_setup | signals=0 | elapsed_s=0.031
2026-04-06 02:24:27 | symbol_done | idx=103 | total=120 | symbol=BLESSUSDT | status=skip | reason=no_latest_setup | signals=0 | elapsed_s=0.032
2026-04-06 02:24:27 | symbol_done | idx=104 | total=120 | symbol=BLUAIUSDT | status=skip | reason=no_latest_setup | signals=0 | elapsed_s=0.039
2026-04-06 02:24:27 | symbol_done | idx=105 | total=120 | symbol=BLURUSDT | status=skip | reason=no_latest_setup | signals=0 | elapsed_s=0.050
2026-04-06 02:24:27 | symbol_done | idx=106 | total=120 | symbol=BMTUSDT | status=skip | reason=no_latest_setup | signals=0 | elapsed_s=0.045
2026-04-06 02:24:27 | symbol_done | idx=107 | total=120 | symbol=BNBUSDT | status=skip | reason=no_latest_setup | signals=0 | elapsed_s=0.041
2026-04-06 02:24:27 | symbol_done | idx=108 | total=120 | symbol=BNTUSDT | status=skip | reason=no_latest_setup | signals=0 | elapsed_s=0.046
2026-04-06 02:24:27 | symbol_done | idx=109 | total=120 | symbol=BOBUSDT | status=skip | reason=no_latest_setup | signals=0 | elapsed_s=0.034
2026-04-06 02:24:28 | symbol_done | idx=110 | total=120 | symbol=BOMEUSDT | status=skip | reason=no_latest_setup | signals=0 | elapsed_s=0.029
2026-04-06 02:24:28 | symbol_done | idx=111 | total=120 | symbol=BRETTUSDT | status=skip | reason=no_latest_setup | signals=0 | elapsed_s=0.034
2026-04-06 02:24:28 | symbol_done | idx=112 | total=120 | symbol=BREVUSDT | status=skip | reason=no_latest_setup | signals=0 | elapsed_s=0.028
2026-04-06 02:24:28 | symbol_done | idx=113 | total=120 | symbol=BROCCOLI714USDT | status=skip | reason=no_latest_setup | signals=0 | elapsed_s=0.039
2026-04-06 02:24:28 | symbol_done | idx=114 | total=120 | symbol=BROCCOLIF3BUSDT | status=skip | reason=no_latest_setup | signals=0 | elapsed_s=0.056
2026-04-06 02:24:28 | symbol_done | idx=115 | total=120 | symbol=BRUSDT | status=skip | reason=no_latest_setup | signals=0 | elapsed_s=0.048
2026-04-06 02:24:28 | symbol_done | idx=116 | total=120 | symbol=BSBUSDT | status=skip | reason=insufficient_history | signals=0 | elapsed_s=0.023
2026-04-06 02:24:28 | symbol_done | idx=117 | total=120 | symbol=BSVUSDT | status=skip | reason=no_latest_setup | signals=0 | elapsed_s=0.050
2026-04-06 02:24:28 | symbol_done | idx=118 | total=120 | symbol=BTC-260327USDT | status=skip | reason=insufficient_history | signals=0 | elapsed_s=0.002
2026-04-06 02:24:28 | symbol_done | idx=119 | total=120 | symbol=BTCDOMUSDT | status=skip | reason=no_setup | signals=0 | elapsed_s=0.064
2026-04-06 02:24:28 | symbol_done | idx=120 | total=120 | symbol=BTCUSDT | status=skip | reason=no_latest_setup | signals=0 | elapsed_s=0.078
2026-04-06 02:24:28 | scan_end | timeframe=1h | symbols=120 | total_signals=0 | elapsed_s=7.637 | log_file=D:\Code\Projects\self-projects\macd-overlay - Copy\output\scanner_debug_recent.log
2026-04-06 02:24:28 | scan_start | timeframe=1h | symbols=120 | lookback_days=450 | batch_predict=True
2026-04-06 02:24:28 | symbol_done | idx=1 | total=120 | symbol=0GUSDT | status=skip | reason=no_latest_setup | signals=0 | elapsed_s=0.037
2026-04-06 02:24:28 | symbol_done | idx=2 | total=120 | symbol=1000000BOBUSDT | status=skip | reason=no_latest_setup | signals=0 | elapsed_s=0.060
2026-04-06 02:24:28 | symbol_done | idx=3 | total=120 | symbol=1000000MOGUSDT | status=skip | reason=no_latest_setup | signals=0 | elapsed_s=0.060
2026-04-06 02:24:28 | symbol_done | idx=4 | total=120 | symbol=1000BONKUSDT | status=skip | reason=no_latest_setup | signals=0 | elapsed_s=0.045
2026-04-06 02:24:28 | symbol_done | idx=5 | total=120 | symbol=1000CATUSDT | status=skip | reason=no_latest_setup | signals=0 | elapsed_s=0.043
2026-04-06 02:24:28 | symbol_done | idx=6 | total=120 | symbol=1000CHEEMSUSDT | status=skip | reason=no_latest_setup | signals=0 | elapsed_s=0.048
2026-04-06 02:24:28 | symbol_done | idx=7 | total=120 | symbol=1000FLOKIUSDT | status=skip | reason=no_latest_setup | signals=0 | elapsed_s=0.040
2026-04-06 02:24:28 | symbol_done | idx=8 | total=120 | symbol=1000LUNCUSDT | status=skip | reason=no_latest_setup | signals=0 | elapsed_s=0.038
2026-04-06 02:24:28 | symbol_done | idx=9 | total=120 | symbol=1000PEPEUSDT | status=skip | reason=no_latest_setup | signals=0 | elapsed_s=0.035
2026-04-06 02:24:28 | symbol_done | idx=10 | total=120 | symbol=1000RATSUSDT | status=skip | reason=no_latest_setup | signals=0 | elapsed_s=0.038
2026-04-06 02:24:28 | symbol_done | idx=11 | total=120 | symbol=1000SATSUSDT | status=skip | reason=no_latest_setup | signals=0 | elapsed_s=0.030
2026-04-06 02:24:28 | symbol_done | idx=12 | total=120 | symbol=1000SHIBUSDT | status=skip | reason=no_latest_setup | signals=0 | elapsed_s=0.039
2026-04-06 02:24:28 | symbol_done | idx=13 | total=120 | symbol=1000WHYUSDT | status=skip | reason=no_latest_setup | signals=0 | elapsed_s=0.030
2026-04-06 02:24:29 | symbol_done | idx=14 | total=120 | symbol=1000XECUSDT | status=skip | reason=no_setup | signals=0 | elapsed_s=0.037
2026-04-06 02:24:29 | symbol_done | idx=15 | total=120 | symbol=1INCHUSDT | status=skip | reason=no_latest_setup | signals=0 | elapsed_s=0.054
2026-04-06 02:24:29 | symbol_done | idx=16 | total=120 | symbol=1MBABYDOGEUSDT | status=skip | reason=no_latest_setup | signals=0 | elapsed_s=0.035
2026-04-06 02:24:29 | symbol_done | idx=17 | total=120 | symbol=2ZUSDT | status=skip | reason=no_latest_setup | signals=0 | elapsed_s=0.038
2026-04-06 02:24:29 | symbol_done | idx=18 | total=120 | symbol=42USDT | status=skip | reason=no_latest_setup | signals=0 | elapsed_s=0.030
2026-04-06 02:24:29 | symbol_done | idx=19 | total=120 | symbol=4USDT | status=skip | reason=no_latest_setup | signals=0 | elapsed_s=0.031
2026-04-06 02:24:29 | symbol_done | idx=20 | total=120 | symbol=A2ZUSDT | status=skip | reason=no_latest_setup | signals=0 | elapsed_s=0.034
2026-04-06 02:24:29 | symbol_done | idx=21 | total=120 | symbol=AAVEUSDT | status=skip | reason=no_latest_setup | signals=0 | elapsed_s=0.040
2026-04-06 02:24:29 | symbol_done | idx=22 | total=120 | symbol=ACEUSDT | status=skip | reason=no_latest_setup | signals=0 | elapsed_s=0.034
2026-04-06 02:24:29 | symbol_done | idx=23 | total=120 | symbol=ACHUSDT | status=skip | reason=no_latest_setup | signals=0 | elapsed_s=0.029
2026-04-06 02:24:29 | symbol_done | idx=24 | total=120 | symbol=ACTUSDT | status=skip | reason=no_latest_setup | signals=0 | elapsed_s=0.042
2026-04-06 02:24:29 | symbol_done | idx=25 | total=120 | symbol=ACUUSDT | status=skip | reason=no_latest_setup | signals=0 | elapsed_s=0.036
2026-04-06 02:24:29 | symbol_done | idx=26 | total=120 | symbol=ACXUSDT | status=skip | reason=no_latest_setup | signals=0 | elapsed_s=0.039
2026-04-06 02:24:29 | symbol_done | idx=27 | total=120 | symbol=ADAUSDT | status=skip | reason=no_latest_setup | signals=0 | elapsed_s=0.038
2026-04-06 02:24:29 | symbol_done | idx=28 | total=120 | symbol=AERGOUSDT | status=skip | reason=no_latest_setup | signals=0 | elapsed_s=0.045
2026-04-06 02:24:29 | symbol_done | idx=29 | total=120 | symbol=AEROUSDT | status=skip | reason=no_latest_setup | signals=0 | elapsed_s=0.041
2026-04-06 02:24:29 | symbol_done | idx=30 | total=120 | symbol=AEVOUSDT | status=skip | reason=no_latest_setup | signals=0 | elapsed_s=0.038
2026-04-06 02:24:29 | symbol_done | idx=31 | total=120 | symbol=AGLDUSDT | status=skip | reason=no_latest_setup | signals=0 | elapsed_s=0.042
2026-04-06 02:24:29 | symbol_done | idx=32 | total=120 | symbol=AGTUSDT | status=skip | reason=no_latest_setup | signals=0 | elapsed_s=0.042
2026-04-06 02:24:29 | symbol_done | idx=33 | total=120 | symbol=AIAUSDT | status=skip | reason=no_latest_setup | signals=0 | elapsed_s=0.040
2026-04-06 02:24:29 | symbol_done | idx=34 | total=120 | symbol=AINUSDT | status=skip | reason=no_latest_setup | signals=0 | elapsed_s=0.038
2026-04-06 02:24:29 | symbol_done | idx=35 | total=120 | symbol=AIOTUSDT | status=skip | reason=no_latest_setup | signals=0 | elapsed_s=0.041
2026-04-06 02:24:29 | symbol_done | idx=36 | total=120 | symbol=AIOUSDT | status=skip | reason=no_latest_setup | signals=0 | elapsed_s=0.044
2026-04-06 02:24:29 | symbol_done | idx=37 | total=120 | symbol=AIUSDT | status=skip | reason=no_latest_setup | signals=0 | elapsed_s=0.038
2026-04-06 02:24:29 | symbol_done | idx=38 | total=120 | symbol=AIXBTUSDT | status=skip | reason=no_latest_setup | signals=0 | elapsed_s=0.035
2026-04-06 02:24:30 | symbol_done | idx=39 | total=120 | symbol=AKEUSDT | status=skip | reason=no_latest_setup | signals=0 | elapsed_s=0.042
2026-04-06 02:24:30 | symbol_done | idx=40 | total=120 | symbol=AKTUSDT | status=skip | reason=no_latest_setup | signals=0 | elapsed_s=0.035
2026-04-06 02:24:30 | symbol_done | idx=41 | total=120 | symbol=ALCHUSDT | status=skip | reason=no_latest_setup | signals=0 | elapsed_s=0.042
2026-04-06 02:24:30 | symbol_done | idx=42 | total=120 | symbol=ALGOUSDT | status=skip | reason=no_latest_setup | signals=0 | elapsed_s=0.048
2026-04-06 02:24:30 | symbol_done | idx=43 | total=120 | symbol=ALICEUSDT | status=skip | reason=no_latest_setup | signals=0 | elapsed_s=0.042
2026-04-06 02:24:30 | symbol_done | idx=44 | total=120 | symbol=ALLOUSDT | status=skip | reason=no_latest_setup | signals=0 | elapsed_s=0.042
2026-04-06 02:24:30 | symbol_done | idx=45 | total=120 | symbol=ALLUSDT | status=skip | reason=no_latest_setup | signals=0 | elapsed_s=0.036
2026-04-06 02:24:30 | symbol_done | idx=46 | total=120 | symbol=ALPINEUSDT | status=skip | reason=no_setup | signals=0 | elapsed_s=0.022
2026-04-06 02:24:30 | symbol_done | idx=47 | total=120 | symbol=ALTUSDT | status=skip | reason=no_latest_setup | signals=0 | elapsed_s=0.029
2026-04-06 02:24:30 | symbol_done | idx=48 | total=120 | symbol=AMZNUSDT | status=skip | reason=no_setup | signals=0 | elapsed_s=0.032
2026-04-06 02:24:30 | symbol_done | idx=49 | total=120 | symbol=ANIMEUSDT | status=skip | reason=no_latest_setup | signals=0 | elapsed_s=0.041
2026-04-06 02:24:30 | symbol_done | idx=50 | total=120 | symbol=ANKRUSDT | status=skip | reason=no_latest_setup | signals=0 | elapsed_s=0.039
2026-04-06 02:24:30 | symbol_done | idx=51 | total=120 | symbol=APEUSDT | status=skip | reason=no_latest_setup | signals=0 | elapsed_s=0.036
2026-04-06 02:24:30 | symbol_done | idx=52 | total=120 | symbol=API3USDT | status=skip | reason=no_latest_setup | signals=0 | elapsed_s=0.033
2026-04-06 02:24:30 | symbol_done | idx=53 | total=120 | symbol=APRUSDT | status=skip | reason=no_latest_setup | signals=0 | elapsed_s=0.027
2026-04-06 02:24:30 | symbol_done | idx=54 | total=120 | symbol=APTUSDT | status=skip | reason=no_latest_setup | signals=0 | elapsed_s=0.035
2026-04-06 02:24:30 | symbol_done | idx=55 | total=120 | symbol=ARBUSDT | status=skip | reason=no_latest_setup | signals=0 | elapsed_s=0.042
2026-04-06 02:24:30 | symbol_done | idx=56 | total=120 | symbol=ARCUSDT | status=skip | reason=no_latest_setup | signals=0 | elapsed_s=0.036
2026-04-06 02:24:30 | symbol_done | idx=57 | total=120 | symbol=ARIAUSDT | status=skip | reason=no_latest_setup | signals=0 | elapsed_s=0.034
2026-04-06 02:24:30 | symbol_done | idx=58 | total=120 | symbol=ARKMUSDT | status=skip | reason=no_latest_setup | signals=0 | elapsed_s=0.053
2026-04-06 02:24:30 | symbol_done | idx=59 | total=120 | symbol=ARKUSDT | status=skip | reason=no_latest_setup | signals=0 | elapsed_s=0.049
2026-04-06 02:24:30 | symbol_done | idx=60 | total=120 | symbol=ARPAUSDT | status=skip | reason=no_latest_setup | signals=0 | elapsed_s=0.066
2026-04-06 02:24:30 | symbol_done | idx=61 | total=120 | symbol=ARUSDT | status=skip | reason=no_latest_setup | signals=0 | elapsed_s=0.055
2026-04-06 02:24:30 | symbol_done | idx=62 | total=120 | symbol=ASRUSDT | status=skip | reason=no_setup | signals=0 | elapsed_s=0.041
2026-04-06 02:24:30 | symbol_done | idx=63 | total=120 | symbol=ASTERUSDT | status=skip | reason=no_latest_setup | signals=0 | elapsed_s=0.049
2026-04-06 02:24:31 | symbol_done | idx=64 | total=120 | symbol=ASTRUSDT | status=skip | reason=no_latest_setup | signals=0 | elapsed_s=0.047
2026-04-06 02:24:31 | symbol_done | idx=65 | total=120 | symbol=ATAUSDT | status=skip | reason=no_latest_setup | signals=0 | elapsed_s=0.042
2026-04-06 02:24:31 | symbol_done | idx=66 | total=120 | symbol=ATHUSDT | status=skip | reason=no_latest_setup | signals=0 | elapsed_s=0.039
2026-04-06 02:24:31 | symbol_done | idx=67 | total=120 | symbol=ATOMUSDT | status=skip | reason=no_latest_setup | signals=0 | elapsed_s=0.032
2026-04-06 02:24:31 | symbol_done | idx=68 | total=120 | symbol=ATUSDT | status=skip | reason=no_latest_setup | signals=0 | elapsed_s=0.026
2026-04-06 02:24:31 | symbol_done | idx=69 | total=120 | symbol=AUCTIONUSDT | status=skip | reason=no_latest_setup | signals=0 | elapsed_s=0.033
2026-04-06 02:24:31 | symbol_done | idx=70 | total=120 | symbol=AUSDT | status=skip | reason=no_latest_setup | signals=0 | elapsed_s=0.024
2026-04-06 02:24:31 | symbol_done | idx=71 | total=120 | symbol=AVAAIUSDT | status=skip | reason=no_latest_setup | signals=0 | elapsed_s=0.025
2026-04-06 02:24:31 | symbol_done | idx=72 | total=120 | symbol=AVAUSDT | status=skip | reason=no_latest_setup | signals=0 | elapsed_s=0.033
2026-04-06 02:24:31 | symbol_done | idx=73 | total=120 | symbol=AVAXUSDT | status=skip | reason=no_latest_setup | signals=0 | elapsed_s=0.033
2026-04-06 02:24:31 | symbol_done | idx=74 | total=120 | symbol=AVNTUSDT | status=skip | reason=no_latest_setup | signals=0 | elapsed_s=0.027
2026-04-06 02:24:31 | symbol_done | idx=75 | total=120 | symbol=AWEUSDT | status=skip | reason=no_latest_setup | signals=0 | elapsed_s=0.030
2026-04-06 02:24:31 | symbol_done | idx=76 | total=120 | symbol=AXLUSDT | status=skip | reason=no_latest_setup | signals=0 | elapsed_s=0.029
2026-04-06 02:24:31 | symbol_done | idx=77 | total=120 | symbol=AXSUSDT | status=skip | reason=no_latest_setup | signals=0 | elapsed_s=0.030
2026-04-06 02:24:31 | symbol_done | idx=78 | total=120 | symbol=AZTECUSDT | status=skip | reason=no_latest_setup | signals=0 | elapsed_s=0.026
2026-04-06 02:24:31 | symbol_done | idx=79 | total=120 | symbol=B2USDT | status=skip | reason=no_latest_setup | signals=0 | elapsed_s=0.026
2026-04-06 02:24:31 | symbol_done | idx=80 | total=120 | symbol=B3USDT | status=skip | reason=no_latest_setup | signals=0 | elapsed_s=0.030
2026-04-06 02:24:31 | symbol_done | idx=81 | total=120 | symbol=BABYUSDT | status=skip | reason=no_latest_setup | signals=0 | elapsed_s=0.056
2026-04-06 02:24:31 | symbol_done | idx=82 | total=120 | symbol=BANANAS31USDT | status=skip | reason=no_latest_setup | signals=0 | elapsed_s=0.059
2026-04-06 02:24:31 | symbol_done | idx=83 | total=120 | symbol=BANANAUSDT | status=skip | reason=no_latest_setup | signals=0 | elapsed_s=0.057
2026-04-06 02:24:31 | symbol_done | idx=84 | total=120 | symbol=BANDUSDT | status=skip | reason=no_latest_setup | signals=0 | elapsed_s=0.057
2026-04-06 02:24:31 | symbol_done | idx=85 | total=120 | symbol=BANKUSDT | status=skip | reason=no_latest_setup | signals=0 | elapsed_s=0.040
2026-04-06 02:24:31 | symbol_done | idx=86 | total=120 | symbol=BANUSDT | status=skip | reason=no_latest_setup | signals=0 | elapsed_s=0.035
2026-04-06 02:24:31 | symbol_done | idx=87 | total=120 | symbol=BARDUSDT | status=skip | reason=no_latest_setup | signals=0 | elapsed_s=0.038
2026-04-06 02:24:31 | symbol_done | idx=88 | total=120 | symbol=BASEDUSDT | status=skip | reason=insufficient_history | signals=0 | elapsed_s=0.023
2026-04-06 02:24:31 | symbol_done | idx=89 | total=120 | symbol=BASUSDT | status=skip | reason=no_latest_setup | signals=0 | elapsed_s=0.035
2026-04-06 02:24:32 | symbol_done | idx=90 | total=120 | symbol=BATUSDT | status=skip | reason=no_latest_setup | signals=0 | elapsed_s=0.085
2026-04-06 02:24:32 | symbol_done | idx=91 | total=120 | symbol=BBUSDT | status=skip | reason=no_latest_setup | signals=0 | elapsed_s=0.031
2026-04-06 02:24:32 | symbol_done | idx=92 | total=120 | symbol=BCHUSDT | status=skip | reason=no_latest_setup | signals=0 | elapsed_s=0.027
2026-04-06 02:24:32 | symbol_done | idx=93 | total=120 | symbol=BDXNUSDT | status=skip | reason=no_latest_setup | signals=0 | elapsed_s=0.028
2026-04-06 02:24:32 | symbol_done | idx=94 | total=120 | symbol=BEAMXUSDT | status=skip | reason=no_latest_setup | signals=0 | elapsed_s=0.029
2026-04-06 02:24:32 | symbol_done | idx=95 | total=120 | symbol=BEATUSDT | status=skip | reason=no_latest_setup | signals=0 | elapsed_s=0.051
2026-04-06 02:24:32 | symbol_done | idx=96 | total=120 | symbol=BELUSDT | status=skip | reason=no_latest_setup | signals=0 | elapsed_s=0.067
2026-04-06 02:24:32 | symbol_done | idx=97 | total=120 | symbol=BERAUSDT | status=skip | reason=no_latest_setup | signals=0 | elapsed_s=0.052
2026-04-06 02:24:32 | symbol_done | idx=98 | total=120 | symbol=BICOUSDT | status=skip | reason=no_latest_setup | signals=0 | elapsed_s=0.053
2026-04-06 02:24:32 | symbol_done | idx=99 | total=120 | symbol=BIDUSDT | status=skip | reason=no_latest_setup | signals=0 | elapsed_s=0.063
2026-04-06 02:24:32 | symbol_done | idx=100 | total=120 | symbol=BIGTIMEUSDT | status=skip | reason=no_latest_setup | signals=0 | elapsed_s=0.044
2026-04-06 02:24:32 | symbol_done | idx=101 | total=120 | symbol=BIOUSDT | status=skip | reason=no_latest_setup | signals=0 | elapsed_s=0.045
2026-04-06 02:24:32 | symbol_done | idx=102 | total=120 | symbol=BIRBUSDT | status=skip | reason=no_latest_setup | signals=0 | elapsed_s=0.041
2026-04-06 02:24:32 | symbol_done | idx=103 | total=120 | symbol=BLESSUSDT | status=skip | reason=no_latest_setup | signals=0 | elapsed_s=0.047
2026-04-06 02:24:32 | symbol_done | idx=104 | total=120 | symbol=BLUAIUSDT | status=skip | reason=no_latest_setup | signals=0 | elapsed_s=0.039
2026-04-06 02:24:32 | symbol_done | idx=105 | total=120 | symbol=BLURUSDT | status=skip | reason=no_latest_setup | signals=0 | elapsed_s=0.037
2026-04-06 02:24:32 | symbol_done | idx=106 | total=120 | symbol=BMTUSDT | status=skip | reason=no_latest_setup | signals=0 | elapsed_s=0.034
2026-04-06 02:24:32 | symbol_done | idx=107 | total=120 | symbol=BNBUSDT | status=skip | reason=no_latest_setup | signals=0 | elapsed_s=0.035
2026-04-06 02:24:32 | symbol_done | idx=108 | total=120 | symbol=BNTUSDT | status=skip | reason=no_latest_setup | signals=0 | elapsed_s=0.042
2026-04-06 02:24:32 | symbol_done | idx=109 | total=120 | symbol=BOBUSDT | status=skip | reason=no_latest_setup | signals=0 | elapsed_s=0.033
2026-04-06 02:24:32 | symbol_done | idx=110 | total=120 | symbol=BOMEUSDT | status=skip | reason=no_latest_setup | signals=0 | elapsed_s=0.042
2026-04-06 02:24:32 | symbol_done | idx=111 | total=120 | symbol=BRETTUSDT | status=skip | reason=no_latest_setup | signals=0 | elapsed_s=0.044
2026-04-06 02:24:32 | symbol_done | idx=112 | total=120 | symbol=BREVUSDT | status=skip | reason=no_latest_setup | signals=0 | elapsed_s=0.039
2026-04-06 02:24:32 | symbol_done | idx=113 | total=120 | symbol=BROCCOLI714USDT | status=skip | reason=no_latest_setup | signals=0 | elapsed_s=0.033
2026-04-06 02:24:33 | symbol_done | idx=114 | total=120 | symbol=BROCCOLIF3BUSDT | status=skip | reason=no_latest_setup | signals=0 | elapsed_s=0.037
2026-04-06 02:24:33 | symbol_done | idx=115 | total=120 | symbol=BRUSDT | status=skip | reason=no_latest_setup | signals=0 | elapsed_s=0.033
2026-04-06 02:24:33 | symbol_done | idx=116 | total=120 | symbol=BSBUSDT | status=skip | reason=insufficient_history | signals=0 | elapsed_s=0.023
2026-04-06 02:24:33 | symbol_done | idx=117 | total=120 | symbol=BSVUSDT | status=skip | reason=no_latest_setup | signals=0 | elapsed_s=0.046
2026-04-06 02:24:33 | symbol_done | idx=118 | total=120 | symbol=BTC-260327USDT | status=skip | reason=insufficient_history | signals=0 | elapsed_s=0.002
2026-04-06 02:24:33 | symbol_done | idx=119 | total=120 | symbol=BTCDOMUSDT | status=skip | reason=no_setup | signals=0 | elapsed_s=0.042
2026-04-06 02:24:33 | symbol_done | idx=120 | total=120 | symbol=BTCUSDT | status=skip | reason=no_latest_setup | signals=0 | elapsed_s=0.052
2026-04-06 02:24:33 | scan_end | timeframe=1h | symbols=120 | total_signals=0 | elapsed_s=4.797 | log_file=D:\Code\Projects\self-projects\macd-overlay - Copy\output\scanner_debug_recent.log
2026-04-06 02:24:33 | scan_start | timeframe=1h | symbols=120 | lookback_days=450 | batch_predict=True
2026-04-06 02:24:33 | symbol_done | idx=1 | total=120 | symbol=0GUSDT | status=skip | reason=no_latest_setup | signals=0 | elapsed_s=0.047
2026-04-06 02:24:33 | symbol_done | idx=2 | total=120 | symbol=1000000BOBUSDT | status=skip | reason=no_latest_setup | signals=0 | elapsed_s=0.035
2026-04-06 02:24:33 | symbol_done | idx=3 | total=120 | symbol=1000000MOGUSDT | status=skip | reason=no_latest_setup | signals=0 | elapsed_s=0.043
2026-04-06 02:24:33 | symbol_done | idx=4 | total=120 | symbol=1000BONKUSDT | status=skip | reason=no_latest_setup | signals=0 | elapsed_s=0.049
2026-04-06 02:24:33 | symbol_done | idx=5 | total=120 | symbol=1000CATUSDT | status=skip | reason=no_latest_setup | signals=0 | elapsed_s=0.048
2026-04-06 02:24:33 | symbol_done | idx=6 | total=120 | symbol=1000CHEEMSUSDT | status=skip | reason=no_latest_setup | signals=0 | elapsed_s=0.053
2026-04-06 02:24:33 | symbol_done | idx=7 | total=120 | symbol=1000FLOKIUSDT | status=skip | reason=no_latest_setup | signals=0 | elapsed_s=0.034
2026-04-06 02:24:33 | symbol_done | idx=8 | total=120 | symbol=1000LUNCUSDT | status=skip | reason=no_latest_setup | signals=0 | elapsed_s=0.041
2026-04-06 02:24:33 | symbol_done | idx=9 | total=120 | symbol=1000PEPEUSDT | status=skip | reason=no_latest_setup | signals=0 | elapsed_s=0.041
2026-04-06 02:24:33 | symbol_done | idx=10 | total=120 | symbol=1000RATSUSDT | status=skip | reason=no_latest_setup | signals=0 | elapsed_s=0.037
2026-04-06 02:24:33 | symbol_done | idx=11 | total=120 | symbol=1000SATSUSDT | status=skip | reason=no_latest_setup | signals=0 | elapsed_s=0.029
2026-04-06 02:24:33 | symbol_done | idx=12 | total=120 | symbol=1000SHIBUSDT | status=skip | reason=no_latest_setup | signals=0 | elapsed_s=0.028
2026-04-06 02:24:33 | symbol_done | idx=13 | total=120 | symbol=1000WHYUSDT | status=skip | reason=no_latest_setup | signals=0 | elapsed_s=0.037
2026-04-06 02:24:33 | symbol_done | idx=14 | total=120 | symbol=1000XECUSDT | status=skip | reason=no_setup | signals=0 | elapsed_s=0.031
2026-04-06 02:24:33 | symbol_done | idx=15 | total=120 | symbol=1INCHUSDT | status=skip | reason=no_latest_setup | signals=0 | elapsed_s=0.045
2026-04-06 02:24:33 | symbol_done | idx=16 | total=120 | symbol=1MBABYDOGEUSDT | status=skip | reason=no_latest_setup | signals=0 | elapsed_s=0.042
2026-04-06 02:24:33 | symbol_done | idx=17 | total=120 | symbol=2ZUSDT | status=skip | reason=no_latest_setup | signals=0 | elapsed_s=0.030
2026-04-06 02:24:33 | symbol_done | idx=18 | total=120 | symbol=42USDT | status=skip | reason=no_latest_setup | signals=0 | elapsed_s=0.030
2026-04-06 02:24:33 | symbol_done | idx=19 | total=120 | symbol=4USDT | status=skip | reason=no_latest_setup | signals=0 | elapsed_s=0.028
2026-04-06 02:24:34 | symbol_done | idx=20 | total=120 | symbol=A2ZUSDT | status=skip | reason=no_latest_setup | signals=0 | elapsed_s=0.028
2026-04-06 02:24:34 | symbol_done | idx=21 | total=120 | symbol=AAVEUSDT | status=skip | reason=no_latest_setup | signals=0 | elapsed_s=0.032
2026-04-06 02:24:34 | symbol_done | idx=22 | total=120 | symbol=ACEUSDT | status=skip | reason=no_latest_setup | signals=0 | elapsed_s=0.022
2026-04-06 02:24:34 | symbol_done | idx=23 | total=120 | symbol=ACHUSDT | status=skip | reason=no_latest_setup | signals=0 | elapsed_s=0.031
2026-04-06 02:24:34 | symbol_done | idx=24 | total=120 | symbol=ACTUSDT | status=skip | reason=no_latest_setup | signals=0 | elapsed_s=0.029
2026-04-06 02:24:34 | symbol_done | idx=25 | total=120 | symbol=ACUUSDT | status=skip | reason=no_latest_setup | signals=0 | elapsed_s=0.038
2026-04-06 02:24:34 | symbol_done | idx=26 | total=120 | symbol=ACXUSDT | status=skip | reason=no_latest_setup | signals=0 | elapsed_s=0.030
2026-04-06 02:24:34 | symbol_done | idx=27 | total=120 | symbol=ADAUSDT | status=skip | reason=no_latest_setup | signals=0 | elapsed_s=0.034
2026-04-06 02:24:34 | symbol_done | idx=28 | total=120 | symbol=AERGOUSDT | status=skip | reason=no_latest_setup | signals=0 | elapsed_s=0.034
2026-04-06 02:24:34 | symbol_done | idx=29 | total=120 | symbol=AEROUSDT | status=skip | reason=no_latest_setup | signals=0 | elapsed_s=0.028
2026-04-06 02:24:34 | symbol_done | idx=30 | total=120 | symbol=AEVOUSDT | status=skip | reason=no_latest_setup | signals=0 | elapsed_s=0.035
2026-04-06 02:24:34 | symbol_done | idx=31 | total=120 | symbol=AGLDUSDT | status=skip | reason=no_latest_setup | signals=0 | elapsed_s=0.039
2026-04-06 02:24:34 | symbol_done | idx=32 | total=120 | symbol=AGTUSDT | status=skip | reason=no_latest_setup | signals=0 | elapsed_s=0.039
2026-04-06 02:24:34 | symbol_done | idx=33 | total=120 | symbol=AIAUSDT | status=skip | reason=no_latest_setup | signals=0 | elapsed_s=0.047
2026-04-06 02:24:34 | symbol_done | idx=34 | total=120 | symbol=AINUSDT | status=skip | reason=no_latest_setup | signals=0 | elapsed_s=0.042
2026-04-06 02:24:34 | symbol_done | idx=35 | total=120 | symbol=AIOTUSDT | status=skip | reason=no_latest_setup | signals=0 | elapsed_s=0.044
2026-04-06 02:24:34 | symbol_done | idx=36 | total=120 | symbol=AIOUSDT | status=skip | reason=no_latest_setup | signals=0 | elapsed_s=0.047
2026-04-06 02:24:34 | symbol_done | idx=37 | total=120 | symbol=AIUSDT | status=skip | reason=no_latest_setup | signals=0 | elapsed_s=0.043
2026-04-06 02:24:34 | symbol_done | idx=38 | total=120 | symbol=AIXBTUSDT | status=skip | reason=no_latest_setup | signals=0 | elapsed_s=0.046
2026-04-06 02:24:34 | symbol_done | idx=39 | total=120 | symbol=AKEUSDT | status=skip | reason=no_latest_setup | signals=0 | elapsed_s=0.045
2026-04-06 02:24:34 | symbol_done | idx=40 | total=120 | symbol=AKTUSDT | status=skip | reason=no_latest_setup | signals=0 | elapsed_s=0.037
2026-04-06 02:24:34 | symbol_done | idx=41 | total=120 | symbol=ALCHUSDT | status=skip | reason=no_latest_setup | signals=0 | elapsed_s=0.033
2026-04-06 02:24:34 | symbol_done | idx=42 | total=120 | symbol=ALGOUSDT | status=skip | reason=no_latest_setup | signals=0 | elapsed_s=0.043
2026-04-06 02:24:34 | symbol_done | idx=43 | total=120 | symbol=ALICEUSDT | status=skip | reason=no_latest_setup | signals=0 | elapsed_s=0.044
2026-04-06 02:24:34 | symbol_done | idx=44 | total=120 | symbol=ALLOUSDT | status=skip | reason=no_latest_setup | signals=0 | elapsed_s=0.037
2026-04-06 02:24:34 | symbol_done | idx=45 | total=120 | symbol=ALLUSDT | status=skip | reason=no_latest_setup | signals=0 | elapsed_s=0.034
2026-04-06 02:24:34 | symbol_done | idx=46 | total=120 | symbol=ALPINEUSDT | status=skip | reason=no_setup | signals=0 | elapsed_s=0.025
2026-04-06 02:24:35 | symbol_done | idx=47 | total=120 | symbol=ALTUSDT | status=skip | reason=no_latest_setup | signals=0 | elapsed_s=0.032
2026-04-06 02:24:35 | symbol_done | idx=48 | total=120 | symbol=AMZNUSDT | status=skip | reason=no_setup | signals=0 | elapsed_s=0.027
2026-04-06 02:24:35 | symbol_done | idx=49 | total=120 | symbol=ANIMEUSDT | status=skip | reason=no_latest_setup | signals=0 | elapsed_s=0.030
2026-04-06 02:24:35 | symbol_done | idx=50 | total=120 | symbol=ANKRUSDT | status=skip | reason=no_latest_setup | signals=0 | elapsed_s=0.030
2026-04-06 02:24:35 | symbol_done | idx=51 | total=120 | symbol=APEUSDT | status=skip | reason=no_latest_setup | signals=0 | elapsed_s=0.045
2026-04-06 02:24:35 | symbol_done | idx=52 | total=120 | symbol=API3USDT | status=skip | reason=no_latest_setup | signals=0 | elapsed_s=0.036
2026-04-06 02:24:35 | symbol_done | idx=53 | total=120 | symbol=APRUSDT | status=skip | reason=no_latest_setup | signals=0 | elapsed_s=0.028
2026-04-06 02:24:35 | symbol_done | idx=54 | total=120 | symbol=APTUSDT | status=skip | reason=no_latest_setup | signals=0 | elapsed_s=0.036
2026-04-06 02:24:35 | symbol_done | idx=55 | total=120 | symbol=ARBUSDT | status=skip | reason=no_latest_setup | signals=0 | elapsed_s=0.029
2026-04-06 02:24:35 | symbol_done | idx=56 | total=120 | symbol=ARCUSDT | status=skip | reason=no_latest_setup | signals=0 | elapsed_s=0.028
2026-04-06 02:24:35 | symbol_done | idx=57 | total=120 | symbol=ARIAUSDT | status=skip | reason=no_latest_setup | signals=0 | elapsed_s=0.037
2026-04-06 02:24:35 | symbol_done | idx=58 | total=120 | symbol=ARKMUSDT | status=skip | reason=no_latest_setup | signals=0 | elapsed_s=0.049
2026-04-06 02:24:35 | symbol_done | idx=59 | total=120 | symbol=ARKUSDT | status=skip | reason=no_latest_setup | signals=0 | elapsed_s=0.048
2026-04-06 02:24:35 | symbol_done | idx=60 | total=120 | symbol=ARPAUSDT | status=skip | reason=no_latest_setup | signals=0 | elapsed_s=0.043
2026-04-06 02:24:35 | symbol_done | idx=61 | total=120 | symbol=ARUSDT | status=skip | reason=no_latest_setup | signals=0 | elapsed_s=0.040
2026-04-06 02:24:35 | symbol_done | idx=62 | total=120 | symbol=ASRUSDT | status=skip | reason=no_setup | signals=0 | elapsed_s=0.042
2026-04-06 02:24:35 | symbol_done | idx=63 | total=120 | symbol=ASTERUSDT | status=skip | reason=no_latest_setup | signals=0 | elapsed_s=0.038
2026-04-06 02:24:35 | symbol_done | idx=64 | total=120 | symbol=ASTRUSDT | status=skip | reason=no_latest_setup | signals=0 | elapsed_s=0.037
2026-04-06 02:24:35 | symbol_done | idx=65 | total=120 | symbol=ATAUSDT | status=skip | reason=no_latest_setup | signals=0 | elapsed_s=0.032
2026-04-06 02:24:35 | symbol_done | idx=66 | total=120 | symbol=ATHUSDT | status=skip | reason=no_latest_setup | signals=0 | elapsed_s=0.038
2026-04-06 02:24:35 | symbol_done | idx=67 | total=120 | symbol=ATOMUSDT | status=skip | reason=no_latest_setup | signals=0 | elapsed_s=0.035
2026-04-06 02:24:35 | symbol_done | idx=68 | total=120 | symbol=ATUSDT | status=skip | reason=no_latest_setup | signals=0 | elapsed_s=0.035
2026-04-06 02:24:35 | symbol_done | idx=69 | total=120 | symbol=AUCTIONUSDT | status=skip | reason=no_latest_setup | signals=0 | elapsed_s=0.042
2026-04-06 02:24:35 | symbol_done | idx=70 | total=120 | symbol=AUSDT | status=skip | reason=no_latest_setup | signals=0 | elapsed_s=0.031
2026-04-06 02:24:35 | symbol_done | idx=71 | total=120 | symbol=AVAAIUSDT | status=skip | reason=no_latest_setup | signals=0 | elapsed_s=0.028
2026-04-06 02:24:35 | symbol_done | idx=72 | total=120 | symbol=AVAUSDT | status=skip | reason=no_latest_setup | signals=0 | elapsed_s=0.027
2026-04-06 02:24:35 | symbol_done | idx=73 | total=120 | symbol=AVAXUSDT | status=skip | reason=no_latest_setup | signals=0 | elapsed_s=0.032
2026-04-06 02:24:35 | symbol_done | idx=74 | total=120 | symbol=AVNTUSDT | status=skip | reason=no_latest_setup | signals=0 | elapsed_s=0.042
2026-04-06 02:24:36 | symbol_done | idx=75 | total=120 | symbol=AWEUSDT | status=skip | reason=no_latest_setup | signals=0 | elapsed_s=0.046
2026-04-06 02:24:36 | symbol_done | idx=76 | total=120 | symbol=AXLUSDT | status=skip | reason=no_latest_setup | signals=0 | elapsed_s=0.035
2026-04-06 02:24:36 | symbol_done | idx=77 | total=120 | symbol=AXSUSDT | status=skip | reason=no_latest_setup | signals=0 | elapsed_s=0.041
2026-04-06 02:24:36 | symbol_done | idx=78 | total=120 | symbol=AZTECUSDT | status=skip | reason=no_latest_setup | signals=0 | elapsed_s=0.053
2026-04-06 02:24:36 | symbol_done | idx=79 | total=120 | symbol=B2USDT | status=skip | reason=no_latest_setup | signals=0 | elapsed_s=0.047
2026-04-06 02:24:36 | symbol_done | idx=80 | total=120 | symbol=B3USDT | status=skip | reason=no_latest_setup | signals=0 | elapsed_s=0.057
2026-04-06 02:24:36 | symbol_done | idx=81 | total=120 | symbol=BABYUSDT | status=skip | reason=no_latest_setup | signals=0 | elapsed_s=0.041
2026-04-06 02:24:36 | symbol_done | idx=82 | total=120 | symbol=BANANAS31USDT | status=skip | reason=no_latest_setup | signals=0 | elapsed_s=0.032
2026-04-06 02:24:36 | symbol_done | idx=83 | total=120 | symbol=BANANAUSDT | status=skip | reason=no_latest_setup | signals=0 | elapsed_s=0.032
2026-04-06 02:24:36 | symbol_done | idx=84 | total=120 | symbol=BANDUSDT | status=skip | reason=no_latest_setup | signals=0 | elapsed_s=0.098
2026-04-06 02:24:36 | symbol_done | idx=85 | total=120 | symbol=BANKUSDT | status=skip | reason=no_latest_setup | signals=0 | elapsed_s=0.030
2026-04-06 02:24:36 | symbol_done | idx=86 | total=120 | symbol=BANUSDT | status=skip | reason=no_latest_setup | signals=0 | elapsed_s=0.030
2026-04-06 02:24:36 | symbol_done | idx=87 | total=120 | symbol=BARDUSDT | status=skip | reason=no_latest_setup | signals=0 | elapsed_s=0.023
2026-04-06 02:24:36 | symbol_done | idx=88 | total=120 | symbol=BASEDUSDT | status=skip | reason=insufficient_history | signals=0 | elapsed_s=0.013
2026-04-06 02:24:36 | symbol_done | idx=89 | total=120 | symbol=BASUSDT | status=skip | reason=no_latest_setup | signals=0 | elapsed_s=0.028
2026-04-06 02:24:36 | symbol_done | idx=90 | total=120 | symbol=BATUSDT | status=skip | reason=no_latest_setup | signals=0 | elapsed_s=0.036
2026-04-06 02:24:36 | symbol_done | idx=91 | total=120 | symbol=BBUSDT | status=skip | reason=no_latest_setup | signals=0 | elapsed_s=0.030
2026-04-06 02:24:36 | symbol_done | idx=92 | total=120 | symbol=BCHUSDT | status=skip | reason=no_latest_setup | signals=0 | elapsed_s=0.028
2026-04-06 02:24:36 | symbol_done | idx=93 | total=120 | symbol=BDXNUSDT | status=skip | reason=no_latest_setup | signals=0 | elapsed_s=0.028
2026-04-06 02:24:36 | symbol_done | idx=94 | total=120 | symbol=BEAMXUSDT | status=skip | reason=no_latest_setup | signals=0 | elapsed_s=0.043
2026-04-06 02:24:36 | symbol_done | idx=95 | total=120 | symbol=BEATUSDT | status=skip | reason=no_latest_setup | signals=0 | elapsed_s=0.032
2026-04-06 02:24:36 | symbol_done | idx=96 | total=120 | symbol=BELUSDT | status=skip | reason=no_latest_setup | signals=0 | elapsed_s=0.043
2026-04-06 02:24:36 | symbol_done | idx=97 | total=120 | symbol=BERAUSDT | status=skip | reason=no_latest_setup | signals=0 | elapsed_s=0.073
2026-04-06 02:24:36 | symbol_done | idx=98 | total=120 | symbol=BICOUSDT | status=skip | reason=no_latest_setup | signals=0 | elapsed_s=0.072
2026-04-06 02:24:37 | symbol_done | idx=99 | total=120 | symbol=BIDUSDT | status=skip | reason=no_latest_setup | signals=0 | elapsed_s=0.359
2026-04-06 02:24:37 | symbol_done | idx=100 | total=120 | symbol=BIGTIMEUSDT | status=skip | reason=no_latest_setup | signals=0 | elapsed_s=0.154
2026-04-06 02:24:37 | symbol_done | idx=101 | total=120 | symbol=BIOUSDT | status=skip | reason=no_latest_setup | signals=0 | elapsed_s=0.091
2026-04-06 02:24:37 | symbol_done | idx=102 | total=120 | symbol=BIRBUSDT | status=skip | reason=no_latest_setup | signals=0 | elapsed_s=0.079
2026-04-06 02:24:37 | symbol_done | idx=103 | total=120 | symbol=BLESSUSDT | status=skip | reason=no_latest_setup | signals=0 | elapsed_s=0.083
2026-04-06 02:24:37 | symbol_done | idx=104 | total=120 | symbol=BLUAIUSDT | status=skip | reason=no_latest_setup | signals=0 | elapsed_s=0.082
2026-04-06 02:24:37 | symbol_done | idx=105 | total=120 | symbol=BLURUSDT | status=skip | reason=no_latest_setup | signals=0 | elapsed_s=0.076
2026-04-06 02:24:38 | symbol_done | idx=106 | total=120 | symbol=BMTUSDT | status=skip | reason=no_latest_setup | signals=0 | elapsed_s=0.082
2026-04-06 02:24:38 | symbol_done | idx=107 | total=120 | symbol=BNBUSDT | status=skip | reason=no_latest_setup | signals=0 | elapsed_s=0.057
2026-04-06 02:24:38 | symbol_done | idx=108 | total=120 | symbol=BNTUSDT | status=skip | reason=no_latest_setup | signals=0 | elapsed_s=0.061
2026-04-06 02:24:38 | symbol_done | idx=109 | total=120 | symbol=BOBUSDT | status=skip | reason=no_latest_setup | signals=0 | elapsed_s=0.071
2026-04-06 02:24:38 | symbol_done | idx=110 | total=120 | symbol=BOMEUSDT | status=skip | reason=no_latest_setup | signals=0 | elapsed_s=0.071
2026-04-06 02:24:38 | symbol_done | idx=111 | total=120 | symbol=BRETTUSDT | status=skip | reason=no_latest_setup | signals=0 | elapsed_s=0.069
2026-04-06 02:24:38 | symbol_done | idx=112 | total=120 | symbol=BREVUSDT | status=skip | reason=no_latest_setup | signals=0 | elapsed_s=0.085
2026-04-06 02:24:38 | symbol_done | idx=113 | total=120 | symbol=BROCCOLI714USDT | status=skip | reason=no_latest_setup | signals=0 | elapsed_s=0.064
2026-04-06 02:24:38 | symbol_done | idx=114 | total=120 | symbol=BROCCOLIF3BUSDT | status=skip | reason=no_latest_setup | signals=0 | elapsed_s=0.073
2026-04-06 02:24:38 | symbol_done | idx=115 | total=120 | symbol=BRUSDT | status=skip | reason=no_latest_setup | signals=0 | elapsed_s=0.082
2026-04-06 02:24:38 | symbol_done | idx=116 | total=120 | symbol=BSBUSDT | status=skip | reason=insufficient_history | signals=0 | elapsed_s=0.036
2026-04-06 02:24:38 | symbol_done | idx=117 | total=120 | symbol=BSVUSDT | status=skip | reason=no_latest_setup | signals=0 | elapsed_s=0.073
2026-04-06 02:24:38 | symbol_done | idx=118 | total=120 | symbol=BTC-260327USDT | status=skip | reason=insufficient_history | signals=0 | elapsed_s=0.001
2026-04-06 02:24:38 | symbol_done | idx=119 | total=120 | symbol=BTCDOMUSDT | status=skip | reason=no_setup | signals=0 | elapsed_s=0.067
2026-04-06 02:24:38 | symbol_done | idx=120 | total=120 | symbol=BTCUSDT | status=skip | reason=no_latest_setup | signals=0 | elapsed_s=0.072
2026-04-06 02:24:38 | scan_end | timeframe=1h | symbols=120 | total_signals=0 | elapsed_s=5.677 | log_file=D:\Code\Projects\self-projects\macd-overlay - Copy\output\scanner_debug_recent.log
2026-04-06 02:24:38 | scan_start | timeframe=1h | symbols=120 | lookback_days=450 | batch_predict=True
2026-04-06 02:24:38 | symbol_done | idx=1 | total=120 | symbol=0GUSDT | status=skip | reason=no_latest_setup | signals=0 | elapsed_s=0.061
2026-04-06 02:24:39 | symbol_done | idx=2 | total=120 | symbol=1000000BOBUSDT | status=skip | reason=no_latest_setup | signals=0 | elapsed_s=0.077
2026-04-06 02:24:39 | symbol_done | idx=3 | total=120 | symbol=1000000MOGUSDT | status=skip | reason=no_latest_setup | signals=0 | elapsed_s=0.069
2026-04-06 02:24:39 | symbol_done | idx=4 | total=120 | symbol=1000BONKUSDT | status=skip | reason=no_latest_setup | signals=0 | elapsed_s=0.073
2026-04-06 02:24:39 | symbol_done | idx=5 | total=120 | symbol=1000CATUSDT | status=skip | reason=no_latest_setup | signals=0 | elapsed_s=0.061
2026-04-06 02:24:39 | symbol_done | idx=6 | total=120 | symbol=1000CHEEMSUSDT | status=skip | reason=no_latest_setup | signals=0 | elapsed_s=0.075
2026-04-06 02:24:39 | symbol_done | idx=7 | total=120 | symbol=1000FLOKIUSDT | status=skip | reason=no_latest_setup | signals=0 | elapsed_s=0.060
2026-04-06 02:24:39 | symbol_done | idx=8 | total=120 | symbol=1000LUNCUSDT | status=skip | reason=no_latest_setup | signals=0 | elapsed_s=0.070
2026-04-06 02:24:39 | symbol_done | idx=9 | total=120 | symbol=1000PEPEUSDT | status=skip | reason=no_latest_setup | signals=0 | elapsed_s=0.074
2026-04-06 02:24:39 | symbol_done | idx=10 | total=120 | symbol=1000RATSUSDT | status=skip | reason=no_latest_setup | signals=0 | elapsed_s=0.072
2026-04-06 02:24:39 | symbol_done | idx=11 | total=120 | symbol=1000SATSUSDT | status=skip | reason=no_latest_setup | signals=0 | elapsed_s=0.076
2026-04-06 02:24:39 | symbol_done | idx=12 | total=120 | symbol=1000SHIBUSDT | status=skip | reason=no_latest_setup | signals=0 | elapsed_s=0.072
2026-04-06 02:24:39 | symbol_done | idx=13 | total=120 | symbol=1000WHYUSDT | status=skip | reason=no_latest_setup | signals=0 | elapsed_s=0.071
2026-04-06 02:24:39 | symbol_done | idx=14 | total=120 | symbol=1000XECUSDT | status=skip | reason=no_setup | signals=0 | elapsed_s=0.062
2026-04-06 02:24:39 | symbol_done | idx=15 | total=120 | symbol=1INCHUSDT | status=skip | reason=no_latest_setup | signals=0 | elapsed_s=0.071
2026-04-06 02:24:40 | symbol_done | idx=16 | total=120 | symbol=1MBABYDOGEUSDT | status=skip | reason=no_latest_setup | signals=0 | elapsed_s=0.072
2026-04-06 02:24:40 | symbol_done | idx=17 | total=120 | symbol=2ZUSDT | status=skip | reason=no_latest_setup | signals=0 | elapsed_s=0.073
2026-04-06 02:24:40 | symbol_done | idx=18 | total=120 | symbol=42USDT | status=skip | reason=no_latest_setup | signals=0 | elapsed_s=0.070
2026-04-06 02:24:40 | symbol_done | idx=19 | total=120 | symbol=4USDT | status=skip | reason=no_latest_setup | signals=0 | elapsed_s=0.076
2026-04-06 02:24:40 | symbol_done | idx=20 | total=120 | symbol=A2ZUSDT | status=skip | reason=no_latest_setup | signals=0 | elapsed_s=0.063
2026-04-06 02:24:40 | symbol_done | idx=21 | total=120 | symbol=AAVEUSDT | status=skip | reason=no_latest_setup | signals=0 | elapsed_s=0.091
2026-04-06 02:24:40 | symbol_done | idx=22 | total=120 | symbol=ACEUSDT | status=skip | reason=no_latest_setup | signals=0 | elapsed_s=0.057
2026-04-06 02:24:40 | symbol_done | idx=23 | total=120 | symbol=ACHUSDT | status=skip | reason=no_latest_setup | signals=0 | elapsed_s=0.066
2026-04-06 02:24:40 | symbol_done | idx=24 | total=120 | symbol=ACTUSDT | status=skip | reason=no_latest_setup | signals=0 | elapsed_s=0.148
2026-04-06 02:24:40 | symbol_done | idx=25 | total=120 | symbol=ACUUSDT | status=skip | reason=no_latest_setup | signals=0 | elapsed_s=0.111
2026-04-06 02:24:40 | symbol_done | idx=26 | total=120 | symbol=ACXUSDT | status=skip | reason=no_latest_setup | signals=0 | elapsed_s=0.150
2026-04-06 02:24:41 | symbol_done | idx=27 | total=120 | symbol=ADAUSDT | status=skip | reason=no_latest_setup | signals=0 | elapsed_s=0.095
2026-04-06 02:24:41 | symbol_done | idx=28 | total=120 | symbol=AERGOUSDT | status=skip | reason=no_latest_setup | signals=0 | elapsed_s=0.087
2026-04-06 02:24:41 | symbol_done | idx=29 | total=120 | symbol=AEROUSDT | status=skip | reason=no_latest_setup | signals=0 | elapsed_s=0.082
2026-04-06 02:24:41 | symbol_done | idx=30 | total=120 | symbol=AEVOUSDT | status=skip | reason=no_latest_setup | signals=0 | elapsed_s=0.078
2026-04-06 02:24:41 | symbol_done | idx=31 | total=120 | symbol=AGLDUSDT | status=skip | reason=no_latest_setup | signals=0 | elapsed_s=0.098
2026-04-06 02:24:41 | symbol_done | idx=32 | total=120 | symbol=AGTUSDT | status=skip | reason=no_latest_setup | signals=0 | elapsed_s=0.069
2026-04-06 02:24:41 | symbol_done | idx=33 | total=120 | symbol=AIAUSDT | status=skip | reason=no_latest_setup | signals=0 | elapsed_s=0.084
2026-04-06 02:24:41 | symbol_done | idx=34 | total=120 | symbol=AINUSDT | status=skip | reason=no_latest_setup | signals=0 | elapsed_s=0.071
2026-04-06 02:24:41 | symbol_done | idx=35 | total=120 | symbol=AIOTUSDT | status=skip | reason=no_latest_setup | signals=0 | elapsed_s=0.080
2026-04-06 02:24:41 | symbol_done | idx=36 | total=120 | symbol=AIOUSDT | status=skip | reason=no_latest_setup | signals=0 | elapsed_s=0.074
2026-04-06 02:24:41 | symbol_done | idx=37 | total=120 | symbol=AIUSDT | status=skip | reason=no_latest_setup | signals=0 | elapsed_s=0.064
2026-04-06 02:24:41 | symbol_done | idx=38 | total=120 | symbol=AIXBTUSDT | status=skip | reason=no_latest_setup | signals=0 | elapsed_s=0.076
2026-04-06 02:24:42 | symbol_done | idx=39 | total=120 | symbol=AKEUSDT | status=skip | reason=no_latest_setup | signals=0 | elapsed_s=0.079
2026-04-06 02:24:42 | symbol_done | idx=40 | total=120 | symbol=AKTUSDT | status=skip | reason=no_latest_setup | signals=0 | elapsed_s=0.080
2026-04-06 02:24:42 | symbol_done | idx=41 | total=120 | symbol=ALCHUSDT | status=skip | reason=no_latest_setup | signals=0 | elapsed_s=0.071
2026-04-06 02:24:42 | symbol_done | idx=42 | total=120 | symbol=ALGOUSDT | status=skip | reason=no_latest_setup | signals=0 | elapsed_s=0.077
2026-04-06 02:24:42 | symbol_done | idx=43 | total=120 | symbol=ALICEUSDT | status=skip | reason=no_latest_setup | signals=0 | elapsed_s=0.061
2026-04-06 02:24:42 | symbol_done | idx=44 | total=120 | symbol=ALLOUSDT | status=skip | reason=no_latest_setup | signals=0 | elapsed_s=0.069
2026-04-06 02:24:42 | symbol_done | idx=45 | total=120 | symbol=ALLUSDT | status=skip | reason=no_latest_setup | signals=0 | elapsed_s=0.080
2026-04-06 02:24:42 | symbol_done | idx=46 | total=120 | symbol=ALPINEUSDT | status=skip | reason=no_setup | signals=0 | elapsed_s=0.061
2026-04-06 02:24:42 | symbol_done | idx=47 | total=120 | symbol=ALTUSDT | status=skip | reason=no_latest_setup | signals=0 | elapsed_s=0.086
2026-04-06 02:24:42 | symbol_done | idx=48 | total=120 | symbol=AMZNUSDT | status=skip | reason=no_setup | signals=0 | elapsed_s=0.064
2026-04-06 02:24:42 | symbol_done | idx=49 | total=120 | symbol=ANIMEUSDT | status=skip | reason=no_latest_setup | signals=0 | elapsed_s=0.073
2026-04-06 02:24:42 | symbol_done | idx=50 | total=120 | symbol=ANKRUSDT | status=skip | reason=no_latest_setup | signals=0 | elapsed_s=0.081
2026-04-06 02:24:42 | symbol_done | idx=51 | total=120 | symbol=APEUSDT | status=skip | reason=no_latest_setup | signals=0 | elapsed_s=0.069
2026-04-06 02:24:42 | symbol_done | idx=52 | total=120 | symbol=API3USDT | status=skip | reason=no_latest_setup | signals=0 | elapsed_s=0.085
2026-04-06 02:24:43 | symbol_done | idx=53 | total=120 | symbol=APRUSDT | status=skip | reason=no_latest_setup | signals=0 | elapsed_s=0.083
2026-04-06 02:24:43 | symbol_done | idx=54 | total=120 | symbol=APTUSDT | status=skip | reason=no_latest_setup | signals=0 | elapsed_s=0.081
2026-04-06 02:24:43 | symbol_done | idx=55 | total=120 | symbol=ARBUSDT | status=skip | reason=no_latest_setup | signals=0 | elapsed_s=0.078
2026-04-06 02:24:43 | symbol_done | idx=56 | total=120 | symbol=ARCUSDT | status=skip | reason=no_latest_setup | signals=0 | elapsed_s=0.081
2026-04-06 02:24:43 | symbol_done | idx=57 | total=120 | symbol=ARIAUSDT | status=skip | reason=no_latest_setup | signals=0 | elapsed_s=0.094
2026-04-06 02:24:43 | symbol_done | idx=58 | total=120 | symbol=ARKMUSDT | status=skip | reason=no_latest_setup | signals=0 | elapsed_s=0.086
2026-04-06 02:24:43 | symbol_done | idx=59 | total=120 | symbol=ARKUSDT | status=skip | reason=no_latest_setup | signals=0 | elapsed_s=0.078
2026-04-06 02:24:43 | symbol_done | idx=60 | total=120 | symbol=ARPAUSDT | status=skip | reason=no_latest_setup | signals=0 | elapsed_s=0.068
2026-04-06 02:24:43 | symbol_done | idx=61 | total=120 | symbol=ARUSDT | status=skip | reason=no_latest_setup | signals=0 | elapsed_s=0.075
2026-04-06 02:24:43 | symbol_done | idx=62 | total=120 | symbol=ASRUSDT | status=skip | reason=no_setup | signals=0 | elapsed_s=0.050
2026-04-06 02:24:43 | symbol_done | idx=63 | total=120 | symbol=ASTERUSDT | status=skip | reason=no_latest_setup | signals=0 | elapsed_s=0.077
2026-04-06 02:24:43 | symbol_done | idx=64 | total=120 | symbol=ASTRUSDT | status=skip | reason=no_latest_setup | signals=0 | elapsed_s=0.085
2026-04-06 02:24:44 | symbol_done | idx=65 | total=120 | symbol=ATAUSDT | status=skip | reason=no_latest_setup | signals=0 | elapsed_s=0.083
2026-04-06 02:24:44 | symbol_done | idx=66 | total=120 | symbol=ATHUSDT | status=skip | reason=no_latest_setup | signals=0 | elapsed_s=0.072
2026-04-06 02:24:44 | symbol_done | idx=67 | total=120 | symbol=ATOMUSDT | status=skip | reason=no_latest_setup | signals=0 | elapsed_s=0.069
2026-04-06 02:24:44 | symbol_done | idx=68 | total=120 | symbol=ATUSDT | status=skip | reason=no_latest_setup | signals=0 | elapsed_s=0.077
2026-04-06 02:24:44 | symbol_done | idx=69 | total=120 | symbol=AUCTIONUSDT | status=skip | reason=no_latest_setup | signals=0 | elapsed_s=0.080
2026-04-06 02:24:44 | symbol_done | idx=70 | total=120 | symbol=AUSDT | status=skip | reason=no_latest_setup | signals=0 | elapsed_s=0.083
2026-04-06 02:24:44 | symbol_done | idx=71 | total=120 | symbol=AVAAIUSDT | status=skip | reason=no_latest_setup | signals=0 | elapsed_s=0.084
2026-04-06 02:24:44 | symbol_done | idx=72 | total=120 | symbol=AVAUSDT | status=skip | reason=no_latest_setup | signals=0 | elapsed_s=0.093
2026-04-06 02:24:44 | symbol_done | idx=73 | total=120 | symbol=AVAXUSDT | status=skip | reason=no_latest_setup | signals=0 | elapsed_s=0.087
2026-04-06 02:24:44 | symbol_done | idx=74 | total=120 | symbol=AVNTUSDT | status=skip | reason=no_latest_setup | signals=0 | elapsed_s=0.073
2026-04-06 02:24:44 | symbol_done | idx=75 | total=120 | symbol=AWEUSDT | status=skip | reason=no_latest_setup | signals=0 | elapsed_s=0.074
2026-04-06 02:24:44 | symbol_done | idx=76 | total=120 | symbol=AXLUSDT | status=skip | reason=no_latest_setup | signals=0 | elapsed_s=0.078
2026-04-06 02:24:44 | symbol_done | idx=77 | total=120 | symbol=AXSUSDT | status=skip | reason=no_latest_setup | signals=0 | elapsed_s=0.076
2026-04-06 02:24:45 | symbol_done | idx=78 | total=120 | symbol=AZTECUSDT | status=skip | reason=no_latest_setup | signals=0 | elapsed_s=0.069
2026-04-06 02:24:45 | symbol_done | idx=79 | total=120 | symbol=B2USDT | status=skip | reason=no_latest_setup | signals=0 | elapsed_s=0.151
2026-04-06 02:24:45 | symbol_done | idx=80 | total=120 | symbol=B3USDT | status=skip | reason=no_latest_setup | signals=0 | elapsed_s=0.069
2026-04-06 02:24:45 | symbol_done | idx=81 | total=120 | symbol=BABYUSDT | status=skip | reason=no_latest_setup | signals=0 | elapsed_s=0.061
2026-04-06 02:24:45 | symbol_done | idx=82 | total=120 | symbol=BANANAS31USDT | status=skip | reason=no_latest_setup | signals=0 | elapsed_s=0.062
2026-04-06 02:24:45 | symbol_done | idx=83 | total=120 | symbol=BANANAUSDT | status=skip | reason=no_latest_setup | signals=0 | elapsed_s=0.055
2026-04-06 02:24:45 | symbol_done | idx=84 | total=120 | symbol=BANDUSDT | status=skip | reason=no_latest_setup | signals=0 | elapsed_s=0.051
2026-04-06 02:24:45 | symbol_done | idx=85 | total=120 | symbol=BANKUSDT | status=skip | reason=no_latest_setup | signals=0 | elapsed_s=0.042
2026-04-06 02:24:45 | symbol_done | idx=86 | total=120 | symbol=BANUSDT | status=skip | reason=no_latest_setup | signals=0 | elapsed_s=0.035
2026-04-06 02:24:45 | symbol_done | idx=87 | total=120 | symbol=BARDUSDT | status=skip | reason=no_latest_setup | signals=0 | elapsed_s=0.043
2026-04-06 02:24:45 | symbol_done | idx=88 | total=120 | symbol=BASEDUSDT | status=skip | reason=insufficient_history | signals=0 | elapsed_s=0.018
2026-04-06 02:24:45 | symbol_done | idx=89 | total=120 | symbol=BASUSDT | status=skip | reason=no_latest_setup | signals=0 | elapsed_s=0.042
2026-04-06 02:24:45 | symbol_done | idx=90 | total=120 | symbol=BATUSDT | status=skip | reason=no_latest_setup | signals=0 | elapsed_s=0.052
2026-04-06 02:24:45 | symbol_done | idx=91 | total=120 | symbol=BBUSDT | status=skip | reason=no_latest_setup | signals=0 | elapsed_s=0.052
2026-04-06 02:24:45 | symbol_done | idx=92 | total=120 | symbol=BCHUSDT | status=skip | reason=no_latest_setup | signals=0 | elapsed_s=0.050
2026-04-06 02:24:45 | symbol_done | idx=93 | total=120 | symbol=BDXNUSDT | status=skip | reason=no_latest_setup | signals=0 | elapsed_s=0.035
2026-04-06 02:24:45 | symbol_done | idx=94 | total=120 | symbol=BEAMXUSDT | status=skip | reason=no_latest_setup | signals=0 | elapsed_s=0.054
2026-04-06 02:24:45 | symbol_done | idx=95 | total=120 | symbol=BEATUSDT | status=skip | reason=no_latest_setup | signals=0 | elapsed_s=0.048
2026-04-06 02:24:46 | symbol_done | idx=96 | total=120 | symbol=BELUSDT | status=skip | reason=no_latest_setup | signals=0 | elapsed_s=0.055
2026-04-06 02:24:46 | symbol_done | idx=97 | total=120 | symbol=BERAUSDT | status=skip | reason=no_latest_setup | signals=0 | elapsed_s=0.045
2026-04-06 02:24:46 | symbol_done | idx=98 | total=120 | symbol=BICOUSDT | status=skip | reason=no_latest_setup | signals=0 | elapsed_s=0.050
2026-04-06 02:24:46 | symbol_done | idx=99 | total=120 | symbol=BIDUSDT | status=skip | reason=no_latest_setup | signals=0 | elapsed_s=0.037
2026-04-06 02:24:46 | symbol_done | idx=100 | total=120 | symbol=BIGTIMEUSDT | status=skip | reason=no_latest_setup | signals=0 | elapsed_s=0.056
2026-04-06 02:24:46 | symbol_done | idx=101 | total=120 | symbol=BIOUSDT | status=skip | reason=no_latest_setup | signals=0 | elapsed_s=0.040
2026-04-06 02:24:46 | symbol_done | idx=102 | total=120 | symbol=BIRBUSDT | status=skip | reason=no_latest_setup | signals=0 | elapsed_s=0.032
2026-04-06 02:24:46 | symbol_done | idx=103 | total=120 | symbol=BLESSUSDT | status=skip | reason=no_latest_setup | signals=0 | elapsed_s=0.025
2026-04-06 02:24:46 | symbol_done | idx=104 | total=120 | symbol=BLUAIUSDT | status=skip | reason=no_latest_setup | signals=0 | elapsed_s=0.030
2026-04-06 02:24:46 | symbol_done | idx=105 | total=120 | symbol=BLURUSDT | status=skip | reason=no_latest_setup | signals=0 | elapsed_s=0.044
2026-04-06 02:24:46 | symbol_done | idx=106 | total=120 | symbol=BMTUSDT | status=skip | reason=no_latest_setup | signals=0 | elapsed_s=0.027
2026-04-06 02:24:46 | symbol_done | idx=107 | total=120 | symbol=BNBUSDT | status=skip | reason=no_latest_setup | signals=0 | elapsed_s=0.026
2026-04-06 02:24:46 | symbol_done | idx=108 | total=120 | symbol=BNTUSDT | status=skip | reason=no_latest_setup | signals=0 | elapsed_s=0.031
2026-04-06 02:24:46 | symbol_done | idx=109 | total=120 | symbol=BOBUSDT | status=skip | reason=no_latest_setup | signals=0 | elapsed_s=0.030
2026-04-06 02:24:46 | symbol_done | idx=110 | total=120 | symbol=BOMEUSDT | status=skip | reason=no_latest_setup | signals=0 | elapsed_s=0.032
2026-04-06 02:24:46 | symbol_done | idx=111 | total=120 | symbol=BRETTUSDT | status=skip | reason=no_latest_setup | signals=0 | elapsed_s=0.036
2026-04-06 02:24:46 | symbol_done | idx=112 | total=120 | symbol=BREVUSDT | status=skip | reason=no_latest_setup | signals=0 | elapsed_s=0.031
2026-04-06 02:24:46 | symbol_done | idx=114 | total=120 | symbol=BROCCOLIF3BUSDT | status=skip | reason=no_latest_setup | signals=0 | elapsed_s=0.035
2026-04-06 02:24:46 | symbol_done | idx=115 | total=120 | symbol=BRUSDT | status=skip | reason=no_latest_setup | signals=0 | elapsed_s=0.038
2026-04-06 02:24:46 | symbol_done | idx=116 | total=120 | symbol=BSBUSDT | status=skip | reason=insufficient_history | signals=0 | elapsed_s=0.020
2026-04-06 02:24:46 | symbol_done | idx=117 | total=120 | symbol=BSVUSDT | status=skip | reason=no_latest_setup | signals=0 | elapsed_s=0.046
2026-04-06 02:24:46 | symbol_done | idx=118 | total=120 | symbol=BTC-260327USDT | status=skip | reason=insufficient_history | signals=0 | elapsed_s=0.002
2026-04-06 02:24:46 | symbol_done | idx=119 | total=120 | symbol=BTCDOMUSDT | status=skip | reason=no_setup | signals=0 | elapsed_s=0.046
2026-04-06 02:24:46 | symbol_done | idx=120 | total=120 | symbol=BTCUSDT | status=skip | reason=no_latest_setup | signals=0 | elapsed_s=0.044
2026-04-06 02:24:46 | symbol_done | idx=113 | total=120 | symbol=BROCCOLI714USDT | status=ok | reason=below_threshold | signals=0 | elapsed_s=0.288
2026-04-06 02:24:46 | scan_end | timeframe=1h | symbols=120 | total_signals=0 | elapsed_s=8.003 | log_file=D:\Code\Projects\self-projects\macd-overlay - Copy\output\scanner_debug_recent.log
2026-04-06 02:24:46 | scan_start | timeframe=1h | symbols=120 | lookback_days=450 | batch_predict=True
2026-04-06 02:24:46 | symbol_done | idx=1 | total=120 | symbol=0GUSDT | status=skip | reason=no_latest_setup | signals=0 | elapsed_s=0.051
2026-04-06 02:24:47 | symbol_done | idx=2 | total=120 | symbol=1000000BOBUSDT | status=skip | reason=no_latest_setup | signals=0 | elapsed_s=0.047
2026-04-06 02:24:47 | symbol_done | idx=3 | total=120 | symbol=1000000MOGUSDT | status=skip | reason=no_latest_setup | signals=0 | elapsed_s=0.033
2026-04-06 02:24:47 | symbol_done | idx=4 | total=120 | symbol=1000BONKUSDT | status=skip | reason=no_latest_setup | signals=0 | elapsed_s=0.030
2026-04-06 02:24:47 | symbol_done | idx=5 | total=120 | symbol=1000CATUSDT | status=skip | reason=no_latest_setup | signals=0 | elapsed_s=0.027
2026-04-06 02:24:47 | symbol_done | idx=6 | total=120 | symbol=1000CHEEMSUSDT | status=skip | reason=no_latest_setup | signals=0 | elapsed_s=0.029
2026-04-06 02:24:47 | symbol_done | idx=7 | total=120 | symbol=1000FLOKIUSDT | status=skip | reason=no_latest_setup | signals=0 | elapsed_s=0.026
2026-04-06 02:24:47 | symbol_done | idx=8 | total=120 | symbol=1000LUNCUSDT | status=skip | reason=no_latest_setup | signals=0 | elapsed_s=0.033
2026-04-06 02:24:47 | symbol_done | idx=9 | total=120 | symbol=1000PEPEUSDT | status=skip | reason=no_latest_setup | signals=0 | elapsed_s=0.029
2026-04-06 02:24:47 | symbol_done | idx=10 | total=120 | symbol=1000RATSUSDT | status=skip | reason=no_latest_setup | signals=0 | elapsed_s=0.036
2026-04-06 02:24:47 | symbol_done | idx=11 | total=120 | symbol=1000SATSUSDT | status=skip | reason=no_latest_setup | signals=0 | elapsed_s=0.035
2026-04-06 02:24:47 | symbol_done | idx=12 | total=120 | symbol=1000SHIBUSDT | status=skip | reason=no_latest_setup | signals=0 | elapsed_s=0.029
2026-04-06 02:24:47 | symbol_done | idx=13 | total=120 | symbol=1000WHYUSDT | status=skip | reason=no_latest_setup | signals=0 | elapsed_s=0.030
2026-04-06 02:24:47 | symbol_done | idx=14 | total=120 | symbol=1000XECUSDT | status=skip | reason=no_setup | signals=0 | elapsed_s=0.029
2026-04-06 02:24:47 | symbol_done | idx=15 | total=120 | symbol=1INCHUSDT | status=skip | reason=no_latest_setup | signals=0 | elapsed_s=0.037
2026-04-06 02:24:47 | symbol_done | idx=16 | total=120 | symbol=1MBABYDOGEUSDT | status=skip | reason=no_latest_setup | signals=0 | elapsed_s=0.033
2026-04-06 02:24:47 | symbol_done | idx=17 | total=120 | symbol=2ZUSDT | status=skip | reason=no_latest_setup | signals=0 | elapsed_s=0.031
2026-04-06 02:24:47 | symbol_done | idx=18 | total=120 | symbol=42USDT | status=skip | reason=no_latest_setup | signals=0 | elapsed_s=0.041
2026-04-06 02:24:47 | symbol_done | idx=19 | total=120 | symbol=4USDT | status=skip | reason=no_latest_setup | signals=0 | elapsed_s=0.031
2026-04-06 02:24:47 | symbol_done | idx=20 | total=120 | symbol=A2ZUSDT | status=skip | reason=no_latest_setup | signals=0 | elapsed_s=0.032
2026-04-06 02:24:47 | symbol_done | idx=21 | total=120 | symbol=AAVEUSDT | status=skip | reason=no_latest_setup | signals=0 | elapsed_s=0.056
2026-04-06 02:24:47 | symbol_done | idx=22 | total=120 | symbol=ACEUSDT | status=skip | reason=no_latest_setup | signals=0 | elapsed_s=0.044
2026-04-06 02:24:47 | symbol_done | idx=23 | total=120 | symbol=ACHUSDT | status=skip | reason=no_latest_setup | signals=0 | elapsed_s=0.047
2026-04-06 02:24:47 | symbol_done | idx=24 | total=120 | symbol=ACTUSDT | status=skip | reason=no_latest_setup | signals=0 | elapsed_s=0.040
2026-04-06 02:24:47 | symbol_done | idx=25 | total=120 | symbol=ACUUSDT | status=skip | reason=no_latest_setup | signals=0 | elapsed_s=0.035
2026-04-06 02:24:47 | symbol_done | idx=26 | total=120 | symbol=ACXUSDT | status=skip | reason=no_latest_setup | signals=0 | elapsed_s=0.041
2026-04-06 02:24:47 | symbol_done | idx=27 | total=120 | symbol=ADAUSDT | status=skip | reason=no_latest_setup | signals=0 | elapsed_s=0.038
2026-04-06 02:24:47 | symbol_done | idx=28 | total=120 | symbol=AERGOUSDT | status=skip | reason=no_latest_setup | signals=0 | elapsed_s=0.030
2026-04-06 02:24:47 | symbol_done | idx=29 | total=120 | symbol=AEROUSDT | status=skip | reason=no_latest_setup | signals=0 | elapsed_s=0.032
2026-04-06 02:24:48 | symbol_done | idx=30 | total=120 | symbol=AEVOUSDT | status=skip | reason=no_latest_setup | signals=0 | elapsed_s=0.040
2026-04-06 02:24:48 | symbol_done | idx=31 | total=120 | symbol=AGLDUSDT | status=skip | reason=no_latest_setup | signals=0 | elapsed_s=0.032
2026-04-06 02:24:48 | symbol_done | idx=32 | total=120 | symbol=AGTUSDT | status=skip | reason=no_latest_setup | signals=0 | elapsed_s=0.032
2026-04-06 02:24:48 | symbol_done | idx=33 | total=120 | symbol=AIAUSDT | status=skip | reason=no_latest_setup | signals=0 | elapsed_s=0.041
2026-04-06 02:24:48 | symbol_done | idx=34 | total=120 | symbol=AINUSDT | status=skip | reason=no_latest_setup | signals=0 | elapsed_s=0.043
2026-04-06 02:24:48 | symbol_done | idx=35 | total=120 | symbol=AIOTUSDT | status=skip | reason=no_latest_setup | signals=0 | elapsed_s=0.042
2026-04-06 02:24:48 | symbol_done | idx=36 | total=120 | symbol=AIOUSDT | status=skip | reason=no_latest_setup | signals=0 | elapsed_s=0.051
2026-04-06 02:24:48 | symbol_done | idx=37 | total=120 | symbol=AIUSDT | status=skip | reason=no_latest_setup | signals=0 | elapsed_s=0.061
2026-04-06 02:24:48 | symbol_done | idx=38 | total=120 | symbol=AIXBTUSDT | status=skip | reason=no_latest_setup | signals=0 | elapsed_s=0.052
2026-04-06 02:24:48 | symbol_done | idx=39 | total=120 | symbol=AKEUSDT | status=skip | reason=no_latest_setup | signals=0 | elapsed_s=0.053
2026-04-06 02:24:48 | symbol_done | idx=40 | total=120 | symbol=AKTUSDT | status=skip | reason=no_latest_setup | signals=0 | elapsed_s=0.037
2026-04-06 02:24:48 | symbol_done | idx=41 | total=120 | symbol=ALCHUSDT | status=skip | reason=no_latest_setup | signals=0 | elapsed_s=0.050
2026-04-06 02:24:48 | symbol_done | idx=42 | total=120 | symbol=ALGOUSDT | status=skip | reason=no_latest_setup | signals=0 | elapsed_s=0.067
2026-04-06 02:24:48 | symbol_done | idx=43 | total=120 | symbol=ALICEUSDT | status=skip | reason=no_latest_setup | signals=0 | elapsed_s=0.057
2026-04-06 02:24:48 | symbol_done | idx=44 | total=120 | symbol=ALLOUSDT | status=skip | reason=no_latest_setup | signals=0 | elapsed_s=0.052
2026-04-06 02:24:48 | symbol_done | idx=45 | total=120 | symbol=ALLUSDT | status=skip | reason=no_latest_setup | signals=0 | elapsed_s=0.047
2026-04-06 02:24:48 | symbol_done | idx=46 | total=120 | symbol=ALPINEUSDT | status=skip | reason=no_setup | signals=0 | elapsed_s=0.044
2026-04-06 02:24:48 | symbol_done | idx=47 | total=120 | symbol=ALTUSDT | status=skip | reason=no_latest_setup | signals=0 | elapsed_s=0.053
2026-04-06 02:24:48 | symbol_done | idx=48 | total=120 | symbol=AMZNUSDT | status=skip | reason=no_setup | signals=0 | elapsed_s=0.051
2026-04-06 02:24:48 | symbol_done | idx=49 | total=120 | symbol=ANIMEUSDT | status=skip | reason=no_latest_setup | signals=0 | elapsed_s=0.051
2026-04-06 02:24:48 | symbol_done | idx=50 | total=120 | symbol=ANKRUSDT | status=skip | reason=no_latest_setup | signals=0 | elapsed_s=0.054
2026-04-06 02:24:49 | symbol_done | idx=51 | total=120 | symbol=APEUSDT | status=skip | reason=no_latest_setup | signals=0 | elapsed_s=0.055
2026-04-06 02:24:49 | symbol_done | idx=52 | total=120 | symbol=API3USDT | status=skip | reason=no_latest_setup | signals=0 | elapsed_s=0.058
2026-04-06 02:24:49 | symbol_done | idx=53 | total=120 | symbol=APRUSDT | status=skip | reason=no_latest_setup | signals=0 | elapsed_s=0.061
2026-04-06 02:24:49 | symbol_done | idx=54 | total=120 | symbol=APTUSDT | status=skip | reason=no_latest_setup | signals=0 | elapsed_s=0.050
2026-04-06 02:24:49 | symbol_done | idx=55 | total=120 | symbol=ARBUSDT | status=skip | reason=no_latest_setup | signals=0 | elapsed_s=0.051
2026-04-06 02:24:49 | symbol_done | idx=56 | total=120 | symbol=ARCUSDT | status=skip | reason=no_latest_setup | signals=0 | elapsed_s=0.039
2026-04-06 02:24:49 | symbol_done | idx=57 | total=120 | symbol=ARIAUSDT | status=skip | reason=no_latest_setup | signals=0 | elapsed_s=0.040
2026-04-06 02:24:49 | symbol_done | idx=58 | total=120 | symbol=ARKMUSDT | status=skip | reason=no_latest_setup | signals=0 | elapsed_s=0.030
2026-04-06 02:24:49 | symbol_done | idx=59 | total=120 | symbol=ARKUSDT | status=skip | reason=no_latest_setup | signals=0 | elapsed_s=0.037
2026-04-06 02:24:49 | symbol_done | idx=60 | total=120 | symbol=ARPAUSDT | status=skip | reason=no_latest_setup | signals=0 | elapsed_s=0.037
2026-04-06 02:24:49 | symbol_done | idx=61 | total=120 | symbol=ARUSDT | status=skip | reason=no_latest_setup | signals=0 | elapsed_s=0.048
2026-04-06 02:24:49 | symbol_done | idx=62 | total=120 | symbol=ASRUSDT | status=skip | reason=no_setup | signals=0 | elapsed_s=0.027
2026-04-06 02:24:49 | symbol_done | idx=63 | total=120 | symbol=ASTERUSDT | status=skip | reason=no_latest_setup | signals=0 | elapsed_s=0.034
2026-04-06 02:24:49 | symbol_done | idx=64 | total=120 | symbol=ASTRUSDT | status=skip | reason=no_latest_setup | signals=0 | elapsed_s=0.032
2026-04-06 02:24:49 | symbol_done | idx=65 | total=120 | symbol=ATAUSDT | status=skip | reason=no_latest_setup | signals=0 | elapsed_s=0.042
2026-04-06 02:24:49 | symbol_done | idx=66 | total=120 | symbol=ATHUSDT | status=skip | reason=no_latest_setup | signals=0 | elapsed_s=0.064
2026-04-06 02:24:49 | symbol_done | idx=67 | total=120 | symbol=ATOMUSDT | status=skip | reason=no_latest_setup | signals=0 | elapsed_s=0.057
2026-04-06 02:24:49 | symbol_done | idx=68 | total=120 | symbol=ATUSDT | status=skip | reason=no_latest_setup | signals=0 | elapsed_s=0.053
2026-04-06 02:24:49 | symbol_done | idx=69 | total=120 | symbol=AUCTIONUSDT | status=skip | reason=no_latest_setup | signals=0 | elapsed_s=0.046
2026-04-06 02:24:49 | symbol_done | idx=70 | total=120 | symbol=AUSDT | status=skip | reason=no_latest_setup | signals=0 | elapsed_s=0.042
2026-04-06 02:24:49 | symbol_done | idx=71 | total=120 | symbol=AVAAIUSDT | status=skip | reason=no_latest_setup | signals=0 | elapsed_s=0.041
2026-04-06 02:24:49 | symbol_done | idx=72 | total=120 | symbol=AVAUSDT | status=skip | reason=no_latest_setup | signals=0 | elapsed_s=0.044
2026-04-06 02:24:50 | symbol_done | idx=73 | total=120 | symbol=AVAXUSDT | status=skip | reason=no_latest_setup | signals=0 | elapsed_s=0.035
2026-04-06 02:24:50 | symbol_done | idx=74 | total=120 | symbol=AVNTUSDT | status=skip | reason=no_latest_setup | signals=0 | elapsed_s=0.115
2026-04-06 02:24:50 | symbol_done | idx=75 | total=120 | symbol=AWEUSDT | status=skip | reason=no_latest_setup | signals=0 | elapsed_s=0.044
2026-04-06 02:24:50 | symbol_done | idx=76 | total=120 | symbol=AXLUSDT | status=skip | reason=no_latest_setup | signals=0 | elapsed_s=0.052
2026-04-06 02:24:50 | symbol_done | idx=77 | total=120 | symbol=AXSUSDT | status=skip | reason=no_latest_setup | signals=0 | elapsed_s=0.062
2026-04-06 02:24:50 | symbol_done | idx=78 | total=120 | symbol=AZTECUSDT | status=skip | reason=no_latest_setup | signals=0 | elapsed_s=0.043
2026-04-06 02:24:50 | symbol_done | idx=79 | total=120 | symbol=B2USDT | status=skip | reason=no_latest_setup | signals=0 | elapsed_s=0.041
2026-04-06 02:24:50 | symbol_done | idx=80 | total=120 | symbol=B3USDT | status=skip | reason=no_latest_setup | signals=0 | elapsed_s=0.042
2026-04-06 02:24:50 | symbol_done | idx=81 | total=120 | symbol=BABYUSDT | status=skip | reason=no_latest_setup | signals=0 | elapsed_s=0.046
2026-04-06 02:24:50 | symbol_done | idx=82 | total=120 | symbol=BANANAS31USDT | status=skip | reason=no_latest_setup | signals=0 | elapsed_s=0.036
2026-04-06 02:24:50 | symbol_done | idx=83 | total=120 | symbol=BANANAUSDT | status=skip | reason=no_latest_setup | signals=0 | elapsed_s=0.031
2026-04-06 02:24:50 | symbol_done | idx=84 | total=120 | symbol=BANDUSDT | status=skip | reason=no_latest_setup | signals=0 | elapsed_s=0.041
2026-04-06 02:24:50 | symbol_done | idx=85 | total=120 | symbol=BANKUSDT | status=skip | reason=no_latest_setup | signals=0 | elapsed_s=0.039
2026-04-06 02:24:50 | symbol_done | idx=86 | total=120 | symbol=BANUSDT | status=skip | reason=no_latest_setup | signals=0 | elapsed_s=0.045
2026-04-06 02:24:50 | symbol_done | idx=87 | total=120 | symbol=BARDUSDT | status=skip | reason=no_latest_setup | signals=0 | elapsed_s=0.051
2026-04-06 02:24:50 | symbol_done | idx=88 | total=120 | symbol=BASEDUSDT | status=skip | reason=insufficient_history | signals=0 | elapsed_s=0.014
2026-04-06 02:24:50 | symbol_done | idx=89 | total=120 | symbol=BASUSDT | status=skip | reason=no_latest_setup | signals=0 | elapsed_s=0.030
2026-04-06 02:24:50 | symbol_done | idx=90 | total=120 | symbol=BATUSDT | status=skip | reason=no_latest_setup | signals=0 | elapsed_s=0.051
2026-04-06 02:24:50 | symbol_done | idx=91 | total=120 | symbol=BBUSDT | status=skip | reason=no_latest_setup | signals=0 | elapsed_s=0.045
2026-04-06 02:24:50 | symbol_done | idx=92 | total=120 | symbol=BCHUSDT | status=skip | reason=no_latest_setup | signals=0 | elapsed_s=0.037
2026-04-06 02:24:50 | symbol_done | idx=93 | total=120 | symbol=BDXNUSDT | status=skip | reason=no_latest_setup | signals=0 | elapsed_s=0.034
2026-04-06 02:24:50 | symbol_done | idx=94 | total=120 | symbol=BEAMXUSDT | status=skip | reason=no_latest_setup | signals=0 | elapsed_s=0.037
2026-04-06 02:24:51 | symbol_done | idx=95 | total=120 | symbol=BEATUSDT | status=skip | reason=no_latest_setup | signals=0 | elapsed_s=0.027
2026-04-06 02:24:51 | symbol_done | idx=96 | total=120 | symbol=BELUSDT | status=skip | reason=no_latest_setup | signals=0 | elapsed_s=0.031
2026-04-06 02:24:51 | symbol_done | idx=97 | total=120 | symbol=BERAUSDT | status=skip | reason=no_latest_setup | signals=0 | elapsed_s=0.033
2026-04-06 02:24:51 | symbol_done | idx=98 | total=120 | symbol=BICOUSDT | status=skip | reason=no_latest_setup | signals=0 | elapsed_s=0.043
2026-04-06 02:24:51 | symbol_done | idx=99 | total=120 | symbol=BIDUSDT | status=skip | reason=no_latest_setup | signals=0 | elapsed_s=0.039
2026-04-06 02:24:51 | symbol_done | idx=100 | total=120 | symbol=BIGTIMEUSDT | status=skip | reason=no_latest_setup | signals=0 | elapsed_s=0.025
2026-04-06 02:24:51 | symbol_done | idx=101 | total=120 | symbol=BIOUSDT | status=skip | reason=no_latest_setup | signals=0 | elapsed_s=0.032
2026-04-06 02:24:51 | symbol_done | idx=102 | total=120 | symbol=BIRBUSDT | status=skip | reason=no_latest_setup | signals=0 | elapsed_s=0.029
2026-04-06 02:24:51 | symbol_done | idx=103 | total=120 | symbol=BLESSUSDT | status=skip | reason=no_latest_setup | signals=0 | elapsed_s=0.030
2026-04-06 02:24:51 | symbol_done | idx=104 | total=120 | symbol=BLUAIUSDT | status=skip | reason=no_latest_setup | signals=0 | elapsed_s=0.029
2026-04-06 02:24:51 | symbol_done | idx=105 | total=120 | symbol=BLURUSDT | status=skip | reason=no_latest_setup | signals=0 | elapsed_s=0.040
2026-04-06 02:24:51 | symbol_done | idx=106 | total=120 | symbol=BMTUSDT | status=skip | reason=no_latest_setup | signals=0 | elapsed_s=0.049
2026-04-06 02:24:51 | symbol_done | idx=107 | total=120 | symbol=BNBUSDT | status=skip | reason=no_latest_setup | signals=0 | elapsed_s=0.049
2026-04-06 02:24:51 | symbol_done | idx=108 | total=120 | symbol=BNTUSDT | status=skip | reason=no_latest_setup | signals=0 | elapsed_s=0.044
2026-04-06 02:24:51 | symbol_done | idx=109 | total=120 | symbol=BOBUSDT | status=skip | reason=no_latest_setup | signals=0 | elapsed_s=0.053
2026-04-06 02:24:51 | symbol_done | idx=110 | total=120 | symbol=BOMEUSDT | status=skip | reason=no_latest_setup | signals=0 | elapsed_s=0.038
2026-04-06 02:24:51 | symbol_done | idx=111 | total=120 | symbol=BRETTUSDT | status=skip | reason=no_latest_setup | signals=0 | elapsed_s=0.030
2026-04-06 02:24:51 | symbol_done | idx=112 | total=120 | symbol=BREVUSDT | status=skip | reason=no_latest_setup | signals=0 | elapsed_s=0.036
2026-04-06 02:24:51 | symbol_done | idx=113 | total=120 | symbol=BROCCOLI714USDT | status=skip | reason=no_latest_setup | signals=0 | elapsed_s=0.040
2026-04-06 02:24:51 | symbol_done | idx=114 | total=120 | symbol=BROCCOLIF3BUSDT | status=skip | reason=no_latest_setup | signals=0 | elapsed_s=0.041
2026-04-06 02:24:51 | symbol_done | idx=115 | total=120 | symbol=BRUSDT | status=skip | reason=no_latest_setup | signals=0 | elapsed_s=0.037
2026-04-06 02:24:51 | symbol_done | idx=116 | total=120 | symbol=BSBUSDT | status=skip | reason=insufficient_history | signals=0 | elapsed_s=0.020
2026-04-06 02:24:51 | symbol_done | idx=117 | total=120 | symbol=BSVUSDT | status=skip | reason=no_latest_setup | signals=0 | elapsed_s=0.032
2026-04-06 02:24:51 | symbol_done | idx=118 | total=120 | symbol=BTC-260327USDT | status=skip | reason=insufficient_history | signals=0 | elapsed_s=0.001
2026-04-06 02:24:51 | symbol_done | idx=119 | total=120 | symbol=BTCDOMUSDT | status=skip | reason=no_setup | signals=0 | elapsed_s=0.028
2026-04-06 02:24:51 | symbol_done | idx=120 | total=120 | symbol=BTCUSDT | status=skip | reason=no_latest_setup | signals=0 | elapsed_s=0.030
2026-04-06 02:24:51 | scan_end | timeframe=1h | symbols=120 | total_signals=0 | elapsed_s=4.964 | log_file=D:\Code\Projects\self-projects\macd-overlay - Copy\output\scanner_debug_recent.log
2026-04-06 02:24:51 | scan_start | timeframe=1h | symbols=120 | lookback_days=450 | batch_predict=True
2026-04-06 02:24:51 | symbol_done | idx=1 | total=120 | symbol=0GUSDT | status=skip | reason=no_latest_setup | signals=0 | elapsed_s=0.029
2026-04-06 02:24:51 | symbol_done | idx=2 | total=120 | symbol=1000000BOBUSDT | status=skip | reason=no_latest_setup | signals=0 | elapsed_s=0.038
2026-04-06 02:24:51 | symbol_done | idx=3 | total=120 | symbol=1000000MOGUSDT | status=skip | reason=no_latest_setup | signals=0 | elapsed_s=0.034
2026-04-06 02:24:52 | symbol_done | idx=4 | total=120 | symbol=1000BONKUSDT | status=skip | reason=no_latest_setup | signals=0 | elapsed_s=0.032
2026-04-06 02:24:52 | symbol_done | idx=5 | total=120 | symbol=1000CATUSDT | status=skip | reason=no_latest_setup | signals=0 | elapsed_s=0.026
2026-04-06 02:24:52 | symbol_done | idx=6 | total=120 | symbol=1000CHEEMSUSDT | status=skip | reason=no_latest_setup | signals=0 | elapsed_s=0.027
2026-04-06 02:24:52 | symbol_done | idx=7 | total=120 | symbol=1000FLOKIUSDT | status=skip | reason=no_latest_setup | signals=0 | elapsed_s=0.027
2026-04-06 02:24:52 | symbol_done | idx=8 | total=120 | symbol=1000LUNCUSDT | status=skip | reason=no_latest_setup | signals=0 | elapsed_s=0.030
2026-04-06 02:24:52 | symbol_done | idx=9 | total=120 | symbol=1000PEPEUSDT | status=skip | reason=no_latest_setup | signals=0 | elapsed_s=0.031
2026-04-06 02:24:52 | symbol_done | idx=10 | total=120 | symbol=1000RATSUSDT | status=skip | reason=no_latest_setup | signals=0 | elapsed_s=0.036
2026-04-06 02:24:52 | symbol_done | idx=11 | total=120 | symbol=1000SATSUSDT | status=skip | reason=no_latest_setup | signals=0 | elapsed_s=0.030
2026-04-06 02:24:52 | symbol_done | idx=12 | total=120 | symbol=1000SHIBUSDT | status=skip | reason=no_latest_setup | signals=0 | elapsed_s=0.033
2026-04-06 02:24:52 | symbol_done | idx=13 | total=120 | symbol=1000WHYUSDT | status=skip | reason=no_latest_setup | signals=0 | elapsed_s=0.027
2026-04-06 02:24:52 | symbol_done | idx=14 | total=120 | symbol=1000XECUSDT | status=skip | reason=no_setup | signals=0 | elapsed_s=0.026
2026-04-06 02:24:52 | symbol_done | idx=15 | total=120 | symbol=1INCHUSDT | status=skip | reason=no_latest_setup | signals=0 | elapsed_s=0.032
2026-04-06 02:24:52 | symbol_done | idx=16 | total=120 | symbol=1MBABYDOGEUSDT | status=skip | reason=no_latest_setup | signals=0 | elapsed_s=0.033
2026-04-06 02:24:52 | symbol_done | idx=17 | total=120 | symbol=2ZUSDT | status=skip | reason=no_latest_setup | signals=0 | elapsed_s=0.031
2026-04-06 02:24:52 | symbol_done | idx=18 | total=120 | symbol=42USDT | status=skip | reason=no_latest_setup | signals=0 | elapsed_s=0.036
2026-04-06 02:24:52 | symbol_done | idx=19 | total=120 | symbol=4USDT | status=skip | reason=no_latest_setup | signals=0 | elapsed_s=0.033
2026-04-06 02:24:52 | symbol_done | idx=20 | total=120 | symbol=A2ZUSDT | status=skip | reason=no_latest_setup | signals=0 | elapsed_s=0.030
2026-04-06 02:24:52 | symbol_done | idx=21 | total=120 | symbol=AAVEUSDT | status=skip | reason=no_latest_setup | signals=0 | elapsed_s=0.034
2026-04-06 02:24:52 | symbol_done | idx=22 | total=120 | symbol=ACEUSDT | status=skip | reason=no_latest_setup | signals=0 | elapsed_s=0.030
2026-04-06 02:24:52 | symbol_done | idx=23 | total=120 | symbol=ACHUSDT | status=skip | reason=no_latest_setup | signals=0 | elapsed_s=0.028
2026-04-06 02:24:52 | symbol_done | idx=24 | total=120 | symbol=ACTUSDT | status=skip | reason=no_latest_setup | signals=0 | elapsed_s=0.036
2026-04-06 02:24:52 | symbol_done | idx=25 | total=120 | symbol=ACUUSDT | status=skip | reason=no_latest_setup | signals=0 | elapsed_s=0.032
2026-04-06 02:24:52 | symbol_done | idx=26 | total=120 | symbol=ACXUSDT | status=skip | reason=no_latest_setup | signals=0 | elapsed_s=0.032
2026-04-06 02:24:52 | symbol_done | idx=27 | total=120 | symbol=ADAUSDT | status=skip | reason=no_latest_setup | signals=0 | elapsed_s=0.032
2026-04-06 02:24:52 | symbol_done | idx=28 | total=120 | symbol=AERGOUSDT | status=skip | reason=no_latest_setup | signals=0 | elapsed_s=0.023
2026-04-06 02:24:52 | symbol_done | idx=29 | total=120 | symbol=AEROUSDT | status=skip | reason=no_latest_setup | signals=0 | elapsed_s=0.025
2026-04-06 02:24:52 | symbol_done | idx=30 | total=120 | symbol=AEVOUSDT | status=skip | reason=no_latest_setup | signals=0 | elapsed_s=0.030
2026-04-06 02:24:52 | symbol_done | idx=31 | total=120 | symbol=AGLDUSDT | status=skip | reason=no_latest_setup | signals=0 | elapsed_s=0.030
2026-04-06 02:24:52 | symbol_done | idx=32 | total=120 | symbol=AGTUSDT | status=skip | reason=no_latest_setup | signals=0 | elapsed_s=0.026
2026-04-06 02:24:52 | symbol_done | idx=33 | total=120 | symbol=AIAUSDT | status=skip | reason=no_latest_setup | signals=0 | elapsed_s=0.030
2026-04-06 02:24:52 | symbol_done | idx=34 | total=120 | symbol=AINUSDT | status=skip | reason=no_latest_setup | signals=0 | elapsed_s=0.024
2026-04-06 02:24:52 | symbol_done | idx=35 | total=120 | symbol=AIOTUSDT | status=skip | reason=no_latest_setup | signals=0 | elapsed_s=0.027
2026-04-06 02:24:52 | symbol_done | idx=36 | total=120 | symbol=AIOUSDT | status=skip | reason=no_latest_setup | signals=0 | elapsed_s=0.030
2026-04-06 02:24:53 | symbol_done | idx=37 | total=120 | symbol=AIUSDT | status=skip | reason=no_latest_setup | signals=0 | elapsed_s=0.032
2026-04-06 02:24:53 | symbol_done | idx=38 | total=120 | symbol=AIXBTUSDT | status=skip | reason=no_latest_setup | signals=0 | elapsed_s=0.033
2026-04-06 02:24:53 | symbol_done | idx=39 | total=120 | symbol=AKEUSDT | status=skip | reason=no_latest_setup | signals=0 | elapsed_s=0.036
2026-04-06 02:24:53 | symbol_done | idx=40 | total=120 | symbol=AKTUSDT | status=skip | reason=no_latest_setup | signals=0 | elapsed_s=0.033
2026-04-06 02:24:53 | symbol_done | idx=41 | total=120 | symbol=ALCHUSDT | status=skip | reason=no_latest_setup | signals=0 | elapsed_s=0.037
2026-04-06 02:24:53 | symbol_done | idx=43 | total=120 | symbol=ALICEUSDT | status=skip | reason=no_latest_setup | signals=0 | elapsed_s=0.041
2026-04-06 02:24:53 | symbol_done | idx=44 | total=120 | symbol=ALLOUSDT | status=skip | reason=no_latest_setup | signals=0 | elapsed_s=0.033
2026-04-06 02:24:53 | symbol_done | idx=45 | total=120 | symbol=ALLUSDT | status=skip | reason=no_latest_setup | signals=0 | elapsed_s=0.026
2026-04-06 02:24:53 | symbol_done | idx=46 | total=120 | symbol=ALPINEUSDT | status=skip | reason=no_setup | signals=0 | elapsed_s=0.031
2026-04-06 02:24:53 | symbol_done | idx=47 | total=120 | symbol=ALTUSDT | status=skip | reason=no_latest_setup | signals=0 | elapsed_s=0.041
2026-04-06 02:24:53 | symbol_done | idx=48 | total=120 | symbol=AMZNUSDT | status=skip | reason=no_setup | signals=0 | elapsed_s=0.032
2026-04-06 02:24:53 | symbol_done | idx=49 | total=120 | symbol=ANIMEUSDT | status=skip | reason=no_latest_setup | signals=0 | elapsed_s=0.040
2026-04-06 02:24:53 | symbol_done | idx=50 | total=120 | symbol=ANKRUSDT | status=skip | reason=no_latest_setup | signals=0 | elapsed_s=0.040
2026-04-06 02:24:53 | symbol_done | idx=51 | total=120 | symbol=APEUSDT | status=skip | reason=no_latest_setup | signals=0 | elapsed_s=0.027
2026-04-06 02:24:53 | symbol_done | idx=52 | total=120 | symbol=API3USDT | status=skip | reason=no_latest_setup | signals=0 | elapsed_s=0.029
2026-04-06 02:24:53 | symbol_done | idx=53 | total=120 | symbol=APRUSDT | status=skip | reason=no_latest_setup | signals=0 | elapsed_s=0.047
2026-04-06 02:24:53 | symbol_done | idx=54 | total=120 | symbol=APTUSDT | status=skip | reason=no_latest_setup | signals=0 | elapsed_s=0.059
2026-04-06 02:24:53 | symbol_done | idx=55 | total=120 | symbol=ARBUSDT | status=skip | reason=no_latest_setup | signals=0 | elapsed_s=0.054
2026-04-06 02:24:53 | symbol_done | idx=56 | total=120 | symbol=ARCUSDT | status=skip | reason=no_latest_setup | signals=0 | elapsed_s=0.046
2026-04-06 02:24:53 | symbol_done | idx=57 | total=120 | symbol=ARIAUSDT | status=skip | reason=no_latest_setup | signals=0 | elapsed_s=0.055
2026-04-06 02:24:53 | symbol_done | idx=58 | total=120 | symbol=ARKMUSDT | status=skip | reason=no_latest_setup | signals=0 | elapsed_s=0.058
2026-04-06 02:24:53 | symbol_done | idx=59 | total=120 | symbol=ARKUSDT | status=skip | reason=no_latest_setup | signals=0 | elapsed_s=0.052
2026-04-06 02:24:53 | symbol_done | idx=60 | total=120 | symbol=ARPAUSDT | status=skip | reason=no_latest_setup | signals=0 | elapsed_s=0.048
2026-04-06 02:24:54 | symbol_done | idx=61 | total=120 | symbol=ARUSDT | status=skip | reason=no_latest_setup | signals=0 | elapsed_s=0.047
2026-04-06 02:24:54 | symbol_done | idx=62 | total=120 | symbol=ASRUSDT | status=skip | reason=no_setup | signals=0 | elapsed_s=0.028
2026-04-06 02:24:54 | symbol_done | idx=63 | total=120 | symbol=ASTERUSDT | status=skip | reason=no_latest_setup | signals=0 | elapsed_s=0.047
2026-04-06 02:24:54 | symbol_done | idx=64 | total=120 | symbol=ASTRUSDT | status=skip | reason=no_latest_setup | signals=0 | elapsed_s=0.056
2026-04-06 02:24:54 | symbol_done | idx=65 | total=120 | symbol=ATAUSDT | status=skip | reason=no_latest_setup | signals=0 | elapsed_s=0.043
2026-04-06 02:24:54 | symbol_done | idx=66 | total=120 | symbol=ATHUSDT | status=skip | reason=no_latest_setup | signals=0 | elapsed_s=0.047
2026-04-06 02:24:54 | symbol_done | idx=67 | total=120 | symbol=ATOMUSDT | status=skip | reason=no_latest_setup | signals=0 | elapsed_s=0.047
2026-04-06 02:24:54 | symbol_done | idx=68 | total=120 | symbol=ATUSDT | status=skip | reason=no_latest_setup | signals=0 | elapsed_s=0.040
2026-04-06 02:24:54 | symbol_done | idx=69 | total=120 | symbol=AUCTIONUSDT | status=skip | reason=no_latest_setup | signals=0 | elapsed_s=0.104
2026-04-06 02:24:54 | symbol_done | idx=70 | total=120 | symbol=AUSDT | status=skip | reason=no_latest_setup | signals=0 | elapsed_s=0.035
2026-04-06 02:24:54 | symbol_done | idx=71 | total=120 | symbol=AVAAIUSDT | status=skip | reason=no_latest_setup | signals=0 | elapsed_s=0.038
2026-04-06 02:24:54 | symbol_done | idx=72 | total=120 | symbol=AVAUSDT | status=skip | reason=no_latest_setup | signals=0 | elapsed_s=0.044
2026-04-06 02:24:54 | symbol_done | idx=73 | total=120 | symbol=AVAXUSDT | status=skip | reason=no_latest_setup | signals=0 | elapsed_s=0.041
2026-04-06 02:24:54 | symbol_done | idx=74 | total=120 | symbol=AVNTUSDT | status=skip | reason=no_latest_setup | signals=0 | elapsed_s=0.040
2026-04-06 02:24:54 | symbol_done | idx=75 | total=120 | symbol=AWEUSDT | status=skip | reason=no_latest_setup | signals=0 | elapsed_s=0.028
2026-04-06 02:24:54 | symbol_done | idx=76 | total=120 | symbol=AXLUSDT | status=skip | reason=no_latest_setup | signals=0 | elapsed_s=0.033
2026-04-06 02:24:54 | symbol_done | idx=77 | total=120 | symbol=AXSUSDT | status=skip | reason=no_latest_setup | signals=0 | elapsed_s=0.049
2026-04-06 02:24:54 | symbol_done | idx=78 | total=120 | symbol=AZTECUSDT | status=skip | reason=no_latest_setup | signals=0 | elapsed_s=0.033
2026-04-06 02:24:54 | symbol_done | idx=79 | total=120 | symbol=B2USDT | status=skip | reason=no_latest_setup | signals=0 | elapsed_s=0.032
2026-04-06 02:24:54 | symbol_done | idx=80 | total=120 | symbol=B3USDT | status=skip | reason=no_latest_setup | signals=0 | elapsed_s=0.037
2026-04-06 02:24:54 | symbol_done | idx=81 | total=120 | symbol=BABYUSDT | status=skip | reason=no_latest_setup | signals=0 | elapsed_s=0.029
2026-04-06 02:24:54 | symbol_done | idx=82 | total=120 | symbol=BANANAS31USDT | status=skip | reason=no_latest_setup | signals=0 | elapsed_s=0.037
2026-04-06 02:24:54 | symbol_done | idx=83 | total=120 | symbol=BANANAUSDT | status=skip | reason=no_latest_setup | signals=0 | elapsed_s=0.048
2026-04-06 02:24:55 | symbol_done | idx=84 | total=120 | symbol=BANDUSDT | status=skip | reason=no_latest_setup | signals=0 | elapsed_s=0.045
2026-04-06 02:24:55 | symbol_done | idx=85 | total=120 | symbol=BANKUSDT | status=skip | reason=no_latest_setup | signals=0 | elapsed_s=0.028
2026-04-06 02:24:55 | symbol_done | idx=86 | total=120 | symbol=BANUSDT | status=skip | reason=no_latest_setup | signals=0 | elapsed_s=0.034
2026-04-06 02:24:55 | symbol_done | idx=87 | total=120 | symbol=BARDUSDT | status=skip | reason=no_latest_setup | signals=0 | elapsed_s=0.037
2026-04-06 02:24:55 | symbol_done | idx=88 | total=120 | symbol=BASEDUSDT | status=skip | reason=insufficient_history | signals=0 | elapsed_s=0.023
2026-04-06 02:24:55 | symbol_done | idx=89 | total=120 | symbol=BASUSDT | status=skip | reason=no_latest_setup | signals=0 | elapsed_s=0.032
2026-04-06 02:24:55 | symbol_done | idx=90 | total=120 | symbol=BATUSDT | status=skip | reason=no_latest_setup | signals=0 | elapsed_s=0.037
2026-04-06 02:24:55 | symbol_done | idx=91 | total=120 | symbol=BBUSDT | status=skip | reason=no_latest_setup | signals=0 | elapsed_s=0.036
2026-04-06 02:24:55 | symbol_done | idx=92 | total=120 | symbol=BCHUSDT | status=skip | reason=no_latest_setup | signals=0 | elapsed_s=0.029
2026-04-06 02:24:55 | symbol_done | idx=93 | total=120 | symbol=BDXNUSDT | status=skip | reason=no_latest_setup | signals=0 | elapsed_s=0.031
2026-04-06 02:24:55 | symbol_done | idx=94 | total=120 | symbol=BEAMXUSDT | status=skip | reason=no_latest_setup | signals=0 | elapsed_s=0.025
2026-04-06 02:24:55 | symbol_done | idx=95 | total=120 | symbol=BEATUSDT | status=skip | reason=no_latest_setup | signals=0 | elapsed_s=0.026
2026-04-06 02:24:55 | symbol_done | idx=96 | total=120 | symbol=BELUSDT | status=skip | reason=no_latest_setup | signals=0 | elapsed_s=0.038
2026-04-06 02:24:55 | symbol_done | idx=97 | total=120 | symbol=BERAUSDT | status=skip | reason=no_latest_setup | signals=0 | elapsed_s=0.030
2026-04-06 02:24:55 | symbol_done | idx=98 | total=120 | symbol=BICOUSDT | status=skip | reason=no_latest_setup | signals=0 | elapsed_s=0.027
2026-04-06 02:24:55 | symbol_done | idx=99 | total=120 | symbol=BIDUSDT | status=skip | reason=no_latest_setup | signals=0 | elapsed_s=0.025
2026-04-06 02:24:55 | symbol_done | idx=100 | total=120 | symbol=BIGTIMEUSDT | status=skip | reason=no_latest_setup | signals=0 | elapsed_s=0.031
2026-04-06 02:24:55 | symbol_done | idx=101 | total=120 | symbol=BIOUSDT | status=skip | reason=no_latest_setup | signals=0 | elapsed_s=0.027
2026-04-06 02:24:55 | symbol_done | idx=102 | total=120 | symbol=BIRBUSDT | status=skip | reason=no_latest_setup | signals=0 | elapsed_s=0.027
2026-04-06 02:24:55 | symbol_done | idx=103 | total=120 | symbol=BLESSUSDT | status=skip | reason=no_latest_setup | signals=0 | elapsed_s=0.034
2026-04-06 02:24:55 | symbol_done | idx=104 | total=120 | symbol=BLUAIUSDT | status=skip | reason=no_latest_setup | signals=0 | elapsed_s=0.036
2026-04-06 02:24:55 | symbol_done | idx=105 | total=120 | symbol=BLURUSDT | status=skip | reason=no_latest_setup | signals=0 | elapsed_s=0.037
2026-04-06 02:24:55 | symbol_done | idx=106 | total=120 | symbol=BMTUSDT | status=skip | reason=no_latest_setup | signals=0 | elapsed_s=0.027
2026-04-06 02:24:55 | symbol_done | idx=107 | total=120 | symbol=BNBUSDT | status=skip | reason=no_latest_setup | signals=0 | elapsed_s=0.026
2026-04-06 02:24:55 | symbol_done | idx=108 | total=120 | symbol=BNTUSDT | status=skip | reason=no_latest_setup | signals=0 | elapsed_s=0.031
2026-04-06 02:24:55 | symbol_done | idx=109 | total=120 | symbol=BOBUSDT | status=skip | reason=no_latest_setup | signals=0 | elapsed_s=0.025
2026-04-06 02:24:55 | symbol_done | idx=110 | total=120 | symbol=BOMEUSDT | status=skip | reason=no_latest_setup | signals=0 | elapsed_s=0.034
2026-04-06 02:24:55 | symbol_done | idx=111 | total=120 | symbol=BRETTUSDT | status=skip | reason=no_latest_setup | signals=0 | elapsed_s=0.033
2026-04-06 02:24:55 | symbol_done | idx=112 | total=120 | symbol=BREVUSDT | status=skip | reason=no_latest_setup | signals=0 | elapsed_s=0.025
2026-04-06 02:24:55 | symbol_done | idx=113 | total=120 | symbol=BROCCOLI714USDT | status=skip | reason=no_latest_setup | signals=0 | elapsed_s=0.037
2026-04-06 02:24:55 | symbol_done | idx=114 | total=120 | symbol=BROCCOLIF3BUSDT | status=skip | reason=no_latest_setup | signals=0 | elapsed_s=0.037
2026-04-06 02:24:55 | symbol_done | idx=115 | total=120 | symbol=BRUSDT | status=skip | reason=no_latest_setup | signals=0 | elapsed_s=0.040
2026-04-06 02:24:56 | symbol_done | idx=116 | total=120 | symbol=BSBUSDT | status=skip | reason=insufficient_history | signals=0 | elapsed_s=0.025
2026-04-06 02:24:56 | symbol_done | idx=117 | total=120 | symbol=BSVUSDT | status=skip | reason=no_latest_setup | signals=0 | elapsed_s=0.046
2026-04-06 02:24:56 | symbol_done | idx=118 | total=120 | symbol=BTC-260327USDT | status=skip | reason=insufficient_history | signals=0 | elapsed_s=0.001
2026-04-06 02:24:56 | symbol_done | idx=119 | total=120 | symbol=BTCDOMUSDT | status=skip | reason=no_setup | signals=0 | elapsed_s=0.042
2026-04-06 02:24:56 | symbol_done | idx=120 | total=120 | symbol=BTCUSDT | status=skip | reason=no_latest_setup | signals=0 | elapsed_s=0.049
2026-04-06 02:24:56 | symbol_done | idx=42 | total=120 | symbol=ALGOUSDT | status=ok | reason=signal_emitted | signals=1 | elapsed_s=3.033
2026-04-06 02:24:56 | scan_end | timeframe=1h | symbols=120 | total_signals=1 | elapsed_s=4.309 | log_file=D:\Code\Projects\self-projects\macd-overlay - Copy\output\scanner_debug_recent.log
2026-04-06 02:24:56 | scan_start | timeframe=1h | symbols=120 | lookback_days=450 | batch_predict=True
2026-04-06 02:24:56 | symbol_done | idx=1 | total=120 | symbol=0GUSDT | status=skip | reason=no_latest_setup | signals=0 | elapsed_s=0.054
2026-04-06 02:24:56 | symbol_done | idx=2 | total=120 | symbol=1000000BOBUSDT | status=skip | reason=no_latest_setup | signals=0 | elapsed_s=0.050
2026-04-06 02:24:56 | symbol_done | idx=3 | total=120 | symbol=1000000MOGUSDT | status=skip | reason=no_latest_setup | signals=0 | elapsed_s=0.033
2026-04-06 02:24:56 | symbol_done | idx=4 | total=120 | symbol=1000BONKUSDT | status=skip | reason=no_latest_setup | signals=0 | elapsed_s=0.028
2026-04-06 02:24:56 | symbol_done | idx=5 | total=120 | symbol=1000CATUSDT | status=skip | reason=no_latest_setup | signals=0 | elapsed_s=0.032
2026-04-06 02:24:56 | symbol_done | idx=6 | total=120 | symbol=1000CHEEMSUSDT | status=skip | reason=no_latest_setup | signals=0 | elapsed_s=0.039
2026-04-06 02:24:56 | symbol_done | idx=7 | total=120 | symbol=1000FLOKIUSDT | status=skip | reason=no_latest_setup | signals=0 | elapsed_s=0.026
2026-04-06 02:24:56 | symbol_done | idx=8 | total=120 | symbol=1000LUNCUSDT | status=skip | reason=no_latest_setup | signals=0 | elapsed_s=0.023
2026-04-06 02:24:56 | symbol_done | idx=9 | total=120 | symbol=1000PEPEUSDT | status=skip | reason=no_latest_setup | signals=0 | elapsed_s=0.028
2026-04-06 02:24:56 | symbol_done | idx=10 | total=120 | symbol=1000RATSUSDT | status=skip | reason=no_latest_setup | signals=0 | elapsed_s=0.023
2026-04-06 02:24:56 | symbol_done | idx=11 | total=120 | symbol=1000SATSUSDT | status=skip | reason=no_latest_setup | signals=0 | elapsed_s=0.029
2026-04-06 02:24:56 | symbol_done | idx=12 | total=120 | symbol=1000SHIBUSDT | status=skip | reason=no_latest_setup | signals=0 | elapsed_s=0.040
2026-04-06 02:24:56 | symbol_done | idx=13 | total=120 | symbol=1000WHYUSDT | status=skip | reason=no_latest_setup | signals=0 | elapsed_s=0.030
2026-04-06 02:24:56 | symbol_done | idx=14 | total=120 | symbol=1000XECUSDT | status=skip | reason=no_setup | signals=0 | elapsed_s=0.028
2026-04-06 02:24:56 | symbol_done | idx=15 | total=120 | symbol=1INCHUSDT | status=skip | reason=no_latest_setup | signals=0 | elapsed_s=0.031
2026-04-06 02:24:56 | symbol_done | idx=16 | total=120 | symbol=1MBABYDOGEUSDT | status=skip | reason=no_latest_setup | signals=0 | elapsed_s=0.030
2026-04-06 02:24:56 | symbol_done | idx=17 | total=120 | symbol=2ZUSDT | status=skip | reason=no_latest_setup | signals=0 | elapsed_s=0.022
2026-04-06 02:24:56 | symbol_done | idx=18 | total=120 | symbol=42USDT | status=skip | reason=no_latest_setup | signals=0 | elapsed_s=0.026
2026-04-06 02:24:56 | symbol_done | idx=19 | total=120 | symbol=4USDT | status=skip | reason=no_latest_setup | signals=0 | elapsed_s=0.028
2026-04-06 02:24:56 | symbol_done | idx=20 | total=120 | symbol=A2ZUSDT | status=skip | reason=no_latest_setup | signals=0 | elapsed_s=0.029
2026-04-06 02:24:56 | symbol_done | idx=21 | total=120 | symbol=AAVEUSDT | status=skip | reason=no_latest_setup | signals=0 | elapsed_s=0.027
2026-04-06 02:24:56 | symbol_done | idx=22 | total=120 | symbol=ACEUSDT | status=skip | reason=no_latest_setup | signals=0 | elapsed_s=0.032
2026-04-06 02:24:56 | symbol_done | idx=23 | total=120 | symbol=ACHUSDT | status=skip | reason=no_latest_setup | signals=0 | elapsed_s=0.026
2026-04-06 02:24:56 | symbol_done | idx=24 | total=120 | symbol=ACTUSDT | status=skip | reason=no_latest_setup | signals=0 | elapsed_s=0.030
2026-04-06 02:24:56 | symbol_done | idx=25 | total=120 | symbol=ACUUSDT | status=skip | reason=no_latest_setup | signals=0 | elapsed_s=0.025
2026-04-06 02:24:56 | symbol_done | idx=26 | total=120 | symbol=ACXUSDT | status=skip | reason=no_latest_setup | signals=0 | elapsed_s=0.026
2026-04-06 02:24:57 | symbol_done | idx=27 | total=120 | symbol=ADAUSDT | status=skip | reason=no_latest_setup | signals=0 | elapsed_s=0.028
2026-04-06 02:24:57 | symbol_done | idx=28 | total=120 | symbol=AERGOUSDT | status=skip | reason=no_latest_setup | signals=0 | elapsed_s=0.030
2026-04-06 02:24:57 | symbol_done | idx=29 | total=120 | symbol=AEROUSDT | status=skip | reason=no_latest_setup | signals=0 | elapsed_s=0.027
2026-04-06 02:24:57 | symbol_done | idx=30 | total=120 | symbol=AEVOUSDT | status=skip | reason=no_latest_setup | signals=0 | elapsed_s=0.038
2026-04-06 02:24:57 | symbol_done | idx=31 | total=120 | symbol=AGLDUSDT | status=skip | reason=no_latest_setup | signals=0 | elapsed_s=0.030
2026-04-06 02:24:57 | symbol_done | idx=32 | total=120 | symbol=AGTUSDT | status=skip | reason=no_latest_setup | signals=0 | elapsed_s=0.028
2026-04-06 02:24:57 | symbol_done | idx=34 | total=120 | symbol=AINUSDT | status=skip | reason=no_latest_setup | signals=0 | elapsed_s=0.050
2026-04-06 02:24:57 | symbol_done | idx=35 | total=120 | symbol=AIOTUSDT | status=skip | reason=no_latest_setup | signals=0 | elapsed_s=0.040
2026-04-06 02:24:57 | symbol_done | idx=36 | total=120 | symbol=AIOUSDT | status=skip | reason=no_latest_setup | signals=0 | elapsed_s=0.041
2026-04-06 02:24:57 | symbol_done | idx=37 | total=120 | symbol=AIUSDT | status=skip | reason=no_latest_setup | signals=0 | elapsed_s=0.037
2026-04-06 02:24:57 | symbol_done | idx=38 | total=120 | symbol=AIXBTUSDT | status=skip | reason=no_latest_setup | signals=0 | elapsed_s=0.041
2026-04-06 02:24:57 | symbol_done | idx=39 | total=120 | symbol=AKEUSDT | status=skip | reason=no_latest_setup | signals=0 | elapsed_s=0.037
2026-04-06 02:24:57 | symbol_done | idx=40 | total=120 | symbol=AKTUSDT | status=skip | reason=no_latest_setup | signals=0 | elapsed_s=0.026
2026-04-06 02:24:57 | symbol_done | idx=41 | total=120 | symbol=ALCHUSDT | status=skip | reason=no_latest_setup | signals=0 | elapsed_s=0.033
2026-04-06 02:24:57 | symbol_done | idx=42 | total=120 | symbol=ALGOUSDT | status=skip | reason=no_latest_setup | signals=0 | elapsed_s=0.042
2026-04-06 02:24:57 | symbol_done | idx=43 | total=120 | symbol=ALICEUSDT | status=skip | reason=no_latest_setup | signals=0 | elapsed_s=0.037
2026-04-06 02:24:57 | symbol_done | idx=44 | total=120 | symbol=ALLOUSDT | status=skip | reason=no_latest_setup | signals=0 | elapsed_s=0.035
2026-04-06 02:24:57 | symbol_done | idx=45 | total=120 | symbol=ALLUSDT | status=skip | reason=no_latest_setup | signals=0 | elapsed_s=0.029
2026-04-06 02:24:57 | symbol_done | idx=46 | total=120 | symbol=ALPINEUSDT | status=skip | reason=no_setup | signals=0 | elapsed_s=0.031
2026-04-06 02:24:57 | symbol_done | idx=47 | total=120 | symbol=ALTUSDT | status=skip | reason=no_latest_setup | signals=0 | elapsed_s=0.043
2026-04-06 02:24:57 | symbol_done | idx=48 | total=120 | symbol=AMZNUSDT | status=skip | reason=no_setup | signals=0 | elapsed_s=0.041
2026-04-06 02:24:57 | symbol_done | idx=49 | total=120 | symbol=ANIMEUSDT | status=skip | reason=no_latest_setup | signals=0 | elapsed_s=0.040
2026-04-06 02:24:57 | symbol_done | idx=50 | total=120 | symbol=ANKRUSDT | status=skip | reason=no_latest_setup | signals=0 | elapsed_s=0.033
2026-04-06 02:24:57 | symbol_done | idx=51 | total=120 | symbol=APEUSDT | status=skip | reason=no_latest_setup | signals=0 | elapsed_s=0.031
2026-04-06 02:24:57 | symbol_done | idx=52 | total=120 | symbol=API3USDT | status=skip | reason=no_latest_setup | signals=0 | elapsed_s=0.024
2026-04-06 02:24:57 | symbol_done | idx=53 | total=120 | symbol=APRUSDT | status=skip | reason=no_latest_setup | signals=0 | elapsed_s=0.026
2026-04-06 02:24:57 | symbol_done | idx=54 | total=120 | symbol=APTUSDT | status=skip | reason=no_latest_setup | signals=0 | elapsed_s=0.034
2026-04-06 02:24:58 | symbol_done | idx=55 | total=120 | symbol=ARBUSDT | status=skip | reason=no_latest_setup | signals=0 | elapsed_s=0.037
2026-04-06 02:24:58 | symbol_done | idx=56 | total=120 | symbol=ARCUSDT | status=skip | reason=no_latest_setup | signals=0 | elapsed_s=0.027
2026-04-06 02:24:58 | symbol_done | idx=57 | total=120 | symbol=ARIAUSDT | status=skip | reason=no_latest_setup | signals=0 | elapsed_s=0.032
2026-04-06 02:24:58 | symbol_done | idx=58 | total=120 | symbol=ARKMUSDT | status=skip | reason=no_latest_setup | signals=0 | elapsed_s=0.034
2026-04-06 02:24:58 | symbol_done | idx=59 | total=120 | symbol=ARKUSDT | status=skip | reason=no_latest_setup | signals=0 | elapsed_s=0.051
2026-04-06 02:24:58 | symbol_done | idx=60 | total=120 | symbol=ARPAUSDT | status=skip | reason=no_latest_setup | signals=0 | elapsed_s=0.044
2026-04-06 02:24:58 | symbol_done | idx=61 | total=120 | symbol=ARUSDT | status=skip | reason=no_latest_setup | signals=0 | elapsed_s=0.044
2026-04-06 02:24:58 | symbol_done | idx=62 | total=120 | symbol=ASRUSDT | status=skip | reason=no_setup | signals=0 | elapsed_s=0.043
2026-04-06 02:24:58 | symbol_done | idx=63 | total=120 | symbol=ASTERUSDT | status=skip | reason=no_latest_setup | signals=0 | elapsed_s=0.054
2026-04-06 02:24:58 | symbol_done | idx=64 | total=120 | symbol=ASTRUSDT | status=skip | reason=no_latest_setup | signals=0 | elapsed_s=0.112
2026-04-06 02:24:58 | symbol_done | idx=65 | total=120 | symbol=ATAUSDT | status=skip | reason=no_latest_setup | signals=0 | elapsed_s=0.025
2026-04-06 02:24:58 | symbol_done | idx=66 | total=120 | symbol=ATHUSDT | status=skip | reason=no_latest_setup | signals=0 | elapsed_s=0.027
2026-04-06 02:24:58 | symbol_done | idx=67 | total=120 | symbol=ATOMUSDT | status=skip | reason=no_latest_setup | signals=0 | elapsed_s=0.033
2026-04-06 02:24:58 | symbol_done | idx=68 | total=120 | symbol=ATUSDT | status=skip | reason=no_latest_setup | signals=0 | elapsed_s=0.030
2026-04-06 02:24:58 | symbol_done | idx=69 | total=120 | symbol=AUCTIONUSDT | status=skip | reason=no_latest_setup | signals=0 | elapsed_s=0.036
2026-04-06 02:24:58 | symbol_done | idx=70 | total=120 | symbol=AUSDT | status=skip | reason=no_latest_setup | signals=0 | elapsed_s=0.032
2026-04-06 02:24:58 | symbol_done | idx=71 | total=120 | symbol=AVAAIUSDT | status=skip | reason=no_latest_setup | signals=0 | elapsed_s=0.030
2026-04-06 02:24:58 | symbol_done | idx=72 | total=120 | symbol=AVAUSDT | status=skip | reason=no_latest_setup | signals=0 | elapsed_s=0.027
2026-04-06 02:24:58 | symbol_done | idx=73 | total=120 | symbol=AVAXUSDT | status=skip | reason=no_latest_setup | signals=0 | elapsed_s=0.027
2026-04-06 02:24:58 | symbol_done | idx=74 | total=120 | symbol=AVNTUSDT | status=skip | reason=no_latest_setup | signals=0 | elapsed_s=0.028
2026-04-06 02:24:58 | symbol_done | idx=75 | total=120 | symbol=AWEUSDT | status=skip | reason=no_latest_setup | signals=0 | elapsed_s=0.042
2026-04-06 02:24:58 | symbol_done | idx=76 | total=120 | symbol=AXLUSDT | status=skip | reason=no_latest_setup | signals=0 | elapsed_s=0.038
2026-04-06 02:24:58 | symbol_done | idx=77 | total=120 | symbol=AXSUSDT | status=skip | reason=no_latest_setup | signals=0 | elapsed_s=0.027
2026-04-06 02:24:58 | symbol_done | idx=78 | total=120 | symbol=AZTECUSDT | status=skip | reason=no_latest_setup | signals=0 | elapsed_s=0.030
2026-04-06 02:24:58 | symbol_done | idx=79 | total=120 | symbol=B2USDT | status=skip | reason=no_latest_setup | signals=0 | elapsed_s=0.032
2026-04-06 02:24:58 | symbol_done | idx=80 | total=120 | symbol=B3USDT | status=skip | reason=no_latest_setup | signals=0 | elapsed_s=0.032
2026-04-06 02:24:58 | symbol_done | idx=81 | total=120 | symbol=BABYUSDT | status=skip | reason=no_latest_setup | signals=0 | elapsed_s=0.025
2026-04-06 02:24:59 | symbol_done | idx=82 | total=120 | symbol=BANANAS31USDT | status=skip | reason=no_latest_setup | signals=0 | elapsed_s=0.028
2026-04-06 02:24:59 | symbol_done | idx=83 | total=120 | symbol=BANANAUSDT | status=skip | reason=no_latest_setup | signals=0 | elapsed_s=0.029
2026-04-06 02:24:59 | symbol_done | idx=84 | total=120 | symbol=BANDUSDT | status=skip | reason=no_latest_setup | signals=0 | elapsed_s=0.039
2026-04-06 02:24:59 | symbol_done | idx=85 | total=120 | symbol=BANKUSDT | status=skip | reason=no_latest_setup | signals=0 | elapsed_s=0.026
2026-04-06 02:24:59 | symbol_done | idx=86 | total=120 | symbol=BANUSDT | status=skip | reason=no_latest_setup | signals=0 | elapsed_s=0.030
2026-04-06 02:24:59 | symbol_done | idx=87 | total=120 | symbol=BARDUSDT | status=skip | reason=no_latest_setup | signals=0 | elapsed_s=0.033
2026-04-06 02:24:59 | symbol_done | idx=88 | total=120 | symbol=BASEDUSDT | status=skip | reason=insufficient_history | signals=0 | elapsed_s=0.019
2026-04-06 02:24:59 | symbol_done | idx=89 | total=120 | symbol=BASUSDT | status=skip | reason=no_latest_setup | signals=0 | elapsed_s=0.028
2026-04-06 02:24:59 | symbol_done | idx=90 | total=120 | symbol=BATUSDT | status=skip | reason=no_latest_setup | signals=0 | elapsed_s=0.026
2026-04-06 02:24:59 | symbol_done | idx=91 | total=120 | symbol=BBUSDT | status=skip | reason=no_latest_setup | signals=0 | elapsed_s=0.038
2026-04-06 02:24:59 | symbol_done | idx=92 | total=120 | symbol=BCHUSDT | status=skip | reason=no_latest_setup | signals=0 | elapsed_s=0.032
2026-04-06 02:24:59 | symbol_done | idx=93 | total=120 | symbol=BDXNUSDT | status=skip | reason=no_latest_setup | signals=0 | elapsed_s=0.039
2026-04-06 02:24:59 | symbol_done | idx=94 | total=120 | symbol=BEAMXUSDT | status=skip | reason=no_latest_setup | signals=0 | elapsed_s=0.045
2026-04-06 02:24:59 | symbol_done | idx=95 | total=120 | symbol=BEATUSDT | status=skip | reason=no_latest_setup | signals=0 | elapsed_s=0.044
2026-04-06 02:24:59 | symbol_done | idx=96 | total=120 | symbol=BELUSDT | status=skip | reason=no_latest_setup | signals=0 | elapsed_s=0.040
2026-04-06 02:24:59 | symbol_done | idx=97 | total=120 | symbol=BERAUSDT | status=skip | reason=no_latest_setup | signals=0 | elapsed_s=0.026
2026-04-06 02:24:59 | symbol_done | idx=98 | total=120 | symbol=BICOUSDT | status=skip | reason=no_latest_setup | signals=0 | elapsed_s=0.031
2026-04-06 02:24:59 | symbol_done | idx=99 | total=120 | symbol=BIDUSDT | status=skip | reason=no_latest_setup | signals=0 | elapsed_s=0.034
2026-04-06 02:24:59 | symbol_done | idx=100 | total=120 | symbol=BIGTIMEUSDT | status=skip | reason=no_latest_setup | signals=0 | elapsed_s=0.029
2026-04-06 02:24:59 | symbol_done | idx=101 | total=120 | symbol=BIOUSDT | status=skip | reason=no_latest_setup | signals=0 | elapsed_s=0.038
2026-04-06 02:24:59 | symbol_done | idx=102 | total=120 | symbol=BIRBUSDT | status=skip | reason=no_latest_setup | signals=0 | elapsed_s=0.029
2026-04-06 02:24:59 | symbol_done | idx=103 | total=120 | symbol=BLESSUSDT | status=skip | reason=no_latest_setup | signals=0 | elapsed_s=0.034
2026-04-06 02:24:59 | symbol_done | idx=104 | total=120 | symbol=BLUAIUSDT | status=skip | reason=no_latest_setup | signals=0 | elapsed_s=0.032
2026-04-06 02:24:59 | symbol_done | idx=105 | total=120 | symbol=BLURUSDT | status=skip | reason=no_latest_setup | signals=0 | elapsed_s=0.031
2026-04-06 02:24:59 | symbol_done | idx=106 | total=120 | symbol=BMTUSDT | status=skip | reason=no_latest_setup | signals=0 | elapsed_s=0.031
2026-04-06 02:24:59 | symbol_done | idx=107 | total=120 | symbol=BNBUSDT | status=skip | reason=no_latest_setup | signals=0 | elapsed_s=0.035
2026-04-06 02:24:59 | symbol_done | idx=108 | total=120 | symbol=BNTUSDT | status=skip | reason=no_latest_setup | signals=0 | elapsed_s=0.036
2026-04-06 02:24:59 | symbol_done | idx=109 | total=120 | symbol=BOBUSDT | status=skip | reason=no_latest_setup | signals=0 | elapsed_s=0.029
2026-04-06 02:24:59 | symbol_done | idx=110 | total=120 | symbol=BOMEUSDT | status=skip | reason=no_latest_setup | signals=0 | elapsed_s=0.029
2026-04-06 02:24:59 | symbol_done | idx=111 | total=120 | symbol=BRETTUSDT | status=skip | reason=no_latest_setup | signals=0 | elapsed_s=0.034
2026-04-06 02:25:00 | symbol_done | idx=112 | total=120 | symbol=BREVUSDT | status=skip | reason=no_latest_setup | signals=0 | elapsed_s=0.028
2026-04-06 02:25:00 | symbol_done | idx=113 | total=120 | symbol=BROCCOLI714USDT | status=skip | reason=no_latest_setup | signals=0 | elapsed_s=0.038
2026-04-06 02:25:00 | symbol_done | idx=114 | total=120 | symbol=BROCCOLIF3BUSDT | status=skip | reason=no_latest_setup | signals=0 | elapsed_s=0.031
2026-04-06 02:25:00 | symbol_done | idx=115 | total=120 | symbol=BRUSDT | status=skip | reason=no_latest_setup | signals=0 | elapsed_s=0.033
2026-04-06 02:25:00 | symbol_done | idx=116 | total=120 | symbol=BSBUSDT | status=skip | reason=insufficient_history | signals=0 | elapsed_s=0.017
2026-04-06 02:25:00 | symbol_done | idx=117 | total=120 | symbol=BSVUSDT | status=skip | reason=no_latest_setup | signals=0 | elapsed_s=0.032
2026-04-06 02:25:00 | symbol_done | idx=118 | total=120 | symbol=BTC-260327USDT | status=skip | reason=insufficient_history | signals=0 | elapsed_s=0.001
2026-04-06 02:25:00 | symbol_done | idx=119 | total=120 | symbol=BTCDOMUSDT | status=skip | reason=no_setup | signals=0 | elapsed_s=0.030
2026-04-06 02:25:00 | symbol_done | idx=120 | total=120 | symbol=BTCUSDT | status=skip | reason=no_latest_setup | signals=0 | elapsed_s=0.030
2026-04-06 02:25:00 | symbol_done | idx=33 | total=120 | symbol=AIAUSDT | status=ok | reason=below_threshold | signals=0 | elapsed_s=3.067
2026-04-06 02:25:00 | scan_end | timeframe=1h | symbols=120 | total_signals=0 | elapsed_s=4.057 | log_file=D:\Code\Projects\self-projects\macd-overlay - Copy\output\scanner_debug_recent.log
2026-04-06 02:25:00 | scan_start | timeframe=1h | symbols=120 | lookback_days=450 | batch_predict=True
2026-04-06 02:25:00 | symbol_done | idx=1 | total=120 | symbol=0GUSDT | status=skip | reason=no_latest_setup | signals=0 | elapsed_s=0.051
2026-04-06 02:25:00 | symbol_done | idx=2 | total=120 | symbol=1000000BOBUSDT | status=skip | reason=no_latest_setup | signals=0 | elapsed_s=0.048
2026-04-06 02:25:00 | symbol_done | idx=3 | total=120 | symbol=1000000MOGUSDT | status=skip | reason=no_latest_setup | signals=0 | elapsed_s=0.048
2026-04-06 02:25:00 | symbol_done | idx=4 | total=120 | symbol=1000BONKUSDT | status=skip | reason=no_latest_setup | signals=0 | elapsed_s=0.055
2026-04-06 02:25:00 | symbol_done | idx=5 | total=120 | symbol=1000CATUSDT | status=skip | reason=no_latest_setup | signals=0 | elapsed_s=0.050
2026-04-06 02:25:00 | symbol_done | idx=6 | total=120 | symbol=1000CHEEMSUSDT | status=skip | reason=no_latest_setup | signals=0 | elapsed_s=0.047
2026-04-06 02:25:00 | symbol_done | idx=7 | total=120 | symbol=1000FLOKIUSDT | status=skip | reason=no_latest_setup | signals=0 | elapsed_s=0.041
2026-04-06 02:25:00 | symbol_done | idx=8 | total=120 | symbol=1000LUNCUSDT | status=skip | reason=no_latest_setup | signals=0 | elapsed_s=0.040
2026-04-06 02:25:00 | symbol_done | idx=9 | total=120 | symbol=1000PEPEUSDT | status=skip | reason=no_latest_setup | signals=0 | elapsed_s=0.035
2026-04-06 02:25:00 | symbol_done | idx=10 | total=120 | symbol=1000RATSUSDT | status=skip | reason=no_latest_setup | signals=0 | elapsed_s=0.032
2026-04-06 02:25:00 | symbol_done | idx=11 | total=120 | symbol=1000SATSUSDT | status=skip | reason=no_latest_setup | signals=0 | elapsed_s=0.026
2026-04-06 02:25:00 | symbol_done | idx=12 | total=120 | symbol=1000SHIBUSDT | status=skip | reason=no_latest_setup | signals=0 | elapsed_s=0.032
2026-04-06 02:25:00 | symbol_done | idx=13 | total=120 | symbol=1000WHYUSDT | status=skip | reason=no_latest_setup | signals=0 | elapsed_s=0.027
2026-04-06 02:25:00 | symbol_done | idx=14 | total=120 | symbol=1000XECUSDT | status=skip | reason=no_setup | signals=0 | elapsed_s=0.031
2026-04-06 02:25:00 | symbol_done | idx=15 | total=120 | symbol=1INCHUSDT | status=skip | reason=no_latest_setup | signals=0 | elapsed_s=0.050
2026-04-06 02:25:00 | symbol_done | idx=16 | total=120 | symbol=1MBABYDOGEUSDT | status=skip | reason=no_latest_setup | signals=0 | elapsed_s=0.046
2026-04-06 02:25:00 | symbol_done | idx=17 | total=120 | symbol=2ZUSDT | status=skip | reason=no_latest_setup | signals=0 | elapsed_s=0.044
2026-04-06 02:25:01 | symbol_done | idx=18 | total=120 | symbol=42USDT | status=skip | reason=no_latest_setup | signals=0 | elapsed_s=0.051
2026-04-06 02:25:01 | symbol_done | idx=19 | total=120 | symbol=4USDT | status=skip | reason=no_latest_setup | signals=0 | elapsed_s=0.038
2026-04-06 02:25:01 | symbol_done | idx=20 | total=120 | symbol=A2ZUSDT | status=skip | reason=no_latest_setup | signals=0 | elapsed_s=0.030
2026-04-06 02:25:01 | symbol_done | idx=21 | total=120 | symbol=AAVEUSDT | status=skip | reason=no_latest_setup | signals=0 | elapsed_s=0.032
2026-04-06 02:25:01 | symbol_done | idx=22 | total=120 | symbol=ACEUSDT | status=skip | reason=no_latest_setup | signals=0 | elapsed_s=0.030
2026-04-06 02:25:01 | symbol_done | idx=23 | total=120 | symbol=ACHUSDT | status=skip | reason=no_latest_setup | signals=0 | elapsed_s=0.034
2026-04-06 02:25:01 | symbol_done | idx=24 | total=120 | symbol=ACTUSDT | status=skip | reason=no_latest_setup | signals=0 | elapsed_s=0.032
2026-04-06 02:25:01 | symbol_done | idx=25 | total=120 | symbol=ACUUSDT | status=skip | reason=no_latest_setup | signals=0 | elapsed_s=0.036
2026-04-06 02:25:01 | symbol_done | idx=26 | total=120 | symbol=ACXUSDT | status=skip | reason=no_latest_setup | signals=0 | elapsed_s=0.031
2026-04-06 02:25:01 | symbol_done | idx=27 | total=120 | symbol=ADAUSDT | status=skip | reason=no_latest_setup | signals=0 | elapsed_s=0.035
2026-04-06 02:25:01 | symbol_done | idx=28 | total=120 | symbol=AERGOUSDT | status=skip | reason=no_latest_setup | signals=0 | elapsed_s=0.023
2026-04-06 02:25:01 | symbol_done | idx=29 | total=120 | symbol=AEROUSDT | status=skip | reason=no_latest_setup | signals=0 | elapsed_s=0.026
2026-04-06 02:25:01 | symbol_done | idx=30 | total=120 | symbol=AEVOUSDT | status=skip | reason=no_latest_setup | signals=0 | elapsed_s=0.033
2026-04-06 02:25:01 | symbol_done | idx=31 | total=120 | symbol=AGLDUSDT | status=skip | reason=no_latest_setup | signals=0 | elapsed_s=0.041
2026-04-06 02:25:01 | symbol_done | idx=32 | total=120 | symbol=AGTUSDT | status=skip | reason=no_latest_setup | signals=0 | elapsed_s=0.030
2026-04-06 02:25:01 | symbol_done | idx=33 | total=120 | symbol=AIAUSDT | status=skip | reason=no_latest_setup | signals=0 | elapsed_s=0.028
2026-04-06 02:25:01 | symbol_done | idx=34 | total=120 | symbol=AINUSDT | status=skip | reason=no_latest_setup | signals=0 | elapsed_s=0.025
2026-04-06 02:25:01 | symbol_done | idx=35 | total=120 | symbol=AIOTUSDT | status=skip | reason=no_latest_setup | signals=0 | elapsed_s=0.026
2026-04-06 02:25:01 | symbol_done | idx=36 | total=120 | symbol=AIOUSDT | status=skip | reason=no_latest_setup | signals=0 | elapsed_s=0.031
2026-04-06 02:25:01 | symbol_done | idx=37 | total=120 | symbol=AIUSDT | status=skip | reason=no_latest_setup | signals=0 | elapsed_s=0.028
2026-04-06 02:25:01 | symbol_done | idx=38 | total=120 | symbol=AIXBTUSDT | status=skip | reason=no_latest_setup | signals=0 | elapsed_s=0.032
2026-04-06 02:25:01 | symbol_done | idx=39 | total=120 | symbol=AKEUSDT | status=skip | reason=no_latest_setup | signals=0 | elapsed_s=0.036
2026-04-06 02:25:01 | symbol_done | idx=40 | total=120 | symbol=AKTUSDT | status=skip | reason=no_latest_setup | signals=0 | elapsed_s=0.027
2026-04-06 02:25:01 | symbol_done | idx=41 | total=120 | symbol=ALCHUSDT | status=skip | reason=no_latest_setup | signals=0 | elapsed_s=0.027
2026-04-06 02:25:01 | symbol_done | idx=42 | total=120 | symbol=ALGOUSDT | status=skip | reason=no_latest_setup | signals=0 | elapsed_s=0.037
2026-04-06 02:25:01 | symbol_done | idx=43 | total=120 | symbol=ALICEUSDT | status=skip | reason=no_latest_setup | signals=0 | elapsed_s=0.031
2026-04-06 02:25:01 | symbol_done | idx=44 | total=120 | symbol=ALLOUSDT | status=skip | reason=no_latest_setup | signals=0 | elapsed_s=0.036
2026-04-06 02:25:01 | symbol_done | idx=45 | total=120 | symbol=ALLUSDT | status=skip | reason=no_latest_setup | signals=0 | elapsed_s=0.028
2026-04-06 02:25:01 | symbol_done | idx=46 | total=120 | symbol=ALPINEUSDT | status=skip | reason=no_setup | signals=0 | elapsed_s=0.020
2026-04-06 02:25:01 | symbol_done | idx=47 | total=120 | symbol=ALTUSDT | status=skip | reason=no_latest_setup | signals=0 | elapsed_s=0.027
2026-04-06 02:25:01 | symbol_done | idx=48 | total=120 | symbol=AMZNUSDT | status=skip | reason=no_setup | signals=0 | elapsed_s=0.020
2026-04-06 02:25:01 | symbol_done | idx=49 | total=120 | symbol=ANIMEUSDT | status=skip | reason=no_latest_setup | signals=0 | elapsed_s=0.030
2026-04-06 02:25:01 | symbol_done | idx=50 | total=120 | symbol=ANKRUSDT | status=skip | reason=no_latest_setup | signals=0 | elapsed_s=0.031
2026-04-06 02:25:02 | symbol_done | idx=51 | total=120 | symbol=APEUSDT | status=skip | reason=no_latest_setup | signals=0 | elapsed_s=0.029
2026-04-06 02:25:02 | symbol_done | idx=52 | total=120 | symbol=API3USDT | status=skip | reason=no_latest_setup | signals=0 | elapsed_s=0.032
2026-04-06 02:25:02 | symbol_done | idx=53 | total=120 | symbol=APRUSDT | status=skip | reason=no_latest_setup | signals=0 | elapsed_s=0.038
2026-04-06 02:25:02 | symbol_done | idx=54 | total=120 | symbol=APTUSDT | status=skip | reason=no_latest_setup | signals=0 | elapsed_s=0.050
2026-04-06 02:25:02 | symbol_done | idx=55 | total=120 | symbol=ARBUSDT | status=skip | reason=no_latest_setup | signals=0 | elapsed_s=0.045
2026-04-06 02:25:02 | symbol_done | idx=56 | total=120 | symbol=ARCUSDT | status=skip | reason=no_latest_setup | signals=0 | elapsed_s=0.043
2026-04-06 02:25:02 | symbol_done | idx=57 | total=120 | symbol=ARIAUSDT | status=skip | reason=no_latest_setup | signals=0 | elapsed_s=0.037
2026-04-06 02:25:02 | symbol_done | idx=58 | total=120 | symbol=ARKMUSDT | status=skip | reason=no_latest_setup | signals=0 | elapsed_s=0.035
2026-04-06 02:25:02 | symbol_done | idx=59 | total=120 | symbol=ARKUSDT | status=skip | reason=no_latest_setup | signals=0 | elapsed_s=0.114
2026-04-06 02:25:02 | symbol_done | idx=60 | total=120 | symbol=ARPAUSDT | status=skip | reason=no_latest_setup | signals=0 | elapsed_s=0.051
2026-04-06 02:25:02 | symbol_done | idx=61 | total=120 | symbol=ARUSDT | status=skip | reason=no_latest_setup | signals=0 | elapsed_s=0.037
2026-04-06 02:25:02 | symbol_done | idx=62 | total=120 | symbol=ASRUSDT | status=skip | reason=no_setup | signals=0 | elapsed_s=0.022
2026-04-06 02:25:02 | symbol_done | idx=63 | total=120 | symbol=ASTERUSDT | status=skip | reason=no_latest_setup | signals=0 | elapsed_s=0.027
2026-04-06 02:25:02 | symbol_done | idx=64 | total=120 | symbol=ASTRUSDT | status=skip | reason=no_latest_setup | signals=0 | elapsed_s=0.030
2026-04-06 02:25:02 | symbol_done | idx=65 | total=120 | symbol=ATAUSDT | status=skip | reason=no_latest_setup | signals=0 | elapsed_s=0.034
2026-04-06 02:25:02 | symbol_done | idx=66 | total=120 | symbol=ATHUSDT | status=skip | reason=no_latest_setup | signals=0 | elapsed_s=0.047
2026-04-06 02:25:02 | symbol_done | idx=67 | total=120 | symbol=ATOMUSDT | status=skip | reason=no_latest_setup | signals=0 | elapsed_s=0.046
2026-04-06 02:25:02 | symbol_done | idx=68 | total=120 | symbol=ATUSDT | status=skip | reason=no_latest_setup | signals=0 | elapsed_s=0.042
2026-04-06 02:25:02 | symbol_done | idx=69 | total=120 | symbol=AUCTIONUSDT | status=skip | reason=no_latest_setup | signals=0 | elapsed_s=0.040
2026-04-06 02:25:02 | symbol_done | idx=70 | total=120 | symbol=AUSDT | status=skip | reason=no_latest_setup | signals=0 | elapsed_s=0.033
2026-04-06 02:25:02 | symbol_done | idx=71 | total=120 | symbol=AVAAIUSDT | status=skip | reason=no_latest_setup | signals=0 | elapsed_s=0.026
2026-04-06 02:25:02 | symbol_done | idx=72 | total=120 | symbol=AVAUSDT | status=skip | reason=no_latest_setup | signals=0 | elapsed_s=0.028
2026-04-06 02:25:02 | symbol_done | idx=73 | total=120 | symbol=AVAXUSDT | status=skip | reason=no_latest_setup | signals=0 | elapsed_s=0.035
2026-04-06 02:25:02 | symbol_done | idx=74 | total=120 | symbol=AVNTUSDT | status=skip | reason=no_latest_setup | signals=0 | elapsed_s=0.027
2026-04-06 02:25:02 | symbol_done | idx=75 | total=120 | symbol=AWEUSDT | status=skip | reason=no_latest_setup | signals=0 | elapsed_s=0.031
2026-04-06 02:25:03 | symbol_done | idx=76 | total=120 | symbol=AXLUSDT | status=skip | reason=no_latest_setup | signals=0 | elapsed_s=0.029
2026-04-06 02:25:03 | symbol_done | idx=77 | total=120 | symbol=AXSUSDT | status=skip | reason=no_latest_setup | signals=0 | elapsed_s=0.024
2026-04-06 02:25:03 | symbol_done | idx=78 | total=120 | symbol=AZTECUSDT | status=skip | reason=no_latest_setup | signals=0 | elapsed_s=0.030
2026-04-06 02:25:03 | symbol_done | idx=79 | total=120 | symbol=B2USDT | status=skip | reason=no_latest_setup | signals=0 | elapsed_s=0.024
2026-04-06 02:25:03 | symbol_done | idx=80 | total=120 | symbol=B3USDT | status=skip | reason=no_latest_setup | signals=0 | elapsed_s=0.027
2026-04-06 02:25:03 | symbol_done | idx=81 | total=120 | symbol=BABYUSDT | status=skip | reason=no_latest_setup | signals=0 | elapsed_s=0.029
2026-04-06 02:25:03 | symbol_done | idx=82 | total=120 | symbol=BANANAS31USDT | status=skip | reason=no_latest_setup | signals=0 | elapsed_s=0.024
2026-04-06 02:25:03 | symbol_done | idx=83 | total=120 | symbol=BANANAUSDT | status=skip | reason=no_latest_setup | signals=0 | elapsed_s=0.026
2026-04-06 02:25:03 | symbol_done | idx=84 | total=120 | symbol=BANDUSDT | status=skip | reason=no_latest_setup | signals=0 | elapsed_s=0.028
2026-04-06 02:25:03 | symbol_done | idx=85 | total=120 | symbol=BANKUSDT | status=skip | reason=no_latest_setup | signals=0 | elapsed_s=0.029
2026-04-06 02:25:03 | symbol_done | idx=86 | total=120 | symbol=BANUSDT | status=skip | reason=no_latest_setup | signals=0 | elapsed_s=0.026
2026-04-06 02:25:03 | symbol_done | idx=87 | total=120 | symbol=BARDUSDT | status=skip | reason=no_latest_setup | signals=0 | elapsed_s=0.031
2026-04-06 02:25:03 | symbol_done | idx=88 | total=120 | symbol=BASEDUSDT | status=skip | reason=insufficient_history | signals=0 | elapsed_s=0.010
2026-04-06 02:25:03 | symbol_done | idx=89 | total=120 | symbol=BASUSDT | status=skip | reason=no_latest_setup | signals=0 | elapsed_s=0.029
2026-04-06 02:25:03 | symbol_done | idx=90 | total=120 | symbol=BATUSDT | status=skip | reason=no_latest_setup | signals=0 | elapsed_s=0.032
2026-04-06 02:25:03 | symbol_done | idx=91 | total=120 | symbol=BBUSDT | status=skip | reason=no_latest_setup | signals=0 | elapsed_s=0.028
2026-04-06 02:25:03 | symbol_done | idx=92 | total=120 | symbol=BCHUSDT | status=skip | reason=no_latest_setup | signals=0 | elapsed_s=0.030
2026-04-06 02:25:03 | symbol_done | idx=93 | total=120 | symbol=BDXNUSDT | status=skip | reason=no_latest_setup | signals=0 | elapsed_s=0.036
2026-04-06 02:25:03 | symbol_done | idx=94 | total=120 | symbol=BEAMXUSDT | status=skip | reason=no_latest_setup | signals=0 | elapsed_s=0.027
2026-04-06 02:25:03 | symbol_done | idx=95 | total=120 | symbol=BEATUSDT | status=skip | reason=no_latest_setup | signals=0 | elapsed_s=0.026
2026-04-06 02:25:03 | symbol_done | idx=96 | total=120 | symbol=BELUSDT | status=skip | reason=no_latest_setup | signals=0 | elapsed_s=0.045
2026-04-06 02:25:03 | symbol_done | idx=97 | total=120 | symbol=BERAUSDT | status=skip | reason=no_latest_setup | signals=0 | elapsed_s=0.036
2026-04-06 02:25:03 | symbol_done | idx=98 | total=120 | symbol=BICOUSDT | status=skip | reason=no_latest_setup | signals=0 | elapsed_s=0.032
2026-04-06 02:25:03 | symbol_done | idx=99 | total=120 | symbol=BIDUSDT | status=skip | reason=no_latest_setup | signals=0 | elapsed_s=0.031
2026-04-06 02:25:03 | symbol_done | idx=100 | total=120 | symbol=BIGTIMEUSDT | status=skip | reason=no_latest_setup | signals=0 | elapsed_s=0.033
2026-04-06 02:25:03 | symbol_done | idx=101 | total=120 | symbol=BIOUSDT | status=skip | reason=no_latest_setup | signals=0 | elapsed_s=0.029
2026-04-06 02:25:03 | symbol_done | idx=102 | total=120 | symbol=BIRBUSDT | status=skip | reason=no_latest_setup | signals=0 | elapsed_s=0.029
2026-04-06 02:25:03 | symbol_done | idx=103 | total=120 | symbol=BLESSUSDT | status=skip | reason=no_latest_setup | signals=0 | elapsed_s=0.032
2026-04-06 02:25:03 | symbol_done | idx=104 | total=120 | symbol=BLUAIUSDT | status=skip | reason=no_latest_setup | signals=0 | elapsed_s=0.028
2026-04-06 02:25:03 | symbol_done | idx=105 | total=120 | symbol=BLURUSDT | status=skip | reason=no_latest_setup | signals=0 | elapsed_s=0.032
2026-04-06 02:25:03 | symbol_done | idx=106 | total=120 | symbol=BMTUSDT | status=skip | reason=no_latest_setup | signals=0 | elapsed_s=0.028
2026-04-06 02:25:03 | symbol_done | idx=107 | total=120 | symbol=BNBUSDT | status=skip | reason=no_latest_setup | signals=0 | elapsed_s=0.034
2026-04-06 02:25:03 | symbol_done | idx=108 | total=120 | symbol=BNTUSDT | status=skip | reason=no_latest_setup | signals=0 | elapsed_s=0.033
2026-04-06 02:25:03 | symbol_done | idx=109 | total=120 | symbol=BOBUSDT | status=skip | reason=no_latest_setup | signals=0 | elapsed_s=0.027
2026-04-06 02:25:04 | symbol_done | idx=110 | total=120 | symbol=BOMEUSDT | status=skip | reason=no_latest_setup | signals=0 | elapsed_s=0.038
2026-04-06 02:25:04 | symbol_done | idx=111 | total=120 | symbol=BRETTUSDT | status=skip | reason=no_latest_setup | signals=0 | elapsed_s=0.029
2026-04-06 02:25:04 | symbol_done | idx=112 | total=120 | symbol=BREVUSDT | status=skip | reason=no_latest_setup | signals=0 | elapsed_s=0.031
2026-04-06 02:25:04 | symbol_done | idx=113 | total=120 | symbol=BROCCOLI714USDT | status=skip | reason=no_latest_setup | signals=0 | elapsed_s=0.036
2026-04-06 02:25:04 | symbol_done | idx=114 | total=120 | symbol=BROCCOLIF3BUSDT | status=skip | reason=no_latest_setup | signals=0 | elapsed_s=0.030
2026-04-06 02:25:04 | symbol_done | idx=115 | total=120 | symbol=BRUSDT | status=skip | reason=no_latest_setup | signals=0 | elapsed_s=0.025
2026-04-06 02:25:04 | symbol_done | idx=116 | total=120 | symbol=BSBUSDT | status=skip | reason=insufficient_history | signals=0 | elapsed_s=0.021
2026-04-06 02:25:04 | symbol_done | idx=117 | total=120 | symbol=BSVUSDT | status=skip | reason=no_latest_setup | signals=0 | elapsed_s=0.028
2026-04-06 02:25:04 | symbol_done | idx=118 | total=120 | symbol=BTC-260327USDT | status=skip | reason=insufficient_history | signals=0 | elapsed_s=0.001
2026-04-06 02:25:04 | symbol_done | idx=119 | total=120 | symbol=BTCDOMUSDT | status=skip | reason=no_setup | signals=0 | elapsed_s=0.030
2026-04-06 02:25:04 | symbol_done | idx=120 | total=120 | symbol=BTCUSDT | status=skip | reason=no_latest_setup | signals=0 | elapsed_s=0.031
2026-04-06 02:25:04 | scan_end | timeframe=1h | symbols=120 | total_signals=0 | elapsed_s=4.062 | log_file=D:\Code\Projects\self-projects\macd-overlay - Copy\output\scanner_debug_recent.log
2026-04-06 02:25:04 | scan_start | timeframe=1h | symbols=120 | lookback_days=450 | batch_predict=True
2026-04-06 02:25:04 | symbol_done | idx=1 | total=120 | symbol=0GUSDT | status=skip | reason=no_latest_setup | signals=0 | elapsed_s=0.029
2026-04-06 02:25:04 | symbol_done | idx=2 | total=120 | symbol=1000000BOBUSDT | status=skip | reason=no_latest_setup | signals=0 | elapsed_s=0.026
2026-04-06 02:25:04 | symbol_done | idx=3 | total=120 | symbol=1000000MOGUSDT | status=skip | reason=no_latest_setup | signals=0 | elapsed_s=0.025
2026-04-06 02:25:04 | symbol_done | idx=4 | total=120 | symbol=1000BONKUSDT | status=skip | reason=no_latest_setup | signals=0 | elapsed_s=0.031
2026-04-06 02:25:04 | symbol_done | idx=5 | total=120 | symbol=1000CATUSDT | status=skip | reason=no_latest_setup | signals=0 | elapsed_s=0.032
2026-04-06 02:25:04 | symbol_done | idx=6 | total=120 | symbol=1000CHEEMSUSDT | status=skip | reason=no_latest_setup | signals=0 | elapsed_s=0.028
2026-04-06 02:25:04 | symbol_done | idx=7 | total=120 | symbol=1000FLOKIUSDT | status=skip | reason=no_latest_setup | signals=0 | elapsed_s=0.034
2026-04-06 02:25:04 | symbol_done | idx=8 | total=120 | symbol=1000LUNCUSDT | status=skip | reason=no_latest_setup | signals=0 | elapsed_s=0.033
2026-04-06 02:25:04 | symbol_done | idx=9 | total=120 | symbol=1000PEPEUSDT | status=skip | reason=no_latest_setup | signals=0 | elapsed_s=0.031
2026-04-06 02:25:04 | symbol_done | idx=10 | total=120 | symbol=1000RATSUSDT | status=skip | reason=no_latest_setup | signals=0 | elapsed_s=0.034
2026-04-06 02:25:04 | symbol_done | idx=11 | total=120 | symbol=1000SATSUSDT | status=skip | reason=no_latest_setup | signals=0 | elapsed_s=0.032
2026-04-06 02:25:04 | symbol_done | idx=12 | total=120 | symbol=1000SHIBUSDT | status=skip | reason=no_latest_setup | signals=0 | elapsed_s=0.037
2026-04-06 02:25:04 | symbol_done | idx=13 | total=120 | symbol=1000WHYUSDT | status=skip | reason=no_latest_setup | signals=0 | elapsed_s=0.029
2026-04-06 02:25:04 | symbol_done | idx=14 | total=120 | symbol=1000XECUSDT | status=skip | reason=no_setup | signals=0 | elapsed_s=0.026
2026-04-06 02:25:04 | symbol_done | idx=15 | total=120 | symbol=1INCHUSDT | status=skip | reason=no_latest_setup | signals=0 | elapsed_s=0.032
2026-04-06 02:25:04 | symbol_done | idx=16 | total=120 | symbol=1MBABYDOGEUSDT | status=skip | reason=no_latest_setup | signals=0 | elapsed_s=0.030
2026-04-06 02:25:04 | symbol_done | idx=17 | total=120 | symbol=2ZUSDT | status=skip | reason=no_latest_setup | signals=0 | elapsed_s=0.032
2026-04-06 02:25:04 | symbol_done | idx=18 | total=120 | symbol=42USDT | status=skip | reason=no_latest_setup | signals=0 | elapsed_s=0.029
2026-04-06 02:25:04 | symbol_done | idx=19 | total=120 | symbol=4USDT | status=skip | reason=no_latest_setup | signals=0 | elapsed_s=0.037
2026-04-06 02:25:04 | symbol_done | idx=20 | total=120 | symbol=A2ZUSDT | status=skip | reason=no_latest_setup | signals=0 | elapsed_s=0.035
2026-04-06 02:25:04 | symbol_done | idx=21 | total=120 | symbol=AAVEUSDT | status=skip | reason=no_latest_setup | signals=0 | elapsed_s=0.040
2026-04-06 02:25:05 | symbol_done | idx=22 | total=120 | symbol=ACEUSDT | status=skip | reason=no_latest_setup | signals=0 | elapsed_s=0.038
2026-04-06 02:25:05 | symbol_done | idx=23 | total=120 | symbol=ACHUSDT | status=skip | reason=no_latest_setup | signals=0 | elapsed_s=0.039
2026-04-06 02:25:05 | symbol_done | idx=24 | total=120 | symbol=ACTUSDT | status=skip | reason=no_latest_setup | signals=0 | elapsed_s=0.031
2026-04-06 02:25:05 | symbol_done | idx=25 | total=120 | symbol=ACUUSDT | status=skip | reason=no_latest_setup | signals=0 | elapsed_s=0.028
2026-04-06 02:25:05 | symbol_done | idx=26 | total=120 | symbol=ACXUSDT | status=skip | reason=no_latest_setup | signals=0 | elapsed_s=0.028
2026-04-06 02:25:05 | symbol_done | idx=27 | total=120 | symbol=ADAUSDT | status=skip | reason=no_latest_setup | signals=0 | elapsed_s=0.033
2026-04-06 02:25:05 | symbol_done | idx=28 | total=120 | symbol=AERGOUSDT | status=skip | reason=no_latest_setup | signals=0 | elapsed_s=0.021
2026-04-06 02:25:05 | symbol_done | idx=29 | total=120 | symbol=AEROUSDT | status=skip | reason=no_latest_setup | signals=0 | elapsed_s=0.026
2026-04-06 02:25:05 | symbol_done | idx=30 | total=120 | symbol=AEVOUSDT | status=skip | reason=no_latest_setup | signals=0 | elapsed_s=0.033
2026-04-06 02:25:05 | symbol_done | idx=31 | total=120 | symbol=AGLDUSDT | status=skip | reason=no_latest_setup | signals=0 | elapsed_s=0.030
2026-04-06 02:25:05 | symbol_done | idx=32 | total=120 | symbol=AGTUSDT | status=skip | reason=no_latest_setup | signals=0 | elapsed_s=0.025
2026-04-06 02:25:05 | symbol_done | idx=33 | total=120 | symbol=AIAUSDT | status=skip | reason=no_latest_setup | signals=0 | elapsed_s=0.034
2026-04-06 02:25:05 | symbol_done | idx=34 | total=120 | symbol=AINUSDT | status=skip | reason=no_latest_setup | signals=0 | elapsed_s=0.032
2026-04-06 02:25:05 | symbol_done | idx=35 | total=120 | symbol=AIOTUSDT | status=skip | reason=no_latest_setup | signals=0 | elapsed_s=0.032
2026-04-06 02:25:05 | symbol_done | idx=36 | total=120 | symbol=AIOUSDT | status=skip | reason=no_latest_setup | signals=0 | elapsed_s=0.032
2026-04-06 02:25:05 | symbol_done | idx=37 | total=120 | symbol=AIUSDT | status=skip | reason=no_latest_setup | signals=0 | elapsed_s=0.030
2026-04-06 02:25:05 | symbol_done | idx=38 | total=120 | symbol=AIXBTUSDT | status=skip | reason=no_latest_setup | signals=0 | elapsed_s=0.030
2026-04-06 02:25:05 | symbol_done | idx=39 | total=120 | symbol=AKEUSDT | status=skip | reason=no_latest_setup | signals=0 | elapsed_s=0.033
2026-04-06 02:25:05 | symbol_done | idx=40 | total=120 | symbol=AKTUSDT | status=skip | reason=no_latest_setup | signals=0 | elapsed_s=0.028
2026-04-06 02:25:05 | symbol_done | idx=41 | total=120 | symbol=ALCHUSDT | status=skip | reason=no_latest_setup | signals=0 | elapsed_s=0.024
2026-04-06 02:25:05 | symbol_done | idx=42 | total=120 | symbol=ALGOUSDT | status=skip | reason=no_latest_setup | signals=0 | elapsed_s=0.053
2026-04-06 02:25:05 | symbol_done | idx=43 | total=120 | symbol=ALICEUSDT | status=skip | reason=no_latest_setup | signals=0 | elapsed_s=0.050
2026-04-06 02:25:05 | symbol_done | idx=44 | total=120 | symbol=ALLOUSDT | status=skip | reason=no_latest_setup | signals=0 | elapsed_s=0.038
2026-04-06 02:25:05 | symbol_done | idx=45 | total=120 | symbol=ALLUSDT | status=skip | reason=no_latest_setup | signals=0 | elapsed_s=0.034
2026-04-06 02:25:05 | symbol_done | idx=46 | total=120 | symbol=ALPINEUSDT | status=skip | reason=no_setup | signals=0 | elapsed_s=0.033
2026-04-06 02:25:05 | symbol_done | idx=47 | total=120 | symbol=ALTUSDT | status=skip | reason=no_latest_setup | signals=0 | elapsed_s=0.033
2026-04-06 02:25:05 | symbol_done | idx=48 | total=120 | symbol=AMZNUSDT | status=skip | reason=no_setup | signals=0 | elapsed_s=0.034
2026-04-06 02:25:05 | symbol_done | idx=49 | total=120 | symbol=ANIMEUSDT | status=skip | reason=no_latest_setup | signals=0 | elapsed_s=0.034
2026-04-06 02:25:05 | symbol_done | idx=51 | total=120 | symbol=APEUSDT | status=skip | reason=no_latest_setup | signals=0 | elapsed_s=0.027
2026-04-06 02:25:06 | symbol_done | idx=52 | total=120 | symbol=API3USDT | status=skip | reason=no_latest_setup | signals=0 | elapsed_s=0.049
2026-04-06 02:25:06 | symbol_done | idx=53 | total=120 | symbol=APRUSDT | status=skip | reason=no_latest_setup | signals=0 | elapsed_s=0.037
2026-04-06 02:25:06 | symbol_done | idx=54 | total=120 | symbol=APTUSDT | status=skip | reason=no_latest_setup | signals=0 | elapsed_s=0.110
2026-04-06 02:25:06 | symbol_done | idx=55 | total=120 | symbol=ARBUSDT | status=skip | reason=no_latest_setup | signals=0 | elapsed_s=0.049
2026-04-06 02:25:06 | symbol_done | idx=56 | total=120 | symbol=ARCUSDT | status=skip | reason=no_latest_setup | signals=0 | elapsed_s=0.040
2026-04-06 02:25:06 | symbol_done | idx=57 | total=120 | symbol=ARIAUSDT | status=skip | reason=no_latest_setup | signals=0 | elapsed_s=0.032
2026-04-06 02:25:06 | symbol_done | idx=58 | total=120 | symbol=ARKMUSDT | status=skip | reason=no_latest_setup | signals=0 | elapsed_s=0.023
2026-04-06 02:25:06 | symbol_done | idx=59 | total=120 | symbol=ARKUSDT | status=skip | reason=no_latest_setup | signals=0 | elapsed_s=0.023
2026-04-06 02:25:06 | symbol_done | idx=60 | total=120 | symbol=ARPAUSDT | status=skip | reason=no_latest_setup | signals=0 | elapsed_s=0.034
2026-04-06 02:25:06 | symbol_done | idx=61 | total=120 | symbol=ARUSDT | status=skip | reason=no_latest_setup | signals=0 | elapsed_s=0.035
2026-04-06 02:25:06 | symbol_done | idx=62 | total=120 | symbol=ASRUSDT | status=skip | reason=no_setup | signals=0 | elapsed_s=0.022
2026-04-06 02:25:06 | symbol_done | idx=63 | total=120 | symbol=ASTERUSDT | status=skip | reason=no_latest_setup | signals=0 | elapsed_s=0.024
2026-04-06 02:25:06 | symbol_done | idx=64 | total=120 | symbol=ASTRUSDT | status=skip | reason=no_latest_setup | signals=0 | elapsed_s=0.032
2026-04-06 02:25:06 | symbol_done | idx=65 | total=120 | symbol=ATAUSDT | status=skip | reason=no_latest_setup | signals=0 | elapsed_s=0.024
2026-04-06 02:25:06 | symbol_done | idx=66 | total=120 | symbol=ATHUSDT | status=skip | reason=no_latest_setup | signals=0 | elapsed_s=0.027
2026-04-06 02:25:06 | symbol_done | idx=67 | total=120 | symbol=ATOMUSDT | status=skip | reason=no_latest_setup | signals=0 | elapsed_s=0.026
2026-04-06 02:25:06 | symbol_done | idx=68 | total=120 | symbol=ATUSDT | status=skip | reason=no_latest_setup | signals=0 | elapsed_s=0.023
2026-04-06 02:25:06 | symbol_done | idx=69 | total=120 | symbol=AUCTIONUSDT | status=skip | reason=no_latest_setup | signals=0 | elapsed_s=0.032
2026-04-06 02:25:06 | symbol_done | idx=70 | total=120 | symbol=AUSDT | status=skip | reason=no_latest_setup | signals=0 | elapsed_s=0.025
2026-04-06 02:25:06 | symbol_done | idx=71 | total=120 | symbol=AVAAIUSDT | status=skip | reason=no_latest_setup | signals=0 | elapsed_s=0.029
2026-04-06 02:25:06 | symbol_done | idx=72 | total=120 | symbol=AVAUSDT | status=skip | reason=no_latest_setup | signals=0 | elapsed_s=0.030
2026-04-06 02:25:06 | symbol_done | idx=73 | total=120 | symbol=AVAXUSDT | status=skip | reason=no_latest_setup | signals=0 | elapsed_s=0.032
2026-04-06 02:25:06 | symbol_done | idx=74 | total=120 | symbol=AVNTUSDT | status=skip | reason=no_latest_setup | signals=0 | elapsed_s=0.031
2026-04-06 02:25:06 | symbol_done | idx=75 | total=120 | symbol=AWEUSDT | status=skip | reason=no_latest_setup | signals=0 | elapsed_s=0.039
2026-04-06 02:25:06 | symbol_done | idx=76 | total=120 | symbol=AXLUSDT | status=skip | reason=no_latest_setup | signals=0 | elapsed_s=0.042
2026-04-06 02:25:06 | symbol_done | idx=77 | total=120 | symbol=AXSUSDT | status=skip | reason=no_latest_setup | signals=0 | elapsed_s=0.031
2026-04-06 02:25:06 | symbol_done | idx=78 | total=120 | symbol=AZTECUSDT | status=skip | reason=no_latest_setup | signals=0 | elapsed_s=0.027
2026-04-06 02:25:06 | symbol_done | idx=79 | total=120 | symbol=B2USDT | status=skip | reason=no_latest_setup | signals=0 | elapsed_s=0.030
2026-04-06 02:25:06 | symbol_done | idx=80 | total=120 | symbol=B3USDT | status=skip | reason=no_latest_setup | signals=0 | elapsed_s=0.028
2026-04-06 02:25:07 | symbol_done | idx=81 | total=120 | symbol=BABYUSDT | status=skip | reason=no_latest_setup | signals=0 | elapsed_s=0.038
2026-04-06 02:25:07 | symbol_done | idx=82 | total=120 | symbol=BANANAS31USDT | status=skip | reason=no_latest_setup | signals=0 | elapsed_s=0.033
2026-04-06 02:25:07 | symbol_done | idx=83 | total=120 | symbol=BANANAUSDT | status=skip | reason=no_latest_setup | signals=0 | elapsed_s=0.032
2026-04-06 02:25:07 | symbol_done | idx=84 | total=120 | symbol=BANDUSDT | status=skip | reason=no_latest_setup | signals=0 | elapsed_s=0.048
2026-04-06 02:25:07 | symbol_done | idx=85 | total=120 | symbol=BANKUSDT | status=skip | reason=no_latest_setup | signals=0 | elapsed_s=0.045
2026-04-06 02:25:07 | symbol_done | idx=86 | total=120 | symbol=BANUSDT | status=skip | reason=no_latest_setup | signals=0 | elapsed_s=0.044
2026-04-06 02:25:07 | symbol_done | idx=87 | total=120 | symbol=BARDUSDT | status=skip | reason=no_latest_setup | signals=0 | elapsed_s=0.051
2026-04-06 02:25:07 | symbol_done | idx=88 | total=120 | symbol=BASEDUSDT | status=skip | reason=insufficient_history | signals=0 | elapsed_s=0.019
2026-04-06 02:25:07 | symbol_done | idx=89 | total=120 | symbol=BASUSDT | status=skip | reason=no_latest_setup | signals=0 | elapsed_s=0.032
2026-04-06 02:25:07 | symbol_done | idx=90 | total=120 | symbol=BATUSDT | status=skip | reason=no_latest_setup | signals=0 | elapsed_s=0.032
2026-04-06 02:25:07 | symbol_done | idx=91 | total=120 | symbol=BBUSDT | status=skip | reason=no_latest_setup | signals=0 | elapsed_s=0.031
2026-04-06 02:25:07 | symbol_done | idx=92 | total=120 | symbol=BCHUSDT | status=skip | reason=no_latest_setup | signals=0 | elapsed_s=0.042
2026-04-06 02:25:07 | symbol_done | idx=93 | total=120 | symbol=BDXNUSDT | status=skip | reason=no_latest_setup | signals=0 | elapsed_s=0.031
2026-04-06 02:25:07 | symbol_done | idx=94 | total=120 | symbol=BEAMXUSDT | status=skip | reason=no_latest_setup | signals=0 | elapsed_s=0.035
2026-04-06 02:25:07 | symbol_done | idx=95 | total=120 | symbol=BEATUSDT | status=skip | reason=no_latest_setup | signals=0 | elapsed_s=0.034
2026-04-06 02:25:07 | symbol_done | idx=96 | total=120 | symbol=BELUSDT | status=skip | reason=no_latest_setup | signals=0 | elapsed_s=0.034
2026-04-06 02:25:07 | symbol_done | idx=97 | total=120 | symbol=BERAUSDT | status=skip | reason=no_latest_setup | signals=0 | elapsed_s=0.031
2026-04-06 02:25:07 | symbol_done | idx=98 | total=120 | symbol=BICOUSDT | status=skip | reason=no_latest_setup | signals=0 | elapsed_s=0.039
2026-04-06 02:25:07 | symbol_done | idx=99 | total=120 | symbol=BIDUSDT | status=skip | reason=no_latest_setup | signals=0 | elapsed_s=0.031
2026-04-06 02:25:07 | symbol_done | idx=100 | total=120 | symbol=BIGTIMEUSDT | status=skip | reason=no_latest_setup | signals=0 | elapsed_s=0.041
2026-04-06 02:25:07 | symbol_done | idx=101 | total=120 | symbol=BIOUSDT | status=skip | reason=no_latest_setup | signals=0 | elapsed_s=0.029
2026-04-06 02:25:07 | symbol_done | idx=102 | total=120 | symbol=BIRBUSDT | status=skip | reason=no_latest_setup | signals=0 | elapsed_s=0.034
2026-04-06 02:25:07 | symbol_done | idx=103 | total=120 | symbol=BLESSUSDT | status=skip | reason=no_latest_setup | signals=0 | elapsed_s=0.032
2026-04-06 02:25:07 | symbol_done | idx=104 | total=120 | symbol=BLUAIUSDT | status=skip | reason=no_latest_setup | signals=0 | elapsed_s=0.040
2026-04-06 02:25:07 | symbol_done | idx=105 | total=120 | symbol=BLURUSDT | status=skip | reason=no_latest_setup | signals=0 | elapsed_s=0.031
2026-04-06 02:25:07 | symbol_done | idx=106 | total=120 | symbol=BMTUSDT | status=skip | reason=no_latest_setup | signals=0 | elapsed_s=0.027
2026-04-06 02:25:07 | symbol_done | idx=107 | total=120 | symbol=BNBUSDT | status=skip | reason=no_latest_setup | signals=0 | elapsed_s=0.026
2026-04-06 02:25:07 | symbol_done | idx=108 | total=120 | symbol=BNTUSDT | status=skip | reason=no_latest_setup | signals=0 | elapsed_s=0.032
2026-04-06 02:25:07 | symbol_done | idx=109 | total=120 | symbol=BOBUSDT | status=skip | reason=no_latest_setup | signals=0 | elapsed_s=0.026
2026-04-06 02:25:08 | symbol_done | idx=110 | total=120 | symbol=BOMEUSDT | status=skip | reason=no_latest_setup | signals=0 | elapsed_s=0.026
2026-04-06 02:25:08 | symbol_done | idx=111 | total=120 | symbol=BRETTUSDT | status=skip | reason=no_latest_setup | signals=0 | elapsed_s=0.026
2026-04-06 02:25:08 | symbol_done | idx=112 | total=120 | symbol=BREVUSDT | status=skip | reason=no_latest_setup | signals=0 | elapsed_s=0.026
2026-04-06 02:25:08 | symbol_done | idx=113 | total=120 | symbol=BROCCOLI714USDT | status=skip | reason=no_latest_setup | signals=0 | elapsed_s=0.025
2026-04-06 02:25:08 | symbol_done | idx=114 | total=120 | symbol=BROCCOLIF3BUSDT | status=skip | reason=no_latest_setup | signals=0 | elapsed_s=0.041
2026-04-06 02:25:08 | symbol_done | idx=115 | total=120 | symbol=BRUSDT | status=skip | reason=no_latest_setup | signals=0 | elapsed_s=0.038
2026-04-06 02:25:08 | symbol_done | idx=116 | total=120 | symbol=BSBUSDT | status=skip | reason=insufficient_history | signals=0 | elapsed_s=0.018
2026-04-06 02:25:08 | symbol_done | idx=117 | total=120 | symbol=BSVUSDT | status=skip | reason=no_latest_setup | signals=0 | elapsed_s=0.044
2026-04-06 02:25:08 | symbol_done | idx=118 | total=120 | symbol=BTC-260327USDT | status=skip | reason=insufficient_history | signals=0 | elapsed_s=0.002
2026-04-06 02:25:08 | symbol_done | idx=119 | total=120 | symbol=BTCDOMUSDT | status=skip | reason=no_setup | signals=0 | elapsed_s=0.038
2026-04-06 02:25:08 | symbol_done | idx=120 | total=120 | symbol=BTCUSDT | status=skip | reason=no_latest_setup | signals=0 | elapsed_s=0.048
2026-04-06 02:25:08 | symbol_done | idx=50 | total=120 | symbol=ANKRUSDT | status=ok | reason=below_threshold | signals=0 | elapsed_s=2.440
2026-04-06 02:25:08 | scan_end | timeframe=1h | symbols=120 | total_signals=0 | elapsed_s=4.053 | log_file=D:\Code\Projects\self-projects\macd-overlay - Copy\output\scanner_debug_recent.log
2026-04-06 02:25:08 | scan_start | timeframe=1h | symbols=120 | lookback_days=450 | batch_predict=True
2026-04-06 02:25:08 | symbol_done | idx=1 | total=120 | symbol=0GUSDT | status=skip | reason=no_latest_setup | signals=0 | elapsed_s=0.055
2026-04-06 02:25:08 | symbol_done | idx=2 | total=120 | symbol=1000000BOBUSDT | status=skip | reason=no_latest_setup | signals=0 | elapsed_s=0.051
2026-04-06 02:25:08 | symbol_done | idx=3 | total=120 | symbol=1000000MOGUSDT | status=skip | reason=no_latest_setup | signals=0 | elapsed_s=0.033
2026-04-06 02:25:08 | symbol_done | idx=4 | total=120 | symbol=1000BONKUSDT | status=skip | reason=no_latest_setup | signals=0 | elapsed_s=0.024
2026-04-06 02:25:08 | symbol_done | idx=5 | total=120 | symbol=1000CATUSDT | status=skip | reason=no_latest_setup | signals=0 | elapsed_s=0.029
2026-04-06 02:25:08 | symbol_done | idx=6 | total=120 | symbol=1000CHEEMSUSDT | status=skip | reason=no_latest_setup | signals=0 | elapsed_s=0.035
2026-04-06 02:25:08 | symbol_done | idx=7 | total=120 | symbol=1000FLOKIUSDT | status=skip | reason=no_latest_setup | signals=0 | elapsed_s=0.026
2026-04-06 02:25:08 | symbol_done | idx=8 | total=120 | symbol=1000LUNCUSDT | status=skip | reason=no_latest_setup | signals=0 | elapsed_s=0.032
2026-04-06 02:25:08 | symbol_done | idx=9 | total=120 | symbol=1000PEPEUSDT | status=skip | reason=no_latest_setup | signals=0 | elapsed_s=0.032
2026-04-06 02:25:08 | symbol_done | idx=10 | total=120 | symbol=1000RATSUSDT | status=skip | reason=no_latest_setup | signals=0 | elapsed_s=0.030
2026-04-06 02:25:08 | symbol_done | idx=11 | total=120 | symbol=1000SATSUSDT | status=skip | reason=no_latest_setup | signals=0 | elapsed_s=0.031
2026-04-06 02:25:08 | symbol_done | idx=12 | total=120 | symbol=1000SHIBUSDT | status=skip | reason=no_latest_setup | signals=0 | elapsed_s=0.046
2026-04-06 02:25:08 | symbol_done | idx=13 | total=120 | symbol=1000WHYUSDT | status=skip | reason=no_latest_setup | signals=0 | elapsed_s=0.029
2026-04-06 02:25:08 | symbol_done | idx=14 | total=120 | symbol=1000XECUSDT | status=skip | reason=no_setup | signals=0 | elapsed_s=0.031
2026-04-06 02:25:08 | symbol_done | idx=15 | total=120 | symbol=1INCHUSDT | status=skip | reason=no_latest_setup | signals=0 | elapsed_s=0.034
2026-04-06 02:25:08 | symbol_done | idx=16 | total=120 | symbol=1MBABYDOGEUSDT | status=skip | reason=no_latest_setup | signals=0 | elapsed_s=0.028
2026-04-06 02:25:08 | symbol_done | idx=17 | total=120 | symbol=2ZUSDT | status=skip | reason=no_latest_setup | signals=0 | elapsed_s=0.024
2026-04-06 02:25:08 | symbol_done | idx=18 | total=120 | symbol=42USDT | status=skip | reason=no_latest_setup | signals=0 | elapsed_s=0.026
2026-04-06 02:25:08 | symbol_done | idx=19 | total=120 | symbol=4USDT | status=skip | reason=no_latest_setup | signals=0 | elapsed_s=0.026
2026-04-06 02:25:09 | symbol_done | idx=20 | total=120 | symbol=A2ZUSDT | status=skip | reason=no_latest_setup | signals=0 | elapsed_s=0.025
2026-04-06 02:25:09 | symbol_done | idx=21 | total=120 | symbol=AAVEUSDT | status=skip | reason=no_latest_setup | signals=0 | elapsed_s=0.033
2026-04-06 02:25:09 | symbol_done | idx=22 | total=120 | symbol=ACEUSDT | status=skip | reason=no_latest_setup | signals=0 | elapsed_s=0.025
2026-04-06 02:25:09 | symbol_done | idx=23 | total=120 | symbol=ACHUSDT | status=skip | reason=no_latest_setup | signals=0 | elapsed_s=0.026
2026-04-06 02:25:09 | symbol_done | idx=24 | total=120 | symbol=ACTUSDT | status=skip | reason=no_latest_setup | signals=0 | elapsed_s=0.026
2026-04-06 02:25:09 | symbol_done | idx=25 | total=120 | symbol=ACUUSDT | status=skip | reason=no_latest_setup | signals=0 | elapsed_s=0.024
2026-04-06 02:25:09 | symbol_done | idx=26 | total=120 | symbol=ACXUSDT | status=skip | reason=no_latest_setup | signals=0 | elapsed_s=0.026
2026-04-06 02:25:09 | symbol_done | idx=27 | total=120 | symbol=ADAUSDT | status=skip | reason=no_latest_setup | signals=0 | elapsed_s=0.027
2026-04-06 02:25:09 | symbol_done | idx=28 | total=120 | symbol=AERGOUSDT | status=skip | reason=no_latest_setup | signals=0 | elapsed_s=0.029
2026-04-06 02:25:09 | symbol_done | idx=29 | total=120 | symbol=AEROUSDT | status=skip | reason=no_latest_setup | signals=0 | elapsed_s=0.040
2026-04-06 02:25:09 | symbol_done | idx=30 | total=120 | symbol=AEVOUSDT | status=skip | reason=no_latest_setup | signals=0 | elapsed_s=0.028
2026-04-06 02:25:09 | symbol_done | idx=31 | total=120 | symbol=AGLDUSDT | status=skip | reason=no_latest_setup | signals=0 | elapsed_s=0.030
2026-04-06 02:25:09 | symbol_done | idx=32 | total=120 | symbol=AGTUSDT | status=skip | reason=no_latest_setup | signals=0 | elapsed_s=0.043
2026-04-06 02:25:09 | symbol_done | idx=33 | total=120 | symbol=AIAUSDT | status=skip | reason=no_latest_setup | signals=0 | elapsed_s=0.044
2026-04-06 02:25:09 | symbol_done | idx=34 | total=120 | symbol=AINUSDT | status=skip | reason=no_latest_setup | signals=0 | elapsed_s=0.041
2026-04-06 02:25:09 | symbol_done | idx=35 | total=120 | symbol=AIOTUSDT | status=skip | reason=no_latest_setup | signals=0 | elapsed_s=0.043
2026-04-06 02:25:09 | symbol_done | idx=36 | total=120 | symbol=AIOUSDT | status=skip | reason=no_latest_setup | signals=0 | elapsed_s=0.034
2026-04-06 02:25:09 | symbol_done | idx=37 | total=120 | symbol=AIUSDT | status=skip | reason=no_latest_setup | signals=0 | elapsed_s=0.049
2026-04-06 02:25:09 | symbol_done | idx=38 | total=120 | symbol=AIXBTUSDT | status=skip | reason=no_latest_setup | signals=0 | elapsed_s=0.058
2026-04-06 02:25:09 | symbol_done | idx=39 | total=120 | symbol=AKEUSDT | status=skip | reason=no_latest_setup | signals=0 | elapsed_s=0.067
2026-04-06 02:25:09 | symbol_done | idx=40 | total=120 | symbol=AKTUSDT | status=skip | reason=no_latest_setup | signals=0 | elapsed_s=0.052
2026-04-06 02:25:09 | symbol_done | idx=41 | total=120 | symbol=ALCHUSDT | status=skip | reason=no_latest_setup | signals=0 | elapsed_s=0.041
2026-04-06 02:25:09 | symbol_done | idx=42 | total=120 | symbol=ALGOUSDT | status=skip | reason=no_latest_setup | signals=0 | elapsed_s=0.032
2026-04-06 02:25:09 | symbol_done | idx=43 | total=120 | symbol=ALICEUSDT | status=skip | reason=no_latest_setup | signals=0 | elapsed_s=0.037
2026-04-06 02:25:09 | symbol_done | idx=44 | total=120 | symbol=ALLOUSDT | status=skip | reason=no_latest_setup | signals=0 | elapsed_s=0.029
2026-04-06 02:25:09 | symbol_done | idx=45 | total=120 | symbol=ALLUSDT | status=skip | reason=no_latest_setup | signals=0 | elapsed_s=0.031
2026-04-06 02:25:09 | symbol_done | idx=46 | total=120 | symbol=ALPINEUSDT | status=skip | reason=no_setup | signals=0 | elapsed_s=0.022
2026-04-06 02:25:09 | symbol_done | idx=47 | total=120 | symbol=ALTUSDT | status=skip | reason=no_latest_setup | signals=0 | elapsed_s=0.029
2026-04-06 02:25:10 | symbol_done | idx=48 | total=120 | symbol=AMZNUSDT | status=skip | reason=no_setup | signals=0 | elapsed_s=0.037
2026-04-06 02:25:10 | symbol_done | idx=49 | total=120 | symbol=ANIMEUSDT | status=skip | reason=no_latest_setup | signals=0 | elapsed_s=0.098
2026-04-06 02:25:10 | symbol_done | idx=50 | total=120 | symbol=ANKRUSDT | status=skip | reason=no_latest_setup | signals=0 | elapsed_s=0.040
2026-04-06 02:25:10 | symbol_done | idx=51 | total=120 | symbol=APEUSDT | status=skip | reason=no_latest_setup | signals=0 | elapsed_s=0.030
2026-04-06 02:25:10 | symbol_done | idx=52 | total=120 | symbol=API3USDT | status=skip | reason=no_latest_setup | signals=0 | elapsed_s=0.037
2026-04-06 02:25:10 | symbol_done | idx=53 | total=120 | symbol=APRUSDT | status=skip | reason=no_latest_setup | signals=0 | elapsed_s=0.043
2026-04-06 02:25:10 | symbol_done | idx=54 | total=120 | symbol=APTUSDT | status=skip | reason=no_latest_setup | signals=0 | elapsed_s=0.032
2026-04-06 02:25:10 | symbol_done | idx=55 | total=120 | symbol=ARBUSDT | status=skip | reason=no_latest_setup | signals=0 | elapsed_s=0.030
2026-04-06 02:25:10 | symbol_done | idx=56 | total=120 | symbol=ARCUSDT | status=skip | reason=no_latest_setup | signals=0 | elapsed_s=0.031
2026-04-06 02:25:10 | symbol_done | idx=57 | total=120 | symbol=ARIAUSDT | status=skip | reason=no_latest_setup | signals=0 | elapsed_s=0.043
2026-04-06 02:25:10 | symbol_done | idx=58 | total=120 | symbol=ARKMUSDT | status=skip | reason=no_latest_setup | signals=0 | elapsed_s=0.041
2026-04-06 02:25:10 | symbol_done | idx=59 | total=120 | symbol=ARKUSDT | status=skip | reason=no_latest_setup | signals=0 | elapsed_s=0.041
2026-04-06 02:25:10 | symbol_done | idx=60 | total=120 | symbol=ARPAUSDT | status=skip | reason=no_latest_setup | signals=0 | elapsed_s=0.047
2026-04-06 02:25:10 | symbol_done | idx=61 | total=120 | symbol=ARUSDT | status=skip | reason=no_latest_setup | signals=0 | elapsed_s=0.043
2026-04-06 02:25:10 | symbol_done | idx=62 | total=120 | symbol=ASRUSDT | status=skip | reason=no_setup | signals=0 | elapsed_s=0.092
2026-04-06 02:25:10 | symbol_done | idx=63 | total=120 | symbol=ASTERUSDT | status=skip | reason=no_latest_setup | signals=0 | elapsed_s=0.162
2026-04-06 02:25:10 | symbol_done | idx=64 | total=120 | symbol=ASTRUSDT | status=skip | reason=no_latest_setup | signals=0 | elapsed_s=0.118
2026-04-06 02:25:11 | symbol_done | idx=65 | total=120 | symbol=ATAUSDT | status=skip | reason=no_latest_setup | signals=0 | elapsed_s=0.048
2026-04-06 02:25:11 | symbol_done | idx=66 | total=120 | symbol=ATHUSDT | status=skip | reason=no_latest_setup | signals=0 | elapsed_s=0.047
2026-04-06 02:25:11 | symbol_done | idx=67 | total=120 | symbol=ATOMUSDT | status=skip | reason=no_latest_setup | signals=0 | elapsed_s=0.047
2026-04-06 02:25:11 | symbol_done | idx=68 | total=120 | symbol=ATUSDT | status=skip | reason=no_latest_setup | signals=0 | elapsed_s=0.043
2026-04-06 02:25:11 | symbol_done | idx=69 | total=120 | symbol=AUCTIONUSDT | status=skip | reason=no_latest_setup | signals=0 | elapsed_s=0.041
2026-04-06 02:25:11 | symbol_done | idx=70 | total=120 | symbol=AUSDT | status=skip | reason=no_latest_setup | signals=0 | elapsed_s=0.037
2026-04-06 02:25:11 | symbol_done | idx=71 | total=120 | symbol=AVAAIUSDT | status=skip | reason=no_latest_setup | signals=0 | elapsed_s=0.046
2026-04-06 02:25:11 | symbol_done | idx=72 | total=120 | symbol=AVAUSDT | status=skip | reason=no_latest_setup | signals=0 | elapsed_s=0.047
2026-04-06 02:25:11 | symbol_done | idx=73 | total=120 | symbol=AVAXUSDT | status=skip | reason=no_latest_setup | signals=0 | elapsed_s=0.042
2026-04-06 02:25:11 | symbol_done | idx=74 | total=120 | symbol=AVNTUSDT | status=skip | reason=no_latest_setup | signals=0 | elapsed_s=0.042
2026-04-06 02:25:11 | symbol_done | idx=75 | total=120 | symbol=AWEUSDT | status=skip | reason=no_latest_setup | signals=0 | elapsed_s=0.033
2026-04-06 02:25:11 | symbol_done | idx=76 | total=120 | symbol=AXLUSDT | status=skip | reason=no_latest_setup | signals=0 | elapsed_s=0.030
2026-04-06 02:25:11 | symbol_done | idx=77 | total=120 | symbol=AXSUSDT | status=skip | reason=no_latest_setup | signals=0 | elapsed_s=0.036
2026-04-06 02:25:11 | symbol_done | idx=78 | total=120 | symbol=AZTECUSDT | status=skip | reason=no_latest_setup | signals=0 | elapsed_s=0.050
2026-04-06 02:25:11 | symbol_done | idx=79 | total=120 | symbol=B2USDT | status=skip | reason=no_latest_setup | signals=0 | elapsed_s=0.046
2026-04-06 02:25:11 | symbol_done | idx=80 | total=120 | symbol=B3USDT | status=skip | reason=no_latest_setup | signals=0 | elapsed_s=0.042
2026-04-06 02:25:11 | symbol_done | idx=81 | total=120 | symbol=BABYUSDT | status=skip | reason=no_latest_setup | signals=0 | elapsed_s=0.046
2026-04-06 02:25:11 | symbol_done | idx=82 | total=120 | symbol=BANANAS31USDT | status=skip | reason=no_latest_setup | signals=0 | elapsed_s=0.050
2026-04-06 02:25:11 | symbol_done | idx=83 | total=120 | symbol=BANANAUSDT | status=skip | reason=no_latest_setup | signals=0 | elapsed_s=0.050
2026-04-06 02:25:11 | symbol_done | idx=84 | total=120 | symbol=BANDUSDT | status=skip | reason=no_latest_setup | signals=0 | elapsed_s=0.051
2026-04-06 02:25:11 | symbol_done | idx=85 | total=120 | symbol=BANKUSDT | status=skip | reason=no_latest_setup | signals=0 | elapsed_s=0.039
2026-04-06 02:25:11 | symbol_done | idx=87 | total=120 | symbol=BARDUSDT | status=skip | reason=no_latest_setup | signals=0 | elapsed_s=0.029
2026-04-06 02:25:11 | symbol_done | idx=88 | total=120 | symbol=BASEDUSDT | status=skip | reason=insufficient_history | signals=0 | elapsed_s=0.013
2026-04-06 02:25:11 | symbol_done | idx=89 | total=120 | symbol=BASUSDT | status=skip | reason=no_latest_setup | signals=0 | elapsed_s=0.023
2026-04-06 02:25:12 | symbol_done | idx=90 | total=120 | symbol=BATUSDT | status=skip | reason=no_latest_setup | signals=0 | elapsed_s=0.029
2026-04-06 02:25:12 | symbol_done | idx=91 | total=120 | symbol=BBUSDT | status=skip | reason=no_latest_setup | signals=0 | elapsed_s=0.031
2026-04-06 02:25:12 | symbol_done | idx=92 | total=120 | symbol=BCHUSDT | status=skip | reason=no_latest_setup | signals=0 | elapsed_s=0.029
2026-04-06 02:25:12 | symbol_done | idx=93 | total=120 | symbol=BDXNUSDT | status=skip | reason=no_latest_setup | signals=0 | elapsed_s=0.029
2026-04-06 02:25:12 | symbol_done | idx=94 | total=120 | symbol=BEAMXUSDT | status=skip | reason=no_latest_setup | signals=0 | elapsed_s=0.025
2026-04-06 02:25:12 | symbol_done | idx=96 | total=120 | symbol=BELUSDT | status=skip | reason=no_latest_setup | signals=0 | elapsed_s=0.034
2026-04-06 02:25:12 | symbol_done | idx=97 | total=120 | symbol=BERAUSDT | status=skip | reason=no_latest_setup | signals=0 | elapsed_s=0.033
2026-04-06 02:25:12 | symbol_done | idx=98 | total=120 | symbol=BICOUSDT | status=skip | reason=no_latest_setup | signals=0 | elapsed_s=0.029
2026-04-06 02:25:12 | symbol_done | idx=99 | total=120 | symbol=BIDUSDT | status=skip | reason=no_latest_setup | signals=0 | elapsed_s=0.034
2026-04-06 02:25:12 | symbol_done | idx=100 | total=120 | symbol=BIGTIMEUSDT | status=skip | reason=no_latest_setup | signals=0 | elapsed_s=0.023
2026-04-06 02:25:12 | symbol_done | idx=101 | total=120 | symbol=BIOUSDT | status=skip | reason=no_latest_setup | signals=0 | elapsed_s=0.026
2026-04-06 02:25:12 | symbol_done | idx=102 | total=120 | symbol=BIRBUSDT | status=skip | reason=no_latest_setup | signals=0 | elapsed_s=0.024
2026-04-06 02:25:12 | symbol_done | idx=103 | total=120 | symbol=BLESSUSDT | status=skip | reason=no_latest_setup | signals=0 | elapsed_s=0.036
2026-04-06 02:25:12 | symbol_done | idx=104 | total=120 | symbol=BLUAIUSDT | status=skip | reason=no_latest_setup | signals=0 | elapsed_s=0.029
2026-04-06 02:25:12 | symbol_done | idx=105 | total=120 | symbol=BLURUSDT | status=skip | reason=no_latest_setup | signals=0 | elapsed_s=0.030
2026-04-06 02:25:12 | symbol_done | idx=106 | total=120 | symbol=BMTUSDT | status=skip | reason=no_latest_setup | signals=0 | elapsed_s=0.033
2026-04-06 02:25:12 | symbol_done | idx=107 | total=120 | symbol=BNBUSDT | status=skip | reason=no_latest_setup | signals=0 | elapsed_s=0.030
2026-04-06 02:25:12 | symbol_done | idx=108 | total=120 | symbol=BNTUSDT | status=skip | reason=no_latest_setup | signals=0 | elapsed_s=0.034
2026-04-06 02:25:12 | symbol_done | idx=109 | total=120 | symbol=BOBUSDT | status=skip | reason=no_latest_setup | signals=0 | elapsed_s=0.037
2026-04-06 02:25:12 | symbol_done | idx=110 | total=120 | symbol=BOMEUSDT | status=skip | reason=no_latest_setup | signals=0 | elapsed_s=0.030
2026-04-06 02:25:12 | symbol_done | idx=111 | total=120 | symbol=BRETTUSDT | status=skip | reason=no_latest_setup | signals=0 | elapsed_s=0.032
2026-04-06 02:25:12 | symbol_done | idx=112 | total=120 | symbol=BREVUSDT | status=skip | reason=no_latest_setup | signals=0 | elapsed_s=0.046
2026-04-06 02:25:12 | symbol_done | idx=113 | total=120 | symbol=BROCCOLI714USDT | status=skip | reason=no_latest_setup | signals=0 | elapsed_s=0.027
2026-04-06 02:25:12 | symbol_done | idx=114 | total=120 | symbol=BROCCOLIF3BUSDT | status=skip | reason=no_latest_setup | signals=0 | elapsed_s=0.025
2026-04-06 02:25:12 | symbol_done | idx=115 | total=120 | symbol=BRUSDT | status=skip | reason=no_latest_setup | signals=0 | elapsed_s=0.029
2026-04-06 02:25:12 | symbol_done | idx=116 | total=120 | symbol=BSBUSDT | status=skip | reason=insufficient_history | signals=0 | elapsed_s=0.015
2026-04-06 02:25:12 | symbol_done | idx=117 | total=120 | symbol=BSVUSDT | status=skip | reason=no_latest_setup | signals=0 | elapsed_s=0.034
2026-04-06 02:25:12 | symbol_done | idx=118 | total=120 | symbol=BTC-260327USDT | status=skip | reason=insufficient_history | signals=0 | elapsed_s=0.001
2026-04-06 02:25:12 | symbol_done | idx=119 | total=120 | symbol=BTCDOMUSDT | status=skip | reason=no_setup | signals=0 | elapsed_s=0.030
2026-04-06 02:25:12 | symbol_done | idx=120 | total=120 | symbol=BTCUSDT | status=skip | reason=no_latest_setup | signals=0 | elapsed_s=0.031
2026-04-06 02:25:12 | symbol_done | idx=86 | total=120 | symbol=BANUSDT | status=ok | reason=below_threshold | signals=0 | elapsed_s=1.034
2026-04-06 02:25:12 | symbol_done | idx=95 | total=120 | symbol=BEATUSDT | status=ok | reason=below_threshold | signals=0 | elapsed_s=0.791
2026-04-06 02:25:12 | scan_end | timeframe=1h | symbols=120 | total_signals=0 | elapsed_s=4.568 | log_file=D:\Code\Projects\self-projects\macd-overlay - Copy\output\scanner_debug_recent.log
