STDOUT

[RUN] baseline

[RUN] higher_quality_wave

[RUN] pullback_conservative

[RUN] faster_rotation

[RUN] tighter_quality

[RUN] auto_006

[RUN] auto_007

[RUN] auto_008

[RUN] auto_009

[RUN] auto_010

[RUN] auto_011

[RUN] auto_012

[RUN] auto_013

[RUN] auto_014

[RUN] auto_015

[RUN] auto_016

[RUN] auto_017

[RUN] auto_018

[RUN] auto_019

[RUN] auto_020

[RUN] auto_021

[RUN] auto_022

[RUN] auto_023

[RUN] auto_024

[RUN] auto_025

[RUN] auto_026

[RUN] auto_027

[RUN] auto_028

[RUN] auto_029

[RUN] auto_030

[DONE]
Summary: output\p3_edge_research\overnight_integrity_v1\batch_001\summary.csv
Details: output\p3_edge_research\overnight_integrity_v1\batch_001\details.json


STDERR

Extract:   0%|          | 0/578 [00:00<?, ?it/s]
Extract:   0%|          | 1/578 [00:00<02:29,  3.85it/s]
Extract:   0%|          | 2/578 [00:00<01:53,  5.08it/s]
Extract:   1%|          | 3/578 [00:00<02:15,  4.24it/s]
Extract:   1%|          | 4/578 [00:01<03:20,  2.87it/s]
Extract:   1%|          | 5/578 [00:01<03:05,  3.09it/s]
Extract:   1%|1         | 6/578 [00:01<02:56,  3.25it/s]
Extract:   1%|1         | 7/578 [00:02<03:28,  2.73it/s]
Extract:   1%|1         | 8/578 [00:02<04:03,  2.34it/s]
Extract:   2%|1         | 9/578 [00:03<04:24,  2.15it/s]
Extract:   2%|1         | 10/578 [00:03<04:13,  2.24it/s]
Extract:   2%|1         | 11/578 [00:04<04:09,  2.27it/s]
Extract:   2%|2         | 12/578 [00:05<05:51,  1.61it/s]
Extract:   2%|2         | 13/578 [00:05<04:52,  1.93it/s]
Extract:   2%|2         | 14/578 [00:06<06:40,  1.41it/s]
Extract:   3%|2         | 15/578 [00:07<07:01,  1.34it/s]
Extract:   3%|2         | 16/578 [00:07<05:41,  1.64it/s]
Extract:   3%|2         | 17/578 [00:07<04:15,  2.19it/s]
Extract:   3%|3         | 19/578 [00:08<02:39,  3.51it/s]
Extract:   3%|3         | 20/578 [00:08<02:16,  4.08it/s]
Extract:   4%|3         | 21/578 [00:09<03:50,  2.42it/s]
Extract:   4%|3         | 22/578 [00:09<04:10,  2.22it/s]
Extract:   4%|3         | 23/578 [00:10<04:20,  2.13it/s]
Extract:   4%|4         | 24/578 [00:10<03:46,  2.45it/s]
Extract:   4%|4         | 26/578 [00:10<02:41,  3.42it/s]
Extract:   5%|4         | 27/578 [00:11<04:00,  2.29it/s]
Extract:   5%|4         | 28/578 [00:11<03:21,  2.72it/s]
Extract:   5%|5         | 29/578 [00:11<02:58,  3.07it/s]
Extract:   5%|5         | 30/578 [00:12<02:59,  3.05it/s]
Extract:   5%|5         | 31/578 [00:12<03:16,  2.79it/s]
Extract:   6%|5         | 32/578 [00:12<02:49,  3.22it/s]
Extract:   6%|5         | 34/578 [00:13<02:09,  4.21it/s]
Extract:   6%|6         | 35/578 [00:13<02:03,  4.39it/s]
Extract:   6%|6         | 36/578 [00:13<01:51,  4.85it/s]
Extract:   6%|6         | 37/578 [00:14<02:37,  3.44it/s]
Extract:   7%|6         | 38/578 [00:14<02:42,  3.33it/s]
Extract:   7%|6         | 39/578 [00:14<02:12,  4.08it/s]
Extract:   7%|6         | 40/578 [00:14<02:13,  4.04it/s]
Extract:   7%|7         | 41/578 [00:15<02:11,  4.08it/s]
Extract:   7%|7         | 42/578 [00:16<05:17,  1.69it/s]
Extract:   7%|7         | 43/578 [00:17<06:01,  1.48it/s]
Extract:   8%|7         | 45/578 [00:17<03:36,  2.47it/s]
Extract:   8%|7         | 46/578 [00:17<03:16,  2.71it/s]
Extract:   8%|8         | 47/578 [00:18<03:15,  2.72it/s]
Extract:   8%|8         | 49/578 [00:18<02:22,  3.72it/s]
Extract:   9%|8         | 50/578 [00:19<03:48,  2.31it/s]
Extract:   9%|8         | 51/578 [00:20<04:40,  1.88it/s]
Extract:   9%|8         | 52/578 [00:20<04:28,  1.96it/s]
Extract:   9%|9         | 54/578 [00:20<03:08,  2.77it/s]
Extract:  10%|9         | 55/578 [00:21<02:55,  2.98it/s]
Extract:  10%|9         | 56/578 [00:21<02:27,  3.55it/s]
Extract:  10%|#         | 58/578 [00:21<02:07,  4.07it/s]
Extract:  10%|#         | 59/578 [00:21<02:00,  4.31it/s]
Extract:  10%|#         | 60/578 [00:22<02:12,  3.91it/s]
Extract:  11%|#         | 61/578 [00:22<02:28,  3.49it/s]
Extract:  11%|#         | 63/578 [00:22<01:38,  5.21it/s]
Extract:  11%|#1        | 64/578 [00:22<01:43,  4.95it/s]
Extract:  11%|#1        | 65/578 [00:23<01:54,  4.49it/s]
Extract:  12%|#1        | 67/578 [00:23<02:17,  3.71it/s]
Extract:  12%|#1        | 69/578 [00:24<01:44,  4.89it/s]
Extract:  12%|#2        | 71/578 [00:24<01:24,  6.03it/s]
Extract:  12%|#2        | 72/578 [00:24<01:18,  6.45it/s]
Extract:  13%|#2        | 73/578 [00:24<01:44,  4.84it/s]
Extract:  13%|#2        | 75/578 [00:24<01:13,  6.81it/s]
Extract:  13%|#3        | 77/578 [00:25<02:00,  4.16it/s]
Extract:  14%|#3        | 79/578 [00:25<01:30,  5.49it/s]
Extract:  14%|#3        | 80/578 [00:26<01:32,  5.36it/s]
Extract:  14%|#4        | 81/578 [00:26<01:26,  5.76it/s]
Extract:  14%|#4        | 82/578 [00:26<01:22,  6.01it/s]
Extract:  14%|#4        | 83/578 [00:26<01:20,  6.18it/s]
Extract:  15%|#4        | 84/578 [00:26<01:58,  4.18it/s]
Extract:  15%|#4        | 86/578 [00:27<01:28,  5.53it/s]
Extract:  15%|#5        | 88/578 [00:27<01:05,  7.52it/s]
Extract:  16%|#5        | 90/578 [00:28<01:46,  4.57it/s]
Extract:  16%|#5        | 91/578 [00:28<02:24,  3.38it/s]
Extract:  16%|#5        | 92/578 [00:29<02:41,  3.02it/s]
Extract:  16%|#6        | 94/578 [00:29<02:09,  3.75it/s]
Extract:  17%|#6        | 96/578 [00:29<02:13,  3.61it/s]
Extract:  17%|#6        | 97/578 [00:30<01:59,  4.03it/s]
Extract:  17%|#6        | 98/578 [00:30<02:46,  2.89it/s]
Extract:  17%|#7        | 99/578 [00:31<02:45,  2.90it/s]
Extract:  17%|#7        | 100/578 [00:31<02:31,  3.16it/s]
Extract:  17%|#7        | 101/578 [00:31<02:23,  3.32it/s]
Extract:  18%|#7        | 103/578 [00:31<01:37,  4.85it/s]
Extract:  18%|#8        | 105/578 [00:32<01:41,  4.66it/s]
Extract:  18%|#8        | 106/578 [00:32<01:37,  4.85it/s]
Extract:  19%|#8        | 107/578 [00:33<02:28,  3.18it/s]
Extract:  19%|#8        | 108/578 [00:33<02:20,  3.34it/s]
Extract:  19%|#9        | 110/578 [00:33<02:02,  3.82it/s]
Extract:  19%|#9        | 111/578 [00:33<01:52,  4.16it/s]
Extract:  20%|#9        | 113/578 [00:34<01:20,  5.76it/s]
Extract:  20%|#9        | 114/578 [00:34<01:16,  6.06it/s]
Extract:  20%|#9        | 115/578 [00:34<01:10,  6.57it/s]
Extract:  20%|##        | 116/578 [00:34<01:13,  6.28it/s]
Extract:  20%|##        | 117/578 [00:34<01:39,  4.62it/s]
Extract:  21%|##        | 120/578 [00:35<01:45,  4.33it/s]
Extract:  21%|##        | 121/578 [00:36<02:26,  3.11it/s]
Extract:  21%|##1       | 123/578 [00:36<01:49,  4.15it/s]
Extract:  21%|##1       | 124/578 [00:36<01:41,  4.47it/s]
Extract:  22%|##1       | 125/578 [00:37<02:56,  2.56it/s]
Extract:  22%|##1       | 126/578 [00:38<03:19,  2.26it/s]
Extract:  22%|##1       | 127/578 [00:38<02:41,  2.79it/s]
Extract:  22%|##2       | 128/578 [00:38<02:29,  3.02it/s]
Extract:  22%|##2       | 129/578 [00:38<01:59,  3.75it/s]
Extract:  22%|##2       | 130/578 [00:39<02:57,  2.52it/s]
Extract:  23%|##2       | 131/578 [00:40<05:10,  1.44it/s]
Extract:  23%|##2       | 132/578 [00:41<04:20,  1.71it/s]
Extract:  23%|##3       | 133/578 [00:41<04:36,  1.61it/s]
Extract:  23%|##3       | 134/578 [00:42<03:43,  1.99it/s]
Extract:  23%|##3       | 135/578 [00:42<03:14,  2.27it/s]
Extract:  24%|##3       | 136/578 [00:42<02:51,  2.57it/s]
Extract:  24%|##3       | 137/578 [00:43<03:47,  1.94it/s]
Extract:  24%|##3       | 138/578 [00:44<04:19,  1.70it/s]
Extract:  24%|##4       | 139/578 [00:44<04:05,  1.79it/s]
Extract:  24%|##4       | 141/578 [00:44<02:33,  2.85it/s]
Extract:  25%|##4       | 142/578 [00:45<02:09,  3.37it/s]
Extract:  25%|##5       | 145/578 [00:45<01:13,  5.91it/s]
Extract:  25%|##5       | 146/578 [00:47<03:36,  2.00it/s]
Extract:  25%|##5       | 147/578 [00:47<03:23,  2.12it/s]
Extract:  26%|##5       | 148/578 [00:47<03:04,  2.33it/s]
Extract:  26%|##5       | 149/578 [00:48<03:51,  1.85it/s]
Extract:  26%|##5       | 150/578 [00:48<03:20,  2.13it/s]
Extract:  26%|##6       | 152/578 [00:49<02:11,  3.25it/s]
Extract:  26%|##6       | 153/578 [00:50<03:15,  2.17it/s]
Extract:  27%|##6       | 154/578 [00:50<02:44,  2.57it/s]
Extract:  27%|##6       | 155/578 [00:50<03:23,  2.08it/s]
Extract:  27%|##7       | 157/578 [00:51<02:17,  3.07it/s]
Extract:  27%|##7       | 158/578 [00:51<02:00,  3.49it/s]
Extract:  28%|##7       | 159/578 [00:51<01:44,  4.01it/s]
Extract:  28%|##7       | 160/578 [00:51<02:07,  3.28it/s]
Extract:  28%|##8       | 162/578 [00:52<01:29,  4.63it/s]
Extract:  28%|##8       | 163/578 [00:53<03:21,  2.06it/s]
Extract:  28%|##8       | 164/578 [00:53<02:53,  2.38it/s]
Extract:  29%|##8       | 165/578 [00:53<02:36,  2.63it/s]
Extract:  29%|##8       | 166/578 [00:54<02:21,  2.92it/s]
Extract:  29%|##8       | 167/578 [00:54<03:08,  2.18it/s]
Extract:  29%|##9       | 168/578 [00:55<02:42,  2.52it/s]
Extract:  29%|##9       | 169/578 [00:55<02:21,  2.90it/s]
Extract:  29%|##9       | 170/578 [00:55<02:13,  3.05it/s]
Extract:  30%|##9       | 171/578 [00:55<01:49,  3.73it/s]
Extract:  30%|##9       | 172/578 [00:56<02:16,  2.97it/s]
Extract:  30%|##9       | 173/578 [00:57<03:33,  1.90it/s]
Extract:  30%|###       | 174/578 [00:57<03:08,  2.14it/s]
Extract:  30%|###       | 175/578 [00:57<02:34,  2.60it/s]
Extract:  30%|###       | 176/578 [00:58<02:09,  3.11it/s]
Extract:  31%|###       | 177/578 [00:59<03:53,  1.72it/s]
Extract:  31%|###       | 178/578 [00:59<03:16,  2.04it/s]
Extract:  31%|###       | 179/578 [00:59<02:49,  2.36it/s]
Extract:  31%|###1      | 180/578 [01:00<03:30,  1.89it/s]
Extract:  31%|###1      | 181/578 [01:01<03:54,  1.69it/s]
Extract:  31%|###1      | 182/578 [01:01<03:32,  1.87it/s]
Extract:  32%|###1      | 184/578 [01:02<02:45,  2.38it/s]
Extract:  32%|###2      | 185/578 [01:03<03:33,  1.84it/s]
Extract:  32%|###2      | 186/578 [01:03<03:04,  2.12it/s]
Extract:  33%|###2      | 188/578 [01:03<02:19,  2.80it/s]
Extract:  33%|###2      | 189/578 [01:05<03:35,  1.81it/s]
Extract:  33%|###3      | 191/578 [01:05<03:09,  2.04it/s]
Extract:  33%|###3      | 192/578 [01:06<02:46,  2.32it/s]
Extract:  33%|###3      | 193/578 [01:06<02:20,  2.74it/s]
Extract:  34%|###3      | 194/578 [01:06<01:58,  3.24it/s]
Extract:  34%|###3      | 195/578 [01:06<01:38,  3.90it/s]
Extract:  34%|###4      | 197/578 [01:07<02:14,  2.82it/s]
Extract:  34%|###4      | 198/578 [01:07<02:15,  2.80it/s]
Extract:  35%|###4      | 201/578 [01:08<02:09,  2.91it/s]
Extract:  35%|###4      | 202/578 [01:09<02:12,  2.83it/s]
Extract:  35%|###5      | 203/578 [01:09<02:45,  2.27it/s]
Extract:  35%|###5      | 205/578 [01:10<01:53,  3.27it/s]
Extract:  36%|###5      | 206/578 [01:10<01:47,  3.46it/s]
Extract:  36%|###5      | 207/578 [01:11<02:34,  2.41it/s]
Extract:  36%|###6      | 209/578 [01:11<01:50,  3.35it/s]
Extract:  36%|###6      | 210/578 [01:11<01:42,  3.59it/s]
Extract:  37%|###6      | 212/578 [01:12<02:01,  3.02it/s]
Extract:  37%|###6      | 213/578 [01:12<01:55,  3.17it/s]
Extract:  37%|###7      | 214/578 [01:12<01:36,  3.76it/s]
Extract:  37%|###7      | 215/578 [01:13<02:11,  2.75it/s]
Extract:  38%|###7      | 217/578 [01:13<01:41,  3.55it/s]
Extract:  38%|###7      | 219/578 [01:13<01:12,  4.98it/s]
Extract:  38%|###8      | 220/578 [01:14<01:10,  5.11it/s]
Extract:  38%|###8      | 221/578 [01:14<01:07,  5.33it/s]
Extract:  39%|###8      | 223/578 [01:14<00:57,  6.18it/s]
Extract:  39%|###8      | 224/578 [01:14<00:55,  6.32it/s]
Extract:  39%|###8      | 225/578 [01:15<01:29,  3.94it/s]
Extract:  39%|###9      | 226/578 [01:15<01:35,  3.68it/s]
Extract:  39%|###9      | 227/578 [01:15<01:30,  3.90it/s]
Extract:  40%|###9      | 229/578 [01:16<01:21,  4.27it/s]
Extract:  40%|###9      | 230/578 [01:16<01:56,  2.99it/s]
Extract:  40%|###9      | 231/578 [01:17<02:14,  2.57it/s]
Extract:  40%|####      | 232/578 [01:18<02:39,  2.18it/s]
Extract:  40%|####      | 233/578 [01:18<02:13,  2.58it/s]
Extract:  40%|####      | 234/578 [01:18<01:58,  2.90it/s]
Extract:  41%|####      | 235/578 [01:18<01:50,  3.12it/s]
Extract:  41%|####      | 236/578 [01:19<02:31,  2.26it/s]
Extract:  41%|####1     | 237/578 [01:20<02:56,  1.93it/s]
Extract:  41%|####1     | 239/578 [01:20<01:51,  3.05it/s]
Extract:  42%|####1     | 240/578 [01:20<01:45,  3.19it/s]
Extract:  42%|####1     | 242/578 [01:20<01:14,  4.48it/s]
Extract:  42%|####2     | 244/578 [01:21<01:32,  3.61it/s]
Extract:  42%|####2     | 245/578 [01:21<01:27,  3.79it/s]
Extract:  43%|####2     | 246/578 [01:21<01:15,  4.38it/s]
Extract:  43%|####2     | 247/578 [01:22<01:35,  3.45it/s]
Extract:  43%|####2     | 248/578 [01:22<01:51,  2.97it/s]
Extract:  43%|####3     | 249/578 [01:23<01:42,  3.19it/s]
Extract:  43%|####3     | 250/578 [01:23<01:31,  3.59it/s]
Extract:  43%|####3     | 251/578 [01:23<01:27,  3.73it/s]
Extract:  44%|####3     | 253/578 [01:23<01:05,  4.96it/s]
Extract:  44%|####4     | 255/578 [01:24<01:09,  4.61it/s]
Extract:  44%|####4     | 256/578 [01:25<02:26,  2.20it/s]
Extract:  44%|####4     | 257/578 [01:25<02:02,  2.63it/s]
Extract:  45%|####4     | 259/578 [01:25<01:25,  3.72it/s]
Extract:  45%|####4     | 260/578 [01:26<01:16,  4.18it/s]
Extract:  45%|####5     | 261/578 [01:26<01:09,  4.58it/s]
Extract:  45%|####5     | 262/578 [01:26<01:32,  3.43it/s]
Extract:  46%|####5     | 263/578 [01:27<02:21,  2.23it/s]
Extract:  46%|####5     | 264/578 [01:27<01:53,  2.76it/s]
Extract:  46%|####5     | 265/578 [01:28<02:02,  2.56it/s]
Extract:  46%|####6     | 266/578 [01:28<02:02,  2.54it/s]
Extract:  46%|####6     | 267/578 [01:29<02:25,  2.14it/s]
Extract:  46%|####6     | 268/578 [01:29<02:00,  2.58it/s]
Extract:  47%|####6     | 269/578 [01:29<02:18,  2.22it/s]
Extract:  47%|####6     | 271/578 [01:30<01:24,  3.63it/s]
Extract:  47%|####7     | 273/578 [01:31<01:46,  2.86it/s]
Extract:  47%|####7     | 274/578 [01:32<02:44,  1.85it/s]
Extract:  48%|####7     | 275/578 [01:32<02:52,  1.75it/s]
Extract:  48%|####7     | 276/578 [01:33<02:37,  1.92it/s]
Extract:  48%|####7     | 277/578 [01:33<02:13,  2.26it/s]
Extract:  48%|####8     | 279/578 [01:33<01:22,  3.64it/s]
Extract:  48%|####8     | 280/578 [01:34<01:50,  2.70it/s]
Extract:  49%|####8     | 282/578 [01:34<01:23,  3.56it/s]
Extract:  49%|####8     | 283/578 [01:35<01:35,  3.10it/s]
Extract:  49%|####9     | 284/578 [01:35<01:23,  3.51it/s]
Extract:  49%|####9     | 285/578 [01:35<01:33,  3.12it/s]
Extract:  49%|####9     | 286/578 [01:36<01:36,  3.03it/s]
Extract:  50%|####9     | 287/578 [01:36<01:28,  3.28it/s]
Extract:  50%|####9     | 288/578 [01:36<01:24,  3.42it/s]
Extract:  50%|#####     | 289/578 [01:37<01:43,  2.78it/s]
Extract:  50%|#####     | 290/578 [01:37<02:24,  1.99it/s]
Extract:  50%|#####     | 291/578 [01:38<01:56,  2.46it/s]
Extract:  51%|#####     | 292/578 [01:38<01:32,  3.11it/s]
Extract:  51%|#####     | 294/578 [01:38<01:09,  4.07it/s]
Extract:  51%|#####1    | 295/578 [01:39<02:00,  2.36it/s]
Extract:  51%|#####1    | 296/578 [01:39<01:46,  2.65it/s]
Extract:  51%|#####1    | 297/578 [01:41<02:56,  1.59it/s]
Extract:  52%|#####1    | 299/578 [01:41<01:51,  2.50it/s]
Extract:  52%|#####1    | 300/578 [01:41<01:37,  2.84it/s]
Extract:  52%|#####2    | 301/578 [01:42<01:54,  2.42it/s]
Extract:  52%|#####2    | 302/578 [01:42<01:31,  3.03it/s]
Extract:  52%|#####2    | 303/578 [01:42<01:13,  3.72it/s]
Extract:  53%|#####2    | 304/578 [01:43<01:56,  2.35it/s]
Extract:  53%|#####2    | 305/578 [01:43<01:49,  2.49it/s]
Extract:  53%|#####3    | 307/578 [01:44<01:46,  2.53it/s]
Extract:  53%|#####3    | 308/578 [01:44<01:51,  2.43it/s]
Extract:  53%|#####3    | 309/578 [01:45<02:22,  1.88it/s]
Extract:  54%|#####3    | 310/578 [01:45<02:11,  2.03it/s]
Extract:  54%|#####3    | 311/578 [01:46<02:45,  1.61it/s]
Extract:  54%|#####3    | 312/578 [01:47<03:06,  1.42it/s]
Extract:  54%|#####4    | 313/578 [01:47<02:29,  1.77it/s]
Extract:  54%|#####4    | 314/578 [01:48<02:25,  1.81it/s]
Extract:  54%|#####4    | 315/578 [01:49<02:19,  1.88it/s]
Extract:  55%|#####4    | 316/578 [01:49<02:17,  1.91it/s]
Extract:  55%|#####5    | 318/578 [01:50<02:04,  2.09it/s]
Extract:  55%|#####5    | 319/578 [01:50<01:56,  2.22it/s]
Extract:  55%|#####5    | 320/578 [01:51<02:15,  1.90it/s]
Extract:  56%|#####5    | 321/578 [01:51<02:01,  2.12it/s]
Extract:  56%|#####5    | 322/578 [01:52<02:02,  2.09it/s]
Extract:  56%|#####5    | 323/578 [01:52<01:49,  2.34it/s]
Extract:  56%|#####6    | 325/578 [01:52<01:16,  3.32it/s]
Extract:  56%|#####6    | 326/578 [01:53<01:22,  3.04it/s]
Extract:  57%|#####6    | 327/578 [01:53<01:11,  3.51it/s]
Extract:  57%|#####6    | 328/578 [01:53<01:14,  3.36it/s]
Extract:  57%|#####7    | 330/578 [01:54<00:54,  4.57it/s]
Extract:  57%|#####7    | 331/578 [01:54<00:58,  4.20it/s]
Extract:  57%|#####7    | 332/578 [01:54<01:13,  3.33it/s]
Extract:  58%|#####7    | 334/578 [01:55<00:52,  4.62it/s]
Extract:  58%|#####7    | 335/578 [01:55<00:49,  4.87it/s]
Extract:  58%|#####8    | 337/578 [01:55<00:42,  5.63it/s]
Extract:  59%|#####8    | 339/578 [01:55<00:43,  5.50it/s]
Extract:  59%|#####8    | 340/578 [01:56<00:46,  5.17it/s]
Extract:  59%|#####8    | 341/578 [01:56<00:50,  4.73it/s]
Extract:  59%|#####9    | 342/578 [01:56<00:57,  4.11it/s]
Extract:  60%|#####9    | 344/578 [01:57<01:13,  3.17it/s]
Extract:  60%|#####9    | 345/578 [01:57<01:07,  3.45it/s]
Extract:  60%|#####9    | 346/578 [01:57<00:59,  3.92it/s]
Extract:  60%|######    | 347/578 [01:58<00:52,  4.38it/s]
Extract:  60%|######    | 348/578 [01:58<00:47,  4.85it/s]
Extract:  60%|######    | 349/578 [01:59<02:14,  1.71it/s]
Extract:  61%|######    | 350/578 [02:00<01:55,  1.98it/s]
Extract:  61%|######    | 351/578 [02:00<02:22,  1.59it/s]
Extract:  61%|######    | 352/578 [02:01<01:49,  2.06it/s]
Extract:  61%|######1   | 353/578 [02:01<01:38,  2.28it/s]
Extract:  61%|######1   | 355/578 [02:01<01:05,  3.43it/s]
Extract:  62%|######1   | 356/578 [02:02<01:29,  2.48it/s]
Extract:  62%|######1   | 357/578 [02:02<01:34,  2.33it/s]
Extract:  62%|######2   | 359/578 [02:03<01:14,  2.94it/s]
Extract:  62%|######2   | 360/578 [02:03<01:16,  2.85it/s]
Extract:  62%|######2   | 361/578 [02:03<01:04,  3.34it/s]
Extract:  63%|######2   | 362/578 [02:04<01:32,  2.35it/s]
Extract:  63%|######2   | 363/578 [02:04<01:16,  2.81it/s]
Extract:  63%|######2   | 364/578 [02:04<01:04,  3.31it/s]
Extract:  63%|######3   | 365/578 [02:05<01:08,  3.10it/s]
Extract:  63%|######3   | 366/578 [02:05<01:12,  2.91it/s]
Extract:  63%|######3   | 367/578 [02:06<01:39,  2.11it/s]
Extract:  64%|######3   | 368/578 [02:06<01:32,  2.28it/s]
Extract:  64%|######3   | 369/578 [02:07<02:08,  1.63it/s]
Extract:  64%|######4   | 371/578 [02:08<01:16,  2.69it/s]
Extract:  65%|######4   | 373/578 [02:09<01:25,  2.41it/s]
Extract:  65%|######4   | 374/578 [02:09<01:17,  2.64it/s]
Extract:  65%|######4   | 375/578 [02:09<01:03,  3.20it/s]
Extract:  65%|######5   | 376/578 [02:09<01:10,  2.88it/s]
Extract:  65%|######5   | 377/578 [02:10<01:15,  2.65it/s]
Extract:  65%|######5   | 378/578 [02:10<01:06,  3.02it/s]
Extract:  66%|######5   | 379/578 [02:10<00:55,  3.61it/s]
Extract:  66%|######5   | 380/578 [02:11<01:02,  3.15it/s]
Extract:  66%|######5   | 381/578 [02:11<00:56,  3.50it/s]
Extract:  66%|######6   | 382/578 [02:11<01:18,  2.51it/s]
Extract:  66%|######6   | 383/578 [02:12<01:06,  2.94it/s]
Extract:  66%|######6   | 384/578 [02:12<01:16,  2.52it/s]
Extract:  67%|######6   | 386/578 [02:13<00:54,  3.55it/s]
Extract:  67%|######6   | 387/578 [02:13<00:57,  3.32it/s]
Extract:  67%|######7   | 388/578 [02:13<00:48,  3.91it/s]
Extract:  67%|######7   | 390/578 [02:13<00:35,  5.26it/s]
Extract:  68%|######7   | 391/578 [02:13<00:39,  4.75it/s]
Extract:  68%|######7   | 392/578 [02:14<00:40,  4.60it/s]
Extract:  68%|######7   | 393/578 [02:14<00:48,  3.85it/s]
Extract:  68%|######8   | 394/578 [02:14<00:47,  3.85it/s]
Extract:  68%|######8   | 395/578 [02:15<00:52,  3.46it/s]
Extract:  69%|######8   | 397/578 [02:15<00:46,  3.87it/s]
Extract:  69%|######8   | 398/578 [02:15<00:45,  3.99it/s]
Extract:  69%|######9   | 399/578 [02:16<00:44,  4.06it/s]
Extract:  69%|######9   | 400/578 [02:16<00:39,  4.56it/s]
Extract:  69%|######9   | 401/578 [02:16<00:33,  5.24it/s]
Extract:  70%|######9   | 402/578 [02:16<00:31,  5.56it/s]
Extract:  70%|######9   | 403/578 [02:16<00:29,  5.92it/s]
Extract:  70%|######9   | 404/578 [02:16<00:27,  6.36it/s]
Extract:  70%|#######   | 405/578 [02:16<00:26,  6.41it/s]
Extract:  70%|#######   | 406/578 [02:17<00:36,  4.71it/s]
Extract:  70%|#######   | 407/578 [02:17<00:52,  3.26it/s]
Extract:  71%|#######   | 408/578 [02:18<01:20,  2.11it/s]
Extract:  71%|#######   | 410/578 [02:19<00:55,  3.05it/s]
Extract:  71%|#######1  | 412/578 [02:19<00:43,  3.86it/s]
Extract:  71%|#######1  | 413/578 [02:19<00:46,  3.55it/s]
Extract:  72%|#######1  | 415/578 [02:19<00:36,  4.52it/s]
Extract:  72%|#######1  | 416/578 [02:20<00:39,  4.14it/s]
Extract:  72%|#######2  | 417/578 [02:20<00:58,  2.77it/s]
Extract:  72%|#######2  | 418/578 [02:21<01:08,  2.33it/s]
Extract:  72%|#######2  | 419/578 [02:22<01:06,  2.38it/s]
Extract:  73%|#######2  | 421/578 [02:23<01:11,  2.21it/s]
Extract:  73%|#######3  | 424/578 [02:23<00:45,  3.36it/s]
Extract:  74%|#######3  | 425/578 [02:24<00:57,  2.67it/s]
Extract:  74%|#######3  | 426/578 [02:24<00:53,  2.84it/s]
Extract:  74%|#######3  | 427/578 [02:25<01:08,  2.21it/s]
Extract:  74%|#######4  | 428/578 [02:26<01:25,  1.75it/s]
Extract:  74%|#######4  | 429/578 [02:26<01:31,  1.64it/s]
Extract:  75%|#######4  | 431/578 [02:27<01:01,  2.40it/s]
Extract:  75%|#######4  | 432/578 [02:27<00:59,  2.46it/s]
Extract:  75%|#######4  | 433/578 [02:27<00:49,  2.94it/s]
Extract:  75%|#######5  | 434/578 [02:28<01:09,  2.06it/s]
Extract:  75%|#######5  | 435/578 [02:28<00:59,  2.39it/s]
Extract:  75%|#######5  | 436/578 [02:28<00:47,  3.00it/s]
Extract:  76%|#######5  | 437/578 [02:29<00:45,  3.12it/s]
Extract:  76%|#######5  | 438/578 [02:29<00:42,  3.28it/s]
Extract:  76%|#######5  | 439/578 [02:29<00:47,  2.91it/s]
Extract:  76%|#######6  | 441/578 [02:30<00:52,  2.62it/s]
Extract:  76%|#######6  | 442/578 [02:31<00:52,  2.60it/s]
Extract:  77%|#######6  | 443/578 [02:31<00:43,  3.13it/s]
Extract:  77%|#######6  | 444/578 [02:31<00:38,  3.52it/s]
Extract:  77%|#######6  | 445/578 [02:32<01:18,  1.70it/s]
Extract:  77%|#######7  | 447/578 [02:33<00:48,  2.68it/s]
Extract:  78%|#######7  | 448/578 [02:33<00:40,  3.20it/s]
Extract:  78%|#######7  | 449/578 [02:33<00:33,  3.83it/s]
Extract:  78%|#######7  | 450/578 [02:34<01:01,  2.08it/s]
Extract:  78%|#######8  | 451/578 [02:35<01:16,  1.67it/s]
Extract:  78%|#######8  | 452/578 [02:35<01:02,  2.01it/s]
Extract:  78%|#######8  | 453/578 [02:35<00:48,  2.59it/s]
Extract:  79%|#######8  | 454/578 [02:35<00:41,  3.00it/s]
Extract:  79%|#######8  | 455/578 [02:35<00:34,  3.52it/s]
Extract:  79%|#######8  | 456/578 [02:36<00:30,  4.04it/s]
Extract:  79%|#######9  | 458/578 [02:36<00:32,  3.66it/s]
Extract:  79%|#######9  | 459/578 [02:36<00:28,  4.14it/s]
Extract:  80%|#######9  | 461/578 [02:37<00:23,  4.88it/s]
Extract:  80%|#######9  | 462/578 [02:37<00:22,  5.07it/s]
Extract:  80%|########  | 463/578 [02:37<00:32,  3.57it/s]
Extract:  80%|########  | 465/578 [02:38<00:22,  5.06it/s]
Extract:  81%|########  | 466/578 [02:38<00:26,  4.24it/s]
Extract:  81%|########  | 467/578 [02:38<00:32,  3.43it/s]
Extract:  81%|########  | 468/578 [02:39<00:49,  2.22it/s]
Extract:  81%|########1 | 469/578 [02:40<00:41,  2.61it/s]
Extract:  81%|########1 | 470/578 [02:40<00:40,  2.66it/s]
Extract:  81%|########1 | 471/578 [02:40<00:44,  2.40it/s]
Extract:  82%|########1 | 472/578 [02:41<00:46,  2.29it/s]
Extract:  82%|########1 | 473/578 [02:41<00:40,  2.58it/s]
Extract:  82%|########2 | 474/578 [02:42<00:41,  2.49it/s]
Extract:  82%|########2 | 475/578 [02:42<00:35,  2.86it/s]
Extract:  82%|########2 | 476/578 [02:43<00:50,  2.00it/s]
Extract:  83%|########2 | 477/578 [02:43<00:42,  2.37it/s]
Extract:  83%|########2 | 478/578 [02:43<00:34,  2.87it/s]
Extract:  83%|########2 | 479/578 [02:43<00:32,  3.02it/s]
Extract:  83%|########3 | 480/578 [02:44<00:27,  3.58it/s]
Extract:  83%|########3 | 481/578 [02:44<00:27,  3.59it/s]
Extract:  83%|########3 | 482/578 [02:44<00:22,  4.23it/s]
Extract:  84%|########3 | 483/578 [02:44<00:19,  4.89it/s]
Extract:  84%|########3 | 484/578 [02:44<00:16,  5.55it/s]
Extract:  84%|########3 | 485/578 [02:44<00:14,  6.28it/s]
Extract:  84%|########4 | 486/578 [02:44<00:13,  6.86it/s]
Extract:  84%|########4 | 487/578 [02:45<00:32,  2.79it/s]
Extract:  84%|########4 | 488/578 [02:45<00:26,  3.42it/s]
Extract:  85%|########4 | 489/578 [02:46<00:42,  2.08it/s]
Extract:  85%|########4 | 490/578 [02:47<00:36,  2.41it/s]
Extract:  85%|########4 | 491/578 [02:47<00:35,  2.43it/s]
Extract:  85%|########5 | 492/578 [02:47<00:36,  2.38it/s]
Extract:  85%|########5 | 493/578 [02:48<00:33,  2.56it/s]
Extract:  85%|########5 | 494/578 [02:48<00:30,  2.73it/s]
Extract:  86%|########5 | 495/578 [02:48<00:23,  3.49it/s]
Extract:  86%|########5 | 496/578 [02:48<00:19,  4.18it/s]
Extract:  86%|########6 | 498/578 [02:49<00:29,  2.71it/s]
Extract:  87%|########6 | 500/578 [02:49<00:19,  4.04it/s]
Extract:  87%|########6 | 501/578 [02:50<00:18,  4.25it/s]
Extract:  87%|########7 | 503/578 [02:50<00:13,  5.72it/s]
Extract:  87%|########7 | 504/578 [02:50<00:18,  3.93it/s]
Extract:  87%|########7 | 505/578 [02:51<00:29,  2.48it/s]
Extract:  88%|########7 | 507/578 [02:52<00:20,  3.38it/s]
Extract:  88%|########7 | 508/578 [02:52<00:21,  3.26it/s]
Extract:  88%|########8 | 510/578 [02:52<00:20,  3.28it/s]
Extract:  88%|########8 | 511/578 [02:53<00:18,  3.55it/s]
Extract:  89%|########8 | 512/578 [02:53<00:20,  3.19it/s]
Extract:  89%|########8 | 514/578 [02:53<00:14,  4.51it/s]
Extract:  89%|########9 | 515/578 [02:54<00:17,  3.57it/s]
Extract:  89%|########9 | 516/578 [02:55<00:25,  2.45it/s]
Extract:  89%|########9 | 517/578 [02:55<00:25,  2.43it/s]
Extract:  90%|########9 | 518/578 [02:55<00:19,  3.01it/s]
Extract:  90%|########9 | 519/578 [02:55<00:20,  2.88it/s]
Extract:  90%|########9 | 520/578 [02:56<00:17,  3.28it/s]
Extract:  90%|######### | 522/578 [02:56<00:12,  4.38it/s]
Extract:  90%|######### | 523/578 [02:56<00:13,  4.00it/s]
Extract:  91%|######### | 524/578 [02:56<00:13,  4.02it/s]
Extract:  91%|######### | 525/578 [02:57<00:11,  4.62it/s]
Extract:  91%|#########1| 526/578 [02:58<00:22,  2.34it/s]
Extract:  91%|#########1| 528/578 [02:58<00:14,  3.40it/s]
Extract:  92%|#########1| 529/578 [02:58<00:13,  3.66it/s]
Extract:  92%|#########1| 530/578 [02:58<00:12,  3.89it/s]
Extract:  92%|#########1| 531/578 [02:58<00:11,  4.16it/s]
Extract:  92%|#########2| 532/578 [02:59<00:10,  4.30it/s]
Extract:  92%|#########2| 533/578 [02:59<00:09,  4.52it/s]
Extract:  92%|#########2| 534/578 [03:00<00:19,  2.23it/s]
Extract:  93%|#########2| 535/578 [03:00<00:16,  2.66it/s]
Extract:  93%|#########2| 537/578 [03:01<00:13,  2.96it/s]
Extract:  93%|#########3| 538/578 [03:01<00:15,  2.62it/s]
Extract:  93%|#########3| 540/578 [03:02<00:14,  2.62it/s]
Extract:  94%|#########3| 541/578 [03:02<00:13,  2.68it/s]
Extract:  94%|#########3| 543/578 [03:03<00:10,  3.36it/s]
Extract:  94%|#########4| 545/578 [03:03<00:07,  4.62it/s]
Extract:  94%|#########4| 546/578 [03:04<00:11,  2.73it/s]
Extract:  95%|#########4| 547/578 [03:05<00:15,  2.02it/s]
Extract:  95%|#########4| 548/578 [03:05<00:12,  2.47it/s]
Extract:  95%|#########5| 550/578 [03:05<00:07,  3.73it/s]
Extract:  95%|#########5| 551/578 [03:05<00:06,  4.19it/s]
Extract:  96%|#########5| 553/578 [03:06<00:08,  2.94it/s]
Extract:  96%|#########5| 554/578 [03:07<00:10,  2.21it/s]
Extract:  96%|#########6| 555/578 [03:08<00:13,  1.76it/s]
Extract:  96%|#########6| 556/578 [03:08<00:11,  1.88it/s]
Extract:  96%|#########6| 557/578 [03:09<00:10,  2.01it/s]
Extract:  97%|#########6| 558/578 [03:09<00:07,  2.57it/s]
Extract:  97%|#########6| 560/578 [03:10<00:07,  2.37it/s]
Extract:  97%|#########7| 561/578 [03:10<00:07,  2.37it/s]
Extract:  97%|#########7| 563/578 [03:10<00:04,  3.57it/s]
Extract:  98%|#########7| 564/578 [03:11<00:06,  2.26it/s]
Extract:  98%|#########7| 565/578 [03:13<00:09,  1.41it/s]
Extract:  98%|#########7| 566/578 [03:13<00:07,  1.69it/s]
Extract:  98%|#########8| 567/578 [03:13<00:05,  1.88it/s]
Extract:  98%|#########8| 568/578 [03:14<00:06,  1.53it/s]
Extract:  99%|#########8| 570/578 [03:15<00:03,  2.39it/s]
Extract:  99%|#########8| 572/578 [03:15<00:01,  3.05it/s]
Extract:  99%|#########9| 573/578 [03:15<00:01,  3.53it/s]
Extract:  99%|#########9| 574/578 [03:15<00:00,  4.12it/s]
Extract:  99%|#########9| 575/578 [03:16<00:00,  3.96it/s]
Extract: 100%|#########9| 576/578 [03:16<00:00,  2.30it/s]
Extract: 100%|##########| 578/578 [03:17<00:00,  3.63it/s]
Extract: 100%|##########| 578/578 [03:17<00:00,  2.93it/s]

Extract:   0%|          | 0/578 [00:00<?, ?it/s]
Extract:   0%|          | 1/578 [00:00<01:10,  8.22it/s]
Extract:   0%|          | 2/578 [00:00<01:29,  6.47it/s]
Extract:   1%|          | 3/578 [00:00<02:09,  4.44it/s]
Extract:   1%|          | 4/578 [00:01<02:57,  3.24it/s]
Extract:   1%|          | 5/578 [00:01<02:51,  3.34it/s]
Extract:   1%|1         | 6/578 [00:01<02:44,  3.47it/s]
Extract:   1%|1         | 7/578 [00:02<03:26,  2.77it/s]
Extract:   1%|1         | 8/578 [00:02<04:11,  2.27it/s]
Extract:   2%|1         | 9/578 [00:03<04:40,  2.02it/s]
Extract:   2%|1         | 10/578 [00:03<05:02,  1.88it/s]
Extract:   2%|1         | 11/578 [00:04<05:08,  1.84it/s]
Extract:   2%|2         | 12/578 [00:05<06:05,  1.55it/s]
Extract:   2%|2         | 13/578 [00:05<05:03,  1.86it/s]
Extract:   2%|2         | 14/578 [00:06<05:47,  1.62it/s]
Extract:   3%|2         | 15/578 [00:07<06:35,  1.42it/s]
Extract:   3%|2         | 16/578 [00:07<05:25,  1.73it/s]
Extract:   3%|2         | 17/578 [00:07<04:06,  2.28it/s]
Extract:   3%|3         | 19/578 [00:07<02:35,  3.59it/s]
Extract:   3%|3         | 20/578 [00:08<02:13,  4.19it/s]
Extract:   4%|3         | 21/578 [00:09<04:05,  2.27it/s]
Extract:   4%|3         | 22/578 [00:09<03:53,  2.38it/s]
Extract:   4%|3         | 23/578 [00:10<04:24,  2.10it/s]
Extract:   4%|4         | 24/578 [00:10<03:57,  2.33it/s]
Extract:   4%|4         | 26/578 [00:10<02:47,  3.30it/s]
Extract:   5%|4         | 27/578 [00:11<03:58,  2.31it/s]
Extract:   5%|4         | 28/578 [00:11<03:25,  2.68it/s]
Extract:   5%|5         | 29/578 [00:11<03:08,  2.91it/s]
Extract:   5%|5         | 30/578 [00:12<03:18,  2.76it/s]
Extract:   5%|5         | 31/578 [00:12<03:38,  2.50it/s]
Extract:   6%|5         | 32/578 [00:13<03:05,  2.94it/s]
Extract:   6%|5         | 33/578 [00:13<02:39,  3.42it/s]
Extract:   6%|5         | 34/578 [00:13<02:16,  3.98it/s]
Extract:   6%|6         | 35/578 [00:13<02:06,  4.29it/s]
Extract:   6%|6         | 36/578 [00:13<01:52,  4.83it/s]
Extract:   6%|6         | 37/578 [00:14<02:35,  3.49it/s]
Extract:   7%|6         | 38/578 [00:14<02:36,  3.44it/s]
Extract:   7%|6         | 39/578 [00:14<02:11,  4.09it/s]
Extract:   7%|6         | 40/578 [00:14<02:19,  3.86it/s]
Extract:   7%|7         | 41/578 [00:15<02:20,  3.82it/s]
Extract:   7%|7         | 42/578 [00:16<04:51,  1.84it/s]
Extract:   7%|7         | 43/578 [00:17<06:00,  1.49it/s]
Extract:   8%|7         | 45/578 [00:17<03:39,  2.43it/s]
Extract:   8%|7         | 46/578 [00:17<03:11,  2.77it/s]
Extract:   8%|8         | 47/578 [00:18<03:21,  2.63it/s]
Extract:   8%|8         | 49/578 [00:18<02:44,  3.22it/s]
Extract:   9%|8         | 50/578 [00:19<04:00,  2.19it/s]
Extract:   9%|8         | 51/578 [00:20<04:37,  1.90it/s]
Extract:   9%|8         | 52/578 [00:20<04:50,  1.81it/s]
Extract:   9%|9         | 53/578 [00:21<03:47,  2.30it/s]
Extract:   9%|9         | 54/578 [00:21<04:18,  2.03it/s]
Extract:  10%|9         | 55/578 [00:22<04:31,  1.93it/s]
Extract:  10%|9         | 56/578 [00:22<04:05,  2.13it/s]
Extract:  10%|9         | 57/578 [00:22<03:17,  2.64it/s]
Extract:  10%|#         | 58/578 [00:23<04:01,  2.16it/s]
Extract:  10%|#         | 59/578 [00:24<04:10,  2.07it/s]
Extract:  10%|#         | 60/578 [00:24<04:51,  1.78it/s]
Extract:  11%|#         | 61/578 [00:25<05:24,  1.60it/s]
Extract:  11%|#         | 62/578 [00:25<04:15,  2.02it/s]
Extract:  11%|#         | 63/578 [00:25<03:16,  2.62it/s]
Extract:  11%|#1        | 64/578 [00:26<03:38,  2.36it/s]
Extract:  11%|#1        | 65/578 [00:27<04:41,  1.82it/s]
Extract:  11%|#1        | 66/578 [00:27<03:49,  2.23it/s]
Extract:  12%|#1        | 67/578 [00:29<07:39,  1.11it/s]
Extract:  12%|#1        | 69/578 [00:30<05:21,  1.58it/s]
Extract:  12%|#2        | 70/578 [00:30<04:30,  1.88it/s]
Extract:  12%|#2        | 71/578 [00:30<03:59,  2.11it/s]
Extract:  12%|#2        | 72/578 [00:30<03:37,  2.33it/s]
Extract:  13%|#2        | 73/578 [00:31<05:10,  1.63it/s]
Extract:  13%|#2        | 74/578 [00:32<04:02,  2.08it/s]
Extract:  13%|#2        | 75/578 [00:32<03:20,  2.51it/s]
Extract:  13%|#3        | 76/578 [00:32<03:22,  2.48it/s]
Extract:  13%|#3        | 77/578 [00:33<04:55,  1.70it/s]
Extract:  14%|#3        | 79/578 [00:34<03:10,  2.62it/s]
Extract:  14%|#3        | 80/578 [00:34<03:19,  2.50it/s]
Extract:  14%|#4        | 81/578 [00:34<02:57,  2.80it/s]
Extract:  14%|#4        | 82/578 [00:34<02:40,  3.09it/s]
Extract:  14%|#4        | 83/578 [00:35<02:46,  2.97it/s]
Extract:  15%|#4        | 84/578 [00:36<04:20,  1.89it/s]
Extract:  15%|#4        | 85/578 [00:36<03:35,  2.29it/s]
Extract:  15%|#4        | 86/578 [00:36<03:14,  2.54it/s]
Extract:  15%|#5        | 87/578 [00:36<02:32,  3.21it/s]
Extract:  15%|#5        | 88/578 [00:37<02:06,  3.87it/s]
Extract:  15%|#5        | 89/578 [00:38<03:52,  2.11it/s]
Extract:  16%|#5        | 90/578 [00:38<03:39,  2.22it/s]
Extract:  16%|#5        | 91/578 [00:39<05:36,  1.45it/s]
Extract:  16%|#5        | 92/578 [00:40<06:36,  1.23it/s]
Extract:  16%|#6        | 93/578 [00:41<05:06,  1.58it/s]
Extract:  16%|#6        | 94/578 [00:41<04:36,  1.75it/s]
Extract:  16%|#6        | 95/578 [00:41<03:27,  2.32it/s]
Extract:  17%|#6        | 96/578 [00:42<04:37,  1.73it/s]
Extract:  17%|#6        | 97/578 [00:42<03:49,  2.09it/s]
Extract:  17%|#6        | 98/578 [00:43<03:45,  2.12it/s]
Extract:  17%|#7        | 99/578 [00:43<03:07,  2.55it/s]
Extract:  17%|#7        | 100/578 [00:44<03:45,  2.12it/s]
Extract:  17%|#7        | 101/578 [00:44<03:18,  2.40it/s]
Extract:  18%|#7        | 103/578 [00:44<02:10,  3.65it/s]
Extract:  18%|#7        | 104/578 [00:44<01:52,  4.21it/s]
Extract:  18%|#8        | 105/578 [00:45<02:24,  3.27it/s]
Extract:  18%|#8        | 106/578 [00:45<02:09,  3.65it/s]
Extract:  19%|#8        | 107/578 [00:46<03:33,  2.21it/s]
Extract:  19%|#8        | 108/578 [00:46<03:35,  2.18it/s]
Extract:  19%|#9        | 110/578 [00:47<02:47,  2.79it/s]
Extract:  19%|#9        | 111/578 [00:47<02:44,  2.84it/s]
Extract:  20%|#9        | 113/578 [00:47<02:16,  3.39it/s]
Extract:  20%|#9        | 114/578 [00:48<02:55,  2.65it/s]
Extract:  20%|#9        | 115/578 [00:48<02:38,  2.92it/s]
Extract:  20%|##        | 116/578 [00:49<02:50,  2.71it/s]
Extract:  20%|##        | 117/578 [00:50<04:06,  1.87it/s]
Extract:  21%|##        | 119/578 [00:50<02:30,  3.06it/s]
Extract:  21%|##        | 120/578 [00:51<04:24,  1.73it/s]
Extract:  21%|##        | 121/578 [00:52<05:24,  1.41it/s]
Extract:  21%|##1       | 122/578 [00:53<04:16,  1.78it/s]
Extract:  21%|##1       | 123/578 [00:53<03:25,  2.22it/s]
Extract:  21%|##1       | 124/578 [00:53<02:49,  2.67it/s]
Extract:  22%|##1       | 125/578 [00:54<03:54,  1.93it/s]
Extract:  22%|##1       | 126/578 [00:54<03:49,  1.97it/s]
Extract:  22%|##1       | 127/578 [00:54<03:02,  2.47it/s]
Extract:  22%|##2       | 128/578 [00:55<02:52,  2.61it/s]
Extract:  22%|##2       | 130/578 [00:56<03:28,  2.15it/s]
Extract:  23%|##2       | 131/578 [00:57<04:23,  1.70it/s]
Extract:  23%|##2       | 132/578 [00:57<03:49,  1.95it/s]
Extract:  23%|##3       | 133/578 [00:58<03:52,  1.92it/s]
Extract:  23%|##3       | 134/578 [00:58<03:17,  2.25it/s]
Extract:  23%|##3       | 135/578 [00:58<02:56,  2.51it/s]
Extract:  24%|##3       | 136/578 [00:59<02:43,  2.70it/s]
Extract:  24%|##3       | 137/578 [00:59<03:56,  1.87it/s]
Extract:  24%|##3       | 138/578 [01:01<05:12,  1.41it/s]
Extract:  24%|##4       | 139/578 [01:01<04:53,  1.50it/s]
Extract:  24%|##4       | 141/578 [01:01<03:02,  2.39it/s]
Extract:  25%|##4       | 142/578 [01:02<02:32,  2.85it/s]
Extract:  25%|##4       | 144/578 [01:02<01:40,  4.34it/s]
Extract:  25%|##5       | 145/578 [01:02<01:37,  4.43it/s]
Extract:  25%|##5       | 146/578 [01:03<03:24,  2.11it/s]
Extract:  25%|##5       | 147/578 [01:03<02:59,  2.41it/s]
Extract:  26%|##5       | 148/578 [01:04<02:45,  2.59it/s]
Extract:  26%|##5       | 149/578 [01:05<03:42,  1.93it/s]
Extract:  26%|##5       | 150/578 [01:05<03:14,  2.20it/s]
Extract:  26%|##6       | 152/578 [01:05<02:08,  3.33it/s]
Extract:  26%|##6       | 153/578 [01:06<03:18,  2.15it/s]
Extract:  27%|##6       | 154/578 [01:06<03:08,  2.25it/s]
Extract:  27%|##6       | 155/578 [01:07<03:46,  1.87it/s]
Extract:  27%|##6       | 156/578 [01:07<02:56,  2.39it/s]
Extract:  27%|##7       | 157/578 [01:07<02:23,  2.94it/s]
Extract:  27%|##7       | 158/578 [01:08<02:02,  3.44it/s]
Extract:  28%|##7       | 159/578 [01:08<01:42,  4.11it/s]
Extract:  28%|##7       | 160/578 [01:08<02:11,  3.18it/s]
Extract:  28%|##8       | 162/578 [01:08<01:30,  4.62it/s]
Extract:  28%|##8       | 163/578 [01:09<02:55,  2.36it/s]
Extract:  28%|##8       | 164/578 [01:10<02:29,  2.76it/s]
Extract:  29%|##8       | 165/578 [01:10<02:18,  2.98it/s]
Extract:  29%|##8       | 166/578 [01:10<02:09,  3.17it/s]
Extract:  29%|##8       | 167/578 [01:11<03:25,  2.00it/s]
Extract:  29%|##9       | 168/578 [01:11<02:50,  2.40it/s]
Extract:  29%|##9       | 169/578 [01:12<02:23,  2.85it/s]
Extract:  29%|##9       | 170/578 [01:12<02:15,  3.01it/s]
Extract:  30%|##9       | 171/578 [01:12<01:49,  3.72it/s]
Extract:  30%|##9       | 172/578 [01:13<02:42,  2.49it/s]
Extract:  30%|##9       | 173/578 [01:14<03:41,  1.83it/s]
Extract:  30%|###       | 174/578 [01:14<03:14,  2.08it/s]
Extract:  30%|###       | 175/578 [01:14<02:39,  2.53it/s]
Extract:  30%|###       | 176/578 [01:14<02:12,  3.04it/s]
Extract:  31%|###       | 177/578 [01:15<03:23,  1.97it/s]
Extract:  31%|###       | 178/578 [01:15<02:51,  2.33it/s]
Extract:  31%|###       | 179/578 [01:16<02:25,  2.74it/s]
Extract:  31%|###1      | 180/578 [01:16<03:03,  2.17it/s]
Extract:  31%|###1      | 181/578 [01:17<03:32,  1.87it/s]
Extract:  31%|###1      | 182/578 [01:17<03:15,  2.03it/s]
Extract:  32%|###1      | 183/578 [01:18<02:28,  2.66it/s]
Extract:  32%|###1      | 184/578 [01:18<03:12,  2.05it/s]
Extract:  32%|###2      | 185/578 [01:19<04:00,  1.63it/s]
Extract:  32%|###2      | 186/578 [01:19<03:22,  1.93it/s]
Extract:  33%|###2      | 188/578 [01:20<02:25,  2.67it/s]
Extract:  33%|###2      | 189/578 [01:21<03:12,  2.03it/s]
Extract:  33%|###2      | 190/578 [01:21<02:31,  2.55it/s]
Extract:  33%|###3      | 191/578 [01:22<03:10,  2.03it/s]
Extract:  33%|###3      | 192/578 [01:22<02:41,  2.39it/s]
Extract:  33%|###3      | 193/578 [01:22<02:13,  2.87it/s]
Extract:  34%|###3      | 194/578 [01:22<01:52,  3.42it/s]
Extract:  34%|###3      | 195/578 [01:22<01:35,  4.00it/s]
Extract:  34%|###4      | 197/578 [01:24<02:47,  2.27it/s]
Extract:  34%|###4      | 198/578 [01:24<02:43,  2.33it/s]
Extract:  35%|###4      | 200/578 [01:24<01:43,  3.66it/s]
Extract:  35%|###4      | 201/578 [01:25<02:45,  2.28it/s]
Extract:  35%|###4      | 202/578 [01:26<02:42,  2.31it/s]
Extract:  35%|###5      | 203/578 [01:27<03:32,  1.76it/s]
Extract:  35%|###5      | 204/578 [01:27<02:45,  2.26it/s]
Extract:  36%|###5      | 206/578 [01:27<02:00,  3.10it/s]
Extract:  36%|###5      | 207/578 [01:28<02:22,  2.60it/s]
Extract:  36%|###6      | 209/578 [01:28<01:48,  3.40it/s]
Extract:  36%|###6      | 210/578 [01:28<01:57,  3.12it/s]
Extract:  37%|###6      | 211/578 [01:28<01:41,  3.60it/s]
Extract:  37%|###6      | 212/578 [01:30<03:18,  1.84it/s]
Extract:  37%|###6      | 213/578 [01:30<02:55,  2.09it/s]
Extract:  37%|###7      | 214/578 [01:30<02:18,  2.62it/s]
Extract:  37%|###7      | 215/578 [01:31<02:53,  2.10it/s]
Extract:  37%|###7      | 216/578 [01:31<02:13,  2.71it/s]
Extract:  38%|###7      | 217/578 [01:31<02:06,  2.85it/s]
Extract:  38%|###7      | 219/578 [01:31<01:19,  4.52it/s]
Extract:  38%|###8      | 220/578 [01:32<01:16,  4.68it/s]
Extract:  38%|###8      | 221/578 [01:32<01:13,  4.85it/s]
Extract:  39%|###8      | 223/578 [01:32<01:00,  5.84it/s]
Extract:  39%|###8      | 224/578 [01:32<00:58,  6.00it/s]
Extract:  39%|###8      | 225/578 [01:33<01:53,  3.10it/s]
Extract:  39%|###9      | 226/578 [01:33<02:02,  2.88it/s]
Extract:  39%|###9      | 227/578 [01:34<01:53,  3.09it/s]
Extract:  39%|###9      | 228/578 [01:34<01:31,  3.82it/s]
Extract:  40%|###9      | 229/578 [01:34<01:42,  3.39it/s]
Extract:  40%|###9      | 230/578 [01:35<02:24,  2.41it/s]
Extract:  40%|###9      | 231/578 [01:35<02:34,  2.25it/s]
Extract:  40%|####      | 232/578 [01:36<02:17,  2.51it/s]
Extract:  40%|####      | 233/578 [01:36<02:01,  2.85it/s]
Extract:  40%|####      | 234/578 [01:36<01:53,  3.03it/s]
Extract:  41%|####      | 235/578 [01:36<01:45,  3.24it/s]
Extract:  41%|####      | 236/578 [01:38<03:39,  1.56it/s]
Extract:  41%|####1     | 237/578 [01:39<04:35,  1.24it/s]
Extract:  41%|####1     | 239/578 [01:39<02:59,  1.89it/s]
Extract:  42%|####1     | 240/578 [01:40<02:47,  2.02it/s]
Extract:  42%|####1     | 242/578 [01:40<01:54,  2.95it/s]
Extract:  42%|####2     | 243/578 [01:40<01:36,  3.47it/s]
Extract:  42%|####2     | 244/578 [01:41<02:24,  2.32it/s]
Extract:  42%|####2     | 245/578 [01:41<02:04,  2.67it/s]
Extract:  43%|####2     | 246/578 [01:41<01:42,  3.23it/s]
Extract:  43%|####2     | 247/578 [01:42<02:03,  2.68it/s]
Extract:  43%|####2     | 248/578 [01:43<02:17,  2.39it/s]
Extract:  43%|####3     | 249/578 [01:43<02:04,  2.64it/s]
Extract:  43%|####3     | 250/578 [01:43<01:49,  3.00it/s]
Extract:  43%|####3     | 251/578 [01:43<01:44,  3.13it/s]
Extract:  44%|####3     | 253/578 [01:44<01:14,  4.37it/s]
Extract:  44%|####4     | 255/578 [01:44<01:21,  3.96it/s]
Extract:  44%|####4     | 256/578 [01:45<02:00,  2.67it/s]
Extract:  44%|####4     | 257/578 [01:45<01:45,  3.05it/s]
Extract:  45%|####4     | 258/578 [01:45<01:31,  3.51it/s]
Extract:  45%|####4     | 259/578 [01:45<01:23,  3.81it/s]
Extract:  45%|####4     | 260/578 [01:46<01:14,  4.26it/s]
Extract:  45%|####5     | 261/578 [01:46<01:06,  4.78it/s]
Extract:  45%|####5     | 262/578 [01:47<02:07,  2.48it/s]
Extract:  46%|####5     | 263/578 [01:48<02:58,  1.76it/s]
Extract:  46%|####5     | 264/578 [01:48<02:24,  2.18it/s]
Extract:  46%|####5     | 265/578 [01:48<02:31,  2.06it/s]
Extract:  46%|####6     | 266/578 [01:49<02:31,  2.05it/s]
Extract:  46%|####6     | 267/578 [01:50<02:51,  1.81it/s]
Extract:  46%|####6     | 268/578 [01:50<02:19,  2.23it/s]
Extract:  47%|####6     | 269/578 [01:50<02:37,  1.96it/s]
Extract:  47%|####6     | 271/578 [01:51<01:35,  3.21it/s]
Extract:  47%|####7     | 273/578 [01:52<02:05,  2.44it/s]
Extract:  47%|####7     | 274/578 [01:53<02:50,  1.78it/s]
Extract:  48%|####7     | 275/578 [01:54<03:31,  1.43it/s]
Extract:  48%|####7     | 276/578 [01:54<03:04,  1.63it/s]
Extract:  48%|####7     | 277/578 [01:55<02:33,  1.96it/s]
Extract:  48%|####8     | 279/578 [01:55<01:35,  3.13it/s]
Extract:  48%|####8     | 280/578 [01:55<02:00,  2.47it/s]
Extract:  49%|####8     | 282/578 [01:56<01:30,  3.28it/s]
Extract:  49%|####8     | 283/578 [01:56<01:46,  2.77it/s]
Extract:  49%|####9     | 284/578 [01:56<01:32,  3.17it/s]
Extract:  49%|####9     | 285/578 [01:57<01:41,  2.90it/s]
Extract:  49%|####9     | 286/578 [01:57<01:45,  2.77it/s]
Extract:  50%|####9     | 287/578 [01:57<01:36,  3.01it/s]
Extract:  50%|####9     | 288/578 [01:58<01:26,  3.34it/s]
Extract:  50%|#####     | 289/578 [01:58<01:37,  2.95it/s]
Extract:  50%|#####     | 290/578 [01:59<02:30,  1.91it/s]
Extract:  50%|#####     | 291/578 [01:59<02:02,  2.35it/s]
Extract:  51%|#####     | 293/578 [01:59<01:18,  3.64it/s]
Extract:  51%|#####     | 294/578 [02:00<01:15,  3.75it/s]
Extract:  51%|#####1    | 295/578 [02:01<03:02,  1.55it/s]
Extract:  51%|#####1    | 296/578 [02:02<02:32,  1.84it/s]
Extract:  51%|#####1    | 297/578 [02:03<03:02,  1.54it/s]
Extract:  52%|#####1    | 298/578 [02:03<02:43,  1.71it/s]
Extract:  52%|#####1    | 299/578 [02:03<02:09,  2.15it/s]
Extract:  52%|#####1    | 300/578 [02:03<01:50,  2.52it/s]
Extract:  52%|#####2    | 301/578 [02:04<02:08,  2.16it/s]
Extract:  52%|#####2    | 302/578 [02:04<01:38,  2.79it/s]
Extract:  52%|#####2    | 303/578 [02:04<01:19,  3.47it/s]
Extract:  53%|#####2    | 304/578 [02:05<02:20,  1.94it/s]
Extract:  53%|#####2    | 305/578 [02:06<02:07,  2.14it/s]
Extract:  53%|#####3    | 307/578 [02:07<02:00,  2.25it/s]
Extract:  53%|#####3    | 308/578 [02:07<02:06,  2.13it/s]
Extract:  53%|#####3    | 309/578 [02:09<03:12,  1.39it/s]
Extract:  54%|#####3    | 310/578 [02:09<02:51,  1.56it/s]
Extract:  54%|#####3    | 311/578 [02:10<03:18,  1.34it/s]
Extract:  54%|#####3    | 312/578 [02:11<04:07,  1.07it/s]
Extract:  54%|#####4    | 313/578 [02:12<03:15,  1.36it/s]
Extract:  54%|#####4    | 314/578 [02:12<03:08,  1.40it/s]
Extract:  54%|#####4    | 315/578 [02:12<02:20,  1.87it/s]
Extract:  55%|#####4    | 316/578 [02:13<02:22,  1.84it/s]
Extract:  55%|#####5    | 318/578 [02:14<02:11,  1.97it/s]
Extract:  55%|#####5    | 319/578 [02:14<02:04,  2.08it/s]
Extract:  55%|#####5    | 320/578 [02:15<02:24,  1.79it/s]
Extract:  56%|#####5    | 321/578 [02:15<01:58,  2.16it/s]
Extract:  56%|#####5    | 322/578 [02:16<01:59,  2.14it/s]
Extract:  56%|#####5    | 323/578 [02:16<01:44,  2.44it/s]
Extract:  56%|#####6    | 325/578 [02:16<01:11,  3.54it/s]
Extract:  56%|#####6    | 326/578 [02:17<01:22,  3.05it/s]
Extract:  57%|#####6    | 327/578 [02:17<01:11,  3.51it/s]
Extract:  57%|#####6    | 328/578 [02:17<01:17,  3.21it/s]
Extract:  57%|#####6    | 329/578 [02:17<01:03,  3.93it/s]
Extract:  57%|#####7    | 330/578 [02:18<01:02,  3.94it/s]
Extract:  57%|#####7    | 331/578 [02:18<01:08,  3.61it/s]
Extract:  57%|#####7    | 332/578 [02:19<01:29,  2.74it/s]
Extract:  58%|#####7    | 333/578 [02:19<01:11,  3.45it/s]
Extract:  58%|#####7    | 334/578 [02:19<00:59,  4.11it/s]
Extract:  58%|#####7    | 335/578 [02:19<01:21,  2.99it/s]
Extract:  58%|#####8    | 337/578 [02:20<01:02,  3.88it/s]
Extract:  58%|#####8    | 338/578 [02:20<00:52,  4.53it/s]
Extract:  59%|#####8    | 339/578 [02:20<00:57,  4.17it/s]
Extract:  59%|#####8    | 340/578 [02:20<00:58,  4.08it/s]
Extract:  59%|#####8    | 341/578 [02:21<00:59,  3.95it/s]
Extract:  59%|#####9    | 342/578 [02:21<01:10,  3.33it/s]
Extract:  60%|#####9    | 344/578 [02:22<01:27,  2.69it/s]
Extract:  60%|#####9    | 345/578 [02:22<01:18,  2.97it/s]
Extract:  60%|#####9    | 346/578 [02:22<01:07,  3.43it/s]
Extract:  60%|######    | 347/578 [02:23<01:00,  3.84it/s]
Extract:  60%|######    | 348/578 [02:23<00:53,  4.32it/s]
Extract:  60%|######    | 349/578 [02:24<01:38,  2.32it/s]
Extract:  61%|######    | 350/578 [02:24<01:30,  2.53it/s]
Extract:  61%|######    | 351/578 [02:25<02:03,  1.83it/s]
Extract:  61%|######    | 352/578 [02:25<01:36,  2.34it/s]
Extract:  61%|######1   | 353/578 [02:25<01:31,  2.45it/s]
Extract:  61%|######1   | 355/578 [02:26<01:02,  3.57it/s]
Extract:  62%|######1   | 356/578 [02:26<01:30,  2.45it/s]
Extract:  62%|######1   | 357/578 [02:27<01:54,  1.94it/s]
Extract:  62%|######1   | 358/578 [02:27<01:29,  2.45it/s]
Extract:  62%|######2   | 359/578 [02:28<01:26,  2.54it/s]
Extract:  62%|######2   | 360/578 [02:28<01:34,  2.30it/s]
Extract:  62%|######2   | 361/578 [02:28<01:21,  2.67it/s]
Extract:  63%|######2   | 362/578 [02:29<01:50,  1.95it/s]
Extract:  63%|######2   | 363/578 [02:29<01:28,  2.42it/s]
Extract:  63%|######2   | 364/578 [02:30<01:11,  2.99it/s]
Extract:  63%|######3   | 365/578 [02:30<01:13,  2.90it/s]
Extract:  63%|######3   | 366/578 [02:30<01:16,  2.77it/s]
Extract:  63%|######3   | 367/578 [02:31<01:48,  1.95it/s]
Extract:  64%|######3   | 368/578 [02:32<01:40,  2.10it/s]
Extract:  64%|######3   | 369/578 [02:33<02:11,  1.59it/s]
Extract:  64%|######4   | 371/578 [02:33<01:18,  2.63it/s]
Extract:  65%|######4   | 373/578 [02:33<01:14,  2.75it/s]
Extract:  65%|######4   | 374/578 [02:34<01:09,  2.95it/s]
Extract:  65%|######5   | 376/578 [02:34<01:02,  3.23it/s]
Extract:  65%|######5   | 377/578 [02:35<01:09,  2.90it/s]
Extract:  65%|######5   | 378/578 [02:35<01:01,  3.26it/s]
Extract:  66%|######5   | 379/578 [02:35<00:53,  3.69it/s]
Extract:  66%|######5   | 380/578 [02:36<01:07,  2.93it/s]
Extract:  66%|######5   | 381/578 [02:36<01:03,  3.10it/s]
Extract:  66%|######6   | 382/578 [02:37<01:53,  1.73it/s]
Extract:  66%|######6   | 383/578 [02:37<01:35,  2.04it/s]
Extract:  66%|######6   | 384/578 [02:38<01:39,  1.96it/s]
Extract:  67%|######6   | 385/578 [02:38<01:15,  2.54it/s]
Extract:  67%|######6   | 386/578 [02:38<01:07,  2.83it/s]
Extract:  67%|######6   | 387/578 [02:39<01:10,  2.71it/s]
Extract:  67%|######7   | 388/578 [02:39<00:58,  3.25it/s]
Extract:  67%|######7   | 390/578 [02:39<00:42,  4.39it/s]
Extract:  68%|######7   | 391/578 [02:39<00:45,  4.14it/s]
Extract:  68%|######7   | 392/578 [02:40<00:47,  3.91it/s]
Extract:  68%|######7   | 393/578 [02:40<01:03,  2.91it/s]
Extract:  68%|######8   | 394/578 [02:41<01:04,  2.87it/s]
Extract:  68%|######8   | 395/578 [02:41<01:07,  2.72it/s]
Extract:  69%|######8   | 397/578 [02:42<00:57,  3.16it/s]
Extract:  69%|######8   | 398/578 [02:42<00:51,  3.49it/s]
Extract:  69%|######9   | 399/578 [02:42<00:47,  3.76it/s]
Extract:  69%|######9   | 400/578 [02:42<00:40,  4.38it/s]
Extract:  69%|######9   | 401/578 [02:42<00:34,  5.08it/s]
Extract:  70%|######9   | 402/578 [02:42<00:33,  5.28it/s]
Extract:  70%|######9   | 403/578 [02:43<00:31,  5.52it/s]
Extract:  70%|######9   | 404/578 [02:43<00:28,  6.09it/s]
Extract:  70%|#######   | 405/578 [02:43<00:28,  6.10it/s]
Extract:  70%|#######   | 406/578 [02:43<00:40,  4.21it/s]
Extract:  70%|#######   | 407/578 [02:44<00:57,  2.98it/s]
Extract:  71%|#######   | 408/578 [02:45<01:29,  1.90it/s]
Extract:  71%|#######   | 409/578 [02:45<01:08,  2.45it/s]
Extract:  71%|#######   | 410/578 [02:45<01:03,  2.63it/s]
Extract:  71%|#######1  | 412/578 [02:46<01:01,  2.72it/s]
Extract:  71%|#######1  | 413/578 [02:47<01:07,  2.43it/s]
Extract:  72%|#######1  | 414/578 [02:47<00:54,  3.02it/s]
Extract:  72%|#######1  | 415/578 [02:47<00:48,  3.34it/s]
Extract:  72%|#######1  | 416/578 [02:47<00:49,  3.27it/s]
Extract:  72%|#######2  | 417/578 [02:47<00:42,  3.76it/s]
Extract:  72%|#######2  | 418/578 [02:48<00:46,  3.45it/s]
Extract:  72%|#######2  | 419/578 [02:48<00:51,  3.07it/s]
Extract:  73%|#######2  | 420/578 [02:48<00:41,  3.82it/s]
Extract:  73%|#######2  | 421/578 [02:49<01:14,  2.11it/s]
Extract:  73%|#######3  | 424/578 [02:50<00:45,  3.40it/s]
Extract:  74%|#######3  | 425/578 [02:50<00:58,  2.62it/s]
Extract:  74%|#######3  | 426/578 [02:51<00:54,  2.79it/s]
Extract:  74%|#######3  | 427/578 [02:52<01:19,  1.91it/s]
Extract:  74%|#######4  | 428/578 [02:53<01:33,  1.61it/s]
Extract:  74%|#######4  | 429/578 [02:53<01:40,  1.48it/s]
Extract:  75%|#######4  | 431/578 [02:54<01:06,  2.19it/s]
Extract:  75%|#######4  | 432/578 [02:54<01:03,  2.28it/s]
Extract:  75%|#######4  | 433/578 [02:54<00:52,  2.74it/s]
Extract:  75%|#######5  | 434/578 [02:56<01:28,  1.63it/s]
Extract:  75%|#######5  | 435/578 [02:56<01:13,  1.94it/s]
Extract:  75%|#######5  | 436/578 [02:56<00:57,  2.47it/s]
Extract:  76%|#######5  | 437/578 [02:56<00:53,  2.65it/s]
Extract:  76%|#######5  | 438/578 [02:57<00:49,  2.83it/s]
Extract:  76%|#######5  | 439/578 [02:57<00:54,  2.56it/s]
Extract:  76%|#######6  | 441/578 [02:58<00:57,  2.37it/s]
Extract:  76%|#######6  | 442/578 [02:58<00:51,  2.65it/s]
Extract:  77%|#######6  | 443/578 [02:58<00:43,  3.10it/s]
Extract:  77%|#######6  | 444/578 [02:59<00:38,  3.46it/s]
Extract:  77%|#######6  | 445/578 [03:00<01:23,  1.59it/s]
Extract:  77%|#######7  | 447/578 [03:00<00:51,  2.52it/s]
Extract:  78%|#######7  | 448/578 [03:00<00:42,  3.06it/s]
Extract:  78%|#######7  | 449/578 [03:00<00:35,  3.67it/s]
Extract:  78%|#######7  | 450/578 [03:01<00:58,  2.20it/s]
Extract:  78%|#######8  | 451/578 [03:02<01:16,  1.67it/s]
Extract:  78%|#######8  | 452/578 [03:03<01:02,  2.02it/s]
Extract:  78%|#######8  | 453/578 [03:03<00:48,  2.58it/s]
Extract:  79%|#######8  | 454/578 [03:03<00:41,  2.97it/s]
Extract:  79%|#######8  | 455/578 [03:03<00:35,  3.50it/s]
Extract:  79%|#######8  | 456/578 [03:03<00:30,  4.02it/s]
Extract:  79%|#######9  | 458/578 [03:04<00:33,  3.55it/s]
Extract:  79%|#######9  | 459/578 [03:04<00:29,  4.00it/s]
Extract:  80%|#######9  | 461/578 [03:04<00:24,  4.80it/s]
Extract:  80%|#######9  | 462/578 [03:05<00:22,  5.04it/s]
Extract:  80%|########  | 463/578 [03:05<00:32,  3.51it/s]
Extract:  80%|########  | 465/578 [03:05<00:23,  4.78it/s]
Extract:  81%|########  | 466/578 [03:06<00:38,  2.87it/s]
Extract:  81%|########  | 467/578 [03:07<00:45,  2.44it/s]
Extract:  81%|########  | 468/578 [03:08<00:59,  1.84it/s]
Extract:  81%|########1 | 469/578 [03:08<00:49,  2.22it/s]
Extract:  81%|########1 | 470/578 [03:08<00:49,  2.17it/s]
Extract:  81%|########1 | 471/578 [03:09<01:05,  1.64it/s]
Extract:  82%|########1 | 472/578 [03:10<01:03,  1.67it/s]
Extract:  82%|########1 | 473/578 [03:11<01:13,  1.44it/s]
Extract:  82%|########2 | 474/578 [03:11<01:03,  1.64it/s]
Extract:  82%|########2 | 475/578 [03:11<00:52,  1.98it/s]
Extract:  82%|########2 | 476/578 [03:13<01:07,  1.50it/s]
Extract:  83%|########2 | 477/578 [03:13<00:58,  1.72it/s]
Extract:  83%|########2 | 478/578 [03:13<00:49,  2.03it/s]
Extract:  83%|########2 | 479/578 [03:14<00:43,  2.25it/s]
Extract:  83%|########3 | 480/578 [03:14<00:35,  2.73it/s]
Extract:  83%|########3 | 481/578 [03:14<00:33,  2.87it/s]
Extract:  83%|########3 | 482/578 [03:14<00:27,  3.44it/s]
Extract:  84%|########3 | 483/578 [03:14<00:23,  4.04it/s]
Extract:  84%|########3 | 484/578 [03:14<00:20,  4.57it/s]
Extract:  84%|########3 | 485/578 [03:15<00:17,  5.20it/s]
Extract:  84%|########4 | 486/578 [03:15<00:16,  5.69it/s]
Extract:  84%|########4 | 487/578 [03:15<00:21,  4.15it/s]
Extract:  84%|########4 | 488/578 [03:15<00:19,  4.67it/s]
Extract:  85%|########4 | 489/578 [03:16<00:39,  2.23it/s]
Extract:  85%|########4 | 490/578 [03:17<00:35,  2.50it/s]
Extract:  85%|########4 | 491/578 [03:17<00:36,  2.38it/s]
Extract:  85%|########5 | 492/578 [03:18<00:51,  1.68it/s]
Extract:  85%|########5 | 493/578 [03:18<00:45,  1.86it/s]
Extract:  85%|########5 | 494/578 [03:19<00:40,  2.05it/s]
Extract:  86%|########5 | 495/578 [03:19<00:31,  2.64it/s]
Extract:  86%|########5 | 496/578 [03:19<00:25,  3.24it/s]
Extract:  86%|########5 | 497/578 [03:19<00:20,  3.95it/s]
Extract:  86%|########6 | 498/578 [03:20<00:37,  2.12it/s]
Extract:  86%|########6 | 499/578 [03:20<00:29,  2.69it/s]
Extract:  87%|########6 | 501/578 [03:21<00:19,  3.92it/s]
Extract:  87%|########7 | 503/578 [03:21<00:14,  5.26it/s]
Extract:  87%|########7 | 504/578 [03:21<00:19,  3.71it/s]
Extract:  87%|########7 | 505/578 [03:22<00:31,  2.34it/s]
Extract:  88%|########7 | 507/578 [03:22<00:21,  3.32it/s]
Extract:  88%|########7 | 508/578 [03:23<00:21,  3.22it/s]
Extract:  88%|########8 | 510/578 [03:23<00:20,  3.29it/s]
Extract:  88%|########8 | 511/578 [03:24<00:18,  3.62it/s]
Extract:  89%|########8 | 512/578 [03:24<00:19,  3.31it/s]
Extract:  89%|########8 | 514/578 [03:24<00:14,  4.53it/s]
Extract:  89%|########9 | 515/578 [03:25<00:17,  3.62it/s]
Extract:  89%|########9 | 516/578 [03:26<00:26,  2.30it/s]
Extract:  89%|########9 | 517/578 [03:26<00:26,  2.30it/s]
Extract:  90%|########9 | 518/578 [03:26<00:21,  2.80it/s]
Extract:  90%|########9 | 519/578 [03:27<00:22,  2.66it/s]
Extract:  90%|########9 | 520/578 [03:27<00:20,  2.79it/s]
Extract:  90%|######### | 522/578 [03:27<00:15,  3.58it/s]
Extract:  90%|######### | 523/578 [03:28<00:17,  3.20it/s]
Extract:  91%|######### | 524/578 [03:29<00:24,  2.17it/s]
Extract:  91%|######### | 525/578 [03:29<00:21,  2.51it/s]
Extract:  91%|#########1| 526/578 [03:30<00:29,  1.73it/s]
Extract:  91%|#########1| 528/578 [03:30<00:19,  2.62it/s]
Extract:  92%|#########1| 529/578 [03:30<00:17,  2.82it/s]
Extract:  92%|#########1| 530/578 [03:31<00:15,  3.01it/s]
Extract:  92%|#########1| 531/578 [03:31<00:13,  3.36it/s]
Extract:  92%|#########2| 532/578 [03:31<00:12,  3.61it/s]
Extract:  92%|#########2| 533/578 [03:31<00:11,  4.00it/s]
Extract:  92%|#########2| 534/578 [03:32<00:13,  3.24it/s]
Extract:  93%|#########2| 535/578 [03:32<00:11,  3.69it/s]
Extract:  93%|#########2| 537/578 [03:32<00:10,  3.89it/s]
Extract:  93%|#########3| 538/578 [03:33<00:12,  3.22it/s]
Extract:  93%|#########3| 539/578 [03:33<00:10,  3.81it/s]
Extract:  93%|#########3| 540/578 [03:34<00:14,  2.65it/s]
Extract:  94%|#########3| 541/578 [03:34<00:13,  2.68it/s]
Extract:  94%|#########3| 543/578 [03:34<00:10,  3.22it/s]
Extract:  94%|#########4| 544/578 [03:35<00:08,  3.83it/s]
Extract:  94%|#########4| 546/578 [03:36<00:12,  2.55it/s]
Extract:  95%|#########4| 547/578 [03:37<00:16,  1.89it/s]
Extract:  95%|#########4| 548/578 [03:37<00:12,  2.32it/s]
Extract:  95%|#########5| 550/578 [03:37<00:07,  3.52it/s]
Extract:  95%|#########5| 551/578 [03:37<00:06,  3.98it/s]
Extract:  96%|#########5| 553/578 [03:38<00:09,  2.73it/s]
Extract:  96%|#########5| 554/578 [03:40<00:15,  1.58it/s]
Extract:  96%|#########6| 555/578 [03:41<00:16,  1.40it/s]
Extract:  96%|#########6| 556/578 [03:41<00:14,  1.50it/s]
Extract:  96%|#########6| 557/578 [03:42<00:13,  1.61it/s]
Extract:  97%|#########6| 558/578 [03:42<00:09,  2.07it/s]
Extract:  97%|#########6| 560/578 [03:43<00:08,  2.07it/s]
Extract:  97%|#########7| 561/578 [03:43<00:08,  2.09it/s]
Extract:  97%|#########7| 563/578 [03:43<00:04,  3.20it/s]
Extract:  98%|#########7| 564/578 [03:44<00:06,  2.12it/s]
Extract:  98%|#########7| 565/578 [03:45<00:07,  1.74it/s]
Extract:  98%|#########7| 566/578 [03:46<00:05,  2.02it/s]
Extract:  98%|#########8| 567/578 [03:46<00:05,  2.11it/s]
Extract:  98%|#########8| 568/578 [03:47<00:06,  1.62it/s]
Extract:  98%|#########8| 569/578 [03:47<00:04,  2.10it/s]
Extract:  99%|#########8| 570/578 [03:47<00:03,  2.54it/s]
Extract:  99%|#########8| 572/578 [03:48<00:01,  3.19it/s]
Extract:  99%|#########9| 573/578 [03:48<00:01,  3.64it/s]
Extract:  99%|#########9| 574/578 [03:48<00:00,  4.27it/s]
Extract:  99%|#########9| 575/578 [03:48<00:00,  3.74it/s]
Extract: 100%|#########9| 576/578 [03:49<00:00,  2.12it/s]
Extract: 100%|#########9| 577/578 [03:50<00:00,  2.70it/s]
Extract: 100%|##########| 578/578 [03:50<00:00,  2.51it/s]

Extract:   0%|          | 0/578 [00:00<?, ?it/s]
Extract:   0%|          | 1/578 [00:00<01:10,  8.16it/s]
Extract:   0%|          | 2/578 [00:00<01:27,  6.61it/s]
Extract:   1%|          | 3/578 [00:00<02:07,  4.50it/s]
Extract:   1%|          | 4/578 [00:01<03:07,  3.06it/s]
Extract:   1%|          | 5/578 [00:01<02:59,  3.20it/s]
Extract:   1%|1         | 6/578 [00:01<02:51,  3.33it/s]
Extract:   1%|1         | 7/578 [00:02<03:32,  2.68it/s]
Extract:   1%|1         | 8/578 [00:02<04:13,  2.25it/s]
Extract:   2%|1         | 9/578 [00:03<04:49,  1.96it/s]
Extract:   2%|1         | 10/578 [00:04<05:18,  1.78it/s]
Extract:   2%|1         | 11/578 [00:04<04:55,  1.92it/s]
Extract:   2%|2         | 12/578 [00:05<05:59,  1.57it/s]
Extract:   2%|2         | 13/578 [00:05<05:15,  1.79it/s]
Extract:   2%|2         | 14/578 [00:06<05:47,  1.62it/s]
Extract:   3%|2         | 15/578 [00:07<06:39,  1.41it/s]
Extract:   3%|2         | 16/578 [00:07<05:36,  1.67it/s]
Extract:   3%|2         | 17/578 [00:07<04:13,  2.22it/s]
Extract:   3%|3         | 19/578 [00:08<02:40,  3.48it/s]
Extract:   3%|3         | 20/578 [00:08<02:22,  3.93it/s]
Extract:   4%|3         | 21/578 [00:09<04:07,  2.25it/s]
Extract:   4%|3         | 22/578 [00:09<04:17,  2.16it/s]
Extract:   4%|3         | 23/578 [00:10<05:53,  1.57it/s]
Extract:   4%|4         | 24/578 [00:11<04:57,  1.86it/s]
Extract:   4%|4         | 26/578 [00:11<03:30,  2.63it/s]
Extract:   5%|4         | 27/578 [00:12<05:22,  1.71it/s]
Extract:   5%|4         | 28/578 [00:12<04:25,  2.08it/s]
Extract:   5%|5         | 29/578 [00:13<03:50,  2.38it/s]
Extract:   5%|5         | 30/578 [00:13<03:47,  2.40it/s]
Extract:   5%|5         | 31/578 [00:14<03:56,  2.32it/s]
Extract:   6%|5         | 32/578 [00:14<03:19,  2.74it/s]
Extract:   6%|5         | 34/578 [00:14<02:13,  4.08it/s]
Extract:   6%|6         | 35/578 [00:14<02:04,  4.36it/s]
Extract:   6%|6         | 36/578 [00:14<01:49,  4.95it/s]
Extract:   6%|6         | 37/578 [00:15<02:24,  3.74it/s]
Extract:   7%|6         | 38/578 [00:15<02:46,  3.24it/s]
Extract:   7%|6         | 39/578 [00:15<02:16,  3.94it/s]
Extract:   7%|6         | 40/578 [00:16<02:19,  3.86it/s]
Extract:   7%|7         | 41/578 [00:16<02:19,  3.86it/s]
Extract:   7%|7         | 42/578 [00:17<04:15,  2.10it/s]
Extract:   7%|7         | 43/578 [00:18<05:31,  1.61it/s]
Extract:   8%|7         | 45/578 [00:18<03:27,  2.57it/s]
Extract:   8%|7         | 46/578 [00:18<03:01,  2.93it/s]
Extract:   8%|8         | 47/578 [00:19<03:13,  2.75it/s]
Extract:   8%|8         | 49/578 [00:19<02:21,  3.75it/s]
Extract:   9%|8         | 50/578 [00:20<04:05,  2.15it/s]
Extract:   9%|8         | 51/578 [00:21<04:39,  1.89it/s]
Extract:   9%|8         | 52/578 [00:21<05:11,  1.69it/s]
Extract:   9%|9         | 53/578 [00:22<04:00,  2.18it/s]
Extract:   9%|9         | 54/578 [00:22<04:23,  1.99it/s]
Extract:  10%|9         | 55/578 [00:23<04:29,  1.94it/s]
Extract:  10%|9         | 56/578 [00:23<03:53,  2.23it/s]
Extract:  10%|9         | 57/578 [00:23<03:05,  2.81it/s]
Extract:  10%|#         | 58/578 [00:24<03:23,  2.56it/s]
Extract:  10%|#         | 59/578 [00:24<04:03,  2.13it/s]
Extract:  10%|#         | 60/578 [00:25<04:50,  1.78it/s]
Extract:  11%|#         | 61/578 [00:26<05:29,  1.57it/s]
Extract:  11%|#         | 62/578 [00:26<04:21,  1.98it/s]
Extract:  11%|#         | 63/578 [00:26<03:20,  2.57it/s]
Extract:  11%|#1        | 64/578 [00:27<05:14,  1.64it/s]
Extract:  11%|#1        | 65/578 [00:29<09:08,  1.07s/it]
Extract:  11%|#1        | 66/578 [00:30<06:52,  1.24it/s]
Extract:  12%|#1        | 67/578 [00:31<07:05,  1.20it/s]
Extract:  12%|#1        | 69/578 [00:31<04:25,  1.92it/s]
Extract:  12%|#2        | 71/578 [00:31<02:59,  2.83it/s]
Extract:  12%|#2        | 72/578 [00:31<02:30,  3.36it/s]
Extract:  13%|#2        | 73/578 [00:32<02:39,  3.16it/s]
Extract:  13%|#2        | 75/578 [00:32<01:51,  4.53it/s]
Extract:  13%|#3        | 76/578 [00:32<01:50,  4.55it/s]
Extract:  13%|#3        | 77/578 [00:32<02:22,  3.52it/s]
Extract:  14%|#3        | 79/578 [00:33<01:35,  5.24it/s]
Extract:  14%|#3        | 80/578 [00:33<01:27,  5.69it/s]
Extract:  14%|#4        | 82/578 [00:33<01:08,  7.28it/s]
Extract:  14%|#4        | 83/578 [00:33<01:10,  7.07it/s]
Extract:  15%|#4        | 84/578 [00:33<01:49,  4.50it/s]
Extract:  15%|#4        | 85/578 [00:34<01:34,  5.20it/s]
Extract:  15%|#4        | 86/578 [00:34<01:27,  5.64it/s]
Extract:  15%|#5        | 88/578 [00:34<01:04,  7.58it/s]
Extract:  15%|#5        | 89/578 [00:34<01:44,  4.69it/s]
Extract:  16%|#5        | 90/578 [00:34<01:40,  4.86it/s]
Extract:  16%|#5        | 91/578 [00:35<02:01,  4.01it/s]
Extract:  16%|#5        | 92/578 [00:35<02:53,  2.80it/s]
Extract:  16%|#6        | 93/578 [00:36<02:19,  3.47it/s]
Extract:  16%|#6        | 94/578 [00:36<02:24,  3.34it/s]
Extract:  17%|#6        | 96/578 [00:37<02:25,  3.32it/s]
Extract:  17%|#6        | 97/578 [00:37<02:05,  3.84it/s]
Extract:  17%|#6        | 98/578 [00:37<02:03,  3.89it/s]
Extract:  17%|#7        | 99/578 [00:37<01:45,  4.54it/s]
Extract:  17%|#7        | 100/578 [00:37<01:57,  4.06it/s]
Extract:  17%|#7        | 101/578 [00:38<01:49,  4.36it/s]
Extract:  18%|#7        | 104/578 [00:38<01:00,  7.84it/s]
Extract:  18%|#8        | 106/578 [00:38<01:07,  6.96it/s]
Extract:  19%|#8        | 107/578 [00:39<01:52,  4.18it/s]
Extract:  19%|#8        | 108/578 [00:39<01:51,  4.20it/s]
Extract:  19%|#9        | 110/578 [00:39<01:26,  5.39it/s]
Extract:  19%|#9        | 111/578 [00:39<01:23,  5.61it/s]
Extract:  20%|#9        | 113/578 [00:39<01:00,  7.62it/s]
Extract:  20%|#9        | 115/578 [00:40<00:52,  8.90it/s]
Extract:  20%|##        | 117/578 [00:40<01:12,  6.38it/s]
Extract:  21%|##        | 120/578 [00:40<01:05,  6.96it/s]
Extract:  21%|##        | 121/578 [00:41<01:34,  4.83it/s]
Extract:  21%|##1       | 122/578 [00:41<01:25,  5.31it/s]
Extract:  21%|##1       | 123/578 [00:41<01:26,  5.25it/s]
Extract:  22%|##1       | 125/578 [00:42<01:24,  5.37it/s]
Extract:  22%|##1       | 126/578 [00:42<01:26,  5.20it/s]
Extract:  22%|##2       | 128/578 [00:42<01:14,  6.01it/s]
Extract:  22%|##2       | 130/578 [00:42<01:16,  5.85it/s]
Extract:  23%|##2       | 131/578 [00:43<01:45,  4.25it/s]
Extract:  23%|##2       | 132/578 [00:43<01:37,  4.59it/s]
Extract:  23%|##3       | 133/578 [00:43<01:40,  4.45it/s]
Extract:  23%|##3       | 134/578 [00:43<01:28,  5.02it/s]
Extract:  23%|##3       | 135/578 [00:44<01:20,  5.53it/s]
Extract:  24%|##3       | 136/578 [00:44<01:11,  6.20it/s]
Extract:  24%|##3       | 137/578 [00:44<01:29,  4.92it/s]
Extract:  24%|##3       | 138/578 [00:44<01:44,  4.23it/s]
Extract:  24%|##4       | 139/578 [00:45<01:46,  4.13it/s]
Extract:  25%|##4       | 142/578 [00:45<00:56,  7.67it/s]
Extract:  25%|##5       | 146/578 [00:45<00:52,  8.28it/s]
Extract:  26%|##5       | 148/578 [00:45<00:59,  7.28it/s]
Extract:  26%|##5       | 149/578 [00:46<01:15,  5.71it/s]
Extract:  26%|##5       | 150/578 [00:46<01:10,  6.06it/s]
Extract:  26%|##6       | 153/578 [00:46<01:06,  6.42it/s]
Extract:  27%|##6       | 155/578 [00:47<01:11,  5.90it/s]
Extract:  27%|##7       | 157/578 [00:47<00:57,  7.32it/s]
Extract:  28%|##7       | 159/578 [00:47<00:46,  8.96it/s]
Extract:  28%|##7       | 161/578 [00:47<00:44,  9.44it/s]
Extract:  28%|##8       | 163/578 [00:48<01:14,  5.58it/s]
Extract:  28%|##8       | 164/578 [00:48<01:08,  6.02it/s]
Extract:  29%|##8       | 165/578 [00:48<01:07,  6.12it/s]
Extract:  29%|##8       | 166/578 [00:48<01:04,  6.38it/s]
Extract:  29%|##8       | 167/578 [00:49<01:23,  4.92it/s]
Extract:  29%|##9       | 168/578 [00:49<01:14,  5.48it/s]
Extract:  29%|##9       | 169/578 [00:49<01:07,  6.05it/s]
Extract:  29%|##9       | 170/578 [00:49<01:05,  6.20it/s]
Extract:  30%|##9       | 172/578 [00:49<01:08,  5.90it/s]
Extract:  30%|##9       | 173/578 [00:50<01:43,  3.89it/s]
Extract:  30%|###       | 174/578 [00:50<01:30,  4.48it/s]
Extract:  30%|###       | 176/578 [00:50<01:04,  6.27it/s]
Extract:  31%|###       | 177/578 [00:51<01:24,  4.76it/s]
Extract:  31%|###       | 178/578 [00:51<01:14,  5.35it/s]
Extract:  31%|###1      | 180/578 [00:51<01:14,  5.35it/s]
Extract:  31%|###1      | 181/578 [00:52<01:57,  3.37it/s]
Extract:  31%|###1      | 182/578 [00:52<01:48,  3.65it/s]
Extract:  32%|###1      | 184/578 [00:52<01:21,  4.82it/s]
Extract:  32%|###2      | 185/578 [00:53<01:37,  4.04it/s]
Extract:  32%|###2      | 186/578 [00:53<01:28,  4.42it/s]
Extract:  33%|###2      | 188/578 [00:53<01:09,  5.62it/s]
Extract:  33%|###2      | 189/578 [00:53<01:28,  4.38it/s]
Extract:  33%|###3      | 191/578 [00:54<01:36,  4.02it/s]
Extract:  33%|###3      | 192/578 [00:54<01:23,  4.60it/s]
Extract:  34%|###3      | 194/578 [00:54<01:02,  6.15it/s]
Extract:  34%|###4      | 197/578 [00:55<01:17,  4.93it/s]
Extract:  34%|###4      | 198/578 [00:55<01:11,  5.30it/s]
Extract:  35%|###4      | 201/578 [00:56<01:09,  5.44it/s]
Extract:  35%|###4      | 202/578 [00:56<01:10,  5.33it/s]
Extract:  35%|###5      | 203/578 [00:56<01:32,  4.05it/s]
Extract:  36%|###5      | 206/578 [00:56<01:02,  5.96it/s]
Extract:  36%|###5      | 207/578 [00:57<01:05,  5.68it/s]
Extract:  36%|###6      | 209/578 [00:57<00:51,  7.13it/s]
Extract:  36%|###6      | 210/578 [00:57<00:51,  7.12it/s]
Extract:  37%|###6      | 212/578 [00:58<01:10,  5.21it/s]
Extract:  37%|###6      | 213/578 [00:58<01:05,  5.55it/s]
Extract:  37%|###7      | 215/578 [00:58<01:06,  5.44it/s]
Extract:  38%|###7      | 217/578 [00:58<01:01,  5.91it/s]
Extract:  38%|###7      | 219/578 [00:58<00:47,  7.58it/s]
Extract:  38%|###8      | 221/578 [00:59<00:44,  7.95it/s]
Extract:  39%|###8      | 224/578 [00:59<00:33, 10.59it/s]
Extract:  39%|###9      | 226/578 [00:59<00:44,  7.96it/s]
Extract:  39%|###9      | 228/578 [00:59<00:37,  9.26it/s]
Extract:  40%|###9      | 230/578 [01:00<00:49,  7.07it/s]
Extract:  40%|###9      | 231/578 [01:00<00:55,  6.22it/s]
Extract:  40%|####      | 232/578 [01:00<00:58,  5.88it/s]
Extract:  40%|####      | 233/578 [01:00<00:55,  6.21it/s]
Extract:  40%|####      | 234/578 [01:01<00:52,  6.52it/s]
Extract:  41%|####      | 235/578 [01:01<00:49,  6.93it/s]
Extract:  41%|####      | 236/578 [01:01<01:16,  4.50it/s]
Extract:  41%|####1     | 237/578 [01:02<01:36,  3.55it/s]
Extract:  42%|####1     | 240/578 [01:02<00:56,  5.96it/s]
Extract:  42%|####2     | 243/578 [01:02<00:37,  8.85it/s]
Extract:  42%|####2     | 245/578 [01:02<00:48,  6.80it/s]
Extract:  43%|####2     | 247/578 [01:03<00:48,  6.82it/s]
Extract:  43%|####2     | 248/578 [01:03<00:53,  6.15it/s]
Extract:  43%|####3     | 249/578 [01:03<00:54,  6.02it/s]
Extract:  43%|####3     | 250/578 [01:03<00:54,  5.99it/s]
Extract:  43%|####3     | 251/578 [01:03<00:53,  6.16it/s]
Extract:  44%|####3     | 253/578 [01:03<00:38,  8.47it/s]
Extract:  44%|####4     | 255/578 [01:04<00:36,  8.97it/s]
Extract:  44%|####4     | 257/578 [01:04<00:46,  6.84it/s]
Extract:  45%|####4     | 258/578 [01:04<00:44,  7.21it/s]
Extract:  45%|####4     | 259/578 [01:04<00:41,  7.63it/s]
Extract:  45%|####5     | 261/578 [01:04<00:35,  9.02it/s]
Extract:  46%|####5     | 263/578 [01:05<01:17,  4.06it/s]
Extract:  46%|####5     | 265/578 [01:06<01:08,  4.55it/s]
Extract:  46%|####6     | 266/578 [01:06<01:06,  4.66it/s]
Extract:  46%|####6     | 267/578 [01:06<01:09,  4.45it/s]
Extract:  47%|####6     | 269/578 [01:07<01:00,  5.14it/s]
Extract:  47%|####7     | 273/578 [01:07<00:47,  6.44it/s]
Extract:  47%|####7     | 274/578 [01:07<00:59,  5.14it/s]
Extract:  48%|####7     | 275/578 [01:08<01:04,  4.73it/s]
Extract:  48%|####7     | 276/578 [01:08<01:00,  5.02it/s]
Extract:  48%|####8     | 279/578 [01:08<00:37,  7.99it/s]
Extract:  49%|####8     | 281/578 [01:09<00:53,  5.60it/s]
Extract:  49%|####8     | 282/578 [01:09<00:48,  6.05it/s]
Extract:  49%|####8     | 283/578 [01:09<00:54,  5.42it/s]
Extract:  49%|####9     | 285/578 [01:09<00:47,  6.22it/s]
Extract:  49%|####9     | 286/578 [01:09<00:46,  6.32it/s]
Extract:  50%|####9     | 288/578 [01:09<00:37,  7.73it/s]
Extract:  50%|#####     | 289/578 [01:10<00:37,  7.65it/s]
Extract:  50%|#####     | 290/578 [01:10<00:54,  5.28it/s]
Extract:  51%|#####     | 292/578 [01:10<00:39,  7.28it/s]
Extract:  51%|#####     | 294/578 [01:10<00:30,  9.17it/s]
Extract:  51%|#####1    | 296/578 [01:11<00:38,  7.26it/s]
Extract:  51%|#####1    | 297/578 [01:11<00:47,  5.95it/s]
Extract:  52%|#####1    | 299/578 [01:11<00:35,  7.81it/s]
Extract:  52%|#####2    | 301/578 [01:11<00:37,  7.38it/s]
Extract:  53%|#####2    | 304/578 [01:12<00:51,  5.29it/s]
Extract:  53%|#####2    | 305/578 [01:12<00:50,  5.38it/s]
Extract:  53%|#####3    | 307/578 [01:13<00:46,  5.83it/s]
Extract:  53%|#####3    | 308/578 [01:13<00:50,  5.39it/s]
Extract:  53%|#####3    | 309/578 [01:13<01:08,  3.92it/s]
Extract:  54%|#####3    | 310/578 [01:14<01:06,  4.05it/s]
Extract:  54%|#####3    | 311/578 [01:14<01:25,  3.13it/s]
Extract:  54%|#####3    | 312/578 [01:15<01:35,  2.80it/s]
Extract:  54%|#####4    | 313/578 [01:15<01:17,  3.43it/s]
Extract:  54%|#####4    | 314/578 [01:15<01:13,  3.60it/s]
Extract:  55%|#####4    | 316/578 [01:15<01:03,  4.10it/s]
Extract:  55%|#####4    | 317/578 [01:15<00:54,  4.75it/s]
Extract:  55%|#####5    | 318/578 [01:16<01:22,  3.14it/s]
Extract:  55%|#####5    | 319/578 [01:16<01:16,  3.40it/s]
Extract:  55%|#####5    | 320/578 [01:17<01:57,  2.20it/s]
Extract:  56%|#####5    | 321/578 [01:17<01:37,  2.63it/s]
Extract:  56%|#####5    | 322/578 [01:18<01:43,  2.46it/s]
Extract:  56%|#####5    | 323/578 [01:18<01:43,  2.46it/s]
Extract:  56%|#####6    | 325/578 [01:18<01:10,  3.60it/s]
Extract:  56%|#####6    | 326/578 [01:19<01:18,  3.23it/s]
Extract:  57%|#####6    | 327/578 [01:19<01:07,  3.73it/s]
Extract:  57%|#####6    | 328/578 [01:19<01:10,  3.55it/s]
Extract:  57%|#####7    | 330/578 [01:20<00:58,  4.24it/s]
Extract:  57%|#####7    | 331/578 [01:20<01:04,  3.85it/s]
Extract:  57%|#####7    | 332/578 [01:21<01:19,  3.08it/s]
Extract:  58%|#####7    | 334/578 [01:21<00:55,  4.38it/s]
Extract:  58%|#####7    | 335/578 [01:21<00:53,  4.53it/s]
Extract:  58%|#####8    | 337/578 [01:21<00:46,  5.17it/s]
Extract:  58%|#####8    | 338/578 [01:21<00:41,  5.74it/s]
Extract:  59%|#####8    | 339/578 [01:22<00:46,  5.14it/s]
Extract:  59%|#####8    | 340/578 [01:22<00:49,  4.77it/s]
Extract:  59%|#####8    | 341/578 [01:22<00:53,  4.46it/s]
Extract:  59%|#####9    | 342/578 [01:23<01:04,  3.68it/s]
Extract:  60%|#####9    | 344/578 [01:23<01:19,  2.96it/s]
Extract:  60%|#####9    | 345/578 [01:24<01:11,  3.27it/s]
Extract:  60%|#####9    | 346/578 [01:24<01:02,  3.72it/s]
Extract:  60%|######    | 347/578 [01:24<00:54,  4.26it/s]
Extract:  60%|######    | 348/578 [01:24<00:47,  4.86it/s]
Extract:  60%|######    | 349/578 [01:25<01:32,  2.49it/s]
Extract:  61%|######    | 350/578 [01:25<01:24,  2.68it/s]
Extract:  61%|######    | 351/578 [01:26<02:03,  1.84it/s]
Extract:  61%|######    | 352/578 [01:26<01:35,  2.38it/s]
Extract:  61%|######1   | 353/578 [01:27<01:31,  2.45it/s]
Extract:  61%|######1   | 354/578 [01:27<01:45,  2.12it/s]
Extract:  61%|######1   | 355/578 [01:27<01:27,  2.55it/s]
Extract:  62%|######1   | 356/578 [01:28<01:55,  1.92it/s]
Extract:  62%|######1   | 357/578 [01:29<01:48,  2.04it/s]
Extract:  62%|######1   | 358/578 [01:29<01:22,  2.66it/s]
Extract:  62%|######2   | 359/578 [01:29<01:18,  2.81it/s]
Extract:  62%|######2   | 360/578 [01:30<01:21,  2.68it/s]
Extract:  62%|######2   | 361/578 [01:30<01:07,  3.22it/s]
Extract:  63%|######2   | 362/578 [01:30<01:37,  2.21it/s]
Extract:  63%|######2   | 363/578 [01:31<01:19,  2.71it/s]
Extract:  63%|######2   | 364/578 [01:31<01:05,  3.27it/s]
Extract:  63%|######3   | 365/578 [01:31<01:06,  3.19it/s]
Extract:  63%|######3   | 366/578 [01:32<01:09,  3.04it/s]
Extract:  63%|######3   | 367/578 [01:32<01:40,  2.11it/s]
Extract:  64%|######3   | 368/578 [01:33<01:33,  2.24it/s]
Extract:  64%|######3   | 369/578 [01:34<02:08,  1.63it/s]
Extract:  64%|######4   | 370/578 [01:34<01:35,  2.17it/s]
Extract:  64%|######4   | 371/578 [01:34<01:13,  2.80it/s]
Extract:  65%|######4   | 373/578 [01:35<01:11,  2.87it/s]
Extract:  65%|######4   | 374/578 [01:35<01:05,  3.11it/s]
Extract:  65%|######4   | 375/578 [01:35<01:16,  2.65it/s]
Extract:  65%|######5   | 376/578 [01:36<01:17,  2.62it/s]
Extract:  65%|######5   | 377/578 [01:36<01:19,  2.52it/s]
Extract:  65%|######5   | 378/578 [01:36<01:07,  2.96it/s]
Extract:  66%|######5   | 379/578 [01:37<00:57,  3.46it/s]
Extract:  66%|######5   | 380/578 [01:37<01:08,  2.91it/s]
Extract:  66%|######5   | 381/578 [01:37<01:01,  3.20it/s]
Extract:  66%|######6   | 382/578 [01:38<01:25,  2.28it/s]
Extract:  66%|######6   | 383/578 [01:38<01:14,  2.60it/s]
Extract:  66%|######6   | 384/578 [01:39<01:22,  2.34it/s]
Extract:  67%|######6   | 386/578 [01:39<00:58,  3.30it/s]
Extract:  67%|######6   | 387/578 [01:39<00:58,  3.24it/s]
Extract:  67%|######7   | 388/578 [01:40<00:49,  3.84it/s]
Extract:  67%|######7   | 390/578 [01:40<00:37,  5.02it/s]
Extract:  68%|######7   | 391/578 [01:40<00:38,  4.80it/s]
Extract:  68%|######7   | 392/578 [01:40<00:40,  4.55it/s]
Extract:  68%|######7   | 393/578 [01:41<00:51,  3.60it/s]
Extract:  68%|######8   | 394/578 [01:41<00:53,  3.44it/s]
Extract:  68%|######8   | 395/578 [01:41<00:58,  3.15it/s]
Extract:  69%|######8   | 397/578 [01:42<00:49,  3.67it/s]
Extract:  69%|######8   | 398/578 [01:42<00:44,  4.01it/s]
Extract:  69%|######9   | 399/578 [01:42<00:41,  4.28it/s]
Extract:  69%|######9   | 400/578 [01:42<00:35,  4.98it/s]
Extract:  69%|######9   | 401/578 [01:42<00:31,  5.55it/s]
Extract:  70%|######9   | 402/578 [01:43<00:31,  5.59it/s]
Extract:  70%|######9   | 403/578 [01:43<00:30,  5.69it/s]
Extract:  70%|######9   | 404/578 [01:43<00:28,  6.04it/s]
Extract:  70%|#######   | 405/578 [01:43<00:27,  6.23it/s]
Extract:  70%|#######   | 406/578 [01:44<00:39,  4.33it/s]
Extract:  70%|#######   | 407/578 [01:44<00:54,  3.15it/s]
Extract:  71%|#######   | 408/578 [01:45<01:26,  1.98it/s]
Extract:  71%|#######   | 409/578 [01:45<01:06,  2.55it/s]
Extract:  71%|#######   | 410/578 [01:45<00:59,  2.82it/s]
Extract:  71%|#######1  | 412/578 [01:46<00:43,  3.79it/s]
Extract:  71%|#######1  | 413/578 [01:47<01:11,  2.31it/s]
Extract:  72%|#######1  | 415/578 [01:47<00:49,  3.29it/s]
Extract:  72%|#######1  | 416/578 [01:47<00:50,  3.23it/s]
Extract:  72%|#######2  | 417/578 [01:47<00:43,  3.73it/s]
Extract:  72%|#######2  | 418/578 [01:48<00:45,  3.49it/s]
Extract:  72%|#######2  | 419/578 [01:48<00:50,  3.16it/s]
Extract:  73%|#######2  | 420/578 [01:48<00:40,  3.87it/s]
Extract:  73%|#######2  | 421/578 [01:49<01:12,  2.17it/s]
Extract:  73%|#######3  | 424/578 [01:50<00:45,  3.42it/s]
Extract:  74%|#######3  | 425/578 [01:50<00:59,  2.59it/s]
Extract:  74%|#######3  | 426/578 [01:51<00:54,  2.77it/s]
Extract:  74%|#######3  | 427/578 [01:51<01:11,  2.12it/s]
Extract:  74%|#######4  | 428/578 [01:52<01:28,  1.69it/s]
Extract:  74%|#######4  | 429/578 [01:53<01:37,  1.52it/s]
Extract:  75%|#######4  | 431/578 [01:54<01:04,  2.28it/s]
Extract:  75%|#######4  | 432/578 [01:54<01:00,  2.43it/s]
Extract:  75%|#######4  | 433/578 [01:54<00:49,  2.94it/s]
Extract:  75%|#######5  | 434/578 [01:55<01:06,  2.17it/s]
Extract:  75%|#######5  | 435/578 [01:55<00:55,  2.59it/s]
Extract:  75%|#######5  | 436/578 [01:55<00:44,  3.22it/s]
Extract:  76%|#######5  | 437/578 [01:55<00:41,  3.41it/s]
Extract:  76%|#######5  | 438/578 [01:56<00:41,  3.39it/s]
Extract:  76%|#######5  | 439/578 [01:56<00:45,  3.07it/s]
Extract:  76%|#######6  | 441/578 [01:57<01:05,  2.08it/s]
Extract:  76%|#######6  | 442/578 [01:58<00:55,  2.43it/s]
Extract:  77%|#######6  | 443/578 [01:58<00:47,  2.86it/s]
Extract:  77%|#######6  | 444/578 [01:58<00:41,  3.22it/s]
Extract:  77%|#######6  | 445/578 [01:59<01:02,  2.12it/s]
Extract:  77%|#######7  | 447/578 [01:59<00:39,  3.30it/s]
Extract:  78%|#######7  | 448/578 [01:59<00:33,  3.91it/s]
Extract:  78%|#######7  | 449/578 [01:59<00:28,  4.48it/s]
Extract:  78%|#######7  | 450/578 [02:00<00:51,  2.49it/s]
Extract:  78%|#######8  | 451/578 [02:01<01:08,  1.86it/s]
Extract:  78%|#######8  | 452/578 [02:01<00:56,  2.23it/s]
Extract:  78%|#######8  | 453/578 [02:01<00:44,  2.82it/s]
Extract:  79%|#######8  | 454/578 [02:02<00:39,  3.17it/s]
Extract:  79%|#######8  | 455/578 [02:02<00:33,  3.64it/s]
Extract:  79%|#######8  | 456/578 [02:02<00:30,  4.06it/s]
Extract:  79%|#######9  | 457/578 [02:02<00:28,  4.27it/s]
Extract:  79%|#######9  | 458/578 [02:03<00:47,  2.50it/s]
Extract:  79%|#######9  | 459/578 [02:03<00:38,  3.07it/s]
Extract:  80%|#######9  | 461/578 [02:03<00:28,  4.16it/s]
Extract:  80%|#######9  | 462/578 [02:04<00:25,  4.57it/s]
Extract:  80%|########  | 463/578 [02:04<00:32,  3.56it/s]
Extract:  80%|########  | 465/578 [02:04<00:22,  4.97it/s]
Extract:  81%|########  | 466/578 [02:05<00:28,  3.98it/s]
Extract:  81%|########  | 467/578 [02:05<00:38,  2.91it/s]
Extract:  81%|########  | 468/578 [02:07<01:07,  1.64it/s]
Extract:  81%|########1 | 469/578 [02:07<00:53,  2.02it/s]
Extract:  81%|########1 | 470/578 [02:07<00:48,  2.22it/s]
Extract:  81%|########1 | 471/578 [02:08<00:49,  2.15it/s]
Extract:  82%|########1 | 472/578 [02:08<00:50,  2.10it/s]
Extract:  82%|########1 | 473/578 [02:08<00:43,  2.42it/s]
Extract:  82%|########2 | 474/578 [02:09<00:42,  2.46it/s]
Extract:  82%|########2 | 475/578 [02:09<00:36,  2.82it/s]
Extract:  82%|########2 | 476/578 [02:10<00:51,  1.99it/s]
Extract:  83%|########2 | 477/578 [02:10<00:42,  2.40it/s]
Extract:  83%|########2 | 478/578 [02:10<00:34,  2.92it/s]
Extract:  83%|########2 | 479/578 [02:11<00:32,  3.07it/s]
Extract:  83%|########3 | 480/578 [02:11<00:27,  3.61it/s]
Extract:  83%|########3 | 481/578 [02:11<00:25,  3.78it/s]
Extract:  83%|########3 | 482/578 [02:11<00:21,  4.50it/s]
Extract:  84%|########3 | 484/578 [02:11<00:16,  5.79it/s]
Extract:  84%|########3 | 485/578 [02:11<00:14,  6.27it/s]
Extract:  84%|########4 | 486/578 [02:12<00:14,  6.54it/s]
Extract:  84%|########4 | 487/578 [02:12<00:18,  4.84it/s]
Extract:  84%|########4 | 488/578 [02:12<00:16,  5.45it/s]
Extract:  85%|########4 | 489/578 [02:13<00:34,  2.60it/s]
Extract:  85%|########4 | 490/578 [02:13<00:30,  2.91it/s]
Extract:  85%|########4 | 491/578 [02:14<00:32,  2.67it/s]
Extract:  85%|########5 | 492/578 [02:14<00:34,  2.47it/s]
Extract:  85%|########5 | 493/578 [02:14<00:32,  2.61it/s]
Extract:  85%|########5 | 494/578 [02:15<00:30,  2.71it/s]
Extract:  86%|########5 | 495/578 [02:15<00:23,  3.46it/s]
Extract:  86%|########5 | 496/578 [02:15<00:19,  4.27it/s]
Extract:  86%|########6 | 498/578 [02:16<00:29,  2.71it/s]
Extract:  86%|########6 | 499/578 [02:16<00:24,  3.24it/s]
Extract:  87%|########6 | 501/578 [02:16<00:17,  4.33it/s]
Extract:  87%|########7 | 503/578 [02:17<00:13,  5.67it/s]
Extract:  87%|########7 | 504/578 [02:17<00:18,  4.09it/s]
Extract:  87%|########7 | 505/578 [02:18<00:36,  1.99it/s]
Extract:  88%|########7 | 507/578 [02:19<00:25,  2.82it/s]
Extract:  88%|########7 | 508/578 [02:19<00:24,  2.83it/s]
Extract:  88%|########8 | 510/578 [02:20<00:21,  3.09it/s]
Extract:  88%|########8 | 511/578 [02:20<00:19,  3.36it/s]
Extract:  89%|########8 | 512/578 [02:20<00:20,  3.24it/s]
Extract:  89%|########8 | 514/578 [02:20<00:14,  4.41it/s]
Extract:  89%|########9 | 515/578 [02:21<00:18,  3.47it/s]
Extract:  89%|########9 | 516/578 [02:22<00:27,  2.26it/s]
Extract:  89%|########9 | 517/578 [02:22<00:26,  2.30it/s]
Extract:  90%|########9 | 518/578 [02:22<00:21,  2.82it/s]
Extract:  90%|########9 | 519/578 [02:23<00:20,  2.83it/s]
Extract:  90%|########9 | 520/578 [02:23<00:18,  3.12it/s]
Extract:  90%|######### | 522/578 [02:23<00:13,  4.16it/s]
Extract:  90%|######### | 523/578 [02:24<00:14,  3.70it/s]
Extract:  91%|######### | 524/578 [02:24<00:13,  3.86it/s]
Extract:  91%|######### | 525/578 [02:24<00:12,  4.36it/s]
Extract:  91%|#########1| 526/578 [02:25<00:22,  2.36it/s]
Extract:  91%|#########1| 527/578 [02:25<00:17,  2.99it/s]
Extract:  91%|#########1| 528/578 [02:25<00:14,  3.39it/s]
Extract:  92%|#########1| 529/578 [02:25<00:13,  3.59it/s]
Extract:  92%|#########1| 530/578 [02:26<00:12,  3.85it/s]
Extract:  92%|#########1| 531/578 [02:26<00:11,  4.12it/s]
Extract:  92%|#########2| 532/578 [02:26<00:10,  4.31it/s]
Extract:  92%|#########2| 533/578 [02:26<00:09,  4.51it/s]
Extract:  92%|#########2| 534/578 [02:27<00:12,  3.61it/s]
Extract:  93%|#########2| 535/578 [02:27<00:10,  4.18it/s]
Extract:  93%|#########2| 537/578 [02:27<00:10,  3.83it/s]
Extract:  93%|#########3| 538/578 [02:28<00:12,  3.13it/s]
Extract:  93%|#########3| 540/578 [02:29<00:13,  2.84it/s]
Extract:  94%|#########3| 541/578 [02:29<00:13,  2.82it/s]
Extract:  94%|#########3| 543/578 [02:29<00:09,  3.58it/s]
Extract:  94%|#########4| 545/578 [02:29<00:06,  4.85it/s]
Extract:  94%|#########4| 546/578 [02:30<00:11,  2.76it/s]
Extract:  95%|#########4| 547/578 [02:32<00:18,  1.65it/s]
Extract:  95%|#########4| 548/578 [02:32<00:14,  2.05it/s]
Extract:  95%|#########5| 550/578 [02:32<00:08,  3.20it/s]
Extract:  95%|#########5| 551/578 [02:32<00:07,  3.73it/s]
Extract:  96%|#########5| 553/578 [02:33<00:09,  2.53it/s]
Extract:  96%|#########5| 554/578 [02:34<00:11,  2.01it/s]
Extract:  96%|#########6| 555/578 [02:35<00:13,  1.65it/s]
Extract:  96%|#########6| 556/578 [02:36<00:12,  1.74it/s]
Extract:  96%|#########6| 557/578 [02:36<00:11,  1.89it/s]
Extract:  97%|#########6| 558/578 [02:36<00:08,  2.40it/s]
Extract:  97%|#########6| 559/578 [02:36<00:06,  3.04it/s]
Extract:  97%|#########6| 560/578 [02:37<00:08,  2.03it/s]
Extract:  97%|#########7| 561/578 [02:38<00:08,  2.04it/s]
Extract:  97%|#########7| 563/578 [02:38<00:04,  3.38it/s]
Extract:  98%|#########7| 564/578 [02:39<00:06,  2.21it/s]
Extract:  98%|#########7| 565/578 [02:40<00:07,  1.76it/s]
Extract:  98%|#########7| 566/578 [02:40<00:05,  2.08it/s]
Extract:  98%|#########8| 567/578 [02:40<00:04,  2.22it/s]
Extract:  98%|#########8| 568/578 [02:41<00:05,  1.74it/s]
Extract:  98%|#########8| 569/578 [02:41<00:03,  2.26it/s]
Extract:  99%|#########8| 570/578 [02:41<00:02,  2.75it/s]
Extract:  99%|#########8| 572/578 [02:42<00:01,  3.42it/s]
Extract:  99%|#########9| 573/578 [02:42<00:01,  4.04it/s]
Extract:  99%|#########9| 575/578 [02:42<00:00,  4.41it/s]
Extract: 100%|#########9| 576/578 [02:43<00:00,  2.74it/s]
Extract: 100%|##########| 578/578 [02:44<00:00,  2.79it/s]
Extract: 100%|##########| 578/578 [02:44<00:00,  3.52it/s]

Extract:   0%|          | 0/578 [00:00<?, ?it/s]
Extract:   0%|          | 1/578 [00:00<01:43,  5.56it/s]
Extract:   0%|          | 2/578 [00:00<01:39,  5.76it/s]
Extract:   1%|          | 3/578 [00:00<02:04,  4.62it/s]
Extract:   1%|          | 4/578 [00:01<03:01,  3.17it/s]
Extract:   1%|          | 5/578 [00:01<02:57,  3.23it/s]
Extract:   1%|1         | 6/578 [00:01<02:57,  3.23it/s]
Extract:   1%|1         | 7/578 [00:02<03:37,  2.63it/s]
Extract:   1%|1         | 8/578 [00:02<04:35,  2.07it/s]
Extract:   2%|1         | 9/578 [00:03<04:43,  2.00it/s]
Extract:   2%|1         | 10/578 [00:03<04:36,  2.05it/s]
Extract:   2%|1         | 11/578 [00:04<04:22,  2.16it/s]
Extract:   2%|2         | 12/578 [00:05<05:41,  1.66it/s]
Extract:   2%|2         | 13/578 [00:05<04:44,  1.99it/s]
Extract:   2%|2         | 14/578 [00:06<05:31,  1.70it/s]
Extract:   3%|2         | 15/578 [00:07<06:20,  1.48it/s]
Extract:   3%|2         | 16/578 [00:07<05:20,  1.76it/s]
Extract:   3%|2         | 17/578 [00:07<04:01,  2.32it/s]
Extract:   3%|3         | 19/578 [00:07<02:30,  3.71it/s]
Extract:   3%|3         | 20/578 [00:07<02:09,  4.32it/s]
Extract:   4%|3         | 21/578 [00:08<03:48,  2.44it/s]
Extract:   4%|3         | 22/578 [00:09<03:51,  2.41it/s]
Extract:   4%|3         | 23/578 [00:10<05:36,  1.65it/s]
Extract:   4%|4         | 24/578 [00:10<04:47,  1.93it/s]
Extract:   4%|4         | 26/578 [00:10<03:20,  2.75it/s]
Extract:   5%|4         | 27/578 [00:12<05:19,  1.72it/s]
Extract:   5%|4         | 28/578 [00:12<04:25,  2.07it/s]
Extract:   5%|5         | 29/578 [00:12<03:55,  2.33it/s]
Extract:   5%|5         | 30/578 [00:13<03:57,  2.30it/s]
Extract:   5%|5         | 31/578 [00:13<04:09,  2.19it/s]
Extract:   6%|5         | 32/578 [00:13<03:30,  2.59it/s]
Extract:   6%|5         | 34/578 [00:14<02:19,  3.89it/s]
Extract:   6%|6         | 35/578 [00:14<02:10,  4.17it/s]
Extract:   6%|6         | 36/578 [00:14<01:58,  4.57it/s]
Extract:   6%|6         | 37/578 [00:15<02:56,  3.07it/s]
Extract:   7%|6         | 38/578 [00:15<02:49,  3.19it/s]
Extract:   7%|6         | 39/578 [00:15<02:16,  3.94it/s]
Extract:   7%|6         | 40/578 [00:15<02:21,  3.81it/s]
Extract:   7%|7         | 41/578 [00:15<02:17,  3.89it/s]
Extract:   7%|7         | 42/578 [00:17<04:22,  2.04it/s]
Extract:   7%|7         | 43/578 [00:17<05:32,  1.61it/s]
Extract:   8%|7         | 45/578 [00:18<03:20,  2.66it/s]
Extract:   8%|7         | 46/578 [00:18<02:54,  3.05it/s]
Extract:   8%|8         | 47/578 [00:18<03:12,  2.76it/s]
Extract:   8%|8         | 49/578 [00:19<02:29,  3.53it/s]
Extract:   9%|8         | 50/578 [00:20<04:02,  2.17it/s]
Extract:   9%|8         | 51/578 [00:20<04:28,  1.96it/s]
Extract:   9%|8         | 52/578 [00:21<05:10,  1.69it/s]
Extract:   9%|9         | 53/578 [00:21<04:02,  2.16it/s]
Extract:   9%|9         | 54/578 [00:22<04:34,  1.91it/s]
Extract:  10%|9         | 55/578 [00:23<05:24,  1.61it/s]
Extract:  10%|9         | 56/578 [00:23<05:13,  1.66it/s]
Extract:  10%|9         | 57/578 [00:24<04:11,  2.07it/s]
Extract:  10%|#         | 58/578 [00:24<04:17,  2.02it/s]
Extract:  10%|#         | 59/578 [00:24<04:05,  2.12it/s]
Extract:  10%|#         | 60/578 [00:25<04:45,  1.81it/s]
Extract:  11%|#         | 61/578 [00:26<05:12,  1.65it/s]
Extract:  11%|#         | 62/578 [00:26<04:01,  2.13it/s]
Extract:  11%|#1        | 64/578 [00:27<03:19,  2.58it/s]
Extract:  11%|#1        | 65/578 [00:28<04:30,  1.89it/s]
Extract:  11%|#1        | 66/578 [00:28<03:41,  2.31it/s]
Extract:  12%|#1        | 67/578 [00:29<05:07,  1.66it/s]
Extract:  12%|#1        | 69/578 [00:29<03:43,  2.27it/s]
Extract:  12%|#2        | 70/578 [00:29<03:07,  2.70it/s]
Extract:  12%|#2        | 71/578 [00:30<02:54,  2.91it/s]
Extract:  12%|#2        | 72/578 [00:30<02:35,  3.25it/s]
Extract:  13%|#2        | 73/578 [00:31<04:13,  1.99it/s]
Extract:  13%|#2        | 74/578 [00:31<03:20,  2.51it/s]
Extract:  13%|#2        | 75/578 [00:31<02:47,  3.01it/s]
Extract:  13%|#3        | 76/578 [00:32<02:50,  2.94it/s]
Extract:  13%|#3        | 77/578 [00:33<04:33,  1.83it/s]
Extract:  14%|#3        | 79/578 [00:33<02:54,  2.86it/s]
Extract:  14%|#3        | 80/578 [00:33<02:33,  3.24it/s]
Extract:  14%|#4        | 81/578 [00:33<02:14,  3.70it/s]
Extract:  14%|#4        | 82/578 [00:33<01:58,  4.19it/s]
Extract:  14%|#4        | 83/578 [00:34<02:03,  4.01it/s]
Extract:  15%|#4        | 84/578 [00:35<03:44,  2.20it/s]
Extract:  15%|#4        | 85/578 [00:35<03:02,  2.70it/s]
Extract:  15%|#4        | 86/578 [00:35<02:45,  2.98it/s]
Extract:  15%|#5        | 88/578 [00:35<01:51,  4.38it/s]
Extract:  15%|#5        | 89/578 [00:36<03:13,  2.53it/s]
Extract:  16%|#5        | 90/578 [00:37<03:42,  2.20it/s]
Extract:  16%|#5        | 91/578 [00:38<04:43,  1.71it/s]
Extract:  16%|#5        | 92/578 [00:39<05:34,  1.46it/s]
Extract:  16%|#6        | 93/578 [00:39<04:19,  1.87it/s]
Extract:  16%|#6        | 94/578 [00:39<04:09,  1.94it/s]
Extract:  17%|#6        | 96/578 [00:40<04:07,  1.94it/s]
Extract:  17%|#6        | 97/578 [00:41<03:36,  2.22it/s]
Extract:  17%|#6        | 98/578 [00:41<03:32,  2.26it/s]
Extract:  17%|#7        | 99/578 [00:41<03:33,  2.25it/s]
Extract:  17%|#7        | 100/578 [00:42<03:48,  2.09it/s]
Extract:  17%|#7        | 101/578 [00:42<03:31,  2.26it/s]
Extract:  18%|#7        | 103/578 [00:43<02:14,  3.54it/s]
Extract:  18%|#7        | 104/578 [00:43<01:53,  4.18it/s]
Extract:  18%|#8        | 105/578 [00:43<02:30,  3.15it/s]
Extract:  18%|#8        | 106/578 [00:43<02:16,  3.47it/s]
Extract:  19%|#8        | 107/578 [00:44<03:33,  2.20it/s]
Extract:  19%|#8        | 108/578 [00:45<03:25,  2.28it/s]
Extract:  19%|#9        | 110/578 [00:45<02:43,  2.87it/s]
Extract:  19%|#9        | 111/578 [00:45<02:32,  3.07it/s]
Extract:  20%|#9        | 113/578 [00:46<01:50,  4.21it/s]
Extract:  20%|#9        | 114/578 [00:46<01:44,  4.45it/s]
Extract:  20%|#9        | 115/578 [00:46<01:39,  4.66it/s]
Extract:  20%|##        | 116/578 [00:47<02:36,  2.96it/s]
Extract:  20%|##        | 117/578 [00:47<03:17,  2.33it/s]
Extract:  21%|##        | 120/578 [00:48<02:51,  2.66it/s]
Extract:  21%|##        | 121/578 [00:49<03:39,  2.08it/s]
Extract:  21%|##1       | 122/578 [00:49<03:00,  2.53it/s]
Extract:  21%|##1       | 123/578 [00:50<02:34,  2.94it/s]
Extract:  21%|##1       | 124/578 [00:50<02:09,  3.52it/s]
Extract:  22%|##1       | 125/578 [00:50<03:10,  2.38it/s]
Extract:  22%|##1       | 126/578 [00:51<03:59,  1.89it/s]
Extract:  22%|##1       | 127/578 [00:51<03:04,  2.44it/s]
Extract:  22%|##2       | 128/578 [00:52<02:40,  2.81it/s]
Extract:  22%|##2       | 130/578 [00:52<02:44,  2.73it/s]
Extract:  23%|##2       | 131/578 [00:53<03:57,  1.88it/s]
Extract:  23%|##2       | 132/578 [00:54<03:31,  2.11it/s]
Extract:  23%|##3       | 133/578 [00:54<03:39,  2.03it/s]
Extract:  23%|##3       | 134/578 [00:54<03:04,  2.40it/s]
Extract:  23%|##3       | 135/578 [00:55<02:44,  2.70it/s]
Extract:  24%|##3       | 136/578 [00:55<02:30,  2.95it/s]
Extract:  24%|##3       | 137/578 [00:56<03:35,  2.05it/s]
Extract:  24%|##3       | 138/578 [00:57<04:22,  1.68it/s]
Extract:  24%|##4       | 139/578 [00:57<04:18,  1.70it/s]
Extract:  24%|##4       | 141/578 [00:57<02:36,  2.79it/s]
Extract:  25%|##4       | 143/578 [00:58<01:44,  4.17it/s]
Extract:  25%|##5       | 145/578 [00:58<01:16,  5.66it/s]
Extract:  25%|##5       | 147/578 [00:59<02:36,  2.75it/s]
Extract:  26%|##5       | 148/578 [00:59<02:27,  2.92it/s]
Extract:  26%|##5       | 149/578 [01:00<03:14,  2.21it/s]
Extract:  26%|##5       | 150/578 [01:00<02:51,  2.49it/s]
Extract:  26%|##6       | 152/578 [01:01<01:58,  3.59it/s]
Extract:  26%|##6       | 153/578 [01:02<02:55,  2.43it/s]
Extract:  27%|##6       | 154/578 [01:02<02:31,  2.81it/s]
Extract:  27%|##6       | 155/578 [01:02<03:05,  2.28it/s]
Extract:  27%|##6       | 156/578 [01:02<02:27,  2.86it/s]
Extract:  27%|##7       | 158/578 [01:03<01:41,  4.14it/s]
Extract:  28%|##7       | 159/578 [01:03<01:29,  4.68it/s]
Extract:  28%|##7       | 160/578 [01:03<01:44,  4.01it/s]
Extract:  28%|##8       | 162/578 [01:03<01:14,  5.61it/s]
Extract:  28%|##8       | 163/578 [01:05<03:11,  2.17it/s]
Extract:  28%|##8       | 164/578 [01:05<02:41,  2.56it/s]
Extract:  29%|##8       | 165/578 [01:05<02:29,  2.76it/s]
Extract:  29%|##8       | 166/578 [01:06<02:35,  2.65it/s]
Extract:  29%|##8       | 167/578 [01:06<03:16,  2.09it/s]
Extract:  29%|##9       | 168/578 [01:07<02:44,  2.49it/s]
Extract:  29%|##9       | 169/578 [01:07<02:22,  2.87it/s]
Extract:  29%|##9       | 170/578 [01:07<02:15,  3.01it/s]
Extract:  30%|##9       | 171/578 [01:07<01:48,  3.74it/s]
Extract:  30%|##9       | 172/578 [01:08<02:14,  3.02it/s]
Extract:  30%|##9       | 173/578 [01:09<03:26,  1.96it/s]
Extract:  30%|###       | 174/578 [01:09<02:55,  2.30it/s]
Extract:  30%|###       | 175/578 [01:09<02:21,  2.84it/s]
Extract:  30%|###       | 176/578 [01:09<01:56,  3.46it/s]
Extract:  31%|###       | 177/578 [01:10<02:40,  2.50it/s]
Extract:  31%|###       | 178/578 [01:10<02:20,  2.84it/s]
Extract:  31%|###       | 179/578 [01:10<02:07,  3.13it/s]
Extract:  31%|###1      | 180/578 [01:11<02:46,  2.39it/s]
Extract:  31%|###1      | 181/578 [01:12<04:12,  1.57it/s]
Extract:  31%|###1      | 182/578 [01:12<03:42,  1.78it/s]
Extract:  32%|###1      | 183/578 [01:13<02:48,  2.34it/s]
Extract:  32%|###1      | 184/578 [01:13<03:00,  2.18it/s]
Extract:  32%|###2      | 185/578 [01:14<03:51,  1.70it/s]
Extract:  32%|###2      | 186/578 [01:14<03:09,  2.07it/s]
Extract:  33%|###2      | 188/578 [01:15<02:20,  2.78it/s]
Extract:  33%|###2      | 189/578 [01:16<03:16,  1.98it/s]
Extract:  33%|###3      | 191/578 [01:16<02:50,  2.27it/s]
Extract:  33%|###3      | 192/578 [01:17<02:27,  2.62it/s]
Extract:  33%|###3      | 193/578 [01:17<02:04,  3.10it/s]
Extract:  34%|###3      | 194/578 [01:17<01:43,  3.72it/s]
Extract:  34%|###3      | 195/578 [01:17<01:26,  4.43it/s]
Extract:  34%|###4      | 197/578 [01:18<02:40,  2.38it/s]
Extract:  34%|###4      | 198/578 [01:19<02:33,  2.48it/s]
Extract:  35%|###4      | 201/578 [01:20<02:19,  2.70it/s]
Extract:  35%|###4      | 202/578 [01:20<02:22,  2.64it/s]
Extract:  35%|###5      | 203/578 [01:21<03:06,  2.01it/s]
Extract:  35%|###5      | 205/578 [01:21<02:08,  2.90it/s]
Extract:  36%|###5      | 206/578 [01:21<01:57,  3.18it/s]
Extract:  36%|###5      | 207/578 [01:22<02:16,  2.71it/s]
Extract:  36%|###5      | 208/578 [01:22<01:52,  3.30it/s]
Extract:  36%|###6      | 209/578 [01:22<01:42,  3.61it/s]
Extract:  36%|###6      | 210/578 [01:22<01:40,  3.65it/s]
Extract:  37%|###6      | 212/578 [01:23<02:07,  2.88it/s]
Extract:  37%|###6      | 213/578 [01:24<01:57,  3.11it/s]
Extract:  37%|###7      | 214/578 [01:24<01:36,  3.77it/s]
Extract:  37%|###7      | 215/578 [01:24<02:14,  2.70it/s]
Extract:  38%|###7      | 217/578 [01:25<01:42,  3.53it/s]
Extract:  38%|###7      | 219/578 [01:25<01:11,  5.00it/s]
Extract:  38%|###8      | 220/578 [01:25<01:09,  5.14it/s]
Extract:  38%|###8      | 221/578 [01:25<01:07,  5.32it/s]
Extract:  39%|###8      | 223/578 [01:25<00:55,  6.37it/s]
Extract:  39%|###8      | 224/578 [01:26<00:54,  6.49it/s]
Extract:  39%|###8      | 225/578 [01:26<01:41,  3.47it/s]
Extract:  39%|###9      | 226/578 [01:27<02:31,  2.32it/s]
Extract:  39%|###9      | 227/578 [01:27<02:16,  2.58it/s]
Extract:  40%|###9      | 229/578 [01:28<01:46,  3.27it/s]
Extract:  40%|###9      | 230/578 [01:28<02:16,  2.55it/s]
Extract:  40%|###9      | 231/578 [01:29<02:23,  2.42it/s]
Extract:  40%|####      | 232/578 [01:29<02:04,  2.78it/s]
Extract:  40%|####      | 233/578 [01:29<01:52,  3.07it/s]
Extract:  40%|####      | 234/578 [01:30<01:46,  3.24it/s]
Extract:  41%|####      | 235/578 [01:30<01:37,  3.52it/s]
Extract:  41%|####      | 236/578 [01:31<02:43,  2.10it/s]
Extract:  41%|####1     | 237/578 [01:31<03:05,  1.84it/s]
Extract:  41%|####1     | 239/578 [01:32<02:01,  2.79it/s]
Extract:  42%|####1     | 240/578 [01:32<01:50,  3.06it/s]
Extract:  42%|####1     | 242/578 [01:32<01:19,  4.24it/s]
Extract:  42%|####2     | 243/578 [01:32<01:08,  4.87it/s]
Extract:  42%|####2     | 244/578 [01:33<01:56,  2.86it/s]
Extract:  42%|####2     | 245/578 [01:33<01:45,  3.16it/s]
Extract:  43%|####2     | 246/578 [01:33<01:27,  3.81it/s]
Extract:  43%|####2     | 247/578 [01:34<01:46,  3.11it/s]
Extract:  43%|####2     | 248/578 [01:34<02:05,  2.62it/s]
Extract:  43%|####3     | 249/578 [01:35<01:54,  2.87it/s]
Extract:  43%|####3     | 250/578 [01:35<01:50,  2.98it/s]
Extract:  43%|####3     | 251/578 [01:35<01:39,  3.28it/s]
Extract:  44%|####3     | 253/578 [01:35<01:11,  4.52it/s]
Extract:  44%|####4     | 255/578 [01:36<01:17,  4.15it/s]
Extract:  44%|####4     | 256/578 [01:37<02:26,  2.21it/s]
Extract:  44%|####4     | 257/578 [01:37<02:03,  2.59it/s]
Extract:  45%|####4     | 258/578 [01:38<01:43,  3.10it/s]
Extract:  45%|####4     | 259/578 [01:38<01:29,  3.58it/s]
Extract:  45%|####4     | 260/578 [01:38<01:19,  3.98it/s]
Extract:  45%|####5     | 261/578 [01:38<01:07,  4.70it/s]
Extract:  45%|####5     | 262/578 [01:38<01:34,  3.34it/s]
Extract:  46%|####5     | 263/578 [01:39<02:29,  2.11it/s]
Extract:  46%|####5     | 264/578 [01:40<01:58,  2.65it/s]
Extract:  46%|####5     | 265/578 [01:40<02:10,  2.40it/s]
Extract:  46%|####6     | 266/578 [01:40<02:10,  2.39it/s]
Extract:  46%|####6     | 267/578 [01:41<02:41,  1.92it/s]
Extract:  46%|####6     | 268/578 [01:41<02:12,  2.33it/s]
Extract:  47%|####6     | 269/578 [01:42<02:27,  2.10it/s]
Extract:  47%|####6     | 271/578 [01:42<01:30,  3.39it/s]
Extract:  47%|####7     | 273/578 [01:43<01:48,  2.80it/s]
Extract:  47%|####7     | 274/578 [01:44<02:19,  2.18it/s]
Extract:  48%|####7     | 275/578 [01:45<02:37,  1.93it/s]
Extract:  48%|####7     | 276/578 [01:45<02:10,  2.31it/s]
Extract:  48%|####8     | 278/578 [01:45<01:22,  3.65it/s]
Extract:  48%|####8     | 280/578 [01:45<01:08,  4.37it/s]
Extract:  49%|####8     | 282/578 [01:45<00:57,  5.12it/s]
Extract:  49%|####8     | 283/578 [01:46<01:15,  3.90it/s]
Extract:  49%|####9     | 284/578 [01:46<01:10,  4.20it/s]
Extract:  49%|####9     | 285/578 [01:47<01:38,  2.96it/s]
Extract:  49%|####9     | 286/578 [01:48<02:16,  2.13it/s]
Extract:  50%|####9     | 287/578 [01:48<02:05,  2.31it/s]
Extract:  50%|####9     | 288/578 [01:48<01:46,  2.71it/s]
Extract:  50%|#####     | 289/578 [01:49<01:48,  2.66it/s]
Extract:  50%|#####     | 290/578 [01:50<02:43,  1.76it/s]
Extract:  50%|#####     | 291/578 [01:50<02:11,  2.19it/s]
Extract:  51%|#####     | 293/578 [01:50<01:22,  3.43it/s]
Extract:  51%|#####     | 294/578 [01:50<01:20,  3.52it/s]
Extract:  51%|#####1    | 295/578 [01:51<02:06,  2.23it/s]
Extract:  51%|#####1    | 296/578 [01:51<01:48,  2.59it/s]
Extract:  51%|#####1    | 297/578 [01:52<02:42,  1.73it/s]
Extract:  52%|#####1    | 299/578 [01:53<01:45,  2.64it/s]
Extract:  52%|#####1    | 300/578 [01:53<01:33,  2.98it/s]
Extract:  52%|#####2    | 301/578 [01:54<01:52,  2.47it/s]
Extract:  52%|#####2    | 302/578 [01:54<01:31,  3.03it/s]
Extract:  52%|#####2    | 303/578 [01:54<01:15,  3.63it/s]
Extract:  53%|#####2    | 304/578 [01:55<02:54,  1.57it/s]
Extract:  53%|#####2    | 305/578 [01:56<02:44,  1.66it/s]
Extract:  53%|#####3    | 307/578 [01:57<02:19,  1.95it/s]
Extract:  53%|#####3    | 308/578 [01:57<02:18,  1.95it/s]
Extract:  53%|#####3    | 309/578 [01:58<02:34,  1.75it/s]
Extract:  54%|#####3    | 310/578 [01:58<02:19,  1.92it/s]
Extract:  54%|#####3    | 311/578 [01:59<02:44,  1.62it/s]
Extract:  54%|#####3    | 312/578 [02:00<03:05,  1.43it/s]
Extract:  54%|#####4    | 313/578 [02:00<02:27,  1.80it/s]
Extract:  54%|#####4    | 314/578 [02:01<02:34,  1.70it/s]
Extract:  54%|#####4    | 315/578 [02:01<01:57,  2.24it/s]
Extract:  55%|#####4    | 316/578 [02:02<02:02,  2.15it/s]
Extract:  55%|#####5    | 318/578 [02:02<01:55,  2.25it/s]
Extract:  55%|#####5    | 319/578 [02:03<01:53,  2.29it/s]
Extract:  55%|#####5    | 320/578 [02:03<02:07,  2.02it/s]
Extract:  56%|#####5    | 321/578 [02:04<02:35,  1.65it/s]
Extract:  56%|#####5    | 322/578 [02:05<02:27,  1.73it/s]
Extract:  56%|#####5    | 323/578 [02:05<02:28,  1.72it/s]
Extract:  56%|#####6    | 325/578 [02:06<01:32,  2.73it/s]
Extract:  56%|#####6    | 326/578 [02:06<01:28,  2.84it/s]
Extract:  57%|#####6    | 327/578 [02:06<01:16,  3.30it/s]
Extract:  57%|#####6    | 328/578 [02:06<01:15,  3.30it/s]
Extract:  57%|#####6    | 329/578 [02:07<01:01,  4.04it/s]
Extract:  57%|#####7    | 330/578 [02:07<01:00,  4.10it/s]
Extract:  57%|#####7    | 331/578 [02:07<01:04,  3.83it/s]
Extract:  57%|#####7    | 332/578 [02:07<01:12,  3.42it/s]
Extract:  58%|#####7    | 334/578 [02:08<00:48,  5.00it/s]
Extract:  58%|#####7    | 335/578 [02:08<00:47,  5.07it/s]
Extract:  58%|#####8    | 336/578 [02:08<00:43,  5.52it/s]
Extract:  58%|#####8    | 337/578 [02:08<00:49,  4.91it/s]
Extract:  59%|#####8    | 339/578 [02:09<00:43,  5.51it/s]
Extract:  59%|#####8    | 340/578 [02:09<00:46,  5.15it/s]
Extract:  59%|#####8    | 341/578 [02:09<00:45,  5.17it/s]
Extract:  59%|#####9    | 342/578 [02:09<00:56,  4.15it/s]
Extract:  60%|#####9    | 344/578 [02:10<01:04,  3.60it/s]
Extract:  60%|#####9    | 345/578 [02:10<00:59,  3.94it/s]
Extract:  60%|######    | 347/578 [02:10<00:45,  5.11it/s]
Extract:  60%|######    | 348/578 [02:11<00:42,  5.44it/s]
Extract:  60%|######    | 349/578 [02:11<01:21,  2.81it/s]
Extract:  61%|######    | 350/578 [02:12<01:15,  3.04it/s]
Extract:  61%|######    | 351/578 [02:13<01:56,  1.96it/s]
Extract:  61%|######    | 352/578 [02:13<01:32,  2.44it/s]
Extract:  61%|######1   | 353/578 [02:14<01:48,  2.07it/s]
Extract:  61%|######1   | 354/578 [02:14<01:38,  2.27it/s]
Extract:  61%|######1   | 355/578 [02:14<01:36,  2.31it/s]
Extract:  62%|######1   | 356/578 [02:16<03:31,  1.05it/s]
Extract:  62%|######1   | 357/578 [02:17<03:02,  1.21it/s]
Extract:  62%|######1   | 358/578 [02:17<02:16,  1.61it/s]
Extract:  62%|######2   | 359/578 [02:18<02:03,  1.77it/s]
Extract:  62%|######2   | 360/578 [02:18<01:52,  1.94it/s]
Extract:  62%|######2   | 361/578 [02:20<03:10,  1.14it/s]
Extract:  63%|######2   | 362/578 [02:21<03:12,  1.12it/s]
Extract:  63%|######2   | 363/578 [02:21<02:26,  1.47it/s]
Extract:  63%|######2   | 364/578 [02:21<01:54,  1.88it/s]
Extract:  63%|######3   | 365/578 [02:21<01:45,  2.03it/s]
Extract:  63%|######3   | 366/578 [02:22<01:34,  2.24it/s]
Extract:  63%|######3   | 367/578 [02:23<02:16,  1.55it/s]
Extract:  64%|######3   | 368/578 [02:23<01:58,  1.78it/s]
Extract:  64%|######3   | 369/578 [02:24<02:26,  1.42it/s]
Extract:  64%|######4   | 370/578 [02:24<01:49,  1.91it/s]
Extract:  64%|######4   | 371/578 [02:24<01:22,  2.50it/s]
Extract:  64%|######4   | 372/578 [02:25<01:06,  3.08it/s]
Extract:  65%|######4   | 373/578 [02:26<01:59,  1.71it/s]
Extract:  65%|######4   | 374/578 [02:26<01:37,  2.09it/s]
Extract:  65%|######5   | 376/578 [02:27<01:17,  2.60it/s]
Extract:  65%|######5   | 377/578 [02:27<01:21,  2.46it/s]
Extract:  65%|######5   | 378/578 [02:27<01:11,  2.78it/s]
Extract:  66%|######5   | 379/578 [02:27<01:03,  3.16it/s]
Extract:  66%|######5   | 380/578 [02:28<01:15,  2.61it/s]
Extract:  66%|######5   | 381/578 [02:28<01:09,  2.83it/s]
Extract:  66%|######6   | 382/578 [02:29<01:37,  2.02it/s]
Extract:  66%|######6   | 383/578 [02:29<01:21,  2.39it/s]
Extract:  66%|######6   | 384/578 [02:30<01:33,  2.08it/s]
Extract:  67%|######6   | 385/578 [02:30<01:13,  2.63it/s]
Extract:  67%|######6   | 386/578 [02:31<01:20,  2.40it/s]
Extract:  67%|######6   | 387/578 [02:31<01:20,  2.38it/s]
Extract:  67%|######7   | 388/578 [02:31<01:04,  2.92it/s]
Extract:  67%|######7   | 390/578 [02:31<00:45,  4.14it/s]
Extract:  68%|######7   | 391/578 [02:32<00:55,  3.39it/s]
Extract:  68%|######7   | 392/578 [02:32<01:03,  2.95it/s]
Extract:  68%|######7   | 393/578 [02:33<01:19,  2.34it/s]
Extract:  68%|######8   | 394/578 [02:34<01:30,  2.04it/s]
Extract:  68%|######8   | 395/578 [02:35<02:10,  1.40it/s]
Extract:  69%|######8   | 396/578 [02:35<01:39,  1.84it/s]
Extract:  69%|######8   | 397/578 [02:36<01:39,  1.81it/s]
Extract:  69%|######8   | 398/578 [02:36<01:47,  1.67it/s]
Extract:  69%|######9   | 399/578 [02:37<01:28,  2.03it/s]
Extract:  69%|######9   | 400/578 [02:37<01:14,  2.39it/s]
Extract:  69%|######9   | 401/578 [02:37<01:00,  2.94it/s]
Extract:  70%|######9   | 402/578 [02:37<00:53,  3.28it/s]
Extract:  70%|######9   | 403/578 [02:37<00:47,  3.69it/s]
Extract:  70%|######9   | 404/578 [02:38<00:40,  4.31it/s]
Extract:  70%|#######   | 405/578 [02:38<00:37,  4.64it/s]
Extract:  70%|#######   | 406/578 [02:41<02:50,  1.01it/s]
Extract:  70%|#######   | 407/578 [02:42<02:46,  1.03it/s]
Extract:  71%|#######   | 408/578 [02:43<03:29,  1.23s/it]
Extract:  71%|#######   | 409/578 [02:44<02:50,  1.01s/it]
Extract:  71%|#######   | 410/578 [02:44<02:19,  1.21it/s]
Extract:  71%|#######1  | 412/578 [02:45<01:26,  1.92it/s]
Extract:  71%|#######1  | 413/578 [02:45<01:23,  1.97it/s]
Extract:  72%|#######1  | 414/578 [02:45<01:05,  2.49it/s]
Extract:  72%|#######1  | 415/578 [02:45<00:56,  2.88it/s]
Extract:  72%|#######1  | 416/578 [02:46<00:57,  2.79it/s]
Extract:  72%|#######2  | 417/578 [02:46<00:48,  3.31it/s]
Extract:  72%|#######2  | 418/578 [02:46<00:51,  3.11it/s]
Extract:  72%|#######2  | 419/578 [02:47<01:00,  2.63it/s]
Extract:  73%|#######2  | 421/578 [02:48<01:06,  2.37it/s]
Extract:  73%|#######3  | 423/578 [02:48<00:42,  3.61it/s]
Extract:  73%|#######3  | 424/578 [02:48<00:49,  3.14it/s]
Extract:  74%|#######3  | 425/578 [02:49<01:13,  2.09it/s]
Extract:  74%|#######3  | 426/578 [02:50<01:13,  2.06it/s]
Extract:  74%|#######3  | 427/578 [02:51<01:43,  1.46it/s]
Extract:  74%|#######4  | 428/578 [02:53<02:29,  1.00it/s]
Extract:  74%|#######4  | 429/578 [02:54<02:37,  1.05s/it]
Extract:  74%|#######4  | 430/578 [02:54<02:10,  1.14it/s]
Extract:  75%|#######4  | 431/578 [02:55<02:02,  1.20it/s]
Extract:  75%|#######4  | 432/578 [02:58<03:38,  1.50s/it]
Extract:  75%|#######4  | 433/578 [02:59<02:58,  1.23s/it]
Extract:  75%|#######5  | 434/578 [03:00<02:58,  1.24s/it]
Extract:  75%|#######5  | 435/578 [03:01<02:23,  1.01s/it]
Extract:  75%|#######5  | 436/578 [03:01<02:02,  1.16it/s]
Extract:  76%|#######5  | 437/578 [03:02<01:42,  1.38it/s]
Extract:  76%|#######5  | 438/578 [03:02<01:26,  1.62it/s]
Extract:  76%|#######5  | 439/578 [03:04<02:15,  1.03it/s]
Extract:  76%|#######6  | 440/578 [03:04<01:55,  1.19it/s]
Extract:  76%|#######6  | 441/578 [03:06<02:34,  1.13s/it]
Extract:  76%|#######6  | 442/578 [03:07<02:06,  1.07it/s]
Extract:  77%|#######6  | 443/578 [03:09<02:53,  1.29s/it]
Extract:  77%|#######6  | 444/578 [03:09<02:26,  1.09s/it]
Extract:  77%|#######6  | 445/578 [03:11<02:38,  1.19s/it]
Extract:  77%|#######7  | 446/578 [03:11<02:05,  1.06it/s]
Extract:  77%|#######7  | 447/578 [03:11<01:39,  1.31it/s]
Extract:  78%|#######7  | 448/578 [03:12<01:51,  1.17it/s]
Extract:  78%|#######7  | 449/578 [03:13<01:25,  1.51it/s]
Extract:  78%|#######7  | 450/578 [03:14<02:07,  1.01it/s]
Extract:  78%|#######8  | 451/578 [03:16<02:15,  1.07s/it]
Extract:  78%|#######8  | 452/578 [03:16<01:47,  1.17it/s]
Extract:  78%|#######8  | 453/578 [03:16<01:20,  1.55it/s]
Extract:  79%|#######8  | 454/578 [03:16<01:07,  1.85it/s]
Extract:  79%|#######8  | 455/578 [03:17<00:54,  2.27it/s]
Extract:  79%|#######8  | 456/578 [03:17<00:48,  2.51it/s]
Extract:  79%|#######9  | 458/578 [03:18<00:46,  2.59it/s]
Extract:  79%|#######9  | 459/578 [03:18<00:41,  2.87it/s]
Extract:  80%|#######9  | 461/578 [03:18<00:34,  3.41it/s]
Extract:  80%|#######9  | 462/578 [03:19<00:36,  3.21it/s]
Extract:  80%|########  | 463/578 [03:20<00:56,  2.03it/s]
Extract:  80%|########  | 464/578 [03:20<00:44,  2.54it/s]
Extract:  80%|########  | 465/578 [03:20<00:35,  3.16it/s]
Extract:  81%|########  | 466/578 [03:21<00:47,  2.36it/s]
Extract:  81%|########  | 467/578 [03:21<00:57,  1.94it/s]
Extract:  81%|########  | 468/578 [03:23<01:20,  1.37it/s]
Extract:  81%|########1 | 469/578 [03:23<01:04,  1.69it/s]
Extract:  81%|########1 | 470/578 [03:24<01:18,  1.37it/s]
Extract:  81%|########1 | 471/578 [03:25<01:16,  1.40it/s]
Extract:  82%|########1 | 472/578 [03:25<01:16,  1.39it/s]
Extract:  82%|########1 | 473/578 [03:26<01:07,  1.55it/s]
Extract:  82%|########2 | 474/578 [03:27<01:14,  1.39it/s]
Extract:  82%|########2 | 475/578 [03:27<00:59,  1.75it/s]
Extract:  82%|########2 | 476/578 [03:28<01:15,  1.34it/s]
Extract:  83%|########2 | 477/578 [03:28<00:58,  1.72it/s]
Extract:  83%|########2 | 478/578 [03:29<00:44,  2.26it/s]
Extract:  83%|########2 | 479/578 [03:30<01:08,  1.45it/s]
Extract:  83%|########3 | 480/578 [03:30<00:53,  1.84it/s]
Extract:  83%|########3 | 481/578 [03:30<00:45,  2.15it/s]
Extract:  83%|########3 | 482/578 [03:30<00:34,  2.78it/s]
Extract:  84%|########3 | 484/578 [03:31<00:23,  4.01it/s]
Extract:  84%|########3 | 485/578 [03:31<00:20,  4.63it/s]
Extract:  84%|########4 | 486/578 [03:31<00:17,  5.35it/s]
Extract:  84%|########4 | 487/578 [03:31<00:22,  3.97it/s]
Extract:  84%|########4 | 488/578 [03:31<00:19,  4.58it/s]
Extract:  85%|########4 | 489/578 [03:32<00:37,  2.36it/s]
Extract:  85%|########4 | 490/578 [03:33<00:32,  2.74it/s]
Extract:  85%|########4 | 491/578 [03:33<00:32,  2.69it/s]
Extract:  85%|########5 | 492/578 [03:34<00:38,  2.24it/s]
Extract:  85%|########5 | 493/578 [03:34<00:37,  2.28it/s]
Extract:  85%|########5 | 494/578 [03:35<00:39,  2.11it/s]
Extract:  86%|########5 | 495/578 [03:35<00:31,  2.63it/s]
Extract:  86%|########5 | 496/578 [03:35<00:27,  2.98it/s]
Extract:  86%|########5 | 497/578 [03:35<00:23,  3.48it/s]
Extract:  86%|########6 | 498/578 [03:36<00:44,  1.81it/s]
Extract:  86%|########6 | 499/578 [03:36<00:34,  2.32it/s]
Extract:  87%|########6 | 501/578 [03:37<00:22,  3.38it/s]
Extract:  87%|########7 | 503/578 [03:37<00:16,  4.57it/s]
Extract:  87%|########7 | 504/578 [03:38<00:22,  3.23it/s]
Extract:  87%|########7 | 505/578 [03:39<00:37,  1.97it/s]
Extract:  88%|########7 | 507/578 [03:39<00:25,  2.81it/s]
Extract:  88%|########7 | 508/578 [03:39<00:27,  2.52it/s]
Extract:  88%|########8 | 509/578 [03:40<00:22,  3.08it/s]
Extract:  88%|########8 | 510/578 [03:40<00:28,  2.35it/s]
Extract:  88%|########8 | 511/578 [03:41<00:25,  2.67it/s]
Extract:  89%|########8 | 512/578 [03:41<00:26,  2.53it/s]
Extract:  89%|########8 | 514/578 [03:41<00:17,  3.73it/s]
Extract:  89%|########9 | 515/578 [03:42<00:20,  3.09it/s]
Extract:  89%|########9 | 516/578 [03:43<00:31,  1.97it/s]
Extract:  89%|########9 | 517/578 [03:43<00:28,  2.13it/s]
Extract:  90%|########9 | 518/578 [03:43<00:22,  2.67it/s]
Extract:  90%|########9 | 519/578 [03:44<00:24,  2.45it/s]
Extract:  90%|########9 | 520/578 [03:44<00:21,  2.68it/s]
Extract:  90%|######### | 522/578 [03:44<00:15,  3.61it/s]
Extract:  90%|######### | 523/578 [03:45<00:16,  3.32it/s]
Extract:  91%|######### | 524/578 [03:45<00:15,  3.42it/s]
Extract:  91%|######### | 525/578 [03:45<00:13,  3.94it/s]
Extract:  91%|#########1| 526/578 [03:46<00:28,  1.86it/s]
Extract:  91%|#########1| 527/578 [03:47<00:24,  2.12it/s]
Extract:  91%|#########1| 528/578 [03:47<00:22,  2.27it/s]
Extract:  92%|#########1| 529/578 [03:47<00:18,  2.63it/s]
Extract:  92%|#########1| 530/578 [03:48<00:16,  2.82it/s]
Extract:  92%|#########1| 531/578 [03:48<00:15,  3.11it/s]
Extract:  92%|#########2| 532/578 [03:48<00:13,  3.34it/s]
Extract:  92%|#########2| 533/578 [03:48<00:11,  3.82it/s]
Extract:  92%|#########2| 534/578 [03:50<00:29,  1.48it/s]
Extract:  93%|#########2| 535/578 [03:50<00:23,  1.85it/s]
Extract:  93%|#########2| 537/578 [03:51<00:17,  2.39it/s]
Extract:  93%|#########3| 538/578 [03:51<00:18,  2.18it/s]
Extract:  93%|#########3| 539/578 [03:51<00:14,  2.72it/s]
Extract:  93%|#########3| 540/578 [03:52<00:18,  2.00it/s]
Extract:  94%|#########3| 541/578 [03:53<00:17,  2.11it/s]
Extract:  94%|#########3| 543/578 [03:53<00:13,  2.51it/s]
Extract:  94%|#########4| 544/578 [03:53<00:11,  3.06it/s]
Extract:  94%|#########4| 546/578 [03:55<00:17,  1.80it/s]
Extract:  95%|#########4| 547/578 [03:57<00:23,  1.30it/s]
Extract:  95%|#########4| 548/578 [03:57<00:19,  1.57it/s]
Extract:  95%|#########5| 550/578 [03:57<00:11,  2.42it/s]
Extract:  95%|#########5| 551/578 [03:57<00:10,  2.67it/s]
Extract:  96%|#########5| 553/578 [03:59<00:12,  2.07it/s]
Extract:  96%|#########5| 554/578 [04:00<00:15,  1.53it/s]
Extract:  96%|#########6| 555/578 [04:01<00:17,  1.30it/s]
Extract:  96%|#########6| 556/578 [04:02<00:16,  1.35it/s]
Extract:  96%|#########6| 557/578 [04:03<00:18,  1.17it/s]
Extract:  97%|#########6| 558/578 [04:03<00:13,  1.43it/s]
Extract:  97%|#########6| 559/578 [04:03<00:10,  1.87it/s]
Extract:  97%|#########6| 560/578 [04:04<00:12,  1.44it/s]
Extract:  97%|#########7| 561/578 [04:06<00:14,  1.16it/s]
Extract:  97%|#########7| 562/578 [04:07<00:15,  1.05it/s]
Extract:  97%|#########7| 563/578 [04:07<00:11,  1.36it/s]
Extract:  98%|#########7| 564/578 [04:09<00:14,  1.05s/it]
Extract:  98%|#########7| 565/578 [04:10<00:16,  1.23s/it]
Extract:  98%|#########7| 566/578 [04:11<00:12,  1.02s/it]
Extract:  98%|#########8| 567/578 [04:11<00:09,  1.18it/s]
Extract:  98%|#########8| 568/578 [04:13<00:10,  1.03s/it]
Extract:  98%|#########8| 569/578 [04:13<00:07,  1.28it/s]
Extract:  99%|#########8| 570/578 [04:13<00:04,  1.63it/s]
Extract:  99%|#########8| 572/578 [04:14<00:02,  2.25it/s]
Extract:  99%|#########9| 573/578 [04:15<00:03,  1.48it/s]
Extract:  99%|#########9| 574/578 [04:15<00:02,  1.87it/s]
Extract:  99%|#########9| 575/578 [04:16<00:01,  2.03it/s]
Extract: 100%|#########9| 576/578 [04:17<00:01,  1.54it/s]
Extract: 100%|#########9| 577/578 [04:17<00:00,  2.02it/s]
Extract: 100%|##########| 578/578 [04:17<00:00,  2.25it/s]

Extract:   0%|          | 0/578 [00:00<?, ?it/s]
Extract:   0%|          | 2/578 [00:00<00:51, 11.14it/s]
Extract:   1%|          | 4/578 [00:00<01:33,  6.14it/s]
Extract:   1%|          | 5/578 [00:00<01:37,  5.86it/s]
Extract:   1%|1         | 6/578 [00:00<01:37,  5.88it/s]
Extract:   1%|1         | 7/578 [00:01<02:11,  4.35it/s]
Extract:   1%|1         | 8/578 [00:01<02:22,  4.00it/s]
Extract:   2%|1         | 9/578 [00:01<02:34,  3.69it/s]
Extract:   2%|1         | 10/578 [00:02<02:29,  3.79it/s]
Extract:   2%|1         | 11/578 [00:02<02:21,  4.02it/s]
Extract:   2%|2         | 12/578 [00:02<02:49,  3.33it/s]
Extract:   2%|2         | 13/578 [00:02<02:22,  3.98it/s]
Extract:   2%|2         | 14/578 [00:03<03:11,  2.94it/s]
Extract:   3%|2         | 15/578 [00:04<03:43,  2.52it/s]
Extract:   3%|2         | 16/578 [00:04<03:01,  3.10it/s]
Extract:   3%|3         | 18/578 [00:04<01:51,  5.01it/s]
Extract:   3%|3         | 20/578 [00:04<01:25,  6.52it/s]
Extract:   4%|3         | 21/578 [00:05<02:16,  4.08it/s]
Extract:   4%|3         | 22/578 [00:05<02:21,  3.92it/s]
Extract:   4%|3         | 23/578 [00:05<02:23,  3.87it/s]
Extract:   4%|4         | 24/578 [00:05<02:12,  4.18it/s]
Extract:   4%|4         | 26/578 [00:05<01:35,  5.80it/s]
Extract:   5%|4         | 27/578 [00:06<02:38,  3.48it/s]
Extract:   5%|4         | 28/578 [00:06<02:17,  4.01it/s]
Extract:   5%|5         | 29/578 [00:06<01:58,  4.65it/s]
Extract:   5%|5         | 30/578 [00:07<02:01,  4.52it/s]
Extract:   5%|5         | 31/578 [00:07<02:08,  4.25it/s]
Extract:   6%|5         | 32/578 [00:07<01:50,  4.92it/s]
Extract:   6%|5         | 34/578 [00:07<01:15,  7.19it/s]
Extract:   6%|6         | 35/578 [00:07<01:11,  7.60it/s]
Extract:   6%|6         | 37/578 [00:08<01:18,  6.90it/s]
Extract:   7%|6         | 38/578 [00:08<01:18,  6.85it/s]
Extract:   7%|6         | 40/578 [00:08<01:13,  7.33it/s]
Extract:   7%|7         | 41/578 [00:08<01:14,  7.23it/s]
Extract:   7%|7         | 42/578 [00:09<02:04,  4.31it/s]
Extract:   7%|7         | 43/578 [00:09<02:50,  3.13it/s]
Extract:   8%|7         | 46/578 [00:09<01:39,  5.35it/s]
Extract:   8%|8         | 47/578 [00:10<01:40,  5.30it/s]
Extract:   8%|8         | 49/578 [00:10<01:19,  6.69it/s]
Extract:   9%|8         | 50/578 [00:10<01:51,  4.72it/s]
Extract:   9%|8         | 51/578 [00:11<02:08,  4.11it/s]
Extract:   9%|8         | 52/578 [00:11<02:30,  3.50it/s]
Extract:   9%|9         | 54/578 [00:11<02:13,  3.92it/s]
Extract:  10%|9         | 55/578 [00:12<02:46,  3.14it/s]
Extract:  10%|9         | 56/578 [00:12<02:28,  3.51it/s]
Extract:  10%|#         | 58/578 [00:12<01:57,  4.43it/s]
Extract:  10%|#         | 59/578 [00:13<01:56,  4.45it/s]
Extract:  10%|#         | 60/578 [00:13<02:27,  3.51it/s]
Extract:  11%|#         | 61/578 [00:14<02:57,  2.91it/s]
Extract:  11%|#         | 62/578 [00:14<02:26,  3.52it/s]
Extract:  11%|#1        | 64/578 [00:14<02:13,  3.84it/s]
Extract:  11%|#1        | 65/578 [00:15<02:58,  2.87it/s]
Extract:  11%|#1        | 66/578 [00:15<02:31,  3.38it/s]
Extract:  12%|#1        | 67/578 [00:16<03:16,  2.61it/s]
Extract:  12%|#1        | 69/578 [00:16<02:24,  3.52it/s]
Extract:  12%|#2        | 71/578 [00:16<01:55,  4.38it/s]
Extract:  12%|#2        | 72/578 [00:16<01:48,  4.67it/s]
Extract:  13%|#2        | 73/578 [00:17<02:24,  3.48it/s]
Extract:  13%|#2        | 75/578 [00:17<01:42,  4.93it/s]
Extract:  13%|#3        | 76/578 [00:17<01:40,  4.99it/s]
Extract:  13%|#3        | 77/578 [00:18<02:38,  3.17it/s]
Extract:  14%|#3        | 79/578 [00:18<01:48,  4.61it/s]
Extract:  14%|#3        | 80/578 [00:18<01:41,  4.92it/s]
Extract:  14%|#4        | 81/578 [00:18<01:32,  5.39it/s]
Extract:  14%|#4        | 82/578 [00:18<01:21,  6.10it/s]
Extract:  14%|#4        | 83/578 [00:19<01:23,  5.91it/s]
Extract:  15%|#4        | 84/578 [00:19<02:14,  3.66it/s]
Extract:  15%|#4        | 86/578 [00:19<01:45,  4.68it/s]
Extract:  15%|#5        | 88/578 [00:20<01:21,  5.98it/s]
Extract:  15%|#5        | 89/578 [00:20<02:11,  3.73it/s]
Extract:  16%|#5        | 90/578 [00:21<02:19,  3.50it/s]
Extract:  16%|#5        | 91/578 [00:21<02:55,  2.77it/s]
Extract:  16%|#5        | 92/578 [00:22<03:24,  2.38it/s]
Extract:  16%|#6        | 93/578 [00:22<02:41,  3.00it/s]
Extract:  16%|#6        | 94/578 [00:22<02:37,  3.07it/s]
Extract:  17%|#6        | 96/578 [00:23<02:27,  3.27it/s]
Extract:  17%|#6        | 97/578 [00:23<02:06,  3.80it/s]
Extract:  17%|#6        | 98/578 [00:23<02:19,  3.44it/s]
Extract:  17%|#7        | 99/578 [00:23<01:57,  4.09it/s]
Extract:  17%|#7        | 100/578 [00:24<02:00,  3.98it/s]
Extract:  17%|#7        | 101/578 [00:24<01:47,  4.44it/s]
Extract:  18%|#7        | 104/578 [00:24<01:00,  7.79it/s]
Extract:  18%|#8        | 105/578 [00:24<01:13,  6.41it/s]
Extract:  18%|#8        | 106/578 [00:24<01:09,  6.77it/s]
Extract:  19%|#8        | 107/578 [00:25<01:59,  3.93it/s]
Extract:  19%|#8        | 108/578 [00:25<02:02,  3.84it/s]
Extract:  19%|#9        | 110/578 [00:25<01:39,  4.72it/s]
Extract:  19%|#9        | 111/578 [00:26<01:47,  4.36it/s]
Extract:  20%|#9        | 113/578 [00:26<01:20,  5.78it/s]
Extract:  20%|#9        | 114/578 [00:26<01:15,  6.18it/s]
Extract:  20%|#9        | 115/578 [00:26<01:35,  4.83it/s]
Extract:  20%|##        | 116/578 [00:27<01:48,  4.24it/s]
Extract:  20%|##        | 117/578 [00:27<02:10,  3.53it/s]
Extract:  21%|##        | 120/578 [00:28<01:49,  4.18it/s]
Extract:  21%|##        | 121/578 [00:28<02:18,  3.29it/s]
Extract:  21%|##1       | 123/578 [00:28<01:41,  4.47it/s]
Extract:  21%|##1       | 124/578 [00:29<01:30,  5.04it/s]
Extract:  22%|##1       | 125/578 [00:29<02:11,  3.45it/s]
Extract:  22%|##1       | 126/578 [00:29<02:04,  3.64it/s]
Extract:  22%|##2       | 128/578 [00:30<01:36,  4.67it/s]
Extract:  22%|##2       | 130/578 [00:30<01:37,  4.61it/s]
Extract:  23%|##2       | 131/578 [00:31<01:58,  3.77it/s]
Extract:  23%|##2       | 132/578 [00:31<01:47,  4.16it/s]
Extract:  23%|##3       | 133/578 [00:31<01:51,  4.01it/s]
Extract:  23%|##3       | 134/578 [00:31<01:35,  4.63it/s]
Extract:  23%|##3       | 135/578 [00:31<01:24,  5.27it/s]
Extract:  24%|##3       | 136/578 [00:31<01:14,  5.90it/s]
Extract:  24%|##3       | 137/578 [00:32<02:11,  3.35it/s]
Extract:  24%|##3       | 138/578 [00:32<02:27,  2.99it/s]
Extract:  24%|##4       | 139/578 [00:33<02:29,  2.94it/s]
Extract:  24%|##4       | 141/578 [00:33<01:31,  4.78it/s]
Extract:  25%|##4       | 144/578 [00:33<00:55,  7.82it/s]
Extract:  25%|##5       | 146/578 [00:34<01:22,  5.24it/s]
Extract:  25%|##5       | 147/578 [00:34<01:16,  5.66it/s]
Extract:  26%|##5       | 148/578 [00:34<01:11,  6.03it/s]
Extract:  26%|##5       | 149/578 [00:34<01:54,  3.76it/s]
Extract:  26%|##5       | 150/578 [00:35<01:44,  4.10it/s]
Extract:  26%|##6       | 152/578 [00:35<01:10,  6.08it/s]
Extract:  27%|##6       | 154/578 [00:36<01:51,  3.79it/s]
Extract:  27%|##6       | 155/578 [00:36<02:08,  3.29it/s]
Extract:  27%|##7       | 157/578 [00:36<01:33,  4.50it/s]
Extract:  27%|##7       | 158/578 [00:36<01:23,  5.03it/s]
Extract:  28%|##7       | 160/578 [00:37<01:21,  5.12it/s]
Extract:  28%|##8       | 162/578 [00:37<01:01,  6.77it/s]
Extract:  28%|##8       | 164/578 [00:37<01:22,  5.01it/s]
Extract:  29%|##8       | 165/578 [00:38<01:16,  5.37it/s]
Extract:  29%|##8       | 166/578 [00:38<01:13,  5.58it/s]
Extract:  29%|##8       | 167/578 [00:38<01:52,  3.66it/s]
Extract:  29%|##9       | 168/578 [00:38<01:37,  4.19it/s]
Extract:  29%|##9       | 169/578 [00:39<01:25,  4.77it/s]
Extract:  29%|##9       | 170/578 [00:39<01:20,  5.08it/s]
Extract:  30%|##9       | 172/578 [00:39<01:19,  5.09it/s]
Extract:  30%|##9       | 173/578 [00:40<01:58,  3.43it/s]
Extract:  30%|###       | 174/578 [00:40<01:45,  3.83it/s]
Extract:  30%|###       | 175/578 [00:40<01:31,  4.39it/s]
Extract:  30%|###       | 176/578 [00:40<01:20,  5.01it/s]
Extract:  31%|###       | 177/578 [00:41<01:55,  3.48it/s]
Extract:  31%|###       | 178/578 [00:41<01:58,  3.37it/s]
Extract:  31%|###       | 179/578 [00:41<01:43,  3.84it/s]
Extract:  31%|###1      | 180/578 [00:42<01:57,  3.39it/s]
Extract:  31%|###1      | 181/578 [00:42<02:09,  3.06it/s]
Extract:  31%|###1      | 182/578 [00:42<01:57,  3.38it/s]
Extract:  32%|###1      | 184/578 [00:43<01:36,  4.07it/s]
Extract:  32%|###2      | 185/578 [00:43<02:06,  3.11it/s]
Extract:  32%|###2      | 186/578 [00:43<01:52,  3.47it/s]
Extract:  33%|###2      | 188/578 [00:44<01:27,  4.44it/s]
Extract:  33%|###2      | 189/578 [00:44<02:16,  2.84it/s]
Extract:  33%|###3      | 191/578 [00:45<01:56,  3.33it/s]
Extract:  33%|###3      | 192/578 [00:45<01:41,  3.79it/s]
Extract:  34%|###3      | 194/578 [00:45<01:13,  5.23it/s]
Extract:  34%|###3      | 196/578 [00:45<00:54,  7.00it/s]
Extract:  34%|###4      | 198/578 [00:46<01:41,  3.73it/s]
Extract:  35%|###4      | 201/578 [00:47<01:33,  4.04it/s]
Extract:  35%|###4      | 202/578 [00:47<01:34,  3.98it/s]
Extract:  35%|###5      | 203/578 [00:48<02:15,  2.78it/s]
Extract:  35%|###5      | 204/578 [00:48<01:58,  3.16it/s]
Extract:  36%|###5      | 206/578 [00:48<01:29,  4.17it/s]
Extract:  36%|###5      | 207/578 [00:49<01:40,  3.71it/s]
Extract:  36%|###6      | 209/578 [00:49<01:12,  5.10it/s]
Extract:  36%|###6      | 210/578 [00:49<01:08,  5.35it/s]
Extract:  37%|###6      | 212/578 [00:50<01:27,  4.17it/s]
Extract:  37%|###6      | 213/578 [00:50<01:27,  4.15it/s]
Extract:  37%|###7      | 215/578 [00:50<01:23,  4.35it/s]
Extract:  38%|###7      | 217/578 [00:51<01:07,  5.35it/s]
Extract:  38%|###8      | 220/578 [00:51<00:47,  7.48it/s]
Extract:  38%|###8      | 222/578 [00:51<00:40,  8.86it/s]
Extract:  39%|###8      | 224/578 [00:51<00:39,  8.97it/s]
Extract:  39%|###9      | 226/578 [00:52<01:11,  4.91it/s]
Extract:  39%|###9      | 227/578 [00:52<01:08,  5.11it/s]
Extract:  40%|###9      | 229/578 [00:52<01:01,  5.71it/s]
Extract:  40%|###9      | 230/578 [00:53<01:08,  5.07it/s]
Extract:  40%|###9      | 231/578 [00:53<01:16,  4.52it/s]
Extract:  40%|####      | 232/578 [00:53<01:08,  5.04it/s]
Extract:  40%|####      | 233/578 [00:53<01:06,  5.21it/s]
Extract:  40%|####      | 234/578 [00:53<00:59,  5.74it/s]
Extract:  41%|####      | 235/578 [00:53<00:56,  6.11it/s]
Extract:  41%|####      | 236/578 [00:54<01:33,  3.66it/s]
Extract:  41%|####1     | 237/578 [00:55<02:04,  2.75it/s]
Extract:  41%|####1     | 239/578 [00:55<01:16,  4.46it/s]
Extract:  42%|####1     | 240/578 [00:55<01:12,  4.68it/s]
Extract:  42%|####1     | 242/578 [00:55<00:51,  6.53it/s]
Extract:  42%|####2     | 244/578 [00:56<01:04,  5.21it/s]
Extract:  42%|####2     | 245/578 [00:56<00:58,  5.66it/s]
Extract:  43%|####2     | 247/578 [00:56<01:00,  5.48it/s]
Extract:  43%|####2     | 248/578 [00:56<01:03,  5.21it/s]
Extract:  43%|####3     | 249/578 [00:56<00:59,  5.57it/s]
Extract:  43%|####3     | 250/578 [00:57<00:53,  6.15it/s]
Extract:  43%|####3     | 251/578 [00:57<00:51,  6.34it/s]
Extract:  44%|####3     | 253/578 [00:57<00:40,  8.04it/s]
Extract:  44%|####4     | 255/578 [00:57<00:44,  7.24it/s]
Extract:  44%|####4     | 256/578 [00:58<01:07,  4.76it/s]
Extract:  44%|####4     | 257/578 [00:58<01:00,  5.33it/s]
Extract:  45%|####4     | 259/578 [00:58<00:48,  6.58it/s]
Extract:  45%|####5     | 261/578 [00:58<00:40,  7.80it/s]
Extract:  45%|####5     | 262/578 [00:59<01:03,  4.97it/s]
Extract:  46%|####5     | 263/578 [00:59<01:28,  3.57it/s]
Extract:  46%|####5     | 265/578 [01:00<01:17,  4.03it/s]
Extract:  46%|####6     | 266/578 [01:00<01:15,  4.15it/s]
Extract:  46%|####6     | 267/578 [01:00<01:22,  3.77it/s]
Extract:  46%|####6     | 268/578 [01:00<01:11,  4.35it/s]
Extract:  47%|####6     | 269/578 [01:01<01:20,  3.82it/s]
Extract:  47%|####7     | 272/578 [01:01<00:43,  7.11it/s]
Extract:  47%|####7     | 274/578 [01:02<01:18,  3.88it/s]
Extract:  48%|####7     | 275/578 [01:02<01:35,  3.17it/s]
Extract:  48%|####7     | 276/578 [01:02<01:27,  3.45it/s]
Extract:  48%|####7     | 277/578 [01:03<01:16,  3.93it/s]
Extract:  48%|####8     | 280/578 [01:03<01:00,  4.94it/s]
Extract:  49%|####8     | 282/578 [01:03<00:50,  5.85it/s]
Extract:  49%|####8     | 283/578 [01:04<00:57,  5.09it/s]
Extract:  49%|####9     | 284/578 [01:04<00:52,  5.62it/s]
Extract:  49%|####9     | 285/578 [01:04<00:57,  5.08it/s]
Extract:  49%|####9     | 286/578 [01:04<01:16,  3.82it/s]
Extract:  50%|####9     | 287/578 [01:05<01:16,  3.79it/s]
Extract:  50%|####9     | 288/578 [01:05<01:19,  3.64it/s]
Extract:  50%|#####     | 289/578 [01:05<01:18,  3.69it/s]
Extract:  50%|#####     | 290/578 [01:06<01:37,  2.96it/s]
Extract:  50%|#####     | 291/578 [01:06<01:17,  3.71it/s]
Extract:  51%|#####     | 293/578 [01:06<00:49,  5.77it/s]
Extract:  51%|#####     | 294/578 [01:06<00:46,  6.07it/s]
Extract:  51%|#####1    | 295/578 [01:07<01:17,  3.63it/s]
Extract:  51%|#####1    | 296/578 [01:07<01:09,  4.06it/s]
Extract:  51%|#####1    | 297/578 [01:08<01:48,  2.58it/s]
Extract:  52%|#####1    | 299/578 [01:08<01:09,  4.01it/s]
Extract:  52%|#####1    | 300/578 [01:08<01:01,  4.50it/s]
Extract:  52%|#####2    | 301/578 [01:08<01:11,  3.87it/s]
Extract:  52%|#####2    | 303/578 [01:08<00:49,  5.58it/s]
Extract:  53%|#####2    | 304/578 [01:09<01:19,  3.46it/s]
Extract:  53%|#####2    | 305/578 [01:09<01:14,  3.67it/s]
Extract:  53%|#####3    | 307/578 [01:10<01:08,  3.94it/s]
Extract:  53%|#####3    | 308/578 [01:10<01:11,  3.78it/s]
Extract:  53%|#####3    | 309/578 [01:11<01:26,  3.10it/s]
Extract:  54%|#####3    | 310/578 [01:11<01:20,  3.34it/s]
Extract:  54%|#####3    | 311/578 [01:12<02:00,  2.22it/s]
Extract:  54%|#####3    | 312/578 [01:12<02:14,  1.98it/s]
Extract:  54%|#####4    | 313/578 [01:12<01:45,  2.51it/s]
Extract:  54%|#####4    | 314/578 [01:13<01:40,  2.63it/s]
Extract:  55%|#####4    | 316/578 [01:13<01:13,  3.55it/s]
Extract:  55%|#####5    | 318/578 [01:14<01:09,  3.72it/s]
Extract:  55%|#####5    | 319/578 [01:14<01:06,  3.89it/s]
Extract:  55%|#####5    | 320/578 [01:14<01:18,  3.29it/s]
Extract:  56%|#####5    | 321/578 [01:14<01:05,  3.95it/s]
Extract:  56%|#####5    | 322/578 [01:15<01:22,  3.09it/s]
Extract:  56%|#####5    | 323/578 [01:15<01:19,  3.22it/s]
Extract:  56%|#####6    | 325/578 [01:15<00:54,  4.66it/s]
Extract:  56%|#####6    | 326/578 [01:16<00:57,  4.42it/s]
Extract:  57%|#####6    | 327/578 [01:16<00:49,  5.06it/s]
Extract:  57%|#####6    | 328/578 [01:16<00:53,  4.68it/s]
Extract:  57%|#####7    | 330/578 [01:16<00:41,  5.98it/s]
Extract:  57%|#####7    | 331/578 [01:16<00:45,  5.47it/s]
Extract:  57%|#####7    | 332/578 [01:17<00:52,  4.65it/s]
Extract:  58%|#####7    | 334/578 [01:17<00:40,  5.96it/s]
Extract:  58%|#####7    | 335/578 [01:17<00:37,  6.48it/s]
Extract:  58%|#####8    | 337/578 [01:17<00:32,  7.44it/s]
Extract:  59%|#####8    | 339/578 [01:17<00:30,  7.89it/s]
Extract:  59%|#####8    | 340/578 [01:18<00:31,  7.65it/s]
Extract:  59%|#####8    | 341/578 [01:18<00:32,  7.38it/s]
Extract:  59%|#####9    | 342/578 [01:18<00:36,  6.55it/s]
Extract:  60%|#####9    | 344/578 [01:18<00:43,  5.34it/s]
Extract:  60%|#####9    | 345/578 [01:19<00:41,  5.67it/s]
Extract:  60%|######    | 347/578 [01:19<00:35,  6.60it/s]
Extract:  60%|######    | 348/578 [01:19<00:33,  6.87it/s]
Extract:  60%|######    | 349/578 [01:20<01:01,  3.72it/s]
Extract:  61%|######    | 350/578 [01:20<00:56,  4.06it/s]
Extract:  61%|######    | 351/578 [01:21<01:40,  2.27it/s]
Extract:  61%|######    | 352/578 [01:21<01:27,  2.57it/s]
Extract:  61%|######1   | 353/578 [01:22<01:49,  2.05it/s]
Extract:  61%|######1   | 355/578 [01:22<01:13,  3.01it/s]
Extract:  62%|######1   | 356/578 [01:23<01:36,  2.30it/s]
Extract:  62%|######1   | 357/578 [01:23<01:30,  2.44it/s]
Extract:  62%|######1   | 358/578 [01:23<01:12,  3.04it/s]
Extract:  62%|######2   | 359/578 [01:24<01:12,  3.03it/s]
Extract:  62%|######2   | 360/578 [01:24<01:11,  3.05it/s]
Extract:  62%|######2   | 361/578 [01:24<00:58,  3.68it/s]
Extract:  63%|######2   | 362/578 [01:25<01:18,  2.76it/s]
Extract:  63%|######2   | 363/578 [01:25<01:04,  3.32it/s]
Extract:  63%|######2   | 364/578 [01:25<00:53,  4.02it/s]
Extract:  63%|######3   | 365/578 [01:25<01:01,  3.46it/s]
Extract:  63%|######3   | 366/578 [01:26<01:00,  3.48it/s]
Extract:  63%|######3   | 367/578 [01:26<01:45,  2.01it/s]
Extract:  64%|######3   | 368/578 [01:27<01:32,  2.27it/s]
Extract:  64%|######3   | 369/578 [01:28<02:22,  1.47it/s]
Extract:  64%|######4   | 371/578 [01:28<01:24,  2.46it/s]
Extract:  65%|######4   | 373/578 [01:29<01:12,  2.84it/s]
Extract:  65%|######4   | 374/578 [01:29<01:03,  3.21it/s]
Extract:  65%|######5   | 376/578 [01:29<00:53,  3.79it/s]
Extract:  65%|######5   | 377/578 [01:30<00:56,  3.56it/s]
Extract:  65%|######5   | 378/578 [01:30<00:49,  4.02it/s]
Extract:  66%|######5   | 379/578 [01:30<00:44,  4.52it/s]
Extract:  66%|######5   | 380/578 [01:30<00:47,  4.15it/s]
Extract:  66%|######5   | 381/578 [01:30<00:41,  4.70it/s]
Extract:  66%|######6   | 382/578 [01:31<00:56,  3.50it/s]
Extract:  66%|######6   | 383/578 [01:31<00:50,  3.88it/s]
Extract:  66%|######6   | 384/578 [01:31<00:53,  3.60it/s]
Extract:  67%|######6   | 386/578 [01:32<00:39,  4.87it/s]
Extract:  67%|######6   | 387/578 [01:32<00:45,  4.23it/s]
Extract:  67%|######7   | 388/578 [01:32<00:41,  4.52it/s]
Extract:  67%|######7   | 390/578 [01:32<00:29,  6.45it/s]
Extract:  68%|######7   | 391/578 [01:32<00:28,  6.51it/s]
Extract:  68%|######7   | 392/578 [01:33<00:30,  6.19it/s]
Extract:  68%|######7   | 393/578 [01:33<00:31,  5.90it/s]
Extract:  68%|######8   | 394/578 [01:33<00:29,  6.19it/s]
Extract:  68%|######8   | 395/578 [01:33<00:45,  4.00it/s]
Extract:  69%|######8   | 397/578 [01:34<00:34,  5.31it/s]
Extract:  69%|######9   | 399/578 [01:34<00:27,  6.51it/s]
Extract:  69%|######9   | 401/578 [01:34<00:22,  7.94it/s]
Extract:  70%|######9   | 403/578 [01:34<00:21,  8.26it/s]
Extract:  70%|#######   | 405/578 [01:34<00:19,  8.74it/s]
Extract:  70%|#######   | 406/578 [01:35<00:24,  6.99it/s]
Extract:  70%|#######   | 407/578 [01:35<00:30,  5.65it/s]
Extract:  71%|#######   | 408/578 [01:35<00:42,  3.97it/s]
Extract:  71%|#######   | 410/578 [01:36<00:31,  5.33it/s]
Extract:  71%|#######1  | 412/578 [01:36<00:27,  5.93it/s]
Extract:  71%|#######1  | 413/578 [01:36<00:32,  5.10it/s]
Extract:  72%|#######1  | 415/578 [01:36<00:25,  6.47it/s]
Extract:  72%|#######1  | 416/578 [01:37<00:27,  5.96it/s]
Extract:  72%|#######2  | 418/578 [01:37<00:25,  6.30it/s]
Extract:  72%|#######2  | 419/578 [01:37<00:27,  5.69it/s]
Extract:  73%|#######2  | 421/578 [01:38<00:34,  4.59it/s]
Extract:  73%|#######3  | 424/578 [01:38<00:24,  6.41it/s]
Extract:  74%|#######3  | 425/578 [01:38<00:31,  4.91it/s]
Extract:  74%|#######3  | 426/578 [01:39<00:38,  3.92it/s]
Extract:  74%|#######3  | 427/578 [01:39<00:47,  3.19it/s]
Extract:  74%|#######4  | 428/578 [01:40<00:53,  2.81it/s]
Extract:  74%|#######4  | 429/578 [01:40<00:55,  2.68it/s]
Extract:  75%|#######4  | 431/578 [01:40<00:37,  3.91it/s]
Extract:  75%|#######4  | 432/578 [01:41<00:40,  3.64it/s]
Extract:  75%|#######4  | 433/578 [01:41<00:34,  4.19it/s]
Extract:  75%|#######5  | 434/578 [01:41<00:44,  3.26it/s]
Extract:  75%|#######5  | 435/578 [01:42<00:38,  3.71it/s]
Extract:  76%|#######5  | 437/578 [01:42<00:28,  4.96it/s]
Extract:  76%|#######5  | 438/578 [01:42<00:28,  4.92it/s]
Extract:  76%|#######5  | 439/578 [01:42<00:28,  4.80it/s]
Extract:  76%|#######6  | 441/578 [01:43<00:30,  4.43it/s]
Extract:  76%|#######6  | 442/578 [01:43<00:28,  4.81it/s]
Extract:  77%|#######6  | 443/578 [01:43<00:25,  5.35it/s]
Extract:  77%|#######6  | 445/578 [01:44<00:35,  3.79it/s]
Extract:  77%|#######7  | 447/578 [01:44<00:24,  5.41it/s]
Extract:  78%|#######7  | 449/578 [01:44<00:18,  7.06it/s]
Extract:  78%|#######8  | 451/578 [01:45<00:32,  3.88it/s]
Extract:  78%|#######8  | 452/578 [01:45<00:29,  4.28it/s]
Extract:  79%|#######8  | 454/578 [01:45<00:23,  5.36it/s]
Extract:  79%|#######8  | 456/578 [01:45<00:18,  6.52it/s]
Extract:  79%|#######9  | 458/578 [01:46<00:19,  6.10it/s]
Extract:  80%|#######9  | 461/578 [01:46<00:15,  7.68it/s]
Extract:  80%|#######9  | 462/578 [01:46<00:14,  7.79it/s]
Extract:  80%|########  | 463/578 [01:47<00:18,  6.11it/s]
Extract:  80%|########  | 465/578 [01:47<00:14,  8.05it/s]
Extract:  81%|########  | 467/578 [01:47<00:18,  5.89it/s]
Extract:  81%|########  | 468/578 [01:48<00:26,  4.20it/s]
Extract:  81%|########1 | 469/578 [01:48<00:23,  4.66it/s]
Extract:  81%|########1 | 470/578 [01:48<00:28,  3.83it/s]
Extract:  81%|########1 | 471/578 [01:49<00:29,  3.61it/s]
Extract:  82%|########1 | 472/578 [01:49<00:29,  3.61it/s]
Extract:  82%|########1 | 473/578 [01:49<00:25,  4.12it/s]
Extract:  82%|########2 | 474/578 [01:49<00:23,  4.46it/s]
Extract:  82%|########2 | 475/578 [01:49<00:19,  5.25it/s]
Extract:  82%|########2 | 476/578 [01:50<00:27,  3.73it/s]
Extract:  83%|########2 | 477/578 [01:50<00:24,  4.18it/s]
Extract:  83%|########2 | 478/578 [01:50<00:19,  5.04it/s]
Extract:  83%|########2 | 479/578 [01:50<00:19,  5.08it/s]
Extract:  83%|########3 | 480/578 [01:50<00:17,  5.75it/s]
Extract:  83%|########3 | 481/578 [01:50<00:17,  5.52it/s]
Extract:  83%|########3 | 482/578 [01:51<00:15,  6.20it/s]
Extract:  84%|########3 | 484/578 [01:51<00:11,  7.92it/s]
Extract:  84%|########4 | 486/578 [01:51<00:09,  9.48it/s]
Extract:  84%|########4 | 487/578 [01:51<00:11,  7.95it/s]
Extract:  85%|########4 | 489/578 [01:52<00:16,  5.53it/s]
Extract:  85%|########4 | 490/578 [01:52<00:15,  5.74it/s]
Extract:  85%|########4 | 491/578 [01:52<00:16,  5.23it/s]
Extract:  85%|########5 | 492/578 [01:52<00:18,  4.61it/s]
Extract:  85%|########5 | 493/578 [01:53<00:24,  3.46it/s]
Extract:  85%|########5 | 494/578 [01:53<00:24,  3.49it/s]
Extract:  86%|########5 | 496/578 [01:53<00:15,  5.32it/s]
Extract:  86%|########6 | 498/578 [01:54<00:19,  4.15it/s]
Extract:  87%|########6 | 501/578 [01:54<00:12,  5.95it/s]
Extract:  87%|########7 | 503/578 [01:54<00:10,  7.41it/s]
Extract:  87%|########7 | 505/578 [01:55<00:15,  4.75it/s]
Extract:  88%|########7 | 507/578 [01:55<00:11,  5.95it/s]
Extract:  88%|########8 | 509/578 [01:55<00:10,  6.41it/s]
Extract:  88%|########8 | 510/578 [01:56<00:11,  5.71it/s]
Extract:  89%|########8 | 512/578 [01:56<00:11,  5.79it/s]
Extract:  89%|########8 | 514/578 [01:56<00:08,  7.37it/s]
Extract:  89%|########9 | 516/578 [01:57<00:13,  4.75it/s]
Extract:  89%|########9 | 517/578 [01:57<00:13,  4.57it/s]
Extract:  90%|########9 | 519/578 [01:57<00:11,  4.92it/s]
Extract:  90%|########9 | 520/578 [01:58<00:14,  3.95it/s]
Extract:  90%|######### | 522/578 [01:58<00:10,  5.35it/s]
Extract:  90%|######### | 523/578 [01:58<00:10,  5.32it/s]
Extract:  91%|######### | 524/578 [01:58<00:09,  5.87it/s]
Extract:  91%|#########1| 526/578 [01:59<00:11,  4.47it/s]
Extract:  91%|#########1| 528/578 [01:59<00:08,  5.81it/s]
Extract:  92%|#########1| 529/578 [01:59<00:08,  6.11it/s]
Extract:  92%|#########1| 530/578 [01:59<00:07,  6.43it/s]
Extract:  92%|#########1| 531/578 [01:59<00:06,  6.88it/s]
Extract:  92%|#########2| 533/578 [02:00<00:05,  7.74it/s]
Extract:  92%|#########2| 534/578 [02:00<00:06,  6.67it/s]
Extract:  93%|#########2| 535/578 [02:00<00:06,  7.02it/s]
Extract:  93%|#########2| 537/578 [02:00<00:05,  7.41it/s]
Extract:  93%|#########3| 538/578 [02:01<00:06,  5.85it/s]
Extract:  93%|#########3| 540/578 [02:01<00:06,  5.80it/s]
Extract:  94%|#########3| 541/578 [02:01<00:06,  5.70it/s]
Extract:  94%|#########3| 543/578 [02:01<00:05,  6.62it/s]
Extract:  94%|#########4| 546/578 [02:02<00:05,  5.78it/s]
Extract:  95%|#########4| 547/578 [02:03<00:08,  3.55it/s]
Extract:  95%|#########4| 549/578 [02:03<00:05,  4.86it/s]
Extract:  95%|#########5| 551/578 [02:03<00:04,  6.03it/s]
Extract:  96%|#########5| 553/578 [02:04<00:05,  4.58it/s]
Extract:  96%|#########5| 554/578 [02:04<00:06,  3.62it/s]
Extract:  96%|#########6| 555/578 [02:05<00:07,  2.90it/s]
Extract:  96%|#########6| 556/578 [02:05<00:07,  3.07it/s]
Extract:  96%|#########6| 557/578 [02:05<00:06,  3.20it/s]
Extract:  97%|#########6| 559/578 [02:05<00:03,  4.87it/s]
Extract:  97%|#########6| 560/578 [02:06<00:04,  4.08it/s]
Extract:  97%|#########7| 561/578 [02:06<00:04,  4.06it/s]
Extract:  98%|#########7| 564/578 [02:07<00:03,  4.44it/s]
Extract:  98%|#########7| 565/578 [02:08<00:05,  2.52it/s]
Extract:  98%|#########7| 566/578 [02:08<00:04,  2.91it/s]
Extract:  98%|#########8| 567/578 [02:08<00:03,  3.18it/s]
Extract:  98%|#########8| 568/578 [02:09<00:03,  2.70it/s]
Extract:  99%|#########8| 570/578 [02:09<00:01,  4.10it/s]
Extract:  99%|#########8| 572/578 [02:09<00:01,  4.96it/s]
Extract:  99%|#########9| 574/578 [02:09<00:00,  6.40it/s]
Extract:  99%|#########9| 575/578 [02:09<00:00,  6.10it/s]
Extract: 100%|#########9| 576/578 [02:10<00:00,  3.54it/s]
Extract: 100%|##########| 578/578 [02:10<00:00,  4.42it/s]

Extract:   0%|          | 0/578 [00:00<?, ?it/s]
Extract:   0%|          | 1/578 [00:00<01:19,  7.30it/s]
Extract:   0%|          | 2/578 [00:00<01:32,  6.24it/s]
Extract:   1%|          | 3/578 [00:00<02:08,  4.47it/s]
Extract:   1%|          | 4/578 [00:01<03:41,  2.59it/s]
Extract:   1%|          | 5/578 [00:01<04:46,  2.00it/s]
Extract:   1%|1         | 6/578 [00:02<04:07,  2.31it/s]
Extract:   1%|1         | 7/578 [00:02<04:32,  2.10it/s]
Extract:   1%|1         | 8/578 [00:03<06:26,  1.48it/s]
Extract:   2%|1         | 9/578 [00:04<05:37,  1.68it/s]
Extract:   2%|1         | 10/578 [00:04<04:40,  2.02it/s]
Extract:   2%|1         | 11/578 [00:04<03:59,  2.36it/s]
Extract:   2%|2         | 12/578 [00:05<04:24,  2.14it/s]
Extract:   2%|2         | 13/578 [00:05<03:33,  2.64it/s]
Extract:   2%|2         | 14/578 [00:06<04:09,  2.26it/s]
Extract:   3%|2         | 15/578 [00:06<04:48,  1.95it/s]
Extract:   3%|2         | 16/578 [00:07<04:09,  2.25it/s]
Extract:   3%|2         | 17/578 [00:07<03:15,  2.87it/s]
Extract:   3%|3         | 18/578 [00:07<02:35,  3.61it/s]
Extract:   3%|3         | 19/578 [00:07<02:45,  3.38it/s]
Extract:   3%|3         | 20/578 [00:07<02:19,  4.00it/s]
Extract:   4%|3         | 21/578 [00:08<04:09,  2.23it/s]
Extract:   4%|3         | 22/578 [00:09<04:24,  2.10it/s]
Extract:   4%|3         | 23/578 [00:09<04:25,  2.09it/s]
Extract:   4%|4         | 24/578 [00:10<04:13,  2.19it/s]
Extract:   4%|4         | 26/578 [00:10<03:30,  2.62it/s]
Extract:   5%|4         | 27/578 [00:11<04:54,  1.87it/s]
Extract:   5%|4         | 28/578 [00:11<03:59,  2.30it/s]
Extract:   5%|5         | 29/578 [00:12<03:32,  2.59it/s]
Extract:   5%|5         | 30/578 [00:12<03:22,  2.70it/s]
Extract:   5%|5         | 31/578 [00:12<03:19,  2.74it/s]
Extract:   6%|5         | 32/578 [00:13<02:51,  3.18it/s]
Extract:   6%|5         | 34/578 [00:13<01:50,  4.92it/s]
Extract:   6%|6         | 35/578 [00:13<01:39,  5.44it/s]
Extract:   6%|6         | 37/578 [00:13<01:47,  5.05it/s]
Extract:   7%|6         | 38/578 [00:14<02:12,  4.07it/s]
Extract:   7%|6         | 40/578 [00:14<01:51,  4.81it/s]
Extract:   7%|7         | 41/578 [00:14<01:56,  4.61it/s]
Extract:   7%|7         | 42/578 [00:15<03:20,  2.67it/s]
Extract:   7%|7         | 43/578 [00:16<04:53,  1.83it/s]
Extract:   8%|7         | 44/578 [00:16<03:49,  2.33it/s]
Extract:   8%|7         | 45/578 [00:16<03:08,  2.83it/s]
Extract:   8%|7         | 46/578 [00:17<02:40,  3.31it/s]
Extract:   8%|8         | 47/578 [00:17<02:38,  3.36it/s]
Extract:   8%|8         | 49/578 [00:17<01:52,  4.71it/s]
Extract:   9%|8         | 50/578 [00:18<03:16,  2.68it/s]
Extract:   9%|8         | 51/578 [00:19<03:47,  2.32it/s]
Extract:   9%|8         | 52/578 [00:19<04:09,  2.11it/s]
Extract:   9%|9         | 54/578 [00:20<03:21,  2.60it/s]
Extract:  10%|9         | 55/578 [00:20<03:24,  2.56it/s]
Extract:  10%|9         | 56/578 [00:20<02:57,  2.94it/s]
Extract:  10%|9         | 57/578 [00:20<02:29,  3.49it/s]
Extract:  10%|#         | 58/578 [00:21<03:25,  2.53it/s]
Extract:  10%|#         | 59/578 [00:21<03:19,  2.60it/s]
Extract:  10%|#         | 60/578 [00:22<04:25,  1.95it/s]
Extract:  11%|#         | 61/578 [00:23<05:58,  1.44it/s]
Extract:  11%|#         | 62/578 [00:24<04:39,  1.84it/s]
Extract:  11%|#1        | 64/578 [00:24<03:58,  2.15it/s]
Extract:  11%|#1        | 65/578 [00:25<04:56,  1.73it/s]
Extract:  11%|#1        | 66/578 [00:25<04:00,  2.13it/s]
Extract:  12%|#1        | 67/578 [00:26<04:47,  1.78it/s]
Extract:  12%|#1        | 69/578 [00:27<03:34,  2.38it/s]
Extract:  12%|#2        | 70/578 [00:27<03:00,  2.81it/s]
Extract:  12%|#2        | 71/578 [00:27<02:39,  3.18it/s]
Extract:  12%|#2        | 72/578 [00:27<02:23,  3.52it/s]
Extract:  13%|#2        | 73/578 [00:28<03:35,  2.35it/s]
Extract:  13%|#2        | 74/578 [00:28<02:54,  2.90it/s]
Extract:  13%|#2        | 75/578 [00:28<02:24,  3.47it/s]
Extract:  13%|#3        | 76/578 [00:29<02:25,  3.44it/s]
Extract:  13%|#3        | 77/578 [00:30<04:20,  1.92it/s]
Extract:  14%|#3        | 79/578 [00:30<02:40,  3.12it/s]
Extract:  14%|#3        | 80/578 [00:30<02:23,  3.48it/s]
Extract:  14%|#4        | 81/578 [00:30<02:09,  3.84it/s]
Extract:  14%|#4        | 82/578 [00:30<01:59,  4.16it/s]
Extract:  14%|#4        | 83/578 [00:31<02:03,  4.02it/s]
Extract:  15%|#4        | 84/578 [00:32<03:15,  2.53it/s]
Extract:  15%|#4        | 85/578 [00:32<02:37,  3.13it/s]
Extract:  15%|#4        | 86/578 [00:32<02:22,  3.45it/s]
Extract:  15%|#5        | 87/578 [00:32<01:56,  4.21it/s]
Extract:  15%|#5        | 88/578 [00:32<01:38,  4.98it/s]
Extract:  15%|#5        | 89/578 [00:33<03:11,  2.55it/s]
Extract:  16%|#5        | 90/578 [00:33<03:27,  2.35it/s]
Extract:  16%|#5        | 91/578 [00:34<04:07,  1.97it/s]
Extract:  16%|#5        | 92/578 [00:35<04:47,  1.69it/s]
Extract:  16%|#6        | 93/578 [00:35<03:41,  2.19it/s]
Extract:  16%|#6        | 94/578 [00:36<03:44,  2.16it/s]
Extract:  16%|#6        | 95/578 [00:36<03:01,  2.67it/s]
Extract:  17%|#6        | 96/578 [00:37<04:25,  1.81it/s]
Extract:  17%|#6        | 97/578 [00:37<03:27,  2.32it/s]
Extract:  17%|#6        | 98/578 [00:37<03:08,  2.55it/s]
Extract:  17%|#7        | 99/578 [00:37<02:34,  3.09it/s]
Extract:  17%|#7        | 100/578 [00:38<03:47,  2.10it/s]
Extract:  17%|#7        | 101/578 [00:38<03:16,  2.43it/s]
Extract:  18%|#7        | 103/578 [00:39<02:07,  3.74it/s]
Extract:  18%|#7        | 104/578 [00:39<01:48,  4.38it/s]
Extract:  18%|#8        | 105/578 [00:39<01:59,  3.97it/s]
Extract:  18%|#8        | 106/578 [00:39<01:41,  4.65it/s]
Extract:  19%|#8        | 107/578 [00:40<02:31,  3.11it/s]
Extract:  19%|#8        | 108/578 [00:40<02:24,  3.25it/s]
Extract:  19%|#9        | 110/578 [00:40<01:56,  4.03it/s]
Extract:  19%|#9        | 111/578 [00:41<01:53,  4.11it/s]
Extract:  20%|#9        | 113/578 [00:41<01:26,  5.38it/s]
Extract:  20%|#9        | 114/578 [00:41<01:23,  5.55it/s]
Extract:  20%|#9        | 115/578 [00:41<01:18,  5.89it/s]
Extract:  20%|##        | 116/578 [00:41<01:45,  4.39it/s]
Extract:  20%|##        | 117/578 [00:42<02:06,  3.63it/s]
Extract:  21%|##        | 120/578 [00:43<02:22,  3.22it/s]
Extract:  21%|##        | 121/578 [00:44<03:08,  2.43it/s]
Extract:  21%|##1       | 122/578 [00:44<02:37,  2.89it/s]
Extract:  21%|##1       | 123/578 [00:44<02:11,  3.45it/s]
Extract:  21%|##1       | 124/578 [00:44<01:56,  3.89it/s]
Extract:  22%|##1       | 125/578 [00:45<02:37,  2.88it/s]
Extract:  22%|##1       | 126/578 [00:45<02:33,  2.95it/s]
Extract:  22%|##2       | 128/578 [00:45<01:55,  3.91it/s]
Extract:  22%|##2       | 130/578 [00:46<01:59,  3.76it/s]
Extract:  23%|##2       | 131/578 [00:47<02:52,  2.59it/s]
Extract:  23%|##2       | 132/578 [00:47<02:26,  3.04it/s]
Extract:  23%|##3       | 133/578 [00:47<02:23,  3.10it/s]
Extract:  23%|##3       | 134/578 [00:47<02:06,  3.51it/s]
Extract:  23%|##3       | 135/578 [00:47<01:48,  4.09it/s]
Extract:  24%|##3       | 136/578 [00:48<01:32,  4.80it/s]
Extract:  24%|##3       | 137/578 [00:48<02:23,  3.08it/s]
Extract:  24%|##3       | 138/578 [00:49<03:00,  2.43it/s]
Extract:  24%|##4       | 139/578 [00:49<02:54,  2.52it/s]
Extract:  25%|##4       | 142/578 [00:49<01:30,  4.84it/s]
Extract:  25%|##5       | 145/578 [00:49<00:57,  7.56it/s]
Extract:  25%|##5       | 147/578 [00:50<01:42,  4.20it/s]
Extract:  26%|##5       | 148/578 [00:51<01:37,  4.39it/s]
Extract:  26%|##5       | 149/578 [00:52<02:40,  2.67it/s]
Extract:  26%|##5       | 150/578 [00:52<02:21,  3.03it/s]
Extract:  26%|##6       | 152/578 [00:52<01:37,  4.38it/s]
Extract:  26%|##6       | 153/578 [00:53<02:25,  2.93it/s]
Extract:  27%|##6       | 154/578 [00:53<02:05,  3.39it/s]
Extract:  27%|##6       | 155/578 [00:53<02:33,  2.75it/s]
Extract:  27%|##7       | 157/578 [00:54<01:43,  4.07it/s]
Extract:  27%|##7       | 158/578 [00:54<01:31,  4.60it/s]
Extract:  28%|##7       | 160/578 [00:54<01:28,  4.71it/s]
Extract:  28%|##8       | 162/578 [00:54<01:05,  6.36it/s]
Extract:  28%|##8       | 163/578 [00:55<01:47,  3.86it/s]
Extract:  28%|##8       | 164/578 [00:55<01:37,  4.25it/s]
Extract:  29%|##8       | 165/578 [00:55<01:32,  4.47it/s]
Extract:  29%|##8       | 166/578 [00:55<01:44,  3.95it/s]
Extract:  29%|##8       | 167/578 [00:56<02:27,  2.80it/s]
Extract:  29%|##9       | 168/578 [00:56<02:04,  3.29it/s]
Extract:  29%|##9       | 169/578 [00:57<02:27,  2.78it/s]
Extract:  29%|##9       | 170/578 [00:57<02:08,  3.17it/s]
Extract:  30%|##9       | 172/578 [00:57<01:50,  3.67it/s]
Extract:  30%|##9       | 173/578 [00:58<02:38,  2.55it/s]
Extract:  30%|###       | 174/578 [00:58<02:15,  2.99it/s]
Extract:  30%|###       | 175/578 [00:58<01:49,  3.68it/s]
Extract:  30%|###       | 176/578 [00:59<01:32,  4.36it/s]
Extract:  31%|###       | 177/578 [00:59<02:19,  2.88it/s]
Extract:  31%|###       | 178/578 [00:59<02:01,  3.30it/s]
Extract:  31%|###       | 179/578 [01:00<01:49,  3.65it/s]
Extract:  31%|###1      | 180/578 [01:00<02:17,  2.88it/s]
Extract:  31%|###1      | 181/578 [01:01<02:35,  2.56it/s]
Extract:  31%|###1      | 182/578 [01:01<02:19,  2.83it/s]
Extract:  32%|###1      | 184/578 [01:01<02:04,  3.18it/s]
Extract:  32%|###2      | 185/578 [01:02<03:12,  2.04it/s]
Extract:  32%|###2      | 186/578 [01:03<02:42,  2.41it/s]
Extract:  33%|###2      | 188/578 [01:03<01:51,  3.51it/s]
Extract:  33%|###2      | 189/578 [01:03<02:14,  2.89it/s]
Extract:  33%|###3      | 191/578 [01:04<02:04,  3.11it/s]
Extract:  33%|###3      | 193/578 [01:04<01:33,  4.14it/s]
Extract:  34%|###3      | 195/578 [01:04<01:13,  5.20it/s]
Extract:  34%|###4      | 197/578 [01:05<01:26,  4.42it/s]
Extract:  34%|###4      | 198/578 [01:05<01:25,  4.42it/s]
Extract:  35%|###4      | 201/578 [01:06<01:27,  4.29it/s]
Extract:  35%|###4      | 202/578 [01:06<01:32,  4.06it/s]
Extract:  35%|###5      | 203/578 [01:07<02:28,  2.53it/s]
Extract:  35%|###5      | 205/578 [01:07<01:42,  3.65it/s]
Extract:  36%|###5      | 206/578 [01:08<01:33,  3.98it/s]
Extract:  36%|###5      | 207/578 [01:08<01:42,  3.63it/s]
Extract:  36%|###6      | 209/578 [01:08<01:17,  4.75it/s]
Extract:  36%|###6      | 210/578 [01:08<01:15,  4.86it/s]
Extract:  37%|###6      | 212/578 [01:09<01:38,  3.72it/s]
Extract:  37%|###6      | 213/578 [01:09<01:33,  3.90it/s]
Extract:  37%|###7      | 215/578 [01:10<01:36,  3.76it/s]
Extract:  38%|###7      | 217/578 [01:10<01:17,  4.63it/s]
Extract:  38%|###8      | 220/578 [01:10<00:56,  6.34it/s]
Extract:  38%|###8      | 221/578 [01:10<00:55,  6.46it/s]
Extract:  39%|###8      | 223/578 [01:11<00:45,  7.73it/s]
Extract:  39%|###8      | 224/578 [01:11<00:44,  7.87it/s]
Extract:  39%|###8      | 225/578 [01:11<01:13,  4.82it/s]
Extract:  39%|###9      | 226/578 [01:12<01:27,  4.00it/s]
Extract:  39%|###9      | 227/578 [01:12<01:24,  4.13it/s]
Extract:  40%|###9      | 229/578 [01:12<01:12,  4.79it/s]
Extract:  40%|###9      | 230/578 [01:13<01:39,  3.51it/s]
Extract:  40%|###9      | 231/578 [01:14<02:27,  2.35it/s]
Extract:  40%|####      | 232/578 [01:14<02:09,  2.68it/s]
Extract:  40%|####      | 233/578 [01:14<01:51,  3.09it/s]
Extract:  40%|####      | 234/578 [01:14<01:38,  3.51it/s]
Extract:  41%|####      | 235/578 [01:14<01:27,  3.92it/s]
Extract:  41%|####      | 236/578 [01:15<01:58,  2.90it/s]
Extract:  41%|####1     | 237/578 [01:15<02:18,  2.46it/s]
Extract:  41%|####1     | 239/578 [01:16<01:27,  3.86it/s]
Extract:  42%|####1     | 240/578 [01:16<01:21,  4.15it/s]
Extract:  42%|####1     | 242/578 [01:16<00:57,  5.86it/s]
Extract:  42%|####2     | 244/578 [01:17<01:12,  4.59it/s]
Extract:  42%|####2     | 245/578 [01:17<01:06,  4.97it/s]
Extract:  43%|####2     | 246/578 [01:17<00:59,  5.58it/s]
Extract:  43%|####2     | 247/578 [01:17<01:27,  3.77it/s]
Extract:  43%|####2     | 248/578 [01:18<01:48,  3.03it/s]
Extract:  43%|####3     | 249/578 [01:18<01:45,  3.12it/s]
Extract:  43%|####3     | 250/578 [01:18<01:32,  3.56it/s]
Extract:  43%|####3     | 251/578 [01:19<01:26,  3.77it/s]
Extract:  44%|####3     | 253/578 [01:19<01:04,  5.02it/s]
Extract:  44%|####4     | 255/578 [01:19<01:10,  4.58it/s]
Extract:  44%|####4     | 256/578 [01:20<01:49,  2.94it/s]
Extract:  44%|####4     | 257/578 [01:21<02:28,  2.16it/s]
Extract:  45%|####4     | 258/578 [01:21<02:03,  2.58it/s]
Extract:  45%|####4     | 259/578 [01:21<01:53,  2.81it/s]
Extract:  45%|####4     | 260/578 [01:22<01:37,  3.27it/s]
Extract:  45%|####5     | 261/578 [01:22<01:28,  3.58it/s]
Extract:  45%|####5     | 262/578 [01:22<02:05,  2.52it/s]
Extract:  46%|####5     | 263/578 [01:23<02:41,  1.95it/s]
Extract:  46%|####5     | 264/578 [01:23<02:07,  2.47it/s]
Extract:  46%|####5     | 265/578 [01:24<02:08,  2.44it/s]
Extract:  46%|####6     | 266/578 [01:24<02:12,  2.35it/s]
Extract:  46%|####6     | 267/578 [01:25<02:42,  1.92it/s]
Extract:  46%|####6     | 268/578 [01:25<02:16,  2.27it/s]
Extract:  47%|####6     | 269/578 [01:26<02:35,  1.99it/s]
Extract:  47%|####6     | 271/578 [01:26<01:36,  3.18it/s]
Extract:  47%|####7     | 273/578 [01:27<02:18,  2.20it/s]
Extract:  47%|####7     | 274/578 [01:29<03:36,  1.41it/s]
Extract:  48%|####7     | 275/578 [01:30<03:57,  1.28it/s]
Extract:  48%|####7     | 276/578 [01:31<03:32,  1.42it/s]
Extract:  48%|####7     | 277/578 [01:31<03:47,  1.32it/s]
Extract:  48%|####8     | 278/578 [01:32<03:14,  1.54it/s]
Extract:  48%|####8     | 279/578 [01:32<02:31,  1.97it/s]
Extract:  48%|####8     | 280/578 [01:34<04:33,  1.09it/s]
Extract:  49%|####8     | 282/578 [01:34<02:45,  1.79it/s]
Extract:  49%|####8     | 283/578 [01:35<02:35,  1.90it/s]
Extract:  49%|####9     | 284/578 [01:35<02:07,  2.30it/s]
Extract:  49%|####9     | 285/578 [01:35<02:05,  2.34it/s]
Extract:  49%|####9     | 286/578 [01:35<02:00,  2.42it/s]
Extract:  50%|####9     | 287/578 [01:36<01:46,  2.74it/s]
Extract:  50%|####9     | 288/578 [01:36<01:33,  3.11it/s]
Extract:  50%|#####     | 289/578 [01:36<01:35,  3.01it/s]
Extract:  50%|#####     | 290/578 [01:37<02:27,  1.95it/s]
Extract:  50%|#####     | 291/578 [01:37<01:57,  2.45it/s]
Extract:  51%|#####     | 293/578 [01:38<01:13,  3.88it/s]
Extract:  51%|#####     | 294/578 [01:38<01:11,  3.95it/s]
Extract:  51%|#####1    | 295/578 [01:39<01:56,  2.42it/s]
Extract:  51%|#####1    | 296/578 [01:39<01:42,  2.76it/s]
Extract:  51%|#####1    | 297/578 [01:40<02:18,  2.03it/s]
Extract:  52%|#####1    | 299/578 [01:40<01:29,  3.11it/s]
Extract:  52%|#####1    | 300/578 [01:40<01:19,  3.48it/s]
Extract:  52%|#####2    | 301/578 [01:41<01:34,  2.93it/s]
Extract:  52%|#####2    | 302/578 [01:41<01:17,  3.57it/s]
Extract:  52%|#####2    | 303/578 [01:41<01:03,  4.34it/s]
Extract:  53%|#####2    | 304/578 [01:42<02:27,  1.85it/s]
Extract:  53%|#####2    | 305/578 [01:43<02:17,  1.99it/s]
Extract:  53%|#####3    | 307/578 [01:43<01:52,  2.42it/s]
Extract:  53%|#####3    | 308/578 [01:44<01:55,  2.35it/s]
Extract:  53%|#####3    | 309/578 [01:45<03:12,  1.40it/s]
Extract:  54%|#####3    | 310/578 [01:46<02:43,  1.64it/s]
Extract:  54%|#####3    | 311/578 [01:46<03:01,  1.47it/s]
Extract:  54%|#####3    | 312/578 [01:47<03:31,  1.26it/s]
Extract:  54%|#####4    | 313/578 [01:48<02:59,  1.48it/s]
Extract:  54%|#####4    | 314/578 [01:48<02:55,  1.51it/s]
Extract:  55%|#####4    | 316/578 [01:49<02:16,  1.93it/s]
Extract:  55%|#####5    | 318/578 [01:50<02:05,  2.07it/s]
Extract:  55%|#####5    | 319/578 [01:50<01:59,  2.18it/s]
Extract:  55%|#####5    | 320/578 [01:51<02:03,  2.09it/s]
Extract:  56%|#####5    | 321/578 [01:51<01:40,  2.56it/s]
Extract:  56%|#####5    | 322/578 [01:51<01:36,  2.65it/s]
Extract:  56%|#####5    | 323/578 [01:52<01:24,  3.03it/s]
Extract:  56%|#####6    | 325/578 [01:52<01:00,  4.21it/s]
Extract:  56%|#####6    | 326/578 [01:52<01:05,  3.83it/s]
Extract:  57%|#####6    | 327/578 [01:52<00:56,  4.48it/s]
Extract:  57%|#####6    | 328/578 [01:53<00:58,  4.28it/s]
Extract:  57%|#####7    | 330/578 [01:53<00:43,  5.67it/s]
Extract:  57%|#####7    | 331/578 [01:53<00:46,  5.31it/s]
Extract:  57%|#####7    | 332/578 [01:53<00:55,  4.44it/s]
Extract:  58%|#####7    | 334/578 [01:53<00:40,  6.07it/s]
Extract:  58%|#####7    | 335/578 [01:54<00:37,  6.40it/s]
Extract:  58%|#####8    | 337/578 [01:54<00:32,  7.38it/s]
Extract:  59%|#####8    | 339/578 [01:54<00:35,  6.74it/s]
Extract:  59%|#####8    | 340/578 [01:54<00:36,  6.50it/s]
Extract:  59%|#####8    | 341/578 [01:55<00:36,  6.42it/s]
Extract:  59%|#####9    | 342/578 [01:55<01:24,  2.79it/s]
Extract:  60%|#####9    | 344/578 [01:56<01:20,  2.90it/s]
Extract:  60%|#####9    | 345/578 [01:56<01:09,  3.36it/s]
Extract:  60%|#####9    | 346/578 [01:56<00:58,  3.94it/s]
Extract:  60%|######    | 347/578 [01:57<00:50,  4.54it/s]
Extract:  60%|######    | 348/578 [01:57<00:45,  5.07it/s]
Extract:  60%|######    | 349/578 [01:57<01:16,  2.98it/s]
Extract:  61%|######    | 350/578 [01:58<01:07,  3.40it/s]
Extract:  61%|######    | 351/578 [01:58<01:35,  2.39it/s]
Extract:  61%|######    | 352/578 [01:58<01:14,  3.04it/s]
Extract:  61%|######1   | 353/578 [01:59<01:11,  3.14it/s]
Extract:  61%|######1   | 355/578 [01:59<00:48,  4.64it/s]
Extract:  62%|######1   | 356/578 [01:59<01:01,  3.59it/s]
Extract:  62%|######1   | 357/578 [02:00<00:58,  3.78it/s]
Extract:  62%|######2   | 359/578 [02:00<00:47,  4.60it/s]
Extract:  62%|######2   | 360/578 [02:00<00:52,  4.17it/s]
Extract:  63%|######2   | 362/578 [02:01<01:05,  3.32it/s]
Extract:  63%|######2   | 363/578 [02:01<00:57,  3.77it/s]
Extract:  63%|######2   | 364/578 [02:01<00:48,  4.43it/s]
Extract:  63%|######3   | 365/578 [02:01<00:47,  4.45it/s]
Extract:  63%|######3   | 366/578 [02:02<00:48,  4.34it/s]
Extract:  63%|######3   | 367/578 [02:02<01:07,  3.13it/s]
Extract:  64%|######3   | 368/578 [02:03<01:05,  3.20it/s]
Extract:  64%|######3   | 369/578 [02:03<01:29,  2.33it/s]
Extract:  64%|######4   | 371/578 [02:03<00:56,  3.69it/s]
Extract:  65%|######4   | 373/578 [02:05<01:21,  2.52it/s]
Extract:  65%|######4   | 374/578 [02:05<01:11,  2.87it/s]
Extract:  65%|######5   | 376/578 [02:05<00:57,  3.49it/s]
Extract:  65%|######5   | 377/578 [02:05<01:01,  3.28it/s]
Extract:  65%|######5   | 378/578 [02:06<00:59,  3.34it/s]
Extract:  66%|######5   | 379/578 [02:06<00:54,  3.67it/s]
Extract:  66%|######5   | 380/578 [02:06<01:05,  3.01it/s]
Extract:  66%|######5   | 381/578 [02:07<00:57,  3.43it/s]
Extract:  66%|######6   | 382/578 [02:07<01:11,  2.74it/s]
Extract:  66%|######6   | 383/578 [02:07<00:58,  3.33it/s]
Extract:  66%|######6   | 384/578 [02:08<01:01,  3.14it/s]
Extract:  67%|######6   | 386/578 [02:08<00:43,  4.40it/s]
Extract:  67%|######6   | 387/578 [02:08<00:45,  4.23it/s]
Extract:  67%|######7   | 388/578 [02:08<00:38,  4.95it/s]
Extract:  67%|######7   | 390/578 [02:08<00:28,  6.69it/s]
Extract:  68%|######7   | 391/578 [02:09<00:30,  6.19it/s]
Extract:  68%|######7   | 392/578 [02:09<00:31,  5.97it/s]
Extract:  68%|######7   | 393/578 [02:09<00:38,  4.81it/s]
Extract:  68%|######8   | 394/578 [02:09<00:39,  4.71it/s]
Extract:  68%|######8   | 395/578 [02:10<00:43,  4.25it/s]
Extract:  69%|######8   | 397/578 [02:10<00:36,  5.00it/s]
Extract:  69%|######8   | 398/578 [02:10<00:32,  5.54it/s]
Extract:  69%|######9   | 399/578 [02:10<00:31,  5.73it/s]
Extract:  69%|######9   | 401/578 [02:10<00:24,  7.30it/s]
Extract:  70%|######9   | 403/578 [02:11<00:20,  8.44it/s]
Extract:  70%|#######   | 405/578 [02:11<00:19,  8.85it/s]
Extract:  70%|#######   | 406/578 [02:11<00:25,  6.75it/s]
Extract:  70%|#######   | 407/578 [02:12<00:35,  4.88it/s]
Extract:  71%|#######   | 408/578 [02:12<00:56,  3.03it/s]
Extract:  71%|#######   | 410/578 [02:13<00:42,  3.93it/s]
Extract:  71%|#######1  | 412/578 [02:13<00:34,  4.84it/s]
Extract:  71%|#######1  | 413/578 [02:13<00:39,  4.21it/s]
Extract:  72%|#######1  | 415/578 [02:13<00:30,  5.27it/s]
Extract:  72%|#######1  | 416/578 [02:14<00:32,  4.93it/s]
Extract:  72%|#######2  | 418/578 [02:14<00:36,  4.33it/s]
Extract:  72%|#######2  | 419/578 [02:14<00:39,  4.07it/s]
Extract:  73%|#######2  | 421/578 [02:15<00:44,  3.50it/s]
Extract:  73%|#######3  | 424/578 [02:16<00:47,  3.26it/s]
Extract:  74%|#######3  | 425/578 [02:17<00:51,  2.96it/s]
Extract:  74%|#######3  | 426/578 [02:17<00:44,  3.39it/s]
Extract:  74%|#######3  | 427/578 [02:17<00:55,  2.74it/s]
Extract:  74%|#######4  | 428/578 [02:18<01:07,  2.24it/s]
Extract:  74%|#######4  | 429/578 [02:19<01:10,  2.11it/s]
Extract:  75%|#######4  | 431/578 [02:19<00:48,  3.02it/s]
Extract:  75%|#######4  | 432/578 [02:19<00:45,  3.24it/s]
Extract:  75%|#######4  | 433/578 [02:19<00:37,  3.83it/s]
Extract:  75%|#######5  | 434/578 [02:20<00:49,  2.89it/s]
Extract:  75%|#######5  | 435/578 [02:20<00:43,  3.32it/s]
Extract:  76%|#######5  | 437/578 [02:20<00:33,  4.23it/s]
Extract:  76%|#######5  | 438/578 [02:21<00:33,  4.19it/s]
Extract:  76%|#######5  | 439/578 [02:21<00:37,  3.72it/s]
Extract:  76%|#######6  | 441/578 [02:22<00:39,  3.43it/s]
Extract:  76%|#######6  | 442/578 [02:22<00:35,  3.86it/s]
Extract:  77%|#######6  | 443/578 [02:22<00:30,  4.46it/s]
Extract:  77%|#######6  | 444/578 [02:22<00:27,  4.86it/s]
Extract:  77%|#######6  | 445/578 [02:23<00:51,  2.61it/s]
Extract:  77%|#######7  | 447/578 [02:23<00:33,  3.95it/s]
Extract:  78%|#######7  | 449/578 [02:23<00:24,  5.31it/s]
Extract:  78%|#######7  | 450/578 [02:24<00:37,  3.40it/s]
Extract:  78%|#######8  | 451/578 [02:25<00:51,  2.47it/s]
Extract:  78%|#######8  | 452/578 [02:25<00:43,  2.88it/s]
Extract:  79%|#######8  | 454/578 [02:25<00:31,  4.00it/s]
Extract:  79%|#######8  | 455/578 [02:25<00:27,  4.54it/s]
Extract:  79%|#######8  | 456/578 [02:25<00:23,  5.22it/s]
Extract:  79%|#######9  | 458/578 [02:27<00:49,  2.45it/s]
Extract:  80%|#######9  | 460/578 [02:27<00:32,  3.60it/s]
Extract:  80%|#######9  | 461/578 [02:27<00:31,  3.77it/s]
Extract:  80%|#######9  | 462/578 [02:27<00:26,  4.35it/s]
Extract:  80%|########  | 463/578 [02:28<00:32,  3.51it/s]
Extract:  80%|########  | 465/578 [02:28<00:22,  5.02it/s]
Extract:  81%|########  | 466/578 [02:28<00:25,  4.44it/s]
Extract:  81%|########  | 467/578 [02:28<00:29,  3.71it/s]
Extract:  81%|########  | 468/578 [02:29<00:42,  2.58it/s]
Extract:  81%|########1 | 469/578 [02:29<00:35,  3.08it/s]
Extract:  81%|########1 | 470/578 [02:30<00:38,  2.83it/s]
Extract:  81%|########1 | 471/578 [02:30<00:41,  2.60it/s]
Extract:  82%|########1 | 472/578 [02:31<00:41,  2.57it/s]
Extract:  82%|########1 | 473/578 [02:31<00:40,  2.59it/s]
Extract:  82%|########2 | 474/578 [02:31<00:39,  2.66it/s]
Extract:  82%|########2 | 475/578 [02:32<00:32,  3.15it/s]
Extract:  82%|########2 | 476/578 [02:32<00:46,  2.22it/s]
Extract:  83%|########2 | 477/578 [02:33<00:38,  2.64it/s]
Extract:  83%|########2 | 478/578 [02:33<00:31,  3.22it/s]
Extract:  83%|########2 | 479/578 [02:33<00:35,  2.81it/s]
Extract:  83%|########3 | 480/578 [02:33<00:28,  3.40it/s]
Extract:  83%|########3 | 481/578 [02:34<00:26,  3.60it/s]
Extract:  83%|########3 | 482/578 [02:34<00:21,  4.41it/s]
Extract:  84%|########3 | 483/578 [02:34<00:18,  5.25it/s]
Extract:  84%|########3 | 484/578 [02:34<00:15,  6.04it/s]
Extract:  84%|########4 | 486/578 [02:34<00:12,  7.59it/s]
Extract:  84%|########4 | 487/578 [02:34<00:15,  5.80it/s]
Extract:  84%|########4 | 488/578 [02:34<00:14,  6.09it/s]
Extract:  85%|########4 | 489/578 [02:36<00:38,  2.30it/s]
Extract:  85%|########4 | 490/578 [02:36<00:34,  2.52it/s]
Extract:  85%|########4 | 491/578 [02:36<00:33,  2.61it/s]
Extract:  85%|########5 | 492/578 [02:37<00:34,  2.52it/s]
Extract:  85%|########5 | 493/578 [02:37<00:30,  2.75it/s]
Extract:  85%|########5 | 494/578 [02:37<00:28,  3.00it/s]
Extract:  86%|########5 | 496/578 [02:37<00:17,  4.59it/s]
Extract:  86%|########6 | 498/578 [02:38<00:22,  3.63it/s]
Extract:  87%|########6 | 500/578 [02:38<00:15,  5.11it/s]
Extract:  87%|########6 | 501/578 [02:38<00:14,  5.48it/s]
Extract:  87%|########7 | 503/578 [02:39<00:10,  7.42it/s]
Extract:  87%|########7 | 505/578 [02:41<00:34,  2.11it/s]
Extract:  88%|########7 | 507/578 [02:41<00:25,  2.81it/s]
Extract:  88%|########7 | 508/578 [02:41<00:24,  2.83it/s]
Extract:  88%|########8 | 510/578 [02:42<00:25,  2.64it/s]
Extract:  88%|########8 | 511/578 [02:42<00:23,  2.81it/s]
Extract:  89%|########8 | 512/578 [02:43<00:24,  2.74it/s]
Extract:  89%|########8 | 514/578 [02:43<00:16,  3.86it/s]
Extract:  89%|########9 | 515/578 [02:43<00:17,  3.51it/s]
Extract:  89%|########9 | 516/578 [02:44<00:24,  2.49it/s]
Extract:  89%|########9 | 517/578 [02:44<00:22,  2.69it/s]
Extract:  90%|########9 | 518/578 [02:45<00:18,  3.29it/s]
Extract:  90%|########9 | 519/578 [02:45<00:18,  3.24it/s]
Extract:  90%|########9 | 520/578 [02:45<00:15,  3.82it/s]
Extract:  90%|######### | 522/578 [02:45<00:10,  5.22it/s]
Extract:  90%|######### | 523/578 [02:46<00:11,  4.79it/s]
Extract:  91%|######### | 524/578 [02:46<00:10,  5.00it/s]
Extract:  91%|######### | 525/578 [02:46<00:09,  5.78it/s]
Extract:  91%|#########1| 526/578 [02:46<00:14,  3.60it/s]
Extract:  91%|#########1| 528/578 [02:47<00:09,  5.16it/s]
Extract:  92%|#########1| 529/578 [02:47<00:09,  5.15it/s]
Extract:  92%|#########1| 530/578 [02:47<00:08,  5.47it/s]
Extract:  92%|#########1| 531/578 [02:47<00:09,  5.08it/s]
Extract:  92%|#########2| 532/578 [02:47<00:09,  5.08it/s]
Extract:  92%|#########2| 533/578 [02:47<00:08,  5.51it/s]
Extract:  92%|#########2| 534/578 [02:48<00:09,  4.50it/s]
Extract:  93%|#########2| 535/578 [02:48<00:08,  4.85it/s]
Extract:  93%|#########2| 537/578 [02:48<00:08,  4.98it/s]
Extract:  93%|#########3| 538/578 [02:49<00:10,  3.93it/s]
Extract:  93%|#########3| 539/578 [02:49<00:08,  4.40it/s]
Extract:  93%|#########3| 540/578 [02:50<00:12,  2.95it/s]
Extract:  94%|#########3| 541/578 [02:50<00:12,  3.03it/s]
Extract:  94%|#########3| 542/578 [02:50<00:09,  3.77it/s]
Extract:  94%|#########3| 543/578 [02:51<00:13,  2.69it/s]
Extract:  94%|#########4| 545/578 [02:51<00:07,  4.31it/s]
Extract:  94%|#########4| 546/578 [02:52<00:12,  2.65it/s]
Extract:  95%|#########4| 547/578 [02:52<00:14,  2.09it/s]
Extract:  95%|#########4| 549/578 [02:52<00:08,  3.34it/s]
Extract:  95%|#########5| 551/578 [02:53<00:05,  4.59it/s]
Extract:  96%|#########5| 553/578 [02:53<00:06,  3.85it/s]
Extract:  96%|#########5| 554/578 [02:54<00:08,  2.88it/s]
Extract:  96%|#########6| 555/578 [02:56<00:15,  1.44it/s]
Extract:  96%|#########6| 556/578 [02:56<00:13,  1.64it/s]
Extract:  96%|#########6| 557/578 [02:57<00:11,  1.82it/s]
Extract:  97%|#########6| 559/578 [02:57<00:06,  2.84it/s]
Extract:  97%|#########6| 560/578 [02:58<00:08,  2.21it/s]
Extract:  97%|#########7| 561/578 [02:58<00:07,  2.35it/s]
Extract:  97%|#########7| 563/578 [02:58<00:04,  3.69it/s]
Extract:  98%|#########7| 564/578 [02:59<00:05,  2.56it/s]
Extract:  98%|#########7| 565/578 [02:59<00:06,  2.10it/s]
Extract:  98%|#########7| 566/578 [03:00<00:04,  2.53it/s]
Extract:  98%|#########8| 567/578 [03:00<00:03,  2.76it/s]
Extract:  98%|#########8| 568/578 [03:01<00:04,  2.15it/s]
Extract:  99%|#########8| 570/578 [03:01<00:02,  3.29it/s]
Extract:  99%|#########8| 572/578 [03:01<00:01,  4.01it/s]
Extract:  99%|#########9| 573/578 [03:01<00:01,  4.54it/s]
Extract:  99%|#########9| 575/578 [03:02<00:00,  5.07it/s]
Extract: 100%|#########9| 576/578 [03:02<00:00,  3.10it/s]
Extract: 100%|##########| 578/578 [03:03<00:00,  4.53it/s]
Extract: 100%|##########| 578/578 [03:03<00:00,  3.16it/s]

Extract:   0%|          | 0/578 [00:00<?, ?it/s]
Extract:   0%|          | 2/578 [00:00<00:42, 13.61it/s]
Extract:   1%|          | 4/578 [00:00<01:08,  8.42it/s]
Extract:   1%|          | 5/578 [00:00<01:11,  8.03it/s]
Extract:   1%|1         | 7/578 [00:00<01:19,  7.14it/s]
Extract:   1%|1         | 8/578 [00:01<01:50,  5.15it/s]
Extract:   2%|1         | 9/578 [00:01<02:09,  4.40it/s]
Extract:   2%|1         | 10/578 [00:01<02:01,  4.68it/s]
Extract:   2%|1         | 11/578 [00:01<01:58,  4.78it/s]
Extract:   2%|2         | 12/578 [00:02<02:38,  3.56it/s]
Extract:   2%|2         | 13/578 [00:02<02:15,  4.16it/s]
Extract:   2%|2         | 14/578 [00:03<02:52,  3.27it/s]
Extract:   3%|2         | 15/578 [00:03<03:31,  2.66it/s]
Extract:   3%|2         | 16/578 [00:03<02:53,  3.24it/s]
Extract:   3%|3         | 18/578 [00:03<01:46,  5.25it/s]
Extract:   3%|3         | 20/578 [00:03<01:22,  6.72it/s]
Extract:   4%|3         | 21/578 [00:04<02:11,  4.24it/s]
Extract:   4%|3         | 22/578 [00:04<02:01,  4.57it/s]
Extract:   4%|3         | 23/578 [00:04<02:10,  4.26it/s]
Extract:   4%|4         | 24/578 [00:05<01:55,  4.80it/s]
Extract:   4%|4         | 26/578 [00:05<01:20,  6.90it/s]
Extract:   5%|4         | 27/578 [00:05<02:08,  4.30it/s]
Extract:   5%|5         | 29/578 [00:05<01:40,  5.46it/s]
Extract:   5%|5         | 30/578 [00:06<02:30,  3.64it/s]
Extract:   5%|5         | 31/578 [00:06<02:34,  3.54it/s]
Extract:   6%|5         | 32/578 [00:06<02:10,  4.18it/s]
Extract:   6%|6         | 35/578 [00:07<01:20,  6.79it/s]
Extract:   6%|6         | 37/578 [00:07<01:17,  6.96it/s]
Extract:   7%|6         | 38/578 [00:07<01:18,  6.87it/s]
Extract:   7%|6         | 40/578 [00:07<01:12,  7.38it/s]
Extract:   7%|7         | 41/578 [00:07<01:11,  7.56it/s]
Extract:   7%|7         | 42/578 [00:08<01:58,  4.52it/s]
Extract:   7%|7         | 43/578 [00:09<02:41,  3.32it/s]
Extract:   8%|7         | 45/578 [00:09<01:49,  4.88it/s]
Extract:   8%|8         | 47/578 [00:09<01:44,  5.07it/s]
Extract:   8%|8         | 49/578 [00:09<01:24,  6.25it/s]
Extract:   9%|8         | 50/578 [00:10<01:52,  4.69it/s]
Extract:   9%|8         | 51/578 [00:10<02:12,  3.98it/s]
Extract:   9%|8         | 52/578 [00:10<02:29,  3.52it/s]
Extract:   9%|9         | 54/578 [00:11<02:12,  3.96it/s]
Extract:  10%|9         | 55/578 [00:11<02:19,  3.76it/s]
Extract:  10%|9         | 56/578 [00:11<02:03,  4.21it/s]
Extract:  10%|#         | 58/578 [00:12<01:52,  4.62it/s]
Extract:  10%|#         | 59/578 [00:12<02:11,  3.96it/s]
Extract:  10%|#         | 60/578 [00:13<02:39,  3.25it/s]
Extract:  11%|#         | 61/578 [00:13<02:54,  2.96it/s]
Extract:  11%|#         | 62/578 [00:13<02:28,  3.46it/s]
Extract:  11%|#1        | 64/578 [00:14<02:09,  3.95it/s]
Extract:  11%|#1        | 65/578 [00:14<02:41,  3.17it/s]
Extract:  11%|#1        | 66/578 [00:14<02:15,  3.77it/s]
Extract:  12%|#1        | 67/578 [00:15<03:12,  2.66it/s]
Extract:  12%|#1        | 69/578 [00:15<02:23,  3.55it/s]
Extract:  12%|#2        | 71/578 [00:15<01:56,  4.36it/s]
Extract:  12%|#2        | 72/578 [00:16<01:49,  4.62it/s]
Extract:  13%|#2        | 73/578 [00:16<02:33,  3.29it/s]
Extract:  13%|#2        | 75/578 [00:16<01:53,  4.44it/s]
Extract:  13%|#3        | 76/578 [00:17<01:48,  4.62it/s]
Extract:  13%|#3        | 77/578 [00:17<02:13,  3.76it/s]
Extract:  14%|#3        | 79/578 [00:17<01:31,  5.47it/s]
Extract:  14%|#4        | 81/578 [00:17<01:18,  6.37it/s]
Extract:  14%|#4        | 82/578 [00:18<01:17,  6.44it/s]
Extract:  14%|#4        | 83/578 [00:18<01:17,  6.35it/s]
Extract:  15%|#4        | 84/578 [00:18<02:10,  3.79it/s]
Extract:  15%|#4        | 86/578 [00:19<01:40,  4.90it/s]
Extract:  15%|#5        | 88/578 [00:19<01:16,  6.39it/s]
Extract:  15%|#5        | 89/578 [00:19<01:43,  4.72it/s]
Extract:  16%|#5        | 90/578 [00:19<01:41,  4.79it/s]
Extract:  16%|#5        | 91/578 [00:20<02:22,  3.41it/s]
Extract:  16%|#5        | 92/578 [00:21<03:12,  2.52it/s]
Extract:  16%|#6        | 93/578 [00:21<02:38,  3.06it/s]
Extract:  16%|#6        | 94/578 [00:21<02:30,  3.21it/s]
Extract:  17%|#6        | 96/578 [00:21<02:17,  3.51it/s]
Extract:  17%|#6        | 97/578 [00:22<02:01,  3.95it/s]
Extract:  17%|#6        | 98/578 [00:22<02:01,  3.96it/s]
Extract:  17%|#7        | 99/578 [00:22<01:45,  4.53it/s]
Extract:  17%|#7        | 100/578 [00:22<01:55,  4.13it/s]
Extract:  17%|#7        | 101/578 [00:22<01:45,  4.54it/s]
Extract:  18%|#7        | 103/578 [00:23<01:11,  6.67it/s]
Extract:  18%|#8        | 105/578 [00:23<01:26,  5.49it/s]
Extract:  18%|#8        | 106/578 [00:23<01:29,  5.26it/s]
Extract:  19%|#8        | 107/578 [00:24<02:41,  2.91it/s]
Extract:  19%|#8        | 108/578 [00:24<02:40,  2.93it/s]
Extract:  19%|#9        | 110/578 [00:25<01:57,  4.00it/s]
Extract:  19%|#9        | 111/578 [00:25<01:45,  4.42it/s]
Extract:  20%|#9        | 113/578 [00:25<01:16,  6.10it/s]
Extract:  20%|#9        | 114/578 [00:25<01:13,  6.35it/s]
Extract:  20%|#9        | 115/578 [00:25<01:08,  6.81it/s]
Extract:  20%|##        | 116/578 [00:25<01:21,  5.67it/s]
Extract:  20%|##        | 117/578 [00:26<01:56,  3.95it/s]
Extract:  21%|##        | 119/578 [00:26<01:16,  6.04it/s]
Extract:  21%|##        | 120/578 [00:27<02:01,  3.76it/s]
Extract:  21%|##        | 121/578 [00:27<02:46,  2.75it/s]
Extract:  21%|##1       | 123/578 [00:27<01:52,  4.05it/s]
Extract:  22%|##1       | 125/578 [00:28<01:52,  4.03it/s]
Extract:  22%|##1       | 126/578 [00:28<01:46,  4.23it/s]
Extract:  22%|##2       | 128/578 [00:28<01:23,  5.42it/s]
Extract:  22%|##2       | 130/578 [00:29<01:21,  5.53it/s]
Extract:  23%|##2       | 131/578 [00:29<01:46,  4.19it/s]
Extract:  23%|##2       | 132/578 [00:29<01:46,  4.17it/s]
Extract:  23%|##3       | 133/578 [00:30<01:46,  4.19it/s]
Extract:  23%|##3       | 134/578 [00:30<01:38,  4.52it/s]
Extract:  23%|##3       | 135/578 [00:30<01:39,  4.45it/s]
Extract:  24%|##3       | 136/578 [00:30<01:29,  4.93it/s]
Extract:  24%|##3       | 137/578 [00:31<02:00,  3.67it/s]
Extract:  24%|##3       | 138/578 [00:31<02:26,  3.00it/s]
Extract:  24%|##4       | 139/578 [00:31<02:21,  3.11it/s]
Extract:  24%|##4       | 141/578 [00:32<01:29,  4.90it/s]
Extract:  25%|##4       | 143/578 [00:32<01:03,  6.84it/s]
Extract:  25%|##5       | 145/578 [00:32<00:49,  8.76it/s]
Extract:  25%|##5       | 147/578 [00:33<01:30,  4.77it/s]
Extract:  26%|##5       | 148/578 [00:33<01:26,  4.97it/s]
Extract:  26%|##5       | 149/578 [00:33<02:07,  3.37it/s]
Extract:  26%|##5       | 150/578 [00:34<01:55,  3.70it/s]
Extract:  26%|##6       | 152/578 [00:34<01:19,  5.37it/s]
Extract:  26%|##6       | 153/578 [00:34<01:45,  4.03it/s]
Extract:  27%|##6       | 154/578 [00:34<01:31,  4.65it/s]
Extract:  27%|##6       | 155/578 [00:34<01:35,  4.45it/s]
Extract:  27%|##7       | 158/578 [00:35<00:55,  7.54it/s]
Extract:  28%|##7       | 160/578 [00:35<01:01,  6.75it/s]
Extract:  28%|##8       | 163/578 [00:36<01:15,  5.53it/s]
Extract:  28%|##8       | 164/578 [00:36<01:10,  5.88it/s]
Extract:  29%|##8       | 165/578 [00:36<01:08,  6.05it/s]
Extract:  29%|##8       | 166/578 [00:36<01:04,  6.43it/s]
Extract:  29%|##8       | 167/578 [00:36<01:27,  4.72it/s]
Extract:  29%|##9       | 168/578 [00:37<01:19,  5.15it/s]
Extract:  29%|##9       | 169/578 [00:37<01:13,  5.60it/s]
Extract:  29%|##9       | 170/578 [00:37<01:10,  5.79it/s]
Extract:  30%|##9       | 172/578 [00:37<01:10,  5.72it/s]
Extract:  30%|##9       | 173/578 [00:38<01:59,  3.38it/s]
Extract:  30%|###       | 174/578 [00:38<01:44,  3.86it/s]
Extract:  30%|###       | 175/578 [00:38<01:28,  4.53it/s]
Extract:  30%|###       | 176/578 [00:38<01:15,  5.31it/s]
Extract:  31%|###       | 177/578 [00:39<01:51,  3.59it/s]
Extract:  31%|###       | 178/578 [00:39<01:41,  3.92it/s]
Extract:  31%|###       | 179/578 [00:39<01:31,  4.37it/s]
Extract:  31%|###1      | 180/578 [00:40<01:49,  3.63it/s]
Extract:  31%|###1      | 181/578 [00:40<02:12,  2.99it/s]
Extract:  31%|###1      | 182/578 [00:40<02:03,  3.20it/s]
Extract:  32%|###1      | 184/578 [00:41<01:54,  3.44it/s]
Extract:  32%|###2      | 185/578 [00:41<02:12,  2.96it/s]
Extract:  32%|###2      | 186/578 [00:41<01:56,  3.35it/s]
Extract:  33%|###2      | 188/578 [00:42<01:35,  4.08it/s]
Extract:  33%|###2      | 189/578 [00:42<02:08,  3.03it/s]
Extract:  33%|###3      | 191/578 [00:43<02:00,  3.22it/s]
Extract:  33%|###3      | 192/578 [00:43<01:44,  3.69it/s]
Extract:  33%|###3      | 193/578 [00:43<01:30,  4.25it/s]
Extract:  34%|###3      | 195/578 [00:43<01:07,  5.67it/s]
Extract:  34%|###4      | 197/578 [00:44<01:31,  4.18it/s]
Extract:  34%|###4      | 198/578 [00:44<01:31,  4.15it/s]
Extract:  35%|###4      | 201/578 [00:45<01:28,  4.27it/s]
Extract:  35%|###4      | 202/578 [00:45<01:30,  4.17it/s]
Extract:  35%|###5      | 203/578 [00:46<01:49,  3.42it/s]
Extract:  35%|###5      | 205/578 [00:46<01:19,  4.69it/s]
Extract:  36%|###5      | 206/578 [00:46<01:17,  4.80it/s]
Extract:  36%|###5      | 207/578 [00:46<01:25,  4.35it/s]
Extract:  36%|###6      | 209/578 [00:47<01:14,  4.97it/s]
Extract:  36%|###6      | 210/578 [00:47<01:12,  5.08it/s]
Extract:  37%|###6      | 212/578 [00:47<01:18,  4.67it/s]
Extract:  37%|###6      | 213/578 [00:48<01:14,  4.87it/s]
Extract:  37%|###7      | 215/578 [00:48<01:22,  4.43it/s]
Extract:  38%|###7      | 217/578 [00:48<01:11,  5.04it/s]
Extract:  38%|###7      | 219/578 [00:49<00:53,  6.67it/s]
Extract:  38%|###8      | 220/578 [00:49<00:52,  6.84it/s]
Extract:  38%|###8      | 221/578 [00:49<00:49,  7.21it/s]
Extract:  39%|###8      | 223/578 [00:49<00:40,  8.76it/s]
Extract:  39%|###8      | 225/578 [00:49<01:00,  5.87it/s]
Extract:  39%|###9      | 226/578 [00:50<01:10,  5.02it/s]
Extract:  39%|###9      | 227/578 [00:50<01:07,  5.22it/s]
Extract:  40%|###9      | 229/578 [00:50<01:00,  5.74it/s]
Extract:  40%|###9      | 230/578 [00:51<01:18,  4.44it/s]
Extract:  40%|###9      | 231/578 [00:51<01:21,  4.24it/s]
Extract:  40%|####      | 232/578 [00:51<01:18,  4.39it/s]
Extract:  40%|####      | 233/578 [00:51<01:14,  4.65it/s]
Extract:  40%|####      | 234/578 [00:52<01:11,  4.79it/s]
Extract:  41%|####      | 235/578 [00:52<01:05,  5.22it/s]
Extract:  41%|####      | 236/578 [00:52<01:32,  3.68it/s]
Extract:  41%|####1     | 237/578 [00:53<01:52,  3.02it/s]
Extract:  41%|####1     | 239/578 [00:53<01:13,  4.59it/s]
Extract:  42%|####1     | 240/578 [00:53<01:15,  4.45it/s]
Extract:  42%|####1     | 242/578 [00:53<00:55,  6.06it/s]
Extract:  42%|####2     | 244/578 [00:54<01:06,  5.04it/s]
Extract:  42%|####2     | 245/578 [00:54<01:00,  5.52it/s]
Extract:  43%|####2     | 247/578 [00:54<00:59,  5.52it/s]
Extract:  43%|####2     | 248/578 [00:54<01:03,  5.16it/s]
Extract:  43%|####3     | 249/578 [00:55<00:59,  5.51it/s]
Extract:  43%|####3     | 250/578 [00:55<00:58,  5.59it/s]
Extract:  43%|####3     | 251/578 [00:55<00:54,  6.01it/s]
Extract:  44%|####3     | 253/578 [00:55<00:42,  7.65it/s]
Extract:  44%|####4     | 255/578 [00:55<00:42,  7.51it/s]
Extract:  44%|####4     | 256/578 [00:56<01:07,  4.80it/s]
Extract:  44%|####4     | 257/578 [00:56<01:01,  5.24it/s]
Extract:  45%|####4     | 258/578 [00:56<01:02,  5.16it/s]
Extract:  45%|####4     | 259/578 [00:56<00:54,  5.84it/s]
Extract:  45%|####5     | 261/578 [00:56<00:42,  7.44it/s]
Extract:  45%|####5     | 262/578 [00:57<00:50,  6.23it/s]
Extract:  46%|####5     | 263/578 [00:57<01:08,  4.59it/s]
Extract:  46%|####5     | 264/578 [00:57<01:00,  5.22it/s]
Extract:  46%|####5     | 265/578 [00:57<01:03,  4.95it/s]
Extract:  46%|####6     | 266/578 [00:58<01:05,  4.80it/s]
Extract:  46%|####6     | 267/578 [00:58<01:19,  3.89it/s]
Extract:  46%|####6     | 268/578 [00:58<01:07,  4.58it/s]
Extract:  47%|####6     | 269/578 [00:59<01:32,  3.32it/s]
Extract:  47%|####6     | 271/578 [00:59<01:00,  5.07it/s]
Extract:  47%|####7     | 273/578 [00:59<01:16,  3.99it/s]
Extract:  47%|####7     | 274/578 [01:00<01:28,  3.44it/s]
Extract:  48%|####7     | 275/578 [01:00<01:33,  3.24it/s]
Extract:  48%|####7     | 276/578 [01:00<01:30,  3.35it/s]
Extract:  48%|####7     | 277/578 [01:01<01:18,  3.82it/s]
Extract:  48%|####8     | 280/578 [01:01<01:01,  4.83it/s]
Extract:  49%|####8     | 282/578 [01:02<01:00,  4.91it/s]
Extract:  49%|####8     | 283/578 [01:02<01:07,  4.39it/s]
Extract:  49%|####9     | 284/578 [01:02<01:02,  4.68it/s]
Extract:  49%|####9     | 285/578 [01:02<01:04,  4.55it/s]
Extract:  49%|####9     | 286/578 [01:02<01:06,  4.38it/s]
Extract:  50%|####9     | 287/578 [01:03<00:58,  4.99it/s]
Extract:  50%|####9     | 288/578 [01:03<00:51,  5.60it/s]
Extract:  50%|#####     | 289/578 [01:03<00:53,  5.37it/s]
Extract:  50%|#####     | 290/578 [01:03<01:21,  3.53it/s]
Extract:  50%|#####     | 291/578 [01:04<01:07,  4.25it/s]
Extract:  51%|#####     | 293/578 [01:04<00:45,  6.23it/s]
Extract:  51%|#####     | 294/578 [01:04<00:47,  5.92it/s]
Extract:  51%|#####1    | 295/578 [01:05<01:20,  3.50it/s]
Extract:  51%|#####1    | 296/578 [01:05<01:09,  4.05it/s]
Extract:  51%|#####1    | 297/578 [01:05<01:27,  3.22it/s]
Extract:  52%|#####1    | 299/578 [01:05<01:00,  4.62it/s]
Extract:  52%|#####1    | 300/578 [01:05<00:54,  5.10it/s]
Extract:  52%|#####2    | 301/578 [01:06<01:04,  4.27it/s]
Extract:  52%|#####2    | 303/578 [01:06<00:46,  5.98it/s]
Extract:  53%|#####2    | 304/578 [01:07<01:15,  3.63it/s]
Extract:  53%|#####2    | 305/578 [01:07<01:11,  3.83it/s]
Extract:  53%|#####3    | 307/578 [01:07<01:10,  3.87it/s]
Extract:  53%|#####3    | 308/578 [01:08<01:21,  3.31it/s]
Extract:  53%|#####3    | 309/578 [01:08<01:40,  2.68it/s]
Extract:  54%|#####3    | 310/578 [01:09<01:28,  3.03it/s]
Extract:  54%|#####3    | 311/578 [01:09<01:44,  2.55it/s]
Extract:  54%|#####3    | 312/578 [01:10<01:55,  2.31it/s]
Extract:  54%|#####4    | 313/578 [01:10<01:33,  2.83it/s]
Extract:  54%|#####4    | 314/578 [01:10<01:34,  2.79it/s]
Extract:  55%|#####4    | 316/578 [01:11<01:24,  3.10it/s]
Extract:  55%|#####5    | 318/578 [01:11<01:17,  3.34it/s]
Extract:  55%|#####5    | 319/578 [01:12<01:12,  3.58it/s]
Extract:  55%|#####5    | 320/578 [01:12<01:16,  3.38it/s]
Extract:  56%|#####5    | 321/578 [01:12<01:04,  3.99it/s]
Extract:  56%|#####5    | 322/578 [01:12<01:08,  3.74it/s]
Extract:  56%|#####5    | 323/578 [01:12<01:04,  3.98it/s]
Extract:  56%|#####6    | 325/578 [01:13<00:46,  5.42it/s]
Extract:  56%|#####6    | 326/578 [01:13<00:53,  4.70it/s]
Extract:  57%|#####6    | 327/578 [01:13<00:49,  5.11it/s]
Extract:  57%|#####6    | 328/578 [01:13<00:48,  5.14it/s]
Extract:  57%|#####7    | 330/578 [01:14<00:39,  6.32it/s]
Extract:  57%|#####7    | 331/578 [01:14<00:43,  5.71it/s]
Extract:  57%|#####7    | 332/578 [01:14<01:01,  3.99it/s]
Extract:  58%|#####7    | 334/578 [01:14<00:42,  5.73it/s]
Extract:  58%|#####7    | 335/578 [01:15<00:39,  6.19it/s]
Extract:  58%|#####8    | 337/578 [01:15<00:35,  6.77it/s]
Extract:  58%|#####8    | 338/578 [01:15<00:34,  7.03it/s]
Extract:  59%|#####8    | 339/578 [01:15<00:42,  5.61it/s]
Extract:  59%|#####8    | 340/578 [01:15<00:44,  5.33it/s]
Extract:  59%|#####8    | 341/578 [01:16<00:41,  5.68it/s]
Extract:  59%|#####9    | 342/578 [01:16<00:46,  5.07it/s]
Extract:  60%|#####9    | 344/578 [01:16<00:48,  4.80it/s]
Extract:  60%|#####9    | 345/578 [01:16<00:44,  5.21it/s]
Extract:  60%|#####9    | 346/578 [01:16<00:39,  5.91it/s]
Extract:  60%|######    | 348/578 [01:17<00:32,  7.12it/s]
Extract:  60%|######    | 349/578 [01:17<00:53,  4.30it/s]
Extract:  61%|######    | 350/578 [01:17<00:49,  4.60it/s]
Extract:  61%|######    | 351/578 [01:18<01:15,  3.01it/s]
Extract:  61%|######1   | 353/578 [01:18<00:57,  3.90it/s]
Extract:  61%|######1   | 355/578 [01:19<00:43,  5.18it/s]
Extract:  62%|######1   | 356/578 [01:19<00:55,  4.00it/s]
Extract:  62%|######1   | 357/578 [01:19<01:06,  3.34it/s]
Extract:  62%|######1   | 358/578 [01:20<00:55,  3.99it/s]
Extract:  62%|######2   | 359/578 [01:20<00:52,  4.14it/s]
Extract:  62%|######2   | 360/578 [01:20<00:55,  3.92it/s]
Extract:  62%|######2   | 361/578 [01:20<00:48,  4.46it/s]
Extract:  63%|######2   | 362/578 [01:21<01:11,  3.03it/s]
Extract:  63%|######2   | 363/578 [01:21<01:04,  3.33it/s]
Extract:  63%|######3   | 365/578 [01:21<00:55,  3.81it/s]
Extract:  63%|######3   | 366/578 [01:22<00:54,  3.92it/s]
Extract:  63%|######3   | 367/578 [01:22<01:04,  3.29it/s]
Extract:  64%|######3   | 368/578 [01:22<00:57,  3.63it/s]
Extract:  64%|######3   | 369/578 [01:23<01:15,  2.77it/s]
Extract:  64%|######4   | 371/578 [01:23<00:49,  4.19it/s]
Extract:  65%|######4   | 373/578 [01:23<00:44,  4.57it/s]
Extract:  65%|######4   | 374/578 [01:24<00:41,  4.86it/s]
Extract:  65%|######5   | 376/578 [01:24<00:39,  5.09it/s]
Extract:  65%|######5   | 377/578 [01:24<00:42,  4.70it/s]
Extract:  65%|######5   | 378/578 [01:24<00:39,  5.03it/s]
Extract:  66%|######5   | 379/578 [01:25<00:35,  5.56it/s]
Extract:  66%|######5   | 380/578 [01:25<00:42,  4.66it/s]
Extract:  66%|######5   | 381/578 [01:25<00:39,  4.98it/s]
Extract:  66%|######6   | 382/578 [01:26<00:57,  3.38it/s]
Extract:  66%|######6   | 383/578 [01:26<01:08,  2.86it/s]
Extract:  66%|######6   | 384/578 [01:26<01:09,  2.78it/s]
Extract:  67%|######6   | 386/578 [01:27<00:47,  4.03it/s]
Extract:  67%|######6   | 387/578 [01:27<00:49,  3.90it/s]
Extract:  67%|######7   | 388/578 [01:27<00:42,  4.48it/s]
Extract:  67%|######7   | 390/578 [01:27<00:31,  5.99it/s]
Extract:  68%|######7   | 391/578 [01:27<00:30,  6.13it/s]
Extract:  68%|######7   | 392/578 [01:28<00:29,  6.21it/s]
Extract:  68%|######7   | 393/578 [01:28<00:32,  5.65it/s]
Extract:  68%|######8   | 394/578 [01:28<00:33,  5.48it/s]
Extract:  68%|######8   | 395/578 [01:28<00:33,  5.41it/s]
Extract:  69%|######8   | 397/578 [01:28<00:29,  6.03it/s]
Extract:  69%|######8   | 398/578 [01:29<00:28,  6.39it/s]
Extract:  69%|######9   | 399/578 [01:29<00:28,  6.36it/s]
Extract:  69%|######9   | 400/578 [01:29<00:25,  6.87it/s]
Extract:  69%|######9   | 401/578 [01:29<00:28,  6.19it/s]
Extract:  70%|######9   | 402/578 [01:29<00:28,  6.13it/s]
Extract:  70%|######9   | 403/578 [01:29<00:26,  6.72it/s]
Extract:  70%|######9   | 404/578 [01:30<00:30,  5.64it/s]
Extract:  70%|#######   | 405/578 [01:30<00:28,  6.15it/s]
Extract:  70%|#######   | 406/578 [01:30<00:30,  5.57it/s]
Extract:  70%|#######   | 407/578 [01:30<00:39,  4.32it/s]
Extract:  71%|#######   | 408/578 [01:31<00:53,  3.19it/s]
Extract:  71%|#######   | 410/578 [01:31<00:37,  4.42it/s]
Extract:  71%|#######1  | 412/578 [01:31<00:30,  5.47it/s]
Extract:  71%|#######1  | 413/578 [01:32<00:35,  4.58it/s]
Extract:  72%|#######1  | 415/578 [01:32<00:30,  5.42it/s]
Extract:  72%|#######1  | 416/578 [01:32<00:31,  5.15it/s]
Extract:  72%|#######2  | 417/578 [01:32<00:29,  5.41it/s]
Extract:  72%|#######2  | 418/578 [01:32<00:31,  5.02it/s]
Extract:  72%|#######2  | 419/578 [01:33<00:34,  4.62it/s]
Extract:  73%|#######2  | 421/578 [01:34<00:48,  3.25it/s]
Extract:  73%|#######3  | 424/578 [01:34<00:38,  3.99it/s]
Extract:  74%|#######3  | 425/578 [01:35<00:47,  3.22it/s]
Extract:  74%|#######3  | 426/578 [01:35<00:43,  3.48it/s]
Extract:  74%|#######3  | 427/578 [01:36<00:57,  2.64it/s]
Extract:  74%|#######4  | 428/578 [01:36<01:03,  2.37it/s]
Extract:  74%|#######4  | 429/578 [01:37<01:04,  2.30it/s]
Extract:  75%|#######4  | 431/578 [01:37<00:48,  3.06it/s]
Extract:  75%|#######4  | 432/578 [01:37<00:43,  3.38it/s]
Extract:  75%|#######4  | 433/578 [01:37<00:35,  4.03it/s]
Extract:  75%|#######5  | 434/578 [01:38<00:44,  3.23it/s]
Extract:  75%|#######5  | 435/578 [01:38<00:38,  3.68it/s]
Extract:  76%|#######5  | 437/578 [01:38<00:29,  4.84it/s]
Extract:  76%|#######5  | 438/578 [01:38<00:26,  5.21it/s]
Extract:  76%|#######5  | 439/578 [01:39<00:29,  4.79it/s]
Extract:  76%|#######6  | 441/578 [01:39<00:33,  4.10it/s]
Extract:  76%|#######6  | 442/578 [01:39<00:28,  4.71it/s]
Extract:  77%|#######6  | 443/578 [01:39<00:25,  5.26it/s]
Extract:  77%|#######6  | 444/578 [01:40<00:23,  5.62it/s]
Extract:  77%|#######6  | 445/578 [01:40<00:44,  2.97it/s]
Extract:  77%|#######7  | 447/578 [01:41<00:29,  4.49it/s]
Extract:  78%|#######7  | 449/578 [01:41<00:21,  5.93it/s]
Extract:  78%|#######7  | 450/578 [01:41<00:30,  4.14it/s]
Extract:  78%|#######8  | 451/578 [01:42<00:41,  3.04it/s]
Extract:  78%|#######8  | 452/578 [01:42<00:36,  3.47it/s]
Extract:  79%|#######8  | 454/578 [01:42<00:27,  4.48it/s]
Extract:  79%|#######8  | 455/578 [01:42<00:24,  5.11it/s]
Extract:  79%|#######8  | 456/578 [01:42<00:21,  5.71it/s]
Extract:  79%|#######9  | 458/578 [01:43<00:23,  5.14it/s]
Extract:  80%|#######9  | 460/578 [01:43<00:17,  6.72it/s]
Extract:  80%|#######9  | 461/578 [01:43<00:17,  6.56it/s]
Extract:  80%|########  | 463/578 [01:44<00:19,  5.77it/s]
Extract:  80%|########  | 464/578 [01:44<00:19,  5.72it/s]
Extract:  81%|########  | 466/578 [01:44<00:18,  5.97it/s]
Extract:  81%|########  | 467/578 [01:45<00:28,  3.88it/s]
Extract:  81%|########  | 468/578 [01:45<00:35,  3.10it/s]
Extract:  81%|########1 | 469/578 [01:45<00:29,  3.65it/s]
Extract:  81%|########1 | 470/578 [01:46<00:27,  3.93it/s]
Extract:  81%|########1 | 471/578 [01:46<00:27,  3.83it/s]
Extract:  82%|########1 | 472/578 [01:46<00:28,  3.66it/s]
Extract:  82%|########1 | 473/578 [01:46<00:25,  4.09it/s]
Extract:  82%|########2 | 474/578 [01:47<00:25,  4.07it/s]
Extract:  82%|########2 | 475/578 [01:47<00:22,  4.57it/s]
Extract:  82%|########2 | 476/578 [01:47<00:31,  3.24it/s]
Extract:  83%|########2 | 477/578 [01:47<00:27,  3.69it/s]
Extract:  83%|########2 | 478/578 [01:48<00:22,  4.50it/s]
Extract:  83%|########2 | 479/578 [01:48<00:21,  4.58it/s]
Extract:  83%|########3 | 480/578 [01:48<00:19,  5.10it/s]
Extract:  83%|########3 | 481/578 [01:48<00:24,  3.90it/s]
Extract:  83%|########3 | 482/578 [01:48<00:20,  4.71it/s]
Extract:  84%|########3 | 483/578 [01:48<00:17,  5.52it/s]
Extract:  84%|########3 | 484/578 [01:49<00:14,  6.34it/s]
Extract:  84%|########3 | 485/578 [01:49<00:13,  7.06it/s]
Extract:  84%|########4 | 487/578 [01:49<00:13,  6.81it/s]
Extract:  85%|########4 | 489/578 [01:50<00:19,  4.66it/s]
Extract:  85%|########4 | 490/578 [01:50<00:17,  4.90it/s]
Extract:  85%|########4 | 491/578 [01:50<00:19,  4.52it/s]
Extract:  85%|########5 | 492/578 [01:50<00:23,  3.72it/s]
Extract:  85%|########5 | 493/578 [01:51<00:25,  3.31it/s]
Extract:  85%|########5 | 494/578 [01:51<00:25,  3.30it/s]
Extract:  86%|########5 | 496/578 [01:51<00:17,  4.71it/s]
Extract:  86%|########6 | 498/578 [01:52<00:20,  3.99it/s]
Extract:  87%|########6 | 500/578 [01:52<00:14,  5.41it/s]
Extract:  87%|########6 | 501/578 [01:52<00:13,  5.63it/s]
Extract:  87%|########7 | 503/578 [01:52<00:10,  7.32it/s]
Extract:  87%|########7 | 504/578 [01:53<00:17,  4.26it/s]
Extract:  87%|########7 | 505/578 [01:54<00:24,  2.93it/s]
Extract:  88%|########7 | 507/578 [01:54<00:17,  3.97it/s]
Extract:  88%|########7 | 508/578 [01:54<00:17,  4.11it/s]
Extract:  88%|########8 | 510/578 [01:55<00:15,  4.40it/s]
Extract:  88%|########8 | 511/578 [01:55<00:13,  4.88it/s]
Extract:  89%|########8 | 512/578 [01:55<00:13,  4.93it/s]
Extract:  89%|########8 | 514/578 [01:55<00:09,  6.46it/s]
Extract:  89%|########9 | 515/578 [01:55<00:11,  5.28it/s]
Extract:  89%|########9 | 516/578 [01:56<00:16,  3.73it/s]
Extract:  89%|########9 | 517/578 [01:56<00:16,  3.71it/s]
Extract:  90%|########9 | 518/578 [01:56<00:13,  4.33it/s]
Extract:  90%|########9 | 519/578 [01:57<00:14,  4.10it/s]
Extract:  90%|########9 | 520/578 [01:57<00:12,  4.54it/s]
Extract:  90%|######### | 522/578 [01:57<00:09,  6.18it/s]
Extract:  90%|######### | 523/578 [01:57<00:11,  4.79it/s]
Extract:  91%|######### | 524/578 [01:57<00:10,  5.31it/s]
Extract:  91%|#########1| 526/578 [01:58<00:12,  4.26it/s]
Extract:  91%|#########1| 528/578 [01:58<00:09,  5.16it/s]
Extract:  92%|#########1| 529/578 [01:58<00:09,  5.37it/s]
Extract:  92%|#########1| 530/578 [01:59<00:08,  5.46it/s]
Extract:  92%|#########1| 531/578 [01:59<00:08,  5.69it/s]
Extract:  92%|#########2| 532/578 [01:59<00:08,  5.61it/s]
Extract:  92%|#########2| 533/578 [01:59<00:07,  6.24it/s]
Extract:  92%|#########2| 534/578 [01:59<00:07,  5.52it/s]
Extract:  93%|#########2| 535/578 [01:59<00:06,  6.21it/s]
Extract:  93%|#########2| 537/578 [02:00<00:06,  6.27it/s]
Extract:  93%|#########3| 538/578 [02:00<00:07,  5.30it/s]
Extract:  93%|#########3| 540/578 [02:00<00:07,  4.80it/s]
Extract:  94%|#########3| 541/578 [02:01<00:07,  5.25it/s]
Extract:  94%|#########3| 543/578 [02:01<00:06,  5.54it/s]
Extract:  94%|#########4| 546/578 [02:01<00:05,  6.16it/s]
Extract:  95%|#########4| 547/578 [02:02<00:07,  4.34it/s]
Extract:  95%|#########4| 549/578 [02:02<00:04,  5.83it/s]
Extract:  95%|#########5| 551/578 [02:02<00:03,  7.05it/s]
Extract:  96%|#########5| 553/578 [02:03<00:04,  5.46it/s]
Extract:  96%|#########5| 554/578 [02:03<00:05,  4.07it/s]
Extract:  96%|#########6| 555/578 [02:04<00:06,  3.59it/s]
Extract:  96%|#########6| 556/578 [02:04<00:05,  3.88it/s]
Extract:  96%|#########6| 557/578 [02:04<00:05,  3.80it/s]
Extract:  97%|#########6| 559/578 [02:04<00:03,  5.72it/s]
Extract:  97%|#########6| 560/578 [02:05<00:04,  4.03it/s]
Extract:  97%|#########7| 561/578 [02:05<00:04,  3.98it/s]
Extract:  98%|#########7| 564/578 [02:05<00:03,  4.59it/s]
Extract:  98%|#########7| 565/578 [02:06<00:03,  4.11it/s]
Extract:  98%|#########7| 566/578 [02:06<00:02,  4.52it/s]
Extract:  98%|#########8| 567/578 [02:06<00:02,  4.96it/s]
Extract:  98%|#########8| 568/578 [02:06<00:02,  4.27it/s]
Extract:  99%|#########8| 570/578 [02:07<00:01,  6.05it/s]
Extract:  99%|#########8| 572/578 [02:07<00:00,  6.96it/s]
Extract:  99%|#########9| 574/578 [02:07<00:00,  8.33it/s]
Extract:  99%|#########9| 575/578 [02:07<00:00,  7.54it/s]
Extract: 100%|#########9| 576/578 [02:08<00:00,  4.69it/s]
Extract: 100%|##########| 578/578 [02:08<00:00,  4.51it/s]

Extract:   0%|          | 0/578 [00:00<?, ?it/s]
Extract:   0%|          | 2/578 [00:00<00:51, 11.20it/s]
Extract:   1%|          | 4/578 [00:00<01:33,  6.16it/s]
Extract:   1%|          | 5/578 [00:00<01:40,  5.69it/s]
Extract:   1%|1         | 6/578 [00:01<01:59,  4.78it/s]
Extract:   1%|1         | 7/578 [00:01<02:23,  3.99it/s]
Extract:   1%|1         | 8/578 [00:01<02:49,  3.37it/s]
Extract:   2%|1         | 9/578 [00:02<02:56,  3.22it/s]
Extract:   2%|1         | 10/578 [00:02<02:58,  3.18it/s]
Extract:   2%|1         | 11/578 [00:02<02:56,  3.21it/s]
Extract:   2%|2         | 12/578 [00:03<03:49,  2.46it/s]
Extract:   2%|2         | 13/578 [00:03<03:31,  2.68it/s]
Extract:   2%|2         | 14/578 [00:04<03:58,  2.37it/s]
Extract:   3%|2         | 15/578 [00:04<04:27,  2.11it/s]
Extract:   3%|2         | 16/578 [00:05<03:37,  2.58it/s]
Extract:   3%|3         | 18/578 [00:05<02:09,  4.32it/s]
Extract:   3%|3         | 20/578 [00:05<01:37,  5.71it/s]
Extract:   4%|3         | 21/578 [00:05<02:23,  3.87it/s]
Extract:   4%|3         | 22/578 [00:06<02:29,  3.73it/s]
Extract:   4%|3         | 23/578 [00:06<02:28,  3.74it/s]
Extract:   4%|4         | 24/578 [00:06<02:16,  4.04it/s]
Extract:   4%|4         | 26/578 [00:06<01:35,  5.77it/s]
Extract:   5%|4         | 27/578 [00:07<02:26,  3.77it/s]
Extract:   5%|4         | 28/578 [00:07<02:12,  4.16it/s]
Extract:   5%|5         | 29/578 [00:07<02:22,  3.86it/s]
Extract:   5%|5         | 30/578 [00:08<02:23,  3.82it/s]
Extract:   5%|5         | 31/578 [00:08<02:33,  3.55it/s]
Extract:   6%|5         | 32/578 [00:08<02:08,  4.25it/s]
Extract:   6%|5         | 34/578 [00:08<01:23,  6.48it/s]
Extract:   6%|6         | 35/578 [00:08<01:18,  6.96it/s]
Extract:   6%|6         | 37/578 [00:09<01:34,  5.70it/s]
Extract:   7%|6         | 38/578 [00:09<01:31,  5.90it/s]
Extract:   7%|6         | 40/578 [00:09<01:20,  6.68it/s]
Extract:   7%|7         | 41/578 [00:09<01:24,  6.36it/s]
Extract:   7%|7         | 42/578 [00:10<02:49,  3.16it/s]
Extract:   7%|7         | 43/578 [00:11<03:59,  2.23it/s]
Extract:   8%|7         | 45/578 [00:11<02:35,  3.44it/s]
Extract:   8%|7         | 46/578 [00:11<02:17,  3.88it/s]
Extract:   8%|8         | 47/578 [00:12<02:30,  3.52it/s]
Extract:   8%|8         | 49/578 [00:12<01:46,  4.95it/s]
Extract:   9%|8         | 50/578 [00:13<02:59,  2.94it/s]
Extract:   9%|8         | 51/578 [00:13<03:14,  2.71it/s]
Extract:   9%|8         | 52/578 [00:14<03:32,  2.48it/s]
Extract:   9%|9         | 54/578 [00:14<02:49,  3.08it/s]
Extract:  10%|9         | 55/578 [00:14<02:52,  3.02it/s]
Extract:  10%|9         | 56/578 [00:15<02:30,  3.46it/s]
Extract:  10%|#         | 58/578 [00:15<02:32,  3.40it/s]
Extract:  10%|#         | 59/578 [00:15<02:34,  3.37it/s]
Extract:  10%|#         | 60/578 [00:16<03:03,  2.82it/s]
Extract:  11%|#         | 61/578 [00:16<03:16,  2.63it/s]
Extract:  11%|#         | 62/578 [00:17<02:41,  3.20it/s]
Extract:  11%|#1        | 64/578 [00:17<02:21,  3.62it/s]
Extract:  11%|#1        | 65/578 [00:17<02:44,  3.11it/s]
Extract:  11%|#1        | 66/578 [00:18<02:18,  3.70it/s]
Extract:  12%|#1        | 67/578 [00:18<03:12,  2.65it/s]
Extract:  12%|#1        | 69/578 [00:19<02:23,  3.54it/s]
Extract:  12%|#2        | 71/578 [00:19<01:49,  4.62it/s]
Extract:  12%|#2        | 72/578 [00:19<01:44,  4.83it/s]
Extract:  13%|#2        | 73/578 [00:19<02:20,  3.59it/s]
Extract:  13%|#2        | 75/578 [00:20<01:43,  4.88it/s]
Extract:  13%|#3        | 76/578 [00:20<01:45,  4.77it/s]
Extract:  13%|#3        | 77/578 [00:21<02:49,  2.96it/s]
Extract:  14%|#3        | 79/578 [00:21<01:54,  4.37it/s]
Extract:  14%|#3        | 80/578 [00:21<01:47,  4.65it/s]
Extract:  14%|#4        | 81/578 [00:21<01:35,  5.18it/s]
Extract:  14%|#4        | 82/578 [00:21<01:25,  5.79it/s]
Extract:  14%|#4        | 83/578 [00:21<01:25,  5.77it/s]
Extract:  15%|#4        | 84/578 [00:22<02:26,  3.38it/s]
Extract:  15%|#4        | 85/578 [00:22<02:00,  4.09it/s]
Extract:  15%|#4        | 86/578 [00:22<01:47,  4.59it/s]
Extract:  15%|#5        | 88/578 [00:22<01:14,  6.57it/s]
Extract:  15%|#5        | 89/578 [00:23<02:01,  4.02it/s]
Extract:  16%|#5        | 90/578 [00:23<02:14,  3.63it/s]
Extract:  16%|#5        | 91/578 [00:24<03:12,  2.53it/s]
Extract:  16%|#5        | 92/578 [00:25<04:04,  1.99it/s]
Extract:  16%|#6        | 93/578 [00:25<03:12,  2.52it/s]
Extract:  16%|#6        | 94/578 [00:25<03:00,  2.68it/s]
Extract:  17%|#6        | 96/578 [00:26<02:49,  2.84it/s]
Extract:  17%|#6        | 97/578 [00:26<02:33,  3.13it/s]
Extract:  17%|#6        | 98/578 [00:27<02:53,  2.76it/s]
Extract:  17%|#7        | 99/578 [00:27<02:48,  2.84it/s]
Extract:  17%|#7        | 100/578 [00:27<02:53,  2.76it/s]
Extract:  17%|#7        | 101/578 [00:28<02:42,  2.93it/s]
Extract:  18%|#7        | 103/578 [00:28<01:41,  4.69it/s]
Extract:  18%|#8        | 105/578 [00:28<01:42,  4.60it/s]
Extract:  18%|#8        | 106/578 [00:28<01:31,  5.15it/s]
Extract:  19%|#8        | 107/578 [00:29<02:08,  3.66it/s]
Extract:  19%|#8        | 108/578 [00:29<02:10,  3.61it/s]
Extract:  19%|#9        | 110/578 [00:29<01:39,  4.68it/s]
Extract:  19%|#9        | 111/578 [00:30<01:44,  4.49it/s]
Extract:  20%|#9        | 113/578 [00:30<01:18,  5.93it/s]
Extract:  20%|#9        | 114/578 [00:30<01:13,  6.29it/s]
Extract:  20%|#9        | 115/578 [00:30<01:09,  6.70it/s]
Extract:  20%|##        | 116/578 [00:30<01:34,  4.91it/s]
Extract:  20%|##        | 117/578 [00:31<02:37,  2.93it/s]
Extract:  21%|##        | 119/578 [00:31<01:40,  4.59it/s]
Extract:  21%|##        | 120/578 [00:32<02:40,  2.85it/s]
Extract:  21%|##        | 121/578 [00:33<03:06,  2.45it/s]
Extract:  21%|##1       | 123/578 [00:33<02:03,  3.68it/s]
Extract:  21%|##1       | 124/578 [00:33<01:45,  4.30it/s]
Extract:  22%|##1       | 125/578 [00:33<02:07,  3.54it/s]
Extract:  22%|##1       | 126/578 [00:34<02:04,  3.62it/s]
Extract:  22%|##2       | 128/578 [00:34<01:32,  4.86it/s]
Extract:  22%|##2       | 130/578 [00:34<01:51,  4.02it/s]
Extract:  23%|##2       | 131/578 [00:35<02:17,  3.25it/s]
Extract:  23%|##2       | 132/578 [00:35<02:08,  3.48it/s]
Extract:  23%|##3       | 133/578 [00:35<02:09,  3.43it/s]
Extract:  23%|##3       | 134/578 [00:36<02:09,  3.42it/s]
Extract:  23%|##3       | 135/578 [00:36<02:02,  3.62it/s]
Extract:  24%|##3       | 136/578 [00:36<01:49,  4.02it/s]
Extract:  24%|##3       | 137/578 [00:37<02:29,  2.94it/s]
Extract:  24%|##3       | 138/578 [00:37<03:01,  2.43it/s]
Extract:  24%|##4       | 139/578 [00:38<02:40,  2.73it/s]
Extract:  25%|##4       | 142/578 [00:38<01:20,  5.42it/s]
Extract:  25%|##5       | 146/578 [00:38<01:12,  5.93it/s]
Extract:  25%|##5       | 147/578 [00:38<01:11,  6.06it/s]
Extract:  26%|##5       | 148/578 [00:39<01:11,  6.05it/s]
Extract:  26%|##5       | 149/578 [00:39<01:40,  4.29it/s]
Extract:  26%|##5       | 150/578 [00:39<01:27,  4.87it/s]
Extract:  26%|##6       | 152/578 [00:39<01:01,  6.88it/s]
Extract:  27%|##6       | 154/578 [00:40<01:41,  4.18it/s]
Extract:  27%|##6       | 155/578 [00:40<01:45,  3.99it/s]
Extract:  27%|##7       | 157/578 [00:41<01:16,  5.48it/s]
Extract:  28%|##7       | 159/578 [00:41<01:01,  6.83it/s]
Extract:  28%|##7       | 161/578 [00:41<01:03,  6.61it/s]
Extract:  28%|##8       | 163/578 [00:42<01:25,  4.87it/s]
Extract:  29%|##8       | 165/578 [00:42<01:15,  5.47it/s]
Extract:  29%|##8       | 166/578 [00:42<01:16,  5.40it/s]
Extract:  29%|##8       | 167/578 [00:43<01:47,  3.81it/s]
Extract:  29%|##9       | 168/578 [00:43<01:39,  4.10it/s]
Extract:  29%|##9       | 169/578 [00:43<01:54,  3.58it/s]
Extract:  30%|##9       | 171/578 [00:43<01:18,  5.16it/s]
Extract:  30%|##9       | 172/578 [00:44<01:21,  5.01it/s]
Extract:  30%|##9       | 173/578 [00:44<02:07,  3.19it/s]
Extract:  30%|###       | 174/578 [00:44<01:49,  3.69it/s]
Extract:  30%|###       | 175/578 [00:45<01:33,  4.30it/s]
Extract:  30%|###       | 176/578 [00:45<01:19,  5.04it/s]
Extract:  31%|###       | 177/578 [00:45<02:01,  3.30it/s]
Extract:  31%|###       | 178/578 [00:45<01:43,  3.86it/s]
Extract:  31%|###       | 179/578 [00:46<01:28,  4.48it/s]
Extract:  31%|###1      | 180/578 [00:46<01:49,  3.64it/s]
Extract:  31%|###1      | 181/578 [00:46<01:58,  3.36it/s]
Extract:  31%|###1      | 182/578 [00:47<02:06,  3.12it/s]
Extract:  32%|###1      | 184/578 [00:47<01:29,  4.41it/s]
Extract:  32%|###2      | 185/578 [00:48<02:09,  3.04it/s]
Extract:  32%|###2      | 186/578 [00:48<01:46,  3.66it/s]
Extract:  33%|###2      | 188/578 [00:48<01:23,  4.64it/s]
Extract:  33%|###2      | 189/578 [00:49<01:59,  3.25it/s]
Extract:  33%|###3      | 191/578 [00:49<01:48,  3.58it/s]
Extract:  33%|###3      | 192/578 [00:49<01:32,  4.16it/s]
Extract:  34%|###3      | 194/578 [00:49<01:06,  5.78it/s]
Extract:  34%|###4      | 197/578 [00:50<01:30,  4.22it/s]
Extract:  34%|###4      | 198/578 [00:50<01:28,  4.29it/s]
Extract:  35%|###4      | 201/578 [00:51<01:24,  4.45it/s]
Extract:  35%|###4      | 202/578 [00:51<01:25,  4.40it/s]
Extract:  35%|###5      | 203/578 [00:52<01:48,  3.46it/s]
Extract:  35%|###5      | 205/578 [00:52<01:18,  4.74it/s]
Extract:  36%|###5      | 206/578 [00:52<01:12,  5.10it/s]
Extract:  36%|###5      | 207/578 [00:52<01:26,  4.29it/s]
Extract:  36%|###6      | 209/578 [00:53<01:05,  5.67it/s]
Extract:  36%|###6      | 210/578 [00:53<01:07,  5.42it/s]
Extract:  37%|###6      | 212/578 [00:53<01:24,  4.32it/s]
Extract:  37%|###6      | 213/578 [00:54<01:21,  4.47it/s]
Extract:  37%|###7      | 215/578 [00:54<01:27,  4.15it/s]
Extract:  38%|###7      | 217/578 [00:55<01:29,  4.04it/s]
Extract:  38%|###8      | 220/578 [00:55<00:58,  6.10it/s]
Extract:  38%|###8      | 222/578 [00:55<00:47,  7.54it/s]
Extract:  39%|###8      | 224/578 [00:55<00:45,  7.80it/s]
Extract:  39%|###9      | 226/578 [00:56<01:14,  4.71it/s]
Extract:  39%|###9      | 227/578 [00:56<01:12,  4.85it/s]
Extract:  40%|###9      | 229/578 [00:57<01:05,  5.32it/s]
Extract:  40%|###9      | 230/578 [00:57<01:14,  4.67it/s]
Extract:  40%|###9      | 231/578 [00:57<01:19,  4.39it/s]
Extract:  40%|####      | 232/578 [00:57<01:10,  4.87it/s]
Extract:  40%|####      | 233/578 [00:57<01:08,  5.07it/s]
Extract:  40%|####      | 234/578 [00:58<01:05,  5.26it/s]
Extract:  41%|####      | 235/578 [00:58<01:00,  5.64it/s]
Extract:  41%|####      | 236/578 [00:59<01:58,  2.87it/s]
Extract:  41%|####1     | 237/578 [00:59<02:11,  2.59it/s]
Extract:  41%|####1     | 239/578 [00:59<01:23,  4.08it/s]
Extract:  42%|####1     | 240/578 [00:59<01:16,  4.41it/s]
Extract:  42%|####1     | 242/578 [00:59<00:54,  6.17it/s]
Extract:  42%|####2     | 244/578 [01:00<01:14,  4.47it/s]
Extract:  42%|####2     | 245/578 [01:00<01:07,  4.91it/s]
Extract:  43%|####2     | 247/578 [01:01<01:19,  4.16it/s]
Extract:  43%|####2     | 248/578 [01:01<01:30,  3.63it/s]
Extract:  43%|####3     | 249/578 [01:01<01:20,  4.08it/s]
Extract:  43%|####3     | 250/578 [01:02<01:13,  4.46it/s]
Extract:  43%|####3     | 251/578 [01:02<01:10,  4.61it/s]
Extract:  44%|####3     | 253/578 [01:02<00:51,  6.32it/s]
Extract:  44%|####4     | 255/578 [01:02<00:51,  6.22it/s]
Extract:  44%|####4     | 256/578 [01:03<01:13,  4.37it/s]
Extract:  44%|####4     | 257/578 [01:03<01:07,  4.73it/s]
Extract:  45%|####4     | 258/578 [01:03<00:59,  5.37it/s]
Extract:  45%|####4     | 259/578 [01:03<00:55,  5.73it/s]
Extract:  45%|####4     | 260/578 [01:03<00:49,  6.42it/s]
Extract:  45%|####5     | 262/578 [01:04<00:58,  5.43it/s]
Extract:  46%|####5     | 263/578 [01:04<01:44,  3.00it/s]
Extract:  46%|####5     | 264/578 [01:05<01:28,  3.54it/s]
Extract:  46%|####5     | 265/578 [01:05<01:37,  3.20it/s]
Extract:  46%|####6     | 266/578 [01:05<01:35,  3.28it/s]
Extract:  46%|####6     | 267/578 [01:06<02:33,  2.03it/s]
Extract:  46%|####6     | 268/578 [01:06<02:05,  2.47it/s]
Extract:  47%|####6     | 269/578 [01:07<02:18,  2.23it/s]
Extract:  47%|####6     | 271/578 [01:07<01:25,  3.59it/s]
Extract:  47%|####7     | 273/578 [01:08<01:40,  3.03it/s]
Extract:  47%|####7     | 274/578 [01:09<02:17,  2.21it/s]
Extract:  48%|####7     | 275/578 [01:10<02:37,  1.93it/s]
Extract:  48%|####7     | 276/578 [01:10<02:13,  2.26it/s]
Extract:  48%|####7     | 277/578 [01:10<01:52,  2.68it/s]
Extract:  48%|####8     | 279/578 [01:10<01:10,  4.23it/s]
Extract:  48%|####8     | 280/578 [01:11<01:35,  3.12it/s]
Extract:  49%|####8     | 282/578 [01:11<01:10,  4.18it/s]
Extract:  49%|####8     | 283/578 [01:12<02:03,  2.40it/s]
Extract:  49%|####9     | 284/578 [01:12<01:43,  2.85it/s]
Extract:  49%|####9     | 285/578 [01:12<01:37,  3.00it/s]
Extract:  49%|####9     | 286/578 [01:13<01:36,  3.03it/s]
Extract:  50%|####9     | 287/578 [01:13<01:27,  3.32it/s]
Extract:  50%|####9     | 288/578 [01:13<01:18,  3.68it/s]
Extract:  50%|#####     | 289/578 [01:13<01:25,  3.40it/s]
Extract:  50%|#####     | 290/578 [01:14<02:06,  2.28it/s]
Extract:  50%|#####     | 291/578 [01:14<01:41,  2.82it/s]
Extract:  51%|#####     | 293/578 [01:15<01:04,  4.41it/s]
Extract:  51%|#####     | 294/578 [01:15<01:00,  4.70it/s]
Extract:  51%|#####1    | 295/578 [01:15<01:37,  2.90it/s]
Extract:  51%|#####1    | 296/578 [01:16<01:27,  3.23it/s]
Extract:  51%|#####1    | 297/578 [01:17<02:07,  2.20it/s]
Extract:  52%|#####1    | 299/578 [01:17<01:21,  3.43it/s]
Extract:  52%|#####1    | 300/578 [01:17<01:12,  3.86it/s]
Extract:  52%|#####2    | 301/578 [01:17<01:25,  3.25it/s]
Extract:  52%|#####2    | 303/578 [01:17<00:58,  4.73it/s]
Extract:  53%|#####2    | 304/578 [01:18<01:36,  2.85it/s]
Extract:  53%|#####2    | 305/578 [01:19<01:50,  2.47it/s]
Extract:  53%|#####3    | 307/578 [01:19<01:33,  2.89it/s]
Extract:  53%|#####3    | 308/578 [01:20<01:26,  3.11it/s]
Extract:  53%|#####3    | 309/578 [01:20<01:43,  2.60it/s]
Extract:  54%|#####3    | 310/578 [01:20<01:28,  3.03it/s]
Extract:  54%|#####3    | 311/578 [01:21<01:52,  2.37it/s]
Extract:  54%|#####3    | 312/578 [01:22<02:06,  2.10it/s]
Extract:  54%|#####4    | 313/578 [01:22<01:43,  2.57it/s]
Extract:  54%|#####4    | 314/578 [01:22<01:42,  2.58it/s]
Extract:  55%|#####4    | 316/578 [01:23<01:14,  3.51it/s]
Extract:  55%|#####5    | 318/578 [01:23<01:13,  3.56it/s]
Extract:  55%|#####5    | 319/578 [01:23<01:12,  3.56it/s]
Extract:  55%|#####5    | 320/578 [01:25<02:08,  2.01it/s]
Extract:  56%|#####5    | 321/578 [01:25<01:46,  2.41it/s]
Extract:  56%|#####5    | 322/578 [01:25<01:46,  2.39it/s]
Extract:  56%|#####5    | 323/578 [01:25<01:29,  2.85it/s]
Extract:  56%|#####6    | 325/578 [01:25<00:57,  4.39it/s]
Extract:  56%|#####6    | 326/578 [01:26<00:59,  4.25it/s]
Extract:  57%|#####6    | 328/578 [01:26<00:49,  5.09it/s]
Extract:  57%|#####7    | 330/578 [01:26<00:39,  6.33it/s]
Extract:  57%|#####7    | 331/578 [01:26<00:41,  6.00it/s]
Extract:  57%|#####7    | 332/578 [01:27<00:46,  5.29it/s]
Extract:  58%|#####7    | 334/578 [01:27<00:34,  7.06it/s]
Extract:  58%|#####7    | 335/578 [01:27<00:33,  7.29it/s]
Extract:  58%|#####8    | 337/578 [01:27<00:29,  8.13it/s]
Extract:  59%|#####8    | 339/578 [01:27<00:29,  8.23it/s]
Extract:  59%|#####8    | 340/578 [01:27<00:28,  8.39it/s]
Extract:  59%|#####8    | 341/578 [01:28<00:29,  8.11it/s]
Extract:  59%|#####9    | 342/578 [01:28<00:37,  6.25it/s]
Extract:  60%|#####9    | 344/578 [01:28<00:43,  5.32it/s]
Extract:  60%|#####9    | 345/578 [01:28<00:42,  5.54it/s]
Extract:  60%|######    | 347/578 [01:29<00:32,  7.03it/s]
Extract:  60%|######    | 349/578 [01:29<00:47,  4.79it/s]
Extract:  61%|######    | 350/578 [01:29<00:47,  4.81it/s]
Extract:  61%|######    | 351/578 [01:30<01:04,  3.54it/s]
Extract:  61%|######1   | 353/578 [01:30<00:53,  4.24it/s]
Extract:  61%|######1   | 355/578 [01:31<00:40,  5.54it/s]
Extract:  62%|######1   | 356/578 [01:31<01:10,  3.16it/s]
Extract:  62%|######1   | 357/578 [01:32<01:08,  3.22it/s]
Extract:  62%|######2   | 359/578 [01:32<00:52,  4.13it/s]
Extract:  62%|######2   | 360/578 [01:32<00:52,  4.15it/s]
Extract:  63%|######2   | 362/578 [01:33<00:54,  3.98it/s]
Extract:  63%|######2   | 363/578 [01:33<00:47,  4.56it/s]
Extract:  63%|######3   | 365/578 [01:33<00:42,  5.07it/s]
Extract:  63%|######3   | 366/578 [01:33<00:42,  4.97it/s]
Extract:  63%|######3   | 367/578 [01:34<00:58,  3.60it/s]
Extract:  64%|######3   | 368/578 [01:34<00:54,  3.85it/s]
Extract:  64%|######3   | 369/578 [01:35<01:09,  2.99it/s]
Extract:  65%|######4   | 373/578 [01:35<00:41,  5.00it/s]
Extract:  65%|######4   | 374/578 [01:35<00:38,  5.25it/s]
Extract:  65%|######5   | 376/578 [01:36<00:40,  4.99it/s]
Extract:  65%|######5   | 377/578 [01:36<00:40,  4.95it/s]
Extract:  65%|######5   | 378/578 [01:36<00:39,  5.10it/s]
Extract:  66%|######5   | 380/578 [01:36<00:37,  5.32it/s]
Extract:  66%|######5   | 381/578 [01:37<00:34,  5.76it/s]
Extract:  66%|######6   | 382/578 [01:37<00:55,  3.52it/s]
Extract:  66%|######6   | 383/578 [01:37<00:48,  4.04it/s]
Extract:  66%|######6   | 384/578 [01:38<00:49,  3.92it/s]
Extract:  67%|######6   | 386/578 [01:38<00:36,  5.29it/s]
Extract:  67%|######6   | 387/578 [01:38<00:37,  5.14it/s]
Extract:  67%|######7   | 390/578 [01:38<00:25,  7.26it/s]
Extract:  68%|######7   | 391/578 [01:38<00:26,  7.04it/s]
Extract:  68%|######7   | 392/578 [01:39<00:26,  7.09it/s]
Extract:  68%|######7   | 393/578 [01:39<00:28,  6.55it/s]
Extract:  68%|######8   | 394/578 [01:39<00:27,  6.75it/s]
Extract:  68%|######8   | 395/578 [01:39<00:29,  6.31it/s]
Extract:  69%|######8   | 397/578 [01:39<00:25,  7.12it/s]
Extract:  69%|######9   | 399/578 [01:39<00:22,  7.86it/s]
Extract:  69%|######9   | 401/578 [01:40<00:18,  9.33it/s]
Extract:  70%|######9   | 402/578 [01:40<00:19,  8.94it/s]
Extract:  70%|######9   | 403/578 [01:40<00:22,  7.80it/s]
Extract:  70%|######9   | 404/578 [01:40<00:21,  8.14it/s]
Extract:  70%|#######   | 406/578 [01:40<00:25,  6.65it/s]
Extract:  70%|#######   | 407/578 [01:41<00:31,  5.49it/s]
Extract:  71%|#######   | 408/578 [01:41<00:52,  3.22it/s]
Extract:  71%|#######   | 410/578 [01:42<00:39,  4.23it/s]
Extract:  71%|#######1  | 412/578 [01:42<00:30,  5.44it/s]
Extract:  71%|#######1  | 413/578 [01:42<00:35,  4.66it/s]
Extract:  72%|#######1  | 415/578 [01:42<00:27,  6.02it/s]
Extract:  72%|#######1  | 416/578 [01:43<00:26,  6.02it/s]
Extract:  72%|#######2  | 417/578 [01:43<00:24,  6.53it/s]
Extract:  72%|#######2  | 418/578 [01:43<00:29,  5.38it/s]
Extract:  72%|#######2  | 419/578 [01:43<00:36,  4.31it/s]
Extract:  73%|#######2  | 421/578 [01:44<00:56,  2.80it/s]
Extract:  73%|#######3  | 422/578 [01:45<01:06,  2.36it/s]
Extract:  73%|#######3  | 424/578 [01:45<00:48,  3.18it/s]
Extract:  74%|#######3  | 425/578 [01:46<00:55,  2.75it/s]
Extract:  74%|#######3  | 426/578 [01:46<00:50,  2.99it/s]
Extract:  74%|#######3  | 427/578 [01:47<01:03,  2.39it/s]
Extract:  74%|#######4  | 428/578 [01:47<01:13,  2.05it/s]
Extract:  74%|#######4  | 429/578 [01:48<01:13,  2.02it/s]
Extract:  75%|#######4  | 431/578 [01:48<00:47,  3.11it/s]
Extract:  75%|#######4  | 432/578 [01:48<00:43,  3.34it/s]
Extract:  75%|#######5  | 434/578 [01:49<00:44,  3.23it/s]
Extract:  75%|#######5  | 435/578 [01:49<00:39,  3.59it/s]
Extract:  76%|#######5  | 437/578 [01:50<00:36,  3.90it/s]
Extract:  76%|#######5  | 438/578 [01:51<00:59,  2.35it/s]
Extract:  76%|#######5  | 439/578 [01:51<01:08,  2.02it/s]
Extract:  76%|#######6  | 441/578 [01:52<01:08,  2.01it/s]
Extract:  76%|#######6  | 442/578 [01:53<00:57,  2.37it/s]
Extract:  77%|#######6  | 443/578 [01:53<00:47,  2.84it/s]
Extract:  77%|#######6  | 444/578 [01:53<00:39,  3.36it/s]
Extract:  77%|#######6  | 445/578 [01:54<00:58,  2.29it/s]
Extract:  77%|#######7  | 447/578 [01:54<00:37,  3.50it/s]
Extract:  78%|#######7  | 449/578 [01:54<00:26,  4.78it/s]
Extract:  78%|#######7  | 450/578 [01:55<00:57,  2.25it/s]
Extract:  78%|#######8  | 451/578 [01:56<01:01,  2.05it/s]
Extract:  78%|#######8  | 452/578 [01:56<00:51,  2.46it/s]
Extract:  79%|#######8  | 454/578 [01:56<00:36,  3.43it/s]
Extract:  79%|#######8  | 455/578 [01:56<00:31,  3.95it/s]
Extract:  79%|#######8  | 456/578 [01:57<00:26,  4.55it/s]
Extract:  79%|#######9  | 458/578 [01:57<00:26,  4.57it/s]
Extract:  79%|#######9  | 459/578 [01:57<00:23,  5.17it/s]
Extract:  80%|#######9  | 461/578 [01:57<00:18,  6.25it/s]
Extract:  80%|#######9  | 462/578 [01:57<00:17,  6.68it/s]
Extract:  80%|########  | 463/578 [01:58<00:23,  4.94it/s]
Extract:  80%|########  | 465/578 [01:58<00:17,  6.57it/s]
Extract:  81%|########  | 466/578 [01:58<00:19,  5.66it/s]
Extract:  81%|########  | 467/578 [01:59<00:25,  4.38it/s]
Extract:  81%|########  | 468/578 [01:59<00:39,  2.76it/s]
Extract:  81%|########1 | 469/578 [02:00<00:33,  3.26it/s]
Extract:  81%|########1 | 470/578 [02:00<00:34,  3.11it/s]
Extract:  81%|########1 | 471/578 [02:00<00:37,  2.88it/s]
Extract:  82%|########1 | 472/578 [02:01<00:52,  2.00it/s]
Extract:  82%|########1 | 473/578 [02:01<00:46,  2.24it/s]
Extract:  82%|########2 | 474/578 [02:02<00:43,  2.39it/s]
Extract:  82%|########2 | 475/578 [02:02<00:36,  2.85it/s]
Extract:  82%|########2 | 476/578 [02:03<00:48,  2.12it/s]
Extract:  83%|########2 | 477/578 [02:03<00:39,  2.57it/s]
Extract:  83%|########2 | 478/578 [02:03<00:31,  3.19it/s]
Extract:  83%|########2 | 479/578 [02:03<00:28,  3.51it/s]
Extract:  83%|########3 | 480/578 [02:03<00:23,  4.12it/s]
Extract:  83%|########3 | 481/578 [02:04<00:21,  4.46it/s]
Extract:  84%|########3 | 483/578 [02:04<00:15,  6.29it/s]
Extract:  84%|########3 | 485/578 [02:04<00:11,  7.90it/s]
Extract:  84%|########4 | 487/578 [02:04<00:12,  7.23it/s]
Extract:  85%|########4 | 489/578 [02:05<00:24,  3.60it/s]
Extract:  85%|########4 | 490/578 [02:06<00:22,  3.91it/s]
Extract:  85%|########4 | 491/578 [02:06<00:22,  3.92it/s]
Extract:  85%|########5 | 492/578 [02:06<00:23,  3.71it/s]
Extract:  85%|########5 | 493/578 [02:06<00:21,  3.99it/s]
Extract:  85%|########5 | 494/578 [02:07<00:19,  4.26it/s]
Extract:  86%|########5 | 496/578 [02:07<00:13,  6.21it/s]
Extract:  86%|########6 | 498/578 [02:07<00:17,  4.51it/s]
Extract:  87%|########6 | 501/578 [02:08<00:12,  6.31it/s]
Extract:  87%|########7 | 503/578 [02:08<00:10,  7.42it/s]
Extract:  87%|########7 | 504/578 [02:08<00:12,  5.88it/s]
Extract:  87%|########7 | 505/578 [02:08<00:16,  4.49it/s]
Extract:  88%|########7 | 507/578 [02:09<00:12,  5.58it/s]
Extract:  88%|########7 | 508/578 [02:09<00:13,  5.07it/s]
Extract:  88%|########8 | 510/578 [02:09<00:14,  4.78it/s]
Extract:  89%|########8 | 512/578 [02:10<00:13,  4.89it/s]
Extract:  89%|########8 | 514/578 [02:10<00:10,  6.10it/s]
Extract:  89%|########9 | 515/578 [02:10<00:12,  5.22it/s]
Extract:  89%|########9 | 516/578 [02:11<00:15,  3.93it/s]
Extract:  89%|########9 | 517/578 [02:11<00:15,  3.92it/s]
Extract:  90%|########9 | 519/578 [02:11<00:12,  4.70it/s]
Extract:  90%|########9 | 520/578 [02:11<00:11,  4.99it/s]
Extract:  90%|######### | 522/578 [02:12<00:09,  5.93it/s]
Extract:  90%|######### | 523/578 [02:12<00:09,  5.60it/s]
Extract:  91%|######### | 524/578 [02:12<00:09,  5.72it/s]
Extract:  91%|#########1| 526/578 [02:13<00:11,  4.61it/s]
Extract:  91%|#########1| 528/578 [02:13<00:08,  5.96it/s]
Extract:  92%|#########1| 530/578 [02:13<00:07,  6.54it/s]
Extract:  92%|#########1| 531/578 [02:13<00:06,  6.90it/s]
Extract:  92%|#########2| 533/578 [02:13<00:05,  8.13it/s]
Extract:  92%|#########2| 534/578 [02:14<00:06,  7.04it/s]
Extract:  93%|#########2| 536/578 [02:14<00:04,  8.87it/s]
Extract:  93%|#########3| 538/578 [02:15<00:09,  4.13it/s]
Extract:  93%|#########3| 540/578 [02:15<00:08,  4.28it/s]
Extract:  94%|#########3| 541/578 [02:15<00:08,  4.38it/s]
Extract:  94%|#########3| 543/578 [02:16<00:07,  4.80it/s]
Extract:  94%|#########4| 544/578 [02:16<00:06,  5.28it/s]
Extract:  94%|#########4| 546/578 [02:16<00:07,  4.07it/s]
Extract:  95%|#########4| 547/578 [02:17<00:09,  3.15it/s]
Extract:  95%|#########4| 549/578 [02:17<00:06,  4.57it/s]
Extract:  95%|#########5| 551/578 [02:17<00:04,  6.19it/s]
Extract:  96%|#########5| 553/578 [02:18<00:05,  4.32it/s]
Extract:  96%|#########5| 554/578 [02:19<00:07,  3.15it/s]
Extract:  96%|#########6| 555/578 [02:19<00:09,  2.49it/s]
Extract:  96%|#########6| 556/578 [02:20<00:08,  2.73it/s]
Extract:  96%|#########6| 557/578 [02:20<00:07,  2.77it/s]
Extract:  97%|#########6| 559/578 [02:20<00:04,  4.19it/s]
Extract:  97%|#########6| 560/578 [02:20<00:05,  3.58it/s]
Extract:  97%|#########7| 561/578 [02:21<00:04,  3.49it/s]
Extract:  98%|#########7| 564/578 [02:22<00:03,  3.52it/s]
Extract:  98%|#########7| 565/578 [02:23<00:05,  2.36it/s]
Extract:  98%|#########7| 566/578 [02:23<00:04,  2.79it/s]
Extract:  98%|#########8| 567/578 [02:23<00:03,  3.16it/s]
Extract:  98%|#########8| 568/578 [02:23<00:03,  2.70it/s]
Extract:  99%|#########8| 570/578 [02:24<00:02,  3.93it/s]
Extract:  99%|#########8| 572/578 [02:24<00:01,  4.94it/s]
Extract:  99%|#########9| 574/578 [02:24<00:00,  6.47it/s]
Extract:  99%|#########9| 575/578 [02:24<00:00,  6.45it/s]
Extract: 100%|#########9| 576/578 [02:25<00:00,  4.18it/s]
Extract: 100%|##########| 578/578 [02:25<00:00,  3.98it/s]

Extract:   0%|          | 0/578 [00:00<?, ?it/s]
Extract:   0%|          | 2/578 [00:00<00:49, 11.59it/s]
Extract:   1%|          | 4/578 [00:00<01:50,  5.19it/s]
Extract:   1%|          | 5/578 [00:00<01:56,  4.92it/s]
Extract:   1%|1         | 6/578 [00:01<01:46,  5.36it/s]
Extract:   1%|1         | 7/578 [00:01<02:03,  4.64it/s]
Extract:   1%|1         | 8/578 [00:01<02:19,  4.08it/s]
Extract:   2%|1         | 9/578 [00:01<02:20,  4.06it/s]
Extract:   2%|1         | 10/578 [00:02<02:19,  4.07it/s]
Extract:   2%|1         | 11/578 [00:02<02:25,  3.91it/s]
Extract:   2%|2         | 12/578 [00:02<02:50,  3.32it/s]
Extract:   2%|2         | 13/578 [00:02<02:18,  4.08it/s]
Extract:   2%|2         | 14/578 [00:03<03:27,  2.72it/s]
Extract:   3%|2         | 15/578 [00:04<04:37,  2.03it/s]
Extract:   3%|2         | 16/578 [00:04<03:35,  2.61it/s]
Extract:   3%|3         | 18/578 [00:04<02:08,  4.34it/s]
Extract:   3%|3         | 20/578 [00:04<01:33,  5.96it/s]
Extract:   4%|3         | 22/578 [00:05<02:07,  4.38it/s]
Extract:   4%|3         | 23/578 [00:05<02:15,  4.09it/s]
Extract:   4%|4         | 24/578 [00:05<02:10,  4.24it/s]
Extract:   4%|4         | 26/578 [00:06<01:41,  5.44it/s]
Extract:   5%|4         | 27/578 [00:06<02:28,  3.70it/s]
Extract:   5%|4         | 28/578 [00:06<02:06,  4.34it/s]
Extract:   5%|5         | 29/578 [00:06<01:51,  4.92it/s]
Extract:   5%|5         | 30/578 [00:07<02:03,  4.45it/s]
Extract:   5%|5         | 31/578 [00:07<02:18,  3.94it/s]
Extract:   6%|5         | 32/578 [00:07<01:57,  4.63it/s]
Extract:   6%|6         | 35/578 [00:07<01:12,  7.45it/s]
Extract:   6%|6         | 37/578 [00:08<01:18,  6.88it/s]
Extract:   7%|6         | 38/578 [00:08<01:28,  6.13it/s]
Extract:   7%|6         | 40/578 [00:08<01:12,  7.39it/s]
Extract:   7%|7         | 41/578 [00:08<01:08,  7.78it/s]
Extract:   7%|7         | 42/578 [00:09<01:57,  4.54it/s]
Extract:   7%|7         | 43/578 [00:09<02:33,  3.49it/s]
Extract:   8%|7         | 46/578 [00:09<01:32,  5.73it/s]
Extract:   8%|8         | 47/578 [00:10<01:36,  5.50it/s]
Extract:   8%|8         | 49/578 [00:10<01:15,  6.98it/s]
Extract:   9%|8         | 50/578 [00:10<01:55,  4.56it/s]
Extract:   9%|8         | 51/578 [00:11<02:16,  3.87it/s]
Extract:   9%|8         | 52/578 [00:11<02:22,  3.70it/s]
Extract:   9%|9         | 54/578 [00:11<02:04,  4.19it/s]
Extract:  10%|9         | 55/578 [00:12<02:17,  3.81it/s]
Extract:  10%|9         | 56/578 [00:12<02:04,  4.20it/s]
Extract:  10%|#         | 58/578 [00:12<01:47,  4.85it/s]
Extract:  10%|#         | 59/578 [00:13<02:05,  4.14it/s]
Extract:  10%|#         | 60/578 [00:13<02:25,  3.57it/s]
Extract:  11%|#         | 61/578 [00:13<02:44,  3.14it/s]
Extract:  11%|#         | 62/578 [00:14<02:14,  3.84it/s]
Extract:  11%|#1        | 64/578 [00:14<01:55,  4.47it/s]
Extract:  11%|#1        | 65/578 [00:14<02:17,  3.74it/s]
Extract:  12%|#1        | 67/578 [00:15<02:37,  3.25it/s]
Extract:  12%|#1        | 69/578 [00:15<01:56,  4.35it/s]
Extract:  12%|#2        | 71/578 [00:15<01:35,  5.32it/s]
Extract:  12%|#2        | 72/578 [00:16<01:31,  5.56it/s]
Extract:  13%|#2        | 73/578 [00:16<02:10,  3.88it/s]
Extract:  13%|#2        | 75/578 [00:16<01:30,  5.58it/s]
Extract:  13%|#3        | 76/578 [00:17<01:38,  5.12it/s]
Extract:  13%|#3        | 77/578 [00:17<02:21,  3.54it/s]
Extract:  14%|#3        | 80/578 [00:17<01:24,  5.88it/s]
Extract:  14%|#4        | 81/578 [00:17<01:17,  6.39it/s]
Extract:  14%|#4        | 82/578 [00:18<01:16,  6.51it/s]
Extract:  14%|#4        | 83/578 [00:18<01:20,  6.19it/s]
Extract:  15%|#4        | 84/578 [00:18<02:19,  3.53it/s]
Extract:  15%|#4        | 85/578 [00:18<02:00,  4.09it/s]
Extract:  15%|#5        | 87/578 [00:19<01:24,  5.83it/s]
Extract:  15%|#5        | 89/578 [00:19<01:47,  4.53it/s]
Extract:  16%|#5        | 90/578 [00:19<01:40,  4.86it/s]
Extract:  16%|#5        | 91/578 [00:20<02:13,  3.66it/s]
Extract:  16%|#5        | 92/578 [00:20<02:50,  2.86it/s]
Extract:  16%|#6        | 93/578 [00:21<02:20,  3.46it/s]
Extract:  16%|#6        | 94/578 [00:21<02:08,  3.77it/s]
Extract:  17%|#6        | 96/578 [00:21<01:58,  4.05it/s]
Extract:  17%|#6        | 97/578 [00:21<01:46,  4.50it/s]
Extract:  17%|#6        | 98/578 [00:22<01:40,  4.77it/s]
Extract:  17%|#7        | 99/578 [00:22<01:29,  5.36it/s]
Extract:  17%|#7        | 100/578 [00:22<01:45,  4.55it/s]
Extract:  17%|#7        | 101/578 [00:22<01:33,  5.08it/s]
Extract:  18%|#7        | 104/578 [00:22<00:54,  8.74it/s]
Extract:  18%|#8        | 106/578 [00:23<01:09,  6.78it/s]
Extract:  19%|#8        | 107/578 [00:23<01:47,  4.39it/s]
Extract:  19%|#8        | 108/578 [00:23<01:47,  4.37it/s]
Extract:  19%|#9        | 110/578 [00:24<01:26,  5.38it/s]
Extract:  19%|#9        | 111/578 [00:24<01:30,  5.19it/s]
Extract:  20%|#9        | 113/578 [00:24<01:09,  6.68it/s]
Extract:  20%|#9        | 115/578 [00:24<01:02,  7.42it/s]
Extract:  20%|##        | 116/578 [00:24<01:08,  6.71it/s]
Extract:  20%|##        | 117/578 [00:25<01:36,  4.78it/s]
Extract:  21%|##        | 120/578 [00:26<01:46,  4.30it/s]
Extract:  21%|##        | 121/578 [00:26<02:11,  3.46it/s]
Extract:  21%|##1       | 123/578 [00:26<01:38,  4.62it/s]
Extract:  21%|##1       | 124/578 [00:26<01:29,  5.08it/s]
Extract:  22%|##1       | 125/578 [00:27<01:54,  3.95it/s]
Extract:  22%|##1       | 126/578 [00:27<01:54,  3.95it/s]
Extract:  22%|##2       | 128/578 [00:27<01:27,  5.13it/s]
Extract:  22%|##2       | 130/578 [00:28<01:34,  4.75it/s]
Extract:  23%|##2       | 131/578 [00:28<02:02,  3.66it/s]
Extract:  23%|##2       | 132/578 [00:29<01:52,  3.95it/s]
Extract:  23%|##3       | 133/578 [00:29<02:21,  3.14it/s]
Extract:  23%|##3       | 134/578 [00:29<02:07,  3.47it/s]
Extract:  23%|##3       | 135/578 [00:30<01:57,  3.77it/s]
Extract:  24%|##3       | 136/578 [00:30<01:47,  4.10it/s]
Extract:  24%|##3       | 137/578 [00:30<02:13,  3.30it/s]
Extract:  24%|##3       | 138/578 [00:31<02:37,  2.80it/s]
Extract:  24%|##4       | 139/578 [00:31<02:40,  2.74it/s]
Extract:  24%|##4       | 141/578 [00:31<01:43,  4.22it/s]
Extract:  25%|##4       | 142/578 [00:31<01:31,  4.79it/s]
Extract:  25%|##5       | 146/578 [00:32<01:26,  4.98it/s]
Extract:  25%|##5       | 147/578 [00:32<01:23,  5.14it/s]
Extract:  26%|##5       | 148/578 [00:32<01:25,  5.03it/s]
Extract:  26%|##5       | 149/578 [00:33<02:16,  3.14it/s]
Extract:  26%|##5       | 150/578 [00:33<01:59,  3.59it/s]
Extract:  26%|##6       | 152/578 [00:33<01:19,  5.37it/s]
Extract:  26%|##6       | 153/578 [00:34<01:51,  3.81it/s]
Extract:  27%|##6       | 155/578 [00:34<01:47,  3.92it/s]
Extract:  27%|##7       | 157/578 [00:35<01:18,  5.38it/s]
Extract:  28%|##7       | 159/578 [00:35<01:03,  6.62it/s]
Extract:  28%|##7       | 161/578 [00:35<01:04,  6.44it/s]
Extract:  28%|##8       | 163/578 [00:36<01:27,  4.76it/s]
Extract:  28%|##8       | 164/578 [00:36<01:20,  5.14it/s]
Extract:  29%|##8       | 165/578 [00:36<01:16,  5.41it/s]
Extract:  29%|##8       | 166/578 [00:36<01:08,  5.99it/s]
Extract:  29%|##8       | 167/578 [00:37<01:50,  3.71it/s]
Extract:  29%|##9       | 168/578 [00:37<01:34,  4.32it/s]
Extract:  29%|##9       | 169/578 [00:37<01:28,  4.62it/s]
Extract:  29%|##9       | 170/578 [00:37<01:24,  4.84it/s]
Extract:  30%|##9       | 172/578 [00:38<01:22,  4.91it/s]
Extract:  30%|##9       | 173/578 [00:38<01:43,  3.92it/s]
Extract:  30%|###       | 174/578 [00:38<01:35,  4.24it/s]
Extract:  30%|###       | 175/578 [00:38<01:23,  4.85it/s]
Extract:  31%|###       | 177/578 [00:39<01:45,  3.80it/s]
Extract:  31%|###       | 178/578 [00:39<01:34,  4.23it/s]
Extract:  31%|###       | 179/578 [00:39<01:28,  4.50it/s]
Extract:  31%|###1      | 180/578 [00:40<01:45,  3.78it/s]
Extract:  31%|###1      | 181/578 [00:40<02:27,  2.69it/s]
Extract:  31%|###1      | 182/578 [00:41<02:13,  2.96it/s]
Extract:  32%|###1      | 184/578 [00:41<01:43,  3.81it/s]
Extract:  32%|###2      | 185/578 [00:42<02:22,  2.75it/s]
Extract:  32%|###2      | 186/578 [00:42<02:03,  3.17it/s]
Extract:  33%|###2      | 188/578 [00:42<01:31,  4.26it/s]
Extract:  33%|###2      | 189/578 [00:43<01:53,  3.41it/s]
Extract:  33%|###3      | 191/578 [00:43<01:45,  3.68it/s]
Extract:  33%|###3      | 192/578 [00:43<01:33,  4.14it/s]
Extract:  33%|###3      | 193/578 [00:43<01:21,  4.73it/s]
Extract:  34%|###3      | 195/578 [00:43<01:00,  6.28it/s]
Extract:  34%|###4      | 197/578 [00:44<01:45,  3.60it/s]
Extract:  34%|###4      | 198/578 [00:45<01:41,  3.76it/s]
Extract:  35%|###4      | 201/578 [00:45<01:34,  4.00it/s]
Extract:  35%|###4      | 202/578 [00:46<01:31,  4.11it/s]
Extract:  35%|###5      | 203/578 [00:46<02:06,  2.95it/s]
Extract:  35%|###5      | 205/578 [00:46<01:28,  4.20it/s]
Extract:  36%|###5      | 206/578 [00:47<01:22,  4.51it/s]
Extract:  36%|###5      | 207/578 [00:47<01:21,  4.54it/s]
Extract:  36%|###6      | 209/578 [00:47<00:58,  6.32it/s]
Extract:  36%|###6      | 210/578 [00:47<01:00,  6.06it/s]
Extract:  37%|###6      | 212/578 [00:48<01:21,  4.50it/s]
Extract:  37%|###6      | 213/578 [00:48<01:19,  4.61it/s]
Extract:  37%|###7      | 215/578 [00:49<01:33,  3.86it/s]
Extract:  38%|###7      | 217/578 [00:49<01:15,  4.77it/s]
Extract:  38%|###8      | 220/578 [00:49<00:57,  6.26it/s]
Extract:  38%|###8      | 221/578 [00:49<00:55,  6.41it/s]
Extract:  39%|###8      | 223/578 [00:50<01:17,  4.56it/s]
Extract:  39%|###8      | 224/578 [00:50<01:10,  5.03it/s]
Extract:  39%|###8      | 225/578 [00:50<01:29,  3.93it/s]
Extract:  39%|###9      | 226/578 [00:51<01:26,  4.08it/s]
Extract:  39%|###9      | 227/578 [00:51<01:20,  4.38it/s]
Extract:  40%|###9      | 229/578 [00:51<01:06,  5.29it/s]
Extract:  40%|###9      | 230/578 [00:52<01:20,  4.34it/s]
Extract:  40%|###9      | 231/578 [00:52<01:25,  4.05it/s]
Extract:  40%|####      | 232/578 [00:52<01:18,  4.42it/s]
Extract:  40%|####      | 233/578 [00:52<01:08,  5.05it/s]
Extract:  40%|####      | 234/578 [00:52<01:04,  5.35it/s]
Extract:  41%|####      | 235/578 [00:52<00:57,  5.92it/s]
Extract:  41%|####      | 236/578 [00:53<01:29,  3.80it/s]
Extract:  41%|####1     | 237/578 [00:53<01:51,  3.05it/s]
Extract:  41%|####1     | 239/578 [00:54<01:14,  4.57it/s]
Extract:  42%|####1     | 240/578 [00:54<01:11,  4.70it/s]
Extract:  42%|####1     | 242/578 [00:54<00:53,  6.28it/s]
Extract:  42%|####2     | 244/578 [00:55<01:33,  3.56it/s]
Extract:  42%|####2     | 245/578 [00:55<01:25,  3.91it/s]
Extract:  43%|####2     | 247/578 [00:55<01:16,  4.34it/s]
Extract:  43%|####2     | 248/578 [00:56<01:18,  4.20it/s]
Extract:  43%|####3     | 249/578 [00:56<01:15,  4.35it/s]
Extract:  43%|####3     | 250/578 [00:56<01:08,  4.80it/s]
Extract:  43%|####3     | 251/578 [00:56<01:04,  5.06it/s]
Extract:  44%|####3     | 253/578 [00:56<00:47,  6.88it/s]
Extract:  44%|####4     | 255/578 [00:57<00:47,  6.81it/s]
Extract:  44%|####4     | 256/578 [00:57<01:12,  4.46it/s]
Extract:  44%|####4     | 257/578 [00:57<01:05,  4.91it/s]
Extract:  45%|####4     | 258/578 [00:57<00:58,  5.44it/s]
Extract:  45%|####4     | 259/578 [00:58<00:55,  5.70it/s]
Extract:  45%|####4     | 260/578 [00:58<00:49,  6.40it/s]
Extract:  45%|####5     | 261/578 [00:58<00:47,  6.72it/s]
Extract:  45%|####5     | 262/578 [00:58<01:11,  4.41it/s]
Extract:  46%|####5     | 263/578 [00:59<01:49,  2.89it/s]
Extract:  46%|####5     | 265/578 [00:59<01:30,  3.45it/s]
Extract:  46%|####6     | 266/578 [01:00<01:33,  3.35it/s]
Extract:  46%|####6     | 267/578 [01:00<01:50,  2.81it/s]
Extract:  46%|####6     | 268/578 [01:00<01:30,  3.42it/s]
Extract:  47%|####6     | 269/578 [01:01<02:10,  2.38it/s]
Extract:  47%|####6     | 271/578 [01:01<01:19,  3.88it/s]
Extract:  47%|####7     | 273/578 [01:02<01:19,  3.81it/s]
Extract:  47%|####7     | 274/578 [01:02<01:45,  2.87it/s]
Extract:  48%|####7     | 275/578 [01:03<01:59,  2.53it/s]
Extract:  48%|####7     | 276/578 [01:03<01:47,  2.80it/s]
Extract:  48%|####7     | 277/578 [01:03<01:27,  3.42it/s]
Extract:  48%|####8     | 280/578 [01:04<01:10,  4.22it/s]
Extract:  49%|####8     | 282/578 [01:04<00:56,  5.27it/s]
Extract:  49%|####8     | 283/578 [01:04<01:04,  4.59it/s]
Extract:  49%|####9     | 285/578 [01:05<01:02,  4.72it/s]
Extract:  49%|####9     | 286/578 [01:05<01:11,  4.07it/s]
Extract:  50%|####9     | 287/578 [01:05<01:04,  4.51it/s]
Extract:  50%|####9     | 288/578 [01:05<00:56,  5.13it/s]
Extract:  50%|#####     | 289/578 [01:06<01:00,  4.81it/s]
Extract:  50%|#####     | 290/578 [01:06<01:27,  3.30it/s]
Extract:  50%|#####     | 291/578 [01:06<01:13,  3.92it/s]
Extract:  51%|#####     | 293/578 [01:07<01:03,  4.52it/s]
Extract:  51%|#####     | 294/578 [01:07<00:56,  5.00it/s]
Extract:  51%|#####1    | 295/578 [01:07<01:24,  3.34it/s]
Extract:  51%|#####1    | 296/578 [01:07<01:12,  3.89it/s]
Extract:  51%|#####1    | 297/578 [01:08<01:38,  2.84it/s]
Extract:  52%|#####1    | 299/578 [01:08<01:06,  4.19it/s]
Extract:  52%|#####1    | 300/578 [01:08<00:59,  4.69it/s]
Extract:  52%|#####2    | 301/578 [01:09<01:03,  4.37it/s]
Extract:  52%|#####2    | 303/578 [01:09<00:45,  5.98it/s]
Extract:  53%|#####2    | 304/578 [01:09<01:09,  3.94it/s]
Extract:  53%|#####2    | 305/578 [01:10<01:04,  4.24it/s]
Extract:  53%|#####3    | 307/578 [01:10<01:05,  4.13it/s]
Extract:  53%|#####3    | 308/578 [01:10<01:04,  4.22it/s]
Extract:  53%|#####3    | 309/578 [01:11<01:25,  3.16it/s]
Extract:  54%|#####3    | 310/578 [01:11<01:17,  3.47it/s]
Extract:  54%|#####3    | 311/578 [01:12<01:56,  2.29it/s]
Extract:  54%|#####3    | 312/578 [01:13<02:09,  2.05it/s]
Extract:  54%|#####4    | 313/578 [01:13<01:43,  2.56it/s]
Extract:  54%|#####4    | 314/578 [01:13<01:35,  2.78it/s]
Extract:  55%|#####4    | 316/578 [01:13<01:20,  3.25it/s]
Extract:  55%|#####5    | 318/578 [01:14<01:18,  3.32it/s]
Extract:  55%|#####5    | 319/578 [01:14<01:16,  3.37it/s]
Extract:  55%|#####5    | 320/578 [01:15<01:27,  2.96it/s]
Extract:  56%|#####5    | 321/578 [01:15<01:15,  3.42it/s]
Extract:  56%|#####5    | 322/578 [01:15<01:14,  3.41it/s]
Extract:  56%|#####5    | 323/578 [01:15<01:07,  3.80it/s]
Extract:  56%|#####6    | 325/578 [01:16<00:45,  5.52it/s]
Extract:  56%|#####6    | 326/578 [01:16<00:49,  5.14it/s]
Extract:  57%|#####6    | 328/578 [01:16<00:44,  5.61it/s]
Extract:  57%|#####7    | 330/578 [01:16<00:39,  6.35it/s]
Extract:  57%|#####7    | 331/578 [01:17<00:42,  5.87it/s]
Extract:  57%|#####7    | 332/578 [01:17<00:44,  5.49it/s]
Extract:  58%|#####7    | 334/578 [01:17<00:34,  7.07it/s]
Extract:  58%|#####7    | 335/578 [01:17<00:34,  7.10it/s]
Extract:  58%|#####8    | 337/578 [01:17<00:28,  8.59it/s]
Extract:  59%|#####8    | 339/578 [01:17<00:27,  8.78it/s]
Extract:  59%|#####8    | 341/578 [01:18<00:26,  8.82it/s]
Extract:  59%|#####9    | 342/578 [01:18<00:42,  5.58it/s]
Extract:  60%|#####9    | 344/578 [01:19<00:47,  4.96it/s]
Extract:  60%|#####9    | 345/578 [01:19<00:43,  5.37it/s]
Extract:  60%|#####9    | 346/578 [01:19<00:38,  5.98it/s]
Extract:  60%|######    | 348/578 [01:19<00:31,  7.23it/s]
Extract:  60%|######    | 349/578 [01:19<00:46,  4.96it/s]
Extract:  61%|######    | 350/578 [01:20<00:42,  5.38it/s]
Extract:  61%|######    | 351/578 [01:20<01:00,  3.76it/s]
Extract:  61%|######1   | 353/578 [01:20<00:49,  4.52it/s]
Extract:  61%|######1   | 355/578 [01:21<00:40,  5.57it/s]
Extract:  62%|######1   | 356/578 [01:21<00:54,  4.08it/s]
Extract:  62%|######1   | 357/578 [01:21<00:52,  4.22it/s]
Extract:  62%|######2   | 359/578 [01:22<00:41,  5.24it/s]
Extract:  62%|######2   | 360/578 [01:22<00:38,  5.64it/s]
Extract:  63%|######2   | 362/578 [01:22<00:45,  4.77it/s]
Extract:  63%|######2   | 363/578 [01:22<00:43,  4.99it/s]
Extract:  63%|######2   | 364/578 [01:23<00:40,  5.29it/s]
Extract:  63%|######3   | 365/578 [01:23<00:40,  5.28it/s]
Extract:  63%|######3   | 366/578 [01:23<00:39,  5.36it/s]
Extract:  63%|######3   | 367/578 [01:24<01:12,  2.90it/s]
Extract:  64%|######3   | 368/578 [01:24<01:07,  3.11it/s]
Extract:  64%|######3   | 369/578 [01:24<01:19,  2.63it/s]
Extract:  64%|######4   | 371/578 [01:25<00:47,  4.32it/s]
Extract:  65%|######4   | 373/578 [01:25<00:46,  4.37it/s]
Extract:  65%|######4   | 374/578 [01:25<00:43,  4.68it/s]
Extract:  65%|######5   | 376/578 [01:26<00:39,  5.16it/s]
Extract:  65%|######5   | 377/578 [01:26<00:42,  4.75it/s]
Extract:  65%|######5   | 378/578 [01:26<00:37,  5.28it/s]
Extract:  66%|######5   | 379/578 [01:26<00:33,  5.93it/s]
Extract:  66%|######5   | 380/578 [01:26<00:37,  5.23it/s]
Extract:  66%|######5   | 381/578 [01:26<00:35,  5.54it/s]
Extract:  66%|######6   | 382/578 [01:27<00:44,  4.36it/s]
Extract:  66%|######6   | 383/578 [01:27<00:39,  4.91it/s]
Extract:  66%|######6   | 384/578 [01:27<00:49,  3.91it/s]
Extract:  67%|######6   | 386/578 [01:27<00:35,  5.43it/s]
Extract:  67%|######6   | 387/578 [01:28<00:38,  4.93it/s]
Extract:  67%|######7   | 389/578 [01:28<00:26,  7.06it/s]
Extract:  67%|######7   | 390/578 [01:28<00:25,  7.42it/s]
Extract:  68%|######7   | 391/578 [01:28<00:27,  6.79it/s]
Extract:  68%|######7   | 392/578 [01:28<00:29,  6.23it/s]
Extract:  68%|######7   | 393/578 [01:29<00:35,  5.20it/s]
Extract:  68%|######8   | 394/578 [01:29<00:33,  5.41it/s]
Extract:  68%|######8   | 395/578 [01:29<00:36,  5.02it/s]
Extract:  69%|######8   | 397/578 [01:29<00:32,  5.63it/s]
Extract:  69%|######8   | 398/578 [01:29<00:29,  6.02it/s]
Extract:  69%|######9   | 399/578 [01:30<00:29,  5.97it/s]
Extract:  69%|######9   | 400/578 [01:30<00:27,  6.51it/s]
Extract:  70%|######9   | 402/578 [01:30<00:23,  7.64it/s]
Extract:  70%|######9   | 404/578 [01:30<00:20,  8.49it/s]
Extract:  70%|#######   | 406/578 [01:30<00:22,  7.73it/s]
Extract:  70%|#######   | 407/578 [01:31<00:30,  5.64it/s]
Extract:  71%|#######   | 408/578 [01:32<00:59,  2.86it/s]
Extract:  71%|#######   | 410/578 [01:32<00:44,  3.75it/s]
Extract:  71%|#######1  | 412/578 [01:32<00:33,  4.95it/s]
Extract:  71%|#######1  | 413/578 [01:33<00:36,  4.52it/s]
Extract:  72%|#######1  | 415/578 [01:33<00:27,  5.90it/s]
Extract:  72%|#######1  | 416/578 [01:33<00:28,  5.64it/s]
Extract:  72%|#######2  | 417/578 [01:33<00:25,  6.26it/s]
Extract:  72%|#######2  | 418/578 [01:33<00:28,  5.68it/s]
Extract:  72%|#######2  | 419/578 [01:33<00:31,  5.02it/s]
Extract:  73%|#######2  | 421/578 [01:34<00:39,  3.99it/s]
Extract:  73%|#######3  | 424/578 [01:34<00:28,  5.49it/s]
Extract:  74%|#######3  | 425/578 [01:35<00:33,  4.52it/s]
Extract:  74%|#######3  | 426/578 [01:35<00:31,  4.76it/s]
Extract:  74%|#######3  | 427/578 [01:36<00:42,  3.52it/s]
Extract:  74%|#######4  | 428/578 [01:36<00:51,  2.89it/s]
Extract:  74%|#######4  | 429/578 [01:37<00:59,  2.51it/s]
Extract:  75%|#######4  | 431/578 [01:37<00:40,  3.67it/s]
Extract:  75%|#######4  | 432/578 [01:37<00:41,  3.55it/s]
Extract:  75%|#######4  | 433/578 [01:37<00:34,  4.18it/s]
Extract:  75%|#######5  | 434/578 [01:38<00:43,  3.33it/s]
Extract:  75%|#######5  | 435/578 [01:38<00:37,  3.82it/s]
Extract:  76%|#######5  | 437/578 [01:38<00:28,  4.98it/s]
Extract:  76%|#######5  | 438/578 [01:38<00:26,  5.28it/s]
Extract:  76%|#######5  | 439/578 [01:39<00:30,  4.51it/s]
Extract:  76%|#######6  | 441/578 [01:40<00:45,  3.03it/s]
Extract:  76%|#######6  | 442/578 [01:40<00:38,  3.50it/s]
Extract:  77%|#######6  | 443/578 [01:40<00:32,  4.17it/s]
Extract:  77%|#######6  | 444/578 [01:40<00:28,  4.73it/s]
Extract:  77%|#######6  | 445/578 [01:41<00:42,  3.12it/s]
Extract:  77%|#######7  | 447/578 [01:41<00:27,  4.68it/s]
Extract:  78%|#######7  | 449/578 [01:41<00:20,  6.35it/s]
Extract:  78%|#######7  | 450/578 [01:41<00:32,  3.89it/s]
Extract:  78%|#######8  | 451/578 [01:42<00:44,  2.84it/s]
Extract:  78%|#######8  | 452/578 [01:42<00:37,  3.37it/s]
Extract:  79%|#######8  | 454/578 [01:42<00:28,  4.39it/s]
Extract:  79%|#######8  | 455/578 [01:43<00:24,  5.01it/s]
Extract:  79%|#######8  | 456/578 [01:43<00:21,  5.71it/s]
Extract:  79%|#######9  | 458/578 [01:43<00:20,  5.73it/s]
Extract:  80%|#######9  | 460/578 [01:43<00:15,  7.66it/s]
Extract:  80%|#######9  | 462/578 [01:43<00:15,  7.27it/s]
Extract:  80%|########  | 463/578 [01:44<00:20,  5.57it/s]
Extract:  80%|########  | 465/578 [01:44<00:15,  7.22it/s]
Extract:  81%|########  | 466/578 [01:44<00:18,  6.21it/s]
Extract:  81%|########  | 467/578 [01:45<00:22,  4.85it/s]
Extract:  81%|########  | 468/578 [01:45<00:32,  3.40it/s]
Extract:  81%|########1 | 470/578 [01:45<00:25,  4.22it/s]
Extract:  81%|########1 | 471/578 [01:46<00:28,  3.73it/s]
Extract:  82%|########1 | 472/578 [01:46<00:29,  3.65it/s]
Extract:  82%|########1 | 473/578 [01:46<00:26,  3.96it/s]
Extract:  82%|########2 | 474/578 [01:47<00:25,  4.02it/s]
Extract:  82%|########2 | 475/578 [01:47<00:22,  4.57it/s]
Extract:  82%|########2 | 476/578 [01:47<00:32,  3.09it/s]
Extract:  83%|########2 | 477/578 [01:47<00:29,  3.46it/s]
Extract:  83%|########2 | 478/578 [01:48<00:32,  3.06it/s]
Extract:  83%|########2 | 479/578 [01:48<00:28,  3.53it/s]
Extract:  83%|########3 | 481/578 [01:48<00:20,  4.80it/s]
Extract:  84%|########3 | 483/578 [01:48<00:14,  6.40it/s]
Extract:  84%|########3 | 485/578 [01:49<00:11,  7.94it/s]
Extract:  84%|########4 | 487/578 [01:49<00:14,  6.25it/s]
Extract:  85%|########4 | 489/578 [01:50<00:19,  4.46it/s]
Extract:  85%|########4 | 490/578 [01:50<00:18,  4.65it/s]
Extract:  85%|########4 | 491/578 [01:50<00:19,  4.44it/s]
Extract:  85%|########5 | 492/578 [01:50<00:20,  4.15it/s]
Extract:  85%|########5 | 493/578 [01:51<00:18,  4.50it/s]
Extract:  85%|########5 | 494/578 [01:51<00:17,  4.92it/s]
Extract:  86%|########5 | 496/578 [01:51<00:11,  6.91it/s]
Extract:  86%|########6 | 498/578 [01:52<00:15,  5.04it/s]
Extract:  87%|########6 | 501/578 [01:52<00:10,  7.36it/s]
Extract:  87%|########7 | 504/578 [01:52<00:08,  8.60it/s]
Extract:  88%|########7 | 506/578 [01:52<00:11,  6.40it/s]
Extract:  88%|########7 | 507/578 [01:53<00:10,  6.80it/s]
Extract:  88%|########7 | 508/578 [01:53<00:10,  6.38it/s]
Extract:  88%|########8 | 510/578 [01:53<00:10,  6.65it/s]
Extract:  89%|########8 | 512/578 [01:53<00:09,  6.71it/s]
Extract:  89%|########8 | 514/578 [01:53<00:07,  8.08it/s]
Extract:  89%|########9 | 515/578 [01:54<00:09,  6.91it/s]
Extract:  89%|########9 | 516/578 [01:54<00:12,  4.78it/s]
Extract:  89%|########9 | 517/578 [01:54<00:12,  4.86it/s]
Extract:  90%|########9 | 519/578 [01:55<00:10,  5.42it/s]
Extract:  90%|########9 | 520/578 [01:55<00:09,  5.96it/s]
Extract:  90%|######### | 522/578 [01:55<00:07,  7.48it/s]
Extract:  90%|######### | 523/578 [01:55<00:07,  7.14it/s]
Extract:  91%|######### | 524/578 [01:55<00:07,  7.23it/s]
Extract:  91%|#########1| 526/578 [01:56<00:15,  3.39it/s]
Extract:  91%|#########1| 528/578 [01:56<00:10,  4.58it/s]
Extract:  92%|#########1| 530/578 [01:57<00:09,  5.30it/s]
Extract:  92%|#########1| 531/578 [01:57<00:08,  5.76it/s]
Extract:  92%|#########2| 532/578 [01:57<00:07,  6.23it/s]
Extract:  92%|#########2| 534/578 [01:57<00:06,  6.63it/s]
Extract:  93%|#########2| 536/578 [01:57<00:05,  8.34it/s]
Extract:  93%|#########3| 538/578 [01:58<00:06,  6.36it/s]
Extract:  93%|#########3| 540/578 [01:58<00:07,  5.26it/s]
Extract:  94%|#########3| 541/578 [01:59<00:07,  5.14it/s]
Extract:  94%|#########3| 543/578 [01:59<00:06,  5.49it/s]
Extract:  94%|#########4| 546/578 [02:00<00:06,  4.95it/s]
Extract:  95%|#########4| 547/578 [02:00<00:07,  4.05it/s]
Extract:  95%|#########5| 550/578 [02:00<00:04,  6.03it/s]
Extract:  96%|#########5| 553/578 [02:01<00:04,  5.12it/s]
Extract:  96%|#########5| 554/578 [02:02<00:06,  3.60it/s]
Extract:  96%|#########6| 555/578 [02:02<00:07,  2.89it/s]
Extract:  96%|#########6| 556/578 [02:03<00:07,  2.91it/s]
Extract:  96%|#########6| 557/578 [02:03<00:07,  2.96it/s]
Extract:  97%|#########6| 559/578 [02:03<00:04,  4.19it/s]
Extract:  97%|#########6| 560/578 [02:04<00:05,  3.25it/s]
Extract:  97%|#########7| 561/578 [02:04<00:05,  3.37it/s]
Extract:  98%|#########7| 564/578 [02:05<00:04,  2.97it/s]
Extract:  98%|#########7| 565/578 [02:06<00:04,  2.66it/s]
Extract:  98%|#########7| 566/578 [02:06<00:03,  3.11it/s]
Extract:  98%|#########8| 567/578 [02:06<00:03,  3.34it/s]
Extract:  98%|#########8| 568/578 [02:07<00:03,  2.61it/s]
Extract:  99%|#########8| 570/578 [02:07<00:02,  3.91it/s]
Extract:  99%|#########8| 572/578 [02:07<00:01,  4.76it/s]
Extract:  99%|#########9| 574/578 [02:07<00:00,  6.13it/s]
Extract:  99%|#########9| 575/578 [02:07<00:00,  5.91it/s]
Extract: 100%|#########9| 576/578 [02:08<00:00,  4.04it/s]
Extract: 100%|##########| 578/578 [02:08<00:00,  4.50it/s]

Extract:   0%|          | 0/578 [00:00<?, ?it/s]
Extract:   0%|          | 2/578 [00:00<00:30, 19.12it/s]
Extract:   1%|          | 4/578 [00:00<01:22,  6.99it/s]
Extract:   1%|1         | 6/578 [00:00<01:25,  6.68it/s]
Extract:   1%|1         | 7/578 [00:01<01:49,  5.20it/s]
Extract:   1%|1         | 8/578 [00:01<02:24,  3.95it/s]
Extract:   2%|1         | 9/578 [00:01<02:36,  3.64it/s]
Extract:   2%|1         | 10/578 [00:02<02:39,  3.56it/s]
Extract:   2%|1         | 11/578 [00:02<02:41,  3.51it/s]
Extract:   2%|2         | 12/578 [00:03<03:48,  2.48it/s]
Extract:   2%|2         | 13/578 [00:03<03:16,  2.87it/s]
Extract:   2%|2         | 14/578 [00:03<03:32,  2.65it/s]
Extract:   3%|2         | 15/578 [00:04<03:53,  2.41it/s]
Extract:   3%|2         | 16/578 [00:04<03:11,  2.94it/s]
Extract:   3%|3         | 18/578 [00:04<01:56,  4.80it/s]
Extract:   3%|3         | 20/578 [00:04<01:22,  6.74it/s]
Extract:   4%|3         | 22/578 [00:05<01:58,  4.69it/s]
Extract:   4%|3         | 23/578 [00:05<01:58,  4.69it/s]
Extract:   4%|4         | 24/578 [00:05<01:44,  5.30it/s]
Extract:   5%|4         | 27/578 [00:06<01:37,  5.67it/s]
Extract:   5%|5         | 29/578 [00:06<01:19,  6.92it/s]
Extract:   5%|5         | 30/578 [00:06<01:37,  5.60it/s]
Extract:   5%|5         | 31/578 [00:07<02:03,  4.42it/s]
Extract:   6%|5         | 33/578 [00:07<01:29,  6.08it/s]
Extract:   6%|6         | 35/578 [00:07<01:16,  7.12it/s]
Extract:   6%|6         | 36/578 [00:07<01:11,  7.54it/s]
Extract:   6%|6         | 37/578 [00:07<01:40,  5.39it/s]
Extract:   7%|6         | 38/578 [00:08<01:48,  4.99it/s]
Extract:   7%|6         | 40/578 [00:08<01:32,  5.80it/s]
Extract:   7%|7         | 41/578 [00:08<01:29,  5.99it/s]
Extract:   7%|7         | 42/578 [00:09<02:26,  3.67it/s]
Extract:   7%|7         | 43/578 [00:09<03:33,  2.51it/s]
Extract:   8%|7         | 45/578 [00:10<02:18,  3.86it/s]
Extract:   8%|7         | 46/578 [00:10<02:01,  4.38it/s]
Extract:   8%|8         | 47/578 [00:10<02:03,  4.29it/s]
Extract:   8%|8         | 49/578 [00:10<01:27,  6.01it/s]
Extract:   9%|8         | 50/578 [00:11<02:13,  3.97it/s]
Extract:   9%|8         | 51/578 [00:11<02:39,  3.31it/s]
Extract:   9%|8         | 52/578 [00:12<03:27,  2.54it/s]
Extract:   9%|9         | 54/578 [00:12<02:49,  3.09it/s]
Extract:  10%|9         | 55/578 [00:13<02:55,  2.98it/s]
Extract:  10%|9         | 56/578 [00:13<02:30,  3.47it/s]
Extract:  10%|#         | 58/578 [00:13<02:11,  3.97it/s]
Extract:  10%|#         | 59/578 [00:13<02:15,  3.84it/s]
Extract:  10%|#         | 60/578 [00:14<02:35,  3.34it/s]
Extract:  11%|#         | 61/578 [00:14<02:55,  2.95it/s]
Extract:  11%|#1        | 64/578 [00:15<01:52,  4.58it/s]
Extract:  11%|#1        | 65/578 [00:15<02:07,  4.03it/s]
Extract:  11%|#1        | 66/578 [00:15<01:54,  4.46it/s]
Extract:  12%|#1        | 67/578 [00:16<02:48,  3.04it/s]
Extract:  12%|#1        | 69/578 [00:16<02:33,  3.31it/s]
Extract:  12%|#2        | 71/578 [00:16<01:54,  4.41it/s]
Extract:  12%|#2        | 72/578 [00:17<01:44,  4.85it/s]
Extract:  13%|#2        | 73/578 [00:17<02:08,  3.94it/s]
Extract:  13%|#2        | 75/578 [00:17<01:31,  5.49it/s]
Extract:  13%|#3        | 76/578 [00:17<01:30,  5.53it/s]
Extract:  13%|#3        | 77/578 [00:18<02:05,  3.99it/s]
Extract:  14%|#3        | 80/578 [00:18<01:19,  6.29it/s]
Extract:  14%|#4        | 81/578 [00:18<01:16,  6.52it/s]
Extract:  14%|#4        | 82/578 [00:18<01:11,  6.90it/s]
Extract:  14%|#4        | 83/578 [00:18<01:10,  7.01it/s]
Extract:  15%|#4        | 84/578 [00:19<02:28,  3.32it/s]
Extract:  15%|#4        | 85/578 [00:19<02:03,  3.98it/s]
Extract:  15%|#4        | 86/578 [00:19<01:46,  4.63it/s]
Extract:  15%|#5        | 88/578 [00:20<01:10,  6.95it/s]
Extract:  16%|#5        | 90/578 [00:20<01:50,  4.42it/s]
Extract:  16%|#5        | 91/578 [00:21<02:31,  3.22it/s]
Extract:  16%|#5        | 92/578 [00:22<03:24,  2.37it/s]
Extract:  16%|#6        | 94/578 [00:22<02:34,  3.13it/s]
Extract:  17%|#6        | 96/578 [00:23<02:29,  3.22it/s]
Extract:  17%|#6        | 97/578 [00:23<02:10,  3.68it/s]
Extract:  17%|#6        | 98/578 [00:23<02:07,  3.76it/s]
Extract:  17%|#7        | 100/578 [00:23<01:43,  4.62it/s]
Extract:  18%|#7        | 103/578 [00:23<01:05,  7.21it/s]
Extract:  18%|#8        | 105/578 [00:24<01:00,  7.84it/s]
Extract:  19%|#8        | 107/578 [00:25<02:03,  3.83it/s]
Extract:  19%|#8        | 108/578 [00:25<02:15,  3.48it/s]
Extract:  19%|#9        | 110/578 [00:26<02:05,  3.74it/s]
Extract:  19%|#9        | 111/578 [00:26<02:31,  3.09it/s]
Extract:  20%|#9        | 113/578 [00:26<02:01,  3.82it/s]
Extract:  20%|#9        | 114/578 [00:27<02:19,  3.32it/s]
Extract:  20%|#9        | 115/578 [00:27<02:15,  3.43it/s]
Extract:  20%|##        | 116/578 [00:27<02:17,  3.36it/s]
Extract:  20%|##        | 117/578 [00:28<02:39,  2.88it/s]
Extract:  21%|##        | 120/578 [00:28<01:51,  4.12it/s]
Extract:  21%|##        | 121/578 [00:29<02:19,  3.28it/s]
Extract:  21%|##1       | 123/578 [00:29<01:40,  4.51it/s]
Extract:  21%|##1       | 124/578 [00:29<01:30,  5.00it/s]
Extract:  22%|##1       | 125/578 [00:30<02:48,  2.69it/s]
Extract:  22%|##1       | 126/578 [00:30<02:40,  2.81it/s]
Extract:  22%|##2       | 128/578 [00:31<02:00,  3.74it/s]
Extract:  22%|##2       | 130/578 [00:31<01:50,  4.06it/s]
Extract:  23%|##2       | 131/578 [00:32<02:11,  3.40it/s]
Extract:  23%|##2       | 132/578 [00:32<01:58,  3.77it/s]
Extract:  23%|##3       | 133/578 [00:32<02:08,  3.48it/s]
Extract:  23%|##3       | 134/578 [00:32<01:53,  3.91it/s]
Extract:  23%|##3       | 135/578 [00:33<01:44,  4.24it/s]
Extract:  24%|##3       | 136/578 [00:33<01:37,  4.53it/s]
Extract:  24%|##3       | 137/578 [00:33<02:19,  3.16it/s]
Extract:  24%|##3       | 138/578 [00:34<03:29,  2.10it/s]
Extract:  24%|##4       | 139/578 [00:34<03:14,  2.26it/s]
Extract:  24%|##4       | 141/578 [00:35<01:57,  3.73it/s]
Extract:  25%|##4       | 144/578 [00:35<01:07,  6.42it/s]
Extract:  25%|##5       | 146/578 [00:35<01:32,  4.65it/s]
Extract:  25%|##5       | 147/578 [00:36<01:25,  5.05it/s]
Extract:  26%|##5       | 148/578 [00:36<01:18,  5.46it/s]
Extract:  26%|##5       | 149/578 [00:36<01:35,  4.49it/s]
Extract:  26%|##5       | 150/578 [00:36<01:24,  5.05it/s]
Extract:  26%|##6       | 153/578 [00:37<01:24,  5.01it/s]
Extract:  27%|##6       | 155/578 [00:37<01:25,  4.98it/s]
Extract:  27%|##7       | 157/578 [00:37<01:08,  6.13it/s]
Extract:  27%|##7       | 158/578 [00:37<01:04,  6.53it/s]
Extract:  28%|##7       | 160/578 [00:38<01:24,  4.96it/s]
Extract:  28%|##8       | 163/578 [00:39<01:24,  4.89it/s]
Extract:  29%|##8       | 165/578 [00:39<01:10,  5.90it/s]
Extract:  29%|##8       | 166/578 [00:39<01:07,  6.15it/s]
Extract:  29%|##8       | 167/578 [00:39<01:37,  4.20it/s]
Extract:  29%|##9       | 168/578 [00:40<01:32,  4.45it/s]
Extract:  29%|##9       | 169/578 [00:40<01:24,  4.83it/s]
Extract:  29%|##9       | 170/578 [00:40<01:24,  4.85it/s]
Extract:  30%|##9       | 172/578 [00:40<01:29,  4.56it/s]
Extract:  30%|##9       | 173/578 [00:41<02:07,  3.18it/s]
Extract:  30%|###       | 174/578 [00:41<01:57,  3.43it/s]
Extract:  30%|###       | 175/578 [00:41<01:38,  4.10it/s]
Extract:  30%|###       | 176/578 [00:42<01:24,  4.79it/s]
Extract:  31%|###       | 177/578 [00:42<02:13,  3.01it/s]
Extract:  31%|###       | 178/578 [00:42<02:01,  3.29it/s]
Extract:  31%|###       | 179/578 [00:43<02:33,  2.59it/s]
Extract:  31%|###1      | 180/578 [00:44<02:49,  2.35it/s]
Extract:  31%|###1      | 181/578 [00:44<03:04,  2.15it/s]
Extract:  31%|###1      | 182/578 [00:45<03:02,  2.16it/s]
Extract:  32%|###1      | 184/578 [00:45<02:22,  2.76it/s]
Extract:  32%|###2      | 185/578 [00:46<03:07,  2.09it/s]
Extract:  32%|###2      | 186/578 [00:46<02:41,  2.43it/s]
Extract:  33%|###2      | 188/578 [00:46<01:59,  3.27it/s]
Extract:  33%|###2      | 189/578 [00:47<02:33,  2.53it/s]
Extract:  33%|###3      | 191/578 [00:48<02:29,  2.58it/s]
Extract:  33%|###3      | 192/578 [00:48<02:09,  2.97it/s]
Extract:  33%|###3      | 193/578 [00:48<01:48,  3.55it/s]
Extract:  34%|###3      | 195/578 [00:48<01:14,  5.14it/s]
Extract:  34%|###4      | 197/578 [00:49<01:54,  3.34it/s]
Extract:  34%|###4      | 198/578 [00:49<01:50,  3.43it/s]
Extract:  35%|###4      | 201/578 [00:50<01:47,  3.51it/s]
Extract:  35%|###4      | 202/578 [00:51<01:47,  3.50it/s]
Extract:  35%|###5      | 203/578 [00:51<02:19,  2.69it/s]
Extract:  35%|###5      | 205/578 [00:51<01:36,  3.88it/s]
Extract:  36%|###5      | 206/578 [00:52<01:27,  4.26it/s]
Extract:  36%|###5      | 207/578 [00:52<01:37,  3.81it/s]
Extract:  36%|###6      | 209/578 [00:52<01:14,  4.98it/s]
Extract:  36%|###6      | 210/578 [00:52<01:17,  4.73it/s]
Extract:  37%|###6      | 212/578 [00:53<01:30,  4.06it/s]
Extract:  37%|###6      | 213/578 [00:53<01:28,  4.15it/s]
Extract:  37%|###7      | 215/578 [00:54<01:28,  4.08it/s]
Extract:  38%|###7      | 217/578 [00:54<01:15,  4.79it/s]
Extract:  38%|###8      | 220/578 [00:54<00:54,  6.55it/s]
Extract:  38%|###8      | 221/578 [00:54<00:54,  6.55it/s]
Extract:  39%|###8      | 223/578 [00:55<00:47,  7.54it/s]
Extract:  39%|###8      | 225/578 [00:55<01:08,  5.15it/s]
Extract:  39%|###9      | 226/578 [00:56<01:34,  3.71it/s]
Extract:  39%|###9      | 227/578 [00:56<01:26,  4.04it/s]
Extract:  40%|###9      | 229/578 [00:56<01:17,  4.49it/s]
Extract:  40%|###9      | 230/578 [00:57<01:40,  3.48it/s]
Extract:  40%|###9      | 231/578 [00:57<01:39,  3.47it/s]
Extract:  40%|####      | 232/578 [00:57<01:33,  3.72it/s]
Extract:  40%|####      | 233/578 [00:58<01:22,  4.19it/s]
Extract:  40%|####      | 234/578 [00:58<01:18,  4.38it/s]
Extract:  41%|####      | 235/578 [00:58<01:12,  4.70it/s]
Extract:  41%|####      | 236/578 [00:59<02:02,  2.80it/s]
Extract:  41%|####1     | 237/578 [00:59<02:23,  2.38it/s]
Extract:  41%|####1     | 239/578 [00:59<01:30,  3.75it/s]
Extract:  42%|####1     | 240/578 [01:00<01:26,  3.90it/s]
Extract:  42%|####1     | 242/578 [01:00<01:02,  5.41it/s]
Extract:  42%|####2     | 244/578 [01:00<01:23,  4.00it/s]
Extract:  42%|####2     | 245/578 [01:01<01:17,  4.30it/s]
Extract:  43%|####2     | 247/578 [01:01<01:18,  4.22it/s]
Extract:  43%|####2     | 248/578 [01:02<01:29,  3.69it/s]
Extract:  43%|####3     | 249/578 [01:02<01:22,  3.98it/s]
Extract:  43%|####3     | 250/578 [01:02<01:11,  4.56it/s]
Extract:  43%|####3     | 251/578 [01:02<01:14,  4.38it/s]
Extract:  44%|####3     | 252/578 [01:02<01:03,  5.14it/s]
Extract:  44%|####3     | 253/578 [01:02<00:58,  5.56it/s]
Extract:  44%|####4     | 255/578 [01:03<01:14,  4.36it/s]
Extract:  44%|####4     | 256/578 [01:04<02:41,  2.00it/s]
Extract:  44%|####4     | 257/578 [01:04<02:11,  2.43it/s]
Extract:  45%|####4     | 258/578 [01:05<01:50,  2.90it/s]
Extract:  45%|####4     | 259/578 [01:05<01:31,  3.48it/s]
Extract:  45%|####4     | 260/578 [01:05<01:17,  4.08it/s]
Extract:  45%|####5     | 261/578 [01:05<01:07,  4.67it/s]
Extract:  45%|####5     | 262/578 [01:06<01:42,  3.09it/s]
Extract:  46%|####5     | 263/578 [01:06<02:22,  2.21it/s]
Extract:  46%|####5     | 264/578 [01:06<01:50,  2.83it/s]
Extract:  46%|####5     | 265/578 [01:07<01:57,  2.67it/s]
Extract:  46%|####6     | 266/578 [01:07<01:52,  2.77it/s]
Extract:  46%|####6     | 267/578 [01:08<02:09,  2.40it/s]
Extract:  46%|####6     | 268/578 [01:08<01:45,  2.94it/s]
Extract:  47%|####6     | 269/578 [01:09<02:06,  2.44it/s]
Extract:  47%|####6     | 271/578 [01:09<01:17,  3.95it/s]
Extract:  47%|####7     | 273/578 [01:09<01:36,  3.15it/s]
Extract:  47%|####7     | 274/578 [01:10<02:16,  2.23it/s]
Extract:  48%|####7     | 275/578 [01:11<02:33,  1.97it/s]
Extract:  48%|####7     | 276/578 [01:11<02:12,  2.29it/s]
Extract:  48%|####7     | 277/578 [01:12<01:49,  2.74it/s]
Extract:  48%|####8     | 280/578 [01:13<01:48,  2.76it/s]
Extract:  49%|####8     | 282/578 [01:13<01:20,  3.67it/s]
Extract:  49%|####8     | 283/578 [01:13<01:29,  3.30it/s]
Extract:  49%|####9     | 284/578 [01:13<01:16,  3.85it/s]
Extract:  49%|####9     | 285/578 [01:14<01:18,  3.73it/s]
Extract:  49%|####9     | 286/578 [01:14<01:17,  3.74it/s]
Extract:  50%|####9     | 287/578 [01:14<01:09,  4.19it/s]
Extract:  50%|####9     | 288/578 [01:14<01:01,  4.73it/s]
Extract:  50%|#####     | 289/578 [01:14<00:58,  4.92it/s]
Extract:  50%|#####     | 290/578 [01:15<01:34,  3.04it/s]
Extract:  51%|#####     | 292/578 [01:15<01:01,  4.68it/s]
Extract:  51%|#####     | 294/578 [01:15<00:49,  5.70it/s]
Extract:  51%|#####1    | 295/578 [01:16<01:19,  3.54it/s]
Extract:  51%|#####1    | 296/578 [01:16<01:08,  4.10it/s]
Extract:  51%|#####1    | 297/578 [01:17<01:36,  2.91it/s]
Extract:  52%|#####1    | 299/578 [01:17<01:06,  4.20it/s]
Extract:  52%|#####1    | 300/578 [01:17<01:00,  4.59it/s]
Extract:  52%|#####2    | 301/578 [01:17<01:08,  4.05it/s]
Extract:  52%|#####2    | 303/578 [01:18<00:50,  5.40it/s]
Extract:  53%|#####2    | 304/578 [01:19<01:32,  2.96it/s]
Extract:  53%|#####2    | 305/578 [01:19<01:24,  3.25it/s]
Extract:  53%|#####3    | 307/578 [01:19<01:23,  3.23it/s]
Extract:  53%|#####3    | 308/578 [01:20<01:27,  3.08it/s]
Extract:  53%|#####3    | 309/578 [01:21<02:38,  1.69it/s]
Extract:  54%|#####3    | 310/578 [01:21<02:15,  1.97it/s]
Extract:  54%|#####3    | 311/578 [01:22<02:38,  1.69it/s]
Extract:  54%|#####3    | 312/578 [01:23<03:16,  1.36it/s]
Extract:  54%|#####4    | 313/578 [01:24<02:35,  1.71it/s]
Extract:  54%|#####4    | 314/578 [01:24<02:26,  1.80it/s]
Extract:  55%|#####4    | 316/578 [01:24<01:46,  2.45it/s]
Extract:  55%|#####5    | 318/578 [01:25<01:40,  2.58it/s]
Extract:  55%|#####5    | 319/578 [01:25<01:35,  2.71it/s]
Extract:  55%|#####5    | 320/578 [01:26<01:48,  2.38it/s]
Extract:  56%|#####5    | 321/578 [01:26<01:30,  2.83it/s]
Extract:  56%|#####5    | 322/578 [01:27<01:29,  2.86it/s]
Extract:  56%|#####5    | 323/578 [01:27<01:19,  3.21it/s]
Extract:  56%|#####6    | 325/578 [01:27<00:53,  4.73it/s]
Extract:  56%|#####6    | 326/578 [01:27<00:55,  4.53it/s]
Extract:  57%|#####6    | 328/578 [01:28<00:48,  5.18it/s]
Extract:  57%|#####7    | 330/578 [01:28<00:42,  5.90it/s]
Extract:  57%|#####7    | 331/578 [01:28<00:47,  5.17it/s]
Extract:  57%|#####7    | 332/578 [01:28<00:59,  4.11it/s]
Extract:  58%|#####7    | 334/578 [01:29<00:42,  5.71it/s]
Extract:  58%|#####7    | 335/578 [01:29<00:40,  5.95it/s]
Extract:  58%|#####8    | 337/578 [01:29<00:37,  6.41it/s]
Extract:  59%|#####8    | 339/578 [01:29<00:38,  6.13it/s]
Extract:  59%|#####8    | 340/578 [01:30<00:37,  6.30it/s]
Extract:  59%|#####8    | 341/578 [01:30<00:39,  6.07it/s]
Extract:  59%|#####9    | 342/578 [01:30<00:46,  5.13it/s]
Extract:  60%|#####9    | 344/578 [01:31<01:33,  2.49it/s]
Extract:  60%|#####9    | 345/578 [01:32<01:22,  2.82it/s]
Extract:  60%|#####9    | 346/578 [01:32<01:12,  3.21it/s]
Extract:  60%|######    | 347/578 [01:32<01:03,  3.66it/s]
Extract:  60%|######    | 348/578 [01:32<00:54,  4.22it/s]
Extract:  60%|######    | 349/578 [01:33<01:47,  2.13it/s]
Extract:  61%|######    | 350/578 [01:33<01:30,  2.52it/s]
Extract:  61%|######    | 351/578 [01:34<02:07,  1.78it/s]
Extract:  61%|######    | 352/578 [01:34<01:38,  2.29it/s]
Extract:  61%|######1   | 353/578 [01:35<01:36,  2.32it/s]
Extract:  61%|######1   | 355/578 [01:35<01:09,  3.21it/s]
Extract:  62%|######1   | 356/578 [01:36<01:52,  1.97it/s]
Extract:  62%|######1   | 357/578 [01:37<02:12,  1.66it/s]
Extract:  62%|######1   | 358/578 [01:38<02:44,  1.33it/s]
Extract:  62%|######2   | 359/578 [01:39<02:30,  1.46it/s]
Extract:  62%|######2   | 360/578 [01:39<02:13,  1.63it/s]
Extract:  62%|######2   | 361/578 [01:40<01:48,  2.00it/s]
Extract:  63%|######2   | 362/578 [01:40<02:14,  1.60it/s]
Extract:  63%|######2   | 363/578 [01:41<01:52,  1.91it/s]
Extract:  63%|######2   | 364/578 [01:41<01:26,  2.48it/s]
Extract:  63%|######3   | 365/578 [01:41<01:20,  2.66it/s]
Extract:  63%|######3   | 366/578 [01:41<01:18,  2.71it/s]
Extract:  63%|######3   | 367/578 [01:42<01:35,  2.21it/s]
Extract:  64%|######3   | 368/578 [01:43<01:28,  2.36it/s]
Extract:  64%|######3   | 369/578 [01:44<02:21,  1.48it/s]
Extract:  64%|######4   | 371/578 [01:44<01:24,  2.45it/s]
Extract:  65%|######4   | 373/578 [01:45<01:14,  2.77it/s]
Extract:  65%|######4   | 374/578 [01:45<01:06,  3.07it/s]
Extract:  65%|######5   | 376/578 [01:45<00:59,  3.37it/s]
Extract:  65%|######5   | 377/578 [01:46<01:05,  3.07it/s]
Extract:  65%|######5   | 378/578 [01:46<00:59,  3.38it/s]
Extract:  66%|######5   | 379/578 [01:46<00:50,  3.94it/s]
Extract:  66%|######5   | 380/578 [01:46<00:59,  3.34it/s]
Extract:  66%|######5   | 381/578 [01:47<00:56,  3.48it/s]
Extract:  66%|######6   | 382/578 [01:50<03:23,  1.04s/it]
Extract:  66%|######6   | 383/578 [01:50<02:40,  1.21it/s]
Extract:  66%|######6   | 384/578 [01:51<02:28,  1.31it/s]
Extract:  67%|######6   | 386/578 [01:51<01:36,  1.99it/s]
Extract:  67%|######6   | 387/578 [01:51<01:36,  1.98it/s]
Extract:  67%|######7   | 388/578 [01:52<01:17,  2.46it/s]
Extract:  67%|######7   | 390/578 [01:52<00:55,  3.37it/s]
Extract:  68%|######7   | 391/578 [01:52<00:55,  3.37it/s]
Extract:  68%|######7   | 392/578 [01:53<01:02,  2.97it/s]
Extract:  68%|######7   | 393/578 [01:54<01:30,  2.03it/s]
Extract:  68%|######8   | 394/578 [01:54<01:31,  2.01it/s]
Extract:  68%|######8   | 395/578 [01:55<01:36,  1.90it/s]
Extract:  69%|######8   | 397/578 [01:55<01:18,  2.30it/s]
Extract:  69%|######8   | 398/578 [01:56<01:11,  2.54it/s]
Extract:  69%|######9   | 399/578 [01:56<01:01,  2.93it/s]
Extract:  69%|######9   | 400/578 [01:56<00:50,  3.52it/s]
Extract:  69%|######9   | 401/578 [01:56<00:47,  3.75it/s]
Extract:  70%|######9   | 402/578 [01:56<00:43,  4.01it/s]
Extract:  70%|######9   | 403/578 [01:57<00:42,  4.14it/s]
Extract:  70%|######9   | 404/578 [01:57<00:57,  3.02it/s]
Extract:  70%|#######   | 405/578 [01:57<00:55,  3.14it/s]
Extract:  70%|#######   | 406/578 [01:59<01:36,  1.78it/s]
Extract:  70%|#######   | 407/578 [02:00<02:25,  1.18it/s]
Extract:  71%|#######   | 408/578 [02:01<02:49,  1.00it/s]
Extract:  71%|#######   | 409/578 [02:02<02:06,  1.34it/s]
Extract:  71%|#######   | 410/578 [02:02<01:44,  1.60it/s]
Extract:  71%|#######1  | 411/578 [02:02<01:18,  2.12it/s]
Extract:  71%|#######1  | 412/578 [02:02<01:13,  2.25it/s]
Extract:  71%|#######1  | 413/578 [02:03<01:32,  1.78it/s]
Extract:  72%|#######1  | 415/578 [02:04<01:02,  2.62it/s]
Extract:  72%|#######1  | 416/578 [02:04<01:04,  2.51it/s]
Extract:  72%|#######2  | 417/578 [02:04<00:58,  2.77it/s]
Extract:  72%|#######2  | 418/578 [02:05<00:55,  2.86it/s]
Extract:  72%|#######2  | 419/578 [02:05<01:01,  2.60it/s]
Extract:  73%|#######2  | 420/578 [02:05<00:52,  3.01it/s]
Extract:  73%|#######2  | 421/578 [02:06<01:24,  1.86it/s]
Extract:  73%|#######3  | 423/578 [02:06<00:49,  3.15it/s]
Extract:  73%|#######3  | 424/578 [02:07<00:53,  2.88it/s]
Extract:  74%|#######3  | 425/578 [02:08<01:23,  1.83it/s]
Extract:  74%|#######3  | 426/578 [02:08<01:21,  1.86it/s]
Extract:  74%|#######3  | 427/578 [02:10<01:45,  1.44it/s]
Extract:  74%|#######4  | 428/578 [02:13<03:21,  1.34s/it]
Extract:  74%|#######4  | 429/578 [02:14<03:39,  1.48s/it]
Extract:  75%|#######4  | 431/578 [02:15<02:11,  1.12it/s]
Extract:  75%|#######4  | 432/578 [02:15<01:55,  1.26it/s]
Extract:  75%|#######4  | 433/578 [02:15<01:33,  1.56it/s]
Extract:  75%|#######5  | 434/578 [02:17<02:14,  1.07it/s]
Extract:  75%|#######5  | 435/578 [02:18<01:54,  1.25it/s]
Extract:  75%|#######5  | 436/578 [02:18<01:26,  1.64it/s]
Extract:  76%|#######5  | 437/578 [02:18<01:13,  1.93it/s]
Extract:  76%|#######5  | 438/578 [02:18<01:02,  2.22it/s]
Extract:  76%|#######5  | 439/578 [02:19<01:04,  2.14it/s]
Extract:  76%|#######6  | 441/578 [02:20<01:01,  2.24it/s]
Extract:  76%|#######6  | 442/578 [02:20<00:56,  2.40it/s]
Extract:  77%|#######6  | 443/578 [02:20<00:49,  2.70it/s]
Extract:  77%|#######6  | 444/578 [02:21<00:47,  2.82it/s]
Extract:  77%|#######6  | 445/578 [02:22<01:13,  1.80it/s]
Extract:  77%|#######7  | 446/578 [02:22<00:59,  2.22it/s]
Extract:  77%|#######7  | 447/578 [02:22<00:49,  2.62it/s]
Extract:  78%|#######7  | 448/578 [02:22<00:49,  2.62it/s]
Extract:  78%|#######7  | 449/578 [02:23<00:41,  3.12it/s]
Extract:  78%|#######7  | 450/578 [02:24<01:09,  1.83it/s]
Extract:  78%|#######8  | 451/578 [02:25<01:25,  1.49it/s]
Extract:  78%|#######8  | 452/578 [02:25<01:08,  1.83it/s]
Extract:  78%|#######8  | 453/578 [02:25<00:52,  2.37it/s]
Extract:  79%|#######8  | 454/578 [02:25<00:45,  2.71it/s]
Extract:  79%|#######8  | 455/578 [02:25<00:39,  3.13it/s]
Extract:  79%|#######8  | 456/578 [02:26<00:34,  3.51it/s]
Extract:  79%|#######9  | 458/578 [02:26<00:38,  3.10it/s]
Extract:  79%|#######9  | 459/578 [02:27<00:37,  3.14it/s]
Extract:  80%|#######9  | 461/578 [02:27<00:29,  4.03it/s]
Extract:  80%|#######9  | 462/578 [02:27<00:26,  4.31it/s]
Extract:  80%|########  | 463/578 [02:28<00:34,  3.31it/s]
Extract:  80%|########  | 465/578 [02:28<00:25,  4.46it/s]
Extract:  81%|########  | 466/578 [02:28<00:29,  3.83it/s]
Extract:  81%|########  | 467/578 [02:29<00:36,  3.02it/s]
Extract:  81%|########  | 468/578 [02:30<00:54,  2.03it/s]
Extract:  81%|########1 | 469/578 [02:30<00:45,  2.42it/s]
Extract:  81%|########1 | 470/578 [02:30<00:44,  2.45it/s]
Extract:  81%|########1 | 471/578 [02:31<00:49,  2.14it/s]
Extract:  82%|########1 | 472/578 [02:31<00:49,  2.16it/s]
Extract:  82%|########1 | 473/578 [02:32<00:44,  2.37it/s]
Extract:  82%|########2 | 474/578 [02:32<00:45,  2.27it/s]
Extract:  82%|########2 | 475/578 [02:33<00:49,  2.10it/s]
Extract:  82%|########2 | 476/578 [02:34<01:05,  1.56it/s]
Extract:  83%|########2 | 477/578 [02:35<01:33,  1.08it/s]
Extract:  83%|########2 | 478/578 [02:36<01:12,  1.38it/s]
Extract:  83%|########2 | 479/578 [02:36<00:59,  1.65it/s]
Extract:  83%|########3 | 480/578 [02:36<00:46,  2.09it/s]
Extract:  83%|########3 | 481/578 [02:37<00:46,  2.10it/s]
Extract:  83%|########3 | 482/578 [02:37<00:35,  2.70it/s]
Extract:  84%|########3 | 483/578 [02:37<00:42,  2.22it/s]
Extract:  84%|########3 | 484/578 [02:38<00:34,  2.75it/s]
Extract:  84%|########3 | 485/578 [02:38<00:28,  3.28it/s]
Extract:  84%|########4 | 486/578 [02:38<00:24,  3.81it/s]
Extract:  84%|########4 | 487/578 [02:38<00:28,  3.23it/s]
Extract:  84%|########4 | 488/578 [02:39<00:23,  3.81it/s]
Extract:  85%|########4 | 489/578 [02:39<00:41,  2.13it/s]
Extract:  85%|########4 | 490/578 [02:40<00:38,  2.31it/s]
Extract:  85%|########4 | 491/578 [02:40<00:38,  2.25it/s]
Extract:  85%|########5 | 492/578 [02:41<00:37,  2.27it/s]
Extract:  85%|########5 | 493/578 [02:41<00:35,  2.39it/s]
Extract:  85%|########5 | 494/578 [02:42<00:57,  1.45it/s]
Extract:  86%|########5 | 495/578 [02:42<00:42,  1.95it/s]
Extract:  86%|########5 | 496/578 [02:43<00:33,  2.42it/s]
Extract:  86%|########5 | 497/578 [02:43<00:28,  2.86it/s]
Extract:  86%|########6 | 498/578 [02:44<00:39,  2.01it/s]
Extract:  86%|########6 | 499/578 [02:44<00:31,  2.54it/s]
Extract:  87%|########6 | 501/578 [02:44<00:21,  3.66it/s]
Extract:  87%|########7 | 503/578 [02:44<00:16,  4.55it/s]
Extract:  87%|########7 | 504/578 [02:45<00:20,  3.53it/s]
Extract:  87%|########7 | 505/578 [02:46<00:31,  2.33it/s]
Extract:  88%|########7 | 507/578 [02:46<00:23,  3.08it/s]
Extract:  88%|########7 | 508/578 [02:46<00:22,  3.05it/s]
Extract:  88%|########8 | 510/578 [02:47<00:20,  3.33it/s]
Extract:  88%|########8 | 511/578 [02:47<00:19,  3.50it/s]
Extract:  89%|########8 | 512/578 [02:48<00:22,  3.00it/s]
Extract:  89%|########8 | 513/578 [02:48<00:18,  3.55it/s]
Extract:  89%|########8 | 514/578 [02:48<00:15,  4.20it/s]
Extract:  89%|########9 | 515/578 [02:49<00:21,  2.89it/s]
Extract:  89%|########9 | 516/578 [02:49<00:29,  2.09it/s]
Extract:  89%|########9 | 517/578 [02:50<00:25,  2.35it/s]
Extract:  90%|########9 | 518/578 [02:50<00:20,  2.99it/s]
Extract:  90%|########9 | 519/578 [02:50<00:20,  2.90it/s]
Extract:  90%|########9 | 520/578 [02:50<00:17,  3.23it/s]
Extract:  90%|######### | 522/578 [02:51<00:12,  4.39it/s]
Extract:  90%|######### | 523/578 [02:51<00:13,  4.07it/s]
Extract:  91%|######### | 524/578 [02:51<00:13,  4.01it/s]
Extract:  91%|######### | 525/578 [02:52<00:13,  3.97it/s]
Extract:  91%|#########1| 526/578 [02:52<00:23,  2.21it/s]
Extract:  91%|#########1| 528/578 [02:53<00:15,  3.22it/s]
Extract:  92%|#########1| 529/578 [02:53<00:14,  3.32it/s]
Extract:  92%|#########1| 530/578 [02:53<00:13,  3.59it/s]
Extract:  92%|#########1| 531/578 [02:53<00:11,  3.99it/s]
Extract:  92%|#########2| 532/578 [02:54<00:10,  4.34it/s]
Extract:  92%|#########2| 533/578 [02:54<00:09,  4.58it/s]
Extract:  92%|#########2| 534/578 [02:54<00:11,  3.79it/s]
Extract:  93%|#########2| 535/578 [02:54<00:10,  4.08it/s]
Extract:  93%|#########2| 537/578 [02:55<00:10,  4.05it/s]
Extract:  93%|#########3| 538/578 [02:55<00:12,  3.20it/s]
Extract:  93%|#########3| 539/578 [02:56<00:12,  3.12it/s]
Extract:  93%|#########3| 540/578 [02:58<00:31,  1.21it/s]
Extract:  94%|#########3| 541/578 [02:58<00:25,  1.43it/s]
Extract:  94%|#########3| 543/578 [02:59<00:16,  2.06it/s]
Extract:  94%|#########4| 544/578 [02:59<00:13,  2.49it/s]
Extract:  94%|#########4| 545/578 [02:59<00:10,  3.08it/s]
Extract:  94%|#########4| 546/578 [03:00<00:17,  1.80it/s]
Extract:  95%|#########4| 547/578 [03:02<00:25,  1.21it/s]
Extract:  95%|#########4| 548/578 [03:02<00:19,  1.57it/s]
Extract:  95%|#########5| 550/578 [03:02<00:10,  2.60it/s]
Extract:  96%|#########5| 552/578 [03:02<00:06,  3.86it/s]
Extract:  96%|#########5| 553/578 [03:03<00:10,  2.34it/s]
Extract:  96%|#########5| 554/578 [03:04<00:13,  1.73it/s]
Extract:  96%|#########6| 555/578 [03:05<00:15,  1.50it/s]
Extract:  96%|#########6| 556/578 [03:06<00:14,  1.49it/s]
Extract:  96%|#########6| 557/578 [03:06<00:13,  1.59it/s]
Extract:  97%|#########6| 559/578 [03:06<00:07,  2.60it/s]
Extract:  97%|#########6| 560/578 [03:07<00:09,  1.96it/s]
Extract:  97%|#########7| 561/578 [03:08<00:08,  1.98it/s]
Extract:  97%|#########7| 563/578 [03:08<00:04,  3.09it/s]
Extract:  98%|#########7| 564/578 [03:09<00:06,  2.04it/s]
Extract:  98%|#########7| 565/578 [03:10<00:07,  1.68it/s]
Extract:  98%|#########7| 566/578 [03:10<00:06,  1.89it/s]
Extract:  98%|#########8| 567/578 [03:11<00:05,  2.05it/s]
Extract:  98%|#########8| 568/578 [03:12<00:06,  1.65it/s]
Extract:  98%|#########8| 569/578 [03:12<00:04,  2.13it/s]
Extract:  99%|#########8| 570/578 [03:12<00:03,  2.54it/s]
Extract:  99%|#########8| 572/578 [03:12<00:01,  3.44it/s]
Extract:  99%|#########9| 573/578 [03:12<00:01,  4.01it/s]
Extract:  99%|#########9| 574/578 [03:12<00:00,  4.67it/s]
Extract:  99%|#########9| 575/578 [03:13<00:00,  4.26it/s]
Extract: 100%|#########9| 576/578 [03:14<00:00,  2.27it/s]
Extract: 100%|##########| 578/578 [03:14<00:00,  3.63it/s]
Extract: 100%|##########| 578/578 [03:14<00:00,  2.97it/s]

Extract:   0%|          | 0/578 [00:00<?, ?it/s]
Extract:   0%|          | 1/578 [00:00<01:36,  5.97it/s]
Extract:   0%|          | 2/578 [00:00<01:24,  6.85it/s]
Extract:   1%|          | 3/578 [00:00<01:43,  5.56it/s]
Extract:   1%|          | 4/578 [00:00<02:44,  3.50it/s]
Extract:   1%|          | 5/578 [00:01<02:38,  3.62it/s]
Extract:   1%|1         | 6/578 [00:01<02:35,  3.67it/s]
Extract:   1%|1         | 7/578 [00:02<03:24,  2.79it/s]
Extract:   1%|1         | 8/578 [00:02<03:57,  2.40it/s]
Extract:   2%|1         | 9/578 [00:02<03:57,  2.40it/s]
Extract:   2%|1         | 10/578 [00:03<04:01,  2.35it/s]
Extract:   2%|1         | 11/578 [00:03<03:54,  2.42it/s]
Extract:   2%|2         | 12/578 [00:04<04:20,  2.18it/s]
Extract:   2%|2         | 13/578 [00:04<03:34,  2.64it/s]
Extract:   2%|2         | 14/578 [00:05<03:59,  2.35it/s]
Extract:   3%|2         | 15/578 [00:05<04:37,  2.03it/s]
Extract:   3%|2         | 16/578 [00:05<03:49,  2.45it/s]
Extract:   3%|3         | 18/578 [00:06<02:17,  4.08it/s]
Extract:   3%|3         | 20/578 [00:06<01:38,  5.66it/s]
Extract:   4%|3         | 21/578 [00:06<02:26,  3.79it/s]
Extract:   4%|3         | 22/578 [00:07<02:28,  3.73it/s]
Extract:   4%|3         | 23/578 [00:07<02:50,  3.26it/s]
Extract:   4%|4         | 24/578 [00:07<02:37,  3.51it/s]
Extract:   4%|4         | 26/578 [00:07<01:54,  4.82it/s]
Extract:   5%|4         | 27/578 [00:08<02:48,  3.26it/s]
Extract:   5%|4         | 28/578 [00:08<02:52,  3.19it/s]
Extract:   5%|5         | 29/578 [00:09<02:26,  3.76it/s]
Extract:   5%|5         | 30/578 [00:09<02:26,  3.73it/s]
Extract:   5%|5         | 31/578 [00:09<02:43,  3.34it/s]
Extract:   6%|5         | 32/578 [00:09<02:13,  4.09it/s]
Extract:   6%|5         | 34/578 [00:09<01:28,  6.14it/s]
Extract:   6%|6         | 35/578 [00:10<01:23,  6.51it/s]
Extract:   6%|6         | 37/578 [00:10<01:28,  6.11it/s]
Extract:   7%|6         | 38/578 [00:10<01:31,  5.88it/s]
Extract:   7%|6         | 40/578 [00:10<01:28,  6.06it/s]
Extract:   7%|7         | 41/578 [00:11<01:33,  5.73it/s]
Extract:   7%|7         | 42/578 [00:12<04:00,  2.23it/s]
Extract:   7%|7         | 43/578 [00:13<04:20,  2.06it/s]
Extract:   8%|7         | 45/578 [00:13<02:48,  3.16it/s]
Extract:   8%|7         | 46/578 [00:13<02:28,  3.57it/s]
Extract:   8%|8         | 47/578 [00:13<02:28,  3.59it/s]
Extract:   8%|8         | 49/578 [00:13<01:51,  4.73it/s]
Extract:   9%|8         | 50/578 [00:14<02:55,  3.00it/s]
Extract:   9%|8         | 51/578 [00:15<04:14,  2.07it/s]
Extract:   9%|8         | 52/578 [00:16<04:42,  1.86it/s]
Extract:   9%|9         | 53/578 [00:16<03:57,  2.21it/s]
Extract:   9%|9         | 54/578 [00:17<04:32,  1.92it/s]
Extract:  10%|9         | 55/578 [00:18<05:48,  1.50it/s]
Extract:  10%|9         | 56/578 [00:18<05:34,  1.56it/s]
Extract:  10%|9         | 57/578 [00:18<04:14,  2.05it/s]
Extract:  10%|#         | 58/578 [00:19<04:07,  2.10it/s]
Extract:  10%|#         | 59/578 [00:20<05:13,  1.65it/s]
Extract:  10%|#         | 60/578 [00:21<06:17,  1.37it/s]
Extract:  11%|#         | 61/578 [00:22<07:47,  1.11it/s]
Extract:  11%|#         | 62/578 [00:22<05:56,  1.45it/s]
Extract:  11%|#1        | 64/578 [00:23<04:21,  1.96it/s]
Extract:  11%|#1        | 65/578 [00:24<04:46,  1.79it/s]
Extract:  11%|#1        | 66/578 [00:24<03:53,  2.20it/s]
Extract:  12%|#1        | 67/578 [00:25<05:40,  1.50it/s]
Extract:  12%|#1        | 69/578 [00:25<04:05,  2.07it/s]
Extract:  12%|#2        | 70/578 [00:26<03:32,  2.39it/s]
Extract:  12%|#2        | 71/578 [00:26<03:05,  2.73it/s]
Extract:  12%|#2        | 72/578 [00:26<02:47,  3.02it/s]
Extract:  13%|#2        | 73/578 [00:27<04:03,  2.08it/s]
Extract:  13%|#2        | 75/578 [00:27<02:39,  3.16it/s]
Extract:  13%|#3        | 76/578 [00:28<02:38,  3.18it/s]
Extract:  13%|#3        | 77/578 [00:29<04:03,  2.06it/s]
Extract:  14%|#3        | 79/578 [00:29<02:37,  3.17it/s]
Extract:  14%|#3        | 80/578 [00:29<02:18,  3.60it/s]
Extract:  14%|#4        | 81/578 [00:29<02:07,  3.90it/s]
Extract:  14%|#4        | 82/578 [00:29<01:57,  4.20it/s]
Extract:  14%|#4        | 83/578 [00:29<02:04,  3.96it/s]
Extract:  15%|#4        | 84/578 [00:30<03:29,  2.36it/s]
Extract:  15%|#4        | 85/578 [00:30<02:47,  2.94it/s]
Extract:  15%|#4        | 86/578 [00:31<02:31,  3.25it/s]
Extract:  15%|#5        | 87/578 [00:31<02:03,  3.96it/s]
Extract:  15%|#5        | 88/578 [00:31<01:46,  4.59it/s]
Extract:  15%|#5        | 89/578 [00:32<03:36,  2.26it/s]
Extract:  16%|#5        | 90/578 [00:32<03:15,  2.50it/s]
Extract:  16%|#5        | 91/578 [00:34<05:19,  1.53it/s]
Extract:  16%|#5        | 92/578 [00:35<06:41,  1.21it/s]
Extract:  16%|#6        | 93/578 [00:35<05:36,  1.44it/s]
Extract:  16%|#6        | 94/578 [00:36<06:19,  1.27it/s]
Extract:  17%|#6        | 96/578 [00:38<06:35,  1.22it/s]
Extract:  17%|#6        | 97/578 [00:38<05:25,  1.48it/s]
Extract:  17%|#6        | 98/578 [00:39<05:09,  1.55it/s]
Extract:  17%|#7        | 99/578 [00:39<04:05,  1.95it/s]
Extract:  17%|#7        | 100/578 [00:39<03:52,  2.06it/s]
Extract:  17%|#7        | 101/578 [00:39<03:15,  2.44it/s]
Extract:  18%|#7        | 103/578 [00:40<02:03,  3.84it/s]
Extract:  18%|#8        | 105/578 [00:40<02:39,  2.96it/s]
Extract:  18%|#8        | 106/578 [00:41<02:27,  3.21it/s]
Extract:  19%|#8        | 107/578 [00:42<03:35,  2.19it/s]
Extract:  19%|#8        | 108/578 [00:42<03:38,  2.15it/s]
Extract:  19%|#9        | 110/578 [00:43<02:49,  2.75it/s]
Extract:  19%|#9        | 111/578 [00:43<02:36,  2.99it/s]
Extract:  20%|#9        | 113/578 [00:43<01:57,  3.96it/s]
Extract:  20%|#9        | 114/578 [00:43<01:56,  3.99it/s]
Extract:  20%|#9        | 115/578 [00:44<01:59,  3.88it/s]
Extract:  20%|##        | 116/578 [00:44<02:29,  3.10it/s]
Extract:  20%|##        | 117/578 [00:45<03:33,  2.16it/s]
Extract:  21%|##        | 120/578 [00:47<03:59,  1.91it/s]
Extract:  21%|##        | 121/578 [00:48<04:55,  1.55it/s]
Extract:  21%|##1       | 122/578 [00:48<04:04,  1.87it/s]
Extract:  21%|##1       | 123/578 [00:48<03:16,  2.32it/s]
Extract:  21%|##1       | 124/578 [00:48<02:44,  2.76it/s]
Extract:  22%|##1       | 125/578 [00:49<04:07,  1.83it/s]
Extract:  22%|##1       | 126/578 [00:50<04:15,  1.77it/s]
Extract:  22%|##1       | 127/578 [00:50<03:25,  2.20it/s]
Extract:  22%|##2       | 128/578 [00:50<03:09,  2.37it/s]
Extract:  22%|##2       | 129/578 [00:51<02:33,  2.93it/s]
Extract:  22%|##2       | 130/578 [00:52<03:56,  1.89it/s]
Extract:  23%|##2       | 131/578 [00:53<06:36,  1.13it/s]
Extract:  23%|##2       | 132/578 [00:54<05:24,  1.38it/s]
Extract:  23%|##3       | 133/578 [00:54<05:37,  1.32it/s]
Extract:  23%|##3       | 134/578 [00:55<04:25,  1.67it/s]
Extract:  23%|##3       | 135/578 [00:55<03:34,  2.06it/s]
Extract:  24%|##3       | 136/578 [00:55<02:57,  2.48it/s]
Extract:  24%|##3       | 137/578 [00:56<03:37,  2.03it/s]
Extract:  24%|##3       | 138/578 [00:57<04:08,  1.77it/s]
Extract:  24%|##4       | 139/578 [00:57<03:50,  1.90it/s]
Extract:  24%|##4       | 141/578 [00:57<02:17,  3.17it/s]
Extract:  25%|##4       | 143/578 [00:57<01:31,  4.73it/s]
Extract:  25%|##5       | 146/578 [00:58<01:47,  4.03it/s]
Extract:  25%|##5       | 147/578 [00:58<01:42,  4.22it/s]
Extract:  26%|##5       | 148/578 [00:58<01:37,  4.41it/s]
Extract:  26%|##5       | 149/578 [01:00<03:00,  2.38it/s]
Extract:  26%|##5       | 150/578 [01:00<02:38,  2.71it/s]
Extract:  26%|##6       | 152/578 [01:00<01:43,  4.12it/s]
Extract:  26%|##6       | 153/578 [01:01<02:32,  2.80it/s]
Extract:  27%|##6       | 154/578 [01:01<02:08,  3.31it/s]
Extract:  27%|##6       | 155/578 [01:01<02:52,  2.46it/s]
Extract:  27%|##7       | 157/578 [01:02<01:55,  3.65it/s]
Extract:  27%|##7       | 158/578 [01:02<01:46,  3.95it/s]
Extract:  28%|##7       | 159/578 [01:02<01:33,  4.48it/s]
Extract:  28%|##7       | 160/578 [01:02<01:51,  3.74it/s]
Extract:  28%|##8       | 162/578 [01:03<01:18,  5.28it/s]
Extract:  28%|##8       | 163/578 [01:03<02:32,  2.72it/s]
Extract:  28%|##8       | 164/578 [01:04<02:11,  3.15it/s]
Extract:  29%|##8       | 165/578 [01:04<01:58,  3.48it/s]
Extract:  29%|##8       | 166/578 [01:04<01:49,  3.77it/s]
Extract:  29%|##8       | 167/578 [01:05<03:55,  1.74it/s]
Extract:  29%|##9       | 168/578 [01:06<03:13,  2.12it/s]
Extract:  29%|##9       | 169/578 [01:06<02:38,  2.57it/s]
Extract:  29%|##9       | 170/578 [01:06<02:19,  2.93it/s]
Extract:  30%|##9       | 171/578 [01:06<01:50,  3.67it/s]
Extract:  30%|##9       | 172/578 [01:07<02:05,  3.22it/s]
Extract:  30%|##9       | 173/578 [01:08<03:43,  1.81it/s]
Extract:  30%|###       | 174/578 [01:08<03:20,  2.01it/s]
Extract:  30%|###       | 175/578 [01:08<02:46,  2.42it/s]
Extract:  30%|###       | 176/578 [01:08<02:17,  2.93it/s]
Extract:  31%|###       | 177/578 [01:10<03:43,  1.79it/s]
Extract:  31%|###       | 178/578 [01:10<03:07,  2.13it/s]
Extract:  31%|###       | 179/578 [01:10<02:39,  2.51it/s]
Extract:  31%|###1      | 180/578 [01:11<03:16,  2.03it/s]
Extract:  31%|###1      | 181/578 [01:12<04:07,  1.61it/s]
Extract:  31%|###1      | 182/578 [01:12<03:34,  1.85it/s]
Extract:  32%|###1      | 184/578 [01:13<02:43,  2.41it/s]
Extract:  32%|###2      | 185/578 [01:14<04:14,  1.55it/s]
Extract:  32%|###2      | 186/578 [01:14<03:28,  1.88it/s]
Extract:  33%|###2      | 188/578 [01:14<02:27,  2.65it/s]
Extract:  33%|###2      | 189/578 [01:15<03:04,  2.11it/s]
Extract:  33%|###3      | 191/578 [01:16<02:43,  2.36it/s]
Extract:  33%|###3      | 192/578 [01:16<02:22,  2.71it/s]
Extract:  33%|###3      | 193/578 [01:16<02:00,  3.19it/s]
Extract:  34%|###3      | 194/578 [01:16<01:42,  3.75it/s]
Extract:  34%|###3      | 195/578 [01:16<01:26,  4.42it/s]
Extract:  34%|###4      | 197/578 [01:17<02:09,  2.94it/s]
Extract:  34%|###4      | 198/578 [01:18<02:07,  2.97it/s]
Extract:  35%|###4      | 201/578 [01:19<02:05,  3.01it/s]
Extract:  35%|###4      | 202/578 [01:19<02:04,  3.02it/s]
Extract:  35%|###5      | 203/578 [01:20<03:22,  1.85it/s]
Extract:  35%|###5      | 205/578 [01:21<02:15,  2.75it/s]
Extract:  36%|###5      | 206/578 [01:21<02:01,  3.07it/s]
Extract:  36%|###5      | 207/578 [01:21<02:08,  2.88it/s]
Extract:  36%|###6      | 209/578 [01:21<01:33,  3.95it/s]
Extract:  36%|###6      | 210/578 [01:22<01:31,  4.04it/s]
Extract:  37%|###6      | 212/578 [01:22<01:51,  3.28it/s]
Extract:  37%|###6      | 213/578 [01:23<01:44,  3.48it/s]
Extract:  37%|###7      | 215/578 [01:23<01:48,  3.33it/s]
Extract:  38%|###7      | 217/578 [01:24<01:32,  3.90it/s]
Extract:  38%|###7      | 219/578 [01:24<01:08,  5.22it/s]
Extract:  38%|###8      | 220/578 [01:24<01:07,  5.31it/s]
Extract:  38%|###8      | 221/578 [01:24<01:04,  5.54it/s]
Extract:  39%|###8      | 223/578 [01:24<00:52,  6.71it/s]
Extract:  39%|###8      | 224/578 [01:24<00:50,  6.97it/s]
Extract:  39%|###8      | 225/578 [01:25<01:34,  3.75it/s]
Extract:  39%|###9      | 226/578 [01:25<01:42,  3.43it/s]
Extract:  39%|###9      | 227/578 [01:26<01:35,  3.69it/s]
Extract:  40%|###9      | 229/578 [01:26<01:21,  4.26it/s]
Extract:  40%|###9      | 230/578 [01:27<01:47,  3.24it/s]
Extract:  40%|###9      | 231/578 [01:27<01:58,  2.92it/s]
Extract:  40%|####      | 232/578 [01:27<01:58,  2.92it/s]
Extract:  40%|####      | 233/578 [01:28<01:41,  3.40it/s]
Extract:  40%|####      | 234/578 [01:28<01:34,  3.64it/s]
Extract:  41%|####      | 235/578 [01:28<01:30,  3.81it/s]
Extract:  41%|####      | 236/578 [01:29<02:30,  2.27it/s]
Extract:  41%|####1     | 237/578 [01:30<03:42,  1.53it/s]
Extract:  41%|####1     | 239/578 [01:30<02:16,  2.49it/s]
Extract:  42%|####1     | 240/578 [01:31<02:06,  2.67it/s]
Extract:  42%|####1     | 242/578 [01:31<01:30,  3.73it/s]
Extract:  42%|####2     | 243/578 [01:31<01:20,  4.17it/s]
Extract:  42%|####2     | 244/578 [01:32<02:15,  2.46it/s]
Extract:  42%|####2     | 245/578 [01:32<01:58,  2.81it/s]
Extract:  43%|####2     | 246/578 [01:32<01:35,  3.47it/s]
Extract:  43%|####2     | 247/578 [01:33<01:59,  2.77it/s]
Extract:  43%|####2     | 248/578 [01:33<02:06,  2.60it/s]
Extract:  43%|####3     | 249/578 [01:33<01:48,  3.02it/s]
Extract:  43%|####3     | 250/578 [01:34<01:36,  3.39it/s]
Extract:  43%|####3     | 251/578 [01:34<01:28,  3.69it/s]
Extract:  44%|####3     | 252/578 [01:34<01:12,  4.53it/s]
Extract:  44%|####3     | 253/578 [01:34<01:02,  5.20it/s]
Extract:  44%|####4     | 255/578 [01:34<01:07,  4.75it/s]
Extract:  44%|####4     | 256/578 [01:35<02:01,  2.65it/s]
Extract:  44%|####4     | 257/578 [01:35<01:40,  3.20it/s]
Extract:  45%|####4     | 258/578 [01:36<01:22,  3.86it/s]
Extract:  45%|####4     | 259/578 [01:36<01:10,  4.51it/s]
Extract:  45%|####5     | 261/578 [01:36<00:54,  5.83it/s]
Extract:  45%|####5     | 262/578 [01:36<01:16,  4.13it/s]
Extract:  46%|####5     | 263/578 [01:37<01:52,  2.81it/s]
Extract:  46%|####5     | 264/578 [01:37<01:31,  3.45it/s]
Extract:  46%|####5     | 265/578 [01:38<01:40,  3.12it/s]
Extract:  46%|####6     | 266/578 [01:38<01:49,  2.85it/s]
Extract:  46%|####6     | 267/578 [01:39<03:00,  1.73it/s]
Extract:  46%|####6     | 268/578 [01:39<02:20,  2.20it/s]
Extract:  47%|####6     | 269/578 [01:40<02:21,  2.18it/s]
Extract:  47%|####6     | 271/578 [01:40<01:24,  3.63it/s]
Extract:  47%|####7     | 273/578 [01:41<01:44,  2.91it/s]
Extract:  47%|####7     | 274/578 [01:42<02:19,  2.19it/s]
Extract:  48%|####7     | 275/578 [01:42<02:30,  2.01it/s]
Extract:  48%|####7     | 276/578 [01:42<02:09,  2.33it/s]
Extract:  48%|####7     | 277/578 [01:43<01:48,  2.76it/s]
Extract:  48%|####8     | 280/578 [01:43<01:23,  3.58it/s]
Extract:  49%|####8     | 282/578 [01:43<01:05,  4.55it/s]
Extract:  49%|####8     | 283/578 [01:44<01:14,  3.97it/s]
Extract:  49%|####9     | 284/578 [01:44<01:06,  4.45it/s]
Extract:  49%|####9     | 285/578 [01:44<01:12,  4.02it/s]
Extract:  49%|####9     | 286/578 [01:45<01:15,  3.88it/s]
Extract:  50%|####9     | 287/578 [01:45<01:09,  4.17it/s]
Extract:  50%|####9     | 288/578 [01:45<01:02,  4.64it/s]
Extract:  50%|#####     | 289/578 [01:45<01:10,  4.09it/s]
Extract:  50%|#####     | 290/578 [01:46<02:14,  2.13it/s]
Extract:  50%|#####     | 291/578 [01:46<01:48,  2.64it/s]
Extract:  51%|#####     | 293/578 [01:47<01:06,  4.27it/s]
Extract:  51%|#####     | 294/578 [01:47<01:01,  4.60it/s]
Extract:  51%|#####1    | 295/578 [01:48<02:20,  2.02it/s]
Extract:  51%|#####1    | 296/578 [01:48<01:56,  2.42it/s]
Extract:  51%|#####1    | 297/578 [01:49<02:25,  1.94it/s]
Extract:  52%|#####1    | 299/578 [01:49<01:31,  3.04it/s]
Extract:  52%|#####1    | 300/578 [01:49<01:19,  3.51it/s]
Extract:  52%|#####2    | 301/578 [01:50<01:32,  3.00it/s]
Extract:  52%|#####2    | 303/578 [01:50<01:04,  4.27it/s]
Extract:  53%|#####2    | 304/578 [01:51<01:43,  2.65it/s]
Extract:  53%|#####2    | 305/578 [01:51<01:32,  2.96it/s]
Extract:  53%|#####3    | 307/578 [01:52<01:29,  3.04it/s]
Extract:  53%|#####3    | 308/578 [01:52<01:44,  2.58it/s]
Extract:  53%|#####3    | 309/578 [01:53<02:21,  1.90it/s]
Extract:  54%|#####3    | 310/578 [01:54<02:09,  2.08it/s]
Extract:  54%|#####3    | 311/578 [01:55<02:41,  1.65it/s]
Extract:  54%|#####3    | 312/578 [01:55<02:58,  1.49it/s]
Extract:  54%|#####4    | 313/578 [01:56<02:21,  1.87it/s]
Extract:  54%|#####4    | 314/578 [01:56<02:16,  1.94it/s]
Extract:  55%|#####4    | 316/578 [01:57<01:47,  2.44it/s]
Extract:  55%|#####4    | 317/578 [01:57<02:02,  2.13it/s]
Extract:  55%|#####5    | 318/578 [01:58<02:15,  1.91it/s]
Extract:  55%|#####5    | 319/578 [01:58<02:02,  2.11it/s]
Extract:  55%|#####5    | 320/578 [01:59<02:20,  1.84it/s]
Extract:  56%|#####5    | 321/578 [01:59<01:53,  2.26it/s]
Extract:  56%|#####5    | 322/578 [02:00<01:49,  2.34it/s]
Extract:  56%|#####5    | 323/578 [02:00<01:35,  2.67it/s]
Extract:  56%|#####6    | 325/578 [02:00<01:03,  3.99it/s]
Extract:  56%|#####6    | 326/578 [02:00<01:11,  3.52it/s]
Extract:  57%|#####6    | 327/578 [02:01<01:00,  4.16it/s]
Extract:  57%|#####6    | 328/578 [02:01<01:03,  3.96it/s]
Extract:  57%|#####7    | 330/578 [02:01<00:49,  5.04it/s]
Extract:  57%|#####7    | 331/578 [02:01<00:53,  4.63it/s]
Extract:  57%|#####7    | 332/578 [02:02<01:10,  3.48it/s]
Extract:  58%|#####7    | 334/578 [02:02<00:48,  5.05it/s]
Extract:  58%|#####7    | 335/578 [02:02<00:47,  5.16it/s]
Extract:  58%|#####8    | 337/578 [02:02<00:43,  5.58it/s]
Extract:  59%|#####8    | 339/578 [02:03<00:41,  5.71it/s]
Extract:  59%|#####8    | 340/578 [02:03<00:44,  5.39it/s]
Extract:  59%|#####8    | 341/578 [02:03<00:46,  5.14it/s]
Extract:  59%|#####9    | 342/578 [02:04<00:52,  4.46it/s]
Extract:  60%|#####9    | 344/578 [02:04<01:05,  3.56it/s]
Extract:  60%|#####9    | 345/578 [02:04<00:59,  3.94it/s]
Extract:  60%|#####9    | 346/578 [02:05<00:50,  4.62it/s]
Extract:  60%|######    | 347/578 [02:05<00:44,  5.24it/s]
Extract:  60%|######    | 348/578 [02:05<00:39,  5.75it/s]
Extract:  60%|######    | 349/578 [02:06<01:15,  3.02it/s]
Extract:  61%|######    | 350/578 [02:06<01:10,  3.25it/s]
Extract:  61%|######    | 351/578 [02:07<01:48,  2.10it/s]
Extract:  61%|######    | 352/578 [02:07<01:24,  2.67it/s]
Extract:  61%|######1   | 353/578 [02:07<01:20,  2.80it/s]
Extract:  61%|######1   | 355/578 [02:07<00:53,  4.16it/s]
Extract:  62%|######1   | 356/578 [02:08<01:14,  2.98it/s]
Extract:  62%|######1   | 357/578 [02:08<01:16,  2.87it/s]
Extract:  62%|######2   | 359/578 [02:09<01:27,  2.49it/s]
Extract:  62%|######2   | 360/578 [02:10<01:23,  2.62it/s]
Extract:  62%|######2   | 361/578 [02:10<01:09,  3.14it/s]
Extract:  63%|######2   | 362/578 [02:10<01:29,  2.41it/s]
Extract:  63%|######2   | 363/578 [02:11<01:11,  2.99it/s]
Extract:  63%|######2   | 364/578 [02:11<00:58,  3.64it/s]
Extract:  63%|######3   | 365/578 [02:11<01:03,  3.37it/s]
Extract:  63%|######3   | 366/578 [02:11<01:05,  3.26it/s]
Extract:  63%|######3   | 367/578 [02:12<01:31,  2.31it/s]
Extract:  64%|######3   | 368/578 [02:12<01:27,  2.41it/s]
Extract:  64%|######3   | 369/578 [02:13<01:53,  1.85it/s]
Extract:  64%|######4   | 371/578 [02:13<01:08,  3.02it/s]
Extract:  65%|######4   | 373/578 [02:14<01:04,  3.20it/s]
Extract:  65%|######4   | 374/578 [02:14<00:56,  3.60it/s]
Extract:  65%|######5   | 376/578 [02:15<00:48,  4.13it/s]
Extract:  65%|######5   | 377/578 [02:15<00:55,  3.60it/s]
Extract:  65%|######5   | 378/578 [02:15<00:48,  4.10it/s]
Extract:  66%|######5   | 379/578 [02:15<00:42,  4.71it/s]
Extract:  66%|######5   | 380/578 [02:16<00:53,  3.67it/s]
Extract:  66%|######5   | 381/578 [02:16<00:50,  3.90it/s]
Extract:  66%|######6   | 382/578 [02:17<01:13,  2.67it/s]
Extract:  66%|######6   | 383/578 [02:17<01:04,  3.03it/s]
Extract:  66%|######6   | 384/578 [02:17<01:14,  2.59it/s]
Extract:  67%|######6   | 386/578 [02:18<00:51,  3.73it/s]
Extract:  67%|######6   | 387/578 [02:18<00:53,  3.60it/s]
Extract:  67%|######7   | 388/578 [02:18<00:44,  4.29it/s]
Extract:  67%|######7   | 390/578 [02:18<00:31,  5.97it/s]
Extract:  68%|######7   | 391/578 [02:18<00:32,  5.73it/s]
Extract:  68%|######7   | 392/578 [02:19<00:34,  5.39it/s]
Extract:  68%|######7   | 393/578 [02:19<00:42,  4.39it/s]
Extract:  68%|######8   | 394/578 [02:19<00:43,  4.24it/s]
Extract:  68%|######8   | 395/578 [02:19<00:45,  4.06it/s]
Extract:  69%|######8   | 397/578 [02:20<00:40,  4.49it/s]
Extract:  69%|######8   | 398/578 [02:20<00:35,  5.02it/s]
Extract:  69%|######9   | 399/578 [02:20<00:33,  5.38it/s]
Extract:  69%|######9   | 401/578 [02:20<00:24,  7.18it/s]
Extract:  70%|######9   | 402/578 [02:20<00:23,  7.51it/s]
Extract:  70%|######9   | 403/578 [02:20<00:22,  7.92it/s]
Extract:  70%|#######   | 405/578 [02:21<00:19,  8.80it/s]
Extract:  70%|#######   | 406/578 [02:21<00:26,  6.47it/s]
Extract:  70%|#######   | 407/578 [02:22<01:07,  2.53it/s]
Extract:  71%|#######   | 408/578 [02:23<01:27,  1.93it/s]
Extract:  71%|#######   | 410/578 [02:23<01:00,  2.76it/s]
Extract:  71%|#######1  | 412/578 [02:23<00:45,  3.68it/s]
Extract:  71%|#######1  | 413/578 [02:24<00:51,  3.23it/s]
Extract:  72%|#######1  | 415/578 [02:24<00:39,  4.15it/s]
Extract:  72%|#######1  | 416/578 [02:24<00:38,  4.16it/s]
Extract:  72%|#######2  | 417/578 [02:25<00:33,  4.77it/s]
Extract:  72%|#######2  | 418/578 [02:25<00:36,  4.41it/s]
Extract:  72%|#######2  | 419/578 [02:25<00:38,  4.18it/s]
Extract:  73%|#######2  | 421/578 [02:26<00:46,  3.35it/s]
Extract:  73%|#######3  | 424/578 [02:26<00:32,  4.79it/s]
Extract:  74%|#######3  | 425/578 [02:27<00:40,  3.76it/s]
Extract:  74%|#######3  | 426/578 [02:27<00:39,  3.90it/s]
Extract:  74%|#######3  | 427/578 [02:28<00:53,  2.81it/s]
Extract:  74%|#######4  | 428/578 [02:28<01:04,  2.31it/s]
Extract:  74%|#######4  | 429/578 [02:29<01:13,  2.02it/s]
Extract:  75%|#######4  | 431/578 [02:29<00:49,  3.00it/s]
Extract:  75%|#######4  | 432/578 [02:29<00:46,  3.17it/s]
Extract:  75%|#######4  | 433/578 [02:30<00:38,  3.79it/s]
Extract:  75%|#######5  | 434/578 [02:30<00:56,  2.56it/s]
Extract:  75%|#######5  | 435/578 [02:30<00:47,  3.00it/s]
Extract:  76%|#######5  | 437/578 [02:31<00:34,  4.12it/s]
Extract:  76%|#######5  | 438/578 [02:31<00:32,  4.32it/s]
Extract:  76%|#######5  | 439/578 [02:31<00:36,  3.79it/s]
Extract:  76%|#######6  | 441/578 [02:32<00:41,  3.29it/s]
Extract:  76%|#######6  | 442/578 [02:32<00:37,  3.67it/s]
Extract:  77%|#######6  | 443/578 [02:32<00:32,  4.14it/s]
Extract:  77%|#######6  | 444/578 [02:32<00:30,  4.44it/s]
Extract:  77%|#######6  | 445/578 [02:34<01:15,  1.77it/s]
Extract:  77%|#######7  | 447/578 [02:34<00:46,  2.82it/s]
Extract:  78%|#######7  | 449/578 [02:34<00:32,  4.01it/s]
Extract:  78%|#######7  | 450/578 [02:35<00:44,  2.89it/s]
Extract:  78%|#######8  | 451/578 [02:36<01:07,  1.88it/s]
Extract:  78%|#######8  | 452/578 [02:36<00:57,  2.18it/s]
Extract:  78%|#######8  | 453/578 [02:37<00:47,  2.63it/s]
Extract:  79%|#######8  | 454/578 [02:37<00:41,  2.97it/s]
Extract:  79%|#######8  | 455/578 [02:37<00:34,  3.59it/s]
Extract:  79%|#######8  | 456/578 [02:37<00:28,  4.32it/s]
Extract:  79%|#######9  | 458/578 [02:38<00:29,  4.06it/s]
Extract:  79%|#######9  | 459/578 [02:38<00:25,  4.58it/s]
Extract:  80%|#######9  | 461/578 [02:38<00:20,  5.72it/s]
Extract:  80%|#######9  | 462/578 [02:38<00:19,  5.85it/s]
Extract:  80%|########  | 463/578 [02:38<00:26,  4.26it/s]
Extract:  80%|########  | 465/578 [02:39<00:19,  5.95it/s]
Extract:  81%|########  | 466/578 [02:39<00:24,  4.49it/s]
Extract:  81%|########  | 467/578 [02:40<00:34,  3.25it/s]
Extract:  81%|########  | 468/578 [02:41<00:54,  2.00it/s]
Extract:  81%|########1 | 469/578 [02:41<00:44,  2.45it/s]
Extract:  81%|########1 | 470/578 [02:41<00:40,  2.65it/s]
Extract:  81%|########1 | 471/578 [02:42<00:43,  2.48it/s]
Extract:  82%|########1 | 472/578 [02:42<00:43,  2.42it/s]
Extract:  82%|########1 | 473/578 [02:42<00:39,  2.68it/s]
Extract:  82%|########2 | 474/578 [02:43<00:37,  2.75it/s]
Extract:  82%|########2 | 475/578 [02:43<00:32,  3.19it/s]
Extract:  82%|########2 | 476/578 [02:44<00:47,  2.17it/s]
Extract:  83%|########2 | 477/578 [02:44<00:38,  2.61it/s]
Extract:  83%|########2 | 478/578 [02:44<00:30,  3.32it/s]
Extract:  83%|########2 | 479/578 [02:44<00:27,  3.66it/s]
Extract:  83%|########3 | 480/578 [02:44<00:22,  4.33it/s]
Extract:  83%|########3 | 481/578 [02:44<00:22,  4.38it/s]
Extract:  83%|########3 | 482/578 [02:45<00:18,  5.18it/s]
Extract:  84%|########3 | 484/578 [02:45<00:14,  6.50it/s]
Extract:  84%|########4 | 486/578 [02:45<00:11,  7.95it/s]
Extract:  84%|########4 | 487/578 [02:45<00:14,  6.23it/s]
Extract:  85%|########4 | 489/578 [02:46<00:25,  3.47it/s]
Extract:  85%|########4 | 490/578 [02:47<00:25,  3.47it/s]
Extract:  85%|########4 | 491/578 [02:47<00:26,  3.32it/s]
Extract:  85%|########5 | 492/578 [02:47<00:27,  3.08it/s]
Extract:  85%|########5 | 493/578 [02:48<00:26,  3.16it/s]
Extract:  85%|########5 | 494/578 [02:48<00:25,  3.25it/s]
Extract:  86%|########5 | 496/578 [02:48<00:17,  4.79it/s]
Extract:  86%|########6 | 498/578 [02:50<00:37,  2.12it/s]
Extract:  86%|########6 | 499/578 [02:50<00:31,  2.54it/s]
Extract:  87%|########6 | 501/578 [02:50<00:21,  3.57it/s]
Extract:  87%|########7 | 503/578 [02:50<00:15,  4.78it/s]
Extract:  87%|########7 | 504/578 [02:51<00:20,  3.69it/s]
Extract:  87%|########7 | 505/578 [02:52<00:28,  2.57it/s]
Extract:  88%|########7 | 507/578 [02:52<00:19,  3.72it/s]
Extract:  88%|########7 | 508/578 [02:52<00:18,  3.71it/s]
Extract:  88%|########8 | 510/578 [02:52<00:17,  3.85it/s]
Extract:  88%|########8 | 511/578 [02:53<00:15,  4.23it/s]
Extract:  89%|########8 | 512/578 [02:53<00:16,  3.94it/s]
Extract:  89%|########8 | 514/578 [02:53<00:11,  5.46it/s]
Extract:  89%|########9 | 515/578 [02:53<00:14,  4.50it/s]
Extract:  89%|########9 | 516/578 [02:54<00:20,  2.98it/s]
Extract:  89%|########9 | 517/578 [02:54<00:19,  3.18it/s]
Extract:  90%|########9 | 519/578 [02:55<00:15,  3.71it/s]
Extract:  90%|########9 | 520/578 [02:55<00:14,  4.08it/s]
Extract:  90%|######### | 522/578 [02:55<00:10,  5.10it/s]
Extract:  90%|######### | 523/578 [02:56<00:12,  4.56it/s]
Extract:  91%|######### | 524/578 [02:56<00:11,  4.69it/s]
Extract:  91%|######### | 525/578 [02:56<00:09,  5.37it/s]
Extract:  91%|#########1| 526/578 [02:57<00:17,  2.90it/s]
Extract:  91%|#########1| 528/578 [02:57<00:12,  4.03it/s]
Extract:  92%|#########1| 529/578 [02:57<00:11,  4.24it/s]
Extract:  92%|#########1| 530/578 [02:57<00:11,  4.28it/s]
Extract:  92%|#########1| 531/578 [02:57<00:10,  4.45it/s]
Extract:  92%|#########2| 532/578 [02:58<00:09,  4.94it/s]
Extract:  92%|#########2| 533/578 [02:58<00:08,  5.57it/s]
Extract:  92%|#########2| 534/578 [02:58<00:09,  4.60it/s]
Extract:  93%|#########2| 535/578 [02:58<00:08,  5.12it/s]
Extract:  93%|#########2| 537/578 [02:59<00:07,  5.26it/s]
Extract:  93%|#########3| 538/578 [02:59<00:09,  4.14it/s]
Extract:  93%|#########3| 540/578 [03:00<00:10,  3.58it/s]
Extract:  94%|#########3| 541/578 [03:00<00:10,  3.42it/s]
Extract:  94%|#########3| 543/578 [03:00<00:08,  4.04it/s]
Extract:  94%|#########4| 544/578 [03:00<00:07,  4.62it/s]
Extract:  94%|#########4| 546/578 [03:02<00:10,  2.94it/s]
Extract:  95%|#########4| 547/578 [03:02<00:14,  2.19it/s]
Extract:  95%|#########4| 548/578 [03:03<00:11,  2.67it/s]
Extract:  95%|#########5| 550/578 [03:03<00:06,  4.10it/s]
Extract:  96%|#########5| 552/578 [03:03<00:05,  5.07it/s]
Extract:  96%|#########5| 553/578 [03:04<00:09,  2.53it/s]
Extract:  96%|#########5| 554/578 [03:06<00:17,  1.39it/s]
Extract:  96%|#########6| 555/578 [03:07<00:17,  1.33it/s]
Extract:  96%|#########6| 556/578 [03:07<00:14,  1.51it/s]
Extract:  96%|#########6| 557/578 [03:07<00:12,  1.73it/s]
Extract:  97%|#########6| 559/578 [03:08<00:06,  2.83it/s]
Extract:  97%|#########6| 560/578 [03:08<00:08,  2.19it/s]
Extract:  97%|#########7| 561/578 [03:09<00:07,  2.32it/s]
Extract:  97%|#########7| 563/578 [03:09<00:04,  3.63it/s]
Extract:  98%|#########7| 564/578 [03:10<00:05,  2.44it/s]
Extract:  98%|#########7| 565/578 [03:10<00:06,  2.09it/s]
Extract:  98%|#########7| 566/578 [03:11<00:04,  2.50it/s]
Extract:  98%|#########8| 567/578 [03:11<00:04,  2.71it/s]
Extract:  98%|#########8| 568/578 [03:12<00:04,  2.08it/s]
Extract:  99%|#########8| 570/578 [03:12<00:02,  3.21it/s]
Extract:  99%|#########8| 572/578 [03:12<00:01,  3.98it/s]
Extract:  99%|#########9| 573/578 [03:12<00:01,  4.44it/s]
Extract:  99%|#########9| 575/578 [03:13<00:00,  4.80it/s]
Extract: 100%|#########9| 576/578 [03:13<00:00,  2.89it/s]
Extract: 100%|##########| 578/578 [03:14<00:00,  4.24it/s]
Extract: 100%|##########| 578/578 [03:14<00:00,  2.98it/s]

Extract:   0%|          | 0/578 [00:00<?, ?it/s]
Extract:   0%|          | 2/578 [00:00<01:01,  9.42it/s]
Extract:   1%|          | 3/578 [00:00<01:26,  6.64it/s]
Extract:   1%|          | 4/578 [00:00<02:06,  4.55it/s]
Extract:   1%|          | 5/578 [00:00<02:07,  4.50it/s]
Extract:   1%|1         | 6/578 [00:01<02:01,  4.70it/s]
Extract:   1%|1         | 7/578 [00:01<02:34,  3.71it/s]
Extract:   1%|1         | 8/578 [00:02<03:07,  3.04it/s]
Extract:   2%|1         | 9/578 [00:02<03:17,  2.89it/s]
Extract:   2%|1         | 10/578 [00:02<03:13,  2.93it/s]
Extract:   2%|1         | 11/578 [00:02<02:57,  3.20it/s]
Extract:   2%|2         | 12/578 [00:03<04:10,  2.26it/s]
Extract:   2%|2         | 13/578 [00:03<03:28,  2.71it/s]
Extract:   2%|2         | 14/578 [00:04<04:04,  2.30it/s]
Extract:   3%|2         | 15/578 [00:05<04:26,  2.11it/s]
Extract:   3%|2         | 16/578 [00:05<03:37,  2.58it/s]
Extract:   3%|3         | 18/578 [00:05<02:10,  4.28it/s]
Extract:   3%|3         | 20/578 [00:05<01:37,  5.70it/s]
Extract:   4%|3         | 21/578 [00:06<02:35,  3.59it/s]
Extract:   4%|3         | 22/578 [00:06<02:47,  3.32it/s]
Extract:   4%|3         | 23/578 [00:06<02:50,  3.25it/s]
Extract:   4%|4         | 24/578 [00:07<02:37,  3.52it/s]
Extract:   4%|4         | 26/578 [00:07<01:57,  4.69it/s]
Extract:   5%|4         | 27/578 [00:08<03:29,  2.63it/s]
Extract:   5%|4         | 28/578 [00:08<02:57,  3.10it/s]
Extract:   5%|5         | 29/578 [00:08<02:41,  3.41it/s]
Extract:   5%|5         | 30/578 [00:08<02:36,  3.51it/s]
Extract:   5%|5         | 31/578 [00:09<02:43,  3.34it/s]
Extract:   6%|5         | 32/578 [00:09<02:13,  4.08it/s]
Extract:   6%|5         | 34/578 [00:09<01:31,  5.93it/s]
Extract:   6%|6         | 35/578 [00:09<01:26,  6.27it/s]
Extract:   6%|6         | 37/578 [00:09<01:30,  5.95it/s]
Extract:   7%|6         | 38/578 [00:10<01:32,  5.83it/s]
Extract:   7%|6         | 39/578 [00:10<01:29,  5.99it/s]
Extract:   7%|6         | 40/578 [00:10<01:46,  5.03it/s]
Extract:   7%|7         | 41/578 [00:10<02:13,  4.03it/s]
Extract:   7%|7         | 42/578 [00:11<03:23,  2.63it/s]
Extract:   7%|7         | 43/578 [00:12<04:00,  2.22it/s]
Extract:   8%|7         | 45/578 [00:12<02:30,  3.55it/s]
Extract:   8%|7         | 46/578 [00:12<02:09,  4.12it/s]
Extract:   8%|8         | 47/578 [00:12<02:15,  3.91it/s]
Extract:   8%|8         | 49/578 [00:13<01:38,  5.39it/s]
Extract:   9%|8         | 50/578 [00:13<02:32,  3.46it/s]
Extract:   9%|8         | 51/578 [00:14<02:57,  2.97it/s]
Extract:   9%|8         | 52/578 [00:14<03:17,  2.67it/s]
Extract:   9%|9         | 54/578 [00:15<03:02,  2.87it/s]
Extract:  10%|9         | 55/578 [00:15<03:10,  2.74it/s]
Extract:  10%|9         | 56/578 [00:15<02:44,  3.17it/s]
Extract:  10%|#         | 58/578 [00:16<02:21,  3.68it/s]
Extract:  10%|#         | 59/578 [00:16<02:25,  3.58it/s]
Extract:  10%|#         | 60/578 [00:17<03:01,  2.86it/s]
Extract:  11%|#         | 61/578 [00:17<03:23,  2.54it/s]
Extract:  11%|#         | 62/578 [00:17<02:43,  3.15it/s]
Extract:  11%|#1        | 64/578 [00:18<02:23,  3.59it/s]
Extract:  11%|#1        | 65/578 [00:18<03:01,  2.82it/s]
Extract:  11%|#1        | 66/578 [00:18<02:29,  3.41it/s]
Extract:  12%|#1        | 67/578 [00:19<03:26,  2.48it/s]
Extract:  12%|#1        | 69/578 [00:20<02:32,  3.33it/s]
Extract:  12%|#2        | 70/578 [00:20<02:10,  3.88it/s]
Extract:  12%|#2        | 71/578 [00:20<02:00,  4.21it/s]
Extract:  12%|#2        | 72/578 [00:20<01:54,  4.42it/s]
Extract:  13%|#2        | 73/578 [00:21<02:55,  2.88it/s]
Extract:  13%|#2        | 75/578 [00:21<01:58,  4.24it/s]
Extract:  13%|#3        | 76/578 [00:21<02:03,  4.06it/s]
Extract:  13%|#3        | 77/578 [00:22<03:06,  2.69it/s]
Extract:  14%|#3        | 79/578 [00:22<02:01,  4.11it/s]
Extract:  14%|#3        | 80/578 [00:22<01:53,  4.39it/s]
Extract:  14%|#4        | 81/578 [00:22<01:41,  4.88it/s]
Extract:  14%|#4        | 82/578 [00:22<01:32,  5.38it/s]
Extract:  14%|#4        | 83/578 [00:23<01:38,  5.04it/s]
Extract:  15%|#4        | 84/578 [00:23<02:43,  3.02it/s]
Extract:  15%|#4        | 85/578 [00:24<02:19,  3.54it/s]
Extract:  15%|#4        | 86/578 [00:24<02:06,  3.90it/s]
Extract:  15%|#5        | 88/578 [00:24<01:28,  5.52it/s]
Extract:  15%|#5        | 89/578 [00:25<02:27,  3.31it/s]
Extract:  16%|#5        | 90/578 [00:25<02:18,  3.53it/s]
Extract:  16%|#5        | 91/578 [00:26<03:30,  2.31it/s]
Extract:  16%|#5        | 92/578 [00:26<04:08,  1.96it/s]
Extract:  16%|#6        | 93/578 [00:26<03:14,  2.49it/s]
Extract:  16%|#6        | 94/578 [00:27<02:53,  2.78it/s]
Extract:  17%|#6        | 96/578 [00:27<02:38,  3.04it/s]
Extract:  17%|#6        | 97/578 [00:27<02:14,  3.58it/s]
Extract:  17%|#6        | 98/578 [00:28<02:13,  3.61it/s]
Extract:  17%|#7        | 99/578 [00:28<01:51,  4.31it/s]
Extract:  17%|#7        | 100/578 [00:28<01:54,  4.17it/s]
Extract:  17%|#7        | 101/578 [00:28<01:54,  4.17it/s]
Extract:  18%|#7        | 104/578 [00:28<01:03,  7.41it/s]
Extract:  18%|#8        | 105/578 [00:29<01:19,  5.98it/s]
Extract:  18%|#8        | 106/578 [00:29<01:13,  6.41it/s]
Extract:  19%|#8        | 107/578 [00:29<02:03,  3.80it/s]
Extract:  19%|#8        | 108/578 [00:30<02:05,  3.75it/s]
Extract:  19%|#9        | 110/578 [00:30<01:39,  4.71it/s]
Extract:  19%|#9        | 111/578 [00:30<01:34,  4.94it/s]
Extract:  20%|#9        | 113/578 [00:30<01:11,  6.52it/s]
Extract:  20%|#9        | 114/578 [00:30<01:07,  6.87it/s]
Extract:  20%|#9        | 115/578 [00:31<01:04,  7.18it/s]
Extract:  20%|##        | 116/578 [00:31<01:19,  5.84it/s]
Extract:  20%|##        | 117/578 [00:31<02:09,  3.57it/s]
Extract:  21%|##        | 120/578 [00:32<01:54,  4.00it/s]
Extract:  21%|##        | 121/578 [00:33<02:28,  3.08it/s]
Extract:  21%|##1       | 123/578 [00:33<01:47,  4.25it/s]
Extract:  22%|##1       | 125/578 [00:33<01:52,  4.04it/s]
Extract:  22%|##1       | 126/578 [00:34<01:56,  3.89it/s]
Extract:  22%|##2       | 128/578 [00:34<01:35,  4.72it/s]
Extract:  22%|##2       | 130/578 [00:35<02:00,  3.71it/s]
Extract:  23%|##2       | 131/578 [00:35<02:36,  2.85it/s]
Extract:  23%|##2       | 132/578 [00:36<02:19,  3.19it/s]
Extract:  23%|##3       | 133/578 [00:36<02:20,  3.16it/s]
Extract:  23%|##3       | 134/578 [00:36<02:05,  3.54it/s]
Extract:  23%|##3       | 135/578 [00:36<02:03,  3.58it/s]
Extract:  24%|##3       | 136/578 [00:37<01:53,  3.90it/s]
Extract:  24%|##3       | 137/578 [00:37<02:22,  3.10it/s]
Extract:  24%|##3       | 138/578 [00:38<03:27,  2.12it/s]
Extract:  24%|##4       | 139/578 [00:38<03:05,  2.37it/s]
Extract:  24%|##4       | 141/578 [00:38<01:51,  3.92it/s]
Extract:  25%|##4       | 144/578 [00:38<01:05,  6.66it/s]
Extract:  25%|##5       | 146/578 [00:39<01:24,  5.09it/s]
Extract:  25%|##5       | 147/578 [00:39<01:20,  5.36it/s]
Extract:  26%|##5       | 148/578 [00:39<01:16,  5.63it/s]
Extract:  26%|##5       | 149/578 [00:40<01:49,  3.92it/s]
Extract:  26%|##5       | 150/578 [00:40<01:38,  4.35it/s]
Extract:  26%|##6       | 152/578 [00:40<01:06,  6.40it/s]
Extract:  27%|##6       | 154/578 [00:41<01:33,  4.54it/s]
Extract:  27%|##6       | 155/578 [00:41<02:04,  3.39it/s]
Extract:  27%|##7       | 157/578 [00:42<01:30,  4.66it/s]
Extract:  27%|##7       | 158/578 [00:42<01:21,  5.14it/s]
Extract:  28%|##7       | 160/578 [00:42<01:20,  5.16it/s]
Extract:  28%|##8       | 162/578 [00:42<01:00,  6.90it/s]
Extract:  28%|##8       | 164/578 [00:43<01:33,  4.44it/s]
Extract:  29%|##8       | 165/578 [00:43<01:27,  4.74it/s]
Extract:  29%|##8       | 166/578 [00:43<01:19,  5.21it/s]
Extract:  29%|##8       | 167/578 [00:44<01:44,  3.95it/s]
Extract:  29%|##9       | 168/578 [00:44<01:32,  4.45it/s]
Extract:  29%|##9       | 169/578 [00:44<01:30,  4.50it/s]
Extract:  29%|##9       | 170/578 [00:44<01:24,  4.80it/s]
Extract:  30%|##9       | 172/578 [00:44<01:14,  5.48it/s]
Extract:  30%|##9       | 173/578 [00:45<01:44,  3.86it/s]
Extract:  30%|###       | 174/578 [00:45<01:31,  4.43it/s]
Extract:  30%|###       | 176/578 [00:45<01:05,  6.11it/s]
Extract:  31%|###       | 177/578 [00:46<01:35,  4.19it/s]
Extract:  31%|###       | 178/578 [00:46<01:25,  4.69it/s]
Extract:  31%|###       | 179/578 [00:46<01:16,  5.25it/s]
Extract:  31%|###1      | 180/578 [00:46<01:38,  4.05it/s]
Extract:  31%|###1      | 181/578 [00:47<02:15,  2.92it/s]
Extract:  31%|###1      | 182/578 [00:47<01:59,  3.32it/s]
Extract:  32%|###1      | 184/578 [00:47<01:33,  4.21it/s]
Extract:  32%|###2      | 185/578 [00:48<02:04,  3.16it/s]
Extract:  32%|###2      | 186/578 [00:48<01:50,  3.55it/s]
Extract:  33%|###2      | 188/578 [00:48<01:21,  4.77it/s]
Extract:  33%|###2      | 189/578 [00:49<01:44,  3.73it/s]
Extract:  33%|###3      | 191/578 [00:49<01:45,  3.68it/s]
Extract:  33%|###3      | 193/578 [00:50<01:18,  4.93it/s]
Extract:  34%|###3      | 195/578 [00:50<01:00,  6.31it/s]
Extract:  34%|###4      | 197/578 [00:50<01:19,  4.76it/s]
Extract:  34%|###4      | 198/578 [00:51<01:18,  4.83it/s]
Extract:  35%|###4      | 201/578 [00:51<01:14,  5.09it/s]
Extract:  35%|###4      | 202/578 [00:51<01:16,  4.95it/s]
Extract:  35%|###5      | 203/578 [00:52<01:53,  3.31it/s]
Extract:  35%|###5      | 205/578 [00:52<01:19,  4.69it/s]
Extract:  36%|###5      | 206/578 [00:52<01:13,  5.04it/s]
Extract:  36%|###5      | 207/578 [00:53<01:23,  4.47it/s]
Extract:  36%|###6      | 209/578 [00:53<01:02,  5.91it/s]
Extract:  36%|###6      | 210/578 [00:53<01:02,  5.87it/s]
Extract:  37%|###6      | 212/578 [00:53<01:09,  5.29it/s]
Extract:  37%|###6      | 213/578 [00:54<01:04,  5.66it/s]
Extract:  37%|###7      | 215/578 [00:54<01:08,  5.30it/s]
Extract:  38%|###7      | 217/578 [00:54<00:57,  6.28it/s]
Extract:  38%|###8      | 220/578 [00:54<00:43,  8.32it/s]
Extract:  38%|###8      | 221/578 [00:55<00:42,  8.34it/s]
Extract:  39%|###8      | 223/578 [00:55<00:38,  9.21it/s]
Extract:  39%|###8      | 224/578 [00:55<00:43,  8.08it/s]
Extract:  39%|###8      | 225/578 [00:55<01:06,  5.29it/s]
Extract:  39%|###9      | 226/578 [00:56<01:07,  5.18it/s]
Extract:  39%|###9      | 227/578 [00:56<01:00,  5.81it/s]
Extract:  40%|###9      | 229/578 [00:56<00:51,  6.79it/s]
Extract:  40%|###9      | 230/578 [00:56<01:04,  5.40it/s]
Extract:  40%|###9      | 231/578 [00:56<01:10,  4.94it/s]
Extract:  40%|####      | 232/578 [00:57<01:09,  4.98it/s]
Extract:  40%|####      | 233/578 [00:57<01:13,  4.68it/s]
Extract:  40%|####      | 234/578 [00:57<01:07,  5.06it/s]
Extract:  41%|####      | 235/578 [00:57<01:02,  5.49it/s]
Extract:  41%|####      | 236/578 [00:58<01:45,  3.24it/s]
Extract:  41%|####1     | 237/578 [00:58<02:00,  2.84it/s]
Extract:  41%|####1     | 239/578 [00:58<01:16,  4.44it/s]
Extract:  42%|####1     | 240/578 [00:59<01:10,  4.81it/s]
Extract:  42%|####1     | 242/578 [00:59<00:50,  6.66it/s]
Extract:  42%|####2     | 244/578 [00:59<01:04,  5.16it/s]
Extract:  42%|####2     | 245/578 [00:59<00:59,  5.58it/s]
Extract:  43%|####2     | 247/578 [01:00<01:02,  5.27it/s]
Extract:  43%|####2     | 248/578 [01:00<01:12,  4.58it/s]
Extract:  43%|####3     | 249/578 [01:00<01:07,  4.86it/s]
Extract:  43%|####3     | 250/578 [01:00<01:01,  5.33it/s]
Extract:  43%|####3     | 251/578 [01:01<00:59,  5.51it/s]
Extract:  44%|####3     | 253/578 [01:01<00:46,  6.94it/s]
Extract:  44%|####4     | 255/578 [01:01<00:57,  5.59it/s]
Extract:  44%|####4     | 256/578 [01:02<01:19,  4.04it/s]
Extract:  44%|####4     | 257/578 [01:02<01:09,  4.64it/s]
Extract:  45%|####4     | 258/578 [01:02<01:00,  5.29it/s]
Extract:  45%|####4     | 259/578 [01:02<00:54,  5.86it/s]
Extract:  45%|####5     | 261/578 [01:02<00:43,  7.30it/s]
Extract:  45%|####5     | 262/578 [01:03<01:01,  5.11it/s]
Extract:  46%|####5     | 263/578 [01:03<01:35,  3.29it/s]
Extract:  46%|####5     | 265/578 [01:04<01:23,  3.77it/s]
Extract:  46%|####6     | 266/578 [01:04<01:23,  3.76it/s]
Extract:  46%|####6     | 267/578 [01:04<01:43,  3.02it/s]
Extract:  46%|####6     | 268/578 [01:05<01:25,  3.62it/s]
Extract:  47%|####6     | 269/578 [01:05<01:33,  3.30it/s]
Extract:  47%|####6     | 271/578 [01:05<00:59,  5.19it/s]
Extract:  47%|####7     | 273/578 [01:06<01:13,  4.16it/s]
Extract:  47%|####7     | 274/578 [01:06<01:39,  3.05it/s]
Extract:  48%|####7     | 275/578 [01:07<01:50,  2.75it/s]
Extract:  48%|####7     | 276/578 [01:07<01:38,  3.07it/s]
Extract:  48%|####7     | 277/578 [01:07<01:30,  3.32it/s]
Extract:  48%|####8     | 280/578 [01:08<01:08,  4.38it/s]
Extract:  49%|####8     | 282/578 [01:08<00:52,  5.62it/s]
Extract:  49%|####8     | 283/578 [01:08<00:58,  5.02it/s]
Extract:  49%|####9     | 284/578 [01:08<00:53,  5.48it/s]
Extract:  49%|####9     | 285/578 [01:09<00:57,  5.05it/s]
Extract:  49%|####9     | 286/578 [01:09<01:02,  4.70it/s]
Extract:  50%|####9     | 287/578 [01:09<00:58,  4.96it/s]
Extract:  50%|####9     | 288/578 [01:09<00:53,  5.46it/s]
Extract:  50%|#####     | 289/578 [01:09<00:56,  5.16it/s]
Extract:  50%|#####     | 290/578 [01:10<01:23,  3.46it/s]
Extract:  50%|#####     | 291/578 [01:10<01:08,  4.18it/s]
Extract:  51%|#####     | 293/578 [01:10<00:44,  6.42it/s]
Extract:  51%|#####     | 294/578 [01:10<00:42,  6.64it/s]
Extract:  51%|#####1    | 295/578 [01:11<01:22,  3.41it/s]
Extract:  51%|#####1    | 296/578 [01:11<01:11,  3.97it/s]
Extract:  51%|#####1    | 297/578 [01:12<01:43,  2.71it/s]
Extract:  52%|#####1    | 299/578 [01:12<01:07,  4.11it/s]
Extract:  52%|#####1    | 300/578 [01:12<01:00,  4.60it/s]
Extract:  52%|#####2    | 301/578 [01:12<01:13,  3.76it/s]
Extract:  52%|#####2    | 303/578 [01:13<00:50,  5.41it/s]
Extract:  53%|#####2    | 304/578 [01:13<01:17,  3.52it/s]
Extract:  53%|#####2    | 305/578 [01:13<01:15,  3.59it/s]
Extract:  53%|#####3    | 307/578 [01:14<01:20,  3.36it/s]
Extract:  53%|#####3    | 308/578 [01:15<01:27,  3.10it/s]
Extract:  53%|#####3    | 309/578 [01:15<01:52,  2.39it/s]
Extract:  54%|#####3    | 310/578 [01:16<01:42,  2.62it/s]
Extract:  54%|#####3    | 311/578 [01:16<02:02,  2.18it/s]
Extract:  54%|#####3    | 312/578 [01:17<02:16,  1.95it/s]
Extract:  54%|#####4    | 313/578 [01:17<01:49,  2.42it/s]
Extract:  54%|#####4    | 314/578 [01:18<01:57,  2.25it/s]
Extract:  55%|#####4    | 316/578 [01:18<01:30,  2.91it/s]
Extract:  55%|#####5    | 318/578 [01:19<01:22,  3.15it/s]
Extract:  55%|#####5    | 319/578 [01:19<01:15,  3.42it/s]
Extract:  55%|#####5    | 320/578 [01:19<01:21,  3.16it/s]
Extract:  56%|#####5    | 321/578 [01:19<01:10,  3.66it/s]
Extract:  56%|#####5    | 322/578 [01:20<01:10,  3.62it/s]
Extract:  56%|#####5    | 323/578 [01:20<01:04,  3.93it/s]
Extract:  56%|#####6    | 325/578 [01:20<00:44,  5.64it/s]
Extract:  56%|#####6    | 326/578 [01:20<01:05,  3.87it/s]
Extract:  57%|#####6    | 328/578 [01:21<00:53,  4.63it/s]
Extract:  57%|#####7    | 330/578 [01:21<00:44,  5.62it/s]
Extract:  57%|#####7    | 331/578 [01:21<00:45,  5.41it/s]
Extract:  57%|#####7    | 332/578 [01:21<00:53,  4.60it/s]
Extract:  58%|#####7    | 334/578 [01:22<00:38,  6.33it/s]
Extract:  58%|#####7    | 335/578 [01:22<00:35,  6.77it/s]
Extract:  58%|#####8    | 337/578 [01:22<00:30,  7.85it/s]
Extract:  59%|#####8    | 339/578 [01:22<00:29,  8.22it/s]
Extract:  59%|#####8    | 340/578 [01:22<00:30,  7.93it/s]
Extract:  59%|#####8    | 341/578 [01:22<00:31,  7.49it/s]
Extract:  59%|#####9    | 342/578 [01:23<00:36,  6.42it/s]
Extract:  60%|#####9    | 344/578 [01:23<00:45,  5.18it/s]
Extract:  60%|#####9    | 345/578 [01:23<00:41,  5.66it/s]
Extract:  60%|######    | 347/578 [01:23<00:33,  6.84it/s]
Extract:  60%|######    | 349/578 [01:24<00:53,  4.30it/s]
Extract:  61%|######    | 350/578 [01:24<00:51,  4.42it/s]
Extract:  61%|######    | 351/578 [01:25<01:13,  3.07it/s]
Extract:  61%|######1   | 353/578 [01:25<00:58,  3.87it/s]
Extract:  61%|######1   | 355/578 [01:26<00:43,  5.18it/s]
Extract:  62%|######1   | 356/578 [01:26<00:52,  4.25it/s]
Extract:  62%|######1   | 357/578 [01:26<00:52,  4.19it/s]
Extract:  62%|######2   | 359/578 [01:27<00:42,  5.12it/s]
Extract:  62%|######2   | 360/578 [01:27<00:45,  4.83it/s]
Extract:  62%|######2   | 361/578 [01:27<00:46,  4.67it/s]
Extract:  63%|######2   | 362/578 [01:28<01:22,  2.61it/s]
Extract:  63%|######2   | 363/578 [01:28<01:06,  3.23it/s]
Extract:  63%|######2   | 364/578 [01:28<00:54,  3.96it/s]
Extract:  63%|######3   | 365/578 [01:28<00:53,  4.01it/s]
Extract:  63%|######3   | 366/578 [01:29<00:52,  4.06it/s]
Extract:  63%|######3   | 367/578 [01:29<01:07,  3.12it/s]
Extract:  64%|######3   | 368/578 [01:29<01:02,  3.37it/s]
Extract:  64%|######3   | 369/578 [01:30<01:20,  2.60it/s]
Extract:  64%|######4   | 371/578 [01:30<00:48,  4.28it/s]
Extract:  65%|######4   | 373/578 [01:31<00:50,  4.03it/s]
Extract:  65%|######4   | 374/578 [01:31<00:45,  4.45it/s]
Extract:  65%|######5   | 376/578 [01:31<00:40,  4.96it/s]
Extract:  65%|######5   | 377/578 [01:31<00:44,  4.55it/s]
Extract:  65%|######5   | 378/578 [01:31<00:39,  5.01it/s]
Extract:  66%|######5   | 379/578 [01:32<00:35,  5.66it/s]
Extract:  66%|######5   | 380/578 [01:32<00:40,  4.90it/s]
Extract:  66%|######5   | 381/578 [01:32<00:37,  5.32it/s]
Extract:  66%|######6   | 382/578 [01:33<00:56,  3.49it/s]
Extract:  66%|######6   | 383/578 [01:33<00:49,  3.95it/s]
Extract:  66%|######6   | 384/578 [01:33<00:57,  3.36it/s]
Extract:  67%|######6   | 386/578 [01:33<00:40,  4.74it/s]
Extract:  67%|######6   | 387/578 [01:34<00:42,  4.52it/s]
Extract:  67%|######7   | 390/578 [01:34<00:27,  6.87it/s]
Extract:  68%|######7   | 391/578 [01:34<00:28,  6.55it/s]
Extract:  68%|######7   | 392/578 [01:34<00:29,  6.29it/s]
Extract:  68%|######7   | 393/578 [01:34<00:34,  5.40it/s]
Extract:  68%|######8   | 394/578 [01:35<00:34,  5.35it/s]
Extract:  68%|######8   | 395/578 [01:35<00:36,  4.96it/s]
Extract:  69%|######8   | 397/578 [01:35<00:37,  4.79it/s]
Extract:  69%|######8   | 398/578 [01:35<00:33,  5.30it/s]
Extract:  69%|######9   | 399/578 [01:36<00:31,  5.69it/s]
Extract:  69%|######9   | 401/578 [01:36<00:24,  7.31it/s]
Extract:  70%|######9   | 402/578 [01:36<00:23,  7.51it/s]
Extract:  70%|######9   | 403/578 [01:36<00:22,  7.84it/s]
Extract:  70%|#######   | 405/578 [01:36<00:19,  9.05it/s]
Extract:  70%|#######   | 406/578 [01:36<00:29,  5.81it/s]
Extract:  70%|#######   | 407/578 [01:37<00:37,  4.51it/s]
Extract:  71%|#######   | 408/578 [01:38<01:02,  2.73it/s]
Extract:  71%|#######   | 409/578 [01:38<00:49,  3.39it/s]
Extract:  71%|#######   | 410/578 [01:38<00:45,  3.69it/s]
Extract:  71%|#######1  | 412/578 [01:38<00:33,  5.01it/s]
Extract:  71%|#######1  | 413/578 [01:39<00:38,  4.29it/s]
Extract:  72%|#######1  | 415/578 [01:39<00:29,  5.61it/s]
Extract:  72%|#######1  | 416/578 [01:39<00:28,  5.59it/s]
Extract:  72%|#######2  | 417/578 [01:39<00:27,  5.88it/s]
Extract:  72%|#######2  | 418/578 [01:39<00:30,  5.31it/s]
Extract:  72%|#######2  | 419/578 [01:40<00:33,  4.77it/s]
Extract:  73%|#######2  | 421/578 [01:40<00:49,  3.20it/s]
Extract:  73%|#######3  | 424/578 [01:41<00:31,  4.86it/s]
Extract:  74%|#######3  | 425/578 [01:41<00:39,  3.86it/s]
Extract:  74%|#######3  | 426/578 [01:41<00:36,  4.12it/s]
Extract:  74%|#######3  | 427/578 [01:42<00:46,  3.25it/s]
Extract:  74%|#######4  | 428/578 [01:42<00:56,  2.65it/s]
Extract:  74%|#######4  | 429/578 [01:43<01:01,  2.40it/s]
Extract:  75%|#######4  | 431/578 [01:43<00:41,  3.54it/s]
Extract:  75%|#######4  | 432/578 [01:44<00:43,  3.36it/s]
Extract:  75%|#######5  | 434/578 [01:44<00:42,  3.40it/s]
Extract:  75%|#######5  | 435/578 [01:44<00:37,  3.79it/s]
Extract:  76%|#######5  | 437/578 [01:45<00:29,  4.84it/s]
Extract:  76%|#######5  | 438/578 [01:45<00:27,  5.17it/s]
Extract:  76%|#######5  | 439/578 [01:45<00:29,  4.64it/s]
Extract:  76%|#######6  | 441/578 [01:46<00:33,  4.15it/s]
Extract:  76%|#######6  | 442/578 [01:46<00:28,  4.72it/s]
Extract:  77%|#######6  | 444/578 [01:46<00:22,  5.96it/s]
Extract:  77%|#######6  | 445/578 [01:46<00:34,  3.89it/s]
Extract:  78%|#######7  | 448/578 [01:47<00:20,  6.45it/s]
Extract:  78%|#######7  | 450/578 [01:47<00:26,  4.82it/s]
Extract:  78%|#######8  | 451/578 [01:48<00:33,  3.82it/s]
Extract:  78%|#######8  | 452/578 [01:48<00:29,  4.27it/s]
Extract:  79%|#######8  | 454/578 [01:48<00:22,  5.55it/s]
Extract:  79%|#######8  | 456/578 [01:48<00:17,  6.88it/s]
Extract:  79%|#######9  | 458/578 [01:48<00:17,  6.95it/s]
Extract:  80%|#######9  | 461/578 [01:49<00:13,  8.84it/s]
Extract:  80%|########  | 463/578 [01:49<00:16,  7.14it/s]
Extract:  80%|########  | 464/578 [01:49<00:16,  6.95it/s]
Extract:  81%|########  | 466/578 [01:50<00:16,  6.88it/s]
Extract:  81%|########  | 467/578 [01:50<00:19,  5.69it/s]
Extract:  81%|########  | 468/578 [01:50<00:24,  4.49it/s]
Extract:  81%|########1 | 470/578 [01:50<00:19,  5.57it/s]
Extract:  81%|########1 | 471/578 [01:51<00:22,  4.83it/s]
Extract:  82%|########1 | 472/578 [01:51<00:24,  4.29it/s]
Extract:  82%|########1 | 473/578 [01:51<00:23,  4.53it/s]
Extract:  82%|########2 | 474/578 [01:52<00:23,  4.43it/s]
Extract:  82%|########2 | 475/578 [01:52<00:20,  5.05it/s]
Extract:  82%|########2 | 476/578 [01:52<00:38,  2.67it/s]
Extract:  83%|########2 | 477/578 [01:53<00:31,  3.16it/s]
Extract:  83%|########2 | 478/578 [01:53<00:26,  3.83it/s]
Extract:  83%|########2 | 479/578 [01:53<00:25,  3.87it/s]
Extract:  83%|########3 | 481/578 [01:53<00:20,  4.66it/s]
Extract:  84%|########3 | 483/578 [01:54<00:15,  6.04it/s]
Extract:  84%|########3 | 484/578 [01:54<00:14,  6.55it/s]
Extract:  84%|########4 | 486/578 [01:54<00:11,  7.96it/s]
Extract:  84%|########4 | 487/578 [01:54<00:16,  5.62it/s]
Extract:  85%|########4 | 489/578 [01:55<00:22,  3.96it/s]
Extract:  85%|########4 | 490/578 [01:55<00:20,  4.32it/s]
Extract:  85%|########4 | 491/578 [01:55<00:21,  4.02it/s]
Extract:  85%|########5 | 492/578 [01:56<00:23,  3.59it/s]
Extract:  85%|########5 | 493/578 [01:56<00:22,  3.78it/s]
Extract:  85%|########5 | 494/578 [01:56<00:23,  3.62it/s]
Extract:  86%|########5 | 495/578 [01:56<00:18,  4.39it/s]
Extract:  86%|########5 | 497/578 [01:57<00:13,  5.95it/s]
Extract:  86%|########6 | 498/578 [01:57<00:27,  2.89it/s]
Extract:  86%|########6 | 499/578 [01:58<00:22,  3.52it/s]
Extract:  87%|########6 | 501/578 [01:58<00:15,  4.87it/s]
Extract:  87%|########7 | 503/578 [01:58<00:11,  6.63it/s]
Extract:  87%|########7 | 505/578 [01:59<00:22,  3.28it/s]
Extract:  88%|########7 | 507/578 [01:59<00:16,  4.27it/s]
Extract:  88%|########7 | 508/578 [01:59<00:16,  4.23it/s]
Extract:  88%|########8 | 510/578 [02:00<00:16,  4.21it/s]
Extract:  88%|########8 | 511/578 [02:00<00:14,  4.59it/s]
Extract:  89%|########8 | 512/578 [02:01<00:17,  3.70it/s]
Extract:  89%|########8 | 514/578 [02:01<00:12,  5.20it/s]
Extract:  89%|########9 | 515/578 [02:01<00:19,  3.31it/s]
Extract:  89%|########9 | 516/578 [02:02<00:25,  2.42it/s]
Extract:  89%|########9 | 517/578 [02:03<00:25,  2.40it/s]
Extract:  90%|########9 | 518/578 [02:03<00:20,  2.98it/s]
Extract:  90%|########9 | 519/578 [02:03<00:20,  2.93it/s]
Extract:  90%|########9 | 520/578 [02:03<00:17,  3.36it/s]
Extract:  90%|######### | 522/578 [02:03<00:12,  4.64it/s]
Extract:  90%|######### | 523/578 [02:04<00:12,  4.43it/s]
Extract:  91%|######### | 524/578 [02:04<00:11,  4.80it/s]
Extract:  91%|######### | 525/578 [02:04<00:09,  5.48it/s]
Extract:  91%|#########1| 526/578 [02:05<00:17,  2.96it/s]
Extract:  91%|#########1| 528/578 [02:05<00:13,  3.69it/s]
Extract:  92%|#########1| 529/578 [02:05<00:11,  4.18it/s]
Extract:  92%|#########1| 530/578 [02:05<00:10,  4.52it/s]
Extract:  92%|#########1| 531/578 [02:06<00:09,  4.96it/s]
Extract:  92%|#########2| 532/578 [02:06<00:08,  5.28it/s]
Extract:  92%|#########2| 533/578 [02:06<00:08,  5.62it/s]
Extract:  92%|#########2| 534/578 [02:06<00:09,  4.57it/s]
Extract:  93%|#########2| 535/578 [02:06<00:08,  5.36it/s]
Extract:  93%|#########2| 537/578 [02:07<00:08,  5.02it/s]
Extract:  93%|#########3| 538/578 [02:07<00:09,  4.28it/s]
Extract:  93%|#########3| 540/578 [02:08<00:09,  3.89it/s]
Extract:  94%|#########3| 541/578 [02:08<00:09,  4.04it/s]
Extract:  94%|#########3| 543/578 [02:08<00:07,  4.73it/s]
Extract:  94%|#########4| 545/578 [02:08<00:05,  6.29it/s]
Extract:  94%|#########4| 546/578 [02:09<00:08,  3.66it/s]
Extract:  95%|#########4| 547/578 [02:10<00:12,  2.42it/s]
Extract:  95%|#########4| 549/578 [02:10<00:07,  3.68it/s]
Extract:  95%|#########5| 551/578 [02:10<00:05,  4.97it/s]
Extract:  96%|#########5| 553/578 [02:11<00:06,  3.84it/s]
Extract:  96%|#########5| 554/578 [02:12<00:08,  2.81it/s]
Extract:  96%|#########6| 555/578 [02:12<00:10,  2.22it/s]
Extract:  96%|#########6| 556/578 [02:13<00:09,  2.34it/s]
Extract:  96%|#########6| 557/578 [02:13<00:09,  2.24it/s]
Extract:  97%|#########6| 559/578 [02:13<00:05,  3.42it/s]
Extract:  97%|#########6| 560/578 [02:14<00:06,  2.68it/s]
Extract:  97%|#########7| 561/578 [02:14<00:06,  2.75it/s]
Extract:  97%|#########7| 563/578 [02:15<00:03,  4.27it/s]
Extract:  98%|#########7| 564/578 [02:15<00:04,  2.99it/s]
Extract:  98%|#########7| 565/578 [02:16<00:05,  2.49it/s]
Extract:  98%|#########7| 566/578 [02:16<00:03,  3.01it/s]
Extract:  98%|#########8| 567/578 [02:16<00:03,  3.21it/s]
Extract:  98%|#########8| 568/578 [02:17<00:04,  2.12it/s]
Extract:  99%|#########8| 570/578 [02:17<00:02,  3.33it/s]
Extract:  99%|#########8| 572/578 [02:18<00:01,  4.18it/s]
Extract:  99%|#########9| 574/578 [02:18<00:00,  5.46it/s]
Extract:  99%|#########9| 575/578 [02:18<00:00,  5.06it/s]
Extract: 100%|#########9| 576/578 [02:19<00:00,  3.68it/s]
Extract: 100%|##########| 578/578 [02:19<00:00,  4.16it/s]

Extract:   0%|          | 0/578 [00:00<?, ?it/s]
Extract:   0%|          | 2/578 [00:00<00:52, 10.93it/s]
Extract:   1%|          | 4/578 [00:00<01:47,  5.34it/s]
Extract:   1%|          | 5/578 [00:00<01:50,  5.17it/s]
Extract:   1%|1         | 6/578 [00:01<02:07,  4.48it/s]
Extract:   1%|1         | 7/578 [00:01<02:31,  3.77it/s]
Extract:   1%|1         | 8/578 [00:02<03:28,  2.73it/s]
Extract:   2%|1         | 9/578 [00:02<03:53,  2.44it/s]
Extract:   2%|1         | 10/578 [00:03<03:42,  2.56it/s]
Extract:   2%|1         | 11/578 [00:03<04:09,  2.27it/s]
Extract:   2%|2         | 12/578 [00:04<04:45,  1.98it/s]
Extract:   2%|2         | 13/578 [00:04<04:11,  2.25it/s]
Extract:   2%|2         | 14/578 [00:05<04:21,  2.16it/s]
Extract:   3%|2         | 15/578 [00:05<04:44,  1.98it/s]
Extract:   3%|2         | 16/578 [00:05<03:51,  2.43it/s]
Extract:   3%|3         | 19/578 [00:06<01:58,  4.73it/s]
Extract:   3%|3         | 20/578 [00:06<01:45,  5.30it/s]
Extract:   4%|3         | 21/578 [00:06<02:42,  3.43it/s]
Extract:   4%|3         | 22/578 [00:07<02:44,  3.38it/s]
Extract:   4%|3         | 23/578 [00:07<03:10,  2.91it/s]
Extract:   4%|4         | 24/578 [00:07<02:46,  3.32it/s]
Extract:   4%|4         | 26/578 [00:07<01:56,  4.75it/s]
Extract:   5%|4         | 27/578 [00:08<03:01,  3.04it/s]
Extract:   5%|4         | 28/578 [00:08<02:42,  3.39it/s]
Extract:   5%|5         | 29/578 [00:09<02:31,  3.62it/s]
Extract:   5%|5         | 30/578 [00:09<02:32,  3.60it/s]
Extract:   5%|5         | 31/578 [00:09<02:48,  3.26it/s]
Extract:   6%|5         | 32/578 [00:09<02:19,  3.92it/s]
Extract:   6%|5         | 34/578 [00:09<01:34,  5.78it/s]
Extract:   6%|6         | 35/578 [00:10<01:29,  6.04it/s]
Extract:   6%|6         | 36/578 [00:10<01:25,  6.32it/s]
Extract:   6%|6         | 37/578 [00:10<01:53,  4.76it/s]
Extract:   7%|6         | 38/578 [00:10<01:51,  4.82it/s]
Extract:   7%|6         | 40/578 [00:11<01:46,  5.07it/s]
Extract:   7%|7         | 41/578 [00:11<01:50,  4.85it/s]
Extract:   7%|7         | 42/578 [00:12<02:48,  3.18it/s]
Extract:   7%|7         | 43/578 [00:12<03:27,  2.58it/s]
Extract:   8%|7         | 45/578 [00:12<02:13,  3.98it/s]
Extract:   8%|7         | 46/578 [00:12<01:57,  4.53it/s]
Extract:   8%|8         | 47/578 [00:13<02:07,  4.15it/s]
Extract:   8%|8         | 49/578 [00:13<01:33,  5.67it/s]
Extract:   9%|8         | 50/578 [00:14<02:29,  3.52it/s]
Extract:   9%|8         | 51/578 [00:14<03:19,  2.64it/s]
Extract:   9%|8         | 52/578 [00:15<03:58,  2.20it/s]
Extract:   9%|9         | 54/578 [00:15<03:09,  2.77it/s]
Extract:  10%|9         | 55/578 [00:16<03:07,  2.78it/s]
Extract:  10%|9         | 56/578 [00:16<02:42,  3.22it/s]
Extract:  10%|#         | 58/578 [00:16<02:22,  3.65it/s]
Extract:  10%|#         | 59/578 [00:17<02:25,  3.56it/s]
Extract:  10%|#         | 60/578 [00:17<03:07,  2.77it/s]
Extract:  11%|#         | 61/578 [00:18<03:33,  2.43it/s]
Extract:  11%|#         | 62/578 [00:18<02:50,  3.02it/s]
Extract:  11%|#1        | 64/578 [00:18<02:25,  3.54it/s]
Extract:  11%|#1        | 65/578 [00:19<02:53,  2.95it/s]
Extract:  11%|#1        | 66/578 [00:19<02:27,  3.47it/s]
Extract:  12%|#1        | 67/578 [00:20<03:52,  2.20it/s]
Extract:  12%|#1        | 69/578 [00:20<02:59,  2.84it/s]
Extract:  12%|#2        | 70/578 [00:21<02:54,  2.92it/s]
Extract:  12%|#2        | 71/578 [00:21<02:32,  3.32it/s]
Extract:  12%|#2        | 72/578 [00:21<02:20,  3.60it/s]
Extract:  13%|#2        | 73/578 [00:22<03:17,  2.56it/s]
Extract:  13%|#2        | 74/578 [00:22<02:36,  3.22it/s]
Extract:  13%|#2        | 75/578 [00:22<02:11,  3.82it/s]
Extract:  13%|#3        | 76/578 [00:22<02:18,  3.62it/s]
Extract:  13%|#3        | 77/578 [00:23<03:20,  2.50it/s]
Extract:  14%|#3        | 79/578 [00:23<02:02,  4.07it/s]
Extract:  14%|#3        | 80/578 [00:23<01:49,  4.54it/s]
Extract:  14%|#4        | 81/578 [00:23<01:38,  5.07it/s]
Extract:  14%|#4        | 82/578 [00:24<01:36,  5.14it/s]
Extract:  14%|#4        | 83/578 [00:24<01:50,  4.50it/s]
Extract:  15%|#4        | 84/578 [00:25<04:06,  2.00it/s]
Extract:  15%|#4        | 85/578 [00:25<03:14,  2.54it/s]
Extract:  15%|#4        | 86/578 [00:25<02:53,  2.83it/s]
Extract:  15%|#5        | 88/578 [00:26<01:56,  4.20it/s]
Extract:  15%|#5        | 89/578 [00:26<02:57,  2.76it/s]
Extract:  16%|#5        | 90/578 [00:27<02:41,  3.02it/s]
Extract:  16%|#5        | 91/578 [00:27<03:27,  2.35it/s]
Extract:  16%|#5        | 92/578 [00:28<04:21,  1.86it/s]
Extract:  16%|#6        | 93/578 [00:28<03:22,  2.40it/s]
Extract:  16%|#6        | 94/578 [00:29<03:06,  2.60it/s]
Extract:  17%|#6        | 96/578 [00:29<03:03,  2.62it/s]
Extract:  17%|#6        | 97/578 [00:29<02:35,  3.10it/s]
Extract:  17%|#6        | 98/578 [00:30<02:34,  3.11it/s]
Extract:  17%|#7        | 99/578 [00:30<02:14,  3.56it/s]
Extract:  17%|#7        | 100/578 [00:31<02:59,  2.67it/s]
Extract:  17%|#7        | 101/578 [00:31<02:28,  3.21it/s]
Extract:  18%|#7        | 104/578 [00:31<01:20,  5.91it/s]
Extract:  18%|#8        | 105/578 [00:31<01:35,  4.93it/s]
Extract:  18%|#8        | 106/578 [00:31<01:27,  5.37it/s]
Extract:  19%|#8        | 107/578 [00:32<02:56,  2.67it/s]
Extract:  19%|#8        | 108/578 [00:33<02:48,  2.80it/s]
Extract:  19%|#9        | 110/578 [00:33<02:11,  3.55it/s]
Extract:  19%|#9        | 111/578 [00:33<02:03,  3.79it/s]
Extract:  20%|#9        | 113/578 [00:33<01:29,  5.18it/s]
Extract:  20%|#9        | 114/578 [00:33<01:25,  5.41it/s]
Extract:  20%|#9        | 115/578 [00:34<01:23,  5.58it/s]
Extract:  20%|##        | 116/578 [00:34<01:39,  4.66it/s]
Extract:  20%|##        | 117/578 [00:34<02:14,  3.42it/s]
Extract:  21%|##        | 120/578 [00:35<02:14,  3.41it/s]
Extract:  21%|##        | 121/578 [00:36<03:05,  2.47it/s]
Extract:  21%|##1       | 123/578 [00:36<02:13,  3.41it/s]
Extract:  21%|##1       | 124/578 [00:37<01:57,  3.85it/s]
Extract:  22%|##1       | 125/578 [00:37<02:24,  3.14it/s]
Extract:  22%|##1       | 126/578 [00:37<02:16,  3.30it/s]
Extract:  22%|##2       | 128/578 [00:38<01:47,  4.17it/s]
Extract:  22%|##2       | 130/578 [00:38<01:54,  3.93it/s]
Extract:  23%|##2       | 131/578 [00:39<02:23,  3.12it/s]
Extract:  23%|##2       | 132/578 [00:39<02:16,  3.27it/s]
Extract:  23%|##3       | 133/578 [00:40<02:41,  2.75it/s]
Extract:  23%|##3       | 134/578 [00:40<02:15,  3.29it/s]
Extract:  23%|##3       | 135/578 [00:40<01:58,  3.74it/s]
Extract:  24%|##3       | 136/578 [00:40<01:49,  4.05it/s]
Extract:  24%|##3       | 137/578 [00:41<02:25,  3.02it/s]
Extract:  24%|##3       | 138/578 [00:41<02:51,  2.56it/s]
Extract:  24%|##4       | 139/578 [00:41<02:37,  2.79it/s]
Extract:  24%|##4       | 141/578 [00:41<01:36,  4.54it/s]
Extract:  25%|##4       | 144/578 [00:42<00:57,  7.55it/s]
Extract:  25%|##5       | 146/578 [00:42<01:25,  5.04it/s]
Extract:  25%|##5       | 147/578 [00:42<01:22,  5.23it/s]
Extract:  26%|##5       | 148/578 [00:43<01:34,  4.54it/s]
Extract:  26%|##5       | 149/578 [00:43<02:23,  2.98it/s]
Extract:  26%|##5       | 150/578 [00:44<02:06,  3.38it/s]
Extract:  26%|##6       | 152/578 [00:44<01:25,  4.99it/s]
Extract:  26%|##6       | 153/578 [00:45<02:19,  3.05it/s]
Extract:  27%|##6       | 154/578 [00:45<01:58,  3.58it/s]
Extract:  27%|##6       | 155/578 [00:45<02:26,  2.90it/s]
Extract:  27%|##7       | 157/578 [00:45<01:39,  4.24it/s]
Extract:  27%|##7       | 158/578 [00:46<01:26,  4.83it/s]
Extract:  28%|##7       | 160/578 [00:46<01:27,  4.79it/s]
Extract:  28%|##8       | 162/578 [00:46<01:07,  6.14it/s]
Extract:  28%|##8       | 163/578 [00:47<02:07,  3.25it/s]
Extract:  28%|##8       | 164/578 [00:47<01:48,  3.82it/s]
Extract:  29%|##8       | 165/578 [00:47<01:37,  4.23it/s]
Extract:  29%|##8       | 166/578 [00:47<01:26,  4.79it/s]
Extract:  29%|##8       | 167/578 [00:48<01:55,  3.57it/s]
Extract:  29%|##9       | 168/578 [00:48<01:40,  4.07it/s]
Extract:  29%|##9       | 169/578 [00:48<01:26,  4.75it/s]
Extract:  29%|##9       | 170/578 [00:48<01:20,  5.07it/s]
Extract:  30%|##9       | 172/578 [00:49<01:16,  5.33it/s]
Extract:  30%|##9       | 173/578 [00:49<01:49,  3.69it/s]
Extract:  30%|###       | 174/578 [00:49<01:41,  3.98it/s]
Extract:  30%|###       | 175/578 [00:49<01:25,  4.72it/s]
Extract:  30%|###       | 176/578 [00:50<01:13,  5.44it/s]
Extract:  31%|###       | 177/578 [00:50<02:06,  3.16it/s]
Extract:  31%|###       | 178/578 [00:50<01:48,  3.68it/s]
Extract:  31%|###       | 179/578 [00:51<01:54,  3.49it/s]
Extract:  31%|###1      | 180/578 [00:51<02:14,  2.95it/s]
Extract:  31%|###1      | 181/578 [00:52<02:37,  2.52it/s]
Extract:  31%|###1      | 182/578 [00:52<02:18,  2.86it/s]
Extract:  32%|###1      | 184/578 [00:52<01:46,  3.70it/s]
Extract:  32%|###2      | 185/578 [00:53<02:15,  2.91it/s]
Extract:  32%|###2      | 186/578 [00:53<01:56,  3.35it/s]
Extract:  33%|###2      | 188/578 [00:53<01:25,  4.55it/s]
Extract:  33%|###2      | 189/578 [00:54<02:10,  2.99it/s]
Extract:  33%|###3      | 191/578 [00:55<02:06,  3.06it/s]
Extract:  33%|###3      | 192/578 [00:55<01:52,  3.42it/s]
Extract:  33%|###3      | 193/578 [00:55<01:38,  3.89it/s]
Extract:  34%|###3      | 195/578 [00:55<01:23,  4.60it/s]
Extract:  34%|###4      | 197/578 [00:56<01:53,  3.34it/s]
Extract:  34%|###4      | 198/578 [00:56<01:48,  3.49it/s]
Extract:  35%|###4      | 201/578 [00:57<01:40,  3.76it/s]
Extract:  35%|###4      | 202/578 [00:57<01:39,  3.78it/s]
Extract:  35%|###5      | 203/578 [00:58<02:31,  2.47it/s]
Extract:  35%|###5      | 205/578 [00:58<01:44,  3.57it/s]
Extract:  36%|###5      | 206/578 [00:59<01:49,  3.41it/s]
Extract:  36%|###5      | 207/578 [00:59<02:07,  2.92it/s]
Extract:  36%|###6      | 209/578 [01:00<01:42,  3.61it/s]
Extract:  36%|###6      | 210/578 [01:00<02:01,  3.03it/s]
Extract:  37%|###6      | 212/578 [01:01<02:05,  2.90it/s]
Extract:  37%|###6      | 213/578 [01:01<01:55,  3.16it/s]
Extract:  37%|###7      | 215/578 [01:02<01:42,  3.53it/s]
Extract:  38%|###7      | 217/578 [01:02<01:23,  4.33it/s]
Extract:  38%|###8      | 220/578 [01:02<00:59,  6.01it/s]
Extract:  38%|###8      | 221/578 [01:02<00:57,  6.24it/s]
Extract:  39%|###8      | 223/578 [01:02<00:46,  7.65it/s]
Extract:  39%|###8      | 225/578 [01:03<01:08,  5.13it/s]
Extract:  39%|###9      | 226/578 [01:03<01:13,  4.76it/s]
Extract:  39%|###9      | 227/578 [01:03<01:10,  4.99it/s]
Extract:  39%|###9      | 228/578 [01:04<01:17,  4.49it/s]
Extract:  40%|###9      | 229/578 [01:04<01:18,  4.44it/s]
Extract:  40%|###9      | 230/578 [01:04<01:39,  3.50it/s]
Extract:  40%|###9      | 231/578 [01:05<01:49,  3.18it/s]
Extract:  40%|####      | 232/578 [01:05<01:36,  3.57it/s]
Extract:  40%|####      | 233/578 [01:05<01:24,  4.09it/s]
Extract:  40%|####      | 234/578 [01:05<01:15,  4.55it/s]
Extract:  41%|####      | 235/578 [01:05<01:10,  4.90it/s]
Extract:  41%|####      | 236/578 [01:06<01:51,  3.07it/s]
Extract:  41%|####1     | 237/578 [01:07<02:08,  2.65it/s]
Extract:  41%|####1     | 239/578 [01:07<01:25,  3.96it/s]
Extract:  42%|####1     | 240/578 [01:07<01:21,  4.14it/s]
Extract:  42%|####1     | 242/578 [01:07<00:58,  5.70it/s]
Extract:  42%|####2     | 244/578 [01:08<01:35,  3.50it/s]
Extract:  42%|####2     | 245/578 [01:08<01:26,  3.87it/s]
Extract:  43%|####2     | 246/578 [01:08<01:14,  4.47it/s]
Extract:  43%|####2     | 247/578 [01:09<01:25,  3.86it/s]
Extract:  43%|####2     | 248/578 [01:09<01:37,  3.37it/s]
Extract:  43%|####3     | 249/578 [01:09<01:30,  3.63it/s]
Extract:  43%|####3     | 250/578 [01:10<01:19,  4.14it/s]
Extract:  43%|####3     | 251/578 [01:10<01:17,  4.21it/s]
Extract:  44%|####3     | 253/578 [01:10<00:57,  5.70it/s]
Extract:  44%|####4     | 255/578 [01:10<01:07,  4.76it/s]
Extract:  44%|####4     | 256/578 [01:11<01:46,  3.01it/s]
Extract:  44%|####4     | 257/578 [01:11<01:31,  3.50it/s]
Extract:  45%|####4     | 258/578 [01:11<01:16,  4.17it/s]
Extract:  45%|####4     | 259/578 [01:12<01:06,  4.83it/s]
Extract:  45%|####5     | 261/578 [01:12<00:49,  6.41it/s]
Extract:  45%|####5     | 262/578 [01:12<01:04,  4.91it/s]
Extract:  46%|####5     | 263/578 [01:13<01:53,  2.77it/s]
Extract:  46%|####5     | 264/578 [01:13<01:32,  3.39it/s]
Extract:  46%|####5     | 265/578 [01:13<01:38,  3.19it/s]
Extract:  46%|####6     | 266/578 [01:14<01:33,  3.33it/s]
Extract:  46%|####6     | 267/578 [01:14<01:47,  2.88it/s]
Extract:  46%|####6     | 268/578 [01:14<01:26,  3.57it/s]
Extract:  47%|####6     | 269/578 [01:15<01:37,  3.18it/s]
Extract:  47%|####6     | 271/578 [01:15<01:00,  5.06it/s]
Extract:  47%|####7     | 273/578 [01:15<01:17,  3.94it/s]
Extract:  47%|####7     | 274/578 [01:16<01:46,  2.85it/s]
Extract:  48%|####7     | 275/578 [01:17<01:58,  2.57it/s]
Extract:  48%|####7     | 276/578 [01:17<01:43,  2.91it/s]
Extract:  48%|####7     | 277/578 [01:17<01:46,  2.83it/s]
Extract:  48%|####8     | 280/578 [01:18<01:18,  3.79it/s]
Extract:  49%|####8     | 282/578 [01:18<01:02,  4.77it/s]
Extract:  49%|####8     | 283/578 [01:18<01:09,  4.25it/s]
Extract:  49%|####9     | 284/578 [01:19<01:02,  4.69it/s]
Extract:  49%|####9     | 285/578 [01:19<01:10,  4.14it/s]
Extract:  49%|####9     | 286/578 [01:19<01:12,  4.02it/s]
Extract:  50%|####9     | 287/578 [01:19<01:03,  4.56it/s]
Extract:  50%|####9     | 288/578 [01:19<00:54,  5.30it/s]
Extract:  50%|#####     | 289/578 [01:20<01:00,  4.81it/s]
Extract:  50%|#####     | 290/578 [01:20<01:36,  3.00it/s]
Extract:  50%|#####     | 291/578 [01:20<01:17,  3.69it/s]
Extract:  51%|#####     | 293/578 [01:21<00:49,  5.79it/s]
Extract:  51%|#####     | 294/578 [01:21<00:47,  6.03it/s]
Extract:  51%|#####1    | 295/578 [01:21<01:30,  3.11it/s]
Extract:  51%|#####1    | 296/578 [01:22<01:22,  3.40it/s]
Extract:  51%|#####1    | 297/578 [01:23<02:10,  2.15it/s]
Extract:  52%|#####1    | 299/578 [01:23<01:24,  3.29it/s]
Extract:  52%|#####1    | 300/578 [01:23<01:15,  3.68it/s]
Extract:  52%|#####2    | 301/578 [01:23<01:24,  3.28it/s]
Extract:  52%|#####2    | 303/578 [01:24<00:59,  4.62it/s]
Extract:  53%|#####2    | 304/578 [01:24<01:39,  2.76it/s]
Extract:  53%|#####2    | 305/578 [01:25<01:32,  2.95it/s]
Extract:  53%|#####3    | 307/578 [01:25<01:27,  3.08it/s]
Extract:  53%|#####3    | 308/578 [01:26<01:31,  2.97it/s]
Extract:  53%|#####3    | 309/578 [01:26<01:50,  2.43it/s]
Extract:  54%|#####3    | 310/578 [01:26<01:38,  2.72it/s]
Extract:  54%|#####3    | 311/578 [01:27<02:00,  2.21it/s]
Extract:  54%|#####3    | 312/578 [01:28<02:39,  1.67it/s]
Extract:  54%|#####4    | 313/578 [01:28<02:06,  2.09it/s]
Extract:  54%|#####4    | 314/578 [01:29<01:56,  2.27it/s]
Extract:  55%|#####4    | 316/578 [01:29<01:25,  3.05it/s]
Extract:  55%|#####5    | 318/578 [01:30<01:20,  3.23it/s]
Extract:  55%|#####5    | 319/578 [01:30<01:16,  3.38it/s]
Extract:  55%|#####5    | 320/578 [01:30<01:29,  2.90it/s]
Extract:  56%|#####5    | 321/578 [01:31<01:15,  3.42it/s]
Extract:  56%|#####5    | 322/578 [01:31<01:17,  3.31it/s]
Extract:  56%|#####5    | 323/578 [01:31<01:14,  3.43it/s]
Extract:  56%|#####6    | 325/578 [01:31<00:49,  5.10it/s]
Extract:  56%|#####6    | 326/578 [01:32<00:53,  4.70it/s]
Extract:  57%|#####6    | 327/578 [01:32<00:47,  5.28it/s]
Extract:  57%|#####6    | 328/578 [01:32<00:50,  4.98it/s]
Extract:  57%|#####7    | 330/578 [01:32<00:40,  6.12it/s]
Extract:  57%|#####7    | 331/578 [01:32<00:44,  5.50it/s]
Extract:  57%|#####7    | 332/578 [01:33<00:52,  4.73it/s]
Extract:  58%|#####7    | 334/578 [01:33<00:39,  6.11it/s]
Extract:  58%|#####7    | 335/578 [01:33<00:38,  6.37it/s]
Extract:  58%|#####8    | 337/578 [01:33<00:35,  6.75it/s]
Extract:  59%|#####8    | 339/578 [01:34<00:35,  6.68it/s]
Extract:  59%|#####8    | 340/578 [01:34<00:36,  6.44it/s]
Extract:  59%|#####8    | 341/578 [01:34<00:39,  6.02it/s]
Extract:  59%|#####9    | 342/578 [01:35<01:03,  3.74it/s]
Extract:  60%|#####9    | 344/578 [01:35<01:07,  3.47it/s]
Extract:  60%|#####9    | 345/578 [01:35<01:00,  3.88it/s]
Extract:  60%|#####9    | 346/578 [01:35<00:51,  4.49it/s]
Extract:  60%|######    | 347/578 [01:36<00:45,  5.10it/s]
Extract:  60%|######    | 348/578 [01:36<00:40,  5.74it/s]
Extract:  60%|######    | 349/578 [01:36<01:10,  3.23it/s]
Extract:  61%|######    | 350/578 [01:36<01:03,  3.62it/s]
Extract:  61%|######    | 351/578 [01:37<01:29,  2.53it/s]
Extract:  61%|######1   | 353/578 [01:38<01:07,  3.32it/s]
Extract:  61%|######1   | 355/578 [01:38<00:46,  4.80it/s]
Extract:  62%|######1   | 356/578 [01:38<01:00,  3.67it/s]
Extract:  62%|######1   | 357/578 [01:38<00:57,  3.83it/s]
Extract:  62%|######2   | 359/578 [01:39<00:46,  4.76it/s]
Extract:  62%|######2   | 360/578 [01:39<00:50,  4.30it/s]
Extract:  62%|######2   | 361/578 [01:39<00:46,  4.66it/s]
Extract:  63%|######2   | 362/578 [01:40<01:11,  3.03it/s]
Extract:  63%|######2   | 363/578 [01:40<01:00,  3.54it/s]
Extract:  63%|######2   | 364/578 [01:40<00:58,  3.68it/s]
Extract:  63%|######3   | 365/578 [01:41<01:01,  3.44it/s]
Extract:  63%|######3   | 366/578 [01:41<01:00,  3.49it/s]
Extract:  63%|######3   | 367/578 [01:42<01:40,  2.11it/s]
Extract:  64%|######3   | 368/578 [01:42<01:27,  2.40it/s]
Extract:  64%|######3   | 369/578 [01:43<01:40,  2.08it/s]
Extract:  64%|######4   | 371/578 [01:43<01:01,  3.39it/s]
Extract:  65%|######4   | 373/578 [01:43<00:53,  3.85it/s]
Extract:  65%|######4   | 374/578 [01:43<00:48,  4.22it/s]
Extract:  65%|######5   | 376/578 [01:44<00:43,  4.62it/s]
Extract:  65%|######5   | 377/578 [01:44<00:47,  4.22it/s]
Extract:  65%|######5   | 378/578 [01:44<00:41,  4.77it/s]
Extract:  66%|######5   | 379/578 [01:44<00:36,  5.40it/s]
Extract:  66%|######5   | 380/578 [01:45<00:42,  4.69it/s]
Extract:  66%|######5   | 381/578 [01:45<00:38,  5.13it/s]
Extract:  66%|######6   | 382/578 [01:45<00:53,  3.63it/s]
Extract:  66%|######6   | 383/578 [01:45<00:47,  4.12it/s]
Extract:  66%|######6   | 384/578 [01:46<00:55,  3.48it/s]
Extract:  67%|######6   | 386/578 [01:46<00:39,  4.82it/s]
Extract:  67%|######6   | 387/578 [01:46<00:42,  4.49it/s]
Extract:  67%|######7   | 389/578 [01:46<00:29,  6.41it/s]
Extract:  67%|######7   | 390/578 [01:47<00:29,  6.43it/s]
Extract:  68%|######7   | 391/578 [01:47<00:30,  6.23it/s]
Extract:  68%|######7   | 392/578 [01:47<00:30,  6.08it/s]
Extract:  68%|######7   | 393/578 [01:47<00:34,  5.43it/s]
Extract:  68%|######8   | 394/578 [01:47<00:35,  5.13it/s]
Extract:  68%|######8   | 395/578 [01:48<01:09,  2.62it/s]
Extract:  69%|######8   | 397/578 [01:49<00:56,  3.21it/s]
Extract:  69%|######8   | 398/578 [01:49<00:49,  3.63it/s]
Extract:  69%|######9   | 399/578 [01:49<00:43,  4.11it/s]
Extract:  69%|######9   | 401/578 [01:49<00:31,  5.70it/s]
Extract:  70%|######9   | 402/578 [01:49<00:28,  6.15it/s]
Extract:  70%|######9   | 403/578 [01:49<00:26,  6.59it/s]
Extract:  70%|######9   | 404/578 [01:49<00:24,  7.22it/s]
Extract:  70%|#######   | 405/578 [01:50<00:23,  7.25it/s]
Extract:  70%|#######   | 406/578 [01:50<00:30,  5.64it/s]
Extract:  70%|#######   | 407/578 [01:50<00:41,  4.13it/s]
Extract:  71%|#######   | 408/578 [01:51<01:05,  2.61it/s]
Extract:  71%|#######   | 410/578 [01:51<00:47,  3.54it/s]
Extract:  71%|#######1  | 412/578 [01:52<00:36,  4.60it/s]
Extract:  71%|#######1  | 413/578 [01:52<00:41,  3.94it/s]
Extract:  72%|#######1  | 415/578 [01:52<00:32,  5.07it/s]
Extract:  72%|#######1  | 416/578 [01:52<00:32,  4.94it/s]
Extract:  72%|#######2  | 417/578 [01:53<00:29,  5.55it/s]
Extract:  72%|#######2  | 418/578 [01:53<00:31,  5.05it/s]
Extract:  72%|#######2  | 419/578 [01:53<00:35,  4.45it/s]
Extract:  73%|#######2  | 421/578 [01:54<00:44,  3.56it/s]
Extract:  73%|#######3  | 424/578 [01:54<00:29,  5.20it/s]
Extract:  74%|#######3  | 425/578 [01:55<00:36,  4.16it/s]
Extract:  74%|#######3  | 426/578 [01:55<00:34,  4.35it/s]
Extract:  74%|#######3  | 427/578 [01:55<00:51,  2.95it/s]
Extract:  74%|#######4  | 428/578 [01:56<01:12,  2.06it/s]
Extract:  74%|#######4  | 429/578 [01:57<01:16,  1.95it/s]
Extract:  75%|#######4  | 431/578 [01:57<00:49,  2.94it/s]
Extract:  75%|#######4  | 432/578 [01:57<00:45,  3.22it/s]
Extract:  75%|#######4  | 433/578 [01:57<00:37,  3.85it/s]
Extract:  75%|#######5  | 434/578 [01:58<00:51,  2.81it/s]
Extract:  75%|#######5  | 435/578 [01:58<00:44,  3.23it/s]
Extract:  76%|#######5  | 437/578 [01:59<00:33,  4.25it/s]
Extract:  76%|#######5  | 438/578 [01:59<00:30,  4.56it/s]
Extract:  76%|#######5  | 439/578 [01:59<00:33,  4.10it/s]
Extract:  76%|#######6  | 441/578 [02:00<00:39,  3.48it/s]
Extract:  76%|#######6  | 442/578 [02:00<00:35,  3.83it/s]
Extract:  77%|#######6  | 443/578 [02:00<00:30,  4.39it/s]
Extract:  77%|#######6  | 444/578 [02:00<00:27,  4.93it/s]
Extract:  77%|#######6  | 445/578 [02:01<00:38,  3.49it/s]
Extract:  78%|#######7  | 448/578 [02:01<00:20,  6.25it/s]
Extract:  78%|#######7  | 450/578 [02:02<00:38,  3.37it/s]
Extract:  78%|#######8  | 451/578 [02:03<00:47,  2.69it/s]
Extract:  78%|#######8  | 452/578 [02:03<00:40,  3.14it/s]
Extract:  79%|#######8  | 454/578 [02:03<00:28,  4.33it/s]
Extract:  79%|#######8  | 456/578 [02:03<00:21,  5.56it/s]
Extract:  79%|#######9  | 458/578 [02:03<00:21,  5.68it/s]
Extract:  80%|#######9  | 461/578 [02:04<00:15,  7.62it/s]
Extract:  80%|########  | 463/578 [02:04<00:16,  6.79it/s]
Extract:  81%|########  | 466/578 [02:04<00:14,  7.61it/s]
Extract:  81%|########  | 467/578 [02:05<00:16,  6.53it/s]
Extract:  81%|########  | 468/578 [02:05<00:24,  4.44it/s]
Extract:  81%|########1 | 469/578 [02:05<00:22,  4.88it/s]
Extract:  81%|########1 | 470/578 [02:06<00:22,  4.79it/s]
Extract:  81%|########1 | 471/578 [02:06<00:24,  4.40it/s]
Extract:  82%|########1 | 472/578 [02:06<00:25,  4.11it/s]
Extract:  82%|########1 | 473/578 [02:06<00:22,  4.64it/s]
Extract:  82%|########2 | 474/578 [02:07<00:23,  4.39it/s]
Extract:  82%|########2 | 475/578 [02:07<00:21,  4.73it/s]
Extract:  82%|########2 | 476/578 [02:07<00:34,  3.00it/s]
Extract:  83%|########2 | 477/578 [02:08<00:39,  2.57it/s]
Extract:  83%|########2 | 478/578 [02:08<00:31,  3.21it/s]
Extract:  83%|########2 | 479/578 [02:08<00:27,  3.66it/s]
Extract:  83%|########3 | 480/578 [02:08<00:22,  4.39it/s]
Extract:  83%|########3 | 481/578 [02:08<00:20,  4.62it/s]
Extract:  84%|########3 | 483/578 [02:09<00:13,  6.80it/s]
Extract:  84%|########3 | 485/578 [02:09<00:10,  8.53it/s]
Extract:  84%|########4 | 487/578 [02:09<00:12,  7.37it/s]
Extract:  84%|########4 | 488/578 [02:09<00:11,  7.73it/s]
Extract:  85%|########4 | 489/578 [02:10<00:21,  4.05it/s]
Extract:  85%|########4 | 490/578 [02:10<00:20,  4.37it/s]
Extract:  85%|########4 | 491/578 [02:10<00:21,  4.13it/s]
Extract:  85%|########5 | 492/578 [02:11<00:23,  3.58it/s]
Extract:  85%|########5 | 493/578 [02:11<00:22,  3.81it/s]
Extract:  85%|########5 | 494/578 [02:11<00:21,  3.98it/s]
Extract:  86%|########5 | 496/578 [02:11<00:13,  5.94it/s]
Extract:  86%|########6 | 498/578 [02:12<00:18,  4.44it/s]
Extract:  87%|########6 | 500/578 [02:12<00:12,  6.15it/s]
Extract:  87%|########6 | 502/578 [02:12<00:10,  7.13it/s]
Extract:  87%|########7 | 504/578 [02:13<00:12,  6.04it/s]
Extract:  87%|########7 | 505/578 [02:13<00:18,  3.87it/s]
Extract:  88%|########7 | 507/578 [02:13<00:14,  5.01it/s]
Extract:  88%|########7 | 508/578 [02:14<00:14,  4.79it/s]
Extract:  88%|########8 | 510/578 [02:14<00:14,  4.66it/s]
Extract:  88%|########8 | 511/578 [02:14<00:13,  5.06it/s]
Extract:  89%|########8 | 512/578 [02:15<00:20,  3.29it/s]
Extract:  89%|########8 | 514/578 [02:15<00:13,  4.81it/s]
Extract:  89%|########9 | 515/578 [02:15<00:14,  4.32it/s]
Extract:  89%|########9 | 516/578 [02:16<00:20,  3.00it/s]
Extract:  89%|########9 | 517/578 [02:16<00:20,  2.97it/s]
Extract:  90%|########9 | 519/578 [02:17<00:16,  3.54it/s]
Extract:  90%|########9 | 520/578 [02:17<00:15,  3.82it/s]
Extract:  90%|######### | 522/578 [02:17<00:11,  4.92it/s]
Extract:  90%|######### | 523/578 [02:17<00:11,  4.73it/s]
Extract:  91%|######### | 524/578 [02:18<00:10,  4.96it/s]
Extract:  91%|######### | 525/578 [02:18<00:10,  5.06it/s]
Extract:  91%|#########1| 526/578 [02:19<00:18,  2.77it/s]
Extract:  91%|#########1| 528/578 [02:19<00:13,  3.77it/s]
Extract:  92%|#########1| 529/578 [02:19<00:12,  3.89it/s]
Extract:  92%|#########1| 530/578 [02:19<00:11,  4.10it/s]
Extract:  92%|#########1| 531/578 [02:20<00:10,  4.37it/s]
Extract:  92%|#########2| 532/578 [02:20<00:10,  4.58it/s]
Extract:  92%|#########2| 533/578 [02:20<00:09,  4.75it/s]
Extract:  92%|#########2| 534/578 [02:20<00:10,  4.29it/s]
Extract:  93%|#########2| 535/578 [02:20<00:08,  4.97it/s]
Extract:  93%|#########2| 537/578 [02:21<00:07,  5.49it/s]
Extract:  93%|#########3| 538/578 [02:21<00:09,  4.17it/s]
Extract:  93%|#########3| 540/578 [02:22<00:10,  3.47it/s]
Extract:  94%|#########3| 541/578 [02:22<00:10,  3.55it/s]
Extract:  94%|#########3| 543/578 [02:22<00:08,  4.08it/s]
Extract:  94%|#########4| 545/578 [02:23<00:06,  5.28it/s]
Extract:  94%|#########4| 546/578 [02:23<00:09,  3.26it/s]
Extract:  95%|#########4| 547/578 [02:25<00:16,  1.89it/s]
Extract:  95%|#########4| 549/578 [02:25<00:09,  2.91it/s]
Extract:  95%|#########5| 550/578 [02:25<00:08,  3.41it/s]
Extract:  95%|#########5| 551/578 [02:25<00:06,  4.04it/s]
Extract:  96%|#########5| 553/578 [02:26<00:07,  3.32it/s]
Extract:  96%|#########5| 554/578 [02:26<00:09,  2.59it/s]
Extract:  96%|#########6| 555/578 [02:27<00:10,  2.12it/s]
Extract:  96%|#########6| 556/578 [02:27<00:09,  2.30it/s]
Extract:  96%|#########6| 557/578 [02:28<00:09,  2.11it/s]
Extract:  97%|#########6| 559/578 [02:28<00:05,  3.27it/s]
Extract:  97%|#########6| 560/578 [02:29<00:06,  2.61it/s]
Extract:  97%|#########7| 561/578 [02:29<00:06,  2.73it/s]
Extract:  97%|#########7| 563/578 [02:29<00:03,  4.18it/s]
Extract:  98%|#########7| 564/578 [02:30<00:05,  2.75it/s]
Extract:  98%|#########7| 565/578 [02:31<00:05,  2.36it/s]
Extract:  98%|#########7| 566/578 [02:31<00:04,  2.89it/s]
Extract:  98%|#########8| 567/578 [02:31<00:03,  3.07it/s]
Extract:  98%|#########8| 568/578 [02:32<00:05,  1.87it/s]
Extract:  99%|#########8| 570/578 [02:32<00:02,  2.94it/s]
Extract:  99%|#########8| 572/578 [02:33<00:01,  3.95it/s]
Extract:  99%|#########9| 574/578 [02:33<00:00,  5.22it/s]
Extract:  99%|#########9| 575/578 [02:33<00:00,  4.92it/s]
Extract: 100%|#########9| 576/578 [02:33<00:00,  3.68it/s]
Extract: 100%|##########| 578/578 [02:34<00:00,  3.75it/s]

Extract:   0%|          | 0/578 [00:00<?, ?it/s]
Extract:   0%|          | 1/578 [00:00<01:00,  9.55it/s]
Extract:   0%|          | 2/578 [00:00<01:28,  6.52it/s]
Extract:   1%|          | 3/578 [00:00<01:47,  5.36it/s]
Extract:   1%|          | 4/578 [00:00<02:14,  4.26it/s]
Extract:   1%|          | 5/578 [00:01<02:05,  4.58it/s]
Extract:   1%|1         | 6/578 [00:01<01:56,  4.89it/s]
Extract:   1%|1         | 7/578 [00:01<02:50,  3.35it/s]
Extract:   1%|1         | 8/578 [00:02<03:29,  2.73it/s]
Extract:   2%|1         | 9/578 [00:02<03:25,  2.76it/s]
Extract:   2%|1         | 10/578 [00:02<03:17,  2.87it/s]
Extract:   2%|1         | 11/578 [00:03<03:31,  2.68it/s]
Extract:   2%|2         | 12/578 [00:04<04:57,  1.90it/s]
Extract:   2%|2         | 13/578 [00:04<03:56,  2.39it/s]
Extract:   2%|2         | 14/578 [00:04<04:20,  2.16it/s]
Extract:   3%|2         | 15/578 [00:05<04:46,  1.96it/s]
Extract:   3%|2         | 16/578 [00:05<03:56,  2.37it/s]
Extract:   3%|3         | 18/578 [00:05<02:21,  3.96it/s]
Extract:   3%|3         | 20/578 [00:06<01:42,  5.45it/s]
Extract:   4%|3         | 21/578 [00:06<02:56,  3.15it/s]
Extract:   4%|3         | 22/578 [00:07<02:51,  3.23it/s]
Extract:   4%|3         | 23/578 [00:07<02:59,  3.10it/s]
Extract:   4%|4         | 24/578 [00:07<02:42,  3.42it/s]
Extract:   4%|4         | 26/578 [00:07<01:56,  4.72it/s]
Extract:   5%|4         | 27/578 [00:08<03:06,  2.96it/s]
Extract:   5%|4         | 28/578 [00:08<02:40,  3.42it/s]
Extract:   5%|5         | 29/578 [00:08<02:27,  3.73it/s]
Extract:   5%|5         | 30/578 [00:09<02:43,  3.35it/s]
Extract:   5%|5         | 31/578 [00:09<02:44,  3.32it/s]
Extract:   6%|5         | 32/578 [00:09<02:21,  3.87it/s]
Extract:   6%|5         | 34/578 [00:09<01:33,  5.81it/s]
Extract:   6%|6         | 35/578 [00:10<01:26,  6.26it/s]
Extract:   6%|6         | 37/578 [00:10<01:31,  5.92it/s]
Extract:   7%|6         | 38/578 [00:10<01:32,  5.85it/s]
Extract:   7%|6         | 40/578 [00:10<01:21,  6.59it/s]
Extract:   7%|7         | 41/578 [00:11<01:23,  6.45it/s]
Extract:   7%|7         | 42/578 [00:11<02:53,  3.09it/s]
Extract:   7%|7         | 43/578 [00:12<03:23,  2.62it/s]
Extract:   8%|7         | 45/578 [00:12<02:13,  4.00it/s]
Extract:   8%|7         | 46/578 [00:12<01:58,  4.47it/s]
Extract:   8%|8         | 47/578 [00:12<02:06,  4.19it/s]
Extract:   8%|8         | 49/578 [00:13<01:31,  5.79it/s]
Extract:   9%|8         | 50/578 [00:13<02:27,  3.58it/s]
Extract:   9%|8         | 51/578 [00:14<02:51,  3.07it/s]
Extract:   9%|8         | 52/578 [00:14<03:23,  2.59it/s]
Extract:   9%|9         | 54/578 [00:15<02:56,  2.97it/s]
Extract:  10%|9         | 55/578 [00:15<03:03,  2.85it/s]
Extract:  10%|9         | 56/578 [00:15<02:39,  3.27it/s]
Extract:  10%|#         | 58/578 [00:16<02:29,  3.49it/s]
Extract:  10%|#         | 59/578 [00:16<02:30,  3.45it/s]
Extract:  10%|#         | 60/578 [00:17<03:10,  2.72it/s]
Extract:  11%|#         | 61/578 [00:17<03:44,  2.30it/s]
Extract:  11%|#         | 62/578 [00:18<03:07,  2.75it/s]
Extract:  11%|#1        | 64/578 [00:18<02:36,  3.28it/s]
Extract:  11%|#1        | 65/578 [00:19<03:05,  2.77it/s]
Extract:  11%|#1        | 66/578 [00:19<02:37,  3.26it/s]
Extract:  12%|#1        | 67/578 [00:19<03:27,  2.46it/s]
Extract:  12%|#1        | 69/578 [00:20<02:52,  2.95it/s]
Extract:  12%|#2        | 71/578 [00:20<02:09,  3.93it/s]
Extract:  12%|#2        | 72/578 [00:20<01:59,  4.24it/s]
Extract:  13%|#2        | 73/578 [00:21<02:40,  3.14it/s]
Extract:  13%|#2        | 75/578 [00:21<01:50,  4.54it/s]
Extract:  13%|#3        | 76/578 [00:21<01:47,  4.68it/s]
Extract:  13%|#3        | 77/578 [00:22<02:30,  3.33it/s]
Extract:  14%|#3        | 79/578 [00:22<01:42,  4.88it/s]
Extract:  14%|#3        | 80/578 [00:22<01:34,  5.30it/s]
Extract:  14%|#4        | 81/578 [00:22<01:23,  5.98it/s]
Extract:  14%|#4        | 83/578 [00:22<01:11,  6.95it/s]
Extract:  15%|#4        | 84/578 [00:23<02:30,  3.29it/s]
Extract:  15%|#4        | 85/578 [00:23<02:05,  3.93it/s]
Extract:  15%|#4        | 86/578 [00:24<01:51,  4.42it/s]
Extract:  15%|#5        | 88/578 [00:24<01:16,  6.41it/s]
Extract:  15%|#5        | 89/578 [00:24<02:04,  3.92it/s]
Extract:  16%|#5        | 90/578 [00:24<01:52,  4.33it/s]
Extract:  16%|#5        | 91/578 [00:25<02:24,  3.38it/s]
Extract:  16%|#5        | 92/578 [00:26<03:05,  2.62it/s]
Extract:  16%|#6        | 94/578 [00:26<02:48,  2.86it/s]
Extract:  17%|#6        | 96/578 [00:27<02:34,  3.12it/s]
Extract:  17%|#6        | 98/578 [00:27<02:07,  3.75it/s]
Extract:  17%|#7        | 99/578 [00:27<01:52,  4.24it/s]
Extract:  17%|#7        | 100/578 [00:27<02:01,  3.95it/s]
Extract:  17%|#7        | 101/578 [00:28<01:52,  4.23it/s]
Extract:  18%|#7        | 104/578 [00:28<01:05,  7.18it/s]
Extract:  18%|#8        | 106/578 [00:28<01:13,  6.45it/s]
Extract:  19%|#8        | 107/578 [00:29<01:57,  4.01it/s]
Extract:  19%|#8        | 108/578 [00:29<01:59,  3.94it/s]
Extract:  19%|#9        | 110/578 [00:29<01:36,  4.86it/s]
Extract:  19%|#9        | 111/578 [00:29<01:28,  5.25it/s]
Extract:  20%|#9        | 113/578 [00:30<01:04,  7.19it/s]
Extract:  20%|#9        | 115/578 [00:30<00:54,  8.44it/s]
Extract:  20%|##        | 117/578 [00:31<01:37,  4.71it/s]
Extract:  21%|##        | 120/578 [00:31<01:46,  4.32it/s]
Extract:  21%|##        | 121/578 [00:32<02:17,  3.33it/s]
Extract:  21%|##1       | 122/578 [00:32<02:00,  3.79it/s]
Extract:  21%|##1       | 123/578 [00:32<01:44,  4.34it/s]
Extract:  21%|##1       | 124/578 [00:32<01:31,  4.96it/s]
Extract:  22%|##1       | 125/578 [00:33<01:55,  3.93it/s]
Extract:  22%|##1       | 126/578 [00:33<01:48,  4.17it/s]
Extract:  22%|##2       | 128/578 [00:33<01:24,  5.31it/s]
Extract:  22%|##2       | 130/578 [00:34<01:34,  4.74it/s]
Extract:  23%|##2       | 131/578 [00:34<02:13,  3.34it/s]
Extract:  23%|##2       | 132/578 [00:35<02:57,  2.52it/s]
Extract:  23%|##3       | 133/578 [00:36<03:18,  2.25it/s]
Extract:  23%|##3       | 134/578 [00:36<02:55,  2.53it/s]
Extract:  23%|##3       | 135/578 [00:36<02:43,  2.71it/s]
Extract:  24%|##3       | 136/578 [00:36<02:24,  3.06it/s]
Extract:  24%|##3       | 137/578 [00:37<03:15,  2.26it/s]
Extract:  24%|##3       | 138/578 [00:38<03:53,  1.88it/s]
Extract:  24%|##4       | 139/578 [00:38<03:47,  1.93it/s]
Extract:  24%|##4       | 141/578 [00:38<02:20,  3.11it/s]
Extract:  25%|##4       | 144/578 [00:39<01:20,  5.42it/s]
Extract:  25%|##5       | 146/578 [00:39<01:39,  4.35it/s]
Extract:  25%|##5       | 147/578 [00:39<01:31,  4.73it/s]
Extract:  26%|##5       | 148/578 [00:40<01:24,  5.07it/s]
Extract:  26%|##5       | 149/578 [00:40<02:35,  2.75it/s]
Extract:  26%|##5       | 150/578 [00:41<02:15,  3.17it/s]
Extract:  26%|##6       | 152/578 [00:41<01:27,  4.84it/s]
Extract:  26%|##6       | 153/578 [00:41<02:09,  3.27it/s]
Extract:  27%|##6       | 154/578 [00:41<01:49,  3.85it/s]
Extract:  27%|##6       | 155/578 [00:42<02:15,  3.13it/s]
Extract:  27%|##7       | 157/578 [00:42<01:32,  4.56it/s]
Extract:  27%|##7       | 158/578 [00:42<01:24,  4.95it/s]
Extract:  28%|##7       | 159/578 [00:42<01:14,  5.65it/s]
Extract:  28%|##7       | 160/578 [00:43<01:30,  4.60it/s]
Extract:  28%|##8       | 162/578 [00:43<01:02,  6.61it/s]
Extract:  28%|##8       | 163/578 [00:44<02:10,  3.18it/s]
Extract:  28%|##8       | 164/578 [00:44<01:53,  3.64it/s]
Extract:  29%|##8       | 165/578 [00:44<01:46,  3.89it/s]
Extract:  29%|##8       | 166/578 [00:44<01:39,  4.14it/s]
Extract:  29%|##8       | 167/578 [00:45<02:52,  2.39it/s]
Extract:  29%|##9       | 168/578 [00:46<03:06,  2.19it/s]
Extract:  29%|##9       | 169/578 [00:46<02:28,  2.75it/s]
Extract:  29%|##9       | 170/578 [00:46<02:01,  3.36it/s]
Extract:  30%|##9       | 172/578 [00:46<01:39,  4.10it/s]
Extract:  30%|##9       | 173/578 [00:47<02:15,  2.99it/s]
Extract:  30%|###       | 174/578 [00:47<02:00,  3.35it/s]
Extract:  30%|###       | 175/578 [00:47<01:42,  3.92it/s]
Extract:  30%|###       | 176/578 [00:47<01:26,  4.63it/s]
Extract:  31%|###       | 177/578 [00:48<02:11,  3.06it/s]
Extract:  31%|###       | 178/578 [00:48<01:56,  3.44it/s]
Extract:  31%|###       | 179/578 [00:48<01:45,  3.78it/s]
Extract:  31%|###1      | 180/578 [00:49<02:27,  2.70it/s]
Extract:  31%|###1      | 181/578 [00:50<02:54,  2.28it/s]
Extract:  31%|###1      | 182/578 [00:50<02:46,  2.38it/s]
Extract:  32%|###1      | 184/578 [00:50<02:16,  2.88it/s]
Extract:  32%|###2      | 185/578 [00:52<04:00,  1.63it/s]
Extract:  32%|###2      | 186/578 [00:52<03:27,  1.89it/s]
Extract:  33%|###2      | 188/578 [00:52<02:22,  2.74it/s]
Extract:  33%|###2      | 189/578 [00:53<03:06,  2.09it/s]
Extract:  33%|###3      | 191/578 [00:54<02:51,  2.26it/s]
Extract:  33%|###3      | 192/578 [00:54<02:30,  2.57it/s]
Extract:  33%|###3      | 193/578 [00:55<02:13,  2.88it/s]
Extract:  34%|###3      | 194/578 [00:55<01:50,  3.48it/s]
Extract:  34%|###3      | 195/578 [00:55<01:38,  3.88it/s]
Extract:  34%|###4      | 197/578 [00:56<02:32,  2.49it/s]
Extract:  34%|###4      | 198/578 [00:56<02:24,  2.63it/s]
Extract:  35%|###4      | 201/578 [00:57<02:07,  2.95it/s]
Extract:  35%|###4      | 202/578 [00:58<02:16,  2.76it/s]
Extract:  35%|###5      | 203/578 [00:59<02:57,  2.11it/s]
Extract:  35%|###5      | 205/578 [00:59<02:01,  3.06it/s]
Extract:  36%|###5      | 206/578 [00:59<01:52,  3.32it/s]
Extract:  36%|###5      | 207/578 [00:59<02:11,  2.82it/s]
Extract:  36%|###6      | 209/578 [01:00<01:35,  3.85it/s]
Extract:  36%|###6      | 210/578 [01:01<02:28,  2.49it/s]
Extract:  37%|###6      | 212/578 [01:01<02:25,  2.52it/s]
Extract:  37%|###6      | 213/578 [01:02<02:07,  2.86it/s]
Extract:  37%|###7      | 215/578 [01:02<02:08,  2.82it/s]
Extract:  37%|###7      | 216/578 [01:02<01:49,  3.31it/s]
Extract:  38%|###7      | 217/578 [01:03<01:47,  3.34it/s]
Extract:  38%|###8      | 220/578 [01:03<01:08,  5.20it/s]
Extract:  38%|###8      | 221/578 [01:03<01:04,  5.56it/s]
Extract:  39%|###8      | 223/578 [01:03<00:52,  6.79it/s]
Extract:  39%|###8      | 224/578 [01:03<00:48,  7.23it/s]
Extract:  39%|###8      | 225/578 [01:04<01:21,  4.35it/s]
Extract:  39%|###9      | 226/578 [01:04<01:25,  4.13it/s]
Extract:  39%|###9      | 227/578 [01:04<01:20,  4.36it/s]
Extract:  40%|###9      | 229/578 [01:05<01:10,  4.93it/s]
Extract:  40%|###9      | 230/578 [01:05<01:34,  3.69it/s]
Extract:  40%|###9      | 231/578 [01:06<01:45,  3.29it/s]
Extract:  40%|####      | 232/578 [01:06<01:44,  3.30it/s]
Extract:  40%|####      | 233/578 [01:06<01:34,  3.66it/s]
Extract:  40%|####      | 234/578 [01:06<01:32,  3.72it/s]
Extract:  41%|####      | 235/578 [01:07<01:24,  4.07it/s]
Extract:  41%|####      | 236/578 [01:07<02:09,  2.63it/s]
Extract:  41%|####1     | 237/578 [01:08<03:21,  1.69it/s]
Extract:  41%|####1     | 239/578 [01:09<02:03,  2.75it/s]
Extract:  42%|####1     | 240/578 [01:09<01:49,  3.09it/s]
Extract:  42%|####1     | 242/578 [01:09<01:14,  4.54it/s]
Extract:  42%|####2     | 244/578 [01:10<01:34,  3.54it/s]
Extract:  42%|####2     | 245/578 [01:10<01:27,  3.82it/s]
Extract:  43%|####2     | 246/578 [01:10<01:14,  4.45it/s]
Extract:  43%|####2     | 247/578 [01:10<01:27,  3.77it/s]
Extract:  43%|####2     | 248/578 [01:11<01:38,  3.36it/s]
Extract:  43%|####3     | 249/578 [01:11<01:26,  3.80it/s]
Extract:  43%|####3     | 250/578 [01:11<01:17,  4.25it/s]
Extract:  43%|####3     | 251/578 [01:11<01:13,  4.44it/s]
Extract:  44%|####3     | 253/578 [01:11<00:53,  6.03it/s]
Extract:  44%|####4     | 255/578 [01:12<00:59,  5.43it/s]
Extract:  44%|####4     | 256/578 [01:12<01:24,  3.82it/s]
Extract:  44%|####4     | 257/578 [01:13<01:12,  4.42it/s]
Extract:  45%|####4     | 258/578 [01:13<01:02,  5.15it/s]
Extract:  45%|####4     | 259/578 [01:13<00:56,  5.66it/s]
Extract:  45%|####4     | 260/578 [01:13<00:50,  6.29it/s]
Extract:  45%|####5     | 261/578 [01:13<00:45,  6.90it/s]
Extract:  45%|####5     | 262/578 [01:13<01:09,  4.57it/s]
Extract:  46%|####5     | 263/578 [01:14<01:41,  3.11it/s]
Extract:  46%|####5     | 264/578 [01:14<01:20,  3.90it/s]
Extract:  46%|####5     | 265/578 [01:14<01:28,  3.54it/s]
Extract:  46%|####6     | 266/578 [01:15<01:27,  3.57it/s]
Extract:  46%|####6     | 267/578 [01:15<01:41,  3.05it/s]
Extract:  46%|####6     | 268/578 [01:15<01:22,  3.74it/s]
Extract:  47%|####6     | 269/578 [01:16<01:35,  3.24it/s]
Extract:  47%|####6     | 271/578 [01:16<00:58,  5.24it/s]
Extract:  47%|####7     | 273/578 [01:17<01:47,  2.85it/s]
Extract:  47%|####7     | 274/578 [01:18<02:06,  2.41it/s]
Extract:  48%|####7     | 275/578 [01:18<02:12,  2.29it/s]
Extract:  48%|####7     | 276/578 [01:18<01:54,  2.64it/s]
Extract:  48%|####8     | 278/578 [01:18<01:13,  4.08it/s]
Extract:  48%|####8     | 280/578 [01:19<01:10,  4.25it/s]
Extract:  49%|####8     | 282/578 [01:19<00:52,  5.62it/s]
Extract:  49%|####8     | 283/578 [01:19<01:03,  4.68it/s]
Extract:  49%|####9     | 285/578 [01:20<00:58,  4.98it/s]
Extract:  49%|####9     | 286/578 [01:20<01:01,  4.71it/s]
Extract:  50%|####9     | 287/578 [01:20<00:58,  4.97it/s]
Extract:  50%|####9     | 288/578 [01:20<00:53,  5.42it/s]
Extract:  50%|#####     | 289/578 [01:20<00:55,  5.23it/s]
Extract:  50%|#####     | 290/578 [01:21<01:23,  3.47it/s]
Extract:  50%|#####     | 291/578 [01:21<01:07,  4.24it/s]
Extract:  51%|#####     | 293/578 [01:21<00:43,  6.48it/s]
Extract:  51%|#####1    | 295/578 [01:22<01:24,  3.33it/s]
Extract:  51%|#####1    | 296/578 [01:22<01:16,  3.66it/s]
Extract:  51%|#####1    | 297/578 [01:23<01:44,  2.70it/s]
Extract:  52%|#####1    | 299/578 [01:23<01:11,  3.91it/s]
Extract:  52%|#####1    | 300/578 [01:23<01:01,  4.52it/s]
Extract:  52%|#####2    | 301/578 [01:24<01:10,  3.94it/s]
Extract:  52%|#####2    | 303/578 [01:24<00:46,  5.86it/s]
Extract:  53%|#####2    | 305/578 [01:25<01:38,  2.78it/s]
Extract:  53%|#####3    | 307/578 [01:26<01:28,  3.08it/s]
Extract:  53%|#####3    | 308/578 [01:26<01:26,  3.10it/s]
Extract:  53%|#####3    | 309/578 [01:27<01:37,  2.77it/s]
Extract:  54%|#####3    | 310/578 [01:27<01:25,  3.15it/s]
Extract:  54%|#####3    | 311/578 [01:27<01:38,  2.71it/s]
Extract:  54%|#####3    | 312/578 [01:28<01:50,  2.41it/s]
Extract:  54%|#####4    | 313/578 [01:28<01:28,  2.98it/s]
Extract:  54%|#####4    | 314/578 [01:28<01:27,  3.01it/s]
Extract:  55%|#####4    | 316/578 [01:29<01:05,  4.03it/s]
Extract:  55%|#####5    | 318/578 [01:29<00:59,  4.37it/s]
Extract:  55%|#####5    | 319/578 [01:29<00:56,  4.55it/s]
Extract:  55%|#####5    | 320/578 [01:29<01:06,  3.91it/s]
Extract:  56%|#####5    | 321/578 [01:30<00:57,  4.49it/s]
Extract:  56%|#####5    | 322/578 [01:30<01:04,  3.97it/s]
Extract:  56%|#####5    | 323/578 [01:30<01:01,  4.16it/s]
Extract:  56%|#####6    | 325/578 [01:30<00:42,  5.91it/s]
Extract:  56%|#####6    | 326/578 [01:31<00:48,  5.17it/s]
Extract:  57%|#####6    | 327/578 [01:31<01:13,  3.42it/s]
Extract:  57%|#####6    | 328/578 [01:31<01:08,  3.63it/s]
Extract:  57%|#####7    | 330/578 [01:32<00:51,  4.86it/s]
Extract:  57%|#####7    | 331/578 [01:32<00:51,  4.80it/s]
Extract:  57%|#####7    | 332/578 [01:32<00:58,  4.18it/s]
Extract:  58%|#####7    | 334/578 [01:32<00:40,  6.00it/s]
Extract:  58%|#####7    | 335/578 [01:32<00:37,  6.49it/s]
Extract:  58%|#####8    | 337/578 [01:33<00:32,  7.52it/s]
Extract:  59%|#####8    | 339/578 [01:33<00:28,  8.25it/s]
Extract:  59%|#####8    | 340/578 [01:33<00:29,  8.03it/s]
Extract:  59%|#####8    | 341/578 [01:33<00:31,  7.64it/s]
Extract:  59%|#####9    | 342/578 [01:33<00:37,  6.25it/s]
Extract:  60%|#####9    | 344/578 [01:34<00:47,  4.95it/s]
Extract:  60%|#####9    | 345/578 [01:34<00:43,  5.39it/s]
Extract:  60%|######    | 347/578 [01:34<00:34,  6.72it/s]
Extract:  60%|######    | 349/578 [01:35<00:48,  4.71it/s]
Extract:  61%|######    | 350/578 [01:35<00:45,  5.03it/s]
Extract:  61%|######    | 351/578 [01:36<01:03,  3.56it/s]
Extract:  61%|######    | 352/578 [01:36<00:54,  4.17it/s]
Extract:  61%|######1   | 353/578 [01:36<00:56,  4.00it/s]
Extract:  61%|######1   | 355/578 [01:36<00:38,  5.81it/s]
Extract:  62%|######1   | 356/578 [01:37<00:56,  3.95it/s]
Extract:  62%|######1   | 357/578 [01:37<00:57,  3.83it/s]
Extract:  62%|######2   | 359/578 [01:37<00:43,  5.03it/s]
Extract:  62%|######2   | 360/578 [01:37<00:44,  4.95it/s]
Extract:  63%|######2   | 362/578 [01:38<00:44,  4.88it/s]
Extract:  63%|######2   | 364/578 [01:38<00:35,  6.08it/s]
Extract:  63%|######3   | 365/578 [01:38<00:46,  4.54it/s]
Extract:  63%|######3   | 366/578 [01:39<00:47,  4.45it/s]
Extract:  63%|######3   | 367/578 [01:39<00:59,  3.53it/s]
Extract:  64%|######3   | 368/578 [01:39<00:56,  3.70it/s]
Extract:  64%|######3   | 369/578 [01:40<01:07,  3.10it/s]
Extract:  64%|######4   | 372/578 [01:40<00:34,  5.91it/s]
Extract:  65%|######4   | 374/578 [01:41<00:55,  3.68it/s]
Extract:  65%|######5   | 376/578 [01:41<00:47,  4.30it/s]
Extract:  65%|######5   | 377/578 [01:41<00:50,  4.02it/s]
Extract:  65%|######5   | 378/578 [01:42<00:45,  4.42it/s]
Extract:  66%|######5   | 379/578 [01:42<00:39,  5.02it/s]
Extract:  66%|######5   | 380/578 [01:42<00:44,  4.42it/s]
Extract:  66%|######5   | 381/578 [01:42<00:42,  4.67it/s]
Extract:  66%|######6   | 382/578 [01:43<00:56,  3.48it/s]
Extract:  66%|######6   | 383/578 [01:43<00:49,  3.92it/s]
Extract:  66%|######6   | 384/578 [01:43<00:55,  3.51it/s]
Extract:  67%|######6   | 386/578 [01:43<00:37,  5.11it/s]
Extract:  67%|######6   | 387/578 [01:44<00:39,  4.88it/s]
Extract:  67%|######7   | 390/578 [01:44<00:25,  7.30it/s]
Extract:  68%|######7   | 391/578 [01:44<00:27,  6.92it/s]
Extract:  68%|######7   | 392/578 [01:44<00:28,  6.56it/s]
Extract:  68%|######7   | 393/578 [01:44<00:31,  5.87it/s]
Extract:  68%|######8   | 394/578 [01:45<00:31,  5.85it/s]
Extract:  68%|######8   | 395/578 [01:45<00:34,  5.31it/s]
Extract:  69%|######8   | 397/578 [01:45<00:33,  5.39it/s]
Extract:  69%|######9   | 399/578 [01:45<00:27,  6.41it/s]
Extract:  69%|######9   | 401/578 [01:46<00:21,  8.06it/s]
Extract:  70%|######9   | 403/578 [01:46<00:19,  9.02it/s]
Extract:  70%|#######   | 405/578 [01:46<00:17,  9.88it/s]
Extract:  70%|#######   | 407/578 [01:46<00:28,  5.97it/s]
Extract:  71%|#######   | 408/578 [01:47<00:42,  3.96it/s]
Extract:  71%|#######   | 410/578 [01:47<00:36,  4.66it/s]
Extract:  71%|#######1  | 412/578 [01:48<00:29,  5.62it/s]
Extract:  71%|#######1  | 413/578 [01:48<00:35,  4.69it/s]
Extract:  72%|#######1  | 415/578 [01:48<00:27,  5.85it/s]
Extract:  72%|#######1  | 416/578 [01:48<00:29,  5.48it/s]
Extract:  72%|#######2  | 417/578 [01:49<00:27,  5.86it/s]
Extract:  72%|#######2  | 418/578 [01:49<00:29,  5.50it/s]
Extract:  72%|#######2  | 419/578 [01:49<00:30,  5.28it/s]
Extract:  73%|#######2  | 421/578 [01:50<00:38,  4.04it/s]
Extract:  73%|#######3  | 424/578 [01:50<00:27,  5.63it/s]
Extract:  74%|#######3  | 425/578 [01:51<00:54,  2.79it/s]
Extract:  74%|#######3  | 426/578 [01:51<00:49,  3.09it/s]
Extract:  74%|#######3  | 427/578 [01:52<00:57,  2.63it/s]
Extract:  74%|#######4  | 428/578 [01:52<01:05,  2.31it/s]
Extract:  74%|#######4  | 429/578 [01:53<01:04,  2.32it/s]
Extract:  75%|#######4  | 431/578 [01:53<00:43,  3.40it/s]
Extract:  75%|#######4  | 432/578 [01:53<00:40,  3.57it/s]
Extract:  75%|#######5  | 434/578 [01:54<00:43,  3.32it/s]
Extract:  75%|#######5  | 435/578 [01:54<00:38,  3.74it/s]
Extract:  76%|#######5  | 437/578 [01:54<00:29,  4.84it/s]
Extract:  76%|#######5  | 438/578 [01:54<00:27,  5.16it/s]
Extract:  76%|#######5  | 439/578 [01:55<00:29,  4.78it/s]
Extract:  76%|#######6  | 441/578 [01:55<00:32,  4.20it/s]
Extract:  76%|#######6  | 442/578 [01:55<00:30,  4.44it/s]
Extract:  77%|#######6  | 443/578 [01:56<00:27,  4.94it/s]
Extract:  77%|#######6  | 444/578 [01:56<00:25,  5.21it/s]
Extract:  77%|#######6  | 445/578 [01:56<00:42,  3.15it/s]
Extract:  77%|#######7  | 447/578 [01:57<00:29,  4.50it/s]
Extract:  78%|#######7  | 448/578 [01:57<00:26,  4.91it/s]
Extract:  78%|#######7  | 450/578 [01:57<00:30,  4.24it/s]
Extract:  78%|#######8  | 451/578 [01:58<00:40,  3.12it/s]
Extract:  78%|#######8  | 452/578 [01:58<00:35,  3.58it/s]
Extract:  79%|#######8  | 454/578 [01:58<00:25,  4.80it/s]
Extract:  79%|#######8  | 456/578 [01:58<00:19,  6.24it/s]
Extract:  79%|#######9  | 458/578 [01:59<00:18,  6.62it/s]
Extract:  80%|#######9  | 461/578 [01:59<00:13,  8.60it/s]
Extract:  80%|########  | 463/578 [01:59<00:15,  7.63it/s]
Extract:  80%|########  | 465/578 [01:59<00:12,  9.12it/s]
Extract:  81%|########  | 467/578 [02:00<00:18,  6.13it/s]
Extract:  81%|########  | 468/578 [02:01<00:26,  4.13it/s]
Extract:  81%|########1 | 469/578 [02:01<00:26,  4.14it/s]
Extract:  81%|########1 | 470/578 [02:01<00:27,  3.87it/s]
Extract:  81%|########1 | 471/578 [02:02<00:36,  2.97it/s]
Extract:  82%|########1 | 472/578 [02:03<01:03,  1.66it/s]
Extract:  82%|########1 | 473/578 [02:03<00:52,  1.99it/s]
Extract:  82%|########2 | 474/578 [02:04<00:48,  2.15it/s]
Extract:  82%|########2 | 475/578 [02:04<00:39,  2.63it/s]
Extract:  82%|########2 | 476/578 [02:05<00:47,  2.16it/s]
Extract:  83%|########2 | 477/578 [02:05<00:37,  2.67it/s]
Extract:  83%|########2 | 478/578 [02:05<00:30,  3.33it/s]
Extract:  83%|########2 | 479/578 [02:05<00:27,  3.66it/s]
Extract:  83%|########3 | 480/578 [02:05<00:22,  4.36it/s]
Extract:  83%|########3 | 481/578 [02:05<00:21,  4.45it/s]
Extract:  84%|########3 | 483/578 [02:06<00:15,  6.26it/s]
Extract:  84%|########3 | 485/578 [02:06<00:12,  7.64it/s]
Extract:  84%|########4 | 486/578 [02:06<00:11,  8.04it/s]
Extract:  84%|########4 | 487/578 [02:06<00:14,  6.38it/s]
Extract:  85%|########4 | 489/578 [02:07<00:21,  4.17it/s]
Extract:  85%|########4 | 490/578 [02:07<00:19,  4.50it/s]
Extract:  85%|########4 | 491/578 [02:07<00:21,  4.12it/s]
Extract:  85%|########5 | 492/578 [02:08<00:23,  3.70it/s]
Extract:  85%|########5 | 493/578 [02:08<00:23,  3.58it/s]
Extract:  85%|########5 | 494/578 [02:08<00:21,  3.82it/s]
Extract:  86%|########5 | 496/578 [02:08<00:15,  5.46it/s]
Extract:  86%|########6 | 498/578 [02:09<00:18,  4.25it/s]
Extract:  87%|########6 | 501/578 [02:09<00:12,  6.05it/s]
Extract:  87%|########7 | 503/578 [02:09<00:09,  7.61it/s]
Extract:  87%|########7 | 505/578 [02:10<00:16,  4.40it/s]
Extract:  88%|########7 | 507/578 [02:10<00:12,  5.55it/s]
Extract:  88%|########8 | 509/578 [02:11<00:11,  5.93it/s]
Extract:  88%|########8 | 510/578 [02:11<00:12,  5.27it/s]
Extract:  88%|########8 | 511/578 [02:11<00:11,  5.65it/s]
Extract:  89%|########8 | 512/578 [02:11<00:13,  5.01it/s]
Extract:  89%|########8 | 514/578 [02:11<00:09,  7.02it/s]
Extract:  89%|########9 | 516/578 [02:12<00:15,  3.93it/s]
Extract:  89%|########9 | 517/578 [02:13<00:15,  3.99it/s]
Extract:  90%|########9 | 519/578 [02:13<00:13,  4.47it/s]
Extract:  90%|########9 | 520/578 [02:13<00:12,  4.77it/s]
Extract:  90%|######### | 522/578 [02:13<00:09,  5.91it/s]
Extract:  90%|######### | 523/578 [02:14<00:10,  5.31it/s]
Extract:  91%|######### | 524/578 [02:14<00:09,  5.47it/s]
Extract:  91%|#########1| 526/578 [02:14<00:13,  3.79it/s]
Extract:  91%|#########1| 528/578 [02:15<00:10,  4.87it/s]
Extract:  92%|#########1| 529/578 [02:15<00:09,  5.20it/s]
Extract:  92%|#########1| 530/578 [02:15<00:08,  5.36it/s]
Extract:  92%|#########1| 531/578 [02:15<00:08,  5.64it/s]
Extract:  92%|#########2| 532/578 [02:15<00:07,  5.88it/s]
Extract:  92%|#########2| 534/578 [02:16<00:07,  5.94it/s]
Extract:  93%|#########2| 535/578 [02:17<00:16,  2.61it/s]
Extract:  93%|#########2| 537/578 [02:17<00:11,  3.44it/s]
Extract:  93%|#########3| 538/578 [02:17<00:12,  3.32it/s]
Extract:  93%|#########3| 540/578 [02:18<00:11,  3.44it/s]
Extract:  94%|#########3| 541/578 [02:18<00:10,  3.51it/s]
Extract:  94%|#########3| 543/578 [02:18<00:08,  4.29it/s]
Extract:  94%|#########4| 546/578 [02:19<00:07,  4.21it/s]
Extract:  95%|#########4| 547/578 [02:20<00:09,  3.26it/s]
Extract:  95%|#########4| 549/578 [02:20<00:06,  4.50it/s]
Extract:  95%|#########5| 551/578 [02:20<00:04,  5.70it/s]
Extract:  96%|#########5| 553/578 [02:21<00:05,  4.42it/s]
Extract:  96%|#########5| 554/578 [02:21<00:06,  3.52it/s]
Extract:  96%|#########6| 555/578 [02:22<00:07,  2.97it/s]
Extract:  96%|#########6| 556/578 [02:22<00:07,  3.00it/s]
Extract:  96%|#########6| 557/578 [02:22<00:06,  3.03it/s]
Extract:  97%|#########6| 559/578 [02:23<00:04,  4.55it/s]
Extract:  97%|#########6| 560/578 [02:23<00:05,  3.23it/s]
Extract:  97%|#########7| 561/578 [02:23<00:05,  3.33it/s]
Extract:  98%|#########7| 564/578 [02:24<00:03,  3.55it/s]
Extract:  98%|#########7| 565/578 [02:25<00:04,  2.85it/s]
Extract:  98%|#########7| 566/578 [02:25<00:03,  3.25it/s]
Extract:  98%|#########8| 567/578 [02:25<00:03,  3.39it/s]
Extract:  98%|#########8| 568/578 [02:26<00:03,  2.63it/s]
Extract:  99%|#########8| 570/578 [02:26<00:02,  3.84it/s]
Extract:  99%|#########8| 572/578 [02:26<00:01,  4.69it/s]
Extract:  99%|#########9| 574/578 [02:27<00:00,  5.96it/s]
Extract:  99%|#########9| 575/578 [02:27<00:00,  5.56it/s]
Extract: 100%|#########9| 576/578 [02:27<00:00,  3.59it/s]
Extract: 100%|##########| 578/578 [02:28<00:00,  5.25it/s]
Extract: 100%|##########| 578/578 [02:28<00:00,  3.90it/s]

Extract:   0%|          | 0/578 [00:00<?, ?it/s]
Extract:   0%|          | 2/578 [00:00<00:35, 16.27it/s]
Extract:   1%|          | 4/578 [00:00<01:12,  7.87it/s]
Extract:   1%|1         | 6/578 [00:00<01:28,  6.45it/s]
Extract:   1%|1         | 7/578 [00:01<01:56,  4.91it/s]
Extract:   1%|1         | 8/578 [00:01<02:25,  3.92it/s]
Extract:   2%|1         | 9/578 [00:01<02:38,  3.58it/s]
Extract:   2%|1         | 10/578 [00:02<02:40,  3.55it/s]
Extract:   2%|1         | 11/578 [00:02<02:34,  3.67it/s]
Extract:   2%|2         | 12/578 [00:03<03:30,  2.68it/s]
Extract:   2%|2         | 13/578 [00:03<03:18,  2.85it/s]
Extract:   2%|2         | 14/578 [00:03<03:41,  2.55it/s]
Extract:   3%|2         | 15/578 [00:04<04:11,  2.24it/s]
Extract:   3%|2         | 16/578 [00:04<03:17,  2.85it/s]
Extract:   3%|3         | 19/578 [00:04<01:40,  5.54it/s]
Extract:   4%|3         | 21/578 [00:05<02:15,  4.12it/s]
Extract:   4%|3         | 22/578 [00:05<02:16,  4.07it/s]
Extract:   4%|3         | 23/578 [00:05<02:21,  3.91it/s]
Extract:   4%|4         | 24/578 [00:06<02:10,  4.23it/s]
Extract:   4%|4         | 26/578 [00:06<01:45,  5.24it/s]
Extract:   5%|4         | 27/578 [00:07<02:52,  3.19it/s]
Extract:   5%|4         | 28/578 [00:07<02:26,  3.76it/s]
Extract:   5%|5         | 29/578 [00:07<02:30,  3.64it/s]
Extract:   5%|5         | 30/578 [00:07<02:24,  3.79it/s]
Extract:   5%|5         | 31/578 [00:08<02:30,  3.63it/s]
Extract:   6%|5         | 32/578 [00:08<02:04,  4.39it/s]
Extract:   6%|5         | 34/578 [00:08<01:22,  6.61it/s]
Extract:   6%|6         | 35/578 [00:08<01:17,  7.02it/s]
Extract:   6%|6         | 37/578 [00:08<01:23,  6.48it/s]
Extract:   7%|6         | 38/578 [00:08<01:25,  6.29it/s]
Extract:   7%|6         | 40/578 [00:09<01:18,  6.84it/s]
Extract:   7%|7         | 41/578 [00:09<01:20,  6.68it/s]
Extract:   7%|7         | 42/578 [00:10<02:42,  3.30it/s]
Extract:   7%|7         | 43/578 [00:10<03:16,  2.72it/s]
Extract:   8%|7         | 45/578 [00:10<02:06,  4.22it/s]
Extract:   8%|7         | 46/578 [00:10<01:49,  4.87it/s]
Extract:   8%|8         | 47/578 [00:11<01:53,  4.68it/s]
Extract:   8%|8         | 49/578 [00:11<01:24,  6.24it/s]
Extract:   9%|8         | 50/578 [00:11<02:12,  3.97it/s]
Extract:   9%|8         | 51/578 [00:12<03:05,  2.85it/s]
Extract:   9%|8         | 52/578 [00:12<03:12,  2.73it/s]
Extract:   9%|9         | 54/578 [00:13<02:41,  3.24it/s]
Extract:  10%|9         | 55/578 [00:13<02:54,  3.00it/s]
Extract:  10%|9         | 56/578 [00:14<02:29,  3.49it/s]
Extract:  10%|#         | 58/578 [00:14<02:05,  4.14it/s]
Extract:  10%|#         | 59/578 [00:14<02:23,  3.63it/s]
Extract:  10%|#         | 60/578 [00:15<02:51,  3.02it/s]
Extract:  11%|#         | 61/578 [00:15<03:09,  2.73it/s]
Extract:  11%|#         | 63/578 [00:15<02:06,  4.06it/s]
Extract:  11%|#1        | 64/578 [00:16<02:38,  3.25it/s]
Extract:  11%|#1        | 65/578 [00:16<03:08,  2.72it/s]
Extract:  12%|#1        | 67/578 [00:17<03:33,  2.39it/s]
Extract:  12%|#1        | 69/578 [00:18<02:44,  3.10it/s]
Extract:  12%|#2        | 71/578 [00:18<02:07,  3.99it/s]
Extract:  12%|#2        | 72/578 [00:18<01:56,  4.34it/s]
Extract:  13%|#2        | 73/578 [00:19<02:33,  3.29it/s]
Extract:  13%|#2        | 75/578 [00:19<01:50,  4.54it/s]
Extract:  13%|#3        | 76/578 [00:19<01:47,  4.66it/s]
Extract:  13%|#3        | 77/578 [00:20<02:51,  2.93it/s]
Extract:  14%|#3        | 79/578 [00:20<01:53,  4.38it/s]
Extract:  14%|#3        | 80/578 [00:20<01:43,  4.83it/s]
Extract:  14%|#4        | 81/578 [00:20<01:32,  5.39it/s]
Extract:  14%|#4        | 82/578 [00:20<01:23,  5.93it/s]
Extract:  14%|#4        | 83/578 [00:20<01:23,  5.91it/s]
Extract:  15%|#4        | 84/578 [00:21<02:27,  3.34it/s]
Extract:  15%|#4        | 85/578 [00:21<02:03,  4.00it/s]
Extract:  15%|#4        | 86/578 [00:21<01:52,  4.37it/s]
Extract:  15%|#5        | 88/578 [00:22<01:17,  6.34it/s]
Extract:  15%|#5        | 89/578 [00:22<02:04,  3.92it/s]
Extract:  16%|#5        | 90/578 [00:22<01:51,  4.37it/s]
Extract:  16%|#5        | 91/578 [00:23<02:50,  2.86it/s]
Extract:  16%|#5        | 92/578 [00:24<03:18,  2.45it/s]
Extract:  16%|#6        | 94/578 [00:24<02:26,  3.31it/s]
Extract:  17%|#6        | 96/578 [00:24<02:18,  3.49it/s]
Extract:  17%|#6        | 97/578 [00:25<02:01,  3.94it/s]
Extract:  17%|#6        | 98/578 [00:25<02:03,  3.88it/s]
Extract:  17%|#7        | 99/578 [00:25<01:45,  4.52it/s]
Extract:  17%|#7        | 100/578 [00:25<01:52,  4.26it/s]
Extract:  17%|#7        | 101/578 [00:25<01:39,  4.82it/s]
Extract:  18%|#7        | 104/578 [00:25<00:56,  8.35it/s]
Extract:  18%|#8        | 106/578 [00:26<01:14,  6.38it/s]
Extract:  19%|#8        | 107/578 [00:27<02:13,  3.54it/s]
Extract:  19%|#8        | 108/578 [00:27<02:09,  3.63it/s]
Extract:  19%|#9        | 110/578 [00:27<01:40,  4.66it/s]
Extract:  19%|#9        | 111/578 [00:27<01:34,  4.93it/s]
Extract:  20%|#9        | 113/578 [00:27<01:10,  6.60it/s]
Extract:  20%|#9        | 114/578 [00:28<01:06,  7.01it/s]
Extract:  20%|#9        | 115/578 [00:28<01:02,  7.40it/s]
Extract:  20%|##        | 116/578 [00:28<01:13,  6.30it/s]
Extract:  20%|##        | 117/578 [00:28<01:38,  4.68it/s]
Extract:  21%|##        | 120/578 [00:29<01:31,  5.02it/s]
Extract:  21%|##        | 121/578 [00:30<02:18,  3.30it/s]
Extract:  21%|##1       | 123/578 [00:30<01:40,  4.53it/s]
Extract:  22%|##1       | 125/578 [00:30<01:54,  3.97it/s]
Extract:  22%|##1       | 126/578 [00:31<01:54,  3.94it/s]
Extract:  22%|##2       | 128/578 [00:31<01:34,  4.77it/s]
Extract:  22%|##2       | 130/578 [00:31<01:34,  4.72it/s]
Extract:  23%|##2       | 131/578 [00:32<01:59,  3.75it/s]
Extract:  23%|##2       | 132/578 [00:32<01:46,  4.18it/s]
Extract:  23%|##3       | 133/578 [00:32<01:53,  3.91it/s]
Extract:  23%|##3       | 134/578 [00:32<01:43,  4.29it/s]
Extract:  23%|##3       | 135/578 [00:33<01:35,  4.63it/s]
Extract:  24%|##3       | 136/578 [00:33<01:26,  5.11it/s]
Extract:  24%|##3       | 137/578 [00:33<01:56,  3.78it/s]
Extract:  24%|##3       | 138/578 [00:34<02:45,  2.67it/s]
Extract:  24%|##4       | 139/578 [00:34<02:22,  3.08it/s]
Extract:  25%|##4       | 142/578 [00:34<01:14,  5.87it/s]
Extract:  25%|##5       | 146/578 [00:35<01:15,  5.76it/s]
Extract:  25%|##5       | 147/578 [00:35<01:13,  5.89it/s]
Extract:  26%|##5       | 148/578 [00:35<01:12,  5.95it/s]
Extract:  26%|##5       | 149/578 [00:36<01:46,  4.04it/s]
Extract:  26%|##5       | 150/578 [00:36<01:38,  4.36it/s]
Extract:  26%|##6       | 153/578 [00:36<01:26,  4.89it/s]
Extract:  27%|##6       | 154/578 [00:37<01:18,  5.39it/s]
Extract:  27%|##6       | 155/578 [00:37<01:47,  3.95it/s]
Extract:  27%|##7       | 157/578 [00:37<01:18,  5.33it/s]
Extract:  27%|##7       | 158/578 [00:37<01:12,  5.77it/s]
Extract:  28%|##7       | 160/578 [00:38<01:16,  5.47it/s]
Extract:  28%|##8       | 162/578 [00:38<00:58,  7.13it/s]
Extract:  28%|##8       | 163/578 [00:39<02:18,  2.99it/s]
Extract:  28%|##8       | 164/578 [00:39<01:59,  3.45it/s]
Extract:  29%|##8       | 165/578 [00:39<01:49,  3.77it/s]
Extract:  29%|##8       | 166/578 [00:39<01:43,  4.00it/s]
Extract:  29%|##8       | 167/578 [00:40<02:24,  2.85it/s]
Extract:  29%|##9       | 168/578 [00:40<02:01,  3.39it/s]
Extract:  29%|##9       | 169/578 [00:40<01:41,  4.01it/s]
Extract:  29%|##9       | 170/578 [00:41<01:30,  4.49it/s]
Extract:  30%|##9       | 172/578 [00:41<01:20,  5.05it/s]
Extract:  30%|##9       | 173/578 [00:41<01:51,  3.62it/s]
Extract:  30%|###       | 174/578 [00:42<01:47,  3.77it/s]
Extract:  30%|###       | 175/578 [00:42<01:31,  4.40it/s]
Extract:  30%|###       | 176/578 [00:42<01:18,  5.10it/s]
Extract:  31%|###       | 177/578 [00:42<02:06,  3.17it/s]
Extract:  31%|###       | 178/578 [00:43<01:48,  3.68it/s]
Extract:  31%|###       | 179/578 [00:43<01:35,  4.20it/s]
Extract:  31%|###1      | 180/578 [00:43<01:54,  3.46it/s]
Extract:  31%|###1      | 181/578 [00:44<03:27,  1.92it/s]
Extract:  31%|###1      | 182/578 [00:45<03:08,  2.10it/s]
Extract:  32%|###1      | 184/578 [00:45<02:38,  2.49it/s]
Extract:  32%|###2      | 185/578 [00:46<03:48,  1.72it/s]
Extract:  32%|###2      | 186/578 [00:47<03:10,  2.05it/s]
Extract:  33%|###2      | 188/578 [00:47<02:14,  2.89it/s]
Extract:  33%|###2      | 189/578 [00:48<02:35,  2.50it/s]
Extract:  33%|###3      | 191/578 [00:48<02:06,  3.05it/s]
Extract:  33%|###3      | 192/578 [00:48<01:48,  3.56it/s]
Extract:  34%|###3      | 194/578 [00:48<01:19,  4.84it/s]
Extract:  34%|###4      | 197/578 [00:49<01:27,  4.37it/s]
Extract:  34%|###4      | 198/578 [00:49<01:26,  4.40it/s]
Extract:  35%|###4      | 201/578 [00:51<02:01,  3.09it/s]
Extract:  35%|###4      | 202/578 [00:51<02:00,  3.13it/s]
Extract:  35%|###5      | 203/578 [00:52<02:28,  2.53it/s]
Extract:  35%|###5      | 205/578 [00:52<01:43,  3.61it/s]
Extract:  36%|###5      | 206/578 [00:52<01:35,  3.92it/s]
Extract:  36%|###5      | 207/578 [00:52<01:40,  3.68it/s]
Extract:  36%|###6      | 209/578 [00:52<01:13,  5.02it/s]
Extract:  36%|###6      | 210/578 [00:53<01:11,  5.14it/s]
Extract:  37%|###6      | 212/578 [00:53<01:21,  4.50it/s]
Extract:  37%|###6      | 213/578 [00:53<01:17,  4.72it/s]
Extract:  37%|###7      | 215/578 [00:54<01:23,  4.36it/s]
Extract:  38%|###7      | 217/578 [00:54<01:08,  5.26it/s]
Extract:  38%|###8      | 220/578 [00:54<00:48,  7.37it/s]
Extract:  38%|###8      | 221/578 [00:54<00:47,  7.60it/s]
Extract:  39%|###8      | 223/578 [00:54<00:38,  9.20it/s]
Extract:  39%|###8      | 225/578 [00:55<00:54,  6.47it/s]
Extract:  39%|###9      | 226/578 [00:55<01:01,  5.76it/s]
Extract:  39%|###9      | 227/578 [00:55<01:00,  5.78it/s]
Extract:  40%|###9      | 229/578 [00:56<00:53,  6.53it/s]
Extract:  40%|###9      | 230/578 [00:56<01:10,  4.95it/s]
Extract:  40%|###9      | 231/578 [00:57<02:00,  2.88it/s]
Extract:  40%|####      | 232/578 [00:57<01:46,  3.25it/s]
Extract:  40%|####      | 233/578 [00:57<01:30,  3.80it/s]
Extract:  40%|####      | 234/578 [00:57<01:22,  4.19it/s]
Extract:  41%|####      | 235/578 [00:58<01:13,  4.67it/s]
Extract:  41%|####      | 236/578 [00:58<01:52,  3.04it/s]
Extract:  41%|####1     | 237/578 [00:59<02:09,  2.63it/s]
Extract:  41%|####1     | 239/578 [00:59<01:23,  4.06it/s]
Extract:  42%|####1     | 240/578 [00:59<01:15,  4.47it/s]
Extract:  42%|####1     | 242/578 [00:59<00:53,  6.27it/s]
Extract:  42%|####2     | 244/578 [01:00<01:11,  4.66it/s]
Extract:  42%|####2     | 245/578 [01:00<01:07,  4.94it/s]
Extract:  43%|####2     | 247/578 [01:00<01:09,  4.77it/s]
Extract:  43%|####2     | 248/578 [01:01<01:15,  4.37it/s]
Extract:  43%|####3     | 249/578 [01:01<01:08,  4.79it/s]
Extract:  43%|####3     | 250/578 [01:01<01:06,  4.94it/s]
Extract:  43%|####3     | 251/578 [01:01<01:05,  5.03it/s]
Extract:  44%|####3     | 253/578 [01:01<00:48,  6.70it/s]
Extract:  44%|####4     | 255/578 [01:02<00:52,  6.18it/s]
Extract:  44%|####4     | 256/578 [01:02<01:18,  4.09it/s]
Extract:  44%|####4     | 257/578 [01:02<01:08,  4.71it/s]
Extract:  45%|####4     | 259/578 [01:02<00:51,  6.16it/s]
Extract:  45%|####5     | 261/578 [01:03<00:43,  7.28it/s]
Extract:  45%|####5     | 262/578 [01:03<00:58,  5.40it/s]
Extract:  46%|####5     | 263/578 [01:04<02:06,  2.49it/s]
Extract:  46%|####5     | 265/578 [01:05<01:39,  3.15it/s]
Extract:  46%|####6     | 266/578 [01:05<01:35,  3.26it/s]
Extract:  46%|####6     | 267/578 [01:05<01:42,  3.03it/s]
Extract:  46%|####6     | 268/578 [01:05<01:25,  3.62it/s]
Extract:  47%|####6     | 269/578 [01:06<01:37,  3.16it/s]
Extract:  47%|####6     | 271/578 [01:06<01:01,  4.96it/s]
Extract:  47%|####7     | 273/578 [01:07<01:17,  3.92it/s]
Extract:  47%|####7     | 274/578 [01:07<01:41,  3.00it/s]
Extract:  48%|####7     | 275/578 [01:08<01:57,  2.59it/s]
Extract:  48%|####7     | 276/578 [01:08<01:45,  2.85it/s]
Extract:  48%|####7     | 277/578 [01:08<01:30,  3.32it/s]
Extract:  48%|####8     | 280/578 [01:09<01:15,  3.93it/s]
Extract:  49%|####8     | 282/578 [01:09<01:00,  4.86it/s]
Extract:  49%|####8     | 283/578 [01:09<01:08,  4.28it/s]
Extract:  49%|####9     | 284/578 [01:09<01:00,  4.87it/s]
Extract:  49%|####9     | 285/578 [01:10<01:07,  4.36it/s]
Extract:  49%|####9     | 286/578 [01:10<01:09,  4.19it/s]
Extract:  50%|####9     | 287/578 [01:10<01:06,  4.40it/s]
Extract:  50%|####9     | 288/578 [01:10<01:00,  4.82it/s]
Extract:  50%|#####     | 289/578 [01:11<01:14,  3.89it/s]
Extract:  50%|#####     | 290/578 [01:11<01:51,  2.57it/s]
Extract:  50%|#####     | 291/578 [01:12<01:29,  3.22it/s]
Extract:  51%|#####     | 293/578 [01:12<00:56,  5.08it/s]
Extract:  51%|#####     | 294/578 [01:12<00:52,  5.40it/s]
Extract:  51%|#####1    | 295/578 [01:13<02:07,  2.22it/s]
Extract:  51%|#####1    | 296/578 [01:13<01:44,  2.70it/s]
Extract:  51%|#####1    | 297/578 [01:14<02:05,  2.25it/s]
Extract:  52%|#####1    | 299/578 [01:14<01:19,  3.53it/s]
Extract:  52%|#####1    | 300/578 [01:14<01:09,  4.02it/s]
Extract:  52%|#####2    | 301/578 [01:15<01:19,  3.49it/s]
Extract:  52%|#####2    | 303/578 [01:15<00:53,  5.12it/s]
Extract:  53%|#####2    | 304/578 [01:15<01:27,  3.14it/s]
Extract:  53%|#####2    | 305/578 [01:16<01:23,  3.28it/s]
Extract:  53%|#####3    | 307/578 [01:16<01:20,  3.38it/s]
Extract:  53%|#####3    | 308/578 [01:17<01:22,  3.27it/s]
Extract:  53%|#####3    | 309/578 [01:17<01:41,  2.65it/s]
Extract:  54%|#####3    | 310/578 [01:17<01:31,  2.92it/s]
Extract:  54%|#####3    | 311/578 [01:18<01:57,  2.27it/s]
Extract:  54%|#####3    | 312/578 [01:19<02:14,  1.97it/s]
Extract:  54%|#####4    | 313/578 [01:19<01:47,  2.47it/s]
Extract:  54%|#####4    | 314/578 [01:19<01:46,  2.48it/s]
Extract:  55%|#####4    | 316/578 [01:20<01:22,  3.16it/s]
Extract:  55%|#####5    | 318/578 [01:21<01:52,  2.31it/s]
Extract:  55%|#####5    | 319/578 [01:21<01:39,  2.60it/s]
Extract:  55%|#####5    | 320/578 [01:22<01:45,  2.44it/s]
Extract:  56%|#####5    | 321/578 [01:22<01:27,  2.93it/s]
Extract:  56%|#####5    | 322/578 [01:22<01:26,  2.97it/s]
Extract:  56%|#####5    | 323/578 [01:22<01:15,  3.36it/s]
Extract:  56%|#####6    | 325/578 [01:23<00:51,  4.92it/s]
Extract:  56%|#####6    | 326/578 [01:23<00:57,  4.39it/s]
Extract:  57%|#####6    | 327/578 [01:23<00:50,  4.98it/s]
Extract:  57%|#####6    | 328/578 [01:23<00:58,  4.30it/s]
Extract:  57%|#####7    | 330/578 [01:23<00:43,  5.69it/s]
Extract:  57%|#####7    | 331/578 [01:24<00:41,  5.91it/s]
Extract:  57%|#####7    | 332/578 [01:24<00:46,  5.26it/s]
Extract:  58%|#####7    | 334/578 [01:24<00:33,  7.38it/s]
Extract:  58%|#####7    | 335/578 [01:24<00:31,  7.68it/s]
Extract:  58%|#####8    | 337/578 [01:24<00:26,  9.19it/s]
Extract:  59%|#####8    | 339/578 [01:24<00:24,  9.93it/s]
Extract:  59%|#####8    | 341/578 [01:25<00:25,  9.16it/s]
Extract:  59%|#####9    | 342/578 [01:25<00:30,  7.85it/s]
Extract:  60%|#####9    | 344/578 [01:25<00:42,  5.48it/s]
Extract:  60%|#####9    | 345/578 [01:26<00:40,  5.82it/s]
Extract:  60%|#####9    | 346/578 [01:26<00:36,  6.42it/s]
Extract:  60%|######    | 347/578 [01:26<00:33,  6.90it/s]
Extract:  60%|######    | 349/578 [01:26<00:48,  4.77it/s]
Extract:  61%|######    | 350/578 [01:27<00:43,  5.26it/s]
Extract:  61%|######    | 351/578 [01:27<01:09,  3.26it/s]
Extract:  61%|######1   | 353/578 [01:28<00:57,  3.93it/s]
Extract:  61%|######1   | 355/578 [01:28<00:41,  5.43it/s]
Extract:  62%|######1   | 356/578 [01:28<00:53,  4.15it/s]
Extract:  62%|######1   | 357/578 [01:28<00:55,  3.96it/s]
Extract:  62%|######2   | 359/578 [01:29<00:44,  4.88it/s]
Extract:  62%|######2   | 360/578 [01:29<00:47,  4.55it/s]
Extract:  63%|######2   | 362/578 [01:29<00:50,  4.24it/s]
Extract:  63%|######2   | 363/578 [01:30<01:16,  2.82it/s]
Extract:  63%|######3   | 365/578 [01:31<00:58,  3.65it/s]
Extract:  63%|######3   | 366/578 [01:31<00:55,  3.82it/s]
Extract:  63%|######3   | 367/578 [01:31<01:00,  3.50it/s]
Extract:  64%|######3   | 368/578 [01:31<00:56,  3.74it/s]
Extract:  64%|######3   | 369/578 [01:32<01:08,  3.05it/s]
Extract:  64%|######4   | 371/578 [01:32<00:43,  4.76it/s]
Extract:  65%|######4   | 373/578 [01:32<00:43,  4.67it/s]
Extract:  65%|######4   | 374/578 [01:33<00:41,  4.92it/s]
Extract:  65%|######5   | 376/578 [01:33<00:36,  5.57it/s]
Extract:  65%|######5   | 377/578 [01:33<00:38,  5.19it/s]
Extract:  65%|######5   | 378/578 [01:33<00:35,  5.70it/s]
Extract:  66%|######5   | 379/578 [01:33<00:31,  6.28it/s]
Extract:  66%|######5   | 380/578 [01:34<00:35,  5.64it/s]
Extract:  66%|######5   | 381/578 [01:34<00:32,  6.13it/s]
Extract:  66%|######6   | 382/578 [01:34<00:41,  4.76it/s]
Extract:  66%|######6   | 383/578 [01:34<00:36,  5.34it/s]
Extract:  66%|######6   | 384/578 [01:35<00:54,  3.55it/s]
Extract:  67%|######6   | 386/578 [01:35<00:39,  4.88it/s]
Extract:  67%|######6   | 387/578 [01:35<00:40,  4.70it/s]
Extract:  67%|######7   | 390/578 [01:35<00:26,  7.06it/s]
Extract:  68%|######7   | 391/578 [01:35<00:26,  7.19it/s]
Extract:  68%|######7   | 392/578 [01:36<00:25,  7.27it/s]
Extract:  68%|######7   | 393/578 [01:36<00:33,  5.53it/s]
Extract:  68%|######8   | 394/578 [01:36<00:33,  5.54it/s]
Extract:  68%|######8   | 395/578 [01:36<00:36,  5.03it/s]
Extract:  69%|######8   | 397/578 [01:37<00:32,  5.61it/s]
Extract:  69%|######8   | 398/578 [01:37<00:29,  6.06it/s]
Extract:  69%|######9   | 399/578 [01:37<00:28,  6.20it/s]
Extract:  69%|######9   | 401/578 [01:37<00:21,  8.38it/s]
Extract:  70%|######9   | 403/578 [01:37<00:18,  9.53it/s]
Extract:  70%|#######   | 405/578 [01:37<00:17,  9.66it/s]
Extract:  70%|#######   | 407/578 [01:38<00:29,  5.85it/s]
Extract:  71%|#######   | 408/578 [01:39<00:41,  4.06it/s]
Extract:  71%|#######   | 410/578 [01:39<00:34,  4.84it/s]
Extract:  71%|#######1  | 412/578 [01:39<00:28,  5.77it/s]
Extract:  71%|#######1  | 413/578 [01:40<00:58,  2.80it/s]
Extract:  72%|#######1  | 415/578 [01:40<00:43,  3.76it/s]
Extract:  72%|#######1  | 416/578 [01:41<00:41,  3.91it/s]
Extract:  72%|#######2  | 417/578 [01:41<00:35,  4.49it/s]
Extract:  72%|#######2  | 418/578 [01:41<00:36,  4.42it/s]
Extract:  72%|#######2  | 419/578 [01:41<00:39,  4.02it/s]
Extract:  73%|#######2  | 421/578 [01:42<00:50,  3.14it/s]
Extract:  73%|#######3  | 424/578 [01:42<00:34,  4.47it/s]
Extract:  74%|#######3  | 425/578 [01:43<00:43,  3.50it/s]
Extract:  74%|#######3  | 426/578 [01:43<00:41,  3.68it/s]
Extract:  74%|#######3  | 427/578 [01:44<01:01,  2.46it/s]
Extract:  74%|#######4  | 428/578 [01:45<01:12,  2.08it/s]
Extract:  74%|#######4  | 429/578 [01:45<01:19,  1.88it/s]
Extract:  75%|#######4  | 431/578 [01:46<00:52,  2.78it/s]
Extract:  75%|#######4  | 432/578 [01:46<00:49,  2.98it/s]
Extract:  75%|#######4  | 433/578 [01:46<00:40,  3.57it/s]
Extract:  75%|#######5  | 434/578 [01:47<00:58,  2.45it/s]
Extract:  75%|#######5  | 435/578 [01:47<00:51,  2.79it/s]
Extract:  75%|#######5  | 436/578 [01:47<00:41,  3.46it/s]
Extract:  76%|#######5  | 437/578 [01:47<00:37,  3.75it/s]
Extract:  76%|#######5  | 438/578 [01:48<00:35,  3.98it/s]
Extract:  76%|#######5  | 439/578 [01:48<00:42,  3.28it/s]
Extract:  76%|#######6  | 441/578 [01:49<00:47,  2.89it/s]
Extract:  76%|#######6  | 442/578 [01:49<00:42,  3.24it/s]
Extract:  77%|#######6  | 443/578 [01:49<00:36,  3.75it/s]
Extract:  77%|#######6  | 444/578 [01:49<00:32,  4.10it/s]
Extract:  77%|#######6  | 445/578 [01:50<00:51,  2.57it/s]
Extract:  77%|#######7  | 447/578 [01:50<00:36,  3.64it/s]
Extract:  78%|#######7  | 448/578 [01:51<00:34,  3.81it/s]
Extract:  78%|#######7  | 449/578 [01:51<00:29,  4.33it/s]
Extract:  78%|#######7  | 450/578 [01:52<00:47,  2.69it/s]
Extract:  78%|#######8  | 451/578 [01:52<01:00,  2.10it/s]
Extract:  78%|#######8  | 452/578 [01:52<00:49,  2.57it/s]
Extract:  79%|#######8  | 454/578 [01:53<00:33,  3.67it/s]
Extract:  79%|#######8  | 455/578 [01:53<00:29,  4.21it/s]
Extract:  79%|#######8  | 456/578 [01:53<00:25,  4.78it/s]
Extract:  79%|#######9  | 458/578 [01:54<00:51,  2.33it/s]
Extract:  79%|#######9  | 459/578 [01:55<00:42,  2.79it/s]
Extract:  80%|#######9  | 461/578 [01:55<00:30,  3.83it/s]
Extract:  80%|#######9  | 462/578 [01:55<00:26,  4.37it/s]
Extract:  80%|########  | 463/578 [01:55<00:31,  3.70it/s]
Extract:  80%|########  | 465/578 [01:55<00:21,  5.28it/s]
Extract:  81%|########  | 466/578 [01:56<00:24,  4.50it/s]
Extract:  81%|########  | 467/578 [01:56<00:34,  3.20it/s]
Extract:  81%|########  | 468/578 [01:57<00:49,  2.23it/s]
Extract:  81%|########1 | 469/578 [01:57<00:39,  2.73it/s]
Extract:  81%|########1 | 470/578 [01:58<00:37,  2.87it/s]
Extract:  81%|########1 | 471/578 [01:58<00:38,  2.79it/s]
Extract:  82%|########1 | 472/578 [01:58<00:39,  2.70it/s]
Extract:  82%|########1 | 473/578 [01:59<00:37,  2.82it/s]
Extract:  82%|########2 | 474/578 [01:59<00:37,  2.81it/s]
Extract:  82%|########2 | 475/578 [01:59<00:32,  3.21it/s]
Extract:  82%|########2 | 476/578 [02:00<00:43,  2.35it/s]
Extract:  83%|########2 | 477/578 [02:00<00:34,  2.91it/s]
Extract:  83%|########2 | 478/578 [02:00<00:27,  3.59it/s]
Extract:  83%|########2 | 479/578 [02:00<00:24,  4.01it/s]
Extract:  83%|########3 | 480/578 [02:01<00:20,  4.80it/s]
Extract:  83%|########3 | 481/578 [02:01<00:20,  4.74it/s]
Extract:  84%|########3 | 483/578 [02:01<00:14,  6.51it/s]
Extract:  84%|########3 | 485/578 [02:01<00:11,  8.11it/s]
Extract:  84%|########4 | 487/578 [02:01<00:12,  7.25it/s]
Extract:  84%|########4 | 488/578 [02:02<00:11,  7.66it/s]
Extract:  85%|########4 | 489/578 [02:02<00:22,  3.95it/s]
Extract:  85%|########4 | 490/578 [02:02<00:20,  4.29it/s]
Extract:  85%|########4 | 491/578 [02:03<00:21,  4.06it/s]
Extract:  85%|########5 | 492/578 [02:03<00:24,  3.51it/s]
Extract:  85%|########5 | 493/578 [02:03<00:24,  3.40it/s]
Extract:  85%|########5 | 494/578 [02:04<00:24,  3.42it/s]
Extract:  86%|########5 | 496/578 [02:04<00:16,  4.97it/s]
Extract:  86%|########6 | 498/578 [02:05<00:21,  3.67it/s]
Extract:  87%|########6 | 500/578 [02:05<00:15,  5.13it/s]
Extract:  87%|########6 | 501/578 [02:05<00:15,  5.13it/s]
Extract:  87%|########7 | 503/578 [02:05<00:11,  6.80it/s]
Extract:  87%|########7 | 505/578 [02:06<00:20,  3.56it/s]
Extract:  88%|########7 | 507/578 [02:06<00:16,  4.43it/s]
Extract:  88%|########7 | 508/578 [02:07<00:16,  4.25it/s]
Extract:  88%|########8 | 510/578 [02:07<00:15,  4.27it/s]
Extract:  88%|########8 | 511/578 [02:07<00:14,  4.70it/s]
Extract:  89%|########8 | 512/578 [02:08<00:15,  4.29it/s]
Extract:  89%|########8 | 514/578 [02:08<00:10,  6.06it/s]
Extract:  89%|########9 | 515/578 [02:08<00:13,  4.79it/s]
Extract:  89%|########9 | 516/578 [02:10<00:33,  1.84it/s]
Extract:  89%|########9 | 517/578 [02:10<00:28,  2.15it/s]
Extract:  90%|########9 | 519/578 [02:10<00:20,  2.82it/s]
Extract:  90%|########9 | 520/578 [02:10<00:18,  3.19it/s]
Extract:  90%|######### | 522/578 [02:11<00:12,  4.35it/s]
Extract:  90%|######### | 523/578 [02:11<00:12,  4.23it/s]
Extract:  91%|######### | 524/578 [02:11<00:12,  4.40it/s]
Extract:  91%|#########1| 526/578 [02:12<00:15,  3.38it/s]
Extract:  91%|#########1| 528/578 [02:12<00:11,  4.44it/s]
Extract:  92%|#########1| 529/578 [02:12<00:10,  4.68it/s]
Extract:  92%|#########1| 530/578 [02:12<00:09,  4.90it/s]
Extract:  92%|#########1| 531/578 [02:13<00:09,  5.19it/s]
Extract:  92%|#########2| 532/578 [02:13<00:08,  5.64it/s]
Extract:  92%|#########2| 533/578 [02:13<00:07,  6.08it/s]
Extract:  92%|#########2| 534/578 [02:13<00:08,  5.11it/s]
Extract:  93%|#########2| 535/578 [02:13<00:07,  5.76it/s]
Extract:  93%|#########2| 537/578 [02:14<00:07,  5.67it/s]
Extract:  93%|#########3| 538/578 [02:14<00:08,  4.50it/s]
Extract:  93%|#########3| 540/578 [02:15<00:09,  4.01it/s]
Extract:  94%|#########3| 541/578 [02:15<00:09,  4.03it/s]
Extract:  94%|#########3| 543/578 [02:15<00:07,  4.80it/s]
Extract:  94%|#########4| 545/578 [02:15<00:05,  6.41it/s]
Extract:  94%|#########4| 546/578 [02:16<00:09,  3.54it/s]
Extract:  95%|#########4| 547/578 [02:17<00:11,  2.71it/s]
Extract:  95%|#########5| 550/578 [02:17<00:06,  4.66it/s]
Extract:  96%|#########5| 553/578 [02:18<00:05,  4.29it/s]
Extract:  96%|#########5| 554/578 [02:18<00:07,  3.15it/s]
Extract:  96%|#########6| 555/578 [02:19<00:08,  2.61it/s]
Extract:  96%|#########6| 556/578 [02:19<00:08,  2.69it/s]
Extract:  96%|#########6| 557/578 [02:20<00:07,  2.73it/s]
Extract:  97%|#########6| 559/578 [02:20<00:04,  4.08it/s]
Extract:  97%|#########6| 560/578 [02:20<00:05,  3.06it/s]
Extract:  97%|#########7| 561/578 [02:21<00:05,  3.07it/s]
Extract:  98%|#########7| 564/578 [02:22<00:04,  3.44it/s]
Extract:  98%|#########7| 565/578 [02:22<00:04,  2.97it/s]
Extract:  98%|#########7| 566/578 [02:22<00:03,  3.45it/s]
Extract:  98%|#########8| 567/578 [02:23<00:05,  1.96it/s]
Extract:  98%|#########8| 568/578 [02:24<00:05,  1.86it/s]
Extract:  99%|#########8| 570/578 [02:24<00:02,  2.86it/s]
Extract:  99%|#########8| 572/578 [02:24<00:01,  3.71it/s]
Extract:  99%|#########9| 574/578 [02:25<00:00,  5.07it/s]
Extract:  99%|#########9| 575/578 [02:25<00:00,  5.02it/s]
Extract: 100%|#########9| 576/578 [02:25<00:00,  3.71it/s]
Extract: 100%|##########| 578/578 [02:25<00:00,  3.96it/s]

Extract:   0%|          | 0/578 [00:00<?, ?it/s]
Extract:   0%|          | 2/578 [00:00<00:44, 12.86it/s]
Extract:   1%|          | 4/578 [00:00<01:31,  6.25it/s]
Extract:   1%|          | 5/578 [00:00<01:38,  5.79it/s]
Extract:   1%|1         | 6/578 [00:00<01:39,  5.75it/s]
Extract:   1%|1         | 7/578 [00:01<02:07,  4.47it/s]
Extract:   1%|1         | 8/578 [00:01<02:35,  3.67it/s]
Extract:   2%|1         | 9/578 [00:02<02:52,  3.31it/s]
Extract:   2%|1         | 10/578 [00:02<02:43,  3.47it/s]
Extract:   2%|1         | 11/578 [00:02<02:42,  3.49it/s]
Extract:   2%|2         | 12/578 [00:03<03:18,  2.85it/s]
Extract:   2%|2         | 13/578 [00:03<02:50,  3.31it/s]
Extract:   2%|2         | 14/578 [00:03<03:19,  2.83it/s]
Extract:   3%|2         | 15/578 [00:04<03:46,  2.49it/s]
Extract:   3%|2         | 16/578 [00:04<03:08,  2.99it/s]
Extract:   3%|3         | 19/578 [00:04<01:38,  5.67it/s]
Extract:   4%|3         | 21/578 [00:05<02:06,  4.41it/s]
Extract:   4%|3         | 22/578 [00:05<02:06,  4.39it/s]
Extract:   4%|3         | 23/578 [00:05<02:16,  4.08it/s]
Extract:   4%|4         | 24/578 [00:05<02:04,  4.45it/s]
Extract:   4%|4         | 26/578 [00:06<01:33,  5.93it/s]
Extract:   5%|4         | 27/578 [00:06<02:24,  3.82it/s]
Extract:   5%|4         | 28/578 [00:06<02:04,  4.42it/s]
Extract:   5%|5         | 29/578 [00:06<01:53,  4.84it/s]
Extract:   5%|5         | 30/578 [00:07<01:57,  4.66it/s]
Extract:   5%|5         | 31/578 [00:07<02:05,  4.37it/s]
Extract:   6%|5         | 33/578 [00:07<01:22,  6.59it/s]
Extract:   6%|6         | 35/578 [00:07<01:10,  7.68it/s]
Extract:   6%|6         | 37/578 [00:08<01:14,  7.26it/s]
Extract:   7%|6         | 38/578 [00:08<01:15,  7.11it/s]
Extract:   7%|6         | 40/578 [00:08<01:09,  7.77it/s]
Extract:   7%|7         | 41/578 [00:08<01:10,  7.62it/s]
Extract:   7%|7         | 42/578 [00:09<02:04,  4.31it/s]
Extract:   7%|7         | 43/578 [00:09<02:37,  3.39it/s]
Extract:   8%|7         | 45/578 [00:09<01:45,  5.05it/s]
Extract:   8%|7         | 46/578 [00:09<01:36,  5.53it/s]
Extract:   8%|8         | 47/578 [00:10<01:39,  5.34it/s]
Extract:   8%|8         | 49/578 [00:10<01:12,  7.32it/s]
Extract:   9%|8         | 50/578 [00:10<02:01,  4.34it/s]
Extract:   9%|8         | 51/578 [00:11<02:15,  3.88it/s]
Extract:   9%|8         | 52/578 [00:11<02:27,  3.57it/s]
Extract:   9%|9         | 54/578 [00:11<02:14,  3.91it/s]
Extract:  10%|9         | 55/578 [00:12<02:23,  3.66it/s]
Extract:  10%|9         | 56/578 [00:12<02:08,  4.06it/s]
Extract:  10%|#         | 58/578 [00:12<02:08,  4.05it/s]
Extract:  10%|#         | 59/578 [00:13<02:05,  4.15it/s]
Extract:  10%|#         | 60/578 [00:13<02:13,  3.87it/s]
Extract:  11%|#         | 61/578 [00:13<02:31,  3.40it/s]
Extract:  11%|#         | 62/578 [00:13<02:05,  4.10it/s]
Extract:  11%|#1        | 64/578 [00:14<02:08,  4.00it/s]
Extract:  11%|#1        | 65/578 [00:14<02:33,  3.33it/s]
Extract:  11%|#1        | 66/578 [00:15<02:10,  3.91it/s]
Extract:  12%|#1        | 67/578 [00:15<03:11,  2.67it/s]
Extract:  12%|#1        | 69/578 [00:15<02:09,  3.94it/s]
Extract:  12%|#2        | 71/578 [00:16<01:37,  5.22it/s]
Extract:  13%|#2        | 73/578 [00:16<01:41,  4.97it/s]
Extract:  13%|#2        | 75/578 [00:16<01:17,  6.51it/s]
Extract:  13%|#3        | 76/578 [00:16<01:22,  6.12it/s]
Extract:  13%|#3        | 77/578 [00:17<02:05,  4.00it/s]
Extract:  14%|#3        | 79/578 [00:17<01:26,  5.75it/s]
Extract:  14%|#4        | 81/578 [00:17<01:15,  6.61it/s]
Extract:  14%|#4        | 83/578 [00:18<01:09,  7.11it/s]
Extract:  15%|#4        | 84/578 [00:18<01:48,  4.54it/s]
Extract:  15%|#4        | 86/578 [00:18<01:28,  5.58it/s]
Extract:  15%|#5        | 89/578 [00:19<01:26,  5.67it/s]
Extract:  16%|#5        | 90/578 [00:19<01:33,  5.24it/s]
Extract:  16%|#5        | 91/578 [00:19<01:54,  4.27it/s]
Extract:  16%|#5        | 92/578 [00:20<02:22,  3.41it/s]
Extract:  16%|#6        | 94/578 [00:20<01:56,  4.16it/s]
Extract:  17%|#6        | 96/578 [00:21<01:59,  4.04it/s]
Extract:  17%|#6        | 97/578 [00:21<01:48,  4.42it/s]
Extract:  17%|#6        | 98/578 [00:21<01:50,  4.34it/s]
Extract:  17%|#7        | 99/578 [00:21<01:36,  4.96it/s]
Extract:  17%|#7        | 100/578 [00:22<01:59,  4.00it/s]
Extract:  17%|#7        | 101/578 [00:22<01:44,  4.57it/s]
Extract:  18%|#7        | 104/578 [00:22<01:00,  7.85it/s]
Extract:  18%|#8        | 106/578 [00:22<01:09,  6.78it/s]
Extract:  19%|#8        | 107/578 [00:23<01:40,  4.70it/s]
Extract:  19%|#8        | 108/578 [00:23<01:44,  4.50it/s]
Extract:  19%|#9        | 110/578 [00:23<01:25,  5.47it/s]
Extract:  19%|#9        | 111/578 [00:23<01:23,  5.56it/s]
Extract:  20%|#9        | 113/578 [00:24<01:05,  7.13it/s]
Extract:  20%|#9        | 114/578 [00:24<01:01,  7.56it/s]
Extract:  20%|#9        | 115/578 [00:24<00:59,  7.84it/s]
Extract:  20%|##        | 116/578 [00:24<01:10,  6.53it/s]
Extract:  20%|##        | 117/578 [00:24<01:40,  4.60it/s]
Extract:  20%|##        | 118/578 [00:25<01:38,  4.65it/s]
Extract:  21%|##        | 120/578 [00:25<01:51,  4.11it/s]
Extract:  21%|##        | 121/578 [00:26<02:28,  3.08it/s]
Extract:  21%|##1       | 123/578 [00:26<01:42,  4.42it/s]
Extract:  22%|##1       | 125/578 [00:27<01:54,  3.97it/s]
Extract:  22%|##1       | 126/578 [00:27<01:54,  3.96it/s]
Extract:  22%|##2       | 128/578 [00:27<01:32,  4.86it/s]
Extract:  22%|##2       | 130/578 [00:28<01:39,  4.52it/s]
Extract:  23%|##2       | 131/578 [00:28<02:20,  3.19it/s]
Extract:  23%|##2       | 132/578 [00:28<02:03,  3.63it/s]
Extract:  23%|##3       | 133/578 [00:29<02:05,  3.54it/s]
Extract:  23%|##3       | 134/578 [00:29<01:53,  3.90it/s]
Extract:  23%|##3       | 135/578 [00:29<01:44,  4.23it/s]
Extract:  24%|##3       | 136/578 [00:29<01:36,  4.59it/s]
Extract:  24%|##3       | 137/578 [00:30<02:15,  3.26it/s]
Extract:  24%|##3       | 138/578 [00:30<02:39,  2.75it/s]
Extract:  24%|##4       | 139/578 [00:31<02:32,  2.87it/s]
Extract:  24%|##4       | 141/578 [00:31<01:33,  4.69it/s]
Extract:  25%|##4       | 144/578 [00:31<00:55,  7.87it/s]
Extract:  25%|##5       | 146/578 [00:32<01:36,  4.47it/s]
Extract:  26%|##5       | 148/578 [00:32<01:27,  4.92it/s]
Extract:  26%|##5       | 149/578 [00:33<01:50,  3.88it/s]
Extract:  26%|##5       | 150/578 [00:33<01:41,  4.21it/s]
Extract:  26%|##6       | 153/578 [00:33<01:32,  4.57it/s]
Extract:  27%|##6       | 154/578 [00:33<01:24,  5.03it/s]
Extract:  27%|##6       | 155/578 [00:34<01:46,  3.99it/s]
Extract:  27%|##7       | 157/578 [00:34<01:17,  5.40it/s]
Extract:  28%|##7       | 159/578 [00:34<01:04,  6.50it/s]
Extract:  28%|##7       | 160/578 [00:34<01:13,  5.66it/s]
Extract:  28%|##8       | 162/578 [00:35<00:56,  7.40it/s]
Extract:  28%|##8       | 163/578 [00:35<01:58,  3.50it/s]
Extract:  28%|##8       | 164/578 [00:36<01:42,  4.06it/s]
Extract:  29%|##8       | 165/578 [00:36<01:31,  4.49it/s]
Extract:  29%|##8       | 166/578 [00:36<01:24,  4.89it/s]
Extract:  29%|##8       | 167/578 [00:36<01:58,  3.46it/s]
Extract:  29%|##9       | 168/578 [00:37<01:44,  3.92it/s]
Extract:  29%|##9       | 169/578 [00:37<01:30,  4.52it/s]
Extract:  29%|##9       | 170/578 [00:37<01:23,  4.87it/s]
Extract:  30%|##9       | 172/578 [00:37<01:16,  5.31it/s]
Extract:  30%|##9       | 173/578 [00:38<01:50,  3.67it/s]
Extract:  30%|###       | 174/578 [00:38<01:40,  4.03it/s]
Extract:  30%|###       | 175/578 [00:38<01:26,  4.68it/s]
Extract:  31%|###       | 177/578 [00:39<01:48,  3.70it/s]
Extract:  31%|###       | 178/578 [00:39<01:36,  4.14it/s]
Extract:  31%|###       | 179/578 [00:39<01:48,  3.69it/s]
Extract:  31%|###1      | 180/578 [00:40<01:55,  3.44it/s]
Extract:  31%|###1      | 181/578 [00:40<02:04,  3.18it/s]
Extract:  31%|###1      | 182/578 [00:40<01:53,  3.49it/s]
Extract:  32%|###1      | 184/578 [00:40<01:31,  4.31it/s]
Extract:  32%|###2      | 185/578 [00:41<02:01,  3.23it/s]
Extract:  32%|###2      | 186/578 [00:41<01:48,  3.60it/s]
Extract:  33%|###2      | 188/578 [00:41<01:23,  4.69it/s]
Extract:  33%|###2      | 189/578 [00:42<01:52,  3.44it/s]
Extract:  33%|###3      | 191/578 [00:42<01:42,  3.78it/s]
Extract:  33%|###3      | 192/578 [00:43<01:47,  3.60it/s]
Extract:  34%|###3      | 194/578 [00:43<01:16,  5.00it/s]
Extract:  34%|###4      | 197/578 [00:44<01:17,  4.90it/s]
Extract:  34%|###4      | 198/578 [00:44<01:17,  4.88it/s]
Extract:  35%|###4      | 201/578 [00:44<01:14,  5.08it/s]
Extract:  35%|###4      | 202/578 [00:45<01:14,  5.02it/s]
Extract:  35%|###5      | 203/578 [00:45<01:33,  4.01it/s]
Extract:  36%|###5      | 206/578 [00:45<01:00,  6.10it/s]
Extract:  36%|###5      | 207/578 [00:45<01:05,  5.69it/s]
Extract:  36%|###6      | 209/578 [00:46<00:52,  7.09it/s]
Extract:  36%|###6      | 210/578 [00:46<00:52,  7.06it/s]
Extract:  37%|###6      | 212/578 [00:46<01:20,  4.57it/s]
Extract:  37%|###6      | 213/578 [00:47<01:11,  5.08it/s]
Extract:  37%|###7      | 215/578 [00:47<01:10,  5.13it/s]
Extract:  38%|###7      | 217/578 [00:47<00:58,  6.21it/s]
Extract:  38%|###7      | 219/578 [00:47<00:45,  7.89it/s]
Extract:  38%|###8      | 221/578 [00:47<00:43,  8.19it/s]
Extract:  39%|###8      | 223/578 [00:48<00:37,  9.59it/s]
Extract:  39%|###8      | 225/578 [00:48<00:55,  6.35it/s]
Extract:  39%|###9      | 226/578 [00:48<01:01,  5.70it/s]
Extract:  39%|###9      | 227/578 [00:49<01:01,  5.72it/s]
Extract:  40%|###9      | 229/578 [00:49<00:56,  6.22it/s]
Extract:  40%|###9      | 230/578 [00:49<01:10,  4.93it/s]
Extract:  40%|###9      | 231/578 [00:49<01:16,  4.54it/s]
Extract:  40%|####      | 232/578 [00:50<01:12,  4.79it/s]
Extract:  40%|####      | 233/578 [00:50<01:03,  5.39it/s]
Extract:  40%|####      | 234/578 [00:50<01:00,  5.72it/s]
Extract:  41%|####      | 235/578 [00:50<00:55,  6.13it/s]
Extract:  41%|####      | 236/578 [00:51<01:29,  3.83it/s]
Extract:  41%|####1     | 237/578 [00:51<01:46,  3.20it/s]
Extract:  41%|####1     | 239/578 [00:51<01:29,  3.78it/s]
Extract:  42%|####1     | 240/578 [00:52<01:20,  4.20it/s]
Extract:  42%|####1     | 242/578 [00:52<00:55,  6.07it/s]
Extract:  42%|####2     | 244/578 [00:52<01:11,  4.67it/s]
Extract:  42%|####2     | 245/578 [00:52<01:05,  5.10it/s]
Extract:  43%|####2     | 247/578 [00:53<01:04,  5.16it/s]
Extract:  43%|####2     | 248/578 [00:53<01:16,  4.32it/s]
Extract:  43%|####3     | 249/578 [00:53<01:10,  4.67it/s]
Extract:  43%|####3     | 250/578 [00:53<01:05,  5.02it/s]
Extract:  43%|####3     | 251/578 [00:54<00:59,  5.53it/s]
Extract:  44%|####3     | 254/578 [00:54<00:33,  9.65it/s]
Extract:  44%|####4     | 256/578 [00:55<01:09,  4.64it/s]
Extract:  44%|####4     | 257/578 [00:55<01:02,  5.17it/s]
Extract:  45%|####4     | 259/578 [00:55<00:50,  6.36it/s]
Extract:  45%|####5     | 261/578 [00:55<00:40,  7.90it/s]
Extract:  46%|####5     | 263/578 [00:56<01:07,  4.67it/s]
Extract:  46%|####5     | 265/578 [00:56<01:13,  4.28it/s]
Extract:  46%|####6     | 266/578 [00:57<01:13,  4.26it/s]
Extract:  46%|####6     | 267/578 [00:57<01:23,  3.72it/s]
Extract:  46%|####6     | 268/578 [00:57<01:12,  4.29it/s]
Extract:  47%|####6     | 269/578 [00:57<01:21,  3.79it/s]
Extract:  47%|####7     | 272/578 [00:58<00:45,  6.72it/s]
Extract:  47%|####7     | 274/578 [00:59<01:27,  3.48it/s]
Extract:  48%|####7     | 275/578 [00:59<01:35,  3.18it/s]
Extract:  48%|####7     | 276/578 [00:59<01:28,  3.40it/s]
Extract:  48%|####7     | 277/578 [00:59<01:16,  3.91it/s]
Extract:  48%|####8     | 280/578 [01:00<01:18,  3.82it/s]
Extract:  49%|####8     | 282/578 [01:00<01:00,  4.88it/s]
Extract:  49%|####8     | 283/578 [01:01<01:05,  4.49it/s]
Extract:  49%|####9     | 284/578 [01:01<00:57,  5.07it/s]
Extract:  49%|####9     | 285/578 [01:01<01:00,  4.84it/s]
Extract:  49%|####9     | 286/578 [01:01<01:02,  4.71it/s]
Extract:  50%|####9     | 287/578 [01:01<00:56,  5.17it/s]
Extract:  50%|####9     | 288/578 [01:02<00:50,  5.70it/s]
Extract:  50%|#####     | 289/578 [01:02<00:56,  5.10it/s]
Extract:  50%|#####     | 290/578 [01:02<01:24,  3.43it/s]
Extract:  50%|#####     | 291/578 [01:02<01:09,  4.13it/s]
Extract:  51%|#####     | 293/578 [01:03<00:44,  6.39it/s]
Extract:  51%|#####     | 294/578 [01:03<00:43,  6.57it/s]
Extract:  51%|#####1    | 295/578 [01:03<01:11,  3.97it/s]
Extract:  51%|#####1    | 296/578 [01:03<01:03,  4.41it/s]
Extract:  51%|#####1    | 297/578 [01:04<01:28,  3.19it/s]
Extract:  52%|#####1    | 299/578 [01:04<00:58,  4.80it/s]
Extract:  52%|#####1    | 300/578 [01:04<00:54,  5.12it/s]
Extract:  52%|#####2    | 301/578 [01:05<01:11,  3.90it/s]
Extract:  52%|#####2    | 303/578 [01:05<00:50,  5.42it/s]
Extract:  53%|#####2    | 304/578 [01:06<01:21,  3.38it/s]
Extract:  53%|#####2    | 305/578 [01:06<01:13,  3.74it/s]
Extract:  53%|#####3    | 307/578 [01:06<01:24,  3.19it/s]
Extract:  53%|#####3    | 308/578 [01:07<01:33,  2.90it/s]
Extract:  53%|#####3    | 309/578 [01:07<01:47,  2.49it/s]
Extract:  54%|#####3    | 310/578 [01:08<01:43,  2.58it/s]
Extract:  54%|#####3    | 311/578 [01:08<02:01,  2.20it/s]
Extract:  54%|#####3    | 312/578 [01:09<02:11,  2.02it/s]
Extract:  54%|#####4    | 313/578 [01:09<01:45,  2.52it/s]
Extract:  54%|#####4    | 314/578 [01:10<01:39,  2.66it/s]
Extract:  55%|#####4    | 316/578 [01:10<01:14,  3.53it/s]
Extract:  55%|#####5    | 318/578 [01:10<01:07,  3.88it/s]
Extract:  55%|#####5    | 319/578 [01:11<01:07,  3.82it/s]
Extract:  55%|#####5    | 320/578 [01:11<01:20,  3.19it/s]
Extract:  56%|#####5    | 321/578 [01:11<01:09,  3.68it/s]
Extract:  56%|#####5    | 322/578 [01:12<01:16,  3.33it/s]
Extract:  56%|#####5    | 323/578 [01:12<01:10,  3.61it/s]
Extract:  56%|#####6    | 325/578 [01:12<01:07,  3.72it/s]
Extract:  56%|#####6    | 326/578 [01:12<01:01,  4.12it/s]
Extract:  57%|#####6    | 328/578 [01:13<00:49,  5.08it/s]
Extract:  57%|#####7    | 330/578 [01:13<00:39,  6.26it/s]
Extract:  57%|#####7    | 331/578 [01:13<00:38,  6.38it/s]
Extract:  57%|#####7    | 332/578 [01:13<00:44,  5.57it/s]
Extract:  58%|#####7    | 335/578 [01:13<00:27,  8.81it/s]
Extract:  58%|#####8    | 337/578 [01:14<00:23, 10.39it/s]
Extract:  59%|#####8    | 339/578 [01:14<00:21, 11.03it/s]
Extract:  59%|#####8    | 341/578 [01:14<00:21, 10.89it/s]
Extract:  59%|#####9    | 343/578 [01:14<00:23, 10.09it/s]
Extract:  60%|#####9    | 345/578 [01:15<00:31,  7.34it/s]
Extract:  60%|######    | 347/578 [01:15<00:26,  8.74it/s]
Extract:  60%|######    | 349/578 [01:15<00:35,  6.44it/s]
Extract:  61%|######    | 350/578 [01:15<00:35,  6.42it/s]
Extract:  61%|######    | 351/578 [01:16<00:48,  4.73it/s]
Extract:  61%|######1   | 353/578 [01:16<00:38,  5.85it/s]
Extract:  61%|######1   | 355/578 [01:16<00:29,  7.46it/s]
Extract:  62%|######1   | 356/578 [01:17<00:39,  5.57it/s]
Extract:  62%|######1   | 357/578 [01:17<00:41,  5.28it/s]
Extract:  62%|######2   | 359/578 [01:17<00:46,  4.67it/s]
Extract:  62%|######2   | 360/578 [01:17<00:47,  4.62it/s]
Extract:  63%|######2   | 362/578 [01:18<00:51,  4.21it/s]
Extract:  63%|######2   | 364/578 [01:18<00:39,  5.44it/s]
Extract:  63%|######3   | 365/578 [01:18<00:38,  5.54it/s]
Extract:  63%|######3   | 366/578 [01:18<00:35,  6.02it/s]
Extract:  63%|######3   | 367/578 [01:19<00:46,  4.51it/s]
Extract:  64%|######3   | 368/578 [01:19<00:46,  4.55it/s]
Extract:  64%|######3   | 369/578 [01:20<01:05,  3.21it/s]
Extract:  64%|######4   | 371/578 [01:20<00:41,  5.03it/s]
Extract:  65%|######4   | 373/578 [01:20<00:35,  5.71it/s]
Extract:  65%|######4   | 375/578 [01:20<00:28,  7.23it/s]
Extract:  65%|######5   | 377/578 [01:21<00:32,  6.14it/s]
Extract:  66%|######5   | 379/578 [01:21<00:28,  7.03it/s]
Extract:  66%|######5   | 380/578 [01:21<00:30,  6.46it/s]
Extract:  66%|######5   | 381/578 [01:21<00:28,  6.95it/s]
Extract:  66%|######6   | 382/578 [01:21<00:37,  5.16it/s]
Extract:  66%|######6   | 383/578 [01:22<00:34,  5.57it/s]
Extract:  66%|######6   | 384/578 [01:22<00:40,  4.75it/s]
Extract:  67%|######6   | 386/578 [01:22<00:30,  6.39it/s]
Extract:  67%|######6   | 387/578 [01:22<00:30,  6.24it/s]
Extract:  67%|######7   | 390/578 [01:22<00:19,  9.55it/s]
Extract:  68%|######7   | 392/578 [01:23<00:20,  9.27it/s]
Extract:  68%|######8   | 394/578 [01:23<00:35,  5.20it/s]
Extract:  68%|######8   | 395/578 [01:24<00:34,  5.37it/s]
Extract:  69%|######8   | 397/578 [01:24<00:27,  6.49it/s]
Extract:  69%|######9   | 399/578 [01:24<00:23,  7.61it/s]
Extract:  70%|######9   | 402/578 [01:24<00:17, 10.13it/s]
Extract:  70%|######9   | 404/578 [01:24<00:16, 10.33it/s]
Extract:  70%|#######   | 406/578 [01:25<00:20,  8.43it/s]
Extract:  71%|#######   | 408/578 [01:25<00:35,  4.73it/s]
Extract:  71%|#######   | 410/578 [01:26<00:30,  5.47it/s]
Extract:  71%|#######1  | 412/578 [01:26<00:25,  6.55it/s]
Extract:  71%|#######1  | 413/578 [01:26<00:27,  6.02it/s]
Extract:  72%|#######1  | 415/578 [01:26<00:21,  7.43it/s]
Extract:  72%|#######1  | 416/578 [01:26<00:21,  7.41it/s]
Extract:  72%|#######2  | 418/578 [01:27<00:21,  7.39it/s]
Extract:  72%|#######2  | 419/578 [01:27<00:25,  6.34it/s]
Extract:  73%|#######2  | 421/578 [01:28<00:35,  4.40it/s]
Extract:  73%|#######3  | 424/578 [01:28<00:26,  5.84it/s]
Extract:  74%|#######3  | 425/578 [01:28<00:32,  4.66it/s]
Extract:  74%|#######3  | 426/578 [01:28<00:30,  4.94it/s]
Extract:  74%|#######3  | 427/578 [01:29<00:41,  3.63it/s]
Extract:  74%|#######4  | 428/578 [01:30<00:50,  2.98it/s]
Extract:  74%|#######4  | 429/578 [01:30<01:11,  2.10it/s]
Extract:  75%|#######4  | 431/578 [01:31<00:46,  3.17it/s]
Extract:  75%|#######4  | 432/578 [01:31<00:42,  3.44it/s]
Extract:  75%|#######5  | 434/578 [01:31<00:43,  3.33it/s]
Extract:  75%|#######5  | 435/578 [01:32<00:38,  3.71it/s]
Extract:  76%|#######5  | 437/578 [01:32<00:29,  4.81it/s]
Extract:  76%|#######5  | 438/578 [01:32<00:27,  5.15it/s]
Extract:  76%|#######5  | 439/578 [01:32<00:28,  4.84it/s]
Extract:  76%|#######6  | 441/578 [01:33<00:30,  4.48it/s]
Extract:  76%|#######6  | 442/578 [01:33<00:27,  4.99it/s]
Extract:  77%|#######6  | 444/578 [01:33<00:21,  6.16it/s]
Extract:  77%|#######6  | 445/578 [01:34<00:31,  4.28it/s]
Extract:  77%|#######7  | 447/578 [01:34<00:22,  5.92it/s]
Extract:  78%|#######7  | 449/578 [01:34<00:17,  7.45it/s]
Extract:  78%|#######8  | 451/578 [01:35<00:32,  3.86it/s]
Extract:  78%|#######8  | 452/578 [01:35<00:29,  4.28it/s]
Extract:  79%|#######8  | 454/578 [01:35<00:22,  5.54it/s]
Extract:  79%|#######8  | 456/578 [01:35<00:18,  6.66it/s]
Extract:  79%|#######9  | 458/578 [01:36<00:18,  6.35it/s]
Extract:  80%|#######9  | 460/578 [01:36<00:14,  8.05it/s]
Extract:  80%|#######9  | 462/578 [01:36<00:14,  7.92it/s]
Extract:  80%|########  | 464/578 [01:36<00:16,  7.02it/s]
Extract:  81%|########  | 466/578 [01:37<00:15,  7.05it/s]
Extract:  81%|########  | 467/578 [01:37<00:19,  5.69it/s]
Extract:  81%|########  | 468/578 [01:38<00:37,  2.95it/s]
Extract:  81%|########1 | 469/578 [01:38<00:31,  3.44it/s]
Extract:  81%|########1 | 470/578 [01:38<00:30,  3.54it/s]
Extract:  81%|########1 | 471/578 [01:39<00:31,  3.36it/s]
Extract:  82%|########1 | 472/578 [01:39<00:33,  3.12it/s]
Extract:  82%|########1 | 473/578 [01:39<00:29,  3.61it/s]
Extract:  82%|########2 | 474/578 [01:39<00:28,  3.67it/s]
Extract:  82%|########2 | 475/578 [01:40<00:23,  4.30it/s]
Extract:  82%|########2 | 476/578 [01:40<00:32,  3.11it/s]
Extract:  83%|########2 | 477/578 [01:40<00:27,  3.67it/s]
Extract:  83%|########2 | 479/578 [01:41<00:20,  4.87it/s]
Extract:  83%|########3 | 480/578 [01:41<00:17,  5.50it/s]
Extract:  83%|########3 | 481/578 [01:41<00:17,  5.63it/s]
Extract:  84%|########3 | 483/578 [01:41<00:12,  7.58it/s]
Extract:  84%|########3 | 485/578 [01:41<00:09,  9.45it/s]
Extract:  84%|########4 | 487/578 [01:41<00:10,  8.90it/s]
Extract:  85%|########4 | 489/578 [01:42<00:15,  5.76it/s]
Extract:  85%|########4 | 490/578 [01:42<00:14,  5.92it/s]
Extract:  85%|########4 | 491/578 [01:42<00:16,  5.26it/s]
Extract:  85%|########5 | 492/578 [01:43<00:18,  4.75it/s]
Extract:  85%|########5 | 493/578 [01:43<00:16,  5.24it/s]
Extract:  85%|########5 | 494/578 [01:43<00:15,  5.39it/s]
Extract:  86%|########5 | 496/578 [01:43<00:10,  7.67it/s]
Extract:  86%|########6 | 498/578 [01:43<00:13,  6.03it/s]
Extract:  87%|########6 | 501/578 [01:44<00:09,  8.43it/s]
Extract:  87%|########7 | 504/578 [01:44<00:08,  8.43it/s]
Extract:  87%|########7 | 505/578 [01:45<00:13,  5.56it/s]
Extract:  88%|########7 | 508/578 [01:45<00:09,  7.18it/s]
Extract:  88%|########8 | 510/578 [01:45<00:12,  5.33it/s]
Extract:  88%|########8 | 511/578 [01:45<00:11,  5.76it/s]
Extract:  89%|########8 | 512/578 [01:46<00:11,  5.53it/s]
Extract:  89%|########8 | 514/578 [01:46<00:08,  7.35it/s]
Extract:  89%|########9 | 516/578 [01:46<00:12,  5.10it/s]
Extract:  89%|########9 | 517/578 [01:47<00:11,  5.37it/s]
Extract:  90%|########9 | 519/578 [01:47<00:09,  6.34it/s]
Extract:  90%|######### | 521/578 [01:47<00:07,  8.09it/s]
Extract:  90%|######### | 523/578 [01:47<00:07,  7.59it/s]
Extract:  91%|######### | 524/578 [01:47<00:07,  7.57it/s]
Extract:  91%|#########1| 526/578 [01:48<00:10,  5.20it/s]
Extract:  91%|#########1| 528/578 [01:48<00:07,  6.57it/s]
Extract:  92%|#########1| 529/578 [01:48<00:07,  6.67it/s]
Extract:  92%|#########1| 530/578 [01:48<00:07,  6.63it/s]
Extract:  92%|#########1| 531/578 [01:49<00:06,  6.95it/s]
Extract:  92%|#########2| 532/578 [01:49<00:06,  7.47it/s]
Extract:  92%|#########2| 534/578 [01:49<00:06,  6.81it/s]
Extract:  93%|#########2| 536/578 [01:49<00:04,  8.99it/s]
Extract:  93%|#########3| 538/578 [01:49<00:05,  7.26it/s]
Extract:  93%|#########3| 540/578 [01:50<00:06,  6.10it/s]
Extract:  94%|#########3| 541/578 [01:50<00:06,  6.02it/s]
Extract:  94%|#########3| 543/578 [01:50<00:05,  6.60it/s]
Extract:  94%|#########4| 546/578 [01:51<00:05,  6.09it/s]
Extract:  95%|#########4| 547/578 [01:51<00:06,  4.84it/s]
Extract:  95%|#########5| 550/578 [01:51<00:03,  7.36it/s]
Extract:  96%|#########5| 553/578 [01:52<00:03,  6.99it/s]
Extract:  96%|#########6| 555/578 [01:53<00:06,  3.39it/s]
Extract:  96%|#########6| 556/578 [01:53<00:06,  3.51it/s]
Extract:  96%|#########6| 557/578 [01:54<00:05,  3.74it/s]
Extract:  97%|#########6| 560/578 [01:54<00:03,  4.62it/s]
Extract:  97%|#########7| 561/578 [01:54<00:03,  4.56it/s]
Extract:  98%|#########7| 564/578 [01:55<00:02,  4.75it/s]
Extract:  98%|#########7| 565/578 [01:55<00:03,  3.82it/s]
Extract:  98%|#########7| 566/578 [01:56<00:02,  4.07it/s]
Extract:  98%|#########8| 567/578 [01:56<00:02,  4.31it/s]
Extract:  98%|#########8| 568/578 [01:56<00:02,  3.34it/s]
Extract:  99%|#########8| 570/578 [01:56<00:01,  4.80it/s]
Extract:  99%|#########8| 572/578 [01:57<00:01,  5.85it/s]
Extract:  99%|#########9| 574/578 [01:57<00:00,  7.60it/s]
Extract: 100%|#########9| 576/578 [01:57<00:00,  5.07it/s]
Extract: 100%|##########| 578/578 [01:58<00:00,  4.90it/s]

Extract:   0%|          | 0/578 [00:00<?, ?it/s]
Extract:   0%|          | 2/578 [00:00<00:46, 12.50it/s]
Extract:   1%|          | 4/578 [00:00<01:17,  7.42it/s]
Extract:   1%|          | 5/578 [00:00<01:25,  6.73it/s]
Extract:   1%|1         | 6/578 [00:00<01:21,  6.99it/s]
Extract:   1%|1         | 7/578 [00:01<01:42,  5.57it/s]
Extract:   1%|1         | 8/578 [00:01<02:07,  4.46it/s]
Extract:   2%|1         | 9/578 [00:01<02:09,  4.41it/s]
Extract:   2%|1         | 10/578 [00:01<02:00,  4.70it/s]
Extract:   2%|1         | 11/578 [00:02<01:55,  4.92it/s]
Extract:   2%|2         | 12/578 [00:02<02:13,  4.25it/s]
Extract:   2%|2         | 13/578 [00:02<01:49,  5.14it/s]
Extract:   2%|2         | 14/578 [00:02<02:15,  4.17it/s]
Extract:   3%|2         | 15/578 [00:03<02:52,  3.26it/s]
Extract:   3%|2         | 16/578 [00:03<02:32,  3.69it/s]
Extract:   3%|3         | 18/578 [00:03<01:34,  5.90it/s]
Extract:   3%|3         | 20/578 [00:03<01:14,  7.52it/s]
Extract:   4%|3         | 22/578 [00:04<02:18,  4.01it/s]
Extract:   4%|3         | 23/578 [00:04<02:18,  4.01it/s]
Extract:   4%|4         | 24/578 [00:05<02:12,  4.17it/s]
Extract:   4%|4         | 26/578 [00:05<01:36,  5.73it/s]
Extract:   5%|4         | 27/578 [00:05<02:14,  4.09it/s]
Extract:   5%|5         | 29/578 [00:05<01:39,  5.50it/s]
Extract:   5%|5         | 30/578 [00:05<01:32,  5.90it/s]
Extract:   5%|5         | 31/578 [00:06<01:38,  5.57it/s]
Extract:   6%|5         | 33/578 [00:06<01:10,  7.76it/s]
Extract:   6%|6         | 35/578 [00:06<01:00,  9.00it/s]
Extract:   6%|6         | 37/578 [00:06<01:03,  8.58it/s]
Extract:   7%|6         | 39/578 [00:06<00:57,  9.31it/s]
Extract:   7%|7         | 41/578 [00:07<00:54,  9.94it/s]
Extract:   7%|7         | 43/578 [00:07<01:52,  4.76it/s]
Extract:   8%|7         | 45/578 [00:08<01:25,  6.20it/s]
Extract:   8%|8         | 47/578 [00:08<01:24,  6.26it/s]
Extract:   8%|8         | 49/578 [00:08<01:09,  7.63it/s]
Extract:   9%|8         | 51/578 [00:09<01:41,  5.19it/s]
Extract:   9%|8         | 52/578 [00:09<01:58,  4.46it/s]
Extract:   9%|9         | 54/578 [00:09<01:42,  5.14it/s]
Extract:  10%|9         | 55/578 [00:10<01:46,  4.90it/s]
Extract:  10%|9         | 56/578 [00:10<01:39,  5.22it/s]
Extract:  10%|#         | 58/578 [00:10<01:33,  5.54it/s]
Extract:  10%|#         | 59/578 [00:10<01:36,  5.37it/s]
Extract:  10%|#         | 60/578 [00:11<01:48,  4.79it/s]
Extract:  11%|#         | 61/578 [00:11<02:18,  3.74it/s]
Extract:  11%|#         | 63/578 [00:11<01:31,  5.63it/s]
Extract:  11%|#1        | 64/578 [00:11<01:36,  5.33it/s]
Extract:  11%|#1        | 65/578 [00:12<01:55,  4.44it/s]
Extract:  11%|#1        | 66/578 [00:12<01:44,  4.89it/s]
Extract:  12%|#1        | 67/578 [00:12<02:43,  3.12it/s]
Extract:  12%|#1        | 69/578 [00:13<01:58,  4.30it/s]
Extract:  12%|#2        | 71/578 [00:13<01:31,  5.56it/s]
Extract:  12%|#2        | 72/578 [00:13<01:25,  5.90it/s]
Extract:  13%|#2        | 73/578 [00:13<02:08,  3.92it/s]
Extract:  13%|#2        | 75/578 [00:14<01:30,  5.56it/s]
Extract:  13%|#3        | 76/578 [00:14<01:25,  5.86it/s]
Extract:  13%|#3        | 77/578 [00:14<01:57,  4.27it/s]
Extract:  14%|#3        | 79/578 [00:14<01:20,  6.22it/s]
Extract:  14%|#4        | 81/578 [00:15<01:10,  7.03it/s]
Extract:  14%|#4        | 82/578 [00:15<01:06,  7.44it/s]
Extract:  14%|#4        | 83/578 [00:15<01:11,  6.96it/s]
Extract:  15%|#4        | 84/578 [00:15<01:54,  4.33it/s]
Extract:  15%|#4        | 85/578 [00:15<01:43,  4.78it/s]
Extract:  15%|#4        | 86/578 [00:16<01:36,  5.12it/s]
Extract:  15%|#5        | 87/578 [00:16<01:38,  4.97it/s]
Extract:  15%|#5        | 89/578 [00:16<01:59,  4.09it/s]
Extract:  16%|#5        | 90/578 [00:17<01:53,  4.29it/s]
Extract:  16%|#5        | 91/578 [00:17<02:33,  3.17it/s]
Extract:  16%|#5        | 92/578 [00:18<03:00,  2.70it/s]
Extract:  16%|#6        | 93/578 [00:18<02:26,  3.31it/s]
Extract:  16%|#6        | 94/578 [00:18<02:18,  3.49it/s]
Extract:  17%|#6        | 96/578 [00:19<02:24,  3.34it/s]
Extract:  17%|#6        | 97/578 [00:19<02:03,  3.89it/s]
Extract:  17%|#6        | 98/578 [00:19<01:59,  4.01it/s]
Extract:  17%|#7        | 100/578 [00:19<01:40,  4.75it/s]
Extract:  17%|#7        | 101/578 [00:19<01:31,  5.24it/s]
Extract:  18%|#7        | 104/578 [00:20<00:55,  8.48it/s]
Extract:  18%|#8        | 106/578 [00:20<01:06,  7.08it/s]
Extract:  19%|#8        | 107/578 [00:21<01:40,  4.69it/s]
Extract:  19%|#8        | 108/578 [00:21<01:57,  3.99it/s]
Extract:  19%|#9        | 110/578 [00:21<01:34,  4.95it/s]
Extract:  19%|#9        | 111/578 [00:21<01:30,  5.19it/s]
Extract:  20%|#9        | 113/578 [00:21<01:08,  6.77it/s]
Extract:  20%|#9        | 115/578 [00:22<01:01,  7.53it/s]
Extract:  20%|##        | 116/578 [00:22<01:10,  6.52it/s]
Extract:  20%|##        | 117/578 [00:22<01:34,  4.87it/s]
Extract:  21%|##        | 120/578 [00:23<01:33,  4.92it/s]
Extract:  21%|##        | 121/578 [00:24<02:14,  3.40it/s]
Extract:  21%|##1       | 123/578 [00:24<01:41,  4.49it/s]
Extract:  22%|##1       | 125/578 [00:24<01:44,  4.33it/s]
Extract:  22%|##1       | 126/578 [00:24<01:44,  4.33it/s]
Extract:  22%|##2       | 128/578 [00:25<01:24,  5.30it/s]
Extract:  22%|##2       | 130/578 [00:25<01:32,  4.85it/s]
Extract:  23%|##2       | 131/578 [00:26<01:54,  3.89it/s]
Extract:  23%|##2       | 132/578 [00:26<01:46,  4.20it/s]
Extract:  23%|##3       | 133/578 [00:26<01:50,  4.02it/s]
Extract:  23%|##3       | 134/578 [00:26<01:35,  4.67it/s]
Extract:  23%|##3       | 135/578 [00:26<01:38,  4.49it/s]
Extract:  24%|##3       | 136/578 [00:27<01:25,  5.15it/s]
Extract:  24%|##3       | 137/578 [00:27<01:49,  4.04it/s]
Extract:  24%|##3       | 138/578 [00:27<02:08,  3.42it/s]
Extract:  24%|##4       | 139/578 [00:28<02:08,  3.42it/s]
Extract:  25%|##4       | 142/578 [00:28<01:08,  6.35it/s]
Extract:  25%|##5       | 146/578 [00:28<01:00,  7.10it/s]
Extract:  25%|##5       | 147/578 [00:28<00:59,  7.30it/s]
Extract:  26%|##5       | 148/578 [00:29<01:06,  6.43it/s]
Extract:  26%|##5       | 149/578 [00:29<01:26,  4.99it/s]
Extract:  26%|##5       | 150/578 [00:29<01:18,  5.44it/s]
Extract:  26%|##6       | 153/578 [00:30<01:20,  5.31it/s]
Extract:  27%|##6       | 155/578 [00:30<01:18,  5.37it/s]
Extract:  27%|##7       | 158/578 [00:30<00:54,  7.72it/s]
Extract:  28%|##7       | 160/578 [00:31<00:53,  7.77it/s]
Extract:  28%|##8       | 163/578 [00:31<01:10,  5.88it/s]
Extract:  29%|##8       | 165/578 [00:31<01:03,  6.46it/s]
Extract:  29%|##8       | 166/578 [00:32<01:01,  6.66it/s]
Extract:  29%|##8       | 167/578 [00:32<01:15,  5.44it/s]
Extract:  29%|##9       | 168/578 [00:32<01:08,  5.98it/s]
Extract:  29%|##9       | 170/578 [00:32<00:56,  7.27it/s]
Extract:  30%|##9       | 172/578 [00:32<00:50,  8.06it/s]
Extract:  30%|##9       | 173/578 [00:33<01:12,  5.61it/s]
Extract:  30%|###       | 174/578 [00:33<01:09,  5.84it/s]
Extract:  30%|###       | 176/578 [00:33<01:07,  5.95it/s]
Extract:  31%|###       | 177/578 [00:34<01:20,  4.97it/s]
Extract:  31%|###       | 178/578 [00:34<01:10,  5.64it/s]
Extract:  31%|###       | 179/578 [00:34<01:04,  6.21it/s]
Extract:  31%|###1      | 180/578 [00:34<01:21,  4.87it/s]
Extract:  31%|###1      | 181/578 [00:34<01:39,  4.00it/s]
Extract:  31%|###1      | 182/578 [00:35<01:29,  4.45it/s]
Extract:  32%|###1      | 184/578 [00:35<01:12,  5.46it/s]
Extract:  32%|###2      | 185/578 [00:35<01:48,  3.62it/s]
Extract:  32%|###2      | 186/578 [00:36<01:35,  4.11it/s]
Extract:  33%|###2      | 188/578 [00:36<01:11,  5.46it/s]
Extract:  33%|###2      | 189/578 [00:36<01:31,  4.25it/s]
Extract:  33%|###3      | 191/578 [00:37<01:24,  4.56it/s]
Extract:  33%|###3      | 193/578 [00:37<01:04,  5.93it/s]
Extract:  34%|###3      | 195/578 [00:37<00:49,  7.67it/s]
Extract:  34%|###4      | 197/578 [00:37<00:58,  6.47it/s]
Extract:  34%|###4      | 198/578 [00:37<00:57,  6.56it/s]
Extract:  35%|###4      | 201/578 [00:38<01:12,  5.23it/s]
Extract:  35%|###4      | 202/578 [00:38<01:13,  5.14it/s]
Extract:  35%|###5      | 203/578 [00:39<01:37,  3.84it/s]
Extract:  35%|###5      | 205/578 [00:39<01:09,  5.40it/s]
Extract:  36%|###5      | 206/578 [00:39<01:06,  5.61it/s]
Extract:  36%|###5      | 207/578 [00:39<01:16,  4.86it/s]
Extract:  36%|###6      | 209/578 [00:40<00:56,  6.48it/s]
Extract:  36%|###6      | 210/578 [00:40<00:54,  6.72it/s]
Extract:  37%|###6      | 212/578 [00:40<00:59,  6.16it/s]
Extract:  37%|###6      | 213/578 [00:40<00:56,  6.51it/s]
Extract:  37%|###7      | 215/578 [00:41<00:54,  6.71it/s]
Extract:  37%|###7      | 216/578 [00:41<00:57,  6.25it/s]
Extract:  38%|###7      | 217/578 [00:41<00:57,  6.33it/s]
Extract:  38%|###8      | 220/578 [00:41<00:39,  9.06it/s]
Extract:  38%|###8      | 222/578 [00:41<00:33, 10.78it/s]
Extract:  39%|###8      | 224/578 [00:41<00:28, 12.37it/s]
Extract:  39%|###9      | 226/578 [00:42<00:53,  6.59it/s]
Extract:  39%|###9      | 228/578 [00:42<00:45,  7.66it/s]
Extract:  40%|###9      | 230/578 [00:43<00:55,  6.27it/s]
Extract:  40%|###9      | 231/578 [00:43<01:00,  5.76it/s]
Extract:  40%|####      | 232/578 [00:43<00:57,  5.98it/s]
Extract:  40%|####      | 234/578 [00:43<00:49,  7.00it/s]
Extract:  41%|####      | 235/578 [00:43<00:46,  7.42it/s]
Extract:  41%|####      | 236/578 [00:44<01:10,  4.84it/s]
Extract:  41%|####1     | 237/578 [00:44<01:25,  3.97it/s]
Extract:  41%|####1     | 239/578 [00:44<00:57,  5.86it/s]
Extract:  42%|####1     | 240/578 [00:44<00:55,  6.11it/s]
Extract:  42%|####1     | 242/578 [00:44<00:41,  8.10it/s]
Extract:  42%|####2     | 244/578 [00:45<01:09,  4.82it/s]
Extract:  42%|####2     | 245/578 [00:45<01:03,  5.27it/s]
Extract:  43%|####2     | 247/578 [00:46<01:01,  5.37it/s]
Extract:  43%|####2     | 248/578 [00:46<01:10,  4.67it/s]
Extract:  43%|####3     | 249/578 [00:46<01:05,  5.00it/s]
Extract:  43%|####3     | 250/578 [00:46<00:59,  5.47it/s]
Extract:  43%|####3     | 251/578 [00:46<00:58,  5.59it/s]
Extract:  44%|####3     | 253/578 [00:47<00:43,  7.44it/s]
Extract:  44%|####4     | 255/578 [00:47<00:48,  6.63it/s]
Extract:  44%|####4     | 256/578 [00:47<01:08,  4.68it/s]
Extract:  45%|####4     | 258/578 [00:48<00:53,  6.02it/s]
Extract:  45%|####4     | 259/578 [00:48<00:48,  6.54it/s]
Extract:  45%|####5     | 261/578 [00:48<00:41,  7.62it/s]
Extract:  45%|####5     | 262/578 [00:48<00:55,  5.69it/s]
Extract:  46%|####5     | 263/578 [00:49<01:33,  3.36it/s]
Extract:  46%|####5     | 265/578 [00:49<01:20,  3.90it/s]
Extract:  46%|####6     | 266/578 [00:49<01:17,  4.01it/s]
Extract:  46%|####6     | 267/578 [00:50<01:28,  3.52it/s]
Extract:  46%|####6     | 268/578 [00:50<01:14,  4.15it/s]
Extract:  47%|####6     | 269/578 [00:50<01:24,  3.65it/s]
Extract:  47%|####7     | 272/578 [00:50<00:44,  6.85it/s]
Extract:  47%|####7     | 274/578 [00:51<01:22,  3.68it/s]
Extract:  48%|####7     | 275/578 [00:52<01:30,  3.35it/s]
Extract:  48%|####7     | 276/578 [00:52<01:40,  3.02it/s]
Extract:  48%|####7     | 277/578 [00:52<01:27,  3.45it/s]
Extract:  48%|####8     | 280/578 [00:53<01:06,  4.45it/s]
Extract:  49%|####8     | 282/578 [00:53<00:52,  5.63it/s]
Extract:  49%|####8     | 283/578 [00:53<00:56,  5.23it/s]
Extract:  49%|####9     | 285/578 [00:54<00:51,  5.69it/s]
Extract:  49%|####9     | 286/578 [00:54<00:53,  5.43it/s]
Extract:  50%|####9     | 287/578 [00:54<00:50,  5.72it/s]
Extract:  50%|####9     | 288/578 [00:54<00:48,  5.97it/s]
Extract:  50%|#####     | 289/578 [00:54<00:59,  4.88it/s]
Extract:  50%|#####     | 290/578 [00:55<01:25,  3.36it/s]
Extract:  50%|#####     | 291/578 [00:55<01:11,  4.01it/s]
Extract:  51%|#####     | 293/578 [00:55<00:49,  5.72it/s]
Extract:  51%|#####     | 294/578 [00:56<00:54,  5.21it/s]
Extract:  51%|#####1    | 295/578 [00:56<01:29,  3.17it/s]
Extract:  51%|#####1    | 296/578 [00:56<01:16,  3.71it/s]
Extract:  51%|#####1    | 297/578 [00:57<01:44,  2.69it/s]
Extract:  52%|#####1    | 299/578 [00:57<01:05,  4.25it/s]
Extract:  52%|#####2    | 301/578 [00:57<00:57,  4.79it/s]
Extract:  52%|#####2    | 303/578 [00:58<00:42,  6.48it/s]
Extract:  53%|#####2    | 305/578 [00:58<00:59,  4.58it/s]
Extract:  53%|#####3    | 307/578 [00:59<01:00,  4.51it/s]
Extract:  53%|#####3    | 308/578 [00:59<01:01,  4.38it/s]
Extract:  53%|#####3    | 309/578 [00:59<01:09,  3.89it/s]
Extract:  54%|#####3    | 310/578 [01:00<01:01,  4.39it/s]
Extract:  54%|#####3    | 311/578 [01:00<01:23,  3.18it/s]
Extract:  54%|#####3    | 312/578 [01:00<01:25,  3.12it/s]
Extract:  54%|#####4    | 313/578 [01:01<01:09,  3.81it/s]
Extract:  54%|#####4    | 314/578 [01:01<01:09,  3.78it/s]
Extract:  55%|#####4    | 316/578 [01:01<00:54,  4.85it/s]
Extract:  55%|#####5    | 318/578 [01:01<00:48,  5.39it/s]
Extract:  55%|#####5    | 319/578 [01:01<00:44,  5.81it/s]
Extract:  55%|#####5    | 320/578 [01:02<00:51,  5.01it/s]
Extract:  56%|#####5    | 322/578 [01:02<00:45,  5.66it/s]
Extract:  56%|#####5    | 323/578 [01:02<00:41,  6.16it/s]
Extract:  56%|#####6    | 326/578 [01:02<00:32,  7.79it/s]
Extract:  57%|#####6    | 328/578 [01:03<00:32,  7.76it/s]
Extract:  57%|#####7    | 330/578 [01:03<00:28,  8.59it/s]
Extract:  57%|#####7    | 331/578 [01:03<00:30,  8.07it/s]
Extract:  57%|#####7    | 332/578 [01:04<00:50,  4.92it/s]
Extract:  58%|#####7    | 335/578 [01:04<00:33,  7.32it/s]
Extract:  58%|#####8    | 337/578 [01:04<00:28,  8.53it/s]
Extract:  59%|#####8    | 339/578 [01:04<00:26,  8.98it/s]
Extract:  59%|#####8    | 341/578 [01:04<00:25,  9.43it/s]
Extract:  59%|#####9    | 343/578 [01:04<00:24,  9.71it/s]
Extract:  60%|#####9    | 345/578 [01:05<00:31,  7.29it/s]
Extract:  60%|######    | 347/578 [01:05<00:27,  8.35it/s]
Extract:  60%|######    | 349/578 [01:06<00:36,  6.27it/s]
Extract:  61%|######    | 350/578 [01:06<00:34,  6.53it/s]
Extract:  61%|######    | 351/578 [01:06<00:45,  4.98it/s]
Extract:  61%|######1   | 353/578 [01:06<00:36,  6.19it/s]
Extract:  62%|######1   | 356/578 [01:07<00:42,  5.18it/s]
Extract:  62%|######1   | 357/578 [01:07<00:44,  4.99it/s]
Extract:  62%|######2   | 359/578 [01:07<00:37,  5.88it/s]
Extract:  62%|######2   | 360/578 [01:08<00:37,  5.75it/s]
Extract:  63%|######2   | 362/578 [01:08<00:39,  5.50it/s]
Extract:  63%|######2   | 364/578 [01:08<00:31,  6.85it/s]
Extract:  63%|######3   | 365/578 [01:08<00:33,  6.43it/s]
Extract:  63%|######3   | 366/578 [01:08<00:32,  6.52it/s]
Extract:  63%|######3   | 367/578 [01:09<00:51,  4.10it/s]
Extract:  64%|######3   | 368/578 [01:09<00:50,  4.14it/s]
Extract:  64%|######3   | 369/578 [01:10<01:02,  3.34it/s]
Extract:  65%|######4   | 373/578 [01:10<00:34,  6.02it/s]
Extract:  65%|######4   | 375/578 [01:10<00:27,  7.43it/s]
Extract:  65%|######5   | 376/578 [01:10<00:27,  7.24it/s]
Extract:  65%|######5   | 377/578 [01:10<00:28,  7.17it/s]
Extract:  66%|######5   | 379/578 [01:11<00:30,  6.48it/s]
Extract:  66%|######5   | 380/578 [01:11<00:32,  6.04it/s]
Extract:  66%|######5   | 381/578 [01:11<00:30,  6.40it/s]
Extract:  66%|######6   | 382/578 [01:12<00:41,  4.69it/s]
Extract:  66%|######6   | 383/578 [01:12<00:36,  5.29it/s]
Extract:  66%|######6   | 384/578 [01:12<00:43,  4.49it/s]
Extract:  67%|######6   | 386/578 [01:12<00:31,  6.12it/s]
Extract:  67%|######6   | 387/578 [01:12<00:32,  5.85it/s]
Extract:  67%|######7   | 390/578 [01:13<00:21,  8.71it/s]
Extract:  68%|######7   | 391/578 [01:13<00:21,  8.88it/s]
Extract:  68%|######7   | 392/578 [01:13<00:21,  8.70it/s]
Extract:  68%|######7   | 393/578 [01:13<00:25,  7.33it/s]
Extract:  68%|######8   | 394/578 [01:13<00:25,  7.20it/s]
Extract:  68%|######8   | 395/578 [01:13<00:27,  6.77it/s]
Extract:  69%|######8   | 397/578 [01:13<00:23,  7.58it/s]
Extract:  69%|######9   | 399/578 [01:14<00:21,  8.37it/s]
Extract:  69%|######9   | 401/578 [01:14<00:18,  9.83it/s]
Extract:  70%|######9   | 403/578 [01:14<00:17,  9.97it/s]
Extract:  70%|#######   | 405/578 [01:14<00:17,  9.92it/s]
Extract:  70%|#######   | 407/578 [01:15<00:27,  6.26it/s]
Extract:  71%|#######   | 408/578 [01:15<00:40,  4.15it/s]
Extract:  71%|#######   | 410/578 [01:16<00:32,  5.10it/s]
Extract:  71%|#######1  | 412/578 [01:16<00:26,  6.24it/s]
Extract:  71%|#######1  | 413/578 [01:16<00:29,  5.54it/s]
Extract:  72%|#######1  | 415/578 [01:16<00:23,  6.99it/s]
Extract:  72%|#######1  | 416/578 [01:16<00:23,  6.86it/s]
Extract:  72%|#######2  | 418/578 [01:17<00:31,  5.10it/s]
Extract:  72%|#######2  | 419/578 [01:17<00:31,  5.08it/s]
Extract:  73%|#######2  | 421/578 [01:18<00:33,  4.63it/s]
Extract:  73%|#######3  | 424/578 [01:18<00:24,  6.28it/s]
Extract:  74%|#######3  | 425/578 [01:18<00:31,  4.92it/s]
Extract:  74%|#######3  | 426/578 [01:18<00:29,  5.13it/s]
Extract:  74%|#######3  | 427/578 [01:19<00:41,  3.66it/s]
Extract:  74%|#######4  | 428/578 [01:20<00:50,  2.95it/s]
Extract:  74%|#######4  | 429/578 [01:20<00:54,  2.73it/s]
Extract:  75%|#######4  | 431/578 [01:20<00:36,  4.03it/s]
Extract:  75%|#######4  | 432/578 [01:20<00:33,  4.35it/s]
Extract:  75%|#######5  | 434/578 [01:21<00:35,  4.08it/s]
Extract:  75%|#######5  | 435/578 [01:21<00:31,  4.49it/s]
Extract:  76%|#######5  | 437/578 [01:21<00:25,  5.64it/s]
Extract:  76%|#######5  | 438/578 [01:21<00:24,  5.83it/s]
Extract:  76%|#######5  | 439/578 [01:22<00:26,  5.24it/s]
Extract:  76%|#######6  | 440/578 [01:22<00:32,  4.31it/s]
Extract:  76%|#######6  | 441/578 [01:22<00:39,  3.50it/s]
Extract:  76%|#######6  | 442/578 [01:23<00:32,  4.20it/s]
Extract:  77%|#######6  | 444/578 [01:23<00:23,  5.67it/s]
Extract:  77%|#######6  | 445/578 [01:23<00:32,  4.06it/s]
Extract:  77%|#######7  | 447/578 [01:23<00:22,  5.88it/s]
Extract:  78%|#######7  | 449/578 [01:23<00:16,  7.62it/s]
Extract:  78%|#######8  | 451/578 [01:25<00:34,  3.73it/s]
Extract:  78%|#######8  | 452/578 [01:25<00:30,  4.10it/s]
Extract:  79%|#######8  | 454/578 [01:25<00:24,  5.00it/s]
Extract:  79%|#######8  | 455/578 [01:25<00:22,  5.57it/s]
Extract:  79%|#######9  | 457/578 [01:25<00:16,  7.42it/s]
Extract:  79%|#######9  | 459/578 [01:26<00:22,  5.37it/s]
Extract:  80%|#######9  | 461/578 [01:26<00:17,  6.57it/s]
Extract:  80%|########  | 463/578 [01:26<00:19,  5.97it/s]
Extract:  80%|########  | 465/578 [01:26<00:14,  7.61it/s]
Extract:  81%|########  | 467/578 [01:27<00:18,  5.97it/s]
Extract:  81%|########  | 468/578 [01:28<00:29,  3.72it/s]
Extract:  81%|########1 | 470/578 [01:28<00:24,  4.37it/s]
Extract:  81%|########1 | 471/578 [01:28<00:25,  4.12it/s]
Extract:  82%|########1 | 472/578 [01:28<00:26,  4.02it/s]
Extract:  82%|########1 | 473/578 [01:29<00:22,  4.62it/s]
Extract:  82%|########2 | 474/578 [01:29<00:21,  4.86it/s]
Extract:  82%|########2 | 475/578 [01:29<00:18,  5.59it/s]
Extract:  82%|########2 | 476/578 [01:29<00:24,  4.20it/s]
Extract:  83%|########2 | 477/578 [01:29<00:20,  4.98it/s]
Extract:  83%|########2 | 479/578 [01:30<00:14,  6.65it/s]
Extract:  83%|########3 | 481/578 [01:30<00:13,  7.19it/s]
Extract:  84%|########3 | 483/578 [01:30<00:10,  8.69it/s]
Extract:  84%|########3 | 485/578 [01:30<00:08, 10.55it/s]
Extract:  84%|########4 | 487/578 [01:30<00:08, 10.22it/s]
Extract:  85%|########4 | 489/578 [01:31<00:13,  6.43it/s]
Extract:  85%|########4 | 490/578 [01:31<00:13,  6.60it/s]
Extract:  85%|########4 | 491/578 [01:31<00:14,  6.17it/s]
Extract:  85%|########5 | 492/578 [01:31<00:14,  5.75it/s]
Extract:  85%|########5 | 493/578 [01:31<00:13,  6.09it/s]
Extract:  85%|########5 | 494/578 [01:32<00:13,  6.11it/s]
Extract:  86%|########5 | 497/578 [01:32<00:08, 10.00it/s]
Extract:  86%|########6 | 499/578 [01:33<00:18,  4.37it/s]
Extract:  87%|########6 | 501/578 [01:33<00:13,  5.66it/s]
Extract:  87%|########7 | 504/578 [01:33<00:10,  6.80it/s]
Extract:  88%|########7 | 506/578 [01:34<00:11,  6.24it/s]
Extract:  88%|########7 | 508/578 [01:34<00:10,  6.92it/s]
Extract:  88%|########8 | 510/578 [01:34<00:09,  7.48it/s]
Extract:  89%|########8 | 512/578 [01:34<00:08,  7.84it/s]
Extract:  89%|########9 | 515/578 [01:35<00:07,  8.70it/s]
Extract:  89%|########9 | 516/578 [01:35<00:10,  6.03it/s]
Extract:  89%|########9 | 517/578 [01:35<00:10,  5.70it/s]
Extract:  90%|########9 | 519/578 [01:35<00:09,  6.09it/s]
Extract:  90%|######### | 521/578 [01:36<00:07,  7.65it/s]
Extract:  90%|######### | 522/578 [01:36<00:07,  7.92it/s]
Extract:  90%|######### | 523/578 [01:36<00:07,  7.37it/s]
Extract:  91%|######### | 524/578 [01:36<00:07,  7.60it/s]
Extract:  91%|#########1| 526/578 [01:37<00:09,  5.21it/s]
Extract:  91%|#########1| 528/578 [01:37<00:07,  6.78it/s]
Extract:  92%|#########1| 529/578 [01:37<00:06,  7.25it/s]
Extract:  92%|#########1| 530/578 [01:37<00:06,  7.48it/s]
Extract:  92%|#########2| 532/578 [01:37<00:05,  8.14it/s]
Extract:  92%|#########2| 534/578 [01:37<00:05,  7.95it/s]
Extract:  93%|#########2| 535/578 [01:37<00:05,  8.20it/s]
Extract:  93%|#########2| 537/578 [01:38<00:07,  5.68it/s]
Extract:  93%|#########3| 538/578 [01:38<00:07,  5.31it/s]
Extract:  93%|#########3| 540/578 [01:39<00:07,  5.33it/s]
Extract:  94%|#########3| 541/578 [01:39<00:06,  5.44it/s]
Extract:  94%|#########3| 543/578 [01:39<00:05,  6.28it/s]
Extract:  94%|#########4| 546/578 [01:40<00:05,  6.08it/s]
Extract:  95%|#########4| 547/578 [01:40<00:06,  4.74it/s]
Extract:  95%|#########5| 550/578 [01:40<00:03,  7.33it/s]
Extract:  96%|#########5| 553/578 [01:41<00:03,  7.14it/s]
Extract:  96%|#########6| 555/578 [01:41<00:05,  4.47it/s]
Extract:  96%|#########6| 556/578 [01:42<00:05,  4.30it/s]
Extract:  96%|#########6| 557/578 [01:42<00:05,  4.13it/s]
Extract:  97%|#########6| 559/578 [01:42<00:03,  5.55it/s]
Extract:  97%|#########6| 560/578 [01:43<00:05,  3.17it/s]
Extract:  97%|#########7| 561/578 [01:43<00:04,  3.49it/s]
Extract:  98%|#########7| 564/578 [01:44<00:03,  4.06it/s]
Extract:  98%|#########7| 565/578 [01:44<00:03,  3.40it/s]
Extract:  98%|#########7| 566/578 [01:44<00:03,  3.82it/s]
Extract:  98%|#########8| 567/578 [01:45<00:02,  3.98it/s]
Extract:  98%|#########8| 568/578 [01:45<00:03,  3.22it/s]
Extract:  99%|#########8| 570/578 [01:45<00:01,  4.66it/s]
Extract:  99%|#########8| 572/578 [01:45<00:01,  5.82it/s]
Extract:  99%|#########9| 574/578 [01:46<00:00,  7.39it/s]
Extract:  99%|#########9| 575/578 [01:46<00:00,  6.72it/s]
Extract: 100%|#########9| 576/578 [01:46<00:00,  4.45it/s]
Extract: 100%|##########| 578/578 [01:46<00:00,  5.41it/s]

Extract:   0%|          | 0/578 [00:00<?, ?it/s]
Extract:   0%|          | 2/578 [00:00<00:42, 13.52it/s]
Extract:   1%|          | 4/578 [00:00<01:52,  5.12it/s]
Extract:   1%|          | 5/578 [00:00<01:47,  5.33it/s]
Extract:   1%|1         | 6/578 [00:01<01:42,  5.55it/s]
Extract:   1%|1         | 7/578 [00:01<01:55,  4.96it/s]
Extract:   1%|1         | 8/578 [00:01<02:02,  4.65it/s]
Extract:   2%|1         | 9/578 [00:01<02:03,  4.59it/s]
Extract:   2%|1         | 10/578 [00:01<02:01,  4.67it/s]
Extract:   2%|1         | 11/578 [00:02<01:57,  4.83it/s]
Extract:   2%|2         | 12/578 [00:02<02:29,  3.79it/s]
Extract:   2%|2         | 13/578 [00:02<02:06,  4.46it/s]
Extract:   2%|2         | 14/578 [00:03<02:29,  3.78it/s]
Extract:   3%|2         | 15/578 [00:03<03:16,  2.87it/s]
Extract:   3%|2         | 16/578 [00:03<02:45,  3.39it/s]
Extract:   3%|3         | 18/578 [00:03<01:45,  5.33it/s]
Extract:   3%|3         | 20/578 [00:04<01:19,  7.01it/s]
Extract:   4%|3         | 21/578 [00:04<02:01,  4.59it/s]
Extract:   4%|3         | 22/578 [00:04<01:59,  4.66it/s]
Extract:   4%|3         | 23/578 [00:05<02:09,  4.28it/s]
Extract:   4%|4         | 24/578 [00:05<01:57,  4.73it/s]
Extract:   4%|4         | 26/578 [00:05<01:24,  6.54it/s]
Extract:   5%|4         | 27/578 [00:05<02:22,  3.86it/s]
Extract:   5%|5         | 29/578 [00:06<01:48,  5.04it/s]
Extract:   5%|5         | 30/578 [00:06<01:49,  5.00it/s]
Extract:   5%|5         | 31/578 [00:06<01:56,  4.68it/s]
Extract:   6%|5         | 33/578 [00:06<01:21,  6.67it/s]
Extract:   6%|6         | 35/578 [00:06<01:05,  8.31it/s]
Extract:   6%|6         | 37/578 [00:07<01:02,  8.62it/s]
Extract:   7%|6         | 39/578 [00:07<00:54,  9.93it/s]
Extract:   7%|7         | 41/578 [00:07<00:52, 10.17it/s]
Extract:   7%|7         | 43/578 [00:08<02:03,  4.32it/s]
Extract:   8%|7         | 45/578 [00:08<01:33,  5.69it/s]
Extract:   8%|8         | 47/578 [00:08<01:24,  6.31it/s]
Extract:   9%|8         | 50/578 [00:09<01:22,  6.41it/s]
Extract:   9%|8         | 51/578 [00:09<01:39,  5.29it/s]
Extract:   9%|8         | 52/578 [00:09<01:54,  4.61it/s]
Extract:   9%|9         | 54/578 [00:10<01:41,  5.15it/s]
Extract:  10%|9         | 55/578 [00:10<01:50,  4.73it/s]
Extract:  10%|9         | 56/578 [00:10<01:40,  5.17it/s]
Extract:  10%|#         | 58/578 [00:10<01:36,  5.41it/s]
Extract:  10%|#         | 59/578 [00:11<01:43,  5.02it/s]
Extract:  10%|#         | 60/578 [00:11<02:07,  4.05it/s]
Extract:  11%|#         | 61/578 [00:12<02:21,  3.64it/s]
Extract:  11%|#         | 62/578 [00:12<02:09,  4.00it/s]
Extract:  11%|#1        | 64/578 [00:12<01:49,  4.71it/s]
Extract:  11%|#1        | 65/578 [00:12<02:10,  3.93it/s]
Extract:  11%|#1        | 66/578 [00:13<01:51,  4.59it/s]
Extract:  12%|#1        | 67/578 [00:13<02:36,  3.27it/s]
Extract:  12%|#1        | 69/578 [00:13<01:58,  4.30it/s]
Extract:  12%|#2        | 71/578 [00:14<01:34,  5.35it/s]
Extract:  12%|#2        | 72/578 [00:14<01:29,  5.62it/s]
Extract:  13%|#2        | 73/578 [00:14<02:26,  3.45it/s]
Extract:  13%|#2        | 75/578 [00:15<01:43,  4.87it/s]
Extract:  13%|#3        | 76/578 [00:15<01:42,  4.88it/s]
Extract:  13%|#3        | 77/578 [00:15<02:15,  3.68it/s]
Extract:  14%|#3        | 79/578 [00:15<01:31,  5.46it/s]
Extract:  14%|#3        | 80/578 [00:15<01:24,  5.93it/s]
Extract:  14%|#4        | 81/578 [00:16<01:15,  6.56it/s]
Extract:  14%|#4        | 82/578 [00:16<01:08,  7.19it/s]
Extract:  14%|#4        | 83/578 [00:16<01:11,  6.88it/s]
Extract:  15%|#4        | 84/578 [00:16<02:03,  3.99it/s]
Extract:  15%|#4        | 85/578 [00:16<01:43,  4.74it/s]
Extract:  15%|#4        | 86/578 [00:17<01:53,  4.34it/s]
Extract:  15%|#5        | 88/578 [00:17<01:18,  6.26it/s]
Extract:  15%|#5        | 89/578 [00:17<02:05,  3.90it/s]
Extract:  16%|#5        | 90/578 [00:18<01:58,  4.12it/s]
Extract:  16%|#5        | 91/578 [00:18<02:38,  3.08it/s]
Extract:  16%|#5        | 92/578 [00:19<03:13,  2.51it/s]
Extract:  16%|#6        | 94/578 [00:19<02:42,  2.98it/s]
Extract:  17%|#6        | 96/578 [00:20<02:37,  3.07it/s]
Extract:  17%|#6        | 97/578 [00:20<02:16,  3.52it/s]
Extract:  17%|#6        | 98/578 [00:20<02:13,  3.61it/s]
Extract:  17%|#7        | 99/578 [00:20<01:52,  4.26it/s]
Extract:  17%|#7        | 100/578 [00:21<01:55,  4.14it/s]
Extract:  17%|#7        | 101/578 [00:21<01:53,  4.22it/s]
Extract:  18%|#7        | 103/578 [00:21<01:17,  6.12it/s]
Extract:  18%|#8        | 105/578 [00:21<01:27,  5.40it/s]
Extract:  18%|#8        | 106/578 [00:22<01:24,  5.56it/s]
Extract:  19%|#8        | 107/578 [00:23<03:05,  2.54it/s]
Extract:  19%|#8        | 108/578 [00:23<02:48,  2.79it/s]
Extract:  19%|#9        | 110/578 [00:23<02:01,  3.86it/s]
Extract:  19%|#9        | 111/578 [00:23<01:52,  4.15it/s]
Extract:  20%|#9        | 113/578 [00:24<01:20,  5.79it/s]
Extract:  20%|#9        | 114/578 [00:24<01:13,  6.31it/s]
Extract:  20%|#9        | 115/578 [00:24<01:08,  6.77it/s]
Extract:  20%|##        | 116/578 [00:24<01:17,  5.98it/s]
Extract:  20%|##        | 117/578 [00:24<01:39,  4.62it/s]
Extract:  21%|##        | 120/578 [00:25<01:28,  5.15it/s]
Extract:  21%|##        | 121/578 [00:25<02:05,  3.63it/s]
Extract:  21%|##1       | 123/578 [00:26<01:30,  5.02it/s]
Extract:  22%|##1       | 125/578 [00:26<01:38,  4.59it/s]
Extract:  22%|##1       | 126/578 [00:26<01:34,  4.77it/s]
Extract:  22%|##2       | 128/578 [00:26<01:15,  5.92it/s]
Extract:  22%|##2       | 130/578 [00:27<01:20,  5.59it/s]
Extract:  23%|##2       | 131/578 [00:27<01:39,  4.47it/s]
Extract:  23%|##2       | 132/578 [00:27<01:32,  4.84it/s]
Extract:  23%|##3       | 133/578 [00:28<01:32,  4.80it/s]
Extract:  23%|##3       | 134/578 [00:28<01:34,  4.68it/s]
Extract:  23%|##3       | 135/578 [00:28<01:22,  5.39it/s]
Extract:  24%|##3       | 137/578 [00:28<01:24,  5.24it/s]
Extract:  24%|##3       | 138/578 [00:29<01:35,  4.59it/s]
Extract:  24%|##4       | 139/578 [00:29<01:38,  4.46it/s]
Extract:  25%|##4       | 142/578 [00:29<00:55,  7.88it/s]
Extract:  25%|##5       | 146/578 [00:29<00:46,  9.20it/s]
Extract:  26%|##5       | 148/578 [00:30<00:56,  7.56it/s]
Extract:  26%|##5       | 149/578 [00:30<01:19,  5.38it/s]
Extract:  26%|##5       | 150/578 [00:30<01:15,  5.65it/s]
Extract:  26%|##6       | 153/578 [00:31<01:18,  5.38it/s]
Extract:  27%|##6       | 155/578 [00:31<01:22,  5.14it/s]
Extract:  27%|##7       | 157/578 [00:32<01:05,  6.40it/s]
Extract:  28%|##7       | 159/578 [00:32<00:56,  7.47it/s]
Extract:  28%|##7       | 160/578 [00:32<01:04,  6.46it/s]
Extract:  28%|##8       | 162/578 [00:32<00:50,  8.28it/s]
Extract:  28%|##8       | 164/578 [00:33<01:24,  4.90it/s]
Extract:  29%|##8       | 165/578 [00:33<01:18,  5.27it/s]
Extract:  29%|##8       | 166/578 [00:33<01:11,  5.76it/s]
Extract:  29%|##8       | 167/578 [00:33<01:34,  4.36it/s]
Extract:  29%|##9       | 168/578 [00:34<01:22,  4.96it/s]
Extract:  29%|##9       | 169/578 [00:34<01:11,  5.70it/s]
Extract:  29%|##9       | 170/578 [00:34<01:06,  6.15it/s]
Extract:  30%|##9       | 172/578 [00:34<01:03,  6.41it/s]
Extract:  30%|##9       | 173/578 [00:35<01:36,  4.20it/s]
Extract:  30%|###       | 174/578 [00:35<01:25,  4.73it/s]
Extract:  30%|###       | 175/578 [00:35<01:13,  5.47it/s]
Extract:  31%|###       | 177/578 [00:35<01:26,  4.63it/s]
Extract:  31%|###       | 178/578 [00:36<01:29,  4.49it/s]
Extract:  31%|###       | 179/578 [00:36<01:17,  5.16it/s]
Extract:  31%|###1      | 180/578 [00:36<01:26,  4.61it/s]
Extract:  31%|###1      | 181/578 [00:36<01:45,  3.78it/s]
Extract:  31%|###1      | 182/578 [00:37<01:36,  4.09it/s]
Extract:  32%|###1      | 184/578 [00:37<01:21,  4.86it/s]
Extract:  32%|###2      | 185/578 [00:37<01:34,  4.16it/s]
Extract:  32%|###2      | 186/578 [00:37<01:26,  4.55it/s]
Extract:  33%|###2      | 188/578 [00:38<01:02,  6.20it/s]
Extract:  33%|###2      | 189/578 [00:38<01:36,  4.04it/s]
Extract:  33%|###3      | 191/578 [00:38<01:23,  4.65it/s]
Extract:  33%|###3      | 192/578 [00:39<01:14,  5.16it/s]
Extract:  33%|###3      | 193/578 [00:39<01:15,  5.09it/s]
Extract:  34%|###3      | 194/578 [00:39<01:06,  5.76it/s]
Extract:  34%|###4      | 197/578 [00:39<01:13,  5.22it/s]
Extract:  34%|###4      | 198/578 [00:40<01:10,  5.42it/s]
Extract:  35%|###4      | 201/578 [00:40<01:06,  5.70it/s]
Extract:  35%|###4      | 202/578 [00:40<01:04,  5.80it/s]
Extract:  35%|###5      | 203/578 [00:41<01:38,  3.80it/s]
Extract:  36%|###5      | 206/578 [00:41<01:05,  5.72it/s]
Extract:  36%|###5      | 207/578 [00:41<01:12,  5.10it/s]
Extract:  36%|###6      | 209/578 [00:42<00:57,  6.41it/s]
Extract:  36%|###6      | 210/578 [00:42<00:58,  6.32it/s]
Extract:  37%|###6      | 212/578 [00:42<01:06,  5.53it/s]
Extract:  37%|###6      | 213/578 [00:42<01:01,  5.93it/s]
Extract:  37%|###7      | 215/578 [00:43<01:04,  5.62it/s]
Extract:  38%|###7      | 217/578 [00:43<00:55,  6.53it/s]
Extract:  38%|###8      | 220/578 [00:43<00:39,  8.99it/s]
Extract:  38%|###8      | 222/578 [00:43<00:33, 10.51it/s]
Extract:  39%|###8      | 224/578 [00:43<00:33, 10.61it/s]
Extract:  39%|###9      | 226/578 [00:44<01:06,  5.33it/s]
Extract:  39%|###9      | 227/578 [00:44<01:03,  5.52it/s]
Extract:  40%|###9      | 229/578 [00:45<00:57,  6.04it/s]
Extract:  40%|###9      | 230/578 [00:45<01:12,  4.78it/s]
Extract:  40%|###9      | 231/578 [00:45<01:18,  4.39it/s]
Extract:  40%|####      | 232/578 [00:45<01:12,  4.76it/s]
Extract:  40%|####      | 233/578 [00:46<01:04,  5.33it/s]
Extract:  40%|####      | 234/578 [00:46<01:01,  5.58it/s]
Extract:  41%|####      | 235/578 [00:46<00:58,  5.91it/s]
Extract:  41%|####      | 236/578 [00:46<01:31,  3.74it/s]
Extract:  41%|####1     | 237/578 [00:47<01:49,  3.11it/s]
Extract:  41%|####1     | 239/578 [00:47<01:11,  4.75it/s]
Extract:  42%|####1     | 240/578 [00:47<01:07,  5.04it/s]
Extract:  42%|####1     | 242/578 [00:47<00:47,  7.01it/s]
Extract:  42%|####2     | 244/578 [00:48<01:02,  5.30it/s]
Extract:  42%|####2     | 245/578 [00:48<01:11,  4.69it/s]
Extract:  43%|####2     | 247/578 [00:48<01:04,  5.11it/s]
Extract:  43%|####2     | 248/578 [00:49<01:12,  4.54it/s]
Extract:  43%|####3     | 249/578 [00:49<01:07,  4.84it/s]
Extract:  43%|####3     | 250/578 [00:49<01:01,  5.35it/s]
Extract:  43%|####3     | 251/578 [00:49<00:58,  5.63it/s]
Extract:  44%|####3     | 253/578 [00:49<00:42,  7.56it/s]
Extract:  44%|####4     | 255/578 [00:50<00:45,  7.04it/s]
Extract:  44%|####4     | 256/578 [00:50<01:06,  4.87it/s]
Extract:  45%|####4     | 258/578 [00:50<00:52,  6.07it/s]
Extract:  45%|####4     | 259/578 [00:50<00:50,  6.36it/s]
Extract:  45%|####4     | 260/578 [00:51<00:46,  6.82it/s]
Extract:  45%|####5     | 261/578 [00:51<00:43,  7.36it/s]
Extract:  45%|####5     | 262/578 [00:51<01:01,  5.12it/s]
Extract:  46%|####5     | 263/578 [00:52<01:32,  3.39it/s]
Extract:  46%|####5     | 265/578 [00:52<01:17,  4.02it/s]
Extract:  46%|####6     | 266/578 [00:52<01:31,  3.40it/s]
Extract:  46%|####6     | 267/578 [00:53<01:44,  2.98it/s]
Extract:  46%|####6     | 268/578 [00:53<01:26,  3.59it/s]
Extract:  47%|####6     | 269/578 [00:53<01:45,  2.92it/s]
Extract:  47%|####6     | 271/578 [00:54<01:06,  4.59it/s]
Extract:  47%|####7     | 273/578 [00:54<01:18,  3.89it/s]
Extract:  47%|####7     | 274/578 [00:55<01:37,  3.11it/s]
Extract:  48%|####7     | 275/578 [00:55<01:40,  3.03it/s]
Extract:  48%|####7     | 276/578 [00:55<01:29,  3.39it/s]
Extract:  48%|####7     | 277/578 [00:55<01:15,  4.00it/s]
Extract:  48%|####8     | 280/578 [00:56<00:58,  5.09it/s]
Extract:  49%|####8     | 282/578 [00:56<00:47,  6.29it/s]
Extract:  49%|####8     | 283/578 [00:57<01:08,  4.30it/s]
Extract:  49%|####9     | 285/578 [00:57<00:58,  5.00it/s]
Extract:  49%|####9     | 286/578 [00:57<00:57,  5.08it/s]
Extract:  50%|####9     | 287/578 [00:57<00:52,  5.49it/s]
Extract:  50%|####9     | 288/578 [00:57<00:48,  6.00it/s]
Extract:  50%|#####     | 289/578 [00:58<00:50,  5.71it/s]
Extract:  50%|#####     | 290/578 [00:58<01:09,  4.13it/s]
Extract:  51%|#####     | 292/578 [00:58<00:45,  6.26it/s]
Extract:  51%|#####     | 294/578 [00:58<00:34,  8.25it/s]
Extract:  51%|#####1    | 296/578 [00:59<00:50,  5.61it/s]
Extract:  51%|#####1    | 297/578 [00:59<01:05,  4.30it/s]
Extract:  52%|#####1    | 299/578 [00:59<00:48,  5.71it/s]
Extract:  52%|#####2    | 301/578 [01:00<00:46,  6.01it/s]
Extract:  53%|#####2    | 304/578 [01:00<00:56,  4.88it/s]
Extract:  53%|#####2    | 305/578 [01:01<00:53,  5.13it/s]
Extract:  53%|#####3    | 307/578 [01:01<00:53,  5.03it/s]
Extract:  53%|#####3    | 308/578 [01:01<00:58,  4.64it/s]
Extract:  53%|#####3    | 309/578 [01:02<01:12,  3.73it/s]
Extract:  54%|#####3    | 310/578 [01:02<01:08,  3.92it/s]
Extract:  54%|#####3    | 311/578 [01:02<01:21,  3.28it/s]
Extract:  54%|#####3    | 312/578 [01:03<01:31,  2.90it/s]
Extract:  54%|#####4    | 313/578 [01:03<01:14,  3.55it/s]
Extract:  54%|#####4    | 314/578 [01:03<01:12,  3.62it/s]
Extract:  55%|#####4    | 316/578 [01:04<01:05,  3.97it/s]
Extract:  55%|#####5    | 318/578 [01:04<01:20,  3.25it/s]
Extract:  55%|#####5    | 319/578 [01:05<01:17,  3.35it/s]
Extract:  55%|#####5    | 320/578 [01:05<01:24,  3.05it/s]
Extract:  56%|#####5    | 322/578 [01:05<01:07,  3.80it/s]
Extract:  56%|#####5    | 323/578 [01:06<01:00,  4.23it/s]
Extract:  56%|#####6    | 325/578 [01:06<00:42,  5.94it/s]
Extract:  56%|#####6    | 326/578 [01:06<00:44,  5.67it/s]
Extract:  57%|#####6    | 328/578 [01:06<00:37,  6.71it/s]
Extract:  57%|#####7    | 330/578 [01:06<00:28,  8.62it/s]
Extract:  57%|#####7    | 332/578 [01:07<00:33,  7.44it/s]
Extract:  58%|#####7    | 334/578 [01:07<00:26,  9.32it/s]
Extract:  58%|#####8    | 336/578 [01:07<00:21, 11.09it/s]
Extract:  58%|#####8    | 338/578 [01:07<00:21, 11.29it/s]
Extract:  59%|#####8    | 340/578 [01:07<00:26,  9.03it/s]
Extract:  59%|#####9    | 342/578 [01:08<00:31,  7.43it/s]
Extract:  60%|#####9    | 344/578 [01:08<00:35,  6.63it/s]
Extract:  60%|#####9    | 345/578 [01:08<00:33,  7.04it/s]
Extract:  60%|######    | 347/578 [01:08<00:28,  8.22it/s]
Extract:  60%|######    | 349/578 [01:09<00:43,  5.22it/s]
Extract:  61%|######    | 350/578 [01:09<00:40,  5.65it/s]
Extract:  61%|######    | 351/578 [01:10<00:52,  4.30it/s]
Extract:  61%|######1   | 353/578 [01:10<00:44,  5.01it/s]
Extract:  61%|######1   | 355/578 [01:10<00:34,  6.50it/s]
Extract:  62%|######1   | 356/578 [01:10<00:47,  4.65it/s]
Extract:  62%|######1   | 357/578 [01:11<00:46,  4.76it/s]
Extract:  62%|######2   | 359/578 [01:11<00:38,  5.69it/s]
Extract:  62%|######2   | 360/578 [01:11<00:41,  5.32it/s]
Extract:  63%|######2   | 362/578 [01:12<00:45,  4.73it/s]
Extract:  63%|######2   | 363/578 [01:12<00:40,  5.30it/s]
Extract:  63%|######3   | 365/578 [01:12<00:36,  5.91it/s]
Extract:  63%|######3   | 366/578 [01:12<00:37,  5.70it/s]
Extract:  63%|######3   | 367/578 [01:13<00:50,  4.18it/s]
Extract:  64%|######3   | 368/578 [01:13<00:49,  4.22it/s]
Extract:  64%|######3   | 369/578 [01:14<01:21,  2.56it/s]
Extract:  64%|######4   | 371/578 [01:14<00:51,  4.02it/s]
Extract:  65%|######4   | 373/578 [01:14<00:47,  4.29it/s]
Extract:  65%|######4   | 374/578 [01:14<00:43,  4.70it/s]
Extract:  65%|######5   | 376/578 [01:15<00:37,  5.40it/s]
Extract:  65%|######5   | 377/578 [01:15<00:39,  5.09it/s]
Extract:  65%|######5   | 378/578 [01:15<00:38,  5.20it/s]
Extract:  66%|######5   | 379/578 [01:15<00:34,  5.79it/s]
Extract:  66%|######5   | 380/578 [01:15<00:40,  4.86it/s]
Extract:  66%|######5   | 381/578 [01:16<00:38,  5.07it/s]
Extract:  66%|######6   | 382/578 [01:16<00:58,  3.36it/s]
Extract:  66%|######6   | 383/578 [01:16<00:49,  3.92it/s]
Extract:  66%|######6   | 384/578 [01:17<00:52,  3.72it/s]
Extract:  67%|######6   | 386/578 [01:17<00:36,  5.24it/s]
Extract:  67%|######6   | 387/578 [01:17<00:37,  5.12it/s]
Extract:  67%|######7   | 389/578 [01:17<00:26,  7.19it/s]
Extract:  67%|######7   | 390/578 [01:17<00:25,  7.37it/s]
Extract:  68%|######7   | 391/578 [01:18<00:28,  6.55it/s]
Extract:  68%|######7   | 392/578 [01:18<00:34,  5.45it/s]
Extract:  68%|######7   | 393/578 [01:18<00:37,  4.93it/s]
Extract:  68%|######8   | 394/578 [01:18<00:36,  5.01it/s]
Extract:  68%|######8   | 395/578 [01:18<00:37,  4.83it/s]
Extract:  69%|######8   | 397/578 [01:19<00:32,  5.53it/s]
Extract:  69%|######8   | 398/578 [01:19<00:29,  6.01it/s]
Extract:  69%|######9   | 399/578 [01:19<00:28,  6.34it/s]
Extract:  69%|######9   | 401/578 [01:19<00:20,  8.50it/s]
Extract:  70%|######9   | 403/578 [01:19<00:17,  9.76it/s]
Extract:  70%|#######   | 405/578 [01:19<00:17, 10.10it/s]
Extract:  70%|#######   | 407/578 [01:20<00:27,  6.29it/s]
Extract:  71%|#######   | 408/578 [01:21<00:49,  3.47it/s]
Extract:  71%|#######   | 410/578 [01:21<00:38,  4.32it/s]
Extract:  71%|#######1  | 412/578 [01:21<00:30,  5.46it/s]
Extract:  71%|#######1  | 413/578 [01:22<00:33,  4.96it/s]
Extract:  72%|#######1  | 415/578 [01:22<00:25,  6.32it/s]
Extract:  72%|#######1  | 416/578 [01:22<00:26,  6.09it/s]
Extract:  72%|#######2  | 418/578 [01:22<00:25,  6.39it/s]
Extract:  72%|#######2  | 419/578 [01:22<00:27,  5.82it/s]
Extract:  73%|#######2  | 421/578 [01:23<00:33,  4.67it/s]
Extract:  73%|#######3  | 424/578 [01:23<00:24,  6.21it/s]
Extract:  74%|#######3  | 425/578 [01:24<00:31,  4.87it/s]
Extract:  74%|#######3  | 426/578 [01:24<00:30,  5.06it/s]
Extract:  74%|#######3  | 427/578 [01:24<00:43,  3.45it/s]
Extract:  74%|#######4  | 428/578 [01:25<00:51,  2.91it/s]
Extract:  74%|#######4  | 429/578 [01:25<00:52,  2.83it/s]
Extract:  75%|#######4  | 431/578 [01:26<00:34,  4.24it/s]
Extract:  75%|#######4  | 432/578 [01:26<00:33,  4.33it/s]
Extract:  75%|#######5  | 434/578 [01:27<00:42,  3.38it/s]
Extract:  75%|#######5  | 435/578 [01:27<00:37,  3.79it/s]
Extract:  76%|#######5  | 437/578 [01:27<00:28,  4.89it/s]
Extract:  76%|#######5  | 438/578 [01:27<00:27,  5.18it/s]
Extract:  76%|#######5  | 439/578 [01:27<00:27,  5.02it/s]
Extract:  76%|#######6  | 441/578 [01:28<00:29,  4.68it/s]
Extract:  76%|#######6  | 442/578 [01:28<00:25,  5.25it/s]
Extract:  77%|#######6  | 444/578 [01:28<00:20,  6.38it/s]
Extract:  77%|#######6  | 445/578 [01:28<00:29,  4.56it/s]
Extract:  77%|#######7  | 447/578 [01:29<00:20,  6.33it/s]
Extract:  78%|#######7  | 449/578 [01:29<00:15,  8.15it/s]
Extract:  78%|#######8  | 451/578 [01:30<00:27,  4.61it/s]
Extract:  78%|#######8  | 452/578 [01:30<00:25,  5.04it/s]
Extract:  79%|#######8  | 454/578 [01:30<00:19,  6.29it/s]
Extract:  79%|#######8  | 455/578 [01:30<00:18,  6.76it/s]
Extract:  79%|#######8  | 456/578 [01:30<00:16,  7.19it/s]
Extract:  79%|#######9  | 458/578 [01:30<00:20,  5.88it/s]
Extract:  80%|#######9  | 460/578 [01:31<00:15,  7.65it/s]
Extract:  80%|#######9  | 462/578 [01:31<00:14,  8.01it/s]
Extract:  80%|########  | 464/578 [01:31<00:15,  7.60it/s]
Extract:  81%|########  | 466/578 [01:31<00:13,  8.16it/s]
Extract:  81%|########  | 467/578 [01:32<00:25,  4.35it/s]
Extract:  81%|########  | 468/578 [01:33<00:31,  3.53it/s]
Extract:  81%|########1 | 470/578 [01:33<00:24,  4.39it/s]
Extract:  81%|########1 | 471/578 [01:33<00:23,  4.48it/s]
Extract:  82%|########1 | 472/578 [01:33<00:22,  4.66it/s]
Extract:  82%|########1 | 473/578 [01:33<00:20,  5.21it/s]
Extract:  82%|########2 | 474/578 [01:33<00:19,  5.24it/s]
Extract:  82%|########2 | 476/578 [01:34<00:21,  4.70it/s]
Extract:  83%|########2 | 478/578 [01:34<00:15,  6.31it/s]
Extract:  83%|########2 | 479/578 [01:34<00:14,  6.77it/s]
Extract:  83%|########3 | 481/578 [01:34<00:12,  7.97it/s]
Extract:  84%|########3 | 483/578 [01:35<00:09,  9.87it/s]
Extract:  84%|########3 | 485/578 [01:35<00:07, 11.80it/s]
Extract:  84%|########4 | 487/578 [01:35<00:08, 10.34it/s]
Extract:  85%|########4 | 489/578 [01:35<00:12,  7.06it/s]
Extract:  85%|########4 | 490/578 [01:35<00:11,  7.36it/s]
Extract:  85%|########4 | 491/578 [01:36<00:13,  6.40it/s]
Extract:  85%|########5 | 492/578 [01:36<00:14,  5.86it/s]
Extract:  85%|########5 | 493/578 [01:36<00:13,  6.13it/s]
Extract:  85%|########5 | 494/578 [01:36<00:13,  6.41it/s]
Extract:  86%|########5 | 497/578 [01:36<00:07, 10.35it/s]
Extract:  86%|########6 | 499/578 [01:37<00:13,  5.73it/s]
Extract:  87%|########6 | 501/578 [01:37<00:10,  7.27it/s]
Extract:  87%|########7 | 504/578 [01:37<00:09,  8.00it/s]
Extract:  88%|########7 | 506/578 [01:38<00:10,  6.90it/s]
Extract:  88%|########7 | 508/578 [01:38<00:09,  7.41it/s]
Extract:  88%|########8 | 510/578 [01:38<00:09,  7.54it/s]
Extract:  89%|########8 | 512/578 [01:39<00:08,  7.75it/s]
Extract:  89%|########9 | 515/578 [01:39<00:07,  8.25it/s]
Extract:  89%|########9 | 516/578 [01:39<00:10,  6.08it/s]
Extract:  89%|########9 | 517/578 [01:39<00:10,  6.09it/s]
Extract:  90%|########9 | 519/578 [01:40<00:08,  6.61it/s]
Extract:  90%|########9 | 520/578 [01:40<00:08,  6.84it/s]
Extract:  90%|######### | 522/578 [01:40<00:06,  8.16it/s]
Extract:  90%|######### | 523/578 [01:40<00:07,  7.37it/s]
Extract:  91%|######### | 524/578 [01:40<00:07,  7.57it/s]
Extract:  91%|#########1| 526/578 [01:41<00:11,  4.59it/s]
Extract:  91%|#########1| 528/578 [01:41<00:08,  5.80it/s]
Extract:  92%|#########1| 529/578 [01:41<00:08,  6.05it/s]
Extract:  92%|#########1| 530/578 [01:41<00:07,  6.25it/s]
Extract:  92%|#########1| 531/578 [01:42<00:07,  6.57it/s]
Extract:  92%|#########2| 532/578 [01:42<00:06,  7.07it/s]
Extract:  92%|#########2| 533/578 [01:42<00:06,  7.29it/s]
Extract:  92%|#########2| 534/578 [01:42<00:07,  6.02it/s]
Extract:  93%|#########2| 535/578 [01:42<00:06,  6.76it/s]
Extract:  93%|#########2| 537/578 [01:42<00:05,  6.94it/s]
Extract:  93%|#########3| 538/578 [01:43<00:07,  5.60it/s]
Extract:  93%|#########3| 540/578 [01:44<00:10,  3.68it/s]
Extract:  94%|#########3| 541/578 [01:44<00:09,  3.88it/s]
Extract:  94%|#########3| 543/578 [01:44<00:07,  4.82it/s]
Extract:  94%|#########4| 546/578 [01:45<00:06,  4.80it/s]
Extract:  95%|#########4| 547/578 [01:45<00:08,  3.60it/s]
Extract:  95%|#########5| 550/578 [01:45<00:05,  5.55it/s]
Extract:  96%|#########5| 553/578 [01:46<00:04,  5.16it/s]
Extract:  96%|#########5| 554/578 [01:47<00:06,  3.87it/s]
Extract:  96%|#########6| 555/578 [01:47<00:07,  3.11it/s]
Extract:  96%|#########6| 556/578 [01:48<00:06,  3.19it/s]
Extract:  96%|#########6| 557/578 [01:48<00:06,  3.29it/s]
Extract:  97%|#########6| 559/578 [01:48<00:03,  4.80it/s]
Extract:  97%|#########6| 560/578 [01:49<00:05,  3.19it/s]
Extract:  97%|#########7| 561/578 [01:49<00:05,  3.05it/s]
Extract:  98%|#########7| 564/578 [01:50<00:04,  2.88it/s]
Extract:  98%|#########7| 565/578 [01:51<00:04,  2.65it/s]
Extract:  98%|#########7| 566/578 [01:51<00:03,  3.05it/s]
Extract:  98%|#########8| 567/578 [01:51<00:03,  3.31it/s]
Extract:  98%|#########8| 568/578 [01:51<00:03,  2.79it/s]
Extract:  99%|#########8| 570/578 [01:52<00:01,  4.09it/s]
Extract:  99%|#########8| 572/578 [01:52<00:01,  5.04it/s]
Extract:  99%|#########9| 574/578 [01:52<00:00,  6.50it/s]
Extract:  99%|#########9| 575/578 [01:52<00:00,  6.30it/s]
Extract: 100%|#########9| 576/578 [01:53<00:00,  3.98it/s]
Extract: 100%|##########| 578/578 [01:53<00:00,  5.76it/s]
Extract: 100%|##########| 578/578 [01:53<00:00,  5.10it/s]

Extract:   0%|          | 0/578 [00:00<?, ?it/s]
Extract:   0%|          | 2/578 [00:00<00:42, 13.45it/s]
Extract:   1%|          | 4/578 [00:00<01:25,  6.71it/s]
Extract:   1%|          | 5/578 [00:00<01:37,  5.89it/s]
Extract:   1%|1         | 6/578 [00:00<01:37,  5.86it/s]
Extract:   1%|1         | 7/578 [00:01<01:53,  5.04it/s]
Extract:   1%|1         | 8/578 [00:01<02:15,  4.20it/s]
Extract:   2%|1         | 9/578 [00:01<02:16,  4.17it/s]
Extract:   2%|1         | 10/578 [00:02<02:17,  4.13it/s]
Extract:   2%|1         | 11/578 [00:02<02:24,  3.93it/s]
Extract:   2%|2         | 12/578 [00:02<02:48,  3.37it/s]
Extract:   2%|2         | 13/578 [00:02<02:24,  3.90it/s]
Extract:   2%|2         | 14/578 [00:03<03:10,  2.97it/s]
Extract:   3%|2         | 15/578 [00:03<03:38,  2.58it/s]
Extract:   3%|2         | 16/578 [00:04<03:00,  3.11it/s]
Extract:   3%|3         | 19/578 [00:04<01:34,  5.93it/s]
Extract:   4%|3         | 21/578 [00:04<02:12,  4.19it/s]
Extract:   4%|3         | 22/578 [00:05<02:11,  4.22it/s]
Extract:   4%|3         | 23/578 [00:05<02:20,  3.94it/s]
Extract:   4%|4         | 24/578 [00:05<02:08,  4.31it/s]
Extract:   4%|4         | 26/578 [00:05<01:35,  5.79it/s]
Extract:   5%|4         | 27/578 [00:06<02:20,  3.92it/s]
Extract:   5%|5         | 29/578 [00:06<01:51,  4.91it/s]
Extract:   5%|5         | 30/578 [00:06<02:05,  4.38it/s]
Extract:   5%|5         | 31/578 [00:07<02:09,  4.23it/s]
Extract:   6%|5         | 32/578 [00:07<01:51,  4.90it/s]
Extract:   6%|5         | 34/578 [00:07<01:19,  6.85it/s]
Extract:   6%|6         | 35/578 [00:07<01:15,  7.19it/s]
Extract:   6%|6         | 37/578 [00:07<01:21,  6.68it/s]
Extract:   7%|6         | 38/578 [00:08<01:22,  6.53it/s]
Extract:   7%|6         | 40/578 [00:08<01:14,  7.19it/s]
Extract:   7%|7         | 41/578 [00:08<01:15,  7.07it/s]
Extract:   7%|7         | 42/578 [00:08<02:04,  4.29it/s]
Extract:   7%|7         | 43/578 [00:09<02:50,  3.14it/s]
Extract:   8%|7         | 45/578 [00:09<01:51,  4.78it/s]
Extract:   8%|8         | 47/578 [00:09<01:38,  5.37it/s]
Extract:   8%|8         | 49/578 [00:10<01:18,  6.74it/s]
Extract:   9%|8         | 50/578 [00:10<01:59,  4.41it/s]
Extract:   9%|8         | 51/578 [00:11<02:15,  3.89it/s]
Extract:   9%|8         | 52/578 [00:11<02:28,  3.54it/s]
Extract:   9%|9         | 54/578 [00:11<02:23,  3.66it/s]
Extract:  10%|9         | 55/578 [00:12<02:28,  3.53it/s]
Extract:  10%|9         | 56/578 [00:12<02:09,  4.02it/s]
Extract:  10%|#         | 58/578 [00:12<01:54,  4.56it/s]
Extract:  10%|#         | 59/578 [00:12<01:58,  4.39it/s]
Extract:  10%|#         | 60/578 [00:13<02:20,  3.68it/s]
Extract:  11%|#         | 61/578 [00:13<02:44,  3.15it/s]
Extract:  11%|#         | 63/578 [00:13<01:51,  4.60it/s]
Extract:  11%|#1        | 64/578 [00:14<02:17,  3.73it/s]
Extract:  11%|#1        | 65/578 [00:15<03:13,  2.66it/s]
Extract:  11%|#1        | 66/578 [00:15<02:38,  3.22it/s]
Extract:  12%|#1        | 67/578 [00:15<03:23,  2.51it/s]
Extract:  12%|#1        | 69/578 [00:16<02:33,  3.31it/s]
Extract:  12%|#2        | 71/578 [00:16<01:57,  4.33it/s]
Extract:  12%|#2        | 72/578 [00:16<01:47,  4.70it/s]
Extract:  13%|#2        | 73/578 [00:17<02:36,  3.23it/s]
Extract:  13%|#2        | 75/578 [00:17<01:50,  4.56it/s]
Extract:  13%|#3        | 76/578 [00:17<01:53,  4.44it/s]
Extract:  13%|#3        | 77/578 [00:18<02:38,  3.17it/s]
Extract:  14%|#3        | 79/578 [00:18<01:46,  4.69it/s]
Extract:  14%|#3        | 80/578 [00:18<01:36,  5.14it/s]
Extract:  14%|#4        | 81/578 [00:18<01:28,  5.61it/s]
Extract:  14%|#4        | 82/578 [00:18<01:19,  6.27it/s]
Extract:  14%|#4        | 83/578 [00:18<01:19,  6.21it/s]
Extract:  15%|#4        | 84/578 [00:19<02:01,  4.06it/s]
Extract:  15%|#4        | 86/578 [00:19<01:33,  5.28it/s]
Extract:  15%|#5        | 88/578 [00:19<01:14,  6.55it/s]
Extract:  15%|#5        | 89/578 [00:20<02:15,  3.61it/s]
Extract:  16%|#5        | 90/578 [00:20<02:07,  3.83it/s]
Extract:  16%|#5        | 91/578 [00:21<02:27,  3.30it/s]
Extract:  16%|#5        | 92/578 [00:21<02:37,  3.08it/s]
Extract:  16%|#6        | 94/578 [00:21<01:55,  4.19it/s]
Extract:  17%|#6        | 96/578 [00:22<01:50,  4.35it/s]
Extract:  17%|#6        | 98/578 [00:22<01:36,  4.98it/s]
Extract:  17%|#7        | 99/578 [00:22<01:35,  5.01it/s]
Extract:  17%|#7        | 100/578 [00:22<01:39,  4.79it/s]
Extract:  17%|#7        | 101/578 [00:23<01:31,  5.20it/s]
Extract:  18%|#7        | 104/578 [00:23<00:54,  8.69it/s]
Extract:  18%|#8        | 106/578 [00:23<01:07,  7.03it/s]
Extract:  19%|#8        | 107/578 [00:24<01:46,  4.41it/s]
Extract:  19%|#8        | 108/578 [00:24<01:46,  4.43it/s]
Extract:  19%|#9        | 110/578 [00:24<01:26,  5.38it/s]
Extract:  19%|#9        | 111/578 [00:24<01:22,  5.67it/s]
Extract:  20%|#9        | 113/578 [00:24<01:03,  7.36it/s]
Extract:  20%|#9        | 114/578 [00:25<01:00,  7.64it/s]
Extract:  20%|##        | 116/578 [00:25<01:04,  7.19it/s]
Extract:  20%|##        | 117/578 [00:25<01:37,  4.74it/s]
Extract:  21%|##        | 120/578 [00:26<01:32,  4.95it/s]
Extract:  21%|##        | 121/578 [00:26<01:57,  3.88it/s]
Extract:  21%|##1       | 123/578 [00:27<01:25,  5.35it/s]
Extract:  22%|##1       | 125/578 [00:27<01:25,  5.29it/s]
Extract:  22%|##1       | 126/578 [00:27<01:28,  5.12it/s]
Extract:  22%|##2       | 128/578 [00:27<01:13,  6.14it/s]
Extract:  22%|##2       | 130/578 [00:28<01:28,  5.09it/s]
Extract:  23%|##2       | 131/578 [00:29<02:08,  3.47it/s]
Extract:  23%|##2       | 132/578 [00:29<01:56,  3.82it/s]
Extract:  23%|##3       | 133/578 [00:29<02:05,  3.55it/s]
Extract:  23%|##3       | 134/578 [00:29<01:52,  3.95it/s]
Extract:  23%|##3       | 135/578 [00:29<01:41,  4.37it/s]
Extract:  24%|##3       | 136/578 [00:30<01:30,  4.90it/s]
Extract:  24%|##3       | 137/578 [00:30<01:49,  4.04it/s]
Extract:  24%|##3       | 138/578 [00:30<02:03,  3.57it/s]
Extract:  24%|##4       | 139/578 [00:30<01:53,  3.88it/s]
Extract:  25%|##4       | 142/578 [00:31<00:58,  7.41it/s]
Extract:  25%|##5       | 146/578 [00:31<01:00,  7.11it/s]
Extract:  26%|##5       | 148/578 [00:31<00:57,  7.42it/s]
Extract:  26%|##5       | 149/578 [00:32<01:18,  5.48it/s]
Extract:  26%|##5       | 150/578 [00:32<01:13,  5.81it/s]
Extract:  26%|##6       | 153/578 [00:32<01:11,  5.93it/s]
Extract:  27%|##6       | 155/578 [00:33<01:18,  5.41it/s]
Extract:  27%|##7       | 157/578 [00:33<01:03,  6.65it/s]
Extract:  28%|##7       | 159/578 [00:33<00:52,  7.94it/s]
Extract:  28%|##7       | 161/578 [00:34<01:04,  6.44it/s]
Extract:  28%|##8       | 163/578 [00:34<01:23,  4.99it/s]
Extract:  28%|##8       | 164/578 [00:34<01:15,  5.46it/s]
Extract:  29%|##8       | 165/578 [00:34<01:12,  5.72it/s]
Extract:  29%|##8       | 166/578 [00:35<01:06,  6.17it/s]
Extract:  29%|##8       | 167/578 [00:35<01:30,  4.53it/s]
Extract:  29%|##9       | 168/578 [00:35<01:21,  5.02it/s]
Extract:  29%|##9       | 169/578 [00:35<01:13,  5.55it/s]
Extract:  29%|##9       | 170/578 [00:35<01:11,  5.67it/s]
Extract:  30%|##9       | 172/578 [00:36<01:08,  5.95it/s]
Extract:  30%|##9       | 173/578 [00:36<01:45,  3.85it/s]
Extract:  30%|###       | 174/578 [00:37<01:56,  3.47it/s]
Extract:  30%|###       | 176/578 [00:37<01:24,  4.77it/s]
Extract:  31%|###       | 177/578 [00:37<01:54,  3.51it/s]
Extract:  31%|###       | 178/578 [00:38<01:41,  3.94it/s]
Extract:  31%|###       | 179/578 [00:38<01:28,  4.50it/s]
Extract:  31%|###1      | 180/578 [00:38<01:51,  3.58it/s]
Extract:  31%|###1      | 181/578 [00:39<02:13,  2.96it/s]
Extract:  31%|###1      | 182/578 [00:39<02:00,  3.28it/s]
Extract:  32%|###1      | 184/578 [00:39<01:40,  3.93it/s]
Extract:  32%|###2      | 185/578 [00:40<02:10,  3.01it/s]
Extract:  32%|###2      | 186/578 [00:40<01:54,  3.41it/s]
Extract:  33%|###2      | 188/578 [00:40<01:47,  3.63it/s]
Extract:  33%|###2      | 189/578 [00:41<02:11,  2.96it/s]
Extract:  33%|###3      | 191/578 [00:41<01:55,  3.34it/s]
Extract:  33%|###3      | 192/578 [00:42<01:39,  3.89it/s]
Extract:  34%|###3      | 194/578 [00:42<01:13,  5.23it/s]
Extract:  34%|###3      | 196/578 [00:42<00:53,  7.08it/s]
Extract:  34%|###4      | 198/578 [00:43<01:26,  4.39it/s]
Extract:  35%|###4      | 201/578 [00:43<01:23,  4.50it/s]
Extract:  35%|###4      | 202/578 [00:44<01:24,  4.43it/s]
Extract:  35%|###5      | 203/578 [00:44<02:01,  3.09it/s]
Extract:  35%|###5      | 205/578 [00:44<01:25,  4.35it/s]
Extract:  36%|###5      | 206/578 [00:45<01:19,  4.66it/s]
Extract:  36%|###5      | 207/578 [00:45<01:27,  4.24it/s]
Extract:  36%|###6      | 209/578 [00:45<01:07,  5.50it/s]
Extract:  36%|###6      | 210/578 [00:45<01:06,  5.55it/s]
Extract:  37%|###6      | 212/578 [00:46<01:19,  4.58it/s]
Extract:  37%|###6      | 213/578 [00:46<01:15,  4.85it/s]
Extract:  37%|###7      | 215/578 [00:46<01:16,  4.75it/s]
Extract:  38%|###7      | 217/578 [00:47<01:03,  5.68it/s]
Extract:  38%|###8      | 220/578 [00:47<00:45,  7.80it/s]
Extract:  38%|###8      | 221/578 [00:47<00:44,  8.08it/s]
Extract:  39%|###8      | 223/578 [00:47<00:37,  9.36it/s]
Extract:  39%|###8      | 225/578 [00:48<00:55,  6.34it/s]
Extract:  39%|###9      | 226/578 [00:48<01:02,  5.66it/s]
Extract:  39%|###9      | 227/578 [00:48<01:01,  5.73it/s]
Extract:  40%|###9      | 229/578 [00:49<01:11,  4.89it/s]
Extract:  40%|###9      | 230/578 [00:49<01:16,  4.53it/s]
Extract:  40%|###9      | 231/578 [00:49<01:21,  4.28it/s]
Extract:  40%|####      | 232/578 [00:49<01:13,  4.69it/s]
Extract:  40%|####      | 233/578 [00:49<01:05,  5.27it/s]
Extract:  40%|####      | 234/578 [00:50<01:01,  5.59it/s]
Extract:  41%|####      | 235/578 [00:50<00:56,  6.06it/s]
Extract:  41%|####      | 236/578 [00:50<01:26,  3.94it/s]
Extract:  41%|####1     | 237/578 [00:51<01:42,  3.34it/s]
Extract:  42%|####1     | 240/578 [00:51<00:58,  5.74it/s]
Extract:  42%|####1     | 242/578 [00:51<00:44,  7.61it/s]
Extract:  42%|####2     | 244/578 [00:51<00:54,  6.18it/s]
Extract:  42%|####2     | 245/578 [00:51<00:50,  6.53it/s]
Extract:  43%|####2     | 247/578 [00:52<00:52,  6.35it/s]
Extract:  43%|####2     | 248/578 [00:52<01:01,  5.37it/s]
Extract:  43%|####3     | 249/578 [00:52<00:59,  5.57it/s]
Extract:  43%|####3     | 250/578 [00:52<00:56,  5.82it/s]
Extract:  43%|####3     | 251/578 [00:53<00:53,  6.08it/s]
Extract:  44%|####3     | 253/578 [00:53<00:41,  7.86it/s]
Extract:  44%|####4     | 255/578 [00:53<00:55,  5.80it/s]
Extract:  44%|####4     | 256/578 [00:53<01:03,  5.10it/s]
Extract:  45%|####4     | 258/578 [00:54<00:49,  6.52it/s]
Extract:  45%|####4     | 260/578 [00:54<00:39,  7.98it/s]
Extract:  45%|####5     | 262/578 [00:54<00:46,  6.86it/s]
Extract:  46%|####5     | 263/578 [00:55<01:09,  4.51it/s]
Extract:  46%|####5     | 265/578 [00:55<01:05,  4.78it/s]
Extract:  46%|####6     | 266/578 [00:55<01:07,  4.62it/s]
Extract:  46%|####6     | 267/578 [00:56<01:14,  4.18it/s]
Extract:  47%|####6     | 269/578 [00:56<01:09,  4.42it/s]
Extract:  47%|####7     | 273/578 [00:57<00:54,  5.62it/s]
Extract:  47%|####7     | 274/578 [00:57<01:27,  3.47it/s]
Extract:  48%|####7     | 275/578 [00:58<01:28,  3.41it/s]
Extract:  48%|####7     | 276/578 [00:58<01:18,  3.84it/s]
Extract:  48%|####7     | 277/578 [00:58<01:07,  4.44it/s]
Extract:  48%|####8     | 280/578 [00:58<00:48,  6.16it/s]
Extract:  49%|####8     | 282/578 [00:58<00:38,  7.78it/s]
Extract:  49%|####9     | 284/578 [00:59<00:37,  7.93it/s]
Extract:  49%|####9     | 285/578 [00:59<00:39,  7.49it/s]
Extract:  49%|####9     | 286/578 [00:59<00:41,  6.96it/s]
Extract:  50%|####9     | 288/578 [00:59<00:35,  8.07it/s]
Extract:  50%|#####     | 289/578 [00:59<00:39,  7.37it/s]
Extract:  50%|#####     | 290/578 [01:00<00:56,  5.09it/s]
Extract:  51%|#####     | 292/578 [01:00<00:42,  6.76it/s]
Extract:  51%|#####     | 294/578 [01:00<00:35,  8.01it/s]
Extract:  51%|#####1    | 295/578 [01:00<00:50,  5.63it/s]
Extract:  51%|#####1    | 296/578 [01:01<00:46,  6.04it/s]
Extract:  51%|#####1    | 297/578 [01:01<01:16,  3.68it/s]
Extract:  52%|#####1    | 299/578 [01:01<00:51,  5.41it/s]
Extract:  52%|#####2    | 301/578 [01:02<00:48,  5.69it/s]
Extract:  53%|#####2    | 304/578 [01:02<00:49,  5.48it/s]
Extract:  53%|#####2    | 305/578 [01:02<00:48,  5.66it/s]
Extract:  53%|#####3    | 307/578 [01:03<00:47,  5.72it/s]
Extract:  53%|#####3    | 308/578 [01:03<00:51,  5.25it/s]
Extract:  53%|#####3    | 309/578 [01:03<01:06,  4.06it/s]
Extract:  54%|#####3    | 310/578 [01:04<01:01,  4.36it/s]
Extract:  54%|#####3    | 311/578 [01:04<01:17,  3.43it/s]
Extract:  54%|#####3    | 312/578 [01:05<01:34,  2.83it/s]
Extract:  54%|#####4    | 313/578 [01:05<01:37,  2.72it/s]
Extract:  54%|#####4    | 314/578 [01:05<01:35,  2.76it/s]
Extract:  55%|#####4    | 316/578 [01:06<01:13,  3.59it/s]
Extract:  55%|#####5    | 318/578 [01:06<01:06,  3.88it/s]
Extract:  55%|#####5    | 319/578 [01:06<01:05,  3.98it/s]
Extract:  55%|#####5    | 320/578 [01:07<01:16,  3.38it/s]
Extract:  56%|#####5    | 321/578 [01:07<01:03,  4.02it/s]
Extract:  56%|#####5    | 322/578 [01:07<01:07,  3.78it/s]
Extract:  56%|#####5    | 323/578 [01:07<01:02,  4.05it/s]
Extract:  56%|#####6    | 325/578 [01:08<00:43,  5.84it/s]
Extract:  56%|#####6    | 326/578 [01:08<00:46,  5.43it/s]
Extract:  57%|#####6    | 328/578 [01:08<00:43,  5.80it/s]
Extract:  57%|#####7    | 330/578 [01:08<00:35,  7.04it/s]
Extract:  57%|#####7    | 331/578 [01:08<00:37,  6.62it/s]
Extract:  57%|#####7    | 332/578 [01:09<00:43,  5.60it/s]
Extract:  58%|#####7    | 334/578 [01:09<00:31,  7.67it/s]
Extract:  58%|#####7    | 335/578 [01:09<00:30,  7.94it/s]
Extract:  58%|#####8    | 337/578 [01:09<00:27,  8.79it/s]
Extract:  59%|#####8    | 339/578 [01:09<00:26,  9.13it/s]
Extract:  59%|#####8    | 340/578 [01:09<00:27,  8.50it/s]
Extract:  59%|#####8    | 341/578 [01:10<00:29,  8.16it/s]
Extract:  59%|#####9    | 342/578 [01:10<00:33,  7.02it/s]
Extract:  60%|#####9    | 344/578 [01:10<00:49,  4.76it/s]
Extract:  60%|#####9    | 346/578 [01:11<00:36,  6.37it/s]
Extract:  60%|######    | 348/578 [01:11<00:29,  7.88it/s]
Extract:  61%|######    | 350/578 [01:11<00:45,  5.06it/s]
Extract:  61%|######    | 351/578 [01:12<01:00,  3.74it/s]
Extract:  61%|######1   | 353/578 [01:12<00:49,  4.54it/s]
Extract:  61%|######1   | 355/578 [01:12<00:37,  5.98it/s]
Extract:  62%|######1   | 356/578 [01:13<00:45,  4.85it/s]
Extract:  62%|######1   | 357/578 [01:13<00:49,  4.48it/s]
Extract:  62%|######2   | 359/578 [01:13<00:45,  4.77it/s]
Extract:  62%|######2   | 360/578 [01:14<00:48,  4.48it/s]
Extract:  63%|######2   | 362/578 [01:14<01:02,  3.47it/s]
Extract:  63%|######2   | 363/578 [01:15<00:54,  3.93it/s]
Extract:  63%|######2   | 364/578 [01:15<00:48,  4.43it/s]
Extract:  63%|######3   | 365/578 [01:15<00:48,  4.40it/s]
Extract:  63%|######3   | 366/578 [01:15<00:50,  4.22it/s]
Extract:  63%|######3   | 367/578 [01:16<01:15,  2.81it/s]
Extract:  64%|######3   | 368/578 [01:16<01:05,  3.21it/s]
Extract:  64%|######3   | 369/578 [01:17<01:30,  2.30it/s]
Extract:  64%|######4   | 372/578 [01:17<00:44,  4.65it/s]
Extract:  65%|######4   | 374/578 [01:17<00:45,  4.46it/s]
Extract:  65%|######5   | 376/578 [01:18<00:38,  5.19it/s]
Extract:  65%|######5   | 377/578 [01:18<00:39,  5.12it/s]
Extract:  65%|######5   | 378/578 [01:18<00:35,  5.69it/s]
Extract:  66%|######5   | 380/578 [01:18<00:33,  5.91it/s]
Extract:  66%|######5   | 381/578 [01:18<00:32,  6.12it/s]
Extract:  66%|######6   | 382/578 [01:19<00:39,  4.97it/s]
Extract:  66%|######6   | 383/578 [01:19<00:35,  5.46it/s]
Extract:  66%|######6   | 384/578 [01:19<00:41,  4.70it/s]
Extract:  67%|######6   | 386/578 [01:19<00:31,  6.02it/s]
Extract:  67%|######6   | 387/578 [01:20<00:34,  5.61it/s]
Extract:  67%|######7   | 390/578 [01:20<00:22,  8.41it/s]
Extract:  68%|######7   | 391/578 [01:20<00:22,  8.20it/s]
Extract:  68%|######7   | 392/578 [01:20<00:22,  8.11it/s]
Extract:  68%|######7   | 393/578 [01:20<00:25,  7.29it/s]
Extract:  68%|######8   | 394/578 [01:20<00:26,  7.00it/s]
Extract:  68%|######8   | 395/578 [01:21<00:27,  6.63it/s]
Extract:  69%|######8   | 397/578 [01:21<00:23,  7.83it/s]
Extract:  69%|######9   | 399/578 [01:21<00:21,  8.44it/s]
Extract:  69%|######9   | 401/578 [01:21<00:17,  9.99it/s]
Extract:  70%|######9   | 403/578 [01:21<00:15, 11.15it/s]
Extract:  70%|#######   | 405/578 [01:21<00:14, 11.82it/s]
Extract:  70%|#######   | 407/578 [01:22<00:25,  6.74it/s]
Extract:  71%|#######   | 408/578 [01:22<00:35,  4.73it/s]
Extract:  71%|#######   | 410/578 [01:23<00:30,  5.59it/s]
Extract:  71%|#######1  | 412/578 [01:23<00:33,  4.94it/s]
Extract:  71%|#######1  | 413/578 [01:23<00:35,  4.61it/s]
Extract:  72%|#######1  | 415/578 [01:24<00:27,  5.87it/s]
Extract:  72%|#######1  | 416/578 [01:24<00:27,  5.82it/s]
Extract:  72%|#######2  | 418/578 [01:24<00:26,  6.03it/s]
Extract:  72%|#######2  | 419/578 [01:24<00:28,  5.52it/s]
Extract:  73%|#######2  | 421/578 [01:25<00:36,  4.35it/s]
Extract:  73%|#######3  | 424/578 [01:25<00:24,  6.16it/s]
Extract:  74%|#######3  | 425/578 [01:26<00:31,  4.80it/s]
Extract:  74%|#######3  | 426/578 [01:26<00:30,  4.96it/s]
Extract:  74%|#######3  | 427/578 [01:26<00:42,  3.57it/s]
Extract:  74%|#######4  | 428/578 [01:27<00:50,  2.96it/s]
Extract:  74%|#######4  | 429/578 [01:27<00:54,  2.72it/s]
Extract:  75%|#######4  | 431/578 [01:28<00:36,  3.98it/s]
Extract:  75%|#######4  | 432/578 [01:28<00:34,  4.21it/s]
Extract:  75%|#######5  | 434/578 [01:28<00:35,  4.10it/s]
Extract:  75%|#######5  | 435/578 [01:28<00:31,  4.55it/s]
Extract:  76%|#######5  | 437/578 [01:29<00:25,  5.63it/s]
Extract:  76%|#######5  | 438/578 [01:29<00:24,  5.71it/s]
Extract:  76%|#######5  | 439/578 [01:29<00:27,  5.10it/s]
Extract:  76%|#######6  | 441/578 [01:30<00:40,  3.40it/s]
Extract:  76%|#######6  | 442/578 [01:30<00:35,  3.85it/s]
Extract:  77%|#######6  | 444/578 [01:30<00:26,  5.04it/s]
Extract:  77%|#######6  | 445/578 [01:31<00:33,  4.03it/s]
Extract:  77%|#######7  | 447/578 [01:31<00:22,  5.76it/s]
Extract:  78%|#######7  | 449/578 [01:31<00:17,  7.44it/s]
Extract:  78%|#######8  | 451/578 [01:32<00:30,  4.10it/s]
Extract:  78%|#######8  | 452/578 [01:32<00:27,  4.57it/s]
Extract:  79%|#######8  | 454/578 [01:32<00:20,  5.98it/s]
Extract:  79%|#######8  | 456/578 [01:32<00:15,  7.70it/s]
Extract:  79%|#######9  | 458/578 [01:32<00:15,  7.60it/s]
Extract:  80%|#######9  | 461/578 [01:33<00:12,  9.51it/s]
Extract:  80%|########  | 463/578 [01:33<00:18,  6.33it/s]
Extract:  80%|########  | 465/578 [01:33<00:14,  7.79it/s]
Extract:  81%|########  | 467/578 [01:34<00:19,  5.76it/s]
Extract:  81%|########  | 468/578 [01:34<00:22,  4.91it/s]
Extract:  81%|########1 | 470/578 [01:35<00:18,  5.75it/s]
Extract:  81%|########1 | 471/578 [01:35<00:19,  5.47it/s]
Extract:  82%|########1 | 472/578 [01:35<00:21,  4.87it/s]
Extract:  82%|########1 | 473/578 [01:35<00:19,  5.32it/s]
Extract:  82%|########2 | 474/578 [01:35<00:19,  5.46it/s]
Extract:  82%|########2 | 476/578 [01:36<00:29,  3.46it/s]
Extract:  83%|########2 | 478/578 [01:36<00:21,  4.68it/s]
Extract:  83%|########2 | 479/578 [01:36<00:19,  5.16it/s]
Extract:  83%|########3 | 481/578 [01:37<00:14,  6.53it/s]
Extract:  84%|########3 | 483/578 [01:37<00:11,  8.53it/s]
Extract:  84%|########4 | 486/578 [01:37<00:08, 11.38it/s]
Extract:  84%|########4 | 488/578 [01:37<00:08, 10.96it/s]
Extract:  85%|########4 | 490/578 [01:38<00:11,  7.51it/s]
Extract:  85%|########5 | 492/578 [01:38<00:12,  6.69it/s]
Extract:  85%|########5 | 493/578 [01:38<00:13,  6.40it/s]
Extract:  85%|########5 | 494/578 [01:38<00:13,  6.23it/s]
Extract:  86%|########5 | 496/578 [01:38<00:10,  8.14it/s]
Extract:  86%|########6 | 498/578 [01:39<00:11,  6.83it/s]
Extract:  87%|########6 | 501/578 [01:39<00:08,  9.38it/s]
Extract:  87%|########7 | 504/578 [01:39<00:07,  9.54it/s]
Extract:  88%|########7 | 506/578 [01:40<00:08,  8.12it/s]
Extract:  88%|########7 | 508/578 [01:40<00:08,  8.56it/s]
Extract:  88%|########8 | 510/578 [01:40<00:07,  8.52it/s]
Extract:  89%|########8 | 512/578 [01:40<00:07,  8.26it/s]
Extract:  89%|########9 | 515/578 [01:41<00:07,  8.71it/s]
Extract:  89%|########9 | 516/578 [01:41<00:09,  6.30it/s]
Extract:  89%|########9 | 517/578 [01:41<00:09,  6.16it/s]
Extract:  90%|########9 | 519/578 [01:41<00:09,  6.54it/s]
Extract:  90%|########9 | 520/578 [01:42<00:08,  6.61it/s]
Extract:  90%|######### | 522/578 [01:42<00:07,  7.63it/s]
Extract:  90%|######### | 523/578 [01:42<00:08,  6.63it/s]
Extract:  91%|######### | 524/578 [01:42<00:07,  6.94it/s]
Extract:  91%|#########1| 526/578 [01:43<00:13,  3.76it/s]
Extract:  91%|#########1| 528/578 [01:43<00:10,  4.93it/s]
Extract:  92%|#########1| 529/578 [01:43<00:09,  5.24it/s]
Extract:  92%|#########1| 530/578 [01:44<00:08,  5.53it/s]
Extract:  92%|#########1| 531/578 [01:44<00:07,  6.05it/s]
Extract:  92%|#########2| 533/578 [01:44<00:05,  7.52it/s]
Extract:  92%|#########2| 534/578 [01:44<00:06,  6.65it/s]
Extract:  93%|#########2| 536/578 [01:44<00:04,  8.82it/s]
Extract:  93%|#########3| 538/578 [01:45<00:05,  6.81it/s]
Extract:  93%|#########3| 540/578 [01:45<00:06,  6.31it/s]
Extract:  94%|#########3| 541/578 [01:45<00:06,  5.82it/s]
Extract:  94%|#########3| 543/578 [01:45<00:05,  6.22it/s]
Extract:  94%|#########4| 546/578 [01:46<00:06,  5.32it/s]
Extract:  95%|#########4| 547/578 [01:47<00:07,  4.01it/s]
Extract:  95%|#########5| 550/578 [01:47<00:04,  6.19it/s]
Extract:  96%|#########5| 553/578 [01:47<00:04,  5.83it/s]
Extract:  96%|#########5| 554/578 [01:48<00:05,  4.31it/s]
Extract:  96%|#########6| 555/578 [01:48<00:06,  3.47it/s]
Extract:  96%|#########6| 556/578 [01:49<00:06,  3.59it/s]
Extract:  96%|#########6| 557/578 [01:49<00:05,  3.77it/s]
Extract:  97%|#########6| 559/578 [01:49<00:03,  5.44it/s]
Extract:  97%|#########6| 560/578 [01:49<00:04,  4.20it/s]
Extract:  97%|#########7| 561/578 [01:50<00:04,  4.06it/s]
Extract:  97%|#########7| 563/578 [01:50<00:02,  5.96it/s]
Extract:  98%|#########7| 564/578 [01:50<00:03,  3.77it/s]
Extract:  98%|#########7| 565/578 [01:51<00:05,  2.36it/s]
Extract:  98%|#########7| 566/578 [01:51<00:04,  2.88it/s]
Extract:  98%|#########8| 567/578 [01:52<00:03,  3.34it/s]
Extract:  98%|#########8| 568/578 [01:52<00:03,  2.85it/s]
Extract:  99%|#########8| 570/578 [01:52<00:01,  4.46it/s]
Extract:  99%|#########8| 572/578 [01:52<00:01,  5.91it/s]
Extract:  99%|#########9| 574/578 [01:53<00:00,  7.51it/s]
Extract: 100%|#########9| 576/578 [01:53<00:00,  4.71it/s]
Extract: 100%|##########| 578/578 [01:53<00:00,  5.08it/s]

Extract:   0%|          | 0/578 [00:00<?, ?it/s]
Extract:   0%|          | 2/578 [00:00<00:35, 16.31it/s]
Extract:   1%|          | 4/578 [00:00<01:14,  7.74it/s]
Extract:   1%|1         | 6/578 [00:00<01:16,  7.47it/s]
Extract:   1%|1         | 7/578 [00:00<01:29,  6.37it/s]
Extract:   1%|1         | 8/578 [00:01<01:55,  4.95it/s]
Extract:   2%|1         | 9/578 [00:01<02:11,  4.32it/s]
Extract:   2%|1         | 10/578 [00:01<02:11,  4.32it/s]
Extract:   2%|1         | 11/578 [00:02<02:05,  4.53it/s]
Extract:   2%|2         | 12/578 [00:02<02:35,  3.64it/s]
Extract:   2%|2         | 13/578 [00:02<02:06,  4.46it/s]
Extract:   2%|2         | 14/578 [00:02<02:19,  4.05it/s]
Extract:   3%|2         | 15/578 [00:03<03:13,  2.90it/s]
Extract:   3%|2         | 16/578 [00:03<02:43,  3.44it/s]
Extract:   3%|3         | 19/578 [00:03<01:26,  6.47it/s]
Extract:   4%|3         | 21/578 [00:04<01:40,  5.54it/s]
Extract:   4%|3         | 22/578 [00:04<01:40,  5.53it/s]
Extract:   4%|3         | 23/578 [00:04<01:51,  4.96it/s]
Extract:   4%|4         | 24/578 [00:04<01:40,  5.50it/s]
Extract:   4%|4         | 26/578 [00:04<01:12,  7.63it/s]
Extract:   5%|4         | 28/578 [00:05<01:40,  5.48it/s]
Extract:   5%|5         | 29/578 [00:05<01:34,  5.83it/s]
Extract:   5%|5         | 30/578 [00:05<01:35,  5.71it/s]
Extract:   5%|5         | 31/578 [00:05<01:44,  5.22it/s]
Extract:   6%|5         | 33/578 [00:06<01:13,  7.43it/s]
Extract:   6%|6         | 35/578 [00:06<01:03,  8.59it/s]
Extract:   6%|6         | 37/578 [00:06<01:10,  7.72it/s]
Extract:   7%|6         | 38/578 [00:06<01:11,  7.53it/s]
Extract:   7%|6         | 40/578 [00:06<01:04,  8.36it/s]
Extract:   7%|7         | 42/578 [00:07<01:33,  5.75it/s]
Extract:   7%|7         | 43/578 [00:07<01:48,  4.92it/s]
Extract:   8%|7         | 46/578 [00:07<01:09,  7.69it/s]
Extract:   8%|8         | 48/578 [00:08<01:03,  8.31it/s]
Extract:   9%|8         | 50/578 [00:08<01:29,  5.92it/s]
Extract:   9%|8         | 51/578 [00:08<01:36,  5.47it/s]
Extract:   9%|8         | 52/578 [00:09<02:00,  4.37it/s]
Extract:   9%|9         | 54/578 [00:09<01:48,  4.84it/s]
Extract:  10%|9         | 55/578 [00:09<01:48,  4.81it/s]
Extract:  10%|9         | 56/578 [00:10<01:36,  5.40it/s]
Extract:  10%|#         | 58/578 [00:10<01:25,  6.08it/s]
Extract:  10%|#         | 59/578 [00:10<01:31,  5.69it/s]
Extract:  10%|#         | 60/578 [00:10<01:52,  4.59it/s]
Extract:  11%|#         | 61/578 [00:11<02:08,  4.01it/s]
Extract:  11%|#         | 63/578 [00:11<01:29,  5.74it/s]
Extract:  11%|#1        | 64/578 [00:11<01:43,  4.99it/s]
Extract:  11%|#1        | 65/578 [00:11<01:49,  4.68it/s]
Extract:  12%|#1        | 67/578 [00:12<01:49,  4.66it/s]
Extract:  12%|#1        | 69/578 [00:12<01:30,  5.63it/s]
Extract:  12%|#2        | 71/578 [00:12<01:14,  6.84it/s]
Extract:  12%|#2        | 72/578 [00:12<01:10,  7.17it/s]
Extract:  13%|#2        | 73/578 [00:13<01:45,  4.80it/s]
Extract:  13%|#2        | 75/578 [00:13<01:17,  6.50it/s]
Extract:  13%|#3        | 76/578 [00:13<01:31,  5.48it/s]
Extract:  13%|#3        | 77/578 [00:14<01:47,  4.65it/s]
Extract:  14%|#3        | 80/578 [00:14<01:05,  7.60it/s]
Extract:  14%|#4        | 82/578 [00:14<00:57,  8.65it/s]
Extract:  15%|#4        | 84/578 [00:14<01:24,  5.84it/s]
Extract:  15%|#4        | 86/578 [00:15<01:14,  6.58it/s]
Extract:  15%|#5        | 89/578 [00:15<01:16,  6.37it/s]
Extract:  16%|#5        | 90/578 [00:15<01:14,  6.54it/s]
Extract:  16%|#5        | 91/578 [00:16<01:38,  4.96it/s]
Extract:  16%|#5        | 92/578 [00:16<02:04,  3.91it/s]
Extract:  16%|#6        | 94/578 [00:16<01:41,  4.75it/s]
Extract:  17%|#6        | 96/578 [00:17<01:38,  4.89it/s]
Extract:  17%|#6        | 98/578 [00:17<01:31,  5.26it/s]
Extract:  17%|#7        | 100/578 [00:17<01:18,  6.09it/s]
Extract:  18%|#7        | 102/578 [00:17<01:01,  7.72it/s]
Extract:  18%|#8        | 105/578 [00:18<00:55,  8.57it/s]
Extract:  19%|#8        | 107/578 [00:18<01:14,  6.35it/s]
Extract:  19%|#8        | 108/578 [00:18<01:13,  6.44it/s]
Extract:  19%|#9        | 110/578 [00:19<01:01,  7.59it/s]
Extract:  19%|#9        | 111/578 [00:19<01:01,  7.65it/s]
Extract:  20%|#9        | 113/578 [00:19<00:49,  9.43it/s]
Extract:  20%|#9        | 115/578 [00:19<00:46, 10.04it/s]
Extract:  20%|##        | 117/578 [00:20<01:13,  6.23it/s]
Extract:  21%|##        | 120/578 [00:20<01:15,  6.10it/s]
Extract:  21%|##        | 121/578 [00:20<01:30,  5.07it/s]
Extract:  21%|##1       | 123/578 [00:21<01:08,  6.62it/s]
Extract:  22%|##1       | 125/578 [00:21<01:11,  6.34it/s]
Extract:  22%|##1       | 126/578 [00:21<01:22,  5.46it/s]
Extract:  22%|##2       | 128/578 [00:21<01:10,  6.38it/s]
Extract:  22%|##2       | 130/578 [00:22<01:18,  5.70it/s]
Extract:  23%|##2       | 131/578 [00:22<01:32,  4.82it/s]
Extract:  23%|##2       | 132/578 [00:22<01:23,  5.32it/s]
Extract:  23%|##3       | 133/578 [00:22<01:26,  5.14it/s]
Extract:  23%|##3       | 135/578 [00:23<01:08,  6.46it/s]
Extract:  24%|##3       | 137/578 [00:23<01:25,  5.18it/s]
Extract:  24%|##3       | 138/578 [00:24<01:36,  4.54it/s]
Extract:  24%|##4       | 139/578 [00:24<01:32,  4.72it/s]
Extract:  25%|##4       | 143/578 [00:24<00:46,  9.36it/s]
Extract:  25%|##5       | 146/578 [00:24<00:49,  8.75it/s]
Extract:  26%|##5       | 148/578 [00:24<00:46,  9.33it/s]
Extract:  26%|##5       | 150/578 [00:25<01:07,  6.33it/s]
Extract:  26%|##6       | 152/578 [00:25<00:54,  7.78it/s]
Extract:  27%|##6       | 154/578 [00:26<01:11,  5.91it/s]
Extract:  27%|##6       | 155/578 [00:26<01:17,  5.44it/s]
Extract:  27%|##7       | 158/578 [00:26<00:53,  7.83it/s]
Extract:  28%|##7       | 160/578 [00:26<00:51,  8.11it/s]
Extract:  28%|##8       | 163/578 [00:27<00:54,  7.61it/s]
Extract:  29%|##8       | 165/578 [00:27<00:47,  8.73it/s]
Extract:  29%|##8       | 167/578 [00:27<00:59,  6.88it/s]
Extract:  29%|##9       | 168/578 [00:27<00:57,  7.08it/s]
Extract:  29%|##9       | 170/578 [00:28<00:51,  7.89it/s]
Extract:  30%|##9       | 172/578 [00:28<00:50,  8.10it/s]
Extract:  30%|##9       | 173/578 [00:28<01:12,  5.55it/s]
Extract:  30%|###       | 174/578 [00:28<01:09,  5.82it/s]
Extract:  30%|###       | 176/578 [00:29<00:56,  7.17it/s]
Extract:  31%|###       | 177/578 [00:29<01:20,  5.01it/s]
Extract:  31%|###       | 178/578 [00:29<01:13,  5.48it/s]
Extract:  31%|###       | 179/578 [00:29<01:14,  5.38it/s]
Extract:  31%|###1      | 180/578 [00:30<01:27,  4.53it/s]
Extract:  31%|###1      | 181/578 [00:30<01:40,  3.96it/s]
Extract:  31%|###1      | 182/578 [00:30<01:29,  4.42it/s]
Extract:  32%|###1      | 184/578 [00:30<01:15,  5.20it/s]
Extract:  32%|###2      | 185/578 [00:31<01:40,  3.91it/s]
Extract:  32%|###2      | 186/578 [00:31<01:28,  4.45it/s]
Extract:  33%|###2      | 188/578 [00:31<01:06,  5.83it/s]
Extract:  33%|###2      | 189/578 [00:32<01:46,  3.66it/s]
Extract:  33%|###3      | 191/578 [00:32<01:35,  4.05it/s]
Extract:  33%|###3      | 193/578 [00:32<01:10,  5.49it/s]
Extract:  34%|###3      | 196/578 [00:32<00:44,  8.53it/s]
Extract:  34%|###4      | 198/578 [00:33<01:14,  5.10it/s]
Extract:  35%|###4      | 201/578 [00:34<01:13,  5.12it/s]
Extract:  35%|###4      | 202/578 [00:34<01:19,  4.76it/s]
Extract:  35%|###5      | 203/578 [00:35<01:39,  3.76it/s]
Extract:  35%|###5      | 205/578 [00:35<01:12,  5.15it/s]
Extract:  36%|###5      | 206/578 [00:35<01:07,  5.48it/s]
Extract:  36%|###5      | 207/578 [00:35<01:14,  4.95it/s]
Extract:  36%|###6      | 209/578 [00:35<00:55,  6.70it/s]
Extract:  36%|###6      | 210/578 [00:35<00:51,  7.16it/s]
Extract:  37%|###6      | 212/578 [00:36<00:56,  6.46it/s]
Extract:  37%|###6      | 213/578 [00:36<00:52,  6.96it/s]
Extract:  37%|###7      | 215/578 [00:36<00:51,  7.03it/s]
Extract:  38%|###7      | 217/578 [00:36<00:50,  7.20it/s]
Extract:  38%|###8      | 220/578 [00:37<00:36,  9.86it/s]
Extract:  38%|###8      | 222/578 [00:37<00:30, 11.56it/s]
Extract:  39%|###8      | 224/578 [00:37<00:29, 11.88it/s]
Extract:  39%|###9      | 226/578 [00:37<00:50,  7.00it/s]
Extract:  39%|###9      | 228/578 [00:37<00:41,  8.47it/s]
Extract:  40%|###9      | 230/578 [00:38<00:51,  6.79it/s]
Extract:  40%|####      | 232/578 [00:38<00:54,  6.38it/s]
Extract:  40%|####      | 234/578 [00:38<00:48,  7.06it/s]
Extract:  41%|####      | 235/578 [00:39<00:52,  6.57it/s]
Extract:  41%|####      | 236/578 [00:39<01:09,  4.94it/s]
Extract:  41%|####1     | 237/578 [00:39<01:14,  4.58it/s]
Extract:  42%|####1     | 240/578 [00:40<00:48,  6.95it/s]
Extract:  42%|####2     | 243/578 [00:40<00:33,  9.96it/s]
Extract:  42%|####2     | 245/578 [00:40<00:44,  7.52it/s]
Extract:  43%|####2     | 247/578 [00:40<00:45,  7.26it/s]
Extract:  43%|####2     | 248/578 [00:41<00:56,  5.84it/s]
Extract:  43%|####3     | 249/578 [00:41<00:53,  6.20it/s]
Extract:  43%|####3     | 250/578 [00:41<00:49,  6.69it/s]
Extract:  43%|####3     | 251/578 [00:41<00:48,  6.79it/s]
Extract:  44%|####3     | 253/578 [00:41<00:37,  8.71it/s]
Extract:  44%|####4     | 255/578 [00:41<00:36,  8.93it/s]
Extract:  44%|####4     | 256/578 [00:42<00:53,  6.02it/s]
Extract:  44%|####4     | 257/578 [00:42<00:49,  6.55it/s]
Extract:  45%|####4     | 259/578 [00:42<00:38,  8.29it/s]
Extract:  45%|####5     | 261/578 [00:42<00:33,  9.60it/s]
Extract:  46%|####5     | 263/578 [00:43<01:02,  5.03it/s]
Extract:  46%|####5     | 265/578 [00:43<00:59,  5.25it/s]
Extract:  46%|####6     | 266/578 [00:44<00:59,  5.21it/s]
Extract:  46%|####6     | 267/578 [00:44<01:07,  4.58it/s]
Extract:  47%|####6     | 269/578 [00:44<01:00,  5.09it/s]
Extract:  47%|####7     | 273/578 [00:45<00:48,  6.25it/s]
Extract:  47%|####7     | 274/578 [00:45<01:05,  4.67it/s]
Extract:  48%|####7     | 275/578 [00:46<01:13,  4.15it/s]
Extract:  48%|####7     | 276/578 [00:46<01:11,  4.21it/s]
Extract:  48%|####7     | 277/578 [00:46<01:03,  4.72it/s]
Extract:  48%|####8     | 280/578 [00:46<00:54,  5.45it/s]
Extract:  49%|####8     | 282/578 [00:46<00:44,  6.70it/s]
Extract:  49%|####8     | 283/578 [00:47<00:48,  6.02it/s]
Extract:  49%|####9     | 285/578 [00:47<00:45,  6.44it/s]
Extract:  49%|####9     | 286/578 [00:47<00:46,  6.26it/s]
Extract:  50%|####9     | 287/578 [00:47<00:43,  6.62it/s]
Extract:  50%|#####     | 289/578 [00:48<00:47,  6.11it/s]
Extract:  50%|#####     | 290/578 [00:48<01:07,  4.25it/s]
Extract:  50%|#####     | 291/578 [00:48<01:06,  4.34it/s]
Extract:  51%|#####     | 293/578 [00:49<00:47,  6.02it/s]
Extract:  51%|#####     | 294/578 [00:49<00:43,  6.46it/s]
Extract:  51%|#####1    | 295/578 [00:49<00:59,  4.77it/s]
Extract:  51%|#####1    | 297/578 [00:49<00:55,  5.10it/s]
Extract:  52%|#####1    | 300/578 [00:50<00:37,  7.48it/s]
Extract:  52%|#####2    | 301/578 [00:50<00:48,  5.71it/s]
Extract:  52%|#####2    | 303/578 [00:50<00:36,  7.49it/s]
Extract:  53%|#####2    | 305/578 [00:51<00:49,  5.49it/s]
Extract:  53%|#####3    | 307/578 [00:51<00:48,  5.61it/s]
Extract:  53%|#####3    | 308/578 [00:51<00:51,  5.22it/s]
Extract:  53%|#####3    | 309/578 [00:52<01:00,  4.42it/s]
Extract:  54%|#####3    | 310/578 [00:52<00:56,  4.75it/s]
Extract:  54%|#####3    | 311/578 [00:52<01:20,  3.34it/s]
Extract:  54%|#####3    | 312/578 [00:53<01:23,  3.18it/s]
Extract:  54%|#####4    | 313/578 [00:53<01:08,  3.85it/s]
Extract:  54%|#####4    | 314/578 [00:53<01:09,  3.81it/s]
Extract:  55%|#####4    | 316/578 [00:53<00:54,  4.76it/s]
Extract:  55%|#####5    | 318/578 [00:54<00:52,  5.00it/s]
Extract:  55%|#####5    | 319/578 [00:54<00:48,  5.31it/s]
Extract:  55%|#####5    | 320/578 [00:54<01:01,  4.18it/s]
Extract:  56%|#####5    | 322/578 [00:55<00:52,  4.86it/s]
Extract:  56%|#####5    | 323/578 [00:55<00:48,  5.29it/s]
Extract:  56%|#####6    | 325/578 [00:55<00:34,  7.34it/s]
Extract:  56%|#####6    | 326/578 [00:55<00:36,  6.88it/s]
Extract:  57%|#####6    | 328/578 [00:55<00:32,  7.59it/s]
Extract:  57%|#####7    | 330/578 [00:55<00:28,  8.76it/s]
Extract:  57%|#####7    | 331/578 [00:56<00:31,  7.83it/s]
Extract:  57%|#####7    | 332/578 [00:56<00:37,  6.61it/s]
Extract:  58%|#####7    | 334/578 [00:56<00:27,  8.79it/s]
Extract:  58%|#####8    | 336/578 [00:56<00:23, 10.26it/s]
Extract:  58%|#####8    | 338/578 [00:56<00:21, 11.05it/s]
Extract:  59%|#####8    | 340/578 [00:56<00:22, 10.46it/s]
Extract:  59%|#####9    | 342/578 [00:57<00:27,  8.73it/s]
Extract:  60%|#####9    | 344/578 [00:57<00:35,  6.59it/s]
Extract:  60%|#####9    | 346/578 [00:57<00:29,  8.00it/s]
Extract:  60%|######    | 348/578 [00:57<00:24,  9.37it/s]
Extract:  61%|######    | 350/578 [00:58<00:30,  7.53it/s]
Extract:  61%|######    | 351/578 [00:58<00:40,  5.58it/s]
Extract:  61%|######1   | 353/578 [00:59<00:39,  5.66it/s]
Extract:  61%|######1   | 355/578 [00:59<00:32,  6.77it/s]
Extract:  62%|######1   | 356/578 [00:59<00:49,  4.46it/s]
Extract:  62%|######1   | 357/578 [01:00<01:04,  3.45it/s]
Extract:  62%|######2   | 359/578 [01:00<00:50,  4.32it/s]
Extract:  62%|######2   | 360/578 [01:00<00:52,  4.16it/s]
Extract:  62%|######2   | 361/578 [01:00<00:48,  4.51it/s]
Extract:  63%|######2   | 362/578 [01:01<01:06,  3.25it/s]
Extract:  63%|######2   | 363/578 [01:01<00:57,  3.75it/s]
Extract:  63%|######2   | 364/578 [01:01<00:49,  4.36it/s]
Extract:  63%|######3   | 365/578 [01:02<00:53,  4.01it/s]
Extract:  63%|######3   | 366/578 [01:02<00:51,  4.13it/s]
Extract:  63%|######3   | 367/578 [01:02<01:01,  3.41it/s]
Extract:  64%|######3   | 368/578 [01:03<01:02,  3.38it/s]
Extract:  64%|######3   | 369/578 [01:03<01:10,  2.95it/s]
Extract:  65%|######4   | 373/578 [01:03<00:36,  5.65it/s]
Extract:  65%|######4   | 374/578 [01:03<00:34,  5.98it/s]
Extract:  65%|######5   | 376/578 [01:04<00:30,  6.61it/s]
Extract:  65%|######5   | 377/578 [01:04<00:29,  6.75it/s]
Extract:  66%|######5   | 379/578 [01:04<00:23,  8.44it/s]
Extract:  66%|######5   | 380/578 [01:04<00:25,  7.89it/s]
Extract:  66%|######6   | 382/578 [01:04<00:26,  7.40it/s]
Extract:  66%|######6   | 384/578 [01:05<00:29,  6.50it/s]
Extract:  67%|######6   | 386/578 [01:05<00:24,  7.78it/s]
Extract:  67%|######6   | 387/578 [01:05<00:24,  7.69it/s]
Extract:  67%|######7   | 390/578 [01:05<00:17, 10.92it/s]
Extract:  68%|######7   | 392/578 [01:05<00:18,  9.84it/s]
Extract:  68%|######8   | 394/578 [01:06<00:21,  8.53it/s]
Extract:  68%|######8   | 395/578 [01:06<00:22,  8.03it/s]
Extract:  69%|######8   | 397/578 [01:06<00:19,  9.27it/s]
Extract:  69%|######9   | 399/578 [01:06<00:17, 10.09it/s]
Extract:  70%|######9   | 402/578 [01:06<00:13, 13.20it/s]
Extract:  70%|######9   | 404/578 [01:06<00:12, 14.38it/s]
Extract:  70%|#######   | 406/578 [01:07<00:17,  9.68it/s]
Extract:  71%|#######   | 408/578 [01:07<00:28,  6.04it/s]
Extract:  71%|#######   | 410/578 [01:08<00:24,  6.88it/s]
Extract:  71%|#######1  | 412/578 [01:08<00:20,  8.10it/s]
Extract:  72%|#######1  | 414/578 [01:08<00:21,  7.74it/s]
Extract:  72%|#######1  | 416/578 [01:08<00:20,  7.88it/s]
Extract:  72%|#######2  | 418/578 [01:09<00:20,  7.89it/s]
Extract:  72%|#######2  | 419/578 [01:09<00:21,  7.28it/s]
Extract:  73%|#######2  | 421/578 [01:09<00:26,  5.89it/s]
Extract:  73%|#######3  | 424/578 [01:09<00:19,  8.04it/s]
Extract:  74%|#######3  | 425/578 [01:10<00:28,  5.39it/s]
Extract:  74%|#######3  | 426/578 [01:10<00:27,  5.55it/s]
Extract:  74%|#######3  | 427/578 [01:11<00:36,  4.13it/s]
Extract:  74%|#######4  | 428/578 [01:11<00:40,  3.72it/s]
Extract:  74%|#######4  | 429/578 [01:11<00:44,  3.36it/s]
Extract:  75%|#######4  | 431/578 [01:11<00:29,  4.96it/s]
Extract:  75%|#######4  | 432/578 [01:12<00:28,  5.14it/s]
Extract:  75%|#######5  | 434/578 [01:12<00:32,  4.41it/s]
Extract:  75%|#######5  | 435/578 [01:12<00:28,  5.00it/s]
Extract:  76%|#######5  | 437/578 [01:12<00:21,  6.44it/s]
Extract:  76%|#######5  | 438/578 [01:13<00:21,  6.49it/s]
Extract:  76%|#######5  | 439/578 [01:13<00:24,  5.70it/s]
Extract:  76%|#######6  | 441/578 [01:13<00:25,  5.33it/s]
Extract:  77%|#######6  | 443/578 [01:13<00:19,  6.78it/s]
Extract:  77%|#######6  | 444/578 [01:14<00:18,  7.11it/s]
Extract:  77%|#######6  | 445/578 [01:14<00:26,  4.97it/s]
Extract:  78%|#######7  | 448/578 [01:14<00:15,  8.29it/s]
Extract:  78%|#######7  | 450/578 [01:15<00:21,  5.89it/s]
Extract:  78%|#######8  | 451/578 [01:15<00:30,  4.15it/s]
Extract:  78%|#######8  | 452/578 [01:15<00:26,  4.71it/s]
Extract:  79%|#######8  | 454/578 [01:15<00:20,  6.13it/s]
Extract:  79%|#######8  | 456/578 [01:16<00:16,  7.51it/s]
Extract:  79%|#######9  | 458/578 [01:16<00:15,  7.54it/s]
Extract:  80%|#######9  | 461/578 [01:16<00:12,  9.58it/s]
Extract:  80%|########  | 463/578 [01:16<00:12,  8.91it/s]
Extract:  81%|########  | 466/578 [01:16<00:10, 10.34it/s]
Extract:  81%|########  | 468/578 [01:17<00:17,  6.31it/s]
Extract:  81%|########1 | 470/578 [01:17<00:15,  6.76it/s]
Extract:  81%|########1 | 471/578 [01:18<00:16,  6.52it/s]
Extract:  82%|########1 | 472/578 [01:18<00:17,  6.19it/s]
Extract:  82%|########1 | 473/578 [01:18<00:16,  6.40it/s]
Extract:  82%|########2 | 474/578 [01:18<00:16,  6.24it/s]
Extract:  82%|########2 | 476/578 [01:19<00:18,  5.55it/s]
Extract:  83%|########2 | 478/578 [01:19<00:14,  6.94it/s]
Extract:  83%|########3 | 480/578 [01:19<00:12,  8.16it/s]
Extract:  83%|########3 | 481/578 [01:19<00:11,  8.39it/s]
Extract:  84%|########3 | 484/578 [01:19<00:08, 11.63it/s]
Extract:  84%|########4 | 487/578 [01:19<00:07, 12.80it/s]
Extract:  85%|########4 | 489/578 [01:20<00:10,  8.12it/s]
Extract:  85%|########4 | 491/578 [01:20<00:10,  7.96it/s]
Extract:  85%|########5 | 492/578 [01:20<00:11,  7.19it/s]
Extract:  85%|########5 | 493/578 [01:20<00:11,  7.44it/s]
Extract:  85%|########5 | 494/578 [01:20<00:11,  7.24it/s]
Extract:  86%|########5 | 497/578 [01:21<00:07, 10.94it/s]
Extract:  86%|########6 | 499/578 [01:21<00:10,  7.89it/s]
Extract:  87%|########6 | 501/578 [01:21<00:07,  9.65it/s]
Extract:  87%|########7 | 504/578 [01:21<00:07, 10.47it/s]
Extract:  88%|########7 | 506/578 [01:22<00:08,  8.07it/s]
Extract:  88%|########7 | 508/578 [01:22<00:08,  8.00it/s]
Extract:  88%|########8 | 510/578 [01:22<00:08,  7.76it/s]
Extract:  88%|########8 | 511/578 [01:23<00:09,  6.91it/s]
Extract:  89%|########8 | 512/578 [01:23<00:10,  6.43it/s]
Extract:  89%|########9 | 515/578 [01:23<00:07,  7.94it/s]
Extract:  89%|########9 | 516/578 [01:23<00:09,  6.31it/s]
Extract:  89%|########9 | 517/578 [01:23<00:09,  6.13it/s]
Extract:  90%|########9 | 519/578 [01:24<00:08,  7.11it/s]
Extract:  90%|########9 | 520/578 [01:24<00:07,  7.48it/s]
Extract:  90%|######### | 522/578 [01:24<00:06,  9.10it/s]
Extract:  90%|######### | 523/578 [01:24<00:06,  8.55it/s]
Extract:  91%|######### | 525/578 [01:24<00:05, 10.08it/s]
Extract:  91%|#########1| 527/578 [01:25<00:08,  5.96it/s]
Extract:  91%|#########1| 528/578 [01:25<00:07,  6.46it/s]
Extract:  92%|#########1| 530/578 [01:25<00:06,  7.61it/s]
Extract:  92%|#########2| 532/578 [01:25<00:05,  9.17it/s]
Extract:  92%|#########2| 534/578 [01:25<00:05,  8.58it/s]
Extract:  93%|#########2| 536/578 [01:26<00:04, 10.05it/s]
Extract:  93%|#########3| 538/578 [01:26<00:05,  7.61it/s]
Extract:  93%|#########3| 540/578 [01:26<00:04,  7.79it/s]
Extract:  94%|#########3| 541/578 [01:26<00:04,  7.55it/s]
Extract:  94%|#########3| 543/578 [01:27<00:04,  7.32it/s]
Extract:  94%|#########4| 546/578 [01:27<00:05,  6.34it/s]
Extract:  95%|#########4| 547/578 [01:28<00:06,  4.63it/s]
Extract:  95%|#########5| 550/578 [01:28<00:03,  7.07it/s]
Extract:  96%|#########5| 553/578 [01:28<00:03,  6.91it/s]
Extract:  96%|#########6| 555/578 [01:29<00:05,  4.58it/s]
Extract:  96%|#########6| 556/578 [01:30<00:05,  4.15it/s]
Extract:  96%|#########6| 557/578 [01:30<00:04,  4.28it/s]
Extract:  97%|#########6| 560/578 [01:30<00:03,  5.12it/s]
Extract:  97%|#########7| 561/578 [01:30<00:03,  5.29it/s]
Extract:  98%|#########7| 564/578 [01:31<00:02,  5.85it/s]
Extract:  98%|#########7| 565/578 [01:31<00:03,  4.28it/s]
Extract:  98%|#########8| 567/578 [01:32<00:02,  5.00it/s]
Extract:  98%|#########8| 568/578 [01:32<00:02,  3.89it/s]
Extract:  99%|#########8| 570/578 [01:32<00:01,  5.34it/s]
Extract:  99%|#########8| 572/578 [01:32<00:00,  6.67it/s]
Extract:  99%|#########9| 574/578 [01:32<00:00,  8.40it/s]
Extract: 100%|#########9| 576/578 [01:33<00:00,  6.17it/s]
Extract: 100%|##########| 578/578 [01:33<00:00,  6.18it/s]

Extract:   0%|          | 0/578 [00:00<?, ?it/s]
Extract:   0%|          | 2/578 [00:00<00:43, 13.39it/s]
Extract:   1%|          | 4/578 [00:00<01:08,  8.42it/s]
Extract:   1%|1         | 6/578 [00:00<01:03,  9.03it/s]
Extract:   1%|1         | 7/578 [00:00<01:28,  6.46it/s]
Extract:   1%|1         | 8/578 [00:01<02:03,  4.63it/s]
Extract:   2%|1         | 9/578 [00:01<02:10,  4.35it/s]
Extract:   2%|1         | 10/578 [00:01<02:02,  4.63it/s]
Extract:   2%|1         | 11/578 [00:01<01:57,  4.82it/s]
Extract:   2%|2         | 12/578 [00:02<02:26,  3.87it/s]
Extract:   2%|2         | 13/578 [00:02<02:00,  4.70it/s]
Extract:   2%|2         | 14/578 [00:02<02:16,  4.13it/s]
Extract:   3%|2         | 15/578 [00:03<02:57,  3.18it/s]
Extract:   3%|2         | 16/578 [00:03<02:51,  3.28it/s]
Extract:   3%|3         | 19/578 [00:03<01:29,  6.25it/s]
Extract:   4%|3         | 21/578 [00:04<01:46,  5.22it/s]
Extract:   4%|3         | 22/578 [00:04<01:40,  5.55it/s]
Extract:   4%|3         | 23/578 [00:04<01:47,  5.14it/s]
Extract:   4%|4         | 24/578 [00:04<01:38,  5.63it/s]
Extract:   4%|4         | 26/578 [00:04<01:10,  7.80it/s]
Extract:   5%|4         | 28/578 [00:05<01:37,  5.62it/s]
Extract:   5%|5         | 29/578 [00:05<01:41,  5.43it/s]
Extract:   5%|5         | 30/578 [00:05<01:33,  5.85it/s]
Extract:   5%|5         | 31/578 [00:05<01:37,  5.60it/s]
Extract:   6%|5         | 34/578 [00:05<00:59,  9.12it/s]
Extract:   6%|6         | 36/578 [00:06<00:51, 10.55it/s]
Extract:   7%|6         | 38/578 [00:06<00:58,  9.30it/s]
Extract:   7%|6         | 40/578 [00:06<00:53,  9.98it/s]
Extract:   7%|7         | 42/578 [00:07<01:28,  6.07it/s]
Extract:   7%|7         | 43/578 [00:07<01:54,  4.67it/s]
Extract:   8%|7         | 46/578 [00:07<01:14,  7.13it/s]
Extract:   8%|8         | 48/578 [00:07<01:03,  8.36it/s]
Extract:   9%|8         | 50/578 [00:08<01:28,  5.93it/s]
Extract:   9%|8         | 51/578 [00:08<01:47,  4.89it/s]
Extract:   9%|8         | 52/578 [00:09<02:06,  4.17it/s]
Extract:   9%|9         | 54/578 [00:09<02:07,  4.11it/s]
Extract:  10%|9         | 55/578 [00:09<02:06,  4.14it/s]
Extract:  10%|9         | 56/578 [00:10<01:50,  4.72it/s]
Extract:  10%|#         | 58/578 [00:10<01:31,  5.69it/s]
Extract:  10%|#         | 59/578 [00:10<01:29,  5.80it/s]
Extract:  10%|#         | 60/578 [00:10<01:40,  5.17it/s]
Extract:  11%|#         | 61/578 [00:11<01:58,  4.37it/s]
Extract:  11%|#         | 63/578 [00:11<01:21,  6.32it/s]
Extract:  11%|#1        | 64/578 [00:11<01:29,  5.76it/s]
Extract:  11%|#1        | 65/578 [00:11<02:01,  4.23it/s]
Extract:  12%|#1        | 67/578 [00:12<02:04,  4.09it/s]
Extract:  12%|#1        | 69/578 [00:12<01:40,  5.08it/s]
Extract:  12%|#2        | 71/578 [00:12<01:18,  6.43it/s]
Extract:  13%|#2        | 73/578 [00:13<01:33,  5.38it/s]
Extract:  13%|#2        | 75/578 [00:13<01:12,  6.90it/s]
Extract:  13%|#3        | 76/578 [00:13<01:27,  5.73it/s]
Extract:  13%|#3        | 77/578 [00:14<02:10,  3.84it/s]
Extract:  14%|#3        | 79/578 [00:14<01:39,  5.01it/s]
Extract:  14%|#3        | 80/578 [00:14<01:35,  5.21it/s]
Extract:  14%|#4        | 81/578 [00:14<01:30,  5.51it/s]
Extract:  14%|#4        | 82/578 [00:14<01:22,  5.99it/s]
Extract:  14%|#4        | 83/578 [00:15<01:26,  5.70it/s]
Extract:  15%|#4        | 84/578 [00:15<02:36,  3.16it/s]
Extract:  15%|#4        | 85/578 [00:15<02:08,  3.83it/s]
Extract:  15%|#4        | 86/578 [00:16<01:53,  4.32it/s]
Extract:  15%|#5        | 88/578 [00:16<01:15,  6.48it/s]
Extract:  15%|#5        | 89/578 [00:16<01:55,  4.22it/s]
Extract:  16%|#5        | 90/578 [00:16<01:42,  4.77it/s]
Extract:  16%|#5        | 91/578 [00:17<02:03,  3.93it/s]
Extract:  16%|#5        | 92/578 [00:17<02:16,  3.55it/s]
Extract:  16%|#6        | 94/578 [00:17<01:37,  4.99it/s]
Extract:  17%|#6        | 96/578 [00:18<01:41,  4.73it/s]
Extract:  17%|#6        | 97/578 [00:18<01:31,  5.27it/s]
Extract:  17%|#6        | 98/578 [00:18<01:38,  4.86it/s]
Extract:  17%|#7        | 100/578 [00:18<01:24,  5.64it/s]
Extract:  17%|#7        | 101/578 [00:18<01:16,  6.24it/s]
Extract:  18%|#7        | 104/578 [00:18<00:46, 10.12it/s]
Extract:  18%|#8        | 106/578 [00:19<00:56,  8.40it/s]
Extract:  19%|#8        | 108/578 [00:19<01:22,  5.69it/s]
Extract:  19%|#9        | 110/578 [00:20<01:11,  6.53it/s]
Extract:  19%|#9        | 111/578 [00:20<01:11,  6.53it/s]
Extract:  20%|#9        | 113/578 [00:20<01:09,  6.73it/s]
Extract:  20%|#9        | 114/578 [00:20<01:06,  7.01it/s]
Extract:  20%|#9        | 115/578 [00:20<01:02,  7.36it/s]
Extract:  20%|##        | 116/578 [00:21<01:13,  6.31it/s]
Extract:  20%|##        | 117/578 [00:21<01:39,  4.63it/s]
Extract:  21%|##        | 120/578 [00:21<01:30,  5.07it/s]
Extract:  21%|##        | 121/578 [00:22<01:58,  3.86it/s]
Extract:  21%|##1       | 123/578 [00:22<01:30,  5.02it/s]
Extract:  21%|##1       | 124/578 [00:22<01:23,  5.41it/s]
Extract:  22%|##1       | 125/578 [00:23<02:05,  3.60it/s]
Extract:  22%|##1       | 126/578 [00:23<02:00,  3.74it/s]
Extract:  22%|##2       | 128/578 [00:23<01:30,  4.95it/s]
Extract:  22%|##2       | 130/578 [00:24<01:33,  4.77it/s]
Extract:  23%|##2       | 131/578 [00:24<01:47,  4.16it/s]
Extract:  23%|##2       | 132/578 [00:24<01:39,  4.48it/s]
Extract:  23%|##3       | 133/578 [00:25<01:47,  4.13it/s]
Extract:  23%|##3       | 134/578 [00:25<01:37,  4.57it/s]
Extract:  23%|##3       | 135/578 [00:25<01:30,  4.92it/s]
Extract:  24%|##3       | 136/578 [00:25<01:23,  5.29it/s]
Extract:  24%|##3       | 137/578 [00:25<01:55,  3.80it/s]
Extract:  24%|##3       | 138/578 [00:26<02:30,  2.92it/s]
Extract:  24%|##4       | 139/578 [00:26<02:18,  3.17it/s]
Extract:  25%|##4       | 142/578 [00:26<01:12,  6.04it/s]
Extract:  25%|##5       | 146/578 [00:27<01:10,  6.10it/s]
Extract:  25%|##5       | 147/578 [00:27<01:10,  6.07it/s]
Extract:  26%|##5       | 148/578 [00:27<01:10,  6.10it/s]
Extract:  26%|##5       | 149/578 [00:28<01:40,  4.28it/s]
Extract:  26%|##5       | 150/578 [00:28<01:29,  4.76it/s]
Extract:  26%|##6       | 153/578 [00:29<01:21,  5.21it/s]
Extract:  27%|##6       | 154/578 [00:29<01:27,  4.86it/s]
Extract:  27%|##6       | 155/578 [00:29<01:53,  3.74it/s]
Extract:  27%|##7       | 157/578 [00:29<01:20,  5.23it/s]
Extract:  28%|##7       | 159/578 [00:30<01:03,  6.56it/s]
Extract:  28%|##7       | 160/578 [00:30<01:12,  5.75it/s]
Extract:  28%|##8       | 162/578 [00:30<00:53,  7.76it/s]
Extract:  28%|##8       | 164/578 [00:31<01:13,  5.62it/s]
Extract:  29%|##8       | 165/578 [00:31<01:10,  5.83it/s]
Extract:  29%|##8       | 166/578 [00:31<01:06,  6.17it/s]
Extract:  29%|##8       | 167/578 [00:31<01:24,  4.87it/s]
Extract:  29%|##9       | 168/578 [00:31<01:14,  5.50it/s]
Extract:  29%|##9       | 169/578 [00:31<01:06,  6.19it/s]
Extract:  29%|##9       | 170/578 [00:31<01:03,  6.44it/s]
Extract:  30%|##9       | 172/578 [00:32<01:04,  6.34it/s]
Extract:  30%|##9       | 173/578 [00:32<01:45,  3.85it/s]
Extract:  30%|###       | 174/578 [00:33<01:32,  4.37it/s]
Extract:  30%|###       | 176/578 [00:33<01:07,  5.93it/s]
Extract:  31%|###       | 177/578 [00:33<01:22,  4.84it/s]
Extract:  31%|###       | 179/578 [00:33<01:03,  6.33it/s]
Extract:  31%|###1      | 180/578 [00:34<01:20,  4.93it/s]
Extract:  31%|###1      | 181/578 [00:34<01:37,  4.09it/s]
Extract:  31%|###1      | 182/578 [00:34<01:30,  4.39it/s]
Extract:  32%|###1      | 184/578 [00:34<01:14,  5.27it/s]
Extract:  32%|###2      | 185/578 [00:35<01:45,  3.73it/s]
Extract:  32%|###2      | 187/578 [00:35<01:11,  5.49it/s]
Extract:  33%|###2      | 188/578 [00:35<01:07,  5.74it/s]
Extract:  33%|###2      | 189/578 [00:36<01:23,  4.64it/s]
Extract:  33%|###3      | 191/578 [00:36<01:16,  5.03it/s]
Extract:  33%|###3      | 193/578 [00:36<00:59,  6.51it/s]
Extract:  34%|###3      | 195/578 [00:36<00:46,  8.18it/s]
Extract:  34%|###4      | 197/578 [00:37<01:02,  6.08it/s]
Extract:  34%|###4      | 198/578 [00:37<01:04,  5.85it/s]
Extract:  35%|###4      | 201/578 [00:37<01:07,  5.56it/s]
Extract:  35%|###4      | 202/578 [00:38<01:06,  5.69it/s]
Extract:  35%|###5      | 203/578 [00:38<01:27,  4.26it/s]
Extract:  36%|###5      | 206/578 [00:38<01:00,  6.15it/s]
Extract:  36%|###5      | 207/578 [00:39<01:11,  5.21it/s]
Extract:  36%|###6      | 209/578 [00:39<00:57,  6.38it/s]
Extract:  36%|###6      | 210/578 [00:39<00:58,  6.25it/s]
Extract:  37%|###6      | 212/578 [00:39<01:02,  5.90it/s]
Extract:  37%|###6      | 213/578 [00:39<00:57,  6.35it/s]
Extract:  37%|###7      | 215/578 [00:40<00:54,  6.61it/s]
Extract:  38%|###7      | 217/578 [00:40<00:45,  7.89it/s]
Extract:  38%|###8      | 220/578 [00:40<00:34, 10.32it/s]
Extract:  38%|###8      | 222/578 [00:40<00:31, 11.30it/s]
Extract:  39%|###8      | 224/578 [00:40<00:36,  9.67it/s]
Extract:  39%|###9      | 226/578 [00:41<00:54,  6.42it/s]
Extract:  39%|###9      | 227/578 [00:41<00:51,  6.80it/s]
Extract:  40%|###9      | 229/578 [00:41<00:55,  6.27it/s]
Extract:  40%|###9      | 230/578 [00:42<01:02,  5.58it/s]
Extract:  40%|###9      | 231/578 [00:42<01:03,  5.45it/s]
Extract:  40%|####      | 232/578 [00:42<00:57,  5.99it/s]
Extract:  40%|####      | 234/578 [00:42<00:44,  7.65it/s]
Extract:  41%|####      | 236/578 [00:43<00:57,  5.99it/s]
Extract:  41%|####1     | 237/578 [00:43<01:12,  4.70it/s]
Extract:  41%|####1     | 239/578 [00:43<00:52,  6.42it/s]
Extract:  42%|####1     | 240/578 [00:43<00:51,  6.58it/s]
Extract:  42%|####1     | 242/578 [00:43<00:39,  8.44it/s]
Extract:  42%|####2     | 244/578 [00:44<00:54,  6.11it/s]
Extract:  42%|####2     | 245/578 [00:44<00:54,  6.12it/s]
Extract:  43%|####2     | 247/578 [00:44<00:57,  5.76it/s]
Extract:  43%|####2     | 248/578 [00:45<01:11,  4.60it/s]
Extract:  43%|####3     | 249/578 [00:45<01:04,  5.11it/s]
Extract:  43%|####3     | 250/578 [00:45<00:56,  5.77it/s]
Extract:  43%|####3     | 251/578 [00:45<00:51,  6.33it/s]
Extract:  44%|####3     | 254/578 [00:45<00:30, 10.68it/s]
Extract:  44%|####4     | 256/578 [00:46<00:52,  6.08it/s]
Extract:  45%|####4     | 258/578 [00:46<00:41,  7.66it/s]
Extract:  45%|####4     | 260/578 [00:46<00:35,  9.00it/s]
Extract:  45%|####5     | 262/578 [00:46<00:36,  8.59it/s]
Extract:  46%|####5     | 264/578 [00:47<00:45,  6.83it/s]
Extract:  46%|####5     | 265/578 [00:47<00:52,  5.98it/s]
Extract:  46%|####6     | 266/578 [00:47<00:56,  5.56it/s]
Extract:  46%|####6     | 267/578 [00:48<01:07,  4.59it/s]
Extract:  46%|####6     | 268/578 [00:48<01:00,  5.12it/s]
Extract:  47%|####6     | 269/578 [00:48<01:22,  3.77it/s]
Extract:  47%|####7     | 273/578 [00:49<00:57,  5.31it/s]
Extract:  47%|####7     | 274/578 [00:49<01:14,  4.10it/s]
Extract:  48%|####7     | 275/578 [00:50<01:20,  3.75it/s]
Extract:  48%|####7     | 276/578 [00:50<01:14,  4.04it/s]
Extract:  48%|####7     | 277/578 [00:50<01:05,  4.58it/s]
Extract:  48%|####8     | 280/578 [00:50<00:55,  5.36it/s]
Extract:  49%|####8     | 282/578 [00:51<00:44,  6.64it/s]
Extract:  49%|####8     | 283/578 [00:51<00:50,  5.79it/s]
Extract:  49%|####9     | 285/578 [00:51<00:47,  6.12it/s]
Extract:  49%|####9     | 286/578 [00:52<00:58,  4.96it/s]
Extract:  50%|####9     | 287/578 [00:52<00:52,  5.53it/s]
Extract:  50%|#####     | 289/578 [00:52<00:47,  6.03it/s]
Extract:  50%|#####     | 290/578 [00:52<01:04,  4.44it/s]
Extract:  51%|#####     | 292/578 [00:53<00:46,  6.21it/s]
Extract:  51%|#####     | 294/578 [00:53<00:39,  7.23it/s]
Extract:  51%|#####1    | 295/578 [00:53<00:58,  4.82it/s]
Extract:  51%|#####1    | 296/578 [00:53<00:53,  5.27it/s]
Extract:  51%|#####1    | 297/578 [00:54<01:10,  4.00it/s]
Extract:  52%|#####1    | 299/578 [00:54<00:48,  5.78it/s]
Extract:  52%|#####1    | 300/578 [00:54<00:44,  6.31it/s]
Extract:  52%|#####2    | 301/578 [00:54<00:53,  5.15it/s]
Extract:  52%|#####2    | 303/578 [00:54<00:37,  7.29it/s]
Extract:  53%|#####2    | 305/578 [00:55<01:08,  4.00it/s]
Extract:  53%|#####3    | 307/578 [00:56<00:59,  4.58it/s]
Extract:  53%|#####3    | 308/578 [00:56<01:00,  4.46it/s]
Extract:  53%|#####3    | 309/578 [00:56<01:14,  3.62it/s]
Extract:  54%|#####3    | 310/578 [00:57<01:12,  3.69it/s]
Extract:  54%|#####3    | 311/578 [00:57<01:29,  2.97it/s]
Extract:  54%|#####3    | 312/578 [00:58<01:45,  2.53it/s]
Extract:  54%|#####4    | 313/578 [00:58<01:24,  3.13it/s]
Extract:  54%|#####4    | 314/578 [00:58<01:22,  3.20it/s]
Extract:  55%|#####4    | 316/578 [00:58<01:09,  3.75it/s]
Extract:  55%|#####5    | 318/578 [00:59<01:00,  4.31it/s]
Extract:  55%|#####5    | 319/578 [00:59<01:05,  3.98it/s]
Extract:  55%|#####5    | 320/578 [01:00<01:15,  3.40it/s]
Extract:  56%|#####5    | 321/578 [01:00<01:03,  4.03it/s]
Extract:  56%|#####5    | 322/578 [01:00<01:02,  4.12it/s]
Extract:  56%|#####5    | 323/578 [01:00<00:53,  4.77it/s]
Extract:  56%|#####6    | 325/578 [01:00<00:35,  7.03it/s]
Extract:  56%|#####6    | 326/578 [01:00<00:35,  7.10it/s]
Extract:  57%|#####6    | 328/578 [01:00<00:30,  8.08it/s]
Extract:  57%|#####7    | 330/578 [01:01<00:26,  9.50it/s]
Extract:  57%|#####7    | 332/578 [01:01<00:30,  8.17it/s]
Extract:  58%|#####7    | 335/578 [01:01<00:23, 10.30it/s]
Extract:  58%|#####8    | 337/578 [01:01<00:21, 11.01it/s]
Extract:  59%|#####8    | 339/578 [01:01<00:20, 11.46it/s]
Extract:  59%|#####8    | 341/578 [01:02<00:21, 10.96it/s]
Extract:  59%|#####9    | 343/578 [01:02<00:20, 11.31it/s]
Extract:  60%|#####9    | 345/578 [01:03<00:41,  5.66it/s]
Extract:  60%|######    | 347/578 [01:03<00:34,  6.74it/s]
Extract:  60%|######    | 349/578 [01:03<00:37,  6.11it/s]
Extract:  61%|######    | 350/578 [01:03<00:35,  6.51it/s]
Extract:  61%|######    | 351/578 [01:04<01:06,  3.41it/s]
Extract:  61%|######1   | 353/578 [01:04<00:53,  4.19it/s]
Extract:  61%|######1   | 355/578 [01:05<00:41,  5.38it/s]
Extract:  62%|######1   | 356/578 [01:05<00:58,  3.82it/s]
Extract:  62%|######1   | 357/578 [01:05<01:00,  3.66it/s]
Extract:  62%|######2   | 359/578 [01:06<00:46,  4.71it/s]
Extract:  62%|######2   | 360/578 [01:06<00:44,  4.88it/s]
Extract:  63%|######2   | 362/578 [01:06<00:43,  5.01it/s]
Extract:  63%|######2   | 364/578 [01:06<00:32,  6.58it/s]
Extract:  63%|######3   | 365/578 [01:07<00:32,  6.61it/s]
Extract:  63%|######3   | 366/578 [01:07<00:32,  6.44it/s]
Extract:  63%|######3   | 367/578 [01:07<00:53,  3.91it/s]
Extract:  64%|######3   | 368/578 [01:07<00:51,  4.08it/s]
Extract:  64%|######3   | 369/578 [01:08<01:03,  3.29it/s]
Extract:  65%|######4   | 373/578 [01:08<00:35,  5.83it/s]
Extract:  65%|######4   | 375/578 [01:08<00:28,  7.22it/s]
Extract:  65%|######5   | 376/578 [01:09<00:29,  6.89it/s]
Extract:  65%|######5   | 377/578 [01:09<00:30,  6.49it/s]
Extract:  65%|######5   | 378/578 [01:09<00:28,  7.00it/s]
Extract:  66%|######5   | 380/578 [01:09<00:29,  6.61it/s]
Extract:  66%|######5   | 381/578 [01:09<00:29,  6.68it/s]
Extract:  66%|######6   | 382/578 [01:10<00:37,  5.23it/s]
Extract:  66%|######6   | 383/578 [01:10<00:33,  5.86it/s]
Extract:  66%|######6   | 384/578 [01:10<00:39,  4.88it/s]
Extract:  67%|######6   | 386/578 [01:10<00:29,  6.61it/s]
Extract:  67%|######6   | 387/578 [01:10<00:30,  6.27it/s]
Extract:  67%|######7   | 390/578 [01:11<00:19,  9.41it/s]
Extract:  68%|######7   | 392/578 [01:11<00:19,  9.36it/s]
Extract:  68%|######8   | 394/578 [01:11<00:22,  8.12it/s]
Extract:  68%|######8   | 395/578 [01:11<00:24,  7.48it/s]
Extract:  69%|######8   | 397/578 [01:12<00:23,  7.85it/s]
Extract:  69%|######9   | 399/578 [01:12<00:19,  9.03it/s]
Extract:  70%|######9   | 402/578 [01:12<00:15, 11.69it/s]
Extract:  70%|######9   | 404/578 [01:12<00:13, 12.58it/s]
Extract:  70%|#######   | 406/578 [01:12<00:17,  9.91it/s]
Extract:  71%|#######   | 408/578 [01:13<00:33,  5.01it/s]
Extract:  71%|#######   | 410/578 [01:13<00:27,  6.07it/s]
Extract:  71%|#######1  | 412/578 [01:13<00:22,  7.30it/s]
Extract:  72%|#######1  | 414/578 [01:14<00:23,  7.00it/s]
Extract:  72%|#######1  | 415/578 [01:14<00:22,  7.34it/s]
Extract:  72%|#######1  | 416/578 [01:14<00:22,  7.14it/s]
Extract:  72%|#######2  | 418/578 [01:14<00:20,  7.64it/s]
Extract:  72%|#######2  | 419/578 [01:14<00:23,  6.63it/s]
Extract:  73%|#######2  | 421/578 [01:15<00:35,  4.43it/s]
Extract:  73%|#######3  | 424/578 [01:15<00:23,  6.61it/s]
Extract:  74%|#######3  | 425/578 [01:16<00:25,  5.89it/s]
Extract:  74%|#######3  | 426/578 [01:16<00:24,  6.26it/s]
Extract:  74%|#######3  | 427/578 [01:16<00:31,  4.86it/s]
Extract:  74%|#######4  | 428/578 [01:17<00:43,  3.48it/s]
Extract:  74%|#######4  | 429/578 [01:17<00:55,  2.66it/s]
Extract:  75%|#######4  | 431/578 [01:17<00:35,  4.15it/s]
Extract:  75%|#######4  | 432/578 [01:18<00:32,  4.45it/s]
Extract:  75%|#######5  | 434/578 [01:18<00:31,  4.53it/s]
Extract:  75%|#######5  | 435/578 [01:18<00:28,  5.00it/s]
Extract:  76%|#######5  | 437/578 [01:18<00:22,  6.35it/s]
Extract:  76%|#######5  | 438/578 [01:18<00:20,  6.69it/s]
Extract:  76%|#######5  | 439/578 [01:19<00:22,  6.21it/s]
Extract:  76%|#######6  | 441/578 [01:19<00:23,  5.92it/s]
Extract:  76%|#######6  | 442/578 [01:19<00:21,  6.37it/s]
Extract:  77%|#######6  | 444/578 [01:19<00:17,  7.56it/s]
Extract:  77%|#######6  | 445/578 [01:20<00:25,  5.14it/s]
Extract:  78%|#######7  | 448/578 [01:20<00:15,  8.32it/s]
Extract:  78%|#######7  | 450/578 [01:20<00:19,  6.41it/s]
Extract:  78%|#######8  | 451/578 [01:21<00:25,  4.89it/s]
Extract:  78%|#######8  | 453/578 [01:21<00:19,  6.32it/s]
Extract:  79%|#######8  | 454/578 [01:21<00:18,  6.71it/s]
Extract:  79%|#######8  | 456/578 [01:21<00:14,  8.23it/s]
Extract:  79%|#######9  | 458/578 [01:22<00:21,  5.63it/s]
Extract:  80%|#######9  | 461/578 [01:22<00:15,  7.56it/s]
Extract:  80%|########  | 463/578 [01:22<00:15,  7.22it/s]
Extract:  81%|########  | 466/578 [01:22<00:13,  8.58it/s]
Extract:  81%|########  | 468/578 [01:23<00:19,  5.55it/s]
Extract:  81%|########1 | 469/578 [01:23<00:18,  5.90it/s]
Extract:  81%|########1 | 470/578 [01:23<00:18,  5.75it/s]
Extract:  81%|########1 | 471/578 [01:24<00:20,  5.17it/s]
Extract:  82%|########1 | 472/578 [01:24<00:21,  4.89it/s]
Extract:  82%|########1 | 473/578 [01:24<00:19,  5.28it/s]
Extract:  82%|########2 | 474/578 [01:24<00:20,  5.00it/s]
Extract:  82%|########2 | 475/578 [01:24<00:17,  5.76it/s]
Extract:  82%|########2 | 476/578 [01:25<00:23,  4.43it/s]
Extract:  83%|########2 | 477/578 [01:25<00:19,  5.10it/s]
Extract:  83%|########2 | 479/578 [01:25<00:16,  6.14it/s]
Extract:  83%|########3 | 481/578 [01:25<00:14,  6.74it/s]
Extract:  84%|########3 | 483/578 [01:26<00:11,  8.34it/s]
Extract:  84%|########3 | 485/578 [01:26<00:09, 10.04it/s]
Extract:  84%|########4 | 487/578 [01:26<00:09, 10.01it/s]
Extract:  85%|########4 | 489/578 [01:27<00:17,  5.15it/s]
Extract:  85%|########4 | 490/578 [01:27<00:15,  5.50it/s]
Extract:  85%|########4 | 491/578 [01:27<00:16,  5.28it/s]
Extract:  85%|########5 | 492/578 [01:27<00:15,  5.54it/s]
Extract:  85%|########5 | 493/578 [01:27<00:14,  5.73it/s]
Extract:  85%|########5 | 494/578 [01:27<00:13,  6.11it/s]
Extract:  86%|########5 | 496/578 [01:28<00:09,  8.41it/s]
Extract:  86%|########6 | 498/578 [01:28<00:13,  5.82it/s]
Extract:  87%|########6 | 501/578 [01:28<00:09,  8.00it/s]
Extract:  87%|########7 | 503/578 [01:28<00:07,  9.73it/s]
Extract:  87%|########7 | 505/578 [01:29<00:12,  5.90it/s]
Extract:  88%|########7 | 507/578 [01:29<00:09,  7.24it/s]
Extract:  88%|########8 | 509/578 [01:29<00:08,  7.76it/s]
Extract:  88%|########8 | 511/578 [01:30<00:09,  6.99it/s]
Extract:  89%|########8 | 512/578 [01:30<00:09,  6.90it/s]
Extract:  89%|########9 | 515/578 [01:30<00:07,  8.48it/s]
Extract:  89%|########9 | 516/578 [01:30<00:09,  6.43it/s]
Extract:  89%|########9 | 517/578 [01:31<00:10,  5.80it/s]
Extract:  90%|########9 | 519/578 [01:31<00:09,  6.26it/s]
Extract:  90%|########9 | 520/578 [01:31<00:08,  6.47it/s]
Extract:  90%|######### | 522/578 [01:31<00:07,  7.92it/s]
Extract:  90%|######### | 523/578 [01:31<00:07,  7.75it/s]
Extract:  91%|######### | 525/578 [01:32<00:05,  9.48it/s]
Extract:  91%|#########1| 527/578 [01:32<00:09,  5.16it/s]
Extract:  92%|#########1| 529/578 [01:32<00:07,  6.26it/s]
Extract:  92%|#########1| 530/578 [01:33<00:07,  6.50it/s]
Extract:  92%|#########1| 531/578 [01:33<00:06,  6.87it/s]
Extract:  92%|#########2| 532/578 [01:33<00:06,  7.28it/s]
Extract:  92%|#########2| 533/578 [01:33<00:07,  6.40it/s]
Extract:  92%|#########2| 534/578 [01:33<00:08,  5.42it/s]
Extract:  93%|#########2| 536/578 [01:33<00:05,  7.69it/s]
Extract:  93%|#########2| 537/578 [01:34<00:06,  6.82it/s]
Extract:  93%|#########3| 538/578 [01:34<00:06,  6.23it/s]
Extract:  93%|#########3| 540/578 [01:34<00:05,  6.80it/s]
Extract:  94%|#########3| 541/578 [01:34<00:05,  7.04it/s]
Extract:  94%|#########3| 543/578 [01:34<00:04,  7.63it/s]
Extract:  94%|#########4| 546/578 [01:35<00:04,  7.03it/s]
Extract:  95%|#########4| 547/578 [01:36<00:07,  4.27it/s]
Extract:  95%|#########5| 550/578 [01:36<00:04,  6.46it/s]
Extract:  96%|#########5| 553/578 [01:36<00:04,  6.24it/s]
Extract:  96%|#########5| 554/578 [01:37<00:04,  5.09it/s]
Extract:  96%|#########6| 555/578 [01:37<00:05,  4.47it/s]
Extract:  96%|#########6| 556/578 [01:37<00:04,  4.71it/s]
Extract:  96%|#########6| 557/578 [01:38<00:05,  3.72it/s]
Extract:  97%|#########6| 560/578 [01:38<00:03,  4.72it/s]
Extract:  97%|#########7| 561/578 [01:38<00:03,  4.66it/s]
Extract:  98%|#########7| 564/578 [01:39<00:02,  5.49it/s]
Extract:  98%|#########7| 565/578 [01:39<00:02,  4.78it/s]
Extract:  98%|#########7| 566/578 [01:39<00:02,  5.23it/s]
Extract:  98%|#########8| 567/578 [01:39<00:02,  5.15it/s]
Extract:  98%|#########8| 568/578 [01:40<00:02,  4.27it/s]
Extract:  99%|#########8| 571/578 [01:40<00:00,  7.45it/s]
Extract:  99%|#########9| 573/578 [01:40<00:00,  8.34it/s]
Extract:  99%|#########9| 575/578 [01:40<00:00,  9.09it/s]
Extract: 100%|#########9| 577/578 [01:41<00:00,  6.65it/s]
Extract: 100%|##########| 578/578 [01:41<00:00,  5.71it/s]

Extract:   0%|          | 0/578 [00:00<?, ?it/s]
Extract:   0%|          | 2/578 [00:00<00:43, 13.29it/s]
Extract:   1%|          | 4/578 [00:00<01:30,  6.35it/s]
Extract:   1%|          | 5/578 [00:00<01:32,  6.20it/s]
Extract:   1%|1         | 6/578 [00:00<01:29,  6.39it/s]
Extract:   1%|1         | 7/578 [00:01<01:50,  5.15it/s]
Extract:   1%|1         | 8/578 [00:01<02:15,  4.21it/s]
Extract:   2%|1         | 9/578 [00:01<02:38,  3.58it/s]
Extract:   2%|1         | 10/578 [00:02<02:38,  3.59it/s]
Extract:   2%|1         | 11/578 [00:02<02:35,  3.66it/s]
Extract:   2%|2         | 12/578 [00:03<03:26,  2.75it/s]
Extract:   2%|2         | 13/578 [00:03<02:49,  3.34it/s]
Extract:   2%|2         | 14/578 [00:03<03:43,  2.52it/s]
Extract:   3%|2         | 15/578 [00:04<04:06,  2.28it/s]
Extract:   3%|2         | 16/578 [00:04<03:22,  2.77it/s]
Extract:   3%|3         | 18/578 [00:04<02:01,  4.60it/s]
Extract:   3%|3         | 20/578 [00:04<01:28,  6.34it/s]
Extract:   4%|3         | 22/578 [00:05<02:07,  4.36it/s]
Extract:   4%|3         | 23/578 [00:05<02:19,  3.99it/s]
Extract:   4%|4         | 24/578 [00:05<02:06,  4.37it/s]
Extract:   4%|4         | 26/578 [00:06<01:31,  6.02it/s]
Extract:   5%|4         | 27/578 [00:06<02:26,  3.76it/s]
Extract:   5%|4         | 28/578 [00:06<02:09,  4.25it/s]
Extract:   5%|5         | 29/578 [00:06<02:00,  4.57it/s]
Extract:   5%|5         | 30/578 [00:07<02:02,  4.46it/s]
Extract:   5%|5         | 31/578 [00:07<02:09,  4.22it/s]
Extract:   6%|5         | 33/578 [00:07<01:26,  6.32it/s]
Extract:   6%|6         | 35/578 [00:07<01:07,  8.00it/s]
Extract:   6%|6         | 37/578 [00:08<01:09,  7.83it/s]
Extract:   7%|6         | 38/578 [00:08<01:17,  6.94it/s]
Extract:   7%|6         | 40/578 [00:08<01:07,  7.93it/s]
Extract:   7%|7         | 41/578 [00:08<01:07,  7.92it/s]
Extract:   7%|7         | 42/578 [00:09<01:55,  4.65it/s]
Extract:   7%|7         | 43/578 [00:09<02:34,  3.46it/s]
Extract:   8%|7         | 45/578 [00:09<01:43,  5.15it/s]
Extract:   8%|8         | 47/578 [00:09<01:30,  5.87it/s]
Extract:   8%|8         | 49/578 [00:10<01:11,  7.36it/s]
Extract:   9%|8         | 51/578 [00:10<02:00,  4.38it/s]
Extract:   9%|8         | 52/578 [00:11<02:10,  4.03it/s]
Extract:   9%|9         | 54/578 [00:11<01:59,  4.39it/s]
Extract:  10%|9         | 55/578 [00:11<02:01,  4.30it/s]
Extract:  10%|9         | 56/578 [00:12<01:50,  4.74it/s]
Extract:  10%|#         | 58/578 [00:12<01:36,  5.36it/s]
Extract:  10%|#         | 59/578 [00:12<01:44,  4.99it/s]
Extract:  10%|#         | 60/578 [00:13<02:20,  3.70it/s]
Extract:  11%|#         | 61/578 [00:13<02:38,  3.25it/s]
Extract:  11%|#         | 62/578 [00:13<02:10,  3.95it/s]
Extract:  11%|#1        | 64/578 [00:14<01:59,  4.29it/s]
Extract:  11%|#1        | 65/578 [00:14<02:17,  3.73it/s]
Extract:  12%|#1        | 67/578 [00:14<02:19,  3.67it/s]
Extract:  12%|#1        | 69/578 [00:15<02:03,  4.11it/s]
Extract:  12%|#2        | 71/578 [00:15<01:41,  5.00it/s]
Extract:  12%|#2        | 72/578 [00:15<01:36,  5.26it/s]
Extract:  13%|#2        | 73/578 [00:16<02:08,  3.93it/s]
Extract:  13%|#2        | 75/578 [00:16<01:35,  5.27it/s]
Extract:  13%|#3        | 76/578 [00:16<01:38,  5.10it/s]
Extract:  13%|#3        | 77/578 [00:17<02:14,  3.74it/s]
Extract:  14%|#3        | 80/578 [00:17<01:23,  5.93it/s]
Extract:  14%|#4        | 81/578 [00:17<01:18,  6.36it/s]
Extract:  14%|#4        | 82/578 [00:17<01:13,  6.71it/s]
Extract:  14%|#4        | 83/578 [00:17<01:16,  6.50it/s]
Extract:  15%|#4        | 84/578 [00:18<02:15,  3.63it/s]
Extract:  15%|#4        | 85/578 [00:18<01:54,  4.31it/s]
Extract:  15%|#4        | 86/578 [00:18<01:47,  4.57it/s]
Extract:  15%|#5        | 88/578 [00:18<01:14,  6.56it/s]
Extract:  15%|#5        | 89/578 [00:19<02:04,  3.93it/s]
Extract:  16%|#5        | 90/578 [00:19<01:56,  4.19it/s]
Extract:  16%|#5        | 91/578 [00:20<02:29,  3.26it/s]
Extract:  16%|#5        | 92/578 [00:20<03:24,  2.37it/s]
Extract:  16%|#6        | 93/578 [00:20<02:40,  3.01it/s]
Extract:  16%|#6        | 94/578 [00:21<02:34,  3.13it/s]
Extract:  17%|#6        | 96/578 [00:21<02:31,  3.19it/s]
Extract:  17%|#6        | 97/578 [00:21<02:17,  3.50it/s]
Extract:  17%|#6        | 98/578 [00:22<02:09,  3.70it/s]
Extract:  17%|#7        | 99/578 [00:22<01:48,  4.42it/s]
Extract:  17%|#7        | 100/578 [00:22<01:52,  4.27it/s]
Extract:  17%|#7        | 101/578 [00:22<01:38,  4.83it/s]
Extract:  18%|#7        | 103/578 [00:22<01:04,  7.31it/s]
Extract:  18%|#8        | 105/578 [00:23<01:17,  6.07it/s]
Extract:  18%|#8        | 106/578 [00:23<01:15,  6.23it/s]
Extract:  19%|#8        | 107/578 [00:24<02:22,  3.31it/s]
Extract:  19%|#8        | 108/578 [00:24<02:21,  3.32it/s]
Extract:  19%|#9        | 110/578 [00:24<01:51,  4.21it/s]
Extract:  19%|#9        | 111/578 [00:24<01:45,  4.44it/s]
Extract:  20%|#9        | 113/578 [00:25<01:15,  6.15it/s]
Extract:  20%|#9        | 114/578 [00:25<01:09,  6.70it/s]
Extract:  20%|##        | 116/578 [00:25<01:09,  6.64it/s]
Extract:  20%|##        | 117/578 [00:25<01:34,  4.86it/s]
Extract:  21%|##        | 120/578 [00:26<01:48,  4.23it/s]
Extract:  21%|##        | 121/578 [00:27<02:15,  3.38it/s]
Extract:  21%|##1       | 123/578 [00:27<01:37,  4.67it/s]
Extract:  22%|##1       | 125/578 [00:27<01:40,  4.53it/s]
Extract:  22%|##1       | 126/578 [00:28<01:38,  4.58it/s]
Extract:  22%|##2       | 128/578 [00:28<01:20,  5.61it/s]
Extract:  22%|##2       | 130/578 [00:28<01:25,  5.23it/s]
Extract:  23%|##2       | 131/578 [00:29<01:49,  4.10it/s]
Extract:  23%|##2       | 132/578 [00:29<01:54,  3.88it/s]
Extract:  23%|##3       | 133/578 [00:29<01:59,  3.72it/s]
Extract:  23%|##3       | 134/578 [00:29<01:44,  4.26it/s]
Extract:  23%|##3       | 135/578 [00:29<01:31,  4.83it/s]
Extract:  24%|##3       | 136/578 [00:30<01:24,  5.20it/s]
Extract:  24%|##3       | 137/578 [00:30<02:02,  3.60it/s]
Extract:  24%|##3       | 138/578 [00:31<02:18,  3.18it/s]
Extract:  24%|##4       | 139/578 [00:31<02:13,  3.29it/s]
Extract:  24%|##4       | 141/578 [00:31<01:22,  5.27it/s]
Extract:  25%|##4       | 144/578 [00:31<00:49,  8.74it/s]
Extract:  25%|##5       | 146/578 [00:32<01:23,  5.17it/s]
Extract:  26%|##5       | 148/578 [00:32<01:17,  5.58it/s]
Extract:  26%|##5       | 149/578 [00:33<01:39,  4.32it/s]
Extract:  26%|##5       | 150/578 [00:33<01:30,  4.73it/s]
Extract:  26%|##6       | 153/578 [00:33<01:26,  4.91it/s]
Extract:  27%|##6       | 154/578 [00:33<01:18,  5.42it/s]
Extract:  27%|##6       | 155/578 [00:34<01:48,  3.90it/s]
Extract:  27%|##7       | 157/578 [00:34<01:18,  5.35it/s]
Extract:  28%|##7       | 159/578 [00:34<01:04,  6.53it/s]
Extract:  28%|##7       | 160/578 [00:34<01:13,  5.70it/s]
Extract:  28%|##8       | 162/578 [00:35<00:54,  7.57it/s]
Extract:  28%|##8       | 164/578 [00:35<01:24,  4.93it/s]
Extract:  29%|##8       | 165/578 [00:35<01:19,  5.17it/s]
Extract:  29%|##8       | 166/578 [00:36<01:15,  5.49it/s]
Extract:  29%|##8       | 167/578 [00:36<01:43,  3.99it/s]
Extract:  29%|##9       | 168/578 [00:36<01:29,  4.56it/s]
Extract:  29%|##9       | 169/578 [00:36<01:17,  5.29it/s]
Extract:  29%|##9       | 170/578 [00:36<01:10,  5.80it/s]
Extract:  30%|##9       | 172/578 [00:37<01:19,  5.13it/s]
Extract:  30%|##9       | 173/578 [00:37<01:49,  3.71it/s]
Extract:  30%|###       | 174/578 [00:38<01:41,  3.97it/s]
Extract:  30%|###       | 175/578 [00:38<01:26,  4.64it/s]
Extract:  31%|###       | 177/578 [00:38<01:46,  3.77it/s]
Extract:  31%|###       | 178/578 [00:38<01:37,  4.08it/s]
Extract:  31%|###       | 179/578 [00:39<01:27,  4.58it/s]
Extract:  31%|###1      | 180/578 [00:39<01:48,  3.67it/s]
Extract:  31%|###1      | 181/578 [00:40<02:08,  3.09it/s]
Extract:  31%|###1      | 182/578 [00:40<02:02,  3.24it/s]
Extract:  32%|###1      | 184/578 [00:40<01:51,  3.54it/s]
Extract:  32%|###2      | 185/578 [00:41<02:37,  2.49it/s]
Extract:  32%|###2      | 186/578 [00:41<02:13,  2.93it/s]
Extract:  33%|###2      | 188/578 [00:41<01:36,  4.03it/s]
Extract:  33%|###2      | 189/578 [00:42<02:03,  3.15it/s]
Extract:  33%|###3      | 191/578 [00:43<01:52,  3.44it/s]
Extract:  33%|###3      | 192/578 [00:43<01:37,  3.96it/s]
Extract:  34%|###3      | 194/578 [00:43<01:12,  5.32it/s]
Extract:  34%|###4      | 197/578 [00:44<01:22,  4.60it/s]
Extract:  34%|###4      | 198/578 [00:44<01:21,  4.69it/s]
Extract:  35%|###4      | 201/578 [00:45<01:32,  4.09it/s]
Extract:  35%|###4      | 202/578 [00:45<01:29,  4.19it/s]
Extract:  35%|###5      | 203/578 [00:45<01:47,  3.48it/s]
Extract:  36%|###5      | 206/578 [00:46<01:10,  5.26it/s]
Extract:  36%|###5      | 207/578 [00:46<01:29,  4.13it/s]
Extract:  36%|###6      | 209/578 [00:46<01:13,  5.01it/s]
Extract:  36%|###6      | 210/578 [00:46<01:12,  5.05it/s]
Extract:  37%|###6      | 212/578 [00:47<01:21,  4.49it/s]
Extract:  37%|###6      | 213/578 [00:47<01:14,  4.87it/s]
Extract:  37%|###7      | 215/578 [00:47<01:12,  5.02it/s]
Extract:  38%|###7      | 217/578 [00:48<01:11,  5.03it/s]
Extract:  38%|###8      | 220/578 [00:48<00:51,  7.00it/s]
Extract:  38%|###8      | 221/578 [00:48<00:48,  7.31it/s]
Extract:  39%|###8      | 223/578 [00:48<00:40,  8.80it/s]
Extract:  39%|###8      | 225/578 [00:49<00:54,  6.52it/s]
Extract:  39%|###9      | 226/578 [00:49<01:01,  5.72it/s]
Extract:  39%|###9      | 227/578 [00:49<01:01,  5.71it/s]
Extract:  40%|###9      | 229/578 [00:50<00:56,  6.15it/s]
Extract:  40%|###9      | 230/578 [00:50<01:08,  5.12it/s]
Extract:  40%|###9      | 231/578 [00:50<01:13,  4.75it/s]
Extract:  40%|####      | 232/578 [00:50<01:06,  5.20it/s]
Extract:  40%|####      | 233/578 [00:50<00:58,  5.94it/s]
Extract:  40%|####      | 234/578 [00:50<00:52,  6.49it/s]
Extract:  41%|####      | 235/578 [00:51<00:49,  6.95it/s]
Extract:  41%|####      | 236/578 [00:51<01:16,  4.48it/s]
Extract:  41%|####1     | 237/578 [00:51<01:42,  3.33it/s]
Extract:  41%|####1     | 239/578 [00:52<01:05,  5.14it/s]
Extract:  42%|####1     | 240/578 [00:52<01:02,  5.41it/s]
Extract:  42%|####1     | 242/578 [00:52<00:44,  7.58it/s]
Extract:  42%|####2     | 244/578 [00:52<00:56,  5.87it/s]
Extract:  43%|####2     | 246/578 [00:53<00:45,  7.33it/s]
Extract:  43%|####2     | 248/578 [00:53<00:54,  6.08it/s]
Extract:  43%|####3     | 249/578 [00:53<00:51,  6.38it/s]
Extract:  43%|####3     | 250/578 [00:53<00:48,  6.72it/s]
Extract:  43%|####3     | 251/578 [00:53<00:47,  6.89it/s]
Extract:  44%|####3     | 253/578 [00:53<00:36,  8.82it/s]
Extract:  44%|####4     | 255/578 [00:54<00:40,  7.89it/s]
Extract:  44%|####4     | 256/578 [00:54<01:00,  5.31it/s]
Extract:  45%|####4     | 258/578 [00:54<00:48,  6.57it/s]
Extract:  45%|####4     | 259/578 [00:54<00:45,  6.95it/s]
Extract:  45%|####5     | 261/578 [00:55<00:38,  8.32it/s]
Extract:  45%|####5     | 262/578 [00:55<01:03,  5.00it/s]
Extract:  46%|####5     | 263/578 [00:56<01:22,  3.80it/s]
Extract:  46%|####5     | 265/578 [00:56<01:11,  4.40it/s]
Extract:  46%|####6     | 266/578 [00:56<01:07,  4.65it/s]
Extract:  46%|####6     | 267/578 [00:56<01:11,  4.36it/s]
Extract:  47%|####6     | 269/578 [00:57<01:03,  4.87it/s]
Extract:  47%|####7     | 273/578 [00:57<00:53,  5.69it/s]
Extract:  47%|####7     | 274/578 [00:58<01:14,  4.07it/s]
Extract:  48%|####7     | 275/578 [00:58<01:22,  3.69it/s]
Extract:  48%|####7     | 276/578 [00:58<01:12,  4.18it/s]
Extract:  48%|####8     | 278/578 [00:59<00:51,  5.85it/s]
Extract:  48%|####8     | 280/578 [00:59<00:49,  5.96it/s]
Extract:  49%|####8     | 282/578 [00:59<00:42,  6.99it/s]
Extract:  49%|####8     | 283/578 [00:59<00:52,  5.62it/s]
Extract:  49%|####9     | 285/578 [01:00<00:48,  6.04it/s]
Extract:  49%|####9     | 286/578 [01:00<00:56,  5.13it/s]
Extract:  50%|####9     | 287/578 [01:00<00:56,  5.11it/s]
Extract:  50%|####9     | 288/578 [01:00<00:52,  5.56it/s]
Extract:  50%|#####     | 289/578 [01:01<00:58,  4.92it/s]
Extract:  50%|#####     | 290/578 [01:01<01:16,  3.79it/s]
Extract:  51%|#####     | 292/578 [01:01<00:50,  5.65it/s]
Extract:  51%|#####     | 294/578 [01:01<00:38,  7.35it/s]
Extract:  51%|#####1    | 295/578 [01:02<01:03,  4.43it/s]
Extract:  51%|#####1    | 296/578 [01:02<00:56,  5.00it/s]
Extract:  51%|#####1    | 297/578 [01:02<01:10,  3.99it/s]
Extract:  52%|#####1    | 300/578 [01:03<00:42,  6.51it/s]
Extract:  52%|#####2    | 301/578 [01:03<00:55,  5.00it/s]
Extract:  52%|#####2    | 303/578 [01:03<00:41,  6.69it/s]
Extract:  53%|#####2    | 304/578 [01:04<00:58,  4.70it/s]
Extract:  53%|#####2    | 305/578 [01:04<00:53,  5.15it/s]
Extract:  53%|#####3    | 307/578 [01:04<00:49,  5.52it/s]
Extract:  53%|#####3    | 308/578 [01:04<00:50,  5.40it/s]
Extract:  53%|#####3    | 309/578 [01:05<01:01,  4.41it/s]
Extract:  54%|#####3    | 310/578 [01:05<01:07,  3.94it/s]
Extract:  54%|#####3    | 311/578 [01:05<01:26,  3.09it/s]
Extract:  54%|#####3    | 312/578 [01:06<01:35,  2.77it/s]
Extract:  54%|#####4    | 313/578 [01:06<01:16,  3.46it/s]
Extract:  54%|#####4    | 314/578 [01:06<01:13,  3.61it/s]
Extract:  55%|#####4    | 316/578 [01:06<00:55,  4.69it/s]
Extract:  55%|#####5    | 318/578 [01:07<00:49,  5.29it/s]
Extract:  55%|#####5    | 319/578 [01:07<00:48,  5.38it/s]
Extract:  55%|#####5    | 320/578 [01:07<00:56,  4.56it/s]
Extract:  56%|#####5    | 321/578 [01:07<00:48,  5.29it/s]
Extract:  56%|#####5    | 322/578 [01:08<00:53,  4.82it/s]
Extract:  56%|#####5    | 323/578 [01:08<00:48,  5.24it/s]
Extract:  56%|#####6    | 325/578 [01:08<00:46,  5.39it/s]
Extract:  56%|#####6    | 326/578 [01:08<00:44,  5.62it/s]
Extract:  57%|#####6    | 328/578 [01:09<00:38,  6.50it/s]
Extract:  57%|#####7    | 330/578 [01:09<00:32,  7.68it/s]
Extract:  57%|#####7    | 331/578 [01:09<00:34,  7.22it/s]
Extract:  57%|#####7    | 332/578 [01:09<00:38,  6.43it/s]
Extract:  58%|#####7    | 335/578 [01:09<00:25,  9.35it/s]
Extract:  58%|#####8    | 337/578 [01:09<00:23, 10.06it/s]
Extract:  59%|#####8    | 339/578 [01:10<00:23, 10.17it/s]
Extract:  59%|#####8    | 341/578 [01:10<00:26,  8.99it/s]
Extract:  59%|#####9    | 342/578 [01:10<00:28,  8.27it/s]
Extract:  60%|#####9    | 344/578 [01:10<00:33,  6.89it/s]
Extract:  60%|#####9    | 345/578 [01:11<00:32,  7.17it/s]
Extract:  60%|######    | 347/578 [01:11<00:27,  8.40it/s]
Extract:  60%|######    | 349/578 [01:11<00:37,  6.11it/s]
Extract:  61%|######    | 350/578 [01:11<00:36,  6.31it/s]
Extract:  61%|######    | 351/578 [01:12<00:53,  4.27it/s]
Extract:  61%|######    | 352/578 [01:12<00:58,  3.89it/s]
Extract:  61%|######1   | 353/578 [01:12<00:53,  4.21it/s]
Extract:  61%|######1   | 355/578 [01:13<00:37,  5.99it/s]
Extract:  62%|######1   | 356/578 [01:13<00:43,  5.08it/s]
Extract:  62%|######1   | 357/578 [01:13<00:44,  4.92it/s]
Extract:  62%|######2   | 359/578 [01:13<00:34,  6.36it/s]
Extract:  62%|######2   | 360/578 [01:13<00:36,  6.01it/s]
Extract:  63%|######2   | 362/578 [01:14<00:41,  5.20it/s]
Extract:  63%|######2   | 363/578 [01:14<00:37,  5.76it/s]
Extract:  63%|######3   | 365/578 [01:14<00:34,  6.13it/s]
Extract:  63%|######3   | 366/578 [01:14<00:36,  5.81it/s]
Extract:  63%|######3   | 367/578 [01:15<00:46,  4.52it/s]
Extract:  64%|######3   | 368/578 [01:15<00:43,  4.87it/s]
Extract:  64%|######3   | 369/578 [01:15<00:53,  3.90it/s]
Extract:  64%|######4   | 371/578 [01:16<00:35,  5.85it/s]
Extract:  65%|######4   | 373/578 [01:16<00:48,  4.20it/s]
Extract:  65%|######4   | 374/578 [01:16<00:44,  4.58it/s]
Extract:  65%|######5   | 376/578 [01:17<00:37,  5.39it/s]
Extract:  65%|######5   | 377/578 [01:17<00:36,  5.44it/s]
Extract:  66%|######5   | 379/578 [01:17<00:29,  6.86it/s]
Extract:  66%|######5   | 380/578 [01:17<00:29,  6.63it/s]
Extract:  66%|######6   | 382/578 [01:18<00:31,  6.13it/s]
Extract:  66%|######6   | 383/578 [01:18<00:29,  6.68it/s]
Extract:  66%|######6   | 384/578 [01:18<00:32,  6.04it/s]
Extract:  67%|######6   | 386/578 [01:18<00:24,  7.83it/s]
Extract:  67%|######6   | 387/578 [01:18<00:26,  7.33it/s]
Extract:  67%|######7   | 390/578 [01:18<00:18, 10.24it/s]
Extract:  68%|######7   | 392/578 [01:19<00:20,  9.26it/s]
Extract:  68%|######7   | 393/578 [01:19<00:22,  8.30it/s]
Extract:  68%|######8   | 394/578 [01:19<00:23,  7.87it/s]
Extract:  68%|######8   | 395/578 [01:19<00:24,  7.55it/s]
Extract:  69%|######8   | 397/578 [01:19<00:21,  8.60it/s]
Extract:  69%|######9   | 399/578 [01:19<00:18,  9.58it/s]
Extract:  69%|######9   | 401/578 [01:20<00:15, 11.28it/s]
Extract:  70%|######9   | 403/578 [01:20<00:14, 12.35it/s]
Extract:  70%|#######   | 405/578 [01:20<00:12, 13.32it/s]
Extract:  70%|#######   | 407/578 [01:20<00:25,  6.74it/s]
Extract:  71%|#######   | 409/578 [01:21<00:32,  5.28it/s]
Extract:  71%|#######   | 410/578 [01:21<00:30,  5.54it/s]
Extract:  71%|#######1  | 412/578 [01:21<00:24,  6.83it/s]
Extract:  71%|#######1  | 413/578 [01:21<00:25,  6.45it/s]
Extract:  72%|#######1  | 415/578 [01:22<00:19,  8.27it/s]
Extract:  72%|#######2  | 417/578 [01:22<00:17,  9.07it/s]
Extract:  72%|#######2  | 419/578 [01:22<00:19,  8.01it/s]
Extract:  73%|#######2  | 421/578 [01:22<00:23,  6.69it/s]
Extract:  73%|#######3  | 424/578 [01:23<00:18,  8.49it/s]
Extract:  74%|#######3  | 425/578 [01:23<00:22,  6.81it/s]
Extract:  74%|#######3  | 426/578 [01:23<00:21,  7.11it/s]
Extract:  74%|#######3  | 427/578 [01:23<00:28,  5.30it/s]
Extract:  74%|#######4  | 428/578 [01:24<00:42,  3.49it/s]
Extract:  74%|#######4  | 429/578 [01:24<00:47,  3.14it/s]
Extract:  75%|#######4  | 431/578 [01:25<00:31,  4.61it/s]
Extract:  75%|#######4  | 432/578 [01:25<00:28,  5.21it/s]
Extract:  75%|#######5  | 434/578 [01:25<00:28,  5.05it/s]
Extract:  75%|#######5  | 435/578 [01:25<00:26,  5.41it/s]
Extract:  76%|#######5  | 437/578 [01:26<00:21,  6.46it/s]
Extract:  76%|#######5  | 438/578 [01:26<00:21,  6.47it/s]
Extract:  76%|#######5  | 439/578 [01:26<00:24,  5.56it/s]
Extract:  76%|#######6  | 441/578 [01:26<00:25,  5.36it/s]
Extract:  76%|#######6  | 442/578 [01:26<00:23,  5.87it/s]
Extract:  77%|#######6  | 444/578 [01:27<00:19,  6.89it/s]
Extract:  77%|#######6  | 445/578 [01:27<00:28,  4.74it/s]
Extract:  78%|#######7  | 448/578 [01:27<00:16,  7.71it/s]
Extract:  78%|#######7  | 450/578 [01:28<00:21,  6.06it/s]
Extract:  78%|#######8  | 451/578 [01:28<00:28,  4.48it/s]
Extract:  78%|#######8  | 452/578 [01:28<00:25,  5.00it/s]
Extract:  79%|#######8  | 454/578 [01:29<00:26,  4.67it/s]
Extract:  79%|#######8  | 456/578 [01:29<00:20,  5.84it/s]
Extract:  79%|#######9  | 458/578 [01:29<00:20,  5.93it/s]
Extract:  80%|#######9  | 460/578 [01:29<00:15,  7.62it/s]
Extract:  80%|#######9  | 462/578 [01:30<00:14,  7.82it/s]
Extract:  80%|########  | 464/578 [01:30<00:15,  7.30it/s]
Extract:  81%|########  | 466/578 [01:30<00:14,  7.66it/s]
Extract:  81%|########  | 467/578 [01:30<00:17,  6.20it/s]
Extract:  81%|########  | 468/578 [01:31<00:24,  4.52it/s]
Extract:  81%|########1 | 469/578 [01:31<00:21,  5.10it/s]
Extract:  81%|########1 | 470/578 [01:31<00:21,  5.02it/s]
Extract:  81%|########1 | 471/578 [01:32<00:25,  4.25it/s]
Extract:  82%|########1 | 472/578 [01:32<00:26,  4.03it/s]
Extract:  82%|########1 | 473/578 [01:32<00:22,  4.58it/s]
Extract:  82%|########2 | 474/578 [01:32<00:22,  4.59it/s]
Extract:  82%|########2 | 475/578 [01:32<00:18,  5.42it/s]
Extract:  82%|########2 | 476/578 [01:33<00:27,  3.67it/s]
Extract:  83%|########2 | 477/578 [01:33<00:23,  4.30it/s]
Extract:  83%|########2 | 479/578 [01:33<00:18,  5.31it/s]
Extract:  83%|########3 | 480/578 [01:33<00:16,  5.84it/s]
Extract:  83%|########3 | 481/578 [01:34<00:17,  5.49it/s]
Extract:  83%|########3 | 482/578 [01:34<00:16,  5.82it/s]
Extract:  84%|########3 | 484/578 [01:34<00:12,  7.48it/s]
Extract:  84%|########4 | 486/578 [01:34<00:09,  9.63it/s]
Extract:  84%|########4 | 488/578 [01:34<00:09,  9.55it/s]
Extract:  85%|########4 | 490/578 [01:35<00:18,  4.87it/s]
Extract:  85%|########4 | 491/578 [01:35<00:16,  5.20it/s]
Extract:  85%|########5 | 492/578 [01:35<00:17,  5.02it/s]
Extract:  85%|########5 | 493/578 [01:36<00:15,  5.41it/s]
Extract:  85%|########5 | 494/578 [01:36<00:14,  5.80it/s]
Extract:  86%|########5 | 497/578 [01:36<00:08,  9.34it/s]
Extract:  86%|########6 | 499/578 [01:36<00:10,  7.47it/s]
Extract:  87%|########6 | 502/578 [01:36<00:07, 10.35it/s]
Extract:  87%|########7 | 504/578 [01:37<00:07,  9.31it/s]
Extract:  88%|########7 | 506/578 [01:37<00:09,  7.24it/s]
Extract:  88%|########7 | 507/578 [01:37<00:09,  7.31it/s]
Extract:  88%|########7 | 508/578 [01:37<00:10,  6.96it/s]
Extract:  88%|########8 | 510/578 [01:38<00:09,  6.83it/s]
Extract:  89%|########8 | 512/578 [01:38<00:09,  6.95it/s]
Extract:  89%|########9 | 515/578 [01:38<00:07,  8.04it/s]
Extract:  89%|########9 | 516/578 [01:38<00:09,  6.34it/s]
Extract:  89%|########9 | 517/578 [01:39<00:09,  6.25it/s]
Extract:  90%|########9 | 519/578 [01:39<00:08,  7.21it/s]
Extract:  90%|########9 | 520/578 [01:39<00:07,  7.49it/s]
Extract:  90%|######### | 522/578 [01:39<00:06,  9.20it/s]
Extract:  91%|######### | 524/578 [01:39<00:06,  8.72it/s]
Extract:  91%|#########1| 526/578 [01:40<00:10,  5.11it/s]
Extract:  91%|#########1| 528/578 [01:40<00:07,  6.65it/s]
Extract:  92%|#########1| 530/578 [01:40<00:06,  7.52it/s]
Extract:  92%|#########2| 532/578 [01:41<00:05,  8.15it/s]
Extract:  92%|#########2| 534/578 [01:41<00:05,  8.17it/s]
Extract:  93%|#########2| 536/578 [01:41<00:04,  9.79it/s]
Extract:  93%|#########3| 538/578 [01:41<00:04,  8.04it/s]
Extract:  93%|#########3| 540/578 [01:42<00:05,  7.36it/s]
Extract:  94%|#########3| 541/578 [01:42<00:05,  6.58it/s]
Extract:  94%|#########3| 543/578 [01:42<00:04,  7.35it/s]
Extract:  94%|#########4| 546/578 [01:43<00:05,  6.35it/s]
Extract:  95%|#########4| 547/578 [01:43<00:06,  4.63it/s]
Extract:  95%|#########5| 550/578 [01:43<00:04,  6.77it/s]
Extract:  95%|#########5| 551/578 [01:43<00:03,  7.00it/s]
Extract:  96%|#########5| 553/578 [01:44<00:05,  4.66it/s]
Extract:  96%|#########5| 554/578 [01:45<00:06,  3.90it/s]
Extract:  96%|#########6| 555/578 [01:45<00:06,  3.30it/s]
Extract:  96%|#########6| 556/578 [01:45<00:06,  3.64it/s]
Extract:  96%|#########6| 557/578 [01:45<00:05,  3.99it/s]
Extract:  97%|#########6| 560/578 [01:46<00:03,  4.69it/s]
Extract:  97%|#########7| 561/578 [01:46<00:03,  4.57it/s]
Extract:  98%|#########7| 564/578 [01:47<00:02,  5.09it/s]
Extract:  98%|#########7| 565/578 [01:47<00:03,  4.13it/s]
Extract:  98%|#########7| 566/578 [01:47<00:02,  4.59it/s]
Extract:  98%|#########8| 567/578 [01:47<00:02,  4.67it/s]
Extract:  98%|#########8| 568/578 [01:48<00:02,  3.65it/s]
Extract:  99%|#########8| 570/578 [01:48<00:01,  5.42it/s]
Extract:  99%|#########8| 572/578 [01:48<00:00,  6.99it/s]
Extract:  99%|#########9| 574/578 [01:48<00:00,  9.00it/s]
Extract: 100%|#########9| 576/578 [01:49<00:00,  4.27it/s]
Extract: 100%|##########| 578/578 [01:49<00:00,  5.26it/s]

Extract:   0%|          | 0/578 [00:00<?, ?it/s]
Extract:   0%|          | 2/578 [00:00<00:41, 13.92it/s]
Extract:   1%|          | 4/578 [00:00<01:22,  6.99it/s]
Extract:   1%|          | 5/578 [00:00<01:22,  6.92it/s]
Extract:   1%|1         | 6/578 [00:00<01:25,  6.66it/s]
Extract:   1%|1         | 7/578 [00:01<01:53,  5.05it/s]
Extract:   1%|1         | 8/578 [00:01<02:23,  3.98it/s]
Extract:   2%|1         | 9/578 [00:01<02:31,  3.75it/s]
Extract:   2%|1         | 10/578 [00:02<02:25,  3.91it/s]
Extract:   2%|1         | 11/578 [00:02<02:20,  4.04it/s]
Extract:   2%|2         | 12/578 [00:02<02:38,  3.58it/s]
Extract:   2%|2         | 13/578 [00:02<02:13,  4.23it/s]
Extract:   2%|2         | 14/578 [00:03<02:43,  3.45it/s]
Extract:   3%|2         | 15/578 [00:03<03:31,  2.66it/s]
Extract:   3%|2         | 16/578 [00:03<03:05,  3.03it/s]
Extract:   3%|3         | 18/578 [00:04<01:57,  4.78it/s]
Extract:   3%|3         | 20/578 [00:04<01:31,  6.09it/s]
Extract:   4%|3         | 21/578 [00:04<02:32,  3.64it/s]
Extract:   4%|3         | 22/578 [00:05<02:27,  3.76it/s]
Extract:   4%|3         | 23/578 [00:05<02:30,  3.70it/s]
Extract:   4%|4         | 24/578 [00:05<02:12,  4.18it/s]
Extract:   4%|4         | 26/578 [00:05<01:32,  5.96it/s]
Extract:   5%|4         | 27/578 [00:06<02:18,  3.98it/s]
Extract:   5%|5         | 29/578 [00:06<01:45,  5.18it/s]
Extract:   5%|5         | 30/578 [00:06<02:02,  4.49it/s]
Extract:   5%|5         | 31/578 [00:07<02:04,  4.40it/s]
Extract:   6%|5         | 33/578 [00:07<01:24,  6.43it/s]
Extract:   6%|6         | 35/578 [00:07<01:08,  7.95it/s]
Extract:   6%|6         | 37/578 [00:07<01:18,  6.85it/s]
Extract:   7%|6         | 38/578 [00:07<01:24,  6.36it/s]
Extract:   7%|6         | 40/578 [00:08<01:13,  7.35it/s]
Extract:   7%|7         | 41/578 [00:08<01:13,  7.32it/s]
Extract:   7%|7         | 42/578 [00:08<01:57,  4.57it/s]
Extract:   7%|7         | 43/578 [00:09<02:44,  3.26it/s]
Extract:   8%|7         | 46/578 [00:09<01:34,  5.66it/s]
Extract:   8%|8         | 47/578 [00:09<01:32,  5.71it/s]
Extract:   9%|8         | 50/578 [00:10<01:27,  6.04it/s]
Extract:   9%|8         | 51/578 [00:10<01:48,  4.85it/s]
Extract:   9%|8         | 52/578 [00:10<02:08,  4.10it/s]
Extract:   9%|9         | 54/578 [00:11<02:06,  4.13it/s]
Extract:  10%|9         | 55/578 [00:11<02:10,  4.01it/s]
Extract:  10%|9         | 56/578 [00:11<01:57,  4.44it/s]
Extract:  10%|#         | 58/578 [00:12<01:40,  5.18it/s]
Extract:  10%|#         | 59/578 [00:12<01:39,  5.24it/s]
Extract:  10%|#         | 60/578 [00:12<01:50,  4.67it/s]
Extract:  11%|#         | 61/578 [00:12<01:59,  4.34it/s]
Extract:  11%|#         | 62/578 [00:13<01:52,  4.60it/s]
Extract:  11%|#1        | 64/578 [00:13<01:33,  5.52it/s]
Extract:  11%|#1        | 65/578 [00:13<01:47,  4.79it/s]
Extract:  12%|#1        | 67/578 [00:14<02:11,  3.88it/s]
Extract:  12%|#1        | 69/578 [00:14<01:56,  4.35it/s]
Extract:  12%|#2        | 71/578 [00:14<01:32,  5.49it/s]
Extract:  12%|#2        | 72/578 [00:14<01:25,  5.91it/s]
Extract:  13%|#2        | 73/578 [00:15<02:19,  3.61it/s]
Extract:  13%|#2        | 75/578 [00:15<01:37,  5.16it/s]
Extract:  13%|#3        | 76/578 [00:15<01:37,  5.16it/s]
Extract:  13%|#3        | 77/578 [00:16<02:29,  3.36it/s]
Extract:  14%|#3        | 79/578 [00:16<01:40,  4.98it/s]
Extract:  14%|#3        | 80/578 [00:16<01:32,  5.40it/s]
Extract:  14%|#4        | 81/578 [00:16<01:23,  5.97it/s]
Extract:  14%|#4        | 83/578 [00:17<01:15,  6.55it/s]
Extract:  15%|#4        | 84/578 [00:17<01:45,  4.70it/s]
Extract:  15%|#4        | 86/578 [00:17<01:37,  5.06it/s]
Extract:  15%|#5        | 89/578 [00:18<01:42,  4.78it/s]
Extract:  16%|#5        | 90/578 [00:18<01:35,  5.10it/s]
Extract:  16%|#5        | 91/578 [00:19<02:00,  4.06it/s]
Extract:  16%|#5        | 92/578 [00:19<02:14,  3.61it/s]
Extract:  16%|#6        | 94/578 [00:20<02:07,  3.80it/s]
Extract:  17%|#6        | 96/578 [00:20<02:06,  3.81it/s]
Extract:  17%|#6        | 97/578 [00:20<01:55,  4.15it/s]
Extract:  17%|#6        | 98/578 [00:21<02:05,  3.81it/s]
Extract:  17%|#7        | 100/578 [00:21<01:46,  4.48it/s]
Extract:  17%|#7        | 101/578 [00:21<01:35,  5.02it/s]
Extract:  18%|#7        | 104/578 [00:21<00:56,  8.32it/s]
Extract:  18%|#8        | 106/578 [00:21<01:03,  7.45it/s]
Extract:  19%|#8        | 108/578 [00:22<01:37,  4.83it/s]
Extract:  19%|#9        | 110/578 [00:22<01:20,  5.78it/s]
Extract:  19%|#9        | 111/578 [00:22<01:16,  6.09it/s]
Extract:  20%|#9        | 113/578 [00:23<00:58,  7.90it/s]
Extract:  20%|#9        | 115/578 [00:23<00:53,  8.73it/s]
Extract:  20%|##        | 117/578 [00:23<01:17,  5.98it/s]
Extract:  21%|##        | 120/578 [00:24<01:16,  6.02it/s]
Extract:  21%|##        | 121/578 [00:24<01:36,  4.71it/s]
Extract:  21%|##1       | 123/578 [00:24<01:15,  6.05it/s]
Extract:  22%|##1       | 125/578 [00:25<01:35,  4.73it/s]
Extract:  22%|##1       | 126/578 [00:25<01:35,  4.72it/s]
Extract:  22%|##2       | 128/578 [00:25<01:19,  5.63it/s]
Extract:  22%|##2       | 130/578 [00:26<01:21,  5.51it/s]
Extract:  23%|##2       | 131/578 [00:26<01:48,  4.13it/s]
Extract:  23%|##2       | 132/578 [00:27<01:40,  4.45it/s]
Extract:  23%|##3       | 133/578 [00:27<01:49,  4.06it/s]
Extract:  23%|##3       | 134/578 [00:27<01:36,  4.61it/s]
Extract:  23%|##3       | 135/578 [00:27<01:27,  5.04it/s]
Extract:  24%|##3       | 136/578 [00:27<01:22,  5.35it/s]
Extract:  24%|##3       | 137/578 [00:28<02:24,  3.04it/s]
Extract:  24%|##3       | 138/578 [00:28<02:36,  2.81it/s]
Extract:  24%|##4       | 139/578 [00:29<02:15,  3.23it/s]
Extract:  25%|##4       | 142/578 [00:29<01:10,  6.16it/s]
Extract:  25%|##5       | 146/578 [00:29<01:00,  7.10it/s]
Extract:  25%|##5       | 147/578 [00:29<00:59,  7.19it/s]
Extract:  26%|##5       | 148/578 [00:29<00:59,  7.22it/s]
Extract:  26%|##5       | 149/578 [00:30<01:31,  4.68it/s]
Extract:  26%|##5       | 150/578 [00:30<01:23,  5.11it/s]
Extract:  26%|##6       | 153/578 [00:31<01:14,  5.67it/s]
Extract:  27%|##6       | 155/578 [00:31<01:30,  4.66it/s]
Extract:  27%|##7       | 157/578 [00:31<01:10,  5.97it/s]
Extract:  27%|##7       | 158/578 [00:31<01:08,  6.15it/s]
Extract:  28%|##7       | 160/578 [00:32<01:10,  5.91it/s]
Extract:  28%|##8       | 162/578 [00:32<00:57,  7.24it/s]
Extract:  28%|##8       | 163/578 [00:33<01:36,  4.30it/s]
Extract:  28%|##8       | 164/578 [00:33<01:25,  4.86it/s]
Extract:  29%|##8       | 165/578 [00:33<01:20,  5.14it/s]
Extract:  29%|##8       | 166/578 [00:33<01:12,  5.72it/s]
Extract:  29%|##8       | 167/578 [00:33<01:32,  4.43it/s]
Extract:  29%|##9       | 168/578 [00:33<01:20,  5.07it/s]
Extract:  29%|##9       | 170/578 [00:34<01:07,  6.05it/s]
Extract:  30%|##9       | 172/578 [00:34<01:00,  6.74it/s]
Extract:  30%|##9       | 173/578 [00:34<01:36,  4.18it/s]
Extract:  30%|###       | 174/578 [00:35<01:29,  4.52it/s]
Extract:  30%|###       | 175/578 [00:35<01:17,  5.23it/s]
Extract:  31%|###       | 177/578 [00:35<01:20,  4.96it/s]
Extract:  31%|###       | 178/578 [00:35<01:11,  5.56it/s]
Extract:  31%|###1      | 180/578 [00:36<01:11,  5.56it/s]
Extract:  31%|###1      | 181/578 [00:36<01:23,  4.74it/s]
Extract:  31%|###1      | 182/578 [00:36<01:19,  4.96it/s]
Extract:  32%|###1      | 184/578 [00:36<01:06,  5.89it/s]
Extract:  32%|###2      | 185/578 [00:37<01:40,  3.92it/s]
Extract:  32%|###2      | 186/578 [00:37<01:50,  3.54it/s]
Extract:  32%|###2      | 187/578 [00:38<01:43,  3.77it/s]
Extract:  33%|###2      | 188/578 [00:38<01:31,  4.26it/s]
Extract:  33%|###2      | 189/578 [00:38<01:49,  3.56it/s]
Extract:  33%|###3      | 191/578 [00:38<01:35,  4.03it/s]
Extract:  33%|###3      | 192/578 [00:39<01:23,  4.64it/s]
Extract:  34%|###3      | 194/578 [00:39<01:01,  6.23it/s]
Extract:  34%|###4      | 197/578 [00:39<01:04,  5.94it/s]
Extract:  34%|###4      | 198/578 [00:40<01:07,  5.63it/s]
Extract:  35%|###4      | 201/578 [00:40<01:05,  5.74it/s]
Extract:  35%|###4      | 202/578 [00:40<01:08,  5.52it/s]
Extract:  35%|###5      | 203/578 [00:41<01:29,  4.18it/s]
Extract:  35%|###5      | 205/578 [00:41<01:21,  4.60it/s]
Extract:  36%|###5      | 206/578 [00:41<01:12,  5.14it/s]
Extract:  36%|###5      | 207/578 [00:41<01:12,  5.09it/s]
Extract:  36%|###6      | 209/578 [00:42<00:52,  6.97it/s]
Extract:  36%|###6      | 210/578 [00:42<00:51,  7.08it/s]
Extract:  37%|###6      | 212/578 [00:42<01:10,  5.22it/s]
Extract:  37%|###6      | 213/578 [00:42<01:09,  5.28it/s]
Extract:  37%|###7      | 215/578 [00:43<01:10,  5.14it/s]
Extract:  38%|###7      | 217/578 [00:43<00:56,  6.36it/s]
Extract:  38%|###8      | 220/578 [00:43<00:39,  9.12it/s]
Extract:  38%|###8      | 222/578 [00:43<00:33, 10.69it/s]
Extract:  39%|###8      | 224/578 [00:43<00:30, 11.42it/s]
Extract:  39%|###9      | 226/578 [00:44<00:47,  7.35it/s]
Extract:  39%|###9      | 228/578 [00:44<00:45,  7.75it/s]
Extract:  40%|###9      | 230/578 [00:45<01:12,  4.81it/s]
Extract:  40%|###9      | 231/578 [00:45<01:19,  4.35it/s]
Extract:  40%|####      | 232/578 [00:46<01:32,  3.72it/s]
Extract:  40%|####      | 234/578 [00:46<01:12,  4.76it/s]
Extract:  41%|####      | 235/578 [00:46<01:04,  5.32it/s]
Extract:  41%|####      | 236/578 [00:46<01:17,  4.43it/s]
Extract:  41%|####1     | 237/578 [00:47<01:24,  4.04it/s]
Extract:  41%|####1     | 239/578 [00:47<00:56,  5.96it/s]
Extract:  42%|####1     | 240/578 [00:47<00:54,  6.18it/s]
Extract:  42%|####2     | 243/578 [00:47<00:34,  9.64it/s]
Extract:  42%|####2     | 245/578 [00:47<00:48,  6.86it/s]
Extract:  43%|####2     | 247/578 [00:48<00:46,  7.16it/s]
Extract:  43%|####2     | 248/578 [00:48<00:54,  6.01it/s]
Extract:  43%|####3     | 249/578 [00:48<00:51,  6.42it/s]
Extract:  43%|####3     | 251/578 [00:48<00:45,  7.22it/s]
Extract:  44%|####3     | 254/578 [00:48<00:30, 10.74it/s]
Extract:  44%|####4     | 256/578 [00:49<01:00,  5.33it/s]
Extract:  45%|####4     | 258/578 [00:49<00:48,  6.63it/s]
Extract:  45%|####4     | 260/578 [00:50<00:40,  7.86it/s]
Extract:  45%|####5     | 262/578 [00:50<00:46,  6.82it/s]
Extract:  46%|####5     | 264/578 [00:50<00:53,  5.87it/s]
Extract:  46%|####5     | 265/578 [00:51<00:56,  5.55it/s]
Extract:  46%|####6     | 266/578 [00:51<00:56,  5.51it/s]
Extract:  46%|####6     | 267/578 [00:51<01:15,  4.13it/s]
Extract:  46%|####6     | 268/578 [00:51<01:06,  4.64it/s]
Extract:  47%|####6     | 269/578 [00:52<01:18,  3.94it/s]
Extract:  47%|####6     | 271/578 [00:52<00:52,  5.89it/s]
Extract:  47%|####7     | 273/578 [00:52<01:06,  4.62it/s]
Extract:  47%|####7     | 274/578 [00:53<01:24,  3.61it/s]
Extract:  48%|####7     | 275/578 [00:53<01:42,  2.94it/s]
Extract:  48%|####7     | 276/578 [00:54<02:01,  2.49it/s]
Extract:  48%|####7     | 277/578 [00:54<01:39,  3.04it/s]
Extract:  48%|####8     | 280/578 [00:55<01:10,  4.21it/s]
Extract:  49%|####8     | 282/578 [00:55<00:54,  5.45it/s]
Extract:  49%|####8     | 283/578 [00:55<00:57,  5.12it/s]
Extract:  49%|####9     | 285/578 [00:55<00:53,  5.45it/s]
Extract:  49%|####9     | 286/578 [00:56<00:53,  5.49it/s]
Extract:  50%|####9     | 287/578 [00:56<00:48,  6.05it/s]
Extract:  50%|#####     | 289/578 [00:56<00:46,  6.21it/s]
Extract:  50%|#####     | 290/578 [00:57<01:15,  3.79it/s]
Extract:  50%|#####     | 291/578 [00:57<01:05,  4.39it/s]
Extract:  51%|#####     | 294/578 [00:57<00:40,  6.95it/s]
Extract:  51%|#####1    | 295/578 [00:57<00:55,  5.08it/s]
Extract:  51%|#####1    | 296/578 [00:57<00:50,  5.57it/s]
Extract:  51%|#####1    | 297/578 [00:58<01:06,  4.20it/s]
Extract:  52%|#####1    | 299/578 [00:58<00:47,  5.89it/s]
Extract:  52%|#####1    | 300/578 [00:58<00:43,  6.46it/s]
Extract:  52%|#####2    | 301/578 [00:58<00:57,  4.84it/s]
Extract:  52%|#####2    | 303/578 [00:59<00:59,  4.59it/s]
Extract:  53%|#####2    | 304/578 [01:00<01:20,  3.39it/s]
Extract:  53%|#####2    | 305/578 [01:00<01:12,  3.78it/s]
Extract:  53%|#####3    | 307/578 [01:00<01:03,  4.29it/s]
Extract:  53%|#####3    | 308/578 [01:01<01:18,  3.46it/s]
Extract:  53%|#####3    | 309/578 [01:01<01:32,  2.91it/s]
Extract:  54%|#####3    | 310/578 [01:01<01:20,  3.31it/s]
Extract:  54%|#####3    | 311/578 [01:02<01:26,  3.08it/s]
Extract:  54%|#####3    | 312/578 [01:02<01:33,  2.85it/s]
Extract:  54%|#####4    | 314/578 [01:02<01:09,  3.80it/s]
Extract:  55%|#####4    | 316/578 [01:03<00:55,  4.74it/s]
Extract:  55%|#####5    | 318/578 [01:03<01:05,  3.95it/s]
Extract:  55%|#####5    | 319/578 [01:03<01:02,  4.12it/s]
Extract:  55%|#####5    | 320/578 [01:04<01:06,  3.89it/s]
Extract:  56%|#####5    | 322/578 [01:04<00:54,  4.69it/s]
Extract:  56%|#####5    | 323/578 [01:04<00:49,  5.20it/s]
Extract:  56%|#####6    | 325/578 [01:04<00:35,  7.21it/s]
Extract:  56%|#####6    | 326/578 [01:04<00:37,  6.80it/s]
Extract:  57%|#####6    | 328/578 [01:05<00:35,  7.13it/s]
Extract:  57%|#####7    | 330/578 [01:05<00:30,  8.09it/s]
Extract:  57%|#####7    | 331/578 [01:05<00:33,  7.41it/s]
Extract:  57%|#####7    | 332/578 [01:05<00:38,  6.31it/s]
Extract:  58%|#####7    | 334/578 [01:05<00:28,  8.54it/s]
Extract:  58%|#####8    | 336/578 [01:06<00:24,  9.69it/s]
Extract:  58%|#####8    | 338/578 [01:06<00:23, 10.04it/s]
Extract:  59%|#####8    | 340/578 [01:06<00:24,  9.69it/s]
Extract:  59%|#####9    | 342/578 [01:06<00:26,  8.93it/s]
Extract:  60%|#####9    | 344/578 [01:07<00:30,  7.66it/s]
Extract:  60%|#####9    | 346/578 [01:07<00:26,  8.62it/s]
Extract:  60%|######    | 348/578 [01:07<00:23,  9.78it/s]
Extract:  61%|######    | 350/578 [01:07<00:33,  6.83it/s]
Extract:  61%|######    | 351/578 [01:08<00:45,  4.95it/s]
Extract:  61%|######1   | 353/578 [01:09<00:55,  4.06it/s]
Extract:  61%|######1   | 355/578 [01:09<00:41,  5.42it/s]
Extract:  62%|######1   | 356/578 [01:09<00:48,  4.58it/s]
Extract:  62%|######1   | 357/578 [01:09<00:46,  4.72it/s]
Extract:  62%|######2   | 359/578 [01:09<00:36,  6.08it/s]
Extract:  62%|######2   | 360/578 [01:10<00:37,  5.86it/s]
Extract:  63%|######2   | 362/578 [01:10<00:43,  4.94it/s]
Extract:  63%|######2   | 364/578 [01:10<00:34,  6.23it/s]
Extract:  63%|######3   | 365/578 [01:10<00:34,  6.12it/s]
Extract:  63%|######3   | 366/578 [01:11<00:34,  6.10it/s]
Extract:  63%|######3   | 367/578 [01:11<00:45,  4.62it/s]
Extract:  64%|######3   | 368/578 [01:11<00:46,  4.53it/s]
Extract:  64%|######3   | 369/578 [01:12<01:09,  3.01it/s]
Extract:  64%|######4   | 371/578 [01:12<00:45,  4.59it/s]
Extract:  65%|######4   | 373/578 [01:12<00:43,  4.72it/s]
Extract:  65%|######4   | 374/578 [01:13<00:42,  4.85it/s]
Extract:  65%|######5   | 376/578 [01:13<00:36,  5.59it/s]
Extract:  65%|######5   | 377/578 [01:13<00:37,  5.32it/s]
Extract:  65%|######5   | 378/578 [01:13<00:34,  5.86it/s]
Extract:  66%|######5   | 380/578 [01:13<00:33,  5.88it/s]
Extract:  66%|######5   | 381/578 [01:14<00:32,  6.01it/s]
Extract:  66%|######6   | 382/578 [01:14<00:58,  3.38it/s]
Extract:  66%|######6   | 383/578 [01:14<00:48,  4.02it/s]
Extract:  66%|######6   | 384/578 [01:15<00:49,  3.91it/s]
Extract:  67%|######6   | 386/578 [01:15<00:35,  5.39it/s]
Extract:  67%|######6   | 387/578 [01:15<00:36,  5.27it/s]
Extract:  67%|######7   | 390/578 [01:15<00:24,  7.80it/s]
Extract:  68%|######7   | 391/578 [01:15<00:24,  7.67it/s]
Extract:  68%|######7   | 392/578 [01:16<00:24,  7.58it/s]
Extract:  68%|######7   | 393/578 [01:16<00:26,  7.01it/s]
Extract:  68%|######8   | 394/578 [01:16<00:25,  7.31it/s]
Extract:  68%|######8   | 395/578 [01:16<00:27,  6.73it/s]
Extract:  69%|######8   | 397/578 [01:16<00:25,  7.18it/s]
Extract:  69%|######9   | 399/578 [01:17<00:22,  7.79it/s]
Extract:  69%|######9   | 401/578 [01:17<00:18,  9.34it/s]
Extract:  70%|######9   | 402/578 [01:17<00:18,  9.45it/s]
Extract:  70%|######9   | 404/578 [01:17<00:15, 10.92it/s]
Extract:  70%|#######   | 406/578 [01:17<00:19,  8.99it/s]
Extract:  70%|#######   | 407/578 [01:17<00:22,  7.47it/s]
Extract:  71%|#######   | 408/578 [01:18<00:31,  5.35it/s]
Extract:  71%|#######   | 410/578 [01:18<00:25,  6.70it/s]
Extract:  71%|#######1  | 412/578 [01:18<00:19,  8.44it/s]
Extract:  72%|#######1  | 414/578 [01:18<00:19,  8.34it/s]
Extract:  72%|#######1  | 416/578 [01:19<00:19,  8.43it/s]
Extract:  72%|#######2  | 418/578 [01:19<00:19,  8.24it/s]
Extract:  72%|#######2  | 419/578 [01:19<00:19,  8.01it/s]
Extract:  73%|#######2  | 421/578 [01:20<00:30,  5.16it/s]
Extract:  73%|#######3  | 424/578 [01:20<00:22,  6.99it/s]
Extract:  74%|#######3  | 425/578 [01:20<00:27,  5.63it/s]
Extract:  74%|#######3  | 426/578 [01:21<00:39,  3.87it/s]
Extract:  74%|#######3  | 427/578 [01:22<00:53,  2.81it/s]
Extract:  74%|#######4  | 428/578 [01:22<01:01,  2.44it/s]
Extract:  74%|#######4  | 429/578 [01:23<01:04,  2.29it/s]
Extract:  75%|#######4  | 431/578 [01:23<00:41,  3.55it/s]
Extract:  75%|#######4  | 432/578 [01:23<00:36,  4.03it/s]
Extract:  75%|#######5  | 434/578 [01:23<00:33,  4.30it/s]
Extract:  75%|#######5  | 435/578 [01:23<00:29,  4.78it/s]
Extract:  76%|#######5  | 437/578 [01:24<00:22,  6.32it/s]
Extract:  76%|#######5  | 439/578 [01:24<00:21,  6.60it/s]
Extract:  76%|#######6  | 441/578 [01:24<00:21,  6.32it/s]
Extract:  76%|#######6  | 442/578 [01:24<00:20,  6.73it/s]
Extract:  77%|#######6  | 444/578 [01:24<00:15,  8.43it/s]
Extract:  77%|#######7  | 446/578 [01:25<00:20,  6.54it/s]
Extract:  78%|#######7  | 448/578 [01:25<00:15,  8.35it/s]
Extract:  78%|#######7  | 450/578 [01:25<00:19,  6.55it/s]
Extract:  78%|#######8  | 451/578 [01:26<00:25,  4.94it/s]
Extract:  78%|#######8  | 453/578 [01:26<00:19,  6.43it/s]
Extract:  79%|#######8  | 454/578 [01:27<00:29,  4.22it/s]
Extract:  79%|#######8  | 456/578 [01:27<00:21,  5.70it/s]
Extract:  79%|#######9  | 458/578 [01:27<00:21,  5.58it/s]
Extract:  80%|#######9  | 461/578 [01:27<00:14,  7.82it/s]
Extract:  80%|########  | 463/578 [01:28<00:15,  7.58it/s]
Extract:  81%|########  | 466/578 [01:28<00:12,  8.76it/s]
Extract:  81%|########  | 468/578 [01:29<00:19,  5.51it/s]
Extract:  81%|########1 | 470/578 [01:29<00:17,  6.08it/s]
Extract:  81%|########1 | 471/578 [01:29<00:19,  5.57it/s]
Extract:  82%|########1 | 472/578 [01:29<00:21,  5.02it/s]
Extract:  82%|########1 | 473/578 [01:29<00:19,  5.45it/s]
Extract:  82%|########2 | 474/578 [01:30<00:19,  5.43it/s]
Extract:  82%|########2 | 475/578 [01:30<00:17,  5.96it/s]
Extract:  82%|########2 | 476/578 [01:30<00:24,  4.16it/s]
Extract:  83%|########2 | 478/578 [01:30<00:17,  5.82it/s]
Extract:  83%|########2 | 479/578 [01:30<00:16,  5.91it/s]
Extract:  83%|########3 | 480/578 [01:31<00:14,  6.54it/s]
Extract:  83%|########3 | 481/578 [01:31<00:14,  6.57it/s]
Extract:  84%|########3 | 483/578 [01:31<00:11,  8.46it/s]
Extract:  84%|########3 | 485/578 [01:31<00:09, 10.16it/s]
Extract:  84%|########4 | 487/578 [01:31<00:09,  9.26it/s]
Extract:  85%|########4 | 489/578 [01:32<00:15,  5.92it/s]
Extract:  85%|########4 | 490/578 [01:32<00:13,  6.37it/s]
Extract:  85%|########4 | 491/578 [01:32<00:14,  6.16it/s]
Extract:  85%|########5 | 492/578 [01:32<00:14,  5.86it/s]
Extract:  85%|########5 | 493/578 [01:32<00:14,  6.03it/s]
Extract:  85%|########5 | 494/578 [01:33<00:13,  6.01it/s]
Extract:  86%|########5 | 495/578 [01:33<00:22,  3.73it/s]
Extract:  86%|########5 | 497/578 [01:33<00:14,  5.48it/s]
Extract:  86%|########6 | 498/578 [01:34<00:20,  3.92it/s]
Extract:  87%|########6 | 501/578 [01:34<00:11,  6.67it/s]
Extract:  87%|########7 | 504/578 [01:34<00:09,  7.80it/s]
Extract:  88%|########7 | 506/578 [01:35<00:10,  6.80it/s]
Extract:  88%|########7 | 507/578 [01:35<00:09,  7.17it/s]
Extract:  88%|########7 | 508/578 [01:35<00:10,  6.60it/s]
Extract:  88%|########8 | 510/578 [01:35<00:12,  5.53it/s]
Extract:  88%|########8 | 511/578 [01:36<00:11,  6.00it/s]
Extract:  89%|########8 | 512/578 [01:36<00:11,  5.93it/s]
Extract:  89%|########9 | 515/578 [01:36<00:08,  7.30it/s]
Extract:  89%|########9 | 516/578 [01:37<00:12,  4.85it/s]
Extract:  89%|########9 | 517/578 [01:37<00:12,  4.75it/s]
Extract:  90%|########9 | 519/578 [01:37<00:11,  5.10it/s]
Extract:  90%|########9 | 520/578 [01:37<00:10,  5.54it/s]
Extract:  90%|######### | 522/578 [01:37<00:07,  7.14it/s]
Extract:  90%|######### | 523/578 [01:38<00:07,  7.13it/s]
Extract:  91%|######### | 524/578 [01:38<00:07,  7.56it/s]
Extract:  91%|#########1| 526/578 [01:38<00:09,  5.63it/s]
Extract:  91%|#########1| 528/578 [01:38<00:06,  7.37it/s]
Extract:  92%|#########1| 529/578 [01:38<00:06,  7.40it/s]
Extract:  92%|#########1| 530/578 [01:38<00:06,  7.65it/s]
Extract:  92%|#########1| 531/578 [01:39<00:05,  8.10it/s]
Extract:  92%|#########2| 532/578 [01:39<00:05,  8.34it/s]
Extract:  92%|#########2| 534/578 [01:39<00:05,  8.14it/s]
Extract:  93%|#########2| 536/578 [01:39<00:04, 10.41it/s]
Extract:  93%|#########3| 538/578 [01:39<00:05,  7.79it/s]
Extract:  93%|#########3| 540/578 [01:40<00:05,  7.20it/s]
Extract:  94%|#########3| 541/578 [01:40<00:05,  7.10it/s]
Extract:  94%|#########3| 543/578 [01:40<00:04,  8.00it/s]
Extract:  94%|#########4| 546/578 [01:41<00:07,  4.56it/s]
Extract:  95%|#########4| 547/578 [01:42<00:07,  3.97it/s]
Extract:  95%|#########5| 550/578 [01:42<00:04,  6.24it/s]
Extract:  96%|#########5| 553/578 [01:42<00:04,  6.00it/s]
Extract:  96%|#########6| 555/578 [01:43<00:05,  4.17it/s]
Extract:  96%|#########6| 556/578 [01:43<00:05,  4.14it/s]
Extract:  96%|#########6| 557/578 [01:44<00:05,  4.10it/s]
Extract:  97%|#########6| 559/578 [01:44<00:03,  5.54it/s]
Extract:  97%|#########6| 560/578 [01:44<00:04,  4.09it/s]
Extract:  97%|#########7| 561/578 [01:44<00:04,  4.07it/s]
Extract:  98%|#########7| 564/578 [01:45<00:03,  4.39it/s]
Extract:  98%|#########7| 565/578 [01:46<00:03,  3.56it/s]
Extract:  98%|#########7| 566/578 [01:46<00:02,  4.02it/s]
Extract:  98%|#########8| 567/578 [01:46<00:02,  4.20it/s]
Extract:  98%|#########8| 568/578 [01:46<00:03,  3.29it/s]
Extract:  99%|#########8| 570/578 [01:47<00:01,  4.75it/s]
Extract:  99%|#########8| 572/578 [01:47<00:01,  5.78it/s]
Extract:  99%|#########9| 574/578 [01:47<00:00,  7.32it/s]
Extract:  99%|#########9| 575/578 [01:47<00:00,  6.88it/s]
Extract: 100%|#########9| 576/578 [01:48<00:00,  4.27it/s]
Extract: 100%|#########9| 577/578 [01:48<00:00,  3.10it/s]
Extract: 100%|##########| 578/578 [01:48<00:00,  5.31it/s]

Extract:   0%|          | 0/578 [00:00<?, ?it/s]
Extract:   0%|          | 2/578 [00:00<00:46, 12.42it/s]
Extract:   1%|          | 4/578 [00:00<01:25,  6.68it/s]
Extract:   1%|          | 5/578 [00:00<01:57,  4.87it/s]
Extract:   1%|1         | 6/578 [00:01<01:49,  5.20it/s]
Extract:   1%|1         | 7/578 [00:01<02:04,  4.59it/s]
Extract:   1%|1         | 8/578 [00:01<02:22,  3.99it/s]
Extract:   2%|1         | 9/578 [00:01<02:26,  3.88it/s]
Extract:   2%|1         | 10/578 [00:02<02:24,  3.92it/s]
Extract:   2%|1         | 11/578 [00:02<02:25,  3.91it/s]
Extract:   2%|2         | 12/578 [00:02<02:43,  3.47it/s]
Extract:   2%|2         | 13/578 [00:02<02:13,  4.22it/s]
Extract:   2%|2         | 14/578 [00:03<03:06,  3.02it/s]
Extract:   3%|2         | 15/578 [00:03<03:36,  2.60it/s]
Extract:   3%|2         | 16/578 [00:04<02:58,  3.15it/s]
Extract:   3%|3         | 19/578 [00:04<01:31,  6.11it/s]
Extract:   4%|3         | 21/578 [00:04<01:40,  5.53it/s]
Extract:   4%|3         | 22/578 [00:04<01:40,  5.56it/s]
Extract:   4%|3         | 23/578 [00:05<02:02,  4.54it/s]
Extract:   4%|4         | 24/578 [00:05<01:52,  4.92it/s]
Extract:   4%|4         | 26/578 [00:05<01:25,  6.49it/s]
Extract:   5%|4         | 27/578 [00:05<02:00,  4.59it/s]
Extract:   5%|5         | 29/578 [00:06<01:36,  5.69it/s]
Extract:   5%|5         | 30/578 [00:06<01:34,  5.77it/s]
Extract:   5%|5         | 31/578 [00:06<01:39,  5.48it/s]
Extract:   6%|5         | 33/578 [00:06<01:12,  7.55it/s]
Extract:   6%|6         | 35/578 [00:06<01:05,  8.25it/s]
Extract:   6%|6         | 36/578 [00:07<01:13,  7.41it/s]
Extract:   6%|6         | 37/578 [00:07<01:18,  6.91it/s]
Extract:   7%|6         | 38/578 [00:07<01:12,  7.47it/s]
Extract:   7%|6         | 40/578 [00:07<01:02,  8.61it/s]
Extract:   7%|7         | 41/578 [00:07<01:04,  8.28it/s]
Extract:   7%|7         | 42/578 [00:08<01:55,  4.65it/s]
Extract:   7%|7         | 43/578 [00:08<02:26,  3.66it/s]
Extract:   8%|7         | 45/578 [00:08<01:35,  5.57it/s]
Extract:   8%|8         | 47/578 [00:09<01:47,  4.96it/s]
Extract:   9%|8         | 50/578 [00:09<01:43,  5.10it/s]
Extract:   9%|8         | 51/578 [00:10<02:00,  4.37it/s]
Extract:   9%|8         | 52/578 [00:10<02:14,  3.90it/s]
Extract:   9%|9         | 54/578 [00:11<02:28,  3.54it/s]
Extract:  10%|9         | 55/578 [00:11<02:32,  3.43it/s]
Extract:  10%|9         | 56/578 [00:11<02:13,  3.91it/s]
Extract:  10%|#         | 58/578 [00:12<02:08,  4.04it/s]
Extract:  10%|#         | 59/578 [00:12<02:17,  3.77it/s]
Extract:  10%|#         | 60/578 [00:12<02:33,  3.38it/s]
Extract:  11%|#         | 61/578 [00:13<02:47,  3.09it/s]
Extract:  11%|#         | 63/578 [00:13<02:02,  4.19it/s]
Extract:  11%|#1        | 64/578 [00:13<01:54,  4.50it/s]
Extract:  11%|#1        | 65/578 [00:13<02:00,  4.27it/s]
Extract:  12%|#1        | 67/578 [00:14<02:28,  3.43it/s]
Extract:  12%|#1        | 69/578 [00:14<01:58,  4.29it/s]
Extract:  12%|#2        | 70/578 [00:15<01:44,  4.85it/s]
Extract:  12%|#2        | 71/578 [00:15<01:38,  5.16it/s]
Extract:  12%|#2        | 72/578 [00:15<01:34,  5.35it/s]
Extract:  13%|#2        | 73/578 [00:15<02:27,  3.43it/s]
Extract:  13%|#2        | 75/578 [00:16<01:38,  5.12it/s]
Extract:  13%|#3        | 76/578 [00:16<01:37,  5.13it/s]
Extract:  13%|#3        | 77/578 [00:16<01:51,  4.50it/s]
Extract:  14%|#3        | 80/578 [00:16<01:07,  7.43it/s]
Extract:  14%|#4        | 82/578 [00:16<00:54,  9.06it/s]
Extract:  15%|#4        | 84/578 [00:17<01:12,  6.82it/s]
Extract:  15%|#4        | 86/578 [00:17<01:00,  8.19it/s]
Extract:  15%|#5        | 89/578 [00:18<01:19,  6.17it/s]
Extract:  16%|#5        | 90/578 [00:18<01:17,  6.28it/s]
Extract:  16%|#5        | 91/578 [00:18<01:36,  5.02it/s]
Extract:  16%|#5        | 92/578 [00:18<01:50,  4.40it/s]
Extract:  16%|#6        | 94/578 [00:19<01:30,  5.38it/s]
Extract:  17%|#6        | 96/578 [00:19<01:43,  4.65it/s]
Extract:  17%|#6        | 98/578 [00:19<01:26,  5.57it/s]
Extract:  17%|#7        | 100/578 [00:20<01:20,  5.94it/s]
Extract:  18%|#7        | 102/578 [00:20<01:02,  7.59it/s]
Extract:  18%|#8        | 105/578 [00:20<00:51,  9.11it/s]
Extract:  19%|#8        | 107/578 [00:21<01:06,  7.10it/s]
Extract:  19%|#8        | 108/578 [00:21<01:10,  6.71it/s]
Extract:  19%|#9        | 110/578 [00:21<01:00,  7.77it/s]
Extract:  19%|#9        | 111/578 [00:21<00:58,  8.04it/s]
Extract:  20%|#9        | 114/578 [00:21<00:42, 10.94it/s]
Extract:  20%|##        | 116/578 [00:21<00:46, 10.00it/s]
Extract:  20%|##        | 118/578 [00:22<00:52,  8.75it/s]
Extract:  21%|##        | 120/578 [00:22<01:17,  5.90it/s]
Extract:  21%|##        | 121/578 [00:23<01:26,  5.27it/s]
Extract:  21%|##1       | 123/578 [00:23<01:06,  6.89it/s]
Extract:  22%|##1       | 125/578 [00:23<01:09,  6.49it/s]
Extract:  22%|##1       | 126/578 [00:23<01:10,  6.43it/s]
Extract:  22%|##2       | 128/578 [00:23<00:57,  7.83it/s]
Extract:  22%|##2       | 130/578 [00:24<00:59,  7.56it/s]
Extract:  23%|##2       | 131/578 [00:24<01:13,  6.11it/s]
Extract:  23%|##2       | 132/578 [00:24<01:08,  6.49it/s]
Extract:  23%|##3       | 133/578 [00:24<01:17,  5.76it/s]
Extract:  23%|##3       | 135/578 [00:24<01:03,  6.97it/s]
Extract:  24%|##3       | 136/578 [00:25<01:21,  5.44it/s]
Extract:  24%|##3       | 137/578 [00:25<01:33,  4.70it/s]
Extract:  24%|##3       | 138/578 [00:25<01:53,  3.89it/s]
Extract:  24%|##4       | 139/578 [00:26<01:50,  3.99it/s]
Extract:  25%|##4       | 143/578 [00:26<00:49,  8.70it/s]
Extract:  25%|##5       | 146/578 [00:26<00:51,  8.38it/s]
Extract:  26%|##5       | 148/578 [00:26<00:51,  8.37it/s]
Extract:  26%|##5       | 150/578 [00:27<01:03,  6.70it/s]
Extract:  26%|##6       | 153/578 [00:27<01:11,  5.97it/s]
Extract:  27%|##6       | 155/578 [00:28<01:09,  6.12it/s]
Extract:  27%|##7       | 158/578 [00:28<00:50,  8.27it/s]
Extract:  28%|##7       | 160/578 [00:28<00:48,  8.68it/s]
Extract:  28%|##8       | 163/578 [00:29<00:54,  7.68it/s]
Extract:  29%|##8       | 165/578 [00:29<00:50,  8.20it/s]
Extract:  29%|##8       | 167/578 [00:29<00:56,  7.21it/s]
Extract:  29%|##9       | 169/578 [00:29<00:49,  8.24it/s]
Extract:  30%|##9       | 171/578 [00:29<00:42,  9.58it/s]
Extract:  30%|##9       | 173/578 [00:30<01:03,  6.40it/s]
Extract:  30%|###       | 174/578 [00:30<01:17,  5.19it/s]
Extract:  30%|###       | 176/578 [00:30<00:59,  6.74it/s]
Extract:  31%|###       | 178/578 [00:31<01:12,  5.50it/s]
Extract:  31%|###1      | 180/578 [00:31<01:11,  5.54it/s]
Extract:  31%|###1      | 181/578 [00:32<01:18,  5.09it/s]
Extract:  31%|###1      | 182/578 [00:32<01:15,  5.27it/s]
Extract:  32%|###1      | 184/578 [00:32<01:03,  6.25it/s]
Extract:  32%|###2      | 185/578 [00:32<01:18,  5.03it/s]
Extract:  32%|###2      | 187/578 [00:32<00:56,  6.96it/s]
Extract:  33%|###2      | 188/578 [00:33<00:54,  7.18it/s]
Extract:  33%|###2      | 189/578 [00:33<01:38,  3.95it/s]
Extract:  33%|###3      | 191/578 [00:33<01:21,  4.73it/s]
Extract:  33%|###3      | 193/578 [00:34<01:02,  6.15it/s]
Extract:  34%|###3      | 195/578 [00:34<00:48,  7.91it/s]
Extract:  34%|###4      | 197/578 [00:34<00:57,  6.68it/s]
Extract:  34%|###4      | 198/578 [00:34<00:55,  6.83it/s]
Extract:  35%|###4      | 201/578 [00:35<00:57,  6.55it/s]
Extract:  35%|###4      | 202/578 [00:35<00:57,  6.51it/s]
Extract:  35%|###5      | 203/578 [00:35<01:14,  5.03it/s]
Extract:  36%|###5      | 206/578 [00:35<00:48,  7.62it/s]
Extract:  36%|###5      | 207/578 [00:36<00:55,  6.73it/s]
Extract:  36%|###6      | 209/578 [00:36<00:42,  8.61it/s]
Extract:  37%|###6      | 212/578 [00:36<00:45,  8.13it/s]
Extract:  37%|###7      | 214/578 [00:36<00:38,  9.35it/s]
Extract:  37%|###7      | 216/578 [00:37<00:59,  6.08it/s]
Extract:  38%|###7      | 217/578 [00:37<00:55,  6.50it/s]
Extract:  38%|###8      | 220/578 [00:37<00:37,  9.57it/s]
Extract:  39%|###8      | 223/578 [00:37<00:30, 11.51it/s]
Extract:  39%|###8      | 225/578 [00:38<00:39,  8.95it/s]
Extract:  39%|###9      | 227/578 [00:38<00:39,  8.83it/s]
Extract:  40%|###9      | 229/578 [00:38<00:36,  9.66it/s]
Extract:  40%|###9      | 231/578 [00:39<00:49,  7.02it/s]
Extract:  40%|####      | 232/578 [00:39<00:47,  7.36it/s]
Extract:  40%|####      | 234/578 [00:39<00:43,  7.93it/s]
Extract:  41%|####      | 235/578 [00:39<00:42,  8.08it/s]
Extract:  41%|####      | 236/578 [00:39<01:09,  4.95it/s]
Extract:  41%|####1     | 237/578 [00:40<01:27,  3.89it/s]
Extract:  41%|####1     | 239/578 [00:40<01:01,  5.54it/s]
Extract:  42%|####1     | 240/578 [00:40<00:59,  5.64it/s]
Extract:  42%|####1     | 242/578 [00:40<00:43,  7.73it/s]
Extract:  42%|####2     | 244/578 [00:41<00:50,  6.59it/s]
Extract:  43%|####2     | 246/578 [00:41<00:39,  8.34it/s]
Extract:  43%|####2     | 248/578 [00:42<01:11,  4.60it/s]
Extract:  43%|####3     | 249/578 [00:42<01:08,  4.80it/s]
Extract:  43%|####3     | 250/578 [00:42<01:02,  5.21it/s]
Extract:  44%|####3     | 252/578 [00:42<00:47,  6.80it/s]
Extract:  44%|####4     | 255/578 [00:42<00:37,  8.55it/s]
Extract:  44%|####4     | 257/578 [00:43<00:48,  6.60it/s]
Extract:  45%|####4     | 259/578 [00:43<00:41,  7.61it/s]
Extract:  45%|####5     | 261/578 [00:43<00:37,  8.52it/s]
Extract:  46%|####5     | 263/578 [00:44<00:59,  5.27it/s]
Extract:  46%|####5     | 265/578 [00:44<00:56,  5.52it/s]
Extract:  46%|####6     | 266/578 [00:44<00:59,  5.23it/s]
Extract:  46%|####6     | 267/578 [00:45<01:12,  4.31it/s]
Extract:  47%|####6     | 269/578 [00:45<01:11,  4.32it/s]
Extract:  47%|####7     | 273/578 [00:46<00:53,  5.71it/s]
Extract:  47%|####7     | 274/578 [00:47<01:31,  3.32it/s]
Extract:  48%|####7     | 275/578 [00:47<01:37,  3.12it/s]
Extract:  48%|####7     | 276/578 [00:47<01:25,  3.53it/s]
Extract:  48%|####8     | 279/578 [00:47<00:50,  5.94it/s]
Extract:  49%|####8     | 281/578 [00:48<00:46,  6.35it/s]
Extract:  49%|####8     | 283/578 [00:48<00:44,  6.64it/s]
Extract:  49%|####9     | 285/578 [00:48<00:39,  7.45it/s]
Extract:  49%|####9     | 286/578 [00:48<00:39,  7.35it/s]
Extract:  50%|####9     | 287/578 [00:48<00:38,  7.56it/s]
Extract:  50%|####9     | 288/578 [00:49<00:37,  7.72it/s]
Extract:  50%|#####     | 289/578 [00:49<00:44,  6.48it/s]
Extract:  50%|#####     | 290/578 [00:49<01:01,  4.69it/s]
Extract:  51%|#####     | 292/578 [00:49<00:42,  6.79it/s]
Extract:  51%|#####     | 294/578 [00:49<00:33,  8.39it/s]
Extract:  51%|#####1    | 296/578 [00:50<00:49,  5.71it/s]
Extract:  51%|#####1    | 297/578 [00:50<00:57,  4.87it/s]
Extract:  52%|#####1    | 300/578 [00:50<00:38,  7.25it/s]
Extract:  52%|#####2    | 301/578 [00:51<01:03,  4.37it/s]
Extract:  52%|#####2    | 303/578 [00:51<00:47,  5.76it/s]
Extract:  53%|#####2    | 304/578 [00:52<01:14,  3.69it/s]
Extract:  53%|#####2    | 305/578 [00:52<01:05,  4.19it/s]
Extract:  53%|#####3    | 307/578 [00:52<00:54,  5.02it/s]
Extract:  53%|#####3    | 308/578 [00:53<00:53,  5.08it/s]
Extract:  53%|#####3    | 309/578 [00:53<01:01,  4.34it/s]
Extract:  54%|#####3    | 310/578 [00:53<00:54,  4.93it/s]
Extract:  54%|#####3    | 311/578 [00:54<01:20,  3.33it/s]
Extract:  54%|#####3    | 312/578 [00:54<01:27,  3.04it/s]
Extract:  54%|#####4    | 314/578 [00:54<01:07,  3.89it/s]
Extract:  55%|#####4    | 316/578 [00:55<00:54,  4.82it/s]
Extract:  55%|#####5    | 318/578 [00:55<00:51,  5.09it/s]
Extract:  55%|#####5    | 319/578 [00:55<00:48,  5.36it/s]
Extract:  55%|#####5    | 320/578 [00:55<00:52,  4.89it/s]
Extract:  56%|#####5    | 321/578 [00:55<00:46,  5.48it/s]
Extract:  56%|#####5    | 322/578 [00:56<00:46,  5.50it/s]
Extract:  56%|#####5    | 323/578 [00:56<00:42,  6.01it/s]
Extract:  56%|#####6    | 325/578 [00:56<00:29,  8.48it/s]
Extract:  57%|#####6    | 327/578 [00:57<00:51,  4.90it/s]
Extract:  57%|#####6    | 328/578 [00:57<00:51,  4.87it/s]
Extract:  57%|#####7    | 330/578 [00:57<00:40,  6.07it/s]
Extract:  57%|#####7    | 331/578 [00:57<00:45,  5.46it/s]
Extract:  57%|#####7    | 332/578 [00:58<00:53,  4.58it/s]
Extract:  58%|#####7    | 334/578 [00:58<00:39,  6.14it/s]
Extract:  58%|#####7    | 335/578 [00:58<00:37,  6.48it/s]
Extract:  58%|#####8    | 337/578 [00:58<00:28,  8.38it/s]
Extract:  59%|#####8    | 339/578 [00:58<00:23,  9.98it/s]
Extract:  59%|#####8    | 341/578 [00:58<00:23, 10.06it/s]
Extract:  59%|#####9    | 343/578 [00:58<00:23,  9.79it/s]
Extract:  60%|#####9    | 345/578 [00:59<00:32,  7.09it/s]
Extract:  60%|######    | 347/578 [00:59<00:26,  8.79it/s]
Extract:  60%|######    | 349/578 [00:59<00:31,  7.38it/s]
Extract:  61%|######    | 350/578 [01:00<00:30,  7.56it/s]
Extract:  61%|######    | 351/578 [01:00<00:45,  4.98it/s]
Extract:  61%|######1   | 353/578 [01:00<00:40,  5.60it/s]
Extract:  61%|######1   | 355/578 [01:00<00:31,  7.00it/s]
Extract:  62%|######1   | 356/578 [01:01<00:52,  4.22it/s]
Extract:  62%|######1   | 357/578 [01:01<01:00,  3.66it/s]
Extract:  62%|######2   | 359/578 [01:02<00:49,  4.39it/s]
Extract:  62%|######2   | 360/578 [01:02<00:49,  4.38it/s]
Extract:  62%|######2   | 361/578 [01:02<00:43,  4.95it/s]
Extract:  63%|######2   | 362/578 [01:03<01:04,  3.34it/s]
Extract:  63%|######2   | 363/578 [01:03<00:53,  4.01it/s]
Extract:  63%|######2   | 364/578 [01:03<00:44,  4.79it/s]
Extract:  63%|######3   | 365/578 [01:03<00:46,  4.61it/s]
Extract:  63%|######3   | 366/578 [01:03<00:47,  4.46it/s]
Extract:  63%|######3   | 367/578 [01:04<01:12,  2.91it/s]
Extract:  64%|######3   | 368/578 [01:05<01:56,  1.81it/s]
Extract:  64%|######3   | 369/578 [01:06<01:54,  1.82it/s]
Extract:  65%|######4   | 373/578 [01:06<00:51,  3.98it/s]
Extract:  65%|######4   | 375/578 [01:06<00:39,  5.15it/s]
Extract:  65%|######5   | 376/578 [01:06<00:41,  4.88it/s]
Extract:  65%|######5   | 377/578 [01:07<00:43,  4.62it/s]
Extract:  66%|######5   | 379/578 [01:07<00:31,  6.29it/s]
Extract:  66%|######5   | 380/578 [01:07<00:33,  5.91it/s]
Extract:  66%|######5   | 381/578 [01:07<00:31,  6.29it/s]
Extract:  66%|######6   | 382/578 [01:07<00:38,  5.06it/s]
Extract:  66%|######6   | 384/578 [01:08<00:33,  5.79it/s]
Extract:  67%|######6   | 386/578 [01:08<00:25,  7.48it/s]
Extract:  67%|######6   | 387/578 [01:08<00:26,  7.34it/s]
Extract:  67%|######7   | 390/578 [01:08<00:17, 10.54it/s]
Extract:  68%|######7   | 392/578 [01:08<00:18, 10.11it/s]
Extract:  68%|######8   | 394/578 [01:09<00:23,  7.90it/s]
Extract:  68%|######8   | 395/578 [01:09<00:24,  7.53it/s]
Extract:  69%|######8   | 397/578 [01:09<00:20,  8.71it/s]
Extract:  69%|######9   | 399/578 [01:09<00:19,  9.41it/s]
Extract:  69%|######9   | 401/578 [01:09<00:16, 11.00it/s]
Extract:  70%|######9   | 403/578 [01:09<00:15, 11.08it/s]
Extract:  70%|#######   | 405/578 [01:10<00:14, 11.65it/s]
Extract:  70%|#######   | 407/578 [01:10<00:23,  7.16it/s]
Extract:  71%|#######   | 408/578 [01:10<00:30,  5.51it/s]
Extract:  71%|#######   | 410/578 [01:11<00:27,  6.03it/s]
Extract:  71%|#######1  | 412/578 [01:11<00:25,  6.54it/s]
Extract:  71%|#######1  | 413/578 [01:11<00:34,  4.85it/s]
Extract:  72%|#######1  | 415/578 [01:12<00:28,  5.69it/s]
Extract:  72%|#######1  | 416/578 [01:12<00:29,  5.55it/s]
Extract:  72%|#######2  | 417/578 [01:13<00:49,  3.25it/s]
Extract:  72%|#######2  | 418/578 [01:13<00:43,  3.67it/s]
Extract:  72%|#######2  | 419/578 [01:13<00:38,  4.09it/s]
Extract:  73%|#######2  | 421/578 [01:13<00:36,  4.27it/s]
Extract:  73%|#######3  | 424/578 [01:14<00:22,  6.72it/s]
Extract:  74%|#######3  | 425/578 [01:14<00:27,  5.53it/s]
Extract:  74%|#######3  | 426/578 [01:14<00:27,  5.48it/s]
Extract:  74%|#######3  | 427/578 [01:14<00:35,  4.31it/s]
Extract:  74%|#######4  | 428/578 [01:15<00:39,  3.84it/s]
Extract:  74%|#######4  | 429/578 [01:15<00:43,  3.41it/s]
Extract:  75%|#######4  | 431/578 [01:15<00:29,  5.03it/s]
Extract:  75%|#######4  | 432/578 [01:15<00:27,  5.25it/s]
Extract:  75%|#######5  | 434/578 [01:16<00:29,  4.90it/s]
Extract:  75%|#######5  | 435/578 [01:16<00:25,  5.53it/s]
Extract:  76%|#######5  | 437/578 [01:16<00:20,  6.98it/s]
Extract:  76%|#######5  | 438/578 [01:16<00:19,  7.09it/s]
Extract:  76%|#######5  | 439/578 [01:17<00:21,  6.59it/s]
Extract:  76%|#######6  | 441/578 [01:17<00:21,  6.25it/s]
Extract:  77%|#######6  | 443/578 [01:17<00:18,  7.26it/s]
Extract:  77%|#######6  | 444/578 [01:17<00:17,  7.57it/s]
Extract:  77%|#######6  | 445/578 [01:18<00:25,  5.22it/s]
Extract:  78%|#######7  | 448/578 [01:18<00:15,  8.39it/s]
Extract:  78%|#######7  | 450/578 [01:18<00:18,  6.83it/s]
Extract:  78%|#######8  | 451/578 [01:19<00:29,  4.34it/s]
Extract:  78%|#######8  | 453/578 [01:19<00:21,  5.74it/s]
Extract:  79%|#######8  | 455/578 [01:19<00:17,  7.13it/s]
Extract:  79%|#######9  | 458/578 [01:20<00:28,  4.15it/s]
Extract:  80%|#######9  | 461/578 [01:20<00:21,  5.56it/s]
Extract:  80%|#######9  | 462/578 [01:20<00:19,  5.95it/s]
Extract:  80%|########  | 463/578 [01:21<00:22,  5.01it/s]
Extract:  80%|########  | 465/578 [01:21<00:17,  6.48it/s]
Extract:  81%|########  | 467/578 [01:21<00:20,  5.31it/s]
Extract:  81%|########  | 468/578 [01:22<00:30,  3.65it/s]
Extract:  81%|########1 | 469/578 [01:22<00:26,  4.11it/s]
Extract:  81%|########1 | 470/578 [01:23<00:27,  3.94it/s]
Extract:  81%|########1 | 471/578 [01:23<00:29,  3.61it/s]
Extract:  82%|########1 | 472/578 [01:23<00:30,  3.46it/s]
Extract:  82%|########1 | 473/578 [01:23<00:28,  3.69it/s]
Extract:  82%|########2 | 474/578 [01:24<00:30,  3.47it/s]
Extract:  82%|########2 | 475/578 [01:24<00:25,  4.01it/s]
Extract:  82%|########2 | 476/578 [01:24<00:28,  3.61it/s]
Extract:  83%|########2 | 478/578 [01:24<00:18,  5.41it/s]
Extract:  83%|########2 | 479/578 [01:24<00:16,  6.09it/s]
Extract:  83%|########3 | 481/578 [01:25<00:13,  7.31it/s]
Extract:  84%|########3 | 483/578 [01:25<00:10,  8.87it/s]
Extract:  84%|########3 | 485/578 [01:25<00:08, 10.93it/s]
Extract:  84%|########4 | 487/578 [01:25<00:08, 11.07it/s]
Extract:  85%|########4 | 489/578 [01:26<00:11,  7.97it/s]
Extract:  85%|########4 | 491/578 [01:26<00:12,  6.86it/s]
Extract:  85%|########5 | 492/578 [01:26<00:13,  6.17it/s]
Extract:  85%|########5 | 493/578 [01:26<00:14,  5.90it/s]
Extract:  85%|########5 | 494/578 [01:26<00:13,  6.16it/s]
Extract:  86%|########5 | 497/578 [01:27<00:08,  9.77it/s]
Extract:  86%|########6 | 499/578 [01:27<00:10,  7.23it/s]
Extract:  87%|########6 | 502/578 [01:27<00:07,  9.99it/s]
Extract:  87%|########7 | 504/578 [01:28<00:09,  8.00it/s]
Extract:  88%|########7 | 506/578 [01:28<00:10,  7.01it/s]
Extract:  88%|########7 | 508/578 [01:28<00:09,  7.43it/s]
Extract:  88%|########8 | 510/578 [01:29<00:10,  6.62it/s]
Extract:  89%|########8 | 512/578 [01:29<00:15,  4.20it/s]
Extract:  89%|########9 | 515/578 [01:30<00:11,  5.38it/s]
Extract:  89%|########9 | 516/578 [01:30<00:14,  4.38it/s]
Extract:  89%|########9 | 517/578 [01:30<00:13,  4.55it/s]
Extract:  90%|########9 | 519/578 [01:31<00:10,  5.54it/s]
Extract:  90%|########9 | 520/578 [01:31<00:10,  5.58it/s]
Extract:  90%|######### | 522/578 [01:31<00:08,  6.76it/s]
Extract:  90%|######### | 523/578 [01:31<00:08,  6.76it/s]
Extract:  91%|######### | 524/578 [01:31<00:07,  7.01it/s]
Extract:  91%|######### | 525/578 [01:31<00:07,  6.76it/s]
Extract:  91%|#########1| 526/578 [01:32<00:12,  4.12it/s]
Extract:  91%|#########1| 528/578 [01:32<00:08,  6.12it/s]
Extract:  92%|#########1| 529/578 [01:32<00:07,  6.20it/s]
Extract:  92%|#########1| 530/578 [01:32<00:07,  6.20it/s]
Extract:  92%|#########1| 531/578 [01:32<00:06,  6.77it/s]
Extract:  92%|#########2| 533/578 [01:33<00:05,  8.77it/s]
Extract:  93%|#########2| 535/578 [01:33<00:05,  7.86it/s]
Extract:  93%|#########2| 537/578 [01:33<00:05,  6.86it/s]
Extract:  93%|#########3| 538/578 [01:33<00:06,  6.21it/s]
Extract:  93%|#########3| 540/578 [01:34<00:05,  6.55it/s]
Extract:  94%|#########3| 541/578 [01:34<00:05,  6.61it/s]
Extract:  94%|#########3| 543/578 [01:34<00:04,  7.02it/s]
Extract:  94%|#########4| 546/578 [01:35<00:05,  6.07it/s]
Extract:  95%|#########4| 547/578 [01:35<00:07,  4.21it/s]
Extract:  95%|#########4| 549/578 [01:35<00:05,  5.69it/s]
Extract:  95%|#########5| 551/578 [01:35<00:03,  7.14it/s]
Extract:  96%|#########5| 553/578 [01:36<00:04,  6.16it/s]
Extract:  96%|#########5| 554/578 [01:36<00:05,  4.58it/s]
Extract:  96%|#########6| 555/578 [01:37<00:06,  3.61it/s]
Extract:  96%|#########6| 556/578 [01:37<00:06,  3.64it/s]
Extract:  96%|#########6| 557/578 [01:37<00:05,  4.00it/s]
Extract:  97%|#########6| 560/578 [01:38<00:03,  4.53it/s]
Extract:  97%|#########7| 561/578 [01:38<00:03,  4.76it/s]
Extract:  98%|#########7| 564/578 [01:39<00:04,  3.04it/s]
Extract:  98%|#########7| 565/578 [01:40<00:04,  2.85it/s]
Extract:  98%|#########7| 566/578 [01:40<00:03,  3.21it/s]
Extract:  98%|#########8| 567/578 [01:40<00:03,  3.57it/s]
Extract:  98%|#########8| 568/578 [01:41<00:03,  2.97it/s]
Extract:  99%|#########8| 571/578 [01:41<00:01,  5.41it/s]
Extract:  99%|#########9| 573/578 [01:41<00:00,  6.52it/s]
Extract:  99%|#########9| 575/578 [01:41<00:00,  6.66it/s]
Extract: 100%|#########9| 576/578 [01:42<00:00,  4.15it/s]
Extract: 100%|##########| 578/578 [01:42<00:00,  5.63it/s]

Extract:   0%|          | 0/578 [00:00<?, ?it/s]
Extract:   0%|          | 1/578 [00:00<01:00,  9.47it/s]
Extract:   1%|          | 3/578 [00:00<01:03,  9.05it/s]
Extract:   1%|          | 4/578 [00:00<01:23,  6.84it/s]
Extract:   1%|          | 5/578 [00:00<01:20,  7.11it/s]
Extract:   1%|1         | 6/578 [00:00<01:18,  7.30it/s]
Extract:   1%|1         | 7/578 [00:01<01:38,  5.82it/s]
Extract:   1%|1         | 8/578 [00:01<01:57,  4.85it/s]
Extract:   2%|1         | 9/578 [00:01<02:00,  4.71it/s]
Extract:   2%|1         | 10/578 [00:01<01:57,  4.84it/s]
Extract:   2%|1         | 11/578 [00:01<02:00,  4.72it/s]
Extract:   2%|2         | 12/578 [00:02<02:37,  3.60it/s]
Extract:   2%|2         | 13/578 [00:02<02:13,  4.24it/s]
Extract:   2%|2         | 14/578 [00:03<02:52,  3.27it/s]
Extract:   3%|2         | 15/578 [00:03<03:29,  2.69it/s]
Extract:   3%|2         | 16/578 [00:03<02:54,  3.22it/s]
Extract:   3%|3         | 18/578 [00:03<01:47,  5.22it/s]
Extract:   3%|3         | 20/578 [00:03<01:20,  6.90it/s]
Extract:   4%|3         | 22/578 [00:04<02:20,  3.97it/s]
Extract:   4%|3         | 23/578 [00:05<02:22,  3.89it/s]
Extract:   4%|4         | 24/578 [00:05<02:12,  4.20it/s]
Extract:   4%|4         | 26/578 [00:05<01:41,  5.43it/s]
Extract:   5%|4         | 27/578 [00:06<02:25,  3.78it/s]
Extract:   5%|5         | 29/578 [00:06<01:50,  4.98it/s]
Extract:   5%|5         | 30/578 [00:06<01:55,  4.75it/s]
Extract:   5%|5         | 31/578 [00:06<01:58,  4.60it/s]
Extract:   6%|5         | 33/578 [00:06<01:24,  6.45it/s]
Extract:   6%|6         | 35/578 [00:07<01:08,  7.98it/s]
Extract:   6%|6         | 37/578 [00:07<01:43,  5.23it/s]
Extract:   7%|6         | 38/578 [00:07<01:37,  5.53it/s]
Extract:   7%|6         | 40/578 [00:07<01:18,  6.86it/s]
Extract:   7%|7         | 41/578 [00:08<01:13,  7.32it/s]
Extract:   7%|7         | 42/578 [00:08<01:53,  4.72it/s]
Extract:   7%|7         | 43/578 [00:08<02:12,  4.05it/s]
Extract:   8%|7         | 46/578 [00:09<01:20,  6.60it/s]
Extract:   8%|8         | 47/578 [00:09<01:25,  6.20it/s]
Extract:   9%|8         | 50/578 [00:09<01:30,  5.86it/s]
Extract:   9%|8         | 51/578 [00:10<01:40,  5.26it/s]
Extract:   9%|8         | 52/578 [00:10<01:49,  4.78it/s]
Extract:   9%|9         | 54/578 [00:10<01:37,  5.37it/s]
Extract:  10%|9         | 55/578 [00:10<01:45,  4.94it/s]
Extract:  10%|9         | 56/578 [00:11<01:33,  5.57it/s]
Extract:  10%|#         | 58/578 [00:11<01:18,  6.60it/s]
Extract:  10%|#         | 59/578 [00:11<01:26,  6.01it/s]
Extract:  10%|#         | 60/578 [00:11<02:02,  4.22it/s]
Extract:  11%|#         | 61/578 [00:12<02:13,  3.88it/s]
Extract:  11%|#         | 63/578 [00:12<01:32,  5.57it/s]
Extract:  11%|#1        | 64/578 [00:12<01:39,  5.18it/s]
Extract:  11%|#1        | 65/578 [00:12<01:57,  4.35it/s]
Extract:  11%|#1        | 66/578 [00:13<01:51,  4.60it/s]
Extract:  12%|#1        | 67/578 [00:13<02:17,  3.72it/s]
Extract:  12%|#1        | 69/578 [00:13<01:41,  4.99it/s]
Extract:  12%|#2        | 70/578 [00:13<01:38,  5.15it/s]
Extract:  12%|#2        | 72/578 [00:14<01:17,  6.51it/s]
Extract:  13%|#2        | 73/578 [00:14<01:42,  4.91it/s]
Extract:  13%|#2        | 75/578 [00:14<01:14,  6.73it/s]
Extract:  13%|#3        | 76/578 [00:14<01:13,  6.88it/s]
Extract:  13%|#3        | 77/578 [00:15<01:38,  5.08it/s]
Extract:  14%|#3        | 80/578 [00:15<01:02,  8.00it/s]
Extract:  14%|#4        | 82/578 [00:15<00:57,  8.68it/s]
Extract:  15%|#4        | 84/578 [00:16<01:39,  4.97it/s]
Extract:  15%|#4        | 85/578 [00:16<01:31,  5.37it/s]
Extract:  15%|#4        | 86/578 [00:16<01:28,  5.54it/s]
Extract:  15%|#5        | 88/578 [00:16<01:08,  7.17it/s]
Extract:  15%|#5        | 89/578 [00:17<01:52,  4.35it/s]
Extract:  16%|#5        | 90/578 [00:17<01:46,  4.57it/s]
Extract:  16%|#5        | 91/578 [00:18<02:40,  3.04it/s]
Extract:  16%|#5        | 92/578 [00:18<03:32,  2.29it/s]
Extract:  16%|#6        | 94/578 [00:19<02:34,  3.14it/s]
Extract:  17%|#6        | 96/578 [00:19<02:28,  3.25it/s]
Extract:  17%|#6        | 97/578 [00:19<02:10,  3.68it/s]
Extract:  17%|#6        | 98/578 [00:20<02:16,  3.53it/s]
Extract:  17%|#7        | 99/578 [00:20<01:54,  4.18it/s]
Extract:  17%|#7        | 100/578 [00:20<01:54,  4.17it/s]
Extract:  17%|#7        | 101/578 [00:20<01:43,  4.62it/s]
Extract:  18%|#7        | 104/578 [00:20<00:58,  8.10it/s]
Extract:  18%|#8        | 106/578 [00:21<01:04,  7.29it/s]
Extract:  19%|#8        | 107/578 [00:21<01:42,  4.60it/s]
Extract:  19%|#8        | 108/578 [00:21<01:40,  4.70it/s]
Extract:  19%|#9        | 110/578 [00:22<01:18,  5.95it/s]
Extract:  19%|#9        | 111/578 [00:22<01:14,  6.28it/s]
Extract:  20%|#9        | 113/578 [00:22<00:55,  8.43it/s]
Extract:  20%|#9        | 115/578 [00:22<00:51,  9.02it/s]
Extract:  20%|##        | 117/578 [00:23<01:21,  5.64it/s]
Extract:  21%|##        | 120/578 [00:23<01:24,  5.41it/s]
Extract:  21%|##        | 121/578 [00:24<02:05,  3.64it/s]
Extract:  21%|##1       | 123/578 [00:24<01:34,  4.81it/s]
Extract:  22%|##1       | 125/578 [00:25<01:36,  4.71it/s]
Extract:  22%|##1       | 126/578 [00:25<01:35,  4.74it/s]
Extract:  22%|##2       | 128/578 [00:25<01:19,  5.65it/s]
Extract:  22%|##2       | 130/578 [00:25<01:23,  5.34it/s]
Extract:  23%|##2       | 131/578 [00:26<02:12,  3.36it/s]
Extract:  23%|##2       | 132/578 [00:26<02:02,  3.64it/s]
Extract:  23%|##3       | 133/578 [00:27<02:10,  3.41it/s]
Extract:  23%|##3       | 134/578 [00:27<01:55,  3.83it/s]
Extract:  23%|##3       | 135/578 [00:27<01:48,  4.09it/s]
Extract:  24%|##3       | 136/578 [00:27<01:43,  4.27it/s]
Extract:  24%|##3       | 137/578 [00:28<02:32,  2.90it/s]
Extract:  24%|##3       | 138/578 [00:29<03:06,  2.36it/s]
Extract:  24%|##4       | 139/578 [00:29<02:55,  2.51it/s]
Extract:  24%|##4       | 141/578 [00:29<01:51,  3.91it/s]
Extract:  25%|##4       | 142/578 [00:29<01:36,  4.54it/s]
Extract:  25%|##5       | 145/578 [00:29<00:57,  7.49it/s]
Extract:  25%|##5       | 147/578 [00:30<01:55,  3.72it/s]
Extract:  26%|##5       | 148/578 [00:31<01:54,  3.76it/s]
Extract:  26%|##5       | 149/578 [00:31<02:29,  2.86it/s]
Extract:  26%|##5       | 150/578 [00:31<02:14,  3.19it/s]
Extract:  26%|##6       | 153/578 [00:32<02:07,  3.33it/s]
Extract:  27%|##6       | 154/578 [00:33<02:02,  3.47it/s]
Extract:  27%|##6       | 155/578 [00:33<02:28,  2.84it/s]
Extract:  27%|##6       | 156/578 [00:33<02:03,  3.41it/s]
Extract:  27%|##7       | 157/578 [00:33<01:45,  3.98it/s]
Extract:  27%|##7       | 158/578 [00:34<01:34,  4.45it/s]
Extract:  28%|##7       | 159/578 [00:34<02:17,  3.05it/s]
Extract:  28%|##7       | 160/578 [00:35<02:52,  2.43it/s]
Extract:  28%|##8       | 162/578 [00:35<01:49,  3.80it/s]
Extract:  28%|##8       | 163/578 [00:36<02:22,  2.91it/s]
Extract:  28%|##8       | 164/578 [00:36<02:08,  3.22it/s]
Extract:  29%|##8       | 165/578 [00:36<02:02,  3.38it/s]
Extract:  29%|##8       | 166/578 [00:36<01:51,  3.69it/s]
Extract:  29%|##8       | 167/578 [00:37<02:34,  2.66it/s]
Extract:  29%|##9       | 168/578 [00:37<02:11,  3.13it/s]
Extract:  29%|##9       | 169/578 [00:37<01:51,  3.67it/s]
Extract:  29%|##9       | 170/578 [00:37<01:45,  3.88it/s]
Extract:  30%|##9       | 172/578 [00:38<01:36,  4.21it/s]
Extract:  30%|##9       | 173/578 [00:39<02:37,  2.57it/s]
Extract:  30%|###       | 174/578 [00:39<02:21,  2.85it/s]
Extract:  30%|###       | 175/578 [00:39<01:57,  3.42it/s]
Extract:  30%|###       | 176/578 [00:39<01:40,  4.01it/s]
Extract:  31%|###       | 177/578 [00:40<02:29,  2.69it/s]
Extract:  31%|###       | 178/578 [00:40<02:05,  3.18it/s]
Extract:  31%|###       | 179/578 [00:40<01:48,  3.68it/s]
Extract:  31%|###1      | 180/578 [00:41<02:16,  2.93it/s]
Extract:  31%|###1      | 181/578 [00:41<03:05,  2.14it/s]
Extract:  31%|###1      | 182/578 [00:42<02:41,  2.45it/s]
Extract:  32%|###1      | 184/578 [00:42<02:08,  3.06it/s]
Extract:  32%|###2      | 185/578 [00:43<02:39,  2.47it/s]
Extract:  32%|###2      | 186/578 [00:43<02:20,  2.79it/s]
Extract:  33%|###2      | 188/578 [00:43<01:42,  3.81it/s]
Extract:  33%|###2      | 189/578 [00:44<02:09,  3.00it/s]
Extract:  33%|###3      | 191/578 [00:45<02:08,  3.00it/s]
Extract:  33%|###3      | 192/578 [00:45<02:03,  3.12it/s]
Extract:  33%|###3      | 193/578 [00:45<01:47,  3.57it/s]
Extract:  34%|###3      | 194/578 [00:45<01:48,  3.55it/s]
Extract:  34%|###4      | 197/578 [00:46<01:36,  3.94it/s]
Extract:  34%|###4      | 198/578 [00:46<01:34,  4.02it/s]
Extract:  35%|###4      | 201/578 [00:47<01:34,  4.00it/s]
Extract:  35%|###4      | 202/578 [00:47<01:37,  3.84it/s]
Extract:  35%|###5      | 203/578 [00:48<02:09,  2.90it/s]
Extract:  35%|###5      | 205/578 [00:48<01:30,  4.14it/s]
Extract:  36%|###5      | 206/578 [00:48<01:23,  4.46it/s]
Extract:  36%|###5      | 207/578 [00:49<01:32,  3.99it/s]
Extract:  36%|###6      | 209/578 [00:49<01:08,  5.35it/s]
Extract:  36%|###6      | 210/578 [00:49<01:22,  4.45it/s]
Extract:  37%|###6      | 212/578 [00:50<01:32,  3.97it/s]
Extract:  37%|###6      | 213/578 [00:50<01:29,  4.07it/s]
Extract:  37%|###7      | 215/578 [00:50<01:32,  3.92it/s]
Extract:  38%|###7      | 217/578 [00:51<01:15,  4.78it/s]
Extract:  38%|###8      | 220/578 [00:51<00:54,  6.60it/s]
Extract:  38%|###8      | 221/578 [00:51<00:52,  6.81it/s]
Extract:  39%|###8      | 223/578 [00:51<00:44,  8.05it/s]
Extract:  39%|###8      | 225/578 [00:52<01:03,  5.58it/s]
Extract:  39%|###9      | 226/578 [00:52<01:06,  5.26it/s]
Extract:  39%|###9      | 227/578 [00:52<01:14,  4.71it/s]
Extract:  40%|###9      | 229/578 [00:53<01:02,  5.62it/s]
Extract:  40%|###9      | 230/578 [00:53<01:22,  4.23it/s]
Extract:  40%|###9      | 231/578 [00:53<01:26,  4.01it/s]
Extract:  40%|####      | 232/578 [00:53<01:18,  4.43it/s]
Extract:  40%|####      | 233/578 [00:54<01:08,  5.07it/s]
Extract:  40%|####      | 234/578 [00:54<01:04,  5.33it/s]
Extract:  41%|####      | 235/578 [00:54<01:01,  5.62it/s]
Extract:  41%|####      | 236/578 [00:54<01:31,  3.72it/s]
Extract:  41%|####1     | 237/578 [00:55<01:46,  3.21it/s]
Extract:  41%|####1     | 239/578 [00:55<01:06,  5.08it/s]
Extract:  42%|####1     | 240/578 [00:55<01:01,  5.49it/s]
Extract:  42%|####1     | 242/578 [00:55<00:43,  7.65it/s]
Extract:  42%|####2     | 244/578 [00:56<01:06,  5.05it/s]
Extract:  42%|####2     | 245/578 [00:56<00:59,  5.63it/s]
Extract:  43%|####2     | 247/578 [00:56<00:56,  5.82it/s]
Extract:  43%|####2     | 248/578 [00:57<01:04,  5.13it/s]
Extract:  43%|####3     | 249/578 [00:57<01:00,  5.44it/s]
Extract:  43%|####3     | 250/578 [00:57<00:56,  5.85it/s]
Extract:  43%|####3     | 251/578 [00:57<00:51,  6.30it/s]
Extract:  44%|####3     | 253/578 [00:57<00:37,  8.69it/s]
Extract:  44%|####4     | 255/578 [00:57<00:41,  7.80it/s]
Extract:  44%|####4     | 256/578 [00:58<01:00,  5.30it/s]
Extract:  45%|####4     | 258/578 [00:58<00:45,  6.97it/s]
Extract:  45%|####4     | 260/578 [00:58<00:38,  8.17it/s]
Extract:  45%|####5     | 262/578 [00:58<00:43,  7.28it/s]
Extract:  46%|####5     | 263/578 [00:59<01:15,  4.17it/s]
Extract:  46%|####5     | 265/578 [00:59<01:06,  4.74it/s]
Extract:  46%|####6     | 266/578 [01:00<01:05,  4.75it/s]
Extract:  46%|####6     | 267/578 [01:00<01:13,  4.26it/s]
Extract:  47%|####6     | 269/578 [01:00<01:04,  4.81it/s]
Extract:  47%|####7     | 273/578 [01:01<00:50,  6.09it/s]
Extract:  47%|####7     | 274/578 [01:01<01:01,  4.95it/s]
Extract:  48%|####7     | 275/578 [01:02<01:12,  4.20it/s]
Extract:  48%|####7     | 276/578 [01:02<01:06,  4.54it/s]
Extract:  48%|####8     | 278/578 [01:02<00:47,  6.27it/s]
Extract:  48%|####8     | 280/578 [01:02<00:57,  5.22it/s]
Extract:  49%|####8     | 282/578 [01:02<00:45,  6.49it/s]
Extract:  49%|####8     | 283/578 [01:03<00:49,  5.95it/s]
Extract:  49%|####9     | 285/578 [01:03<00:45,  6.50it/s]
Extract:  49%|####9     | 286/578 [01:03<00:45,  6.38it/s]
Extract:  50%|####9     | 287/578 [01:03<00:43,  6.69it/s]
Extract:  50%|####9     | 288/578 [01:03<00:40,  7.23it/s]
Extract:  50%|#####     | 289/578 [01:04<00:45,  6.31it/s]
Extract:  50%|#####     | 290/578 [01:04<01:04,  4.49it/s]
Extract:  51%|#####     | 292/578 [01:04<00:44,  6.39it/s]
Extract:  51%|#####     | 294/578 [01:04<00:35,  7.95it/s]
Extract:  51%|#####1    | 295/578 [01:05<01:05,  4.29it/s]
Extract:  51%|#####1    | 296/578 [01:05<00:59,  4.74it/s]
Extract:  51%|#####1    | 297/578 [01:06<01:23,  3.38it/s]
Extract:  52%|#####1    | 299/578 [01:06<00:55,  5.00it/s]
Extract:  52%|#####1    | 300/578 [01:06<00:49,  5.56it/s]
Extract:  52%|#####2    | 301/578 [01:06<00:56,  4.93it/s]
Extract:  53%|#####2    | 304/578 [01:07<00:49,  5.55it/s]
Extract:  53%|#####2    | 306/578 [01:07<00:38,  7.10it/s]
Extract:  53%|#####3    | 307/578 [01:07<00:45,  5.98it/s]
Extract:  53%|#####3    | 308/578 [01:07<00:48,  5.58it/s]
Extract:  53%|#####3    | 309/578 [01:08<01:17,  3.46it/s]
Extract:  54%|#####3    | 310/578 [01:08<01:10,  3.81it/s]
Extract:  54%|#####3    | 311/578 [01:09<01:27,  3.04it/s]
Extract:  54%|#####3    | 312/578 [01:09<01:38,  2.71it/s]
Extract:  54%|#####4    | 313/578 [01:09<01:19,  3.32it/s]
Extract:  54%|#####4    | 314/578 [01:09<01:19,  3.32it/s]
Extract:  55%|#####4    | 316/578 [01:10<01:03,  4.15it/s]
Extract:  55%|#####5    | 318/578 [01:10<01:02,  4.15it/s]
Extract:  55%|#####5    | 319/578 [01:11<01:11,  3.61it/s]
Extract:  55%|#####5    | 320/578 [01:11<01:22,  3.14it/s]
Extract:  56%|#####5    | 321/578 [01:11<01:12,  3.52it/s]
Extract:  56%|#####5    | 322/578 [01:12<01:24,  3.02it/s]
Extract:  56%|#####5    | 323/578 [01:12<01:14,  3.43it/s]
Extract:  56%|#####6    | 325/578 [01:12<00:51,  4.94it/s]
Extract:  56%|#####6    | 326/578 [01:13<01:03,  3.96it/s]
Extract:  57%|#####6    | 327/578 [01:13<00:54,  4.58it/s]
Extract:  57%|#####6    | 328/578 [01:13<00:54,  4.55it/s]
Extract:  57%|#####7    | 330/578 [01:13<00:40,  6.14it/s]
Extract:  57%|#####7    | 331/578 [01:13<00:41,  6.02it/s]
Extract:  57%|#####7    | 332/578 [01:14<00:48,  5.11it/s]
Extract:  58%|#####7    | 334/578 [01:14<00:34,  7.11it/s]
Extract:  58%|#####7    | 335/578 [01:14<00:34,  7.10it/s]
Extract:  58%|#####8    | 337/578 [01:14<00:29,  8.04it/s]
Extract:  59%|#####8    | 339/578 [01:14<00:29,  8.18it/s]
Extract:  59%|#####8    | 340/578 [01:14<00:31,  7.55it/s]
Extract:  59%|#####8    | 341/578 [01:15<00:31,  7.48it/s]
Extract:  59%|#####9    | 342/578 [01:15<00:34,  6.88it/s]
Extract:  60%|#####9    | 344/578 [01:15<00:52,  4.44it/s]
Extract:  60%|#####9    | 345/578 [01:15<00:45,  5.08it/s]
Extract:  60%|######    | 347/578 [01:16<00:34,  6.72it/s]
Extract:  60%|######    | 349/578 [01:16<00:42,  5.45it/s]
Extract:  61%|######    | 350/578 [01:16<00:40,  5.63it/s]
Extract:  61%|######    | 351/578 [01:17<00:55,  4.11it/s]
Extract:  61%|######1   | 353/578 [01:17<00:44,  5.04it/s]
Extract:  61%|######1   | 355/578 [01:17<00:33,  6.69it/s]
Extract:  62%|######1   | 356/578 [01:18<00:46,  4.74it/s]
Extract:  62%|######1   | 357/578 [01:18<00:49,  4.47it/s]
Extract:  62%|######2   | 359/578 [01:18<00:38,  5.71it/s]
Extract:  62%|######2   | 360/578 [01:18<00:43,  5.03it/s]
Extract:  63%|######2   | 362/578 [01:19<00:47,  4.57it/s]
Extract:  63%|######2   | 363/578 [01:19<00:51,  4.20it/s]
Extract:  63%|######3   | 365/578 [01:19<00:41,  5.11it/s]
Extract:  63%|######3   | 366/578 [01:20<00:39,  5.37it/s]
Extract:  63%|######3   | 367/578 [01:20<00:50,  4.20it/s]
Extract:  64%|######3   | 368/578 [01:20<00:47,  4.39it/s]
Extract:  64%|######3   | 369/578 [01:21<01:02,  3.33it/s]
Extract:  64%|######4   | 371/578 [01:21<00:40,  5.12it/s]
Extract:  65%|######4   | 373/578 [01:21<00:36,  5.63it/s]
Extract:  65%|######4   | 374/578 [01:21<00:33,  6.11it/s]
Extract:  65%|######5   | 376/578 [01:21<00:30,  6.65it/s]
Extract:  65%|######5   | 377/578 [01:22<00:32,  6.13it/s]
Extract:  66%|######5   | 379/578 [01:22<00:27,  7.23it/s]
Extract:  66%|######5   | 380/578 [01:22<00:32,  6.14it/s]
Extract:  66%|######5   | 381/578 [01:22<00:30,  6.55it/s]
Extract:  66%|######6   | 382/578 [01:23<00:39,  5.00it/s]
Extract:  66%|######6   | 383/578 [01:23<00:33,  5.74it/s]
Extract:  66%|######6   | 384/578 [01:23<00:45,  4.26it/s]
Extract:  67%|######6   | 386/578 [01:23<00:30,  6.25it/s]
Extract:  67%|######6   | 387/578 [01:23<00:31,  6.07it/s]
Extract:  67%|######7   | 390/578 [01:24<00:19,  9.53it/s]
Extract:  68%|######7   | 392/578 [01:24<00:19,  9.61it/s]
Extract:  68%|######8   | 394/578 [01:24<00:25,  7.19it/s]
Extract:  68%|######8   | 395/578 [01:24<00:26,  6.78it/s]
Extract:  69%|######8   | 397/578 [01:25<00:26,  6.86it/s]
Extract:  69%|######9   | 399/578 [01:25<00:22,  8.02it/s]
Extract:  69%|######9   | 401/578 [01:25<00:18,  9.77it/s]
Extract:  70%|######9   | 403/578 [01:25<00:16, 10.69it/s]
Extract:  70%|#######   | 405/578 [01:25<00:14, 11.79it/s]
Extract:  70%|#######   | 407/578 [01:26<00:22,  7.76it/s]
Extract:  71%|#######   | 409/578 [01:26<00:31,  5.37it/s]
Extract:  71%|#######   | 410/578 [01:26<00:30,  5.48it/s]
Extract:  71%|#######1  | 412/578 [01:27<00:25,  6.47it/s]
Extract:  71%|#######1  | 413/578 [01:27<00:28,  5.70it/s]
Extract:  72%|#######1  | 415/578 [01:27<00:22,  7.19it/s]
Extract:  72%|#######1  | 416/578 [01:27<00:22,  7.16it/s]
Extract:  72%|#######2  | 418/578 [01:28<00:27,  5.76it/s]
Extract:  72%|#######2  | 419/578 [01:28<00:27,  5.82it/s]
Extract:  73%|#######2  | 421/578 [01:28<00:29,  5.34it/s]
Extract:  73%|#######3  | 424/578 [01:28<00:20,  7.39it/s]
Extract:  74%|#######3  | 425/578 [01:29<00:25,  6.10it/s]
Extract:  74%|#######3  | 426/578 [01:29<00:24,  6.32it/s]
Extract:  74%|#######3  | 427/578 [01:29<00:31,  4.76it/s]
Extract:  74%|#######4  | 428/578 [01:30<00:38,  3.89it/s]
Extract:  74%|#######4  | 429/578 [01:30<00:41,  3.56it/s]
Extract:  75%|#######4  | 431/578 [01:30<00:31,  4.69it/s]
Extract:  75%|#######4  | 432/578 [01:31<00:36,  3.99it/s]
Extract:  75%|#######5  | 434/578 [01:31<00:32,  4.40it/s]
Extract:  75%|#######5  | 435/578 [01:31<00:29,  4.90it/s]
Extract:  76%|#######5  | 437/578 [01:31<00:23,  5.95it/s]
Extract:  76%|#######5  | 438/578 [01:32<00:23,  6.04it/s]
Extract:  76%|#######5  | 439/578 [01:32<00:24,  5.67it/s]
Extract:  76%|#######6  | 441/578 [01:32<00:24,  5.63it/s]
Extract:  77%|#######6  | 443/578 [01:32<00:19,  7.02it/s]
Extract:  77%|#######6  | 445/578 [01:33<00:22,  5.87it/s]
Extract:  78%|#######7  | 448/578 [01:33<00:15,  8.60it/s]
Extract:  78%|#######7  | 450/578 [01:33<00:18,  6.96it/s]
Extract:  78%|#######8  | 451/578 [01:34<00:29,  4.37it/s]
Extract:  78%|#######8  | 453/578 [01:34<00:22,  5.66it/s]
Extract:  79%|#######8  | 455/578 [01:34<00:17,  6.84it/s]
Extract:  79%|#######9  | 458/578 [01:35<00:16,  7.23it/s]
Extract:  80%|#######9  | 461/578 [01:35<00:13,  8.75it/s]
Extract:  80%|########  | 463/578 [01:35<00:15,  7.57it/s]
Extract:  80%|########  | 465/578 [01:35<00:12,  9.06it/s]
Extract:  81%|########  | 467/578 [01:36<00:18,  6.07it/s]
Extract:  81%|########  | 468/578 [01:36<00:23,  4.74it/s]
Extract:  81%|########1 | 470/578 [01:37<00:20,  5.22it/s]
Extract:  81%|########1 | 471/578 [01:37<00:22,  4.75it/s]
Extract:  82%|########1 | 472/578 [01:37<00:23,  4.57it/s]
Extract:  82%|########1 | 473/578 [01:37<00:21,  4.82it/s]
Extract:  82%|########2 | 474/578 [01:38<00:23,  4.44it/s]
Extract:  82%|########2 | 475/578 [01:38<00:20,  5.03it/s]
Extract:  82%|########2 | 476/578 [01:39<00:36,  2.76it/s]
Extract:  83%|########2 | 477/578 [01:39<00:29,  3.38it/s]
Extract:  83%|########2 | 479/578 [01:39<00:21,  4.65it/s]
Extract:  83%|########3 | 481/578 [01:39<00:16,  5.83it/s]
Extract:  84%|########3 | 483/578 [01:39<00:12,  7.43it/s]
Extract:  84%|########3 | 485/578 [01:39<00:10,  9.08it/s]
Extract:  84%|########4 | 487/578 [01:40<00:10,  8.74it/s]
Extract:  85%|########4 | 489/578 [01:40<00:13,  6.40it/s]
Extract:  85%|########4 | 490/578 [01:40<00:13,  6.53it/s]
Extract:  85%|########4 | 491/578 [01:40<00:14,  5.86it/s]
Extract:  85%|########5 | 492/578 [01:41<00:15,  5.55it/s]
Extract:  85%|########5 | 493/578 [01:41<00:14,  5.71it/s]
Extract:  85%|########5 | 494/578 [01:41<00:15,  5.37it/s]
Extract:  86%|########5 | 496/578 [01:41<00:10,  7.51it/s]
Extract:  86%|########6 | 498/578 [01:42<00:14,  5.53it/s]
Extract:  87%|########6 | 501/578 [01:42<00:09,  7.97it/s]
Extract:  87%|########7 | 504/578 [01:42<00:08,  8.25it/s]
Extract:  87%|########7 | 505/578 [01:43<00:15,  4.65it/s]
Extract:  88%|########7 | 507/578 [01:43<00:12,  5.84it/s]
Extract:  88%|########7 | 508/578 [01:43<00:12,  5.79it/s]
Extract:  88%|########8 | 510/578 [01:44<00:11,  5.94it/s]
Extract:  88%|########8 | 511/578 [01:44<00:10,  6.42it/s]
Extract:  89%|########8 | 512/578 [01:44<00:12,  5.16it/s]
Extract:  89%|########8 | 514/578 [01:44<00:09,  6.93it/s]
Extract:  89%|########9 | 515/578 [01:44<00:10,  5.83it/s]
Extract:  89%|########9 | 516/578 [01:45<00:15,  3.91it/s]
Extract:  89%|########9 | 517/578 [01:45<00:15,  4.04it/s]
Extract:  90%|########9 | 519/578 [01:45<00:11,  4.95it/s]
Extract:  90%|########9 | 520/578 [01:46<00:10,  5.43it/s]
Extract:  90%|######### | 522/578 [01:46<00:08,  6.92it/s]
Extract:  90%|######### | 523/578 [01:46<00:08,  6.42it/s]
Extract:  91%|######### | 524/578 [01:46<00:08,  6.68it/s]
Extract:  91%|#########1| 526/578 [01:47<00:10,  4.82it/s]
Extract:  91%|#########1| 528/578 [01:47<00:08,  6.20it/s]
Extract:  92%|#########1| 529/578 [01:47<00:07,  6.41it/s]
Extract:  92%|#########1| 530/578 [01:47<00:07,  6.66it/s]
Extract:  92%|#########1| 531/578 [01:47<00:06,  6.99it/s]
Extract:  92%|#########2| 532/578 [01:47<00:06,  7.38it/s]
Extract:  92%|#########2| 534/578 [01:48<00:06,  6.94it/s]
Extract:  93%|#########2| 535/578 [01:48<00:05,  7.48it/s]
Extract:  93%|#########2| 537/578 [01:48<00:05,  7.36it/s]
Extract:  93%|#########3| 538/578 [01:48<00:06,  5.83it/s]
Extract:  93%|#########3| 540/578 [01:49<00:09,  4.18it/s]
Extract:  94%|#########3| 541/578 [01:49<00:08,  4.40it/s]
Extract:  94%|#########3| 543/578 [01:49<00:06,  5.47it/s]
Extract:  94%|#########4| 546/578 [01:50<00:06,  5.28it/s]
Extract:  95%|#########4| 547/578 [01:51<00:08,  3.71it/s]
Extract:  95%|#########5| 550/578 [01:51<00:04,  5.70it/s]
Extract:  96%|#########5| 553/578 [01:51<00:04,  5.46it/s]
Extract:  96%|#########5| 554/578 [01:52<00:05,  4.40it/s]
Extract:  96%|#########6| 555/578 [01:52<00:06,  3.64it/s]
Extract:  96%|#########6| 556/578 [01:53<00:05,  3.74it/s]
Extract:  96%|#########6| 557/578 [01:53<00:06,  3.13it/s]
Extract:  97%|#########6| 560/578 [01:54<00:04,  4.09it/s]
Extract:  97%|#########7| 561/578 [01:54<00:04,  4.20it/s]
Extract:  98%|#########7| 564/578 [01:54<00:02,  4.84it/s]
Extract:  98%|#########7| 565/578 [01:55<00:03,  4.19it/s]
Extract:  98%|#########7| 566/578 [01:55<00:02,  4.69it/s]
Extract:  98%|#########8| 567/578 [01:55<00:02,  4.81it/s]
Extract:  98%|#########8| 568/578 [01:55<00:02,  3.86it/s]
Extract:  99%|#########8| 570/578 [01:56<00:01,  5.57it/s]
Extract:  99%|#########8| 572/578 [01:56<00:00,  6.95it/s]
Extract:  99%|#########9| 574/578 [01:56<00:00,  8.94it/s]
Extract: 100%|#########9| 576/578 [01:57<00:00,  4.69it/s]
Extract: 100%|##########| 578/578 [01:57<00:00,  4.93it/s]

Extract:   0%|          | 0/578 [00:00<?, ?it/s]
Extract:   0%|          | 2/578 [00:00<00:33, 17.39it/s]
Extract:   1%|          | 4/578 [00:00<00:59,  9.62it/s]
Extract:   1%|1         | 6/578 [00:00<01:04,  8.80it/s]
Extract:   1%|1         | 7/578 [00:00<01:31,  6.22it/s]
Extract:   1%|1         | 8/578 [00:01<01:51,  5.12it/s]
Extract:   2%|1         | 9/578 [00:01<01:56,  4.90it/s]
Extract:   2%|1         | 10/578 [00:01<01:56,  4.87it/s]
Extract:   2%|1         | 11/578 [00:01<01:55,  4.89it/s]
Extract:   2%|2         | 12/578 [00:02<02:26,  3.86it/s]
Extract:   2%|2         | 13/578 [00:02<02:23,  3.93it/s]
Extract:   2%|2         | 14/578 [00:02<02:30,  3.74it/s]
Extract:   3%|2         | 15/578 [00:03<02:48,  3.35it/s]
Extract:   3%|2         | 16/578 [00:03<02:25,  3.86it/s]
Extract:   3%|3         | 19/578 [00:03<01:16,  7.32it/s]
Extract:   4%|3         | 21/578 [00:03<01:31,  6.08it/s]
Extract:   4%|3         | 22/578 [00:04<01:31,  6.08it/s]
Extract:   4%|3         | 23/578 [00:04<01:33,  5.93it/s]
Extract:   4%|4         | 24/578 [00:04<01:24,  6.55it/s]
Extract:   4%|4         | 26/578 [00:04<01:11,  7.69it/s]
Extract:   5%|4         | 27/578 [00:04<01:48,  5.09it/s]
Extract:   5%|4         | 28/578 [00:05<01:36,  5.72it/s]
Extract:   5%|5         | 29/578 [00:05<01:28,  6.19it/s]
Extract:   5%|5         | 30/578 [00:05<01:30,  6.03it/s]
Extract:   5%|5         | 31/578 [00:05<01:35,  5.71it/s]
Extract:   6%|5         | 34/578 [00:05<00:58,  9.34it/s]
Extract:   6%|6         | 36/578 [00:05<00:50, 10.70it/s]
Extract:   7%|6         | 38/578 [00:06<00:59,  9.11it/s]
Extract:   7%|6         | 40/578 [00:06<00:57,  9.34it/s]
Extract:   7%|7         | 42/578 [00:07<01:36,  5.55it/s]
Extract:   7%|7         | 43/578 [00:07<01:58,  4.52it/s]
Extract:   8%|7         | 45/578 [00:07<01:26,  6.15it/s]
Extract:   8%|8         | 47/578 [00:07<01:25,  6.24it/s]
Extract:   8%|8         | 49/578 [00:07<01:08,  7.68it/s]
Extract:   9%|8         | 51/578 [00:08<01:45,  5.01it/s]
Extract:   9%|8         | 52/578 [00:08<01:55,  4.56it/s]
Extract:   9%|9         | 54/578 [00:09<01:47,  4.86it/s]
Extract:  10%|9         | 55/578 [00:09<01:48,  4.84it/s]
Extract:  10%|9         | 56/578 [00:09<01:36,  5.40it/s]
Extract:  10%|#         | 58/578 [00:09<01:27,  5.96it/s]
Extract:  10%|#         | 59/578 [00:10<01:31,  5.68it/s]
Extract:  10%|#         | 60/578 [00:10<01:46,  4.87it/s]
Extract:  11%|#         | 61/578 [00:10<02:10,  3.95it/s]
Extract:  11%|#         | 63/578 [00:11<01:31,  5.62it/s]
Extract:  11%|#1        | 64/578 [00:11<01:40,  5.14it/s]
Extract:  11%|#1        | 65/578 [00:11<02:01,  4.23it/s]
Extract:  12%|#1        | 67/578 [00:12<01:58,  4.31it/s]
Extract:  12%|#1        | 69/578 [00:12<01:36,  5.30it/s]
Extract:  12%|#2        | 70/578 [00:12<01:29,  5.65it/s]
Extract:  12%|#2        | 71/578 [00:12<01:28,  5.71it/s]
Extract:  12%|#2        | 72/578 [00:12<01:20,  6.32it/s]
Extract:  13%|#2        | 73/578 [00:13<01:48,  4.64it/s]
Extract:  13%|#2        | 75/578 [00:13<01:14,  6.74it/s]
Extract:  13%|#3        | 76/578 [00:13<01:12,  6.97it/s]
Extract:  13%|#3        | 77/578 [00:13<02:03,  4.05it/s]
Extract:  14%|#3        | 79/578 [00:14<01:35,  5.23it/s]
Extract:  14%|#3        | 80/578 [00:14<01:33,  5.30it/s]
Extract:  14%|#4        | 81/578 [00:14<01:25,  5.78it/s]
Extract:  14%|#4        | 82/578 [00:14<01:19,  6.22it/s]
Extract:  14%|#4        | 83/578 [00:14<01:23,  5.95it/s]
Extract:  15%|#4        | 84/578 [00:15<02:13,  3.70it/s]
Extract:  15%|#4        | 85/578 [00:15<01:51,  4.41it/s]
Extract:  15%|#4        | 86/578 [00:15<01:40,  4.91it/s]
Extract:  15%|#5        | 88/578 [00:15<01:08,  7.17it/s]
Extract:  15%|#5        | 89/578 [00:16<02:03,  3.96it/s]
Extract:  16%|#5        | 90/578 [00:16<01:50,  4.43it/s]
Extract:  16%|#5        | 91/578 [00:16<02:37,  3.09it/s]
Extract:  16%|#5        | 92/578 [00:17<02:49,  2.86it/s]
Extract:  16%|#6        | 94/578 [00:17<02:00,  4.02it/s]
Extract:  17%|#6        | 96/578 [00:18<01:54,  4.20it/s]
Extract:  17%|#6        | 97/578 [00:18<01:42,  4.69it/s]
Extract:  17%|#6        | 98/578 [00:18<01:44,  4.59it/s]
Extract:  17%|#7        | 100/578 [00:18<01:34,  5.04it/s]
Extract:  17%|#7        | 101/578 [00:18<01:26,  5.51it/s]
Extract:  18%|#7        | 103/578 [00:19<01:04,  7.31it/s]
Extract:  18%|#8        | 105/578 [00:19<01:02,  7.57it/s]
Extract:  19%|#8        | 107/578 [00:19<01:24,  5.59it/s]
Extract:  19%|#8        | 108/578 [00:20<01:26,  5.43it/s]
Extract:  19%|#9        | 110/578 [00:20<01:11,  6.56it/s]
Extract:  19%|#9        | 111/578 [00:20<01:07,  6.95it/s]
Extract:  20%|#9        | 113/578 [00:20<00:53,  8.74it/s]
Extract:  20%|#9        | 115/578 [00:20<00:52,  8.89it/s]
Extract:  20%|##        | 117/578 [00:21<01:25,  5.38it/s]
Extract:  21%|##        | 120/578 [00:22<01:31,  5.00it/s]
Extract:  21%|##        | 121/578 [00:22<01:51,  4.10it/s]
Extract:  21%|##1       | 123/578 [00:22<01:25,  5.34it/s]
Extract:  21%|##1       | 124/578 [00:22<01:18,  5.81it/s]
Extract:  22%|##1       | 125/578 [00:23<01:41,  4.46it/s]
Extract:  22%|##1       | 126/578 [00:23<01:38,  4.61it/s]
Extract:  22%|##2       | 128/578 [00:23<01:20,  5.62it/s]
Extract:  22%|##2       | 130/578 [00:24<01:34,  4.72it/s]
Extract:  23%|##2       | 131/578 [00:24<01:53,  3.92it/s]
Extract:  23%|##2       | 132/578 [00:24<01:41,  4.40it/s]
Extract:  23%|##3       | 133/578 [00:24<01:47,  4.16it/s]
Extract:  23%|##3       | 134/578 [00:25<01:37,  4.57it/s]
Extract:  23%|##3       | 135/578 [00:25<01:27,  5.08it/s]
Extract:  24%|##3       | 136/578 [00:25<01:20,  5.52it/s]
Extract:  24%|##3       | 137/578 [00:25<01:57,  3.76it/s]
Extract:  24%|##3       | 138/578 [00:26<02:26,  3.01it/s]
Extract:  24%|##4       | 139/578 [00:26<02:34,  2.83it/s]
Extract:  25%|##4       | 142/578 [00:26<01:21,  5.37it/s]
Extract:  25%|##5       | 146/578 [00:27<01:14,  5.84it/s]
Extract:  25%|##5       | 147/578 [00:27<01:14,  5.80it/s]
Extract:  26%|##5       | 148/578 [00:27<01:16,  5.63it/s]
Extract:  26%|##5       | 149/578 [00:28<01:35,  4.51it/s]
Extract:  26%|##5       | 150/578 [00:28<01:30,  4.71it/s]
Extract:  26%|##6       | 152/578 [00:28<01:05,  6.46it/s]
Extract:  26%|##6       | 153/578 [00:29<01:56,  3.66it/s]
Extract:  27%|##6       | 154/578 [00:29<01:42,  4.14it/s]
Extract:  27%|##6       | 155/578 [00:30<02:15,  3.12it/s]
Extract:  27%|##7       | 157/578 [00:30<01:32,  4.54it/s]
Extract:  28%|##7       | 159/578 [00:30<01:09,  6.02it/s]
Extract:  28%|##7       | 160/578 [00:30<01:13,  5.70it/s]
Extract:  28%|##8       | 162/578 [00:30<00:53,  7.80it/s]
Extract:  28%|##8       | 164/578 [00:31<01:18,  5.30it/s]
Extract:  29%|##8       | 165/578 [00:31<01:15,  5.46it/s]
Extract:  29%|##8       | 166/578 [00:31<01:11,  5.75it/s]
Extract:  29%|##8       | 167/578 [00:32<02:05,  3.28it/s]
Extract:  29%|##9       | 168/578 [00:32<01:49,  3.76it/s]
Extract:  29%|##9       | 169/578 [00:32<01:34,  4.35it/s]
Extract:  29%|##9       | 170/578 [00:32<01:27,  4.67it/s]
Extract:  30%|##9       | 172/578 [00:33<01:33,  4.35it/s]
Extract:  30%|##9       | 173/578 [00:33<02:05,  3.24it/s]
Extract:  30%|###       | 174/578 [00:33<01:53,  3.56it/s]
Extract:  30%|###       | 175/578 [00:34<01:35,  4.21it/s]
Extract:  30%|###       | 176/578 [00:34<01:21,  4.95it/s]
Extract:  31%|###       | 177/578 [00:34<02:08,  3.13it/s]
Extract:  31%|###       | 178/578 [00:34<01:49,  3.66it/s]
Extract:  31%|###       | 179/578 [00:35<01:32,  4.32it/s]
Extract:  31%|###1      | 180/578 [00:35<01:45,  3.78it/s]
Extract:  31%|###1      | 181/578 [00:35<02:10,  3.04it/s]
Extract:  31%|###1      | 182/578 [00:36<01:58,  3.35it/s]
Extract:  32%|###1      | 184/578 [00:36<01:31,  4.32it/s]
Extract:  32%|###2      | 185/578 [00:36<01:56,  3.37it/s]
Extract:  32%|###2      | 186/578 [00:37<01:41,  3.87it/s]
Extract:  33%|###2      | 188/578 [00:37<01:13,  5.34it/s]
Extract:  33%|###2      | 189/578 [00:37<01:36,  4.02it/s]
Extract:  33%|###3      | 191/578 [00:38<01:27,  4.40it/s]
Extract:  33%|###3      | 192/578 [00:38<01:20,  4.77it/s]
Extract:  33%|###3      | 193/578 [00:38<01:22,  4.68it/s]
Extract:  34%|###3      | 195/578 [00:38<00:58,  6.50it/s]
Extract:  34%|###4      | 197/578 [00:39<01:18,  4.84it/s]
Extract:  34%|###4      | 198/578 [00:39<01:17,  4.89it/s]
Extract:  35%|###4      | 201/578 [00:40<01:17,  4.87it/s]
Extract:  35%|###4      | 202/578 [00:40<01:16,  4.89it/s]
Extract:  35%|###5      | 203/578 [00:40<01:45,  3.56it/s]
Extract:  35%|###5      | 205/578 [00:40<01:13,  5.07it/s]
Extract:  36%|###5      | 206/578 [00:41<01:07,  5.48it/s]
Extract:  36%|###5      | 207/578 [00:41<01:28,  4.21it/s]
Extract:  36%|###6      | 209/578 [00:41<01:02,  5.89it/s]
Extract:  36%|###6      | 210/578 [00:41<01:00,  6.04it/s]
Extract:  37%|###6      | 212/578 [00:42<01:10,  5.19it/s]
Extract:  37%|###6      | 213/578 [00:42<01:04,  5.62it/s]
Extract:  37%|###7      | 215/578 [00:42<01:12,  5.04it/s]
Extract:  38%|###7      | 217/578 [00:43<01:01,  5.84it/s]
Extract:  38%|###8      | 220/578 [00:43<00:45,  7.81it/s]
Extract:  38%|###8      | 221/578 [00:43<00:44,  7.97it/s]
Extract:  39%|###8      | 223/578 [00:43<00:40,  8.83it/s]
Extract:  39%|###8      | 224/578 [00:43<00:40,  8.67it/s]
Extract:  39%|###8      | 225/578 [00:44<01:09,  5.08it/s]
Extract:  39%|###9      | 226/578 [00:44<01:09,  5.08it/s]
Extract:  39%|###9      | 227/578 [00:44<01:01,  5.74it/s]
Extract:  40%|###9      | 229/578 [00:44<00:54,  6.41it/s]
Extract:  40%|###9      | 230/578 [00:45<01:06,  5.27it/s]
Extract:  40%|###9      | 231/578 [00:45<01:10,  4.90it/s]
Extract:  40%|####      | 232/578 [00:45<01:02,  5.51it/s]
Extract:  40%|####      | 233/578 [00:45<00:56,  6.15it/s]
Extract:  40%|####      | 234/578 [00:45<00:55,  6.25it/s]
Extract:  41%|####      | 235/578 [00:45<00:50,  6.76it/s]
Extract:  41%|####      | 236/578 [00:46<01:21,  4.22it/s]
Extract:  41%|####1     | 237/578 [00:46<01:45,  3.22it/s]
Extract:  41%|####1     | 239/578 [00:46<01:08,  4.94it/s]
Extract:  42%|####1     | 240/578 [00:47<01:06,  5.11it/s]
Extract:  42%|####1     | 242/578 [00:47<00:45,  7.32it/s]
Extract:  42%|####2     | 244/578 [00:47<01:00,  5.50it/s]
Extract:  42%|####2     | 245/578 [00:47<00:55,  6.05it/s]
Extract:  43%|####2     | 247/578 [00:48<00:54,  6.07it/s]
Extract:  43%|####2     | 248/578 [00:48<01:02,  5.26it/s]
Extract:  43%|####3     | 249/578 [00:48<00:58,  5.58it/s]
Extract:  43%|####3     | 250/578 [00:48<00:52,  6.21it/s]
Extract:  43%|####3     | 251/578 [00:48<00:50,  6.50it/s]
Extract:  44%|####3     | 253/578 [00:48<00:38,  8.40it/s]
Extract:  44%|####4     | 255/578 [00:49<00:46,  7.00it/s]
Extract:  44%|####4     | 256/578 [00:49<01:08,  4.67it/s]
Extract:  45%|####4     | 258/578 [00:49<00:52,  6.04it/s]
Extract:  45%|####4     | 260/578 [00:50<00:44,  7.14it/s]
Extract:  45%|####5     | 262/578 [00:50<00:51,  6.15it/s]
Extract:  46%|####5     | 263/578 [00:51<01:10,  4.49it/s]
Extract:  46%|####5     | 265/578 [00:51<01:00,  5.18it/s]
Extract:  46%|####6     | 266/578 [00:51<01:01,  5.10it/s]
Extract:  46%|####6     | 267/578 [00:51<01:18,  3.98it/s]
Extract:  47%|####6     | 269/578 [00:52<01:11,  4.32it/s]
Extract:  47%|####7     | 272/578 [00:52<00:43,  7.08it/s]
Extract:  47%|####7     | 274/578 [00:53<01:18,  3.88it/s]
Extract:  48%|####7     | 275/578 [00:53<01:24,  3.58it/s]
Extract:  48%|####7     | 276/578 [00:54<01:16,  3.94it/s]
Extract:  48%|####7     | 277/578 [00:54<01:12,  4.16it/s]
Extract:  48%|####8     | 280/578 [00:54<00:57,  5.22it/s]
Extract:  49%|####8     | 282/578 [00:54<00:47,  6.28it/s]
Extract:  49%|####8     | 283/578 [00:55<00:53,  5.54it/s]
Extract:  49%|####9     | 285/578 [00:55<00:51,  5.68it/s]
Extract:  49%|####9     | 286/578 [00:55<00:52,  5.51it/s]
Extract:  50%|####9     | 287/578 [00:55<00:49,  5.87it/s]
Extract:  50%|####9     | 288/578 [00:55<00:45,  6.44it/s]
Extract:  50%|#####     | 289/578 [00:56<00:48,  5.96it/s]
Extract:  50%|#####     | 290/578 [00:56<01:11,  4.05it/s]
Extract:  51%|#####     | 292/578 [00:56<00:48,  5.91it/s]
Extract:  51%|#####     | 294/578 [00:56<00:42,  6.66it/s]
Extract:  51%|#####1    | 295/578 [00:57<01:03,  4.43it/s]
Extract:  51%|#####1    | 296/578 [00:57<00:59,  4.74it/s]
Extract:  51%|#####1    | 297/578 [00:58<01:16,  3.66it/s]
Extract:  52%|#####1    | 299/578 [00:58<00:52,  5.33it/s]
Extract:  52%|#####2    | 301/578 [00:58<00:54,  5.04it/s]
Extract:  52%|#####2    | 303/578 [00:58<00:40,  6.82it/s]
Extract:  53%|#####2    | 305/578 [00:59<01:01,  4.42it/s]
Extract:  53%|#####3    | 307/578 [00:59<00:58,  4.62it/s]
Extract:  53%|#####3    | 308/578 [01:00<01:00,  4.47it/s]
Extract:  53%|#####3    | 309/578 [01:00<01:17,  3.47it/s]
Extract:  54%|#####3    | 310/578 [01:00<01:13,  3.66it/s]
Extract:  54%|#####3    | 311/578 [01:01<01:35,  2.79it/s]
Extract:  54%|#####3    | 312/578 [01:02<01:54,  2.32it/s]
Extract:  54%|#####4    | 313/578 [01:02<01:32,  2.86it/s]
Extract:  54%|#####4    | 314/578 [01:02<01:31,  2.89it/s]
Extract:  55%|#####4    | 316/578 [01:03<01:13,  3.59it/s]
Extract:  55%|#####5    | 318/578 [01:03<01:08,  3.80it/s]
Extract:  55%|#####5    | 319/578 [01:03<01:06,  3.90it/s]
Extract:  55%|#####5    | 320/578 [01:04<01:16,  3.36it/s]
Extract:  56%|#####5    | 321/578 [01:04<01:04,  3.97it/s]
Extract:  56%|#####5    | 322/578 [01:04<01:03,  4.02it/s]
Extract:  56%|#####5    | 323/578 [01:04<00:56,  4.48it/s]
Extract:  56%|#####6    | 325/578 [01:04<00:40,  6.28it/s]
Extract:  56%|#####6    | 326/578 [01:05<00:49,  5.11it/s]
Extract:  57%|#####6    | 328/578 [01:05<00:42,  5.82it/s]
Extract:  57%|#####7    | 330/578 [01:05<00:33,  7.42it/s]
Extract:  57%|#####7    | 331/578 [01:05<00:34,  7.12it/s]
Extract:  57%|#####7    | 332/578 [01:05<00:41,  5.89it/s]
Extract:  58%|#####7    | 334/578 [01:06<00:31,  7.80it/s]
Extract:  58%|#####7    | 335/578 [01:06<00:30,  8.06it/s]
Extract:  58%|#####8    | 337/578 [01:06<00:26,  9.05it/s]
Extract:  59%|#####8    | 339/578 [01:06<00:24,  9.62it/s]
Extract:  59%|#####8    | 341/578 [01:06<00:25,  9.34it/s]
Extract:  59%|#####9    | 342/578 [01:07<00:29,  7.97it/s]
Extract:  60%|#####9    | 344/578 [01:07<00:40,  5.76it/s]
Extract:  60%|#####9    | 345/578 [01:07<00:41,  5.56it/s]
Extract:  60%|######    | 347/578 [01:07<00:32,  7.17it/s]
Extract:  60%|######    | 349/578 [01:08<00:41,  5.47it/s]
Extract:  61%|######    | 350/578 [01:08<00:39,  5.75it/s]
Extract:  61%|######    | 351/578 [01:08<00:50,  4.47it/s]
Extract:  61%|######1   | 353/578 [01:09<00:39,  5.75it/s]
Extract:  61%|######1   | 355/578 [01:09<00:29,  7.59it/s]
Extract:  62%|######1   | 357/578 [01:09<00:41,  5.31it/s]
Extract:  62%|######2   | 359/578 [01:10<00:34,  6.38it/s]
Extract:  62%|######2   | 360/578 [01:10<00:34,  6.29it/s]
Extract:  63%|######2   | 362/578 [01:10<00:37,  5.69it/s]
Extract:  63%|######2   | 364/578 [01:10<00:30,  7.10it/s]
Extract:  63%|######3   | 365/578 [01:10<00:31,  6.78it/s]
Extract:  63%|######3   | 366/578 [01:11<00:32,  6.52it/s]
Extract:  63%|######3   | 367/578 [01:11<00:39,  5.31it/s]
Extract:  64%|######3   | 368/578 [01:11<00:38,  5.45it/s]
Extract:  64%|######3   | 369/578 [01:12<00:54,  3.81it/s]
Extract:  65%|######4   | 373/578 [01:12<00:32,  6.36it/s]
Extract:  65%|######4   | 374/578 [01:12<00:30,  6.72it/s]
Extract:  65%|######5   | 376/578 [01:12<00:27,  7.45it/s]
Extract:  65%|######5   | 377/578 [01:12<00:29,  6.82it/s]
Extract:  65%|######5   | 378/578 [01:13<00:28,  7.05it/s]
Extract:  66%|######5   | 379/578 [01:13<00:27,  7.29it/s]
Extract:  66%|######5   | 380/578 [01:13<00:30,  6.47it/s]
Extract:  66%|######6   | 382/578 [01:13<00:32,  6.01it/s]
Extract:  66%|######6   | 383/578 [01:13<00:29,  6.60it/s]
Extract:  66%|######6   | 384/578 [01:14<00:32,  5.97it/s]
Extract:  67%|######6   | 386/578 [01:14<00:24,  7.94it/s]
Extract:  67%|######6   | 387/578 [01:14<00:25,  7.60it/s]
Extract:  67%|######7   | 388/578 [01:14<00:25,  7.47it/s]
Extract:  67%|######7   | 390/578 [01:14<00:19,  9.80it/s]
Extract:  68%|######7   | 392/578 [01:14<00:20,  8.89it/s]
Extract:  68%|######7   | 393/578 [01:15<00:25,  7.36it/s]
Extract:  68%|######8   | 394/578 [01:15<00:27,  6.70it/s]
Extract:  68%|######8   | 395/578 [01:15<00:31,  5.82it/s]
Extract:  69%|######8   | 397/578 [01:15<00:30,  6.01it/s]
Extract:  69%|######8   | 398/578 [01:15<00:28,  6.27it/s]
Extract:  69%|######9   | 399/578 [01:16<00:27,  6.60it/s]
Extract:  69%|######9   | 400/578 [01:16<00:29,  6.13it/s]
Extract:  69%|######9   | 401/578 [01:16<00:26,  6.72it/s]
Extract:  70%|######9   | 403/578 [01:16<00:21,  8.21it/s]
Extract:  70%|#######   | 405/578 [01:16<00:17,  9.89it/s]
Extract:  70%|#######   | 407/578 [01:17<00:23,  7.43it/s]
Extract:  71%|#######   | 408/578 [01:17<00:39,  4.30it/s]
Extract:  71%|#######   | 410/578 [01:17<00:28,  5.81it/s]
Extract:  71%|#######1  | 412/578 [01:17<00:21,  7.65it/s]
Extract:  72%|#######1  | 414/578 [01:18<00:19,  8.49it/s]
Extract:  72%|#######1  | 416/578 [01:18<00:17,  9.03it/s]
Extract:  72%|#######2  | 418/578 [01:18<00:16,  9.99it/s]
Extract:  73%|#######2  | 420/578 [01:18<00:15, 10.16it/s]
Extract:  73%|#######3  | 422/578 [01:19<00:20,  7.70it/s]
Extract:  73%|#######3  | 424/578 [01:19<00:17,  8.69it/s]
Extract:  74%|#######3  | 426/578 [01:19<00:19,  7.98it/s]
Extract:  74%|#######3  | 427/578 [01:19<00:24,  6.12it/s]
Extract:  74%|#######4  | 428/578 [01:20<00:28,  5.24it/s]
Extract:  74%|#######4  | 429/578 [01:20<00:29,  4.97it/s]
Extract:  75%|#######4  | 431/578 [01:20<00:21,  6.98it/s]
Extract:  75%|#######4  | 432/578 [01:20<00:20,  7.02it/s]
Extract:  75%|#######5  | 434/578 [01:21<00:24,  5.80it/s]
Extract:  75%|#######5  | 436/578 [01:21<00:19,  7.39it/s]
Extract:  76%|#######5  | 438/578 [01:21<00:17,  7.80it/s]
Extract:  76%|#######5  | 439/578 [01:21<00:18,  7.64it/s]
Extract:  76%|#######6  | 441/578 [01:21<00:19,  7.05it/s]
Extract:  77%|#######6  | 443/578 [01:22<00:15,  8.56it/s]
Extract:  77%|#######6  | 445/578 [01:22<00:18,  7.26it/s]
Extract:  78%|#######7  | 448/578 [01:22<00:12, 10.54it/s]
Extract:  78%|#######7  | 450/578 [01:22<00:15,  8.24it/s]
Extract:  78%|#######8  | 452/578 [01:23<00:20,  6.22it/s]
Extract:  79%|#######8  | 454/578 [01:23<00:16,  7.37it/s]
Extract:  79%|#######8  | 456/578 [01:23<00:14,  8.60it/s]
Extract:  79%|#######9  | 458/578 [01:24<00:15,  7.90it/s]
Extract:  80%|#######9  | 461/578 [01:24<00:11, 10.38it/s]
Extract:  80%|########  | 463/578 [01:24<00:11,  9.73it/s]
Extract:  81%|########  | 466/578 [01:24<00:10, 10.90it/s]
Extract:  81%|########  | 468/578 [01:25<00:16,  6.83it/s]
Extract:  81%|########1 | 470/578 [01:25<00:13,  7.84it/s]
Extract:  82%|########1 | 472/578 [01:25<00:14,  7.27it/s]
Extract:  82%|########1 | 473/578 [01:25<00:14,  7.36it/s]
Extract:  82%|########2 | 474/578 [01:25<00:14,  7.28it/s]
Extract:  82%|########2 | 476/578 [01:26<00:15,  6.62it/s]
Extract:  83%|########2 | 478/578 [01:26<00:12,  8.03it/s]
Extract:  83%|########3 | 480/578 [01:26<00:10,  9.64it/s]
Extract:  83%|########3 | 482/578 [01:26<00:09,  9.84it/s]
Extract:  84%|########3 | 484/578 [01:26<00:08, 11.37it/s]
Extract:  84%|########4 | 487/578 [01:27<00:07, 12.83it/s]
Extract:  85%|########4 | 489/578 [01:27<00:10,  8.63it/s]
Extract:  85%|########4 | 491/578 [01:27<00:10,  8.23it/s]
Extract:  85%|########5 | 492/578 [01:27<00:11,  7.50it/s]
Extract:  85%|########5 | 493/578 [01:28<00:10,  7.86it/s]
Extract:  85%|########5 | 494/578 [01:28<00:10,  7.98it/s]
Extract:  86%|########6 | 498/578 [01:28<00:09,  8.03it/s]
Extract:  87%|########6 | 501/578 [01:28<00:07, 10.79it/s]
Extract:  87%|########7 | 504/578 [01:29<00:06, 11.97it/s]
Extract:  88%|########7 | 506/578 [01:29<00:07,  9.96it/s]
Extract:  88%|########7 | 508/578 [01:29<00:06, 10.55it/s]
Extract:  88%|########8 | 510/578 [01:29<00:06, 10.77it/s]
Extract:  89%|########8 | 512/578 [01:29<00:06,  9.86it/s]
Extract:  89%|########9 | 515/578 [01:30<00:06,  9.84it/s]
Extract:  89%|########9 | 517/578 [01:30<00:07,  7.72it/s]
Extract:  90%|########9 | 519/578 [01:30<00:07,  8.31it/s]
Extract:  90%|######### | 521/578 [01:30<00:05,  9.85it/s]
Extract:  90%|######### | 523/578 [01:31<00:05, 10.10it/s]
Extract:  91%|######### | 525/578 [01:31<00:04, 11.40it/s]
Extract:  91%|#########1| 527/578 [01:31<00:05,  9.24it/s]
Extract:  92%|#########1| 529/578 [01:31<00:05,  9.20it/s]
Extract:  92%|#########1| 531/578 [01:31<00:04,  9.84it/s]
Extract:  92%|#########2| 533/578 [01:32<00:04, 10.79it/s]
Extract:  93%|#########2| 535/578 [01:32<00:04, 10.05it/s]
Extract:  93%|#########2| 537/578 [01:32<00:03, 10.83it/s]
Extract:  93%|#########3| 539/578 [01:32<00:03, 11.07it/s]
Extract:  94%|#########3| 541/578 [01:32<00:04,  9.22it/s]
Extract:  94%|#########3| 543/578 [01:33<00:03,  9.64it/s]
Extract:  94%|#########4| 546/578 [01:33<00:04,  7.58it/s]
Extract:  95%|#########4| 547/578 [01:33<00:04,  6.23it/s]
Extract:  95%|#########5| 551/578 [01:34<00:02,  9.97it/s]
Extract:  96%|#########5| 553/578 [01:34<00:02,  8.43it/s]
Extract:  96%|#########6| 555/578 [01:35<00:04,  5.61it/s]
Extract:  96%|#########6| 556/578 [01:35<00:03,  5.72it/s]
Extract:  96%|#########6| 557/578 [01:35<00:03,  5.81it/s]
Extract:  97%|#########6| 560/578 [01:35<00:02,  6.83it/s]
Extract:  97%|#########7| 561/578 [01:35<00:02,  6.67it/s]
Extract:  98%|#########7| 564/578 [01:36<00:02,  6.99it/s]
Extract:  98%|#########7| 565/578 [01:36<00:02,  5.39it/s]
Extract:  98%|#########7| 566/578 [01:36<00:02,  5.85it/s]
Extract:  98%|#########8| 567/578 [01:37<00:01,  5.85it/s]
Extract:  98%|#########8| 568/578 [01:37<00:02,  4.67it/s]
Extract:  99%|#########8| 570/578 [01:37<00:01,  6.57it/s]
Extract:  99%|#########8| 572/578 [01:37<00:00,  8.36it/s]
Extract:  99%|#########9| 574/578 [01:37<00:00, 10.41it/s]
Extract: 100%|#########9| 576/578 [01:38<00:00,  6.42it/s]
Extract: 100%|##########| 578/578 [01:38<00:00,  5.88it/s]

Extract:   0%|          | 0/578 [00:00<?, ?it/s]
Extract:   0%|          | 2/578 [00:00<00:32, 17.68it/s]
Extract:   1%|          | 4/578 [00:00<01:15,  7.65it/s]
Extract:   1%|1         | 6/578 [00:00<01:13,  7.78it/s]
Extract:   1%|1         | 7/578 [00:01<01:34,  6.03it/s]
Extract:   1%|1         | 8/578 [00:01<02:24,  3.93it/s]
Extract:   2%|1         | 9/578 [00:01<02:36,  3.64it/s]
Extract:   2%|1         | 10/578 [00:02<02:22,  3.99it/s]
Extract:   2%|1         | 11/578 [00:02<02:11,  4.32it/s]
Extract:   2%|2         | 12/578 [00:02<02:32,  3.71it/s]
Extract:   2%|2         | 13/578 [00:02<02:04,  4.55it/s]
Extract:   2%|2         | 14/578 [00:03<03:26,  2.73it/s]
Extract:   3%|2         | 15/578 [00:03<03:59,  2.35it/s]
Extract:   3%|2         | 16/578 [00:04<03:14,  2.90it/s]
Extract:   3%|3         | 19/578 [00:04<01:36,  5.78it/s]
Extract:   4%|3         | 21/578 [00:04<01:55,  4.81it/s]
Extract:   4%|3         | 22/578 [00:05<02:01,  4.59it/s]
Extract:   4%|3         | 23/578 [00:05<02:17,  4.05it/s]
Extract:   4%|4         | 24/578 [00:05<02:02,  4.54it/s]
Extract:   4%|4         | 26/578 [00:05<01:31,  6.03it/s]
Extract:   5%|4         | 27/578 [00:06<02:26,  3.77it/s]
Extract:   5%|4         | 28/578 [00:06<02:06,  4.36it/s]
Extract:   5%|5         | 29/578 [00:06<01:55,  4.75it/s]
Extract:   5%|5         | 30/578 [00:06<01:59,  4.58it/s]
Extract:   5%|5         | 31/578 [00:07<02:42,  3.36it/s]
Extract:   6%|5         | 32/578 [00:07<02:16,  4.01it/s]
Extract:   6%|5         | 34/578 [00:07<01:31,  5.97it/s]
Extract:   6%|6         | 35/578 [00:07<01:23,  6.49it/s]
Extract:   6%|6         | 37/578 [00:07<01:19,  6.80it/s]
Extract:   7%|6         | 38/578 [00:08<01:14,  7.22it/s]
Extract:   7%|6         | 40/578 [00:08<01:02,  8.57it/s]
Extract:   7%|7         | 42/578 [00:08<01:41,  5.26it/s]
Extract:   7%|7         | 43/578 [00:09<02:27,  3.62it/s]
Extract:   8%|7         | 45/578 [00:09<01:45,  5.06it/s]
Extract:   8%|7         | 46/578 [00:09<01:35,  5.56it/s]
Extract:   8%|8         | 47/578 [00:09<01:40,  5.28it/s]
Extract:   8%|8         | 49/578 [00:10<01:17,  6.85it/s]
Extract:   9%|8         | 50/578 [00:10<02:04,  4.25it/s]
Extract:   9%|8         | 51/578 [00:11<02:40,  3.28it/s]
Extract:   9%|8         | 52/578 [00:11<03:30,  2.50it/s]
Extract:   9%|9         | 54/578 [00:12<02:55,  2.99it/s]
Extract:  10%|9         | 55/578 [00:12<03:00,  2.90it/s]
Extract:  10%|9         | 56/578 [00:12<02:34,  3.38it/s]
Extract:  10%|#         | 58/578 [00:13<02:15,  3.83it/s]
Extract:  10%|#         | 59/578 [00:13<02:08,  4.05it/s]
Extract:  10%|#         | 60/578 [00:13<02:17,  3.77it/s]
Extract:  11%|#         | 61/578 [00:14<03:14,  2.66it/s]
Extract:  11%|#         | 62/578 [00:14<02:36,  3.30it/s]
Extract:  11%|#1        | 64/578 [00:15<02:10,  3.94it/s]
Extract:  11%|#1        | 65/578 [00:15<02:35,  3.30it/s]
Extract:  12%|#1        | 67/578 [00:16<02:28,  3.43it/s]
Extract:  12%|#1        | 69/578 [00:16<02:00,  4.22it/s]
Extract:  12%|#2        | 71/578 [00:16<01:39,  5.11it/s]
Extract:  12%|#2        | 72/578 [00:16<01:35,  5.31it/s]
Extract:  13%|#2        | 73/578 [00:17<02:48,  3.01it/s]
Extract:  13%|#2        | 75/578 [00:17<02:01,  4.15it/s]
Extract:  13%|#3        | 76/578 [00:17<01:53,  4.42it/s]
Extract:  13%|#3        | 77/578 [00:18<02:17,  3.63it/s]
Extract:  14%|#3        | 79/578 [00:18<01:32,  5.39it/s]
Extract:  14%|#4        | 81/578 [00:18<01:16,  6.54it/s]
Extract:  14%|#4        | 82/578 [00:18<01:11,  6.94it/s]
Extract:  14%|#4        | 83/578 [00:18<01:14,  6.67it/s]
Extract:  15%|#4        | 84/578 [00:19<01:57,  4.19it/s]
Extract:  15%|#4        | 86/578 [00:19<01:28,  5.54it/s]
Extract:  15%|#5        | 89/578 [00:20<02:01,  4.01it/s]
Extract:  16%|#5        | 90/578 [00:20<01:53,  4.29it/s]
Extract:  16%|#5        | 91/578 [00:21<02:41,  3.02it/s]
Extract:  16%|#5        | 92/578 [00:22<03:34,  2.26it/s]
Extract:  16%|#6        | 93/578 [00:22<02:58,  2.71it/s]
Extract:  16%|#6        | 94/578 [00:22<02:59,  2.70it/s]
Extract:  17%|#6        | 96/578 [00:23<03:13,  2.49it/s]
Extract:  17%|#6        | 97/578 [00:23<02:45,  2.90it/s]
Extract:  17%|#6        | 98/578 [00:24<03:24,  2.35it/s]
Extract:  17%|#7        | 100/578 [00:24<02:25,  3.28it/s]
Extract:  17%|#7        | 101/578 [00:24<02:08,  3.70it/s]
Extract:  18%|#7        | 104/578 [00:25<01:16,  6.21it/s]
Extract:  18%|#8        | 105/578 [00:25<01:25,  5.55it/s]
Extract:  19%|#8        | 107/578 [00:25<01:42,  4.61it/s]
Extract:  19%|#8        | 108/578 [00:26<01:41,  4.64it/s]
Extract:  19%|#9        | 110/578 [00:26<01:22,  5.67it/s]
Extract:  19%|#9        | 111/578 [00:26<01:23,  5.61it/s]
Extract:  20%|#9        | 113/578 [00:26<01:05,  7.10it/s]
Extract:  20%|#9        | 114/578 [00:26<01:02,  7.48it/s]
Extract:  20%|##        | 116/578 [00:27<01:01,  7.52it/s]
Extract:  20%|##        | 117/578 [00:27<01:29,  5.12it/s]
Extract:  21%|##        | 120/578 [00:28<01:54,  3.99it/s]
Extract:  21%|##        | 121/578 [00:28<02:16,  3.34it/s]
Extract:  21%|##1       | 123/578 [00:29<01:37,  4.69it/s]
Extract:  22%|##1       | 125/578 [00:29<01:42,  4.42it/s]
Extract:  22%|##1       | 126/578 [00:29<01:39,  4.55it/s]
Extract:  22%|##2       | 128/578 [00:29<01:18,  5.76it/s]
Extract:  22%|##2       | 130/578 [00:30<01:19,  5.67it/s]
Extract:  23%|##2       | 131/578 [00:30<01:37,  4.59it/s]
Extract:  23%|##2       | 132/578 [00:30<01:27,  5.11it/s]
Extract:  23%|##3       | 133/578 [00:30<01:28,  5.03it/s]
Extract:  23%|##3       | 134/578 [00:31<01:17,  5.74it/s]
Extract:  23%|##3       | 135/578 [00:31<01:11,  6.22it/s]
Extract:  24%|##3       | 137/578 [00:31<01:52,  3.92it/s]
Extract:  24%|##3       | 138/578 [00:32<02:07,  3.46it/s]
Extract:  24%|##4       | 139/578 [00:32<02:05,  3.50it/s]
Extract:  25%|##4       | 142/578 [00:32<01:10,  6.17it/s]
Extract:  25%|##5       | 146/578 [00:33<01:13,  5.85it/s]
Extract:  25%|##5       | 147/578 [00:33<01:10,  6.11it/s]
Extract:  26%|##5       | 148/578 [00:33<01:08,  6.29it/s]
Extract:  26%|##5       | 149/578 [00:34<01:38,  4.37it/s]
Extract:  26%|##5       | 150/578 [00:34<01:26,  4.93it/s]
Extract:  26%|##6       | 153/578 [00:34<01:17,  5.49it/s]
Extract:  27%|##6       | 155/578 [00:35<01:34,  4.46it/s]
Extract:  27%|##7       | 157/578 [00:35<01:12,  5.84it/s]
Extract:  28%|##7       | 159/578 [00:35<01:01,  6.86it/s]
Extract:  28%|##7       | 161/578 [00:36<00:56,  7.34it/s]
Extract:  28%|##8       | 163/578 [00:36<01:20,  5.13it/s]
Extract:  28%|##8       | 164/578 [00:36<01:14,  5.59it/s]
Extract:  29%|##8       | 165/578 [00:36<01:10,  5.82it/s]
Extract:  29%|##8       | 166/578 [00:37<01:06,  6.22it/s]
Extract:  29%|##8       | 167/578 [00:37<01:36,  4.25it/s]
Extract:  29%|##9       | 168/578 [00:37<01:22,  4.99it/s]
Extract:  29%|##9       | 169/578 [00:37<01:12,  5.64it/s]
Extract:  29%|##9       | 170/578 [00:37<01:06,  6.17it/s]
Extract:  30%|##9       | 172/578 [00:38<00:58,  7.00it/s]
Extract:  30%|##9       | 173/578 [00:38<01:31,  4.45it/s]
Extract:  30%|###       | 174/578 [00:38<01:25,  4.70it/s]
Extract:  30%|###       | 176/578 [00:38<01:03,  6.29it/s]
Extract:  31%|###       | 177/578 [00:39<01:37,  4.10it/s]
Extract:  31%|###       | 178/578 [00:39<01:28,  4.53it/s]
Extract:  31%|###       | 179/578 [00:39<01:18,  5.09it/s]
Extract:  31%|###1      | 180/578 [00:40<02:13,  2.97it/s]
Extract:  31%|###1      | 181/578 [00:40<02:28,  2.67it/s]
Extract:  31%|###1      | 182/578 [00:41<02:21,  2.80it/s]
Extract:  32%|###1      | 184/578 [00:41<01:47,  3.68it/s]
Extract:  32%|###2      | 185/578 [00:42<02:07,  3.08it/s]
Extract:  32%|###2      | 186/578 [00:42<01:50,  3.55it/s]
Extract:  33%|###2      | 188/578 [00:42<01:26,  4.50it/s]
Extract:  33%|###2      | 189/578 [00:43<02:10,  2.99it/s]
Extract:  33%|###3      | 191/578 [00:43<01:51,  3.46it/s]
Extract:  33%|###3      | 193/578 [00:43<01:23,  4.61it/s]
Extract:  34%|###3      | 195/578 [00:43<01:02,  6.11it/s]
Extract:  34%|###4      | 197/578 [00:44<01:09,  5.49it/s]
Extract:  34%|###4      | 198/578 [00:44<01:10,  5.42it/s]
Extract:  35%|###4      | 201/578 [00:45<01:31,  4.10it/s]
Extract:  35%|###4      | 202/578 [00:45<01:27,  4.30it/s]
Extract:  35%|###5      | 203/578 [00:46<01:41,  3.68it/s]
Extract:  36%|###5      | 206/578 [00:46<01:04,  5.75it/s]
Extract:  36%|###5      | 207/578 [00:46<01:11,  5.17it/s]
Extract:  36%|###6      | 209/578 [00:46<00:55,  6.71it/s]
Extract:  36%|###6      | 210/578 [00:46<00:54,  6.78it/s]
Extract:  37%|###6      | 212/578 [00:47<01:01,  5.95it/s]
Extract:  37%|###6      | 213/578 [00:47<00:58,  6.19it/s]
Extract:  37%|###7      | 215/578 [00:47<01:10,  5.16it/s]
Extract:  38%|###7      | 217/578 [00:48<00:54,  6.58it/s]
Extract:  38%|###8      | 220/578 [00:48<00:38,  9.32it/s]
Extract:  39%|###8      | 223/578 [00:48<00:31, 11.19it/s]
Extract:  39%|###8      | 225/578 [00:48<00:43,  8.11it/s]
Extract:  39%|###9      | 227/578 [00:49<00:45,  7.76it/s]
Extract:  40%|###9      | 229/578 [00:49<00:41,  8.34it/s]
Extract:  40%|###9      | 230/578 [00:49<00:49,  7.00it/s]
Extract:  40%|###9      | 231/578 [00:49<00:54,  6.37it/s]
Extract:  40%|####      | 232/578 [00:49<00:50,  6.83it/s]
Extract:  40%|####      | 233/578 [00:49<00:47,  7.30it/s]
Extract:  40%|####      | 234/578 [00:50<00:47,  7.25it/s]
Extract:  41%|####      | 236/578 [00:51<01:33,  3.66it/s]
Extract:  41%|####1     | 237/578 [00:51<01:38,  3.45it/s]
Extract:  41%|####1     | 239/578 [00:51<01:08,  4.97it/s]
Extract:  42%|####1     | 240/578 [00:51<01:05,  5.19it/s]
Extract:  42%|####2     | 243/578 [00:51<00:40,  8.36it/s]
Extract:  42%|####2     | 245/578 [00:52<00:59,  5.56it/s]
Extract:  43%|####2     | 247/578 [00:52<00:55,  6.01it/s]
Extract:  43%|####2     | 248/578 [00:52<01:00,  5.47it/s]
Extract:  43%|####3     | 249/578 [00:53<00:55,  5.91it/s]
Extract:  43%|####3     | 251/578 [00:53<00:46,  7.05it/s]
Extract:  44%|####3     | 253/578 [00:53<00:36,  8.83it/s]
Extract:  44%|####4     | 255/578 [00:53<00:39,  8.23it/s]
Extract:  44%|####4     | 256/578 [00:54<01:03,  5.09it/s]
Extract:  44%|####4     | 257/578 [00:54<01:05,  4.88it/s]
Extract:  45%|####4     | 258/578 [00:54<01:00,  5.33it/s]
Extract:  45%|####4     | 259/578 [00:54<00:56,  5.68it/s]
Extract:  45%|####5     | 261/578 [00:54<00:45,  6.96it/s]
Extract:  45%|####5     | 262/578 [00:55<01:00,  5.25it/s]
Extract:  46%|####5     | 263/578 [00:55<01:19,  3.98it/s]
Extract:  46%|####5     | 265/578 [00:55<01:06,  4.74it/s]
Extract:  46%|####6     | 266/578 [00:56<01:37,  3.22it/s]
Extract:  46%|####6     | 267/578 [00:56<01:41,  3.06it/s]
Extract:  47%|####6     | 269/578 [00:57<01:21,  3.79it/s]
Extract:  47%|####7     | 273/578 [00:57<01:03,  4.83it/s]
Extract:  47%|####7     | 274/578 [00:58<01:13,  4.14it/s]
Extract:  48%|####7     | 275/578 [00:58<01:19,  3.81it/s]
Extract:  48%|####7     | 276/578 [00:58<01:11,  4.21it/s]
Extract:  48%|####8     | 278/578 [00:59<00:50,  5.93it/s]
Extract:  48%|####8     | 280/578 [00:59<00:51,  5.79it/s]
Extract:  49%|####8     | 282/578 [00:59<00:39,  7.48it/s]
Extract:  49%|####9     | 284/578 [00:59<00:39,  7.49it/s]
Extract:  49%|####9     | 285/578 [00:59<00:43,  6.68it/s]
Extract:  49%|####9     | 286/578 [01:00<00:46,  6.33it/s]
Extract:  50%|####9     | 288/578 [01:00<00:37,  7.73it/s]
Extract:  50%|#####     | 289/578 [01:00<00:38,  7.41it/s]
Extract:  50%|#####     | 290/578 [01:00<00:53,  5.37it/s]
Extract:  51%|#####     | 292/578 [01:00<00:38,  7.35it/s]
Extract:  51%|#####     | 294/578 [01:01<00:31,  9.02it/s]
Extract:  51%|#####1    | 296/578 [01:01<00:49,  5.68it/s]
Extract:  51%|#####1    | 297/578 [01:02<01:35,  2.95it/s]
Extract:  52%|#####1    | 299/578 [01:02<01:07,  4.16it/s]
Extract:  52%|#####1    | 300/578 [01:02<01:00,  4.62it/s]
Extract:  52%|#####2    | 301/578 [01:03<01:05,  4.24it/s]
Extract:  53%|#####2    | 304/578 [01:03<01:00,  4.54it/s]
Extract:  53%|#####2    | 305/578 [01:04<00:58,  4.63it/s]
Extract:  53%|#####3    | 307/578 [01:04<01:03,  4.25it/s]
Extract:  53%|#####3    | 308/578 [01:04<01:04,  4.19it/s]
Extract:  53%|#####3    | 309/578 [01:05<01:15,  3.57it/s]
Extract:  54%|#####3    | 310/578 [01:05<01:07,  3.98it/s]
Extract:  54%|#####3    | 311/578 [01:05<01:23,  3.21it/s]
Extract:  54%|#####3    | 312/578 [01:06<01:50,  2.42it/s]
Extract:  54%|#####4    | 313/578 [01:06<01:32,  2.86it/s]
Extract:  54%|#####4    | 314/578 [01:07<01:40,  2.62it/s]
Extract:  55%|#####4    | 316/578 [01:07<01:13,  3.59it/s]
Extract:  55%|#####5    | 318/578 [01:08<01:11,  3.64it/s]
Extract:  55%|#####5    | 319/578 [01:08<01:09,  3.73it/s]
Extract:  55%|#####5    | 320/578 [01:08<01:22,  3.12it/s]
Extract:  56%|#####5    | 321/578 [01:08<01:08,  3.77it/s]
Extract:  56%|#####5    | 322/578 [01:09<01:09,  3.68it/s]
Extract:  56%|#####5    | 323/578 [01:10<01:46,  2.39it/s]
Extract:  56%|#####6    | 325/578 [01:10<01:07,  3.74it/s]
Extract:  56%|#####6    | 326/578 [01:10<01:10,  3.59it/s]
Extract:  57%|#####6    | 327/578 [01:10<00:59,  4.25it/s]
Extract:  57%|#####6    | 328/578 [01:10<01:00,  4.14it/s]
Extract:  57%|#####7    | 330/578 [01:11<00:44,  5.56it/s]
Extract:  57%|#####7    | 331/578 [01:11<00:42,  5.80it/s]
Extract:  57%|#####7    | 332/578 [01:11<00:48,  5.06it/s]
Extract:  58%|#####7    | 334/578 [01:11<00:33,  7.23it/s]
Extract:  58%|#####8    | 336/578 [01:11<00:26,  9.02it/s]
Extract:  58%|#####8    | 338/578 [01:11<00:23, 10.28it/s]
Extract:  59%|#####8    | 340/578 [01:12<00:25,  9.31it/s]
Extract:  59%|#####9    | 342/578 [01:12<00:27,  8.50it/s]
Extract:  60%|#####9    | 344/578 [01:12<00:35,  6.64it/s]
Extract:  60%|#####9    | 346/578 [01:12<00:29,  7.85it/s]
Extract:  60%|######    | 348/578 [01:13<00:26,  8.84it/s]
Extract:  61%|######    | 350/578 [01:14<00:48,  4.67it/s]
Extract:  61%|######    | 351/578 [01:14<01:07,  3.37it/s]
Extract:  61%|######    | 352/578 [01:14<00:58,  3.89it/s]
Extract:  61%|######1   | 353/578 [01:15<00:58,  3.85it/s]
Extract:  61%|######1   | 355/578 [01:15<00:41,  5.37it/s]
Extract:  62%|######1   | 356/578 [01:15<00:51,  4.31it/s]
Extract:  62%|######1   | 357/578 [01:15<00:51,  4.30it/s]
Extract:  62%|######2   | 359/578 [01:16<00:40,  5.37it/s]
Extract:  62%|######2   | 360/578 [01:16<00:44,  4.89it/s]
Extract:  62%|######2   | 361/578 [01:16<00:40,  5.34it/s]
Extract:  63%|######2   | 362/578 [01:17<01:02,  3.44it/s]
Extract:  63%|######2   | 363/578 [01:17<00:52,  4.11it/s]
Extract:  63%|######2   | 364/578 [01:17<00:43,  4.90it/s]
Extract:  63%|######3   | 365/578 [01:17<00:48,  4.41it/s]
Extract:  63%|######3   | 366/578 [01:17<00:49,  4.27it/s]
Extract:  63%|######3   | 367/578 [01:18<01:06,  3.17it/s]
Extract:  64%|######3   | 368/578 [01:18<01:04,  3.27it/s]
Extract:  64%|######3   | 369/578 [01:20<02:16,  1.53it/s]
Extract:  64%|######4   | 371/578 [01:20<01:18,  2.63it/s]
Extract:  65%|######4   | 373/578 [01:20<01:02,  3.26it/s]
Extract:  65%|######4   | 374/578 [01:20<00:53,  3.82it/s]
Extract:  65%|######5   | 376/578 [01:20<00:41,  4.91it/s]
Extract:  65%|######5   | 377/578 [01:21<00:39,  5.08it/s]
Extract:  66%|######5   | 379/578 [01:21<00:29,  6.86it/s]
Extract:  66%|######5   | 380/578 [01:21<00:31,  6.31it/s]
Extract:  66%|######5   | 381/578 [01:21<00:28,  6.88it/s]
Extract:  66%|######6   | 382/578 [01:21<00:39,  5.02it/s]
Extract:  66%|######6   | 383/578 [01:22<00:34,  5.65it/s]
Extract:  66%|######6   | 384/578 [01:22<00:40,  4.84it/s]
Extract:  67%|######6   | 386/578 [01:22<00:28,  6.80it/s]
Extract:  67%|######6   | 387/578 [01:22<00:30,  6.22it/s]
Extract:  67%|######7   | 390/578 [01:22<00:21,  8.60it/s]
Extract:  68%|######7   | 391/578 [01:23<00:21,  8.52it/s]
Extract:  68%|######7   | 392/578 [01:23<00:21,  8.63it/s]
Extract:  68%|######7   | 393/578 [01:23<00:24,  7.57it/s]
Extract:  68%|######8   | 394/578 [01:23<00:25,  7.28it/s]
Extract:  68%|######8   | 395/578 [01:23<00:26,  6.87it/s]
Extract:  69%|######8   | 397/578 [01:23<00:25,  7.17it/s]
Extract:  69%|######8   | 398/578 [01:23<00:23,  7.66it/s]
Extract:  69%|######9   | 399/578 [01:24<00:24,  7.21it/s]
Extract:  69%|######9   | 401/578 [01:24<00:20,  8.57it/s]
Extract:  70%|######9   | 402/578 [01:24<00:23,  7.48it/s]
Extract:  70%|######9   | 403/578 [01:24<00:24,  7.21it/s]
Extract:  70%|#######   | 405/578 [01:24<00:20,  8.32it/s]
Extract:  70%|#######   | 406/578 [01:25<00:27,  6.36it/s]
Extract:  70%|#######   | 407/578 [01:25<00:35,  4.76it/s]
Extract:  71%|#######   | 408/578 [01:26<00:51,  3.29it/s]
Extract:  71%|#######   | 410/578 [01:26<00:35,  4.74it/s]
Extract:  71%|#######1  | 412/578 [01:26<00:27,  5.99it/s]
Extract:  71%|#######1  | 413/578 [01:26<00:30,  5.40it/s]
Extract:  72%|#######1  | 415/578 [01:26<00:22,  7.32it/s]
Extract:  72%|#######1  | 416/578 [01:26<00:23,  6.81it/s]
Extract:  72%|#######2  | 418/578 [01:27<00:21,  7.50it/s]
Extract:  72%|#######2  | 419/578 [01:27<00:22,  7.02it/s]
Extract:  73%|#######2  | 421/578 [01:27<00:31,  4.92it/s]
Extract:  73%|#######3  | 424/578 [01:28<00:23,  6.63it/s]
Extract:  74%|#######3  | 425/578 [01:29<00:49,  3.12it/s]
Extract:  74%|#######3  | 426/578 [01:29<00:43,  3.46it/s]
Extract:  74%|#######3  | 427/578 [01:30<00:55,  2.73it/s]
Extract:  74%|#######4  | 428/578 [01:30<01:04,  2.32it/s]
Extract:  74%|#######4  | 429/578 [01:31<01:09,  2.15it/s]
Extract:  75%|#######4  | 431/578 [01:31<00:44,  3.31it/s]
Extract:  75%|#######4  | 432/578 [01:31<00:40,  3.61it/s]
Extract:  75%|#######5  | 434/578 [01:32<00:38,  3.75it/s]
Extract:  75%|#######5  | 435/578 [01:32<00:33,  4.22it/s]
Extract:  76%|#######5  | 437/578 [01:32<00:25,  5.50it/s]
Extract:  76%|#######5  | 438/578 [01:32<00:24,  5.72it/s]
Extract:  76%|#######5  | 439/578 [01:32<00:27,  5.10it/s]
Extract:  76%|#######6  | 441/578 [01:33<00:31,  4.33it/s]
Extract:  77%|#######6  | 443/578 [01:33<00:24,  5.57it/s]
Extract:  77%|#######6  | 444/578 [01:33<00:22,  6.03it/s]
Extract:  77%|#######6  | 445/578 [01:34<00:29,  4.54it/s]
Extract:  77%|#######7  | 447/578 [01:34<00:20,  6.49it/s]
Extract:  78%|#######7  | 449/578 [01:34<00:17,  7.45it/s]
Extract:  78%|#######7  | 450/578 [01:34<00:25,  4.94it/s]
Extract:  78%|#######8  | 451/578 [01:35<00:32,  3.95it/s]
Extract:  78%|#######8  | 452/578 [01:35<00:28,  4.48it/s]
Extract:  79%|#######8  | 454/578 [01:35<00:21,  5.68it/s]
Extract:  79%|#######8  | 456/578 [01:35<00:16,  7.37it/s]
Extract:  79%|#######9  | 458/578 [01:36<00:16,  7.26it/s]
Extract:  80%|#######9  | 461/578 [01:36<00:12,  9.37it/s]
Extract:  80%|########  | 463/578 [01:36<00:13,  8.34it/s]
Extract:  81%|########  | 466/578 [01:36<00:12,  9.19it/s]
Extract:  81%|########  | 467/578 [01:37<00:14,  7.91it/s]
Extract:  81%|########  | 468/578 [01:37<00:19,  5.74it/s]
Extract:  81%|########1 | 470/578 [01:37<00:17,  6.21it/s]
Extract:  81%|########1 | 471/578 [01:38<00:19,  5.61it/s]
Extract:  82%|########1 | 472/578 [01:38<00:21,  4.85it/s]
Extract:  82%|########1 | 473/578 [01:39<00:39,  2.67it/s]
Extract:  82%|########2 | 474/578 [01:39<00:34,  3.01it/s]
Extract:  82%|########2 | 475/578 [01:39<00:29,  3.55it/s]
Extract:  82%|########2 | 476/578 [01:40<00:34,  2.93it/s]
Extract:  83%|########2 | 477/578 [01:40<00:29,  3.48it/s]
Extract:  83%|########2 | 479/578 [01:40<00:20,  4.91it/s]
Extract:  83%|########3 | 480/578 [01:40<00:17,  5.57it/s]
Extract:  83%|########3 | 481/578 [01:40<00:17,  5.60it/s]
Extract:  84%|########3 | 483/578 [01:40<00:13,  7.19it/s]
Extract:  84%|########3 | 484/578 [01:41<00:13,  7.01it/s]
Extract:  84%|########3 | 485/578 [01:41<00:12,  7.51it/s]
Extract:  84%|########4 | 486/578 [01:41<00:11,  7.89it/s]
Extract:  84%|########4 | 487/578 [01:41<00:15,  5.96it/s]
Extract:  85%|########4 | 489/578 [01:42<00:23,  3.74it/s]
Extract:  85%|########4 | 490/578 [01:42<00:21,  4.13it/s]
Extract:  85%|########4 | 491/578 [01:42<00:21,  4.03it/s]
Extract:  85%|########5 | 492/578 [01:43<00:21,  3.94it/s]
Extract:  85%|########5 | 493/578 [01:43<00:19,  4.42it/s]
Extract:  85%|########5 | 494/578 [01:43<00:16,  4.99it/s]
Extract:  86%|########5 | 497/578 [01:43<00:09,  8.68it/s]
Extract:  86%|########6 | 499/578 [01:44<00:13,  6.03it/s]
Extract:  87%|########6 | 502/578 [01:44<00:08,  8.86it/s]
Extract:  87%|########7 | 504/578 [01:44<00:08,  8.24it/s]
Extract:  88%|########7 | 506/578 [01:45<00:12,  5.98it/s]
Extract:  88%|########7 | 508/578 [01:45<00:10,  6.60it/s]
Extract:  88%|########8 | 510/578 [01:45<00:10,  6.50it/s]
Extract:  89%|########8 | 512/578 [01:45<00:09,  6.85it/s]
Extract:  89%|########9 | 515/578 [01:46<00:08,  7.59it/s]
Extract:  89%|########9 | 516/578 [01:46<00:10,  5.70it/s]
Extract:  89%|########9 | 517/578 [01:46<00:10,  5.56it/s]
Extract:  90%|########9 | 519/578 [01:47<00:10,  5.59it/s]
Extract:  90%|########9 | 520/578 [01:47<00:09,  5.93it/s]
Extract:  90%|######### | 522/578 [01:47<00:07,  7.82it/s]
Extract:  91%|######### | 524/578 [01:47<00:07,  7.31it/s]
Extract:  91%|#########1| 526/578 [01:48<00:09,  5.58it/s]
Extract:  91%|#########1| 528/578 [01:48<00:07,  7.07it/s]
Extract:  92%|#########1| 530/578 [01:48<00:06,  7.75it/s]
Extract:  92%|#########2| 532/578 [01:48<00:05,  8.60it/s]
Extract:  92%|#########2| 534/578 [01:48<00:05,  8.08it/s]
Extract:  93%|#########2| 537/578 [01:49<00:04,  9.12it/s]
Extract:  93%|#########3| 539/578 [01:50<00:11,  3.43it/s]
Extract:  93%|#########3| 540/578 [01:51<00:14,  2.67it/s]
Extract:  94%|#########3| 541/578 [01:51<00:13,  2.77it/s]
Extract:  94%|#########3| 543/578 [01:52<00:09,  3.51it/s]
Extract:  94%|#########4| 545/578 [01:52<00:06,  4.77it/s]
Extract:  94%|#########4| 546/578 [01:52<00:08,  3.63it/s]
Extract:  95%|#########4| 547/578 [01:53<00:11,  2.81it/s]
Extract:  95%|#########4| 549/578 [01:53<00:06,  4.17it/s]
Extract:  95%|#########5| 551/578 [01:53<00:04,  5.72it/s]
Extract:  96%|#########5| 553/578 [01:54<00:06,  4.07it/s]
Extract:  96%|#########5| 554/578 [01:55<00:07,  3.14it/s]
Extract:  96%|#########6| 555/578 [01:55<00:08,  2.57it/s]
Extract:  96%|#########6| 556/578 [01:56<00:08,  2.74it/s]
Extract:  96%|#########6| 557/578 [01:56<00:07,  2.65it/s]
Extract:  97%|#########6| 558/578 [01:56<00:06,  3.28it/s]
Extract:  97%|#########6| 560/578 [01:57<00:05,  3.15it/s]
Extract:  97%|#########7| 561/578 [01:57<00:05,  3.25it/s]
Extract:  98%|#########7| 564/578 [01:58<00:03,  3.62it/s]
Extract:  98%|#########7| 565/578 [01:58<00:04,  2.86it/s]
Extract:  98%|#########7| 566/578 [01:59<00:03,  3.18it/s]
Extract:  98%|#########8| 567/578 [01:59<00:03,  3.59it/s]
Extract:  98%|#########8| 568/578 [01:59<00:03,  3.23it/s]
Extract:  99%|#########8| 570/578 [01:59<00:01,  4.85it/s]
Extract:  99%|#########8| 572/578 [01:59<00:01,  5.93it/s]
Extract:  99%|#########9| 574/578 [02:00<00:00,  7.61it/s]
Extract: 100%|#########9| 576/578 [02:00<00:00,  5.31it/s]
Extract: 100%|##########| 578/578 [02:00<00:00,  4.79it/s]

Extract:   0%|          | 0/578 [00:00<?, ?it/s]
Extract:   0%|          | 2/578 [00:00<00:35, 16.33it/s]
Extract:   1%|          | 4/578 [00:00<01:08,  8.35it/s]
Extract:   1%|1         | 6/578 [00:00<01:12,  7.87it/s]
Extract:   1%|1         | 7/578 [00:01<01:44,  5.48it/s]
Extract:   1%|1         | 8/578 [00:01<02:08,  4.44it/s]
Extract:   2%|1         | 9/578 [00:01<02:17,  4.15it/s]
Extract:   2%|1         | 10/578 [00:01<02:15,  4.18it/s]
Extract:   2%|1         | 11/578 [00:02<02:12,  4.26it/s]
Extract:   2%|2         | 12/578 [00:02<02:37,  3.59it/s]
Extract:   2%|2         | 13/578 [00:02<02:10,  4.33it/s]
Extract:   2%|2         | 14/578 [00:02<02:27,  3.82it/s]
Extract:   3%|2         | 15/578 [00:03<03:27,  2.71it/s]
Extract:   3%|2         | 16/578 [00:03<02:48,  3.34it/s]
Extract:   3%|3         | 19/578 [00:03<01:31,  6.13it/s]
Extract:   3%|3         | 20/578 [00:04<01:23,  6.65it/s]
Extract:   4%|3         | 21/578 [00:04<02:27,  3.78it/s]
Extract:   4%|3         | 22/578 [00:04<02:28,  3.75it/s]
Extract:   4%|3         | 23/578 [00:05<02:22,  3.90it/s]
Extract:   4%|4         | 24/578 [00:05<02:02,  4.53it/s]
Extract:   4%|4         | 26/578 [00:05<01:23,  6.57it/s]
Extract:   5%|4         | 27/578 [00:05<01:57,  4.71it/s]
Extract:   5%|5         | 29/578 [00:06<01:31,  6.00it/s]
Extract:   5%|5         | 30/578 [00:06<01:29,  6.14it/s]
Extract:   5%|5         | 31/578 [00:06<01:35,  5.75it/s]
Extract:   6%|5         | 33/578 [00:06<01:08,  7.91it/s]
Extract:   6%|6         | 35/578 [00:06<00:57,  9.43it/s]
Extract:   6%|6         | 37/578 [00:06<00:59,  9.16it/s]
Extract:   7%|6         | 39/578 [00:07<00:52, 10.22it/s]
Extract:   7%|7         | 41/578 [00:07<00:57,  9.31it/s]
Extract:   7%|7         | 43/578 [00:08<01:50,  4.84it/s]
Extract:   8%|7         | 46/578 [00:08<01:18,  6.78it/s]
Extract:   8%|8         | 48/578 [00:08<01:09,  7.63it/s]
Extract:   9%|8         | 50/578 [00:09<01:30,  5.84it/s]
Extract:   9%|8         | 51/578 [00:09<01:39,  5.28it/s]
Extract:   9%|8         | 52/578 [00:09<01:53,  4.62it/s]
Extract:   9%|9         | 54/578 [00:09<01:34,  5.54it/s]
Extract:  10%|9         | 55/578 [00:10<01:36,  5.40it/s]
Extract:  10%|9         | 57/578 [00:10<01:13,  7.05it/s]
Extract:  10%|#         | 58/578 [00:10<01:32,  5.60it/s]
Extract:  10%|#         | 59/578 [00:10<01:32,  5.60it/s]
Extract:  10%|#         | 60/578 [00:10<01:46,  4.89it/s]
Extract:  11%|#         | 61/578 [00:11<01:59,  4.32it/s]
Extract:  11%|#         | 63/578 [00:11<01:21,  6.31it/s]
Extract:  11%|#1        | 64/578 [00:11<01:29,  5.71it/s]
Extract:  11%|#1        | 65/578 [00:11<01:46,  4.82it/s]
Extract:  12%|#1        | 67/578 [00:12<01:57,  4.37it/s]
Extract:  12%|#1        | 69/578 [00:12<01:40,  5.08it/s]
Extract:  12%|#2        | 71/578 [00:12<01:26,  5.86it/s]
Extract:  12%|#2        | 72/578 [00:13<01:21,  6.18it/s]
Extract:  13%|#2        | 73/578 [00:13<01:51,  4.55it/s]
Extract:  13%|#2        | 75/578 [00:13<01:24,  5.98it/s]
Extract:  13%|#3        | 76/578 [00:13<01:27,  5.72it/s]
Extract:  13%|#3        | 77/578 [00:14<02:10,  3.83it/s]
Extract:  14%|#3        | 79/578 [00:14<01:29,  5.59it/s]
Extract:  14%|#3        | 80/578 [00:14<01:22,  6.06it/s]
Extract:  14%|#4        | 81/578 [00:14<01:29,  5.58it/s]
Extract:  14%|#4        | 82/578 [00:15<01:19,  6.21it/s]
Extract:  14%|#4        | 83/578 [00:15<01:21,  6.07it/s]
Extract:  15%|#4        | 84/578 [00:15<02:05,  3.94it/s]
Extract:  15%|#4        | 86/578 [00:15<01:33,  5.27it/s]
Extract:  15%|#5        | 88/578 [00:16<01:09,  7.06it/s]
Extract:  15%|#5        | 89/578 [00:16<02:06,  3.87it/s]
Extract:  16%|#5        | 90/578 [00:16<02:06,  3.87it/s]
Extract:  16%|#5        | 91/578 [00:17<03:27,  2.35it/s]
Extract:  16%|#5        | 92/578 [00:18<04:37,  1.75it/s]
Extract:  16%|#6        | 93/578 [00:18<03:36,  2.24it/s]
Extract:  16%|#6        | 94/578 [00:19<03:17,  2.45it/s]
Extract:  16%|#6        | 95/578 [00:19<02:38,  3.05it/s]
Extract:  17%|#6        | 96/578 [00:20<03:28,  2.32it/s]
Extract:  17%|#6        | 97/578 [00:20<02:48,  2.86it/s]
Extract:  17%|#6        | 98/578 [00:20<02:36,  3.06it/s]
Extract:  17%|#7        | 99/578 [00:20<02:07,  3.77it/s]
Extract:  17%|#7        | 100/578 [00:20<02:08,  3.72it/s]
Extract:  17%|#7        | 101/578 [00:21<01:55,  4.14it/s]
Extract:  18%|#7        | 102/578 [00:21<01:41,  4.68it/s]
Extract:  18%|#7        | 104/578 [00:21<01:09,  6.84it/s]
Extract:  18%|#8        | 105/578 [00:21<01:26,  5.45it/s]
Extract:  18%|#8        | 106/578 [00:21<01:17,  6.11it/s]
Extract:  19%|#8        | 107/578 [00:22<02:09,  3.63it/s]
Extract:  19%|#8        | 108/578 [00:22<02:07,  3.68it/s]
Extract:  19%|#9        | 110/578 [00:22<01:38,  4.76it/s]
Extract:  19%|#9        | 111/578 [00:23<01:32,  5.04it/s]
Extract:  20%|#9        | 113/578 [00:23<01:07,  6.88it/s]
Extract:  20%|#9        | 114/578 [00:23<01:04,  7.22it/s]
Extract:  20%|#9        | 115/578 [00:23<01:03,  7.30it/s]
Extract:  20%|##        | 116/578 [00:23<01:17,  5.94it/s]
Extract:  20%|##        | 117/578 [00:24<01:53,  4.06it/s]
Extract:  20%|##        | 118/578 [00:24<01:45,  4.38it/s]
Extract:  21%|##        | 120/578 [00:24<01:54,  3.98it/s]
Extract:  21%|##        | 121/578 [00:25<02:28,  3.08it/s]
Extract:  21%|##1       | 123/578 [00:25<01:42,  4.45it/s]
Extract:  22%|##1       | 125/578 [00:26<01:48,  4.17it/s]
Extract:  22%|##1       | 126/578 [00:26<01:50,  4.11it/s]
Extract:  22%|##2       | 128/578 [00:26<01:30,  4.96it/s]
Extract:  22%|##2       | 130/578 [00:27<01:49,  4.08it/s]
Extract:  23%|##2       | 131/578 [00:27<02:10,  3.42it/s]
Extract:  23%|##2       | 132/578 [00:27<01:57,  3.80it/s]
Extract:  23%|##3       | 133/578 [00:28<02:01,  3.67it/s]
Extract:  23%|##3       | 134/578 [00:28<01:46,  4.16it/s]
Extract:  23%|##3       | 135/578 [00:28<01:42,  4.34it/s]
Extract:  24%|##3       | 136/578 [00:28<01:37,  4.55it/s]
Extract:  24%|##3       | 137/578 [00:29<02:21,  3.12it/s]
Extract:  24%|##3       | 138/578 [00:30<03:06,  2.36it/s]
Extract:  24%|##4       | 139/578 [00:30<02:52,  2.55it/s]
Extract:  24%|##4       | 141/578 [00:30<01:44,  4.16it/s]
Extract:  25%|##4       | 144/578 [00:30<01:01,  7.09it/s]
Extract:  25%|##5       | 146/578 [00:31<01:22,  5.25it/s]
Extract:  26%|##5       | 148/578 [00:31<01:17,  5.55it/s]
Extract:  26%|##5       | 149/578 [00:32<01:43,  4.15it/s]
Extract:  26%|##5       | 150/578 [00:32<01:36,  4.41it/s]
Extract:  26%|##6       | 152/578 [00:32<01:09,  6.15it/s]
Extract:  27%|##6       | 154/578 [00:33<01:52,  3.75it/s]
Extract:  27%|##6       | 155/578 [00:33<02:04,  3.40it/s]
Extract:  27%|##7       | 157/578 [00:33<01:31,  4.61it/s]
Extract:  27%|##7       | 158/578 [00:33<01:23,  5.03it/s]
Extract:  28%|##7       | 160/578 [00:34<01:22,  5.06it/s]
Extract:  28%|##8       | 162/578 [00:34<01:04,  6.48it/s]
Extract:  28%|##8       | 163/578 [00:35<01:40,  4.13it/s]
Extract:  28%|##8       | 164/578 [00:35<01:29,  4.63it/s]
Extract:  29%|##8       | 165/578 [00:35<01:24,  4.88it/s]
Extract:  29%|##8       | 166/578 [00:35<01:18,  5.27it/s]
Extract:  29%|##8       | 167/578 [00:35<01:49,  3.76it/s]
Extract:  29%|##9       | 168/578 [00:36<01:33,  4.38it/s]
Extract:  29%|##9       | 169/578 [00:36<01:22,  4.97it/s]
Extract:  29%|##9       | 170/578 [00:36<01:17,  5.24it/s]
Extract:  30%|##9       | 172/578 [00:36<01:11,  5.67it/s]
Extract:  30%|##9       | 173/578 [00:37<01:49,  3.68it/s]
Extract:  30%|###       | 174/578 [00:37<01:35,  4.23it/s]
Extract:  30%|###       | 175/578 [00:37<01:20,  5.00it/s]
Extract:  31%|###       | 177/578 [00:38<01:32,  4.36it/s]
Extract:  31%|###       | 178/578 [00:38<01:21,  4.89it/s]
Extract:  31%|###       | 179/578 [00:38<01:12,  5.49it/s]
Extract:  31%|###1      | 180/578 [00:38<01:28,  4.51it/s]
Extract:  31%|###1      | 181/578 [00:39<01:55,  3.44it/s]
Extract:  31%|###1      | 182/578 [00:39<01:49,  3.60it/s]
Extract:  32%|###1      | 184/578 [00:39<01:24,  4.68it/s]
Extract:  32%|###2      | 185/578 [00:40<01:54,  3.44it/s]
Extract:  32%|###2      | 186/578 [00:40<01:39,  3.92it/s]
Extract:  33%|###2      | 188/578 [00:40<01:13,  5.29it/s]
Extract:  33%|###2      | 189/578 [00:40<01:31,  4.24it/s]
Extract:  33%|###3      | 191/578 [00:41<01:23,  4.65it/s]
Extract:  33%|###3      | 192/578 [00:41<01:13,  5.23it/s]
Extract:  34%|###3      | 194/578 [00:41<00:56,  6.76it/s]
Extract:  34%|###4      | 197/578 [00:42<01:10,  5.40it/s]
Extract:  34%|###4      | 198/578 [00:42<01:08,  5.55it/s]
Extract:  35%|###4      | 201/578 [00:42<01:01,  6.09it/s]
Extract:  35%|###4      | 202/578 [00:42<01:03,  5.95it/s]
Extract:  35%|###5      | 203/578 [00:43<01:27,  4.30it/s]
Extract:  35%|###5      | 205/578 [00:43<01:04,  5.76it/s]
Extract:  36%|###5      | 206/578 [00:43<01:04,  5.79it/s]
Extract:  36%|###5      | 207/578 [00:44<01:14,  4.99it/s]
Extract:  36%|###6      | 209/578 [00:44<00:56,  6.54it/s]
Extract:  36%|###6      | 210/578 [00:44<00:54,  6.77it/s]
Extract:  37%|###6      | 212/578 [00:44<01:04,  5.69it/s]
Extract:  37%|###6      | 213/578 [00:44<01:01,  5.90it/s]
Extract:  37%|###7      | 215/578 [00:45<01:07,  5.38it/s]
Extract:  38%|###7      | 217/578 [00:45<01:09,  5.18it/s]
Extract:  38%|###8      | 220/578 [00:45<00:47,  7.60it/s]
Extract:  38%|###8      | 222/578 [00:46<00:40,  8.82it/s]
Extract:  39%|###8      | 224/578 [00:46<00:38,  9.26it/s]
Extract:  39%|###9      | 226/578 [00:46<00:54,  6.46it/s]
Extract:  39%|###9      | 227/578 [00:46<00:53,  6.54it/s]
Extract:  40%|###9      | 229/578 [00:47<00:51,  6.82it/s]
Extract:  40%|###9      | 230/578 [00:47<01:04,  5.36it/s]
Extract:  40%|###9      | 231/578 [00:47<01:07,  5.13it/s]
Extract:  40%|####      | 232/578 [00:47<01:04,  5.38it/s]
Extract:  40%|####      | 233/578 [00:48<00:57,  5.95it/s]
Extract:  40%|####      | 234/578 [00:48<00:54,  6.27it/s]
Extract:  41%|####      | 235/578 [00:48<00:53,  6.46it/s]
Extract:  41%|####      | 236/578 [00:48<01:33,  3.66it/s]
Extract:  41%|####1     | 237/578 [00:49<01:44,  3.26it/s]
Extract:  41%|####1     | 239/578 [00:49<01:08,  4.98it/s]
Extract:  42%|####1     | 240/578 [00:49<01:07,  5.03it/s]
Extract:  42%|####1     | 242/578 [00:49<00:48,  6.90it/s]
Extract:  42%|####2     | 244/578 [00:50<01:00,  5.49it/s]
Extract:  42%|####2     | 245/578 [00:50<00:55,  6.03it/s]
Extract:  43%|####2     | 247/578 [00:50<00:53,  6.17it/s]
Extract:  43%|####2     | 248/578 [00:50<01:02,  5.28it/s]
Extract:  43%|####3     | 249/578 [00:51<00:58,  5.67it/s]
Extract:  43%|####3     | 250/578 [00:51<00:55,  5.86it/s]
Extract:  43%|####3     | 251/578 [00:51<01:00,  5.44it/s]
Extract:  44%|####3     | 252/578 [00:51<00:52,  6.21it/s]
Extract:  44%|####3     | 253/578 [00:51<00:48,  6.69it/s]
Extract:  44%|####4     | 255/578 [00:52<00:58,  5.51it/s]
Extract:  44%|####4     | 256/578 [00:52<01:40,  3.20it/s]
Extract:  45%|####4     | 258/578 [00:53<01:12,  4.42it/s]
Extract:  45%|####4     | 260/578 [00:53<00:56,  5.61it/s]
Extract:  45%|####5     | 261/578 [00:53<00:53,  5.89it/s]
Extract:  45%|####5     | 262/578 [00:53<01:04,  4.92it/s]
Extract:  46%|####5     | 263/578 [00:54<01:28,  3.57it/s]
Extract:  46%|####5     | 264/578 [00:54<01:15,  4.16it/s]
Extract:  46%|####5     | 265/578 [00:54<01:18,  3.98it/s]
Extract:  46%|####6     | 266/578 [00:54<01:15,  4.14it/s]
Extract:  46%|####6     | 267/578 [00:55<01:27,  3.56it/s]
Extract:  46%|####6     | 268/578 [00:55<01:11,  4.32it/s]
Extract:  47%|####6     | 269/578 [00:55<01:19,  3.88it/s]
Extract:  47%|####7     | 272/578 [00:55<00:41,  7.44it/s]
Extract:  47%|####7     | 274/578 [00:56<01:29,  3.40it/s]
Extract:  48%|####7     | 275/578 [00:57<01:47,  2.82it/s]
Extract:  48%|####7     | 276/578 [00:57<01:38,  3.06it/s]
Extract:  48%|####7     | 277/578 [00:57<01:24,  3.58it/s]
Extract:  48%|####8     | 280/578 [00:58<01:01,  4.83it/s]
Extract:  49%|####8     | 282/578 [00:58<00:48,  6.16it/s]
Extract:  49%|####8     | 283/578 [00:58<00:52,  5.67it/s]
Extract:  49%|####9     | 285/578 [00:59<00:48,  6.04it/s]
Extract:  49%|####9     | 286/578 [00:59<00:51,  5.71it/s]
Extract:  50%|####9     | 287/578 [00:59<00:48,  6.01it/s]
Extract:  50%|####9     | 288/578 [00:59<00:43,  6.60it/s]
Extract:  50%|#####     | 289/578 [00:59<00:48,  5.95it/s]
Extract:  50%|#####     | 290/578 [01:00<01:23,  3.43it/s]
Extract:  50%|#####     | 291/578 [01:00<01:09,  4.16it/s]
Extract:  51%|#####     | 293/578 [01:00<00:46,  6.13it/s]
Extract:  51%|#####     | 294/578 [01:00<00:44,  6.39it/s]
Extract:  51%|#####1    | 295/578 [01:01<01:09,  4.07it/s]
Extract:  51%|#####1    | 296/578 [01:01<01:01,  4.62it/s]
Extract:  51%|#####1    | 297/578 [01:01<01:23,  3.38it/s]
Extract:  52%|#####1    | 299/578 [01:01<00:55,  5.00it/s]
Extract:  52%|#####1    | 300/578 [01:02<00:50,  5.47it/s]
Extract:  52%|#####2    | 301/578 [01:02<01:00,  4.55it/s]
Extract:  52%|#####2    | 303/578 [01:02<00:42,  6.40it/s]
Extract:  53%|#####2    | 304/578 [01:03<01:19,  3.46it/s]
Extract:  53%|#####2    | 305/578 [01:03<01:09,  3.92it/s]
Extract:  53%|#####3    | 307/578 [01:03<01:00,  4.50it/s]
Extract:  53%|#####3    | 308/578 [01:04<01:02,  4.30it/s]
Extract:  53%|#####3    | 309/578 [01:04<01:16,  3.50it/s]
Extract:  54%|#####3    | 310/578 [01:04<01:10,  3.82it/s]
Extract:  54%|#####3    | 311/578 [01:05<01:29,  2.99it/s]
Extract:  54%|#####3    | 312/578 [01:05<01:42,  2.61it/s]
Extract:  54%|#####4    | 313/578 [01:06<01:32,  2.86it/s]
Extract:  54%|#####4    | 314/578 [01:06<01:31,  2.89it/s]
Extract:  54%|#####4    | 315/578 [01:06<01:25,  3.07it/s]
Extract:  55%|#####4    | 316/578 [01:06<01:26,  3.03it/s]
Extract:  55%|#####5    | 318/578 [01:07<01:16,  3.42it/s]
Extract:  55%|#####5    | 319/578 [01:07<01:10,  3.67it/s]
Extract:  55%|#####5    | 320/578 [01:08<01:17,  3.34it/s]
Extract:  56%|#####5    | 321/578 [01:08<01:03,  4.07it/s]
Extract:  56%|#####5    | 322/578 [01:08<01:03,  4.04it/s]
Extract:  56%|#####5    | 323/578 [01:08<00:56,  4.48it/s]
Extract:  56%|#####6    | 325/578 [01:08<00:40,  6.31it/s]
Extract:  56%|#####6    | 326/578 [01:08<00:43,  5.75it/s]
Extract:  57%|#####6    | 328/578 [01:09<00:36,  6.77it/s]
Extract:  57%|#####7    | 330/578 [01:09<00:30,  8.21it/s]
Extract:  57%|#####7    | 331/578 [01:09<00:30,  8.22it/s]
Extract:  57%|#####7    | 332/578 [01:09<00:35,  6.91it/s]
Extract:  58%|#####7    | 335/578 [01:09<00:25,  9.60it/s]
Extract:  58%|#####8    | 337/578 [01:10<00:22, 10.55it/s]
Extract:  59%|#####8    | 339/578 [01:10<00:22, 10.58it/s]
Extract:  59%|#####8    | 341/578 [01:10<00:24,  9.60it/s]
Extract:  59%|#####9    | 343/578 [01:10<00:23,  9.97it/s]
Extract:  60%|#####9    | 345/578 [01:11<00:42,  5.44it/s]
Extract:  60%|######    | 347/578 [01:11<00:34,  6.77it/s]
Extract:  60%|######    | 349/578 [01:11<00:38,  5.97it/s]
Extract:  61%|######    | 350/578 [01:12<00:41,  5.44it/s]
Extract:  61%|######    | 351/578 [01:12<00:50,  4.49it/s]
Extract:  61%|######1   | 353/578 [01:12<00:40,  5.57it/s]
Extract:  61%|######1   | 355/578 [01:12<00:30,  7.40it/s]
Extract:  62%|######1   | 357/578 [01:13<00:42,  5.23it/s]
Extract:  62%|######2   | 359/578 [01:13<00:34,  6.28it/s]
Extract:  62%|######2   | 360/578 [01:13<00:35,  6.16it/s]
Extract:  63%|######2   | 362/578 [01:14<00:36,  5.84it/s]
Extract:  63%|######2   | 364/578 [01:14<00:29,  7.34it/s]
Extract:  63%|######3   | 365/578 [01:14<00:28,  7.46it/s]
Extract:  63%|######3   | 366/578 [01:14<00:29,  7.27it/s]
Extract:  63%|######3   | 367/578 [01:15<00:48,  4.38it/s]
Extract:  64%|######3   | 368/578 [01:15<00:44,  4.68it/s]
Extract:  64%|######3   | 369/578 [01:15<00:57,  3.65it/s]
Extract:  65%|######4   | 373/578 [01:16<00:36,  5.66it/s]
Extract:  65%|######4   | 374/578 [01:16<00:35,  5.81it/s]
Extract:  65%|######5   | 376/578 [01:16<00:30,  6.53it/s]
Extract:  65%|######5   | 377/578 [01:16<00:31,  6.37it/s]
Extract:  66%|######5   | 379/578 [01:16<00:25,  7.87it/s]
Extract:  66%|######5   | 380/578 [01:17<00:27,  7.23it/s]
Extract:  66%|######5   | 381/578 [01:17<00:25,  7.59it/s]
Extract:  66%|######6   | 382/578 [01:17<00:33,  5.82it/s]
Extract:  66%|######6   | 383/578 [01:17<00:30,  6.46it/s]
Extract:  66%|######6   | 384/578 [01:17<00:34,  5.55it/s]
Extract:  67%|######6   | 386/578 [01:18<00:28,  6.84it/s]
Extract:  67%|######6   | 387/578 [01:18<00:29,  6.45it/s]
Extract:  67%|######7   | 390/578 [01:18<00:19,  9.61it/s]
Extract:  68%|######7   | 392/578 [01:18<00:25,  7.35it/s]
Extract:  68%|######7   | 393/578 [01:19<00:28,  6.54it/s]
Extract:  68%|######8   | 394/578 [01:19<00:28,  6.49it/s]
Extract:  68%|######8   | 395/578 [01:19<00:29,  6.27it/s]
Extract:  69%|######8   | 397/578 [01:19<00:25,  7.14it/s]
Extract:  69%|######8   | 398/578 [01:19<00:24,  7.44it/s]
Extract:  69%|######9   | 399/578 [01:19<00:23,  7.52it/s]
Extract:  69%|######9   | 401/578 [01:19<00:18,  9.51it/s]
Extract:  70%|######9   | 403/578 [01:20<00:16, 10.54it/s]
Extract:  70%|#######   | 405/578 [01:20<00:15, 11.30it/s]
Extract:  70%|#######   | 407/578 [01:20<00:24,  6.84it/s]
Extract:  71%|#######   | 408/578 [01:21<00:40,  4.16it/s]
Extract:  71%|#######   | 410/578 [01:21<00:31,  5.34it/s]
Extract:  71%|#######1  | 412/578 [01:21<00:24,  6.72it/s]
Extract:  71%|#######1  | 413/578 [01:22<00:28,  5.78it/s]
Extract:  72%|#######1  | 415/578 [01:22<00:22,  7.25it/s]
Extract:  72%|#######1  | 416/578 [01:22<00:25,  6.36it/s]
Extract:  72%|#######2  | 418/578 [01:22<00:22,  7.19it/s]
Extract:  72%|#######2  | 419/578 [01:23<00:29,  5.34it/s]
Extract:  73%|#######2  | 421/578 [01:23<00:29,  5.25it/s]
Extract:  73%|#######3  | 424/578 [01:23<00:20,  7.39it/s]
Extract:  74%|#######3  | 425/578 [01:23<00:25,  6.11it/s]
Extract:  74%|#######3  | 426/578 [01:24<00:23,  6.48it/s]
Extract:  74%|#######3  | 427/578 [01:24<00:30,  4.88it/s]
Extract:  74%|#######4  | 428/578 [01:24<00:38,  3.88it/s]
Extract:  74%|#######4  | 429/578 [01:25<00:42,  3.53it/s]
Extract:  75%|#######4  | 431/578 [01:25<00:28,  5.13it/s]
Extract:  75%|#######4  | 432/578 [01:25<00:27,  5.34it/s]
Extract:  75%|#######5  | 434/578 [01:25<00:27,  5.15it/s]
Extract:  75%|#######5  | 435/578 [01:26<00:26,  5.50it/s]
Extract:  76%|#######5  | 437/578 [01:26<00:20,  6.87it/s]
Extract:  76%|#######5  | 438/578 [01:26<00:19,  7.13it/s]
Extract:  76%|#######5  | 439/578 [01:26<00:30,  4.60it/s]
Extract:  76%|#######6  | 441/578 [01:27<00:27,  4.95it/s]
Extract:  77%|#######6  | 443/578 [01:27<00:21,  6.23it/s]
Extract:  77%|#######6  | 445/578 [01:27<00:23,  5.63it/s]
Extract:  77%|#######7  | 447/578 [01:27<00:18,  7.14it/s]
Extract:  78%|#######7  | 449/578 [01:28<00:15,  8.54it/s]
Extract:  78%|#######8  | 451/578 [01:28<00:28,  4.45it/s]
Extract:  78%|#######8  | 452/578 [01:29<00:25,  4.94it/s]
Extract:  79%|#######8  | 454/578 [01:29<00:19,  6.23it/s]
Extract:  79%|#######8  | 456/578 [01:29<00:16,  7.25it/s]
Extract:  79%|#######9  | 458/578 [01:29<00:16,  7.10it/s]
Extract:  80%|#######9  | 461/578 [01:29<00:13,  8.74it/s]
Extract:  80%|########  | 463/578 [01:30<00:14,  8.08it/s]
Extract:  80%|########  | 465/578 [01:30<00:11,  9.71it/s]
Extract:  81%|########  | 467/578 [01:30<00:16,  6.80it/s]
Extract:  81%|########  | 468/578 [01:31<00:28,  3.83it/s]
Extract:  81%|########1 | 470/578 [01:31<00:24,  4.45it/s]
Extract:  81%|########1 | 471/578 [01:32<00:24,  4.38it/s]
Extract:  82%|########1 | 472/578 [01:32<00:25,  4.21it/s]
Extract:  82%|########1 | 473/578 [01:32<00:22,  4.69it/s]
Extract:  82%|########2 | 474/578 [01:32<00:22,  4.57it/s]
Extract:  82%|########2 | 475/578 [01:32<00:20,  5.14it/s]
Extract:  82%|########2 | 476/578 [01:33<00:26,  3.92it/s]
Extract:  83%|########2 | 477/578 [01:33<00:21,  4.66it/s]
Extract:  83%|########2 | 479/578 [01:33<00:16,  5.85it/s]
Extract:  83%|########3 | 481/578 [01:33<00:14,  6.78it/s]
Extract:  84%|########3 | 483/578 [01:34<00:11,  8.24it/s]
Extract:  84%|########3 | 485/578 [01:34<00:10,  9.12it/s]
Extract:  84%|########4 | 487/578 [01:34<00:09,  9.26it/s]
Extract:  85%|########4 | 489/578 [01:34<00:13,  6.47it/s]
Extract:  85%|########4 | 490/578 [01:35<00:13,  6.63it/s]
Extract:  85%|########4 | 491/578 [01:35<00:14,  6.10it/s]
Extract:  85%|########5 | 492/578 [01:35<00:22,  3.86it/s]
Extract:  85%|########5 | 493/578 [01:36<00:22,  3.80it/s]
Extract:  85%|########5 | 494/578 [01:36<00:21,  3.98it/s]
Extract:  86%|########5 | 496/578 [01:36<00:14,  5.73it/s]
Extract:  86%|########6 | 498/578 [01:37<00:16,  4.81it/s]
Extract:  87%|########6 | 501/578 [01:37<00:10,  7.05it/s]
Extract:  87%|########7 | 504/578 [01:37<00:09,  7.92it/s]
Extract:  87%|########7 | 505/578 [01:37<00:12,  5.80it/s]
Extract:  88%|########7 | 507/578 [01:38<00:09,  7.40it/s]
Extract:  88%|########8 | 509/578 [01:38<00:08,  8.01it/s]
Extract:  88%|########8 | 511/578 [01:38<00:10,  6.10it/s]
Extract:  89%|########8 | 512/578 [01:38<00:10,  6.05it/s]
Extract:  89%|########9 | 515/578 [01:39<00:08,  7.40it/s]
Extract:  89%|########9 | 516/578 [01:39<00:10,  6.00it/s]
Extract:  89%|########9 | 517/578 [01:39<00:09,  6.13it/s]
Extract:  90%|########9 | 519/578 [01:40<00:10,  5.52it/s]
Extract:  90%|########9 | 520/578 [01:40<00:09,  6.03it/s]
Extract:  90%|######### | 522/578 [01:40<00:07,  7.95it/s]
Extract:  91%|######### | 524/578 [01:40<00:06,  8.14it/s]
Extract:  91%|#########1| 526/578 [01:41<00:08,  6.07it/s]
Extract:  91%|#########1| 528/578 [01:41<00:06,  7.47it/s]
Extract:  92%|#########1| 530/578 [01:41<00:06,  7.69it/s]
Extract:  92%|#########1| 531/578 [01:41<00:06,  7.82it/s]
Extract:  92%|#########2| 532/578 [01:41<00:05,  8.14it/s]
Extract:  92%|#########2| 534/578 [01:41<00:05,  7.87it/s]
Extract:  93%|#########2| 536/578 [01:42<00:04,  9.72it/s]
Extract:  93%|#########3| 538/578 [01:42<00:05,  7.18it/s]
Extract:  93%|#########3| 540/578 [01:42<00:06,  6.22it/s]
Extract:  94%|#########3| 541/578 [01:43<00:05,  6.38it/s]
Extract:  94%|#########3| 543/578 [01:43<00:04,  7.26it/s]
Extract:  94%|#########4| 546/578 [01:43<00:04,  6.82it/s]
Extract:  95%|#########4| 547/578 [01:44<00:05,  5.38it/s]
Extract:  95%|#########5| 550/578 [01:44<00:03,  8.01it/s]
Extract:  96%|#########5| 553/578 [01:44<00:04,  6.09it/s]
Extract:  96%|#########5| 554/578 [01:45<00:04,  5.15it/s]
Extract:  96%|#########6| 555/578 [01:45<00:05,  4.26it/s]
Extract:  96%|#########6| 556/578 [01:45<00:05,  4.37it/s]
Extract:  96%|#########6| 557/578 [01:46<00:04,  4.61it/s]
Extract:  97%|#########6| 560/578 [01:46<00:03,  5.25it/s]
Extract:  97%|#########7| 561/578 [01:46<00:03,  4.95it/s]
Extract:  98%|#########7| 564/578 [01:47<00:02,  5.20it/s]
Extract:  98%|#########7| 565/578 [01:47<00:02,  4.64it/s]
Extract:  98%|#########7| 566/578 [01:47<00:02,  4.97it/s]
Extract:  98%|#########8| 567/578 [01:48<00:02,  4.82it/s]
Extract:  98%|#########8| 568/578 [01:48<00:03,  3.18it/s]
Extract:  99%|#########8| 570/578 [01:48<00:01,  4.79it/s]
Extract:  99%|#########8| 572/578 [01:48<00:00,  6.33it/s]
Extract:  99%|#########9| 574/578 [01:49<00:00,  8.23it/s]
Extract: 100%|#########9| 576/578 [01:49<00:00,  5.75it/s]
Extract: 100%|##########| 578/578 [01:49<00:00,  5.27it/s]

Extract:   0%|          | 0/578 [00:00<?, ?it/s]
Extract:   0%|          | 2/578 [00:00<00:37, 15.39it/s]
Extract:   1%|          | 4/578 [00:00<01:13,  7.76it/s]
Extract:   1%|          | 5/578 [00:00<01:14,  7.69it/s]
Extract:   1%|1         | 6/578 [00:00<01:17,  7.35it/s]
Extract:   1%|1         | 7/578 [00:01<02:05,  4.56it/s]
Extract:   1%|1         | 8/578 [00:01<02:41,  3.54it/s]
Extract:   2%|1         | 9/578 [00:01<02:41,  3.53it/s]
Extract:   2%|1         | 10/578 [00:02<02:25,  3.91it/s]
Extract:   2%|1         | 11/578 [00:02<02:18,  4.09it/s]
Extract:   2%|2         | 12/578 [00:02<03:00,  3.14it/s]
Extract:   2%|2         | 13/578 [00:02<02:26,  3.85it/s]
Extract:   2%|2         | 14/578 [00:03<03:15,  2.88it/s]
Extract:   3%|2         | 15/578 [00:03<03:30,  2.68it/s]
Extract:   3%|2         | 16/578 [00:04<02:54,  3.22it/s]
Extract:   3%|3         | 19/578 [00:04<01:28,  6.30it/s]
Extract:   4%|3         | 21/578 [00:04<02:03,  4.53it/s]
Extract:   4%|3         | 22/578 [00:05<02:04,  4.47it/s]
Extract:   4%|3         | 23/578 [00:05<02:33,  3.62it/s]
Extract:   4%|4         | 24/578 [00:05<02:17,  4.02it/s]
Extract:   4%|4         | 26/578 [00:05<01:34,  5.82it/s]
Extract:   5%|4         | 27/578 [00:06<02:25,  3.80it/s]
Extract:   5%|4         | 28/578 [00:06<02:05,  4.40it/s]
Extract:   5%|5         | 29/578 [00:06<01:50,  4.95it/s]
Extract:   5%|5         | 30/578 [00:06<02:08,  4.27it/s]
Extract:   5%|5         | 31/578 [00:07<02:05,  4.36it/s]
Extract:   6%|5         | 33/578 [00:07<01:22,  6.63it/s]
Extract:   6%|6         | 35/578 [00:07<01:06,  8.18it/s]
Extract:   6%|6         | 37/578 [00:07<01:14,  7.31it/s]
Extract:   7%|6         | 38/578 [00:07<01:17,  7.00it/s]
Extract:   7%|6         | 40/578 [00:08<01:07,  7.94it/s]
Extract:   7%|7         | 41/578 [00:08<01:05,  8.22it/s]
Extract:   7%|7         | 42/578 [00:08<02:12,  4.06it/s]
Extract:   7%|7         | 43/578 [00:09<02:34,  3.46it/s]
Extract:   8%|7         | 44/578 [00:09<02:13,  4.00it/s]
Extract:   8%|7         | 45/578 [00:09<01:52,  4.75it/s]
Extract:   8%|7         | 46/578 [00:09<01:39,  5.34it/s]
Extract:   8%|8         | 47/578 [00:09<01:48,  4.87it/s]
Extract:   8%|8         | 49/578 [00:10<01:21,  6.51it/s]
Extract:   9%|8         | 50/578 [00:10<02:16,  3.88it/s]
Extract:   9%|8         | 51/578 [00:11<03:10,  2.77it/s]
Extract:   9%|8         | 52/578 [00:11<03:26,  2.55it/s]
Extract:   9%|9         | 54/578 [00:12<02:54,  3.00it/s]
Extract:  10%|9         | 55/578 [00:12<02:55,  2.98it/s]
Extract:  10%|9         | 56/578 [00:12<02:25,  3.58it/s]
Extract:  10%|#         | 58/578 [00:13<02:00,  4.33it/s]
Extract:  10%|#         | 59/578 [00:13<01:58,  4.37it/s]
Extract:  10%|#         | 60/578 [00:14<02:49,  3.05it/s]
Extract:  11%|#         | 61/578 [00:14<03:19,  2.59it/s]
Extract:  11%|#         | 62/578 [00:14<02:39,  3.24it/s]
Extract:  11%|#1        | 64/578 [00:15<02:14,  3.82it/s]
Extract:  11%|#1        | 65/578 [00:15<02:30,  3.42it/s]
Extract:  11%|#1        | 66/578 [00:15<02:05,  4.09it/s]
Extract:  12%|#1        | 67/578 [00:16<03:17,  2.58it/s]
Extract:  12%|#1        | 69/578 [00:16<02:20,  3.64it/s]
Extract:  12%|#2        | 71/578 [00:16<01:44,  4.87it/s]
Extract:  12%|#2        | 72/578 [00:16<01:34,  5.34it/s]
Extract:  13%|#2        | 73/578 [00:17<02:16,  3.69it/s]
Extract:  13%|#2        | 75/578 [00:17<01:36,  5.21it/s]
Extract:  13%|#3        | 76/578 [00:17<01:38,  5.09it/s]
Extract:  13%|#3        | 77/578 [00:18<02:13,  3.76it/s]
Extract:  14%|#3        | 79/578 [00:18<01:37,  5.12it/s]
Extract:  14%|#3        | 80/578 [00:18<01:33,  5.31it/s]
Extract:  14%|#4        | 81/578 [00:18<01:53,  4.40it/s]
Extract:  14%|#4        | 82/578 [00:19<01:39,  4.99it/s]
Extract:  14%|#4        | 83/578 [00:19<01:43,  4.77it/s]
Extract:  15%|#4        | 84/578 [00:19<02:37,  3.14it/s]
Extract:  15%|#4        | 86/578 [00:20<01:50,  4.45it/s]
Extract:  15%|#5        | 88/578 [00:20<01:18,  6.26it/s]
Extract:  15%|#5        | 89/578 [00:21<02:19,  3.49it/s]
Extract:  16%|#5        | 90/578 [00:21<02:17,  3.56it/s]
Extract:  16%|#5        | 91/578 [00:22<03:11,  2.54it/s]
Extract:  16%|#5        | 92/578 [00:23<04:49,  1.68it/s]
Extract:  16%|#6        | 94/578 [00:23<03:26,  2.35it/s]
Extract:  17%|#6        | 96/578 [00:24<03:02,  2.64it/s]
Extract:  17%|#6        | 97/578 [00:24<02:34,  3.12it/s]
Extract:  17%|#6        | 98/578 [00:24<02:22,  3.36it/s]
Extract:  17%|#7        | 100/578 [00:24<01:54,  4.17it/s]
Extract:  17%|#7        | 101/578 [00:24<01:40,  4.76it/s]
Extract:  18%|#7        | 104/578 [00:25<01:00,  7.85it/s]
Extract:  18%|#8        | 106/578 [00:25<01:07,  7.02it/s]
Extract:  19%|#8        | 108/578 [00:26<02:12,  3.54it/s]
Extract:  19%|#9        | 110/578 [00:26<01:48,  4.31it/s]
Extract:  19%|#9        | 111/578 [00:26<01:42,  4.56it/s]
Extract:  20%|#9        | 113/578 [00:27<01:18,  5.90it/s]
Extract:  20%|#9        | 114/578 [00:27<01:12,  6.39it/s]
Extract:  20%|#9        | 115/578 [00:27<01:10,  6.59it/s]
Extract:  20%|##        | 116/578 [00:27<01:27,  5.31it/s]
Extract:  20%|##        | 117/578 [00:28<01:46,  4.34it/s]
Extract:  21%|##        | 120/578 [00:28<01:40,  4.57it/s]
Extract:  21%|##        | 121/578 [00:29<02:51,  2.67it/s]
Extract:  21%|##1       | 123/578 [00:29<01:59,  3.82it/s]
Extract:  22%|##1       | 125/578 [00:30<01:56,  3.90it/s]
Extract:  22%|##1       | 126/578 [00:30<01:55,  3.91it/s]
Extract:  22%|##2       | 128/578 [00:30<01:33,  4.82it/s]
Extract:  22%|##2       | 130/578 [00:31<01:43,  4.33it/s]
Extract:  23%|##2       | 131/578 [00:31<02:13,  3.34it/s]
Extract:  23%|##2       | 132/578 [00:32<01:57,  3.80it/s]
Extract:  23%|##3       | 133/578 [00:32<01:59,  3.73it/s]
Extract:  23%|##3       | 134/578 [00:32<01:43,  4.30it/s]
Extract:  23%|##3       | 135/578 [00:32<01:32,  4.80it/s]
Extract:  24%|##3       | 136/578 [00:32<01:20,  5.47it/s]
Extract:  24%|##3       | 137/578 [00:33<01:49,  4.03it/s]
Extract:  24%|##3       | 138/578 [00:33<02:23,  3.07it/s]
Extract:  24%|##4       | 139/578 [00:34<03:02,  2.41it/s]
Extract:  25%|##4       | 142/578 [00:34<01:31,  4.74it/s]
Extract:  25%|##5       | 146/578 [00:35<01:18,  5.49it/s]
Extract:  25%|##5       | 147/578 [00:35<01:16,  5.67it/s]
Extract:  26%|##5       | 148/578 [00:35<01:17,  5.58it/s]
Extract:  26%|##5       | 149/578 [00:35<01:55,  3.72it/s]
Extract:  26%|##5       | 150/578 [00:36<01:45,  4.07it/s]
Extract:  26%|##6       | 153/578 [00:36<01:43,  4.10it/s]
Extract:  27%|##6       | 154/578 [00:37<01:36,  4.40it/s]
Extract:  27%|##6       | 155/578 [00:37<02:03,  3.42it/s]
Extract:  27%|##7       | 157/578 [00:37<01:27,  4.79it/s]
Extract:  28%|##7       | 159/578 [00:37<01:10,  5.93it/s]
Extract:  28%|##7       | 160/578 [00:38<01:19,  5.27it/s]
Extract:  28%|##8       | 163/578 [00:38<01:22,  5.06it/s]
Extract:  28%|##8       | 164/578 [00:38<01:16,  5.42it/s]
Extract:  29%|##8       | 165/578 [00:39<01:14,  5.52it/s]
Extract:  29%|##8       | 166/578 [00:39<01:58,  3.49it/s]
Extract:  29%|##8       | 167/578 [00:40<02:23,  2.87it/s]
Extract:  29%|##9       | 168/578 [00:40<02:09,  3.15it/s]
Extract:  29%|##9       | 169/578 [00:40<01:53,  3.60it/s]
Extract:  29%|##9       | 170/578 [00:40<01:42,  3.97it/s]
Extract:  30%|##9       | 172/578 [00:41<01:31,  4.46it/s]
Extract:  30%|##9       | 173/578 [00:41<02:06,  3.20it/s]
Extract:  30%|###       | 174/578 [00:41<01:52,  3.60it/s]
Extract:  30%|###       | 175/578 [00:42<01:33,  4.30it/s]
Extract:  30%|###       | 176/578 [00:42<01:20,  5.00it/s]
Extract:  31%|###       | 177/578 [00:42<02:12,  3.03it/s]
Extract:  31%|###       | 178/578 [00:43<01:53,  3.53it/s]
Extract:  31%|###       | 179/578 [00:43<01:33,  4.26it/s]
Extract:  31%|###1      | 180/578 [00:43<01:55,  3.44it/s]
Extract:  31%|###1      | 181/578 [00:44<02:21,  2.81it/s]
Extract:  31%|###1      | 182/578 [00:44<02:05,  3.15it/s]
Extract:  32%|###1      | 184/578 [00:44<01:38,  4.01it/s]
Extract:  32%|###2      | 185/578 [00:45<02:49,  2.32it/s]
Extract:  32%|###2      | 186/578 [00:45<02:19,  2.81it/s]
Extract:  33%|###2      | 188/578 [00:45<01:37,  4.00it/s]
Extract:  33%|###2      | 189/578 [00:46<02:17,  2.83it/s]
Extract:  33%|###3      | 191/578 [00:47<02:01,  3.17it/s]
Extract:  33%|###3      | 192/578 [00:47<01:45,  3.68it/s]
Extract:  34%|###3      | 194/578 [00:47<01:17,  4.94it/s]
Extract:  34%|###3      | 196/578 [00:47<00:56,  6.73it/s]
Extract:  34%|###4      | 198/578 [00:48<01:37,  3.92it/s]
Extract:  35%|###4      | 201/578 [00:49<01:39,  3.80it/s]
Extract:  35%|###4      | 202/578 [00:49<01:41,  3.69it/s]
Extract:  35%|###5      | 203/578 [00:50<02:29,  2.51it/s]
Extract:  35%|###5      | 205/578 [00:50<01:48,  3.43it/s]
Extract:  36%|###5      | 206/578 [00:51<01:49,  3.39it/s]
Extract:  36%|###5      | 207/578 [00:52<02:58,  2.07it/s]
Extract:  36%|###6      | 209/578 [00:52<02:05,  2.94it/s]
Extract:  36%|###6      | 210/578 [00:52<01:56,  3.17it/s]
Extract:  37%|###6      | 212/578 [00:53<02:00,  3.05it/s]
Extract:  37%|###6      | 213/578 [00:53<01:50,  3.30it/s]
Extract:  37%|###7      | 215/578 [00:54<01:47,  3.39it/s]
Extract:  38%|###7      | 217/578 [00:54<01:27,  4.11it/s]
Extract:  38%|###8      | 220/578 [00:54<01:02,  5.75it/s]
Extract:  38%|###8      | 221/578 [00:54<01:00,  5.94it/s]
Extract:  39%|###8      | 223/578 [00:55<00:49,  7.24it/s]
Extract:  39%|###8      | 225/578 [00:55<01:15,  4.67it/s]
Extract:  39%|###9      | 226/578 [00:56<01:19,  4.42it/s]
Extract:  39%|###9      | 227/578 [00:56<01:22,  4.25it/s]
Extract:  40%|###9      | 229/578 [00:56<01:18,  4.47it/s]
Extract:  40%|###9      | 230/578 [00:57<01:42,  3.39it/s]
Extract:  40%|###9      | 231/578 [00:57<01:48,  3.19it/s]
Extract:  40%|####      | 232/578 [00:57<01:37,  3.54it/s]
Extract:  40%|####      | 233/578 [00:58<01:27,  3.95it/s]
Extract:  40%|####      | 234/578 [00:58<01:30,  3.79it/s]
Extract:  41%|####      | 235/578 [00:58<01:22,  4.14it/s]
Extract:  41%|####      | 236/578 [00:59<02:05,  2.73it/s]
Extract:  41%|####1     | 237/578 [00:59<02:26,  2.33it/s]
Extract:  41%|####1     | 239/578 [00:59<01:32,  3.65it/s]
Extract:  42%|####1     | 240/578 [01:00<01:27,  3.88it/s]
Extract:  42%|####1     | 242/578 [01:01<01:58,  2.84it/s]
Extract:  42%|####2     | 243/578 [01:01<01:39,  3.36it/s]
Extract:  42%|####2     | 244/578 [01:01<02:11,  2.54it/s]
Extract:  42%|####2     | 245/578 [01:02<01:50,  3.01it/s]
Extract:  43%|####2     | 247/578 [01:02<01:36,  3.44it/s]
Extract:  43%|####2     | 248/578 [01:02<01:42,  3.23it/s]
Extract:  43%|####3     | 249/578 [01:03<01:30,  3.62it/s]
Extract:  43%|####3     | 250/578 [01:03<01:20,  4.09it/s]
Extract:  43%|####3     | 251/578 [01:03<01:14,  4.37it/s]
Extract:  44%|####3     | 253/578 [01:03<00:53,  6.05it/s]
Extract:  44%|####4     | 255/578 [01:03<00:56,  5.71it/s]
Extract:  44%|####4     | 256/578 [01:04<01:32,  3.48it/s]
Extract:  44%|####4     | 257/578 [01:04<01:18,  4.09it/s]
Extract:  45%|####4     | 258/578 [01:04<01:07,  4.77it/s]
Extract:  45%|####4     | 259/578 [01:05<01:07,  4.75it/s]
Extract:  45%|####4     | 260/578 [01:05<01:05,  4.87it/s]
Extract:  45%|####5     | 261/578 [01:05<00:57,  5.55it/s]
Extract:  45%|####5     | 262/578 [01:05<01:15,  4.17it/s]
Extract:  46%|####5     | 263/578 [01:06<02:05,  2.51it/s]
Extract:  46%|####5     | 265/578 [01:07<01:39,  3.13it/s]
Extract:  46%|####6     | 266/578 [01:07<01:40,  3.12it/s]
Extract:  46%|####6     | 267/578 [01:07<01:50,  2.81it/s]
Extract:  46%|####6     | 268/578 [01:07<01:29,  3.48it/s]
Extract:  47%|####6     | 269/578 [01:08<01:49,  2.83it/s]
Extract:  47%|####6     | 271/578 [01:08<01:08,  4.48it/s]
Extract:  47%|####7     | 273/578 [01:09<01:27,  3.49it/s]
Extract:  47%|####7     | 274/578 [01:10<02:50,  1.78it/s]
Extract:  48%|####7     | 275/578 [01:11<02:59,  1.69it/s]
Extract:  48%|####7     | 276/578 [01:11<02:31,  1.99it/s]
Extract:  48%|####7     | 277/578 [01:11<02:03,  2.43it/s]
Extract:  48%|####8     | 280/578 [01:12<01:26,  3.45it/s]
Extract:  49%|####8     | 282/578 [01:12<01:08,  4.32it/s]
Extract:  49%|####8     | 283/578 [01:13<01:17,  3.83it/s]
Extract:  49%|####9     | 284/578 [01:13<01:07,  4.38it/s]
Extract:  49%|####9     | 285/578 [01:13<01:08,  4.25it/s]
Extract:  49%|####9     | 286/578 [01:13<01:12,  4.04it/s]
Extract:  50%|####9     | 287/578 [01:13<01:06,  4.39it/s]
Extract:  50%|####9     | 288/578 [01:14<00:58,  4.97it/s]
Extract:  50%|#####     | 289/578 [01:14<01:07,  4.30it/s]
Extract:  50%|#####     | 290/578 [01:15<01:47,  2.69it/s]
Extract:  50%|#####     | 291/578 [01:15<01:28,  3.26it/s]
Extract:  51%|#####     | 293/578 [01:15<00:55,  5.17it/s]
Extract:  51%|#####     | 294/578 [01:15<00:53,  5.26it/s]
Extract:  51%|#####1    | 295/578 [01:16<01:32,  3.07it/s]
Extract:  51%|#####1    | 296/578 [01:16<01:27,  3.22it/s]
Extract:  51%|#####1    | 297/578 [01:17<01:50,  2.53it/s]
Extract:  52%|#####1    | 299/578 [01:17<01:12,  3.84it/s]
Extract:  52%|#####1    | 300/578 [01:17<01:03,  4.35it/s]
Extract:  52%|#####2    | 301/578 [01:17<01:14,  3.73it/s]
Extract:  52%|#####2    | 303/578 [01:17<00:50,  5.47it/s]
Extract:  53%|#####2    | 304/578 [01:18<01:22,  3.32it/s]
Extract:  53%|#####2    | 305/578 [01:18<01:16,  3.55it/s]
Extract:  53%|#####3    | 307/578 [01:20<02:03,  2.19it/s]
Extract:  53%|#####3    | 308/578 [01:20<02:00,  2.24it/s]
Extract:  53%|#####3    | 309/578 [01:21<02:21,  1.90it/s]
Extract:  54%|#####3    | 310/578 [01:21<02:04,  2.15it/s]
Extract:  54%|#####3    | 311/578 [01:22<02:30,  1.78it/s]
Extract:  54%|#####3    | 312/578 [01:23<02:51,  1.55it/s]
Extract:  54%|#####4    | 313/578 [01:23<02:14,  1.97it/s]
Extract:  54%|#####4    | 314/578 [01:24<02:19,  1.90it/s]
Extract:  55%|#####4    | 316/578 [01:24<01:37,  2.70it/s]
Extract:  55%|#####5    | 318/578 [01:25<01:29,  2.91it/s]
Extract:  55%|#####5    | 319/578 [01:25<01:23,  3.10it/s]
Extract:  55%|#####5    | 320/578 [01:25<01:33,  2.77it/s]
Extract:  56%|#####5    | 321/578 [01:26<01:16,  3.37it/s]
Extract:  56%|#####5    | 322/578 [01:26<01:15,  3.39it/s]
Extract:  56%|#####5    | 323/578 [01:26<01:06,  3.82it/s]
Extract:  56%|#####6    | 325/578 [01:26<00:47,  5.37it/s]
Extract:  56%|#####6    | 326/578 [01:26<00:51,  4.85it/s]
Extract:  57%|#####6    | 327/578 [01:27<00:45,  5.47it/s]
Extract:  57%|#####6    | 328/578 [01:27<00:51,  4.86it/s]
Extract:  57%|#####7    | 330/578 [01:27<00:44,  5.56it/s]
Extract:  57%|#####7    | 331/578 [01:27<00:50,  4.92it/s]
Extract:  57%|#####7    | 332/578 [01:28<01:02,  3.93it/s]
Extract:  58%|#####7    | 334/578 [01:28<00:42,  5.69it/s]
Extract:  58%|#####7    | 335/578 [01:28<00:39,  6.09it/s]
Extract:  58%|#####8    | 337/578 [01:28<00:32,  7.49it/s]
Extract:  59%|#####8    | 339/578 [01:29<01:03,  3.76it/s]
Extract:  59%|#####8    | 340/578 [01:29<00:58,  4.05it/s]
Extract:  59%|#####8    | 341/578 [01:30<00:55,  4.28it/s]
Extract:  59%|#####9    | 342/578 [01:30<00:54,  4.30it/s]
Extract:  60%|#####9    | 344/578 [01:31<01:07,  3.47it/s]
Extract:  60%|#####9    | 345/578 [01:31<01:03,  3.67it/s]
Extract:  60%|#####9    | 346/578 [01:31<00:57,  4.04it/s]
Extract:  60%|######    | 347/578 [01:31<00:50,  4.53it/s]
Extract:  60%|######    | 348/578 [01:31<00:44,  5.20it/s]
Extract:  60%|######    | 349/578 [01:32<01:26,  2.65it/s]
Extract:  61%|######    | 350/578 [01:32<01:16,  2.99it/s]
Extract:  61%|######    | 351/578 [01:33<02:02,  1.85it/s]
Extract:  61%|######    | 352/578 [01:33<01:36,  2.34it/s]
Extract:  61%|######1   | 353/578 [01:34<01:36,  2.34it/s]
Extract:  61%|######1   | 355/578 [01:34<01:05,  3.42it/s]
Extract:  62%|######1   | 356/578 [01:35<01:29,  2.49it/s]
Extract:  62%|######1   | 357/578 [01:35<01:28,  2.49it/s]
Extract:  62%|######2   | 359/578 [01:36<01:08,  3.22it/s]
Extract:  62%|######2   | 360/578 [01:36<01:09,  3.13it/s]
Extract:  62%|######2   | 361/578 [01:36<00:59,  3.64it/s]
Extract:  63%|######2   | 362/578 [01:37<01:30,  2.39it/s]
Extract:  63%|######2   | 363/578 [01:37<01:15,  2.83it/s]
Extract:  63%|######2   | 364/578 [01:37<01:03,  3.37it/s]
Extract:  63%|######3   | 365/578 [01:38<01:06,  3.21it/s]
Extract:  63%|######3   | 366/578 [01:38<01:08,  3.12it/s]
Extract:  63%|######3   | 367/578 [01:39<01:51,  1.89it/s]
Extract:  64%|######3   | 368/578 [01:39<01:41,  2.07it/s]
Extract:  64%|######3   | 369/578 [01:40<02:03,  1.70it/s]
Extract:  64%|######4   | 371/578 [01:40<01:12,  2.85it/s]
Extract:  65%|######4   | 373/578 [01:41<01:06,  3.10it/s]
Extract:  65%|######4   | 374/578 [01:41<00:59,  3.43it/s]
Extract:  65%|######5   | 376/578 [01:42<00:55,  3.65it/s]
Extract:  65%|######5   | 377/578 [01:42<00:59,  3.39it/s]
Extract:  65%|######5   | 378/578 [01:42<00:52,  3.78it/s]
Extract:  66%|######5   | 379/578 [01:42<00:48,  4.12it/s]
Extract:  66%|######5   | 380/578 [01:43<00:59,  3.33it/s]
Extract:  66%|######5   | 381/578 [01:44<02:07,  1.55it/s]
Extract:  66%|######6   | 382/578 [01:45<02:01,  1.62it/s]
Extract:  66%|######6   | 383/578 [01:45<01:36,  2.03it/s]
Extract:  66%|######6   | 384/578 [01:45<01:29,  2.17it/s]
Extract:  67%|######6   | 386/578 [01:46<00:58,  3.26it/s]
Extract:  67%|######6   | 387/578 [01:46<00:57,  3.34it/s]
Extract:  67%|######7   | 389/578 [01:46<00:37,  5.06it/s]
Extract:  67%|######7   | 390/578 [01:46<00:34,  5.52it/s]
Extract:  68%|######7   | 391/578 [01:46<00:35,  5.30it/s]
Extract:  68%|######7   | 392/578 [01:47<00:37,  4.94it/s]
Extract:  68%|######7   | 393/578 [01:47<00:45,  4.11it/s]
Extract:  68%|######8   | 394/578 [01:47<00:45,  4.07it/s]
Extract:  68%|######8   | 395/578 [01:48<00:49,  3.72it/s]
Extract:  69%|######8   | 397/578 [01:48<00:43,  4.15it/s]
Extract:  69%|######8   | 398/578 [01:48<00:38,  4.71it/s]
Extract:  69%|######9   | 399/578 [01:48<00:35,  4.99it/s]
Extract:  69%|######9   | 401/578 [01:48<00:27,  6.55it/s]
Extract:  70%|######9   | 402/578 [01:49<00:26,  6.56it/s]
Extract:  70%|######9   | 403/578 [01:49<00:25,  6.98it/s]
Extract:  70%|######9   | 404/578 [01:49<00:25,  6.94it/s]
Extract:  70%|#######   | 405/578 [01:49<00:25,  6.67it/s]
Extract:  70%|#######   | 406/578 [01:49<00:37,  4.53it/s]
Extract:  70%|#######   | 407/578 [01:50<00:56,  3.01it/s]
Extract:  71%|#######   | 408/578 [01:51<01:21,  2.09it/s]
Extract:  71%|#######   | 410/578 [01:51<00:55,  3.05it/s]
Extract:  71%|#######1  | 412/578 [01:51<00:40,  4.13it/s]
Extract:  71%|#######1  | 413/578 [01:52<00:44,  3.72it/s]
Extract:  72%|#######1  | 415/578 [01:52<00:34,  4.72it/s]
Extract:  72%|#######1  | 416/578 [01:52<00:35,  4.51it/s]
Extract:  72%|#######2  | 417/578 [01:52<00:33,  4.86it/s]
Extract:  72%|#######2  | 418/578 [01:53<00:37,  4.32it/s]
Extract:  72%|#######2  | 419/578 [01:53<00:45,  3.51it/s]
Extract:  73%|#######2  | 421/578 [01:54<00:51,  3.03it/s]
Extract:  73%|#######3  | 424/578 [01:54<00:34,  4.40it/s]
Extract:  74%|#######3  | 425/578 [01:55<00:46,  3.31it/s]
Extract:  74%|#######3  | 426/578 [01:55<00:46,  3.29it/s]
Extract:  74%|#######3  | 427/578 [01:56<00:59,  2.53it/s]
Extract:  74%|#######4  | 428/578 [01:57<01:07,  2.24it/s]
Extract:  74%|#######4  | 429/578 [01:57<01:13,  2.02it/s]
Extract:  75%|#######4  | 431/578 [01:57<00:48,  3.04it/s]
Extract:  75%|#######4  | 432/578 [01:58<00:45,  3.21it/s]
Extract:  75%|#######4  | 433/578 [01:58<00:38,  3.79it/s]
Extract:  75%|#######5  | 434/578 [02:00<01:43,  1.39it/s]
Extract:  75%|#######5  | 435/578 [02:00<01:23,  1.71it/s]
Extract:  75%|#######5  | 436/578 [02:00<01:04,  2.19it/s]
Extract:  76%|#######5  | 437/578 [02:00<00:59,  2.39it/s]
Extract:  76%|#######5  | 438/578 [02:01<00:48,  2.88it/s]
Extract:  76%|#######5  | 439/578 [02:01<00:46,  3.02it/s]
Extract:  76%|#######6  | 441/578 [02:02<00:43,  3.16it/s]
Extract:  76%|#######6  | 442/578 [02:02<00:37,  3.59it/s]
Extract:  77%|#######6  | 443/578 [02:02<00:32,  4.16it/s]
Extract:  77%|#######6  | 444/578 [02:02<00:29,  4.58it/s]
Extract:  77%|#######6  | 445/578 [02:03<00:41,  3.17it/s]
Extract:  77%|#######7  | 447/578 [02:03<00:26,  4.94it/s]
Extract:  78%|#######7  | 449/578 [02:03<00:18,  6.93it/s]
Extract:  78%|#######8  | 451/578 [02:04<00:35,  3.60it/s]
Extract:  78%|#######8  | 452/578 [02:04<00:30,  4.07it/s]
Extract:  79%|#######8  | 454/578 [02:04<00:24,  5.09it/s]
Extract:  79%|#######8  | 456/578 [02:04<00:19,  6.24it/s]
Extract:  79%|#######9  | 458/578 [02:05<00:19,  6.17it/s]
Extract:  79%|#######9  | 459/578 [02:05<00:18,  6.59it/s]
Extract:  80%|#######9  | 461/578 [02:05<00:15,  7.44it/s]
Extract:  80%|########  | 463/578 [02:05<00:19,  6.01it/s]
Extract:  80%|########  | 465/578 [02:06<00:15,  7.48it/s]
Extract:  81%|########  | 466/578 [02:06<00:20,  5.54it/s]
Extract:  81%|########  | 467/578 [02:06<00:24,  4.59it/s]
Extract:  81%|########  | 468/578 [02:07<00:30,  3.60it/s]
Extract:  81%|########1 | 469/578 [02:07<00:25,  4.28it/s]
Extract:  81%|########1 | 470/578 [02:07<00:25,  4.21it/s]
Extract:  81%|########1 | 471/578 [02:07<00:27,  3.89it/s]
Extract:  82%|########1 | 472/578 [02:08<00:27,  3.79it/s]
Extract:  82%|########1 | 473/578 [02:08<00:23,  4.39it/s]
Extract:  82%|########2 | 474/578 [02:08<00:24,  4.27it/s]
Extract:  82%|########2 | 475/578 [02:08<00:21,  4.88it/s]
Extract:  82%|########2 | 476/578 [02:09<00:33,  3.02it/s]
Extract:  83%|########2 | 477/578 [02:09<00:27,  3.69it/s]
Extract:  83%|########2 | 478/578 [02:09<00:22,  4.46it/s]
Extract:  83%|########2 | 479/578 [02:09<00:21,  4.56it/s]
Extract:  83%|########3 | 480/578 [02:09<00:18,  5.29it/s]
Extract:  83%|########3 | 481/578 [02:10<00:17,  5.55it/s]
Extract:  84%|########3 | 483/578 [02:10<00:15,  6.22it/s]
Extract:  84%|########3 | 485/578 [02:10<00:12,  7.36it/s]
Extract:  84%|########4 | 486/578 [02:10<00:12,  7.49it/s]
Extract:  84%|########4 | 487/578 [02:10<00:15,  5.96it/s]
Extract:  84%|########4 | 488/578 [02:11<00:13,  6.60it/s]
Extract:  85%|########4 | 489/578 [02:11<00:31,  2.79it/s]
Extract:  85%|########4 | 490/578 [02:12<00:28,  3.09it/s]
Extract:  85%|########4 | 491/578 [02:12<00:29,  2.94it/s]
Extract:  85%|########5 | 492/578 [02:14<01:04,  1.33it/s]
Extract:  85%|########5 | 493/578 [02:14<00:53,  1.60it/s]
Extract:  85%|########5 | 494/578 [02:15<00:46,  1.82it/s]
Extract:  86%|########5 | 495/578 [02:15<00:34,  2.39it/s]
Extract:  86%|########5 | 496/578 [02:15<00:26,  3.04it/s]
Extract:  86%|########5 | 497/578 [02:15<00:21,  3.82it/s]
Extract:  86%|########6 | 498/578 [02:16<00:40,  1.96it/s]
Extract:  86%|########6 | 499/578 [02:16<00:30,  2.55it/s]
Extract:  87%|########6 | 501/578 [02:16<00:20,  3.76it/s]
Extract:  87%|########7 | 503/578 [02:17<00:14,  5.18it/s]
Extract:  87%|########7 | 504/578 [02:17<00:19,  3.73it/s]
Extract:  87%|########7 | 505/578 [02:18<00:32,  2.26it/s]
Extract:  88%|########7 | 507/578 [02:18<00:21,  3.26it/s]
Extract:  88%|########7 | 508/578 [02:19<00:21,  3.31it/s]
Extract:  88%|########8 | 510/578 [02:19<00:18,  3.73it/s]
Extract:  88%|########8 | 511/578 [02:19<00:16,  4.06it/s]
Extract:  89%|########8 | 512/578 [02:19<00:17,  3.72it/s]
Extract:  89%|########8 | 514/578 [02:20<00:11,  5.35it/s]
Extract:  89%|########9 | 515/578 [02:20<00:13,  4.63it/s]
Extract:  89%|########9 | 516/578 [02:21<00:22,  2.74it/s]
Extract:  89%|########9 | 517/578 [02:21<00:21,  2.88it/s]
Extract:  90%|########9 | 519/578 [02:21<00:16,  3.59it/s]
Extract:  90%|########9 | 520/578 [02:22<00:14,  3.93it/s]
Extract:  90%|######### | 522/578 [02:22<00:11,  4.81it/s]
Extract:  90%|######### | 523/578 [02:22<00:12,  4.37it/s]
Extract:  91%|######### | 524/578 [02:22<00:11,  4.52it/s]
Extract:  91%|######### | 525/578 [02:23<00:10,  4.97it/s]
Extract:  91%|#########1| 526/578 [02:23<00:18,  2.78it/s]
Extract:  91%|#########1| 528/578 [02:23<00:12,  4.09it/s]
Extract:  92%|#########1| 529/578 [02:24<00:10,  4.65it/s]
Extract:  92%|#########1| 530/578 [02:24<00:09,  5.23it/s]
Extract:  92%|#########1| 531/578 [02:24<00:08,  5.66it/s]
Extract:  92%|#########2| 532/578 [02:24<00:07,  5.89it/s]
Extract:  92%|#########2| 533/578 [02:24<00:07,  6.01it/s]
Extract:  92%|#########2| 534/578 [02:24<00:08,  5.11it/s]
Extract:  93%|#########2| 536/578 [02:25<00:05,  7.37it/s]
Extract:  93%|#########2| 537/578 [02:25<00:06,  6.46it/s]
Extract:  93%|#########3| 538/578 [02:25<00:07,  5.47it/s]
Extract:  93%|#########3| 540/578 [02:25<00:07,  5.33it/s]
Extract:  94%|#########3| 541/578 [02:26<00:07,  5.19it/s]
Extract:  94%|#########3| 543/578 [02:26<00:05,  6.03it/s]
Extract:  94%|#########4| 546/578 [02:27<00:05,  5.41it/s]
Extract:  95%|#########4| 547/578 [02:27<00:07,  4.04it/s]
Extract:  95%|#########4| 549/578 [02:27<00:05,  5.45it/s]
Extract:  95%|#########5| 551/578 [02:27<00:04,  6.72it/s]
Extract:  96%|#########5| 553/578 [02:28<00:05,  4.82it/s]
Extract:  96%|#########5| 554/578 [02:29<00:06,  3.57it/s]
Extract:  96%|#########6| 555/578 [02:30<00:12,  1.78it/s]
Extract:  96%|#########6| 556/578 [02:30<00:10,  2.04it/s]
Extract:  96%|#########6| 557/578 [02:31<00:08,  2.37it/s]
Extract:  97%|#########6| 559/578 [02:31<00:05,  3.72it/s]
Extract:  97%|#########6| 560/578 [02:31<00:05,  3.24it/s]
Extract:  97%|#########7| 561/578 [02:31<00:04,  3.49it/s]
Extract:  98%|#########7| 564/578 [02:32<00:03,  4.43it/s]
Extract:  98%|#########7| 565/578 [02:32<00:03,  3.58it/s]
Extract:  98%|#########7| 566/578 [02:33<00:02,  4.04it/s]
Extract:  98%|#########8| 567/578 [02:33<00:02,  4.26it/s]
Extract:  98%|#########8| 568/578 [02:33<00:03,  3.17it/s]
Extract:  99%|#########8| 570/578 [02:33<00:01,  4.76it/s]
Extract:  99%|#########8| 572/578 [02:34<00:00,  6.10it/s]
Extract:  99%|#########9| 574/578 [02:34<00:00,  7.60it/s]
Extract: 100%|#########9| 576/578 [02:34<00:00,  5.44it/s]
Extract: 100%|##########| 578/578 [02:34<00:00,  3.73it/s]

Extract:   0%|          | 0/578 [00:00<?, ?it/s]
Extract:   0%|          | 2/578 [00:00<00:37, 15.18it/s]
Extract:   1%|          | 4/578 [00:00<01:01,  9.31it/s]
Extract:   1%|1         | 6/578 [00:00<01:02,  9.16it/s]
Extract:   1%|1         | 7/578 [00:00<01:33,  6.13it/s]
Extract:   1%|1         | 8/578 [00:01<01:41,  5.62it/s]
Extract:   2%|1         | 9/578 [00:01<01:50,  5.13it/s]
Extract:   2%|1         | 10/578 [00:01<01:43,  5.48it/s]
Extract:   2%|1         | 11/578 [00:01<01:37,  5.81it/s]
Extract:   2%|2         | 12/578 [00:01<01:54,  4.93it/s]
Extract:   2%|2         | 14/578 [00:02<01:48,  5.19it/s]
Extract:   3%|2         | 15/578 [00:02<02:08,  4.37it/s]
Extract:   3%|2         | 17/578 [00:02<01:30,  6.21it/s]
Extract:   3%|3         | 20/578 [00:02<00:59,  9.32it/s]
Extract:   4%|3         | 22/578 [00:03<01:22,  6.75it/s]
Extract:   4%|3         | 23/578 [00:03<01:25,  6.46it/s]
Extract:   4%|4         | 24/578 [00:03<01:19,  6.94it/s]
Extract:   4%|4         | 26/578 [00:03<01:01,  8.95it/s]
Extract:   5%|4         | 28/578 [00:04<01:32,  5.94it/s]
Extract:   5%|5         | 30/578 [00:04<01:23,  6.54it/s]
Extract:   5%|5         | 31/578 [00:04<01:20,  6.76it/s]
Extract:   6%|5         | 34/578 [00:04<00:53, 10.21it/s]
Extract:   6%|6         | 37/578 [00:05<00:47, 11.39it/s]
Extract:   7%|6         | 39/578 [00:05<00:43, 12.52it/s]
Extract:   7%|7         | 41/578 [00:05<00:42, 12.53it/s]
Extract:   7%|7         | 43/578 [00:05<01:14,  7.21it/s]
Extract:   8%|7         | 46/578 [00:06<00:53,  9.96it/s]
Extract:   8%|8         | 48/578 [00:06<00:50, 10.49it/s]
Extract:   9%|8         | 50/578 [00:06<00:59,  8.85it/s]
Extract:   9%|8         | 52/578 [00:06<01:16,  6.87it/s]
Extract:   9%|9         | 54/578 [00:07<01:11,  7.30it/s]
Extract:  10%|9         | 55/578 [00:07<01:18,  6.65it/s]
Extract:  10%|9         | 57/578 [00:07<01:02,  8.38it/s]
Extract:  10%|#         | 59/578 [00:07<01:04,  8.07it/s]
Extract:  10%|#         | 60/578 [00:08<01:11,  7.21it/s]
Extract:  11%|#         | 61/578 [00:08<01:23,  6.18it/s]
Extract:  11%|#1        | 64/578 [00:08<01:02,  8.22it/s]
Extract:  11%|#1        | 65/578 [00:08<01:31,  5.62it/s]
Extract:  12%|#1        | 67/578 [00:09<01:42,  4.96it/s]
Extract:  12%|#1        | 69/578 [00:09<01:23,  6.11it/s]
Extract:  12%|#2        | 71/578 [00:09<01:06,  7.61it/s]
Extract:  13%|#2        | 73/578 [00:10<01:12,  6.94it/s]
Extract:  13%|#3        | 76/578 [00:10<00:56,  8.90it/s]
Extract:  13%|#3        | 78/578 [00:10<01:05,  7.60it/s]
Extract:  14%|#3        | 80/578 [00:10<00:56,  8.89it/s]
Extract:  14%|#4        | 82/578 [00:10<00:48, 10.16it/s]
Extract:  15%|#4        | 84/578 [00:11<01:07,  7.35it/s]
Extract:  15%|#4        | 86/578 [00:11<00:57,  8.56it/s]
Extract:  15%|#5        | 89/578 [00:11<00:57,  8.56it/s]
Extract:  16%|#5        | 91/578 [00:12<01:12,  6.70it/s]
Extract:  16%|#5        | 92/578 [00:12<01:25,  5.69it/s]
Extract:  16%|#6        | 94/578 [00:12<01:10,  6.91it/s]
Extract:  17%|#6        | 96/578 [00:13<01:10,  6.84it/s]
Extract:  17%|#6        | 98/578 [00:13<01:08,  7.01it/s]
Extract:  17%|#7        | 100/578 [00:13<01:05,  7.32it/s]
Extract:  18%|#7        | 103/578 [00:13<00:47,  9.98it/s]
Extract:  18%|#8        | 105/578 [00:13<00:52,  9.08it/s]
Extract:  19%|#8        | 107/578 [00:14<01:03,  7.47it/s]
Extract:  19%|#8        | 108/578 [00:14<01:01,  7.60it/s]
Extract:  19%|#9        | 110/578 [00:14<00:51,  9.06it/s]
Extract:  19%|#9        | 112/578 [00:14<00:42, 10.93it/s]
Extract:  20%|#9        | 114/578 [00:14<00:44, 10.53it/s]
Extract:  20%|##        | 116/578 [00:15<00:44, 10.46it/s]
Extract:  20%|##        | 118/578 [00:15<00:50,  9.11it/s]
Extract:  21%|##        | 120/578 [00:15<00:56,  8.08it/s]
Extract:  21%|##        | 121/578 [00:16<01:11,  6.40it/s]
Extract:  21%|##1       | 123/578 [00:16<00:55,  8.24it/s]
Extract:  22%|##1       | 125/578 [00:16<00:56,  8.00it/s]
Extract:  22%|##1       | 126/578 [00:16<01:05,  6.92it/s]
Extract:  22%|##2       | 128/578 [00:16<00:50,  8.83it/s]
Extract:  22%|##2       | 130/578 [00:16<00:51,  8.70it/s]
Extract:  23%|##2       | 132/578 [00:17<00:58,  7.62it/s]
Extract:  23%|##3       | 133/578 [00:17<00:59,  7.45it/s]
Extract:  23%|##3       | 135/578 [00:17<00:50,  8.81it/s]
Extract:  24%|##3       | 137/578 [00:17<00:59,  7.40it/s]
Extract:  24%|##3       | 138/578 [00:18<01:30,  4.89it/s]
Extract:  24%|##4       | 139/578 [00:18<01:28,  4.96it/s]
Extract:  25%|##4       | 143/578 [00:18<00:45,  9.47it/s]
Extract:  25%|##5       | 146/578 [00:19<00:45,  9.47it/s]
Extract:  26%|##5       | 148/578 [00:19<00:42, 10.07it/s]
Extract:  26%|##5       | 150/578 [00:19<00:51,  8.29it/s]
Extract:  26%|##6       | 152/578 [00:19<00:45,  9.35it/s]
Extract:  27%|##6       | 154/578 [00:20<00:52,  8.03it/s]
Extract:  27%|##6       | 156/578 [00:20<00:55,  7.60it/s]
Extract:  28%|##7       | 159/578 [00:20<00:40, 10.26it/s]
Extract:  28%|##7       | 161/578 [00:20<00:37, 10.98it/s]
Extract:  28%|##8       | 163/578 [00:20<00:46,  8.95it/s]
Extract:  29%|##8       | 165/578 [00:21<00:47,  8.63it/s]
Extract:  29%|##8       | 167/578 [00:21<00:53,  7.73it/s]
Extract:  29%|##9       | 169/578 [00:21<00:45,  9.06it/s]
Extract:  30%|##9       | 171/578 [00:21<00:38, 10.66it/s]
Extract:  30%|##9       | 173/578 [00:22<00:51,  7.80it/s]
Extract:  30%|###       | 175/578 [00:22<00:44,  8.96it/s]
Extract:  31%|###       | 177/578 [00:22<00:58,  6.90it/s]
Extract:  31%|###       | 179/578 [00:23<00:55,  7.18it/s]
Extract:  31%|###1      | 180/578 [00:23<01:02,  6.37it/s]
Extract:  31%|###1      | 181/578 [00:23<01:07,  5.85it/s]
Extract:  31%|###1      | 182/578 [00:23<01:01,  6.41it/s]
Extract:  32%|###1      | 184/578 [00:23<00:51,  7.62it/s]
Extract:  32%|###2      | 185/578 [00:24<01:02,  6.29it/s]
Extract:  32%|###2      | 187/578 [00:24<00:46,  8.44it/s]
Extract:  33%|###2      | 189/578 [00:24<01:05,  5.96it/s]
Extract:  33%|###3      | 191/578 [00:24<01:01,  6.30it/s]
Extract:  33%|###3      | 193/578 [00:25<00:48,  7.94it/s]
Extract:  34%|###3      | 196/578 [00:25<00:33, 11.35it/s]
Extract:  34%|###4      | 198/578 [00:25<00:45,  8.37it/s]
Extract:  35%|###4      | 201/578 [00:25<00:42,  8.81it/s]
Extract:  35%|###5      | 203/578 [00:26<00:57,  6.52it/s]
Extract:  36%|###5      | 206/578 [00:26<00:42,  8.67it/s]
Extract:  36%|###5      | 208/578 [00:26<00:42,  8.73it/s]
Extract:  36%|###6      | 210/578 [00:27<00:41,  8.85it/s]
Extract:  37%|###6      | 212/578 [00:27<00:56,  6.50it/s]
Extract:  37%|###6      | 213/578 [00:27<00:54,  6.67it/s]
Extract:  37%|###7      | 215/578 [00:27<00:51,  7.07it/s]
Extract:  38%|###7      | 217/578 [00:28<00:41,  8.71it/s]
Extract:  38%|###8      | 220/578 [00:28<00:29, 12.10it/s]
Extract:  39%|###8      | 223/578 [00:28<00:24, 14.32it/s]
Extract:  39%|###8      | 225/578 [00:28<00:35,  9.83it/s]
Extract:  39%|###9      | 227/578 [00:28<00:34, 10.09it/s]
Extract:  40%|###9      | 229/578 [00:29<00:32, 10.64it/s]
Extract:  40%|###9      | 231/578 [00:29<00:43,  8.05it/s]
Extract:  40%|####      | 233/578 [00:29<00:37,  9.11it/s]
Extract:  41%|####      | 235/578 [00:29<00:34,  9.82it/s]
Extract:  41%|####1     | 237/578 [00:30<00:48,  7.00it/s]
Extract:  42%|####1     | 240/578 [00:30<00:36,  9.23it/s]
Extract:  42%|####2     | 244/578 [00:30<00:36,  9.14it/s]
Extract:  43%|####2     | 247/578 [00:31<00:33,  9.81it/s]
Extract:  43%|####3     | 249/578 [00:31<00:36,  9.12it/s]
Extract:  43%|####3     | 251/578 [00:31<00:33,  9.69it/s]
Extract:  44%|####3     | 254/578 [00:31<00:25, 12.65it/s]
Extract:  44%|####4     | 256/578 [00:32<00:35,  9.05it/s]
Extract:  45%|####4     | 258/578 [00:32<00:32,  9.84it/s]
Extract:  45%|####4     | 260/578 [00:32<00:29, 10.86it/s]
Extract:  45%|####5     | 262/578 [00:32<00:30, 10.35it/s]
Extract:  46%|####5     | 264/578 [00:32<00:35,  8.75it/s]
Extract:  46%|####6     | 266/578 [00:33<00:43,  7.23it/s]
Extract:  46%|####6     | 267/578 [00:33<00:46,  6.76it/s]
Extract:  47%|####6     | 269/578 [00:33<00:44,  6.87it/s]
Extract:  47%|####7     | 273/578 [00:34<00:35,  8.64it/s]
Extract:  47%|####7     | 274/578 [00:34<00:44,  6.89it/s]
Extract:  48%|####7     | 275/578 [00:34<00:48,  6.20it/s]
Extract:  48%|####7     | 277/578 [00:34<00:40,  7.37it/s]
Extract:  48%|####8     | 280/578 [00:35<00:38,  7.72it/s]
Extract:  49%|####8     | 283/578 [00:35<00:32,  9.11it/s]
Extract:  49%|####9     | 285/578 [00:35<00:30,  9.73it/s]
Extract:  50%|####9     | 287/578 [00:35<00:29,  9.99it/s]
Extract:  50%|#####     | 289/578 [00:35<00:30,  9.49it/s]
Extract:  50%|#####     | 290/578 [00:36<00:39,  7.25it/s]
Extract:  51%|#####     | 293/578 [00:36<00:27, 10.26it/s]
Extract:  51%|#####1    | 295/578 [00:36<00:33,  8.33it/s]
Extract:  51%|#####1    | 297/578 [00:37<00:48,  5.77it/s]
Extract:  52%|#####1    | 300/578 [00:37<00:35,  7.89it/s]
Extract:  52%|#####2    | 302/578 [00:37<00:33,  8.32it/s]
Extract:  53%|#####2    | 304/578 [00:38<00:37,  7.35it/s]
Extract:  53%|#####2    | 305/578 [00:38<00:37,  7.32it/s]
Extract:  53%|#####3    | 307/578 [00:38<00:34,  7.85it/s]
Extract:  53%|#####3    | 308/578 [00:38<00:35,  7.55it/s]
Extract:  53%|#####3    | 309/578 [00:38<00:50,  5.37it/s]
Extract:  54%|#####3    | 311/578 [00:39<00:51,  5.20it/s]
Extract:  54%|#####3    | 312/578 [00:39<00:59,  4.44it/s]
Extract:  54%|#####4    | 313/578 [00:39<00:52,  5.04it/s]
Extract:  54%|#####4    | 314/578 [00:40<00:56,  4.69it/s]
Extract:  55%|#####4    | 316/578 [00:40<00:48,  5.38it/s]
Extract:  55%|#####5    | 318/578 [00:40<00:50,  5.13it/s]
Extract:  55%|#####5    | 319/578 [00:40<00:50,  5.17it/s]
Extract:  55%|#####5    | 320/578 [00:41<01:06,  3.88it/s]
Extract:  56%|#####5    | 322/578 [00:41<00:50,  5.09it/s]
Extract:  56%|#####6    | 324/578 [00:41<00:36,  6.95it/s]
Extract:  56%|#####6    | 326/578 [00:41<00:32,  7.70it/s]
Extract:  57%|#####6    | 328/578 [00:42<00:28,  8.84it/s]
Extract:  57%|#####7    | 330/578 [00:42<00:23, 10.34it/s]
Extract:  57%|#####7    | 332/578 [00:42<00:26,  9.13it/s]
Extract:  58%|#####7    | 335/578 [00:42<00:20, 11.63it/s]
Extract:  58%|#####8    | 337/578 [00:42<00:18, 13.00it/s]
Extract:  59%|#####8    | 339/578 [00:42<00:17, 13.75it/s]
Extract:  59%|#####8    | 341/578 [00:43<00:17, 13.47it/s]
Extract:  59%|#####9    | 343/578 [00:43<00:16, 14.34it/s]
Extract:  60%|#####9    | 345/578 [00:43<00:25,  9.05it/s]
Extract:  60%|######    | 347/578 [00:43<00:23, 10.04it/s]
Extract:  60%|######    | 349/578 [00:44<00:31,  7.33it/s]
Extract:  61%|######    | 351/578 [00:44<00:38,  5.82it/s]
Extract:  61%|######1   | 353/578 [00:44<00:34,  6.44it/s]
Extract:  61%|######1   | 355/578 [00:45<00:27,  7.98it/s]
Extract:  62%|######1   | 357/578 [00:45<00:37,  5.82it/s]
Extract:  62%|######2   | 359/578 [00:45<00:33,  6.59it/s]
Extract:  62%|######2   | 360/578 [00:45<00:33,  6.54it/s]
Extract:  63%|######2   | 362/578 [00:46<00:32,  6.63it/s]
Extract:  63%|######2   | 364/578 [00:46<00:25,  8.33it/s]
Extract:  63%|######3   | 366/578 [00:46<00:24,  8.67it/s]
Extract:  64%|######3   | 368/578 [00:47<00:40,  5.14it/s]
Extract:  64%|######3   | 369/578 [00:47<00:49,  4.26it/s]
Extract:  65%|######4   | 373/578 [00:48<00:31,  6.50it/s]
Extract:  65%|######4   | 375/578 [00:48<00:25,  7.82it/s]
Extract:  65%|######5   | 377/578 [00:48<00:25,  7.77it/s]
Extract:  66%|######5   | 379/578 [00:48<00:21,  9.07it/s]
Extract:  66%|######5   | 381/578 [00:48<00:24,  8.07it/s]
Extract:  66%|######6   | 383/578 [00:49<00:29,  6.57it/s]
Extract:  66%|######6   | 384/578 [00:49<00:32,  6.05it/s]
Extract:  67%|######6   | 386/578 [00:49<00:26,  7.38it/s]
Extract:  67%|######6   | 387/578 [00:49<00:28,  6.71it/s]
Extract:  67%|######7   | 390/578 [00:50<00:19,  9.46it/s]
Extract:  68%|######7   | 392/578 [00:50<00:18,  9.85it/s]
Extract:  68%|######8   | 394/578 [00:50<00:23,  7.95it/s]
Extract:  68%|######8   | 395/578 [00:50<00:22,  8.06it/s]
Extract:  69%|######8   | 397/578 [00:50<00:18,  9.64it/s]
Extract:  69%|######9   | 399/578 [00:50<00:16, 10.96it/s]
Extract:  70%|######9   | 402/578 [00:51<00:12, 14.00it/s]
Extract:  70%|######9   | 404/578 [00:51<00:11, 15.10it/s]
Extract:  70%|#######   | 406/578 [00:51<00:12, 13.31it/s]
Extract:  71%|#######   | 408/578 [00:52<00:24,  6.83it/s]
Extract:  71%|#######   | 410/578 [00:52<00:20,  8.05it/s]
Extract:  71%|#######1  | 412/578 [00:52<00:18,  8.91it/s]
Extract:  72%|#######1  | 414/578 [00:52<00:17,  9.16it/s]
Extract:  72%|#######1  | 416/578 [00:52<00:16,  9.86it/s]
Extract:  72%|#######2  | 418/578 [00:52<00:14, 10.69it/s]
Extract:  73%|#######2  | 420/578 [00:53<00:14, 11.11it/s]
Extract:  73%|#######3  | 422/578 [00:53<00:16,  9.24it/s]
Extract:  73%|#######3  | 424/578 [00:53<00:14, 10.79it/s]
Extract:  74%|#######3  | 426/578 [00:53<00:20,  7.24it/s]
Extract:  74%|#######4  | 428/578 [00:54<00:32,  4.66it/s]
Extract:  74%|#######4  | 429/578 [00:54<00:33,  4.51it/s]
Extract:  75%|#######4  | 431/578 [00:55<00:24,  6.01it/s]
Extract:  75%|#######4  | 432/578 [00:55<00:22,  6.44it/s]
Extract:  75%|#######5  | 434/578 [00:55<00:22,  6.52it/s]
Extract:  75%|#######5  | 436/578 [00:55<00:17,  8.10it/s]
Extract:  76%|#######5  | 438/578 [00:55<00:15,  9.19it/s]
Extract:  76%|#######6  | 440/578 [00:55<00:14,  9.40it/s]
Extract:  76%|#######6  | 442/578 [00:56<00:17,  7.82it/s]
Extract:  77%|#######6  | 444/578 [00:56<00:14,  9.41it/s]
Extract:  77%|#######7  | 446/578 [00:56<00:18,  7.21it/s]
Extract:  78%|#######7  | 449/578 [00:56<00:12,  9.95it/s]
Extract:  78%|#######8  | 451/578 [00:57<00:19,  6.68it/s]
Extract:  79%|#######8  | 454/578 [00:57<00:14,  8.65it/s]
Extract:  79%|#######9  | 457/578 [00:57<00:10, 11.47it/s]
Extract:  79%|#######9  | 459/578 [00:58<00:10, 10.98it/s]
Extract:  80%|#######9  | 461/578 [00:58<00:09, 12.20it/s]
Extract:  80%|########  | 463/578 [00:58<00:10, 10.66it/s]
Extract:  81%|########  | 466/578 [00:58<00:09, 12.21it/s]
Extract:  81%|########  | 468/578 [00:59<00:17,  6.46it/s]
Extract:  81%|########1 | 470/578 [00:59<00:14,  7.42it/s]
Extract:  82%|########1 | 472/578 [00:59<00:14,  7.24it/s]
Extract:  82%|########2 | 474/578 [00:59<00:13,  7.83it/s]
Extract:  82%|########2 | 476/578 [01:00<00:14,  7.08it/s]
Extract:  83%|########2 | 478/578 [01:00<00:12,  7.99it/s]
Extract:  83%|########2 | 479/578 [01:00<00:12,  8.21it/s]
Extract:  83%|########3 | 481/578 [01:00<00:10,  9.32it/s]
Extract:  84%|########3 | 484/578 [01:00<00:07, 12.64it/s]
Extract:  84%|########4 | 487/578 [01:01<00:06, 14.41it/s]
Extract:  85%|########4 | 489/578 [01:01<00:08, 10.28it/s]
Extract:  85%|########4 | 491/578 [01:01<00:08, 10.14it/s]
Extract:  85%|########5 | 493/578 [01:01<00:09,  8.99it/s]
Extract:  86%|########5 | 495/578 [01:02<00:08, 10.15it/s]
Extract:  86%|########6 | 498/578 [01:02<00:08,  9.07it/s]
Extract:  87%|########6 | 500/578 [01:02<00:08,  8.68it/s]
Extract:  87%|########6 | 502/578 [01:02<00:07, 10.16it/s]
Extract:  87%|########7 | 504/578 [01:02<00:06, 10.59it/s]
Extract:  88%|########7 | 506/578 [01:03<00:07,  9.11it/s]
Extract:  88%|########7 | 508/578 [01:03<00:07,  9.83it/s]
Extract:  88%|########8 | 510/578 [01:03<00:06, 10.06it/s]
Extract:  89%|########8 | 512/578 [01:03<00:06, 10.27it/s]
Extract:  89%|########9 | 515/578 [01:03<00:05, 11.12it/s]
Extract:  89%|########9 | 517/578 [01:04<00:07,  7.86it/s]
Extract:  90%|########9 | 519/578 [01:04<00:06,  8.92it/s]
Extract:  90%|######### | 522/578 [01:04<00:05, 10.89it/s]
Extract:  91%|######### | 524/578 [01:04<00:05, 10.36it/s]
Extract:  91%|#########1| 526/578 [01:05<00:07,  6.80it/s]
Extract:  92%|#########1| 529/578 [01:05<00:05,  8.89it/s]
Extract:  92%|#########1| 531/578 [01:05<00:04,  9.77it/s]
Extract:  92%|#########2| 533/578 [01:05<00:04, 10.90it/s]
Extract:  93%|#########2| 535/578 [01:06<00:04,  9.97it/s]
Extract:  93%|#########2| 537/578 [01:06<00:03, 10.71it/s]
Extract:  93%|#########3| 539/578 [01:06<00:03, 10.80it/s]
Extract:  94%|#########3| 541/578 [01:06<00:04,  9.02it/s]
Extract:  94%|#########3| 543/578 [01:07<00:03, 10.06it/s]
Extract:  94%|#########4| 546/578 [01:07<00:03,  8.92it/s]
Extract:  95%|#########4| 548/578 [01:07<00:03,  7.82it/s]
Extract:  96%|#########5| 552/578 [01:07<00:02, 12.00it/s]
Extract:  96%|#########5| 554/578 [01:08<00:03,  7.39it/s]
Extract:  96%|#########6| 556/578 [01:09<00:04,  5.21it/s]
Extract:  97%|#########6| 558/578 [01:09<00:03,  5.86it/s]
Extract:  97%|#########6| 560/578 [01:09<00:02,  6.13it/s]
Extract:  97%|#########7| 561/578 [01:09<00:02,  6.30it/s]
Extract:  98%|#########7| 564/578 [01:10<00:01,  7.07it/s]
Extract:  98%|#########7| 565/578 [01:10<00:02,  5.98it/s]
Extract:  98%|#########8| 567/578 [01:10<00:01,  6.55it/s]
Extract:  98%|#########8| 568/578 [01:11<00:01,  5.01it/s]
Extract:  99%|#########8| 571/578 [01:11<00:00,  7.78it/s]
Extract:  99%|#########9| 573/578 [01:11<00:00,  8.93it/s]
Extract:  99%|#########9| 575/578 [01:11<00:00, 10.06it/s]
Extract: 100%|#########9| 577/578 [01:12<00:00,  6.43it/s]
Extract: 100%|##########| 578/578 [01:12<00:00,  8.01it/s]
