STDOUT

[RUN] baseline

[RUN] higher_quality_wave

[RUN] pullback_conservative

[RUN] faster_rotation

[RUN] tighter_quality

[RUN] auto_006

[RUN] auto_007

[RUN] auto_008

[RUN] auto_009

[RUN] auto_010

[RUN] auto_011

[RUN] auto_012

[RUN] auto_013

[RUN] auto_014

[RUN] auto_015

[RUN] auto_016

[RUN] auto_017

[RUN] auto_018

[RUN] auto_019

[RUN] auto_020

[RUN] auto_021

[RUN] auto_022

[RUN] auto_023

[RUN] auto_024

[RUN] auto_025

[RUN] auto_026

[RUN] auto_027

[RUN] auto_028

[RUN] auto_029

[RUN] auto_030

[DONE]
Summary: output\p3_edge_research\continuous\batch_005\summary.csv
Details: output\p3_edge_research\continuous\batch_005\details.json


STDERR

Extract:   0%|          | 0/578 [00:00<?, ?it/s]
Extract:   0%|          | 1/578 [00:00<02:29,  3.86it/s]
Extract:   1%|          | 3/578 [00:00<01:39,  5.79it/s]
Extract:   1%|          | 4/578 [00:00<01:46,  5.37it/s]
Extract:   1%|          | 5/578 [00:00<01:38,  5.84it/s]
Extract:   1%|1         | 6/578 [00:01<01:29,  6.36it/s]
Extract:   1%|1         | 7/578 [00:01<01:43,  5.49it/s]
Extract:   1%|1         | 8/578 [00:01<02:07,  4.47it/s]
Extract:   2%|1         | 9/578 [00:01<02:11,  4.32it/s]
Extract:   2%|1         | 10/578 [00:02<02:09,  4.38it/s]
Extract:   2%|1         | 11/578 [00:02<02:07,  4.46it/s]
Extract:   2%|2         | 12/578 [00:02<02:49,  3.34it/s]
Extract:   2%|2         | 13/578 [00:02<02:17,  4.10it/s]
Extract:   2%|2         | 14/578 [00:03<02:47,  3.36it/s]
Extract:   3%|2         | 15/578 [00:03<03:26,  2.73it/s]
Extract:   3%|2         | 16/578 [00:04<03:01,  3.09it/s]
Extract:   3%|3         | 18/578 [00:04<01:51,  5.03it/s]
Extract:   3%|3         | 20/578 [00:04<01:22,  6.73it/s]
Extract:   4%|3         | 21/578 [00:04<02:26,  3.81it/s]
Extract:   4%|3         | 22/578 [00:05<02:33,  3.63it/s]
Extract:   4%|3         | 23/578 [00:05<02:30,  3.68it/s]
Extract:   4%|4         | 24/578 [00:05<02:11,  4.23it/s]
Extract:   4%|4         | 26/578 [00:05<01:34,  5.86it/s]
Extract:   5%|4         | 27/578 [00:06<02:26,  3.77it/s]
Extract:   5%|5         | 29/578 [00:06<01:52,  4.88it/s]
Extract:   5%|5         | 30/578 [00:06<01:52,  4.88it/s]
Extract:   5%|5         | 31/578 [00:07<02:00,  4.54it/s]
Extract:   6%|5         | 33/578 [00:07<01:24,  6.46it/s]
Extract:   6%|6         | 35/578 [00:07<01:25,  6.36it/s]
Extract:   6%|6         | 36/578 [00:07<01:21,  6.67it/s]
Extract:   6%|6         | 37/578 [00:07<01:34,  5.71it/s]
Extract:   7%|6         | 38/578 [00:08<01:33,  5.80it/s]
Extract:   7%|6         | 40/578 [00:08<01:18,  6.88it/s]
Extract:   7%|7         | 41/578 [00:08<01:18,  6.87it/s]
Extract:   7%|7         | 42/578 [00:08<02:07,  4.20it/s]
Extract:   7%|7         | 43/578 [00:09<02:42,  3.30it/s]
Extract:   8%|7         | 45/578 [00:09<01:46,  5.01it/s]
Extract:   8%|8         | 47/578 [00:09<01:38,  5.39it/s]
Extract:   8%|8         | 49/578 [00:10<01:37,  5.43it/s]
Extract:   9%|8         | 50/578 [00:10<02:02,  4.31it/s]
Extract:   9%|8         | 51/578 [00:11<02:19,  3.78it/s]
Extract:   9%|8         | 52/578 [00:11<02:33,  3.42it/s]
Extract:   9%|9         | 54/578 [00:11<02:12,  3.95it/s]
Extract:  10%|9         | 55/578 [00:12<02:16,  3.84it/s]
Extract:  10%|9         | 56/578 [00:12<02:02,  4.25it/s]
Extract:  10%|9         | 57/578 [00:12<02:00,  4.34it/s]
Extract:  10%|#         | 58/578 [00:12<02:04,  4.18it/s]
Extract:  10%|#         | 59/578 [00:13<02:06,  4.09it/s]
Extract:  10%|#         | 60/578 [00:13<02:32,  3.39it/s]
Extract:  11%|#         | 61/578 [00:13<02:57,  2.91it/s]
Extract:  11%|#         | 62/578 [00:14<02:21,  3.65it/s]
Extract:  11%|#1        | 64/578 [00:14<02:01,  4.24it/s]
Extract:  11%|#1        | 65/578 [00:15<03:26,  2.48it/s]
Extract:  11%|#1        | 66/578 [00:15<03:36,  2.36it/s]
Extract:  12%|#1        | 67/578 [00:16<05:00,  1.70it/s]
Extract:  12%|#1        | 69/578 [00:17<03:48,  2.23it/s]
Extract:  12%|#2        | 70/578 [00:17<03:13,  2.63it/s]
Extract:  12%|#2        | 71/578 [00:17<02:54,  2.91it/s]
Extract:  12%|#2        | 72/578 [00:17<02:35,  3.26it/s]
Extract:  13%|#2        | 73/578 [00:18<03:46,  2.23it/s]
Extract:  13%|#2        | 75/578 [00:19<02:32,  3.31it/s]
Extract:  13%|#3        | 76/578 [00:19<02:32,  3.29it/s]
Extract:  13%|#3        | 77/578 [00:20<03:52,  2.15it/s]
Extract:  14%|#3        | 79/578 [00:20<02:34,  3.23it/s]
Extract:  14%|#3        | 80/578 [00:20<02:24,  3.46it/s]
Extract:  14%|#4        | 81/578 [00:20<02:10,  3.80it/s]
Extract:  14%|#4        | 82/578 [00:21<01:59,  4.14it/s]
Extract:  14%|#4        | 83/578 [00:21<02:02,  4.04it/s]
Extract:  15%|#4        | 84/578 [00:22<03:25,  2.40it/s]
Extract:  15%|#4        | 85/578 [00:22<02:50,  2.90it/s]
Extract:  15%|#4        | 86/578 [00:22<02:48,  2.92it/s]
Extract:  15%|#5        | 87/578 [00:22<02:17,  3.56it/s]
Extract:  15%|#5        | 88/578 [00:22<01:54,  4.29it/s]
Extract:  15%|#5        | 89/578 [00:23<03:37,  2.25it/s]
Extract:  16%|#5        | 90/578 [00:24<03:19,  2.44it/s]
Extract:  16%|#5        | 91/578 [00:25<05:01,  1.61it/s]
Extract:  16%|#5        | 92/578 [00:26<05:34,  1.45it/s]
Extract:  16%|#6        | 93/578 [00:26<04:14,  1.90it/s]
Extract:  16%|#6        | 94/578 [00:26<03:55,  2.05it/s]
Extract:  17%|#6        | 96/578 [00:27<03:49,  2.10it/s]
Extract:  17%|#6        | 97/578 [00:27<03:17,  2.44it/s]
Extract:  17%|#6        | 98/578 [00:28<03:24,  2.35it/s]
Extract:  17%|#7        | 99/578 [00:28<02:51,  2.80it/s]
Extract:  17%|#7        | 100/578 [00:28<02:54,  2.74it/s]
Extract:  17%|#7        | 101/578 [00:29<02:37,  3.02it/s]
Extract:  18%|#7        | 103/578 [00:29<01:42,  4.64it/s]
Extract:  18%|#8        | 105/578 [00:30<02:13,  3.55it/s]
Extract:  18%|#8        | 106/578 [00:30<01:59,  3.93it/s]
Extract:  19%|#8        | 107/578 [00:31<03:44,  2.10it/s]
Extract:  19%|#8        | 108/578 [00:31<03:55,  1.99it/s]
Extract:  19%|#8        | 109/578 [00:32<03:05,  2.53it/s]
Extract:  19%|#9        | 110/578 [00:32<03:06,  2.51it/s]
Extract:  19%|#9        | 111/578 [00:32<02:53,  2.70it/s]
Extract:  20%|#9        | 113/578 [00:33<02:30,  3.08it/s]
Extract:  20%|#9        | 114/578 [00:33<02:16,  3.39it/s]
Extract:  20%|#9        | 115/578 [00:33<02:01,  3.81it/s]
Extract:  20%|##        | 116/578 [00:33<02:02,  3.76it/s]
Extract:  20%|##        | 117/578 [00:34<03:02,  2.53it/s]
Extract:  21%|##        | 119/578 [00:34<01:54,  4.00it/s]
Extract:  21%|##        | 120/578 [00:36<03:56,  1.94it/s]
Extract:  21%|##        | 121/578 [00:37<04:37,  1.64it/s]
Extract:  21%|##1       | 122/578 [00:37<03:40,  2.07it/s]
Extract:  21%|##1       | 123/578 [00:37<03:06,  2.44it/s]
Extract:  21%|##1       | 124/578 [00:37<02:34,  2.94it/s]
Extract:  22%|##1       | 125/578 [00:38<03:49,  1.97it/s]
Extract:  22%|##1       | 126/578 [00:39<04:02,  1.86it/s]
Extract:  22%|##1       | 127/578 [00:39<03:24,  2.21it/s]
Extract:  22%|##2       | 128/578 [00:39<03:20,  2.24it/s]
Extract:  22%|##2       | 129/578 [00:40<02:54,  2.58it/s]
Extract:  22%|##2       | 130/578 [00:40<03:51,  1.93it/s]
Extract:  23%|##2       | 131/578 [00:41<04:35,  1.62it/s]
Extract:  23%|##2       | 132/578 [00:42<04:02,  1.84it/s]
Extract:  23%|##3       | 133/578 [00:42<04:55,  1.50it/s]
Extract:  23%|##3       | 134/578 [00:43<04:05,  1.81it/s]
Extract:  23%|##3       | 135/578 [00:43<03:28,  2.13it/s]
Extract:  24%|##3       | 136/578 [00:43<03:03,  2.41it/s]
Extract:  24%|##3       | 137/578 [00:44<03:57,  1.86it/s]
Extract:  24%|##3       | 138/578 [00:45<04:19,  1.69it/s]
Extract:  24%|##4       | 139/578 [00:46<05:06,  1.43it/s]
Extract:  24%|##4       | 140/578 [00:46<03:48,  1.91it/s]
Extract:  24%|##4       | 141/578 [00:46<03:09,  2.31it/s]
Extract:  25%|##4       | 142/578 [00:46<02:53,  2.52it/s]
Extract:  25%|##4       | 144/578 [00:47<01:46,  4.09it/s]
Extract:  25%|##5       | 145/578 [00:47<01:31,  4.75it/s]
Extract:  25%|##5       | 146/578 [00:48<03:03,  2.36it/s]
Extract:  25%|##5       | 147/578 [00:48<02:48,  2.56it/s]
Extract:  26%|##5       | 148/578 [00:49<03:09,  2.27it/s]
Extract:  26%|##5       | 149/578 [00:50<04:31,  1.58it/s]
Extract:  26%|##5       | 150/578 [00:50<03:50,  1.86it/s]
Extract:  26%|##6       | 152/578 [00:50<02:21,  3.00it/s]
Extract:  26%|##6       | 153/578 [00:51<03:21,  2.11it/s]
Extract:  27%|##6       | 154/578 [00:51<02:54,  2.44it/s]
Extract:  27%|##6       | 155/578 [00:52<03:24,  2.07it/s]
Extract:  27%|##6       | 156/578 [00:52<02:40,  2.63it/s]
Extract:  27%|##7       | 157/578 [00:52<02:07,  3.31it/s]
Extract:  27%|##7       | 158/578 [00:52<01:46,  3.95it/s]
Extract:  28%|##7       | 159/578 [00:53<01:28,  4.72it/s]
Extract:  28%|##7       | 160/578 [00:53<01:50,  3.79it/s]
Extract:  28%|##8       | 162/578 [00:53<01:14,  5.56it/s]
Extract:  28%|##8       | 163/578 [00:54<02:37,  2.64it/s]
Extract:  28%|##8       | 164/578 [00:55<03:03,  2.26it/s]
Extract:  29%|##8       | 165/578 [00:55<02:54,  2.37it/s]
Extract:  29%|##8       | 166/578 [00:55<02:33,  2.68it/s]
Extract:  29%|##8       | 167/578 [00:57<05:13,  1.31it/s]
Extract:  29%|##9       | 168/578 [00:57<04:14,  1.61it/s]
Extract:  29%|##9       | 169/578 [00:57<03:17,  2.07it/s]
Extract:  29%|##9       | 170/578 [00:58<02:48,  2.42it/s]
Extract:  30%|##9       | 171/578 [00:58<02:13,  3.06it/s]
Extract:  30%|##9       | 172/578 [00:58<02:23,  2.83it/s]
Extract:  30%|##9       | 173/578 [00:59<03:29,  1.93it/s]
Extract:  30%|###       | 174/578 [00:59<02:58,  2.26it/s]
Extract:  30%|###       | 175/578 [01:00<02:27,  2.73it/s]
Extract:  30%|###       | 176/578 [01:00<01:59,  3.37it/s]
Extract:  31%|###       | 177/578 [01:00<02:55,  2.28it/s]
Extract:  31%|###       | 178/578 [01:01<02:30,  2.66it/s]
Extract:  31%|###       | 179/578 [01:01<02:46,  2.40it/s]
Extract:  31%|###1      | 180/578 [01:02<03:11,  2.08it/s]
Extract:  31%|###1      | 181/578 [01:03<03:35,  1.84it/s]
Extract:  31%|###1      | 182/578 [01:03<03:10,  2.08it/s]
Extract:  32%|###1      | 183/578 [01:03<02:31,  2.61it/s]
Extract:  32%|###1      | 184/578 [01:04<02:50,  2.31it/s]
Extract:  32%|###2      | 185/578 [01:04<03:45,  1.74it/s]
Extract:  32%|###2      | 186/578 [01:05<03:07,  2.09it/s]
Extract:  33%|###2      | 188/578 [01:05<02:19,  2.79it/s]
Extract:  33%|###2      | 189/578 [01:06<03:13,  2.01it/s]
Extract:  33%|###3      | 191/578 [01:07<02:54,  2.22it/s]
Extract:  33%|###3      | 192/578 [01:07<02:30,  2.57it/s]
Extract:  33%|###3      | 193/578 [01:07<02:08,  3.00it/s]
Extract:  34%|###3      | 194/578 [01:07<01:46,  3.59it/s]
Extract:  34%|###3      | 195/578 [01:07<01:30,  4.24it/s]
Extract:  34%|###4      | 197/578 [01:09<02:34,  2.47it/s]
Extract:  34%|###4      | 198/578 [01:09<02:31,  2.50it/s]
Extract:  35%|###4      | 200/578 [01:09<01:38,  3.85it/s]
Extract:  35%|###4      | 201/578 [01:10<02:35,  2.42it/s]
Extract:  35%|###4      | 202/578 [01:11<02:32,  2.46it/s]
Extract:  35%|###5      | 203/578 [01:11<03:24,  1.83it/s]
Extract:  35%|###5      | 205/578 [01:12<02:11,  2.84it/s]
Extract:  36%|###5      | 206/578 [01:12<02:03,  3.01it/s]
Extract:  36%|###5      | 207/578 [01:13<02:35,  2.38it/s]
Extract:  36%|###5      | 208/578 [01:13<02:04,  2.97it/s]
Extract:  36%|###6      | 209/578 [01:13<01:51,  3.30it/s]
Extract:  36%|###6      | 210/578 [01:13<01:50,  3.33it/s]
Extract:  37%|###6      | 212/578 [01:14<02:18,  2.65it/s]
Extract:  37%|###6      | 213/578 [01:14<02:06,  2.89it/s]
Extract:  37%|###7      | 214/578 [01:15<01:43,  3.52it/s]
Extract:  37%|###7      | 215/578 [01:15<02:49,  2.14it/s]
Extract:  37%|###7      | 216/578 [01:16<02:13,  2.71it/s]
Extract:  38%|###7      | 217/578 [01:16<02:06,  2.85it/s]
Extract:  38%|###7      | 219/578 [01:16<01:19,  4.51it/s]
Extract:  38%|###8      | 220/578 [01:16<01:16,  4.68it/s]
Extract:  38%|###8      | 221/578 [01:16<01:12,  4.94it/s]
Extract:  39%|###8      | 223/578 [01:17<00:58,  6.03it/s]
Extract:  39%|###8      | 224/578 [01:17<00:58,  6.10it/s]
Extract:  39%|###8      | 225/578 [01:17<01:46,  3.31it/s]
Extract:  39%|###9      | 226/578 [01:18<01:57,  3.01it/s]
Extract:  39%|###9      | 227/578 [01:18<01:51,  3.14it/s]
Extract:  40%|###9      | 229/578 [01:19<01:33,  3.72it/s]
Extract:  40%|###9      | 230/578 [01:19<02:03,  2.81it/s]
Extract:  40%|###9      | 231/578 [01:20<02:17,  2.53it/s]
Extract:  40%|####      | 232/578 [01:20<02:06,  2.73it/s]
Extract:  40%|####      | 233/578 [01:20<01:51,  3.10it/s]
Extract:  40%|####      | 234/578 [01:20<01:43,  3.31it/s]
Extract:  41%|####      | 235/578 [01:21<01:34,  3.61it/s]
Extract:  41%|####      | 236/578 [01:22<02:35,  2.20it/s]
Extract:  41%|####1     | 237/578 [01:23<03:53,  1.46it/s]
Extract:  41%|####1     | 239/578 [01:23<02:56,  1.92it/s]
Extract:  42%|####1     | 240/578 [01:24<02:46,  2.04it/s]
Extract:  42%|####1     | 242/578 [01:24<02:02,  2.73it/s]
Extract:  42%|####2     | 243/578 [01:24<01:46,  3.13it/s]
Extract:  42%|####2     | 244/578 [01:25<02:23,  2.33it/s]
Extract:  42%|####2     | 245/578 [01:25<02:02,  2.72it/s]
Extract:  43%|####2     | 246/578 [01:25<01:37,  3.39it/s]
Extract:  43%|####2     | 247/578 [01:26<01:52,  2.95it/s]
Extract:  43%|####2     | 248/578 [01:26<02:08,  2.57it/s]
Extract:  43%|####3     | 249/578 [01:27<01:52,  2.93it/s]
Extract:  43%|####3     | 250/578 [01:27<01:37,  3.38it/s]
Extract:  43%|####3     | 251/578 [01:27<01:31,  3.57it/s]
Extract:  44%|####3     | 253/578 [01:27<01:05,  4.98it/s]
Extract:  44%|####4     | 255/578 [01:28<01:11,  4.55it/s]
Extract:  44%|####4     | 256/578 [01:29<01:46,  3.03it/s]
Extract:  44%|####4     | 257/578 [01:29<01:31,  3.52it/s]
Extract:  45%|####4     | 258/578 [01:29<01:18,  4.06it/s]
Extract:  45%|####4     | 259/578 [01:29<01:13,  4.37it/s]
Extract:  45%|####4     | 260/578 [01:29<01:03,  5.03it/s]
Extract:  45%|####5     | 261/578 [01:29<00:58,  5.41it/s]
Extract:  45%|####5     | 262/578 [01:30<01:26,  3.66it/s]
Extract:  46%|####5     | 263/578 [01:31<02:44,  1.92it/s]
Extract:  46%|####5     | 264/578 [01:31<02:08,  2.44it/s]
Extract:  46%|####5     | 265/578 [01:31<02:15,  2.31it/s]
Extract:  46%|####6     | 266/578 [01:32<02:18,  2.25it/s]
Extract:  46%|####6     | 267/578 [01:33<02:36,  1.98it/s]
Extract:  46%|####6     | 268/578 [01:33<02:08,  2.42it/s]
Extract:  47%|####6     | 269/578 [01:33<02:16,  2.27it/s]
Extract:  47%|####6     | 271/578 [01:33<01:23,  3.66it/s]
Extract:  47%|####7     | 273/578 [01:34<01:43,  2.95it/s]
Extract:  47%|####7     | 274/578 [01:35<02:22,  2.13it/s]
Extract:  48%|####7     | 275/578 [01:36<02:33,  1.97it/s]
Extract:  48%|####7     | 276/578 [01:36<02:15,  2.22it/s]
Extract:  48%|####7     | 277/578 [01:36<01:56,  2.59it/s]
Extract:  48%|####8     | 279/578 [01:37<01:13,  4.08it/s]
Extract:  48%|####8     | 280/578 [01:37<01:38,  3.01it/s]
Extract:  49%|####8     | 282/578 [01:38<01:36,  3.06it/s]
Extract:  49%|####8     | 283/578 [01:38<01:43,  2.85it/s]
Extract:  49%|####9     | 284/578 [01:38<01:31,  3.23it/s]
Extract:  49%|####9     | 285/578 [01:39<01:33,  3.13it/s]
Extract:  49%|####9     | 286/578 [01:39<01:35,  3.04it/s]
Extract:  50%|####9     | 287/578 [01:39<01:24,  3.44it/s]
Extract:  50%|####9     | 288/578 [01:39<01:15,  3.85it/s]
Extract:  50%|#####     | 289/578 [01:40<01:23,  3.47it/s]
Extract:  50%|#####     | 290/578 [01:41<02:15,  2.13it/s]
Extract:  50%|#####     | 291/578 [01:41<01:49,  2.62it/s]
Extract:  51%|#####     | 293/578 [01:41<01:10,  4.02it/s]
Extract:  51%|#####     | 294/578 [01:41<01:07,  4.18it/s]
Extract:  51%|#####1    | 295/578 [01:42<01:51,  2.55it/s]
Extract:  51%|#####1    | 296/578 [01:42<01:38,  2.86it/s]
Extract:  51%|#####1    | 297/578 [01:43<02:32,  1.84it/s]
Extract:  52%|#####1    | 298/578 [01:44<01:57,  2.37it/s]
Extract:  52%|#####1    | 299/578 [01:44<01:39,  2.82it/s]
Extract:  52%|#####1    | 300/578 [01:44<01:27,  3.19it/s]
Extract:  52%|#####2    | 301/578 [01:44<01:41,  2.73it/s]
Extract:  52%|#####2    | 303/578 [01:45<01:06,  4.13it/s]
Extract:  53%|#####2    | 304/578 [01:46<02:15,  2.03it/s]
Extract:  53%|#####2    | 305/578 [01:46<02:01,  2.24it/s]
Extract:  53%|#####3    | 307/578 [01:47<01:45,  2.56it/s]
Extract:  53%|#####3    | 308/578 [01:47<01:52,  2.40it/s]
Extract:  53%|#####3    | 309/578 [01:48<02:22,  1.89it/s]
Extract:  54%|#####3    | 310/578 [01:48<02:06,  2.12it/s]
Extract:  54%|#####3    | 311/578 [01:49<02:35,  1.72it/s]
Extract:  54%|#####3    | 312/578 [01:50<02:58,  1.49it/s]
Extract:  54%|#####4    | 313/578 [01:51<02:29,  1.77it/s]
Extract:  54%|#####4    | 314/578 [01:51<02:25,  1.82it/s]
Extract:  55%|#####4    | 316/578 [01:52<02:15,  1.94it/s]
Extract:  55%|#####5    | 318/578 [01:53<02:15,  1.93it/s]
Extract:  55%|#####5    | 319/578 [01:53<02:01,  2.14it/s]
Extract:  55%|#####5    | 320/578 [01:54<02:09,  1.98it/s]
Extract:  56%|#####5    | 321/578 [01:54<01:49,  2.35it/s]
Extract:  56%|#####5    | 322/578 [01:55<01:50,  2.31it/s]
Extract:  56%|#####5    | 323/578 [01:55<01:40,  2.54it/s]
Extract:  56%|#####6    | 325/578 [01:55<01:09,  3.62it/s]
Extract:  56%|#####6    | 326/578 [01:55<01:12,  3.47it/s]
Extract:  57%|#####6    | 327/578 [01:56<01:03,  3.96it/s]
Extract:  57%|#####6    | 328/578 [01:56<01:08,  3.66it/s]
Extract:  57%|#####7    | 330/578 [01:56<00:54,  4.51it/s]
Extract:  57%|#####7    | 331/578 [01:57<00:58,  4.23it/s]
Extract:  57%|#####7    | 332/578 [01:57<01:15,  3.26it/s]
Extract:  58%|#####7    | 334/578 [01:57<00:51,  4.71it/s]
Extract:  58%|#####7    | 335/578 [01:57<00:49,  4.96it/s]
Extract:  58%|#####8    | 337/578 [01:58<00:40,  5.93it/s]
Extract:  59%|#####8    | 339/578 [01:58<00:42,  5.65it/s]
Extract:  59%|#####8    | 340/578 [01:58<00:45,  5.24it/s]
Extract:  59%|#####8    | 341/578 [01:58<00:46,  5.15it/s]
Extract:  59%|#####9    | 342/578 [01:59<00:53,  4.43it/s]
Extract:  60%|#####9    | 344/578 [02:00<01:07,  3.48it/s]
Extract:  60%|#####9    | 345/578 [02:00<01:02,  3.75it/s]
Extract:  60%|#####9    | 346/578 [02:00<00:52,  4.39it/s]
Extract:  60%|######    | 347/578 [02:00<00:46,  4.94it/s]
Extract:  60%|######    | 348/578 [02:00<00:41,  5.54it/s]
Extract:  60%|######    | 349/578 [02:01<01:19,  2.87it/s]
Extract:  61%|######    | 350/578 [02:01<01:14,  3.07it/s]
Extract:  61%|######    | 351/578 [02:02<01:48,  2.09it/s]
Extract:  61%|######    | 352/578 [02:02<01:24,  2.67it/s]
Extract:  61%|######1   | 353/578 [02:02<01:22,  2.73it/s]
Extract:  61%|######1   | 355/578 [02:03<01:19,  2.81it/s]
Extract:  62%|######1   | 356/578 [02:04<01:33,  2.38it/s]
Extract:  62%|######1   | 357/578 [02:04<01:28,  2.49it/s]
Extract:  62%|######2   | 359/578 [02:04<01:06,  3.27it/s]
Extract:  62%|######2   | 360/578 [02:05<01:10,  3.10it/s]
Extract:  62%|######2   | 361/578 [02:05<01:01,  3.50it/s]
Extract:  63%|######2   | 362/578 [02:06<01:31,  2.36it/s]
Extract:  63%|######2   | 363/578 [02:06<01:14,  2.87it/s]
Extract:  63%|######2   | 364/578 [02:06<01:08,  3.11it/s]
Extract:  63%|######3   | 365/578 [02:07<01:08,  3.09it/s]
Extract:  63%|######3   | 366/578 [02:07<01:09,  3.04it/s]
Extract:  63%|######3   | 367/578 [02:08<01:36,  2.19it/s]
Extract:  64%|######3   | 368/578 [02:08<01:27,  2.41it/s]
Extract:  64%|######3   | 369/578 [02:09<01:55,  1.80it/s]
Extract:  64%|######4   | 371/578 [02:09<01:11,  2.91it/s]
Extract:  65%|######4   | 373/578 [02:10<01:06,  3.11it/s]
Extract:  65%|######4   | 374/578 [02:10<00:59,  3.40it/s]
Extract:  65%|######5   | 376/578 [02:10<00:51,  3.89it/s]
Extract:  65%|######5   | 377/578 [02:11<00:52,  3.80it/s]
Extract:  65%|######5   | 378/578 [02:11<00:47,  4.19it/s]
Extract:  66%|######5   | 379/578 [02:11<00:43,  4.60it/s]
Extract:  66%|######5   | 380/578 [02:11<00:54,  3.65it/s]
Extract:  66%|######5   | 381/578 [02:12<00:52,  3.73it/s]
Extract:  66%|######6   | 382/578 [02:13<01:33,  2.09it/s]
Extract:  66%|######6   | 383/578 [02:13<01:17,  2.51it/s]
Extract:  66%|######6   | 384/578 [02:13<01:22,  2.35it/s]
Extract:  67%|######6   | 386/578 [02:13<00:55,  3.46it/s]
Extract:  67%|######6   | 387/578 [02:14<00:56,  3.37it/s]
Extract:  67%|######7   | 388/578 [02:14<00:48,  3.93it/s]
Extract:  67%|######7   | 390/578 [02:14<00:35,  5.25it/s]
Extract:  68%|######7   | 391/578 [02:14<00:39,  4.77it/s]
Extract:  68%|######7   | 392/578 [02:15<00:40,  4.56it/s]
Extract:  68%|######7   | 393/578 [02:15<00:47,  3.88it/s]
Extract:  68%|######8   | 394/578 [02:15<00:49,  3.74it/s]
Extract:  68%|######8   | 395/578 [02:16<00:55,  3.29it/s]
Extract:  69%|######8   | 397/578 [02:16<00:50,  3.62it/s]
Extract:  69%|######8   | 398/578 [02:16<00:43,  4.15it/s]
Extract:  69%|######9   | 399/578 [02:17<00:40,  4.37it/s]
Extract:  69%|######9   | 400/578 [02:17<00:35,  5.04it/s]
Extract:  69%|######9   | 401/578 [02:17<00:30,  5.75it/s]
Extract:  70%|######9   | 402/578 [02:17<00:30,  5.84it/s]
Extract:  70%|######9   | 403/578 [02:17<00:28,  6.07it/s]
Extract:  70%|######9   | 404/578 [02:17<00:27,  6.28it/s]
Extract:  70%|#######   | 405/578 [02:17<00:27,  6.34it/s]
Extract:  70%|#######   | 406/578 [02:18<00:36,  4.68it/s]
Extract:  70%|#######   | 407/578 [02:18<00:48,  3.55it/s]
Extract:  71%|#######   | 408/578 [02:19<01:15,  2.26it/s]
Extract:  71%|#######   | 409/578 [02:19<00:59,  2.86it/s]
Extract:  71%|#######   | 410/578 [02:19<00:53,  3.15it/s]
Extract:  71%|#######1  | 412/578 [02:20<00:40,  4.09it/s]
Extract:  71%|#######1  | 413/578 [02:20<00:50,  3.27it/s]
Extract:  72%|#######1  | 415/578 [02:20<00:37,  4.39it/s]
Extract:  72%|#######1  | 416/578 [02:21<00:38,  4.17it/s]
Extract:  72%|#######2  | 417/578 [02:21<00:34,  4.65it/s]
Extract:  72%|#######2  | 418/578 [02:21<00:38,  4.16it/s]
Extract:  72%|#######2  | 419/578 [02:21<00:43,  3.63it/s]
Extract:  73%|#######2  | 420/578 [02:22<00:35,  4.41it/s]
Extract:  73%|#######2  | 421/578 [02:22<01:02,  2.52it/s]
Extract:  73%|#######3  | 424/578 [02:23<00:54,  2.82it/s]
Extract:  74%|#######3  | 425/578 [02:24<01:02,  2.44it/s]
Extract:  74%|#######3  | 426/578 [02:24<00:56,  2.68it/s]
Extract:  74%|#######3  | 427/578 [02:25<01:12,  2.09it/s]
Extract:  74%|#######4  | 428/578 [02:26<01:26,  1.74it/s]
Extract:  74%|#######4  | 429/578 [02:27<01:31,  1.63it/s]
Extract:  75%|#######4  | 431/578 [02:27<01:00,  2.44it/s]
Extract:  75%|#######4  | 432/578 [02:27<00:57,  2.54it/s]
Extract:  75%|#######4  | 433/578 [02:27<00:46,  3.10it/s]
Extract:  75%|#######5  | 434/578 [02:28<01:05,  2.21it/s]
Extract:  75%|#######5  | 435/578 [02:28<00:54,  2.62it/s]
Extract:  75%|#######5  | 436/578 [02:28<00:43,  3.27it/s]
Extract:  76%|#######5  | 437/578 [02:29<00:41,  3.43it/s]
Extract:  76%|#######5  | 438/578 [02:29<00:40,  3.46it/s]
Extract:  76%|#######5  | 439/578 [02:29<00:44,  3.13it/s]
Extract:  76%|#######6  | 441/578 [02:30<00:45,  3.00it/s]
Extract:  76%|#######6  | 442/578 [02:30<00:41,  3.30it/s]
Extract:  77%|#######6  | 443/578 [02:30<00:34,  3.91it/s]
Extract:  77%|#######6  | 444/578 [02:31<00:30,  4.46it/s]
Extract:  77%|#######6  | 445/578 [02:32<00:57,  2.29it/s]
Extract:  77%|#######7  | 447/578 [02:32<00:36,  3.54it/s]
Extract:  78%|#######7  | 449/578 [02:32<00:27,  4.68it/s]
Extract:  78%|#######7  | 450/578 [02:33<00:59,  2.14it/s]
Extract:  78%|#######8  | 451/578 [02:34<01:07,  1.88it/s]
Extract:  78%|#######8  | 452/578 [02:34<00:57,  2.20it/s]
Extract:  78%|#######8  | 453/578 [02:34<00:45,  2.77it/s]
Extract:  79%|#######8  | 454/578 [02:35<00:40,  3.08it/s]
Extract:  79%|#######8  | 455/578 [02:35<00:34,  3.61it/s]
Extract:  79%|#######8  | 456/578 [02:35<00:29,  4.11it/s]
Extract:  79%|#######9  | 458/578 [02:35<00:30,  3.93it/s]
Extract:  79%|#######9  | 459/578 [02:36<00:28,  4.18it/s]
Extract:  80%|#######9  | 461/578 [02:36<00:24,  4.75it/s]
Extract:  80%|#######9  | 462/578 [02:36<00:22,  5.10it/s]
Extract:  80%|########  | 463/578 [02:37<00:30,  3.79it/s]
Extract:  80%|########  | 465/578 [02:37<00:21,  5.26it/s]
Extract:  81%|########  | 466/578 [02:37<00:24,  4.55it/s]
Extract:  81%|########  | 467/578 [02:38<00:31,  3.55it/s]
Extract:  81%|########  | 468/578 [02:38<00:46,  2.36it/s]
Extract:  81%|########1 | 469/578 [02:39<00:39,  2.76it/s]
Extract:  81%|########1 | 470/578 [02:39<00:37,  2.85it/s]
Extract:  81%|########1 | 471/578 [02:39<00:41,  2.59it/s]
Extract:  82%|########1 | 472/578 [02:40<00:42,  2.48it/s]
Extract:  82%|########1 | 473/578 [02:40<00:38,  2.74it/s]
Extract:  82%|########2 | 474/578 [02:41<00:39,  2.64it/s]
Extract:  82%|########2 | 475/578 [02:41<00:34,  3.00it/s]
Extract:  82%|########2 | 476/578 [02:42<00:48,  2.12it/s]
Extract:  83%|########2 | 477/578 [02:42<00:40,  2.48it/s]
Extract:  83%|########2 | 478/578 [02:42<00:34,  2.93it/s]
Extract:  83%|########2 | 479/578 [02:42<00:32,  3.05it/s]
Extract:  83%|########3 | 480/578 [02:42<00:27,  3.52it/s]
Extract:  83%|########3 | 481/578 [02:43<00:26,  3.70it/s]
Extract:  83%|########3 | 482/578 [02:43<00:21,  4.42it/s]
Extract:  84%|########3 | 483/578 [02:43<00:18,  5.02it/s]
Extract:  84%|########3 | 484/578 [02:43<00:16,  5.55it/s]
Extract:  84%|########4 | 486/578 [02:43<00:13,  6.82it/s]
Extract:  84%|########4 | 487/578 [02:44<00:17,  5.31it/s]
Extract:  84%|########4 | 488/578 [02:44<00:15,  5.71it/s]
Extract:  85%|########4 | 489/578 [02:45<00:39,  2.28it/s]
Extract:  85%|########4 | 490/578 [02:45<00:30,  2.90it/s]
Extract:  85%|########4 | 491/578 [02:45<00:27,  3.22it/s]
Extract:  85%|########5 | 492/578 [02:46<00:24,  3.46it/s]
Extract:  85%|########5 | 493/578 [02:46<00:21,  3.90it/s]
Extract:  85%|########5 | 494/578 [02:46<00:18,  4.57it/s]
Extract:  86%|########5 | 497/578 [02:46<00:09,  8.26it/s]
Extract:  86%|########6 | 499/578 [02:47<00:15,  5.02it/s]
Extract:  87%|########6 | 501/578 [02:47<00:13,  5.68it/s]
Extract:  87%|########7 | 503/578 [02:47<00:11,  6.68it/s]
Extract:  87%|########7 | 504/578 [02:48<00:21,  3.48it/s]
Extract:  87%|########7 | 505/578 [02:49<00:34,  2.11it/s]
Extract:  88%|########7 | 507/578 [02:49<00:24,  2.95it/s]
Extract:  88%|########7 | 508/578 [02:50<00:23,  3.01it/s]
Extract:  88%|########8 | 510/578 [02:50<00:21,  3.14it/s]
Extract:  88%|########8 | 511/578 [02:50<00:19,  3.39it/s]
Extract:  89%|########8 | 512/578 [02:51<00:20,  3.18it/s]
Extract:  89%|########8 | 514/578 [02:51<00:14,  4.45it/s]
Extract:  89%|########9 | 515/578 [02:52<00:17,  3.54it/s]
Extract:  89%|########9 | 516/578 [02:52<00:27,  2.30it/s]
Extract:  89%|########9 | 517/578 [02:53<00:26,  2.32it/s]
Extract:  90%|########9 | 518/578 [02:53<00:21,  2.85it/s]
Extract:  90%|########9 | 519/578 [02:53<00:21,  2.81it/s]
Extract:  90%|########9 | 520/578 [02:54<00:18,  3.07it/s]
Extract:  90%|######### | 522/578 [02:54<00:13,  4.09it/s]
Extract:  90%|######### | 523/578 [02:54<00:15,  3.62it/s]
Extract:  91%|######### | 524/578 [02:55<00:14,  3.61it/s]
Extract:  91%|######### | 525/578 [02:55<00:12,  4.10it/s]
Extract:  91%|#########1| 526/578 [02:56<00:22,  2.31it/s]
Extract:  91%|#########1| 528/578 [02:57<00:23,  2.10it/s]
Extract:  92%|#########1| 529/578 [02:57<00:20,  2.41it/s]
Extract:  92%|#########1| 530/578 [02:57<00:17,  2.71it/s]
Extract:  92%|#########1| 531/578 [02:57<00:14,  3.16it/s]
Extract:  92%|#########2| 532/578 [02:58<00:13,  3.46it/s]
Extract:  92%|#########2| 533/578 [02:58<00:11,  3.98it/s]
Extract:  92%|#########2| 534/578 [02:58<00:12,  3.50it/s]
Extract:  93%|#########2| 535/578 [02:58<00:10,  3.93it/s]
Extract:  93%|#########2| 537/578 [02:59<00:09,  4.47it/s]
Extract:  93%|#########3| 538/578 [02:59<00:10,  3.72it/s]
Extract:  93%|#########3| 540/578 [03:00<00:11,  3.30it/s]
Extract:  94%|#########3| 541/578 [03:00<00:10,  3.39it/s]
Extract:  94%|#########3| 543/578 [03:00<00:08,  4.02it/s]
Extract:  94%|#########4| 544/578 [03:00<00:07,  4.54it/s]
Extract:  94%|#########4| 546/578 [03:01<00:09,  3.39it/s]
Extract:  95%|#########4| 547/578 [03:02<00:13,  2.31it/s]
Extract:  95%|#########4| 548/578 [03:02<00:10,  2.75it/s]
Extract:  95%|#########5| 550/578 [03:02<00:06,  4.11it/s]
Extract:  95%|#########5| 551/578 [03:03<00:05,  4.57it/s]
Extract:  96%|#########5| 553/578 [03:04<00:08,  3.12it/s]
Extract:  96%|#########5| 554/578 [03:04<00:10,  2.26it/s]
Extract:  96%|#########6| 555/578 [03:05<00:12,  1.78it/s]
Extract:  96%|#########6| 556/578 [03:06<00:12,  1.83it/s]
Extract:  96%|#########6| 557/578 [03:07<00:12,  1.70it/s]
Extract:  97%|#########6| 559/578 [03:07<00:07,  2.69it/s]
Extract:  97%|#########6| 560/578 [03:07<00:08,  2.23it/s]
Extract:  97%|#########7| 561/578 [03:08<00:07,  2.37it/s]
Extract:  98%|#########7| 564/578 [03:09<00:06,  2.23it/s]
Extract:  98%|#########7| 565/578 [03:10<00:06,  2.00it/s]
Extract:  98%|#########7| 566/578 [03:10<00:05,  2.31it/s]
Extract:  98%|#########8| 567/578 [03:11<00:04,  2.40it/s]
Extract:  98%|#########8| 568/578 [03:11<00:05,  1.99it/s]
Extract:  99%|#########8| 570/578 [03:11<00:02,  2.97it/s]
Extract:  99%|#########8| 572/578 [03:12<00:01,  3.72it/s]
Extract:  99%|#########9| 574/578 [03:12<00:00,  5.02it/s]
Extract:  99%|#########9| 575/578 [03:12<00:00,  4.87it/s]
Extract: 100%|#########9| 576/578 [03:13<00:00,  2.81it/s]
Extract: 100%|##########| 578/578 [03:13<00:00,  2.98it/s]

Extract:   0%|          | 0/578 [00:00<?, ?it/s]
Extract:   0%|          | 1/578 [00:00<02:03,  4.69it/s]
Extract:   0%|          | 2/578 [00:00<03:16,  2.93it/s]
Extract:   1%|          | 3/578 [00:01<07:26,  1.29it/s]
Extract:   1%|          | 4/578 [00:03<09:18,  1.03it/s]
Extract:   1%|          | 5/578 [00:04<09:23,  1.02it/s]
Extract:   1%|1         | 6/578 [00:04<07:33,  1.26it/s]
Extract:   1%|1         | 7/578 [00:05<06:57,  1.37it/s]
Extract:   1%|1         | 8/578 [00:07<10:03,  1.06s/it]
Extract:   2%|1         | 9/578 [00:07<08:38,  1.10it/s]
Extract:   2%|1         | 10/578 [00:07<07:06,  1.33it/s]
Extract:   2%|1         | 11/578 [00:08<06:24,  1.47it/s]
Extract:   2%|2         | 12/578 [00:09<07:04,  1.33it/s]
Extract:   2%|2         | 13/578 [00:09<05:32,  1.70it/s]
Extract:   2%|2         | 14/578 [00:10<05:33,  1.69it/s]
Extract:   3%|2         | 15/578 [00:11<06:13,  1.51it/s]
Extract:   3%|2         | 16/578 [00:11<05:52,  1.59it/s]
Extract:   3%|2         | 17/578 [00:11<04:26,  2.10it/s]
Extract:   3%|3         | 19/578 [00:11<02:53,  3.23it/s]
Extract:   3%|3         | 20/578 [00:12<02:37,  3.55it/s]
Extract:   4%|3         | 21/578 [00:13<04:11,  2.21it/s]
Extract:   4%|3         | 22/578 [00:13<04:02,  2.29it/s]
Extract:   4%|3         | 23/578 [00:13<04:13,  2.19it/s]
Extract:   4%|4         | 24/578 [00:14<03:57,  2.33it/s]
Extract:   4%|4         | 26/578 [00:14<02:39,  3.45it/s]
Extract:   5%|4         | 27/578 [00:15<04:29,  2.04it/s]
Extract:   5%|4         | 28/578 [00:15<04:00,  2.29it/s]
Extract:   5%|5         | 29/578 [00:16<03:27,  2.65it/s]
Extract:   5%|5         | 30/578 [00:16<03:22,  2.71it/s]
Extract:   5%|5         | 31/578 [00:17<03:49,  2.38it/s]
Extract:   6%|5         | 32/578 [00:17<03:57,  2.30it/s]
Extract:   6%|5         | 34/578 [00:17<02:49,  3.21it/s]
Extract:   6%|6         | 35/578 [00:18<02:34,  3.51it/s]
Extract:   6%|6         | 36/578 [00:18<02:42,  3.33it/s]
Extract:   6%|6         | 37/578 [00:19<03:38,  2.48it/s]
Extract:   7%|6         | 38/578 [00:19<04:11,  2.14it/s]
Extract:   7%|6         | 39/578 [00:19<03:31,  2.55it/s]
Extract:   7%|6         | 40/578 [00:20<03:20,  2.69it/s]
Extract:   7%|7         | 41/578 [00:20<03:17,  2.72it/s]
Extract:   7%|7         | 42/578 [00:22<06:47,  1.32it/s]
Extract:   7%|7         | 43/578 [00:23<07:48,  1.14it/s]
Extract:   8%|7         | 44/578 [00:23<05:47,  1.54it/s]
Extract:   8%|7         | 46/578 [00:23<03:28,  2.55it/s]
Extract:   8%|8         | 47/578 [00:24<03:14,  2.74it/s]
Extract:   8%|8         | 49/578 [00:24<02:09,  4.07it/s]
Extract:   9%|8         | 50/578 [00:25<03:25,  2.57it/s]
Extract:   9%|8         | 51/578 [00:25<03:34,  2.46it/s]
Extract:   9%|8         | 52/578 [00:25<03:31,  2.49it/s]
Extract:   9%|9         | 54/578 [00:26<02:51,  3.06it/s]
Extract:  10%|9         | 55/578 [00:26<02:50,  3.06it/s]
Extract:  10%|9         | 56/578 [00:26<02:28,  3.52it/s]
Extract:  10%|#         | 58/578 [00:27<02:09,  4.03it/s]
Extract:  10%|#         | 59/578 [00:27<02:18,  3.75it/s]
Extract:  10%|#         | 60/578 [00:28<02:48,  3.07it/s]
Extract:  11%|#         | 61/578 [00:28<02:59,  2.88it/s]
Extract:  11%|#         | 62/578 [00:28<02:25,  3.55it/s]
Extract:  11%|#         | 63/578 [00:28<01:59,  4.31it/s]
Extract:  11%|#1        | 64/578 [00:29<02:09,  3.98it/s]
Extract:  11%|#1        | 65/578 [00:29<02:59,  2.85it/s]
Extract:  11%|#1        | 66/578 [00:29<02:25,  3.51it/s]
Extract:  12%|#1        | 67/578 [00:30<03:19,  2.56it/s]
Extract:  12%|#1        | 69/578 [00:30<02:20,  3.63it/s]
Extract:  12%|#2        | 71/578 [00:30<01:47,  4.71it/s]
Extract:  12%|#2        | 72/578 [00:31<01:39,  5.07it/s]
Extract:  13%|#2        | 73/578 [00:31<02:20,  3.60it/s]
Extract:  13%|#2        | 75/578 [00:31<01:44,  4.83it/s]
Extract:  13%|#3        | 76/578 [00:32<01:53,  4.41it/s]
Extract:  13%|#3        | 77/578 [00:32<02:34,  3.25it/s]
Extract:  14%|#3        | 79/578 [00:32<01:45,  4.75it/s]
Extract:  14%|#3        | 80/578 [00:32<01:39,  4.99it/s]
Extract:  14%|#4        | 81/578 [00:33<01:31,  5.40it/s]
Extract:  14%|#4        | 82/578 [00:33<01:25,  5.80it/s]
Extract:  14%|#4        | 83/578 [00:33<01:30,  5.47it/s]
Extract:  15%|#4        | 84/578 [00:34<02:46,  2.96it/s]
Extract:  15%|#4        | 85/578 [00:34<02:26,  3.37it/s]
Extract:  15%|#4        | 86/578 [00:34<02:14,  3.66it/s]
Extract:  15%|#5        | 87/578 [00:34<02:05,  3.92it/s]
Extract:  15%|#5        | 88/578 [00:34<01:51,  4.38it/s]
Extract:  15%|#5        | 89/578 [00:35<02:37,  3.10it/s]
Extract:  16%|#5        | 90/578 [00:35<02:42,  3.00it/s]
Extract:  16%|#5        | 91/578 [00:36<04:03,  2.00it/s]
Extract:  16%|#5        | 92/578 [00:37<04:20,  1.87it/s]
Extract:  16%|#6        | 94/578 [00:37<02:59,  2.69it/s]
Extract:  17%|#6        | 96/578 [00:38<02:47,  2.87it/s]
Extract:  17%|#6        | 97/578 [00:38<02:24,  3.32it/s]
Extract:  17%|#6        | 98/578 [00:38<02:43,  2.94it/s]
Extract:  17%|#7        | 99/578 [00:39<02:14,  3.55it/s]
Extract:  17%|#7        | 100/578 [00:39<02:20,  3.39it/s]
Extract:  17%|#7        | 101/578 [00:39<02:00,  3.96it/s]
Extract:  18%|#7        | 103/578 [00:39<01:18,  6.07it/s]
Extract:  18%|#8        | 105/578 [00:39<01:18,  6.01it/s]
Extract:  18%|#8        | 106/578 [00:40<01:11,  6.56it/s]
Extract:  19%|#8        | 107/578 [00:40<02:04,  3.78it/s]
Extract:  19%|#8        | 108/578 [00:41<02:22,  3.29it/s]
Extract:  19%|#9        | 110/578 [00:41<01:59,  3.91it/s]
Extract:  19%|#9        | 111/578 [00:41<01:57,  3.96it/s]
Extract:  19%|#9        | 112/578 [00:41<01:49,  4.24it/s]
Extract:  20%|#9        | 113/578 [00:42<01:35,  4.88it/s]
Extract:  20%|#9        | 114/578 [00:42<01:23,  5.56it/s]
Extract:  20%|##        | 116/578 [00:42<01:20,  5.76it/s]
Extract:  20%|##        | 117/578 [00:42<01:49,  4.19it/s]
Extract:  21%|##        | 120/578 [00:43<01:41,  4.52it/s]
Extract:  21%|##        | 121/578 [00:44<02:18,  3.29it/s]
Extract:  21%|##1       | 123/578 [00:44<01:43,  4.40it/s]
Extract:  21%|##1       | 124/578 [00:44<01:35,  4.75it/s]
Extract:  22%|##1       | 125/578 [00:45<02:10,  3.47it/s]
Extract:  22%|##1       | 126/578 [00:45<02:07,  3.55it/s]
Extract:  22%|##1       | 127/578 [00:45<01:55,  3.90it/s]
Extract:  22%|##2       | 128/578 [00:45<01:43,  4.34it/s]
Extract:  22%|##2       | 130/578 [00:46<01:39,  4.50it/s]
Extract:  23%|##2       | 131/578 [00:46<02:02,  3.65it/s]
Extract:  23%|##2       | 132/578 [00:46<01:49,  4.07it/s]
Extract:  23%|##3       | 133/578 [00:47<01:56,  3.83it/s]
Extract:  23%|##3       | 134/578 [00:47<01:41,  4.37it/s]
Extract:  23%|##3       | 135/578 [00:47<01:36,  4.61it/s]
Extract:  24%|##3       | 136/578 [00:47<01:31,  4.82it/s]
Extract:  24%|##3       | 137/578 [00:48<02:26,  3.01it/s]
Extract:  24%|##3       | 138/578 [00:48<02:53,  2.53it/s]
Extract:  24%|##4       | 139/578 [00:49<02:43,  2.68it/s]
Extract:  24%|##4       | 141/578 [00:49<01:39,  4.38it/s]
Extract:  25%|##4       | 144/578 [00:49<00:58,  7.41it/s]
Extract:  25%|##5       | 146/578 [00:49<01:21,  5.29it/s]
Extract:  25%|##5       | 147/578 [00:50<01:18,  5.47it/s]
Extract:  26%|##5       | 148/578 [00:50<01:22,  5.20it/s]
Extract:  26%|##5       | 149/578 [00:50<01:55,  3.73it/s]
Extract:  26%|##5       | 150/578 [00:51<02:05,  3.42it/s]
Extract:  26%|##6       | 152/578 [00:51<01:22,  5.16it/s]
Extract:  26%|##6       | 153/578 [00:51<02:05,  3.39it/s]
Extract:  27%|##6       | 154/578 [00:51<01:45,  4.02it/s]
Extract:  27%|##6       | 155/578 [00:52<02:03,  3.44it/s]
Extract:  27%|##7       | 157/578 [00:52<01:24,  4.96it/s]
Extract:  27%|##7       | 158/578 [00:52<01:17,  5.42it/s]
Extract:  28%|##7       | 160/578 [00:53<01:20,  5.16it/s]
Extract:  28%|##8       | 162/578 [00:53<01:00,  6.83it/s]
Extract:  28%|##8       | 163/578 [00:54<01:58,  3.50it/s]
Extract:  28%|##8       | 164/578 [00:54<01:49,  3.79it/s]
Extract:  29%|##8       | 165/578 [00:54<01:41,  4.08it/s]
Extract:  29%|##8       | 166/578 [00:54<01:31,  4.49it/s]
Extract:  29%|##8       | 167/578 [00:55<02:15,  3.03it/s]
Extract:  29%|##9       | 168/578 [00:55<01:54,  3.57it/s]
Extract:  29%|##9       | 169/578 [00:55<01:50,  3.69it/s]
Extract:  29%|##9       | 170/578 [00:55<01:49,  3.71it/s]
Extract:  30%|##9       | 172/578 [00:56<01:33,  4.36it/s]
Extract:  30%|##9       | 173/578 [00:56<02:22,  2.84it/s]
Extract:  30%|###       | 174/578 [00:57<02:53,  2.33it/s]
Extract:  30%|###       | 175/578 [00:57<02:34,  2.60it/s]
Extract:  30%|###       | 176/578 [00:58<02:08,  3.13it/s]
Extract:  31%|###       | 177/578 [00:58<03:16,  2.04it/s]
Extract:  31%|###       | 178/578 [00:59<02:56,  2.26it/s]
Extract:  31%|###       | 179/578 [00:59<02:32,  2.61it/s]
Extract:  31%|###1      | 180/578 [01:00<03:08,  2.11it/s]
Extract:  31%|###1      | 181/578 [01:00<03:40,  1.80it/s]
Extract:  31%|###1      | 182/578 [01:01<03:21,  1.96it/s]
Extract:  32%|###1      | 184/578 [01:01<02:23,  2.74it/s]
Extract:  32%|###2      | 185/578 [01:02<02:59,  2.19it/s]
Extract:  32%|###2      | 186/578 [01:02<02:34,  2.53it/s]
Extract:  33%|###2      | 188/578 [01:02<01:52,  3.46it/s]
Extract:  33%|###2      | 189/578 [01:04<03:19,  1.95it/s]
Extract:  33%|###3      | 191/578 [01:04<02:33,  2.52it/s]
Extract:  33%|###3      | 192/578 [01:04<02:08,  3.01it/s]
Extract:  33%|###3      | 193/578 [01:04<01:47,  3.58it/s]
Extract:  34%|###3      | 195/578 [01:05<01:15,  5.05it/s]
Extract:  34%|###4      | 197/578 [01:05<01:44,  3.65it/s]
Extract:  34%|###4      | 198/578 [01:06<01:46,  3.57it/s]
Extract:  34%|###4      | 199/578 [01:06<01:35,  3.98it/s]
Extract:  35%|###4      | 201/578 [01:07<02:04,  3.02it/s]
Extract:  35%|###4      | 202/578 [01:07<02:13,  2.81it/s]
Extract:  35%|###5      | 203/578 [01:08<02:46,  2.25it/s]
Extract:  35%|###5      | 205/578 [01:08<01:47,  3.46it/s]
Extract:  36%|###5      | 206/578 [01:08<01:37,  3.81it/s]
Extract:  36%|###5      | 207/578 [01:09<01:56,  3.19it/s]
Extract:  36%|###6      | 209/578 [01:09<01:20,  4.57it/s]
Extract:  36%|###6      | 210/578 [01:09<01:15,  4.84it/s]
Extract:  37%|###6      | 212/578 [01:10<01:25,  4.27it/s]
Extract:  37%|###6      | 213/578 [01:10<01:24,  4.32it/s]
Extract:  37%|###7      | 215/578 [01:10<01:31,  3.98it/s]
Extract:  38%|###7      | 217/578 [01:11<01:15,  4.79it/s]
Extract:  38%|###8      | 220/578 [01:11<00:54,  6.61it/s]
Extract:  38%|###8      | 221/578 [01:11<00:52,  6.76it/s]
Extract:  39%|###8      | 223/578 [01:11<00:44,  7.94it/s]
Extract:  39%|###8      | 224/578 [01:11<00:43,  8.19it/s]
Extract:  39%|###8      | 225/578 [01:12<01:10,  5.01it/s]
Extract:  39%|###9      | 226/578 [01:12<01:22,  4.29it/s]
Extract:  39%|###9      | 227/578 [01:12<01:16,  4.58it/s]
Extract:  39%|###9      | 228/578 [01:12<01:06,  5.25it/s]
Extract:  40%|###9      | 229/578 [01:13<01:14,  4.66it/s]
Extract:  40%|###9      | 230/578 [01:13<01:59,  2.92it/s]
Extract:  40%|###9      | 231/578 [01:14<02:08,  2.71it/s]
Extract:  40%|####      | 232/578 [01:14<01:48,  3.18it/s]
Extract:  40%|####      | 233/578 [01:14<01:34,  3.66it/s]
Extract:  40%|####      | 234/578 [01:14<01:33,  3.68it/s]
Extract:  41%|####      | 235/578 [01:15<01:20,  4.24it/s]
Extract:  41%|####      | 236/578 [01:15<02:03,  2.78it/s]
Extract:  41%|####1     | 237/578 [01:16<02:12,  2.58it/s]
Extract:  41%|####1     | 239/578 [01:16<01:28,  3.83it/s]
Extract:  42%|####1     | 240/578 [01:16<01:31,  3.70it/s]
Extract:  42%|####1     | 242/578 [01:16<01:07,  4.97it/s]
Extract:  42%|####2     | 243/578 [01:17<01:05,  5.08it/s]
Extract:  42%|####2     | 244/578 [01:17<02:02,  2.73it/s]
Extract:  42%|####2     | 245/578 [01:18<01:51,  2.99it/s]
Extract:  43%|####2     | 247/578 [01:18<01:32,  3.59it/s]
Extract:  43%|####2     | 248/578 [01:19<01:58,  2.79it/s]
Extract:  43%|####3     | 249/578 [01:19<02:04,  2.63it/s]
Extract:  43%|####3     | 250/578 [01:19<01:51,  2.93it/s]
Extract:  43%|####3     | 251/578 [01:20<01:40,  3.25it/s]
Extract:  44%|####3     | 253/578 [01:20<01:14,  4.34it/s]
Extract:  44%|####4     | 255/578 [01:20<01:23,  3.86it/s]
Extract:  44%|####4     | 256/578 [01:21<02:09,  2.49it/s]
Extract:  44%|####4     | 257/578 [01:22<01:48,  2.96it/s]
Extract:  45%|####4     | 258/578 [01:22<01:30,  3.52it/s]
Extract:  45%|####4     | 259/578 [01:22<01:19,  4.03it/s]
Extract:  45%|####4     | 260/578 [01:22<01:06,  4.79it/s]
Extract:  45%|####5     | 262/578 [01:22<01:10,  4.48it/s]
Extract:  46%|####5     | 263/578 [01:23<01:43,  3.04it/s]
Extract:  46%|####5     | 264/578 [01:23<01:29,  3.51it/s]
Extract:  46%|####5     | 265/578 [01:24<01:52,  2.78it/s]
Extract:  46%|####6     | 266/578 [01:24<01:44,  3.00it/s]
Extract:  46%|####6     | 267/578 [01:25<02:01,  2.57it/s]
Extract:  46%|####6     | 268/578 [01:25<01:36,  3.22it/s]
Extract:  47%|####6     | 269/578 [01:25<01:47,  2.87it/s]
Extract:  47%|####6     | 271/578 [01:25<01:07,  4.51it/s]
Extract:  47%|####7     | 273/578 [01:26<01:18,  3.90it/s]
Extract:  47%|####7     | 274/578 [01:26<01:40,  3.02it/s]
Extract:  48%|####7     | 275/578 [01:27<01:48,  2.80it/s]
Extract:  48%|####7     | 276/578 [01:27<01:38,  3.07it/s]
Extract:  48%|####7     | 277/578 [01:28<01:42,  2.94it/s]
Extract:  48%|####8     | 280/578 [01:28<01:15,  3.93it/s]
Extract:  49%|####8     | 282/578 [01:28<00:59,  4.98it/s]
Extract:  49%|####8     | 283/578 [01:29<01:07,  4.40it/s]
Extract:  49%|####9     | 285/578 [01:29<01:01,  4.77it/s]
Extract:  49%|####9     | 286/578 [01:29<01:02,  4.66it/s]
Extract:  50%|####9     | 287/578 [01:29<00:58,  4.96it/s]
Extract:  50%|####9     | 288/578 [01:29<00:55,  5.27it/s]
Extract:  50%|#####     | 289/578 [01:30<00:59,  4.83it/s]
Extract:  50%|#####     | 290/578 [01:30<01:24,  3.41it/s]
Extract:  50%|#####     | 291/578 [01:30<01:10,  4.07it/s]
Extract:  51%|#####     | 293/578 [01:31<00:47,  6.00it/s]
Extract:  51%|#####     | 294/578 [01:31<00:46,  6.10it/s]
Extract:  51%|#####1    | 295/578 [01:31<01:15,  3.77it/s]
Extract:  51%|#####1    | 296/578 [01:31<01:07,  4.19it/s]
Extract:  51%|#####1    | 297/578 [01:32<01:54,  2.45it/s]
Extract:  52%|#####1    | 299/578 [01:32<01:14,  3.73it/s]
Extract:  52%|#####1    | 300/578 [01:33<01:06,  4.17it/s]
Extract:  52%|#####2    | 301/578 [01:33<01:21,  3.41it/s]
Extract:  52%|#####2    | 302/578 [01:33<01:08,  4.05it/s]
Extract:  52%|#####2    | 303/578 [01:33<00:56,  4.83it/s]
Extract:  53%|#####2    | 304/578 [01:34<01:36,  2.83it/s]
Extract:  53%|#####2    | 305/578 [01:34<01:27,  3.12it/s]
Extract:  53%|#####3    | 307/578 [01:35<01:17,  3.50it/s]
Extract:  53%|#####3    | 308/578 [01:35<01:20,  3.37it/s]
Extract:  53%|#####3    | 309/578 [01:36<02:19,  1.93it/s]
Extract:  54%|#####3    | 310/578 [01:36<02:01,  2.21it/s]
Extract:  54%|#####3    | 311/578 [01:37<02:35,  1.72it/s]
Extract:  54%|#####3    | 312/578 [01:38<02:36,  1.70it/s]
Extract:  54%|#####4    | 313/578 [01:38<02:01,  2.17it/s]
Extract:  54%|#####4    | 314/578 [01:39<01:54,  2.30it/s]
Extract:  55%|#####4    | 316/578 [01:39<01:25,  3.07it/s]
Extract:  55%|#####5    | 318/578 [01:39<01:21,  3.17it/s]
Extract:  55%|#####5    | 319/578 [01:40<01:19,  3.25it/s]
Extract:  55%|#####5    | 320/578 [01:40<01:32,  2.79it/s]
Extract:  56%|#####5    | 321/578 [01:40<01:16,  3.34it/s]
Extract:  56%|#####5    | 322/578 [01:41<01:18,  3.26it/s]
Extract:  56%|#####5    | 323/578 [01:41<01:16,  3.35it/s]
Extract:  56%|#####6    | 325/578 [01:41<00:51,  4.91it/s]
Extract:  56%|#####6    | 326/578 [01:41<00:54,  4.60it/s]
Extract:  57%|#####6    | 327/578 [01:42<00:47,  5.25it/s]
Extract:  57%|#####6    | 328/578 [01:42<00:48,  5.12it/s]
Extract:  57%|#####7    | 330/578 [01:42<00:38,  6.40it/s]
Extract:  57%|#####7    | 331/578 [01:42<00:56,  4.37it/s]
Extract:  57%|#####7    | 332/578 [01:43<01:00,  4.05it/s]
Extract:  58%|#####7    | 334/578 [01:43<00:41,  5.82it/s]
Extract:  58%|#####7    | 335/578 [01:43<00:38,  6.38it/s]
Extract:  58%|#####8    | 337/578 [01:43<00:33,  7.25it/s]
Extract:  59%|#####8    | 339/578 [01:43<00:32,  7.47it/s]
Extract:  59%|#####8    | 340/578 [01:44<00:33,  7.08it/s]
Extract:  59%|#####8    | 341/578 [01:44<00:33,  7.15it/s]
Extract:  59%|#####9    | 342/578 [01:44<00:38,  6.10it/s]
Extract:  60%|#####9    | 344/578 [01:45<00:51,  4.57it/s]
Extract:  60%|#####9    | 345/578 [01:45<00:46,  5.00it/s]
Extract:  60%|######    | 347/578 [01:45<00:36,  6.25it/s]
Extract:  60%|######    | 349/578 [01:46<00:51,  4.48it/s]
Extract:  61%|######    | 350/578 [01:46<00:49,  4.60it/s]
Extract:  61%|######    | 351/578 [01:46<01:11,  3.18it/s]
Extract:  61%|######    | 352/578 [01:47<00:59,  3.80it/s]
Extract:  61%|######1   | 353/578 [01:47<01:12,  3.12it/s]
Extract:  61%|######1   | 355/578 [01:47<00:49,  4.53it/s]
Extract:  62%|######1   | 356/578 [01:48<01:00,  3.65it/s]
Extract:  62%|######1   | 357/578 [01:48<01:01,  3.59it/s]
Extract:  62%|######2   | 359/578 [01:48<00:50,  4.33it/s]
Extract:  62%|######2   | 360/578 [01:49<00:55,  3.94it/s]
Extract:  62%|######2   | 361/578 [01:49<00:47,  4.54it/s]
Extract:  63%|######2   | 362/578 [01:49<01:06,  3.24it/s]
Extract:  63%|######2   | 363/578 [01:49<00:55,  3.88it/s]
Extract:  63%|######2   | 364/578 [01:50<00:45,  4.68it/s]
Extract:  63%|######3   | 365/578 [01:50<00:49,  4.27it/s]
Extract:  63%|######3   | 366/578 [01:50<00:49,  4.25it/s]
Extract:  63%|######3   | 367/578 [01:51<01:09,  3.06it/s]
Extract:  64%|######3   | 368/578 [01:51<01:04,  3.26it/s]
Extract:  64%|######3   | 369/578 [01:52<01:26,  2.41it/s]
Extract:  64%|######4   | 371/578 [01:52<00:53,  3.90it/s]
Extract:  65%|######4   | 373/578 [01:52<00:48,  4.19it/s]
Extract:  65%|######4   | 374/578 [01:52<00:44,  4.55it/s]
Extract:  65%|######4   | 375/578 [01:53<00:50,  4.04it/s]
Extract:  65%|######5   | 376/578 [01:53<00:53,  3.79it/s]
Extract:  65%|######5   | 377/578 [01:53<00:52,  3.80it/s]
Extract:  65%|######5   | 378/578 [01:53<00:46,  4.34it/s]
Extract:  66%|######5   | 379/578 [01:53<00:40,  4.93it/s]
Extract:  66%|######5   | 380/578 [01:54<00:45,  4.33it/s]
Extract:  66%|######5   | 381/578 [01:54<00:42,  4.66it/s]
Extract:  66%|######6   | 382/578 [01:54<00:59,  3.30it/s]
Extract:  66%|######6   | 383/578 [01:55<00:51,  3.81it/s]
Extract:  66%|######6   | 384/578 [01:55<00:55,  3.47it/s]
Extract:  67%|######6   | 386/578 [01:55<00:40,  4.72it/s]
Extract:  67%|######6   | 387/578 [01:55<00:40,  4.70it/s]
Extract:  67%|######7   | 389/578 [01:55<00:27,  6.84it/s]
Extract:  67%|######7   | 390/578 [01:56<00:27,  6.95it/s]
Extract:  68%|######7   | 391/578 [01:56<00:27,  6.76it/s]
Extract:  68%|######7   | 392/578 [01:56<00:29,  6.36it/s]
Extract:  68%|######7   | 393/578 [01:56<00:46,  3.98it/s]
Extract:  68%|######8   | 394/578 [01:57<00:50,  3.66it/s]
Extract:  68%|######8   | 395/578 [01:57<00:54,  3.33it/s]
Extract:  69%|######8   | 397/578 [01:58<00:54,  3.30it/s]
Extract:  69%|######8   | 398/578 [01:58<00:49,  3.62it/s]
Extract:  69%|######9   | 399/578 [01:58<00:47,  3.80it/s]
Extract:  69%|######9   | 400/578 [01:58<00:47,  3.73it/s]
Extract:  69%|######9   | 401/578 [01:59<00:43,  4.09it/s]
Extract:  70%|######9   | 402/578 [01:59<00:40,  4.34it/s]
Extract:  70%|######9   | 403/578 [01:59<00:59,  2.95it/s]
Extract:  70%|######9   | 404/578 [02:00<00:50,  3.47it/s]
Extract:  70%|#######   | 405/578 [02:00<00:44,  3.92it/s]
Extract:  70%|#######   | 406/578 [02:01<01:10,  2.44it/s]
Extract:  70%|#######   | 407/578 [02:01<01:33,  1.83it/s]
Extract:  71%|#######   | 408/578 [02:03<02:05,  1.36it/s]
Extract:  71%|#######   | 409/578 [02:03<01:33,  1.81it/s]
Extract:  71%|#######   | 410/578 [02:03<01:15,  2.21it/s]
Extract:  71%|#######1  | 412/578 [02:03<00:49,  3.35it/s]
Extract:  71%|#######1  | 413/578 [02:04<00:58,  2.83it/s]
Extract:  72%|#######1  | 415/578 [02:04<00:41,  3.89it/s]
Extract:  72%|#######1  | 416/578 [02:04<00:41,  3.86it/s]
Extract:  72%|#######2  | 417/578 [02:04<00:37,  4.28it/s]
Extract:  72%|#######2  | 418/578 [02:05<00:40,  3.99it/s]
Extract:  72%|#######2  | 419/578 [02:05<00:46,  3.44it/s]
Extract:  73%|#######2  | 421/578 [02:06<00:57,  2.73it/s]
Extract:  73%|#######3  | 424/578 [02:07<00:42,  3.63it/s]
Extract:  74%|#######3  | 425/578 [02:07<00:49,  3.08it/s]
Extract:  74%|#######3  | 426/578 [02:07<00:46,  3.27it/s]
Extract:  74%|#######3  | 427/578 [02:08<00:59,  2.55it/s]
Extract:  74%|#######4  | 428/578 [02:09<01:23,  1.80it/s]
Extract:  74%|#######4  | 429/578 [02:10<01:25,  1.74it/s]
Extract:  75%|#######4  | 431/578 [02:10<00:57,  2.54it/s]
Extract:  75%|#######4  | 432/578 [02:10<00:53,  2.73it/s]
Extract:  75%|#######4  | 433/578 [02:10<00:44,  3.29it/s]
Extract:  75%|#######5  | 434/578 [02:11<00:54,  2.65it/s]
Extract:  75%|#######5  | 435/578 [02:11<00:49,  2.88it/s]
Extract:  75%|#######5  | 436/578 [02:11<00:39,  3.55it/s]
Extract:  76%|#######5  | 437/578 [02:12<00:37,  3.76it/s]
Extract:  76%|#######5  | 438/578 [02:12<00:34,  4.01it/s]
Extract:  76%|#######5  | 439/578 [02:12<00:38,  3.65it/s]
Extract:  76%|#######6  | 441/578 [02:13<00:43,  3.17it/s]
Extract:  76%|#######6  | 442/578 [02:13<00:38,  3.56it/s]
Extract:  77%|#######6  | 443/578 [02:13<00:33,  4.08it/s]
Extract:  77%|#######6  | 444/578 [02:13<00:29,  4.47it/s]
Extract:  77%|#######6  | 445/578 [02:14<00:48,  2.73it/s]
Extract:  77%|#######7  | 447/578 [02:14<00:31,  4.11it/s]
Extract:  78%|#######7  | 449/578 [02:14<00:23,  5.60it/s]
Extract:  78%|#######7  | 450/578 [02:15<00:40,  3.17it/s]
Extract:  78%|#######8  | 451/578 [02:16<00:54,  2.34it/s]
Extract:  78%|#######8  | 452/578 [02:16<00:52,  2.42it/s]
Extract:  78%|#######8  | 453/578 [02:17<00:47,  2.60it/s]
Extract:  79%|#######8  | 454/578 [02:17<00:43,  2.88it/s]
Extract:  79%|#######8  | 455/578 [02:17<00:35,  3.49it/s]
Extract:  79%|#######8  | 456/578 [02:17<00:29,  4.15it/s]
Extract:  79%|#######9  | 458/578 [02:18<00:43,  2.79it/s]
Extract:  79%|#######9  | 459/578 [02:18<00:36,  3.30it/s]
Extract:  80%|#######9  | 461/578 [02:19<00:28,  4.18it/s]
Extract:  80%|#######9  | 462/578 [02:19<00:29,  3.93it/s]
Extract:  80%|########  | 463/578 [02:19<00:36,  3.18it/s]
Extract:  80%|########  | 465/578 [02:20<00:25,  4.47it/s]
Extract:  81%|########  | 466/578 [02:20<00:35,  3.17it/s]
Extract:  81%|########  | 467/578 [02:21<00:40,  2.76it/s]
Extract:  81%|########  | 468/578 [02:22<00:52,  2.11it/s]
Extract:  81%|########1 | 469/578 [02:22<00:42,  2.54it/s]
Extract:  81%|########1 | 470/578 [02:22<00:39,  2.72it/s]
Extract:  81%|########1 | 471/578 [02:22<00:42,  2.52it/s]
Extract:  82%|########1 | 472/578 [02:23<00:42,  2.49it/s]
Extract:  82%|########1 | 473/578 [02:23<00:36,  2.90it/s]
Extract:  82%|########2 | 474/578 [02:23<00:36,  2.89it/s]
Extract:  82%|########2 | 475/578 [02:24<00:30,  3.42it/s]
Extract:  82%|########2 | 476/578 [02:24<00:43,  2.35it/s]
Extract:  83%|########2 | 477/578 [02:25<00:36,  2.76it/s]
Extract:  83%|########2 | 478/578 [02:25<00:29,  3.35it/s]
Extract:  83%|########2 | 479/578 [02:25<00:28,  3.48it/s]
Extract:  83%|########3 | 480/578 [02:25<00:23,  4.10it/s]
Extract:  83%|########3 | 481/578 [02:25<00:23,  4.11it/s]
Extract:  83%|########3 | 482/578 [02:25<00:19,  4.95it/s]
Extract:  84%|########3 | 483/578 [02:26<00:16,  5.69it/s]
Extract:  84%|########3 | 484/578 [02:26<00:14,  6.33it/s]
Extract:  84%|########3 | 485/578 [02:26<00:13,  6.92it/s]
Extract:  84%|########4 | 486/578 [02:26<00:12,  7.39it/s]
Extract:  84%|########4 | 487/578 [02:26<00:24,  3.72it/s]
Extract:  84%|########4 | 488/578 [02:27<00:19,  4.56it/s]
Extract:  85%|########4 | 489/578 [02:27<00:32,  2.75it/s]
Extract:  85%|########4 | 490/578 [02:27<00:27,  3.20it/s]
Extract:  85%|########4 | 491/578 [02:28<00:27,  3.13it/s]
Extract:  85%|########5 | 492/578 [02:28<00:34,  2.47it/s]
Extract:  85%|########5 | 493/578 [02:29<00:30,  2.79it/s]
Extract:  85%|########5 | 494/578 [02:29<00:28,  2.97it/s]
Extract:  86%|########5 | 496/578 [02:29<00:18,  4.45it/s]
Extract:  86%|########5 | 497/578 [02:29<00:15,  5.08it/s]
Extract:  86%|########6 | 498/578 [02:30<00:26,  3.05it/s]
Extract:  87%|########6 | 500/578 [02:30<00:16,  4.73it/s]
Extract:  87%|########6 | 501/578 [02:30<00:15,  4.96it/s]
Extract:  87%|########7 | 503/578 [02:30<00:11,  6.40it/s]
Extract:  87%|########7 | 504/578 [02:31<00:17,  4.15it/s]
Extract:  87%|########7 | 505/578 [02:32<00:26,  2.76it/s]
Extract:  88%|########7 | 507/578 [02:32<00:17,  3.95it/s]
Extract:  88%|########7 | 508/578 [02:32<00:17,  4.03it/s]
Extract:  88%|########8 | 510/578 [02:33<00:16,  4.16it/s]
Extract:  88%|########8 | 511/578 [02:33<00:14,  4.54it/s]
Extract:  89%|########8 | 512/578 [02:33<00:15,  4.32it/s]
Extract:  89%|########8 | 514/578 [02:33<00:10,  6.10it/s]
Extract:  89%|########9 | 515/578 [02:33<00:12,  4.88it/s]
Extract:  89%|########9 | 516/578 [02:34<00:24,  2.54it/s]
Extract:  89%|########9 | 517/578 [02:35<00:22,  2.74it/s]
Extract:  90%|########9 | 519/578 [02:35<00:16,  3.48it/s]
Extract:  90%|########9 | 520/578 [02:35<00:15,  3.70it/s]
Extract:  90%|######### | 522/578 [02:36<00:11,  4.83it/s]
Extract:  90%|######### | 523/578 [02:36<00:11,  4.60it/s]
Extract:  91%|######### | 524/578 [02:36<00:10,  5.08it/s]
Extract:  91%|#########1| 526/578 [02:37<00:13,  3.98it/s]
Extract:  91%|#########1| 528/578 [02:37<00:09,  5.15it/s]
Extract:  92%|#########1| 529/578 [02:37<00:08,  5.51it/s]
Extract:  92%|#########1| 530/578 [02:37<00:08,  5.76it/s]
Extract:  92%|#########1| 531/578 [02:37<00:07,  6.19it/s]
Extract:  92%|#########2| 532/578 [02:37<00:07,  6.46it/s]
Extract:  92%|#########2| 533/578 [02:37<00:06,  6.88it/s]
Extract:  92%|#########2| 534/578 [02:38<00:07,  5.66it/s]
Extract:  93%|#########2| 535/578 [02:38<00:06,  6.25it/s]
Extract:  93%|#########2| 537/578 [02:38<00:06,  6.67it/s]
Extract:  93%|#########3| 538/578 [02:38<00:07,  5.43it/s]
Extract:  93%|#########3| 540/578 [02:39<00:07,  4.95it/s]
Extract:  94%|#########3| 541/578 [02:39<00:07,  4.80it/s]
Extract:  94%|#########3| 543/578 [02:39<00:06,  5.61it/s]
Extract:  94%|#########4| 546/578 [02:40<00:06,  4.99it/s]
Extract:  95%|#########4| 547/578 [02:41<00:10,  3.03it/s]
Extract:  95%|#########5| 550/578 [02:41<00:05,  4.79it/s]
Extract:  96%|#########5| 553/578 [02:42<00:05,  4.70it/s]
Extract:  96%|#########5| 554/578 [02:42<00:06,  3.78it/s]
Extract:  96%|#########6| 555/578 [02:43<00:07,  3.02it/s]
Extract:  96%|#########6| 556/578 [02:43<00:07,  3.05it/s]
Extract:  96%|#########6| 557/578 [02:43<00:06,  3.29it/s]
Extract:  97%|#########6| 559/578 [02:44<00:03,  4.88it/s]
Extract:  97%|#########6| 560/578 [02:44<00:05,  3.41it/s]
Extract:  97%|#########7| 561/578 [02:44<00:05,  3.34it/s]
Extract:  97%|#########7| 563/578 [02:45<00:03,  5.00it/s]
Extract:  98%|#########7| 564/578 [02:45<00:04,  3.27it/s]
Extract:  98%|#########7| 565/578 [02:46<00:04,  2.73it/s]
Extract:  98%|#########7| 566/578 [02:46<00:03,  3.35it/s]
Extract:  98%|#########8| 567/578 [02:46<00:03,  3.51it/s]
Extract:  98%|#########8| 568/578 [02:47<00:04,  2.24it/s]
Extract:  99%|#########8| 570/578 [02:47<00:02,  3.59it/s]
Extract:  99%|#########8| 572/578 [02:47<00:01,  4.74it/s]
Extract:  99%|#########9| 574/578 [02:48<00:00,  6.08it/s]
Extract:  99%|#########9| 575/578 [02:48<00:00,  6.05it/s]
Extract: 100%|#########9| 576/578 [02:48<00:00,  3.94it/s]
Extract: 100%|##########| 578/578 [02:48<00:00,  3.42it/s]

Extract:   0%|          | 0/578 [00:00<?, ?it/s]
Extract:   0%|          | 2/578 [00:00<01:27,  6.61it/s]
Extract:   1%|          | 3/578 [00:00<02:14,  4.28it/s]
Extract:   1%|          | 4/578 [00:00<02:25,  3.94it/s]
Extract:   1%|          | 5/578 [00:01<02:13,  4.28it/s]
Extract:   1%|1         | 6/578 [00:01<02:04,  4.61it/s]
Extract:   1%|1         | 7/578 [00:01<02:22,  4.00it/s]
Extract:   1%|1         | 8/578 [00:02<02:45,  3.45it/s]
Extract:   2%|1         | 9/578 [00:02<02:52,  3.30it/s]
Extract:   2%|1         | 10/578 [00:02<02:50,  3.33it/s]
Extract:   2%|1         | 11/578 [00:02<02:42,  3.49it/s]
Extract:   2%|2         | 12/578 [00:03<03:17,  2.87it/s]
Extract:   2%|2         | 13/578 [00:03<02:48,  3.36it/s]
Extract:   2%|2         | 14/578 [00:03<03:10,  2.96it/s]
Extract:   3%|2         | 15/578 [00:04<03:27,  2.71it/s]
Extract:   3%|2         | 16/578 [00:04<02:54,  3.22it/s]
Extract:   3%|3         | 18/578 [00:04<01:47,  5.22it/s]
Extract:   3%|3         | 20/578 [00:04<01:21,  6.87it/s]
Extract:   4%|3         | 21/578 [00:05<02:36,  3.55it/s]
Extract:   4%|3         | 22/578 [00:05<02:27,  3.78it/s]
Extract:   4%|3         | 23/578 [00:06<02:37,  3.53it/s]
Extract:   4%|4         | 24/578 [00:06<02:20,  3.94it/s]
Extract:   4%|4         | 26/578 [00:06<01:43,  5.32it/s]
Extract:   5%|4         | 27/578 [00:07<02:42,  3.39it/s]
Extract:   5%|5         | 29/578 [00:07<02:03,  4.45it/s]
Extract:   5%|5         | 30/578 [00:07<02:01,  4.51it/s]
Extract:   5%|5         | 31/578 [00:08<02:18,  3.96it/s]
Extract:   6%|5         | 33/578 [00:08<01:36,  5.68it/s]
Extract:   6%|6         | 35/578 [00:08<01:22,  6.57it/s]
Extract:   6%|6         | 37/578 [00:08<01:26,  6.24it/s]
Extract:   7%|6         | 38/578 [00:08<01:24,  6.41it/s]
Extract:   7%|6         | 40/578 [00:09<01:10,  7.66it/s]
Extract:   7%|7         | 41/578 [00:09<01:14,  7.20it/s]
Extract:   7%|7         | 42/578 [00:09<02:10,  4.09it/s]
Extract:   7%|7         | 43/578 [00:10<02:49,  3.15it/s]
Extract:   8%|7         | 45/578 [00:10<01:51,  4.76it/s]
Extract:   8%|7         | 46/578 [00:10<01:38,  5.39it/s]
Extract:   8%|8         | 47/578 [00:10<01:43,  5.12it/s]
Extract:   8%|8         | 49/578 [00:11<01:29,  5.88it/s]
Extract:   9%|8         | 50/578 [00:11<02:06,  4.16it/s]
Extract:   9%|8         | 51/578 [00:11<02:21,  3.73it/s]
Extract:   9%|8         | 52/578 [00:12<02:23,  3.67it/s]
Extract:   9%|9         | 54/578 [00:12<02:02,  4.27it/s]
Extract:  10%|9         | 55/578 [00:12<02:08,  4.06it/s]
Extract:  10%|9         | 56/578 [00:12<01:56,  4.48it/s]
Extract:  10%|#         | 58/578 [00:13<01:55,  4.49it/s]
Extract:  10%|#         | 59/578 [00:13<02:07,  4.08it/s]
Extract:  10%|#         | 60/578 [00:14<02:51,  3.02it/s]
Extract:  11%|#         | 61/578 [00:14<03:00,  2.87it/s]
Extract:  11%|#         | 62/578 [00:14<02:26,  3.52it/s]
Extract:  11%|#1        | 64/578 [00:15<02:03,  4.17it/s]
Extract:  11%|#1        | 65/578 [00:15<02:35,  3.31it/s]
Extract:  11%|#1        | 66/578 [00:15<02:12,  3.86it/s]
Extract:  12%|#1        | 67/578 [00:16<03:40,  2.32it/s]
Extract:  12%|#1        | 69/578 [00:17<02:38,  3.21it/s]
Extract:  12%|#2        | 71/578 [00:17<02:02,  4.13it/s]
Extract:  12%|#2        | 72/578 [00:17<01:51,  4.52it/s]
Extract:  13%|#2        | 73/578 [00:18<02:36,  3.22it/s]
Extract:  13%|#2        | 75/578 [00:18<01:52,  4.46it/s]
Extract:  13%|#3        | 76/578 [00:18<01:55,  4.33it/s]
Extract:  13%|#3        | 77/578 [00:19<02:45,  3.02it/s]
Extract:  14%|#3        | 79/578 [00:19<01:51,  4.49it/s]
Extract:  14%|#3        | 80/578 [00:19<01:39,  4.98it/s]
Extract:  14%|#4        | 81/578 [00:19<01:28,  5.62it/s]
Extract:  14%|#4        | 82/578 [00:19<01:22,  6.01it/s]
Extract:  14%|#4        | 83/578 [00:19<01:23,  5.89it/s]
Extract:  15%|#4        | 84/578 [00:20<02:26,  3.38it/s]
Extract:  15%|#4        | 85/578 [00:20<02:01,  4.06it/s]
Extract:  15%|#4        | 86/578 [00:20<01:47,  4.56it/s]
Extract:  15%|#5        | 88/578 [00:20<01:14,  6.56it/s]
Extract:  15%|#5        | 89/578 [00:21<02:11,  3.72it/s]
Extract:  16%|#5        | 90/578 [00:21<02:05,  3.90it/s]
Extract:  16%|#5        | 91/578 [00:22<03:20,  2.43it/s]
Extract:  16%|#5        | 92/578 [00:23<03:45,  2.15it/s]
Extract:  16%|#6        | 94/578 [00:23<02:46,  2.91it/s]
Extract:  17%|#6        | 96/578 [00:24<02:38,  3.04it/s]
Extract:  17%|#6        | 97/578 [00:24<02:20,  3.42it/s]
Extract:  17%|#6        | 98/578 [00:24<02:34,  3.11it/s]
Extract:  17%|#7        | 100/578 [00:25<02:04,  3.83it/s]
Extract:  17%|#7        | 101/578 [00:25<01:53,  4.22it/s]
Extract:  18%|#7        | 104/578 [00:25<01:09,  6.87it/s]
Extract:  18%|#8        | 105/578 [00:25<01:25,  5.56it/s]
Extract:  18%|#8        | 106/578 [00:25<01:18,  6.04it/s]
Extract:  19%|#8        | 107/578 [00:26<01:59,  3.95it/s]
Extract:  19%|#8        | 108/578 [00:26<02:01,  3.88it/s]
Extract:  19%|#9        | 110/578 [00:26<01:38,  4.75it/s]
Extract:  19%|#9        | 111/578 [00:27<01:36,  4.82it/s]
Extract:  20%|#9        | 113/578 [00:27<01:14,  6.27it/s]
Extract:  20%|#9        | 114/578 [00:27<01:08,  6.77it/s]
Extract:  20%|#9        | 115/578 [00:27<01:04,  7.16it/s]
Extract:  20%|##        | 116/578 [00:27<01:28,  5.22it/s]
Extract:  20%|##        | 117/578 [00:28<01:59,  3.86it/s]
Extract:  21%|##        | 120/578 [00:29<02:13,  3.43it/s]
Extract:  21%|##        | 121/578 [00:29<02:34,  2.95it/s]
Extract:  21%|##1       | 123/578 [00:29<01:52,  4.05it/s]
Extract:  22%|##1       | 125/578 [00:30<01:58,  3.83it/s]
Extract:  22%|##1       | 126/578 [00:30<01:58,  3.82it/s]
Extract:  22%|##2       | 128/578 [00:31<01:34,  4.74it/s]
Extract:  22%|##2       | 130/578 [00:31<01:41,  4.41it/s]
Extract:  23%|##2       | 131/578 [00:32<02:23,  3.12it/s]
Extract:  23%|##2       | 132/578 [00:32<02:05,  3.56it/s]
Extract:  23%|##3       | 133/578 [00:32<02:06,  3.52it/s]
Extract:  23%|##3       | 134/578 [00:32<01:50,  4.00it/s]
Extract:  23%|##3       | 135/578 [00:32<01:37,  4.52it/s]
Extract:  24%|##3       | 136/578 [00:33<01:31,  4.83it/s]
Extract:  24%|##3       | 137/578 [00:33<01:47,  4.08it/s]
Extract:  24%|##3       | 138/578 [00:33<02:20,  3.12it/s]
Extract:  24%|##4       | 139/578 [00:34<02:11,  3.34it/s]
Extract:  24%|##4       | 141/578 [00:34<01:22,  5.31it/s]
Extract:  25%|##4       | 144/578 [00:34<00:49,  8.73it/s]
Extract:  25%|##5       | 146/578 [00:35<01:28,  4.87it/s]
Extract:  26%|##5       | 148/578 [00:35<01:23,  5.16it/s]
Extract:  26%|##5       | 149/578 [00:36<01:45,  4.07it/s]
Extract:  26%|##5       | 150/578 [00:36<01:38,  4.35it/s]
Extract:  26%|##6       | 152/578 [00:36<01:10,  6.02it/s]
Extract:  26%|##6       | 153/578 [00:36<01:43,  4.11it/s]
Extract:  27%|##6       | 154/578 [00:37<01:29,  4.72it/s]
Extract:  27%|##6       | 155/578 [00:37<02:01,  3.47it/s]
Extract:  27%|##6       | 156/578 [00:37<01:41,  4.14it/s]
Extract:  27%|##7       | 157/578 [00:37<01:28,  4.74it/s]
Extract:  27%|##7       | 158/578 [00:37<01:16,  5.50it/s]
Extract:  28%|##7       | 160/578 [00:38<01:18,  5.32it/s]
Extract:  28%|##8       | 162/578 [00:38<00:58,  7.12it/s]
Extract:  28%|##8       | 163/578 [00:39<02:00,  3.43it/s]
Extract:  29%|##8       | 165/578 [00:39<01:33,  4.41it/s]
Extract:  29%|##8       | 166/578 [00:39<01:27,  4.73it/s]
Extract:  29%|##8       | 167/578 [00:40<01:56,  3.54it/s]
Extract:  29%|##9       | 168/578 [00:40<01:41,  4.05it/s]
Extract:  29%|##9       | 169/578 [00:40<01:26,  4.73it/s]
Extract:  29%|##9       | 170/578 [00:40<01:20,  5.09it/s]
Extract:  30%|##9       | 172/578 [00:40<01:17,  5.23it/s]
Extract:  30%|##9       | 173/578 [00:41<02:05,  3.23it/s]
Extract:  30%|###       | 174/578 [00:41<01:51,  3.64it/s]
Extract:  30%|###       | 175/578 [00:41<01:32,  4.36it/s]
Extract:  30%|###       | 176/578 [00:41<01:19,  5.08it/s]
Extract:  31%|###       | 177/578 [00:42<02:00,  3.33it/s]
Extract:  31%|###       | 178/578 [00:42<01:43,  3.87it/s]
Extract:  31%|###       | 179/578 [00:42<01:30,  4.40it/s]
Extract:  31%|###1      | 180/578 [00:43<02:21,  2.82it/s]
Extract:  31%|###1      | 181/578 [00:43<02:31,  2.62it/s]
Extract:  31%|###1      | 182/578 [00:44<02:09,  3.05it/s]
Extract:  32%|###1      | 184/578 [00:44<01:47,  3.68it/s]
Extract:  32%|###2      | 185/578 [00:45<02:14,  2.93it/s]
Extract:  32%|###2      | 186/578 [00:45<01:59,  3.29it/s]
Extract:  33%|###2      | 188/578 [00:45<01:31,  4.28it/s]
Extract:  33%|###2      | 189/578 [00:46<02:05,  3.09it/s]
Extract:  33%|###3      | 191/578 [00:46<02:09,  2.99it/s]
Extract:  33%|###3      | 192/578 [00:47<01:52,  3.44it/s]
Extract:  33%|###3      | 193/578 [00:47<01:34,  4.07it/s]
Extract:  34%|###3      | 195/578 [00:47<01:11,  5.39it/s]
Extract:  34%|###4      | 197/578 [00:48<01:35,  3.97it/s]
Extract:  34%|###4      | 198/578 [00:48<01:39,  3.83it/s]
Extract:  35%|###4      | 201/578 [00:49<01:31,  4.10it/s]
Extract:  35%|###4      | 202/578 [00:49<01:33,  4.02it/s]
Extract:  35%|###5      | 203/578 [00:49<02:00,  3.11it/s]
Extract:  35%|###5      | 205/578 [00:50<01:23,  4.45it/s]
Extract:  36%|###5      | 206/578 [00:50<01:24,  4.38it/s]
Extract:  36%|###5      | 207/578 [00:50<01:34,  3.94it/s]
Extract:  36%|###6      | 209/578 [00:50<01:10,  5.26it/s]
Extract:  36%|###6      | 210/578 [00:51<01:08,  5.38it/s]
Extract:  37%|###6      | 212/578 [00:51<01:47,  3.39it/s]
Extract:  37%|###6      | 213/578 [00:52<01:37,  3.75it/s]
Extract:  37%|###7      | 215/578 [00:52<01:29,  4.07it/s]
Extract:  38%|###7      | 217/578 [00:52<01:11,  5.08it/s]
Extract:  38%|###8      | 220/578 [00:52<00:51,  6.99it/s]
Extract:  38%|###8      | 221/578 [00:53<00:50,  7.13it/s]
Extract:  39%|###8      | 223/578 [00:53<00:41,  8.54it/s]
Extract:  39%|###8      | 225/578 [00:53<01:01,  5.76it/s]
Extract:  39%|###9      | 226/578 [00:54<01:06,  5.28it/s]
Extract:  39%|###9      | 227/578 [00:54<01:04,  5.47it/s]
Extract:  40%|###9      | 229/578 [00:54<00:56,  6.17it/s]
Extract:  40%|###9      | 230/578 [00:54<01:13,  4.76it/s]
Extract:  40%|###9      | 231/578 [00:55<01:19,  4.37it/s]
Extract:  40%|####      | 232/578 [00:55<01:17,  4.48it/s]
Extract:  40%|####      | 233/578 [00:55<01:08,  5.06it/s]
Extract:  40%|####      | 234/578 [00:55<01:01,  5.56it/s]
Extract:  41%|####      | 235/578 [00:55<00:58,  5.85it/s]
Extract:  41%|####      | 236/578 [00:56<01:33,  3.66it/s]
Extract:  41%|####1     | 237/578 [00:56<02:06,  2.69it/s]
Extract:  41%|####1     | 239/578 [00:57<01:21,  4.15it/s]
Extract:  42%|####1     | 240/578 [00:57<01:15,  4.45it/s]
Extract:  42%|####1     | 242/578 [00:57<00:52,  6.37it/s]
Extract:  42%|####2     | 244/578 [00:57<01:02,  5.35it/s]
Extract:  42%|####2     | 245/578 [00:57<00:58,  5.70it/s]
Extract:  43%|####2     | 247/578 [00:58<00:57,  5.75it/s]
Extract:  43%|####2     | 248/578 [00:58<01:04,  5.14it/s]
Extract:  43%|####3     | 249/578 [00:58<01:00,  5.43it/s]
Extract:  43%|####3     | 250/578 [00:58<00:54,  6.06it/s]
Extract:  43%|####3     | 251/578 [00:59<00:52,  6.22it/s]
Extract:  44%|####3     | 253/578 [00:59<00:39,  8.27it/s]
Extract:  44%|####4     | 255/578 [00:59<00:47,  6.74it/s]
Extract:  44%|####4     | 256/578 [01:00<01:10,  4.54it/s]
Extract:  44%|####4     | 257/578 [01:00<01:02,  5.11it/s]
Extract:  45%|####4     | 259/578 [01:00<00:50,  6.35it/s]
Extract:  45%|####5     | 261/578 [01:00<00:41,  7.59it/s]
Extract:  45%|####5     | 262/578 [01:00<00:53,  5.92it/s]
Extract:  46%|####5     | 263/578 [01:01<01:34,  3.33it/s]
Extract:  46%|####5     | 264/578 [01:01<01:21,  3.84it/s]
Extract:  46%|####5     | 265/578 [01:01<01:22,  3.80it/s]
Extract:  46%|####6     | 266/578 [01:02<01:15,  4.11it/s]
Extract:  46%|####6     | 267/578 [01:02<01:28,  3.52it/s]
Extract:  46%|####6     | 268/578 [01:02<01:12,  4.26it/s]
Extract:  47%|####6     | 269/578 [01:03<01:23,  3.70it/s]
Extract:  47%|####7     | 272/578 [01:03<00:42,  7.16it/s]
Extract:  47%|####7     | 274/578 [01:04<01:14,  4.09it/s]
Extract:  48%|####7     | 275/578 [01:04<01:22,  3.69it/s]
Extract:  48%|####7     | 276/578 [01:04<01:17,  3.89it/s]
Extract:  48%|####7     | 277/578 [01:04<01:09,  4.30it/s]
Extract:  48%|####8     | 280/578 [01:05<01:11,  4.19it/s]
Extract:  49%|####8     | 282/578 [01:05<00:56,  5.23it/s]
Extract:  49%|####8     | 283/578 [01:05<01:01,  4.77it/s]
Extract:  49%|####9     | 284/578 [01:06<00:55,  5.30it/s]
Extract:  49%|####9     | 285/578 [01:06<01:16,  3.84it/s]
Extract:  49%|####9     | 286/578 [01:07<01:30,  3.24it/s]
Extract:  50%|####9     | 287/578 [01:07<01:20,  3.61it/s]
Extract:  50%|####9     | 288/578 [01:07<01:09,  4.18it/s]
Extract:  50%|#####     | 289/578 [01:07<01:09,  4.14it/s]
Extract:  50%|#####     | 290/578 [01:08<01:32,  3.12it/s]
Extract:  50%|#####     | 291/578 [01:08<01:15,  3.81it/s]
Extract:  51%|#####     | 293/578 [01:08<00:49,  5.74it/s]
Extract:  51%|#####     | 294/578 [01:08<00:46,  6.14it/s]
Extract:  51%|#####1    | 295/578 [01:09<01:20,  3.52it/s]
Extract:  51%|#####1    | 296/578 [01:09<01:11,  3.94it/s]
Extract:  51%|#####1    | 297/578 [01:09<01:34,  2.98it/s]
Extract:  52%|#####1    | 299/578 [01:09<01:01,  4.54it/s]
Extract:  52%|#####1    | 300/578 [01:10<00:57,  4.79it/s]
Extract:  52%|#####2    | 301/578 [01:10<01:06,  4.15it/s]
Extract:  52%|#####2    | 303/578 [01:10<00:47,  5.81it/s]
Extract:  53%|#####2    | 304/578 [01:11<01:40,  2.72it/s]
Extract:  53%|#####2    | 305/578 [01:11<01:28,  3.08it/s]
Extract:  53%|#####3    | 307/578 [01:12<01:18,  3.44it/s]
Extract:  53%|#####3    | 308/578 [01:12<01:17,  3.46it/s]
Extract:  53%|#####3    | 309/578 [01:13<01:35,  2.83it/s]
Extract:  54%|#####3    | 310/578 [01:13<01:25,  3.13it/s]
Extract:  54%|#####3    | 311/578 [01:14<01:51,  2.39it/s]
Extract:  54%|#####3    | 312/578 [01:14<02:01,  2.19it/s]
Extract:  54%|#####4    | 313/578 [01:14<01:36,  2.75it/s]
Extract:  54%|#####4    | 314/578 [01:15<01:34,  2.78it/s]
Extract:  55%|#####4    | 316/578 [01:15<01:27,  2.98it/s]
Extract:  55%|#####5    | 318/578 [01:16<01:21,  3.20it/s]
Extract:  55%|#####5    | 319/578 [01:16<01:16,  3.40it/s]
Extract:  55%|#####5    | 320/578 [01:16<01:26,  2.99it/s]
Extract:  56%|#####5    | 321/578 [01:17<01:15,  3.39it/s]
Extract:  56%|#####5    | 322/578 [01:17<01:17,  3.31it/s]
Extract:  56%|#####5    | 323/578 [01:17<01:09,  3.68it/s]
Extract:  56%|#####6    | 325/578 [01:17<00:48,  5.25it/s]
Extract:  56%|#####6    | 326/578 [01:18<00:53,  4.71it/s]
Extract:  57%|#####6    | 327/578 [01:18<00:46,  5.39it/s]
Extract:  57%|#####6    | 328/578 [01:18<00:49,  5.04it/s]
Extract:  57%|#####7    | 330/578 [01:18<00:40,  6.15it/s]
Extract:  57%|#####7    | 331/578 [01:18<00:44,  5.49it/s]
Extract:  57%|#####7    | 332/578 [01:19<00:56,  4.36it/s]
Extract:  58%|#####7    | 334/578 [01:19<00:39,  6.23it/s]
Extract:  58%|#####7    | 335/578 [01:19<00:35,  6.77it/s]
Extract:  58%|#####8    | 337/578 [01:19<00:29,  8.04it/s]
Extract:  59%|#####8    | 339/578 [01:19<00:28,  8.26it/s]
Extract:  59%|#####8    | 340/578 [01:20<00:29,  8.11it/s]
Extract:  59%|#####8    | 341/578 [01:20<00:30,  7.71it/s]
Extract:  59%|#####9    | 342/578 [01:20<00:33,  6.96it/s]
Extract:  60%|#####9    | 344/578 [01:21<00:47,  4.90it/s]
Extract:  60%|#####9    | 345/578 [01:21<00:47,  4.95it/s]
Extract:  60%|#####9    | 346/578 [01:21<00:41,  5.54it/s]
Extract:  60%|######    | 347/578 [01:21<00:37,  6.08it/s]
Extract:  60%|######    | 349/578 [01:22<01:09,  3.28it/s]
Extract:  61%|######    | 350/578 [01:22<01:07,  3.36it/s]
Extract:  61%|######    | 351/578 [01:24<02:12,  1.71it/s]
Extract:  61%|######    | 352/578 [01:24<01:56,  1.95it/s]
Extract:  61%|######1   | 353/578 [01:24<01:44,  2.16it/s]
Extract:  61%|######1   | 355/578 [01:24<01:05,  3.40it/s]
Extract:  62%|######1   | 356/578 [01:25<01:25,  2.60it/s]
Extract:  62%|######1   | 357/578 [01:25<01:22,  2.68it/s]
Extract:  62%|######2   | 359/578 [01:26<01:02,  3.49it/s]
Extract:  62%|######2   | 360/578 [01:26<01:03,  3.41it/s]
Extract:  62%|######2   | 361/578 [01:26<00:56,  3.82it/s]
Extract:  63%|######2   | 362/578 [01:27<01:23,  2.57it/s]
Extract:  63%|######2   | 363/578 [01:27<01:08,  3.12it/s]
Extract:  63%|######2   | 364/578 [01:27<00:57,  3.70it/s]
Extract:  63%|######3   | 365/578 [01:28<01:19,  2.69it/s]
Extract:  63%|######3   | 366/578 [01:28<01:14,  2.85it/s]
Extract:  63%|######3   | 367/578 [01:29<01:33,  2.25it/s]
Extract:  64%|######3   | 368/578 [01:30<02:08,  1.63it/s]
Extract:  64%|######3   | 369/578 [01:31<02:17,  1.52it/s]
Extract:  64%|######4   | 371/578 [01:31<01:20,  2.58it/s]
Extract:  65%|######4   | 373/578 [01:31<01:09,  2.93it/s]
Extract:  65%|######4   | 374/578 [01:32<01:03,  3.22it/s]
Extract:  65%|######5   | 376/578 [01:32<00:51,  3.93it/s]
Extract:  65%|######5   | 377/578 [01:32<00:53,  3.76it/s]
Extract:  65%|######5   | 378/578 [01:32<00:47,  4.23it/s]
Extract:  66%|######5   | 379/578 [01:32<00:42,  4.71it/s]
Extract:  66%|######5   | 380/578 [01:33<00:47,  4.19it/s]
Extract:  66%|######5   | 381/578 [01:33<00:42,  4.66it/s]
Extract:  66%|######6   | 382/578 [01:34<01:01,  3.19it/s]
Extract:  66%|######6   | 383/578 [01:34<00:56,  3.43it/s]
Extract:  66%|######6   | 384/578 [01:34<01:01,  3.17it/s]
Extract:  67%|######6   | 386/578 [01:34<00:41,  4.66it/s]
Extract:  67%|######6   | 387/578 [01:34<00:39,  4.89it/s]
Extract:  67%|######7   | 390/578 [01:35<00:25,  7.31it/s]
Extract:  68%|######7   | 391/578 [01:35<00:27,  6.75it/s]
Extract:  68%|######7   | 392/578 [01:35<00:27,  6.70it/s]
Extract:  68%|######7   | 393/578 [01:35<00:31,  5.96it/s]
Extract:  68%|######8   | 394/578 [01:35<00:30,  6.10it/s]
Extract:  68%|######8   | 395/578 [01:36<00:33,  5.54it/s]
Extract:  69%|######8   | 397/578 [01:36<00:32,  5.60it/s]
Extract:  69%|######8   | 398/578 [01:36<00:30,  5.92it/s]
Extract:  69%|######9   | 399/578 [01:36<00:28,  6.33it/s]
Extract:  69%|######9   | 401/578 [01:36<00:22,  7.89it/s]
Extract:  70%|######9   | 403/578 [01:37<00:19,  9.09it/s]
Extract:  70%|#######   | 405/578 [01:37<00:28,  6.11it/s]
Extract:  70%|#######   | 406/578 [01:37<00:28,  5.96it/s]
Extract:  70%|#######   | 407/578 [01:38<00:38,  4.43it/s]
Extract:  71%|#######   | 408/578 [01:38<00:52,  3.27it/s]
Extract:  71%|#######   | 410/578 [01:39<00:39,  4.23it/s]
Extract:  71%|#######1  | 412/578 [01:39<00:30,  5.51it/s]
Extract:  71%|#######1  | 413/578 [01:39<00:34,  4.82it/s]
Extract:  72%|#######1  | 415/578 [01:39<00:26,  6.18it/s]
Extract:  72%|#######1  | 416/578 [01:39<00:25,  6.29it/s]
Extract:  72%|#######2  | 418/578 [01:40<00:25,  6.34it/s]
Extract:  72%|#######2  | 419/578 [01:40<00:27,  5.72it/s]
Extract:  73%|#######2  | 421/578 [01:41<00:37,  4.21it/s]
Extract:  73%|#######3  | 424/578 [01:41<00:25,  5.96it/s]
Extract:  74%|#######3  | 425/578 [01:41<00:32,  4.74it/s]
Extract:  74%|#######3  | 426/578 [01:41<00:30,  4.93it/s]
Extract:  74%|#######3  | 427/578 [01:42<00:39,  3.86it/s]
Extract:  74%|#######4  | 428/578 [01:43<00:57,  2.63it/s]
Extract:  74%|#######4  | 429/578 [01:44<01:16,  1.95it/s]
Extract:  75%|#######4  | 431/578 [01:44<00:49,  2.97it/s]
Extract:  75%|#######4  | 432/578 [01:44<00:44,  3.28it/s]
Extract:  75%|#######5  | 434/578 [01:45<00:44,  3.24it/s]
Extract:  75%|#######5  | 435/578 [01:45<00:38,  3.70it/s]
Extract:  76%|#######5  | 437/578 [01:45<00:28,  4.87it/s]
Extract:  76%|#######5  | 438/578 [01:45<00:26,  5.30it/s]
Extract:  76%|#######5  | 439/578 [01:45<00:27,  4.99it/s]
Extract:  76%|#######6  | 441/578 [01:46<00:29,  4.62it/s]
Extract:  76%|#######6  | 442/578 [01:46<00:27,  4.96it/s]
Extract:  77%|#######6  | 444/578 [01:46<00:21,  6.13it/s]
Extract:  77%|#######6  | 445/578 [01:47<00:30,  4.37it/s]
Extract:  77%|#######7  | 447/578 [01:47<00:21,  6.13it/s]
Extract:  78%|#######7  | 449/578 [01:47<00:16,  7.74it/s]
Extract:  78%|#######8  | 451/578 [01:48<00:33,  3.80it/s]
Extract:  78%|#######8  | 452/578 [01:48<00:30,  4.09it/s]
Extract:  79%|#######8  | 454/578 [01:48<00:24,  5.14it/s]
Extract:  79%|#######8  | 456/578 [01:48<00:18,  6.63it/s]
Extract:  79%|#######9  | 458/578 [01:49<00:19,  6.30it/s]
Extract:  80%|#######9  | 460/578 [01:49<00:14,  7.98it/s]
Extract:  80%|#######9  | 462/578 [01:49<00:14,  8.23it/s]
Extract:  80%|########  | 464/578 [01:49<00:16,  7.05it/s]
Extract:  81%|########  | 466/578 [01:50<00:15,  7.33it/s]
Extract:  81%|########  | 467/578 [01:50<00:19,  5.67it/s]
Extract:  81%|########  | 468/578 [01:51<00:33,  3.25it/s]
Extract:  81%|########1 | 470/578 [01:51<00:26,  4.13it/s]
Extract:  81%|########1 | 471/578 [01:51<00:27,  3.90it/s]
Extract:  82%|########1 | 472/578 [01:52<00:29,  3.62it/s]
Extract:  82%|########1 | 473/578 [01:52<00:27,  3.78it/s]
Extract:  82%|########2 | 474/578 [01:52<00:27,  3.74it/s]
Extract:  82%|########2 | 475/578 [01:52<00:24,  4.18it/s]
Extract:  82%|########2 | 476/578 [01:53<00:31,  3.23it/s]
Extract:  83%|########2 | 477/578 [01:53<00:26,  3.88it/s]
Extract:  83%|########2 | 478/578 [01:53<00:21,  4.71it/s]
Extract:  83%|########2 | 479/578 [01:53<00:19,  5.20it/s]
Extract:  83%|########3 | 481/578 [01:54<00:15,  6.34it/s]
Extract:  84%|########3 | 483/578 [01:54<00:12,  7.50it/s]
Extract:  84%|########3 | 485/578 [01:54<00:10,  9.00it/s]
Extract:  84%|########4 | 487/578 [01:54<00:11,  8.20it/s]
Extract:  85%|########4 | 489/578 [01:55<00:18,  4.82it/s]
Extract:  85%|########4 | 490/578 [01:55<00:17,  5.04it/s]
Extract:  85%|########4 | 491/578 [01:55<00:18,  4.71it/s]
Extract:  85%|########5 | 492/578 [01:56<00:19,  4.36it/s]
Extract:  85%|########5 | 493/578 [01:56<00:19,  4.37it/s]
Extract:  85%|########5 | 494/578 [01:56<00:18,  4.60it/s]
Extract:  86%|########5 | 496/578 [01:56<00:12,  6.60it/s]
Extract:  86%|########6 | 498/578 [01:57<00:17,  4.67it/s]
Extract:  87%|########6 | 501/578 [01:57<00:11,  6.63it/s]
Extract:  87%|########7 | 503/578 [01:57<00:09,  8.28it/s]
Extract:  87%|########7 | 505/578 [01:58<00:18,  3.98it/s]
Extract:  88%|########7 | 507/578 [01:58<00:14,  4.82it/s]
Extract:  88%|########7 | 508/578 [01:59<00:14,  4.81it/s]
Extract:  88%|########8 | 510/578 [01:59<00:13,  5.14it/s]
Extract:  88%|########8 | 511/578 [01:59<00:12,  5.49it/s]
Extract:  89%|########8 | 512/578 [01:59<00:13,  4.95it/s]
Extract:  89%|########9 | 515/578 [02:00<00:09,  6.39it/s]
Extract:  89%|########9 | 516/578 [02:00<00:13,  4.74it/s]
Extract:  89%|########9 | 517/578 [02:00<00:13,  4.49it/s]
Extract:  90%|########9 | 519/578 [02:01<00:11,  5.14it/s]
Extract:  90%|########9 | 520/578 [02:01<00:10,  5.61it/s]
Extract:  90%|######### | 522/578 [02:01<00:07,  7.21it/s]
Extract:  90%|######### | 523/578 [02:01<00:08,  6.84it/s]
Extract:  91%|######### | 524/578 [02:01<00:07,  6.77it/s]
Extract:  91%|#########1| 526/578 [02:02<00:11,  4.61it/s]
Extract:  91%|#########1| 528/578 [02:02<00:08,  5.67it/s]
Extract:  92%|#########1| 529/578 [02:02<00:07,  6.13it/s]
Extract:  92%|#########1| 530/578 [02:02<00:07,  6.59it/s]
Extract:  92%|#########1| 531/578 [02:03<00:06,  6.96it/s]
Extract:  92%|#########2| 532/578 [02:03<00:06,  7.34it/s]
Extract:  92%|#########2| 533/578 [02:03<00:05,  7.57it/s]
Extract:  92%|#########2| 534/578 [02:03<00:06,  6.86it/s]
Extract:  93%|#########2| 535/578 [02:03<00:05,  7.53it/s]
Extract:  93%|#########2| 537/578 [02:03<00:05,  7.78it/s]
Extract:  93%|#########3| 538/578 [02:03<00:05,  6.96it/s]
Extract:  93%|#########3| 540/578 [02:04<00:07,  5.41it/s]
Extract:  94%|#########3| 541/578 [02:04<00:07,  5.09it/s]
Extract:  94%|#########3| 543/578 [02:05<00:06,  5.35it/s]
Extract:  94%|#########4| 545/578 [02:05<00:04,  7.06it/s]
Extract:  94%|#########4| 546/578 [02:06<00:09,  3.32it/s]
Extract:  95%|#########4| 547/578 [02:06<00:11,  2.74it/s]
Extract:  95%|#########4| 548/578 [02:06<00:09,  3.32it/s]
Extract:  95%|#########5| 551/578 [02:06<00:04,  5.77it/s]
Extract:  96%|#########5| 553/578 [02:07<00:05,  4.72it/s]
Extract:  96%|#########5| 554/578 [02:07<00:06,  3.83it/s]
Extract:  96%|#########6| 555/578 [02:08<00:07,  3.12it/s]
Extract:  96%|#########6| 556/578 [02:08<00:06,  3.17it/s]
Extract:  96%|#########6| 557/578 [02:09<00:06,  3.08it/s]
Extract:  97%|#########6| 559/578 [02:09<00:04,  4.54it/s]
Extract:  97%|#########6| 560/578 [02:10<00:06,  2.81it/s]
Extract:  97%|#########7| 561/578 [02:10<00:05,  2.99it/s]
Extract:  98%|#########7| 564/578 [02:11<00:03,  3.63it/s]
Extract:  98%|#########7| 565/578 [02:11<00:04,  3.07it/s]
Extract:  98%|#########7| 566/578 [02:11<00:03,  3.46it/s]
Extract:  98%|#########8| 567/578 [02:12<00:03,  3.32it/s]
Extract:  98%|#########8| 568/578 [02:13<00:04,  2.10it/s]
Extract:  99%|#########8| 570/578 [02:13<00:02,  3.16it/s]
Extract:  99%|#########8| 572/578 [02:13<00:01,  4.26it/s]
Extract:  99%|#########9| 574/578 [02:13<00:00,  5.63it/s]
Extract:  99%|#########9| 575/578 [02:13<00:00,  5.29it/s]
Extract: 100%|#########9| 576/578 [02:14<00:00,  3.63it/s]
Extract: 100%|##########| 578/578 [02:14<00:00,  4.30it/s]

Extract:   0%|          | 0/578 [00:00<?, ?it/s]
Extract:   0%|          | 2/578 [00:00<01:04,  8.93it/s]
Extract:   1%|          | 3/578 [00:00<01:22,  7.00it/s]
Extract:   1%|          | 4/578 [00:00<02:11,  4.38it/s]
Extract:   1%|          | 5/578 [00:00<02:06,  4.54it/s]
Extract:   1%|1         | 6/578 [00:01<01:57,  4.85it/s]
Extract:   1%|1         | 7/578 [00:01<02:57,  3.21it/s]
Extract:   1%|1         | 8/578 [00:02<03:44,  2.54it/s]
Extract:   2%|1         | 9/578 [00:02<04:00,  2.37it/s]
Extract:   2%|1         | 10/578 [00:03<03:44,  2.53it/s]
Extract:   2%|1         | 11/578 [00:03<04:14,  2.23it/s]
Extract:   2%|2         | 12/578 [00:04<05:23,  1.75it/s]
Extract:   2%|2         | 13/578 [00:04<04:33,  2.07it/s]
Extract:   2%|2         | 14/578 [00:05<05:06,  1.84it/s]
Extract:   3%|2         | 15/578 [00:06<05:39,  1.66it/s]
Extract:   3%|2         | 16/578 [00:06<04:30,  2.07it/s]
Extract:   3%|3         | 18/578 [00:06<02:41,  3.46it/s]
Extract:   3%|3         | 20/578 [00:06<02:08,  4.35it/s]
Extract:   4%|3         | 21/578 [00:07<03:07,  2.98it/s]
Extract:   4%|3         | 22/578 [00:07<03:05,  3.00it/s]
Extract:   4%|3         | 23/578 [00:08<03:15,  2.84it/s]
Extract:   4%|4         | 24/578 [00:08<02:54,  3.18it/s]
Extract:   4%|4         | 26/578 [00:08<02:04,  4.44it/s]
Extract:   5%|4         | 27/578 [00:09<03:15,  2.82it/s]
Extract:   5%|4         | 28/578 [00:09<02:44,  3.34it/s]
Extract:   5%|5         | 29/578 [00:09<02:45,  3.32it/s]
Extract:   5%|5         | 30/578 [00:10<02:50,  3.21it/s]
Extract:   5%|5         | 31/578 [00:10<02:52,  3.16it/s]
Extract:   6%|5         | 32/578 [00:10<02:22,  3.84it/s]
Extract:   6%|5         | 34/578 [00:10<01:35,  5.69it/s]
Extract:   6%|6         | 35/578 [00:10<01:29,  6.10it/s]
Extract:   6%|6         | 36/578 [00:11<01:24,  6.43it/s]
Extract:   6%|6         | 37/578 [00:11<01:54,  4.74it/s]
Extract:   7%|6         | 38/578 [00:11<01:53,  4.75it/s]
Extract:   7%|6         | 40/578 [00:11<01:33,  5.75it/s]
Extract:   7%|7         | 41/578 [00:12<01:42,  5.22it/s]
Extract:   7%|7         | 42/578 [00:13<03:12,  2.79it/s]
Extract:   7%|7         | 43/578 [00:13<03:53,  2.29it/s]
Extract:   8%|7         | 45/578 [00:13<02:29,  3.56it/s]
Extract:   8%|7         | 46/578 [00:13<02:07,  4.17it/s]
Extract:   8%|8         | 47/578 [00:14<02:10,  4.08it/s]
Extract:   8%|8         | 49/578 [00:14<01:34,  5.58it/s]
Extract:   9%|8         | 50/578 [00:14<02:27,  3.58it/s]
Extract:   9%|8         | 51/578 [00:15<02:54,  3.02it/s]
Extract:   9%|8         | 52/578 [00:16<03:59,  2.19it/s]
Extract:   9%|9         | 53/578 [00:16<03:14,  2.71it/s]
Extract:   9%|9         | 54/578 [00:17<04:01,  2.17it/s]
Extract:  10%|9         | 55/578 [00:17<03:53,  2.24it/s]
Extract:  10%|9         | 56/578 [00:17<03:08,  2.77it/s]
Extract:  10%|#         | 58/578 [00:18<02:30,  3.47it/s]
Extract:  10%|#         | 59/578 [00:18<02:56,  2.94it/s]
Extract:  10%|#         | 60/578 [00:19<04:08,  2.08it/s]
Extract:  11%|#         | 61/578 [00:19<04:08,  2.08it/s]
Extract:  11%|#         | 62/578 [00:20<03:14,  2.65it/s]
Extract:  11%|#1        | 64/578 [00:20<02:28,  3.47it/s]
Extract:  11%|#1        | 65/578 [00:20<02:51,  2.99it/s]
Extract:  11%|#1        | 66/578 [00:21<02:27,  3.48it/s]
Extract:  12%|#1        | 67/578 [00:21<03:21,  2.53it/s]
Extract:  12%|#1        | 69/578 [00:22<03:00,  2.81it/s]
Extract:  12%|#2        | 71/578 [00:22<02:13,  3.81it/s]
Extract:  12%|#2        | 72/578 [00:22<01:58,  4.28it/s]
Extract:  13%|#2        | 73/578 [00:23<02:40,  3.15it/s]
Extract:  13%|#2        | 75/578 [00:23<01:53,  4.43it/s]
Extract:  13%|#3        | 76/578 [00:23<02:02,  4.11it/s]
Extract:  13%|#3        | 77/578 [00:24<02:57,  2.82it/s]
Extract:  14%|#3        | 79/578 [00:24<01:59,  4.16it/s]
Extract:  14%|#3        | 80/578 [00:24<01:53,  4.38it/s]
Extract:  14%|#4        | 81/578 [00:24<01:46,  4.69it/s]
Extract:  14%|#4        | 82/578 [00:25<01:39,  4.96it/s]
Extract:  14%|#4        | 83/578 [00:25<01:38,  5.01it/s]
Extract:  15%|#4        | 84/578 [00:26<03:08,  2.63it/s]
Extract:  15%|#4        | 85/578 [00:26<02:36,  3.15it/s]
Extract:  15%|#4        | 86/578 [00:26<02:15,  3.64it/s]
Extract:  15%|#5        | 88/578 [00:26<01:30,  5.41it/s]
Extract:  15%|#5        | 89/578 [00:27<02:23,  3.42it/s]
Extract:  16%|#5        | 90/578 [00:27<02:13,  3.67it/s]
Extract:  16%|#5        | 91/578 [00:28<03:17,  2.46it/s]
Extract:  16%|#5        | 92/578 [00:28<03:59,  2.03it/s]
Extract:  16%|#6        | 93/578 [00:29<03:08,  2.57it/s]
Extract:  16%|#6        | 94/578 [00:29<02:58,  2.72it/s]
Extract:  17%|#6        | 96/578 [00:30<02:54,  2.76it/s]
Extract:  17%|#6        | 97/578 [00:30<02:32,  3.15it/s]
Extract:  17%|#6        | 98/578 [00:30<02:34,  3.11it/s]
Extract:  17%|#7        | 99/578 [00:30<02:09,  3.70it/s]
Extract:  17%|#7        | 100/578 [00:31<02:16,  3.51it/s]
Extract:  17%|#7        | 101/578 [00:31<02:00,  3.96it/s]
Extract:  18%|#7        | 104/578 [00:31<01:06,  7.17it/s]
Extract:  18%|#8        | 105/578 [00:32<01:58,  3.99it/s]
Extract:  18%|#8        | 106/578 [00:32<01:50,  4.25it/s]
Extract:  19%|#8        | 107/578 [00:32<02:41,  2.91it/s]
Extract:  19%|#8        | 108/578 [00:33<02:44,  2.85it/s]
Extract:  19%|#9        | 110/578 [00:33<02:05,  3.73it/s]
Extract:  19%|#9        | 111/578 [00:33<01:55,  4.04it/s]
Extract:  20%|#9        | 113/578 [00:34<01:26,  5.38it/s]
Extract:  20%|#9        | 114/578 [00:34<01:21,  5.67it/s]
Extract:  20%|#9        | 115/578 [00:34<01:14,  6.23it/s]
Extract:  20%|##        | 116/578 [00:34<01:24,  5.46it/s]
Extract:  20%|##        | 117/578 [00:34<01:54,  4.04it/s]
Extract:  21%|##        | 120/578 [00:35<01:42,  4.47it/s]
Extract:  21%|##        | 121/578 [00:36<02:58,  2.56it/s]
Extract:  21%|##1       | 123/578 [00:36<02:05,  3.63it/s]
Extract:  22%|##1       | 125/578 [00:37<02:10,  3.47it/s]
Extract:  22%|##1       | 126/578 [00:37<02:09,  3.48it/s]
Extract:  22%|##2       | 128/578 [00:37<01:44,  4.31it/s]
Extract:  22%|##2       | 130/578 [00:38<01:57,  3.83it/s]
Extract:  23%|##2       | 131/578 [00:39<02:23,  3.12it/s]
Extract:  23%|##2       | 132/578 [00:39<02:05,  3.56it/s]
Extract:  23%|##3       | 133/578 [00:39<02:08,  3.46it/s]
Extract:  23%|##3       | 134/578 [00:39<01:55,  3.84it/s]
Extract:  23%|##3       | 135/578 [00:39<01:48,  4.07it/s]
Extract:  24%|##3       | 136/578 [00:40<01:36,  4.57it/s]
Extract:  24%|##3       | 137/578 [00:40<02:51,  2.57it/s]
Extract:  24%|##3       | 138/578 [00:41<03:13,  2.27it/s]
Extract:  24%|##4       | 139/578 [00:41<03:03,  2.39it/s]
Extract:  24%|##4       | 141/578 [00:41<01:52,  3.90it/s]
Extract:  25%|##4       | 143/578 [00:42<01:16,  5.67it/s]
Extract:  25%|##5       | 146/578 [00:42<01:34,  4.56it/s]
Extract:  25%|##5       | 147/578 [00:43<01:26,  4.97it/s]
Extract:  26%|##5       | 148/578 [00:43<01:26,  4.97it/s]
Extract:  26%|##5       | 149/578 [00:43<01:54,  3.75it/s]
Extract:  26%|##5       | 150/578 [00:43<01:41,  4.23it/s]
Extract:  26%|##6       | 152/578 [00:44<01:26,  4.94it/s]
Extract:  26%|##6       | 153/578 [00:44<02:01,  3.50it/s]
Extract:  27%|##6       | 155/578 [00:45<01:57,  3.61it/s]
Extract:  27%|##7       | 157/578 [00:45<01:24,  4.99it/s]
Extract:  28%|##7       | 159/578 [00:45<01:05,  6.41it/s]
Extract:  28%|##7       | 160/578 [00:45<01:10,  5.92it/s]
Extract:  28%|##8       | 162/578 [00:45<00:54,  7.67it/s]
Extract:  28%|##8       | 164/578 [00:46<01:26,  4.81it/s]
Extract:  29%|##8       | 165/578 [00:46<01:23,  4.94it/s]
Extract:  29%|##8       | 166/578 [00:46<01:19,  5.18it/s]
Extract:  29%|##8       | 167/578 [00:47<01:50,  3.72it/s]
Extract:  29%|##9       | 168/578 [00:47<01:39,  4.13it/s]
Extract:  29%|##9       | 169/578 [00:47<01:26,  4.71it/s]
Extract:  29%|##9       | 170/578 [00:47<01:22,  4.95it/s]
Extract:  30%|##9       | 172/578 [00:48<01:41,  4.01it/s]
Extract:  30%|##9       | 173/578 [00:49<02:14,  3.02it/s]
Extract:  30%|###       | 174/578 [00:49<01:57,  3.44it/s]
Extract:  30%|###       | 175/578 [00:49<01:40,  3.99it/s]
Extract:  30%|###       | 176/578 [00:49<01:30,  4.46it/s]
Extract:  31%|###       | 177/578 [00:50<02:14,  2.99it/s]
Extract:  31%|###       | 178/578 [00:50<01:54,  3.50it/s]
Extract:  31%|###       | 179/578 [00:50<01:37,  4.11it/s]
Extract:  31%|###1      | 180/578 [00:50<01:57,  3.37it/s]
Extract:  31%|###1      | 181/578 [00:51<02:24,  2.75it/s]
Extract:  31%|###1      | 182/578 [00:51<02:12,  2.99it/s]
Extract:  32%|###1      | 184/578 [00:52<01:45,  3.74it/s]
Extract:  32%|###2      | 185/578 [00:53<03:01,  2.16it/s]
Extract:  32%|###2      | 186/578 [00:53<02:36,  2.50it/s]
Extract:  33%|###2      | 188/578 [00:53<01:52,  3.46it/s]
Extract:  33%|###2      | 189/578 [00:54<02:24,  2.70it/s]
Extract:  33%|###3      | 191/578 [00:54<02:10,  2.97it/s]
Extract:  33%|###3      | 192/578 [00:55<01:54,  3.37it/s]
Extract:  34%|###3      | 194/578 [00:55<01:23,  4.61it/s]
Extract:  34%|###3      | 196/578 [00:55<01:00,  6.30it/s]
Extract:  34%|###4      | 198/578 [00:56<01:35,  3.98it/s]
Extract:  35%|###4      | 201/578 [00:57<01:46,  3.53it/s]
Extract:  35%|###4      | 202/578 [00:57<01:42,  3.65it/s]
Extract:  35%|###5      | 203/578 [00:58<02:19,  2.68it/s]
Extract:  35%|###5      | 205/578 [00:58<01:39,  3.74it/s]
Extract:  36%|###5      | 206/578 [00:58<01:35,  3.88it/s]
Extract:  36%|###5      | 207/578 [00:58<01:51,  3.34it/s]
Extract:  36%|###6      | 209/578 [00:59<01:22,  4.48it/s]
Extract:  36%|###6      | 210/578 [00:59<01:23,  4.40it/s]
Extract:  37%|###6      | 212/578 [01:00<01:48,  3.38it/s]
Extract:  37%|###6      | 213/578 [01:00<01:42,  3.56it/s]
Extract:  37%|###7      | 215/578 [01:01<01:51,  3.24it/s]
Extract:  38%|###7      | 217/578 [01:01<01:35,  3.79it/s]
Extract:  38%|###7      | 219/578 [01:01<01:11,  5.02it/s]
Extract:  38%|###8      | 220/578 [01:01<01:10,  5.09it/s]
Extract:  38%|###8      | 221/578 [01:02<01:07,  5.33it/s]
Extract:  39%|###8      | 223/578 [01:02<00:58,  6.02it/s]
Extract:  39%|###8      | 224/578 [01:02<00:57,  6.18it/s]
Extract:  39%|###8      | 225/578 [01:03<01:45,  3.36it/s]
Extract:  39%|###9      | 226/578 [01:03<01:48,  3.23it/s]
Extract:  39%|###9      | 227/578 [01:03<01:38,  3.55it/s]
Extract:  40%|###9      | 229/578 [01:04<01:18,  4.43it/s]
Extract:  40%|###9      | 230/578 [01:04<02:10,  2.68it/s]
Extract:  40%|###9      | 231/578 [01:05<02:16,  2.54it/s]
Extract:  40%|####      | 232/578 [01:05<02:05,  2.76it/s]
Extract:  40%|####      | 233/578 [01:05<01:54,  3.02it/s]
Extract:  40%|####      | 234/578 [01:06<01:48,  3.17it/s]
Extract:  41%|####      | 235/578 [01:06<01:39,  3.44it/s]
Extract:  41%|####      | 236/578 [01:07<03:01,  1.89it/s]
Extract:  41%|####1     | 237/578 [01:08<03:29,  1.63it/s]
Extract:  41%|####1     | 239/578 [01:08<02:12,  2.56it/s]
Extract:  42%|####1     | 240/578 [01:09<02:32,  2.22it/s]
Extract:  42%|####1     | 241/578 [01:09<02:25,  2.31it/s]
Extract:  42%|####1     | 242/578 [01:09<02:16,  2.46it/s]
Extract:  42%|####2     | 243/578 [01:10<01:48,  3.09it/s]
Extract:  42%|####2     | 244/578 [01:11<03:17,  1.69it/s]
Extract:  42%|####2     | 245/578 [01:11<03:25,  1.62it/s]
Extract:  43%|####2     | 246/578 [01:12<03:14,  1.71it/s]
Extract:  43%|####2     | 247/578 [01:13<03:53,  1.42it/s]
Extract:  43%|####2     | 248/578 [01:14<03:42,  1.49it/s]
Extract:  43%|####3     | 249/578 [01:14<02:54,  1.88it/s]
Extract:  43%|####3     | 250/578 [01:14<02:19,  2.36it/s]
Extract:  43%|####3     | 251/578 [01:14<02:00,  2.71it/s]
Extract:  44%|####3     | 253/578 [01:15<01:55,  2.81it/s]
Extract:  44%|####4     | 255/578 [01:15<01:44,  3.09it/s]
Extract:  44%|####4     | 256/578 [01:16<02:21,  2.27it/s]
Extract:  44%|####4     | 257/578 [01:16<02:01,  2.65it/s]
Extract:  45%|####4     | 258/578 [01:17<01:42,  3.12it/s]
Extract:  45%|####4     | 259/578 [01:17<01:28,  3.62it/s]
Extract:  45%|####4     | 260/578 [01:17<01:20,  3.94it/s]
Extract:  45%|####5     | 261/578 [01:17<01:14,  4.25it/s]
Extract:  45%|####5     | 262/578 [01:18<01:46,  2.97it/s]
Extract:  46%|####5     | 263/578 [01:19<02:32,  2.06it/s]
Extract:  46%|####5     | 264/578 [01:19<02:00,  2.61it/s]
Extract:  46%|####5     | 265/578 [01:19<02:06,  2.48it/s]
Extract:  46%|####6     | 266/578 [01:19<02:00,  2.58it/s]
Extract:  46%|####6     | 267/578 [01:20<02:14,  2.31it/s]
Extract:  46%|####6     | 268/578 [01:20<01:47,  2.89it/s]
Extract:  47%|####6     | 269/578 [01:21<02:02,  2.51it/s]
Extract:  47%|####6     | 271/578 [01:21<01:15,  4.08it/s]
Extract:  47%|####7     | 273/578 [01:22<01:47,  2.82it/s]
Extract:  47%|####7     | 274/578 [01:23<02:48,  1.81it/s]
Extract:  48%|####7     | 275/578 [01:24<03:22,  1.50it/s]
Extract:  48%|####7     | 276/578 [01:24<02:50,  1.77it/s]
Extract:  48%|####7     | 277/578 [01:25<02:19,  2.16it/s]
Extract:  48%|####8     | 280/578 [01:25<01:38,  3.01it/s]
Extract:  49%|####8     | 282/578 [01:25<01:15,  3.94it/s]
Extract:  49%|####8     | 283/578 [01:26<01:21,  3.60it/s]
Extract:  49%|####9     | 284/578 [01:26<01:12,  4.05it/s]
Extract:  49%|####9     | 285/578 [01:26<01:19,  3.69it/s]
Extract:  49%|####9     | 286/578 [01:27<01:19,  3.67it/s]
Extract:  50%|####9     | 287/578 [01:27<01:10,  4.10it/s]
Extract:  50%|####9     | 288/578 [01:27<01:03,  4.54it/s]
Extract:  50%|#####     | 289/578 [01:27<01:21,  3.54it/s]
Extract:  50%|#####     | 290/578 [01:28<02:32,  1.88it/s]
Extract:  50%|#####     | 291/578 [01:29<02:05,  2.29it/s]
Extract:  51%|#####     | 293/578 [01:29<01:17,  3.68it/s]
Extract:  51%|#####     | 294/578 [01:29<01:15,  3.78it/s]
Extract:  51%|#####1    | 295/578 [01:30<02:10,  2.16it/s]
Extract:  51%|#####1    | 296/578 [01:30<01:49,  2.59it/s]
Extract:  51%|#####1    | 297/578 [01:31<02:11,  2.14it/s]
Extract:  52%|#####1    | 299/578 [01:31<01:21,  3.44it/s]
Extract:  52%|#####1    | 300/578 [01:31<01:09,  4.00it/s]
Extract:  52%|#####2    | 301/578 [01:32<01:59,  2.33it/s]
Extract:  52%|#####2    | 303/578 [01:32<01:18,  3.52it/s]
Extract:  53%|#####2    | 304/578 [01:33<01:39,  2.74it/s]
Extract:  53%|#####2    | 305/578 [01:33<01:28,  3.09it/s]
Extract:  53%|#####3    | 307/578 [01:34<01:18,  3.47it/s]
Extract:  53%|#####3    | 308/578 [01:34<01:20,  3.36it/s]
Extract:  53%|#####3    | 309/578 [01:35<01:43,  2.59it/s]
Extract:  54%|#####3    | 310/578 [01:35<01:30,  2.97it/s]
Extract:  54%|#####3    | 311/578 [01:35<01:45,  2.54it/s]
Extract:  54%|#####3    | 312/578 [01:36<02:03,  2.16it/s]
Extract:  54%|#####4    | 313/578 [01:36<01:41,  2.62it/s]
Extract:  54%|#####4    | 314/578 [01:37<01:41,  2.60it/s]
Extract:  55%|#####4    | 316/578 [01:37<01:26,  3.03it/s]
Extract:  55%|#####5    | 318/578 [01:38<01:18,  3.30it/s]
Extract:  55%|#####5    | 319/578 [01:38<01:15,  3.41it/s]
Extract:  55%|#####5    | 320/578 [01:39<01:54,  2.25it/s]
Extract:  56%|#####5    | 321/578 [01:39<01:33,  2.74it/s]
Extract:  56%|#####5    | 322/578 [01:39<01:28,  2.90it/s]
Extract:  56%|#####5    | 323/578 [01:39<01:13,  3.46it/s]
Extract:  56%|#####6    | 325/578 [01:40<00:50,  5.05it/s]
Extract:  56%|#####6    | 326/578 [01:40<00:51,  4.93it/s]
Extract:  57%|#####6    | 327/578 [01:40<00:44,  5.62it/s]
Extract:  57%|#####6    | 328/578 [01:40<00:48,  5.16it/s]
Extract:  57%|#####7    | 330/578 [01:40<00:40,  6.17it/s]
Extract:  57%|#####7    | 331/578 [01:41<00:42,  5.85it/s]
Extract:  57%|#####7    | 332/578 [01:41<00:54,  4.50it/s]
Extract:  58%|#####7    | 334/578 [01:41<00:40,  6.08it/s]
Extract:  58%|#####7    | 335/578 [01:41<00:37,  6.47it/s]
Extract:  58%|#####8    | 337/578 [01:41<00:32,  7.34it/s]
Extract:  59%|#####8    | 339/578 [01:42<00:30,  7.86it/s]
Extract:  59%|#####8    | 340/578 [01:42<00:31,  7.54it/s]
Extract:  59%|#####8    | 341/578 [01:42<00:32,  7.32it/s]
Extract:  59%|#####9    | 342/578 [01:42<00:38,  6.09it/s]
Extract:  60%|#####9    | 344/578 [01:43<00:49,  4.76it/s]
Extract:  60%|#####9    | 345/578 [01:43<00:45,  5.16it/s]
Extract:  60%|######    | 347/578 [01:43<00:36,  6.37it/s]
Extract:  60%|######    | 349/578 [01:44<00:54,  4.22it/s]
Extract:  61%|######    | 350/578 [01:44<00:53,  4.25it/s]
Extract:  61%|######    | 351/578 [01:45<01:13,  3.07it/s]
Extract:  61%|######1   | 353/578 [01:45<00:59,  3.79it/s]
Extract:  61%|######1   | 355/578 [01:45<00:44,  5.01it/s]
Extract:  62%|######1   | 356/578 [01:46<01:02,  3.57it/s]
Extract:  62%|######1   | 357/578 [01:47<01:45,  2.09it/s]
Extract:  62%|######2   | 359/578 [01:47<01:16,  2.84it/s]
Extract:  62%|######2   | 360/578 [01:48<01:12,  3.03it/s]
Extract:  63%|######2   | 362/578 [01:48<01:09,  3.12it/s]
Extract:  63%|######2   | 363/578 [01:48<00:59,  3.61it/s]
Extract:  63%|######2   | 364/578 [01:48<00:51,  4.20it/s]
Extract:  63%|######3   | 365/578 [01:49<00:49,  4.29it/s]
Extract:  63%|######3   | 366/578 [01:49<00:49,  4.28it/s]
Extract:  63%|######3   | 367/578 [01:49<01:09,  3.06it/s]
Extract:  64%|######3   | 368/578 [01:50<01:04,  3.25it/s]
Extract:  64%|######3   | 369/578 [01:50<01:24,  2.48it/s]
Extract:  64%|######4   | 371/578 [01:50<00:51,  4.00it/s]
Extract:  65%|######4   | 373/578 [01:51<00:48,  4.23it/s]
Extract:  65%|######4   | 374/578 [01:51<00:43,  4.69it/s]
Extract:  65%|######5   | 376/578 [01:51<00:40,  4.96it/s]
Extract:  65%|######5   | 377/578 [01:52<00:45,  4.38it/s]
Extract:  65%|######5   | 378/578 [01:52<00:40,  4.95it/s]
Extract:  66%|######5   | 379/578 [01:52<00:36,  5.41it/s]
Extract:  66%|######5   | 380/578 [01:52<00:45,  4.38it/s]
Extract:  66%|######5   | 381/578 [01:52<00:41,  4.69it/s]
Extract:  66%|######6   | 382/578 [01:53<00:56,  3.46it/s]
Extract:  66%|######6   | 383/578 [01:53<00:49,  3.92it/s]
Extract:  66%|######6   | 384/578 [01:54<00:57,  3.39it/s]
Extract:  67%|######6   | 386/578 [01:54<00:39,  4.82it/s]
Extract:  67%|######6   | 387/578 [01:54<00:41,  4.55it/s]
Extract:  67%|######7   | 389/578 [01:54<00:28,  6.58it/s]
Extract:  67%|######7   | 390/578 [01:54<00:31,  5.90it/s]
Extract:  68%|######7   | 391/578 [01:55<00:34,  5.47it/s]
Extract:  68%|######7   | 392/578 [01:55<00:34,  5.46it/s]
Extract:  68%|######7   | 393/578 [01:55<00:39,  4.72it/s]
Extract:  68%|######8   | 394/578 [01:55<00:37,  4.95it/s]
Extract:  68%|######8   | 395/578 [01:56<01:02,  2.91it/s]
Extract:  69%|######8   | 397/578 [01:56<00:47,  3.84it/s]
Extract:  69%|######8   | 398/578 [01:56<00:40,  4.42it/s]
Extract:  69%|######9   | 399/578 [01:56<00:36,  4.94it/s]
Extract:  69%|######9   | 401/578 [01:57<00:24,  7.12it/s]
Extract:  70%|######9   | 403/578 [01:57<00:21,  8.15it/s]
Extract:  70%|#######   | 405/578 [01:57<00:19,  9.09it/s]
Extract:  70%|#######   | 407/578 [01:57<00:27,  6.12it/s]
Extract:  71%|#######   | 408/578 [01:58<00:44,  3.79it/s]
Extract:  71%|#######   | 410/578 [01:58<00:37,  4.46it/s]
Extract:  71%|#######1  | 412/578 [01:59<00:29,  5.66it/s]
Extract:  71%|#######1  | 413/578 [01:59<00:33,  4.99it/s]
Extract:  72%|#######1  | 415/578 [01:59<00:26,  6.17it/s]
Extract:  72%|#######1  | 416/578 [01:59<00:28,  5.71it/s]
Extract:  72%|#######2  | 418/578 [02:00<00:27,  5.78it/s]
Extract:  72%|#######2  | 419/578 [02:00<00:30,  5.19it/s]
Extract:  73%|#######2  | 421/578 [02:01<00:40,  3.84it/s]
Extract:  73%|#######3  | 424/578 [02:01<00:30,  5.06it/s]
Extract:  74%|#######3  | 425/578 [02:01<00:36,  4.23it/s]
Extract:  74%|#######3  | 426/578 [02:02<00:33,  4.60it/s]
Extract:  74%|#######3  | 427/578 [02:02<00:45,  3.33it/s]
Extract:  74%|#######4  | 428/578 [02:03<01:01,  2.44it/s]
Extract:  74%|#######4  | 429/578 [02:04<01:09,  2.15it/s]
Extract:  75%|#######4  | 431/578 [02:04<00:46,  3.14it/s]
Extract:  75%|#######4  | 432/578 [02:04<00:44,  3.28it/s]
Extract:  75%|#######5  | 434/578 [02:05<01:04,  2.25it/s]
Extract:  75%|#######5  | 435/578 [02:06<00:54,  2.60it/s]
Extract:  76%|#######5  | 437/578 [02:06<00:40,  3.49it/s]
Extract:  76%|#######5  | 438/578 [02:06<00:37,  3.72it/s]
Extract:  76%|#######5  | 439/578 [02:06<00:38,  3.60it/s]
Extract:  76%|#######6  | 441/578 [02:07<00:38,  3.57it/s]
Extract:  76%|#######6  | 442/578 [02:07<00:34,  3.98it/s]
Extract:  77%|#######6  | 443/578 [02:07<00:29,  4.57it/s]
Extract:  77%|#######6  | 444/578 [02:07<00:26,  5.01it/s]
Extract:  77%|#######6  | 445/578 [02:08<00:44,  3.01it/s]
Extract:  77%|#######7  | 447/578 [02:08<00:28,  4.52it/s]
Extract:  78%|#######7  | 449/578 [02:08<00:21,  5.88it/s]
Extract:  78%|#######7  | 450/578 [02:09<00:33,  3.87it/s]
Extract:  78%|#######8  | 451/578 [02:10<00:44,  2.84it/s]
Extract:  78%|#######8  | 452/578 [02:10<00:38,  3.24it/s]
Extract:  78%|#######8  | 453/578 [02:10<00:32,  3.88it/s]
Extract:  79%|#######8  | 454/578 [02:10<00:30,  4.05it/s]
Extract:  79%|#######8  | 455/578 [02:10<00:26,  4.73it/s]
Extract:  79%|#######8  | 456/578 [02:10<00:23,  5.24it/s]
Extract:  79%|#######9  | 458/578 [02:11<00:26,  4.54it/s]
Extract:  79%|#######9  | 459/578 [02:11<00:23,  5.01it/s]
Extract:  80%|#######9  | 460/578 [02:11<00:20,  5.71it/s]
Extract:  80%|#######9  | 461/578 [02:11<00:23,  4.92it/s]
Extract:  80%|#######9  | 462/578 [02:12<00:21,  5.36it/s]
Extract:  80%|########  | 463/578 [02:12<00:29,  3.88it/s]
Extract:  80%|########  | 465/578 [02:12<00:19,  5.68it/s]
Extract:  81%|########  | 466/578 [02:12<00:24,  4.61it/s]
Extract:  81%|########  | 467/578 [02:13<00:29,  3.73it/s]
Extract:  81%|########  | 468/578 [02:14<00:47,  2.33it/s]
Extract:  81%|########1 | 469/578 [02:14<00:37,  2.88it/s]
Extract:  81%|########1 | 470/578 [02:14<00:34,  3.09it/s]
Extract:  81%|########1 | 471/578 [02:15<00:36,  2.94it/s]
Extract:  82%|########1 | 472/578 [02:15<00:40,  2.61it/s]
Extract:  82%|########1 | 473/578 [02:15<00:35,  2.94it/s]
Extract:  82%|########2 | 474/578 [02:16<00:38,  2.69it/s]
Extract:  82%|########2 | 475/578 [02:16<00:33,  3.06it/s]
Extract:  82%|########2 | 476/578 [02:17<00:47,  2.15it/s]
Extract:  83%|########2 | 477/578 [02:18<00:58,  1.74it/s]
Extract:  83%|########2 | 479/578 [02:18<00:37,  2.66it/s]
Extract:  83%|########3 | 480/578 [02:18<00:30,  3.21it/s]
Extract:  83%|########3 | 481/578 [02:18<00:27,  3.57it/s]
Extract:  84%|########3 | 483/578 [02:18<00:18,  5.13it/s]
Extract:  84%|########3 | 485/578 [02:18<00:13,  6.82it/s]
Extract:  84%|########4 | 487/578 [02:19<00:13,  6.91it/s]
Extract:  85%|########4 | 489/578 [02:19<00:17,  5.10it/s]
Extract:  85%|########4 | 490/578 [02:19<00:16,  5.33it/s]
Extract:  85%|########4 | 491/578 [02:20<00:22,  3.88it/s]
Extract:  85%|########5 | 492/578 [02:20<00:25,  3.43it/s]
Extract:  85%|########5 | 493/578 [02:21<00:23,  3.56it/s]
Extract:  85%|########5 | 494/578 [02:21<00:22,  3.66it/s]
Extract:  86%|########5 | 496/578 [02:21<00:15,  5.20it/s]
Extract:  86%|########5 | 497/578 [02:21<00:14,  5.78it/s]
Extract:  86%|########6 | 498/578 [02:22<00:28,  2.76it/s]
Extract:  86%|########6 | 499/578 [02:22<00:23,  3.32it/s]
Extract:  87%|########6 | 501/578 [02:22<00:17,  4.46it/s]
Extract:  87%|########7 | 503/578 [02:23<00:14,  5.16it/s]
Extract:  87%|########7 | 504/578 [02:23<00:18,  4.04it/s]
Extract:  87%|########7 | 505/578 [02:24<00:26,  2.77it/s]
Extract:  88%|########7 | 507/578 [02:24<00:18,  3.84it/s]
Extract:  88%|########7 | 508/578 [02:24<00:17,  3.93it/s]
Extract:  88%|########8 | 510/578 [02:25<00:16,  4.05it/s]
Extract:  88%|########8 | 511/578 [02:25<00:15,  4.34it/s]
Extract:  89%|########8 | 512/578 [02:25<00:15,  4.29it/s]
Extract:  89%|########8 | 514/578 [02:25<00:10,  6.03it/s]
Extract:  89%|########9 | 515/578 [02:26<00:11,  5.25it/s]
Extract:  89%|########9 | 516/578 [02:26<00:17,  3.51it/s]
Extract:  89%|########9 | 517/578 [02:26<00:16,  3.67it/s]
Extract:  90%|########9 | 519/578 [02:27<00:13,  4.51it/s]
Extract:  90%|########9 | 520/578 [02:27<00:12,  4.59it/s]
Extract:  90%|######### | 522/578 [02:27<00:09,  5.88it/s]
Extract:  90%|######### | 523/578 [02:28<00:11,  4.78it/s]
Extract:  91%|######### | 524/578 [02:28<00:10,  5.09it/s]
Extract:  91%|######### | 525/578 [02:28<00:09,  5.82it/s]
Extract:  91%|#########1| 526/578 [02:29<00:18,  2.79it/s]
Extract:  91%|#########1| 528/578 [02:29<00:14,  3.41it/s]
Extract:  92%|#########1| 529/578 [02:29<00:14,  3.27it/s]
Extract:  92%|#########1| 530/578 [02:30<00:16,  2.96it/s]
Extract:  92%|#########1| 531/578 [02:30<00:14,  3.35it/s]
Extract:  92%|#########2| 532/578 [02:30<00:11,  3.87it/s]
Extract:  92%|#########2| 533/578 [02:31<00:12,  3.61it/s]
Extract:  92%|#########2| 534/578 [02:31<00:13,  3.27it/s]
Extract:  93%|#########2| 535/578 [02:31<00:11,  3.78it/s]
Extract:  93%|#########2| 537/578 [02:32<00:16,  2.44it/s]
Extract:  93%|#########3| 538/578 [02:33<00:15,  2.53it/s]
Extract:  93%|#########3| 540/578 [02:33<00:12,  2.96it/s]
Extract:  94%|#########3| 541/578 [02:33<00:11,  3.22it/s]
Extract:  94%|#########3| 543/578 [02:34<00:08,  4.05it/s]
Extract:  94%|#########4| 545/578 [02:34<00:05,  5.66it/s]
Extract:  94%|#########4| 546/578 [02:34<00:09,  3.46it/s]
Extract:  95%|#########4| 547/578 [02:35<00:11,  2.60it/s]
Extract:  95%|#########5| 550/578 [02:35<00:06,  4.56it/s]
Extract:  96%|#########5| 553/578 [02:36<00:05,  4.35it/s]
Extract:  96%|#########5| 554/578 [02:37<00:07,  3.30it/s]
Extract:  96%|#########6| 555/578 [02:37<00:08,  2.63it/s]
Extract:  96%|#########6| 556/578 [02:38<00:08,  2.65it/s]
Extract:  96%|#########6| 557/578 [02:38<00:07,  2.70it/s]
Extract:  97%|#########6| 559/578 [02:38<00:04,  4.05it/s]
Extract:  97%|#########6| 560/578 [02:39<00:06,  2.91it/s]
Extract:  97%|#########7| 561/578 [02:39<00:05,  2.90it/s]
Extract:  98%|#########7| 564/578 [02:40<00:04,  3.21it/s]
Extract:  98%|#########7| 565/578 [02:41<00:04,  2.62it/s]
Extract:  98%|#########7| 566/578 [02:41<00:04,  2.99it/s]
Extract:  98%|#########8| 567/578 [02:41<00:03,  3.13it/s]
Extract:  98%|#########8| 568/578 [02:42<00:04,  2.47it/s]
Extract:  99%|#########8| 570/578 [02:42<00:02,  3.58it/s]
Extract:  99%|#########8| 572/578 [02:42<00:01,  4.44it/s]
Extract:  99%|#########9| 574/578 [02:43<00:00,  5.59it/s]
Extract:  99%|#########9| 575/578 [02:43<00:00,  5.10it/s]
Extract: 100%|#########9| 576/578 [02:44<00:00,  2.05it/s]
Extract: 100%|##########| 578/578 [02:44<00:00,  3.11it/s]
Extract: 100%|##########| 578/578 [02:44<00:00,  3.50it/s]

Extract:   0%|          | 0/578 [00:00<?, ?it/s]
Extract:   0%|          | 2/578 [00:00<00:47, 12.10it/s]
Extract:   1%|          | 4/578 [00:00<01:34,  6.07it/s]
Extract:   1%|          | 5/578 [00:00<01:32,  6.17it/s]
Extract:   1%|1         | 6/578 [00:00<01:34,  6.07it/s]
Extract:   1%|1         | 7/578 [00:01<02:00,  4.76it/s]
Extract:   1%|1         | 8/578 [00:01<02:32,  3.73it/s]
Extract:   2%|1         | 9/578 [00:01<02:40,  3.54it/s]
Extract:   2%|1         | 10/578 [00:02<02:30,  3.78it/s]
Extract:   2%|1         | 11/578 [00:02<02:32,  3.72it/s]
Extract:   2%|2         | 12/578 [00:02<02:57,  3.19it/s]
Extract:   2%|2         | 13/578 [00:03<02:30,  3.75it/s]
Extract:   2%|2         | 14/578 [00:03<03:15,  2.89it/s]
Extract:   3%|2         | 15/578 [00:04<03:32,  2.65it/s]
Extract:   3%|2         | 16/578 [00:04<02:49,  3.31it/s]
Extract:   3%|3         | 19/578 [00:04<01:27,  6.40it/s]
Extract:   4%|3         | 21/578 [00:04<01:55,  4.80it/s]
Extract:   4%|3         | 22/578 [00:05<02:02,  4.55it/s]
Extract:   4%|3         | 23/578 [00:05<02:12,  4.18it/s]
Extract:   4%|4         | 24/578 [00:05<02:03,  4.48it/s]
Extract:   4%|4         | 26/578 [00:05<01:32,  5.95it/s]
Extract:   5%|4         | 27/578 [00:06<02:24,  3.80it/s]
Extract:   5%|4         | 28/578 [00:06<02:03,  4.46it/s]
Extract:   5%|5         | 29/578 [00:06<01:53,  4.85it/s]
Extract:   5%|5         | 30/578 [00:06<01:56,  4.71it/s]
Extract:   5%|5         | 31/578 [00:07<02:08,  4.26it/s]
Extract:   6%|5         | 32/578 [00:07<01:51,  4.89it/s]
Extract:   6%|5         | 34/578 [00:07<01:14,  7.27it/s]
Extract:   6%|6         | 35/578 [00:07<01:10,  7.71it/s]
Extract:   6%|6         | 37/578 [00:07<01:17,  6.96it/s]
Extract:   7%|6         | 38/578 [00:08<01:20,  6.74it/s]
Extract:   7%|6         | 40/578 [00:08<01:12,  7.45it/s]
Extract:   7%|7         | 41/578 [00:08<01:15,  7.15it/s]
Extract:   7%|7         | 42/578 [00:08<02:09,  4.15it/s]
Extract:   7%|7         | 43/578 [00:09<03:04,  2.89it/s]
Extract:   8%|7         | 45/578 [00:09<01:59,  4.44it/s]
Extract:   8%|7         | 46/578 [00:09<01:45,  5.05it/s]
Extract:   8%|8         | 47/578 [00:10<01:48,  4.92it/s]
Extract:   8%|8         | 49/578 [00:10<01:20,  6.60it/s]
Extract:   9%|8         | 50/578 [00:10<02:05,  4.21it/s]
Extract:   9%|8         | 51/578 [00:11<02:24,  3.64it/s]
Extract:   9%|8         | 52/578 [00:11<02:51,  3.07it/s]
Extract:   9%|9         | 54/578 [00:11<02:20,  3.74it/s]
Extract:  10%|9         | 55/578 [00:12<02:36,  3.35it/s]
Extract:  10%|9         | 57/578 [00:12<01:48,  4.80it/s]
Extract:  10%|#         | 58/578 [00:12<01:59,  4.34it/s]
Extract:  10%|#         | 59/578 [00:13<01:59,  4.34it/s]
Extract:  10%|#         | 60/578 [00:13<02:20,  3.69it/s]
Extract:  11%|#         | 61/578 [00:13<02:37,  3.28it/s]
Extract:  11%|#         | 63/578 [00:14<01:46,  4.83it/s]
Extract:  11%|#1        | 64/578 [00:14<01:50,  4.66it/s]
Extract:  11%|#1        | 65/578 [00:14<02:21,  3.63it/s]
Extract:  11%|#1        | 66/578 [00:14<01:58,  4.31it/s]
Extract:  12%|#1        | 67/578 [00:15<03:00,  2.83it/s]
Extract:  12%|#1        | 69/578 [00:15<02:14,  3.80it/s]
Extract:  12%|#2        | 70/578 [00:15<01:54,  4.44it/s]
Extract:  12%|#2        | 71/578 [00:16<01:44,  4.83it/s]
Extract:  12%|#2        | 72/578 [00:16<01:37,  5.20it/s]
Extract:  13%|#2        | 73/578 [00:16<02:15,  3.73it/s]
Extract:  13%|#2        | 75/578 [00:16<01:37,  5.18it/s]
Extract:  13%|#3        | 76/578 [00:17<01:38,  5.09it/s]
Extract:  13%|#3        | 77/578 [00:17<02:37,  3.18it/s]
Extract:  14%|#3        | 79/578 [00:17<01:45,  4.73it/s]
Extract:  14%|#3        | 80/578 [00:18<01:38,  5.08it/s]
Extract:  14%|#4        | 81/578 [00:18<01:29,  5.55it/s]
Extract:  14%|#4        | 82/578 [00:18<01:29,  5.55it/s]
Extract:  14%|#4        | 83/578 [00:18<01:42,  4.82it/s]
Extract:  15%|#4        | 84/578 [00:19<02:56,  2.80it/s]
Extract:  15%|#4        | 85/578 [00:19<02:21,  3.47it/s]
Extract:  15%|#4        | 86/578 [00:19<02:12,  3.72it/s]
Extract:  15%|#5        | 88/578 [00:19<01:28,  5.53it/s]
Extract:  15%|#5        | 89/578 [00:20<02:07,  3.84it/s]
Extract:  16%|#5        | 90/578 [00:20<02:16,  3.56it/s]
Extract:  16%|#5        | 91/578 [00:21<03:00,  2.69it/s]
Extract:  16%|#5        | 92/578 [00:21<03:20,  2.43it/s]
Extract:  16%|#6        | 94/578 [00:22<02:30,  3.22it/s]
Extract:  17%|#6        | 96/578 [00:22<02:25,  3.31it/s]
Extract:  17%|#6        | 97/578 [00:22<02:06,  3.79it/s]
Extract:  17%|#6        | 98/578 [00:23<02:16,  3.52it/s]
Extract:  17%|#7        | 100/578 [00:23<01:42,  4.64it/s]
Extract:  17%|#7        | 101/578 [00:23<01:33,  5.08it/s]
Extract:  18%|#8        | 105/578 [00:23<01:03,  7.42it/s]
Extract:  18%|#8        | 106/578 [00:24<01:01,  7.68it/s]
Extract:  19%|#8        | 107/578 [00:24<01:42,  4.61it/s]
Extract:  19%|#8        | 108/578 [00:24<01:41,  4.64it/s]
Extract:  19%|#9        | 110/578 [00:25<01:21,  5.72it/s]
Extract:  19%|#9        | 111/578 [00:25<01:22,  5.64it/s]
Extract:  20%|#9        | 113/578 [00:25<01:04,  7.18it/s]
Extract:  20%|#9        | 114/578 [00:25<01:02,  7.39it/s]
Extract:  20%|#9        | 115/578 [00:25<01:11,  6.48it/s]
Extract:  20%|##        | 116/578 [00:25<01:18,  5.85it/s]
Extract:  20%|##        | 117/578 [00:26<01:52,  4.10it/s]
Extract:  21%|##        | 120/578 [00:26<01:34,  4.85it/s]
Extract:  21%|##        | 121/578 [00:27<02:07,  3.59it/s]
Extract:  21%|##1       | 123/578 [00:27<01:29,  5.11it/s]
Extract:  22%|##1       | 125/578 [00:28<01:50,  4.09it/s]
Extract:  22%|##1       | 126/578 [00:28<01:54,  3.94it/s]
Extract:  22%|##1       | 127/578 [00:28<01:41,  4.46it/s]
Extract:  22%|##2       | 128/578 [00:28<01:38,  4.58it/s]
Extract:  22%|##2       | 130/578 [00:29<01:38,  4.55it/s]
Extract:  23%|##2       | 131/578 [00:29<01:51,  4.02it/s]
Extract:  23%|##3       | 133/578 [00:29<01:31,  4.89it/s]
Extract:  23%|##3       | 135/578 [00:30<01:10,  6.26it/s]
Extract:  24%|##3       | 137/578 [00:30<01:32,  4.78it/s]
Extract:  24%|##3       | 138/578 [00:31<01:53,  3.89it/s]
Extract:  24%|##4       | 139/578 [00:31<01:47,  4.09it/s]
Extract:  25%|##4       | 142/578 [00:31<01:05,  6.67it/s]
Extract:  25%|##5       | 146/578 [00:32<01:00,  7.15it/s]
Extract:  25%|##5       | 147/578 [00:32<00:59,  7.27it/s]
Extract:  26%|##5       | 148/578 [00:32<00:57,  7.42it/s]
Extract:  26%|##5       | 149/578 [00:32<01:28,  4.86it/s]
Extract:  26%|##5       | 150/578 [00:33<01:36,  4.45it/s]
Extract:  26%|##6       | 152/578 [00:33<01:08,  6.24it/s]
Extract:  26%|##6       | 153/578 [00:33<01:40,  4.25it/s]
Extract:  27%|##6       | 154/578 [00:33<01:26,  4.91it/s]
Extract:  27%|##6       | 155/578 [00:34<01:46,  3.99it/s]
Extract:  27%|##7       | 157/578 [00:34<01:16,  5.53it/s]
Extract:  27%|##7       | 158/578 [00:34<01:09,  6.05it/s]
Extract:  28%|##7       | 160/578 [00:34<01:09,  6.02it/s]
Extract:  28%|##8       | 162/578 [00:34<00:51,  8.00it/s]
Extract:  28%|##8       | 164/578 [00:35<01:36,  4.29it/s]
Extract:  29%|##8       | 165/578 [00:35<01:30,  4.57it/s]
Extract:  29%|##8       | 166/578 [00:36<01:25,  4.85it/s]
Extract:  29%|##8       | 167/578 [00:36<01:51,  3.70it/s]
Extract:  29%|##9       | 168/578 [00:36<01:38,  4.15it/s]
Extract:  29%|##9       | 169/578 [00:36<01:27,  4.67it/s]
Extract:  29%|##9       | 170/578 [00:37<01:27,  4.66it/s]
Extract:  30%|##9       | 171/578 [00:37<01:15,  5.37it/s]
Extract:  30%|##9       | 172/578 [00:37<01:33,  4.33it/s]
Extract:  30%|##9       | 173/578 [00:38<02:14,  3.00it/s]
Extract:  30%|###       | 174/578 [00:38<01:55,  3.50it/s]
Extract:  30%|###       | 175/578 [00:38<01:34,  4.27it/s]
Extract:  30%|###       | 176/578 [00:38<01:19,  5.07it/s]
Extract:  31%|###       | 177/578 [00:39<02:13,  3.00it/s]
Extract:  31%|###       | 178/578 [00:39<01:53,  3.52it/s]
Extract:  31%|###       | 179/578 [00:39<01:33,  4.29it/s]
Extract:  31%|###1      | 180/578 [00:39<01:52,  3.54it/s]
Extract:  31%|###1      | 181/578 [00:40<02:13,  2.98it/s]
Extract:  31%|###1      | 182/578 [00:40<01:57,  3.37it/s]
Extract:  32%|###1      | 184/578 [00:40<01:31,  4.32it/s]
Extract:  32%|###2      | 185/578 [00:41<01:59,  3.28it/s]
Extract:  32%|###2      | 186/578 [00:41<01:49,  3.59it/s]
Extract:  33%|###2      | 188/578 [00:41<01:20,  4.84it/s]
Extract:  33%|###2      | 189/578 [00:42<02:03,  3.16it/s]
Extract:  33%|###3      | 191/578 [00:42<01:46,  3.62it/s]
Extract:  33%|###3      | 192/578 [00:43<01:36,  4.01it/s]
Extract:  34%|###3      | 194/578 [00:43<01:11,  5.40it/s]
Extract:  34%|###3      | 196/578 [00:43<00:53,  7.16it/s]
Extract:  34%|###4      | 198/578 [00:44<01:28,  4.30it/s]
Extract:  35%|###4      | 201/578 [00:44<01:21,  4.65it/s]
Extract:  35%|###4      | 202/578 [00:44<01:18,  4.78it/s]
Extract:  35%|###5      | 203/578 [00:45<01:51,  3.36it/s]
Extract:  35%|###5      | 205/578 [00:45<01:18,  4.72it/s]
Extract:  36%|###5      | 206/578 [00:45<01:13,  5.06it/s]
Extract:  36%|###5      | 207/578 [00:46<01:26,  4.31it/s]
Extract:  36%|###6      | 209/578 [00:46<01:06,  5.56it/s]
Extract:  36%|###6      | 210/578 [00:46<01:08,  5.39it/s]
Extract:  37%|###6      | 212/578 [00:47<01:22,  4.44it/s]
Extract:  37%|###6      | 213/578 [00:47<01:17,  4.71it/s]
Extract:  37%|###7      | 215/578 [00:47<01:18,  4.61it/s]
Extract:  38%|###7      | 217/578 [00:47<01:02,  5.82it/s]
Extract:  38%|###8      | 220/578 [00:48<00:46,  7.72it/s]
Extract:  38%|###8      | 221/578 [00:48<00:46,  7.73it/s]
Extract:  39%|###8      | 223/578 [00:48<00:38,  9.16it/s]
Extract:  39%|###8      | 225/578 [00:49<01:05,  5.36it/s]
Extract:  39%|###9      | 226/578 [00:49<01:07,  5.21it/s]
Extract:  39%|###9      | 227/578 [00:49<01:02,  5.59it/s]
Extract:  40%|###9      | 229/578 [00:49<00:51,  6.74it/s]
Extract:  40%|###9      | 230/578 [00:50<01:06,  5.27it/s]
Extract:  40%|###9      | 231/578 [00:50<01:08,  5.07it/s]
Extract:  40%|####      | 232/578 [00:50<01:04,  5.38it/s]
Extract:  40%|####      | 233/578 [00:50<00:57,  6.02it/s]
Extract:  40%|####      | 234/578 [00:50<00:55,  6.23it/s]
Extract:  41%|####      | 235/578 [00:50<00:52,  6.50it/s]
Extract:  41%|####      | 236/578 [00:51<01:19,  4.30it/s]
Extract:  41%|####1     | 237/578 [00:51<01:33,  3.66it/s]
Extract:  41%|####1     | 239/578 [00:51<00:59,  5.66it/s]
Extract:  42%|####1     | 240/578 [00:51<00:56,  6.03it/s]
Extract:  42%|####1     | 242/578 [00:52<00:49,  6.79it/s]
Extract:  42%|####2     | 244/578 [00:52<01:00,  5.54it/s]
Extract:  43%|####2     | 246/578 [00:52<00:46,  7.09it/s]
Extract:  43%|####2     | 247/578 [00:52<00:53,  6.14it/s]
Extract:  43%|####2     | 248/578 [00:53<01:03,  5.24it/s]
Extract:  43%|####3     | 249/578 [00:53<01:02,  5.25it/s]
Extract:  43%|####3     | 250/578 [00:53<00:59,  5.51it/s]
Extract:  43%|####3     | 251/578 [00:53<00:57,  5.65it/s]
Extract:  44%|####3     | 253/578 [00:53<00:44,  7.34it/s]
Extract:  44%|####4     | 255/578 [00:54<00:50,  6.44it/s]
Extract:  44%|####4     | 256/578 [00:54<01:13,  4.37it/s]
Extract:  45%|####4     | 258/578 [00:54<00:53,  6.03it/s]
Extract:  45%|####4     | 260/578 [00:55<00:43,  7.28it/s]
Extract:  45%|####5     | 262/578 [00:55<00:49,  6.39it/s]
Extract:  46%|####5     | 263/578 [00:56<01:26,  3.65it/s]
Extract:  46%|####5     | 264/578 [00:56<01:15,  4.17it/s]
Extract:  46%|####5     | 265/578 [00:56<01:24,  3.71it/s]
Extract:  46%|####6     | 266/578 [00:56<01:23,  3.74it/s]
Extract:  46%|####6     | 267/578 [00:57<01:39,  3.14it/s]
Extract:  46%|####6     | 268/578 [00:57<01:21,  3.79it/s]
Extract:  47%|####6     | 269/578 [00:57<01:27,  3.53it/s]
Extract:  47%|####7     | 272/578 [00:58<00:45,  6.67it/s]
Extract:  47%|####7     | 274/578 [00:59<01:37,  3.11it/s]
Extract:  48%|####7     | 275/578 [00:59<01:40,  3.01it/s]
Extract:  48%|####7     | 276/578 [00:59<01:31,  3.31it/s]
Extract:  48%|####7     | 277/578 [01:00<01:18,  3.84it/s]
Extract:  48%|####8     | 280/578 [01:00<00:59,  5.00it/s]
Extract:  49%|####8     | 282/578 [01:00<00:49,  5.94it/s]
Extract:  49%|####8     | 283/578 [01:00<00:58,  5.00it/s]
Extract:  49%|####9     | 285/578 [01:01<00:53,  5.47it/s]
Extract:  49%|####9     | 286/578 [01:01<00:56,  5.20it/s]
Extract:  50%|####9     | 287/578 [01:01<00:53,  5.48it/s]
Extract:  50%|####9     | 288/578 [01:01<00:49,  5.90it/s]
Extract:  50%|#####     | 289/578 [01:02<00:53,  5.37it/s]
Extract:  50%|#####     | 290/578 [01:02<01:25,  3.36it/s]
Extract:  50%|#####     | 291/578 [01:02<01:11,  4.01it/s]
Extract:  51%|#####     | 293/578 [01:02<00:46,  6.09it/s]
Extract:  51%|#####     | 294/578 [01:03<00:46,  6.16it/s]
Extract:  51%|#####1    | 295/578 [01:03<01:33,  3.03it/s]
Extract:  51%|#####1    | 296/578 [01:03<01:18,  3.59it/s]
Extract:  51%|#####1    | 297/578 [01:04<01:39,  2.83it/s]
Extract:  52%|#####1    | 299/578 [01:04<01:05,  4.27it/s]
Extract:  52%|#####1    | 300/578 [01:04<00:57,  4.84it/s]
Extract:  52%|#####2    | 301/578 [01:05<01:04,  4.33it/s]
Extract:  52%|#####2    | 303/578 [01:05<00:45,  6.11it/s]
Extract:  53%|#####2    | 304/578 [01:05<01:17,  3.54it/s]
Extract:  53%|#####2    | 305/578 [01:06<01:12,  3.77it/s]
Extract:  53%|#####3    | 307/578 [01:06<01:06,  4.09it/s]
Extract:  53%|#####3    | 308/578 [01:06<01:10,  3.84it/s]
Extract:  53%|#####3    | 309/578 [01:07<01:34,  2.85it/s]
Extract:  54%|#####3    | 310/578 [01:07<01:25,  3.12it/s]
Extract:  54%|#####3    | 311/578 [01:08<01:46,  2.50it/s]
Extract:  54%|#####3    | 312/578 [01:08<01:55,  2.29it/s]
Extract:  54%|#####4    | 313/578 [01:09<01:34,  2.80it/s]
Extract:  54%|#####4    | 314/578 [01:09<01:37,  2.72it/s]
Extract:  55%|#####4    | 316/578 [01:09<01:13,  3.55it/s]
Extract:  55%|#####5    | 318/578 [01:10<01:17,  3.36it/s]
Extract:  55%|#####5    | 319/578 [01:10<01:30,  2.87it/s]
Extract:  55%|#####5    | 320/578 [01:11<01:32,  2.77it/s]
Extract:  56%|#####5    | 321/578 [01:11<01:17,  3.34it/s]
Extract:  56%|#####5    | 322/578 [01:11<01:15,  3.38it/s]
Extract:  56%|#####5    | 323/578 [01:11<01:03,  4.01it/s]
Extract:  56%|#####6    | 325/578 [01:12<00:43,  5.84it/s]
Extract:  56%|#####6    | 326/578 [01:12<00:50,  4.98it/s]
Extract:  57%|#####6    | 327/578 [01:12<00:44,  5.66it/s]
Extract:  57%|#####6    | 328/578 [01:12<00:45,  5.46it/s]
Extract:  57%|#####7    | 330/578 [01:12<00:35,  7.06it/s]
Extract:  57%|#####7    | 331/578 [01:13<00:37,  6.67it/s]
Extract:  57%|#####7    | 332/578 [01:13<00:46,  5.24it/s]
Extract:  58%|#####7    | 334/578 [01:13<00:33,  7.32it/s]
Extract:  58%|#####7    | 335/578 [01:13<00:31,  7.68it/s]
Extract:  58%|#####8    | 337/578 [01:13<00:27,  8.90it/s]
Extract:  59%|#####8    | 339/578 [01:13<00:27,  8.71it/s]
Extract:  59%|#####8    | 340/578 [01:14<00:28,  8.24it/s]
Extract:  59%|#####8    | 341/578 [01:14<00:29,  8.08it/s]
Extract:  59%|#####9    | 342/578 [01:14<00:45,  5.16it/s]
Extract:  60%|#####9    | 344/578 [01:15<01:04,  3.62it/s]
Extract:  60%|#####9    | 345/578 [01:15<00:57,  4.06it/s]
Extract:  60%|#####9    | 346/578 [01:15<00:49,  4.69it/s]
Extract:  60%|######    | 347/578 [01:15<00:43,  5.27it/s]
Extract:  60%|######    | 349/578 [01:16<00:57,  3.97it/s]
Extract:  61%|######    | 350/578 [01:16<00:52,  4.33it/s]
Extract:  61%|######    | 351/578 [01:17<01:11,  3.18it/s]
Extract:  61%|######1   | 353/578 [01:17<00:55,  4.07it/s]
Extract:  61%|######1   | 355/578 [01:17<00:39,  5.58it/s]
Extract:  62%|######1   | 356/578 [01:18<00:53,  4.16it/s]
Extract:  62%|######1   | 357/578 [01:18<00:57,  3.87it/s]
Extract:  62%|######2   | 359/578 [01:18<00:44,  4.96it/s]
Extract:  62%|######2   | 360/578 [01:18<00:45,  4.80it/s]
Extract:  62%|######2   | 361/578 [01:19<00:40,  5.38it/s]
Extract:  63%|######2   | 362/578 [01:19<01:09,  3.09it/s]
Extract:  63%|######2   | 363/578 [01:19<00:57,  3.76it/s]
Extract:  63%|######3   | 365/578 [01:20<00:46,  4.60it/s]
Extract:  63%|######3   | 366/578 [01:20<00:46,  4.52it/s]
Extract:  63%|######3   | 367/578 [01:20<01:02,  3.39it/s]
Extract:  64%|######3   | 368/578 [01:21<01:21,  2.57it/s]
Extract:  64%|######3   | 369/578 [01:22<01:40,  2.07it/s]
Extract:  64%|######4   | 371/578 [01:22<01:02,  3.30it/s]
Extract:  65%|######4   | 373/578 [01:22<00:53,  3.82it/s]
Extract:  65%|######4   | 374/578 [01:22<00:47,  4.30it/s]
Extract:  65%|######5   | 376/578 [01:23<00:40,  4.98it/s]
Extract:  65%|######5   | 377/578 [01:23<00:51,  3.88it/s]
Extract:  65%|######5   | 378/578 [01:23<00:45,  4.43it/s]
Extract:  66%|######5   | 379/578 [01:23<00:39,  5.06it/s]
Extract:  66%|######5   | 380/578 [01:24<00:52,  3.80it/s]
Extract:  66%|######5   | 381/578 [01:24<00:48,  4.10it/s]
Extract:  66%|######6   | 382/578 [01:25<00:58,  3.36it/s]
Extract:  66%|######6   | 383/578 [01:25<00:48,  4.03it/s]
Extract:  66%|######6   | 384/578 [01:25<00:48,  3.99it/s]
Extract:  67%|######6   | 386/578 [01:25<00:33,  5.66it/s]
Extract:  67%|######6   | 387/578 [01:25<00:33,  5.75it/s]
Extract:  67%|######7   | 390/578 [01:25<00:24,  7.82it/s]
Extract:  68%|######7   | 391/578 [01:26<00:23,  8.03it/s]
Extract:  68%|######7   | 392/578 [01:26<00:23,  7.87it/s]
Extract:  68%|######7   | 393/578 [01:26<00:29,  6.31it/s]
Extract:  68%|######8   | 394/578 [01:26<00:32,  5.72it/s]
Extract:  68%|######8   | 395/578 [01:26<00:35,  5.10it/s]
Extract:  69%|######8   | 397/578 [01:27<00:34,  5.17it/s]
Extract:  69%|######8   | 398/578 [01:27<00:31,  5.67it/s]
Extract:  69%|######9   | 399/578 [01:27<00:30,  5.88it/s]
Extract:  69%|######9   | 401/578 [01:27<00:23,  7.49it/s]
Extract:  70%|######9   | 402/578 [01:27<00:22,  7.93it/s]
Extract:  70%|######9   | 404/578 [01:28<00:19,  8.96it/s]
Extract:  70%|#######   | 405/578 [01:28<00:19,  8.95it/s]
Extract:  70%|#######   | 406/578 [01:28<00:26,  6.49it/s]
Extract:  70%|#######   | 407/578 [01:28<00:35,  4.80it/s]
Extract:  71%|#######   | 408/578 [01:30<01:21,  2.09it/s]
Extract:  71%|#######   | 410/578 [01:30<00:55,  3.01it/s]
Extract:  71%|#######1  | 412/578 [01:30<00:41,  4.00it/s]
Extract:  71%|#######1  | 413/578 [01:30<00:45,  3.63it/s]
Extract:  72%|#######1  | 415/578 [01:31<00:35,  4.60it/s]
Extract:  72%|#######1  | 416/578 [01:31<00:34,  4.75it/s]
Extract:  72%|#######2  | 418/578 [01:31<00:28,  5.57it/s]
Extract:  72%|#######2  | 419/578 [01:31<00:30,  5.28it/s]
Extract:  73%|#######2  | 421/578 [01:32<00:37,  4.23it/s]
Extract:  73%|#######3  | 424/578 [01:32<00:26,  5.82it/s]
Extract:  74%|#######3  | 425/578 [01:33<00:31,  4.85it/s]
Extract:  74%|#######3  | 426/578 [01:33<00:30,  5.06it/s]
Extract:  74%|#######3  | 427/578 [01:33<00:40,  3.70it/s]
Extract:  74%|#######4  | 428/578 [01:34<00:51,  2.90it/s]
Extract:  74%|#######4  | 429/578 [01:35<01:06,  2.25it/s]
Extract:  75%|#######4  | 431/578 [01:35<00:44,  3.27it/s]
Extract:  75%|#######4  | 432/578 [01:35<00:44,  3.26it/s]
Extract:  75%|#######5  | 434/578 [01:36<00:41,  3.45it/s]
Extract:  75%|#######5  | 435/578 [01:36<00:36,  3.95it/s]
Extract:  76%|#######5  | 437/578 [01:36<00:29,  4.86it/s]
Extract:  76%|#######5  | 438/578 [01:36<00:28,  4.84it/s]
Extract:  76%|#######5  | 439/578 [01:37<00:31,  4.36it/s]
Extract:  76%|#######6  | 441/578 [01:37<00:34,  3.94it/s]
Extract:  76%|#######6  | 442/578 [01:37<00:30,  4.39it/s]
Extract:  77%|#######6  | 443/578 [01:37<00:27,  4.92it/s]
Extract:  77%|#######6  | 444/578 [01:38<00:24,  5.39it/s]
Extract:  77%|#######6  | 445/578 [01:38<00:35,  3.73it/s]
Extract:  77%|#######7  | 447/578 [01:38<00:23,  5.51it/s]
Extract:  78%|#######7  | 449/578 [01:38<00:17,  7.23it/s]
Extract:  78%|#######7  | 450/578 [01:39<00:30,  4.16it/s]
Extract:  78%|#######8  | 451/578 [01:40<00:51,  2.49it/s]
Extract:  78%|#######8  | 452/578 [01:40<00:42,  2.97it/s]
Extract:  79%|#######8  | 454/578 [01:40<00:29,  4.18it/s]
Extract:  79%|#######8  | 456/578 [01:40<00:22,  5.46it/s]
Extract:  79%|#######9  | 458/578 [01:41<00:21,  5.65it/s]
Extract:  80%|#######9  | 460/578 [01:41<00:16,  7.37it/s]
Extract:  80%|#######9  | 462/578 [01:41<00:15,  7.33it/s]
Extract:  80%|########  | 463/578 [01:41<00:19,  5.95it/s]
Extract:  80%|########  | 465/578 [01:42<00:14,  7.76it/s]
Extract:  81%|########  | 467/578 [01:42<00:20,  5.53it/s]
Extract:  81%|########  | 468/578 [01:43<00:28,  3.84it/s]
Extract:  81%|########1 | 469/578 [01:43<00:26,  4.18it/s]
Extract:  81%|########1 | 470/578 [01:43<00:27,  4.00it/s]
Extract:  81%|########1 | 471/578 [01:44<00:29,  3.58it/s]
Extract:  82%|########1 | 472/578 [01:44<00:30,  3.47it/s]
Extract:  82%|########1 | 473/578 [01:44<00:26,  3.93it/s]
Extract:  82%|########2 | 474/578 [01:44<00:26,  3.94it/s]
Extract:  82%|########2 | 475/578 [01:44<00:22,  4.61it/s]
Extract:  82%|########2 | 476/578 [01:45<00:34,  2.94it/s]
Extract:  83%|########2 | 477/578 [01:46<00:44,  2.29it/s]
Extract:  83%|########2 | 478/578 [01:46<00:35,  2.84it/s]
Extract:  83%|########2 | 479/578 [01:46<00:31,  3.13it/s]
Extract:  83%|########3 | 480/578 [01:46<00:25,  3.82it/s]
Extract:  83%|########3 | 481/578 [01:46<00:22,  4.27it/s]
Extract:  84%|########3 | 483/578 [01:47<00:15,  6.14it/s]
Extract:  84%|########3 | 485/578 [01:47<00:12,  7.60it/s]
Extract:  84%|########4 | 487/578 [01:47<00:12,  7.30it/s]
Extract:  85%|########4 | 489/578 [01:48<00:21,  4.07it/s]
Extract:  85%|########4 | 490/578 [01:48<00:21,  4.15it/s]
Extract:  85%|########4 | 491/578 [01:48<00:21,  3.96it/s]
Extract:  85%|########5 | 492/578 [01:49<00:23,  3.73it/s]
Extract:  85%|########5 | 493/578 [01:49<00:20,  4.09it/s]
Extract:  85%|########5 | 494/578 [01:49<00:19,  4.22it/s]
Extract:  86%|########5 | 496/578 [01:49<00:13,  6.12it/s]
Extract:  86%|########6 | 498/578 [01:50<00:16,  4.81it/s]
Extract:  87%|########6 | 501/578 [01:50<00:11,  6.79it/s]
Extract:  87%|########7 | 503/578 [01:50<00:09,  8.26it/s]
Extract:  87%|########7 | 505/578 [01:51<00:16,  4.55it/s]
Extract:  88%|########7 | 507/578 [01:51<00:12,  5.55it/s]
Extract:  88%|########7 | 508/578 [01:52<00:16,  4.29it/s]
Extract:  88%|########8 | 510/578 [01:52<00:14,  4.70it/s]
Extract:  89%|########8 | 512/578 [01:52<00:12,  5.15it/s]
Extract:  89%|########8 | 514/578 [01:52<00:09,  6.65it/s]
Extract:  89%|########9 | 516/578 [01:53<00:13,  4.58it/s]
Extract:  89%|########9 | 517/578 [01:53<00:13,  4.58it/s]
Extract:  90%|########9 | 519/578 [01:54<00:12,  4.85it/s]
Extract:  90%|########9 | 520/578 [01:54<00:11,  4.98it/s]
Extract:  90%|######### | 522/578 [01:54<00:08,  6.33it/s]
Extract:  90%|######### | 523/578 [01:54<00:09,  6.05it/s]
Extract:  91%|######### | 524/578 [01:54<00:08,  6.37it/s]
Extract:  91%|#########1| 526/578 [01:55<00:11,  4.58it/s]
Extract:  91%|#########1| 528/578 [01:55<00:08,  6.02it/s]
Extract:  92%|#########1| 529/578 [01:55<00:07,  6.35it/s]
Extract:  92%|#########1| 530/578 [01:55<00:07,  6.76it/s]
Extract:  92%|#########2| 532/578 [01:56<00:06,  7.34it/s]
Extract:  92%|#########2| 534/578 [01:56<00:05,  7.80it/s]
Extract:  93%|#########2| 536/578 [01:56<00:04,  9.61it/s]
Extract:  93%|#########3| 538/578 [01:57<00:05,  6.88it/s]
Extract:  93%|#########3| 540/578 [01:57<00:06,  6.04it/s]
Extract:  94%|#########3| 541/578 [01:57<00:06,  5.93it/s]
Extract:  94%|#########3| 543/578 [01:58<00:07,  4.90it/s]
Extract:  94%|#########4| 546/578 [01:58<00:06,  5.29it/s]
Extract:  95%|#########4| 547/578 [01:59<00:07,  4.39it/s]
Extract:  95%|#########4| 549/578 [01:59<00:04,  5.84it/s]
Extract:  95%|#########5| 551/578 [01:59<00:03,  7.13it/s]
Extract:  96%|#########5| 553/578 [01:59<00:04,  5.69it/s]
Extract:  96%|#########5| 554/578 [02:00<00:05,  4.15it/s]
Extract:  96%|#########6| 555/578 [02:00<00:06,  3.37it/s]
Extract:  96%|#########6| 556/578 [02:01<00:06,  3.62it/s]
Extract:  96%|#########6| 557/578 [02:01<00:05,  4.04it/s]
Extract:  97%|#########6| 559/578 [02:01<00:03,  6.03it/s]
Extract:  97%|#########6| 560/578 [02:01<00:04,  3.72it/s]
Extract:  97%|#########7| 561/578 [02:02<00:04,  3.90it/s]
Extract:  98%|#########7| 564/578 [02:02<00:03,  4.15it/s]
Extract:  98%|#########7| 565/578 [02:03<00:03,  3.52it/s]
Extract:  98%|#########7| 566/578 [02:03<00:03,  3.98it/s]
Extract:  98%|#########8| 567/578 [02:03<00:02,  4.33it/s]
Extract:  98%|#########8| 568/578 [02:04<00:02,  3.49it/s]
Extract:  99%|#########8| 570/578 [02:04<00:01,  5.22it/s]
Extract:  99%|#########8| 572/578 [02:04<00:00,  6.30it/s]
Extract:  99%|#########9| 574/578 [02:04<00:00,  7.77it/s]
Extract: 100%|#########9| 576/578 [02:05<00:00,  4.49it/s]
Extract: 100%|##########| 578/578 [02:05<00:00,  4.61it/s]

Extract:   0%|          | 0/578 [00:00<?, ?it/s]
Extract:   0%|          | 2/578 [00:00<00:57, 10.09it/s]
Extract:   1%|          | 4/578 [00:00<01:33,  6.13it/s]
Extract:   1%|          | 5/578 [00:00<01:36,  5.96it/s]
Extract:   1%|1         | 6/578 [00:00<01:33,  6.13it/s]
Extract:   1%|1         | 7/578 [00:01<02:05,  4.57it/s]
Extract:   1%|1         | 8/578 [00:01<03:00,  3.17it/s]
Extract:   2%|1         | 9/578 [00:02<03:00,  3.16it/s]
Extract:   2%|1         | 10/578 [00:02<02:54,  3.26it/s]
Extract:   2%|1         | 11/578 [00:02<02:47,  3.39it/s]
Extract:   2%|2         | 12/578 [00:03<03:22,  2.80it/s]
Extract:   2%|2         | 13/578 [00:03<02:49,  3.33it/s]
Extract:   2%|2         | 14/578 [00:03<03:25,  2.75it/s]
Extract:   3%|2         | 15/578 [00:04<03:44,  2.50it/s]
Extract:   3%|2         | 16/578 [00:04<03:15,  2.88it/s]
Extract:   3%|3         | 19/578 [00:04<01:38,  5.66it/s]
Extract:   4%|3         | 21/578 [00:05<01:59,  4.66it/s]
Extract:   4%|3         | 22/578 [00:05<02:02,  4.55it/s]
Extract:   4%|3         | 23/578 [00:05<02:12,  4.19it/s]
Extract:   4%|4         | 24/578 [00:05<01:56,  4.76it/s]
Extract:   4%|4         | 26/578 [00:06<01:30,  6.09it/s]
Extract:   5%|4         | 27/578 [00:06<02:27,  3.73it/s]
Extract:   5%|4         | 28/578 [00:06<02:08,  4.29it/s]
Extract:   5%|5         | 29/578 [00:07<02:14,  4.07it/s]
Extract:   5%|5         | 30/578 [00:07<02:12,  4.14it/s]
Extract:   5%|5         | 31/578 [00:07<02:23,  3.82it/s]
Extract:   6%|5         | 33/578 [00:07<01:33,  5.81it/s]
Extract:   6%|6         | 35/578 [00:08<01:14,  7.29it/s]
Extract:   6%|6         | 37/578 [00:08<01:18,  6.85it/s]
Extract:   7%|6         | 38/578 [00:08<01:18,  6.87it/s]
Extract:   7%|6         | 40/578 [00:08<01:11,  7.53it/s]
Extract:   7%|7         | 41/578 [00:08<01:10,  7.65it/s]
Extract:   7%|7         | 42/578 [00:09<01:57,  4.55it/s]
Extract:   7%|7         | 43/578 [00:09<02:41,  3.31it/s]
Extract:   8%|7         | 45/578 [00:10<01:48,  4.93it/s]
Extract:   8%|7         | 46/578 [00:10<01:36,  5.49it/s]
Extract:   8%|8         | 47/578 [00:10<01:45,  5.03it/s]
Extract:   8%|8         | 49/578 [00:10<01:25,  6.19it/s]
Extract:   9%|8         | 50/578 [00:11<02:18,  3.80it/s]
Extract:   9%|8         | 51/578 [00:11<02:43,  3.22it/s]
Extract:   9%|8         | 52/578 [00:12<02:59,  2.93it/s]
Extract:   9%|9         | 54/578 [00:12<02:29,  3.49it/s]
Extract:  10%|9         | 55/578 [00:13<03:18,  2.63it/s]
Extract:  10%|9         | 56/578 [00:13<02:51,  3.04it/s]
Extract:  10%|#         | 58/578 [00:13<02:28,  3.50it/s]
Extract:  10%|#         | 59/578 [00:14<02:41,  3.22it/s]
Extract:  10%|#         | 60/578 [00:14<03:07,  2.76it/s]
Extract:  11%|#         | 61/578 [00:15<03:09,  2.73it/s]
Extract:  11%|#         | 63/578 [00:15<02:05,  4.12it/s]
Extract:  11%|#1        | 64/578 [00:15<02:16,  3.77it/s]
Extract:  11%|#1        | 65/578 [00:16<02:57,  2.88it/s]
Extract:  11%|#1        | 66/578 [00:16<02:25,  3.52it/s]
Extract:  12%|#1        | 67/578 [00:16<03:18,  2.57it/s]
Extract:  12%|#1        | 69/578 [00:17<02:22,  3.57it/s]
Extract:  12%|#2        | 70/578 [00:17<02:01,  4.17it/s]
Extract:  12%|#2        | 71/578 [00:17<01:54,  4.44it/s]
Extract:  12%|#2        | 72/578 [00:17<02:01,  4.17it/s]
Extract:  13%|#2        | 73/578 [00:18<03:05,  2.72it/s]
Extract:  13%|#2        | 75/578 [00:18<02:02,  4.09it/s]
Extract:  13%|#3        | 76/578 [00:19<02:10,  3.83it/s]
Extract:  13%|#3        | 77/578 [00:19<02:41,  3.10it/s]
Extract:  14%|#3        | 79/578 [00:19<01:45,  4.73it/s]
Extract:  14%|#3        | 80/578 [00:19<01:35,  5.20it/s]
Extract:  14%|#4        | 81/578 [00:19<01:27,  5.69it/s]
Extract:  14%|#4        | 83/578 [00:20<01:20,  6.17it/s]
Extract:  15%|#4        | 84/578 [00:20<02:06,  3.91it/s]
Extract:  15%|#4        | 86/578 [00:21<01:39,  4.94it/s]
Extract:  15%|#5        | 88/578 [00:21<01:13,  6.64it/s]
Extract:  15%|#5        | 89/578 [00:21<01:57,  4.16it/s]
Extract:  16%|#5        | 90/578 [00:22<02:07,  3.83it/s]
Extract:  16%|#5        | 91/578 [00:22<02:56,  2.76it/s]
Extract:  16%|#5        | 92/578 [00:23<03:17,  2.46it/s]
Extract:  16%|#6        | 94/578 [00:23<02:23,  3.38it/s]
Extract:  17%|#6        | 96/578 [00:23<02:07,  3.77it/s]
Extract:  17%|#6        | 98/578 [00:24<01:54,  4.20it/s]
Extract:  17%|#7        | 100/578 [00:24<01:39,  4.79it/s]
Extract:  17%|#7        | 101/578 [00:24<01:35,  5.02it/s]
Extract:  18%|#7        | 104/578 [00:24<01:00,  7.83it/s]
Extract:  18%|#8        | 106/578 [00:25<01:13,  6.38it/s]
Extract:  19%|#8        | 107/578 [00:25<01:38,  4.80it/s]
Extract:  19%|#8        | 108/578 [00:26<01:43,  4.52it/s]
Extract:  19%|#9        | 110/578 [00:26<01:28,  5.27it/s]
Extract:  19%|#9        | 111/578 [00:26<01:22,  5.65it/s]
Extract:  20%|#9        | 113/578 [00:26<01:07,  6.90it/s]
Extract:  20%|#9        | 114/578 [00:26<01:02,  7.38it/s]
Extract:  20%|##        | 116/578 [00:27<01:04,  7.21it/s]
Extract:  20%|##        | 117/578 [00:27<01:29,  5.13it/s]
Extract:  21%|##        | 120/578 [00:28<01:25,  5.36it/s]
Extract:  21%|##        | 121/578 [00:28<01:53,  4.01it/s]
Extract:  21%|##1       | 122/578 [00:28<01:39,  4.58it/s]
Extract:  21%|##1       | 123/578 [00:28<01:27,  5.19it/s]
Extract:  21%|##1       | 124/578 [00:28<01:17,  5.86it/s]
Extract:  22%|##1       | 125/578 [00:29<01:44,  4.34it/s]
Extract:  22%|##1       | 126/578 [00:29<01:52,  4.01it/s]
Extract:  22%|##2       | 128/578 [00:29<01:38,  4.59it/s]
Extract:  22%|##2       | 130/578 [00:30<01:32,  4.83it/s]
Extract:  23%|##2       | 131/578 [00:30<02:08,  3.48it/s]
Extract:  23%|##2       | 132/578 [00:30<01:49,  4.09it/s]
Extract:  23%|##3       | 133/578 [00:31<01:48,  4.09it/s]
Extract:  23%|##3       | 134/578 [00:31<01:41,  4.38it/s]
Extract:  23%|##3       | 135/578 [00:31<01:36,  4.59it/s]
Extract:  24%|##3       | 136/578 [00:31<01:29,  4.95it/s]
Extract:  24%|##3       | 137/578 [00:32<01:58,  3.73it/s]
Extract:  24%|##3       | 138/578 [00:32<02:42,  2.71it/s]
Extract:  24%|##4       | 139/578 [00:33<02:26,  3.00it/s]
Extract:  25%|##4       | 143/578 [00:33<01:01,  7.07it/s]
Extract:  25%|##5       | 146/578 [00:33<01:07,  6.36it/s]
Extract:  26%|##5       | 148/578 [00:34<01:09,  6.20it/s]
Extract:  26%|##5       | 149/578 [00:34<01:29,  4.78it/s]
Extract:  26%|##5       | 150/578 [00:34<01:29,  4.78it/s]
Extract:  26%|##6       | 152/578 [00:34<01:09,  6.14it/s]
Extract:  26%|##6       | 153/578 [00:35<01:26,  4.94it/s]
Extract:  27%|##6       | 154/578 [00:35<01:30,  4.68it/s]
Extract:  27%|##6       | 155/578 [00:35<01:47,  3.94it/s]
Extract:  27%|##7       | 157/578 [00:35<01:11,  5.86it/s]
Extract:  28%|##7       | 159/578 [00:36<00:57,  7.31it/s]
Extract:  28%|##7       | 161/578 [00:36<00:59,  7.00it/s]
Extract:  28%|##8       | 163/578 [00:37<01:23,  4.95it/s]
Extract:  29%|##8       | 165/578 [00:37<01:12,  5.68it/s]
Extract:  29%|##8       | 166/578 [00:37<01:09,  5.96it/s]
Extract:  29%|##8       | 167/578 [00:37<01:29,  4.58it/s]
Extract:  29%|##9       | 168/578 [00:37<01:22,  4.97it/s]
Extract:  29%|##9       | 169/578 [00:38<01:13,  5.57it/s]
Extract:  29%|##9       | 170/578 [00:38<01:11,  5.74it/s]
Extract:  30%|##9       | 172/578 [00:38<01:23,  4.87it/s]
Extract:  30%|##9       | 173/578 [00:39<01:57,  3.44it/s]
Extract:  30%|###       | 174/578 [00:39<01:49,  3.69it/s]
Extract:  30%|###       | 176/578 [00:39<01:19,  5.08it/s]
Extract:  31%|###       | 177/578 [00:40<01:52,  3.58it/s]
Extract:  31%|###       | 178/578 [00:40<01:41,  3.94it/s]
Extract:  31%|###       | 179/578 [00:40<01:30,  4.41it/s]
Extract:  31%|###1      | 180/578 [00:41<01:58,  3.37it/s]
Extract:  31%|###1      | 181/578 [00:41<02:10,  3.03it/s]
Extract:  31%|###1      | 182/578 [00:41<02:15,  2.91it/s]
Extract:  32%|###1      | 184/578 [00:42<01:54,  3.45it/s]
Extract:  32%|###2      | 185/578 [00:42<02:15,  2.90it/s]
Extract:  32%|###2      | 186/578 [00:43<02:00,  3.25it/s]
Extract:  33%|###2      | 188/578 [00:43<01:25,  4.57it/s]
Extract:  33%|###2      | 189/578 [00:43<01:47,  3.60it/s]
Extract:  33%|###3      | 191/578 [00:44<01:37,  3.98it/s]
Extract:  33%|###3      | 192/578 [00:44<01:25,  4.51it/s]
Extract:  34%|###3      | 194/578 [00:44<01:05,  5.90it/s]
Extract:  34%|###3      | 196/578 [00:44<00:48,  7.88it/s]
Extract:  34%|###4      | 198/578 [00:45<01:35,  3.98it/s]
Extract:  35%|###4      | 201/578 [00:46<01:26,  4.38it/s]
Extract:  35%|###4      | 202/578 [00:46<01:28,  4.24it/s]
Extract:  35%|###5      | 203/578 [00:47<01:56,  3.22it/s]
Extract:  35%|###5      | 205/578 [00:47<01:33,  4.01it/s]
Extract:  36%|###5      | 206/578 [00:47<01:31,  4.08it/s]
Extract:  36%|###5      | 207/578 [00:47<01:41,  3.64it/s]
Extract:  36%|###6      | 209/578 [00:48<01:12,  5.06it/s]
Extract:  36%|###6      | 210/578 [00:48<01:12,  5.04it/s]
Extract:  37%|###6      | 212/578 [00:48<01:24,  4.34it/s]
Extract:  37%|###6      | 213/578 [00:49<01:30,  4.02it/s]
Extract:  37%|###7      | 215/578 [00:49<01:27,  4.17it/s]
Extract:  38%|###7      | 217/578 [00:49<01:13,  4.90it/s]
Extract:  38%|###8      | 220/578 [00:50<00:51,  6.99it/s]
Extract:  38%|###8      | 221/578 [00:50<00:49,  7.15it/s]
Extract:  39%|###8      | 223/578 [00:50<00:41,  8.62it/s]
Extract:  39%|###8      | 225/578 [00:50<00:51,  6.79it/s]
Extract:  39%|###9      | 226/578 [00:50<00:55,  6.30it/s]
Extract:  39%|###9      | 227/578 [00:51<00:54,  6.41it/s]
Extract:  40%|###9      | 229/578 [00:51<00:55,  6.24it/s]
Extract:  40%|###9      | 230/578 [00:51<01:14,  4.70it/s]
Extract:  40%|###9      | 231/578 [00:52<01:54,  3.03it/s]
Extract:  40%|####      | 232/578 [00:52<01:41,  3.42it/s]
Extract:  40%|####      | 233/578 [00:52<01:29,  3.87it/s]
Extract:  40%|####      | 234/578 [00:53<01:27,  3.95it/s]
Extract:  41%|####      | 235/578 [00:53<01:19,  4.29it/s]
Extract:  41%|####      | 236/578 [00:54<02:32,  2.24it/s]
Extract:  41%|####1     | 237/578 [00:55<03:04,  1.85it/s]
Extract:  41%|####1     | 239/578 [00:55<01:57,  2.88it/s]
Extract:  42%|####1     | 240/578 [00:55<01:48,  3.12it/s]
Extract:  42%|####1     | 242/578 [00:55<01:18,  4.26it/s]
Extract:  42%|####2     | 244/578 [00:56<01:40,  3.31it/s]
Extract:  42%|####2     | 245/578 [00:56<01:30,  3.67it/s]
Extract:  43%|####2     | 247/578 [00:57<01:25,  3.85it/s]
Extract:  43%|####2     | 248/578 [00:57<01:36,  3.43it/s]
Extract:  43%|####3     | 249/578 [00:57<01:32,  3.54it/s]
Extract:  43%|####3     | 250/578 [00:58<01:29,  3.66it/s]
Extract:  43%|####3     | 251/578 [00:58<01:26,  3.78it/s]
Extract:  44%|####3     | 253/578 [00:58<01:02,  5.21it/s]
Extract:  44%|####4     | 255/578 [00:58<01:04,  5.02it/s]
Extract:  44%|####4     | 256/578 [00:59<01:56,  2.76it/s]
Extract:  44%|####4     | 257/578 [01:00<01:38,  3.27it/s]
Extract:  45%|####4     | 258/578 [01:00<01:22,  3.89it/s]
Extract:  45%|####4     | 259/578 [01:00<01:10,  4.50it/s]
Extract:  45%|####4     | 260/578 [01:00<01:03,  4.98it/s]
Extract:  45%|####5     | 262/578 [01:00<01:13,  4.28it/s]
Extract:  46%|####5     | 263/578 [01:01<01:45,  3.00it/s]
Extract:  46%|####5     | 265/578 [01:02<01:30,  3.44it/s]
Extract:  46%|####6     | 266/578 [01:02<01:32,  3.39it/s]
Extract:  46%|####6     | 267/578 [01:03<01:55,  2.69it/s]
Extract:  46%|####6     | 268/578 [01:03<01:37,  3.17it/s]
Extract:  47%|####6     | 269/578 [01:03<01:47,  2.86it/s]
Extract:  47%|####6     | 271/578 [01:03<01:09,  4.44it/s]
Extract:  47%|####7     | 273/578 [01:04<01:20,  3.80it/s]
Extract:  47%|####7     | 274/578 [01:05<01:50,  2.75it/s]
Extract:  48%|####7     | 275/578 [01:05<02:10,  2.32it/s]
Extract:  48%|####7     | 276/578 [01:05<01:53,  2.66it/s]
Extract:  48%|####7     | 277/578 [01:06<01:31,  3.28it/s]
Extract:  48%|####8     | 280/578 [01:06<01:08,  4.36it/s]
Extract:  49%|####8     | 282/578 [01:06<00:52,  5.59it/s]
Extract:  49%|####8     | 283/578 [01:07<00:58,  5.04it/s]
Extract:  49%|####9     | 284/578 [01:07<00:52,  5.61it/s]
Extract:  49%|####9     | 285/578 [01:07<00:57,  5.12it/s]
Extract:  49%|####9     | 286/578 [01:07<00:59,  4.87it/s]
Extract:  50%|####9     | 287/578 [01:07<00:55,  5.28it/s]
Extract:  50%|####9     | 288/578 [01:07<00:52,  5.56it/s]
Extract:  50%|#####     | 289/578 [01:08<00:58,  4.91it/s]
Extract:  50%|#####     | 290/578 [01:08<01:28,  3.26it/s]
Extract:  50%|#####     | 291/578 [01:08<01:13,  3.92it/s]
Extract:  51%|#####     | 294/578 [01:09<00:43,  6.49it/s]
Extract:  51%|#####1    | 295/578 [01:09<01:17,  3.65it/s]
Extract:  51%|#####1    | 296/578 [01:09<01:11,  3.96it/s]
Extract:  51%|#####1    | 297/578 [01:10<01:48,  2.60it/s]
Extract:  52%|#####1    | 299/578 [01:10<01:12,  3.84it/s]
Extract:  52%|#####1    | 300/578 [01:11<01:06,  4.19it/s]
Extract:  52%|#####2    | 301/578 [01:11<01:20,  3.44it/s]
Extract:  52%|#####2    | 303/578 [01:11<00:56,  4.91it/s]
Extract:  53%|#####2    | 304/578 [01:12<01:17,  3.52it/s]
Extract:  53%|#####2    | 305/578 [01:12<01:09,  3.93it/s]
Extract:  53%|#####3    | 307/578 [01:12<01:04,  4.22it/s]
Extract:  53%|#####3    | 308/578 [01:13<01:06,  4.09it/s]
Extract:  53%|#####3    | 309/578 [01:13<01:40,  2.68it/s]
Extract:  54%|#####3    | 310/578 [01:14<01:24,  3.16it/s]
Extract:  54%|#####3    | 311/578 [01:14<01:44,  2.55it/s]
Extract:  54%|#####3    | 312/578 [01:15<01:52,  2.37it/s]
Extract:  54%|#####4    | 313/578 [01:15<01:28,  3.00it/s]
Extract:  54%|#####4    | 314/578 [01:15<01:26,  3.06it/s]
Extract:  55%|#####4    | 316/578 [01:15<01:10,  3.74it/s]
Extract:  55%|#####5    | 318/578 [01:16<01:08,  3.77it/s]
Extract:  55%|#####5    | 319/578 [01:16<01:06,  3.89it/s]
Extract:  55%|#####5    | 320/578 [01:17<01:18,  3.30it/s]
Extract:  56%|#####5    | 321/578 [01:17<01:05,  3.95it/s]
Extract:  56%|#####5    | 322/578 [01:17<01:19,  3.22it/s]
Extract:  56%|#####5    | 323/578 [01:17<01:11,  3.59it/s]
Extract:  56%|#####6    | 325/578 [01:18<00:47,  5.35it/s]
Extract:  56%|#####6    | 326/578 [01:18<00:52,  4.84it/s]
Extract:  57%|#####6    | 328/578 [01:18<00:45,  5.45it/s]
Extract:  57%|#####7    | 330/578 [01:18<00:36,  6.84it/s]
Extract:  57%|#####7    | 331/578 [01:18<00:36,  6.73it/s]
Extract:  57%|#####7    | 332/578 [01:19<00:42,  5.85it/s]
Extract:  58%|#####7    | 334/578 [01:19<00:31,  7.72it/s]
Extract:  58%|#####7    | 335/578 [01:19<00:30,  8.01it/s]
Extract:  58%|#####8    | 337/578 [01:19<00:27,  8.84it/s]
Extract:  59%|#####8    | 339/578 [01:19<00:25,  9.48it/s]
Extract:  59%|#####8    | 340/578 [01:19<00:26,  9.13it/s]
Extract:  59%|#####8    | 341/578 [01:20<00:26,  9.03it/s]
Extract:  59%|#####9    | 342/578 [01:20<00:31,  7.50it/s]
Extract:  60%|#####9    | 344/578 [01:20<00:39,  5.94it/s]
Extract:  60%|#####9    | 345/578 [01:20<00:36,  6.42it/s]
Extract:  60%|######    | 347/578 [01:20<00:28,  8.01it/s]
Extract:  60%|######    | 349/578 [01:21<00:40,  5.67it/s]
Extract:  61%|######    | 350/578 [01:21<00:39,  5.76it/s]
Extract:  61%|######    | 351/578 [01:22<01:14,  3.04it/s]
Extract:  61%|######    | 352/578 [01:22<01:03,  3.57it/s]
Extract:  61%|######1   | 353/578 [01:22<00:59,  3.78it/s]
Extract:  61%|######1   | 355/578 [01:23<00:40,  5.56it/s]
Extract:  62%|######1   | 356/578 [01:23<00:50,  4.41it/s]
Extract:  62%|######1   | 357/578 [01:23<00:49,  4.50it/s]
Extract:  62%|######2   | 359/578 [01:23<00:36,  5.99it/s]
Extract:  62%|######2   | 360/578 [01:24<00:39,  5.51it/s]
Extract:  63%|######2   | 362/578 [01:24<00:45,  4.73it/s]
Extract:  63%|######2   | 363/578 [01:24<00:41,  5.16it/s]
Extract:  63%|######3   | 365/578 [01:24<00:37,  5.74it/s]
Extract:  63%|######3   | 366/578 [01:25<00:38,  5.57it/s]
Extract:  63%|######3   | 367/578 [01:25<00:47,  4.47it/s]
Extract:  64%|######3   | 368/578 [01:25<00:46,  4.50it/s]
Extract:  64%|######3   | 369/578 [01:26<01:02,  3.34it/s]
Extract:  64%|######4   | 371/578 [01:26<00:42,  4.85it/s]
Extract:  65%|######4   | 373/578 [01:26<00:43,  4.67it/s]
Extract:  65%|######4   | 374/578 [01:27<00:41,  4.89it/s]
Extract:  65%|######4   | 375/578 [01:27<00:48,  4.21it/s]
Extract:  65%|######5   | 376/578 [01:27<00:51,  3.90it/s]
Extract:  65%|######5   | 377/578 [01:27<00:51,  3.87it/s]
Extract:  65%|######5   | 378/578 [01:28<00:44,  4.53it/s]
Extract:  66%|######5   | 379/578 [01:28<00:37,  5.26it/s]
Extract:  66%|######5   | 380/578 [01:28<00:42,  4.71it/s]
Extract:  66%|######5   | 381/578 [01:28<00:37,  5.24it/s]
Extract:  66%|######6   | 382/578 [01:28<00:48,  4.05it/s]
Extract:  66%|######6   | 383/578 [01:29<00:42,  4.60it/s]
Extract:  66%|######6   | 384/578 [01:29<00:49,  3.93it/s]
Extract:  67%|######6   | 386/578 [01:29<00:36,  5.21it/s]
Extract:  67%|######6   | 387/578 [01:29<00:41,  4.61it/s]
Extract:  67%|######7   | 388/578 [01:30<00:35,  5.34it/s]
Extract:  67%|######7   | 390/578 [01:30<00:27,  6.93it/s]
Extract:  68%|######7   | 391/578 [01:30<00:30,  6.05it/s]
Extract:  68%|######7   | 392/578 [01:30<00:41,  4.52it/s]
Extract:  68%|######7   | 393/578 [01:31<00:50,  3.67it/s]
Extract:  68%|######8   | 394/578 [01:31<00:51,  3.59it/s]
Extract:  68%|######8   | 395/578 [01:31<00:54,  3.37it/s]
Extract:  69%|######8   | 397/578 [01:32<00:44,  4.09it/s]
Extract:  69%|######8   | 398/578 [01:32<00:39,  4.58it/s]
Extract:  69%|######9   | 399/578 [01:32<00:35,  4.98it/s]
Extract:  69%|######9   | 401/578 [01:32<00:26,  6.80it/s]
Extract:  70%|######9   | 402/578 [01:32<00:24,  7.24it/s]
Extract:  70%|######9   | 403/578 [01:32<00:23,  7.57it/s]
Extract:  70%|######9   | 404/578 [01:33<00:21,  7.92it/s]
Extract:  70%|#######   | 405/578 [01:33<00:20,  8.35it/s]
Extract:  70%|#######   | 406/578 [01:33<00:29,  5.76it/s]
Extract:  70%|#######   | 407/578 [01:34<00:54,  3.12it/s]
Extract:  71%|#######   | 408/578 [01:34<01:07,  2.51it/s]
Extract:  71%|#######   | 410/578 [01:35<00:47,  3.57it/s]
Extract:  71%|#######1  | 412/578 [01:35<00:34,  4.77it/s]
Extract:  71%|#######1  | 413/578 [01:35<00:39,  4.15it/s]
Extract:  72%|#######1  | 415/578 [01:35<00:32,  5.09it/s]
Extract:  72%|#######1  | 416/578 [01:36<00:31,  5.08it/s]
Extract:  72%|#######2  | 417/578 [01:37<01:02,  2.58it/s]
Extract:  72%|#######2  | 418/578 [01:37<01:12,  2.22it/s]
Extract:  72%|#######2  | 419/578 [01:38<01:13,  2.16it/s]
Extract:  73%|#######2  | 420/578 [01:38<01:05,  2.41it/s]
Extract:  73%|#######2  | 421/578 [01:39<01:17,  2.02it/s]
Extract:  73%|#######3  | 424/578 [01:39<00:44,  3.47it/s]
Extract:  74%|#######3  | 425/578 [01:40<00:51,  2.96it/s]
Extract:  74%|#######3  | 426/578 [01:40<00:46,  3.28it/s]
Extract:  74%|#######3  | 427/578 [01:40<00:58,  2.60it/s]
Extract:  74%|#######4  | 428/578 [01:41<01:04,  2.34it/s]
Extract:  74%|#######4  | 429/578 [01:42<01:11,  2.10it/s]
Extract:  75%|#######4  | 431/578 [01:42<00:46,  3.18it/s]
Extract:  75%|#######4  | 432/578 [01:42<00:53,  2.72it/s]
Extract:  75%|#######5  | 434/578 [01:43<00:51,  2.79it/s]
Extract:  75%|#######5  | 435/578 [01:43<00:45,  3.11it/s]
Extract:  76%|#######5  | 437/578 [01:43<00:34,  4.12it/s]
Extract:  76%|#######5  | 438/578 [01:44<00:32,  4.34it/s]
Extract:  76%|#######5  | 439/578 [01:44<00:34,  3.98it/s]
Extract:  76%|#######6  | 441/578 [01:44<00:36,  3.75it/s]
Extract:  76%|#######6  | 442/578 [01:45<00:32,  4.25it/s]
Extract:  77%|#######6  | 443/578 [01:45<00:28,  4.79it/s]
Extract:  77%|#######6  | 444/578 [01:45<00:25,  5.23it/s]
Extract:  77%|#######6  | 445/578 [01:46<00:45,  2.92it/s]
Extract:  77%|#######7  | 447/578 [01:46<00:31,  4.15it/s]
Extract:  78%|#######7  | 448/578 [01:46<00:26,  4.82it/s]
Extract:  78%|#######7  | 450/578 [01:47<00:43,  2.93it/s]
Extract:  78%|#######8  | 451/578 [01:48<01:02,  2.05it/s]
Extract:  78%|#######8  | 452/578 [01:48<00:52,  2.42it/s]
Extract:  79%|#######8  | 454/578 [01:48<00:37,  3.31it/s]
Extract:  79%|#######8  | 455/578 [01:49<00:32,  3.79it/s]
Extract:  79%|#######8  | 456/578 [01:49<00:27,  4.45it/s]
Extract:  79%|#######9  | 458/578 [01:49<00:27,  4.30it/s]
Extract:  79%|#######9  | 459/578 [01:49<00:24,  4.93it/s]
Extract:  80%|#######9  | 461/578 [01:49<00:18,  6.30it/s]
Extract:  80%|#######9  | 462/578 [01:50<00:17,  6.67it/s]
Extract:  80%|########  | 463/578 [01:50<00:30,  3.82it/s]
Extract:  81%|########  | 466/578 [01:51<00:19,  5.66it/s]
Extract:  81%|########  | 467/578 [01:51<00:23,  4.80it/s]
Extract:  81%|########  | 468/578 [01:51<00:30,  3.64it/s]
Extract:  81%|########1 | 470/578 [01:52<00:23,  4.50it/s]
Extract:  81%|########1 | 471/578 [01:52<00:25,  4.25it/s]
Extract:  82%|########1 | 472/578 [01:52<00:25,  4.15it/s]
Extract:  82%|########1 | 473/578 [01:52<00:23,  4.41it/s]
Extract:  82%|########2 | 474/578 [01:53<00:24,  4.20it/s]
Extract:  82%|########2 | 475/578 [01:53<00:22,  4.58it/s]
Extract:  82%|########2 | 476/578 [01:53<00:31,  3.28it/s]
Extract:  83%|########2 | 477/578 [01:53<00:25,  3.98it/s]
Extract:  83%|########2 | 479/578 [01:54<00:20,  4.90it/s]
Extract:  83%|########3 | 480/578 [01:54<00:18,  5.41it/s]
Extract:  83%|########3 | 481/578 [01:54<00:18,  5.39it/s]
Extract:  84%|########3 | 483/578 [01:54<00:13,  7.16it/s]
Extract:  84%|########3 | 485/578 [01:54<00:10,  8.86it/s]
Extract:  84%|########4 | 487/578 [01:55<00:09,  9.40it/s]
Extract:  85%|########4 | 489/578 [01:56<00:23,  3.80it/s]
Extract:  85%|########4 | 490/578 [01:56<00:21,  4.04it/s]
Extract:  85%|########4 | 491/578 [01:56<00:22,  3.81it/s]
Extract:  85%|########5 | 492/578 [01:56<00:22,  3.82it/s]
Extract:  85%|########5 | 493/578 [01:57<00:20,  4.17it/s]
Extract:  85%|########5 | 494/578 [01:57<00:18,  4.48it/s]
Extract:  86%|########5 | 496/578 [01:57<00:13,  6.15it/s]
Extract:  86%|########6 | 498/578 [01:57<00:15,  5.02it/s]
Extract:  87%|########6 | 500/578 [01:58<00:11,  6.73it/s]
Extract:  87%|########6 | 501/578 [01:58<00:11,  6.89it/s]
Extract:  87%|########7 | 503/578 [01:58<00:08,  8.74it/s]
Extract:  87%|########7 | 505/578 [01:59<00:14,  5.20it/s]
Extract:  88%|########7 | 507/578 [01:59<00:10,  6.69it/s]
Extract:  88%|########8 | 509/578 [01:59<00:09,  7.48it/s]
Extract:  88%|########8 | 511/578 [01:59<00:09,  7.12it/s]
Extract:  89%|########8 | 512/578 [01:59<00:09,  6.66it/s]
Extract:  89%|########8 | 514/578 [01:59<00:07,  8.58it/s]
Extract:  89%|########9 | 516/578 [02:00<00:13,  4.73it/s]
Extract:  89%|########9 | 517/578 [02:00<00:12,  4.72it/s]
Extract:  90%|########9 | 519/578 [02:01<00:10,  5.52it/s]
Extract:  90%|########9 | 520/578 [02:01<00:09,  5.97it/s]
Extract:  90%|######### | 522/578 [02:01<00:07,  7.12it/s]
Extract:  90%|######### | 523/578 [02:01<00:08,  6.80it/s]
Extract:  91%|######### | 524/578 [02:01<00:07,  6.87it/s]
Extract:  91%|#########1| 526/578 [02:02<00:16,  3.17it/s]
Extract:  91%|#########1| 528/578 [02:03<00:11,  4.25it/s]
Extract:  92%|#########1| 529/578 [02:03<00:10,  4.61it/s]
Extract:  92%|#########1| 530/578 [02:03<00:09,  4.96it/s]
Extract:  92%|#########1| 531/578 [02:03<00:08,  5.34it/s]
Extract:  92%|#########2| 532/578 [02:03<00:07,  5.84it/s]
Extract:  92%|#########2| 534/578 [02:04<00:06,  6.57it/s]
Extract:  93%|#########2| 536/578 [02:04<00:04,  8.43it/s]
Extract:  93%|#########2| 537/578 [02:04<00:06,  6.12it/s]
Extract:  93%|#########3| 538/578 [02:04<00:09,  4.24it/s]
Extract:  93%|#########3| 540/578 [02:05<00:09,  4.19it/s]
Extract:  94%|#########3| 541/578 [02:05<00:09,  4.01it/s]
Extract:  94%|#########3| 543/578 [02:05<00:07,  4.79it/s]
Extract:  94%|#########4| 546/578 [02:06<00:07,  4.46it/s]
Extract:  95%|#########4| 547/578 [02:07<00:08,  3.64it/s]
Extract:  95%|#########5| 550/578 [02:07<00:05,  5.60it/s]
Extract:  96%|#########5| 552/578 [02:07<00:03,  7.08it/s]
Extract:  96%|#########5| 554/578 [02:08<00:06,  3.56it/s]
Extract:  96%|#########6| 555/578 [02:09<00:08,  2.64it/s]
Extract:  96%|#########6| 556/578 [02:09<00:07,  2.82it/s]
Extract:  96%|#########6| 557/578 [02:10<00:07,  2.95it/s]
Extract:  97%|#########6| 559/578 [02:10<00:04,  4.26it/s]
Extract:  97%|#########6| 560/578 [02:10<00:05,  3.35it/s]
Extract:  97%|#########7| 561/578 [02:11<00:04,  3.46it/s]
Extract:  98%|#########7| 564/578 [02:11<00:03,  4.07it/s]
Extract:  98%|#########7| 565/578 [02:12<00:03,  3.44it/s]
Extract:  98%|#########7| 566/578 [02:12<00:03,  3.88it/s]
Extract:  98%|#########8| 567/578 [02:12<00:02,  3.96it/s]
Extract:  98%|#########8| 568/578 [02:12<00:03,  3.27it/s]
Extract:  99%|#########8| 570/578 [02:13<00:01,  4.79it/s]
Extract:  99%|#########8| 572/578 [02:13<00:01,  5.86it/s]
Extract:  99%|#########9| 574/578 [02:13<00:00,  7.32it/s]
Extract:  99%|#########9| 575/578 [02:13<00:00,  6.52it/s]
Extract: 100%|#########9| 576/578 [02:14<00:00,  4.23it/s]
Extract: 100%|##########| 578/578 [02:14<00:00,  4.30it/s]

Extract:   0%|          | 0/578 [00:00<?, ?it/s]
Extract:   0%|          | 2/578 [00:00<00:49, 11.58it/s]
Extract:   1%|          | 4/578 [00:00<01:31,  6.29it/s]
Extract:   1%|          | 5/578 [00:00<01:33,  6.13it/s]
Extract:   1%|1         | 6/578 [00:00<01:34,  6.08it/s]
Extract:   1%|1         | 7/578 [00:01<02:03,  4.61it/s]
Extract:   1%|1         | 8/578 [00:01<02:37,  3.62it/s]
Extract:   2%|1         | 9/578 [00:01<02:41,  3.53it/s]
Extract:   2%|1         | 10/578 [00:02<02:34,  3.69it/s]
Extract:   2%|1         | 11/578 [00:02<02:24,  3.93it/s]
Extract:   2%|2         | 12/578 [00:02<02:43,  3.47it/s]
Extract:   2%|2         | 13/578 [00:02<02:20,  4.02it/s]
Extract:   2%|2         | 14/578 [00:03<02:55,  3.21it/s]
Extract:   3%|2         | 15/578 [00:04<03:47,  2.47it/s]
Extract:   3%|2         | 16/578 [00:04<03:14,  2.88it/s]
Extract:   3%|2         | 17/578 [00:04<02:46,  3.38it/s]
Extract:   3%|3         | 20/578 [00:04<01:27,  6.38it/s]
Extract:   4%|3         | 21/578 [00:05<02:15,  4.12it/s]
Extract:   4%|3         | 22/578 [00:05<02:12,  4.20it/s]
Extract:   4%|3         | 23/578 [00:05<02:20,  3.95it/s]
Extract:   4%|4         | 24/578 [00:05<02:07,  4.36it/s]
Extract:   4%|4         | 26/578 [00:06<01:33,  5.91it/s]
Extract:   5%|4         | 27/578 [00:06<02:39,  3.46it/s]
Extract:   5%|4         | 28/578 [00:06<02:15,  4.06it/s]
Extract:   5%|5         | 29/578 [00:07<02:18,  3.96it/s]
Extract:   5%|5         | 30/578 [00:07<02:13,  4.10it/s]
Extract:   5%|5         | 31/578 [00:07<02:14,  4.08it/s]
Extract:   6%|5         | 34/578 [00:07<01:16,  7.07it/s]
Extract:   6%|6         | 35/578 [00:07<01:13,  7.40it/s]
Extract:   6%|6         | 37/578 [00:08<01:27,  6.20it/s]
Extract:   7%|6         | 38/578 [00:08<01:33,  5.80it/s]
Extract:   7%|6         | 40/578 [00:08<01:21,  6.61it/s]
Extract:   7%|7         | 41/578 [00:08<01:20,  6.69it/s]
Extract:   7%|7         | 42/578 [00:09<02:23,  3.73it/s]
Extract:   7%|7         | 43/578 [00:10<03:01,  2.96it/s]
Extract:   8%|7         | 46/578 [00:10<01:43,  5.15it/s]
Extract:   8%|8         | 47/578 [00:10<01:38,  5.38it/s]
Extract:   8%|8         | 49/578 [00:10<01:18,  6.74it/s]
Extract:   9%|8         | 50/578 [00:10<01:51,  4.72it/s]
Extract:   9%|8         | 51/578 [00:11<02:02,  4.31it/s]
Extract:   9%|8         | 52/578 [00:11<02:09,  4.07it/s]
Extract:   9%|9         | 54/578 [00:12<02:08,  4.06it/s]
Extract:  10%|9         | 55/578 [00:12<02:05,  4.16it/s]
Extract:  10%|9         | 57/578 [00:12<01:31,  5.72it/s]
Extract:  10%|#         | 58/578 [00:12<01:37,  5.34it/s]
Extract:  10%|#         | 59/578 [00:12<01:30,  5.75it/s]
Extract:  10%|#         | 60/578 [00:13<01:51,  4.63it/s]
Extract:  11%|#         | 61/578 [00:13<02:15,  3.82it/s]
Extract:  11%|#         | 63/578 [00:13<01:31,  5.62it/s]
Extract:  11%|#1        | 64/578 [00:14<01:55,  4.46it/s]
Extract:  11%|#1        | 65/578 [00:14<02:19,  3.67it/s]
Extract:  11%|#1        | 66/578 [00:14<02:00,  4.25it/s]
Extract:  12%|#1        | 67/578 [00:15<02:51,  2.98it/s]
Extract:  12%|#1        | 69/578 [00:15<02:09,  3.94it/s]
Extract:  12%|#2        | 70/578 [00:15<01:50,  4.59it/s]
Extract:  12%|#2        | 71/578 [00:15<01:42,  4.97it/s]
Extract:  12%|#2        | 72/578 [00:15<01:34,  5.38it/s]
Extract:  13%|#2        | 73/578 [00:16<02:40,  3.15it/s]
Extract:  13%|#2        | 75/578 [00:16<01:46,  4.73it/s]
Extract:  13%|#3        | 76/578 [00:16<01:48,  4.64it/s]
Extract:  13%|#3        | 77/578 [00:17<02:29,  3.35it/s]
Extract:  14%|#3        | 79/578 [00:17<01:39,  5.00it/s]
Extract:  14%|#3        | 80/578 [00:17<01:30,  5.53it/s]
Extract:  14%|#4        | 81/578 [00:17<01:24,  5.91it/s]
Extract:  14%|#4        | 82/578 [00:17<01:18,  6.32it/s]
Extract:  14%|#4        | 83/578 [00:18<01:22,  5.99it/s]
Extract:  15%|#4        | 84/578 [00:18<02:11,  3.77it/s]
Extract:  15%|#4        | 85/578 [00:18<01:49,  4.52it/s]
Extract:  15%|#4        | 86/578 [00:18<01:36,  5.09it/s]
Extract:  15%|#5        | 89/578 [00:19<01:37,  5.03it/s]
Extract:  16%|#5        | 90/578 [00:19<01:37,  5.01it/s]
Extract:  16%|#5        | 91/578 [00:20<02:25,  3.35it/s]
Extract:  16%|#5        | 92/578 [00:20<02:57,  2.74it/s]
Extract:  16%|#6        | 94/578 [00:21<02:06,  3.81it/s]
Extract:  17%|#6        | 96/578 [00:21<01:58,  4.06it/s]
Extract:  17%|#6        | 97/578 [00:21<01:57,  4.08it/s]
Extract:  17%|#6        | 98/578 [00:22<01:58,  4.05it/s]
Extract:  17%|#7        | 99/578 [00:22<01:52,  4.27it/s]
Extract:  17%|#7        | 100/578 [00:22<01:58,  4.02it/s]
Extract:  17%|#7        | 101/578 [00:22<01:45,  4.52it/s]
Extract:  18%|#7        | 103/578 [00:22<01:12,  6.59it/s]
Extract:  18%|#8        | 105/578 [00:23<01:16,  6.20it/s]
Extract:  19%|#8        | 107/578 [00:23<01:32,  5.10it/s]
Extract:  19%|#8        | 108/578 [00:23<01:34,  4.98it/s]
Extract:  19%|#9        | 110/578 [00:24<01:21,  5.75it/s]
Extract:  19%|#9        | 111/578 [00:24<01:20,  5.83it/s]
Extract:  20%|#9        | 113/578 [00:24<01:01,  7.60it/s]
Extract:  20%|#9        | 114/578 [00:24<00:58,  7.96it/s]
Extract:  20%|##        | 116/578 [00:25<01:13,  6.29it/s]
Extract:  20%|##        | 117/578 [00:25<01:48,  4.24it/s]
Extract:  21%|##        | 119/578 [00:25<01:16,  5.99it/s]
Extract:  21%|##        | 121/578 [00:26<02:32,  2.99it/s]
Extract:  21%|##1       | 123/578 [00:27<01:50,  4.11it/s]
Extract:  22%|##1       | 125/578 [00:27<01:52,  4.02it/s]
Extract:  22%|##1       | 126/578 [00:27<01:46,  4.25it/s]
Extract:  22%|##1       | 127/578 [00:27<01:44,  4.34it/s]
Extract:  22%|##2       | 128/578 [00:28<01:38,  4.58it/s]
Extract:  22%|##2       | 130/578 [00:28<01:40,  4.45it/s]
Extract:  23%|##2       | 131/578 [00:29<02:02,  3.66it/s]
Extract:  23%|##2       | 132/578 [00:29<01:50,  4.03it/s]
Extract:  23%|##3       | 133/578 [00:29<02:03,  3.61it/s]
Extract:  23%|##3       | 134/578 [00:29<01:49,  4.07it/s]
Extract:  23%|##3       | 135/578 [00:29<01:37,  4.53it/s]
Extract:  24%|##3       | 136/578 [00:30<01:28,  5.00it/s]
Extract:  24%|##3       | 137/578 [00:30<01:58,  3.73it/s]
Extract:  24%|##3       | 138/578 [00:31<02:32,  2.89it/s]
Extract:  24%|##4       | 139/578 [00:31<02:23,  3.06it/s]
Extract:  25%|##4       | 142/578 [00:31<01:14,  5.86it/s]
Extract:  25%|##5       | 146/578 [00:32<01:11,  6.04it/s]
Extract:  25%|##5       | 147/578 [00:32<01:09,  6.24it/s]
Extract:  26%|##5       | 148/578 [00:32<01:08,  6.28it/s]
Extract:  26%|##5       | 149/578 [00:32<01:30,  4.76it/s]
Extract:  26%|##5       | 150/578 [00:32<01:22,  5.19it/s]
Extract:  26%|##6       | 152/578 [00:33<00:59,  7.14it/s]
Extract:  26%|##6       | 153/578 [00:33<01:34,  4.49it/s]
Extract:  27%|##6       | 154/578 [00:33<01:36,  4.40it/s]
Extract:  27%|##6       | 155/578 [00:34<02:05,  3.38it/s]
Extract:  27%|##7       | 157/578 [00:34<01:22,  5.08it/s]
Extract:  28%|##7       | 159/578 [00:34<01:02,  6.66it/s]
Extract:  28%|##7       | 161/578 [00:34<00:59,  7.03it/s]
Extract:  28%|##8       | 163/578 [00:35<01:22,  5.02it/s]
Extract:  29%|##8       | 165/578 [00:35<01:10,  5.89it/s]
Extract:  29%|##8       | 166/578 [00:35<01:07,  6.07it/s]
Extract:  29%|##8       | 167/578 [00:36<01:35,  4.29it/s]
Extract:  29%|##9       | 168/578 [00:36<01:26,  4.74it/s]
Extract:  29%|##9       | 169/578 [00:36<01:15,  5.38it/s]
Extract:  29%|##9       | 170/578 [00:36<01:10,  5.83it/s]
Extract:  30%|##9       | 172/578 [00:37<01:21,  4.97it/s]
Extract:  30%|##9       | 173/578 [00:37<01:43,  3.93it/s]
Extract:  30%|###       | 174/578 [00:37<01:31,  4.40it/s]
Extract:  30%|###       | 175/578 [00:37<01:18,  5.12it/s]
Extract:  31%|###       | 177/578 [00:38<01:32,  4.32it/s]
Extract:  31%|###       | 178/578 [00:38<01:26,  4.64it/s]
Extract:  31%|###       | 179/578 [00:38<01:16,  5.21it/s]
Extract:  31%|###1      | 180/578 [00:39<01:44,  3.81it/s]
Extract:  31%|###1      | 181/578 [00:39<01:45,  3.78it/s]
Extract:  31%|###1      | 182/578 [00:39<01:35,  4.16it/s]
Extract:  32%|###1      | 184/578 [00:39<01:20,  4.88it/s]
Extract:  32%|###2      | 185/578 [00:40<02:12,  2.97it/s]
Extract:  32%|###2      | 186/578 [00:40<01:52,  3.48it/s]
Extract:  33%|###2      | 188/578 [00:41<01:22,  4.75it/s]
Extract:  33%|###2      | 189/578 [00:41<01:47,  3.63it/s]
Extract:  33%|###3      | 191/578 [00:41<01:37,  3.97it/s]
Extract:  33%|###3      | 193/578 [00:42<01:13,  5.25it/s]
Extract:  34%|###3      | 195/578 [00:42<00:55,  6.92it/s]
Extract:  34%|###4      | 197/578 [00:42<01:09,  5.50it/s]
Extract:  34%|###4      | 198/578 [00:42<01:09,  5.47it/s]
Extract:  35%|###4      | 201/578 [00:43<01:08,  5.53it/s]
Extract:  35%|###4      | 202/578 [00:43<01:22,  4.53it/s]
Extract:  35%|###5      | 203/578 [00:44<01:35,  3.92it/s]
Extract:  36%|###5      | 206/578 [00:44<01:01,  6.02it/s]
Extract:  36%|###5      | 207/578 [00:44<01:09,  5.33it/s]
Extract:  36%|###6      | 209/578 [00:44<00:56,  6.57it/s]
Extract:  36%|###6      | 210/578 [00:45<00:58,  6.26it/s]
Extract:  37%|###6      | 212/578 [00:45<01:08,  5.38it/s]
Extract:  37%|###6      | 213/578 [00:45<01:03,  5.79it/s]
Extract:  37%|###7      | 215/578 [00:46<01:08,  5.26it/s]
Extract:  38%|###7      | 217/578 [00:46<00:59,  6.08it/s]
Extract:  38%|###7      | 219/578 [00:46<00:45,  7.89it/s]
Extract:  38%|###8      | 221/578 [00:46<00:54,  6.59it/s]
Extract:  39%|###8      | 223/578 [00:46<00:44,  7.99it/s]
Extract:  39%|###8      | 225/578 [00:47<00:59,  5.92it/s]
Extract:  39%|###9      | 226/578 [00:47<01:04,  5.49it/s]
Extract:  39%|###9      | 227/578 [00:47<00:59,  5.92it/s]
Extract:  40%|###9      | 229/578 [00:48<00:53,  6.50it/s]
Extract:  40%|###9      | 230/578 [00:48<01:10,  4.96it/s]
Extract:  40%|###9      | 231/578 [00:48<01:14,  4.66it/s]
Extract:  40%|####      | 232/578 [00:48<01:12,  4.80it/s]
Extract:  40%|####      | 233/578 [00:49<01:04,  5.39it/s]
Extract:  40%|####      | 234/578 [00:49<00:58,  5.88it/s]
Extract:  41%|####      | 235/578 [00:49<00:51,  6.64it/s]
Extract:  41%|####      | 236/578 [00:49<01:22,  4.13it/s]
Extract:  41%|####1     | 237/578 [00:50<01:39,  3.44it/s]
Extract:  41%|####1     | 239/578 [00:50<01:04,  5.28it/s]
Extract:  42%|####1     | 240/578 [00:50<00:59,  5.69it/s]
Extract:  42%|####1     | 242/578 [00:50<00:44,  7.52it/s]
Extract:  42%|####2     | 244/578 [00:51<01:17,  4.31it/s]
Extract:  42%|####2     | 245/578 [00:51<01:10,  4.70it/s]
Extract:  43%|####2     | 247/578 [00:51<01:11,  4.65it/s]
Extract:  43%|####2     | 248/578 [00:52<01:16,  4.31it/s]
Extract:  43%|####3     | 249/578 [00:52<01:08,  4.79it/s]
Extract:  43%|####3     | 250/578 [00:52<01:03,  5.14it/s]
Extract:  43%|####3     | 251/578 [00:52<00:58,  5.60it/s]
Extract:  44%|####3     | 253/578 [00:52<00:42,  7.58it/s]
Extract:  44%|####4     | 255/578 [00:53<00:49,  6.49it/s]
Extract:  44%|####4     | 256/578 [00:53<01:20,  4.01it/s]
Extract:  44%|####4     | 257/578 [00:53<01:09,  4.62it/s]
Extract:  45%|####4     | 258/578 [00:54<01:00,  5.31it/s]
Extract:  45%|####4     | 259/578 [00:54<00:53,  5.92it/s]
Extract:  45%|####4     | 260/578 [00:54<00:49,  6.47it/s]
Extract:  45%|####5     | 261/578 [00:54<00:45,  7.01it/s]
Extract:  45%|####5     | 262/578 [00:54<01:08,  4.60it/s]
Extract:  46%|####5     | 263/578 [00:55<01:47,  2.94it/s]
Extract:  46%|####5     | 265/578 [00:56<01:41,  3.08it/s]
Extract:  46%|####6     | 266/578 [00:56<01:34,  3.31it/s]
Extract:  46%|####6     | 267/578 [00:56<01:40,  3.10it/s]
Extract:  46%|####6     | 268/578 [00:56<01:21,  3.80it/s]
Extract:  47%|####6     | 269/578 [00:57<01:25,  3.61it/s]
Extract:  47%|####7     | 273/578 [00:57<01:05,  4.69it/s]
Extract:  47%|####7     | 274/578 [00:58<01:24,  3.60it/s]
Extract:  48%|####7     | 275/578 [00:58<01:28,  3.41it/s]
Extract:  48%|####7     | 276/578 [00:58<01:22,  3.66it/s]
Extract:  48%|####7     | 277/578 [00:59<01:11,  4.24it/s]
Extract:  48%|####8     | 280/578 [00:59<00:57,  5.19it/s]
Extract:  49%|####8     | 282/578 [00:59<00:47,  6.26it/s]
Extract:  49%|####8     | 283/578 [01:00<01:07,  4.35it/s]
Extract:  49%|####9     | 284/578 [01:00<01:00,  4.89it/s]
Extract:  49%|####9     | 285/578 [01:00<00:56,  5.16it/s]
Extract:  49%|####9     | 286/578 [01:00<00:59,  4.92it/s]
Extract:  50%|####9     | 287/578 [01:00<00:54,  5.36it/s]
Extract:  50%|####9     | 288/578 [01:00<00:50,  5.76it/s]
Extract:  50%|#####     | 289/578 [01:01<00:50,  5.67it/s]
Extract:  50%|#####     | 290/578 [01:01<01:22,  3.49it/s]
Extract:  50%|#####     | 291/578 [01:01<01:10,  4.07it/s]
Extract:  51%|#####     | 294/578 [01:02<00:43,  6.53it/s]
Extract:  51%|#####1    | 295/578 [01:02<01:07,  4.22it/s]
Extract:  51%|#####1    | 296/578 [01:02<01:01,  4.57it/s]
Extract:  51%|#####1    | 297/578 [01:03<01:19,  3.52it/s]
Extract:  52%|#####1    | 299/578 [01:03<00:54,  5.10it/s]
Extract:  52%|#####1    | 300/578 [01:03<00:49,  5.57it/s]
Extract:  52%|#####2    | 301/578 [01:03<01:02,  4.41it/s]
Extract:  52%|#####2    | 303/578 [01:04<00:44,  6.14it/s]
Extract:  53%|#####2    | 304/578 [01:04<01:12,  3.80it/s]
Extract:  53%|#####2    | 305/578 [01:04<01:06,  4.14it/s]
Extract:  53%|#####2    | 306/578 [01:05<01:06,  4.10it/s]
Extract:  53%|#####3    | 307/578 [01:05<01:18,  3.47it/s]
Extract:  53%|#####3    | 308/578 [01:05<01:20,  3.34it/s]
Extract:  53%|#####3    | 309/578 [01:06<01:39,  2.69it/s]
Extract:  54%|#####3    | 310/578 [01:06<01:30,  2.95it/s]
Extract:  54%|#####3    | 311/578 [01:07<01:47,  2.49it/s]
Extract:  54%|#####3    | 312/578 [01:07<01:59,  2.22it/s]
Extract:  54%|#####4    | 313/578 [01:07<01:33,  2.83it/s]
Extract:  54%|#####4    | 314/578 [01:08<01:34,  2.78it/s]
Extract:  55%|#####4    | 316/578 [01:08<01:16,  3.42it/s]
Extract:  55%|#####5    | 318/578 [01:09<01:12,  3.58it/s]
Extract:  55%|#####5    | 319/578 [01:09<01:20,  3.21it/s]
Extract:  55%|#####5    | 320/578 [01:10<01:31,  2.82it/s]
Extract:  56%|#####5    | 321/578 [01:10<01:15,  3.40it/s]
Extract:  56%|#####5    | 322/578 [01:10<01:19,  3.21it/s]
Extract:  56%|#####5    | 323/578 [01:10<01:15,  3.39it/s]
Extract:  56%|#####6    | 325/578 [01:11<00:57,  4.37it/s]
Extract:  56%|#####6    | 326/578 [01:11<00:59,  4.23it/s]
Extract:  57%|#####6    | 327/578 [01:11<00:53,  4.72it/s]
Extract:  57%|#####6    | 328/578 [01:11<00:58,  4.25it/s]
Extract:  57%|#####7    | 330/578 [01:12<00:50,  4.91it/s]
Extract:  57%|#####7    | 331/578 [01:12<00:55,  4.41it/s]
Extract:  57%|#####7    | 332/578 [01:12<00:57,  4.25it/s]
Extract:  58%|#####7    | 334/578 [01:12<00:40,  5.96it/s]
Extract:  58%|#####8    | 336/578 [01:13<00:31,  7.60it/s]
Extract:  58%|#####8    | 337/578 [01:13<00:31,  7.75it/s]
Extract:  59%|#####8    | 339/578 [01:13<00:29,  7.99it/s]
Extract:  59%|#####8    | 340/578 [01:13<00:30,  7.68it/s]
Extract:  59%|#####9    | 342/578 [01:13<00:30,  7.66it/s]
Extract:  60%|#####9    | 344/578 [01:14<00:39,  5.90it/s]
Extract:  60%|#####9    | 345/578 [01:14<00:36,  6.39it/s]
Extract:  60%|######    | 347/578 [01:14<00:29,  7.76it/s]
Extract:  60%|######    | 349/578 [01:15<00:50,  4.50it/s]
Extract:  61%|######    | 350/578 [01:15<00:48,  4.74it/s]
Extract:  61%|######    | 351/578 [01:16<01:05,  3.48it/s]
Extract:  61%|######    | 352/578 [01:16<00:55,  4.07it/s]
Extract:  61%|######1   | 353/578 [01:16<00:56,  3.95it/s]
Extract:  61%|######1   | 355/578 [01:16<00:41,  5.32it/s]
Extract:  62%|######1   | 356/578 [01:17<01:02,  3.53it/s]
Extract:  62%|######1   | 357/578 [01:17<01:04,  3.45it/s]
Extract:  62%|######2   | 359/578 [01:17<00:48,  4.54it/s]
Extract:  62%|######2   | 360/578 [01:17<00:47,  4.63it/s]
Extract:  63%|######2   | 362/578 [01:18<00:52,  4.08it/s]
Extract:  63%|######2   | 363/578 [01:18<00:45,  4.68it/s]
Extract:  63%|######3   | 365/578 [01:18<00:38,  5.48it/s]
Extract:  63%|######3   | 366/578 [01:19<00:36,  5.78it/s]
Extract:  63%|######3   | 367/578 [01:19<00:53,  3.93it/s]
Extract:  64%|######3   | 368/578 [01:19<00:56,  3.70it/s]
Extract:  64%|######3   | 369/578 [01:20<01:40,  2.07it/s]
Extract:  64%|######4   | 371/578 [01:21<01:03,  3.27it/s]
Extract:  65%|######4   | 373/578 [01:21<00:54,  3.74it/s]
Extract:  65%|######4   | 374/578 [01:21<00:50,  4.06it/s]
Extract:  65%|######5   | 376/578 [01:22<00:46,  4.36it/s]
Extract:  65%|######5   | 377/578 [01:22<00:48,  4.16it/s]
Extract:  65%|######5   | 378/578 [01:22<00:42,  4.66it/s]
Extract:  66%|######5   | 379/578 [01:22<00:37,  5.28it/s]
Extract:  66%|######5   | 380/578 [01:22<00:44,  4.48it/s]
Extract:  66%|######5   | 381/578 [01:23<00:43,  4.58it/s]
Extract:  66%|######6   | 382/578 [01:23<00:58,  3.37it/s]
Extract:  66%|######6   | 383/578 [01:23<00:50,  3.88it/s]
Extract:  66%|######6   | 384/578 [01:24<00:51,  3.78it/s]
Extract:  67%|######6   | 386/578 [01:24<00:37,  5.12it/s]
Extract:  67%|######6   | 387/578 [01:24<00:40,  4.72it/s]
Extract:  67%|######7   | 390/578 [01:24<00:26,  7.06it/s]
Extract:  68%|######7   | 391/578 [01:24<00:26,  7.13it/s]
Extract:  68%|######7   | 392/578 [01:25<00:28,  6.56it/s]
Extract:  68%|######7   | 393/578 [01:25<00:34,  5.38it/s]
Extract:  68%|######8   | 394/578 [01:25<00:32,  5.72it/s]
Extract:  68%|######8   | 395/578 [01:25<00:33,  5.47it/s]
Extract:  69%|######8   | 397/578 [01:26<00:32,  5.62it/s]
Extract:  69%|######9   | 399/578 [01:26<00:27,  6.56it/s]
Extract:  69%|######9   | 401/578 [01:26<00:21,  8.20it/s]
Extract:  70%|######9   | 403/578 [01:26<00:19,  8.96it/s]
Extract:  70%|######9   | 404/578 [01:26<00:19,  8.97it/s]
Extract:  70%|#######   | 405/578 [01:26<00:18,  9.15it/s]
Extract:  70%|#######   | 406/578 [01:27<00:42,  4.05it/s]
Extract:  70%|#######   | 407/578 [01:27<00:45,  3.77it/s]
Extract:  71%|#######   | 408/578 [01:28<01:00,  2.81it/s]
Extract:  71%|#######   | 410/578 [01:28<00:43,  3.86it/s]
Extract:  71%|#######1  | 412/578 [01:28<00:32,  5.13it/s]
Extract:  71%|#######1  | 413/578 [01:29<00:33,  4.88it/s]
Extract:  72%|#######1  | 415/578 [01:29<00:26,  6.12it/s]
Extract:  72%|#######1  | 416/578 [01:29<00:27,  5.93it/s]
Extract:  72%|#######2  | 418/578 [01:29<00:25,  6.21it/s]
Extract:  72%|#######2  | 419/578 [01:30<00:27,  5.75it/s]
Extract:  73%|#######2  | 421/578 [01:30<00:36,  4.28it/s]
Extract:  73%|#######3  | 424/578 [01:30<00:25,  6.15it/s]
Extract:  74%|#######3  | 425/578 [01:31<00:30,  4.96it/s]
Extract:  74%|#######3  | 426/578 [01:31<00:28,  5.37it/s]
Extract:  74%|#######3  | 427/578 [01:31<00:36,  4.15it/s]
Extract:  74%|#######4  | 428/578 [01:32<00:47,  3.13it/s]
Extract:  74%|#######4  | 429/578 [01:33<01:02,  2.37it/s]
Extract:  75%|#######4  | 431/578 [01:33<00:41,  3.50it/s]
Extract:  75%|#######4  | 432/578 [01:33<00:40,  3.63it/s]
Extract:  75%|#######4  | 433/578 [01:33<00:33,  4.31it/s]
Extract:  75%|#######5  | 434/578 [01:34<00:41,  3.44it/s]
Extract:  75%|#######5  | 435/578 [01:34<00:36,  3.92it/s]
Extract:  76%|#######5  | 437/578 [01:34<00:27,  5.05it/s]
Extract:  76%|#######5  | 438/578 [01:34<00:26,  5.28it/s]
Extract:  76%|#######5  | 439/578 [01:35<00:29,  4.77it/s]
Extract:  76%|#######6  | 441/578 [01:35<00:31,  4.40it/s]
Extract:  76%|#######6  | 442/578 [01:35<00:28,  4.72it/s]
Extract:  77%|#######6  | 443/578 [01:35<00:25,  5.35it/s]
Extract:  77%|#######6  | 444/578 [01:35<00:22,  5.86it/s]
Extract:  77%|#######6  | 445/578 [01:36<00:36,  3.66it/s]
Extract:  77%|#######7  | 447/578 [01:36<00:23,  5.50it/s]
Extract:  78%|#######7  | 449/578 [01:36<00:18,  6.90it/s]
Extract:  78%|#######7  | 450/578 [01:37<00:31,  4.11it/s]
Extract:  78%|#######8  | 451/578 [01:37<00:39,  3.20it/s]
Extract:  78%|#######8  | 452/578 [01:38<00:33,  3.73it/s]
Extract:  79%|#######8  | 454/578 [01:38<00:23,  5.17it/s]
Extract:  79%|#######8  | 456/578 [01:38<00:18,  6.50it/s]
Extract:  79%|#######9  | 458/578 [01:38<00:21,  5.69it/s]
Extract:  80%|#######9  | 460/578 [01:38<00:16,  7.31it/s]
Extract:  80%|#######9  | 462/578 [01:39<00:14,  7.97it/s]
Extract:  80%|########  | 464/578 [01:39<00:19,  5.71it/s]
Extract:  81%|########  | 466/578 [01:39<00:17,  6.30it/s]
Extract:  81%|########  | 467/578 [01:40<00:19,  5.69it/s]
Extract:  81%|########  | 468/578 [01:40<00:24,  4.41it/s]
Extract:  81%|########1 | 469/578 [01:40<00:22,  4.92it/s]
Extract:  81%|########1 | 470/578 [01:40<00:21,  5.06it/s]
Extract:  81%|########1 | 471/578 [01:41<00:24,  4.45it/s]
Extract:  82%|########1 | 472/578 [01:41<00:22,  4.65it/s]
Extract:  82%|########1 | 473/578 [01:41<00:20,  5.13it/s]
Extract:  82%|########2 | 474/578 [01:41<00:20,  5.08it/s]
Extract:  82%|########2 | 475/578 [01:41<00:17,  5.84it/s]
Extract:  82%|########2 | 476/578 [01:42<00:23,  4.39it/s]
Extract:  83%|########2 | 477/578 [01:42<00:20,  4.93it/s]
Extract:  83%|########2 | 478/578 [01:42<00:17,  5.73it/s]
Extract:  83%|########2 | 479/578 [01:42<00:16,  6.16it/s]
Extract:  83%|########3 | 480/578 [01:42<00:14,  6.92it/s]
Extract:  83%|########3 | 481/578 [01:42<00:15,  6.38it/s]
Extract:  83%|########3 | 482/578 [01:43<00:13,  6.92it/s]
Extract:  84%|########3 | 483/578 [01:43<00:12,  7.37it/s]
Extract:  84%|########3 | 485/578 [01:43<00:10,  9.22it/s]
Extract:  84%|########4 | 487/578 [01:43<00:10,  8.36it/s]
Extract:  85%|########4 | 489/578 [01:44<00:15,  5.92it/s]
Extract:  85%|########4 | 491/578 [01:44<00:13,  6.34it/s]
Extract:  85%|########5 | 492/578 [01:44<00:16,  5.32it/s]
Extract:  85%|########5 | 493/578 [01:45<00:18,  4.60it/s]
Extract:  85%|########5 | 494/578 [01:45<00:17,  4.77it/s]
Extract:  86%|########5 | 497/578 [01:45<00:10,  7.76it/s]
Extract:  86%|########6 | 498/578 [01:46<00:21,  3.66it/s]
Extract:  87%|########6 | 501/578 [01:46<00:14,  5.49it/s]
Extract:  87%|########7 | 504/578 [01:46<00:11,  6.23it/s]
Extract:  87%|########7 | 505/578 [01:47<00:15,  4.81it/s]
Extract:  88%|########7 | 507/578 [01:47<00:12,  5.88it/s]
Extract:  88%|########7 | 508/578 [01:47<00:12,  5.69it/s]
Extract:  88%|########8 | 510/578 [01:48<00:11,  5.71it/s]
Extract:  89%|########8 | 512/578 [01:48<00:11,  5.84it/s]
Extract:  89%|########8 | 514/578 [01:48<00:08,  7.42it/s]
Extract:  89%|########9 | 515/578 [01:48<00:09,  6.56it/s]
Extract:  89%|########9 | 516/578 [01:49<00:13,  4.66it/s]
Extract:  89%|########9 | 517/578 [01:49<00:13,  4.45it/s]
Extract:  90%|########9 | 518/578 [01:49<00:11,  5.08it/s]
Extract:  90%|########9 | 519/578 [01:49<00:12,  4.84it/s]
Extract:  90%|########9 | 520/578 [01:49<00:11,  5.08it/s]
Extract:  90%|######### | 522/578 [01:50<00:08,  6.44it/s]
Extract:  90%|######### | 523/578 [01:50<00:09,  6.01it/s]
Extract:  91%|######### | 524/578 [01:50<00:08,  6.53it/s]
Extract:  91%|#########1| 526/578 [01:51<00:12,  4.17it/s]
Extract:  91%|#########1| 528/578 [01:51<00:08,  5.56it/s]
Extract:  92%|#########1| 529/578 [01:51<00:08,  5.99it/s]
Extract:  92%|#########1| 530/578 [01:51<00:08,  5.85it/s]
Extract:  92%|#########1| 531/578 [01:51<00:07,  6.04it/s]
Extract:  92%|#########2| 532/578 [01:51<00:06,  6.59it/s]
Extract:  92%|#########2| 533/578 [01:51<00:06,  6.79it/s]
Extract:  92%|#########2| 534/578 [01:52<00:08,  5.31it/s]
Extract:  93%|#########2| 535/578 [01:52<00:07,  5.93it/s]
Extract:  93%|#########2| 537/578 [01:52<00:06,  6.69it/s]
Extract:  93%|#########3| 538/578 [01:52<00:07,  5.55it/s]
Extract:  93%|#########3| 540/578 [01:53<00:10,  3.57it/s]
Extract:  94%|#########3| 541/578 [01:53<00:09,  3.84it/s]
Extract:  94%|#########3| 543/578 [01:54<00:07,  4.86it/s]
Extract:  94%|#########4| 546/578 [01:54<00:07,  4.35it/s]
Extract:  95%|#########4| 547/578 [01:55<00:09,  3.42it/s]
Extract:  95%|#########5| 550/578 [01:55<00:05,  5.33it/s]
Extract:  96%|#########5| 552/578 [01:55<00:03,  6.78it/s]
Extract:  96%|#########5| 554/578 [01:57<00:07,  3.41it/s]
Extract:  96%|#########6| 555/578 [01:57<00:07,  2.88it/s]
Extract:  96%|#########6| 556/578 [01:57<00:07,  3.02it/s]
Extract:  96%|#########6| 557/578 [01:58<00:06,  3.19it/s]
Extract:  97%|#########6| 559/578 [01:58<00:04,  4.60it/s]
Extract:  97%|#########6| 560/578 [01:58<00:05,  3.25it/s]
Extract:  97%|#########7| 561/578 [01:59<00:05,  3.32it/s]
Extract:  97%|#########7| 563/578 [01:59<00:03,  4.95it/s]
Extract:  98%|#########7| 564/578 [01:59<00:04,  3.47it/s]
Extract:  98%|#########7| 565/578 [02:00<00:04,  2.78it/s]
Extract:  98%|#########7| 566/578 [02:00<00:03,  3.25it/s]
Extract:  98%|#########8| 567/578 [02:01<00:04,  2.35it/s]
Extract:  98%|#########8| 568/578 [02:02<00:04,  2.17it/s]
Extract:  99%|#########8| 570/578 [02:02<00:02,  3.42it/s]
Extract:  99%|#########8| 572/578 [02:02<00:01,  4.46it/s]
Extract:  99%|#########9| 574/578 [02:02<00:00,  5.98it/s]
Extract:  99%|#########9| 575/578 [02:02<00:00,  5.62it/s]
Extract: 100%|#########9| 576/578 [02:03<00:00,  3.71it/s]
Extract: 100%|##########| 578/578 [02:03<00:00,  4.68it/s]

Extract:   0%|          | 0/578 [00:00<?, ?it/s]
Extract:   0%|          | 2/578 [00:00<00:45, 12.71it/s]
Extract:   1%|          | 4/578 [00:00<01:22,  6.93it/s]
Extract:   1%|          | 5/578 [00:00<01:25,  6.73it/s]
Extract:   1%|1         | 6/578 [00:00<01:25,  6.72it/s]
Extract:   1%|1         | 7/578 [00:01<01:51,  5.13it/s]
Extract:   1%|1         | 8/578 [00:01<02:25,  3.93it/s]
Extract:   2%|1         | 9/578 [00:01<02:37,  3.62it/s]
Extract:   2%|1         | 10/578 [00:02<02:36,  3.63it/s]
Extract:   2%|1         | 11/578 [00:02<02:40,  3.54it/s]
Extract:   2%|2         | 12/578 [00:02<03:20,  2.83it/s]
Extract:   2%|2         | 13/578 [00:03<02:45,  3.41it/s]
Extract:   2%|2         | 14/578 [00:03<03:23,  2.77it/s]
Extract:   3%|2         | 15/578 [00:04<04:07,  2.27it/s]
Extract:   3%|2         | 16/578 [00:04<03:23,  2.76it/s]
Extract:   3%|3         | 19/578 [00:04<01:42,  5.47it/s]
Extract:   4%|3         | 21/578 [00:05<02:11,  4.22it/s]
Extract:   4%|3         | 22/578 [00:05<02:03,  4.51it/s]
Extract:   4%|3         | 23/578 [00:05<02:04,  4.45it/s]
Extract:   4%|4         | 24/578 [00:05<01:55,  4.81it/s]
Extract:   4%|4         | 26/578 [00:05<01:25,  6.46it/s]
Extract:   5%|4         | 27/578 [00:06<02:10,  4.22it/s]
Extract:   5%|4         | 28/578 [00:06<01:57,  4.68it/s]
Extract:   5%|5         | 29/578 [00:06<01:54,  4.80it/s]
Extract:   5%|5         | 30/578 [00:07<01:58,  4.62it/s]
Extract:   5%|5         | 31/578 [00:07<02:07,  4.30it/s]
Extract:   6%|5         | 32/578 [00:07<01:58,  4.60it/s]
Extract:   6%|5         | 34/578 [00:07<01:18,  6.93it/s]
Extract:   6%|6         | 35/578 [00:07<01:14,  7.28it/s]
Extract:   6%|6         | 37/578 [00:07<01:13,  7.34it/s]
Extract:   7%|6         | 38/578 [00:08<01:18,  6.89it/s]
Extract:   7%|6         | 40/578 [00:08<01:08,  7.80it/s]
Extract:   7%|7         | 41/578 [00:08<01:10,  7.61it/s]
Extract:   7%|7         | 42/578 [00:09<02:15,  3.95it/s]
Extract:   7%|7         | 43/578 [00:09<02:43,  3.28it/s]
Extract:   8%|7         | 45/578 [00:09<01:48,  4.93it/s]
Extract:   8%|8         | 47/578 [00:10<01:43,  5.15it/s]
Extract:   8%|8         | 49/578 [00:10<01:32,  5.71it/s]
Extract:   9%|8         | 50/578 [00:10<02:14,  3.92it/s]
Extract:   9%|8         | 51/578 [00:11<02:38,  3.33it/s]
Extract:   9%|8         | 52/578 [00:11<02:53,  3.03it/s]
Extract:   9%|9         | 54/578 [00:12<02:28,  3.52it/s]
Extract:  10%|9         | 55/578 [00:12<02:29,  3.49it/s]
Extract:  10%|9         | 56/578 [00:12<02:10,  3.99it/s]
Extract:  10%|#         | 58/578 [00:13<02:12,  3.94it/s]
Extract:  10%|#         | 59/578 [00:13<02:08,  4.03it/s]
Extract:  10%|#         | 60/578 [00:13<02:36,  3.32it/s]
Extract:  11%|#         | 61/578 [00:14<02:47,  3.09it/s]
Extract:  11%|#         | 63/578 [00:14<01:49,  4.71it/s]
Extract:  11%|#1        | 64/578 [00:14<01:50,  4.66it/s]
Extract:  11%|#1        | 65/578 [00:15<02:14,  3.82it/s]
Extract:  12%|#1        | 67/578 [00:15<02:49,  3.02it/s]
Extract:  12%|#1        | 69/578 [00:16<02:09,  3.93it/s]
Extract:  12%|#2        | 71/578 [00:16<01:44,  4.87it/s]
Extract:  12%|#2        | 72/578 [00:16<01:40,  5.06it/s]
Extract:  13%|#2        | 73/578 [00:17<02:14,  3.76it/s]
Extract:  13%|#2        | 75/578 [00:17<01:35,  5.25it/s]
Extract:  13%|#3        | 76/578 [00:17<01:42,  4.88it/s]
Extract:  13%|#3        | 77/578 [00:18<02:26,  3.42it/s]
Extract:  14%|#3        | 80/578 [00:18<01:30,  5.53it/s]
Extract:  14%|#4        | 81/578 [00:18<01:35,  5.18it/s]
Extract:  14%|#4        | 82/578 [00:18<01:30,  5.49it/s]
Extract:  14%|#4        | 83/578 [00:18<01:29,  5.50it/s]
Extract:  15%|#4        | 84/578 [00:19<02:02,  4.03it/s]
Extract:  15%|#4        | 86/578 [00:19<01:38,  4.98it/s]
Extract:  15%|#5        | 88/578 [00:19<01:14,  6.53it/s]
Extract:  15%|#5        | 89/578 [00:20<01:58,  4.13it/s]
Extract:  16%|#5        | 90/578 [00:20<01:56,  4.20it/s]
Extract:  16%|#5        | 91/578 [00:21<03:01,  2.69it/s]
Extract:  16%|#5        | 92/578 [00:21<03:21,  2.41it/s]
Extract:  16%|#6        | 94/578 [00:22<02:30,  3.22it/s]
Extract:  17%|#6        | 96/578 [00:22<02:32,  3.16it/s]
Extract:  17%|#6        | 97/578 [00:22<02:14,  3.57it/s]
Extract:  17%|#6        | 98/578 [00:23<02:11,  3.65it/s]
Extract:  17%|#7        | 99/578 [00:23<01:51,  4.28it/s]
Extract:  17%|#7        | 100/578 [00:23<02:17,  3.49it/s]
Extract:  17%|#7        | 101/578 [00:23<01:58,  4.04it/s]
Extract:  18%|#7        | 104/578 [00:24<01:08,  6.95it/s]
Extract:  18%|#8        | 105/578 [00:24<01:21,  5.78it/s]
Extract:  18%|#8        | 106/578 [00:24<01:14,  6.37it/s]
Extract:  19%|#8        | 107/578 [00:25<02:07,  3.68it/s]
Extract:  19%|#8        | 108/578 [00:25<02:06,  3.71it/s]
Extract:  19%|#9        | 110/578 [00:25<01:37,  4.78it/s]
Extract:  19%|#9        | 111/578 [00:25<01:35,  4.91it/s]
Extract:  20%|#9        | 113/578 [00:25<01:11,  6.47it/s]
Extract:  20%|#9        | 114/578 [00:26<01:09,  6.64it/s]
Extract:  20%|#9        | 115/578 [00:26<01:05,  7.04it/s]
Extract:  20%|##        | 116/578 [00:26<01:19,  5.82it/s]
Extract:  20%|##        | 117/578 [00:27<02:11,  3.50it/s]
Extract:  21%|##        | 120/578 [00:27<01:50,  4.15it/s]
Extract:  21%|##        | 121/578 [00:28<02:21,  3.22it/s]
Extract:  21%|##1       | 123/578 [00:28<01:41,  4.46it/s]
Extract:  21%|##1       | 124/578 [00:28<01:30,  5.02it/s]
Extract:  22%|##1       | 125/578 [00:28<01:51,  4.06it/s]
Extract:  22%|##1       | 126/578 [00:29<01:51,  4.07it/s]
Extract:  22%|##2       | 128/578 [00:29<01:27,  5.15it/s]
Extract:  22%|##2       | 130/578 [00:30<02:05,  3.58it/s]
Extract:  23%|##2       | 131/578 [00:30<02:26,  3.05it/s]
Extract:  23%|##2       | 132/578 [00:30<02:11,  3.40it/s]
Extract:  23%|##3       | 133/578 [00:31<02:11,  3.39it/s]
Extract:  23%|##3       | 134/578 [00:31<01:58,  3.74it/s]
Extract:  23%|##3       | 135/578 [00:31<01:49,  4.05it/s]
Extract:  24%|##3       | 136/578 [00:31<01:42,  4.30it/s]
Extract:  24%|##3       | 137/578 [00:32<02:45,  2.67it/s]
Extract:  24%|##3       | 138/578 [00:33<03:08,  2.33it/s]
Extract:  24%|##4       | 139/578 [00:33<03:29,  2.09it/s]
Extract:  24%|##4       | 141/578 [00:33<02:07,  3.44it/s]
Extract:  25%|##4       | 144/578 [00:33<01:13,  5.94it/s]
Extract:  25%|##5       | 146/578 [00:34<01:37,  4.44it/s]
Extract:  25%|##5       | 147/578 [00:34<01:35,  4.51it/s]
Extract:  26%|##5       | 148/578 [00:35<01:31,  4.69it/s]
Extract:  26%|##5       | 149/578 [00:35<02:04,  3.44it/s]
Extract:  26%|##5       | 150/578 [00:35<01:52,  3.80it/s]
Extract:  26%|##6       | 152/578 [00:35<01:17,  5.48it/s]
Extract:  26%|##6       | 153/578 [00:36<01:55,  3.67it/s]
Extract:  27%|##6       | 154/578 [00:36<01:38,  4.29it/s]
Extract:  27%|##6       | 155/578 [00:37<02:34,  2.74it/s]
Extract:  27%|##7       | 157/578 [00:37<01:41,  4.13it/s]
Extract:  27%|##7       | 158/578 [00:37<01:29,  4.69it/s]
Extract:  28%|##7       | 160/578 [00:37<01:27,  4.80it/s]
Extract:  28%|##8       | 162/578 [00:38<01:05,  6.38it/s]
Extract:  28%|##8       | 163/578 [00:38<01:48,  3.81it/s]
Extract:  28%|##8       | 164/578 [00:38<01:36,  4.30it/s]
Extract:  29%|##8       | 165/578 [00:39<01:26,  4.76it/s]
Extract:  29%|##8       | 166/578 [00:39<01:17,  5.30it/s]
Extract:  29%|##8       | 167/578 [00:39<01:51,  3.67it/s]
Extract:  29%|##9       | 168/578 [00:39<01:41,  4.05it/s]
Extract:  29%|##9       | 169/578 [00:39<01:27,  4.65it/s]
Extract:  29%|##9       | 170/578 [00:40<01:21,  5.03it/s]
Extract:  30%|##9       | 172/578 [00:40<01:16,  5.29it/s]
Extract:  30%|##9       | 173/578 [00:41<02:26,  2.77it/s]
Extract:  30%|###       | 174/578 [00:41<02:10,  3.10it/s]
Extract:  30%|###       | 175/578 [00:41<01:49,  3.68it/s]
Extract:  31%|###       | 177/578 [00:42<01:53,  3.55it/s]
Extract:  31%|###       | 179/578 [00:42<01:28,  4.50it/s]
Extract:  31%|###1      | 180/578 [00:43<01:47,  3.72it/s]
Extract:  31%|###1      | 181/578 [00:43<02:14,  2.94it/s]
Extract:  31%|###1      | 182/578 [00:43<02:05,  3.16it/s]
Extract:  32%|###1      | 184/578 [00:44<01:39,  3.97it/s]
Extract:  32%|###2      | 185/578 [00:44<02:00,  3.26it/s]
Extract:  32%|###2      | 186/578 [00:44<01:43,  3.79it/s]
Extract:  33%|###2      | 188/578 [00:45<01:20,  4.83it/s]
Extract:  33%|###2      | 189/578 [00:45<01:46,  3.66it/s]
Extract:  33%|###3      | 191/578 [00:45<01:27,  4.41it/s]
Extract:  33%|###3      | 192/578 [00:45<01:20,  4.82it/s]
Extract:  33%|###3      | 193/578 [00:46<01:10,  5.49it/s]
Extract:  34%|###3      | 195/578 [00:46<00:54,  7.03it/s]
Extract:  34%|###4      | 197/578 [00:46<01:08,  5.60it/s]
Extract:  34%|###4      | 198/578 [00:47<01:26,  4.38it/s]
Extract:  35%|###4      | 201/578 [00:47<01:20,  4.67it/s]
Extract:  35%|###4      | 202/578 [00:48<01:23,  4.53it/s]
Extract:  35%|###5      | 203/578 [00:48<01:49,  3.44it/s]
Extract:  35%|###5      | 205/578 [00:48<01:15,  4.93it/s]
Extract:  36%|###5      | 206/578 [00:48<01:11,  5.21it/s]
Extract:  36%|###5      | 207/578 [00:49<01:24,  4.38it/s]
Extract:  36%|###6      | 209/578 [00:49<01:05,  5.60it/s]
Extract:  36%|###6      | 210/578 [00:49<01:07,  5.48it/s]
Extract:  37%|###6      | 212/578 [00:50<01:26,  4.23it/s]
Extract:  37%|###6      | 213/578 [00:50<01:23,  4.39it/s]
Extract:  37%|###7      | 215/578 [00:50<01:26,  4.18it/s]
Extract:  38%|###7      | 217/578 [00:51<01:30,  3.99it/s]
Extract:  38%|###7      | 219/578 [00:51<01:09,  5.20it/s]
Extract:  38%|###8      | 220/578 [00:51<01:05,  5.50it/s]
Extract:  38%|###8      | 221/578 [00:51<01:00,  5.88it/s]
Extract:  39%|###8      | 223/578 [00:52<00:46,  7.62it/s]
Extract:  39%|###8      | 225/578 [00:52<01:00,  5.84it/s]
Extract:  39%|###9      | 226/578 [00:52<01:05,  5.36it/s]
Extract:  39%|###9      | 227/578 [00:52<01:05,  5.35it/s]
Extract:  40%|###9      | 229/578 [00:53<00:58,  5.95it/s]
Extract:  40%|###9      | 230/578 [00:53<01:17,  4.52it/s]
Extract:  40%|###9      | 231/578 [00:53<01:26,  4.00it/s]
Extract:  40%|####      | 232/578 [00:54<01:16,  4.54it/s]
Extract:  40%|####      | 233/578 [00:54<01:06,  5.18it/s]
Extract:  40%|####      | 234/578 [00:54<01:01,  5.62it/s]
Extract:  41%|####      | 235/578 [00:54<00:58,  5.89it/s]
Extract:  41%|####      | 236/578 [00:55<01:35,  3.58it/s]
Extract:  41%|####1     | 237/578 [00:55<02:15,  2.52it/s]
Extract:  41%|####1     | 239/578 [00:55<01:22,  4.09it/s]
Extract:  42%|####1     | 240/578 [00:56<01:14,  4.53it/s]
Extract:  42%|####1     | 242/578 [00:56<00:52,  6.35it/s]
Extract:  42%|####2     | 244/578 [00:56<01:10,  4.75it/s]
Extract:  42%|####2     | 245/578 [00:56<01:06,  5.01it/s]
Extract:  43%|####2     | 247/578 [00:57<01:04,  5.17it/s]
Extract:  43%|####2     | 248/578 [00:57<01:10,  4.67it/s]
Extract:  43%|####3     | 249/578 [00:57<01:06,  4.97it/s]
Extract:  43%|####3     | 250/578 [00:57<01:01,  5.29it/s]
Extract:  43%|####3     | 251/578 [00:58<01:01,  5.33it/s]
Extract:  44%|####3     | 253/578 [00:58<00:47,  6.89it/s]
Extract:  44%|####4     | 255/578 [00:58<00:51,  6.29it/s]
Extract:  44%|####4     | 256/578 [00:59<01:17,  4.14it/s]
Extract:  45%|####4     | 258/578 [00:59<01:00,  5.25it/s]
Extract:  45%|####4     | 259/578 [00:59<00:57,  5.55it/s]
Extract:  45%|####4     | 260/578 [00:59<00:53,  5.98it/s]
Extract:  45%|####5     | 262/578 [01:00<01:02,  5.02it/s]
Extract:  46%|####5     | 263/578 [01:00<01:44,  3.00it/s]
Extract:  46%|####5     | 265/578 [01:01<01:31,  3.41it/s]
Extract:  46%|####6     | 266/578 [01:01<01:27,  3.55it/s]
Extract:  46%|####6     | 267/578 [01:02<01:42,  3.04it/s]
Extract:  46%|####6     | 268/578 [01:02<01:24,  3.67it/s]
Extract:  47%|####6     | 269/578 [01:02<01:25,  3.62it/s]
Extract:  47%|####6     | 271/578 [01:02<00:54,  5.58it/s]
Extract:  47%|####7     | 273/578 [01:03<01:14,  4.10it/s]
Extract:  47%|####7     | 274/578 [01:03<01:34,  3.21it/s]
Extract:  48%|####7     | 275/578 [01:04<02:02,  2.48it/s]
Extract:  48%|####7     | 276/578 [01:04<01:44,  2.88it/s]
Extract:  48%|####7     | 277/578 [01:04<01:26,  3.46it/s]
Extract:  48%|####8     | 280/578 [01:05<01:02,  4.74it/s]
Extract:  49%|####8     | 282/578 [01:05<00:49,  5.94it/s]
Extract:  49%|####8     | 283/578 [01:05<00:54,  5.40it/s]
Extract:  49%|####9     | 284/578 [01:05<00:49,  5.92it/s]
Extract:  49%|####9     | 285/578 [01:06<00:52,  5.55it/s]
Extract:  49%|####9     | 286/578 [01:06<00:52,  5.59it/s]
Extract:  50%|####9     | 287/578 [01:06<00:48,  6.06it/s]
Extract:  50%|####9     | 288/578 [01:06<00:44,  6.51it/s]
Extract:  50%|#####     | 289/578 [01:06<00:51,  5.64it/s]
Extract:  50%|#####     | 290/578 [01:07<01:12,  3.98it/s]
Extract:  50%|#####     | 291/578 [01:07<01:00,  4.76it/s]
Extract:  51%|#####     | 293/578 [01:07<00:39,  7.21it/s]
Extract:  51%|#####1    | 295/578 [01:08<01:15,  3.76it/s]
Extract:  51%|#####1    | 296/578 [01:08<01:07,  4.19it/s]
Extract:  51%|#####1    | 297/578 [01:08<01:24,  3.33it/s]
Extract:  52%|#####1    | 299/578 [01:09<00:59,  4.69it/s]
Extract:  52%|#####1    | 300/578 [01:09<00:54,  5.07it/s]
Extract:  52%|#####2    | 301/578 [01:09<01:05,  4.25it/s]
Extract:  52%|#####2    | 303/578 [01:09<00:44,  6.17it/s]
Extract:  53%|#####2    | 304/578 [01:10<01:12,  3.80it/s]
Extract:  53%|#####2    | 305/578 [01:10<01:08,  3.98it/s]
Extract:  53%|#####3    | 307/578 [01:11<01:07,  4.02it/s]
Extract:  53%|#####3    | 308/578 [01:11<01:15,  3.56it/s]
Extract:  53%|#####3    | 309/578 [01:11<01:28,  3.04it/s]
Extract:  54%|#####3    | 310/578 [01:12<01:20,  3.35it/s]
Extract:  54%|#####3    | 311/578 [01:12<01:55,  2.31it/s]
Extract:  54%|#####3    | 312/578 [01:13<02:20,  1.89it/s]
Extract:  54%|#####4    | 313/578 [01:13<01:54,  2.31it/s]
Extract:  54%|#####4    | 314/578 [01:14<01:54,  2.31it/s]
Extract:  55%|#####4    | 316/578 [01:14<01:31,  2.87it/s]
Extract:  55%|#####5    | 318/578 [01:15<01:20,  3.25it/s]
Extract:  55%|#####5    | 319/578 [01:15<01:15,  3.44it/s]
Extract:  55%|#####5    | 320/578 [01:15<01:26,  2.98it/s]
Extract:  56%|#####5    | 321/578 [01:16<01:11,  3.61it/s]
Extract:  56%|#####5    | 322/578 [01:16<01:16,  3.37it/s]
Extract:  56%|#####5    | 323/578 [01:16<01:08,  3.73it/s]
Extract:  56%|#####6    | 325/578 [01:16<00:48,  5.25it/s]
Extract:  56%|#####6    | 326/578 [01:17<00:52,  4.81it/s]
Extract:  57%|#####6    | 328/578 [01:17<00:46,  5.41it/s]
Extract:  57%|#####7    | 330/578 [01:17<00:43,  5.68it/s]
Extract:  57%|#####7    | 331/578 [01:17<00:40,  6.16it/s]
Extract:  57%|#####7    | 332/578 [01:18<00:42,  5.78it/s]
Extract:  58%|#####7    | 333/578 [01:18<00:38,  6.39it/s]
Extract:  58%|#####7    | 335/578 [01:18<00:34,  7.03it/s]
Extract:  58%|#####8    | 337/578 [01:18<00:29,  8.28it/s]
Extract:  59%|#####8    | 339/578 [01:18<00:27,  8.62it/s]
Extract:  59%|#####8    | 341/578 [01:18<00:26,  9.06it/s]
Extract:  59%|#####9    | 342/578 [01:19<00:27,  8.48it/s]
Extract:  60%|#####9    | 344/578 [01:19<00:29,  7.81it/s]
Extract:  60%|#####9    | 346/578 [01:19<00:24,  9.38it/s]
Extract:  60%|######    | 349/578 [01:19<00:25,  8.82it/s]
Extract:  61%|######    | 351/578 [01:20<00:30,  7.43it/s]
Extract:  61%|######1   | 353/578 [01:20<00:27,  8.31it/s]
Extract:  62%|######1   | 356/578 [01:20<00:24,  8.89it/s]
Extract:  62%|######1   | 357/578 [01:21<00:36,  6.09it/s]
Extract:  62%|######2   | 359/578 [01:21<00:32,  6.78it/s]
Extract:  62%|######2   | 360/578 [01:21<00:34,  6.29it/s]
Extract:  63%|######2   | 362/578 [01:22<00:43,  5.01it/s]
Extract:  63%|######2   | 363/578 [01:22<00:38,  5.53it/s]
Extract:  63%|######3   | 365/578 [01:22<00:36,  5.88it/s]
Extract:  63%|######3   | 366/578 [01:22<00:37,  5.68it/s]
Extract:  63%|######3   | 367/578 [01:23<00:52,  4.03it/s]
Extract:  64%|######3   | 368/578 [01:23<00:51,  4.08it/s]
Extract:  64%|######3   | 369/578 [01:24<01:18,  2.65it/s]
Extract:  64%|######4   | 371/578 [01:24<00:49,  4.16it/s]
Extract:  65%|######4   | 373/578 [01:24<00:41,  4.92it/s]
Extract:  65%|######4   | 374/578 [01:24<00:37,  5.43it/s]
Extract:  65%|######5   | 376/578 [01:25<00:33,  6.05it/s]
Extract:  65%|######5   | 377/578 [01:25<00:34,  5.86it/s]
Extract:  66%|######5   | 379/578 [01:25<00:27,  7.21it/s]
Extract:  66%|######5   | 380/578 [01:25<00:30,  6.47it/s]
Extract:  66%|######5   | 381/578 [01:25<00:28,  6.82it/s]
Extract:  66%|######6   | 382/578 [01:26<00:42,  4.65it/s]
Extract:  66%|######6   | 384/578 [01:26<00:34,  5.64it/s]
Extract:  67%|######6   | 387/578 [01:26<00:24,  7.83it/s]
Extract:  67%|######7   | 390/578 [01:26<00:17, 10.61it/s]
Extract:  68%|######7   | 392/578 [01:26<00:16, 11.09it/s]
Extract:  68%|######8   | 394/578 [01:27<00:17, 10.49it/s]
Extract:  69%|######8   | 396/578 [01:27<00:16, 11.31it/s]
Extract:  69%|######8   | 398/578 [01:27<00:24,  7.34it/s]
Extract:  69%|######9   | 399/578 [01:27<00:23,  7.53it/s]
Extract:  69%|######9   | 401/578 [01:28<00:18,  9.37it/s]
Extract:  70%|######9   | 403/578 [01:28<00:17,  9.93it/s]
Extract:  70%|#######   | 405/578 [01:28<00:17, 10.03it/s]
Extract:  70%|#######   | 407/578 [01:29<00:30,  5.55it/s]
Extract:  71%|#######   | 408/578 [01:29<00:40,  4.22it/s]
Extract:  71%|#######   | 410/578 [01:29<00:32,  5.16it/s]
Extract:  71%|#######1  | 412/578 [01:30<00:26,  6.25it/s]
Extract:  71%|#######1  | 413/578 [01:30<00:30,  5.33it/s]
Extract:  72%|#######1  | 415/578 [01:30<00:24,  6.59it/s]
Extract:  72%|#######1  | 416/578 [01:30<00:24,  6.56it/s]
Extract:  72%|#######2  | 417/578 [01:30<00:23,  6.92it/s]
Extract:  72%|#######2  | 418/578 [01:30<00:25,  6.34it/s]
Extract:  72%|#######2  | 419/578 [01:31<00:27,  5.75it/s]
Extract:  73%|#######2  | 421/578 [01:32<00:47,  3.31it/s]
Extract:  73%|#######3  | 424/578 [01:32<00:30,  5.05it/s]
Extract:  74%|#######3  | 425/578 [01:32<00:36,  4.24it/s]
Extract:  74%|#######3  | 426/578 [01:32<00:34,  4.45it/s]
Extract:  74%|#######3  | 427/578 [01:33<00:43,  3.47it/s]
Extract:  74%|#######4  | 428/578 [01:34<00:53,  2.82it/s]
Extract:  74%|#######4  | 429/578 [01:34<00:57,  2.61it/s]
Extract:  75%|#######4  | 431/578 [01:34<00:37,  3.90it/s]
Extract:  75%|#######4  | 432/578 [01:34<00:35,  4.12it/s]
Extract:  75%|#######5  | 434/578 [01:35<00:32,  4.41it/s]
Extract:  75%|#######5  | 436/578 [01:35<00:24,  5.83it/s]
Extract:  76%|#######5  | 438/578 [01:35<00:19,  7.12it/s]
Extract:  76%|#######5  | 439/578 [01:35<00:20,  6.87it/s]
Extract:  76%|#######6  | 441/578 [01:36<00:22,  6.17it/s]
Extract:  77%|#######6  | 443/578 [01:36<00:19,  6.98it/s]
Extract:  77%|#######6  | 444/578 [01:36<00:19,  6.73it/s]
Extract:  77%|#######6  | 445/578 [01:37<00:40,  3.32it/s]
Extract:  77%|#######7  | 447/578 [01:37<00:27,  4.75it/s]
Extract:  78%|#######7  | 450/578 [01:37<00:23,  5.44it/s]
Extract:  78%|#######8  | 451/578 [01:38<00:27,  4.60it/s]
Extract:  78%|#######8  | 453/578 [01:38<00:21,  5.95it/s]
Extract:  79%|#######8  | 455/578 [01:38<00:16,  7.35it/s]
Extract:  79%|#######9  | 458/578 [01:38<00:14,  8.08it/s]
Extract:  80%|#######9  | 461/578 [01:39<00:11,  9.86it/s]
Extract:  80%|########  | 463/578 [01:39<00:13,  8.55it/s]
Extract:  80%|########  | 465/578 [01:39<00:11,  9.93it/s]
Extract:  81%|########  | 467/578 [01:39<00:15,  7.34it/s]
Extract:  81%|########  | 468/578 [01:40<00:21,  5.12it/s]
Extract:  81%|########1 | 470/578 [01:40<00:18,  5.86it/s]
Extract:  81%|########1 | 471/578 [01:40<00:18,  5.66it/s]
Extract:  82%|########1 | 472/578 [01:41<00:19,  5.46it/s]
Extract:  82%|########1 | 473/578 [01:41<00:18,  5.58it/s]
Extract:  82%|########2 | 474/578 [01:41<00:19,  5.45it/s]
Extract:  82%|########2 | 476/578 [01:42<00:28,  3.57it/s]
Extract:  83%|########2 | 477/578 [01:42<00:24,  4.09it/s]
Extract:  83%|########2 | 479/578 [01:42<00:19,  4.96it/s]
Extract:  83%|########3 | 480/578 [01:42<00:17,  5.54it/s]
Extract:  83%|########3 | 481/578 [01:42<00:17,  5.67it/s]
Extract:  84%|########3 | 483/578 [01:43<00:12,  7.69it/s]
Extract:  84%|########3 | 485/578 [01:43<00:10,  9.16it/s]
Extract:  84%|########4 | 487/578 [01:43<00:10,  8.41it/s]
Extract:  85%|########4 | 489/578 [01:43<00:13,  6.42it/s]
Extract:  85%|########4 | 490/578 [01:44<00:13,  6.62it/s]
Extract:  85%|########4 | 491/578 [01:44<00:14,  6.20it/s]
Extract:  85%|########5 | 492/578 [01:44<00:14,  6.12it/s]
Extract:  85%|########5 | 494/578 [01:44<00:11,  7.31it/s]
Extract:  86%|########6 | 498/578 [01:45<00:11,  6.73it/s]
Extract:  87%|########6 | 500/578 [01:45<00:10,  7.70it/s]
Extract:  87%|########6 | 501/578 [01:45<00:11,  6.69it/s]
Extract:  87%|########7 | 503/578 [01:45<00:09,  7.60it/s]
Extract:  87%|########7 | 504/578 [01:46<00:13,  5.33it/s]
Extract:  87%|########7 | 505/578 [01:47<00:25,  2.91it/s]
Extract:  88%|########7 | 507/578 [01:47<00:18,  3.81it/s]
Extract:  88%|########7 | 508/578 [01:47<00:21,  3.32it/s]
Extract:  88%|########8 | 509/578 [01:48<00:17,  3.89it/s]
Extract:  88%|########8 | 510/578 [01:48<00:22,  3.08it/s]
Extract:  88%|########8 | 511/578 [01:48<00:18,  3.57it/s]
Extract:  89%|########8 | 512/578 [01:49<00:21,  3.09it/s]
Extract:  89%|########8 | 514/578 [01:49<00:13,  4.81it/s]
Extract:  89%|########9 | 515/578 [01:49<00:12,  5.20it/s]
Extract:  89%|########9 | 516/578 [01:50<00:21,  2.93it/s]
Extract:  89%|########9 | 517/578 [01:50<00:19,  3.14it/s]
Extract:  90%|########9 | 518/578 [01:50<00:15,  3.83it/s]
Extract:  90%|########9 | 519/578 [01:50<00:16,  3.59it/s]
Extract:  90%|########9 | 520/578 [01:51<00:14,  3.92it/s]
Extract:  90%|######### | 522/578 [01:51<00:10,  5.17it/s]
Extract:  90%|######### | 523/578 [01:51<00:11,  4.92it/s]
Extract:  91%|######### | 524/578 [01:51<00:10,  5.30it/s]
Extract:  91%|#########1| 526/578 [01:52<00:11,  4.39it/s]
Extract:  91%|#########1| 528/578 [01:52<00:08,  6.03it/s]
Extract:  92%|#########1| 530/578 [01:52<00:06,  7.17it/s]
Extract:  92%|#########1| 531/578 [01:52<00:06,  7.46it/s]
Extract:  92%|#########2| 532/578 [01:52<00:06,  7.55it/s]
Extract:  92%|#########2| 534/578 [01:53<00:06,  7.04it/s]
Extract:  93%|#########2| 535/578 [01:53<00:05,  7.45it/s]
Extract:  93%|#########2| 537/578 [01:53<00:05,  7.64it/s]
Extract:  93%|#########3| 538/578 [01:53<00:06,  6.40it/s]
Extract:  93%|#########3| 540/578 [01:54<00:07,  5.41it/s]
Extract:  94%|#########3| 541/578 [01:54<00:06,  5.39it/s]
Extract:  94%|#########3| 543/578 [01:54<00:05,  6.09it/s]
Extract:  94%|#########4| 546/578 [01:55<00:06,  5.32it/s]
Extract:  95%|#########4| 547/578 [01:55<00:07,  4.03it/s]
Extract:  95%|#########4| 549/578 [01:55<00:05,  5.49it/s]
Extract:  95%|#########5| 551/578 [01:56<00:03,  6.83it/s]
Extract:  96%|#########5| 553/578 [01:57<00:06,  4.12it/s]
Extract:  96%|#########5| 554/578 [01:57<00:06,  3.99it/s]
Extract:  96%|#########6| 555/578 [01:57<00:06,  3.31it/s]
Extract:  96%|#########6| 556/578 [01:57<00:05,  3.68it/s]
Extract:  96%|#########6| 557/578 [01:58<00:05,  4.11it/s]
Extract:  97%|#########6| 560/578 [01:58<00:03,  5.02it/s]
Extract:  97%|#########7| 561/578 [01:58<00:03,  4.74it/s]
Extract:  98%|#########7| 564/578 [01:59<00:02,  5.48it/s]
Extract:  98%|#########7| 565/578 [01:59<00:02,  4.41it/s]
Extract:  98%|#########8| 567/578 [01:59<00:02,  5.30it/s]
Extract:  98%|#########8| 568/578 [02:00<00:02,  4.33it/s]
Extract:  99%|#########8| 570/578 [02:00<00:01,  5.82it/s]
Extract:  99%|#########8| 572/578 [02:00<00:00,  6.28it/s]
Extract:  99%|#########9| 574/578 [02:00<00:00,  7.53it/s]
Extract:  99%|#########9| 575/578 [02:01<00:00,  6.82it/s]
Extract: 100%|#########9| 576/578 [02:02<00:00,  2.95it/s]
Extract: 100%|##########| 578/578 [02:02<00:00,  4.73it/s]

Extract:   0%|          | 0/578 [00:00<?, ?it/s]
Extract:   0%|          | 2/578 [00:00<00:42, 13.61it/s]
Extract:   1%|          | 4/578 [00:00<01:23,  6.88it/s]
Extract:   1%|          | 5/578 [00:00<01:30,  6.33it/s]
Extract:   1%|1         | 6/578 [00:00<01:30,  6.31it/s]
Extract:   1%|1         | 7/578 [00:01<02:03,  4.63it/s]
Extract:   1%|1         | 8/578 [00:01<02:32,  3.73it/s]
Extract:   2%|1         | 9/578 [00:01<02:42,  3.49it/s]
Extract:   2%|1         | 10/578 [00:02<02:35,  3.66it/s]
Extract:   2%|1         | 11/578 [00:02<02:32,  3.72it/s]
Extract:   2%|2         | 12/578 [00:02<03:13,  2.93it/s]
Extract:   2%|2         | 13/578 [00:03<02:43,  3.47it/s]
Extract:   2%|2         | 14/578 [00:03<03:43,  2.53it/s]
Extract:   3%|2         | 15/578 [00:04<04:14,  2.21it/s]
Extract:   3%|2         | 16/578 [00:04<03:26,  2.72it/s]
Extract:   3%|3         | 19/578 [00:04<01:46,  5.25it/s]
Extract:   4%|3         | 21/578 [00:05<02:17,  4.05it/s]
Extract:   4%|3         | 22/578 [00:05<02:20,  3.97it/s]
Extract:   4%|3         | 23/578 [00:06<02:31,  3.67it/s]
Extract:   4%|4         | 24/578 [00:06<02:15,  4.08it/s]
Extract:   4%|4         | 26/578 [00:06<01:43,  5.34it/s]
Extract:   5%|4         | 27/578 [00:07<02:38,  3.48it/s]
Extract:   5%|4         | 28/578 [00:07<02:13,  4.12it/s]
Extract:   5%|5         | 29/578 [00:07<02:00,  4.57it/s]
Extract:   5%|5         | 30/578 [00:07<01:55,  4.75it/s]
Extract:   5%|5         | 31/578 [00:07<02:05,  4.37it/s]
Extract:   6%|5         | 33/578 [00:07<01:23,  6.55it/s]
Extract:   6%|6         | 35/578 [00:08<01:09,  7.76it/s]
Extract:   6%|6         | 37/578 [00:08<01:22,  6.56it/s]
Extract:   7%|6         | 38/578 [00:08<01:22,  6.52it/s]
Extract:   7%|6         | 40/578 [00:08<01:22,  6.49it/s]
Extract:   7%|7         | 41/578 [00:09<01:19,  6.76it/s]
Extract:   7%|7         | 42/578 [00:09<02:15,  3.97it/s]
Extract:   7%|7         | 43/578 [00:10<02:52,  3.11it/s]
Extract:   8%|7         | 46/578 [00:10<01:40,  5.27it/s]
Extract:   8%|8         | 47/578 [00:10<01:47,  4.93it/s]
Extract:   8%|8         | 49/578 [00:10<01:24,  6.24it/s]
Extract:   9%|8         | 50/578 [00:11<02:15,  3.90it/s]
Extract:   9%|8         | 51/578 [00:11<02:37,  3.35it/s]
Extract:   9%|8         | 52/578 [00:12<03:10,  2.76it/s]
Extract:   9%|9         | 53/578 [00:12<02:35,  3.37it/s]
Extract:   9%|9         | 54/578 [00:12<03:03,  2.86it/s]
Extract:  10%|9         | 55/578 [00:13<03:14,  2.68it/s]
Extract:  10%|9         | 56/578 [00:13<02:49,  3.08it/s]
Extract:  10%|#         | 58/578 [00:14<02:24,  3.61it/s]
Extract:  10%|#         | 59/578 [00:14<02:34,  3.37it/s]
Extract:  10%|#         | 60/578 [00:15<03:28,  2.49it/s]
Extract:  11%|#         | 61/578 [00:15<03:55,  2.20it/s]
Extract:  11%|#         | 62/578 [00:15<03:14,  2.65it/s]
Extract:  11%|#1        | 64/578 [00:16<03:03,  2.80it/s]
Extract:  11%|#1        | 65/578 [00:17<04:39,  1.84it/s]
Extract:  11%|#1        | 66/578 [00:17<04:01,  2.12it/s]
Extract:  12%|#1        | 67/578 [00:19<07:14,  1.18it/s]
Extract:  12%|#1        | 69/578 [00:20<04:55,  1.73it/s]
Extract:  12%|#2        | 70/578 [00:20<04:04,  2.08it/s]
Extract:  12%|#2        | 71/578 [00:20<03:25,  2.47it/s]
Extract:  12%|#2        | 72/578 [00:21<03:21,  2.51it/s]
Extract:  13%|#2        | 73/578 [00:21<04:15,  1.97it/s]
Extract:  13%|#2        | 75/578 [00:22<02:43,  3.07it/s]
Extract:  13%|#3        | 76/578 [00:22<02:42,  3.08it/s]
Extract:  13%|#3        | 77/578 [00:23<03:39,  2.28it/s]
Extract:  14%|#3        | 79/578 [00:23<02:34,  3.22it/s]
Extract:  14%|#3        | 80/578 [00:23<02:25,  3.41it/s]
Extract:  14%|#4        | 81/578 [00:24<02:51,  2.90it/s]
Extract:  14%|#4        | 82/578 [00:24<02:26,  3.38it/s]
Extract:  14%|#4        | 83/578 [00:24<02:15,  3.64it/s]
Extract:  15%|#4        | 84/578 [00:25<03:11,  2.58it/s]
Extract:  15%|#4        | 85/578 [00:25<02:55,  2.80it/s]
Extract:  15%|#4        | 86/578 [00:25<02:35,  3.17it/s]
Extract:  15%|#5        | 88/578 [00:25<01:42,  4.79it/s]
Extract:  15%|#5        | 89/578 [00:26<02:46,  2.93it/s]
Extract:  16%|#5        | 90/578 [00:26<02:34,  3.15it/s]
Extract:  16%|#5        | 91/578 [00:27<03:28,  2.34it/s]
Extract:  16%|#5        | 92/578 [00:28<05:24,  1.50it/s]
Extract:  16%|#6        | 93/578 [00:28<04:09,  1.94it/s]
Extract:  16%|#6        | 94/578 [00:29<03:51,  2.09it/s]
Extract:  16%|#6        | 95/578 [00:29<03:20,  2.40it/s]
Extract:  17%|#6        | 96/578 [00:30<04:12,  1.91it/s]
Extract:  17%|#6        | 97/578 [00:30<03:26,  2.32it/s]
Extract:  17%|#6        | 98/578 [00:31<03:24,  2.35it/s]
Extract:  17%|#7        | 99/578 [00:31<02:57,  2.69it/s]
Extract:  17%|#7        | 100/578 [00:31<03:05,  2.58it/s]
Extract:  17%|#7        | 101/578 [00:32<03:04,  2.59it/s]
Extract:  18%|#7        | 103/578 [00:32<02:01,  3.92it/s]
Extract:  18%|#7        | 104/578 [00:32<01:45,  4.50it/s]
Extract:  18%|#8        | 105/578 [00:32<02:14,  3.52it/s]
Extract:  18%|#8        | 106/578 [00:33<02:19,  3.39it/s]
Extract:  19%|#8        | 107/578 [00:35<05:51,  1.34it/s]
Extract:  19%|#8        | 108/578 [00:35<05:27,  1.44it/s]
Extract:  19%|#9        | 110/578 [00:36<03:42,  2.11it/s]
Extract:  19%|#9        | 111/578 [00:36<03:20,  2.33it/s]
Extract:  20%|#9        | 113/578 [00:36<02:16,  3.40it/s]
Extract:  20%|#9        | 114/578 [00:36<02:09,  3.58it/s]
Extract:  20%|#9        | 115/578 [00:37<02:04,  3.73it/s]
Extract:  20%|##        | 116/578 [00:37<02:49,  2.72it/s]
Extract:  20%|##        | 117/578 [00:38<04:11,  1.83it/s]
Extract:  20%|##        | 118/578 [00:38<03:26,  2.23it/s]
Extract:  21%|##        | 120/578 [00:41<05:41,  1.34it/s]
Extract:  21%|##        | 121/578 [00:42<06:28,  1.18it/s]
Extract:  21%|##1       | 122/578 [00:42<05:03,  1.50it/s]
Extract:  21%|##1       | 123/578 [00:42<04:06,  1.85it/s]
Extract:  21%|##1       | 124/578 [00:42<03:25,  2.21it/s]
Extract:  22%|##1       | 125/578 [00:43<04:27,  1.70it/s]
Extract:  22%|##1       | 126/578 [00:44<04:01,  1.87it/s]
Extract:  22%|##1       | 127/578 [00:44<03:10,  2.37it/s]
Extract:  22%|##2       | 128/578 [00:44<03:01,  2.48it/s]
Extract:  22%|##2       | 129/578 [00:44<02:26,  3.06it/s]
Extract:  22%|##2       | 130/578 [00:45<03:10,  2.35it/s]
Extract:  23%|##2       | 131/578 [00:46<03:48,  1.95it/s]
Extract:  23%|##2       | 132/578 [00:46<03:16,  2.27it/s]
Extract:  23%|##3       | 133/578 [00:47<03:42,  2.00it/s]
Extract:  23%|##3       | 134/578 [00:47<03:09,  2.34it/s]
Extract:  23%|##3       | 135/578 [00:47<02:50,  2.59it/s]
Extract:  24%|##3       | 136/578 [00:47<02:38,  2.80it/s]
Extract:  24%|##3       | 137/578 [00:49<04:09,  1.77it/s]
Extract:  24%|##3       | 138/578 [00:49<04:41,  1.56it/s]
Extract:  24%|##4       | 139/578 [00:50<04:14,  1.73it/s]
Extract:  24%|##4       | 141/578 [00:50<02:33,  2.84it/s]
Extract:  25%|##4       | 143/578 [00:50<01:43,  4.22it/s]
Extract:  25%|##5       | 145/578 [00:50<01:15,  5.74it/s]
Extract:  25%|##5       | 147/578 [00:52<02:46,  2.59it/s]
Extract:  26%|##5       | 148/578 [00:52<02:57,  2.42it/s]
Extract:  26%|##5       | 149/578 [00:53<04:01,  1.77it/s]
Extract:  26%|##5       | 150/578 [00:54<03:37,  1.96it/s]
Extract:  26%|##6       | 152/578 [00:54<02:36,  2.73it/s]
Extract:  26%|##6       | 153/578 [00:55<03:10,  2.23it/s]
Extract:  27%|##6       | 154/578 [00:55<02:39,  2.65it/s]
Extract:  27%|##6       | 155/578 [00:56<03:05,  2.27it/s]
Extract:  27%|##6       | 156/578 [00:56<02:33,  2.76it/s]
Extract:  27%|##7       | 157/578 [00:56<02:23,  2.94it/s]
Extract:  27%|##7       | 158/578 [00:56<02:16,  3.08it/s]
Extract:  28%|##7       | 159/578 [00:57<02:47,  2.50it/s]
Extract:  28%|##7       | 160/578 [00:58<03:27,  2.01it/s]
Extract:  28%|##7       | 161/578 [00:58<02:44,  2.53it/s]
Extract:  28%|##8       | 162/578 [00:58<02:09,  3.22it/s]
Extract:  28%|##8       | 163/578 [00:59<03:26,  2.01it/s]
Extract:  28%|##8       | 164/578 [00:59<02:42,  2.55it/s]
Extract:  29%|##8       | 165/578 [00:59<02:18,  2.97it/s]
Extract:  29%|##8       | 166/578 [00:59<02:03,  3.34it/s]
Extract:  29%|##8       | 167/578 [01:00<03:27,  1.98it/s]
Extract:  29%|##9       | 168/578 [01:01<02:59,  2.29it/s]
Extract:  29%|##9       | 169/578 [01:01<02:52,  2.37it/s]
Extract:  29%|##9       | 170/578 [01:01<02:57,  2.30it/s]
Extract:  30%|##9       | 171/578 [01:02<03:14,  2.09it/s]
Extract:  30%|##9       | 172/578 [01:03<03:50,  1.76it/s]
Extract:  30%|##9       | 173/578 [01:04<04:29,  1.51it/s]
Extract:  30%|###       | 174/578 [01:04<03:56,  1.71it/s]
Extract:  30%|###       | 175/578 [01:04<03:03,  2.19it/s]
Extract:  30%|###       | 176/578 [01:04<02:32,  2.64it/s]
Extract:  31%|###       | 177/578 [01:05<03:22,  1.98it/s]
Extract:  31%|###       | 178/578 [01:06<02:54,  2.29it/s]
Extract:  31%|###       | 179/578 [01:06<02:28,  2.69it/s]
Extract:  31%|###1      | 180/578 [01:06<03:05,  2.15it/s]
Extract:  31%|###1      | 181/578 [01:07<03:47,  1.74it/s]
Extract:  31%|###1      | 182/578 [01:08<03:11,  2.06it/s]
Extract:  32%|###1      | 183/578 [01:08<02:26,  2.69it/s]
Extract:  32%|###1      | 184/578 [01:08<02:36,  2.53it/s]
Extract:  32%|###2      | 185/578 [01:09<03:21,  1.95it/s]
Extract:  32%|###2      | 186/578 [01:09<02:58,  2.20it/s]
Extract:  33%|###2      | 188/578 [01:10<02:03,  3.17it/s]
Extract:  33%|###2      | 189/578 [01:10<02:34,  2.51it/s]
Extract:  33%|###3      | 191/578 [01:11<02:18,  2.79it/s]
Extract:  33%|###3      | 192/578 [01:11<02:03,  3.12it/s]
Extract:  33%|###3      | 193/578 [01:11<01:48,  3.55it/s]
Extract:  34%|###3      | 194/578 [01:11<01:39,  3.85it/s]
Extract:  34%|###3      | 195/578 [01:11<01:27,  4.36it/s]
Extract:  34%|###4      | 197/578 [01:13<02:38,  2.40it/s]
Extract:  34%|###4      | 198/578 [01:13<02:39,  2.39it/s]
Extract:  35%|###4      | 200/578 [01:13<01:43,  3.66it/s]
Extract:  35%|###4      | 201/578 [01:14<02:25,  2.60it/s]
Extract:  35%|###4      | 202/578 [01:15<02:30,  2.50it/s]
Extract:  35%|###5      | 203/578 [01:15<03:06,  2.01it/s]
Extract:  35%|###5      | 205/578 [01:16<02:02,  3.05it/s]
Extract:  36%|###5      | 206/578 [01:16<01:56,  3.20it/s]
Extract:  36%|###5      | 207/578 [01:16<02:04,  2.97it/s]
Extract:  36%|###6      | 209/578 [01:16<01:31,  4.03it/s]
Extract:  36%|###6      | 210/578 [01:17<01:40,  3.68it/s]
Extract:  37%|###6      | 212/578 [01:18<02:10,  2.80it/s]
Extract:  37%|###6      | 213/578 [01:18<02:04,  2.94it/s]
Extract:  37%|###7      | 214/578 [01:18<01:46,  3.43it/s]
Extract:  37%|###7      | 215/578 [01:19<02:08,  2.81it/s]
Extract:  38%|###7      | 217/578 [01:19<01:39,  3.63it/s]
Extract:  38%|###7      | 219/578 [01:19<01:09,  5.16it/s]
Extract:  38%|###8      | 220/578 [01:19<01:08,  5.20it/s]
Extract:  38%|###8      | 221/578 [01:20<01:06,  5.38it/s]
Extract:  39%|###8      | 223/578 [01:20<00:56,  6.31it/s]
Extract:  39%|###8      | 224/578 [01:20<00:55,  6.37it/s]
Extract:  39%|###8      | 225/578 [01:21<01:32,  3.82it/s]
Extract:  39%|###9      | 226/578 [01:21<01:49,  3.22it/s]
Extract:  39%|###9      | 227/578 [01:21<01:39,  3.51it/s]
Extract:  40%|###9      | 229/578 [01:22<01:23,  4.16it/s]
Extract:  40%|###9      | 230/578 [01:23<02:38,  2.20it/s]
Extract:  40%|###9      | 231/578 [01:23<02:32,  2.28it/s]
Extract:  40%|####      | 232/578 [01:23<02:14,  2.57it/s]
Extract:  40%|####      | 233/578 [01:24<01:56,  2.97it/s]
Extract:  40%|####      | 234/578 [01:24<01:48,  3.16it/s]
Extract:  41%|####      | 235/578 [01:24<01:36,  3.54it/s]
Extract:  41%|####      | 236/578 [01:25<02:19,  2.45it/s]
Extract:  41%|####1     | 237/578 [01:25<02:39,  2.14it/s]
Extract:  41%|####1     | 239/578 [01:26<01:43,  3.27it/s]
Extract:  42%|####1     | 240/578 [01:26<01:49,  3.08it/s]
Extract:  42%|####1     | 242/578 [01:26<01:23,  4.04it/s]
Extract:  42%|####2     | 244/578 [01:27<01:44,  3.20it/s]
Extract:  42%|####2     | 245/578 [01:27<01:33,  3.55it/s]
Extract:  43%|####2     | 246/578 [01:27<01:23,  3.97it/s]
Extract:  43%|####2     | 247/578 [01:28<01:56,  2.83it/s]
Extract:  43%|####2     | 248/578 [01:29<02:14,  2.44it/s]
Extract:  43%|####3     | 249/578 [01:29<01:58,  2.79it/s]
Extract:  43%|####3     | 250/578 [01:29<01:41,  3.24it/s]
Extract:  43%|####3     | 251/578 [01:29<01:31,  3.59it/s]
Extract:  44%|####3     | 253/578 [01:29<01:09,  4.67it/s]
Extract:  44%|####4     | 255/578 [01:30<01:07,  4.78it/s]
Extract:  44%|####4     | 256/578 [01:31<01:38,  3.26it/s]
Extract:  44%|####4     | 257/578 [01:31<01:35,  3.38it/s]
Extract:  45%|####4     | 258/578 [01:31<01:19,  4.00it/s]
Extract:  45%|####4     | 259/578 [01:31<01:10,  4.54it/s]
Extract:  45%|####4     | 260/578 [01:31<01:00,  5.30it/s]
Extract:  45%|####5     | 261/578 [01:31<00:54,  5.84it/s]
Extract:  45%|####5     | 262/578 [01:32<01:20,  3.92it/s]
Extract:  46%|####5     | 263/578 [01:33<02:12,  2.37it/s]
Extract:  46%|####5     | 264/578 [01:33<01:43,  3.04it/s]
Extract:  46%|####5     | 265/578 [01:33<01:47,  2.90it/s]
Extract:  46%|####6     | 266/578 [01:33<01:43,  3.03it/s]
Extract:  46%|####6     | 267/578 [01:34<02:10,  2.38it/s]
Extract:  46%|####6     | 268/578 [01:34<01:49,  2.82it/s]
Extract:  47%|####6     | 269/578 [01:35<02:17,  2.24it/s]
Extract:  47%|####6     | 271/578 [01:35<01:22,  3.70it/s]
Extract:  47%|####7     | 273/578 [01:36<02:07,  2.39it/s]
Extract:  47%|####7     | 274/578 [01:37<02:36,  1.94it/s]
Extract:  48%|####7     | 275/578 [01:38<02:37,  1.92it/s]
Extract:  48%|####7     | 276/578 [01:38<02:14,  2.25it/s]
Extract:  48%|####7     | 277/578 [01:38<01:52,  2.68it/s]
Extract:  48%|####8     | 279/578 [01:38<01:13,  4.05it/s]
Extract:  48%|####8     | 280/578 [01:39<01:35,  3.12it/s]
Extract:  49%|####8     | 282/578 [01:39<01:18,  3.79it/s]
Extract:  49%|####8     | 283/578 [01:40<01:31,  3.21it/s]
Extract:  49%|####9     | 284/578 [01:40<01:44,  2.82it/s]
Extract:  49%|####9     | 285/578 [01:41<02:26,  2.00it/s]
Extract:  49%|####9     | 286/578 [01:41<02:11,  2.22it/s]
Extract:  50%|####9     | 287/578 [01:42<01:50,  2.64it/s]
Extract:  50%|####9     | 288/578 [01:42<01:34,  3.07it/s]
Extract:  50%|#####     | 289/578 [01:42<01:36,  3.00it/s]
Extract:  50%|#####     | 290/578 [01:43<02:19,  2.06it/s]
Extract:  50%|#####     | 291/578 [01:43<01:52,  2.55it/s]
Extract:  51%|#####     | 293/578 [01:43<01:11,  3.97it/s]
Extract:  51%|#####     | 294/578 [01:44<01:09,  4.09it/s]
Extract:  51%|#####1    | 295/578 [01:44<01:47,  2.62it/s]
Extract:  51%|#####1    | 296/578 [01:45<01:36,  2.93it/s]
Extract:  51%|#####1    | 297/578 [01:45<02:16,  2.06it/s]
Extract:  52%|#####1    | 299/578 [01:46<01:33,  2.99it/s]
Extract:  52%|#####1    | 300/578 [01:46<01:37,  2.86it/s]
Extract:  52%|#####2    | 301/578 [01:47<01:51,  2.48it/s]
Extract:  52%|#####2    | 303/578 [01:47<01:13,  3.73it/s]
Extract:  53%|#####2    | 304/578 [01:48<01:53,  2.42it/s]
Extract:  53%|#####2    | 305/578 [01:48<01:42,  2.68it/s]
Extract:  53%|#####3    | 307/578 [01:48<01:29,  3.03it/s]
Extract:  53%|#####3    | 308/578 [01:49<01:38,  2.73it/s]
Extract:  53%|#####3    | 309/578 [01:50<02:17,  1.95it/s]
Extract:  54%|#####3    | 310/578 [01:50<02:08,  2.08it/s]
Extract:  54%|#####3    | 311/578 [01:51<02:33,  1.74it/s]
Extract:  54%|#####3    | 312/578 [01:52<02:42,  1.64it/s]
Extract:  54%|#####4    | 313/578 [01:52<02:10,  2.04it/s]
Extract:  54%|#####4    | 314/578 [01:53<02:11,  2.01it/s]
Extract:  55%|#####4    | 316/578 [01:53<01:49,  2.39it/s]
Extract:  55%|#####5    | 318/578 [01:54<01:45,  2.46it/s]
Extract:  55%|#####5    | 319/578 [01:54<01:39,  2.60it/s]
Extract:  55%|#####5    | 320/578 [01:55<01:55,  2.24it/s]
Extract:  56%|#####5    | 321/578 [01:55<01:33,  2.75it/s]
Extract:  56%|#####5    | 322/578 [01:55<01:32,  2.77it/s]
Extract:  56%|#####5    | 323/578 [01:56<01:22,  3.10it/s]
Extract:  56%|#####6    | 325/578 [01:56<00:57,  4.36it/s]
Extract:  56%|#####6    | 326/578 [01:56<01:02,  4.03it/s]
Extract:  57%|#####6    | 327/578 [01:56<00:55,  4.53it/s]
Extract:  57%|#####6    | 328/578 [01:57<00:55,  4.47it/s]
Extract:  57%|#####7    | 330/578 [01:57<00:44,  5.61it/s]
Extract:  57%|#####7    | 331/578 [01:57<00:49,  4.99it/s]
Extract:  57%|#####7    | 332/578 [01:58<01:12,  3.38it/s]
Extract:  58%|#####7    | 334/578 [01:58<00:50,  4.86it/s]
Extract:  58%|#####7    | 335/578 [01:58<00:45,  5.32it/s]
Extract:  58%|#####8    | 337/578 [01:58<00:41,  5.83it/s]
Extract:  59%|#####8    | 339/578 [01:58<00:38,  6.27it/s]
Extract:  59%|#####8    | 340/578 [01:59<00:39,  6.08it/s]
Extract:  59%|#####8    | 341/578 [01:59<00:42,  5.58it/s]
Extract:  59%|#####9    | 342/578 [01:59<00:50,  4.64it/s]
Extract:  60%|#####9    | 344/578 [02:00<00:59,  3.96it/s]
Extract:  60%|#####9    | 345/578 [02:00<00:54,  4.24it/s]
Extract:  60%|######    | 347/578 [02:00<00:51,  4.50it/s]
Extract:  60%|######    | 348/578 [02:01<00:48,  4.70it/s]
Extract:  60%|######    | 349/578 [02:01<01:22,  2.78it/s]
Extract:  61%|######    | 350/578 [02:02<01:15,  3.03it/s]
Extract:  61%|######    | 351/578 [02:03<02:17,  1.65it/s]
Extract:  61%|######    | 352/578 [02:03<01:47,  2.10it/s]
Extract:  61%|######1   | 353/578 [02:03<01:39,  2.27it/s]
Extract:  61%|######1   | 355/578 [02:04<01:05,  3.39it/s]
Extract:  62%|######1   | 356/578 [02:04<01:28,  2.51it/s]
Extract:  62%|######1   | 357/578 [02:05<01:28,  2.50it/s]
Extract:  62%|######2   | 359/578 [02:05<01:07,  3.27it/s]
Extract:  62%|######2   | 360/578 [02:06<01:12,  3.01it/s]
Extract:  62%|######2   | 361/578 [02:06<01:03,  3.42it/s]
Extract:  63%|######2   | 362/578 [02:07<01:32,  2.34it/s]
Extract:  63%|######2   | 363/578 [02:07<01:23,  2.59it/s]
Extract:  63%|######2   | 364/578 [02:07<01:07,  3.17it/s]
Extract:  63%|######3   | 365/578 [02:07<01:06,  3.19it/s]
Extract:  63%|######3   | 366/578 [02:08<01:14,  2.84it/s]
Extract:  63%|######3   | 367/578 [02:09<01:41,  2.08it/s]
Extract:  64%|######3   | 368/578 [02:09<01:58,  1.77it/s]
Extract:  64%|######3   | 369/578 [02:10<02:18,  1.51it/s]
Extract:  64%|######4   | 371/578 [02:10<01:20,  2.56it/s]
Extract:  65%|######4   | 373/578 [02:11<01:08,  2.98it/s]
Extract:  65%|######4   | 374/578 [02:11<01:03,  3.20it/s]
Extract:  65%|######5   | 376/578 [02:11<00:54,  3.73it/s]
Extract:  65%|######5   | 377/578 [02:12<00:56,  3.54it/s]
Extract:  65%|######5   | 378/578 [02:12<00:49,  4.05it/s]
Extract:  66%|######5   | 379/578 [02:12<00:52,  3.80it/s]
Extract:  66%|######5   | 380/578 [02:13<00:55,  3.58it/s]
Extract:  66%|######5   | 381/578 [02:13<00:49,  3.99it/s]
Extract:  66%|######6   | 382/578 [02:13<01:07,  2.88it/s]
Extract:  66%|######6   | 383/578 [02:14<00:57,  3.36it/s]
Extract:  66%|######6   | 384/578 [02:14<01:02,  3.12it/s]
Extract:  67%|######6   | 386/578 [02:14<00:41,  4.57it/s]
Extract:  67%|######6   | 387/578 [02:14<00:42,  4.53it/s]
Extract:  67%|######7   | 389/578 [02:14<00:28,  6.58it/s]
Extract:  67%|######7   | 390/578 [02:15<00:28,  6.67it/s]
Extract:  68%|######7   | 391/578 [02:15<00:30,  6.13it/s]
Extract:  68%|######7   | 392/578 [02:15<00:33,  5.63it/s]
Extract:  68%|######7   | 393/578 [02:15<00:39,  4.66it/s]
Extract:  68%|######8   | 394/578 [02:16<00:40,  4.52it/s]
Extract:  68%|######8   | 395/578 [02:16<00:50,  3.64it/s]
Extract:  69%|######8   | 397/578 [02:16<00:44,  4.07it/s]
Extract:  69%|######8   | 398/578 [02:17<00:42,  4.28it/s]
Extract:  69%|######9   | 399/578 [02:17<00:40,  4.42it/s]
Extract:  69%|######9   | 400/578 [02:17<00:35,  5.01it/s]
Extract:  69%|######9   | 401/578 [02:17<00:30,  5.76it/s]
Extract:  70%|######9   | 402/578 [02:17<00:27,  6.29it/s]
Extract:  70%|######9   | 404/578 [02:17<00:22,  7.67it/s]
Extract:  70%|#######   | 405/578 [02:17<00:21,  7.96it/s]
Extract:  70%|#######   | 406/578 [02:18<00:34,  4.96it/s]
Extract:  70%|#######   | 407/578 [02:18<00:43,  3.90it/s]
Extract:  71%|#######   | 408/578 [02:19<01:19,  2.14it/s]
Extract:  71%|#######   | 409/578 [02:19<01:01,  2.75it/s]
Extract:  71%|#######   | 410/578 [02:20<00:55,  3.02it/s]
Extract:  71%|#######1  | 412/578 [02:20<00:38,  4.30it/s]
Extract:  71%|#######1  | 413/578 [02:20<00:43,  3.78it/s]
Extract:  72%|#######1  | 415/578 [02:20<00:32,  4.95it/s]
Extract:  72%|#######1  | 416/578 [02:21<00:33,  4.82it/s]
Extract:  72%|#######2  | 417/578 [02:21<00:30,  5.32it/s]
Extract:  72%|#######2  | 418/578 [02:21<00:34,  4.58it/s]
Extract:  72%|#######2  | 419/578 [02:21<00:39,  4.06it/s]
Extract:  73%|#######2  | 421/578 [02:22<00:47,  3.32it/s]
Extract:  73%|#######3  | 424/578 [02:23<00:33,  4.63it/s]
Extract:  74%|#######3  | 425/578 [02:23<00:42,  3.58it/s]
Extract:  74%|#######3  | 426/578 [02:23<00:40,  3.75it/s]
Extract:  74%|#######3  | 427/578 [02:24<00:58,  2.58it/s]
Extract:  74%|#######4  | 428/578 [02:25<01:08,  2.18it/s]
Extract:  74%|#######4  | 429/578 [02:25<01:13,  2.03it/s]
Extract:  75%|#######4  | 431/578 [02:26<00:47,  3.09it/s]
Extract:  75%|#######4  | 432/578 [02:26<00:43,  3.34it/s]
Extract:  75%|#######5  | 434/578 [02:26<00:44,  3.25it/s]
Extract:  75%|#######5  | 435/578 [02:27<00:41,  3.48it/s]
Extract:  76%|#######5  | 437/578 [02:27<00:32,  4.36it/s]
Extract:  76%|#######5  | 438/578 [02:27<00:31,  4.43it/s]
Extract:  76%|#######5  | 439/578 [02:28<00:37,  3.76it/s]
Extract:  76%|#######6  | 441/578 [02:28<00:46,  2.92it/s]
Extract:  76%|#######6  | 442/578 [02:29<00:40,  3.32it/s]
Extract:  77%|#######6  | 443/578 [02:29<00:34,  3.86it/s]
Extract:  77%|#######6  | 444/578 [02:29<00:30,  4.37it/s]
Extract:  77%|#######6  | 445/578 [02:30<00:55,  2.41it/s]
Extract:  77%|#######7  | 447/578 [02:30<00:37,  3.49it/s]
Extract:  78%|#######7  | 449/578 [02:30<00:27,  4.61it/s]
Extract:  78%|#######7  | 450/578 [02:31<00:41,  3.08it/s]
Extract:  78%|#######8  | 451/578 [02:32<00:50,  2.53it/s]
Extract:  78%|#######8  | 452/578 [02:32<00:42,  2.96it/s]
Extract:  79%|#######8  | 454/578 [02:32<00:31,  3.98it/s]
Extract:  79%|#######8  | 455/578 [02:32<00:26,  4.57it/s]
Extract:  79%|#######9  | 457/578 [02:32<00:18,  6.44it/s]
Extract:  79%|#######9  | 458/578 [02:33<00:28,  4.27it/s]
Extract:  80%|#######9  | 461/578 [02:33<00:18,  6.23it/s]
Extract:  80%|#######9  | 462/578 [02:33<00:17,  6.56it/s]
Extract:  80%|########  | 463/578 [02:33<00:20,  5.61it/s]
Extract:  80%|########  | 465/578 [02:34<00:15,  7.44it/s]
Extract:  81%|########  | 466/578 [02:34<00:18,  6.21it/s]
Extract:  81%|########  | 467/578 [02:34<00:23,  4.66it/s]
Extract:  81%|########  | 468/578 [02:35<00:32,  3.36it/s]
Extract:  81%|########1 | 469/578 [02:35<00:27,  4.01it/s]
Extract:  81%|########1 | 470/578 [02:35<00:26,  4.12it/s]
Extract:  81%|########1 | 471/578 [02:35<00:29,  3.66it/s]
Extract:  82%|########1 | 472/578 [02:36<00:29,  3.60it/s]
Extract:  82%|########1 | 473/578 [02:36<00:25,  4.17it/s]
Extract:  82%|########2 | 474/578 [02:36<00:24,  4.19it/s]
Extract:  82%|########2 | 476/578 [02:37<00:30,  3.32it/s]
Extract:  83%|########2 | 477/578 [02:37<00:31,  3.17it/s]
Extract:  83%|########2 | 478/578 [02:37<00:26,  3.75it/s]
Extract:  83%|########2 | 479/578 [02:38<00:24,  4.06it/s]
Extract:  83%|########3 | 480/578 [02:38<00:20,  4.67it/s]
Extract:  83%|########3 | 481/578 [02:38<00:20,  4.74it/s]
Extract:  84%|########3 | 483/578 [02:38<00:15,  6.14it/s]
Extract:  84%|########3 | 484/578 [02:38<00:13,  6.72it/s]
Extract:  84%|########4 | 486/578 [02:38<00:10,  8.48it/s]
Extract:  84%|########4 | 487/578 [02:39<00:13,  6.82it/s]
Extract:  85%|########4 | 489/578 [02:39<00:21,  4.22it/s]
Extract:  85%|########4 | 490/578 [02:39<00:19,  4.56it/s]
Extract:  85%|########4 | 491/578 [02:40<00:19,  4.57it/s]
Extract:  85%|########5 | 492/578 [02:40<00:21,  4.09it/s]
Extract:  85%|########5 | 493/578 [02:40<00:20,  4.23it/s]
Extract:  85%|########5 | 494/578 [02:40<00:18,  4.43it/s]
Extract:  86%|########5 | 496/578 [02:41<00:12,  6.33it/s]
Extract:  86%|########6 | 498/578 [02:41<00:16,  4.73it/s]
Extract:  87%|########6 | 501/578 [02:41<00:11,  6.50it/s]
Extract:  87%|########7 | 503/578 [02:42<00:09,  8.09it/s]
Extract:  87%|########7 | 505/578 [02:43<00:19,  3.74it/s]
Extract:  88%|########7 | 507/578 [02:43<00:15,  4.56it/s]
Extract:  88%|########7 | 508/578 [02:43<00:15,  4.43it/s]
Extract:  88%|########8 | 510/578 [02:44<00:14,  4.72it/s]
Extract:  88%|########8 | 511/578 [02:44<00:13,  4.95it/s]
Extract:  89%|########8 | 512/578 [02:44<00:15,  4.38it/s]
Extract:  89%|########8 | 514/578 [02:44<00:10,  5.93it/s]
Extract:  89%|########9 | 515/578 [02:44<00:12,  5.03it/s]
Extract:  89%|########9 | 516/578 [02:45<00:17,  3.56it/s]
Extract:  89%|########9 | 517/578 [02:45<00:16,  3.68it/s]
Extract:  90%|########9 | 519/578 [02:46<00:13,  4.44it/s]
Extract:  90%|########9 | 520/578 [02:46<00:11,  4.94it/s]
Extract:  90%|######### | 522/578 [02:46<00:09,  6.04it/s]
Extract:  90%|######### | 523/578 [02:46<00:09,  5.72it/s]
Extract:  91%|######### | 524/578 [02:46<00:11,  4.79it/s]
Extract:  91%|#########1| 526/578 [02:47<00:13,  3.74it/s]
Extract:  91%|#########1| 528/578 [02:47<00:10,  4.88it/s]
Extract:  92%|#########1| 529/578 [02:48<00:09,  5.06it/s]
Extract:  92%|#########1| 530/578 [02:48<00:09,  5.26it/s]
Extract:  92%|#########1| 531/578 [02:48<00:09,  5.20it/s]
Extract:  92%|#########2| 532/578 [02:48<00:09,  4.80it/s]
Extract:  92%|#########2| 533/578 [02:48<00:08,  5.37it/s]
Extract:  92%|#########2| 534/578 [02:49<00:08,  5.04it/s]
Extract:  93%|#########2| 535/578 [02:49<00:07,  5.72it/s]
Extract:  93%|#########2| 537/578 [02:49<00:07,  5.79it/s]
Extract:  93%|#########3| 538/578 [02:49<00:08,  4.62it/s]
Extract:  93%|#########3| 540/578 [02:50<00:08,  4.38it/s]
Extract:  94%|#########3| 541/578 [02:50<00:08,  4.36it/s]
Extract:  94%|#########3| 543/578 [02:50<00:06,  5.49it/s]
Extract:  94%|#########4| 546/578 [02:51<00:05,  5.47it/s]
Extract:  95%|#########4| 547/578 [02:52<00:08,  3.52it/s]
Extract:  95%|#########4| 549/578 [02:52<00:06,  4.81it/s]
Extract:  95%|#########5| 551/578 [02:52<00:04,  5.93it/s]
Extract:  96%|#########5| 553/578 [02:53<00:05,  4.37it/s]
Extract:  96%|#########5| 554/578 [02:53<00:07,  3.11it/s]
Extract:  96%|#########6| 555/578 [02:54<00:08,  2.64it/s]
Extract:  96%|#########6| 556/578 [02:55<00:09,  2.32it/s]
Extract:  96%|#########6| 557/578 [02:55<00:08,  2.44it/s]
Extract:  97%|#########6| 558/578 [02:55<00:06,  3.04it/s]
Extract:  97%|#########6| 560/578 [02:56<00:06,  2.76it/s]
Extract:  97%|#########7| 561/578 [02:56<00:06,  2.73it/s]
Extract:  98%|#########7| 564/578 [02:57<00:04,  3.46it/s]
Extract:  98%|#########7| 565/578 [02:57<00:04,  3.10it/s]
Extract:  98%|#########7| 566/578 [02:57<00:03,  3.50it/s]
Extract:  98%|#########8| 567/578 [02:58<00:02,  3.74it/s]
Extract:  98%|#########8| 568/578 [02:58<00:03,  3.09it/s]
Extract:  99%|#########8| 570/578 [02:58<00:01,  4.57it/s]
Extract:  99%|#########8| 572/578 [02:59<00:01,  4.69it/s]
Extract:  99%|#########9| 574/578 [02:59<00:00,  6.25it/s]
Extract:  99%|#########9| 575/578 [02:59<00:00,  6.15it/s]
Extract: 100%|#########9| 576/578 [03:00<00:00,  3.84it/s]
Extract: 100%|##########| 578/578 [03:00<00:00,  5.51it/s]
Extract: 100%|##########| 578/578 [03:00<00:00,  3.21it/s]

Extract:   0%|          | 0/578 [00:00<?, ?it/s]
Extract:   0%|          | 2/578 [00:00<00:51, 11.09it/s]
Extract:   1%|          | 4/578 [00:00<01:41,  5.65it/s]
Extract:   1%|          | 5/578 [00:00<01:48,  5.29it/s]
Extract:   1%|1         | 6/578 [00:01<01:54,  5.01it/s]
Extract:   1%|1         | 7/578 [00:01<02:32,  3.76it/s]
Extract:   1%|1         | 8/578 [00:01<02:57,  3.21it/s]
Extract:   2%|1         | 9/578 [00:02<03:07,  3.04it/s]
Extract:   2%|1         | 10/578 [00:02<03:07,  3.02it/s]
Extract:   2%|1         | 11/578 [00:03<03:14,  2.91it/s]
Extract:   2%|2         | 12/578 [00:03<04:34,  2.06it/s]
Extract:   2%|2         | 13/578 [00:04<03:41,  2.55it/s]
Extract:   2%|2         | 14/578 [00:04<03:53,  2.42it/s]
Extract:   3%|2         | 15/578 [00:05<04:20,  2.17it/s]
Extract:   3%|2         | 16/578 [00:05<03:36,  2.60it/s]
Extract:   3%|3         | 19/578 [00:05<01:51,  5.03it/s]
Extract:   4%|3         | 21/578 [00:06<02:34,  3.61it/s]
Extract:   4%|3         | 22/578 [00:06<02:29,  3.72it/s]
Extract:   4%|3         | 23/578 [00:06<02:33,  3.61it/s]
Extract:   4%|4         | 24/578 [00:06<02:17,  4.02it/s]
Extract:   4%|4         | 26/578 [00:07<01:41,  5.46it/s]
Extract:   5%|4         | 27/578 [00:07<02:43,  3.38it/s]
Extract:   5%|4         | 28/578 [00:07<02:18,  3.96it/s]
Extract:   5%|5         | 29/578 [00:08<02:06,  4.34it/s]
Extract:   5%|5         | 30/578 [00:08<02:04,  4.40it/s]
Extract:   5%|5         | 31/578 [00:08<02:09,  4.22it/s]
Extract:   6%|5         | 33/578 [00:08<01:25,  6.38it/s]
Extract:   6%|6         | 35/578 [00:08<01:20,  6.71it/s]
Extract:   6%|6         | 37/578 [00:09<01:26,  6.25it/s]
Extract:   7%|6         | 38/578 [00:09<01:29,  6.00it/s]
Extract:   7%|6         | 40/578 [00:09<01:23,  6.48it/s]
Extract:   7%|7         | 41/578 [00:09<01:27,  6.15it/s]
Extract:   7%|7         | 42/578 [00:10<02:43,  3.28it/s]
Extract:   7%|7         | 43/578 [00:11<03:45,  2.37it/s]
Extract:   8%|7         | 45/578 [00:11<02:27,  3.61it/s]
Extract:   8%|7         | 46/578 [00:11<02:11,  4.05it/s]
Extract:   8%|8         | 47/578 [00:12<02:17,  3.87it/s]
Extract:   8%|8         | 49/578 [00:12<01:39,  5.32it/s]
Extract:   9%|8         | 50/578 [00:13<03:20,  2.63it/s]
Extract:   9%|8         | 51/578 [00:13<03:25,  2.56it/s]
Extract:   9%|8         | 52/578 [00:14<03:40,  2.38it/s]
Extract:   9%|9         | 54/578 [00:14<02:49,  3.09it/s]
Extract:  10%|9         | 55/578 [00:14<02:50,  3.07it/s]
Extract:  10%|9         | 56/578 [00:15<02:29,  3.49it/s]
Extract:  10%|#         | 58/578 [00:15<02:10,  3.99it/s]
Extract:  10%|#         | 59/578 [00:15<02:29,  3.47it/s]
Extract:  10%|#         | 60/578 [00:16<02:54,  2.97it/s]
Extract:  11%|#         | 61/578 [00:16<03:12,  2.69it/s]
Extract:  11%|#         | 63/578 [00:17<02:04,  4.12it/s]
Extract:  11%|#1        | 64/578 [00:17<02:13,  3.84it/s]
Extract:  11%|#1        | 65/578 [00:17<02:45,  3.10it/s]
Extract:  11%|#1        | 66/578 [00:18<02:18,  3.71it/s]
Extract:  12%|#1        | 67/578 [00:18<03:14,  2.62it/s]
Extract:  12%|#1        | 69/578 [00:19<02:26,  3.47it/s]
Extract:  12%|#2        | 71/578 [00:19<01:53,  4.45it/s]
Extract:  12%|#2        | 72/578 [00:19<01:46,  4.73it/s]
Extract:  13%|#2        | 73/578 [00:20<02:34,  3.27it/s]
Extract:  13%|#2        | 75/578 [00:20<01:50,  4.56it/s]
Extract:  13%|#3        | 76/578 [00:20<01:49,  4.58it/s]
Extract:  13%|#3        | 77/578 [00:21<02:34,  3.24it/s]
Extract:  14%|#3        | 79/578 [00:21<01:44,  4.75it/s]
Extract:  14%|#3        | 80/578 [00:21<01:56,  4.27it/s]
Extract:  14%|#4        | 81/578 [00:21<01:46,  4.67it/s]
Extract:  14%|#4        | 82/578 [00:21<01:40,  4.92it/s]
Extract:  14%|#4        | 83/578 [00:22<01:48,  4.54it/s]
Extract:  15%|#4        | 84/578 [00:22<02:43,  3.02it/s]
Extract:  15%|#4        | 85/578 [00:22<02:13,  3.68it/s]
Extract:  15%|#4        | 86/578 [00:22<01:57,  4.19it/s]
Extract:  15%|#5        | 88/578 [00:23<01:21,  6.05it/s]
Extract:  15%|#5        | 89/578 [00:23<02:20,  3.48it/s]
Extract:  16%|#5        | 90/578 [00:24<02:12,  3.69it/s]
Extract:  16%|#5        | 91/578 [00:24<03:34,  2.27it/s]
Extract:  16%|#5        | 92/578 [00:25<03:39,  2.21it/s]
Extract:  16%|#6        | 93/578 [00:25<02:51,  2.82it/s]
Extract:  16%|#6        | 94/578 [00:25<02:49,  2.86it/s]
Extract:  17%|#6        | 96/578 [00:26<02:44,  2.94it/s]
Extract:  17%|#6        | 97/578 [00:26<02:21,  3.40it/s]
Extract:  17%|#6        | 98/578 [00:26<02:20,  3.41it/s]
Extract:  17%|#7        | 99/578 [00:27<01:57,  4.08it/s]
Extract:  17%|#7        | 100/578 [00:27<02:22,  3.37it/s]
Extract:  17%|#7        | 101/578 [00:27<02:03,  3.87it/s]
Extract:  18%|#7        | 103/578 [00:27<01:19,  5.98it/s]
Extract:  18%|#8        | 105/578 [00:28<01:32,  5.11it/s]
Extract:  18%|#8        | 106/578 [00:28<01:26,  5.49it/s]
Extract:  19%|#8        | 107/578 [00:29<02:23,  3.28it/s]
Extract:  19%|#8        | 108/578 [00:29<02:19,  3.36it/s]
Extract:  19%|#9        | 110/578 [00:29<01:51,  4.21it/s]
Extract:  19%|#9        | 111/578 [00:29<01:51,  4.20it/s]
Extract:  20%|#9        | 113/578 [00:30<01:21,  5.73it/s]
Extract:  20%|#9        | 114/578 [00:30<01:17,  6.00it/s]
Extract:  20%|#9        | 115/578 [00:30<01:16,  6.02it/s]
Extract:  20%|##        | 116/578 [00:30<01:44,  4.43it/s]
Extract:  20%|##        | 117/578 [00:31<02:49,  2.73it/s]
Extract:  21%|##        | 120/578 [00:32<02:20,  3.26it/s]
Extract:  21%|##        | 121/578 [00:32<02:56,  2.59it/s]
Extract:  21%|##1       | 122/578 [00:33<02:27,  3.08it/s]
Extract:  21%|##1       | 123/578 [00:33<02:07,  3.57it/s]
Extract:  21%|##1       | 124/578 [00:33<01:49,  4.16it/s]
Extract:  22%|##1       | 125/578 [00:33<02:35,  2.92it/s]
Extract:  22%|##1       | 126/578 [00:34<02:26,  3.08it/s]
Extract:  22%|##2       | 128/578 [00:34<01:48,  4.16it/s]
Extract:  22%|##2       | 130/578 [00:35<02:15,  3.32it/s]
Extract:  23%|##2       | 131/578 [00:35<02:41,  2.76it/s]
Extract:  23%|##2       | 132/578 [00:36<02:23,  3.12it/s]
Extract:  23%|##3       | 133/578 [00:36<02:21,  3.14it/s]
Extract:  23%|##3       | 134/578 [00:36<02:06,  3.52it/s]
Extract:  23%|##3       | 135/578 [00:36<01:55,  3.83it/s]
Extract:  24%|##3       | 136/578 [00:36<01:47,  4.10it/s]
Extract:  24%|##3       | 137/578 [00:37<02:27,  2.99it/s]
Extract:  24%|##3       | 138/578 [00:38<03:21,  2.18it/s]
Extract:  24%|##4       | 139/578 [00:38<03:50,  1.91it/s]
Extract:  24%|##4       | 140/578 [00:39<02:57,  2.47it/s]
Extract:  24%|##4       | 141/578 [00:39<02:19,  3.13it/s]
Extract:  25%|##4       | 142/578 [00:39<02:03,  3.53it/s]
Extract:  25%|##4       | 144/578 [00:39<01:27,  4.95it/s]
Extract:  25%|##5       | 145/578 [00:39<01:18,  5.53it/s]
Extract:  25%|##5       | 146/578 [00:41<03:23,  2.12it/s]
Extract:  25%|##5       | 147/578 [00:41<03:00,  2.39it/s]
Extract:  26%|##5       | 148/578 [00:41<02:31,  2.84it/s]
Extract:  26%|##5       | 149/578 [00:42<03:08,  2.27it/s]
Extract:  26%|##5       | 150/578 [00:42<03:04,  2.32it/s]
Extract:  26%|##6       | 152/578 [00:42<01:53,  3.75it/s]
Extract:  26%|##6       | 153/578 [00:43<03:13,  2.20it/s]
Extract:  27%|##6       | 154/578 [00:43<02:36,  2.70it/s]
Extract:  27%|##6       | 155/578 [00:44<02:57,  2.39it/s]
Extract:  27%|##7       | 157/578 [00:44<02:00,  3.50it/s]
Extract:  27%|##7       | 158/578 [00:44<01:41,  4.13it/s]
Extract:  28%|##7       | 160/578 [00:45<01:29,  4.66it/s]
Extract:  28%|##8       | 162/578 [00:45<01:04,  6.42it/s]
Extract:  28%|##8       | 164/578 [00:46<01:42,  4.03it/s]
Extract:  29%|##8       | 165/578 [00:46<01:35,  4.32it/s]
Extract:  29%|##8       | 166/578 [00:46<01:26,  4.78it/s]
Extract:  29%|##8       | 167/578 [00:47<02:09,  3.18it/s]
Extract:  29%|##9       | 168/578 [00:47<01:55,  3.53it/s]
Extract:  29%|##9       | 169/578 [00:47<01:41,  4.02it/s]
Extract:  29%|##9       | 170/578 [00:47<01:42,  3.99it/s]
Extract:  30%|##9       | 171/578 [00:47<01:27,  4.64it/s]
Extract:  30%|##9       | 172/578 [00:48<02:25,  2.79it/s]
Extract:  30%|##9       | 173/578 [00:49<03:14,  2.08it/s]
Extract:  30%|###       | 174/578 [00:49<02:44,  2.46it/s]
Extract:  30%|###       | 175/578 [00:49<02:20,  2.88it/s]
Extract:  30%|###       | 176/578 [00:49<01:55,  3.48it/s]
Extract:  31%|###       | 177/578 [00:50<03:05,  2.17it/s]
Extract:  31%|###       | 178/578 [00:50<02:35,  2.56it/s]
Extract:  31%|###       | 179/578 [00:51<02:11,  3.05it/s]
Extract:  31%|###1      | 180/578 [00:51<02:42,  2.45it/s]
Extract:  31%|###1      | 181/578 [00:52<03:05,  2.14it/s]
Extract:  31%|###1      | 182/578 [00:52<03:16,  2.01it/s]
Extract:  32%|###1      | 184/578 [00:53<02:26,  2.68it/s]
Extract:  32%|###2      | 185/578 [00:54<03:17,  1.99it/s]
Extract:  32%|###2      | 186/578 [00:54<02:48,  2.33it/s]
Extract:  33%|###2      | 188/578 [00:54<01:56,  3.33it/s]
Extract:  33%|###2      | 189/578 [00:55<02:44,  2.37it/s]
Extract:  33%|###2      | 190/578 [00:55<02:13,  2.90it/s]
Extract:  33%|###3      | 191/578 [00:56<02:26,  2.64it/s]
Extract:  33%|###3      | 192/578 [00:56<02:04,  3.11it/s]
Extract:  33%|###3      | 193/578 [00:56<01:42,  3.76it/s]
Extract:  34%|###3      | 195/578 [00:56<01:11,  5.36it/s]
Extract:  34%|###4      | 197/578 [00:57<01:49,  3.48it/s]
Extract:  34%|###4      | 198/578 [00:57<01:48,  3.49it/s]
Extract:  35%|###4      | 201/578 [00:58<01:39,  3.79it/s]
Extract:  35%|###4      | 202/578 [00:58<01:35,  3.94it/s]
Extract:  35%|###5      | 203/578 [00:59<01:59,  3.15it/s]
Extract:  35%|###5      | 205/578 [00:59<01:23,  4.49it/s]
Extract:  36%|###5      | 206/578 [00:59<01:18,  4.76it/s]
Extract:  36%|###5      | 207/578 [00:59<01:30,  4.12it/s]
Extract:  36%|###6      | 209/578 [01:00<01:08,  5.36it/s]
Extract:  36%|###6      | 210/578 [01:00<01:07,  5.49it/s]
Extract:  37%|###6      | 212/578 [01:00<01:19,  4.62it/s]
Extract:  37%|###6      | 213/578 [01:01<01:30,  4.03it/s]
Extract:  37%|###7      | 215/578 [01:01<01:29,  4.07it/s]
Extract:  38%|###7      | 217/578 [01:01<01:12,  5.01it/s]
Extract:  38%|###8      | 220/578 [01:02<00:50,  7.11it/s]
Extract:  38%|###8      | 221/578 [01:02<00:48,  7.38it/s]
Extract:  39%|###8      | 223/578 [01:02<00:41,  8.63it/s]
Extract:  39%|###8      | 225/578 [01:02<00:59,  5.94it/s]
Extract:  39%|###9      | 226/578 [01:03<01:08,  5.17it/s]
Extract:  39%|###9      | 227/578 [01:03<01:08,  5.16it/s]
Extract:  40%|###9      | 229/578 [01:03<01:06,  5.22it/s]
Extract:  40%|###9      | 230/578 [01:04<01:47,  3.23it/s]
Extract:  40%|###9      | 231/578 [01:04<01:49,  3.16it/s]
Extract:  40%|####      | 232/578 [01:05<01:41,  3.40it/s]
Extract:  40%|####      | 233/578 [01:05<01:27,  3.93it/s]
Extract:  40%|####      | 234/578 [01:05<01:25,  4.04it/s]
Extract:  41%|####      | 235/578 [01:05<01:16,  4.50it/s]
Extract:  41%|####      | 236/578 [01:06<01:57,  2.92it/s]
Extract:  41%|####1     | 237/578 [01:07<03:00,  1.89it/s]
Extract:  41%|####1     | 239/578 [01:07<01:56,  2.92it/s]
Extract:  42%|####1     | 240/578 [01:07<01:45,  3.20it/s]
Extract:  42%|####1     | 242/578 [01:07<01:12,  4.66it/s]
Extract:  42%|####2     | 244/578 [01:09<02:06,  2.64it/s]
Extract:  42%|####2     | 245/578 [01:09<01:59,  2.79it/s]
Extract:  43%|####2     | 246/578 [01:09<01:44,  3.18it/s]
Extract:  43%|####2     | 247/578 [01:10<02:47,  1.98it/s]
Extract:  43%|####2     | 248/578 [01:11<02:46,  1.98it/s]
Extract:  43%|####3     | 249/578 [01:11<02:24,  2.28it/s]
Extract:  43%|####3     | 250/578 [01:11<02:17,  2.38it/s]
Extract:  43%|####3     | 251/578 [01:12<02:14,  2.43it/s]
Extract:  44%|####3     | 252/578 [01:12<01:55,  2.82it/s]
Extract:  44%|####3     | 253/578 [01:12<02:11,  2.47it/s]
Extract:  44%|####4     | 255/578 [01:13<01:51,  2.90it/s]
Extract:  44%|####4     | 256/578 [01:14<03:00,  1.78it/s]
Extract:  44%|####4     | 257/578 [01:14<02:26,  2.19it/s]
Extract:  45%|####4     | 258/578 [01:15<01:59,  2.68it/s]
Extract:  45%|####4     | 259/578 [01:15<01:37,  3.26it/s]
Extract:  45%|####5     | 261/578 [01:15<01:07,  4.66it/s]
Extract:  45%|####5     | 262/578 [01:15<01:26,  3.67it/s]
Extract:  46%|####5     | 263/578 [01:16<02:29,  2.11it/s]
Extract:  46%|####5     | 264/578 [01:16<02:00,  2.60it/s]
Extract:  46%|####5     | 265/578 [01:17<01:59,  2.62it/s]
Extract:  46%|####6     | 266/578 [01:17<01:56,  2.68it/s]
Extract:  46%|####6     | 267/578 [01:18<02:18,  2.24it/s]
Extract:  46%|####6     | 268/578 [01:18<01:52,  2.76it/s]
Extract:  47%|####6     | 269/578 [01:19<02:04,  2.47it/s]
Extract:  47%|####6     | 271/578 [01:19<01:14,  4.10it/s]
Extract:  47%|####7     | 273/578 [01:19<01:32,  3.28it/s]
Extract:  47%|####7     | 274/578 [01:20<01:59,  2.54it/s]
Extract:  48%|####7     | 275/578 [01:21<02:30,  2.02it/s]
Extract:  48%|####7     | 276/578 [01:21<02:13,  2.27it/s]
Extract:  48%|####7     | 277/578 [01:21<01:53,  2.65it/s]
Extract:  48%|####8     | 280/578 [01:22<01:24,  3.51it/s]
Extract:  49%|####8     | 282/578 [01:22<01:10,  4.21it/s]
Extract:  49%|####8     | 283/578 [01:23<01:16,  3.87it/s]
Extract:  49%|####9     | 284/578 [01:23<01:08,  4.31it/s]
Extract:  49%|####9     | 285/578 [01:23<01:16,  3.82it/s]
Extract:  49%|####9     | 286/578 [01:24<01:22,  3.55it/s]
Extract:  50%|####9     | 287/578 [01:24<01:18,  3.73it/s]
Extract:  50%|####9     | 288/578 [01:24<01:10,  4.09it/s]
Extract:  50%|#####     | 289/578 [01:24<01:15,  3.80it/s]
Extract:  50%|#####     | 290/578 [01:25<01:54,  2.51it/s]
Extract:  50%|#####     | 291/578 [01:25<01:34,  3.03it/s]
Extract:  51%|#####     | 293/578 [01:25<00:59,  4.82it/s]
Extract:  51%|#####     | 294/578 [01:25<00:58,  4.84it/s]
Extract:  51%|#####1    | 295/578 [01:26<01:39,  2.83it/s]
Extract:  51%|#####1    | 296/578 [01:27<02:32,  1.85it/s]
Extract:  51%|#####1    | 297/578 [01:28<03:20,  1.40it/s]
Extract:  52%|#####1    | 298/578 [01:29<02:35,  1.80it/s]
Extract:  52%|#####1    | 299/578 [01:29<02:08,  2.17it/s]
Extract:  52%|#####1    | 300/578 [01:29<01:50,  2.52it/s]
Extract:  52%|#####2    | 301/578 [01:30<02:34,  1.79it/s]
Extract:  52%|#####2    | 303/578 [01:30<01:36,  2.85it/s]
Extract:  53%|#####2    | 304/578 [01:31<02:10,  2.11it/s]
Extract:  53%|#####2    | 305/578 [01:31<01:55,  2.36it/s]
Extract:  53%|#####3    | 307/578 [01:32<01:43,  2.62it/s]
Extract:  53%|#####3    | 308/578 [01:32<01:43,  2.61it/s]
Extract:  53%|#####3    | 309/578 [01:33<02:03,  2.17it/s]
Extract:  54%|#####3    | 310/578 [01:33<01:50,  2.42it/s]
Extract:  54%|#####3    | 311/578 [01:34<02:41,  1.66it/s]
Extract:  54%|#####3    | 312/578 [01:35<02:49,  1.57it/s]
Extract:  54%|#####4    | 313/578 [01:35<02:20,  1.88it/s]
Extract:  54%|#####4    | 314/578 [01:36<02:30,  1.75it/s]
Extract:  54%|#####4    | 315/578 [01:36<01:59,  2.20it/s]
Extract:  55%|#####4    | 316/578 [01:37<02:04,  2.10it/s]
Extract:  55%|#####5    | 318/578 [01:38<01:55,  2.25it/s]
Extract:  55%|#####5    | 319/578 [01:38<01:53,  2.27it/s]
Extract:  55%|#####5    | 320/578 [01:39<02:10,  1.97it/s]
Extract:  56%|#####5    | 321/578 [01:39<01:49,  2.35it/s]
Extract:  56%|#####5    | 322/578 [01:39<01:53,  2.25it/s]
Extract:  56%|#####5    | 323/578 [01:40<01:41,  2.50it/s]
Extract:  56%|#####6    | 325/578 [01:40<01:08,  3.70it/s]
Extract:  56%|#####6    | 326/578 [01:40<01:16,  3.29it/s]
Extract:  57%|#####6    | 327/578 [01:41<01:09,  3.60it/s]
Extract:  57%|#####6    | 328/578 [01:41<01:24,  2.95it/s]
Extract:  57%|#####6    | 329/578 [01:42<01:43,  2.40it/s]
Extract:  57%|#####7    | 330/578 [01:42<01:39,  2.50it/s]
Extract:  57%|#####7    | 331/578 [01:42<01:33,  2.64it/s]
Extract:  57%|#####7    | 332/578 [01:43<01:57,  2.09it/s]
Extract:  58%|#####7    | 333/578 [01:43<01:32,  2.65it/s]
Extract:  58%|#####7    | 334/578 [01:43<01:13,  3.34it/s]
Extract:  58%|#####7    | 335/578 [01:44<01:04,  3.79it/s]
Extract:  58%|#####8    | 337/578 [01:44<01:21,  2.96it/s]
Extract:  59%|#####8    | 339/578 [01:45<01:04,  3.73it/s]
Extract:  59%|#####8    | 340/578 [01:45<01:10,  3.39it/s]
Extract:  59%|#####8    | 341/578 [01:45<01:04,  3.69it/s]
Extract:  59%|#####9    | 342/578 [01:46<01:08,  3.44it/s]
Extract:  60%|#####9    | 344/578 [01:46<01:15,  3.11it/s]
Extract:  60%|#####9    | 345/578 [01:47<01:04,  3.62it/s]
Extract:  60%|#####9    | 346/578 [01:47<00:53,  4.30it/s]
Extract:  60%|######    | 347/578 [01:47<00:46,  4.93it/s]
Extract:  60%|######    | 349/578 [01:47<01:03,  3.60it/s]
Extract:  61%|######    | 350/578 [01:48<01:00,  3.79it/s]
Extract:  61%|######    | 351/578 [01:48<01:23,  2.72it/s]
Extract:  61%|######1   | 353/578 [01:49<01:05,  3.44it/s]
Extract:  61%|######1   | 355/578 [01:49<00:47,  4.65it/s]
Extract:  62%|######1   | 356/578 [01:50<01:20,  2.77it/s]
Extract:  62%|######1   | 357/578 [01:50<01:16,  2.87it/s]
Extract:  62%|######2   | 359/578 [01:50<00:59,  3.68it/s]
Extract:  62%|######2   | 360/578 [01:51<00:58,  3.71it/s]
Extract:  62%|######2   | 361/578 [01:51<00:50,  4.34it/s]
Extract:  63%|######2   | 362/578 [01:51<01:07,  3.20it/s]
Extract:  63%|######2   | 363/578 [01:51<00:56,  3.80it/s]
Extract:  63%|######2   | 364/578 [01:52<00:47,  4.53it/s]
Extract:  63%|######3   | 365/578 [01:52<00:50,  4.21it/s]
Extract:  63%|######3   | 366/578 [01:52<00:52,  4.03it/s]
Extract:  63%|######3   | 367/578 [01:53<01:13,  2.87it/s]
Extract:  64%|######3   | 368/578 [01:53<01:07,  3.11it/s]
Extract:  64%|######3   | 369/578 [01:54<01:36,  2.17it/s]
Extract:  64%|######4   | 371/578 [01:54<01:01,  3.36it/s]
Extract:  65%|######4   | 373/578 [01:54<00:55,  3.68it/s]
Extract:  65%|######4   | 374/578 [01:55<00:51,  3.95it/s]
Extract:  65%|######5   | 376/578 [01:55<00:47,  4.27it/s]
Extract:  65%|######5   | 377/578 [01:56<01:07,  3.00it/s]
Extract:  65%|######5   | 378/578 [01:56<00:58,  3.43it/s]
Extract:  66%|######5   | 379/578 [01:56<00:49,  4.00it/s]
Extract:  66%|######5   | 380/578 [01:56<00:54,  3.61it/s]
Extract:  66%|######5   | 381/578 [01:57<00:50,  3.87it/s]
Extract:  66%|######6   | 382/578 [01:57<01:16,  2.57it/s]
Extract:  66%|######6   | 383/578 [01:58<01:04,  3.04it/s]
Extract:  66%|######6   | 384/578 [01:58<01:07,  2.89it/s]
Extract:  67%|######6   | 386/578 [01:58<00:46,  4.13it/s]
Extract:  67%|######6   | 387/578 [01:58<00:47,  4.01it/s]
Extract:  67%|######7   | 389/578 [01:59<00:32,  5.88it/s]
Extract:  67%|######7   | 390/578 [01:59<00:30,  6.07it/s]
Extract:  68%|######7   | 391/578 [01:59<00:31,  5.94it/s]
Extract:  68%|######7   | 392/578 [01:59<00:34,  5.34it/s]
Extract:  68%|######7   | 393/578 [02:00<00:46,  3.96it/s]
Extract:  68%|######8   | 394/578 [02:00<00:48,  3.83it/s]
Extract:  68%|######8   | 395/578 [02:00<00:52,  3.47it/s]
Extract:  69%|######8   | 396/578 [02:00<00:42,  4.26it/s]
Extract:  69%|######8   | 397/578 [02:01<00:51,  3.54it/s]
Extract:  69%|######8   | 398/578 [02:01<00:50,  3.58it/s]
Extract:  69%|######9   | 399/578 [02:01<00:46,  3.82it/s]
Extract:  69%|######9   | 400/578 [02:01<00:38,  4.67it/s]
Extract:  70%|######9   | 402/578 [02:01<00:30,  5.75it/s]
Extract:  70%|######9   | 403/578 [02:02<00:29,  6.00it/s]
Extract:  70%|######9   | 404/578 [02:02<00:27,  6.25it/s]
Extract:  70%|#######   | 405/578 [02:02<00:26,  6.48it/s]
Extract:  70%|#######   | 406/578 [02:02<00:36,  4.76it/s]
Extract:  70%|#######   | 407/578 [02:03<01:06,  2.56it/s]
Extract:  71%|#######   | 408/578 [02:04<01:33,  1.81it/s]
Extract:  71%|#######   | 410/578 [02:04<01:03,  2.65it/s]
Extract:  71%|#######1  | 412/578 [02:05<00:45,  3.62it/s]
Extract:  71%|#######1  | 413/578 [02:05<00:50,  3.29it/s]
Extract:  72%|#######1  | 415/578 [02:05<00:37,  4.32it/s]
Extract:  72%|#######1  | 416/578 [02:06<00:37,  4.29it/s]
Extract:  72%|#######2  | 417/578 [02:06<00:32,  4.89it/s]
Extract:  72%|#######2  | 418/578 [02:06<00:36,  4.42it/s]
Extract:  72%|#######2  | 419/578 [02:06<00:39,  4.01it/s]
Extract:  73%|#######2  | 421/578 [02:07<00:47,  3.29it/s]
Extract:  73%|#######3  | 424/578 [02:07<00:32,  4.67it/s]
Extract:  74%|#######3  | 425/578 [02:08<00:40,  3.81it/s]
Extract:  74%|#######3  | 426/578 [02:08<00:37,  4.02it/s]
Extract:  74%|#######3  | 427/578 [02:09<01:05,  2.32it/s]
Extract:  74%|#######4  | 428/578 [02:10<01:14,  2.01it/s]
Extract:  74%|#######4  | 429/578 [02:10<01:17,  1.93it/s]
Extract:  75%|#######4  | 431/578 [02:11<00:50,  2.90it/s]
Extract:  75%|#######4  | 432/578 [02:11<00:48,  3.03it/s]
Extract:  75%|#######4  | 433/578 [02:11<00:39,  3.64it/s]
Extract:  75%|#######5  | 434/578 [02:12<00:52,  2.73it/s]
Extract:  75%|#######5  | 435/578 [02:12<00:44,  3.20it/s]
Extract:  76%|#######5  | 437/578 [02:12<00:33,  4.21it/s]
Extract:  76%|#######5  | 438/578 [02:12<00:31,  4.39it/s]
Extract:  76%|#######5  | 439/578 [02:13<00:35,  3.88it/s]
Extract:  76%|#######6  | 441/578 [02:13<00:37,  3.63it/s]
Extract:  76%|#######6  | 442/578 [02:13<00:33,  4.02it/s]
Extract:  77%|#######6  | 443/578 [02:13<00:29,  4.63it/s]
Extract:  77%|#######6  | 444/578 [02:14<00:26,  5.14it/s]
Extract:  77%|#######6  | 445/578 [02:14<00:41,  3.19it/s]
Extract:  77%|#######7  | 447/578 [02:14<00:28,  4.63it/s]
Extract:  78%|#######7  | 449/578 [02:15<00:20,  6.17it/s]
Extract:  78%|#######7  | 450/578 [02:15<00:34,  3.76it/s]
Extract:  78%|#######8  | 451/578 [02:16<00:45,  2.78it/s]
Extract:  78%|#######8  | 452/578 [02:16<00:53,  2.38it/s]
Extract:  79%|#######8  | 454/578 [02:17<00:36,  3.38it/s]
Extract:  79%|#######8  | 455/578 [02:17<00:31,  3.94it/s]
Extract:  79%|#######8  | 456/578 [02:17<00:26,  4.56it/s]
Extract:  79%|#######9  | 458/578 [02:17<00:25,  4.63it/s]
Extract:  79%|#######9  | 459/578 [02:17<00:22,  5.22it/s]
Extract:  80%|#######9  | 461/578 [02:18<00:18,  6.31it/s]
Extract:  80%|#######9  | 462/578 [02:18<00:17,  6.69it/s]
Extract:  80%|########  | 463/578 [02:18<00:22,  5.04it/s]
Extract:  80%|########  | 465/578 [02:18<00:16,  6.74it/s]
Extract:  81%|########  | 466/578 [02:19<00:19,  5.61it/s]
Extract:  81%|########  | 467/578 [02:19<00:26,  4.21it/s]
Extract:  81%|########  | 468/578 [02:20<00:40,  2.74it/s]
Extract:  81%|########1 | 469/578 [02:20<00:33,  3.25it/s]
Extract:  81%|########1 | 470/578 [02:20<00:33,  3.25it/s]
Extract:  81%|########1 | 471/578 [02:21<00:38,  2.78it/s]
Extract:  82%|########1 | 472/578 [02:21<00:38,  2.74it/s]
Extract:  82%|########1 | 473/578 [02:21<00:33,  3.15it/s]
Extract:  82%|########2 | 474/578 [02:22<00:32,  3.19it/s]
Extract:  82%|########2 | 475/578 [02:22<00:27,  3.73it/s]
Extract:  82%|########2 | 476/578 [02:22<00:39,  2.57it/s]
Extract:  83%|########2 | 477/578 [02:23<00:33,  3.00it/s]
Extract:  83%|########2 | 478/578 [02:23<00:28,  3.54it/s]
Extract:  83%|########2 | 479/578 [02:23<00:28,  3.45it/s]
Extract:  83%|########3 | 480/578 [02:23<00:26,  3.65it/s]
Extract:  83%|########3 | 481/578 [02:24<00:25,  3.77it/s]
Extract:  84%|########3 | 483/578 [02:24<00:18,  5.27it/s]
Extract:  84%|########3 | 484/578 [02:24<00:15,  5.95it/s]
Extract:  84%|########4 | 486/578 [02:24<00:12,  7.31it/s]
Extract:  84%|########4 | 487/578 [02:24<00:15,  5.72it/s]
Extract:  84%|########4 | 488/578 [02:24<00:14,  6.22it/s]
Extract:  85%|########4 | 489/578 [02:26<00:38,  2.33it/s]
Extract:  85%|########4 | 490/578 [02:26<00:31,  2.77it/s]
Extract:  85%|########4 | 491/578 [02:26<00:30,  2.90it/s]
Extract:  85%|########5 | 492/578 [02:26<00:29,  2.92it/s]
Extract:  85%|########5 | 493/578 [02:27<00:27,  3.08it/s]
Extract:  85%|########5 | 494/578 [02:27<00:26,  3.19it/s]
Extract:  86%|########5 | 495/578 [02:27<00:23,  3.53it/s]
Extract:  86%|########5 | 497/578 [02:27<00:15,  5.21it/s]
Extract:  86%|########6 | 498/578 [02:28<00:23,  3.41it/s]
Extract:  87%|########6 | 500/578 [02:28<00:15,  5.18it/s]
Extract:  87%|########6 | 501/578 [02:28<00:13,  5.50it/s]
Extract:  87%|########7 | 503/578 [02:28<00:10,  7.34it/s]
Extract:  87%|########7 | 505/578 [02:29<00:18,  3.86it/s]
Extract:  88%|########7 | 507/578 [02:30<00:14,  5.04it/s]
Extract:  88%|########7 | 508/578 [02:30<00:14,  4.89it/s]
Extract:  88%|########8 | 510/578 [02:30<00:14,  4.68it/s]
Extract:  88%|########8 | 511/578 [02:30<00:13,  4.90it/s]
Extract:  89%|########8 | 512/578 [02:31<00:15,  4.24it/s]
Extract:  89%|########8 | 514/578 [02:31<00:10,  5.97it/s]
Extract:  89%|########9 | 515/578 [02:31<00:12,  5.08it/s]
Extract:  89%|########9 | 516/578 [02:32<00:18,  3.31it/s]
Extract:  89%|########9 | 517/578 [02:32<00:18,  3.34it/s]
Extract:  90%|########9 | 518/578 [02:32<00:15,  3.94it/s]
Extract:  90%|########9 | 519/578 [02:32<00:15,  3.91it/s]
Extract:  90%|########9 | 520/578 [02:33<00:13,  4.29it/s]
Extract:  90%|######### | 522/578 [02:33<00:09,  5.61it/s]
Extract:  90%|######### | 523/578 [02:33<00:11,  4.77it/s]
Extract:  91%|######### | 524/578 [02:33<00:10,  5.01it/s]
Extract:  91%|######### | 525/578 [02:33<00:09,  5.76it/s]
Extract:  91%|#########1| 526/578 [02:34<00:21,  2.38it/s]
Extract:  91%|#########1| 528/578 [02:35<00:14,  3.57it/s]
Extract:  92%|#########1| 529/578 [02:35<00:12,  3.95it/s]
Extract:  92%|#########1| 530/578 [02:35<00:11,  4.26it/s]
Extract:  92%|#########1| 531/578 [02:35<00:10,  4.69it/s]
Extract:  92%|#########2| 532/578 [02:35<00:09,  4.95it/s]
Extract:  92%|#########2| 533/578 [02:35<00:08,  5.52it/s]
Extract:  92%|#########2| 534/578 [02:36<00:08,  5.03it/s]
Extract:  93%|#########2| 535/578 [02:36<00:07,  5.76it/s]
Extract:  93%|#########2| 537/578 [02:36<00:06,  6.19it/s]
Extract:  93%|#########3| 538/578 [02:36<00:07,  5.07it/s]
Extract:  93%|#########3| 540/578 [02:37<00:08,  4.63it/s]
Extract:  94%|#########3| 541/578 [02:37<00:08,  4.61it/s]
Extract:  94%|#########3| 543/578 [02:37<00:06,  5.26it/s]
Extract:  94%|#########4| 545/578 [02:38<00:04,  6.89it/s]
Extract:  94%|#########4| 546/578 [02:38<00:09,  3.41it/s]
Extract:  95%|#########4| 547/578 [02:39<00:11,  2.76it/s]
Extract:  95%|#########5| 550/578 [02:39<00:06,  4.66it/s]
Extract:  96%|#########5| 553/578 [02:40<00:05,  4.30it/s]
Extract:  96%|#########5| 554/578 [02:41<00:07,  3.35it/s]
Extract:  96%|#########6| 555/578 [02:41<00:08,  2.70it/s]
Extract:  96%|#########6| 556/578 [02:42<00:07,  2.77it/s]
Extract:  96%|#########6| 557/578 [02:43<00:10,  2.05it/s]
Extract:  97%|#########6| 559/578 [02:43<00:06,  3.10it/s]
Extract:  97%|#########6| 560/578 [02:43<00:06,  2.68it/s]
Extract:  97%|#########7| 561/578 [02:44<00:06,  2.81it/s]
Extract:  98%|#########7| 564/578 [02:45<00:05,  2.73it/s]
Extract:  98%|#########7| 565/578 [02:45<00:05,  2.29it/s]
Extract:  98%|#########7| 566/578 [02:46<00:04,  2.61it/s]
Extract:  98%|#########8| 567/578 [02:46<00:04,  2.72it/s]
Extract:  98%|#########8| 568/578 [02:47<00:04,  2.28it/s]
Extract:  99%|#########8| 570/578 [02:47<00:02,  3.41it/s]
Extract:  99%|#########8| 572/578 [02:47<00:01,  4.26it/s]
Extract:  99%|#########9| 574/578 [02:47<00:00,  5.61it/s]
Extract:  99%|#########9| 575/578 [02:47<00:00,  5.39it/s]
Extract: 100%|#########9| 576/578 [02:48<00:00,  3.60it/s]
Extract: 100%|##########| 578/578 [02:48<00:00,  5.28it/s]
Extract: 100%|##########| 578/578 [02:48<00:00,  3.43it/s]

Extract:   0%|          | 0/578 [00:00<?, ?it/s]
Extract:   0%|          | 2/578 [00:00<01:02,  9.21it/s]
Extract:   1%|          | 3/578 [00:00<01:18,  7.29it/s]
Extract:   1%|          | 4/578 [00:00<01:46,  5.38it/s]
Extract:   1%|          | 5/578 [00:00<02:07,  4.51it/s]
Extract:   1%|1         | 6/578 [00:01<02:01,  4.72it/s]
Extract:   1%|1         | 7/578 [00:01<02:22,  4.02it/s]
Extract:   1%|1         | 8/578 [00:01<02:44,  3.47it/s]
Extract:   2%|1         | 9/578 [00:02<02:47,  3.40it/s]
Extract:   2%|1         | 10/578 [00:02<02:41,  3.51it/s]
Extract:   2%|1         | 11/578 [00:02<02:38,  3.57it/s]
Extract:   2%|2         | 12/578 [00:03<04:04,  2.31it/s]
Extract:   2%|2         | 13/578 [00:03<03:34,  2.64it/s]
Extract:   2%|2         | 14/578 [00:04<04:36,  2.04it/s]
Extract:   3%|2         | 15/578 [00:04<04:42,  1.99it/s]
Extract:   3%|2         | 16/578 [00:05<03:54,  2.40it/s]
Extract:   3%|3         | 18/578 [00:05<02:22,  3.94it/s]
Extract:   3%|3         | 20/578 [00:05<01:39,  5.58it/s]
Extract:   4%|3         | 21/578 [00:06<02:31,  3.68it/s]
Extract:   4%|3         | 22/578 [00:06<02:27,  3.77it/s]
Extract:   4%|3         | 23/578 [00:06<02:44,  3.37it/s]
Extract:   4%|4         | 24/578 [00:06<02:30,  3.68it/s]
Extract:   4%|4         | 26/578 [00:07<01:47,  5.13it/s]
Extract:   5%|4         | 27/578 [00:08<03:35,  2.56it/s]
Extract:   5%|4         | 28/578 [00:08<03:01,  3.03it/s]
Extract:   5%|5         | 29/578 [00:08<02:35,  3.52it/s]
Extract:   5%|5         | 30/578 [00:08<02:33,  3.57it/s]
Extract:   5%|5         | 31/578 [00:09<02:44,  3.33it/s]
Extract:   6%|5         | 32/578 [00:09<02:17,  3.98it/s]
Extract:   6%|5         | 34/578 [00:09<01:29,  6.08it/s]
Extract:   6%|6         | 35/578 [00:09<01:22,  6.55it/s]
Extract:   6%|6         | 37/578 [00:09<01:30,  6.00it/s]
Extract:   7%|6         | 38/578 [00:10<01:36,  5.61it/s]
Extract:   7%|6         | 40/578 [00:10<01:20,  6.71it/s]
Extract:   7%|7         | 41/578 [00:10<01:19,  6.74it/s]
Extract:   7%|7         | 42/578 [00:10<02:18,  3.88it/s]
Extract:   7%|7         | 43/578 [00:11<03:10,  2.81it/s]
Extract:   8%|7         | 45/578 [00:11<02:01,  4.38it/s]
Extract:   8%|8         | 47/578 [00:12<01:50,  4.81it/s]
Extract:   8%|8         | 49/578 [00:12<01:28,  6.01it/s]
Extract:   9%|8         | 50/578 [00:12<02:04,  4.24it/s]
Extract:   9%|8         | 51/578 [00:13<02:25,  3.63it/s]
Extract:   9%|8         | 52/578 [00:13<02:41,  3.26it/s]
Extract:   9%|9         | 54/578 [00:14<02:51,  3.05it/s]
Extract:  10%|9         | 55/578 [00:14<02:50,  3.08it/s]
Extract:  10%|9         | 56/578 [00:14<02:27,  3.55it/s]
Extract:  10%|#         | 58/578 [00:15<02:07,  4.09it/s]
Extract:  10%|#         | 59/578 [00:15<02:10,  3.98it/s]
Extract:  10%|#         | 60/578 [00:15<02:39,  3.25it/s]
Extract:  11%|#         | 61/578 [00:16<03:04,  2.80it/s]
Extract:  11%|#         | 62/578 [00:16<02:31,  3.42it/s]
Extract:  11%|#1        | 64/578 [00:16<02:10,  3.93it/s]
Extract:  11%|#1        | 65/578 [00:17<02:48,  3.04it/s]
Extract:  11%|#1        | 66/578 [00:17<02:21,  3.63it/s]
Extract:  12%|#1        | 67/578 [00:18<03:18,  2.57it/s]
Extract:  12%|#1        | 69/578 [00:18<02:33,  3.32it/s]
Extract:  12%|#2        | 71/578 [00:18<01:59,  4.23it/s]
Extract:  12%|#2        | 72/578 [00:19<01:50,  4.57it/s]
Extract:  13%|#2        | 73/578 [00:19<02:29,  3.38it/s]
Extract:  13%|#2        | 75/578 [00:19<01:47,  4.66it/s]
Extract:  13%|#3        | 76/578 [00:20<01:50,  4.55it/s]
Extract:  13%|#3        | 77/578 [00:20<02:43,  3.06it/s]
Extract:  14%|#3        | 79/578 [00:20<01:48,  4.61it/s]
Extract:  14%|#3        | 80/578 [00:20<01:39,  5.01it/s]
Extract:  14%|#4        | 81/578 [00:21<01:29,  5.55it/s]
Extract:  14%|#4        | 82/578 [00:21<01:21,  6.10it/s]
Extract:  14%|#4        | 83/578 [00:21<01:22,  5.98it/s]
Extract:  15%|#4        | 84/578 [00:21<02:15,  3.64it/s]
Extract:  15%|#4        | 85/578 [00:22<01:51,  4.42it/s]
Extract:  15%|#4        | 86/578 [00:22<01:40,  4.91it/s]
Extract:  15%|#5        | 88/578 [00:22<01:08,  7.11it/s]
Extract:  15%|#5        | 89/578 [00:22<02:08,  3.81it/s]
Extract:  16%|#5        | 90/578 [00:23<02:01,  4.01it/s]
Extract:  16%|#5        | 91/578 [00:23<03:00,  2.70it/s]
Extract:  16%|#5        | 92/578 [00:24<03:34,  2.27it/s]
Extract:  16%|#6        | 93/578 [00:24<02:48,  2.88it/s]
Extract:  16%|#6        | 94/578 [00:24<02:45,  2.93it/s]
Extract:  17%|#6        | 96/578 [00:25<02:34,  3.11it/s]
Extract:  17%|#6        | 97/578 [00:25<02:14,  3.59it/s]
Extract:  17%|#6        | 98/578 [00:25<02:16,  3.52it/s]
Extract:  17%|#7        | 99/578 [00:26<01:56,  4.11it/s]
Extract:  17%|#7        | 100/578 [00:26<02:16,  3.51it/s]
Extract:  17%|#7        | 101/578 [00:26<01:58,  4.01it/s]
Extract:  18%|#7        | 104/578 [00:26<01:06,  7.13it/s]
Extract:  18%|#8        | 105/578 [00:27<01:24,  5.58it/s]
Extract:  18%|#8        | 106/578 [00:27<01:19,  5.92it/s]
Extract:  19%|#8        | 107/578 [00:27<02:17,  3.43it/s]
Extract:  19%|#8        | 108/578 [00:28<02:20,  3.34it/s]
Extract:  19%|#9        | 110/578 [00:28<02:01,  3.86it/s]
Extract:  19%|#9        | 111/578 [00:28<01:55,  4.03it/s]
Extract:  20%|#9        | 113/578 [00:29<01:22,  5.62it/s]
Extract:  20%|#9        | 114/578 [00:29<01:17,  6.01it/s]
Extract:  20%|#9        | 115/578 [00:29<01:12,  6.37it/s]
Extract:  20%|##        | 116/578 [00:29<01:26,  5.35it/s]
Extract:  20%|##        | 117/578 [00:30<02:19,  3.30it/s]
Extract:  21%|##        | 120/578 [00:31<02:30,  3.04it/s]
Extract:  21%|##        | 121/578 [00:31<03:04,  2.48it/s]
Extract:  21%|##1       | 123/578 [00:32<02:13,  3.41it/s]
Extract:  21%|##1       | 124/578 [00:32<01:55,  3.94it/s]
Extract:  22%|##1       | 125/578 [00:32<02:17,  3.29it/s]
Extract:  22%|##1       | 126/578 [00:33<02:17,  3.28it/s]
Extract:  22%|##2       | 128/578 [00:33<01:59,  3.76it/s]
Extract:  22%|##2       | 130/578 [00:34<02:04,  3.59it/s]
Extract:  23%|##2       | 131/578 [00:34<02:33,  2.92it/s]
Extract:  23%|##2       | 132/578 [00:34<02:16,  3.27it/s]
Extract:  23%|##3       | 133/578 [00:35<02:15,  3.29it/s]
Extract:  23%|##3       | 134/578 [00:35<01:57,  3.78it/s]
Extract:  23%|##3       | 135/578 [00:35<01:44,  4.22it/s]
Extract:  24%|##3       | 136/578 [00:35<01:38,  4.50it/s]
Extract:  24%|##3       | 137/578 [00:36<02:19,  3.16it/s]
Extract:  24%|##3       | 138/578 [00:36<03:14,  2.26it/s]
Extract:  24%|##4       | 139/578 [00:37<03:01,  2.42it/s]
Extract:  24%|##4       | 141/578 [00:37<01:49,  4.00it/s]
Extract:  25%|##4       | 144/578 [00:37<01:03,  6.85it/s]
Extract:  25%|##5       | 146/578 [00:38<01:27,  4.94it/s]
Extract:  26%|##5       | 148/578 [00:38<01:19,  5.41it/s]
Extract:  26%|##5       | 149/578 [00:38<01:49,  3.93it/s]
Extract:  26%|##5       | 150/578 [00:39<01:40,  4.25it/s]
Extract:  26%|##6       | 152/578 [00:39<01:11,  5.94it/s]
Extract:  27%|##6       | 154/578 [00:40<01:51,  3.80it/s]
Extract:  27%|##6       | 155/578 [00:40<02:14,  3.14it/s]
Extract:  27%|##7       | 157/578 [00:40<01:37,  4.32it/s]
Extract:  27%|##7       | 158/578 [00:40<01:26,  4.83it/s]
Extract:  28%|##7       | 160/578 [00:41<01:25,  4.89it/s]
Extract:  28%|##8       | 162/578 [00:41<01:04,  6.45it/s]
Extract:  28%|##8       | 163/578 [00:42<01:41,  4.08it/s]
Extract:  28%|##8       | 164/578 [00:42<01:28,  4.67it/s]
Extract:  29%|##8       | 165/578 [00:42<01:23,  4.94it/s]
Extract:  29%|##8       | 166/578 [00:42<01:19,  5.17it/s]
Extract:  29%|##8       | 167/578 [00:43<02:06,  3.24it/s]
Extract:  29%|##9       | 168/578 [00:43<01:48,  3.76it/s]
Extract:  29%|##9       | 169/578 [00:43<01:34,  4.32it/s]
Extract:  29%|##9       | 170/578 [00:43<01:29,  4.55it/s]
Extract:  30%|##9       | 172/578 [00:43<01:21,  5.00it/s]
Extract:  30%|##9       | 173/578 [00:44<01:59,  3.40it/s]
Extract:  30%|###       | 174/578 [00:44<01:47,  3.75it/s]
Extract:  30%|###       | 175/578 [00:44<01:33,  4.30it/s]
Extract:  30%|###       | 176/578 [00:45<01:20,  5.02it/s]
Extract:  31%|###       | 177/578 [00:45<02:00,  3.33it/s]
Extract:  31%|###       | 178/578 [00:45<01:43,  3.85it/s]
Extract:  31%|###       | 179/578 [00:46<01:45,  3.77it/s]
Extract:  31%|###1      | 180/578 [00:46<02:17,  2.90it/s]
Extract:  31%|###1      | 181/578 [00:47<02:42,  2.44it/s]
Extract:  31%|###1      | 182/578 [00:47<02:28,  2.67it/s]
Extract:  32%|###1      | 183/578 [00:47<01:55,  3.41it/s]
Extract:  32%|###1      | 184/578 [00:47<02:00,  3.26it/s]
Extract:  32%|###2      | 185/578 [00:48<02:31,  2.60it/s]
Extract:  32%|###2      | 186/578 [00:48<02:07,  3.09it/s]
Extract:  33%|###2      | 188/578 [00:48<01:29,  4.35it/s]
Extract:  33%|###2      | 189/578 [00:49<02:38,  2.46it/s]
Extract:  33%|###2      | 190/578 [00:49<02:18,  2.81it/s]
Extract:  33%|###3      | 191/578 [00:50<03:03,  2.10it/s]
Extract:  33%|###3      | 192/578 [00:50<02:28,  2.60it/s]
Extract:  33%|###3      | 193/578 [00:51<02:00,  3.18it/s]
Extract:  34%|###3      | 194/578 [00:51<01:43,  3.72it/s]
Extract:  34%|###3      | 195/578 [00:51<01:25,  4.46it/s]
Extract:  34%|###4      | 197/578 [00:52<02:07,  2.98it/s]
Extract:  34%|###4      | 198/578 [00:52<02:00,  3.15it/s]
Extract:  35%|###4      | 201/578 [00:53<01:52,  3.35it/s]
Extract:  35%|###4      | 202/578 [00:53<02:01,  3.08it/s]
Extract:  35%|###5      | 203/578 [00:54<02:36,  2.40it/s]
Extract:  35%|###5      | 205/578 [00:54<01:46,  3.52it/s]
Extract:  36%|###5      | 206/578 [00:54<01:36,  3.85it/s]
Extract:  36%|###5      | 207/578 [00:55<01:48,  3.43it/s]
Extract:  36%|###6      | 209/578 [00:55<01:21,  4.53it/s]
Extract:  36%|###6      | 210/578 [00:55<01:22,  4.47it/s]
Extract:  37%|###6      | 212/578 [00:56<01:52,  3.25it/s]
Extract:  37%|###6      | 213/578 [00:56<01:48,  3.36it/s]
Extract:  37%|###7      | 215/578 [00:57<02:09,  2.80it/s]
Extract:  37%|###7      | 216/578 [00:58<01:58,  3.06it/s]
Extract:  38%|###7      | 217/578 [00:58<02:06,  2.86it/s]
Extract:  38%|###7      | 219/578 [00:58<01:26,  4.15it/s]
Extract:  38%|###8      | 220/578 [00:58<01:27,  4.11it/s]
Extract:  38%|###8      | 221/578 [00:58<01:20,  4.46it/s]
Extract:  39%|###8      | 223/578 [00:59<01:00,  5.90it/s]
Extract:  39%|###8      | 224/578 [00:59<00:55,  6.38it/s]
Extract:  39%|###8      | 225/578 [01:00<01:49,  3.24it/s]
Extract:  39%|###9      | 226/578 [01:00<01:48,  3.26it/s]
Extract:  39%|###9      | 227/578 [01:00<01:34,  3.71it/s]
Extract:  40%|###9      | 229/578 [01:00<01:16,  4.55it/s]
Extract:  40%|###9      | 230/578 [01:01<01:36,  3.62it/s]
Extract:  40%|###9      | 231/578 [01:01<01:51,  3.12it/s]
Extract:  40%|####      | 232/578 [01:02<01:51,  3.11it/s]
Extract:  40%|####      | 233/578 [01:02<01:34,  3.64it/s]
Extract:  40%|####      | 234/578 [01:02<01:25,  4.00it/s]
Extract:  41%|####      | 235/578 [01:02<01:15,  4.55it/s]
Extract:  41%|####      | 236/578 [01:03<01:47,  3.18it/s]
Extract:  41%|####1     | 237/578 [01:03<02:01,  2.82it/s]
Extract:  41%|####1     | 239/578 [01:03<01:17,  4.36it/s]
Extract:  42%|####1     | 240/578 [01:03<01:14,  4.52it/s]
Extract:  42%|####1     | 242/578 [01:04<00:54,  6.21it/s]
Extract:  42%|####2     | 244/578 [01:04<01:08,  4.85it/s]
Extract:  42%|####2     | 245/578 [01:04<01:03,  5.27it/s]
Extract:  43%|####2     | 247/578 [01:05<01:16,  4.35it/s]
Extract:  43%|####2     | 248/578 [01:05<01:23,  3.95it/s]
Extract:  43%|####3     | 249/578 [01:05<01:16,  4.31it/s]
Extract:  43%|####3     | 250/578 [01:06<01:10,  4.67it/s]
Extract:  43%|####3     | 251/578 [01:06<01:13,  4.48it/s]
Extract:  44%|####3     | 253/578 [01:06<00:57,  5.69it/s]
Extract:  44%|####4     | 255/578 [01:06<01:00,  5.31it/s]
Extract:  44%|####4     | 256/578 [01:07<01:26,  3.73it/s]
Extract:  44%|####4     | 257/578 [01:07<01:13,  4.36it/s]
Extract:  45%|####4     | 259/578 [01:07<00:57,  5.58it/s]
Extract:  45%|####5     | 261/578 [01:07<00:47,  6.66it/s]
Extract:  45%|####5     | 262/578 [01:08<01:13,  4.32it/s]
Extract:  46%|####5     | 263/578 [01:09<01:43,  3.04it/s]
Extract:  46%|####5     | 264/578 [01:09<01:26,  3.65it/s]
Extract:  46%|####5     | 265/578 [01:09<01:29,  3.49it/s]
Extract:  46%|####6     | 266/578 [01:09<01:30,  3.45it/s]
Extract:  46%|####6     | 267/578 [01:10<01:43,  3.01it/s]
Extract:  46%|####6     | 268/578 [01:10<01:25,  3.64it/s]
Extract:  47%|####6     | 269/578 [01:11<01:47,  2.87it/s]
Extract:  47%|####7     | 272/578 [01:11<00:54,  5.64it/s]
Extract:  47%|####7     | 274/578 [01:12<01:49,  2.78it/s]
Extract:  48%|####7     | 275/578 [01:13<01:56,  2.60it/s]
Extract:  48%|####7     | 276/578 [01:13<01:50,  2.73it/s]
Extract:  48%|####7     | 277/578 [01:13<01:40,  2.98it/s]
Extract:  48%|####8     | 280/578 [01:14<01:17,  3.85it/s]
Extract:  49%|####8     | 282/578 [01:14<01:00,  4.91it/s]
Extract:  49%|####8     | 283/578 [01:14<01:05,  4.53it/s]
Extract:  49%|####9     | 284/578 [01:14<00:58,  4.99it/s]
Extract:  49%|####9     | 285/578 [01:15<01:04,  4.56it/s]
Extract:  49%|####9     | 286/578 [01:15<01:05,  4.43it/s]
Extract:  50%|####9     | 287/578 [01:15<00:59,  4.91it/s]
Extract:  50%|####9     | 288/578 [01:15<00:53,  5.40it/s]
Extract:  50%|#####     | 289/578 [01:15<00:57,  5.06it/s]
Extract:  50%|#####     | 290/578 [01:16<02:11,  2.20it/s]
Extract:  50%|#####     | 291/578 [01:17<01:54,  2.52it/s]
Extract:  51%|#####     | 293/578 [01:17<01:11,  3.98it/s]
Extract:  51%|#####     | 294/578 [01:17<01:05,  4.33it/s]
Extract:  51%|#####1    | 295/578 [01:18<01:46,  2.67it/s]
Extract:  51%|#####1    | 296/578 [01:18<01:35,  2.96it/s]
Extract:  51%|#####1    | 297/578 [01:19<02:03,  2.28it/s]
Extract:  52%|#####1    | 299/578 [01:19<01:20,  3.48it/s]
Extract:  52%|#####1    | 300/578 [01:19<01:11,  3.86it/s]
Extract:  52%|#####2    | 301/578 [01:19<01:22,  3.34it/s]
Extract:  52%|#####2    | 302/578 [01:20<01:18,  3.53it/s]
Extract:  53%|#####2    | 304/578 [01:21<02:00,  2.27it/s]
Extract:  53%|#####2    | 305/578 [01:21<01:47,  2.53it/s]
Extract:  53%|#####3    | 307/578 [01:22<01:37,  2.77it/s]
Extract:  53%|#####3    | 308/578 [01:22<01:39,  2.73it/s]
Extract:  53%|#####3    | 309/578 [01:23<02:00,  2.24it/s]
Extract:  54%|#####3    | 310/578 [01:23<01:47,  2.50it/s]
Extract:  54%|#####3    | 311/578 [01:24<02:21,  1.88it/s]
Extract:  54%|#####3    | 312/578 [01:25<02:32,  1.74it/s]
Extract:  54%|#####4    | 313/578 [01:25<02:01,  2.18it/s]
Extract:  54%|#####4    | 314/578 [01:25<01:57,  2.24it/s]
Extract:  55%|#####4    | 316/578 [01:26<01:29,  2.94it/s]
Extract:  55%|#####5    | 318/578 [01:26<01:24,  3.07it/s]
Extract:  55%|#####5    | 319/578 [01:27<01:20,  3.21it/s]
Extract:  55%|#####5    | 320/578 [01:27<01:37,  2.65it/s]
Extract:  56%|#####5    | 321/578 [01:27<01:20,  3.21it/s]
Extract:  56%|#####5    | 322/578 [01:28<01:26,  2.94it/s]
Extract:  56%|#####5    | 323/578 [01:28<01:14,  3.43it/s]
Extract:  56%|#####6    | 325/578 [01:28<00:49,  5.13it/s]
Extract:  56%|#####6    | 326/578 [01:28<00:52,  4.80it/s]
Extract:  57%|#####6    | 328/578 [01:29<00:47,  5.30it/s]
Extract:  57%|#####7    | 330/578 [01:29<00:39,  6.21it/s]
Extract:  57%|#####7    | 331/578 [01:29<00:43,  5.66it/s]
Extract:  57%|#####7    | 332/578 [01:29<00:53,  4.61it/s]
Extract:  58%|#####7    | 334/578 [01:30<00:39,  6.18it/s]
Extract:  58%|#####7    | 335/578 [01:30<00:40,  6.04it/s]
Extract:  58%|#####8    | 337/578 [01:30<00:33,  7.26it/s]
Extract:  59%|#####8    | 339/578 [01:30<00:32,  7.38it/s]
Extract:  59%|#####8    | 340/578 [01:31<00:44,  5.39it/s]
Extract:  59%|#####8    | 341/578 [01:31<00:41,  5.74it/s]
Extract:  59%|#####9    | 342/578 [01:31<00:47,  4.92it/s]
Extract:  60%|#####9    | 344/578 [01:32<01:01,  3.81it/s]
Extract:  60%|#####9    | 345/578 [01:32<00:54,  4.24it/s]
Extract:  60%|#####9    | 346/578 [01:32<00:47,  4.86it/s]
Extract:  60%|######    | 347/578 [01:32<00:49,  4.71it/s]
Extract:  60%|######    | 348/578 [01:32<00:43,  5.23it/s]
Extract:  60%|######    | 349/578 [01:33<01:13,  3.10it/s]
Extract:  61%|######    | 350/578 [01:33<01:06,  3.41it/s]
Extract:  61%|######    | 351/578 [01:34<01:48,  2.09it/s]
Extract:  61%|######    | 352/578 [01:34<01:24,  2.67it/s]
Extract:  61%|######1   | 353/578 [01:35<01:31,  2.46it/s]
Extract:  61%|######1   | 355/578 [01:35<01:00,  3.70it/s]
Extract:  62%|######1   | 356/578 [01:36<01:19,  2.78it/s]
Extract:  62%|######1   | 357/578 [01:36<01:15,  2.92it/s]
Extract:  62%|######2   | 359/578 [01:36<00:58,  3.77it/s]
Extract:  62%|######2   | 360/578 [01:36<00:56,  3.87it/s]
Extract:  62%|######2   | 361/578 [01:37<00:48,  4.48it/s]
Extract:  63%|######2   | 362/578 [01:37<01:06,  3.26it/s]
Extract:  63%|######2   | 363/578 [01:37<00:56,  3.81it/s]
Extract:  63%|######2   | 364/578 [01:37<00:47,  4.48it/s]
Extract:  63%|######3   | 365/578 [01:38<00:49,  4.26it/s]
Extract:  63%|######3   | 366/578 [01:38<00:49,  4.24it/s]
Extract:  63%|######3   | 367/578 [01:39<01:13,  2.89it/s]
Extract:  64%|######3   | 368/578 [01:39<01:08,  3.08it/s]
Extract:  64%|######3   | 369/578 [01:40<01:42,  2.03it/s]
Extract:  64%|######4   | 371/578 [01:40<01:01,  3.35it/s]
Extract:  65%|######4   | 373/578 [01:40<00:55,  3.69it/s]
Extract:  65%|######4   | 374/578 [01:40<00:52,  3.90it/s]
Extract:  65%|######5   | 376/578 [01:41<00:46,  4.38it/s]
Extract:  65%|######5   | 377/578 [01:41<00:49,  4.03it/s]
Extract:  65%|######5   | 378/578 [01:41<00:45,  4.41it/s]
Extract:  66%|######5   | 379/578 [01:41<00:39,  4.98it/s]
Extract:  66%|######5   | 380/578 [01:42<00:45,  4.37it/s]
Extract:  66%|######5   | 381/578 [01:42<00:40,  4.89it/s]
Extract:  66%|######6   | 382/578 [01:42<00:57,  3.42it/s]
Extract:  66%|######6   | 383/578 [01:43<00:51,  3.77it/s]
Extract:  66%|######6   | 384/578 [01:43<00:55,  3.48it/s]
Extract:  67%|######6   | 386/578 [01:43<00:40,  4.69it/s]
Extract:  67%|######6   | 387/578 [01:44<00:44,  4.28it/s]
Extract:  67%|######7   | 389/578 [01:44<00:30,  6.20it/s]
Extract:  67%|######7   | 390/578 [01:44<00:28,  6.54it/s]
Extract:  68%|######7   | 391/578 [01:44<00:31,  5.98it/s]
Extract:  68%|######7   | 392/578 [01:44<00:34,  5.38it/s]
Extract:  68%|######7   | 393/578 [01:45<00:40,  4.53it/s]
Extract:  68%|######8   | 394/578 [01:45<00:38,  4.76it/s]
Extract:  68%|######8   | 395/578 [01:45<00:46,  3.93it/s]
Extract:  69%|######8   | 397/578 [01:45<00:42,  4.23it/s]
Extract:  69%|######8   | 398/578 [01:46<00:39,  4.55it/s]
Extract:  69%|######9   | 399/578 [01:46<00:39,  4.57it/s]
Extract:  69%|######9   | 400/578 [01:46<00:33,  5.24it/s]
Extract:  70%|######9   | 402/578 [01:46<00:27,  6.50it/s]
Extract:  70%|######9   | 403/578 [01:47<00:34,  5.07it/s]
Extract:  70%|######9   | 404/578 [01:47<00:31,  5.59it/s]
Extract:  70%|#######   | 405/578 [01:47<00:29,  5.84it/s]
Extract:  70%|#######   | 406/578 [01:47<00:35,  4.81it/s]
Extract:  70%|#######   | 407/578 [01:47<00:41,  4.11it/s]
Extract:  71%|#######   | 408/578 [01:48<01:02,  2.72it/s]
Extract:  71%|#######   | 409/578 [01:48<00:49,  3.39it/s]
Extract:  71%|#######   | 410/578 [01:49<00:55,  3.05it/s]
Extract:  71%|#######1  | 412/578 [01:49<00:41,  3.96it/s]
Extract:  71%|#######1  | 413/578 [01:50<00:53,  3.09it/s]
Extract:  72%|#######1  | 414/578 [01:50<00:43,  3.74it/s]
Extract:  72%|#######1  | 415/578 [01:50<00:37,  4.33it/s]
Extract:  72%|#######1  | 416/578 [01:50<00:38,  4.21it/s]
Extract:  72%|#######2  | 418/578 [01:50<00:32,  4.97it/s]
Extract:  72%|#######2  | 419/578 [01:51<00:36,  4.38it/s]
Extract:  73%|#######2  | 421/578 [01:52<00:53,  2.94it/s]
Extract:  73%|#######3  | 424/578 [01:52<00:38,  4.03it/s]
Extract:  74%|#######3  | 425/578 [01:52<00:42,  3.59it/s]
Extract:  74%|#######3  | 426/578 [01:53<00:39,  3.85it/s]
Extract:  74%|#######3  | 427/578 [01:53<00:49,  3.04it/s]
Extract:  74%|#######4  | 428/578 [01:54<00:58,  2.55it/s]
Extract:  74%|#######4  | 429/578 [01:55<01:10,  2.12it/s]
Extract:  75%|#######4  | 431/578 [01:55<00:49,  2.96it/s]
Extract:  75%|#######4  | 432/578 [01:55<00:49,  2.93it/s]
Extract:  75%|#######4  | 433/578 [01:55<00:42,  3.41it/s]
Extract:  75%|#######5  | 434/578 [01:56<01:03,  2.27it/s]
Extract:  75%|#######5  | 435/578 [01:56<00:53,  2.68it/s]
Extract:  76%|#######5  | 437/578 [01:57<00:38,  3.67it/s]
Extract:  76%|#######5  | 438/578 [01:57<00:35,  4.00it/s]
Extract:  76%|#######5  | 439/578 [01:57<00:37,  3.73it/s]
Extract:  76%|#######6  | 441/578 [01:58<00:38,  3.60it/s]
Extract:  76%|#######6  | 442/578 [01:58<00:34,  3.96it/s]
Extract:  77%|#######6  | 443/578 [01:58<00:30,  4.42it/s]
Extract:  77%|#######6  | 444/578 [01:58<00:27,  4.95it/s]
Extract:  77%|#######6  | 445/578 [01:59<00:44,  3.00it/s]
Extract:  77%|#######7  | 447/578 [01:59<00:28,  4.55it/s]
Extract:  78%|#######7  | 449/578 [01:59<00:21,  5.91it/s]
Extract:  78%|#######7  | 450/578 [02:00<00:34,  3.75it/s]
Extract:  78%|#######8  | 451/578 [02:01<00:52,  2.43it/s]
Extract:  78%|#######8  | 452/578 [02:01<00:44,  2.86it/s]
Extract:  79%|#######8  | 454/578 [02:01<00:32,  3.85it/s]
Extract:  79%|#######8  | 455/578 [02:01<00:28,  4.38it/s]
Extract:  79%|#######8  | 456/578 [02:01<00:24,  4.99it/s]
Extract:  79%|#######9  | 458/578 [02:02<00:25,  4.66it/s]
Extract:  79%|#######9  | 459/578 [02:02<00:23,  5.16it/s]
Extract:  80%|#######9  | 461/578 [02:02<00:19,  6.02it/s]
Extract:  80%|#######9  | 462/578 [02:02<00:18,  6.42it/s]
Extract:  80%|########  | 463/578 [02:03<00:23,  4.96it/s]
Extract:  80%|########  | 465/578 [02:03<00:17,  6.39it/s]
Extract:  81%|########  | 466/578 [02:03<00:21,  5.16it/s]
Extract:  81%|########  | 467/578 [02:04<00:27,  3.97it/s]
Extract:  81%|########  | 468/578 [02:04<00:39,  2.81it/s]
Extract:  81%|########1 | 469/578 [02:04<00:33,  3.30it/s]
Extract:  81%|########1 | 470/578 [02:05<00:32,  3.34it/s]
Extract:  81%|########1 | 471/578 [02:05<00:35,  3.03it/s]
Extract:  82%|########1 | 472/578 [02:06<00:43,  2.46it/s]
Extract:  82%|########1 | 473/578 [02:06<00:36,  2.90it/s]
Extract:  82%|########2 | 474/578 [02:06<00:34,  2.99it/s]
Extract:  82%|########2 | 475/578 [02:06<00:28,  3.59it/s]
Extract:  82%|########2 | 476/578 [02:07<00:36,  2.79it/s]
Extract:  83%|########2 | 477/578 [02:07<00:30,  3.30it/s]
Extract:  83%|########2 | 479/578 [02:07<00:23,  4.19it/s]
Extract:  83%|########3 | 480/578 [02:08<00:21,  4.60it/s]
Extract:  83%|########3 | 481/578 [02:08<00:22,  4.32it/s]
Extract:  83%|########3 | 482/578 [02:08<00:19,  5.02it/s]
Extract:  84%|########3 | 483/578 [02:08<00:16,  5.77it/s]
Extract:  84%|########3 | 484/578 [02:08<00:14,  6.54it/s]
Extract:  84%|########4 | 486/578 [02:08<00:11,  8.04it/s]
Extract:  84%|########4 | 487/578 [02:09<00:15,  6.03it/s]
Extract:  84%|########4 | 488/578 [02:09<00:13,  6.66it/s]
Extract:  85%|########4 | 489/578 [02:10<00:29,  3.04it/s]
Extract:  85%|########4 | 490/578 [02:10<00:25,  3.42it/s]
Extract:  85%|########4 | 491/578 [02:10<00:26,  3.33it/s]
Extract:  85%|########5 | 492/578 [02:11<00:32,  2.64it/s]
Extract:  85%|########5 | 493/578 [02:11<00:29,  2.90it/s]
Extract:  85%|########5 | 494/578 [02:11<00:25,  3.32it/s]
Extract:  86%|########5 | 496/578 [02:11<00:15,  5.25it/s]
Extract:  86%|########6 | 498/578 [02:12<00:17,  4.46it/s]
Extract:  87%|########6 | 501/578 [02:12<00:11,  6.54it/s]
Extract:  87%|########7 | 503/578 [02:12<00:09,  8.21it/s]
Extract:  87%|########7 | 505/578 [02:13<00:17,  4.13it/s]
Extract:  88%|########7 | 507/578 [02:13<00:14,  4.96it/s]
Extract:  88%|########7 | 508/578 [02:14<00:16,  4.37it/s]
Extract:  88%|########8 | 510/578 [02:14<00:14,  4.80it/s]
Extract:  88%|########8 | 511/578 [02:14<00:12,  5.27it/s]
Extract:  89%|########8 | 512/578 [02:14<00:13,  5.06it/s]
Extract:  89%|########8 | 514/578 [02:15<00:09,  6.95it/s]
Extract:  89%|########9 | 515/578 [02:15<00:10,  5.98it/s]
Extract:  89%|########9 | 516/578 [02:15<00:17,  3.49it/s]
Extract:  89%|########9 | 517/578 [02:16<00:16,  3.63it/s]
Extract:  90%|########9 | 519/578 [02:16<00:13,  4.47it/s]
Extract:  90%|########9 | 520/578 [02:16<00:12,  4.76it/s]
Extract:  90%|######### | 522/578 [02:16<00:09,  5.62it/s]
Extract:  90%|######### | 523/578 [02:17<00:10,  5.42it/s]
Extract:  91%|######### | 524/578 [02:17<00:10,  5.33it/s]
Extract:  91%|#########1| 526/578 [02:18<00:13,  3.93it/s]
Extract:  91%|#########1| 528/578 [02:18<00:09,  5.27it/s]
Extract:  92%|#########1| 529/578 [02:18<00:11,  4.26it/s]
Extract:  92%|#########1| 530/578 [02:18<00:12,  3.90it/s]
Extract:  92%|#########1| 531/578 [02:19<00:12,  3.66it/s]
Extract:  92%|#########2| 532/578 [02:19<00:16,  2.83it/s]
Extract:  92%|#########2| 533/578 [02:20<00:16,  2.68it/s]
Extract:  92%|#########2| 534/578 [02:21<00:22,  1.92it/s]
Extract:  93%|#########2| 535/578 [02:21<00:22,  1.87it/s]
Extract:  93%|#########2| 536/578 [02:21<00:17,  2.43it/s]
Extract:  93%|#########2| 537/578 [02:22<00:17,  2.39it/s]
Extract:  93%|#########3| 538/578 [02:22<00:16,  2.36it/s]
Extract:  93%|#########3| 540/578 [02:23<00:15,  2.45it/s]
Extract:  94%|#########3| 541/578 [02:23<00:13,  2.76it/s]
Extract:  94%|#########3| 543/578 [02:23<00:09,  3.73it/s]
Extract:  94%|#########4| 545/578 [02:24<00:06,  5.32it/s]
Extract:  94%|#########4| 546/578 [02:24<00:08,  3.68it/s]
Extract:  95%|#########4| 547/578 [02:25<00:10,  2.91it/s]
Extract:  95%|#########4| 548/578 [02:25<00:08,  3.47it/s]
Extract:  95%|#########5| 550/578 [02:25<00:05,  5.01it/s]
Extract:  95%|#########5| 551/578 [02:25<00:04,  5.62it/s]
Extract:  96%|#########5| 553/578 [02:26<00:08,  2.92it/s]
Extract:  96%|#########5| 554/578 [02:27<00:11,  2.12it/s]
Extract:  96%|#########6| 555/578 [02:28<00:14,  1.64it/s]
Extract:  96%|#########6| 556/578 [02:29<00:12,  1.83it/s]
Extract:  96%|#########6| 557/578 [02:29<00:10,  1.98it/s]
Extract:  97%|#########6| 559/578 [02:29<00:06,  3.11it/s]
Extract:  97%|#########6| 560/578 [02:30<00:07,  2.51it/s]
Extract:  97%|#########7| 561/578 [02:30<00:06,  2.53it/s]
Extract:  98%|#########7| 564/578 [02:31<00:04,  3.05it/s]
Extract:  98%|#########7| 565/578 [02:32<00:04,  2.62it/s]
Extract:  98%|#########7| 566/578 [02:32<00:03,  3.03it/s]
Extract:  98%|#########8| 567/578 [02:32<00:03,  3.18it/s]
Extract:  98%|#########8| 568/578 [02:33<00:04,  2.45it/s]
Extract:  99%|#########8| 570/578 [02:33<00:02,  2.94it/s]
Extract:  99%|#########8| 572/578 [02:33<00:01,  3.77it/s]
Extract:  99%|#########9| 573/578 [02:34<00:01,  4.34it/s]
Extract:  99%|#########9| 574/578 [02:34<00:00,  4.80it/s]
Extract:  99%|#########9| 575/578 [02:34<00:00,  4.67it/s]
Extract: 100%|#########9| 576/578 [02:35<00:00,  3.27it/s]
Extract: 100%|##########| 578/578 [02:35<00:00,  3.73it/s]

Extract:   0%|          | 0/578 [00:00<?, ?it/s]
Extract:   0%|          | 1/578 [00:00<01:01,  9.45it/s]
Extract:   0%|          | 2/578 [00:00<01:19,  7.25it/s]
Extract:   1%|          | 3/578 [00:00<02:00,  4.78it/s]
Extract:   1%|          | 4/578 [00:00<02:37,  3.64it/s]
Extract:   1%|          | 5/578 [00:01<02:27,  3.88it/s]
Extract:   1%|1         | 6/578 [00:01<02:11,  4.34it/s]
Extract:   1%|1         | 7/578 [00:01<02:42,  3.51it/s]
Extract:   1%|1         | 8/578 [00:02<03:35,  2.64it/s]
Extract:   2%|1         | 9/578 [00:02<03:35,  2.64it/s]
Extract:   2%|1         | 10/578 [00:03<03:31,  2.69it/s]
Extract:   2%|1         | 11/578 [00:03<03:56,  2.40it/s]
Extract:   2%|2         | 12/578 [00:04<04:43,  2.00it/s]
Extract:   2%|2         | 13/578 [00:04<03:58,  2.37it/s]
Extract:   2%|2         | 14/578 [00:05<04:57,  1.90it/s]
Extract:   3%|2         | 15/578 [00:05<05:17,  1.78it/s]
Extract:   3%|2         | 16/578 [00:06<04:18,  2.17it/s]
Extract:   3%|3         | 18/578 [00:06<02:34,  3.63it/s]
Extract:   3%|3         | 20/578 [00:06<01:49,  5.11it/s]
Extract:   4%|3         | 21/578 [00:07<03:00,  3.08it/s]
Extract:   4%|3         | 22/578 [00:07<02:57,  3.13it/s]
Extract:   4%|3         | 23/578 [00:08<03:28,  2.66it/s]
Extract:   4%|4         | 24/578 [00:08<02:59,  3.08it/s]
Extract:   4%|4         | 26/578 [00:08<02:06,  4.35it/s]
Extract:   5%|4         | 27/578 [00:09<03:32,  2.60it/s]
Extract:   5%|4         | 28/578 [00:09<02:56,  3.11it/s]
Extract:   5%|5         | 29/578 [00:09<02:37,  3.48it/s]
Extract:   5%|5         | 30/578 [00:09<02:36,  3.51it/s]
Extract:   5%|5         | 31/578 [00:10<03:20,  2.73it/s]
Extract:   6%|5         | 32/578 [00:10<02:47,  3.26it/s]
Extract:   6%|5         | 34/578 [00:10<01:49,  4.97it/s]
Extract:   6%|6         | 35/578 [00:10<01:45,  5.16it/s]
Extract:   6%|6         | 36/578 [00:11<01:33,  5.79it/s]
Extract:   6%|6         | 37/578 [00:11<02:01,  4.44it/s]
Extract:   7%|6         | 38/578 [00:11<01:58,  4.54it/s]
Extract:   7%|6         | 40/578 [00:11<01:40,  5.34it/s]
Extract:   7%|7         | 41/578 [00:12<01:39,  5.39it/s]
Extract:   7%|7         | 42/578 [00:12<03:02,  2.93it/s]
Extract:   7%|7         | 43/578 [00:13<04:22,  2.04it/s]
Extract:   8%|7         | 45/578 [00:14<02:49,  3.14it/s]
Extract:   8%|7         | 46/578 [00:14<02:26,  3.64it/s]
Extract:   8%|8         | 47/578 [00:14<02:31,  3.50it/s]
Extract:   8%|8         | 49/578 [00:14<01:47,  4.93it/s]
Extract:   9%|8         | 50/578 [00:15<02:54,  3.02it/s]
Extract:   9%|8         | 51/578 [00:15<03:20,  2.63it/s]
Extract:   9%|8         | 52/578 [00:16<03:39,  2.40it/s]
Extract:   9%|9         | 54/578 [00:17<03:21,  2.60it/s]
Extract:  10%|9         | 55/578 [00:17<03:17,  2.64it/s]
Extract:  10%|9         | 56/578 [00:17<02:48,  3.11it/s]
Extract:  10%|#         | 58/578 [00:18<02:22,  3.64it/s]
Extract:  10%|#         | 59/578 [00:18<02:30,  3.46it/s]
Extract:  10%|#         | 60/578 [00:18<03:07,  2.77it/s]
Extract:  11%|#         | 61/578 [00:19<04:24,  1.96it/s]
Extract:  11%|#         | 62/578 [00:20<03:40,  2.34it/s]
Extract:  11%|#         | 63/578 [00:20<02:53,  2.97it/s]
Extract:  11%|#1        | 64/578 [00:21<03:58,  2.16it/s]
Extract:  11%|#1        | 65/578 [00:21<04:52,  1.76it/s]
Extract:  11%|#1        | 66/578 [00:22<03:54,  2.18it/s]
Extract:  12%|#1        | 67/578 [00:23<05:13,  1.63it/s]
Extract:  12%|#1        | 69/578 [00:23<03:55,  2.16it/s]
Extract:  12%|#2        | 70/578 [00:23<03:40,  2.30it/s]
Extract:  12%|#2        | 71/578 [00:24<04:00,  2.11it/s]
Extract:  12%|#2        | 72/578 [00:24<03:26,  2.45it/s]
Extract:  13%|#2        | 73/578 [00:25<04:44,  1.77it/s]
Extract:  13%|#2        | 74/578 [00:25<03:37,  2.31it/s]
Extract:  13%|#2        | 75/578 [00:25<02:58,  2.82it/s]
Extract:  13%|#3        | 76/578 [00:26<02:59,  2.80it/s]
Extract:  13%|#3        | 77/578 [00:27<03:56,  2.12it/s]
Extract:  14%|#3        | 79/578 [00:27<02:24,  3.46it/s]
Extract:  14%|#3        | 80/578 [00:27<02:09,  3.84it/s]
Extract:  14%|#4        | 81/578 [00:27<01:56,  4.28it/s]
Extract:  14%|#4        | 82/578 [00:27<01:49,  4.51it/s]
Extract:  14%|#4        | 83/578 [00:27<01:52,  4.39it/s]
Extract:  15%|#4        | 84/578 [00:28<03:32,  2.33it/s]
Extract:  15%|#4        | 85/578 [00:29<02:50,  2.89it/s]
Extract:  15%|#4        | 86/578 [00:29<02:25,  3.38it/s]
Extract:  15%|#5        | 88/578 [00:29<01:35,  5.15it/s]
Extract:  15%|#5        | 89/578 [00:30<02:44,  2.97it/s]
Extract:  16%|#5        | 90/578 [00:30<02:41,  3.02it/s]
Extract:  16%|#5        | 91/578 [00:31<04:11,  1.94it/s]
Extract:  16%|#5        | 92/578 [00:32<04:59,  1.62it/s]
Extract:  16%|#6        | 93/578 [00:32<03:53,  2.08it/s]
Extract:  16%|#6        | 94/578 [00:33<04:24,  1.83it/s]
Extract:  17%|#6        | 96/578 [00:34<04:10,  1.92it/s]
Extract:  17%|#6        | 97/578 [00:34<03:33,  2.26it/s]
Extract:  17%|#6        | 98/578 [00:34<03:24,  2.35it/s]
Extract:  17%|#7        | 99/578 [00:35<03:09,  2.53it/s]
Extract:  17%|#7        | 100/578 [00:35<03:52,  2.05it/s]
Extract:  17%|#7        | 101/578 [00:36<03:17,  2.41it/s]
Extract:  18%|#7        | 103/578 [00:36<02:06,  3.76it/s]
Extract:  18%|#8        | 105/578 [00:36<02:16,  3.46it/s]
Extract:  18%|#8        | 106/578 [00:37<02:05,  3.75it/s]
Extract:  19%|#8        | 107/578 [00:37<03:15,  2.41it/s]
Extract:  19%|#8        | 108/578 [00:38<03:16,  2.39it/s]
Extract:  19%|#9        | 110/578 [00:38<02:31,  3.09it/s]
Extract:  19%|#9        | 111/578 [00:39<02:24,  3.23it/s]
Extract:  20%|#9        | 113/578 [00:39<01:47,  4.34it/s]
Extract:  20%|#9        | 114/578 [00:39<01:36,  4.80it/s]
Extract:  20%|#9        | 115/578 [00:39<01:30,  5.09it/s]
Extract:  20%|##        | 116/578 [00:40<02:27,  3.12it/s]
Extract:  20%|##        | 117/578 [00:40<03:06,  2.47it/s]
Extract:  21%|##        | 120/578 [00:41<02:52,  2.66it/s]
Extract:  21%|##        | 121/578 [00:42<03:36,  2.11it/s]
Extract:  21%|##1       | 122/578 [00:42<03:00,  2.53it/s]
Extract:  21%|##1       | 123/578 [00:43<02:31,  3.00it/s]
Extract:  21%|##1       | 124/578 [00:43<02:09,  3.50it/s]
Extract:  22%|##1       | 125/578 [00:43<03:01,  2.49it/s]
Extract:  22%|##1       | 126/578 [00:44<03:05,  2.44it/s]
Extract:  22%|##1       | 127/578 [00:44<02:26,  3.07it/s]
Extract:  22%|##2       | 128/578 [00:44<02:18,  3.24it/s]
Extract:  22%|##2       | 130/578 [00:45<03:04,  2.43it/s]
Extract:  23%|##2       | 131/578 [00:46<03:38,  2.05it/s]
Extract:  23%|##2       | 132/578 [00:46<03:08,  2.36it/s]
Extract:  23%|##3       | 133/578 [00:47<03:13,  2.30it/s]
Extract:  23%|##3       | 134/578 [00:47<02:48,  2.64it/s]
Extract:  23%|##3       | 135/578 [00:47<02:31,  2.93it/s]
Extract:  24%|##3       | 136/578 [00:47<02:18,  3.20it/s]
Extract:  24%|##3       | 137/578 [00:48<03:10,  2.31it/s]
Extract:  24%|##3       | 138/578 [00:49<03:53,  1.88it/s]
Extract:  24%|##4       | 139/578 [00:49<03:41,  1.98it/s]
Extract:  24%|##4       | 141/578 [00:49<02:13,  3.27it/s]
Extract:  25%|##4       | 143/578 [00:50<01:30,  4.81it/s]
Extract:  25%|##5       | 145/578 [00:50<01:05,  6.60it/s]
Extract:  25%|##5       | 147/578 [00:51<02:36,  2.75it/s]
Extract:  26%|##5       | 148/578 [00:52<02:28,  2.90it/s]
Extract:  26%|##5       | 149/578 [00:52<03:11,  2.24it/s]
Extract:  26%|##5       | 150/578 [00:53<02:54,  2.45it/s]
Extract:  26%|##6       | 152/578 [00:53<01:58,  3.58it/s]
Extract:  26%|##6       | 153/578 [00:54<03:14,  2.18it/s]
Extract:  27%|##6       | 154/578 [00:54<02:46,  2.55it/s]
Extract:  27%|##6       | 155/578 [00:55<03:23,  2.08it/s]
Extract:  27%|##7       | 157/578 [00:55<02:18,  3.03it/s]
Extract:  27%|##7       | 158/578 [00:55<02:05,  3.33it/s]
Extract:  28%|##7       | 159/578 [00:55<01:55,  3.63it/s]
Extract:  28%|##7       | 160/578 [00:56<02:35,  2.69it/s]
Extract:  28%|##8       | 162/578 [00:56<01:44,  3.98it/s]
Extract:  28%|##8       | 163/578 [00:57<02:51,  2.43it/s]
Extract:  28%|##8       | 164/578 [00:57<02:25,  2.84it/s]
Extract:  29%|##8       | 165/578 [00:58<02:11,  3.13it/s]
Extract:  29%|##8       | 166/578 [00:58<02:00,  3.42it/s]
Extract:  29%|##8       | 167/578 [00:59<03:55,  1.74it/s]
Extract:  29%|##9       | 168/578 [00:59<03:15,  2.10it/s]
Extract:  29%|##9       | 169/578 [01:00<02:41,  2.53it/s]
Extract:  29%|##9       | 170/578 [01:00<02:24,  2.82it/s]
Extract:  30%|##9       | 171/578 [01:00<01:58,  3.42it/s]
Extract:  30%|##9       | 172/578 [01:01<02:36,  2.60it/s]
Extract:  30%|##9       | 173/578 [01:02<03:42,  1.82it/s]
Extract:  30%|###       | 174/578 [01:02<03:10,  2.12it/s]
Extract:  30%|###       | 175/578 [01:02<02:34,  2.61it/s]
Extract:  30%|###       | 176/578 [01:02<02:12,  3.03it/s]
Extract:  31%|###       | 177/578 [01:03<03:52,  1.73it/s]
Extract:  31%|###       | 178/578 [01:04<03:12,  2.08it/s]
Extract:  31%|###       | 179/578 [01:04<02:44,  2.43it/s]
Extract:  31%|###1      | 180/578 [01:05<03:18,  2.01it/s]
Extract:  31%|###1      | 181/578 [01:05<03:46,  1.75it/s]
Extract:  31%|###1      | 182/578 [01:06<03:18,  1.99it/s]
Extract:  32%|###1      | 184/578 [01:06<02:40,  2.46it/s]
Extract:  32%|###2      | 185/578 [01:07<03:34,  1.83it/s]
Extract:  32%|###2      | 186/578 [01:08<03:19,  1.97it/s]
Extract:  33%|###2      | 188/578 [01:08<02:58,  2.19it/s]
Extract:  33%|###2      | 189/578 [01:09<03:31,  1.84it/s]
Extract:  33%|###3      | 191/578 [01:10<03:09,  2.05it/s]
Extract:  33%|###3      | 192/578 [01:10<02:42,  2.38it/s]
Extract:  33%|###3      | 193/578 [01:10<02:16,  2.82it/s]
Extract:  34%|###3      | 194/578 [01:10<01:53,  3.37it/s]
Extract:  34%|###3      | 195/578 [01:11<01:36,  3.96it/s]
Extract:  34%|###4      | 197/578 [01:12<02:19,  2.74it/s]
Extract:  34%|###4      | 198/578 [01:12<02:15,  2.81it/s]
Extract:  35%|###4      | 201/578 [01:13<02:17,  2.75it/s]
Extract:  35%|###4      | 202/578 [01:13<02:17,  2.73it/s]
Extract:  35%|###5      | 203/578 [01:14<03:00,  2.07it/s]
Extract:  35%|###5      | 205/578 [01:14<02:03,  3.03it/s]
Extract:  36%|###5      | 206/578 [01:15<01:56,  3.20it/s]
Extract:  36%|###5      | 207/578 [01:15<02:14,  2.75it/s]
Extract:  36%|###6      | 209/578 [01:16<01:39,  3.71it/s]
Extract:  36%|###6      | 210/578 [01:16<01:37,  3.76it/s]
Extract:  37%|###6      | 211/578 [01:16<01:55,  3.18it/s]
Extract:  37%|###6      | 212/578 [01:17<02:46,  2.19it/s]
Extract:  37%|###6      | 213/578 [01:17<02:25,  2.51it/s]
Extract:  37%|###7      | 214/578 [01:17<01:54,  3.17it/s]
Extract:  37%|###7      | 215/578 [01:18<02:23,  2.52it/s]
Extract:  38%|###7      | 217/578 [01:18<01:50,  3.28it/s]
Extract:  38%|###7      | 219/578 [01:19<01:15,  4.74it/s]
Extract:  38%|###8      | 220/578 [01:19<01:18,  4.54it/s]
Extract:  38%|###8      | 221/578 [01:19<01:12,  4.95it/s]
Extract:  39%|###8      | 223/578 [01:19<00:54,  6.51it/s]
Extract:  39%|###8      | 224/578 [01:19<00:52,  6.71it/s]
Extract:  39%|###8      | 225/578 [01:20<01:31,  3.87it/s]
Extract:  39%|###9      | 226/578 [01:20<01:37,  3.60it/s]
Extract:  39%|###9      | 227/578 [01:20<01:31,  3.83it/s]
Extract:  40%|###9      | 229/578 [01:21<01:19,  4.38it/s]
Extract:  40%|###9      | 230/578 [01:21<01:45,  3.29it/s]
Extract:  40%|###9      | 231/578 [01:22<01:56,  2.99it/s]
Extract:  40%|####      | 232/578 [01:22<01:46,  3.25it/s]
Extract:  40%|####      | 233/578 [01:22<01:33,  3.69it/s]
Extract:  40%|####      | 234/578 [01:22<01:29,  3.83it/s]
Extract:  41%|####      | 235/578 [01:23<01:21,  4.22it/s]
Extract:  41%|####      | 236/578 [01:23<02:09,  2.65it/s]
Extract:  41%|####1     | 237/578 [01:24<02:33,  2.22it/s]
Extract:  41%|####1     | 239/578 [01:24<01:39,  3.40it/s]
Extract:  42%|####1     | 240/578 [01:24<01:35,  3.55it/s]
Extract:  42%|####1     | 242/578 [01:25<01:08,  4.93it/s]
Extract:  42%|####2     | 243/578 [01:25<01:33,  3.57it/s]
Extract:  42%|####2     | 244/578 [01:26<02:03,  2.69it/s]
Extract:  42%|####2     | 245/578 [01:26<01:45,  3.16it/s]
Extract:  43%|####2     | 246/578 [01:26<01:27,  3.82it/s]
Extract:  43%|####2     | 247/578 [01:26<01:43,  3.20it/s]
Extract:  43%|####2     | 248/578 [01:27<01:55,  2.87it/s]
Extract:  43%|####3     | 249/578 [01:27<01:53,  2.89it/s]
Extract:  43%|####3     | 250/578 [01:28<01:47,  3.06it/s]
Extract:  43%|####3     | 251/578 [01:28<01:38,  3.33it/s]
Extract:  44%|####3     | 252/578 [01:28<01:19,  4.09it/s]
Extract:  44%|####3     | 253/578 [01:28<01:08,  4.74it/s]
Extract:  44%|####4     | 255/578 [01:29<01:13,  4.40it/s]
Extract:  44%|####4     | 256/578 [01:29<01:59,  2.70it/s]
Extract:  44%|####4     | 257/578 [01:29<01:38,  3.26it/s]
Extract:  45%|####4     | 258/578 [01:30<01:21,  3.93it/s]
Extract:  45%|####4     | 259/578 [01:30<01:17,  4.12it/s]
Extract:  45%|####4     | 260/578 [01:30<01:10,  4.50it/s]
Extract:  45%|####5     | 261/578 [01:30<01:02,  5.06it/s]
Extract:  45%|####5     | 262/578 [01:31<01:33,  3.40it/s]
Extract:  46%|####5     | 263/578 [01:31<02:09,  2.43it/s]
Extract:  46%|####5     | 265/578 [01:32<01:45,  2.96it/s]
Extract:  46%|####6     | 266/578 [01:32<01:44,  2.98it/s]
Extract:  46%|####6     | 267/578 [01:33<02:02,  2.54it/s]
Extract:  46%|####6     | 268/578 [01:33<01:42,  3.02it/s]
Extract:  47%|####6     | 269/578 [01:33<01:58,  2.62it/s]
Extract:  47%|####6     | 271/578 [01:34<01:15,  4.09it/s]
Extract:  47%|####7     | 273/578 [01:35<02:06,  2.41it/s]
Extract:  47%|####7     | 274/578 [01:36<02:29,  2.03it/s]
Extract:  48%|####7     | 275/578 [01:36<02:30,  2.02it/s]
Extract:  48%|####7     | 276/578 [01:36<02:09,  2.34it/s]
Extract:  48%|####7     | 277/578 [01:37<01:47,  2.80it/s]
Extract:  48%|####8     | 279/578 [01:37<01:07,  4.42it/s]
Extract:  48%|####8     | 280/578 [01:37<01:25,  3.49it/s]
Extract:  49%|####8     | 282/578 [01:37<01:01,  4.80it/s]
Extract:  49%|####8     | 283/578 [01:38<01:07,  4.38it/s]
Extract:  49%|####9     | 284/578 [01:38<00:58,  5.01it/s]
Extract:  49%|####9     | 285/578 [01:38<01:06,  4.44it/s]
Extract:  49%|####9     | 286/578 [01:38<01:06,  4.38it/s]
Extract:  50%|####9     | 287/578 [01:38<00:59,  4.90it/s]
Extract:  50%|####9     | 288/578 [01:39<00:59,  4.91it/s]
Extract:  50%|#####     | 289/578 [01:39<01:01,  4.71it/s]
Extract:  50%|#####     | 290/578 [01:40<01:47,  2.68it/s]
Extract:  50%|#####     | 291/578 [01:40<01:26,  3.33it/s]
Extract:  51%|#####     | 293/578 [01:40<00:55,  5.16it/s]
Extract:  51%|#####     | 294/578 [01:40<00:53,  5.28it/s]
Extract:  51%|#####1    | 295/578 [01:41<01:29,  3.15it/s]
Extract:  51%|#####1    | 296/578 [01:41<01:18,  3.58it/s]
Extract:  51%|#####1    | 297/578 [01:42<01:46,  2.65it/s]
Extract:  52%|#####1    | 299/578 [01:42<01:09,  4.04it/s]
Extract:  52%|#####1    | 300/578 [01:42<01:02,  4.47it/s]
Extract:  52%|#####2    | 301/578 [01:42<01:12,  3.84it/s]
Extract:  52%|#####2    | 303/578 [01:42<00:50,  5.48it/s]
Extract:  53%|#####2    | 304/578 [01:44<01:51,  2.45it/s]
Extract:  53%|#####2    | 305/578 [01:44<01:38,  2.76it/s]
Extract:  53%|#####3    | 307/578 [01:44<01:27,  3.09it/s]
Extract:  53%|#####3    | 308/578 [01:45<01:30,  2.99it/s]
Extract:  53%|#####3    | 309/578 [01:45<01:53,  2.38it/s]
Extract:  54%|#####3    | 310/578 [01:46<01:39,  2.70it/s]
Extract:  54%|#####3    | 311/578 [01:46<01:56,  2.29it/s]
Extract:  54%|#####3    | 312/578 [01:47<02:13,  1.99it/s]
Extract:  54%|#####4    | 313/578 [01:47<01:51,  2.37it/s]
Extract:  54%|#####4    | 314/578 [01:48<01:54,  2.30it/s]
Extract:  55%|#####4    | 316/578 [01:48<01:25,  3.05it/s]
Extract:  55%|#####5    | 318/578 [01:48<01:18,  3.33it/s]
Extract:  55%|#####5    | 319/578 [01:49<01:12,  3.56it/s]
Extract:  55%|#####5    | 320/578 [01:49<01:42,  2.52it/s]
Extract:  56%|#####5    | 321/578 [01:50<01:26,  2.98it/s]
Extract:  56%|#####5    | 322/578 [01:50<01:28,  2.90it/s]
Extract:  56%|#####5    | 323/578 [01:50<01:19,  3.21it/s]
Extract:  56%|#####6    | 325/578 [01:50<00:55,  4.59it/s]
Extract:  56%|#####6    | 326/578 [01:51<01:00,  4.19it/s]
Extract:  57%|#####6    | 327/578 [01:51<00:51,  4.83it/s]
Extract:  57%|#####6    | 328/578 [01:51<00:57,  4.38it/s]
Extract:  57%|#####7    | 330/578 [01:51<00:46,  5.39it/s]
Extract:  57%|#####7    | 331/578 [01:52<00:49,  5.03it/s]
Extract:  57%|#####7    | 332/578 [01:52<01:03,  3.87it/s]
Extract:  58%|#####7    | 334/578 [01:52<00:47,  5.19it/s]
Extract:  58%|#####7    | 335/578 [01:52<00:43,  5.60it/s]
Extract:  58%|#####8    | 337/578 [01:53<00:37,  6.43it/s]
Extract:  59%|#####8    | 339/578 [01:53<00:36,  6.62it/s]
Extract:  59%|#####8    | 340/578 [01:54<01:05,  3.66it/s]
Extract:  59%|#####8    | 341/578 [01:54<00:59,  3.96it/s]
Extract:  59%|#####9    | 342/578 [01:54<01:02,  3.75it/s]
Extract:  60%|#####9    | 344/578 [01:55<01:11,  3.29it/s]
Extract:  60%|#####9    | 345/578 [01:55<01:02,  3.71it/s]
Extract:  60%|#####9    | 346/578 [01:55<00:54,  4.26it/s]
Extract:  60%|######    | 347/578 [01:55<00:47,  4.83it/s]
Extract:  60%|######    | 348/578 [01:55<00:41,  5.49it/s]
Extract:  60%|######    | 349/578 [01:56<01:17,  2.95it/s]
Extract:  61%|######    | 350/578 [01:56<01:11,  3.18it/s]
Extract:  61%|######    | 351/578 [01:57<01:46,  2.14it/s]
Extract:  61%|######    | 352/578 [01:57<01:22,  2.75it/s]
Extract:  61%|######1   | 353/578 [01:58<01:17,  2.90it/s]
Extract:  61%|######1   | 355/578 [01:58<00:51,  4.30it/s]
Extract:  62%|######1   | 356/578 [01:58<01:15,  2.93it/s]
Extract:  62%|######1   | 357/578 [01:59<01:18,  2.81it/s]
Extract:  62%|######2   | 359/578 [01:59<01:03,  3.45it/s]
Extract:  62%|######2   | 360/578 [02:00<01:05,  3.34it/s]
Extract:  62%|######2   | 361/578 [02:00<00:55,  3.90it/s]
Extract:  63%|######2   | 362/578 [02:00<01:17,  2.79it/s]
Extract:  63%|######2   | 363/578 [02:01<01:02,  3.42it/s]
Extract:  63%|######2   | 364/578 [02:01<00:52,  4.09it/s]
Extract:  63%|######3   | 365/578 [02:01<00:55,  3.86it/s]
Extract:  63%|######3   | 366/578 [02:01<00:57,  3.66it/s]
Extract:  63%|######3   | 367/578 [02:02<01:22,  2.55it/s]
Extract:  64%|######3   | 368/578 [02:02<01:19,  2.65it/s]
Extract:  64%|######3   | 369/578 [02:03<01:39,  2.11it/s]
Extract:  64%|######4   | 371/578 [02:03<01:00,  3.42it/s]
Extract:  65%|######4   | 373/578 [02:04<00:59,  3.44it/s]
Extract:  65%|######4   | 374/578 [02:04<01:00,  3.39it/s]
Extract:  65%|######5   | 376/578 [02:04<00:54,  3.73it/s]
Extract:  65%|######5   | 377/578 [02:05<00:57,  3.50it/s]
Extract:  65%|######5   | 378/578 [02:06<01:19,  2.50it/s]
Extract:  66%|######5   | 380/578 [02:06<01:07,  2.92it/s]
Extract:  66%|######5   | 381/578 [02:06<01:00,  3.24it/s]
Extract:  66%|######6   | 382/578 [02:07<01:16,  2.55it/s]
Extract:  66%|######6   | 383/578 [02:07<01:09,  2.82it/s]
Extract:  66%|######6   | 384/578 [02:08<01:19,  2.45it/s]
Extract:  67%|######6   | 386/578 [02:08<00:56,  3.41it/s]
Extract:  67%|######6   | 387/578 [02:08<00:58,  3.28it/s]
Extract:  67%|######7   | 388/578 [02:08<00:48,  3.90it/s]
Extract:  67%|######7   | 390/578 [02:09<00:34,  5.49it/s]
Extract:  68%|######7   | 391/578 [02:09<00:34,  5.46it/s]
Extract:  68%|######7   | 392/578 [02:09<00:37,  4.90it/s]
Extract:  68%|######7   | 393/578 [02:09<00:47,  3.92it/s]
Extract:  68%|######8   | 394/578 [02:10<00:46,  3.95it/s]
Extract:  68%|######8   | 395/578 [02:10<00:49,  3.70it/s]
Extract:  69%|######8   | 397/578 [02:10<00:43,  4.13it/s]
Extract:  69%|######8   | 398/578 [02:11<00:39,  4.50it/s]
Extract:  69%|######9   | 399/578 [02:11<00:37,  4.78it/s]
Extract:  69%|######9   | 401/578 [02:11<00:28,  6.15it/s]
Extract:  70%|######9   | 402/578 [02:11<00:26,  6.60it/s]
Extract:  70%|######9   | 403/578 [02:11<00:25,  6.94it/s]
Extract:  70%|#######   | 405/578 [02:11<00:21,  8.14it/s]
Extract:  70%|#######   | 406/578 [02:12<00:29,  5.76it/s]
Extract:  70%|#######   | 407/578 [02:12<00:41,  4.10it/s]
Extract:  71%|#######   | 408/578 [02:13<01:05,  2.60it/s]
Extract:  71%|#######   | 410/578 [02:13<00:48,  3.44it/s]
Extract:  71%|#######1  | 412/578 [02:14<00:37,  4.41it/s]
Extract:  71%|#######1  | 413/578 [02:14<00:43,  3.78it/s]
Extract:  72%|#######1  | 415/578 [02:14<00:33,  4.81it/s]
Extract:  72%|#######1  | 416/578 [02:14<00:33,  4.77it/s]
Extract:  72%|#######2  | 417/578 [02:15<00:29,  5.38it/s]
Extract:  72%|#######2  | 418/578 [02:15<00:31,  5.02it/s]
Extract:  72%|#######2  | 419/578 [02:15<00:36,  4.36it/s]
Extract:  73%|#######2  | 421/578 [02:16<00:46,  3.37it/s]
Extract:  73%|#######3  | 424/578 [02:16<00:32,  4.67it/s]
Extract:  74%|#######3  | 425/578 [02:17<00:41,  3.70it/s]
Extract:  74%|#######3  | 426/578 [02:17<00:39,  3.81it/s]
Extract:  74%|#######3  | 427/578 [02:18<00:56,  2.65it/s]
Extract:  74%|#######4  | 428/578 [02:19<01:27,  1.71it/s]
Extract:  74%|#######4  | 429/578 [02:20<01:42,  1.45it/s]
Extract:  75%|#######4  | 431/578 [02:20<01:09,  2.12it/s]
Extract:  75%|#######4  | 432/578 [02:21<01:03,  2.31it/s]
Extract:  75%|#######4  | 433/578 [02:21<00:51,  2.81it/s]
Extract:  75%|#######5  | 434/578 [02:21<01:04,  2.24it/s]
Extract:  75%|#######5  | 435/578 [02:22<00:53,  2.65it/s]
Extract:  76%|#######5  | 437/578 [02:22<00:38,  3.66it/s]
Extract:  76%|#######5  | 438/578 [02:22<00:35,  3.90it/s]
Extract:  76%|#######5  | 439/578 [02:22<00:38,  3.60it/s]
Extract:  76%|#######6  | 441/578 [02:23<00:42,  3.20it/s]
Extract:  76%|#######6  | 442/578 [02:23<00:38,  3.55it/s]
Extract:  77%|#######6  | 443/578 [02:23<00:33,  4.08it/s]
Extract:  77%|#######6  | 444/578 [02:24<00:30,  4.43it/s]
Extract:  77%|#######6  | 445/578 [02:24<00:47,  2.80it/s]
Extract:  77%|#######7  | 447/578 [02:25<00:30,  4.27it/s]
Extract:  78%|#######7  | 449/578 [02:25<00:23,  5.40it/s]
Extract:  78%|#######7  | 450/578 [02:26<00:44,  2.88it/s]
Extract:  78%|#######8  | 451/578 [02:26<00:55,  2.28it/s]
Extract:  78%|#######8  | 452/578 [02:27<00:46,  2.71it/s]
Extract:  79%|#######8  | 454/578 [02:27<00:34,  3.63it/s]
Extract:  79%|#######8  | 455/578 [02:27<00:29,  4.14it/s]
Extract:  79%|#######8  | 456/578 [02:27<00:26,  4.63it/s]
Extract:  79%|#######9  | 458/578 [02:28<00:27,  4.41it/s]
Extract:  79%|#######9  | 459/578 [02:28<00:24,  4.91it/s]
Extract:  80%|#######9  | 461/578 [02:28<00:19,  5.91it/s]
Extract:  80%|#######9  | 462/578 [02:28<00:18,  6.26it/s]
Extract:  80%|########  | 463/578 [02:29<00:25,  4.46it/s]
Extract:  80%|########  | 465/578 [02:29<00:19,  5.69it/s]
Extract:  81%|########  | 466/578 [02:29<00:25,  4.32it/s]
Extract:  81%|########  | 467/578 [02:30<00:34,  3.26it/s]
Extract:  81%|########  | 468/578 [02:31<00:48,  2.28it/s]
Extract:  81%|########1 | 469/578 [02:31<00:40,  2.72it/s]
Extract:  81%|########1 | 470/578 [02:31<00:39,  2.76it/s]
Extract:  81%|########1 | 471/578 [02:32<00:42,  2.50it/s]
Extract:  82%|########1 | 472/578 [02:32<00:41,  2.56it/s]
Extract:  82%|########1 | 473/578 [02:32<00:36,  2.85it/s]
Extract:  82%|########2 | 474/578 [02:33<00:36,  2.84it/s]
Extract:  82%|########2 | 475/578 [02:33<00:32,  3.17it/s]
Extract:  82%|########2 | 476/578 [02:34<01:09,  1.47it/s]
Extract:  83%|########2 | 477/578 [02:34<00:53,  1.88it/s]
Extract:  83%|########2 | 478/578 [02:35<00:41,  2.39it/s]
Extract:  83%|########2 | 479/578 [02:35<00:36,  2.71it/s]
Extract:  83%|########3 | 480/578 [02:35<00:29,  3.36it/s]
Extract:  83%|########3 | 481/578 [02:35<00:27,  3.57it/s]
Extract:  84%|########3 | 483/578 [02:35<00:18,  5.08it/s]
Extract:  84%|########3 | 484/578 [02:36<00:17,  5.44it/s]
Extract:  84%|########4 | 486/578 [02:36<00:12,  7.21it/s]
Extract:  84%|########4 | 487/578 [02:36<00:15,  5.82it/s]
Extract:  85%|########4 | 489/578 [02:37<00:23,  3.82it/s]
Extract:  85%|########4 | 490/578 [02:37<00:21,  4.07it/s]
Extract:  85%|########4 | 491/578 [02:37<00:24,  3.60it/s]
Extract:  85%|########5 | 492/578 [02:38<00:26,  3.19it/s]
Extract:  85%|########5 | 493/578 [02:38<00:25,  3.30it/s]
Extract:  85%|########5 | 494/578 [02:38<00:24,  3.37it/s]
Extract:  86%|########5 | 496/578 [02:38<00:16,  5.02it/s]
Extract:  86%|########6 | 498/578 [02:39<00:20,  3.95it/s]
Extract:  87%|########6 | 500/578 [02:39<00:14,  5.43it/s]
Extract:  87%|########6 | 501/578 [02:39<00:13,  5.54it/s]
Extract:  87%|########7 | 503/578 [02:40<00:10,  7.30it/s]
Extract:  87%|########7 | 505/578 [02:41<00:19,  3.82it/s]
Extract:  88%|########7 | 507/578 [02:41<00:14,  5.07it/s]
Extract:  88%|########8 | 509/578 [02:41<00:11,  5.77it/s]
Extract:  88%|########8 | 510/578 [02:41<00:14,  4.83it/s]
Extract:  88%|########8 | 511/578 [02:41<00:13,  5.02it/s]
Extract:  89%|########8 | 512/578 [02:42<00:14,  4.52it/s]
Extract:  89%|########8 | 514/578 [02:42<00:10,  6.27it/s]
Extract:  89%|########9 | 515/578 [02:42<00:12,  4.97it/s]
Extract:  89%|########9 | 516/578 [02:43<00:17,  3.59it/s]
Extract:  89%|########9 | 517/578 [02:43<00:16,  3.68it/s]
Extract:  90%|########9 | 518/578 [02:43<00:13,  4.43it/s]
Extract:  90%|########9 | 519/578 [02:43<00:15,  3.93it/s]
Extract:  90%|########9 | 520/578 [02:44<00:14,  4.09it/s]
Extract:  90%|######### | 522/578 [02:44<00:10,  5.26it/s]
Extract:  90%|######### | 523/578 [02:44<00:11,  4.68it/s]
Extract:  91%|######### | 524/578 [02:44<00:11,  4.78it/s]
Extract:  91%|######### | 525/578 [02:45<00:09,  5.32it/s]
Extract:  91%|#########1| 526/578 [02:45<00:20,  2.60it/s]
Extract:  91%|#########1| 528/578 [02:46<00:13,  3.65it/s]
Extract:  92%|#########1| 529/578 [02:46<00:12,  3.89it/s]
Extract:  92%|#########1| 530/578 [02:46<00:12,  3.91it/s]
Extract:  92%|#########1| 531/578 [02:46<00:11,  4.01it/s]
Extract:  92%|#########2| 532/578 [02:47<00:11,  4.14it/s]
Extract:  92%|#########2| 533/578 [02:47<00:10,  4.44it/s]
Extract:  92%|#########2| 534/578 [02:47<00:10,  4.14it/s]
Extract:  93%|#########2| 535/578 [02:47<00:09,  4.61it/s]
Extract:  93%|#########2| 537/578 [02:48<00:07,  5.44it/s]
Extract:  93%|#########3| 538/578 [02:48<00:09,  4.39it/s]
Extract:  93%|#########3| 540/578 [02:49<00:10,  3.67it/s]
Extract:  94%|#########3| 541/578 [02:49<00:11,  3.25it/s]
Extract:  94%|#########3| 543/578 [02:50<00:15,  2.19it/s]
Extract:  94%|#########4| 545/578 [02:50<00:10,  3.19it/s]
Extract:  94%|#########4| 546/578 [02:52<00:14,  2.15it/s]
Extract:  95%|#########4| 547/578 [02:52<00:17,  1.74it/s]
Extract:  95%|#########4| 548/578 [02:53<00:14,  2.12it/s]
Extract:  95%|#########5| 550/578 [02:53<00:08,  3.17it/s]
Extract:  95%|#########5| 551/578 [02:53<00:07,  3.69it/s]
Extract:  96%|#########5| 553/578 [02:54<00:09,  2.65it/s]
Extract:  96%|#########5| 554/578 [02:55<00:12,  1.93it/s]
Extract:  96%|#########6| 555/578 [02:56<00:14,  1.57it/s]
Extract:  96%|#########6| 556/578 [02:57<00:12,  1.70it/s]
Extract:  96%|#########6| 557/578 [02:57<00:11,  1.81it/s]
Extract:  97%|#########6| 558/578 [02:57<00:08,  2.34it/s]
Extract:  97%|#########6| 560/578 [02:58<00:07,  2.29it/s]
Extract:  97%|#########7| 561/578 [02:58<00:07,  2.33it/s]
Extract:  97%|#########7| 563/578 [02:58<00:04,  3.56it/s]
Extract:  98%|#########7| 564/578 [02:59<00:06,  2.28it/s]
Extract:  98%|#########7| 565/578 [03:00<00:06,  1.87it/s]
Extract:  98%|#########7| 566/578 [03:01<00:05,  2.21it/s]
Extract:  98%|#########8| 567/578 [03:01<00:04,  2.33it/s]
Extract:  98%|#########8| 568/578 [03:02<00:05,  1.80it/s]
Extract:  98%|#########8| 569/578 [03:02<00:03,  2.33it/s]
Extract:  99%|#########8| 570/578 [03:02<00:02,  2.88it/s]
Extract:  99%|#########8| 572/578 [03:02<00:01,  3.75it/s]
Extract:  99%|#########9| 573/578 [03:02<00:01,  4.34it/s]
Extract:  99%|#########9| 575/578 [03:03<00:00,  4.69it/s]
Extract: 100%|#########9| 576/578 [03:04<00:00,  2.72it/s]
Extract: 100%|##########| 578/578 [03:04<00:00,  4.06it/s]
Extract: 100%|##########| 578/578 [03:04<00:00,  3.14it/s]

Extract:   0%|          | 0/578 [00:00<?, ?it/s]
Extract:   0%|          | 2/578 [00:00<01:03,  9.01it/s]
Extract:   1%|          | 3/578 [00:00<01:13,  7.78it/s]
Extract:   1%|          | 4/578 [00:00<01:49,  5.26it/s]
Extract:   1%|          | 5/578 [00:00<01:52,  5.07it/s]
Extract:   1%|1         | 6/578 [00:01<01:47,  5.32it/s]
Extract:   1%|1         | 7/578 [00:01<02:13,  4.28it/s]
Extract:   1%|1         | 8/578 [00:01<02:42,  3.51it/s]
Extract:   2%|1         | 9/578 [00:02<03:30,  2.71it/s]
Extract:   2%|1         | 10/578 [00:02<03:12,  2.95it/s]
Extract:   2%|1         | 11/578 [00:03<03:28,  2.72it/s]
Extract:   2%|2         | 12/578 [00:03<04:15,  2.22it/s]
Extract:   2%|2         | 13/578 [00:03<03:25,  2.76it/s]
Extract:   2%|2         | 14/578 [00:04<03:48,  2.47it/s]
Extract:   3%|2         | 15/578 [00:04<04:04,  2.31it/s]
Extract:   3%|2         | 16/578 [00:05<03:19,  2.81it/s]
Extract:   3%|3         | 18/578 [00:05<02:01,  4.60it/s]
Extract:   3%|3         | 20/578 [00:05<01:30,  6.14it/s]
Extract:   4%|3         | 21/578 [00:05<02:32,  3.66it/s]
Extract:   4%|3         | 22/578 [00:06<02:30,  3.69it/s]
Extract:   4%|3         | 23/578 [00:06<02:39,  3.48it/s]
Extract:   4%|4         | 24/578 [00:06<02:19,  3.97it/s]
Extract:   4%|4         | 26/578 [00:06<01:38,  5.63it/s]
Extract:   5%|4         | 27/578 [00:07<02:30,  3.67it/s]
Extract:   5%|4         | 28/578 [00:07<02:07,  4.32it/s]
Extract:   5%|5         | 29/578 [00:07<01:55,  4.74it/s]
Extract:   5%|5         | 30/578 [00:07<01:58,  4.64it/s]
Extract:   5%|5         | 31/578 [00:08<02:21,  3.86it/s]
Extract:   6%|5         | 32/578 [00:08<01:57,  4.63it/s]
Extract:   6%|5         | 34/578 [00:08<01:19,  6.85it/s]
Extract:   6%|6         | 35/578 [00:08<01:16,  7.07it/s]
Extract:   6%|6         | 37/578 [00:08<01:20,  6.72it/s]
Extract:   7%|6         | 38/578 [00:09<01:23,  6.48it/s]
Extract:   7%|6         | 40/578 [00:09<01:12,  7.40it/s]
Extract:   7%|7         | 41/578 [00:09<01:15,  7.13it/s]
Extract:   7%|7         | 42/578 [00:10<02:05,  4.28it/s]
Extract:   7%|7         | 43/578 [00:10<02:46,  3.22it/s]
Extract:   8%|7         | 45/578 [00:10<01:49,  4.85it/s]
Extract:   8%|7         | 46/578 [00:10<01:38,  5.41it/s]
Extract:   8%|8         | 47/578 [00:11<01:47,  4.96it/s]
Extract:   8%|8         | 49/578 [00:11<01:32,  5.75it/s]
Extract:   9%|8         | 50/578 [00:11<02:09,  4.06it/s]
Extract:   9%|8         | 51/578 [00:12<02:23,  3.66it/s]
Extract:   9%|8         | 52/578 [00:12<02:41,  3.26it/s]
Extract:   9%|9         | 54/578 [00:13<02:17,  3.81it/s]
Extract:  10%|9         | 55/578 [00:13<02:27,  3.55it/s]
Extract:  10%|9         | 56/578 [00:13<02:12,  3.93it/s]
Extract:  10%|9         | 57/578 [00:13<01:53,  4.60it/s]
Extract:  10%|#         | 58/578 [00:14<02:22,  3.66it/s]
Extract:  10%|#         | 59/578 [00:14<02:38,  3.28it/s]
Extract:  10%|#         | 60/578 [00:14<02:54,  2.96it/s]
Extract:  11%|#         | 61/578 [00:15<03:25,  2.52it/s]
Extract:  11%|#         | 62/578 [00:15<02:41,  3.20it/s]
Extract:  11%|#1        | 64/578 [00:15<02:18,  3.72it/s]
Extract:  11%|#1        | 65/578 [00:16<02:47,  3.06it/s]
Extract:  11%|#1        | 66/578 [00:16<02:21,  3.63it/s]
Extract:  12%|#1        | 67/578 [00:17<03:42,  2.29it/s]
Extract:  12%|#1        | 69/578 [00:17<02:46,  3.05it/s]
Extract:  12%|#2        | 71/578 [00:18<02:08,  3.93it/s]
Extract:  12%|#2        | 72/578 [00:18<01:58,  4.27it/s]
Extract:  13%|#2        | 73/578 [00:18<02:38,  3.19it/s]
Extract:  13%|#2        | 75/578 [00:19<01:51,  4.51it/s]
Extract:  13%|#3        | 76/578 [00:19<01:54,  4.38it/s]
Extract:  13%|#3        | 77/578 [00:19<02:32,  3.28it/s]
Extract:  14%|#3        | 79/578 [00:19<01:45,  4.74it/s]
Extract:  14%|#3        | 80/578 [00:20<01:39,  5.00it/s]
Extract:  14%|#4        | 81/578 [00:20<01:30,  5.48it/s]
Extract:  14%|#4        | 82/578 [00:20<01:33,  5.29it/s]
Extract:  14%|#4        | 83/578 [00:20<01:32,  5.37it/s]
Extract:  15%|#4        | 84/578 [00:21<02:20,  3.52it/s]
Extract:  15%|#4        | 85/578 [00:21<01:56,  4.23it/s]
Extract:  15%|#4        | 86/578 [00:21<01:41,  4.84it/s]
Extract:  15%|#5        | 88/578 [00:21<01:09,  7.07it/s]
Extract:  15%|#5        | 89/578 [00:22<01:56,  4.18it/s]
Extract:  16%|#5        | 90/578 [00:22<01:53,  4.31it/s]
Extract:  16%|#5        | 91/578 [00:22<02:38,  3.07it/s]
Extract:  16%|#5        | 92/578 [00:23<03:40,  2.20it/s]
Extract:  16%|#6        | 94/578 [00:23<02:38,  3.05it/s]
Extract:  17%|#6        | 96/578 [00:24<02:34,  3.12it/s]
Extract:  17%|#6        | 97/578 [00:24<02:12,  3.64it/s]
Extract:  17%|#6        | 98/578 [00:25<02:14,  3.58it/s]
Extract:  17%|#7        | 99/578 [00:25<01:55,  4.13it/s]
Extract:  17%|#7        | 100/578 [00:25<01:58,  4.05it/s]
Extract:  17%|#7        | 101/578 [00:25<01:50,  4.33it/s]
Extract:  18%|#7        | 103/578 [00:25<01:13,  6.46it/s]
Extract:  18%|#8        | 105/578 [00:26<01:36,  4.90it/s]
Extract:  19%|#8        | 107/578 [00:27<02:03,  3.81it/s]
Extract:  19%|#8        | 108/578 [00:27<02:06,  3.70it/s]
Extract:  19%|#9        | 110/578 [00:27<01:44,  4.47it/s]
Extract:  19%|#9        | 111/578 [00:27<01:46,  4.40it/s]
Extract:  20%|#9        | 113/578 [00:28<01:22,  5.66it/s]
Extract:  20%|#9        | 114/578 [00:28<01:18,  5.93it/s]
Extract:  20%|#9        | 115/578 [00:28<01:12,  6.40it/s]
Extract:  20%|##        | 116/578 [00:28<01:22,  5.63it/s]
Extract:  20%|##        | 117/578 [00:28<01:52,  4.11it/s]
Extract:  21%|##        | 120/578 [00:29<01:58,  3.87it/s]
Extract:  21%|##        | 121/578 [00:30<02:25,  3.13it/s]
Extract:  21%|##1       | 123/578 [00:30<01:46,  4.29it/s]
Extract:  22%|##1       | 125/578 [00:30<01:44,  4.35it/s]
Extract:  22%|##1       | 126/578 [00:31<01:41,  4.45it/s]
Extract:  22%|##1       | 127/578 [00:31<01:31,  4.91it/s]
Extract:  22%|##2       | 128/578 [00:31<01:36,  4.64it/s]
Extract:  22%|##2       | 130/578 [00:32<02:12,  3.38it/s]
Extract:  23%|##2       | 131/578 [00:33<02:52,  2.58it/s]
Extract:  23%|##2       | 132/578 [00:33<02:32,  2.92it/s]
Extract:  23%|##3       | 133/578 [00:33<02:29,  2.98it/s]
Extract:  23%|##3       | 134/578 [00:33<02:07,  3.47it/s]
Extract:  23%|##3       | 135/578 [00:33<01:53,  3.89it/s]
Extract:  24%|##3       | 136/578 [00:34<01:43,  4.29it/s]
Extract:  24%|##3       | 137/578 [00:34<02:15,  3.26it/s]
Extract:  24%|##3       | 138/578 [00:35<02:46,  2.65it/s]
Extract:  24%|##4       | 139/578 [00:35<02:52,  2.54it/s]
Extract:  24%|##4       | 141/578 [00:35<01:43,  4.21it/s]
Extract:  25%|##4       | 144/578 [00:35<01:00,  7.22it/s]
Extract:  25%|##5       | 146/578 [00:36<01:22,  5.21it/s]
Extract:  26%|##5       | 148/578 [00:36<01:16,  5.63it/s]
Extract:  26%|##5       | 149/578 [00:37<01:40,  4.25it/s]
Extract:  26%|##5       | 150/578 [00:37<01:33,  4.58it/s]
Extract:  26%|##6       | 152/578 [00:37<01:06,  6.41it/s]
Extract:  27%|##6       | 154/578 [00:38<01:31,  4.63it/s]
Extract:  27%|##6       | 155/578 [00:38<02:05,  3.36it/s]
Extract:  27%|##7       | 157/578 [00:38<01:31,  4.60it/s]
Extract:  27%|##7       | 158/578 [00:38<01:21,  5.13it/s]
Extract:  28%|##7       | 160/578 [00:39<01:19,  5.23it/s]
Extract:  28%|##8       | 162/578 [00:39<01:00,  6.85it/s]
Extract:  28%|##8       | 164/578 [00:40<01:36,  4.29it/s]
Extract:  29%|##8       | 165/578 [00:40<01:50,  3.75it/s]
Extract:  29%|##8       | 166/578 [00:40<01:44,  3.93it/s]
Extract:  29%|##8       | 167/578 [00:41<02:15,  3.04it/s]
Extract:  29%|##9       | 168/578 [00:41<01:56,  3.50it/s]
Extract:  29%|##9       | 169/578 [00:41<01:39,  4.11it/s]
Extract:  29%|##9       | 170/578 [00:41<01:31,  4.44it/s]
Extract:  30%|##9       | 172/578 [00:42<01:36,  4.21it/s]
Extract:  30%|##9       | 173/578 [00:43<02:16,  2.97it/s]
Extract:  30%|###       | 174/578 [00:43<02:00,  3.36it/s]
Extract:  30%|###       | 175/578 [00:43<01:40,  4.02it/s]
Extract:  30%|###       | 176/578 [00:43<01:26,  4.63it/s]
Extract:  31%|###       | 177/578 [00:44<02:09,  3.10it/s]
Extract:  31%|###       | 178/578 [00:44<01:52,  3.56it/s]
Extract:  31%|###       | 179/578 [00:44<01:38,  4.05it/s]
Extract:  31%|###1      | 180/578 [00:44<02:02,  3.26it/s]
Extract:  31%|###1      | 181/578 [00:45<02:23,  2.77it/s]
Extract:  31%|###1      | 182/578 [00:45<02:09,  3.05it/s]
Extract:  32%|###1      | 184/578 [00:46<01:57,  3.35it/s]
Extract:  32%|###2      | 185/578 [00:46<02:19,  2.82it/s]
Extract:  32%|###2      | 186/578 [00:46<01:59,  3.28it/s]
Extract:  33%|###2      | 188/578 [00:47<01:29,  4.36it/s]
Extract:  33%|###2      | 189/578 [00:47<02:03,  3.14it/s]
Extract:  33%|###3      | 191/578 [00:48<01:55,  3.34it/s]
Extract:  33%|###3      | 192/578 [00:48<01:39,  3.89it/s]
Extract:  33%|###3      | 193/578 [00:48<01:24,  4.56it/s]
Extract:  34%|###3      | 195/578 [00:48<01:03,  6.08it/s]
Extract:  34%|###4      | 197/578 [00:49<01:33,  4.08it/s]
Extract:  34%|###4      | 198/578 [00:49<01:29,  4.26it/s]
Extract:  35%|###4      | 201/578 [00:50<01:29,  4.21it/s]
Extract:  35%|###4      | 202/578 [00:50<01:29,  4.22it/s]
Extract:  35%|###5      | 203/578 [00:51<02:00,  3.12it/s]
Extract:  35%|###5      | 205/578 [00:51<01:23,  4.46it/s]
Extract:  36%|###5      | 206/578 [00:51<01:26,  4.29it/s]
Extract:  36%|###5      | 207/578 [00:51<01:35,  3.88it/s]
Extract:  36%|###5      | 208/578 [00:52<01:32,  3.99it/s]
Extract:  36%|###6      | 209/578 [00:52<01:21,  4.53it/s]
Extract:  36%|###6      | 210/578 [00:52<01:16,  4.78it/s]
Extract:  37%|###6      | 212/578 [00:52<01:22,  4.42it/s]
Extract:  37%|###6      | 213/578 [00:53<01:15,  4.81it/s]
Extract:  37%|###7      | 215/578 [00:53<01:15,  4.83it/s]
Extract:  38%|###7      | 217/578 [00:53<01:03,  5.65it/s]
Extract:  38%|###8      | 220/578 [00:54<00:48,  7.35it/s]
Extract:  38%|###8      | 221/578 [00:54<00:54,  6.52it/s]
Extract:  39%|###8      | 223/578 [00:54<00:47,  7.41it/s]
Extract:  39%|###8      | 224/578 [00:54<00:45,  7.75it/s]
Extract:  39%|###8      | 225/578 [00:55<01:10,  5.00it/s]
Extract:  39%|###9      | 226/578 [00:55<01:12,  4.83it/s]
Extract:  39%|###9      | 227/578 [00:55<01:06,  5.27it/s]
Extract:  40%|###9      | 229/578 [00:55<00:55,  6.24it/s]
Extract:  40%|###9      | 230/578 [00:56<01:18,  4.42it/s]
Extract:  40%|###9      | 231/578 [00:56<01:21,  4.28it/s]
Extract:  40%|####      | 232/578 [00:56<01:12,  4.80it/s]
Extract:  40%|####      | 233/578 [00:56<01:04,  5.32it/s]
Extract:  40%|####      | 234/578 [00:56<00:59,  5.75it/s]
Extract:  41%|####      | 235/578 [00:56<00:53,  6.36it/s]
Extract:  41%|####      | 236/578 [00:57<01:25,  3.99it/s]
Extract:  41%|####1     | 237/578 [00:57<01:44,  3.25it/s]
Extract:  42%|####1     | 240/578 [00:58<00:59,  5.68it/s]
Extract:  42%|####1     | 242/578 [00:58<00:46,  7.29it/s]
Extract:  42%|####2     | 244/578 [00:58<00:53,  6.23it/s]
Extract:  42%|####2     | 245/578 [00:58<00:49,  6.67it/s]
Extract:  43%|####2     | 246/578 [00:58<00:57,  5.75it/s]
Extract:  43%|####2     | 247/578 [00:59<01:07,  4.89it/s]
Extract:  43%|####2     | 248/578 [00:59<01:18,  4.22it/s]
Extract:  43%|####3     | 249/578 [00:59<01:12,  4.52it/s]
Extract:  43%|####3     | 250/578 [00:59<01:05,  5.05it/s]
Extract:  43%|####3     | 251/578 [01:00<01:01,  5.28it/s]
Extract:  44%|####3     | 253/578 [01:00<00:45,  7.09it/s]
Extract:  44%|####4     | 255/578 [01:00<00:48,  6.68it/s]
Extract:  44%|####4     | 256/578 [01:00<01:09,  4.60it/s]
Extract:  45%|####4     | 258/578 [01:01<00:54,  5.83it/s]
Extract:  45%|####4     | 259/578 [01:01<00:50,  6.34it/s]
Extract:  45%|####4     | 260/578 [01:01<00:47,  6.70it/s]
Extract:  45%|####5     | 261/578 [01:01<00:43,  7.25it/s]
Extract:  45%|####5     | 262/578 [01:01<01:03,  4.98it/s]
Extract:  46%|####5     | 263/578 [01:02<01:27,  3.59it/s]
Extract:  46%|####5     | 265/578 [01:02<01:14,  4.20it/s]
Extract:  46%|####6     | 266/578 [01:03<01:27,  3.56it/s]
Extract:  46%|####6     | 267/578 [01:03<01:35,  3.26it/s]
Extract:  47%|####6     | 269/578 [01:04<01:24,  3.65it/s]
Extract:  47%|####7     | 272/578 [01:04<00:49,  6.17it/s]
Extract:  47%|####7     | 274/578 [01:05<01:31,  3.34it/s]
Extract:  48%|####7     | 275/578 [01:05<01:43,  2.94it/s]
Extract:  48%|####7     | 276/578 [01:06<01:46,  2.85it/s]
Extract:  48%|####7     | 277/578 [01:06<01:31,  3.30it/s]
Extract:  48%|####8     | 280/578 [01:06<01:10,  4.22it/s]
Extract:  49%|####8     | 282/578 [01:07<00:55,  5.30it/s]
Extract:  49%|####8     | 283/578 [01:07<01:01,  4.79it/s]
Extract:  49%|####9     | 284/578 [01:07<00:55,  5.31it/s]
Extract:  49%|####9     | 285/578 [01:07<00:59,  4.92it/s]
Extract:  49%|####9     | 286/578 [01:07<01:02,  4.67it/s]
Extract:  50%|####9     | 287/578 [01:08<00:57,  5.05it/s]
Extract:  50%|####9     | 288/578 [01:08<00:53,  5.40it/s]
Extract:  50%|#####     | 289/578 [01:08<01:00,  4.74it/s]
Extract:  50%|#####     | 290/578 [01:09<01:37,  2.94it/s]
Extract:  50%|#####     | 291/578 [01:09<01:20,  3.55it/s]
Extract:  51%|#####     | 293/578 [01:09<00:53,  5.37it/s]
Extract:  51%|#####     | 294/578 [01:09<00:51,  5.55it/s]
Extract:  51%|#####1    | 295/578 [01:10<01:33,  3.03it/s]
Extract:  51%|#####1    | 296/578 [01:10<01:21,  3.48it/s]
Extract:  51%|#####1    | 297/578 [01:11<01:49,  2.56it/s]
Extract:  52%|#####1    | 298/578 [01:11<01:44,  2.67it/s]
Extract:  52%|#####1    | 299/578 [01:11<01:24,  3.31it/s]
Extract:  52%|#####1    | 300/578 [01:11<01:13,  3.76it/s]
Extract:  52%|#####2    | 301/578 [01:12<01:29,  3.09it/s]
Extract:  52%|#####2    | 303/578 [01:12<00:58,  4.71it/s]
Extract:  53%|#####2    | 304/578 [01:13<01:32,  2.97it/s]
Extract:  53%|#####2    | 305/578 [01:13<01:25,  3.20it/s]
Extract:  53%|#####3    | 307/578 [01:14<01:28,  3.08it/s]
Extract:  53%|#####3    | 308/578 [01:14<01:32,  2.92it/s]
Extract:  53%|#####3    | 309/578 [01:15<01:56,  2.31it/s]
Extract:  54%|#####3    | 310/578 [01:15<01:42,  2.61it/s]
Extract:  54%|#####3    | 311/578 [01:16<02:22,  1.87it/s]
Extract:  54%|#####3    | 312/578 [01:17<02:32,  1.74it/s]
Extract:  54%|#####4    | 313/578 [01:17<02:03,  2.14it/s]
Extract:  54%|#####4    | 314/578 [01:17<02:00,  2.20it/s]
Extract:  55%|#####4    | 316/578 [01:18<01:31,  2.86it/s]
Extract:  55%|#####5    | 318/578 [01:18<01:25,  3.05it/s]
Extract:  55%|#####5    | 319/578 [01:19<01:20,  3.20it/s]
Extract:  55%|#####5    | 320/578 [01:19<01:34,  2.73it/s]
Extract:  56%|#####5    | 321/578 [01:19<01:34,  2.71it/s]
Extract:  56%|#####5    | 322/578 [01:20<01:40,  2.54it/s]
Extract:  56%|#####5    | 323/578 [01:20<01:25,  2.97it/s]
Extract:  56%|#####6    | 325/578 [01:20<00:54,  4.65it/s]
Extract:  56%|#####6    | 326/578 [01:20<00:57,  4.37it/s]
Extract:  57%|#####6    | 327/578 [01:21<00:51,  4.88it/s]
Extract:  57%|#####6    | 328/578 [01:21<00:52,  4.78it/s]
Extract:  57%|#####7    | 330/578 [01:21<00:42,  5.79it/s]
Extract:  57%|#####7    | 331/578 [01:21<00:48,  5.12it/s]
Extract:  57%|#####7    | 332/578 [01:22<00:57,  4.29it/s]
Extract:  58%|#####7    | 334/578 [01:22<00:42,  5.77it/s]
Extract:  58%|#####7    | 335/578 [01:22<00:38,  6.29it/s]
Extract:  58%|#####8    | 337/578 [01:22<00:35,  6.89it/s]
Extract:  59%|#####8    | 339/578 [01:22<00:32,  7.45it/s]
Extract:  59%|#####8    | 340/578 [01:23<00:30,  7.70it/s]
Extract:  59%|#####8    | 341/578 [01:23<00:32,  7.20it/s]
Extract:  59%|#####9    | 342/578 [01:23<00:39,  5.98it/s]
Extract:  60%|#####9    | 344/578 [01:24<00:47,  4.91it/s]
Extract:  60%|#####9    | 345/578 [01:24<00:44,  5.26it/s]
Extract:  60%|######    | 347/578 [01:24<00:35,  6.51it/s]
Extract:  60%|######    | 349/578 [01:25<00:57,  3.95it/s]
Extract:  61%|######    | 350/578 [01:25<00:55,  4.11it/s]
Extract:  61%|######    | 351/578 [01:25<01:08,  3.33it/s]
Extract:  61%|######    | 352/578 [01:26<00:57,  3.94it/s]
Extract:  61%|######1   | 353/578 [01:26<01:02,  3.58it/s]
Extract:  61%|######1   | 355/578 [01:26<00:43,  5.16it/s]
Extract:  62%|######1   | 356/578 [01:27<00:59,  3.71it/s]
Extract:  62%|######1   | 357/578 [01:27<01:05,  3.39it/s]
Extract:  62%|######2   | 359/578 [01:27<00:53,  4.07it/s]
Extract:  62%|######2   | 360/578 [01:28<00:53,  4.10it/s]
Extract:  62%|######2   | 361/578 [01:28<00:46,  4.71it/s]
Extract:  63%|######2   | 362/578 [01:28<01:16,  2.82it/s]
Extract:  63%|######2   | 363/578 [01:29<01:02,  3.46it/s]
Extract:  63%|######2   | 364/578 [01:29<00:50,  4.22it/s]
Extract:  63%|######3   | 365/578 [01:29<00:49,  4.29it/s]
Extract:  63%|######3   | 366/578 [01:29<00:50,  4.24it/s]
Extract:  63%|######3   | 367/578 [01:30<01:09,  3.03it/s]
Extract:  64%|######3   | 368/578 [01:30<01:03,  3.32it/s]
Extract:  64%|######3   | 369/578 [01:30<01:19,  2.64it/s]
Extract:  64%|######4   | 371/578 [01:31<00:48,  4.29it/s]
Extract:  65%|######4   | 373/578 [01:31<00:44,  4.58it/s]
Extract:  65%|######4   | 374/578 [01:31<00:39,  5.10it/s]
Extract:  65%|######5   | 376/578 [01:31<00:34,  5.87it/s]
Extract:  65%|######5   | 377/578 [01:32<00:38,  5.23it/s]
Extract:  65%|######5   | 378/578 [01:32<00:36,  5.52it/s]
Extract:  66%|######5   | 379/578 [01:32<00:33,  6.00it/s]
Extract:  66%|######5   | 380/578 [01:32<00:39,  4.96it/s]
Extract:  66%|######5   | 381/578 [01:32<00:37,  5.32it/s]
Extract:  66%|######6   | 382/578 [01:33<00:51,  3.77it/s]
Extract:  66%|######6   | 383/578 [01:33<00:44,  4.34it/s]
Extract:  66%|######6   | 384/578 [01:33<01:01,  3.15it/s]
Extract:  67%|######6   | 386/578 [01:34<00:43,  4.41it/s]
Extract:  67%|######6   | 387/578 [01:34<00:44,  4.29it/s]
Extract:  67%|######7   | 389/578 [01:34<00:29,  6.33it/s]
Extract:  67%|######7   | 390/578 [01:34<00:27,  6.72it/s]
Extract:  68%|######7   | 391/578 [01:34<00:26,  7.11it/s]
Extract:  68%|######7   | 392/578 [01:34<00:26,  7.02it/s]
Extract:  68%|######7   | 393/578 [01:35<00:32,  5.69it/s]
Extract:  68%|######8   | 394/578 [01:35<00:34,  5.34it/s]
Extract:  68%|######8   | 395/578 [01:35<00:38,  4.74it/s]
Extract:  69%|######8   | 397/578 [01:35<00:33,  5.35it/s]
Extract:  69%|######8   | 398/578 [01:36<00:30,  5.82it/s]
Extract:  69%|######9   | 399/578 [01:36<00:30,  5.85it/s]
Extract:  69%|######9   | 400/578 [01:36<00:30,  5.92it/s]
Extract:  70%|######9   | 402/578 [01:36<00:24,  7.19it/s]
Extract:  70%|######9   | 403/578 [01:36<00:23,  7.52it/s]
Extract:  70%|#######   | 405/578 [01:36<00:20,  8.45it/s]
Extract:  70%|#######   | 406/578 [01:37<00:25,  6.73it/s]
Extract:  70%|#######   | 407/578 [01:37<00:32,  5.20it/s]
Extract:  71%|#######   | 408/578 [01:38<00:49,  3.42it/s]
Extract:  71%|#######   | 410/578 [01:38<00:36,  4.57it/s]
Extract:  71%|#######1  | 412/578 [01:38<00:28,  5.91it/s]
Extract:  71%|#######1  | 413/578 [01:38<00:32,  5.10it/s]
Extract:  72%|#######1  | 415/578 [01:38<00:25,  6.43it/s]
Extract:  72%|#######1  | 416/578 [01:39<00:26,  6.07it/s]
Extract:  72%|#######2  | 418/578 [01:39<00:32,  4.94it/s]
Extract:  72%|#######2  | 419/578 [01:39<00:34,  4.67it/s]
Extract:  73%|#######2  | 421/578 [01:40<00:38,  4.06it/s]
Extract:  73%|#######3  | 424/578 [01:40<00:27,  5.64it/s]
Extract:  74%|#######3  | 425/578 [01:41<00:34,  4.45it/s]
Extract:  74%|#######3  | 426/578 [01:41<00:32,  4.73it/s]
Extract:  74%|#######3  | 427/578 [01:42<00:44,  3.40it/s]
Extract:  74%|#######4  | 428/578 [01:42<00:54,  2.74it/s]
Extract:  74%|#######4  | 429/578 [01:43<01:00,  2.45it/s]
Extract:  75%|#######4  | 431/578 [01:43<00:49,  3.00it/s]
Extract:  75%|#######4  | 432/578 [01:43<00:45,  3.20it/s]
Extract:  75%|#######5  | 434/578 [01:44<00:44,  3.21it/s]
Extract:  75%|#######5  | 435/578 [01:44<00:39,  3.58it/s]
Extract:  76%|#######5  | 437/578 [01:44<00:31,  4.50it/s]
Extract:  76%|#######5  | 438/578 [01:45<00:29,  4.71it/s]
Extract:  76%|#######5  | 439/578 [01:45<00:32,  4.33it/s]
Extract:  76%|#######6  | 441/578 [01:45<00:34,  3.98it/s]
Extract:  76%|#######6  | 442/578 [01:46<00:30,  4.45it/s]
Extract:  77%|#######6  | 443/578 [01:46<00:26,  5.05it/s]
Extract:  77%|#######6  | 444/578 [01:46<00:23,  5.67it/s]
Extract:  77%|#######6  | 445/578 [01:46<00:36,  3.62it/s]
Extract:  77%|#######7  | 447/578 [01:46<00:24,  5.38it/s]
Extract:  78%|#######7  | 449/578 [01:47<00:18,  7.10it/s]
Extract:  78%|#######8  | 451/578 [01:48<00:44,  2.88it/s]
Extract:  78%|#######8  | 452/578 [01:48<00:41,  3.00it/s]
Extract:  79%|#######8  | 454/578 [01:49<00:30,  4.01it/s]
Extract:  79%|#######8  | 455/578 [01:49<00:27,  4.51it/s]
Extract:  79%|#######8  | 456/578 [01:49<00:23,  5.10it/s]
Extract:  79%|#######9  | 458/578 [01:49<00:23,  5.12it/s]
Extract:  79%|#######9  | 459/578 [01:49<00:21,  5.59it/s]
Extract:  80%|#######9  | 461/578 [01:49<00:17,  6.71it/s]
Extract:  80%|#######9  | 462/578 [01:50<00:16,  6.96it/s]
Extract:  80%|########  | 463/578 [01:50<00:21,  5.31it/s]
Extract:  81%|########  | 466/578 [01:50<00:15,  7.01it/s]
Extract:  81%|########  | 467/578 [01:51<00:20,  5.45it/s]
Extract:  81%|########  | 468/578 [01:51<00:26,  4.13it/s]
Extract:  81%|########1 | 469/578 [01:51<00:22,  4.76it/s]
Extract:  81%|########1 | 470/578 [01:51<00:24,  4.47it/s]
Extract:  81%|########1 | 471/578 [01:52<00:27,  3.87it/s]
Extract:  82%|########1 | 472/578 [01:52<00:39,  2.68it/s]
Extract:  82%|########1 | 473/578 [01:53<00:33,  3.16it/s]
Extract:  82%|########2 | 474/578 [01:53<00:31,  3.27it/s]
Extract:  82%|########2 | 475/578 [01:53<00:28,  3.56it/s]
Extract:  82%|########2 | 476/578 [01:54<00:43,  2.36it/s]
Extract:  83%|########2 | 477/578 [01:54<00:33,  3.02it/s]
Extract:  83%|########2 | 479/578 [01:54<00:24,  3.98it/s]
Extract:  83%|########3 | 480/578 [01:54<00:21,  4.65it/s]
Extract:  83%|########3 | 481/578 [01:55<00:19,  4.86it/s]
Extract:  84%|########3 | 483/578 [01:55<00:14,  6.42it/s]
Extract:  84%|########3 | 485/578 [01:55<00:11,  7.84it/s]
Extract:  84%|########4 | 487/578 [01:55<00:12,  7.50it/s]
Extract:  85%|########4 | 489/578 [01:56<00:18,  4.80it/s]
Extract:  85%|########4 | 490/578 [01:56<00:17,  5.02it/s]
Extract:  85%|########4 | 491/578 [01:56<00:18,  4.78it/s]
Extract:  85%|########5 | 492/578 [01:57<00:19,  4.35it/s]
Extract:  85%|########5 | 493/578 [01:57<00:18,  4.49it/s]
Extract:  85%|########5 | 494/578 [01:57<00:18,  4.60it/s]
Extract:  86%|########5 | 496/578 [01:57<00:12,  6.50it/s]
Extract:  86%|########5 | 497/578 [01:57<00:15,  5.40it/s]
Extract:  86%|########6 | 498/578 [01:58<00:24,  3.30it/s]
Extract:  87%|########6 | 500/578 [01:58<00:15,  5.04it/s]
Extract:  87%|########6 | 501/578 [01:58<00:14,  5.32it/s]
Extract:  87%|########7 | 503/578 [01:59<00:10,  7.24it/s]
Extract:  87%|########7 | 505/578 [02:00<00:20,  3.61it/s]
Extract:  88%|########7 | 507/578 [02:00<00:14,  4.83it/s]
Extract:  88%|########7 | 508/578 [02:00<00:14,  4.80it/s]
Extract:  88%|########8 | 510/578 [02:00<00:13,  4.92it/s]
Extract:  88%|########8 | 511/578 [02:00<00:12,  5.40it/s]
Extract:  89%|########8 | 512/578 [02:01<00:13,  4.95it/s]
Extract:  89%|########8 | 514/578 [02:01<00:09,  6.90it/s]
Extract:  89%|########9 | 515/578 [02:01<00:11,  5.37it/s]
Extract:  89%|########9 | 516/578 [02:02<00:16,  3.73it/s]
Extract:  89%|########9 | 517/578 [02:02<00:16,  3.60it/s]
Extract:  90%|########9 | 519/578 [02:03<00:16,  3.48it/s]
Extract:  90%|########9 | 520/578 [02:03<00:14,  3.87it/s]
Extract:  90%|######### | 522/578 [02:03<00:10,  5.15it/s]
Extract:  90%|######### | 523/578 [02:03<00:11,  4.90it/s]
Extract:  91%|######### | 524/578 [02:03<00:10,  5.19it/s]
Extract:  91%|#########1| 526/578 [02:04<00:13,  3.87it/s]
Extract:  91%|#########1| 528/578 [02:04<00:09,  5.05it/s]
Extract:  92%|#########1| 529/578 [02:04<00:09,  5.26it/s]
Extract:  92%|#########1| 530/578 [02:05<00:08,  5.62it/s]
Extract:  92%|#########1| 531/578 [02:05<00:07,  5.92it/s]
Extract:  92%|#########2| 532/578 [02:05<00:07,  6.13it/s]
Extract:  92%|#########2| 534/578 [02:05<00:07,  6.12it/s]
Extract:  93%|#########2| 536/578 [02:05<00:05,  7.93it/s]
Extract:  93%|#########2| 537/578 [02:05<00:06,  6.82it/s]
Extract:  93%|#########3| 538/578 [02:06<00:06,  5.96it/s]
Extract:  93%|#########3| 540/578 [02:06<00:07,  5.43it/s]
Extract:  94%|#########3| 541/578 [02:06<00:06,  5.40it/s]
Extract:  94%|#########3| 543/578 [02:07<00:07,  4.75it/s]
Extract:  94%|#########4| 545/578 [02:07<00:05,  6.52it/s]
Extract:  94%|#########4| 546/578 [02:07<00:07,  4.34it/s]
Extract:  95%|#########4| 547/578 [02:08<00:08,  3.47it/s]
Extract:  95%|#########5| 550/578 [02:08<00:04,  5.82it/s]
Extract:  96%|#########5| 553/578 [02:09<00:04,  5.54it/s]
Extract:  96%|#########5| 554/578 [02:09<00:05,  4.56it/s]
Extract:  96%|#########6| 555/578 [02:10<00:06,  3.69it/s]
Extract:  96%|#########6| 556/578 [02:10<00:05,  3.77it/s]
Extract:  96%|#########6| 557/578 [02:10<00:05,  3.79it/s]
Extract:  97%|#########6| 559/578 [02:10<00:03,  5.51it/s]
Extract:  97%|#########6| 560/578 [02:11<00:06,  2.99it/s]
Extract:  97%|#########7| 561/578 [02:11<00:05,  3.11it/s]
Extract:  98%|#########7| 564/578 [02:12<00:03,  3.78it/s]
Extract:  98%|#########7| 565/578 [02:12<00:04,  3.25it/s]
Extract:  98%|#########7| 566/578 [02:13<00:03,  3.70it/s]
Extract:  98%|#########8| 567/578 [02:13<00:02,  3.95it/s]
Extract:  98%|#########8| 568/578 [02:13<00:03,  3.27it/s]
Extract:  99%|#########8| 570/578 [02:13<00:01,  4.79it/s]
Extract:  99%|#########8| 572/578 [02:14<00:01,  5.89it/s]
Extract:  99%|#########9| 574/578 [02:14<00:00,  7.16it/s]
Extract:  99%|#########9| 575/578 [02:14<00:00,  6.82it/s]
Extract: 100%|#########9| 576/578 [02:14<00:00,  4.41it/s]
Extract: 100%|##########| 578/578 [02:15<00:00,  4.28it/s]

Extract:   0%|          | 0/578 [00:00<?, ?it/s]
Extract:   0%|          | 2/578 [00:00<00:38, 14.93it/s]
Extract:   1%|          | 4/578 [00:00<01:22,  6.95it/s]
Extract:   1%|          | 5/578 [00:00<01:31,  6.24it/s]
Extract:   1%|1         | 6/578 [00:00<01:33,  6.14it/s]
Extract:   1%|1         | 7/578 [00:01<01:55,  4.95it/s]
Extract:   1%|1         | 8/578 [00:01<02:24,  3.96it/s]
Extract:   2%|1         | 9/578 [00:01<02:38,  3.59it/s]
Extract:   2%|1         | 10/578 [00:02<02:32,  3.74it/s]
Extract:   2%|1         | 11/578 [00:02<02:26,  3.87it/s]
Extract:   2%|2         | 12/578 [00:02<03:07,  3.01it/s]
Extract:   2%|2         | 13/578 [00:03<03:15,  2.88it/s]
Extract:   2%|2         | 14/578 [00:03<04:00,  2.34it/s]
Extract:   3%|2         | 15/578 [00:04<04:19,  2.17it/s]
Extract:   3%|2         | 16/578 [00:04<03:31,  2.66it/s]
Extract:   3%|3         | 18/578 [00:04<02:08,  4.37it/s]
Extract:   3%|3         | 20/578 [00:04<01:32,  6.03it/s]
Extract:   4%|3         | 21/578 [00:05<02:19,  4.00it/s]
Extract:   4%|3         | 22/578 [00:05<02:23,  3.87it/s]
Extract:   4%|3         | 23/578 [00:05<02:25,  3.81it/s]
Extract:   4%|4         | 24/578 [00:06<02:02,  4.54it/s]
Extract:   4%|4         | 26/578 [00:06<01:28,  6.25it/s]
Extract:   5%|4         | 27/578 [00:06<02:17,  4.00it/s]
Extract:   5%|5         | 29/578 [00:06<01:44,  5.24it/s]
Extract:   5%|5         | 30/578 [00:07<01:39,  5.50it/s]
Extract:   5%|5         | 31/578 [00:07<01:46,  5.15it/s]
Extract:   6%|5         | 33/578 [00:07<01:15,  7.26it/s]
Extract:   6%|6         | 35/578 [00:07<01:07,  8.00it/s]
Extract:   6%|6         | 37/578 [00:08<01:18,  6.88it/s]
Extract:   7%|6         | 38/578 [00:08<01:15,  7.19it/s]
Extract:   7%|6         | 40/578 [00:08<01:01,  8.78it/s]
Extract:   7%|7         | 42/578 [00:08<01:29,  6.01it/s]
Extract:   7%|7         | 43/578 [00:09<02:00,  4.45it/s]
Extract:   8%|7         | 46/578 [00:09<01:19,  6.71it/s]
Extract:   8%|8         | 47/578 [00:09<01:22,  6.42it/s]
Extract:   8%|8         | 49/578 [00:09<01:07,  7.87it/s]
Extract:   9%|8         | 51/578 [00:10<01:46,  4.94it/s]
Extract:   9%|8         | 52/578 [00:10<01:50,  4.75it/s]
Extract:   9%|9         | 54/578 [00:11<01:43,  5.05it/s]
Extract:  10%|9         | 55/578 [00:11<01:50,  4.75it/s]
Extract:  10%|9         | 56/578 [00:11<01:38,  5.30it/s]
Extract:  10%|#         | 58/578 [00:11<01:29,  5.82it/s]
Extract:  10%|#         | 59/578 [00:12<01:49,  4.72it/s]
Extract:  10%|#         | 60/578 [00:12<02:06,  4.08it/s]
Extract:  11%|#         | 61/578 [00:12<02:13,  3.87it/s]
Extract:  11%|#         | 63/578 [00:12<01:31,  5.62it/s]
Extract:  11%|#1        | 64/578 [00:13<01:45,  4.89it/s]
Extract:  11%|#1        | 65/578 [00:13<02:13,  3.85it/s]
Extract:  12%|#1        | 67/578 [00:14<02:28,  3.44it/s]
Extract:  12%|#1        | 69/578 [00:14<01:57,  4.33it/s]
Extract:  12%|#2        | 71/578 [00:14<01:36,  5.23it/s]
Extract:  13%|#2        | 73/578 [00:15<01:48,  4.64it/s]
Extract:  13%|#2        | 75/578 [00:15<01:23,  5.99it/s]
Extract:  13%|#3        | 76/578 [00:15<01:22,  6.05it/s]
Extract:  13%|#3        | 77/578 [00:16<01:58,  4.22it/s]
Extract:  14%|#3        | 80/578 [00:16<01:15,  6.58it/s]
Extract:  14%|#4        | 81/578 [00:16<01:11,  6.92it/s]
Extract:  14%|#4        | 82/578 [00:16<01:10,  7.00it/s]
Extract:  14%|#4        | 83/578 [00:16<01:21,  6.10it/s]
Extract:  15%|#4        | 84/578 [00:17<02:04,  3.96it/s]
Extract:  15%|#4        | 85/578 [00:17<01:47,  4.60it/s]
Extract:  15%|#4        | 86/578 [00:17<01:36,  5.08it/s]
Extract:  15%|#5        | 88/578 [00:17<01:10,  6.97it/s]
Extract:  15%|#5        | 89/578 [00:18<01:57,  4.18it/s]
Extract:  16%|#5        | 90/578 [00:18<01:46,  4.60it/s]
Extract:  16%|#5        | 91/578 [00:18<02:25,  3.35it/s]
Extract:  16%|#5        | 92/578 [00:19<02:53,  2.80it/s]
Extract:  16%|#6        | 94/578 [00:19<02:09,  3.74it/s]
Extract:  17%|#6        | 96/578 [00:20<02:26,  3.29it/s]
Extract:  17%|#6        | 97/578 [00:20<02:19,  3.44it/s]
Extract:  17%|#6        | 98/578 [00:21<02:39,  3.01it/s]
Extract:  17%|#7        | 99/578 [00:21<02:19,  3.44it/s]
Extract:  17%|#7        | 100/578 [00:21<02:29,  3.20it/s]
Extract:  17%|#7        | 101/578 [00:21<02:15,  3.53it/s]
Extract:  18%|#7        | 103/578 [00:22<01:26,  5.48it/s]
Extract:  18%|#8        | 105/578 [00:22<01:29,  5.31it/s]
Extract:  18%|#8        | 106/578 [00:22<01:42,  4.60it/s]
Extract:  19%|#8        | 107/578 [00:23<02:31,  3.11it/s]
Extract:  19%|#8        | 108/578 [00:23<02:24,  3.25it/s]
Extract:  19%|#9        | 110/578 [00:23<01:50,  4.22it/s]
Extract:  19%|#9        | 111/578 [00:24<01:52,  4.14it/s]
Extract:  20%|#9        | 113/578 [00:24<01:22,  5.67it/s]
Extract:  20%|#9        | 114/578 [00:24<01:17,  6.02it/s]
Extract:  20%|#9        | 115/578 [00:24<01:12,  6.43it/s]
Extract:  20%|##        | 116/578 [00:24<01:14,  6.19it/s]
Extract:  20%|##        | 117/578 [00:25<01:41,  4.53it/s]
Extract:  21%|##        | 120/578 [00:25<01:37,  4.70it/s]
Extract:  21%|##        | 121/578 [00:26<02:04,  3.66it/s]
Extract:  21%|##1       | 123/578 [00:26<01:31,  5.00it/s]
Extract:  22%|##1       | 125/578 [00:26<01:40,  4.52it/s]
Extract:  22%|##1       | 126/578 [00:27<01:41,  4.44it/s]
Extract:  22%|##2       | 128/578 [00:27<01:23,  5.40it/s]
Extract:  22%|##2       | 130/578 [00:27<01:29,  5.00it/s]
Extract:  23%|##2       | 131/578 [00:28<01:57,  3.81it/s]
Extract:  23%|##2       | 132/578 [00:28<02:00,  3.70it/s]
Extract:  23%|##3       | 133/578 [00:29<02:08,  3.48it/s]
Extract:  23%|##3       | 134/578 [00:29<01:54,  3.89it/s]
Extract:  23%|##3       | 135/578 [00:29<01:43,  4.27it/s]
Extract:  24%|##3       | 136/578 [00:29<01:36,  4.56it/s]
Extract:  24%|##3       | 137/578 [00:30<02:24,  3.05it/s]
Extract:  24%|##3       | 138/578 [00:30<03:18,  2.22it/s]
Extract:  24%|##4       | 139/578 [00:31<03:05,  2.37it/s]
Extract:  24%|##4       | 141/578 [00:31<01:51,  3.93it/s]
Extract:  25%|##5       | 145/578 [00:31<00:55,  7.84it/s]
Extract:  25%|##5       | 147/578 [00:32<01:26,  5.00it/s]
Extract:  26%|##5       | 149/578 [00:32<01:40,  4.28it/s]
Extract:  26%|##5       | 150/578 [00:33<01:33,  4.55it/s]
Extract:  26%|##6       | 152/578 [00:33<01:09,  6.10it/s]
Extract:  27%|##6       | 154/578 [00:33<01:28,  4.79it/s]
Extract:  27%|##6       | 155/578 [00:34<01:47,  3.92it/s]
Extract:  27%|##7       | 157/578 [00:34<01:21,  5.14it/s]
Extract:  27%|##7       | 158/578 [00:34<01:14,  5.66it/s]
Extract:  28%|##7       | 160/578 [00:34<01:23,  4.99it/s]
Extract:  28%|##8       | 162/578 [00:35<01:04,  6.42it/s]
Extract:  28%|##8       | 163/578 [00:35<01:56,  3.57it/s]
Extract:  28%|##8       | 164/578 [00:36<01:50,  3.73it/s]
Extract:  29%|##8       | 165/578 [00:36<01:44,  3.94it/s]
Extract:  29%|##8       | 166/578 [00:36<01:34,  4.35it/s]
Extract:  29%|##8       | 167/578 [00:37<02:11,  3.13it/s]
Extract:  29%|##9       | 168/578 [00:37<01:55,  3.56it/s]
Extract:  29%|##9       | 169/578 [00:37<01:43,  3.97it/s]
Extract:  29%|##9       | 170/578 [00:37<01:34,  4.34it/s]
Extract:  30%|##9       | 172/578 [00:38<01:34,  4.31it/s]
Extract:  30%|##9       | 173/578 [00:38<02:12,  3.05it/s]
Extract:  30%|###       | 174/578 [00:38<01:57,  3.43it/s]
Extract:  30%|###       | 175/578 [00:39<01:39,  4.04it/s]
Extract:  30%|###       | 176/578 [00:39<01:25,  4.68it/s]
Extract:  31%|###       | 177/578 [00:40<02:46,  2.41it/s]
Extract:  31%|###       | 178/578 [00:40<02:28,  2.70it/s]
Extract:  31%|###       | 179/578 [00:40<02:22,  2.79it/s]
Extract:  31%|###1      | 180/578 [00:41<03:12,  2.06it/s]
Extract:  31%|###1      | 181/578 [00:42<03:26,  1.93it/s]
Extract:  31%|###1      | 182/578 [00:42<02:59,  2.20it/s]
Extract:  32%|###1      | 184/578 [00:42<02:13,  2.95it/s]
Extract:  32%|###2      | 185/578 [00:43<02:50,  2.31it/s]
Extract:  32%|###2      | 186/578 [00:43<02:35,  2.52it/s]
Extract:  33%|###2      | 188/578 [00:44<01:56,  3.35it/s]
Extract:  33%|###2      | 189/578 [00:45<03:00,  2.15it/s]
Extract:  33%|###3      | 191/578 [00:45<02:30,  2.57it/s]
Extract:  33%|###3      | 192/578 [00:45<02:07,  3.03it/s]
Extract:  33%|###3      | 193/578 [00:45<01:46,  3.60it/s]
Extract:  34%|###3      | 194/578 [00:46<01:31,  4.21it/s]
Extract:  34%|###3      | 196/578 [00:46<01:01,  6.22it/s]
Extract:  34%|###4      | 198/578 [00:47<01:51,  3.41it/s]
Extract:  35%|###4      | 201/578 [00:47<01:39,  3.80it/s]
Extract:  35%|###4      | 202/578 [00:48<01:46,  3.53it/s]
Extract:  35%|###5      | 203/578 [00:48<02:18,  2.71it/s]
Extract:  35%|###5      | 205/578 [00:49<01:35,  3.91it/s]
Extract:  36%|###5      | 206/578 [00:49<01:27,  4.26it/s]
Extract:  36%|###5      | 207/578 [00:49<01:35,  3.89it/s]
Extract:  36%|###6      | 209/578 [00:49<01:09,  5.32it/s]
Extract:  36%|###6      | 210/578 [00:50<01:22,  4.46it/s]
Extract:  37%|###6      | 212/578 [00:50<01:29,  4.07it/s]
Extract:  37%|###6      | 213/578 [00:50<01:23,  4.38it/s]
Extract:  37%|###7      | 215/578 [00:51<01:23,  4.34it/s]
Extract:  38%|###7      | 217/578 [00:51<01:10,  5.09it/s]
Extract:  38%|###7      | 219/578 [00:51<00:54,  6.60it/s]
Extract:  38%|###8      | 220/578 [00:51<00:52,  6.88it/s]
Extract:  38%|###8      | 221/578 [00:51<00:51,  6.89it/s]
Extract:  39%|###8      | 223/578 [00:52<00:43,  8.19it/s]
Extract:  39%|###8      | 224/578 [00:52<00:42,  8.39it/s]
Extract:  39%|###8      | 225/578 [00:52<01:13,  4.79it/s]
Extract:  39%|###9      | 226/578 [00:52<01:18,  4.47it/s]
Extract:  39%|###9      | 227/578 [00:53<01:13,  4.78it/s]
Extract:  40%|###9      | 229/578 [00:53<01:01,  5.68it/s]
Extract:  40%|###9      | 230/578 [00:53<01:21,  4.28it/s]
Extract:  40%|###9      | 231/578 [00:54<01:28,  3.91it/s]
Extract:  40%|####      | 232/578 [00:54<01:19,  4.33it/s]
Extract:  40%|####      | 233/578 [00:54<01:30,  3.79it/s]
Extract:  40%|####      | 234/578 [00:54<01:20,  4.29it/s]
Extract:  41%|####      | 235/578 [00:54<01:09,  4.91it/s]
Extract:  41%|####      | 236/578 [00:55<01:46,  3.21it/s]
Extract:  41%|####1     | 237/578 [00:56<02:08,  2.66it/s]
Extract:  41%|####1     | 239/578 [00:56<01:21,  4.14it/s]
Extract:  42%|####1     | 240/578 [00:56<01:15,  4.46it/s]
Extract:  42%|####1     | 242/578 [00:56<00:53,  6.32it/s]
Extract:  42%|####2     | 244/578 [00:56<01:03,  5.23it/s]
Extract:  42%|####2     | 245/578 [00:57<00:58,  5.69it/s]
Extract:  43%|####2     | 247/578 [00:57<00:59,  5.57it/s]
Extract:  43%|####2     | 248/578 [00:57<01:07,  4.85it/s]
Extract:  43%|####3     | 249/578 [00:57<01:03,  5.19it/s]
Extract:  43%|####3     | 250/578 [00:58<00:58,  5.62it/s]
Extract:  43%|####3     | 251/578 [00:58<00:56,  5.81it/s]
Extract:  44%|####3     | 253/578 [00:58<00:41,  7.79it/s]
Extract:  44%|####4     | 255/578 [00:58<00:56,  5.69it/s]
Extract:  44%|####4     | 256/578 [00:59<01:15,  4.29it/s]
Extract:  45%|####4     | 258/578 [00:59<00:56,  5.71it/s]
Extract:  45%|####4     | 260/578 [00:59<00:46,  6.80it/s]
Extract:  45%|####5     | 262/578 [01:00<00:52,  6.02it/s]
Extract:  46%|####5     | 263/578 [01:00<01:11,  4.38it/s]
Extract:  46%|####5     | 265/578 [01:00<01:04,  4.86it/s]
Extract:  46%|####6     | 266/578 [01:01<01:04,  4.87it/s]
Extract:  46%|####6     | 267/578 [01:01<01:15,  4.13it/s]
Extract:  47%|####6     | 269/578 [01:01<01:11,  4.31it/s]
Extract:  47%|####7     | 273/578 [01:02<01:06,  4.58it/s]
Extract:  47%|####7     | 274/578 [01:03<01:21,  3.72it/s]
Extract:  48%|####7     | 275/578 [01:03<01:29,  3.38it/s]
Extract:  48%|####7     | 276/578 [01:03<01:21,  3.69it/s]
Extract:  48%|####7     | 277/578 [01:03<01:10,  4.28it/s]
Extract:  48%|####8     | 280/578 [01:04<00:53,  5.61it/s]
Extract:  49%|####8     | 282/578 [01:04<00:43,  6.78it/s]
Extract:  49%|####8     | 283/578 [01:04<00:48,  6.14it/s]
Extract:  49%|####9     | 285/578 [01:04<00:44,  6.58it/s]
Extract:  49%|####9     | 286/578 [01:05<00:48,  5.97it/s]
Extract:  50%|####9     | 287/578 [01:05<00:46,  6.24it/s]
Extract:  50%|####9     | 288/578 [01:05<00:42,  6.75it/s]
Extract:  50%|#####     | 289/578 [01:05<00:49,  5.86it/s]
Extract:  50%|#####     | 290/578 [01:06<01:12,  3.99it/s]
Extract:  51%|#####     | 292/578 [01:06<00:49,  5.83it/s]
Extract:  51%|#####     | 294/578 [01:06<00:38,  7.33it/s]
Extract:  51%|#####1    | 295/578 [01:07<01:11,  3.97it/s]
Extract:  51%|#####1    | 296/578 [01:07<01:02,  4.50it/s]
Extract:  51%|#####1    | 297/578 [01:07<01:32,  3.04it/s]
Extract:  52%|#####1    | 299/578 [01:08<01:02,  4.43it/s]
Extract:  52%|#####1    | 300/578 [01:08<00:58,  4.73it/s]
Extract:  52%|#####2    | 301/578 [01:08<01:08,  4.07it/s]
Extract:  52%|#####2    | 303/578 [01:08<00:47,  5.78it/s]
Extract:  53%|#####2    | 304/578 [01:09<01:14,  3.70it/s]
Extract:  53%|#####2    | 305/578 [01:09<01:06,  4.09it/s]
Extract:  53%|#####3    | 307/578 [01:09<00:58,  4.63it/s]
Extract:  53%|#####3    | 308/578 [01:10<01:01,  4.41it/s]
Extract:  53%|#####3    | 309/578 [01:10<01:31,  2.93it/s]
Extract:  54%|#####3    | 310/578 [01:10<01:22,  3.25it/s]
Extract:  54%|#####3    | 311/578 [01:11<01:38,  2.72it/s]
Extract:  54%|#####3    | 312/578 [01:11<01:45,  2.52it/s]
Extract:  54%|#####4    | 313/578 [01:12<01:24,  3.15it/s]
Extract:  54%|#####4    | 314/578 [01:12<01:21,  3.25it/s]
Extract:  55%|#####4    | 316/578 [01:12<00:59,  4.42it/s]
Extract:  55%|#####5    | 318/578 [01:12<00:53,  4.88it/s]
Extract:  55%|#####5    | 319/578 [01:13<00:51,  5.07it/s]
Extract:  55%|#####5    | 320/578 [01:13<00:56,  4.59it/s]
Extract:  56%|#####5    | 321/578 [01:13<00:49,  5.23it/s]
Extract:  56%|#####5    | 322/578 [01:13<01:04,  3.97it/s]
Extract:  56%|#####5    | 323/578 [01:14<00:55,  4.56it/s]
Extract:  56%|#####6    | 325/578 [01:14<00:37,  6.82it/s]
Extract:  56%|#####6    | 326/578 [01:14<00:38,  6.58it/s]
Extract:  57%|#####6    | 328/578 [01:14<00:33,  7.48it/s]
Extract:  57%|#####7    | 330/578 [01:14<00:27,  9.08it/s]
Extract:  57%|#####7    | 332/578 [01:15<00:30,  7.94it/s]
Extract:  58%|#####7    | 334/578 [01:15<00:25,  9.74it/s]
Extract:  58%|#####8    | 337/578 [01:15<00:21, 11.45it/s]
Extract:  59%|#####8    | 339/578 [01:15<00:21, 11.13it/s]
Extract:  59%|#####8    | 341/578 [01:15<00:24,  9.56it/s]
Extract:  59%|#####9    | 343/578 [01:16<00:25,  9.37it/s]
Extract:  60%|#####9    | 345/578 [01:16<00:35,  6.64it/s]
Extract:  60%|######    | 347/578 [01:16<00:29,  7.92it/s]
Extract:  60%|######    | 349/578 [01:17<00:37,  6.04it/s]
Extract:  61%|######    | 350/578 [01:17<00:37,  6.10it/s]
Extract:  61%|######    | 351/578 [01:17<00:53,  4.24it/s]
Extract:  61%|######1   | 353/578 [01:18<00:44,  5.02it/s]
Extract:  61%|######1   | 355/578 [01:18<00:34,  6.39it/s]
Extract:  62%|######1   | 356/578 [01:18<00:54,  4.07it/s]
Extract:  62%|######1   | 357/578 [01:19<00:54,  4.06it/s]
Extract:  62%|######2   | 359/578 [01:19<00:43,  5.06it/s]
Extract:  62%|######2   | 360/578 [01:19<00:44,  4.88it/s]
Extract:  63%|######2   | 362/578 [01:20<00:48,  4.47it/s]
Extract:  63%|######2   | 364/578 [01:20<00:37,  5.65it/s]
Extract:  63%|######3   | 365/578 [01:20<00:39,  5.46it/s]
Extract:  63%|######3   | 366/578 [01:20<00:37,  5.64it/s]
Extract:  63%|######3   | 367/578 [01:21<00:46,  4.50it/s]
Extract:  64%|######3   | 368/578 [01:21<00:43,  4.84it/s]
Extract:  64%|######3   | 369/578 [01:21<01:01,  3.41it/s]
Extract:  64%|######4   | 372/578 [01:21<00:31,  6.49it/s]
Extract:  65%|######4   | 374/578 [01:22<00:38,  5.27it/s]
Extract:  65%|######4   | 375/578 [01:22<00:41,  4.92it/s]
Extract:  65%|######5   | 376/578 [01:22<00:42,  4.79it/s]
Extract:  65%|######5   | 377/578 [01:23<00:40,  4.98it/s]
Extract:  66%|######5   | 379/578 [01:23<00:30,  6.55it/s]
Extract:  66%|######5   | 380/578 [01:23<00:32,  6.09it/s]
Extract:  66%|######6   | 382/578 [01:23<00:38,  5.07it/s]
Extract:  66%|######6   | 383/578 [01:24<00:37,  5.20it/s]
Extract:  66%|######6   | 384/578 [01:24<00:45,  4.25it/s]
Extract:  67%|######6   | 386/578 [01:24<00:32,  5.84it/s]
Extract:  67%|######6   | 387/578 [01:24<00:31,  6.09it/s]
Extract:  67%|######7   | 390/578 [01:24<00:20,  9.31it/s]
Extract:  68%|######7   | 392/578 [01:25<00:21,  8.65it/s]
Extract:  68%|######8   | 394/578 [01:25<00:24,  7.65it/s]
Extract:  68%|######8   | 395/578 [01:25<00:24,  7.45it/s]
Extract:  69%|######8   | 397/578 [01:25<00:21,  8.31it/s]
Extract:  69%|######9   | 399/578 [01:25<00:19,  9.19it/s]
Extract:  69%|######9   | 401/578 [01:26<00:16, 10.86it/s]
Extract:  70%|######9   | 403/578 [01:26<00:14, 12.05it/s]
Extract:  70%|#######   | 405/578 [01:26<00:13, 12.95it/s]
Extract:  70%|#######   | 407/578 [01:26<00:19,  8.92it/s]
Extract:  71%|#######   | 409/578 [01:27<00:30,  5.53it/s]
Extract:  71%|#######   | 410/578 [01:27<00:30,  5.54it/s]
Extract:  71%|#######1  | 412/578 [01:28<00:32,  5.11it/s]
Extract:  71%|#######1  | 413/578 [01:28<00:34,  4.73it/s]
Extract:  72%|#######1  | 415/578 [01:28<00:27,  6.02it/s]
Extract:  72%|#######1  | 416/578 [01:28<00:27,  5.88it/s]
Extract:  72%|#######2  | 418/578 [01:28<00:25,  6.33it/s]
Extract:  72%|#######2  | 419/578 [01:29<00:27,  5.87it/s]
Extract:  73%|#######2  | 421/578 [01:29<00:32,  4.86it/s]
Extract:  73%|#######3  | 424/578 [01:29<00:23,  6.60it/s]
Extract:  74%|#######3  | 425/578 [01:30<00:28,  5.28it/s]
Extract:  74%|#######3  | 426/578 [01:30<00:27,  5.56it/s]
Extract:  74%|#######3  | 427/578 [01:30<00:38,  3.91it/s]
Extract:  74%|#######4  | 428/578 [01:31<00:44,  3.34it/s]
Extract:  74%|#######4  | 429/578 [01:31<00:47,  3.12it/s]
Extract:  75%|#######4  | 431/578 [01:32<00:33,  4.44it/s]
Extract:  75%|#######4  | 432/578 [01:32<00:32,  4.49it/s]
Extract:  75%|#######5  | 434/578 [01:32<00:33,  4.29it/s]
Extract:  75%|#######5  | 435/578 [01:32<00:30,  4.66it/s]
Extract:  76%|#######5  | 437/578 [01:33<00:24,  5.78it/s]
Extract:  76%|#######5  | 438/578 [01:33<00:23,  5.99it/s]
Extract:  76%|#######5  | 439/578 [01:33<00:25,  5.35it/s]
Extract:  76%|#######6  | 440/578 [01:33<00:31,  4.42it/s]
Extract:  76%|#######6  | 441/578 [01:34<00:40,  3.37it/s]
Extract:  76%|#######6  | 442/578 [01:34<00:34,  3.97it/s]
Extract:  77%|#######6  | 444/578 [01:34<00:24,  5.44it/s]
Extract:  77%|#######6  | 445/578 [01:35<00:31,  4.16it/s]
Extract:  77%|#######7  | 447/578 [01:35<00:22,  5.95it/s]
Extract:  78%|#######7  | 449/578 [01:35<00:16,  7.70it/s]
Extract:  78%|#######8  | 451/578 [01:36<00:32,  3.95it/s]
Extract:  78%|#######8  | 452/578 [01:36<00:28,  4.35it/s]
Extract:  79%|#######8  | 454/578 [01:36<00:22,  5.40it/s]
Extract:  79%|#######8  | 456/578 [01:36<00:18,  6.50it/s]
Extract:  79%|#######9  | 458/578 [01:37<00:19,  6.23it/s]
Extract:  80%|#######9  | 461/578 [01:37<00:14,  8.24it/s]
Extract:  80%|########  | 463/578 [01:37<00:15,  7.29it/s]
Extract:  80%|########  | 465/578 [01:37<00:12,  8.87it/s]
Extract:  81%|########  | 467/578 [01:38<00:17,  6.35it/s]
Extract:  81%|########  | 468/578 [01:39<00:28,  3.91it/s]
Extract:  81%|########1 | 469/578 [01:39<00:24,  4.38it/s]
Extract:  81%|########1 | 470/578 [01:39<00:24,  4.46it/s]
Extract:  81%|########1 | 471/578 [01:39<00:26,  4.09it/s]
Extract:  82%|########1 | 472/578 [01:39<00:26,  4.05it/s]
Extract:  82%|########1 | 473/578 [01:40<00:23,  4.54it/s]
Extract:  82%|########2 | 474/578 [01:40<00:21,  4.77it/s]
Extract:  82%|########2 | 475/578 [01:40<00:18,  5.52it/s]
Extract:  82%|########2 | 476/578 [01:40<00:25,  3.97it/s]
Extract:  83%|########2 | 477/578 [01:40<00:22,  4.58it/s]
Extract:  83%|########2 | 478/578 [01:41<00:18,  5.33it/s]
Extract:  83%|########2 | 479/578 [01:41<00:20,  4.88it/s]
Extract:  83%|########3 | 480/578 [01:41<00:17,  5.59it/s]
Extract:  83%|########3 | 481/578 [01:41<00:18,  5.30it/s]
Extract:  84%|########3 | 483/578 [01:41<00:13,  6.92it/s]
Extract:  84%|########3 | 485/578 [01:42<00:11,  8.15it/s]
Extract:  84%|########4 | 487/578 [01:42<00:11,  7.79it/s]
Extract:  84%|########4 | 488/578 [01:42<00:11,  7.70it/s]
Extract:  85%|########4 | 489/578 [01:43<00:20,  4.35it/s]
Extract:  85%|########4 | 490/578 [01:43<00:17,  4.94it/s]
Extract:  85%|########4 | 491/578 [01:43<00:17,  5.03it/s]
Extract:  85%|########5 | 492/578 [01:43<00:19,  4.39it/s]
Extract:  85%|########5 | 493/578 [01:43<00:17,  4.72it/s]
Extract:  85%|########5 | 494/578 [01:43<00:16,  4.96it/s]
Extract:  86%|########5 | 496/578 [01:44<00:11,  7.00it/s]
Extract:  86%|########6 | 498/578 [01:44<00:13,  5.84it/s]
Extract:  87%|########6 | 501/578 [01:44<00:08,  8.67it/s]
Extract:  87%|########7 | 504/578 [01:44<00:08,  9.09it/s]
Extract:  88%|########7 | 506/578 [01:45<00:13,  5.35it/s]
Extract:  88%|########7 | 508/578 [01:46<00:12,  5.78it/s]
Extract:  88%|########8 | 510/578 [01:46<00:11,  5.90it/s]
Extract:  88%|########8 | 511/578 [01:46<00:11,  6.06it/s]
Extract:  89%|########8 | 512/578 [01:46<00:13,  4.96it/s]
Extract:  89%|########8 | 514/578 [01:47<00:09,  6.51it/s]
Extract:  89%|########9 | 515/578 [01:47<00:12,  5.02it/s]
Extract:  89%|########9 | 516/578 [01:48<00:19,  3.16it/s]
Extract:  89%|########9 | 517/578 [01:48<00:18,  3.24it/s]
Extract:  90%|########9 | 519/578 [01:48<00:16,  3.63it/s]
Extract:  90%|########9 | 520/578 [01:49<00:14,  3.98it/s]
Extract:  90%|######### | 522/578 [01:49<00:10,  5.14it/s]
Extract:  90%|######### | 523/578 [01:49<00:11,  4.66it/s]
Extract:  91%|######### | 524/578 [01:49<00:10,  4.96it/s]
Extract:  91%|#########1| 526/578 [01:50<00:13,  3.94it/s]
Extract:  91%|#########1| 528/578 [01:50<00:09,  5.25it/s]
Extract:  92%|#########1| 529/578 [01:50<00:08,  5.58it/s]
Extract:  92%|#########1| 530/578 [01:50<00:08,  5.79it/s]
Extract:  92%|#########1| 531/578 [01:50<00:07,  6.08it/s]
Extract:  92%|#########2| 532/578 [01:51<00:07,  6.37it/s]
Extract:  92%|#########2| 533/578 [01:51<00:06,  6.87it/s]
Extract:  92%|#########2| 534/578 [01:51<00:07,  5.90it/s]
Extract:  93%|#########2| 536/578 [01:51<00:05,  8.08it/s]
Extract:  93%|#########2| 537/578 [01:51<00:06,  6.39it/s]
Extract:  93%|#########3| 538/578 [01:52<00:07,  5.41it/s]
Extract:  93%|#########3| 540/578 [01:52<00:07,  5.00it/s]
Extract:  94%|#########3| 541/578 [01:52<00:07,  4.97it/s]
Extract:  94%|#########3| 543/578 [01:52<00:05,  5.92it/s]
Extract:  94%|#########4| 546/578 [01:53<00:08,  4.00it/s]
Extract:  95%|#########4| 547/578 [01:54<00:09,  3.29it/s]
Extract:  95%|#########5| 550/578 [01:54<00:05,  5.26it/s]
Extract:  96%|#########5| 553/578 [01:55<00:04,  5.22it/s]
Extract:  96%|#########5| 554/578 [01:55<00:05,  4.08it/s]
Extract:  96%|#########6| 555/578 [01:56<00:06,  3.43it/s]
Extract:  96%|#########6| 556/578 [01:56<00:06,  3.48it/s]
Extract:  96%|#########6| 557/578 [01:56<00:05,  3.65it/s]
Extract:  97%|#########6| 559/578 [01:56<00:03,  5.34it/s]
Extract:  97%|#########6| 560/578 [01:57<00:04,  3.92it/s]
Extract:  97%|#########7| 561/578 [01:57<00:04,  3.90it/s]
Extract:  98%|#########7| 564/578 [01:58<00:03,  4.31it/s]
Extract:  98%|#########7| 565/578 [01:58<00:03,  3.50it/s]
Extract:  98%|#########7| 566/578 [01:58<00:02,  4.01it/s]
Extract:  98%|#########8| 567/578 [01:59<00:03,  3.18it/s]
Extract:  98%|#########8| 568/578 [01:59<00:03,  2.72it/s]
Extract:  99%|#########8| 570/578 [02:00<00:01,  4.02it/s]
Extract:  99%|#########8| 572/578 [02:00<00:01,  5.10it/s]
Extract:  99%|#########9| 574/578 [02:00<00:00,  6.62it/s]
Extract:  99%|#########9| 575/578 [02:00<00:00,  6.31it/s]
Extract: 100%|#########9| 576/578 [02:01<00:00,  4.21it/s]
Extract: 100%|##########| 578/578 [02:01<00:00,  4.77it/s]

Extract:   0%|          | 0/578 [00:00<?, ?it/s]
Extract:   0%|          | 2/578 [00:00<00:54, 10.48it/s]
Extract:   1%|          | 4/578 [00:00<01:38,  5.85it/s]
Extract:   1%|          | 5/578 [00:00<01:36,  5.92it/s]
Extract:   1%|1         | 6/578 [00:00<01:35,  6.01it/s]
Extract:   1%|1         | 7/578 [00:01<01:59,  4.78it/s]
Extract:   1%|1         | 8/578 [00:01<02:25,  3.91it/s]
Extract:   2%|1         | 9/578 [00:01<02:34,  3.68it/s]
Extract:   2%|1         | 10/578 [00:02<02:20,  4.03it/s]
Extract:   2%|1         | 11/578 [00:02<02:18,  4.09it/s]
Extract:   2%|2         | 12/578 [00:02<03:10,  2.97it/s]
Extract:   2%|2         | 13/578 [00:03<02:40,  3.51it/s]
Extract:   2%|2         | 14/578 [00:03<03:01,  3.11it/s]
Extract:   3%|2         | 15/578 [00:03<03:25,  2.74it/s]
Extract:   3%|2         | 16/578 [00:04<02:50,  3.31it/s]
Extract:   3%|3         | 19/578 [00:04<01:29,  6.25it/s]
Extract:   4%|3         | 21/578 [00:04<02:00,  4.61it/s]
Extract:   4%|3         | 22/578 [00:05<02:00,  4.61it/s]
Extract:   4%|3         | 23/578 [00:05<02:08,  4.33it/s]
Extract:   4%|4         | 24/578 [00:05<01:55,  4.78it/s]
Extract:   4%|4         | 26/578 [00:05<01:25,  6.46it/s]
Extract:   5%|4         | 27/578 [00:06<02:00,  4.57it/s]
Extract:   5%|5         | 29/578 [00:06<01:35,  5.77it/s]
Extract:   5%|5         | 30/578 [00:06<01:39,  5.53it/s]
Extract:   5%|5         | 31/578 [00:06<01:42,  5.33it/s]
Extract:   6%|5         | 32/578 [00:06<01:30,  6.03it/s]
Extract:   6%|5         | 34/578 [00:07<01:29,  6.06it/s]
Extract:   6%|6         | 35/578 [00:07<01:24,  6.41it/s]
Extract:   6%|6         | 37/578 [00:07<01:22,  6.53it/s]
Extract:   7%|6         | 38/578 [00:07<01:18,  6.85it/s]
Extract:   7%|6         | 40/578 [00:07<01:08,  7.84it/s]
Extract:   7%|7         | 41/578 [00:08<01:09,  7.76it/s]
Extract:   7%|7         | 42/578 [00:08<01:44,  5.11it/s]
Extract:   7%|7         | 43/578 [00:08<02:16,  3.92it/s]
Extract:   8%|7         | 45/578 [00:09<01:30,  5.86it/s]
Extract:   8%|8         | 47/578 [00:09<01:40,  5.28it/s]
Extract:   8%|8         | 49/578 [00:09<01:17,  6.86it/s]
Extract:   9%|8         | 51/578 [00:10<01:55,  4.57it/s]
Extract:   9%|8         | 52/578 [00:10<02:01,  4.32it/s]
Extract:   9%|9         | 54/578 [00:10<01:46,  4.90it/s]
Extract:  10%|9         | 55/578 [00:11<01:55,  4.54it/s]
Extract:  10%|9         | 56/578 [00:11<01:44,  4.99it/s]
Extract:  10%|9         | 57/578 [00:11<01:42,  5.08it/s]
Extract:  10%|#         | 58/578 [00:11<01:52,  4.64it/s]
Extract:  10%|#         | 59/578 [00:12<01:53,  4.56it/s]
Extract:  10%|#         | 60/578 [00:12<02:19,  3.72it/s]
Extract:  11%|#         | 61/578 [00:12<02:42,  3.17it/s]
Extract:  11%|#         | 62/578 [00:12<02:11,  3.92it/s]
Extract:  11%|#1        | 64/578 [00:13<01:53,  4.53it/s]
Extract:  11%|#1        | 65/578 [00:13<02:29,  3.43it/s]
Extract:  11%|#1        | 66/578 [00:13<02:04,  4.11it/s]
Extract:  12%|#1        | 67/578 [00:14<02:50,  2.99it/s]
Extract:  12%|#1        | 69/578 [00:14<02:07,  4.00it/s]
Extract:  12%|#2        | 71/578 [00:15<01:39,  5.07it/s]
Extract:  12%|#2        | 72/578 [00:15<01:32,  5.45it/s]
Extract:  13%|#2        | 73/578 [00:15<02:10,  3.87it/s]
Extract:  13%|#2        | 75/578 [00:15<01:34,  5.34it/s]
Extract:  13%|#3        | 76/578 [00:16<01:37,  5.14it/s]
Extract:  13%|#3        | 77/578 [00:16<02:32,  3.28it/s]
Extract:  14%|#3        | 79/578 [00:16<01:48,  4.60it/s]
Extract:  14%|#3        | 80/578 [00:16<01:38,  5.03it/s]
Extract:  14%|#4        | 81/578 [00:17<01:27,  5.65it/s]
Extract:  14%|#4        | 82/578 [00:17<01:19,  6.22it/s]
Extract:  14%|#4        | 83/578 [00:17<01:21,  6.11it/s]
Extract:  15%|#4        | 84/578 [00:17<02:12,  3.73it/s]
Extract:  15%|#4        | 85/578 [00:18<01:52,  4.40it/s]
Extract:  15%|#4        | 86/578 [00:18<01:41,  4.84it/s]
Extract:  15%|#5        | 88/578 [00:18<01:10,  6.98it/s]
Extract:  15%|#5        | 89/578 [00:18<02:03,  3.96it/s]
Extract:  16%|#5        | 90/578 [00:19<01:56,  4.19it/s]
Extract:  16%|#5        | 91/578 [00:19<02:44,  2.96it/s]
Extract:  16%|#5        | 92/578 [00:20<03:13,  2.51it/s]
Extract:  16%|#6        | 94/578 [00:20<02:24,  3.36it/s]
Extract:  17%|#6        | 96/578 [00:21<02:14,  3.59it/s]
Extract:  17%|#6        | 97/578 [00:21<01:57,  4.09it/s]
Extract:  17%|#6        | 98/578 [00:21<01:55,  4.16it/s]
Extract:  17%|#7        | 99/578 [00:21<01:38,  4.86it/s]
Extract:  17%|#7        | 100/578 [00:21<01:42,  4.66it/s]
Extract:  17%|#7        | 101/578 [00:21<01:31,  5.19it/s]
Extract:  18%|#7        | 104/578 [00:22<00:52,  9.04it/s]
Extract:  18%|#8        | 106/578 [00:22<01:17,  6.05it/s]
Extract:  19%|#8        | 107/578 [00:23<01:50,  4.26it/s]
Extract:  19%|#8        | 108/578 [00:23<01:51,  4.23it/s]
Extract:  19%|#9        | 110/578 [00:23<01:31,  5.13it/s]
Extract:  19%|#9        | 111/578 [00:23<01:28,  5.27it/s]
Extract:  20%|#9        | 113/578 [00:23<01:08,  6.81it/s]
Extract:  20%|#9        | 114/578 [00:24<01:04,  7.17it/s]
Extract:  20%|#9        | 115/578 [00:24<01:00,  7.59it/s]
Extract:  20%|##        | 116/578 [00:24<01:10,  6.54it/s]
Extract:  20%|##        | 117/578 [00:24<01:40,  4.58it/s]
Extract:  21%|##        | 120/578 [00:25<01:32,  4.96it/s]
Extract:  21%|##        | 121/578 [00:26<02:13,  3.41it/s]
Extract:  21%|##1       | 123/578 [00:26<01:33,  4.85it/s]
Extract:  22%|##1       | 125/578 [00:26<01:32,  4.87it/s]
Extract:  22%|##1       | 126/578 [00:26<01:30,  4.99it/s]
Extract:  22%|##2       | 128/578 [00:26<01:13,  6.09it/s]
Extract:  22%|##2       | 130/578 [00:27<01:24,  5.30it/s]
Extract:  23%|##2       | 131/578 [00:28<02:02,  3.66it/s]
Extract:  23%|##2       | 132/578 [00:28<01:52,  3.97it/s]
Extract:  23%|##3       | 133/578 [00:28<01:51,  4.00it/s]
Extract:  23%|##3       | 134/578 [00:28<01:37,  4.57it/s]
Extract:  23%|##3       | 135/578 [00:28<01:41,  4.37it/s]
Extract:  24%|##3       | 136/578 [00:28<01:29,  4.93it/s]
Extract:  24%|##3       | 137/578 [00:29<01:51,  3.96it/s]
Extract:  24%|##3       | 138/578 [00:29<02:41,  2.73it/s]
Extract:  24%|##4       | 139/578 [00:30<02:32,  2.87it/s]
Extract:  25%|##4       | 142/578 [00:30<01:19,  5.48it/s]
Extract:  25%|##5       | 146/578 [00:31<01:12,  5.95it/s]
Extract:  25%|##5       | 147/578 [00:31<01:11,  6.02it/s]
Extract:  26%|##5       | 148/578 [00:31<01:09,  6.18it/s]
Extract:  26%|##5       | 149/578 [00:31<01:50,  3.87it/s]
Extract:  26%|##5       | 150/578 [00:32<01:39,  4.32it/s]
Extract:  26%|##6       | 153/578 [00:32<01:32,  4.60it/s]
Extract:  27%|##6       | 155/578 [00:33<01:33,  4.50it/s]
Extract:  27%|##7       | 157/578 [00:33<01:13,  5.73it/s]
Extract:  28%|##7       | 159/578 [00:33<01:00,  6.87it/s]
Extract:  28%|##7       | 160/578 [00:33<01:08,  6.10it/s]
Extract:  28%|##8       | 162/578 [00:33<00:52,  7.86it/s]
Extract:  28%|##8       | 164/578 [00:34<01:19,  5.18it/s]
Extract:  29%|##8       | 165/578 [00:34<01:30,  4.58it/s]
Extract:  29%|##8       | 166/578 [00:34<01:22,  5.00it/s]
Extract:  29%|##8       | 167/578 [00:35<01:43,  3.98it/s]
Extract:  29%|##9       | 168/578 [00:35<01:35,  4.29it/s]
Extract:  29%|##9       | 169/578 [00:35<01:23,  4.92it/s]
Extract:  29%|##9       | 170/578 [00:35<01:18,  5.22it/s]
Extract:  30%|##9       | 172/578 [00:36<01:07,  5.98it/s]
Extract:  30%|##9       | 173/578 [00:36<01:26,  4.66it/s]
Extract:  30%|###       | 174/578 [00:36<01:18,  5.13it/s]
Extract:  30%|###       | 176/578 [00:36<00:56,  7.15it/s]
Extract:  31%|###       | 177/578 [00:37<01:24,  4.72it/s]
Extract:  31%|###       | 178/578 [00:37<01:17,  5.13it/s]
Extract:  31%|###       | 179/578 [00:37<01:09,  5.78it/s]
Extract:  31%|###1      | 180/578 [00:37<01:39,  4.00it/s]
Extract:  31%|###1      | 181/578 [00:38<01:51,  3.56it/s]
Extract:  31%|###1      | 182/578 [00:38<01:38,  4.01it/s]
Extract:  32%|###1      | 184/578 [00:38<01:20,  4.87it/s]
Extract:  32%|###2      | 185/578 [00:39<01:47,  3.64it/s]
Extract:  32%|###2      | 186/578 [00:39<01:36,  4.06it/s]
Extract:  33%|###2      | 188/578 [00:39<01:12,  5.39it/s]
Extract:  33%|###2      | 189/578 [00:40<01:36,  4.05it/s]
Extract:  33%|###3      | 191/578 [00:40<01:27,  4.41it/s]
Extract:  33%|###3      | 192/578 [00:40<01:16,  5.01it/s]
Extract:  34%|###3      | 194/578 [00:40<01:08,  5.60it/s]
Extract:  34%|###4      | 197/578 [00:41<01:03,  5.96it/s]
Extract:  34%|###4      | 198/578 [00:41<01:07,  5.60it/s]
Extract:  35%|###4      | 201/578 [00:42<01:09,  5.43it/s]
Extract:  35%|###4      | 202/578 [00:42<01:09,  5.39it/s]
Extract:  35%|###5      | 203/578 [00:42<01:29,  4.18it/s]
Extract:  36%|###5      | 206/578 [00:42<01:00,  6.19it/s]
Extract:  36%|###5      | 207/578 [00:43<01:05,  5.66it/s]
Extract:  36%|###6      | 209/578 [00:43<00:51,  7.15it/s]
Extract:  37%|###6      | 211/578 [00:43<00:41,  8.91it/s]
Extract:  37%|###6      | 213/578 [00:44<01:20,  4.52it/s]
Extract:  37%|###7      | 215/578 [00:44<01:19,  4.55it/s]
Extract:  38%|###7      | 217/578 [00:45<01:10,  5.11it/s]
Extract:  38%|###8      | 220/578 [00:45<00:52,  6.83it/s]
Extract:  38%|###8      | 222/578 [00:45<00:43,  8.20it/s]
Extract:  39%|###8      | 224/578 [00:45<00:38,  9.25it/s]
Extract:  39%|###9      | 226/578 [00:46<00:52,  6.70it/s]
Extract:  39%|###9      | 227/578 [00:46<00:50,  7.01it/s]
Extract:  40%|###9      | 229/578 [00:46<00:41,  8.33it/s]
Extract:  40%|###9      | 231/578 [00:46<00:53,  6.45it/s]
Extract:  40%|####      | 232/578 [00:46<00:54,  6.35it/s]
Extract:  40%|####      | 233/578 [00:47<00:52,  6.53it/s]
Extract:  40%|####      | 234/578 [00:47<00:52,  6.54it/s]
Extract:  41%|####      | 235/578 [00:47<00:51,  6.71it/s]
Extract:  41%|####      | 236/578 [00:47<01:21,  4.17it/s]
Extract:  41%|####1     | 237/578 [00:48<01:39,  3.44it/s]
Extract:  41%|####1     | 239/578 [00:48<01:23,  4.07it/s]
Extract:  42%|####1     | 240/578 [00:48<01:15,  4.47it/s]
Extract:  42%|####1     | 242/578 [00:48<00:53,  6.30it/s]
Extract:  42%|####2     | 244/578 [00:49<01:04,  5.15it/s]
Extract:  42%|####2     | 245/578 [00:49<00:59,  5.59it/s]
Extract:  43%|####2     | 247/578 [00:49<00:59,  5.61it/s]
Extract:  43%|####2     | 248/578 [00:50<01:07,  4.86it/s]
Extract:  43%|####3     | 249/578 [00:50<01:04,  5.12it/s]
Extract:  43%|####3     | 250/578 [00:50<00:59,  5.55it/s]
Extract:  43%|####3     | 251/578 [00:50<00:57,  5.73it/s]
Extract:  44%|####3     | 253/578 [00:50<00:42,  7.66it/s]
Extract:  44%|####4     | 255/578 [00:51<00:45,  7.06it/s]
Extract:  44%|####4     | 256/578 [00:51<01:04,  4.97it/s]
Extract:  45%|####4     | 258/578 [00:51<00:50,  6.38it/s]
Extract:  45%|####4     | 259/578 [00:51<00:46,  6.90it/s]
Extract:  45%|####5     | 261/578 [00:52<00:38,  8.14it/s]
Extract:  45%|####5     | 262/578 [00:52<00:53,  5.89it/s]
Extract:  46%|####5     | 263/578 [00:52<01:16,  4.12it/s]
Extract:  46%|####5     | 265/578 [00:53<01:07,  4.65it/s]
Extract:  46%|####6     | 266/578 [00:53<01:24,  3.69it/s]
Extract:  46%|####6     | 267/578 [00:54<01:31,  3.40it/s]
Extract:  47%|####6     | 269/578 [00:54<01:20,  3.83it/s]
Extract:  47%|####7     | 272/578 [00:54<00:47,  6.39it/s]
Extract:  47%|####7     | 274/578 [00:55<01:16,  3.99it/s]
Extract:  48%|####7     | 275/578 [00:55<01:18,  3.86it/s]
Extract:  48%|####7     | 276/578 [00:55<01:11,  4.25it/s]
Extract:  48%|####8     | 278/578 [00:56<00:51,  5.85it/s]
Extract:  48%|####8     | 280/578 [00:56<00:49,  6.07it/s]
Extract:  49%|####8     | 282/578 [00:56<00:39,  7.47it/s]
Extract:  49%|####9     | 284/578 [00:56<00:43,  6.72it/s]
Extract:  49%|####9     | 285/578 [00:57<00:58,  5.00it/s]
Extract:  49%|####9     | 286/578 [00:57<00:56,  5.14it/s]
Extract:  50%|####9     | 288/578 [00:57<00:45,  6.32it/s]
Extract:  50%|#####     | 289/578 [00:57<00:48,  6.01it/s]
Extract:  50%|#####     | 290/578 [00:58<01:09,  4.13it/s]
Extract:  50%|#####     | 291/578 [00:58<00:59,  4.83it/s]
Extract:  51%|#####     | 294/578 [00:58<00:39,  7.16it/s]
Extract:  51%|#####1    | 295/578 [00:59<00:59,  4.74it/s]
Extract:  51%|#####1    | 296/578 [00:59<00:54,  5.17it/s]
Extract:  51%|#####1    | 297/578 [00:59<01:18,  3.59it/s]
Extract:  52%|#####1    | 299/578 [01:00<00:55,  5.05it/s]
Extract:  52%|#####1    | 300/578 [01:00<00:54,  5.14it/s]
Extract:  52%|#####2    | 301/578 [01:00<01:04,  4.29it/s]
Extract:  53%|#####2    | 304/578 [01:01<00:59,  4.63it/s]
Extract:  53%|#####2    | 305/578 [01:01<00:56,  4.80it/s]
Extract:  53%|#####3    | 307/578 [01:02<01:10,  3.87it/s]
Extract:  53%|#####3    | 308/578 [01:02<01:08,  3.92it/s]
Extract:  53%|#####3    | 309/578 [01:02<01:16,  3.52it/s]
Extract:  54%|#####3    | 310/578 [01:02<01:09,  3.88it/s]
Extract:  54%|#####3    | 311/578 [01:03<01:25,  3.11it/s]
Extract:  54%|#####3    | 312/578 [01:03<01:36,  2.75it/s]
Extract:  54%|#####4    | 314/578 [01:04<01:10,  3.74it/s]
Extract:  55%|#####4    | 316/578 [01:04<00:57,  4.60it/s]
Extract:  55%|#####5    | 318/578 [01:04<00:56,  4.64it/s]
Extract:  55%|#####5    | 319/578 [01:05<00:55,  4.71it/s]
Extract:  55%|#####5    | 320/578 [01:05<01:20,  3.21it/s]
Extract:  56%|#####5    | 321/578 [01:05<01:06,  3.84it/s]
Extract:  56%|#####5    | 322/578 [01:06<01:07,  3.78it/s]
Extract:  56%|#####5    | 323/578 [01:06<00:59,  4.26it/s]
Extract:  56%|#####6    | 325/578 [01:06<00:41,  6.17it/s]
Extract:  56%|#####6    | 326/578 [01:06<00:44,  5.64it/s]
Extract:  57%|#####6    | 328/578 [01:06<00:40,  6.19it/s]
Extract:  57%|#####7    | 330/578 [01:07<00:33,  7.46it/s]
Extract:  57%|#####7    | 331/578 [01:07<00:35,  6.93it/s]
Extract:  57%|#####7    | 332/578 [01:07<00:43,  5.67it/s]
Extract:  58%|#####7    | 334/578 [01:07<00:31,  7.80it/s]
Extract:  58%|#####7    | 335/578 [01:07<00:30,  8.01it/s]
Extract:  58%|#####8    | 337/578 [01:07<00:26,  9.19it/s]
Extract:  59%|#####8    | 339/578 [01:08<00:26,  9.17it/s]
Extract:  59%|#####8    | 340/578 [01:08<00:27,  8.76it/s]
Extract:  59%|#####8    | 341/578 [01:08<00:28,  8.41it/s]
Extract:  59%|#####9    | 342/578 [01:08<00:34,  6.88it/s]
Extract:  60%|#####9    | 344/578 [01:09<00:43,  5.39it/s]
Extract:  60%|#####9    | 345/578 [01:09<00:39,  5.92it/s]
Extract:  60%|######    | 347/578 [01:09<00:31,  7.29it/s]
Extract:  60%|######    | 349/578 [01:09<00:43,  5.29it/s]
Extract:  61%|######    | 350/578 [01:10<00:41,  5.50it/s]
Extract:  61%|######    | 351/578 [01:10<01:08,  3.31it/s]
Extract:  61%|######1   | 353/578 [01:11<01:07,  3.35it/s]
Extract:  61%|######1   | 355/578 [01:11<00:48,  4.59it/s]
Extract:  62%|######1   | 356/578 [01:12<01:02,  3.58it/s]
Extract:  62%|######1   | 357/578 [01:12<00:57,  3.83it/s]
Extract:  62%|######2   | 359/578 [01:12<00:42,  5.10it/s]
Extract:  62%|######2   | 360/578 [01:12<00:39,  5.55it/s]
Extract:  63%|######2   | 362/578 [01:12<00:39,  5.53it/s]
Extract:  63%|######2   | 364/578 [01:13<00:29,  7.17it/s]
Extract:  63%|######3   | 365/578 [01:13<00:31,  6.68it/s]
Extract:  63%|######3   | 366/578 [01:13<00:36,  5.82it/s]
Extract:  63%|######3   | 367/578 [01:13<00:53,  3.94it/s]
Extract:  64%|######3   | 368/578 [01:14<00:48,  4.37it/s]
Extract:  64%|######3   | 369/578 [01:14<00:55,  3.75it/s]
Extract:  65%|######4   | 373/578 [01:14<00:32,  6.39it/s]
Extract:  65%|######4   | 374/578 [01:14<00:30,  6.78it/s]
Extract:  65%|######5   | 376/578 [01:15<00:26,  7.61it/s]
Extract:  65%|######5   | 377/578 [01:15<00:28,  6.97it/s]
Extract:  66%|######5   | 379/578 [01:15<00:23,  8.44it/s]
Extract:  66%|######5   | 380/578 [01:15<00:28,  6.89it/s]
Extract:  66%|######5   | 381/578 [01:15<00:29,  6.74it/s]
Extract:  66%|######6   | 382/578 [01:16<00:53,  3.70it/s]
Extract:  66%|######6   | 383/578 [01:16<00:44,  4.35it/s]
Extract:  66%|######6   | 384/578 [01:16<00:47,  4.11it/s]
Extract:  67%|######6   | 386/578 [01:17<00:33,  5.67it/s]
Extract:  67%|######6   | 387/578 [01:17<00:33,  5.70it/s]
Extract:  67%|######7   | 390/578 [01:17<00:22,  8.31it/s]
Extract:  68%|######7   | 391/578 [01:17<00:23,  7.85it/s]
Extract:  68%|######7   | 392/578 [01:17<00:24,  7.61it/s]
Extract:  68%|######7   | 393/578 [01:18<00:28,  6.46it/s]
Extract:  68%|######8   | 394/578 [01:18<00:29,  6.16it/s]
Extract:  68%|######8   | 395/578 [01:18<00:31,  5.80it/s]
Extract:  69%|######8   | 397/578 [01:18<00:28,  6.44it/s]
Extract:  69%|######8   | 398/578 [01:18<00:26,  6.92it/s]
Extract:  69%|######9   | 399/578 [01:18<00:25,  7.10it/s]
Extract:  69%|######9   | 401/578 [01:19<00:19,  9.25it/s]
Extract:  70%|######9   | 403/578 [01:19<00:17, 10.12it/s]
Extract:  70%|#######   | 405/578 [01:19<00:16, 10.79it/s]
Extract:  70%|#######   | 407/578 [01:19<00:25,  6.77it/s]
Extract:  71%|#######   | 408/578 [01:20<00:37,  4.53it/s]
Extract:  71%|#######   | 410/578 [01:20<00:31,  5.26it/s]
Extract:  71%|#######1  | 412/578 [01:20<00:26,  6.26it/s]
Extract:  71%|#######1  | 413/578 [01:21<00:32,  5.07it/s]
Extract:  72%|#######1  | 415/578 [01:21<00:26,  6.24it/s]
Extract:  72%|#######1  | 416/578 [01:21<00:27,  5.82it/s]
Extract:  72%|#######2  | 417/578 [01:21<00:26,  6.10it/s]
Extract:  72%|#######2  | 418/578 [01:22<00:40,  3.97it/s]
Extract:  72%|#######2  | 419/578 [01:22<00:41,  3.81it/s]
Extract:  73%|#######2  | 421/578 [01:23<00:46,  3.35it/s]
Extract:  73%|#######3  | 424/578 [01:23<00:31,  4.93it/s]
Extract:  74%|#######3  | 425/578 [01:24<00:37,  4.12it/s]
Extract:  74%|#######3  | 426/578 [01:24<00:34,  4.35it/s]
Extract:  74%|#######3  | 427/578 [01:24<00:45,  3.29it/s]
Extract:  74%|#######4  | 428/578 [01:25<00:54,  2.77it/s]
Extract:  74%|#######4  | 429/578 [01:25<00:58,  2.54it/s]
Extract:  75%|#######4  | 431/578 [01:25<00:38,  3.77it/s]
Extract:  75%|#######4  | 432/578 [01:26<00:37,  3.94it/s]
Extract:  75%|#######5  | 434/578 [01:26<00:38,  3.70it/s]
Extract:  75%|#######5  | 435/578 [01:26<00:35,  4.07it/s]
Extract:  76%|#######5  | 437/578 [01:27<00:27,  5.17it/s]
Extract:  76%|#######5  | 438/578 [01:27<00:25,  5.43it/s]
Extract:  76%|#######5  | 439/578 [01:27<00:28,  4.91it/s]
Extract:  76%|#######6  | 441/578 [01:28<00:41,  3.31it/s]
Extract:  76%|#######6  | 442/578 [01:28<00:35,  3.79it/s]
Extract:  77%|#######6  | 443/578 [01:28<00:30,  4.44it/s]
Extract:  77%|#######6  | 444/578 [01:28<00:26,  4.97it/s]
Extract:  77%|#######6  | 445/578 [01:29<00:38,  3.47it/s]
Extract:  77%|#######7  | 447/578 [01:29<00:24,  5.26it/s]
Extract:  78%|#######7  | 449/578 [01:29<00:18,  6.99it/s]
Extract:  78%|#######8  | 451/578 [01:30<00:35,  3.61it/s]
Extract:  78%|#######8  | 452/578 [01:30<00:31,  3.99it/s]
Extract:  79%|#######8  | 454/578 [01:31<00:24,  5.00it/s]
Extract:  79%|#######8  | 455/578 [01:31<00:22,  5.54it/s]
Extract:  79%|#######8  | 456/578 [01:31<00:19,  6.12it/s]
Extract:  79%|#######9  | 458/578 [01:31<00:20,  5.82it/s]
Extract:  80%|#######9  | 460/578 [01:31<00:15,  7.63it/s]
Extract:  80%|#######9  | 462/578 [01:31<00:14,  7.79it/s]
Extract:  80%|########  | 463/578 [01:32<00:16,  7.01it/s]
Extract:  81%|########  | 466/578 [01:32<00:12,  9.09it/s]
Extract:  81%|########  | 468/578 [01:32<00:18,  5.98it/s]
Extract:  81%|########1 | 470/578 [01:33<00:15,  6.80it/s]
Extract:  81%|########1 | 471/578 [01:33<00:16,  6.46it/s]
Extract:  82%|########1 | 472/578 [01:33<00:19,  5.47it/s]
Extract:  82%|########1 | 473/578 [01:33<00:18,  5.66it/s]
Extract:  82%|########2 | 474/578 [01:34<00:19,  5.33it/s]
Extract:  82%|########2 | 475/578 [01:34<00:17,  5.90it/s]
Extract:  82%|########2 | 476/578 [01:34<00:23,  4.32it/s]
Extract:  83%|########2 | 478/578 [01:35<00:24,  4.10it/s]
Extract:  83%|########2 | 479/578 [01:35<00:22,  4.44it/s]
Extract:  83%|########3 | 481/578 [01:35<00:18,  5.36it/s]
Extract:  84%|########3 | 483/578 [01:35<00:13,  6.86it/s]
Extract:  84%|########3 | 485/578 [01:35<00:10,  8.67it/s]
Extract:  84%|########4 | 487/578 [01:36<00:10,  8.33it/s]
Extract:  85%|########4 | 489/578 [01:36<00:14,  6.15it/s]
Extract:  85%|########4 | 491/578 [01:36<00:13,  6.43it/s]
Extract:  85%|########5 | 492/578 [01:37<00:15,  5.69it/s]
Extract:  85%|########5 | 493/578 [01:37<00:15,  5.66it/s]
Extract:  85%|########5 | 494/578 [01:37<00:14,  5.61it/s]
Extract:  86%|########5 | 496/578 [01:37<00:10,  7.69it/s]
Extract:  86%|########6 | 498/578 [01:38<00:13,  6.03it/s]
Extract:  87%|########6 | 501/578 [01:38<00:09,  8.16it/s]
Extract:  87%|########7 | 504/578 [01:38<00:08,  8.69it/s]
Extract:  87%|########7 | 505/578 [01:38<00:11,  6.56it/s]
Extract:  88%|########7 | 507/578 [01:38<00:08,  8.19it/s]
Extract:  88%|########8 | 509/578 [01:39<00:07,  8.87it/s]
Extract:  88%|########8 | 511/578 [01:39<00:08,  7.76it/s]
Extract:  89%|########8 | 512/578 [01:39<00:09,  7.03it/s]
Extract:  89%|########8 | 514/578 [01:39<00:07,  8.68it/s]
Extract:  89%|########9 | 516/578 [01:40<00:12,  5.14it/s]
Extract:  89%|########9 | 517/578 [01:40<00:11,  5.08it/s]
Extract:  90%|########9 | 519/578 [01:41<00:13,  4.47it/s]
Extract:  90%|########9 | 520/578 [01:41<00:11,  4.94it/s]
Extract:  90%|######### | 522/578 [01:41<00:09,  5.79it/s]
Extract:  90%|######### | 523/578 [01:41<00:10,  5.04it/s]
Extract:  91%|######### | 524/578 [01:42<00:10,  5.39it/s]
Extract:  91%|#########1| 526/578 [01:42<00:12,  4.22it/s]
Extract:  91%|#########1| 528/578 [01:42<00:09,  5.52it/s]
Extract:  92%|#########1| 529/578 [01:43<00:08,  5.92it/s]
Extract:  92%|#########1| 530/578 [01:43<00:07,  6.14it/s]
Extract:  92%|#########1| 531/578 [01:43<00:07,  6.60it/s]
Extract:  92%|#########2| 532/578 [01:43<00:06,  7.05it/s]
Extract:  92%|#########2| 534/578 [01:43<00:06,  6.89it/s]
Extract:  93%|#########2| 536/578 [01:43<00:04,  8.78it/s]
Extract:  93%|#########3| 538/578 [01:44<00:06,  6.40it/s]
Extract:  93%|#########3| 540/578 [01:44<00:06,  5.63it/s]
Extract:  94%|#########3| 541/578 [01:44<00:06,  5.45it/s]
Extract:  94%|#########3| 543/578 [01:45<00:05,  6.24it/s]
Extract:  94%|#########4| 546/578 [01:45<00:05,  5.69it/s]
Extract:  95%|#########4| 547/578 [01:46<00:07,  4.18it/s]
Extract:  95%|#########5| 550/578 [01:46<00:04,  6.25it/s]
Extract:  96%|#########5| 553/578 [01:47<00:04,  5.47it/s]
Extract:  96%|#########5| 554/578 [01:47<00:05,  4.05it/s]
Extract:  96%|#########6| 555/578 [01:48<00:07,  3.15it/s]
Extract:  96%|#########6| 556/578 [01:49<00:08,  2.52it/s]
Extract:  96%|#########6| 557/578 [01:49<00:07,  2.65it/s]
Extract:  97%|#########6| 559/578 [01:49<00:04,  3.92it/s]
Extract:  97%|#########6| 560/578 [01:50<00:05,  3.16it/s]
Extract:  97%|#########7| 561/578 [01:50<00:05,  3.24it/s]
Extract:  98%|#########7| 564/578 [01:50<00:03,  3.94it/s]
Extract:  98%|#########7| 565/578 [01:51<00:03,  3.51it/s]
Extract:  98%|#########7| 566/578 [01:51<00:03,  3.95it/s]
Extract:  98%|#########8| 567/578 [01:51<00:02,  4.11it/s]
Extract:  98%|#########8| 568/578 [01:52<00:03,  3.14it/s]
Extract:  99%|#########8| 570/578 [01:52<00:01,  4.54it/s]
Extract:  99%|#########8| 572/578 [01:52<00:01,  5.49it/s]
Extract:  99%|#########9| 574/578 [01:52<00:00,  7.08it/s]
Extract:  99%|#########9| 575/578 [01:52<00:00,  6.70it/s]
Extract: 100%|#########9| 576/578 [01:53<00:00,  4.65it/s]
Extract: 100%|##########| 578/578 [01:53<00:00,  5.09it/s]

Extract:   0%|          | 0/578 [00:00<?, ?it/s]
Extract:   0%|          | 2/578 [00:00<00:31, 18.09it/s]
Extract:   1%|          | 4/578 [00:00<01:12,  7.97it/s]
Extract:   1%|1         | 6/578 [00:00<01:21,  6.98it/s]
Extract:   1%|1         | 7/578 [00:01<01:40,  5.70it/s]
Extract:   1%|1         | 8/578 [00:01<01:54,  4.97it/s]
Extract:   2%|1         | 9/578 [00:01<01:58,  4.78it/s]
Extract:   2%|1         | 10/578 [00:01<01:54,  4.97it/s]
Extract:   2%|1         | 11/578 [00:01<01:53,  4.99it/s]
Extract:   2%|2         | 12/578 [00:02<02:28,  3.80it/s]
Extract:   2%|2         | 13/578 [00:02<02:05,  4.52it/s]
Extract:   2%|2         | 14/578 [00:02<02:42,  3.46it/s]
Extract:   3%|2         | 15/578 [00:03<03:38,  2.58it/s]
Extract:   3%|2         | 16/578 [00:03<03:00,  3.11it/s]
Extract:   3%|3         | 19/578 [00:03<01:32,  6.02it/s]
Extract:   4%|3         | 21/578 [00:04<01:47,  5.18it/s]
Extract:   4%|3         | 22/578 [00:04<01:44,  5.32it/s]
Extract:   4%|3         | 23/578 [00:04<01:58,  4.68it/s]
Extract:   4%|4         | 24/578 [00:04<01:45,  5.25it/s]
Extract:   4%|4         | 26/578 [00:05<01:15,  7.34it/s]
Extract:   5%|4         | 28/578 [00:05<01:49,  5.02it/s]
Extract:   5%|5         | 29/578 [00:05<01:40,  5.48it/s]
Extract:   5%|5         | 30/578 [00:05<01:39,  5.49it/s]
Extract:   5%|5         | 31/578 [00:06<01:46,  5.14it/s]
Extract:   6%|5         | 33/578 [00:06<01:14,  7.33it/s]
Extract:   6%|6         | 35/578 [00:06<01:01,  8.79it/s]
Extract:   6%|6         | 37/578 [00:06<01:02,  8.68it/s]
Extract:   7%|6         | 39/578 [00:06<00:54,  9.98it/s]
Extract:   7%|7         | 41/578 [00:07<00:53, 10.01it/s]
Extract:   7%|7         | 43/578 [00:07<01:53,  4.73it/s]
Extract:   8%|7         | 46/578 [00:08<01:19,  6.67it/s]
Extract:   8%|8         | 48/578 [00:08<01:15,  7.03it/s]
Extract:   9%|8         | 50/578 [00:08<01:36,  5.47it/s]
Extract:   9%|8         | 51/578 [00:09<01:51,  4.74it/s]
Extract:   9%|8         | 52/578 [00:09<01:57,  4.48it/s]
Extract:   9%|9         | 53/578 [00:09<01:43,  5.06it/s]
Extract:   9%|9         | 54/578 [00:09<01:46,  4.91it/s]
Extract:  10%|9         | 55/578 [00:10<01:46,  4.93it/s]
Extract:  10%|9         | 56/578 [00:10<01:33,  5.61it/s]
Extract:  10%|#         | 58/578 [00:10<01:16,  6.79it/s]
Extract:  10%|#         | 59/578 [00:10<01:24,  6.15it/s]
Extract:  10%|#         | 60/578 [00:10<01:39,  5.21it/s]
Extract:  11%|#         | 61/578 [00:11<02:03,  4.19it/s]
Extract:  11%|#         | 63/578 [00:11<01:22,  6.28it/s]
Extract:  11%|#1        | 64/578 [00:11<01:25,  5.98it/s]
Extract:  11%|#1        | 65/578 [00:11<01:58,  4.33it/s]
Extract:  11%|#1        | 66/578 [00:12<01:40,  5.09it/s]
Extract:  12%|#1        | 67/578 [00:12<02:21,  3.62it/s]
Extract:  12%|#1        | 69/578 [00:12<01:44,  4.86it/s]
Extract:  12%|#2        | 71/578 [00:13<01:23,  6.04it/s]
Extract:  12%|#2        | 72/578 [00:13<01:19,  6.38it/s]
Extract:  13%|#2        | 73/578 [00:13<01:51,  4.55it/s]
Extract:  13%|#2        | 75/578 [00:13<01:20,  6.27it/s]
Extract:  13%|#3        | 76/578 [00:13<01:21,  6.13it/s]
Extract:  13%|#3        | 77/578 [00:14<01:53,  4.41it/s]
Extract:  14%|#3        | 80/578 [00:14<01:09,  7.17it/s]
Extract:  14%|#4        | 82/578 [00:14<01:00,  8.25it/s]
Extract:  15%|#4        | 84/578 [00:15<01:20,  6.16it/s]
Extract:  15%|#4        | 86/578 [00:15<01:11,  6.92it/s]
Extract:  15%|#5        | 88/578 [00:15<00:57,  8.59it/s]
Extract:  16%|#5        | 90/578 [00:16<01:22,  5.89it/s]
Extract:  16%|#5        | 91/578 [00:16<01:42,  4.74it/s]
Extract:  16%|#5        | 92/578 [00:16<02:01,  3.99it/s]
Extract:  16%|#6        | 94/578 [00:17<01:39,  4.89it/s]
Extract:  17%|#6        | 96/578 [00:17<01:45,  4.55it/s]
Extract:  17%|#6        | 97/578 [00:17<01:35,  5.05it/s]
Extract:  17%|#6        | 98/578 [00:17<01:37,  4.91it/s]
Extract:  17%|#7        | 99/578 [00:18<01:34,  5.06it/s]
Extract:  17%|#7        | 100/578 [00:18<01:36,  4.98it/s]
Extract:  17%|#7        | 101/578 [00:18<01:24,  5.63it/s]
Extract:  18%|#8        | 105/578 [00:18<00:53,  8.89it/s]
Extract:  19%|#8        | 107/578 [00:19<01:15,  6.24it/s]
Extract:  19%|#8        | 108/578 [00:19<01:16,  6.12it/s]
Extract:  19%|#9        | 110/578 [00:19<01:03,  7.39it/s]
Extract:  19%|#9        | 111/578 [00:19<01:05,  7.15it/s]
Extract:  20%|#9        | 113/578 [00:19<00:53,  8.68it/s]
Extract:  20%|#9        | 115/578 [00:20<00:50,  9.22it/s]
Extract:  20%|##        | 116/578 [00:20<00:57,  8.08it/s]
Extract:  20%|##        | 117/578 [00:20<01:29,  5.12it/s]
Extract:  21%|##        | 120/578 [00:21<01:13,  6.24it/s]
Extract:  21%|##        | 121/578 [00:21<01:32,  4.93it/s]
Extract:  21%|##1       | 124/578 [00:21<01:02,  7.22it/s]
Extract:  22%|##1       | 125/578 [00:22<01:22,  5.52it/s]
Extract:  22%|##1       | 126/578 [00:22<01:23,  5.40it/s]
Extract:  22%|##2       | 128/578 [00:22<01:09,  6.43it/s]
Extract:  22%|##2       | 130/578 [00:22<01:23,  5.39it/s]
Extract:  23%|##2       | 131/578 [00:23<01:44,  4.28it/s]
Extract:  23%|##3       | 133/578 [00:23<01:31,  4.88it/s]
Extract:  23%|##3       | 135/578 [00:23<01:16,  5.77it/s]
Extract:  24%|##3       | 136/578 [00:23<01:10,  6.24it/s]
Extract:  24%|##3       | 137/578 [00:24<01:34,  4.64it/s]
Extract:  24%|##3       | 138/578 [00:24<02:01,  3.61it/s]
Extract:  24%|##4       | 139/578 [00:25<02:14,  3.26it/s]
Extract:  25%|##4       | 142/578 [00:25<01:15,  5.76it/s]
Extract:  25%|##5       | 146/578 [00:25<01:08,  6.32it/s]
Extract:  25%|##5       | 147/578 [00:26<01:07,  6.43it/s]
Extract:  26%|##5       | 148/578 [00:26<01:06,  6.51it/s]
Extract:  26%|##5       | 149/578 [00:26<01:33,  4.59it/s]
Extract:  26%|##5       | 150/578 [00:26<01:28,  4.86it/s]
Extract:  26%|##6       | 152/578 [00:27<01:02,  6.85it/s]
Extract:  26%|##6       | 153/578 [00:27<01:36,  4.42it/s]
Extract:  27%|##6       | 155/578 [00:28<01:42,  4.14it/s]
Extract:  27%|##7       | 157/578 [00:28<01:14,  5.65it/s]
Extract:  28%|##7       | 159/578 [00:28<00:59,  7.05it/s]
Extract:  28%|##7       | 161/578 [00:28<00:55,  7.50it/s]
Extract:  28%|##8       | 163/578 [00:29<01:14,  5.57it/s]
Extract:  28%|##8       | 164/578 [00:29<01:09,  5.97it/s]
Extract:  29%|##8       | 165/578 [00:29<01:07,  6.09it/s]
Extract:  29%|##8       | 166/578 [00:29<01:04,  6.35it/s]
Extract:  29%|##8       | 167/578 [00:29<01:33,  4.39it/s]
Extract:  29%|##9       | 168/578 [00:30<01:21,  5.02it/s]
Extract:  29%|##9       | 170/578 [00:30<01:07,  6.07it/s]
Extract:  30%|##9       | 172/578 [00:30<01:02,  6.45it/s]
Extract:  30%|##9       | 173/578 [00:31<01:34,  4.29it/s]
Extract:  30%|###       | 174/578 [00:31<01:27,  4.64it/s]
Extract:  30%|###       | 175/578 [00:31<01:16,  5.26it/s]
Extract:  30%|###       | 176/578 [00:31<01:10,  5.74it/s]
Extract:  31%|###       | 177/578 [00:32<01:53,  3.53it/s]
Extract:  31%|###       | 178/578 [00:32<01:38,  4.05it/s]
Extract:  31%|###       | 179/578 [00:32<01:26,  4.60it/s]
Extract:  31%|###1      | 180/578 [00:33<02:36,  2.55it/s]
Extract:  31%|###1      | 181/578 [00:33<03:01,  2.18it/s]
Extract:  31%|###1      | 182/578 [00:34<02:32,  2.59it/s]
Extract:  32%|###1      | 184/578 [00:34<01:52,  3.50it/s]
Extract:  32%|###2      | 185/578 [00:35<02:26,  2.69it/s]
Extract:  32%|###2      | 186/578 [00:35<02:00,  3.25it/s]
Extract:  33%|###2      | 188/578 [00:35<01:24,  4.60it/s]
Extract:  33%|###2      | 189/578 [00:35<01:40,  3.89it/s]
Extract:  33%|###3      | 191/578 [00:36<01:33,  4.15it/s]
Extract:  33%|###3      | 192/578 [00:36<01:20,  4.77it/s]
Extract:  34%|###3      | 194/578 [00:36<01:01,  6.28it/s]
Extract:  34%|###4      | 197/578 [00:37<01:17,  4.92it/s]
Extract:  34%|###4      | 198/578 [00:37<01:18,  4.83it/s]
Extract:  35%|###4      | 201/578 [00:37<01:16,  4.93it/s]
Extract:  35%|###4      | 202/578 [00:38<01:15,  4.96it/s]
Extract:  35%|###5      | 203/578 [00:38<01:40,  3.74it/s]
Extract:  35%|###5      | 205/578 [00:38<01:11,  5.25it/s]
Extract:  36%|###5      | 206/578 [00:38<01:05,  5.69it/s]
Extract:  36%|###5      | 207/578 [00:39<01:15,  4.93it/s]
Extract:  36%|###6      | 209/578 [00:39<00:57,  6.43it/s]
Extract:  36%|###6      | 210/578 [00:39<01:04,  5.74it/s]
Extract:  37%|###6      | 212/578 [00:40<01:08,  5.31it/s]
Extract:  37%|###6      | 213/578 [00:40<01:04,  5.63it/s]
Extract:  37%|###7      | 215/578 [00:40<01:02,  5.79it/s]
Extract:  38%|###7      | 217/578 [00:40<00:52,  6.86it/s]
Extract:  38%|###8      | 220/578 [00:40<00:38,  9.22it/s]
Extract:  38%|###8      | 222/578 [00:41<00:33, 10.57it/s]
Extract:  39%|###8      | 224/578 [00:41<00:32, 10.75it/s]
Extract:  39%|###9      | 226/578 [00:41<00:53,  6.62it/s]
Extract:  39%|###9      | 227/578 [00:42<00:57,  6.11it/s]
Extract:  40%|###9      | 229/578 [00:42<00:50,  6.86it/s]
Extract:  40%|###9      | 230/578 [00:42<01:00,  5.71it/s]
Extract:  40%|###9      | 231/578 [00:42<01:03,  5.46it/s]
Extract:  40%|####      | 232/578 [00:42<01:00,  5.76it/s]
Extract:  40%|####      | 233/578 [00:42<00:53,  6.42it/s]
Extract:  40%|####      | 234/578 [00:43<00:49,  7.01it/s]
Extract:  41%|####      | 235/578 [00:43<00:46,  7.32it/s]
Extract:  41%|####      | 236/578 [00:43<01:07,  5.07it/s]
Extract:  41%|####1     | 237/578 [00:43<01:27,  3.88it/s]
Extract:  41%|####1     | 239/578 [00:44<00:57,  5.88it/s]
Extract:  42%|####1     | 240/578 [00:44<00:55,  6.07it/s]
Extract:  42%|####1     | 242/578 [00:44<00:40,  8.39it/s]
Extract:  42%|####2     | 244/578 [00:44<01:04,  5.20it/s]
Extract:  42%|####2     | 245/578 [00:45<00:58,  5.69it/s]
Extract:  43%|####2     | 247/578 [00:45<00:59,  5.58it/s]
Extract:  43%|####2     | 248/578 [00:45<01:07,  4.90it/s]
Extract:  43%|####3     | 249/578 [00:45<01:00,  5.40it/s]
Extract:  43%|####3     | 250/578 [00:46<00:55,  5.90it/s]
Extract:  43%|####3     | 251/578 [00:46<00:54,  6.05it/s]
Extract:  44%|####3     | 253/578 [00:46<00:39,  8.31it/s]
Extract:  44%|####4     | 255/578 [00:46<00:38,  8.42it/s]
Extract:  44%|####4     | 256/578 [00:46<00:59,  5.39it/s]
Extract:  45%|####4     | 258/578 [00:47<00:56,  5.70it/s]
Extract:  45%|####4     | 259/578 [00:47<00:50,  6.26it/s]
Extract:  45%|####5     | 261/578 [00:47<00:40,  7.76it/s]
Extract:  45%|####5     | 262/578 [00:47<00:53,  5.94it/s]
Extract:  46%|####5     | 263/578 [00:48<01:06,  4.71it/s]
Extract:  46%|####5     | 265/578 [00:48<01:01,  5.12it/s]
Extract:  46%|####6     | 266/578 [00:48<01:01,  5.10it/s]
Extract:  46%|####6     | 267/578 [00:49<01:13,  4.25it/s]
Extract:  47%|####6     | 269/578 [00:49<01:08,  4.52it/s]
Extract:  47%|####7     | 272/578 [00:49<00:41,  7.42it/s]
Extract:  47%|####7     | 274/578 [00:50<01:19,  3.84it/s]
Extract:  48%|####7     | 275/578 [00:51<01:25,  3.56it/s]
Extract:  48%|####7     | 276/578 [00:51<01:18,  3.83it/s]
Extract:  48%|####7     | 277/578 [00:51<01:08,  4.38it/s]
Extract:  48%|####8     | 280/578 [00:51<00:55,  5.36it/s]
Extract:  49%|####8     | 282/578 [00:51<00:43,  6.80it/s]
Extract:  49%|####8     | 283/578 [00:52<00:48,  6.08it/s]
Extract:  49%|####9     | 285/578 [00:52<00:44,  6.56it/s]
Extract:  49%|####9     | 286/578 [00:52<00:45,  6.40it/s]
Extract:  50%|####9     | 287/578 [00:52<00:42,  6.79it/s]
Extract:  50%|####9     | 288/578 [00:52<00:40,  7.16it/s]
Extract:  50%|#####     | 289/578 [00:53<00:45,  6.33it/s]
Extract:  50%|#####     | 290/578 [00:53<01:23,  3.47it/s]
Extract:  51%|#####     | 292/578 [00:53<00:56,  5.07it/s]
Extract:  51%|#####     | 294/578 [00:54<00:44,  6.42it/s]
Extract:  51%|#####1    | 295/578 [00:54<01:01,  4.63it/s]
Extract:  51%|#####1    | 296/578 [00:54<00:56,  4.98it/s]
Extract:  51%|#####1    | 297/578 [00:55<01:17,  3.63it/s]
Extract:  52%|#####1    | 299/578 [00:55<00:53,  5.18it/s]
Extract:  52%|#####1    | 300/578 [00:55<00:49,  5.63it/s]
Extract:  52%|#####2    | 301/578 [00:55<01:00,  4.61it/s]
Extract:  52%|#####2    | 303/578 [00:55<00:42,  6.46it/s]
Extract:  53%|#####2    | 304/578 [00:56<01:08,  3.99it/s]
Extract:  53%|#####2    | 305/578 [00:56<01:04,  4.26it/s]
Extract:  53%|#####3    | 307/578 [00:57<01:09,  3.89it/s]
Extract:  53%|#####3    | 308/578 [00:57<01:11,  3.79it/s]
Extract:  53%|#####3    | 309/578 [00:58<01:30,  2.98it/s]
Extract:  54%|#####3    | 310/578 [00:58<01:24,  3.15it/s]
Extract:  54%|#####3    | 311/578 [00:58<01:43,  2.59it/s]
Extract:  54%|#####3    | 312/578 [00:59<01:50,  2.40it/s]
Extract:  54%|#####4    | 313/578 [00:59<01:27,  3.01it/s]
Extract:  54%|#####4    | 314/578 [00:59<01:24,  3.12it/s]
Extract:  55%|#####4    | 316/578 [01:00<01:16,  3.44it/s]
Extract:  55%|#####5    | 318/578 [01:00<01:08,  3.82it/s]
Extract:  55%|#####5    | 319/578 [01:00<01:05,  3.94it/s]
Extract:  55%|#####5    | 320/578 [01:01<01:15,  3.42it/s]
Extract:  56%|#####5    | 322/578 [01:01<01:01,  4.19it/s]
Extract:  56%|#####5    | 323/578 [01:01<00:55,  4.56it/s]
Extract:  56%|#####6    | 325/578 [01:01<00:40,  6.29it/s]
Extract:  56%|#####6    | 326/578 [01:02<00:43,  5.84it/s]
Extract:  57%|#####6    | 328/578 [01:02<00:39,  6.29it/s]
Extract:  57%|#####7    | 330/578 [01:02<00:33,  7.46it/s]
Extract:  57%|#####7    | 331/578 [01:02<00:35,  6.98it/s]
Extract:  57%|#####7    | 332/578 [01:03<00:44,  5.54it/s]
Extract:  58%|#####7    | 334/578 [01:03<00:33,  7.38it/s]
Extract:  58%|#####7    | 335/578 [01:03<00:32,  7.58it/s]
Extract:  58%|#####8    | 337/578 [01:03<00:28,  8.57it/s]
Extract:  59%|#####8    | 339/578 [01:03<00:25,  9.28it/s]
Extract:  59%|#####8    | 340/578 [01:04<00:35,  6.65it/s]
Extract:  59%|#####8    | 341/578 [01:04<00:34,  6.81it/s]
Extract:  59%|#####9    | 342/578 [01:04<00:37,  6.32it/s]
Extract:  60%|#####9    | 344/578 [01:04<00:42,  5.54it/s]
Extract:  60%|#####9    | 346/578 [01:04<00:33,  6.91it/s]
Extract:  60%|######    | 348/578 [01:05<00:27,  8.25it/s]
Extract:  60%|######    | 349/578 [01:05<00:42,  5.35it/s]
Extract:  61%|######    | 350/578 [01:05<00:41,  5.48it/s]
Extract:  61%|######    | 351/578 [01:06<00:58,  3.87it/s]
Extract:  61%|######1   | 353/578 [01:06<00:46,  4.79it/s]
Extract:  61%|######1   | 355/578 [01:06<00:34,  6.41it/s]
Extract:  62%|######1   | 356/578 [01:07<00:53,  4.11it/s]
Extract:  62%|######1   | 357/578 [01:07<00:54,  4.06it/s]
Extract:  62%|######2   | 359/578 [01:07<00:43,  5.09it/s]
Extract:  62%|######2   | 360/578 [01:07<00:44,  4.85it/s]
Extract:  63%|######2   | 362/578 [01:08<00:48,  4.49it/s]
Extract:  63%|######2   | 364/578 [01:08<00:35,  5.99it/s]
Extract:  63%|######3   | 365/578 [01:08<00:35,  6.05it/s]
Extract:  63%|######3   | 366/578 [01:08<00:36,  5.84it/s]
Extract:  63%|######3   | 367/578 [01:09<00:48,  4.37it/s]
Extract:  64%|######3   | 368/578 [01:09<00:47,  4.46it/s]
Extract:  64%|######3   | 369/578 [01:10<01:14,  2.81it/s]
Extract:  64%|######4   | 371/578 [01:10<00:47,  4.38it/s]
Extract:  65%|######4   | 373/578 [01:10<00:45,  4.54it/s]
Extract:  65%|######4   | 374/578 [01:10<00:39,  5.10it/s]
Extract:  65%|######5   | 376/578 [01:11<00:33,  6.07it/s]
Extract:  65%|######5   | 377/578 [01:11<00:32,  6.15it/s]
Extract:  66%|######5   | 379/578 [01:11<00:24,  8.07it/s]
Extract:  66%|######5   | 381/578 [01:11<00:26,  7.41it/s]
Extract:  66%|######6   | 382/578 [01:12<00:31,  6.23it/s]
Extract:  66%|######6   | 384/578 [01:12<00:29,  6.59it/s]
Extract:  67%|######6   | 387/578 [01:12<00:23,  8.03it/s]
Extract:  67%|######7   | 390/578 [01:12<00:19,  9.70it/s]
Extract:  68%|######7   | 392/578 [01:13<00:21,  8.66it/s]
Extract:  68%|######7   | 393/578 [01:13<00:24,  7.41it/s]
Extract:  68%|######8   | 394/578 [01:13<00:25,  7.32it/s]
Extract:  68%|######8   | 395/578 [01:13<00:26,  6.95it/s]
Extract:  69%|######8   | 397/578 [01:13<00:22,  8.16it/s]
Extract:  69%|######9   | 399/578 [01:14<00:24,  7.16it/s]
Extract:  69%|######9   | 401/578 [01:14<00:20,  8.56it/s]
Extract:  70%|######9   | 403/578 [01:14<00:18,  9.26it/s]
Extract:  70%|#######   | 405/578 [01:14<00:16, 10.18it/s]
Extract:  70%|#######   | 407/578 [01:15<00:24,  7.04it/s]
Extract:  71%|#######   | 408/578 [01:15<00:31,  5.43it/s]
Extract:  71%|#######   | 410/578 [01:15<00:25,  6.50it/s]
Extract:  71%|#######1  | 412/578 [01:15<00:21,  7.87it/s]
Extract:  71%|#######1  | 413/578 [01:16<00:24,  6.75it/s]
Extract:  72%|#######1  | 415/578 [01:16<00:19,  8.24it/s]
Extract:  72%|#######1  | 416/578 [01:16<00:20,  7.78it/s]
Extract:  72%|#######2  | 418/578 [01:16<00:19,  8.15it/s]
Extract:  72%|#######2  | 419/578 [01:16<00:19,  8.15it/s]
Extract:  73%|#######2  | 421/578 [01:17<00:22,  6.96it/s]
Extract:  73%|#######3  | 424/578 [01:17<00:16,  9.06it/s]
Extract:  74%|#######3  | 425/578 [01:17<00:28,  5.42it/s]
Extract:  74%|#######3  | 426/578 [01:17<00:26,  5.83it/s]
Extract:  74%|#######3  | 427/578 [01:18<00:33,  4.56it/s]
Extract:  74%|#######4  | 428/578 [01:18<00:35,  4.19it/s]
Extract:  74%|#######4  | 429/578 [01:18<00:39,  3.80it/s]
Extract:  75%|#######4  | 431/578 [01:19<00:26,  5.51it/s]
Extract:  75%|#######4  | 432/578 [01:19<00:24,  5.90it/s]
Extract:  75%|#######5  | 434/578 [01:19<00:29,  4.89it/s]
Extract:  75%|#######5  | 435/578 [01:19<00:26,  5.39it/s]
Extract:  76%|#######5  | 437/578 [01:20<00:21,  6.48it/s]
Extract:  76%|#######5  | 438/578 [01:20<00:20,  6.83it/s]
Extract:  76%|#######5  | 439/578 [01:20<00:22,  6.17it/s]
Extract:  76%|#######6  | 441/578 [01:20<00:29,  4.62it/s]
Extract:  77%|#######6  | 443/578 [01:21<00:21,  6.23it/s]
Extract:  77%|#######6  | 445/578 [01:21<00:23,  5.74it/s]
Extract:  78%|#######7  | 448/578 [01:21<00:15,  8.50it/s]
Extract:  78%|#######7  | 450/578 [01:22<00:25,  5.06it/s]
Extract:  78%|#######8  | 451/578 [01:22<00:30,  4.23it/s]
Extract:  78%|#######8  | 453/578 [01:22<00:22,  5.46it/s]
Extract:  79%|#######8  | 455/578 [01:23<00:18,  6.73it/s]
Extract:  79%|#######9  | 457/578 [01:23<00:14,  8.30it/s]
Extract:  79%|#######9  | 459/578 [01:23<00:16,  7.18it/s]
Extract:  80%|#######9  | 461/578 [01:23<00:13,  8.44it/s]
Extract:  80%|########  | 463/578 [01:24<00:16,  7.15it/s]
Extract:  80%|########  | 465/578 [01:24<00:12,  8.82it/s]
Extract:  81%|########  | 467/578 [01:24<00:16,  6.92it/s]
Extract:  81%|########1 | 469/578 [01:25<00:23,  4.65it/s]
Extract:  81%|########1 | 470/578 [01:25<00:22,  4.83it/s]
Extract:  81%|########1 | 471/578 [01:25<00:23,  4.64it/s]
Extract:  82%|########1 | 472/578 [01:26<00:22,  4.74it/s]
Extract:  82%|########1 | 473/578 [01:26<00:19,  5.27it/s]
Extract:  82%|########2 | 474/578 [01:26<00:20,  5.07it/s]
Extract:  82%|########2 | 475/578 [01:26<00:18,  5.60it/s]
Extract:  82%|########2 | 476/578 [01:27<00:27,  3.69it/s]
Extract:  83%|########2 | 477/578 [01:27<00:24,  4.17it/s]
Extract:  83%|########2 | 478/578 [01:27<00:20,  4.98it/s]
Extract:  83%|########2 | 479/578 [01:27<00:19,  5.12it/s]
Extract:  83%|########3 | 481/578 [01:27<00:15,  6.16it/s]
Extract:  84%|########3 | 483/578 [01:27<00:12,  7.77it/s]
Extract:  84%|########3 | 485/578 [01:27<00:10,  9.26it/s]
Extract:  84%|########4 | 487/578 [01:28<00:10,  8.57it/s]
Extract:  85%|########4 | 489/578 [01:28<00:15,  5.60it/s]
Extract:  85%|########4 | 490/578 [01:29<00:15,  5.85it/s]
Extract:  85%|########4 | 491/578 [01:29<00:16,  5.32it/s]
Extract:  85%|########5 | 492/578 [01:29<00:19,  4.52it/s]
Extract:  85%|########5 | 493/578 [01:30<00:24,  3.45it/s]
Extract:  85%|########5 | 494/578 [01:30<00:23,  3.51it/s]
Extract:  86%|########5 | 496/578 [01:30<00:16,  5.09it/s]
Extract:  86%|########6 | 498/578 [01:31<00:20,  3.95it/s]
Extract:  86%|########6 | 499/578 [01:31<00:17,  4.47it/s]
Extract:  87%|########6 | 501/578 [01:31<00:13,  5.77it/s]
Extract:  87%|########7 | 503/578 [01:31<00:10,  7.42it/s]
Extract:  87%|########7 | 505/578 [01:32<00:17,  4.18it/s]
Extract:  88%|########7 | 507/578 [01:32<00:13,  5.34it/s]
Extract:  88%|########7 | 508/578 [01:32<00:13,  5.26it/s]
Extract:  88%|########8 | 510/578 [01:33<00:12,  5.40it/s]
Extract:  88%|########8 | 511/578 [01:33<00:11,  5.79it/s]
Extract:  89%|########8 | 512/578 [01:33<00:12,  5.28it/s]
Extract:  89%|########8 | 514/578 [01:33<00:09,  6.97it/s]
Extract:  89%|########9 | 515/578 [01:34<00:11,  5.64it/s]
Extract:  89%|########9 | 516/578 [01:34<00:16,  3.66it/s]
Extract:  89%|########9 | 517/578 [01:34<00:16,  3.66it/s]
Extract:  90%|########9 | 518/578 [01:35<00:17,  3.36it/s]
Extract:  90%|########9 | 519/578 [01:35<00:17,  3.39it/s]
Extract:  90%|########9 | 520/578 [01:35<00:15,  3.79it/s]
Extract:  90%|######### | 522/578 [01:35<00:10,  5.18it/s]
Extract:  90%|######### | 523/578 [01:36<00:11,  4.92it/s]
Extract:  91%|######### | 524/578 [01:36<00:10,  5.14it/s]
Extract:  91%|######### | 525/578 [01:36<00:09,  5.77it/s]
Extract:  91%|#########1| 526/578 [01:37<00:15,  3.38it/s]
Extract:  91%|#########1| 528/578 [01:37<00:10,  4.82it/s]
Extract:  92%|#########1| 529/578 [01:37<00:09,  5.00it/s]
Extract:  92%|#########1| 530/578 [01:37<00:10,  4.70it/s]
Extract:  92%|#########1| 531/578 [01:37<00:10,  4.57it/s]
Extract:  92%|#########2| 532/578 [01:38<00:10,  4.47it/s]
Extract:  92%|#########2| 533/578 [01:38<00:08,  5.17it/s]
Extract:  92%|#########2| 534/578 [01:38<00:09,  4.71it/s]
Extract:  93%|#########2| 535/578 [01:38<00:07,  5.42it/s]
Extract:  93%|#########2| 537/578 [01:38<00:06,  6.00it/s]
Extract:  93%|#########3| 538/578 [01:39<00:07,  5.06it/s]
Extract:  93%|#########3| 540/578 [01:39<00:08,  4.61it/s]
Extract:  94%|#########3| 541/578 [01:39<00:07,  4.65it/s]
Extract:  94%|#########3| 542/578 [01:40<00:08,  4.23it/s]
Extract:  94%|#########3| 543/578 [01:40<00:08,  4.20it/s]
Extract:  94%|#########4| 546/578 [01:41<00:07,  4.35it/s]
Extract:  95%|#########4| 547/578 [01:41<00:09,  3.44it/s]
Extract:  95%|#########5| 550/578 [01:41<00:05,  5.57it/s]
Extract:  96%|#########5| 553/578 [01:42<00:05,  4.96it/s]
Extract:  96%|#########5| 554/578 [01:43<00:06,  3.85it/s]
Extract:  96%|#########6| 555/578 [01:43<00:07,  3.12it/s]
Extract:  96%|#########6| 556/578 [01:44<00:07,  3.02it/s]
Extract:  96%|#########6| 557/578 [01:44<00:08,  2.36it/s]
Extract:  97%|#########6| 559/578 [01:44<00:05,  3.58it/s]
Extract:  97%|#########6| 560/578 [01:45<00:06,  2.89it/s]
Extract:  97%|#########7| 561/578 [01:45<00:06,  2.82it/s]
Extract:  97%|#########7| 563/578 [01:46<00:03,  4.09it/s]
Extract:  98%|#########7| 564/578 [01:46<00:04,  2.90it/s]
Extract:  98%|#########7| 565/578 [01:47<00:04,  2.61it/s]
Extract:  98%|#########7| 566/578 [01:47<00:03,  3.13it/s]
Extract:  98%|#########8| 567/578 [01:47<00:03,  3.56it/s]
Extract:  98%|#########8| 568/578 [01:48<00:03,  3.03it/s]
Extract:  99%|#########8| 570/578 [01:48<00:01,  4.53it/s]
Extract:  99%|#########8| 572/578 [01:48<00:01,  5.70it/s]
Extract:  99%|#########9| 574/578 [01:48<00:00,  7.46it/s]
Extract: 100%|#########9| 576/578 [01:49<00:00,  4.93it/s]
Extract: 100%|##########| 578/578 [01:49<00:00,  5.29it/s]

Extract:   0%|          | 0/578 [00:00<?, ?it/s]
Extract:   0%|          | 2/578 [00:00<00:32, 17.54it/s]
Extract:   1%|          | 4/578 [00:00<01:11,  7.98it/s]
Extract:   1%|1         | 6/578 [00:00<01:20,  7.14it/s]
Extract:   1%|1         | 7/578 [00:01<01:39,  5.77it/s]
Extract:   1%|1         | 8/578 [00:01<01:53,  5.03it/s]
Extract:   2%|1         | 9/578 [00:01<02:03,  4.62it/s]
Extract:   2%|1         | 10/578 [00:01<01:59,  4.74it/s]
Extract:   2%|1         | 11/578 [00:01<01:57,  4.83it/s]
Extract:   2%|2         | 12/578 [00:02<02:25,  3.88it/s]
Extract:   2%|2         | 14/578 [00:02<02:12,  4.27it/s]
Extract:   3%|2         | 15/578 [00:03<02:56,  3.18it/s]
Extract:   3%|2         | 16/578 [00:03<02:36,  3.59it/s]
Extract:   3%|2         | 17/578 [00:03<02:09,  4.34it/s]
Extract:   3%|3         | 20/578 [00:03<01:16,  7.32it/s]
Extract:   4%|3         | 21/578 [00:04<02:13,  4.18it/s]
Extract:   4%|3         | 22/578 [00:04<02:10,  4.26it/s]
Extract:   4%|3         | 23/578 [00:04<02:11,  4.22it/s]
Extract:   4%|4         | 24/578 [00:05<02:01,  4.55it/s]
Extract:   4%|4         | 26/578 [00:05<01:28,  6.23it/s]
Extract:   5%|4         | 27/578 [00:05<02:13,  4.12it/s]
Extract:   5%|5         | 29/578 [00:05<01:45,  5.19it/s]
Extract:   5%|5         | 30/578 [00:06<02:00,  4.57it/s]
Extract:   5%|5         | 31/578 [00:06<02:05,  4.36it/s]
Extract:   6%|5         | 32/578 [00:06<01:49,  5.00it/s]
Extract:   6%|5         | 34/578 [00:06<01:15,  7.19it/s]
Extract:   6%|6         | 35/578 [00:06<01:11,  7.63it/s]
Extract:   6%|6         | 37/578 [00:07<01:13,  7.33it/s]
Extract:   7%|6         | 38/578 [00:07<01:14,  7.25it/s]
Extract:   7%|6         | 40/578 [00:07<01:05,  8.19it/s]
Extract:   7%|7         | 41/578 [00:07<01:06,  8.05it/s]
Extract:   7%|7         | 42/578 [00:08<01:56,  4.60it/s]
Extract:   7%|7         | 43/578 [00:08<02:48,  3.17it/s]
Extract:   8%|7         | 45/578 [00:08<01:50,  4.84it/s]
Extract:   8%|7         | 46/578 [00:08<01:37,  5.48it/s]
Extract:   8%|8         | 47/578 [00:09<01:42,  5.16it/s]
Extract:   8%|8         | 49/578 [00:09<01:15,  6.96it/s]
Extract:   9%|8         | 50/578 [00:09<01:52,  4.70it/s]
Extract:   9%|8         | 51/578 [00:10<02:12,  3.96it/s]
Extract:   9%|8         | 52/578 [00:10<02:51,  3.06it/s]
Extract:   9%|9         | 54/578 [00:11<02:20,  3.72it/s]
Extract:  10%|9         | 55/578 [00:11<02:26,  3.58it/s]
Extract:  10%|9         | 56/578 [00:11<02:11,  3.97it/s]
Extract:  10%|#         | 58/578 [00:11<01:57,  4.43it/s]
Extract:  10%|#         | 59/578 [00:12<02:04,  4.17it/s]
Extract:  10%|#         | 60/578 [00:12<02:34,  3.35it/s]
Extract:  11%|#         | 61/578 [00:13<02:57,  2.92it/s]
Extract:  11%|#         | 62/578 [00:13<02:23,  3.61it/s]
Extract:  11%|#1        | 64/578 [00:13<02:16,  3.77it/s]
Extract:  11%|#1        | 65/578 [00:14<02:33,  3.33it/s]
Extract:  12%|#1        | 67/578 [00:14<02:32,  3.36it/s]
Extract:  12%|#1        | 69/578 [00:15<02:07,  3.98it/s]
Extract:  12%|#2        | 71/578 [00:15<01:47,  4.71it/s]
Extract:  12%|#2        | 72/578 [00:15<01:42,  4.92it/s]
Extract:  13%|#2        | 73/578 [00:16<02:49,  2.97it/s]
Extract:  13%|#2        | 75/578 [00:16<01:59,  4.20it/s]
Extract:  13%|#3        | 76/578 [00:16<01:55,  4.35it/s]
Extract:  13%|#3        | 77/578 [00:17<02:45,  3.03it/s]
Extract:  14%|#3        | 79/578 [00:17<02:06,  3.96it/s]
Extract:  14%|#3        | 80/578 [00:17<01:52,  4.41it/s]
Extract:  14%|#4        | 81/578 [00:17<01:41,  4.91it/s]
Extract:  14%|#4        | 82/578 [00:18<01:30,  5.46it/s]
Extract:  14%|#4        | 83/578 [00:18<01:29,  5.56it/s]
Extract:  15%|#4        | 84/578 [00:18<02:24,  3.43it/s]
Extract:  15%|#4        | 85/578 [00:18<01:57,  4.20it/s]
Extract:  15%|#4        | 86/578 [00:19<01:46,  4.63it/s]
Extract:  15%|#5        | 88/578 [00:19<01:11,  6.89it/s]
Extract:  15%|#5        | 89/578 [00:19<02:22,  3.43it/s]
Extract:  16%|#5        | 90/578 [00:20<02:13,  3.64it/s]
Extract:  16%|#5        | 91/578 [00:20<02:54,  2.80it/s]
Extract:  16%|#5        | 92/578 [00:21<03:26,  2.36it/s]
Extract:  16%|#6        | 94/578 [00:21<02:32,  3.17it/s]
Extract:  17%|#6        | 96/578 [00:22<02:45,  2.92it/s]
Extract:  17%|#6        | 97/578 [00:22<02:22,  3.37it/s]
Extract:  17%|#6        | 98/578 [00:22<02:20,  3.43it/s]
Extract:  17%|#7        | 99/578 [00:23<02:00,  3.97it/s]
Extract:  17%|#7        | 100/578 [00:23<02:04,  3.85it/s]
Extract:  17%|#7        | 101/578 [00:23<01:48,  4.38it/s]
Extract:  18%|#7        | 104/578 [00:23<01:02,  7.62it/s]
Extract:  18%|#8        | 105/578 [00:23<01:17,  6.08it/s]
Extract:  18%|#8        | 106/578 [00:23<01:12,  6.47it/s]
Extract:  19%|#8        | 107/578 [00:24<01:52,  4.17it/s]
Extract:  19%|#8        | 108/578 [00:24<01:54,  4.09it/s]
Extract:  19%|#9        | 110/578 [00:25<01:32,  5.05it/s]
Extract:  19%|#9        | 111/578 [00:25<01:32,  5.04it/s]
Extract:  20%|#9        | 113/578 [00:25<01:10,  6.57it/s]
Extract:  20%|#9        | 114/578 [00:25<01:07,  6.86it/s]
Extract:  20%|#9        | 115/578 [00:25<01:04,  7.13it/s]
Extract:  20%|##        | 116/578 [00:26<01:43,  4.46it/s]
Extract:  20%|##        | 117/578 [00:26<02:11,  3.52it/s]
Extract:  21%|##        | 120/578 [00:27<01:47,  4.26it/s]
Extract:  21%|##        | 121/578 [00:27<02:05,  3.63it/s]
Extract:  21%|##1       | 123/578 [00:27<01:33,  4.87it/s]
Extract:  22%|##1       | 125/578 [00:28<01:41,  4.45it/s]
Extract:  22%|##1       | 126/578 [00:28<01:42,  4.41it/s]
Extract:  22%|##2       | 128/578 [00:28<01:24,  5.31it/s]
Extract:  22%|##2       | 130/578 [00:29<01:50,  4.06it/s]
Extract:  23%|##2       | 131/578 [00:29<02:10,  3.42it/s]
Extract:  23%|##2       | 132/578 [00:30<01:57,  3.80it/s]
Extract:  23%|##3       | 133/578 [00:30<02:01,  3.67it/s]
Extract:  23%|##3       | 134/578 [00:30<01:46,  4.18it/s]
Extract:  23%|##3       | 135/578 [00:30<01:35,  4.64it/s]
Extract:  24%|##3       | 136/578 [00:30<01:26,  5.08it/s]
Extract:  24%|##3       | 137/578 [00:31<02:02,  3.59it/s]
Extract:  24%|##3       | 138/578 [00:31<02:24,  3.04it/s]
Extract:  24%|##4       | 139/578 [00:32<02:20,  3.11it/s]
Extract:  25%|##4       | 142/578 [00:32<01:14,  5.85it/s]
Extract:  25%|##5       | 146/578 [00:33<01:23,  5.19it/s]
Extract:  25%|##5       | 147/578 [00:33<01:18,  5.46it/s]
Extract:  26%|##5       | 148/578 [00:33<01:15,  5.69it/s]
Extract:  26%|##5       | 149/578 [00:33<01:41,  4.24it/s]
Extract:  26%|##5       | 150/578 [00:33<01:32,  4.65it/s]
Extract:  26%|##6       | 152/578 [00:34<01:04,  6.65it/s]
Extract:  27%|##6       | 154/578 [00:34<01:29,  4.76it/s]
Extract:  27%|##6       | 155/578 [00:35<01:46,  3.97it/s]
Extract:  27%|##7       | 157/578 [00:35<01:17,  5.40it/s]
Extract:  28%|##7       | 159/578 [00:35<01:03,  6.59it/s]
Extract:  28%|##7       | 160/578 [00:35<01:10,  5.90it/s]
Extract:  28%|##8       | 163/578 [00:36<01:26,  4.81it/s]
Extract:  29%|##8       | 165/578 [00:36<01:12,  5.72it/s]
Extract:  29%|##8       | 166/578 [00:36<01:08,  6.02it/s]
Extract:  29%|##8       | 167/578 [00:37<01:32,  4.45it/s]
Extract:  29%|##9       | 168/578 [00:37<01:25,  4.79it/s]
Extract:  29%|##9       | 169/578 [00:37<01:15,  5.41it/s]
Extract:  29%|##9       | 170/578 [00:37<01:12,  5.66it/s]
Extract:  30%|##9       | 172/578 [00:37<01:03,  6.38it/s]
Extract:  30%|##9       | 173/578 [00:38<01:31,  4.43it/s]
Extract:  30%|###       | 174/578 [00:38<01:22,  4.91it/s]
Extract:  30%|###       | 175/578 [00:38<01:11,  5.66it/s]
Extract:  30%|###       | 176/578 [00:38<01:03,  6.33it/s]
Extract:  31%|###       | 177/578 [00:39<01:49,  3.67it/s]
Extract:  31%|###       | 178/578 [00:39<01:43,  3.86it/s]
Extract:  31%|###       | 179/578 [00:39<01:31,  4.35it/s]
Extract:  31%|###1      | 180/578 [00:40<02:02,  3.25it/s]
Extract:  31%|###1      | 181/578 [00:40<02:58,  2.23it/s]
Extract:  31%|###1      | 182/578 [00:41<02:31,  2.62it/s]
Extract:  32%|###1      | 184/578 [00:41<01:53,  3.46it/s]
Extract:  32%|###2      | 185/578 [00:42<02:15,  2.89it/s]
Extract:  32%|###2      | 186/578 [00:42<02:00,  3.26it/s]
Extract:  33%|###2      | 188/578 [00:42<01:31,  4.26it/s]
Extract:  33%|###2      | 189/578 [00:43<02:01,  3.20it/s]
Extract:  33%|###3      | 191/578 [00:43<01:52,  3.45it/s]
Extract:  33%|###3      | 192/578 [00:43<01:37,  3.95it/s]
Extract:  34%|###3      | 194/578 [00:43<01:13,  5.26it/s]
Extract:  34%|###4      | 197/578 [00:44<01:19,  4.82it/s]
Extract:  34%|###4      | 198/578 [00:44<01:21,  4.68it/s]
Extract:  35%|###4      | 201/578 [00:45<01:35,  3.94it/s]
Extract:  35%|###4      | 202/578 [00:45<01:35,  3.92it/s]
Extract:  35%|###5      | 203/578 [00:46<02:01,  3.09it/s]
Extract:  35%|###5      | 205/578 [00:46<01:25,  4.35it/s]
Extract:  36%|###5      | 206/578 [00:46<01:20,  4.63it/s]
Extract:  36%|###5      | 207/578 [00:47<01:33,  3.97it/s]
Extract:  36%|###6      | 209/578 [00:47<01:12,  5.09it/s]
Extract:  36%|###6      | 210/578 [00:47<01:10,  5.18it/s]
Extract:  37%|###6      | 212/578 [00:48<01:25,  4.28it/s]
Extract:  37%|###6      | 213/578 [00:48<01:20,  4.54it/s]
Extract:  37%|###7      | 215/578 [00:48<01:21,  4.45it/s]
Extract:  38%|###7      | 217/578 [00:49<01:07,  5.33it/s]
Extract:  38%|###8      | 220/578 [00:49<00:48,  7.34it/s]
Extract:  38%|###8      | 221/578 [00:49<00:47,  7.57it/s]
Extract:  39%|###8      | 223/578 [00:49<00:40,  8.84it/s]
Extract:  39%|###8      | 225/578 [00:50<01:01,  5.73it/s]
Extract:  39%|###9      | 226/578 [00:50<01:06,  5.32it/s]
Extract:  39%|###9      | 227/578 [00:50<01:03,  5.56it/s]
Extract:  40%|###9      | 229/578 [00:51<01:18,  4.42it/s]
Extract:  40%|###9      | 230/578 [00:51<01:33,  3.71it/s]
Extract:  40%|###9      | 231/578 [00:51<01:37,  3.56it/s]
Extract:  40%|####      | 232/578 [00:52<01:28,  3.91it/s]
Extract:  40%|####      | 233/578 [00:52<01:17,  4.44it/s]
Extract:  40%|####      | 234/578 [00:52<01:12,  4.74it/s]
Extract:  41%|####      | 235/578 [00:52<01:07,  5.06it/s]
Extract:  41%|####      | 236/578 [00:53<01:41,  3.38it/s]
Extract:  41%|####1     | 237/578 [00:53<02:01,  2.82it/s]
Extract:  41%|####1     | 239/578 [00:53<01:17,  4.35it/s]
Extract:  42%|####1     | 240/578 [00:53<01:13,  4.60it/s]
Extract:  42%|####1     | 242/578 [00:54<00:52,  6.42it/s]
Extract:  42%|####2     | 244/578 [00:54<01:09,  4.79it/s]
Extract:  42%|####2     | 245/578 [00:54<01:06,  5.00it/s]
Extract:  43%|####2     | 247/578 [00:55<01:11,  4.61it/s]
Extract:  43%|####2     | 248/578 [00:55<01:20,  4.10it/s]
Extract:  43%|####3     | 249/578 [00:55<01:14,  4.42it/s]
Extract:  43%|####3     | 250/578 [00:56<01:07,  4.82it/s]
Extract:  43%|####3     | 251/578 [00:56<01:05,  5.02it/s]
Extract:  44%|####3     | 253/578 [00:56<00:48,  6.73it/s]
Extract:  44%|####4     | 255/578 [00:56<00:54,  5.97it/s]
Extract:  44%|####4     | 256/578 [00:57<01:51,  2.90it/s]
Extract:  44%|####4     | 257/578 [00:57<01:32,  3.46it/s]
Extract:  45%|####4     | 258/578 [00:57<01:17,  4.13it/s]
Extract:  45%|####4     | 259/578 [00:58<01:06,  4.76it/s]
Extract:  45%|####5     | 261/578 [00:58<00:50,  6.22it/s]
Extract:  45%|####5     | 262/578 [00:58<01:05,  4.85it/s]
Extract:  46%|####5     | 263/578 [00:59<01:33,  3.36it/s]
Extract:  46%|####5     | 265/578 [00:59<01:20,  3.89it/s]
Extract:  46%|####6     | 266/578 [00:59<01:19,  3.91it/s]
Extract:  46%|####6     | 267/578 [01:00<01:29,  3.46it/s]
Extract:  46%|####6     | 268/578 [01:00<01:15,  4.12it/s]
Extract:  47%|####6     | 269/578 [01:00<01:24,  3.67it/s]
Extract:  47%|####6     | 271/578 [01:00<00:54,  5.59it/s]
Extract:  47%|####7     | 273/578 [01:01<01:06,  4.56it/s]
Extract:  47%|####7     | 274/578 [01:01<01:29,  3.39it/s]
Extract:  48%|####7     | 275/578 [01:02<02:01,  2.50it/s]
Extract:  48%|####7     | 276/578 [01:02<01:44,  2.90it/s]
Extract:  48%|####7     | 277/578 [01:03<01:27,  3.45it/s]
Extract:  48%|####8     | 280/578 [01:03<00:58,  5.06it/s]
Extract:  49%|####8     | 282/578 [01:03<00:45,  6.48it/s]
Extract:  49%|####8     | 283/578 [01:03<00:48,  6.11it/s]
Extract:  49%|####9     | 285/578 [01:03<00:43,  6.76it/s]
Extract:  49%|####9     | 286/578 [01:04<00:45,  6.48it/s]
Extract:  50%|####9     | 287/578 [01:04<00:41,  7.01it/s]
Extract:  50%|#####     | 289/578 [01:04<00:43,  6.59it/s]
Extract:  50%|#####     | 290/578 [01:05<01:06,  4.34it/s]
Extract:  50%|#####     | 291/578 [01:05<01:01,  4.67it/s]
Extract:  51%|#####     | 294/578 [01:05<00:38,  7.41it/s]
Extract:  51%|#####1    | 295/578 [01:05<00:55,  5.08it/s]
Extract:  51%|#####1    | 296/578 [01:06<00:51,  5.51it/s]
Extract:  51%|#####1    | 297/578 [01:06<01:07,  4.14it/s]
Extract:  52%|#####1    | 299/578 [01:06<00:46,  5.95it/s]
Extract:  52%|#####1    | 300/578 [01:06<00:43,  6.39it/s]
Extract:  52%|#####2    | 301/578 [01:07<00:56,  4.90it/s]
Extract:  52%|#####2    | 303/578 [01:07<00:40,  6.82it/s]
Extract:  53%|#####2    | 304/578 [01:07<01:04,  4.23it/s]
Extract:  53%|#####2    | 305/578 [01:07<01:01,  4.44it/s]
Extract:  53%|#####3    | 307/578 [01:08<01:20,  3.37it/s]
Extract:  53%|#####3    | 308/578 [01:08<01:19,  3.41it/s]
Extract:  53%|#####3    | 309/578 [01:09<01:33,  2.88it/s]
Extract:  54%|#####3    | 310/578 [01:09<01:24,  3.18it/s]
Extract:  54%|#####3    | 311/578 [01:10<01:41,  2.62it/s]
Extract:  54%|#####3    | 312/578 [01:10<01:53,  2.34it/s]
Extract:  54%|#####4    | 313/578 [01:10<01:32,  2.87it/s]
Extract:  54%|#####4    | 314/578 [01:11<01:32,  2.86it/s]
Extract:  55%|#####4    | 316/578 [01:11<01:14,  3.54it/s]
Extract:  55%|#####5    | 318/578 [01:12<01:11,  3.62it/s]
Extract:  55%|#####5    | 319/578 [01:12<01:09,  3.75it/s]
Extract:  55%|#####5    | 320/578 [01:12<01:18,  3.27it/s]
Extract:  56%|#####5    | 321/578 [01:13<01:09,  3.71it/s]
Extract:  56%|#####5    | 322/578 [01:13<01:31,  2.79it/s]
Extract:  56%|#####5    | 323/578 [01:13<01:19,  3.21it/s]
Extract:  56%|#####6    | 325/578 [01:14<00:53,  4.74it/s]
Extract:  56%|#####6    | 326/578 [01:14<01:17,  3.25it/s]
Extract:  57%|#####6    | 328/578 [01:14<00:57,  4.35it/s]
Extract:  57%|#####7    | 330/578 [01:15<00:45,  5.47it/s]
Extract:  57%|#####7    | 331/578 [01:15<00:45,  5.41it/s]
Extract:  57%|#####7    | 332/578 [01:15<00:52,  4.70it/s]
Extract:  58%|#####7    | 334/578 [01:15<00:37,  6.53it/s]
Extract:  58%|#####8    | 336/578 [01:15<00:29,  8.15it/s]
Extract:  58%|#####8    | 338/578 [01:16<00:27,  8.79it/s]
Extract:  59%|#####8    | 340/578 [01:16<00:29,  8.08it/s]
Extract:  59%|#####8    | 341/578 [01:16<00:31,  7.64it/s]
Extract:  59%|#####9    | 342/578 [01:16<00:37,  6.32it/s]
Extract:  60%|#####9    | 344/578 [01:17<00:44,  5.22it/s]
Extract:  60%|#####9    | 345/578 [01:17<00:41,  5.60it/s]
Extract:  60%|######    | 347/578 [01:17<00:33,  6.94it/s]
Extract:  60%|######    | 349/578 [01:18<00:46,  4.93it/s]
Extract:  61%|######    | 350/578 [01:18<00:45,  4.97it/s]
Extract:  61%|######    | 351/578 [01:18<01:05,  3.49it/s]
Extract:  61%|######1   | 353/578 [01:19<00:55,  4.09it/s]
Extract:  61%|######1   | 355/578 [01:19<00:42,  5.25it/s]
Extract:  62%|######1   | 356/578 [01:19<00:55,  4.02it/s]
Extract:  62%|######1   | 357/578 [01:20<00:57,  3.87it/s]
Extract:  62%|######2   | 359/578 [01:20<00:46,  4.73it/s]
Extract:  62%|######2   | 360/578 [01:20<00:48,  4.54it/s]
Extract:  63%|######2   | 362/578 [01:21<01:14,  2.92it/s]
Extract:  63%|######2   | 363/578 [01:21<01:02,  3.43it/s]
Extract:  63%|######3   | 365/578 [01:22<00:51,  4.13it/s]
Extract:  63%|######3   | 366/578 [01:22<00:51,  4.09it/s]
Extract:  63%|######3   | 367/578 [01:23<01:05,  3.24it/s]
Extract:  64%|######3   | 368/578 [01:23<01:01,  3.41it/s]
Extract:  64%|######3   | 369/578 [01:23<01:17,  2.71it/s]
Extract:  64%|######4   | 371/578 [01:24<00:48,  4.25it/s]
Extract:  65%|######4   | 373/578 [01:24<00:45,  4.50it/s]
Extract:  65%|######4   | 374/578 [01:24<00:41,  4.88it/s]
Extract:  65%|######5   | 376/578 [01:24<00:37,  5.45it/s]
Extract:  65%|######5   | 377/578 [01:25<00:39,  5.07it/s]
Extract:  65%|######5   | 378/578 [01:25<00:35,  5.61it/s]
Extract:  66%|######5   | 380/578 [01:25<00:36,  5.45it/s]
Extract:  66%|######5   | 381/578 [01:25<00:37,  5.30it/s]
Extract:  66%|######6   | 382/578 [01:26<00:51,  3.81it/s]
Extract:  66%|######6   | 383/578 [01:26<00:55,  3.52it/s]
Extract:  66%|######6   | 384/578 [01:26<00:57,  3.40it/s]
Extract:  67%|######6   | 386/578 [01:27<00:39,  4.83it/s]
Extract:  67%|######6   | 387/578 [01:27<00:40,  4.72it/s]
Extract:  67%|######7   | 390/578 [01:27<00:26,  7.01it/s]
Extract:  68%|######7   | 391/578 [01:27<00:27,  6.91it/s]
Extract:  68%|######7   | 392/578 [01:27<00:27,  6.69it/s]
Extract:  68%|######7   | 393/578 [01:28<00:32,  5.63it/s]
Extract:  68%|######8   | 394/578 [01:28<00:34,  5.37it/s]
Extract:  68%|######8   | 395/578 [01:28<00:37,  4.88it/s]
Extract:  69%|######8   | 397/578 [01:29<00:50,  3.58it/s]
Extract:  69%|######8   | 398/578 [01:29<00:43,  4.14it/s]
Extract:  69%|######9   | 399/578 [01:29<00:38,  4.65it/s]
Extract:  69%|######9   | 401/578 [01:29<00:25,  6.81it/s]
Extract:  70%|######9   | 403/578 [01:29<00:21,  8.18it/s]
Extract:  70%|#######   | 405/578 [01:30<00:18,  9.57it/s]
Extract:  70%|#######   | 407/578 [01:30<00:25,  6.60it/s]
Extract:  71%|#######   | 408/578 [01:31<00:36,  4.65it/s]
Extract:  71%|#######   | 410/578 [01:31<00:29,  5.63it/s]
Extract:  71%|#######1  | 412/578 [01:31<00:24,  6.74it/s]
Extract:  71%|#######1  | 413/578 [01:31<00:25,  6.37it/s]
Extract:  72%|#######1  | 415/578 [01:31<00:20,  7.91it/s]
Extract:  72%|#######1  | 416/578 [01:31<00:20,  7.89it/s]
Extract:  72%|#######2  | 418/578 [01:32<00:21,  7.54it/s]
Extract:  72%|#######2  | 419/578 [01:32<00:23,  6.85it/s]
Extract:  73%|#######2  | 421/578 [01:32<00:31,  4.95it/s]
Extract:  73%|#######3  | 424/578 [01:33<00:23,  6.55it/s]
Extract:  74%|#######3  | 425/578 [01:33<00:31,  4.81it/s]
Extract:  74%|#######3  | 426/578 [01:33<00:30,  5.04it/s]
Extract:  74%|#######3  | 427/578 [01:34<00:40,  3.70it/s]
Extract:  74%|#######4  | 428/578 [01:34<00:50,  2.99it/s]
Extract:  74%|#######4  | 429/578 [01:35<00:58,  2.56it/s]
Extract:  75%|#######4  | 431/578 [01:35<00:39,  3.70it/s]
Extract:  75%|#######4  | 432/578 [01:35<00:37,  3.87it/s]
Extract:  75%|#######5  | 434/578 [01:36<00:38,  3.74it/s]
Extract:  75%|#######5  | 435/578 [01:36<00:34,  4.14it/s]
Extract:  76%|#######5  | 437/578 [01:36<00:27,  5.20it/s]
Extract:  76%|#######5  | 438/578 [01:37<00:41,  3.40it/s]
Extract:  76%|#######5  | 439/578 [01:37<00:40,  3.47it/s]
Extract:  76%|#######6  | 441/578 [01:38<00:38,  3.56it/s]
Extract:  76%|#######6  | 442/578 [01:38<00:33,  4.03it/s]
Extract:  77%|#######6  | 443/578 [01:38<00:28,  4.68it/s]
Extract:  77%|#######6  | 444/578 [01:38<00:25,  5.33it/s]
Extract:  77%|#######6  | 445/578 [01:39<00:36,  3.68it/s]
Extract:  77%|#######7  | 447/578 [01:39<00:23,  5.50it/s]
Extract:  78%|#######7  | 449/578 [01:39<00:17,  7.19it/s]
Extract:  78%|#######8  | 451/578 [01:40<00:36,  3.47it/s]
Extract:  78%|#######8  | 452/578 [01:40<00:32,  3.88it/s]
Extract:  79%|#######8  | 454/578 [01:40<00:24,  5.12it/s]
Extract:  79%|#######8  | 456/578 [01:41<00:18,  6.53it/s]
Extract:  79%|#######9  | 458/578 [01:41<00:16,  7.11it/s]
Extract:  80%|#######9  | 461/578 [01:41<00:12,  9.41it/s]
Extract:  80%|########  | 463/578 [01:41<00:14,  8.06it/s]
Extract:  81%|########  | 466/578 [01:42<00:12,  8.87it/s]
Extract:  81%|########  | 468/578 [01:42<00:19,  5.57it/s]
Extract:  81%|########1 | 469/578 [01:42<00:18,  5.90it/s]
Extract:  81%|########1 | 470/578 [01:43<00:19,  5.65it/s]
Extract:  81%|########1 | 471/578 [01:43<00:21,  4.99it/s]
Extract:  82%|########1 | 472/578 [01:43<00:22,  4.72it/s]
Extract:  82%|########1 | 473/578 [01:43<00:20,  5.07it/s]
Extract:  82%|########2 | 474/578 [01:44<00:21,  4.82it/s]
Extract:  82%|########2 | 475/578 [01:44<00:18,  5.45it/s]
Extract:  82%|########2 | 476/578 [01:44<00:27,  3.65it/s]
Extract:  83%|########2 | 477/578 [01:44<00:24,  4.14it/s]
Extract:  83%|########2 | 478/578 [01:44<00:20,  4.90it/s]
Extract:  83%|########2 | 479/578 [01:45<00:36,  2.71it/s]
Extract:  83%|########3 | 480/578 [01:45<00:28,  3.43it/s]
Extract:  83%|########3 | 481/578 [01:46<00:25,  3.86it/s]
Extract:  84%|########3 | 483/578 [01:46<00:17,  5.58it/s]
Extract:  84%|########3 | 485/578 [01:46<00:13,  7.03it/s]
Extract:  84%|########4 | 487/578 [01:46<00:13,  6.89it/s]
Extract:  85%|########4 | 489/578 [01:47<00:18,  4.70it/s]
Extract:  85%|########4 | 490/578 [01:47<00:18,  4.88it/s]
Extract:  85%|########4 | 491/578 [01:47<00:19,  4.49it/s]
Extract:  85%|########5 | 492/578 [01:48<00:20,  4.13it/s]
Extract:  85%|########5 | 493/578 [01:48<00:21,  4.01it/s]
Extract:  85%|########5 | 494/578 [01:48<00:20,  4.09it/s]
Extract:  86%|########5 | 496/578 [01:48<00:14,  5.69it/s]
Extract:  86%|########6 | 498/578 [01:49<00:19,  4.01it/s]
Extract:  87%|########6 | 501/578 [01:49<00:13,  5.88it/s]
Extract:  87%|########7 | 503/578 [01:49<00:10,  7.27it/s]
Extract:  87%|########7 | 505/578 [01:50<00:17,  4.08it/s]
Extract:  88%|########7 | 507/578 [01:51<00:13,  5.13it/s]
Extract:  88%|########7 | 508/578 [01:51<00:13,  5.02it/s]
Extract:  88%|########8 | 510/578 [01:51<00:13,  5.17it/s]
Extract:  88%|########8 | 511/578 [01:51<00:12,  5.56it/s]
Extract:  89%|########8 | 512/578 [01:51<00:12,  5.21it/s]
Extract:  89%|########8 | 514/578 [01:52<00:09,  6.92it/s]
Extract:  89%|########9 | 515/578 [01:52<00:11,  5.70it/s]
Extract:  89%|########9 | 516/578 [01:52<00:16,  3.82it/s]
Extract:  89%|########9 | 517/578 [01:53<00:15,  3.92it/s]
Extract:  90%|########9 | 519/578 [01:53<00:12,  4.62it/s]
Extract:  90%|########9 | 520/578 [01:53<00:11,  4.92it/s]
Extract:  90%|######### | 522/578 [01:53<00:08,  6.35it/s]
Extract:  90%|######### | 523/578 [01:54<00:09,  5.80it/s]
Extract:  91%|######### | 524/578 [01:54<00:09,  5.97it/s]
Extract:  91%|#########1| 526/578 [01:54<00:12,  4.06it/s]
Extract:  91%|#########1| 528/578 [01:55<00:09,  5.31it/s]
Extract:  92%|#########1| 529/578 [01:55<00:08,  5.64it/s]
Extract:  92%|#########1| 530/578 [01:55<00:08,  5.90it/s]
Extract:  92%|#########1| 531/578 [01:55<00:07,  6.22it/s]
Extract:  92%|#########2| 532/578 [01:55<00:07,  6.38it/s]
Extract:  92%|#########2| 533/578 [01:55<00:06,  6.89it/s]
Extract:  92%|#########2| 534/578 [01:56<00:07,  5.73it/s]
Extract:  93%|#########2| 535/578 [01:56<00:06,  6.28it/s]
Extract:  93%|#########2| 537/578 [01:56<00:06,  6.46it/s]
Extract:  93%|#########3| 538/578 [01:57<00:13,  2.97it/s]
Extract:  93%|#########3| 540/578 [01:57<00:10,  3.61it/s]
Extract:  94%|#########3| 541/578 [01:57<00:09,  3.83it/s]
Extract:  94%|#########3| 543/578 [01:58<00:07,  4.97it/s]
Extract:  94%|#########4| 546/578 [01:58<00:06,  5.04it/s]
Extract:  95%|#########4| 547/578 [01:59<00:08,  3.59it/s]
Extract:  95%|#########4| 548/578 [01:59<00:07,  4.10it/s]
Extract:  95%|#########5| 550/578 [01:59<00:04,  5.74it/s]
Extract:  96%|#########5| 552/578 [01:59<00:03,  7.43it/s]
Extract:  96%|#########5| 554/578 [02:00<00:06,  3.77it/s]
Extract:  96%|#########6| 555/578 [02:01<00:07,  3.10it/s]
Extract:  96%|#########6| 556/578 [02:01<00:07,  3.09it/s]
Extract:  96%|#########6| 557/578 [02:01<00:06,  3.13it/s]
Extract:  97%|#########6| 559/578 [02:02<00:04,  4.61it/s]
Extract:  97%|#########6| 560/578 [02:02<00:05,  3.41it/s]
Extract:  97%|#########7| 561/578 [02:02<00:04,  3.50it/s]
Extract:  98%|#########7| 564/578 [02:03<00:03,  4.36it/s]
Extract:  98%|#########7| 565/578 [02:03<00:03,  3.92it/s]
Extract:  98%|#########7| 566/578 [02:03<00:02,  4.45it/s]
Extract:  98%|#########8| 567/578 [02:04<00:02,  4.70it/s]
Extract:  98%|#########8| 568/578 [02:04<00:02,  3.57it/s]
Extract:  99%|#########8| 570/578 [02:04<00:01,  5.33it/s]
Extract:  99%|#########8| 572/578 [02:04<00:00,  6.67it/s]
Extract:  99%|#########9| 574/578 [02:04<00:00,  8.54it/s]
Extract: 100%|#########9| 576/578 [02:06<00:00,  3.52it/s]
Extract: 100%|##########| 578/578 [02:06<00:00,  4.58it/s]

Extract:   0%|          | 0/578 [00:00<?, ?it/s]
Extract:   0%|          | 2/578 [00:00<00:48, 11.82it/s]
Extract:   1%|          | 4/578 [00:00<01:23,  6.85it/s]
Extract:   1%|          | 5/578 [00:00<01:26,  6.59it/s]
Extract:   1%|1         | 6/578 [00:00<01:25,  6.70it/s]
Extract:   1%|1         | 7/578 [00:01<01:45,  5.42it/s]
Extract:   1%|1         | 8/578 [00:01<02:00,  4.71it/s]
Extract:   2%|1         | 9/578 [00:01<02:05,  4.55it/s]
Extract:   2%|1         | 10/578 [00:01<01:59,  4.74it/s]
Extract:   2%|1         | 11/578 [00:01<01:48,  5.23it/s]
Extract:   2%|2         | 12/578 [00:02<02:29,  3.79it/s]
Extract:   2%|2         | 13/578 [00:02<02:07,  4.43it/s]
Extract:   2%|2         | 14/578 [00:02<02:30,  3.74it/s]
Extract:   3%|2         | 15/578 [00:03<03:30,  2.68it/s]
Extract:   3%|2         | 16/578 [00:03<02:57,  3.16it/s]
Extract:   3%|3         | 19/578 [00:03<01:32,  6.01it/s]
Extract:   4%|3         | 21/578 [00:04<01:49,  5.07it/s]
Extract:   4%|3         | 22/578 [00:04<01:47,  5.18it/s]
Extract:   4%|3         | 23/578 [00:04<01:54,  4.87it/s]
Extract:   4%|4         | 24/578 [00:04<01:44,  5.31it/s]
Extract:   4%|4         | 26/578 [00:05<01:15,  7.35it/s]
Extract:   5%|4         | 27/578 [00:05<01:42,  5.40it/s]
Extract:   5%|5         | 29/578 [00:05<01:19,  6.91it/s]
Extract:   5%|5         | 30/578 [00:05<01:18,  7.01it/s]
Extract:   5%|5         | 31/578 [00:05<01:22,  6.67it/s]
Extract:   6%|5         | 34/578 [00:06<00:56,  9.56it/s]
Extract:   6%|6         | 36/578 [00:06<00:51, 10.60it/s]
Extract:   7%|6         | 38/578 [00:06<00:56,  9.54it/s]
Extract:   7%|6         | 40/578 [00:06<00:50, 10.62it/s]
Extract:   7%|7         | 42/578 [00:07<01:12,  7.41it/s]
Extract:   7%|7         | 43/578 [00:07<01:31,  5.82it/s]
Extract:   8%|7         | 46/578 [00:07<01:03,  8.40it/s]
Extract:   8%|8         | 48/578 [00:07<00:58,  9.07it/s]
Extract:   9%|8         | 50/578 [00:08<01:10,  7.47it/s]
Extract:   9%|8         | 51/578 [00:08<01:23,  6.29it/s]
Extract:   9%|8         | 52/578 [00:08<01:35,  5.50it/s]
Extract:   9%|9         | 54/578 [00:08<01:24,  6.22it/s]
Extract:  10%|9         | 55/578 [00:09<01:32,  5.65it/s]
Extract:  10%|9         | 56/578 [00:09<01:25,  6.11it/s]
Extract:  10%|#         | 58/578 [00:09<01:21,  6.40it/s]
Extract:  10%|#         | 59/578 [00:09<01:35,  5.44it/s]
Extract:  10%|#         | 60/578 [00:10<01:52,  4.59it/s]
Extract:  11%|#         | 61/578 [00:10<01:58,  4.34it/s]
Extract:  11%|#         | 63/578 [00:10<01:20,  6.37it/s]
Extract:  11%|#1        | 64/578 [00:10<01:31,  5.60it/s]
Extract:  11%|#1        | 65/578 [00:11<01:57,  4.36it/s]
Extract:  12%|#1        | 67/578 [00:11<02:08,  3.98it/s]
Extract:  12%|#1        | 69/578 [00:11<01:40,  5.04it/s]
Extract:  12%|#2        | 71/578 [00:12<01:19,  6.37it/s]
Extract:  13%|#2        | 73/578 [00:12<01:35,  5.31it/s]
Extract:  13%|#2        | 75/578 [00:12<01:15,  6.69it/s]
Extract:  13%|#3        | 76/578 [00:12<01:12,  6.94it/s]
Extract:  13%|#3        | 77/578 [00:13<01:29,  5.62it/s]
Extract:  14%|#3        | 80/578 [00:13<01:01,  8.07it/s]
Extract:  14%|#4        | 82/578 [00:13<00:56,  8.71it/s]
Extract:  15%|#4        | 84/578 [00:14<01:28,  5.59it/s]
Extract:  15%|#4        | 86/578 [00:14<01:14,  6.62it/s]
Extract:  15%|#5        | 89/578 [00:14<01:18,  6.27it/s]
Extract:  16%|#5        | 90/578 [00:15<01:18,  6.24it/s]
Extract:  16%|#5        | 91/578 [00:15<01:39,  4.88it/s]
Extract:  16%|#5        | 92/578 [00:15<02:01,  4.01it/s]
Extract:  16%|#6        | 94/578 [00:16<01:39,  4.84it/s]
Extract:  17%|#6        | 96/578 [00:16<01:47,  4.47it/s]
Extract:  17%|#6        | 97/578 [00:16<01:37,  4.96it/s]
Extract:  17%|#6        | 98/578 [00:16<01:36,  4.95it/s]
Extract:  17%|#7        | 100/578 [00:17<01:30,  5.31it/s]
Extract:  17%|#7        | 101/578 [00:17<01:22,  5.75it/s]
Extract:  18%|#7        | 104/578 [00:17<00:52,  9.09it/s]
Extract:  18%|#8        | 106/578 [00:17<00:57,  8.18it/s]
Extract:  19%|#8        | 108/578 [00:18<01:29,  5.24it/s]
Extract:  19%|#9        | 110/578 [00:18<01:17,  6.03it/s]
Extract:  19%|#9        | 111/578 [00:18<01:16,  6.12it/s]
Extract:  20%|#9        | 113/578 [00:19<01:01,  7.50it/s]
Extract:  20%|#9        | 114/578 [00:19<01:00,  7.62it/s]
Extract:  20%|#9        | 115/578 [00:19<01:08,  6.79it/s]
Extract:  20%|##        | 116/578 [00:19<01:19,  5.78it/s]
Extract:  20%|##        | 117/578 [00:20<01:45,  4.39it/s]
Extract:  21%|##        | 120/578 [00:20<01:32,  4.94it/s]
Extract:  21%|##        | 121/578 [00:21<02:13,  3.43it/s]
Extract:  21%|##1       | 123/578 [00:21<01:35,  4.77it/s]
Extract:  22%|##1       | 125/578 [00:21<01:38,  4.60it/s]
Extract:  22%|##1       | 126/578 [00:22<01:39,  4.55it/s]
Extract:  22%|##2       | 128/578 [00:22<01:21,  5.49it/s]
Extract:  22%|##2       | 130/578 [00:22<01:24,  5.28it/s]
Extract:  23%|##2       | 131/578 [00:23<01:44,  4.26it/s]
Extract:  23%|##2       | 132/578 [00:23<01:36,  4.63it/s]
Extract:  23%|##3       | 133/578 [00:23<01:53,  3.93it/s]
Extract:  23%|##3       | 134/578 [00:23<01:38,  4.49it/s]
Extract:  23%|##3       | 135/578 [00:23<01:27,  5.06it/s]
Extract:  24%|##3       | 136/578 [00:24<01:19,  5.53it/s]
Extract:  24%|##3       | 137/578 [00:24<01:50,  3.99it/s]
Extract:  24%|##3       | 138/578 [00:24<02:10,  3.37it/s]
Extract:  24%|##4       | 139/578 [00:25<02:07,  3.44it/s]
Extract:  24%|##4       | 141/578 [00:25<01:19,  5.48it/s]
Extract:  25%|##5       | 145/578 [00:25<00:41, 10.39it/s]
Extract:  25%|##5       | 147/578 [00:26<01:15,  5.74it/s]
Extract:  26%|##5       | 149/578 [00:26<01:26,  4.94it/s]
Extract:  26%|##5       | 150/578 [00:26<01:20,  5.32it/s]
Extract:  26%|##6       | 153/578 [00:27<01:17,  5.46it/s]
Extract:  27%|##6       | 155/578 [00:27<01:21,  5.17it/s]
Extract:  27%|##7       | 157/578 [00:27<01:05,  6.38it/s]
Extract:  28%|##7       | 159/578 [00:28<00:56,  7.42it/s]
Extract:  28%|##7       | 161/578 [00:28<00:56,  7.34it/s]
Extract:  28%|##8       | 163/578 [00:28<01:19,  5.24it/s]
Extract:  29%|##8       | 165/578 [00:29<01:10,  5.82it/s]
Extract:  29%|##8       | 166/578 [00:29<01:08,  6.04it/s]
Extract:  29%|##8       | 167/578 [00:29<01:31,  4.50it/s]
Extract:  29%|##9       | 168/578 [00:29<01:22,  4.94it/s]
Extract:  29%|##9       | 169/578 [00:30<01:16,  5.37it/s]
Extract:  29%|##9       | 170/578 [00:30<01:13,  5.57it/s]
Extract:  30%|##9       | 172/578 [00:30<01:25,  4.76it/s]
Extract:  30%|##9       | 173/578 [00:31<01:50,  3.67it/s]
Extract:  30%|###       | 174/578 [00:31<01:39,  4.07it/s]
Extract:  30%|###       | 175/578 [00:31<01:34,  4.27it/s]
Extract:  31%|###       | 177/578 [00:32<01:44,  3.84it/s]
Extract:  31%|###       | 178/578 [00:32<01:31,  4.37it/s]
Extract:  31%|###1      | 180/578 [00:32<01:29,  4.45it/s]
Extract:  31%|###1      | 181/578 [00:33<01:38,  4.04it/s]
Extract:  31%|###1      | 182/578 [00:33<01:30,  4.36it/s]
Extract:  32%|###1      | 184/578 [00:33<01:14,  5.30it/s]
Extract:  32%|###2      | 185/578 [00:34<01:45,  3.72it/s]
Extract:  32%|###2      | 186/578 [00:34<01:34,  4.16it/s]
Extract:  33%|###2      | 188/578 [00:34<01:11,  5.49it/s]
Extract:  33%|###2      | 189/578 [00:34<01:25,  4.53it/s]
Extract:  33%|###3      | 191/578 [00:35<01:19,  4.87it/s]
Extract:  33%|###3      | 193/578 [00:35<00:59,  6.47it/s]
Extract:  34%|###3      | 195/578 [00:35<00:46,  8.28it/s]
Extract:  34%|###4      | 197/578 [00:35<00:58,  6.55it/s]
Extract:  34%|###4      | 198/578 [00:35<00:59,  6.40it/s]
Extract:  35%|###4      | 201/578 [00:36<01:05,  5.73it/s]
Extract:  35%|###4      | 202/578 [00:36<01:04,  5.83it/s]
Extract:  35%|###5      | 203/578 [00:37<01:20,  4.64it/s]
Extract:  35%|###5      | 205/578 [00:37<00:58,  6.38it/s]
Extract:  36%|###5      | 206/578 [00:37<00:54,  6.78it/s]
Extract:  36%|###5      | 207/578 [00:37<01:04,  5.78it/s]
Extract:  36%|###6      | 209/578 [00:37<00:49,  7.40it/s]
Extract:  36%|###6      | 210/578 [00:37<00:49,  7.41it/s]
Extract:  37%|###6      | 212/578 [00:38<01:02,  5.82it/s]
Extract:  37%|###7      | 214/578 [00:38<00:47,  7.58it/s]
Extract:  37%|###7      | 216/578 [00:38<00:47,  7.63it/s]
Extract:  38%|###7      | 217/578 [00:38<00:45,  7.95it/s]
Extract:  38%|###8      | 220/578 [00:38<00:31, 11.27it/s]
Extract:  38%|###8      | 222/578 [00:39<00:27, 12.80it/s]
Extract:  39%|###8      | 224/578 [00:39<00:28, 12.52it/s]
Extract:  39%|###9      | 226/578 [00:39<00:48,  7.21it/s]
Extract:  39%|###9      | 228/578 [00:39<00:41,  8.36it/s]
Extract:  40%|###9      | 230/578 [00:40<00:55,  6.27it/s]
Extract:  40%|###9      | 231/578 [00:40<00:57,  6.09it/s]
Extract:  40%|####      | 232/578 [00:40<00:53,  6.41it/s]
Extract:  40%|####      | 234/578 [00:40<00:45,  7.53it/s]
Extract:  41%|####      | 235/578 [00:41<00:50,  6.84it/s]
Extract:  41%|####      | 236/578 [00:41<01:08,  5.01it/s]
Extract:  41%|####1     | 237/578 [00:41<01:22,  4.15it/s]
Extract:  41%|####1     | 239/578 [00:41<00:56,  6.04it/s]
Extract:  42%|####1     | 240/578 [00:42<00:53,  6.30it/s]
Extract:  42%|####2     | 243/578 [00:42<00:35,  9.52it/s]
Extract:  42%|####2     | 245/578 [00:42<00:50,  6.59it/s]
Extract:  43%|####2     | 247/578 [00:42<00:46,  7.08it/s]
Extract:  43%|####2     | 248/578 [00:43<00:50,  6.55it/s]
Extract:  43%|####3     | 249/578 [00:43<00:47,  6.99it/s]
Extract:  43%|####3     | 251/578 [00:43<00:40,  7.99it/s]
Extract:  44%|####3     | 253/578 [00:43<00:32,  9.95it/s]
Extract:  44%|####4     | 255/578 [00:43<00:38,  8.41it/s]
Extract:  44%|####4     | 257/578 [00:44<00:51,  6.28it/s]
Extract:  45%|####4     | 258/578 [00:44<00:51,  6.16it/s]
Extract:  45%|####4     | 260/578 [00:44<00:42,  7.44it/s]
Extract:  45%|####5     | 262/578 [00:45<00:44,  7.09it/s]
Extract:  46%|####5     | 263/578 [00:45<00:59,  5.32it/s]
Extract:  46%|####5     | 265/578 [00:45<00:52,  6.00it/s]
Extract:  46%|####6     | 266/578 [00:45<00:52,  5.98it/s]
Extract:  46%|####6     | 267/578 [00:46<01:07,  4.58it/s]
Extract:  47%|####6     | 269/578 [00:46<01:05,  4.73it/s]
Extract:  47%|####7     | 272/578 [00:46<00:39,  7.66it/s]
Extract:  47%|####7     | 274/578 [00:47<01:11,  4.22it/s]
Extract:  48%|####7     | 275/578 [00:48<01:20,  3.78it/s]
Extract:  48%|####7     | 276/578 [00:48<01:13,  4.13it/s]
Extract:  48%|####7     | 277/578 [00:48<01:12,  4.15it/s]
Extract:  48%|####8     | 280/578 [00:48<00:54,  5.50it/s]
Extract:  49%|####8     | 282/578 [00:48<00:42,  7.00it/s]
Extract:  49%|####8     | 283/578 [00:49<00:46,  6.29it/s]
Extract:  49%|####9     | 285/578 [00:49<00:45,  6.46it/s]
Extract:  49%|####9     | 286/578 [00:49<00:47,  6.17it/s]
Extract:  50%|####9     | 287/578 [00:49<00:43,  6.61it/s]
Extract:  50%|####9     | 288/578 [00:49<00:40,  7.16it/s]
Extract:  50%|#####     | 289/578 [00:50<00:45,  6.30it/s]
Extract:  50%|#####     | 290/578 [00:50<01:09,  4.16it/s]
Extract:  51%|#####     | 292/578 [00:50<00:48,  5.93it/s]
Extract:  51%|#####     | 294/578 [00:50<00:39,  7.24it/s]
Extract:  51%|#####1    | 295/578 [00:51<01:07,  4.18it/s]
Extract:  51%|#####1    | 296/578 [00:51<01:01,  4.60it/s]
Extract:  51%|#####1    | 297/578 [00:52<01:18,  3.59it/s]
Extract:  52%|#####1    | 299/578 [00:52<00:53,  5.22it/s]
Extract:  52%|#####1    | 300/578 [00:52<00:49,  5.67it/s]
Extract:  52%|#####2    | 301/578 [00:52<01:00,  4.56it/s]
Extract:  52%|#####2    | 303/578 [00:52<00:42,  6.48it/s]
Extract:  53%|#####2    | 304/578 [00:53<01:06,  4.10it/s]
Extract:  53%|#####2    | 305/578 [00:53<01:01,  4.46it/s]
Extract:  53%|#####3    | 307/578 [00:54<01:04,  4.22it/s]
Extract:  53%|#####3    | 308/578 [00:54<01:05,  4.14it/s]
Extract:  53%|#####3    | 309/578 [00:54<01:19,  3.40it/s]
Extract:  54%|#####3    | 310/578 [00:55<01:13,  3.66it/s]
Extract:  54%|#####3    | 311/578 [00:55<01:42,  2.60it/s]
Extract:  54%|#####3    | 312/578 [00:56<02:10,  2.04it/s]
Extract:  54%|#####4    | 313/578 [00:56<01:43,  2.57it/s]
Extract:  54%|#####4    | 314/578 [00:56<01:35,  2.76it/s]
Extract:  55%|#####4    | 316/578 [00:57<01:11,  3.67it/s]
Extract:  55%|#####5    | 318/578 [00:57<01:05,  3.94it/s]
Extract:  55%|#####5    | 319/578 [00:57<01:03,  4.11it/s]
Extract:  55%|#####5    | 320/578 [00:58<01:13,  3.49it/s]
Extract:  56%|#####5    | 321/578 [00:58<01:02,  4.13it/s]
Extract:  56%|#####5    | 322/578 [00:58<01:02,  4.10it/s]
Extract:  56%|#####5    | 323/578 [00:58<00:55,  4.56it/s]
Extract:  56%|#####6    | 325/578 [00:58<00:38,  6.51it/s]
Extract:  56%|#####6    | 326/578 [00:59<00:43,  5.84it/s]
Extract:  57%|#####6    | 327/578 [00:59<00:46,  5.40it/s]
Extract:  57%|#####6    | 328/578 [00:59<00:46,  5.39it/s]
Extract:  57%|#####7    | 330/578 [00:59<00:34,  7.12it/s]
Extract:  57%|#####7    | 331/578 [00:59<00:36,  6.73it/s]
Extract:  57%|#####7    | 332/578 [01:00<00:45,  5.46it/s]
Extract:  58%|#####7    | 334/578 [01:00<00:32,  7.56it/s]
Extract:  58%|#####7    | 335/578 [01:00<00:30,  7.99it/s]
Extract:  58%|#####8    | 337/578 [01:00<00:26,  9.14it/s]
Extract:  59%|#####8    | 339/578 [01:00<00:25,  9.32it/s]
Extract:  59%|#####8    | 340/578 [01:00<00:27,  8.66it/s]
Extract:  59%|#####8    | 341/578 [01:01<00:28,  8.27it/s]
Extract:  59%|#####9    | 342/578 [01:01<00:32,  7.29it/s]
Extract:  60%|#####9    | 344/578 [01:01<00:40,  5.85it/s]
Extract:  60%|#####9    | 345/578 [01:01<00:36,  6.45it/s]
Extract:  60%|######    | 347/578 [01:02<00:29,  7.86it/s]
Extract:  60%|######    | 349/578 [01:02<00:40,  5.65it/s]
Extract:  61%|######    | 350/578 [01:02<00:37,  6.01it/s]
Extract:  61%|######    | 351/578 [01:03<01:01,  3.68it/s]
Extract:  61%|######1   | 353/578 [01:03<00:50,  4.46it/s]
Extract:  61%|######1   | 355/578 [01:03<00:37,  5.90it/s]
Extract:  62%|######1   | 356/578 [01:04<00:50,  4.38it/s]
Extract:  62%|######1   | 357/578 [01:04<00:51,  4.32it/s]
Extract:  62%|######2   | 359/578 [01:04<00:39,  5.56it/s]
Extract:  62%|######2   | 360/578 [01:04<00:40,  5.34it/s]
Extract:  62%|######2   | 361/578 [01:04<00:37,  5.82it/s]
Extract:  63%|######2   | 362/578 [01:05<00:54,  3.96it/s]
Extract:  63%|######2   | 364/578 [01:05<00:38,  5.54it/s]
Extract:  63%|######3   | 365/578 [01:05<00:41,  5.10it/s]
Extract:  63%|######3   | 366/578 [01:06<00:49,  4.27it/s]
Extract:  63%|######3   | 367/578 [01:06<01:06,  3.19it/s]
Extract:  64%|######3   | 368/578 [01:07<01:10,  2.98it/s]
Extract:  64%|######3   | 369/578 [01:07<01:18,  2.66it/s]
Extract:  64%|######4   | 371/578 [01:07<00:48,  4.25it/s]
Extract:  65%|######4   | 373/578 [01:08<00:41,  5.00it/s]
Extract:  65%|######4   | 374/578 [01:08<00:36,  5.52it/s]
Extract:  65%|######5   | 376/578 [01:08<00:30,  6.56it/s]
Extract:  65%|######5   | 377/578 [01:08<00:31,  6.34it/s]
Extract:  66%|######5   | 379/578 [01:08<00:25,  7.89it/s]
Extract:  66%|######5   | 380/578 [01:08<00:27,  7.14it/s]
Extract:  66%|######5   | 381/578 [01:08<00:26,  7.49it/s]
Extract:  66%|######6   | 382/578 [01:09<00:33,  5.87it/s]
Extract:  66%|######6   | 384/578 [01:09<00:30,  6.33it/s]
Extract:  67%|######6   | 386/578 [01:09<00:23,  8.02it/s]
Extract:  67%|######6   | 387/578 [01:09<00:25,  7.39it/s]
Extract:  67%|######7   | 390/578 [01:10<00:18, 10.01it/s]
Extract:  68%|######7   | 392/578 [01:10<00:20,  9.01it/s]
Extract:  68%|######7   | 393/578 [01:10<00:29,  6.34it/s]
Extract:  68%|######8   | 394/578 [01:10<00:28,  6.37it/s]
Extract:  68%|######8   | 395/578 [01:11<00:28,  6.31it/s]
Extract:  69%|######8   | 397/578 [01:11<00:25,  7.23it/s]
Extract:  69%|######9   | 399/578 [01:11<00:22,  8.03it/s]
Extract:  69%|######9   | 401/578 [01:11<00:18,  9.73it/s]
Extract:  70%|######9   | 403/578 [01:11<00:17, 10.22it/s]
Extract:  70%|#######   | 405/578 [01:11<00:15, 10.96it/s]
Extract:  70%|#######   | 407/578 [01:12<00:21,  7.86it/s]
Extract:  71%|#######   | 408/578 [01:12<00:30,  5.49it/s]
Extract:  71%|#######   | 410/578 [01:12<00:25,  6.60it/s]
Extract:  71%|#######1  | 412/578 [01:13<00:20,  8.19it/s]
Extract:  72%|#######1  | 414/578 [01:13<00:19,  8.21it/s]
Extract:  72%|#######1  | 416/578 [01:13<00:17,  9.04it/s]
Extract:  72%|#######2  | 418/578 [01:13<00:16,  9.50it/s]
Extract:  73%|#######2  | 420/578 [01:13<00:16,  9.77it/s]
Extract:  73%|#######3  | 422/578 [01:14<00:23,  6.57it/s]
Extract:  73%|#######3  | 424/578 [01:14<00:21,  7.29it/s]
Extract:  74%|#######3  | 425/578 [01:14<00:24,  6.17it/s]
Extract:  74%|#######3  | 427/578 [01:15<00:26,  5.63it/s]
Extract:  74%|#######4  | 428/578 [01:15<00:31,  4.83it/s]
Extract:  74%|#######4  | 429/578 [01:15<00:33,  4.51it/s]
Extract:  75%|#######4  | 431/578 [01:15<00:23,  6.32it/s]
Extract:  75%|#######4  | 432/578 [01:16<00:24,  6.06it/s]
Extract:  75%|#######5  | 434/578 [01:16<00:30,  4.65it/s]
Extract:  75%|#######5  | 435/578 [01:16<00:28,  5.00it/s]
Extract:  76%|#######5  | 437/578 [01:17<00:23,  6.09it/s]
Extract:  76%|#######5  | 438/578 [01:17<00:22,  6.22it/s]
Extract:  76%|#######5  | 439/578 [01:17<00:24,  5.63it/s]
Extract:  76%|#######6  | 441/578 [01:17<00:27,  5.06it/s]
Extract:  76%|#######6  | 442/578 [01:18<00:24,  5.55it/s]
Extract:  77%|#######6  | 444/578 [01:18<00:19,  6.75it/s]
Extract:  77%|#######6  | 445/578 [01:18<00:29,  4.53it/s]
Extract:  77%|#######7  | 447/578 [01:18<00:21,  6.14it/s]
Extract:  78%|#######7  | 449/578 [01:19<00:17,  7.38it/s]
Extract:  78%|#######7  | 450/578 [01:19<00:31,  4.10it/s]
Extract:  78%|#######8  | 451/578 [01:20<00:37,  3.39it/s]
Extract:  78%|#######8  | 452/578 [01:20<00:31,  3.99it/s]
Extract:  79%|#######8  | 454/578 [01:20<00:22,  5.40it/s]
Extract:  79%|#######8  | 456/578 [01:20<00:17,  6.81it/s]
Extract:  79%|#######9  | 458/578 [01:20<00:17,  6.82it/s]
Extract:  80%|#######9  | 460/578 [01:21<00:13,  8.62it/s]
Extract:  80%|#######9  | 462/578 [01:21<00:12,  9.01it/s]
Extract:  80%|########  | 464/578 [01:21<00:17,  6.56it/s]
Extract:  81%|########  | 466/578 [01:22<00:16,  6.76it/s]
Extract:  81%|########  | 467/578 [01:22<00:19,  5.73it/s]
Extract:  81%|########  | 468/578 [01:22<00:24,  4.50it/s]
Extract:  81%|########1 | 470/578 [01:22<00:19,  5.54it/s]
Extract:  81%|########1 | 471/578 [01:23<00:20,  5.21it/s]
Extract:  82%|########1 | 472/578 [01:23<00:20,  5.22it/s]
Extract:  82%|########1 | 473/578 [01:23<00:18,  5.56it/s]
Extract:  82%|########2 | 474/578 [01:23<00:19,  5.30it/s]
Extract:  82%|########2 | 475/578 [01:23<00:17,  5.78it/s]
Extract:  82%|########2 | 476/578 [01:24<00:26,  3.78it/s]
Extract:  83%|########2 | 477/578 [01:24<00:22,  4.40it/s]
Extract:  83%|########2 | 479/578 [01:24<00:21,  4.54it/s]
Extract:  83%|########3 | 480/578 [01:25<00:18,  5.23it/s]
Extract:  83%|########3 | 481/578 [01:25<00:18,  5.27it/s]
Extract:  84%|########3 | 483/578 [01:25<00:13,  6.98it/s]
Extract:  84%|########3 | 485/578 [01:25<00:10,  8.49it/s]
Extract:  84%|########4 | 487/578 [01:25<00:11,  8.24it/s]
Extract:  85%|########4 | 489/578 [01:26<00:15,  5.76it/s]
Extract:  85%|########4 | 490/578 [01:26<00:14,  5.99it/s]
Extract:  85%|########4 | 491/578 [01:26<00:15,  5.58it/s]
Extract:  85%|########5 | 492/578 [01:26<00:16,  5.07it/s]
Extract:  85%|########5 | 493/578 [01:27<00:16,  5.18it/s]
Extract:  85%|########5 | 494/578 [01:27<00:15,  5.28it/s]
Extract:  86%|########5 | 496/578 [01:27<00:11,  7.31it/s]
Extract:  86%|########6 | 498/578 [01:27<00:15,  5.24it/s]
Extract:  87%|########6 | 501/578 [01:28<00:10,  7.32it/s]
Extract:  87%|########7 | 503/578 [01:28<00:08,  9.03it/s]
Extract:  87%|########7 | 505/578 [01:29<00:16,  4.52it/s]
Extract:  88%|########7 | 507/578 [01:29<00:12,  5.74it/s]
Extract:  88%|########8 | 509/578 [01:29<00:10,  6.48it/s]
Extract:  88%|########8 | 511/578 [01:30<00:11,  5.76it/s]
Extract:  89%|########8 | 512/578 [01:30<00:12,  5.49it/s]
Extract:  89%|########8 | 514/578 [01:30<00:08,  7.16it/s]
Extract:  89%|########9 | 516/578 [01:31<00:14,  4.18it/s]
Extract:  89%|########9 | 517/578 [01:31<00:14,  4.19it/s]
Extract:  90%|########9 | 519/578 [01:31<00:11,  4.97it/s]
Extract:  90%|########9 | 520/578 [01:31<00:10,  5.37it/s]
Extract:  90%|######### | 522/578 [01:32<00:08,  6.83it/s]
Extract:  90%|######### | 523/578 [01:32<00:08,  6.39it/s]
Extract:  91%|######### | 524/578 [01:32<00:07,  6.81it/s]
Extract:  91%|#########1| 526/578 [01:33<00:12,  4.17it/s]
Extract:  91%|#########1| 528/578 [01:33<00:09,  5.33it/s]
Extract:  92%|#########1| 529/578 [01:33<00:08,  5.71it/s]
Extract:  92%|#########1| 530/578 [01:33<00:07,  6.02it/s]
Extract:  92%|#########1| 531/578 [01:33<00:07,  6.55it/s]
Extract:  92%|#########2| 532/578 [01:33<00:06,  7.10it/s]
Extract:  92%|#########2| 534/578 [01:34<00:06,  6.93it/s]
Extract:  93%|#########2| 535/578 [01:34<00:05,  7.43it/s]
Extract:  93%|#########2| 537/578 [01:34<00:05,  7.77it/s]
Extract:  93%|#########3| 538/578 [01:34<00:07,  5.48it/s]
Extract:  93%|#########3| 539/578 [01:34<00:06,  6.13it/s]
Extract:  93%|#########3| 540/578 [01:35<00:09,  3.88it/s]
Extract:  94%|#########3| 541/578 [01:35<00:09,  3.74it/s]
Extract:  94%|#########3| 543/578 [01:35<00:07,  4.83it/s]
Extract:  94%|#########4| 545/578 [01:36<00:04,  6.75it/s]
Extract:  94%|#########4| 546/578 [01:36<00:07,  4.52it/s]
Extract:  95%|#########4| 547/578 [01:37<00:09,  3.17it/s]
Extract:  95%|#########5| 550/578 [01:37<00:05,  5.11it/s]
Extract:  96%|#########5| 552/578 [01:37<00:03,  6.70it/s]
Extract:  96%|#########5| 554/578 [01:38<00:07,  3.25it/s]
Extract:  96%|#########6| 555/578 [01:39<00:07,  2.88it/s]
Extract:  96%|#########6| 556/578 [01:39<00:07,  3.05it/s]
Extract:  96%|#########6| 557/578 [01:39<00:06,  3.39it/s]
Extract:  97%|#########6| 560/578 [01:40<00:04,  4.37it/s]
Extract:  97%|#########7| 561/578 [01:40<00:03,  4.66it/s]
Extract:  98%|#########7| 564/578 [01:40<00:02,  5.51it/s]
Extract:  98%|#########7| 565/578 [01:41<00:02,  4.91it/s]
Extract:  98%|#########7| 566/578 [01:41<00:02,  4.80it/s]
Extract:  98%|#########8| 567/578 [01:41<00:02,  5.14it/s]
Extract:  98%|#########8| 568/578 [01:41<00:02,  4.03it/s]
Extract:  99%|#########8| 570/578 [01:42<00:01,  5.66it/s]
Extract:  99%|#########8| 572/578 [01:42<00:00,  7.12it/s]
Extract:  99%|#########9| 574/578 [01:42<00:00,  8.69it/s]
Extract: 100%|#########9| 576/578 [01:42<00:00,  5.79it/s]
Extract: 100%|##########| 578/578 [01:43<00:00,  5.61it/s]

Extract:   0%|          | 0/578 [00:00<?, ?it/s]
Extract:   0%|          | 2/578 [00:00<00:46, 12.37it/s]
Extract:   1%|          | 4/578 [00:00<01:25,  6.71it/s]
Extract:   1%|          | 5/578 [00:00<01:49,  5.23it/s]
Extract:   1%|1         | 6/578 [00:01<01:43,  5.51it/s]
Extract:   1%|1         | 7/578 [00:01<02:02,  4.65it/s]
Extract:   1%|1         | 8/578 [00:01<02:23,  3.97it/s]
Extract:   2%|1         | 9/578 [00:01<02:26,  3.87it/s]
Extract:   2%|1         | 10/578 [00:02<02:26,  3.87it/s]
Extract:   2%|1         | 11/578 [00:02<02:17,  4.13it/s]
Extract:   2%|2         | 12/578 [00:02<02:36,  3.61it/s]
Extract:   2%|2         | 13/578 [00:02<02:21,  3.99it/s]
Extract:   2%|2         | 14/578 [00:03<02:34,  3.65it/s]
Extract:   3%|2         | 15/578 [00:03<02:52,  3.26it/s]
Extract:   3%|2         | 16/578 [00:03<02:30,  3.73it/s]
Extract:   3%|3         | 18/578 [00:03<01:38,  5.70it/s]
Extract:   3%|3         | 20/578 [00:04<01:22,  6.78it/s]
Extract:   4%|3         | 21/578 [00:04<02:08,  4.35it/s]
Extract:   4%|3         | 22/578 [00:05<02:25,  3.81it/s]
Extract:   4%|3         | 23/578 [00:05<02:33,  3.62it/s]
Extract:   4%|4         | 24/578 [00:05<02:14,  4.12it/s]
Extract:   4%|4         | 26/578 [00:05<01:35,  5.80it/s]
Extract:   5%|4         | 27/578 [00:06<02:22,  3.86it/s]
Extract:   5%|5         | 29/578 [00:06<01:48,  5.07it/s]
Extract:   5%|5         | 30/578 [00:06<01:46,  5.13it/s]
Extract:   5%|5         | 31/578 [00:06<01:43,  5.27it/s]
Extract:   6%|5         | 34/578 [00:06<01:02,  8.67it/s]
Extract:   6%|6         | 36/578 [00:07<01:02,  8.62it/s]
Extract:   7%|6         | 38/578 [00:07<01:10,  7.61it/s]
Extract:   7%|6         | 40/578 [00:07<01:03,  8.52it/s]
Extract:   7%|7         | 41/578 [00:07<01:03,  8.49it/s]
Extract:   7%|7         | 42/578 [00:08<01:43,  5.17it/s]
Extract:   7%|7         | 43/578 [00:08<02:08,  4.16it/s]
Extract:   8%|7         | 45/578 [00:08<01:28,  6.05it/s]
Extract:   8%|8         | 47/578 [00:09<01:35,  5.55it/s]
Extract:   8%|8         | 49/578 [00:09<01:15,  7.04it/s]
Extract:   9%|8         | 51/578 [00:10<01:56,  4.54it/s]
Extract:   9%|8         | 52/578 [00:10<02:04,  4.23it/s]
Extract:   9%|9         | 54/578 [00:10<01:43,  5.06it/s]
Extract:  10%|9         | 55/578 [00:11<02:05,  4.17it/s]
Extract:  10%|9         | 56/578 [00:11<01:52,  4.64it/s]
Extract:  10%|#         | 58/578 [00:11<01:44,  4.96it/s]
Extract:  10%|#         | 59/578 [00:11<01:44,  4.96it/s]
Extract:  10%|#         | 60/578 [00:12<01:55,  4.47it/s]
Extract:  11%|#         | 61/578 [00:12<02:12,  3.90it/s]
Extract:  11%|#         | 63/578 [00:12<01:29,  5.73it/s]
Extract:  11%|#1        | 64/578 [00:12<01:47,  4.77it/s]
Extract:  11%|#1        | 65/578 [00:13<02:34,  3.31it/s]
Extract:  11%|#1        | 66/578 [00:13<02:14,  3.80it/s]
Extract:  12%|#1        | 67/578 [00:14<02:48,  3.03it/s]
Extract:  12%|#1        | 69/578 [00:14<02:05,  4.06it/s]
Extract:  12%|#2        | 71/578 [00:14<01:38,  5.15it/s]
Extract:  12%|#2        | 72/578 [00:14<01:30,  5.58it/s]
Extract:  13%|#2        | 73/578 [00:15<02:12,  3.80it/s]
Extract:  13%|#2        | 75/578 [00:15<01:32,  5.42it/s]
Extract:  13%|#3        | 76/578 [00:15<01:35,  5.24it/s]
Extract:  13%|#3        | 77/578 [00:16<02:14,  3.73it/s]
Extract:  14%|#3        | 79/578 [00:16<01:31,  5.44it/s]
Extract:  14%|#3        | 80/578 [00:16<01:25,  5.85it/s]
Extract:  14%|#4        | 81/578 [00:16<01:17,  6.45it/s]
Extract:  14%|#4        | 82/578 [00:16<01:10,  6.99it/s]
Extract:  14%|#4        | 83/578 [00:16<01:22,  5.99it/s]
Extract:  15%|#4        | 84/578 [00:17<02:15,  3.64it/s]
Extract:  15%|#4        | 85/578 [00:17<01:52,  4.37it/s]
Extract:  15%|#4        | 86/578 [00:17<02:03,  3.98it/s]
Extract:  15%|#5        | 88/578 [00:17<01:21,  5.98it/s]
Extract:  15%|#5        | 89/578 [00:18<02:12,  3.70it/s]
Extract:  16%|#5        | 90/578 [00:18<02:00,  4.05it/s]
Extract:  16%|#5        | 91/578 [00:19<02:48,  2.90it/s]
Extract:  16%|#5        | 92/578 [00:19<03:18,  2.45it/s]
Extract:  16%|#6        | 94/578 [00:20<02:26,  3.30it/s]
Extract:  17%|#6        | 96/578 [00:20<02:34,  3.12it/s]
Extract:  17%|#6        | 97/578 [00:20<02:14,  3.59it/s]
Extract:  17%|#6        | 98/578 [00:21<02:11,  3.65it/s]
Extract:  17%|#7        | 99/578 [00:21<01:51,  4.29it/s]
Extract:  17%|#7        | 100/578 [00:21<01:57,  4.07it/s]
Extract:  17%|#7        | 101/578 [00:21<01:43,  4.60it/s]
Extract:  18%|#7        | 104/578 [00:21<00:59,  8.02it/s]
Extract:  18%|#8        | 106/578 [00:22<01:12,  6.51it/s]
Extract:  19%|#8        | 107/578 [00:22<01:46,  4.42it/s]
Extract:  19%|#8        | 108/578 [00:23<01:50,  4.27it/s]
Extract:  19%|#9        | 110/578 [00:23<01:45,  4.42it/s]
Extract:  19%|#9        | 111/578 [00:23<01:41,  4.61it/s]
Extract:  20%|#9        | 113/578 [00:23<01:16,  6.11it/s]
Extract:  20%|#9        | 114/578 [00:24<01:12,  6.38it/s]
Extract:  20%|#9        | 115/578 [00:24<01:07,  6.86it/s]
Extract:  20%|##        | 116/578 [00:24<01:17,  5.95it/s]
Extract:  20%|##        | 117/578 [00:24<01:49,  4.19it/s]
Extract:  21%|##        | 120/578 [00:25<01:42,  4.45it/s]
Extract:  21%|##        | 121/578 [00:25<02:12,  3.45it/s]
Extract:  21%|##1       | 123/578 [00:26<01:38,  4.63it/s]
Extract:  21%|##1       | 124/578 [00:26<01:27,  5.18it/s]
Extract:  22%|##1       | 125/578 [00:26<02:01,  3.73it/s]
Extract:  22%|##1       | 126/578 [00:27<02:16,  3.30it/s]
Extract:  22%|##2       | 128/578 [00:27<01:38,  4.57it/s]
Extract:  22%|##2       | 130/578 [00:27<01:32,  4.85it/s]
Extract:  23%|##2       | 131/578 [00:28<01:49,  4.09it/s]
Extract:  23%|##2       | 132/578 [00:28<01:37,  4.58it/s]
Extract:  23%|##3       | 133/578 [00:28<01:41,  4.40it/s]
Extract:  23%|##3       | 134/578 [00:28<01:30,  4.88it/s]
Extract:  23%|##3       | 135/578 [00:28<01:24,  5.27it/s]
Extract:  24%|##3       | 136/578 [00:29<01:20,  5.52it/s]
Extract:  24%|##3       | 137/578 [00:29<01:51,  3.96it/s]
Extract:  24%|##3       | 138/578 [00:29<02:15,  3.25it/s]
Extract:  24%|##4       | 139/578 [00:30<02:33,  2.86it/s]
Extract:  25%|##4       | 142/578 [00:30<01:19,  5.51it/s]
Extract:  25%|##5       | 146/578 [00:31<01:11,  6.05it/s]
Extract:  25%|##5       | 147/578 [00:31<01:09,  6.20it/s]
Extract:  26%|##5       | 148/578 [00:31<01:05,  6.56it/s]
Extract:  26%|##5       | 149/578 [00:31<01:21,  5.24it/s]
Extract:  26%|##5       | 150/578 [00:31<01:13,  5.83it/s]
Extract:  26%|##6       | 153/578 [00:32<01:13,  5.81it/s]
Extract:  27%|##6       | 155/578 [00:32<01:20,  5.23it/s]
Extract:  27%|##7       | 157/578 [00:32<01:03,  6.65it/s]
Extract:  28%|##7       | 159/578 [00:32<00:51,  8.06it/s]
Extract:  28%|##7       | 161/578 [00:33<00:51,  8.07it/s]
Extract:  28%|##8       | 163/578 [00:33<01:17,  5.32it/s]
Extract:  29%|##8       | 165/578 [00:34<01:08,  6.01it/s]
Extract:  29%|##8       | 166/578 [00:34<01:05,  6.29it/s]
Extract:  29%|##8       | 167/578 [00:34<01:27,  4.69it/s]
Extract:  29%|##9       | 169/578 [00:34<01:07,  6.08it/s]
Extract:  29%|##9       | 170/578 [00:34<01:03,  6.47it/s]
Extract:  30%|##9       | 172/578 [00:35<00:58,  6.97it/s]
Extract:  30%|##9       | 173/578 [00:35<01:28,  4.57it/s]
Extract:  30%|###       | 174/578 [00:35<01:21,  4.98it/s]
Extract:  30%|###       | 176/578 [00:36<01:01,  6.58it/s]
Extract:  31%|###       | 177/578 [00:36<01:23,  4.82it/s]
Extract:  31%|###       | 178/578 [00:36<01:13,  5.48it/s]
Extract:  31%|###       | 179/578 [00:36<01:30,  4.41it/s]
Extract:  31%|###1      | 180/578 [00:37<01:48,  3.68it/s]
Extract:  31%|###1      | 181/578 [00:37<02:00,  3.30it/s]
Extract:  31%|###1      | 182/578 [00:37<01:47,  3.67it/s]
Extract:  32%|###1      | 184/578 [00:38<01:25,  4.61it/s]
Extract:  32%|###2      | 185/578 [00:38<01:38,  3.97it/s]
Extract:  32%|###2      | 187/578 [00:38<01:07,  5.83it/s]
Extract:  33%|###2      | 188/578 [00:38<01:05,  5.95it/s]
Extract:  33%|###2      | 189/578 [00:39<01:24,  4.62it/s]
Extract:  33%|###3      | 191/578 [00:39<01:39,  3.87it/s]
Extract:  33%|###3      | 192/578 [00:39<01:26,  4.46it/s]
Extract:  34%|###3      | 194/578 [00:40<01:02,  6.12it/s]
Extract:  34%|###4      | 197/578 [00:40<01:27,  4.37it/s]
Extract:  34%|###4      | 198/578 [00:41<01:24,  4.48it/s]
Extract:  35%|###4      | 201/578 [00:41<01:10,  5.35it/s]
Extract:  35%|###4      | 202/578 [00:41<01:08,  5.46it/s]
Extract:  35%|###5      | 203/578 [00:42<01:24,  4.42it/s]
Extract:  35%|###5      | 205/578 [00:42<01:01,  6.05it/s]
Extract:  36%|###5      | 206/578 [00:42<01:00,  6.18it/s]
Extract:  36%|###5      | 207/578 [00:42<01:07,  5.48it/s]
Extract:  36%|###6      | 209/578 [00:42<00:51,  7.16it/s]
Extract:  36%|###6      | 210/578 [00:42<00:53,  6.93it/s]
Extract:  37%|###6      | 212/578 [00:43<01:09,  5.30it/s]
Extract:  37%|###6      | 213/578 [00:43<01:03,  5.72it/s]
Extract:  37%|###7      | 215/578 [00:44<01:18,  4.64it/s]
Extract:  38%|###7      | 217/578 [00:44<01:00,  5.92it/s]
Extract:  38%|###8      | 220/578 [00:44<00:41,  8.65it/s]
Extract:  38%|###8      | 222/578 [00:44<00:34, 10.18it/s]
Extract:  39%|###8      | 224/578 [00:44<00:34, 10.28it/s]
Extract:  39%|###9      | 226/578 [00:45<00:55,  6.36it/s]
Extract:  39%|###9      | 228/578 [00:45<00:47,  7.40it/s]
Extract:  40%|###9      | 230/578 [00:46<01:03,  5.46it/s]
Extract:  40%|###9      | 231/578 [00:46<01:12,  4.80it/s]
Extract:  40%|####      | 232/578 [00:46<01:09,  5.00it/s]
Extract:  40%|####      | 233/578 [00:46<01:03,  5.42it/s]
Extract:  40%|####      | 234/578 [00:46<01:01,  5.59it/s]
Extract:  41%|####      | 235/578 [00:47<00:59,  5.75it/s]
Extract:  41%|####      | 236/578 [00:47<01:31,  3.72it/s]
Extract:  41%|####1     | 237/578 [00:48<01:50,  3.08it/s]
Extract:  41%|####1     | 239/578 [00:48<01:12,  4.66it/s]
Extract:  42%|####1     | 240/578 [00:48<01:08,  4.94it/s]
Extract:  42%|####1     | 242/578 [00:48<00:49,  6.85it/s]
Extract:  42%|####2     | 244/578 [00:49<01:20,  4.17it/s]
Extract:  42%|####2     | 245/578 [00:49<01:12,  4.61it/s]
Extract:  43%|####2     | 247/578 [00:49<01:08,  4.86it/s]
Extract:  43%|####2     | 248/578 [00:50<01:13,  4.47it/s]
Extract:  43%|####3     | 249/578 [00:50<01:09,  4.72it/s]
Extract:  43%|####3     | 250/578 [00:50<01:03,  5.17it/s]
Extract:  43%|####3     | 251/578 [00:50<01:00,  5.37it/s]
Extract:  44%|####3     | 253/578 [00:50<00:45,  7.22it/s]
Extract:  44%|####4     | 255/578 [00:51<00:49,  6.56it/s]
Extract:  44%|####4     | 256/578 [00:51<01:11,  4.49it/s]
Extract:  44%|####4     | 257/578 [00:51<01:02,  5.14it/s]
Extract:  45%|####4     | 259/578 [00:51<00:49,  6.51it/s]
Extract:  45%|####5     | 261/578 [00:52<00:40,  7.75it/s]
Extract:  45%|####5     | 262/578 [00:52<00:56,  5.64it/s]
Extract:  46%|####5     | 263/578 [00:52<01:16,  4.09it/s]
Extract:  46%|####5     | 265/578 [00:53<01:11,  4.39it/s]
Extract:  46%|####6     | 266/578 [00:53<01:15,  4.15it/s]
Extract:  46%|####6     | 267/578 [00:53<01:27,  3.53it/s]
Extract:  46%|####6     | 268/578 [00:54<01:16,  4.04it/s]
Extract:  47%|####6     | 269/578 [00:54<01:26,  3.56it/s]
Extract:  47%|####7     | 272/578 [00:54<00:46,  6.61it/s]
Extract:  47%|####7     | 274/578 [00:56<01:57,  2.59it/s]
Extract:  48%|####7     | 275/578 [00:56<02:08,  2.36it/s]
Extract:  48%|####7     | 276/578 [00:57<01:53,  2.65it/s]
Extract:  48%|####7     | 277/578 [00:57<01:39,  3.03it/s]
Extract:  48%|####8     | 280/578 [00:57<01:13,  4.06it/s]
Extract:  49%|####8     | 282/578 [00:57<00:56,  5.27it/s]
Extract:  49%|####8     | 283/578 [00:58<01:00,  4.90it/s]
Extract:  49%|####9     | 285/578 [00:58<00:54,  5.42it/s]
Extract:  49%|####9     | 286/578 [00:58<00:52,  5.51it/s]
Extract:  50%|####9     | 287/578 [00:58<00:48,  5.95it/s]
Extract:  50%|#####     | 289/578 [00:59<00:46,  6.24it/s]
Extract:  50%|#####     | 290/578 [00:59<01:09,  4.17it/s]
Extract:  50%|#####     | 291/578 [00:59<01:01,  4.67it/s]
Extract:  51%|#####     | 293/578 [00:59<00:42,  6.65it/s]
Extract:  51%|#####     | 294/578 [00:59<00:41,  6.76it/s]
Extract:  51%|#####1    | 295/578 [01:00<01:21,  3.46it/s]
Extract:  51%|#####1    | 297/578 [01:01<01:14,  3.78it/s]
Extract:  52%|#####1    | 299/578 [01:01<00:52,  5.32it/s]
Extract:  52%|#####1    | 300/578 [01:01<00:47,  5.85it/s]
Extract:  52%|#####2    | 301/578 [01:01<00:49,  5.57it/s]
Extract:  53%|#####2    | 304/578 [01:02<00:49,  5.52it/s]
Extract:  53%|#####2    | 305/578 [01:02<00:46,  5.88it/s]
Extract:  53%|#####3    | 307/578 [01:02<00:44,  6.07it/s]
Extract:  53%|#####3    | 308/578 [01:02<00:47,  5.66it/s]
Extract:  53%|#####3    | 309/578 [01:03<00:57,  4.65it/s]
Extract:  54%|#####3    | 310/578 [01:03<00:54,  4.92it/s]
Extract:  54%|#####3    | 311/578 [01:03<01:08,  3.91it/s]
Extract:  54%|#####3    | 312/578 [01:04<01:24,  3.15it/s]
Extract:  54%|#####4    | 313/578 [01:04<01:10,  3.78it/s]
Extract:  54%|#####4    | 314/578 [01:04<01:13,  3.60it/s]
Extract:  54%|#####4    | 315/578 [01:04<01:18,  3.35it/s]
Extract:  55%|#####4    | 316/578 [01:05<01:13,  3.54it/s]
Extract:  55%|#####5    | 318/578 [01:05<01:04,  4.02it/s]
Extract:  55%|#####5    | 319/578 [01:05<01:01,  4.21it/s]
Extract:  55%|#####5    | 320/578 [01:06<01:10,  3.66it/s]
Extract:  56%|#####5    | 322/578 [01:06<00:58,  4.40it/s]
Extract:  56%|#####5    | 323/578 [01:06<00:52,  4.82it/s]
Extract:  56%|#####6    | 325/578 [01:06<00:38,  6.65it/s]
Extract:  56%|#####6    | 326/578 [01:07<00:39,  6.36it/s]
Extract:  57%|#####6    | 328/578 [01:07<00:36,  6.92it/s]
Extract:  57%|#####7    | 330/578 [01:07<00:29,  8.27it/s]
Extract:  57%|#####7    | 331/578 [01:07<00:30,  8.09it/s]
Extract:  57%|#####7    | 332/578 [01:07<00:34,  7.05it/s]
Extract:  58%|#####7    | 335/578 [01:07<00:25,  9.62it/s]
Extract:  58%|#####8    | 337/578 [01:08<00:22, 10.51it/s]
Extract:  59%|#####8    | 339/578 [01:08<00:22, 10.70it/s]
Extract:  59%|#####8    | 341/578 [01:08<00:24,  9.49it/s]
Extract:  59%|#####9    | 342/578 [01:08<00:28,  8.19it/s]
Extract:  60%|#####9    | 344/578 [01:09<00:33,  6.96it/s]
Extract:  60%|#####9    | 346/578 [01:09<00:27,  8.50it/s]
Extract:  60%|######    | 348/578 [01:09<00:22, 10.16it/s]
Extract:  61%|######    | 350/578 [01:09<00:36,  6.24it/s]
Extract:  61%|######    | 351/578 [01:10<01:08,  3.34it/s]
Extract:  61%|######1   | 353/578 [01:11<00:54,  4.15it/s]
Extract:  61%|######1   | 355/578 [01:11<00:39,  5.60it/s]
Extract:  62%|######1   | 357/578 [01:11<00:44,  4.92it/s]
Extract:  62%|######2   | 359/578 [01:11<00:36,  6.02it/s]
Extract:  62%|######2   | 360/578 [01:12<00:36,  6.04it/s]
Extract:  63%|######2   | 362/578 [01:12<00:39,  5.45it/s]
Extract:  63%|######2   | 364/578 [01:12<00:33,  6.43it/s]
Extract:  63%|######3   | 365/578 [01:12<00:34,  6.17it/s]
Extract:  63%|######3   | 366/578 [01:13<00:37,  5.65it/s]
Extract:  63%|######3   | 367/578 [01:13<00:52,  4.01it/s]
Extract:  64%|######3   | 368/578 [01:13<00:50,  4.18it/s]
Extract:  64%|######3   | 369/578 [01:14<01:05,  3.20it/s]
Extract:  64%|######4   | 371/578 [01:14<00:41,  4.98it/s]
Extract:  65%|######4   | 373/578 [01:14<00:38,  5.28it/s]
Extract:  65%|######4   | 374/578 [01:14<00:35,  5.79it/s]
Extract:  65%|######5   | 376/578 [01:15<00:33,  5.99it/s]
Extract:  65%|######5   | 377/578 [01:15<00:38,  5.21it/s]
Extract:  65%|######5   | 378/578 [01:15<00:34,  5.72it/s]
Extract:  66%|######5   | 379/578 [01:15<00:31,  6.22it/s]
Extract:  66%|######5   | 380/578 [01:16<00:38,  5.11it/s]
Extract:  66%|######5   | 381/578 [01:16<00:37,  5.27it/s]
Extract:  66%|######6   | 382/578 [01:16<00:52,  3.76it/s]
Extract:  66%|######6   | 383/578 [01:17<01:05,  2.97it/s]
Extract:  66%|######6   | 384/578 [01:17<01:03,  3.04it/s]
Extract:  67%|######6   | 386/578 [01:17<00:41,  4.60it/s]
Extract:  67%|######6   | 387/578 [01:17<00:41,  4.63it/s]
Extract:  67%|######7   | 390/578 [01:18<00:26,  6.98it/s]
Extract:  68%|######7   | 391/578 [01:18<00:27,  6.83it/s]
Extract:  68%|######7   | 392/578 [01:18<00:27,  6.72it/s]
Extract:  68%|######7   | 393/578 [01:18<00:30,  5.97it/s]
Extract:  68%|######8   | 394/578 [01:18<00:30,  5.97it/s]
Extract:  68%|######8   | 395/578 [01:18<00:32,  5.65it/s]
Extract:  69%|######8   | 397/578 [01:19<00:28,  6.35it/s]
Extract:  69%|######8   | 398/578 [01:19<00:25,  6.92it/s]
Extract:  69%|######9   | 399/578 [01:19<00:25,  6.98it/s]
Extract:  69%|######9   | 401/578 [01:19<00:19,  8.88it/s]
Extract:  70%|######9   | 402/578 [01:19<00:19,  9.07it/s]
Extract:  70%|######9   | 404/578 [01:19<00:17,  9.80it/s]
Extract:  70%|#######   | 406/578 [01:20<00:24,  7.15it/s]
Extract:  70%|#######   | 407/578 [01:20<00:31,  5.50it/s]
Extract:  71%|#######   | 408/578 [01:21<00:47,  3.55it/s]
Extract:  71%|#######   | 410/578 [01:21<00:36,  4.63it/s]
Extract:  71%|#######1  | 412/578 [01:21<00:27,  6.00it/s]
Extract:  71%|#######1  | 413/578 [01:21<00:31,  5.30it/s]
Extract:  72%|#######1  | 415/578 [01:22<00:24,  6.69it/s]
Extract:  72%|#######1  | 416/578 [01:22<00:25,  6.40it/s]
Extract:  72%|#######2  | 418/578 [01:22<00:24,  6.42it/s]
Extract:  72%|#######2  | 419/578 [01:22<00:28,  5.66it/s]
Extract:  73%|#######2  | 421/578 [01:23<00:34,  4.52it/s]
Extract:  73%|#######3  | 424/578 [01:23<00:25,  6.14it/s]
Extract:  74%|#######3  | 425/578 [01:24<00:31,  4.89it/s]
Extract:  74%|#######3  | 426/578 [01:24<00:30,  5.05it/s]
Extract:  74%|#######3  | 427/578 [01:24<00:40,  3.70it/s]
Extract:  74%|#######4  | 428/578 [01:25<01:06,  2.26it/s]
Extract:  74%|#######4  | 429/578 [01:26<01:10,  2.11it/s]
Extract:  75%|#######4  | 431/578 [01:26<00:47,  3.07it/s]
Extract:  75%|#######4  | 432/578 [01:26<00:46,  3.11it/s]
Extract:  75%|#######5  | 434/578 [01:27<00:44,  3.23it/s]
Extract:  75%|#######5  | 435/578 [01:27<00:39,  3.66it/s]
Extract:  76%|#######5  | 437/578 [01:27<00:29,  4.74it/s]
Extract:  76%|#######5  | 438/578 [01:28<00:27,  5.14it/s]
Extract:  76%|#######5  | 439/578 [01:28<00:28,  4.90it/s]
Extract:  76%|#######6  | 441/578 [01:28<00:29,  4.60it/s]
Extract:  76%|#######6  | 442/578 [01:28<00:26,  5.11it/s]
Extract:  77%|#######6  | 444/578 [01:29<00:21,  6.25it/s]
Extract:  77%|#######6  | 445/578 [01:29<00:31,  4.25it/s]
Extract:  77%|#######7  | 447/578 [01:29<00:22,  5.90it/s]
Extract:  78%|#######7  | 449/578 [01:29<00:16,  7.60it/s]
Extract:  78%|#######8  | 451/578 [01:30<00:28,  4.45it/s]
Extract:  78%|#######8  | 453/578 [01:30<00:21,  5.76it/s]
Extract:  79%|#######8  | 455/578 [01:30<00:17,  6.94it/s]
Extract:  79%|#######9  | 457/578 [01:31<00:13,  8.69it/s]
Extract:  79%|#######9  | 459/578 [01:31<00:16,  7.39it/s]
Extract:  80%|#######9  | 461/578 [01:31<00:13,  8.38it/s]
Extract:  80%|########  | 463/578 [01:31<00:16,  7.17it/s]
Extract:  81%|########  | 466/578 [01:32<00:13,  8.07it/s]
Extract:  81%|########  | 467/578 [01:32<00:16,  6.70it/s]
Extract:  81%|########  | 468/578 [01:33<00:29,  3.78it/s]
Extract:  81%|########1 | 469/578 [01:33<00:25,  4.24it/s]
Extract:  81%|########1 | 470/578 [01:33<00:26,  4.08it/s]
Extract:  81%|########1 | 471/578 [01:33<00:27,  3.94it/s]
Extract:  82%|########1 | 472/578 [01:34<00:27,  3.81it/s]
Extract:  82%|########1 | 473/578 [01:34<00:24,  4.36it/s]
Extract:  82%|########2 | 474/578 [01:34<00:22,  4.59it/s]
Extract:  82%|########2 | 475/578 [01:34<00:19,  5.33it/s]
Extract:  82%|########2 | 476/578 [01:35<00:25,  4.05it/s]
Extract:  83%|########2 | 477/578 [01:35<00:21,  4.80it/s]
Extract:  83%|########2 | 479/578 [01:35<00:15,  6.30it/s]
Extract:  83%|########3 | 481/578 [01:35<00:12,  7.65it/s]
Extract:  84%|########3 | 483/578 [01:35<00:10,  9.43it/s]
Extract:  84%|########3 | 485/578 [01:35<00:08, 11.46it/s]
Extract:  84%|########4 | 487/578 [01:36<00:08, 10.12it/s]
Extract:  85%|########4 | 489/578 [01:36<00:13,  6.61it/s]
Extract:  85%|########4 | 490/578 [01:36<00:13,  6.58it/s]
Extract:  85%|########4 | 491/578 [01:36<00:14,  6.11it/s]
Extract:  85%|########5 | 492/578 [01:37<00:15,  5.41it/s]
Extract:  85%|########5 | 493/578 [01:37<00:15,  5.61it/s]
Extract:  85%|########5 | 494/578 [01:37<00:14,  5.90it/s]
Extract:  86%|########5 | 496/578 [01:37<00:10,  7.87it/s]
Extract:  86%|########6 | 498/578 [01:38<00:14,  5.45it/s]
Extract:  87%|########6 | 501/578 [01:38<00:09,  7.84it/s]
Extract:  87%|########7 | 504/578 [01:38<00:08,  8.74it/s]
Extract:  88%|########7 | 506/578 [01:39<00:11,  6.25it/s]
Extract:  88%|########7 | 508/578 [01:39<00:10,  6.56it/s]
Extract:  88%|########8 | 510/578 [01:39<00:10,  6.51it/s]
Extract:  89%|########8 | 512/578 [01:40<00:10,  6.58it/s]
Extract:  89%|########8 | 514/578 [01:40<00:07,  8.08it/s]
Extract:  89%|########9 | 516/578 [01:41<00:15,  4.08it/s]
Extract:  89%|########9 | 517/578 [01:41<00:13,  4.39it/s]
Extract:  90%|########9 | 519/578 [01:41<00:11,  5.14it/s]
Extract:  90%|########9 | 520/578 [01:41<00:10,  5.60it/s]
Extract:  90%|######### | 522/578 [01:41<00:07,  7.01it/s]
Extract:  90%|######### | 523/578 [01:42<00:08,  6.62it/s]
Extract:  91%|######### | 524/578 [01:42<00:07,  6.82it/s]
Extract:  91%|#########1| 526/578 [01:42<00:10,  4.76it/s]
Extract:  91%|#########1| 528/578 [01:43<00:08,  5.97it/s]
Extract:  92%|#########1| 529/578 [01:43<00:07,  6.14it/s]
Extract:  92%|#########1| 530/578 [01:43<00:07,  6.19it/s]
Extract:  92%|#########1| 531/578 [01:43<00:07,  6.31it/s]
Extract:  92%|#########2| 532/578 [01:43<00:07,  6.31it/s]
Extract:  92%|#########2| 533/578 [01:43<00:06,  6.77it/s]
Extract:  92%|#########2| 534/578 [01:44<00:07,  5.76it/s]
Extract:  93%|#########2| 535/578 [01:44<00:06,  6.36it/s]
Extract:  93%|#########2| 537/578 [01:44<00:05,  7.07it/s]
Extract:  93%|#########3| 538/578 [01:44<00:06,  6.27it/s]
Extract:  93%|#########3| 540/578 [01:45<00:07,  5.35it/s]
Extract:  94%|#########3| 541/578 [01:45<00:07,  5.16it/s]
Extract:  94%|#########3| 543/578 [01:45<00:05,  5.85it/s]
Extract:  94%|#########4| 546/578 [01:46<00:06,  5.01it/s]
Extract:  95%|#########4| 547/578 [01:46<00:08,  3.77it/s]
Extract:  95%|#########5| 550/578 [01:46<00:04,  5.77it/s]
Extract:  96%|#########5| 553/578 [01:47<00:04,  5.23it/s]
Extract:  96%|#########5| 554/578 [01:48<00:06,  3.93it/s]
Extract:  96%|#########6| 555/578 [01:48<00:07,  3.19it/s]
Extract:  96%|#########6| 556/578 [01:49<00:06,  3.29it/s]
Extract:  96%|#########6| 557/578 [01:49<00:06,  3.39it/s]
Extract:  97%|#########6| 559/578 [01:49<00:03,  4.96it/s]
Extract:  97%|#########6| 560/578 [01:50<00:04,  3.63it/s]
Extract:  97%|#########7| 561/578 [01:50<00:04,  3.61it/s]
Extract:  98%|#########7| 564/578 [01:51<00:04,  3.00it/s]
Extract:  98%|#########7| 565/578 [01:52<00:04,  2.64it/s]
Extract:  98%|#########7| 566/578 [01:52<00:04,  2.90it/s]
Extract:  98%|#########8| 567/578 [01:52<00:03,  3.01it/s]
Extract:  98%|#########8| 568/578 [01:53<00:04,  2.48it/s]
Extract:  99%|#########8| 570/578 [01:53<00:02,  3.67it/s]
Extract:  99%|#########8| 572/578 [01:53<00:01,  4.75it/s]
Extract:  99%|#########9| 574/578 [01:53<00:00,  6.02it/s]
Extract:  99%|#########9| 575/578 [01:53<00:00,  5.25it/s]
Extract: 100%|#########9| 576/578 [01:54<00:00,  3.46it/s]
Extract: 100%|##########| 578/578 [01:54<00:00,  5.04it/s]

Extract:   0%|          | 0/578 [00:00<?, ?it/s]
Extract:   0%|          | 2/578 [00:00<00:42, 13.44it/s]
Extract:   1%|          | 4/578 [00:00<01:40,  5.71it/s]
Extract:   1%|          | 5/578 [00:00<01:45,  5.42it/s]
Extract:   1%|1         | 6/578 [00:01<01:40,  5.70it/s]
Extract:   1%|1         | 7/578 [00:01<02:01,  4.72it/s]
Extract:   1%|1         | 8/578 [00:01<02:26,  3.89it/s]
Extract:   2%|1         | 9/578 [00:01<02:24,  3.94it/s]
Extract:   2%|1         | 10/578 [00:02<02:19,  4.07it/s]
Extract:   2%|1         | 11/578 [00:02<02:16,  4.16it/s]
Extract:   2%|2         | 12/578 [00:02<02:48,  3.37it/s]
Extract:   2%|2         | 13/578 [00:02<02:23,  3.94it/s]
Extract:   2%|2         | 14/578 [00:03<03:07,  3.02it/s]
Extract:   3%|2         | 15/578 [00:04<04:19,  2.17it/s]
Extract:   3%|2         | 16/578 [00:04<03:29,  2.68it/s]
Extract:   3%|3         | 19/578 [00:04<01:46,  5.23it/s]
Extract:   4%|3         | 21/578 [00:05<02:01,  4.58it/s]
Extract:   4%|3         | 22/578 [00:05<01:55,  4.81it/s]
Extract:   4%|3         | 23/578 [00:05<02:02,  4.54it/s]
Extract:   4%|4         | 24/578 [00:05<01:51,  4.98it/s]
Extract:   4%|4         | 26/578 [00:05<01:22,  6.66it/s]
Extract:   5%|4         | 27/578 [00:06<02:16,  4.02it/s]
Extract:   5%|4         | 28/578 [00:06<01:57,  4.69it/s]
Extract:   5%|5         | 29/578 [00:06<01:46,  5.16it/s]
Extract:   5%|5         | 30/578 [00:06<01:48,  5.07it/s]
Extract:   5%|5         | 31/578 [00:07<01:53,  4.82it/s]
Extract:   6%|5         | 34/578 [00:07<01:06,  8.14it/s]
Extract:   6%|6         | 36/578 [00:07<00:57,  9.43it/s]
Extract:   7%|6         | 38/578 [00:07<01:07,  7.98it/s]
Extract:   7%|6         | 40/578 [00:07<00:59,  9.04it/s]
Extract:   7%|7         | 42/578 [00:08<01:29,  5.99it/s]
Extract:   7%|7         | 43/578 [00:08<01:39,  5.37it/s]
Extract:   8%|7         | 46/578 [00:08<01:09,  7.70it/s]
Extract:   8%|8         | 48/578 [00:09<01:03,  8.32it/s]
Extract:   9%|8         | 50/578 [00:09<01:25,  6.16it/s]
Extract:   9%|8         | 51/578 [00:09<01:35,  5.50it/s]
Extract:   9%|8         | 52/578 [00:10<01:55,  4.56it/s]
Extract:   9%|9         | 54/578 [00:10<01:41,  5.17it/s]
Extract:  10%|9         | 55/578 [00:10<01:42,  5.10it/s]
Extract:  10%|9         | 57/578 [00:10<01:16,  6.78it/s]
Extract:  10%|#         | 58/578 [00:11<01:26,  6.04it/s]
Extract:  10%|#         | 59/578 [00:11<01:32,  5.60it/s]
Extract:  10%|#         | 60/578 [00:11<01:57,  4.43it/s]
Extract:  11%|#         | 61/578 [00:12<02:30,  3.44it/s]
Extract:  11%|#         | 63/578 [00:12<01:42,  5.04it/s]
Extract:  11%|#1        | 64/578 [00:12<01:53,  4.52it/s]
Extract:  11%|#1        | 65/578 [00:12<02:05,  4.09it/s]
Extract:  12%|#1        | 67/578 [00:13<02:05,  4.08it/s]
Extract:  12%|#1        | 69/578 [00:13<01:46,  4.80it/s]
Extract:  12%|#2        | 70/578 [00:13<01:47,  4.71it/s]
Extract:  12%|#2        | 71/578 [00:14<01:37,  5.19it/s]
Extract:  12%|#2        | 72/578 [00:14<01:29,  5.68it/s]
Extract:  13%|#2        | 73/578 [00:14<02:37,  3.20it/s]
Extract:  13%|#2        | 75/578 [00:15<01:50,  4.55it/s]
Extract:  13%|#3        | 76/578 [00:15<01:45,  4.78it/s]
Extract:  13%|#3        | 77/578 [00:15<02:14,  3.73it/s]
Extract:  14%|#3        | 79/578 [00:15<01:28,  5.63it/s]
Extract:  14%|#4        | 81/578 [00:15<01:12,  6.87it/s]
Extract:  14%|#4        | 83/578 [00:16<01:05,  7.60it/s]
Extract:  15%|#4        | 84/578 [00:16<01:22,  6.02it/s]
Extract:  15%|#4        | 86/578 [00:16<01:07,  7.34it/s]
Extract:  15%|#5        | 89/578 [00:17<01:12,  6.72it/s]
Extract:  16%|#5        | 90/578 [00:17<01:14,  6.53it/s]
Extract:  16%|#5        | 91/578 [00:17<01:52,  4.33it/s]
Extract:  16%|#5        | 92/578 [00:18<02:18,  3.51it/s]
Extract:  16%|#6        | 94/578 [00:18<01:51,  4.35it/s]
Extract:  17%|#6        | 96/578 [00:19<01:42,  4.72it/s]
Extract:  17%|#6        | 97/578 [00:19<01:38,  4.86it/s]
Extract:  17%|#6        | 98/578 [00:19<01:35,  5.03it/s]
Extract:  17%|#7        | 100/578 [00:19<01:20,  5.91it/s]
Extract:  17%|#7        | 101/578 [00:19<01:14,  6.44it/s]
Extract:  18%|#7        | 104/578 [00:19<00:46, 10.29it/s]
Extract:  18%|#8        | 106/578 [00:20<00:53,  8.90it/s]
Extract:  19%|#8        | 108/578 [00:20<01:27,  5.39it/s]
Extract:  19%|#9        | 110/578 [00:21<01:14,  6.25it/s]
Extract:  19%|#9        | 111/578 [00:21<01:13,  6.39it/s]
Extract:  20%|#9        | 113/578 [00:21<01:06,  7.03it/s]
Extract:  20%|#9        | 114/578 [00:21<01:03,  7.35it/s]
Extract:  20%|##        | 116/578 [00:21<01:03,  7.27it/s]
Extract:  20%|##        | 117/578 [00:22<01:28,  5.21it/s]
Extract:  21%|##        | 120/578 [00:22<01:25,  5.36it/s]
Extract:  21%|##        | 121/578 [00:23<01:49,  4.16it/s]
Extract:  21%|##1       | 123/578 [00:23<01:23,  5.44it/s]
Extract:  22%|##1       | 125/578 [00:23<01:40,  4.53it/s]
Extract:  22%|##1       | 126/578 [00:24<01:40,  4.49it/s]
Extract:  22%|##2       | 128/578 [00:24<01:24,  5.34it/s]
Extract:  22%|##2       | 130/578 [00:24<01:27,  5.11it/s]
Extract:  23%|##2       | 131/578 [00:25<01:55,  3.88it/s]
Extract:  23%|##2       | 132/578 [00:25<01:47,  4.13it/s]
Extract:  23%|##3       | 133/578 [00:25<01:56,  3.83it/s]
Extract:  23%|##3       | 134/578 [00:26<01:47,  4.15it/s]
Extract:  23%|##3       | 135/578 [00:26<01:39,  4.47it/s]
Extract:  24%|##3       | 136/578 [00:26<01:31,  4.80it/s]
Extract:  24%|##3       | 137/578 [00:26<02:19,  3.16it/s]
Extract:  24%|##3       | 138/578 [00:27<02:39,  2.76it/s]
Extract:  24%|##4       | 139/578 [00:27<02:44,  2.67it/s]
Extract:  24%|##4       | 141/578 [00:28<01:45,  4.16it/s]
Extract:  25%|##4       | 144/578 [00:28<01:01,  7.06it/s]
Extract:  25%|##5       | 146/578 [00:28<01:19,  5.43it/s]
Extract:  25%|##5       | 147/578 [00:28<01:13,  5.83it/s]
Extract:  26%|##5       | 148/578 [00:28<01:11,  6.03it/s]
Extract:  26%|##5       | 149/578 [00:29<01:52,  3.82it/s]
Extract:  26%|##5       | 150/578 [00:29<01:37,  4.37it/s]
Extract:  26%|##6       | 153/578 [00:30<01:30,  4.70it/s]
Extract:  27%|##6       | 155/578 [00:30<01:33,  4.51it/s]
Extract:  27%|##7       | 157/578 [00:30<01:12,  5.78it/s]
Extract:  28%|##7       | 159/578 [00:31<01:00,  6.95it/s]
Extract:  28%|##7       | 160/578 [00:31<01:10,  5.97it/s]
Extract:  28%|##8       | 162/578 [00:31<00:53,  7.72it/s]
Extract:  28%|##8       | 164/578 [00:32<01:27,  4.75it/s]
Extract:  29%|##8       | 165/578 [00:32<01:21,  5.07it/s]
Extract:  29%|##8       | 166/578 [00:32<01:15,  5.44it/s]
Extract:  29%|##8       | 167/578 [00:32<01:38,  4.15it/s]
Extract:  29%|##9       | 168/578 [00:33<01:26,  4.74it/s]
Extract:  29%|##9       | 169/578 [00:33<01:16,  5.38it/s]
Extract:  29%|##9       | 170/578 [00:33<01:11,  5.67it/s]
Extract:  30%|##9       | 172/578 [00:33<01:08,  5.93it/s]
Extract:  30%|##9       | 173/578 [00:34<01:41,  4.00it/s]
Extract:  30%|###       | 174/578 [00:34<01:32,  4.37it/s]
Extract:  30%|###       | 175/578 [00:34<01:18,  5.12it/s]
Extract:  31%|###       | 177/578 [00:35<01:51,  3.59it/s]
Extract:  31%|###       | 178/578 [00:35<01:36,  4.13it/s]
Extract:  31%|###1      | 180/578 [00:35<01:29,  4.46it/s]
Extract:  31%|###1      | 181/578 [00:36<01:41,  3.92it/s]
Extract:  31%|###1      | 182/578 [00:36<01:37,  4.07it/s]
Extract:  32%|###1      | 184/578 [00:36<01:20,  4.91it/s]
Extract:  32%|###2      | 185/578 [00:36<01:40,  3.91it/s]
Extract:  32%|###2      | 186/578 [00:37<01:29,  4.37it/s]
Extract:  33%|###2      | 188/578 [00:37<01:09,  5.64it/s]
Extract:  33%|###2      | 189/578 [00:37<01:42,  3.80it/s]
Extract:  33%|###3      | 191/578 [00:38<01:33,  4.16it/s]
Extract:  33%|###3      | 193/578 [00:38<01:11,  5.36it/s]
Extract:  34%|###3      | 195/578 [00:38<00:55,  6.85it/s]
Extract:  34%|###4      | 197/578 [00:39<01:07,  5.65it/s]
Extract:  34%|###4      | 198/578 [00:39<01:04,  5.89it/s]
Extract:  35%|###4      | 201/578 [00:39<00:59,  6.32it/s]
Extract:  35%|###4      | 202/578 [00:39<00:59,  6.35it/s]
Extract:  35%|###5      | 203/578 [00:40<01:33,  4.01it/s]
Extract:  35%|###5      | 205/578 [00:40<01:09,  5.34it/s]
Extract:  36%|###5      | 206/578 [00:40<01:08,  5.43it/s]
Extract:  36%|###5      | 207/578 [00:41<01:20,  4.63it/s]
Extract:  36%|###6      | 209/578 [00:41<00:56,  6.48it/s]
Extract:  36%|###6      | 210/578 [00:41<00:54,  6.77it/s]
Extract:  37%|###6      | 212/578 [00:41<00:57,  6.34it/s]
Extract:  37%|###6      | 213/578 [00:41<00:55,  6.62it/s]
Extract:  37%|###7      | 215/578 [00:42<01:11,  5.10it/s]
Extract:  37%|###7      | 216/578 [00:42<01:03,  5.68it/s]
Extract:  38%|###7      | 217/578 [00:42<01:01,  5.84it/s]
Extract:  38%|###8      | 220/578 [00:42<00:39,  9.00it/s]
Extract:  38%|###8      | 222/578 [00:42<00:32, 10.80it/s]
Extract:  39%|###8      | 224/578 [00:43<00:38,  9.28it/s]
Extract:  39%|###9      | 226/578 [00:43<00:52,  6.67it/s]
Extract:  39%|###9      | 227/578 [00:43<00:49,  7.09it/s]
Extract:  40%|###9      | 229/578 [00:43<00:42,  8.18it/s]
Extract:  40%|###9      | 231/578 [00:44<00:54,  6.41it/s]
Extract:  40%|####      | 233/578 [00:44<00:45,  7.64it/s]
Extract:  41%|####      | 235/578 [00:44<00:40,  8.44it/s]
Extract:  41%|####1     | 237/578 [00:45<01:09,  4.93it/s]
Extract:  42%|####1     | 240/578 [00:45<00:49,  6.82it/s]
Extract:  42%|####2     | 243/578 [00:45<00:36,  9.18it/s]
Extract:  42%|####2     | 245/578 [00:46<00:47,  7.07it/s]
Extract:  43%|####2     | 247/578 [00:46<00:45,  7.29it/s]
Extract:  43%|####3     | 249/578 [00:46<00:46,  7.07it/s]
Extract:  43%|####3     | 251/578 [00:47<00:42,  7.68it/s]
Extract:  44%|####3     | 254/578 [00:47<00:30, 10.54it/s]
Extract:  44%|####4     | 256/578 [00:47<00:48,  6.59it/s]
Extract:  45%|####4     | 258/578 [00:47<00:41,  7.78it/s]
Extract:  45%|####4     | 260/578 [00:47<00:34,  9.23it/s]
Extract:  45%|####5     | 262/578 [00:48<00:37,  8.43it/s]
Extract:  46%|####5     | 264/578 [00:48<00:45,  6.92it/s]
Extract:  46%|####5     | 265/578 [00:48<00:48,  6.44it/s]
Extract:  46%|####6     | 266/578 [00:49<00:50,  6.23it/s]
Extract:  46%|####6     | 267/578 [00:49<01:01,  5.05it/s]
Extract:  47%|####6     | 269/578 [00:49<00:56,  5.43it/s]
Extract:  47%|####7     | 273/578 [00:50<00:54,  5.56it/s]
Extract:  47%|####7     | 274/578 [00:50<01:10,  4.33it/s]
Extract:  48%|####7     | 275/578 [00:51<01:25,  3.56it/s]
Extract:  48%|####7     | 276/578 [00:51<01:17,  3.89it/s]
Extract:  48%|####7     | 277/578 [00:51<01:07,  4.45it/s]
Extract:  48%|####8     | 280/578 [00:52<00:54,  5.48it/s]
Extract:  49%|####8     | 282/578 [00:52<00:44,  6.69it/s]
Extract:  49%|####8     | 283/578 [00:52<00:50,  5.80it/s]
Extract:  49%|####9     | 285/578 [00:52<00:49,  5.96it/s]
Extract:  49%|####9     | 286/578 [00:53<00:51,  5.71it/s]
Extract:  50%|####9     | 287/578 [00:53<00:48,  6.00it/s]
Extract:  50%|####9     | 288/578 [00:53<00:44,  6.53it/s]
Extract:  50%|#####     | 289/578 [00:53<00:48,  5.96it/s]
Extract:  50%|#####     | 290/578 [00:54<01:26,  3.34it/s]
Extract:  51%|#####     | 292/578 [00:54<00:58,  4.91it/s]
Extract:  51%|#####     | 294/578 [00:54<00:45,  6.24it/s]
Extract:  51%|#####1    | 295/578 [00:55<01:07,  4.20it/s]
Extract:  51%|#####1    | 296/578 [00:55<01:01,  4.62it/s]
Extract:  51%|#####1    | 297/578 [00:55<01:19,  3.52it/s]
Extract:  52%|#####1    | 299/578 [00:55<00:53,  5.18it/s]
Extract:  52%|#####1    | 300/578 [00:55<00:48,  5.73it/s]
Extract:  52%|#####2    | 301/578 [00:56<00:58,  4.72it/s]
Extract:  52%|#####2    | 303/578 [00:56<00:42,  6.44it/s]
Extract:  53%|#####2    | 304/578 [00:57<01:22,  3.31it/s]
Extract:  53%|#####2    | 305/578 [00:57<01:14,  3.68it/s]
Extract:  53%|#####3    | 307/578 [00:57<01:06,  4.09it/s]
Extract:  53%|#####3    | 308/578 [00:58<01:07,  3.97it/s]
Extract:  53%|#####3    | 309/578 [00:58<01:24,  3.20it/s]
Extract:  54%|#####3    | 310/578 [00:58<01:23,  3.21it/s]
Extract:  54%|#####3    | 311/578 [00:59<01:44,  2.55it/s]
Extract:  54%|#####3    | 312/578 [01:00<01:55,  2.30it/s]
Extract:  54%|#####4    | 313/578 [01:00<01:34,  2.82it/s]
Extract:  54%|#####4    | 314/578 [01:00<01:47,  2.46it/s]
Extract:  55%|#####4    | 316/578 [01:01<01:18,  3.35it/s]
Extract:  55%|#####5    | 318/578 [01:01<01:11,  3.62it/s]
Extract:  55%|#####5    | 319/578 [01:01<01:08,  3.80it/s]
Extract:  55%|#####5    | 320/578 [01:02<01:18,  3.30it/s]
Extract:  56%|#####5    | 322/578 [01:02<01:04,  3.95it/s]
Extract:  56%|#####5    | 323/578 [01:02<00:59,  4.31it/s]
Extract:  56%|#####6    | 325/578 [01:02<00:43,  5.86it/s]
Extract:  56%|#####6    | 326/578 [01:03<00:48,  5.22it/s]
Extract:  57%|#####6    | 327/578 [01:03<00:43,  5.83it/s]
Extract:  57%|#####6    | 328/578 [01:03<00:45,  5.45it/s]
Extract:  57%|#####7    | 330/578 [01:03<00:41,  6.03it/s]
Extract:  57%|#####7    | 331/578 [01:03<00:41,  6.00it/s]
Extract:  57%|#####7    | 332/578 [01:04<00:47,  5.17it/s]
Extract:  58%|#####7    | 334/578 [01:04<00:33,  7.31it/s]
Extract:  58%|#####8    | 336/578 [01:04<00:26,  9.00it/s]
Extract:  58%|#####8    | 338/578 [01:04<00:24,  9.69it/s]
Extract:  59%|#####8    | 340/578 [01:05<00:36,  6.59it/s]
Extract:  59%|#####8    | 341/578 [01:05<00:35,  6.66it/s]
Extract:  59%|#####9    | 342/578 [01:05<00:38,  6.07it/s]
Extract:  60%|#####9    | 344/578 [01:05<00:43,  5.32it/s]
Extract:  60%|#####9    | 345/578 [01:06<00:39,  5.87it/s]
Extract:  60%|######    | 347/578 [01:06<00:31,  7.27it/s]
Extract:  60%|######    | 349/578 [01:06<00:41,  5.45it/s]
Extract:  61%|######    | 350/578 [01:06<00:40,  5.65it/s]
Extract:  61%|######    | 351/578 [01:07<00:57,  3.94it/s]
Extract:  61%|######1   | 353/578 [01:07<00:47,  4.70it/s]
Extract:  61%|######1   | 355/578 [01:07<00:35,  6.25it/s]
Extract:  62%|######1   | 356/578 [01:08<00:50,  4.35it/s]
Extract:  62%|######1   | 357/578 [01:08<00:46,  4.74it/s]
Extract:  62%|######2   | 359/578 [01:08<00:34,  6.28it/s]
Extract:  62%|######2   | 360/578 [01:08<00:33,  6.44it/s]
Extract:  63%|######2   | 362/578 [01:09<00:35,  6.03it/s]
Extract:  63%|######2   | 364/578 [01:09<00:28,  7.55it/s]
Extract:  63%|######3   | 365/578 [01:09<00:29,  7.16it/s]
Extract:  63%|######3   | 366/578 [01:09<00:32,  6.48it/s]
Extract:  63%|######3   | 367/578 [01:10<00:43,  4.87it/s]
Extract:  64%|######3   | 368/578 [01:10<00:40,  5.14it/s]
Extract:  64%|######3   | 369/578 [01:10<01:03,  3.27it/s]
Extract:  64%|######4   | 372/578 [01:10<00:32,  6.26it/s]
Extract:  65%|######4   | 374/578 [01:11<00:35,  5.70it/s]
Extract:  65%|######5   | 376/578 [01:11<00:31,  6.43it/s]
Extract:  65%|######5   | 377/578 [01:11<00:32,  6.11it/s]
Extract:  65%|######5   | 378/578 [01:11<00:30,  6.64it/s]
Extract:  66%|######5   | 380/578 [01:12<00:29,  6.72it/s]
Extract:  66%|######5   | 381/578 [01:12<00:28,  6.97it/s]
Extract:  66%|######6   | 382/578 [01:12<00:36,  5.30it/s]
Extract:  66%|######6   | 383/578 [01:12<00:33,  5.90it/s]
Extract:  66%|######6   | 384/578 [01:12<00:37,  5.22it/s]
Extract:  67%|######6   | 386/578 [01:13<00:27,  6.95it/s]
Extract:  67%|######6   | 387/578 [01:13<00:29,  6.52it/s]
Extract:  67%|######7   | 390/578 [01:13<00:20,  9.34it/s]
Extract:  68%|######7   | 392/578 [01:13<00:22,  8.42it/s]
Extract:  68%|######7   | 393/578 [01:14<00:31,  5.90it/s]
Extract:  68%|######8   | 394/578 [01:14<00:30,  6.05it/s]
Extract:  68%|######8   | 395/578 [01:14<00:29,  6.28it/s]
Extract:  69%|######8   | 397/578 [01:14<00:25,  7.13it/s]
Extract:  69%|######9   | 399/578 [01:14<00:20,  8.57it/s]
Extract:  70%|######9   | 402/578 [01:14<00:15, 11.45it/s]
Extract:  70%|######9   | 404/578 [01:15<00:13, 12.62it/s]
Extract:  70%|#######   | 406/578 [01:15<00:15, 10.80it/s]
Extract:  71%|#######   | 408/578 [01:16<00:28,  5.86it/s]
Extract:  71%|#######   | 410/578 [01:16<00:24,  6.79it/s]
Extract:  71%|#######1  | 412/578 [01:16<00:20,  8.00it/s]
Extract:  72%|#######1  | 414/578 [01:16<00:22,  7.33it/s]
Extract:  72%|#######1  | 415/578 [01:16<00:21,  7.66it/s]
Extract:  72%|#######1  | 416/578 [01:16<00:21,  7.38it/s]
Extract:  72%|#######2  | 418/578 [01:17<00:21,  7.48it/s]
Extract:  72%|#######2  | 419/578 [01:17<00:24,  6.58it/s]
Extract:  73%|#######2  | 421/578 [01:18<00:31,  5.05it/s]
Extract:  73%|#######3  | 424/578 [01:18<00:23,  6.58it/s]
Extract:  74%|#######3  | 425/578 [01:18<00:33,  4.59it/s]
Extract:  74%|#######3  | 426/578 [01:18<00:30,  4.93it/s]
Extract:  74%|#######3  | 427/578 [01:19<00:40,  3.71it/s]
Extract:  74%|#######4  | 428/578 [01:19<00:42,  3.52it/s]
Extract:  74%|#######4  | 429/578 [01:20<00:43,  3.41it/s]
Extract:  75%|#######4  | 431/578 [01:20<00:29,  5.03it/s]
Extract:  75%|#######4  | 432/578 [01:20<00:27,  5.27it/s]
Extract:  75%|#######5  | 434/578 [01:20<00:29,  4.95it/s]
Extract:  75%|#######5  | 435/578 [01:20<00:26,  5.45it/s]
Extract:  76%|#######5  | 437/578 [01:21<00:20,  6.78it/s]
Extract:  76%|#######5  | 438/578 [01:21<00:25,  5.43it/s]
Extract:  76%|#######5  | 439/578 [01:21<00:27,  5.00it/s]
Extract:  76%|#######6  | 441/578 [01:22<00:29,  4.72it/s]
Extract:  76%|#######6  | 442/578 [01:22<00:25,  5.26it/s]
Extract:  77%|#######6  | 444/578 [01:22<00:20,  6.56it/s]
Extract:  77%|#######6  | 445/578 [01:22<00:28,  4.67it/s]
Extract:  77%|#######7  | 447/578 [01:23<00:20,  6.51it/s]
Extract:  78%|#######7  | 449/578 [01:23<00:15,  8.17it/s]
Extract:  78%|#######8  | 451/578 [01:24<00:31,  4.05it/s]
Extract:  78%|#######8  | 452/578 [01:24<00:28,  4.46it/s]
Extract:  79%|#######8  | 454/578 [01:24<00:22,  5.55it/s]
Extract:  79%|#######8  | 456/578 [01:24<00:18,  6.66it/s]
Extract:  79%|#######9  | 458/578 [01:25<00:19,  6.17it/s]
Extract:  80%|#######9  | 460/578 [01:25<00:15,  7.83it/s]
Extract:  80%|#######9  | 462/578 [01:25<00:14,  8.07it/s]
Extract:  80%|########  | 464/578 [01:25<00:20,  5.67it/s]
Extract:  81%|########  | 466/578 [01:26<00:18,  6.02it/s]
Extract:  81%|########  | 467/578 [01:26<00:21,  5.13it/s]
Extract:  81%|########  | 468/578 [01:27<00:27,  4.00it/s]
Extract:  81%|########1 | 469/578 [01:27<00:23,  4.59it/s]
Extract:  81%|########1 | 470/578 [01:27<00:23,  4.62it/s]
Extract:  81%|########1 | 471/578 [01:27<00:24,  4.41it/s]
Extract:  82%|########1 | 472/578 [01:27<00:24,  4.30it/s]
Extract:  82%|########1 | 473/578 [01:28<00:21,  4.79it/s]
Extract:  82%|########2 | 474/578 [01:28<00:21,  4.77it/s]
Extract:  82%|########2 | 475/578 [01:28<00:18,  5.52it/s]
Extract:  82%|########2 | 476/578 [01:28<00:27,  3.70it/s]
Extract:  83%|########2 | 477/578 [01:28<00:23,  4.35it/s]
Extract:  83%|########2 | 479/578 [01:29<00:19,  5.12it/s]
Extract:  83%|########3 | 480/578 [01:29<00:16,  5.81it/s]
Extract:  83%|########3 | 481/578 [01:29<00:16,  6.05it/s]
Extract:  84%|########3 | 483/578 [01:29<00:11,  7.97it/s]
Extract:  84%|########3 | 485/578 [01:30<00:13,  6.91it/s]
Extract:  84%|########4 | 487/578 [01:30<00:12,  7.33it/s]
Extract:  85%|########4 | 489/578 [01:30<00:17,  5.15it/s]
Extract:  85%|########4 | 490/578 [01:31<00:16,  5.48it/s]
Extract:  85%|########4 | 491/578 [01:31<00:16,  5.27it/s]
Extract:  85%|########5 | 492/578 [01:31<00:17,  4.79it/s]
Extract:  85%|########5 | 493/578 [01:31<00:17,  4.89it/s]
Extract:  85%|########5 | 494/578 [01:31<00:16,  5.05it/s]
Extract:  86%|########5 | 496/578 [01:31<00:11,  7.14it/s]
Extract:  86%|########6 | 498/578 [01:32<00:16,  4.99it/s]
Extract:  87%|########6 | 501/578 [01:32<00:10,  7.16it/s]
Extract:  87%|########7 | 504/578 [01:33<00:10,  7.40it/s]
Extract:  87%|########7 | 505/578 [01:33<00:14,  5.09it/s]
Extract:  88%|########7 | 507/578 [01:33<00:11,  6.39it/s]
Extract:  88%|########7 | 508/578 [01:34<00:11,  6.13it/s]
Extract:  88%|########8 | 510/578 [01:34<00:10,  6.20it/s]
Extract:  88%|########8 | 511/578 [01:34<00:10,  6.67it/s]
Extract:  89%|########8 | 512/578 [01:34<00:14,  4.68it/s]
Extract:  89%|########8 | 514/578 [01:34<00:09,  6.56it/s]
Extract:  89%|########9 | 516/578 [01:35<00:15,  4.05it/s]
Extract:  89%|########9 | 517/578 [01:36<00:14,  4.08it/s]
Extract:  90%|########9 | 519/578 [01:36<00:12,  4.87it/s]
Extract:  90%|########9 | 520/578 [01:36<00:10,  5.31it/s]
Extract:  90%|######### | 522/578 [01:36<00:08,  6.82it/s]
Extract:  90%|######### | 523/578 [01:36<00:08,  6.38it/s]
Extract:  91%|######### | 524/578 [01:36<00:08,  6.72it/s]
Extract:  91%|#########1| 526/578 [01:37<00:11,  4.48it/s]
Extract:  91%|#########1| 527/578 [01:37<00:10,  4.97it/s]
Extract:  91%|#########1| 528/578 [01:37<00:09,  5.26it/s]
Extract:  92%|#########1| 529/578 [01:38<00:08,  5.67it/s]
Extract:  92%|#########1| 530/578 [01:38<00:07,  6.05it/s]
Extract:  92%|#########1| 531/578 [01:38<00:07,  6.60it/s]
Extract:  92%|#########2| 532/578 [01:38<00:06,  7.13it/s]
Extract:  92%|#########2| 534/578 [01:38<00:06,  6.84it/s]
Extract:  93%|#########2| 536/578 [01:38<00:04,  8.93it/s]
Extract:  93%|#########3| 538/578 [01:39<00:06,  6.40it/s]
Extract:  93%|#########3| 540/578 [01:39<00:07,  5.09it/s]
Extract:  94%|#########3| 541/578 [01:39<00:06,  5.39it/s]
Extract:  94%|#########3| 543/578 [01:40<00:05,  6.43it/s]
Extract:  94%|#########4| 546/578 [01:40<00:04,  6.59it/s]
Extract:  95%|#########4| 547/578 [01:40<00:05,  5.53it/s]
Extract:  95%|#########5| 550/578 [01:41<00:03,  8.25it/s]
Extract:  96%|#########5| 553/578 [01:41<00:03,  7.66it/s]
Extract:  96%|#########6| 555/578 [01:42<00:04,  4.77it/s]
Extract:  96%|#########6| 556/578 [01:42<00:05,  4.00it/s]
Extract:  96%|#########6| 557/578 [01:43<00:05,  4.04it/s]
Extract:  97%|#########6| 559/578 [01:43<00:03,  5.57it/s]
Extract:  97%|#########6| 560/578 [01:43<00:04,  4.42it/s]
Extract:  97%|#########7| 561/578 [01:43<00:03,  4.38it/s]
Extract:  98%|#########7| 564/578 [01:44<00:02,  5.08it/s]
Extract:  98%|#########7| 565/578 [01:44<00:02,  4.75it/s]
Extract:  98%|#########8| 567/578 [01:44<00:01,  5.64it/s]
Extract:  98%|#########8| 568/578 [01:45<00:02,  4.37it/s]
Extract:  99%|#########8| 570/578 [01:45<00:01,  6.06it/s]
Extract:  99%|#########8| 572/578 [01:45<00:00,  7.66it/s]
Extract:  99%|#########9| 575/578 [01:45<00:00,  9.74it/s]
Extract: 100%|#########9| 577/578 [01:46<00:00,  5.83it/s]
Extract: 100%|##########| 578/578 [01:46<00:00,  5.43it/s]

Extract:   0%|          | 0/578 [00:00<?, ?it/s]
Extract:   0%|          | 2/578 [00:00<00:39, 14.43it/s]
Extract:   1%|          | 4/578 [00:00<01:13,  7.83it/s]
Extract:   1%|          | 5/578 [00:00<01:16,  7.54it/s]
Extract:   1%|1         | 6/578 [00:00<01:26,  6.62it/s]
Extract:   1%|1         | 7/578 [00:01<01:53,  5.04it/s]
Extract:   1%|1         | 8/578 [00:01<02:21,  4.02it/s]
Extract:   2%|1         | 9/578 [00:01<02:25,  3.91it/s]
Extract:   2%|1         | 10/578 [00:02<02:22,  3.98it/s]
Extract:   2%|1         | 11/578 [00:02<02:14,  4.22it/s]
Extract:   2%|2         | 12/578 [00:02<02:38,  3.58it/s]
Extract:   2%|2         | 14/578 [00:03<02:30,  3.74it/s]
Extract:   3%|2         | 15/578 [00:03<03:32,  2.65it/s]
Extract:   3%|2         | 16/578 [00:03<03:01,  3.10it/s]
Extract:   3%|3         | 19/578 [00:04<01:38,  5.67it/s]
Extract:   4%|3         | 21/578 [00:04<01:39,  5.58it/s]
Extract:   4%|3         | 22/578 [00:04<01:37,  5.73it/s]
Extract:   4%|3         | 23/578 [00:04<01:44,  5.33it/s]
Extract:   4%|4         | 25/578 [00:04<01:15,  7.31it/s]
Extract:   5%|4         | 27/578 [00:05<01:37,  5.63it/s]
Extract:   5%|5         | 29/578 [00:05<01:24,  6.46it/s]
Extract:   5%|5         | 30/578 [00:05<01:24,  6.49it/s]
Extract:   5%|5         | 31/578 [00:06<01:26,  6.33it/s]
Extract:   6%|5         | 34/578 [00:06<00:58,  9.28it/s]
Extract:   6%|6         | 36/578 [00:06<00:54, 10.03it/s]
Extract:   7%|6         | 38/578 [00:06<01:02,  8.61it/s]
Extract:   7%|6         | 40/578 [00:06<00:59,  9.08it/s]
Extract:   7%|7         | 41/578 [00:06<01:01,  8.68it/s]
Extract:   7%|7         | 42/578 [00:07<01:47,  4.97it/s]
Extract:   7%|7         | 43/578 [00:07<02:05,  4.27it/s]
Extract:   8%|7         | 45/578 [00:07<01:26,  6.18it/s]
Extract:   8%|7         | 46/578 [00:08<01:26,  6.19it/s]
Extract:   8%|8         | 47/578 [00:08<01:29,  5.96it/s]
Extract:   8%|8         | 49/578 [00:08<01:06,  7.91it/s]
Extract:   9%|8         | 51/578 [00:09<01:46,  4.93it/s]
Extract:   9%|8         | 52/578 [00:09<02:06,  4.16it/s]
Extract:   9%|9         | 54/578 [00:09<01:46,  4.91it/s]
Extract:  10%|9         | 55/578 [00:10<01:52,  4.65it/s]
Extract:  10%|9         | 56/578 [00:10<01:41,  5.16it/s]
Extract:  10%|#         | 58/578 [00:10<01:31,  5.69it/s]
Extract:  10%|#         | 59/578 [00:10<01:30,  5.75it/s]
Extract:  10%|#         | 60/578 [00:10<01:52,  4.59it/s]
Extract:  11%|#         | 61/578 [00:11<02:04,  4.16it/s]
Extract:  11%|#1        | 64/578 [00:11<01:32,  5.56it/s]
Extract:  11%|#1        | 65/578 [00:12<02:05,  4.09it/s]
Extract:  11%|#1        | 66/578 [00:12<01:49,  4.68it/s]
Extract:  12%|#1        | 67/578 [00:12<02:43,  3.13it/s]
Extract:  12%|#1        | 69/578 [00:13<02:03,  4.13it/s]
Extract:  12%|#2        | 71/578 [00:13<01:33,  5.40it/s]
Extract:  13%|#2        | 73/578 [00:13<01:37,  5.16it/s]
Extract:  13%|#3        | 76/578 [00:14<01:11,  6.98it/s]
Extract:  13%|#3        | 77/578 [00:14<01:25,  5.88it/s]
Extract:  14%|#3        | 80/578 [00:14<01:00,  8.22it/s]
Extract:  14%|#4        | 82/578 [00:14<00:55,  8.88it/s]
Extract:  15%|#4        | 84/578 [00:15<01:16,  6.43it/s]
Extract:  15%|#4        | 86/578 [00:15<01:09,  7.06it/s]
Extract:  15%|#5        | 88/578 [00:15<00:56,  8.64it/s]
Extract:  16%|#5        | 90/578 [00:16<01:17,  6.27it/s]
Extract:  16%|#5        | 91/578 [00:16<01:41,  4.81it/s]
Extract:  16%|#5        | 92/578 [00:17<02:15,  3.58it/s]
Extract:  16%|#6        | 94/578 [00:17<01:52,  4.29it/s]
Extract:  17%|#6        | 96/578 [00:17<01:54,  4.22it/s]
Extract:  17%|#6        | 97/578 [00:17<01:42,  4.67it/s]
Extract:  17%|#6        | 98/578 [00:18<01:40,  4.78it/s]
Extract:  17%|#7        | 100/578 [00:18<01:27,  5.45it/s]
Extract:  17%|#7        | 101/578 [00:18<01:20,  5.94it/s]
Extract:  18%|#8        | 105/578 [00:18<01:04,  7.28it/s]
Extract:  18%|#8        | 106/578 [00:19<01:02,  7.53it/s]
Extract:  19%|#8        | 107/578 [00:19<01:37,  4.83it/s]
Extract:  19%|#8        | 108/578 [00:19<01:41,  4.64it/s]
Extract:  19%|#9        | 110/578 [00:20<01:25,  5.50it/s]
Extract:  19%|#9        | 111/578 [00:20<01:23,  5.61it/s]
Extract:  20%|#9        | 113/578 [00:20<01:03,  7.30it/s]
Extract:  20%|#9        | 114/578 [00:20<00:59,  7.74it/s]
Extract:  20%|##        | 116/578 [00:20<01:06,  6.98it/s]
Extract:  20%|##        | 117/578 [00:21<01:30,  5.08it/s]
Extract:  21%|##        | 120/578 [00:21<01:36,  4.75it/s]
Extract:  21%|##        | 121/578 [00:22<02:04,  3.67it/s]
Extract:  21%|##1       | 123/578 [00:22<01:31,  4.96it/s]
Extract:  22%|##1       | 125/578 [00:23<01:39,  4.57it/s]
Extract:  22%|##1       | 126/578 [00:23<01:40,  4.51it/s]
Extract:  22%|##2       | 128/578 [00:23<01:22,  5.47it/s]
Extract:  22%|##2       | 130/578 [00:24<01:31,  4.89it/s]
Extract:  23%|##2       | 131/578 [00:24<02:04,  3.60it/s]
Extract:  23%|##2       | 132/578 [00:24<01:52,  3.98it/s]
Extract:  23%|##3       | 133/578 [00:25<01:55,  3.84it/s]
Extract:  23%|##3       | 134/578 [00:25<01:42,  4.32it/s]
Extract:  23%|##3       | 135/578 [00:25<01:32,  4.81it/s]
Extract:  24%|##3       | 136/578 [00:25<01:21,  5.41it/s]
Extract:  24%|##3       | 137/578 [00:25<01:53,  3.88it/s]
Extract:  24%|##3       | 138/578 [00:26<02:16,  3.23it/s]
Extract:  24%|##4       | 139/578 [00:26<02:09,  3.40it/s]
Extract:  25%|##4       | 142/578 [00:26<01:09,  6.26it/s]
Extract:  25%|##5       | 146/578 [00:27<01:12,  5.99it/s]
Extract:  25%|##5       | 147/578 [00:27<01:09,  6.23it/s]
Extract:  26%|##5       | 148/578 [00:27<01:07,  6.36it/s]
Extract:  26%|##5       | 149/578 [00:28<01:34,  4.56it/s]
Extract:  26%|##5       | 150/578 [00:28<01:26,  4.93it/s]
Extract:  26%|##6       | 153/578 [00:28<01:24,  5.04it/s]
Extract:  27%|##6       | 155/578 [00:29<01:29,  4.73it/s]
Extract:  27%|##7       | 157/578 [00:29<01:10,  6.01it/s]
Extract:  27%|##7       | 158/578 [00:29<01:11,  5.88it/s]
Extract:  28%|##7       | 160/578 [00:30<01:09,  6.01it/s]
Extract:  28%|##8       | 163/578 [00:30<01:17,  5.38it/s]
Extract:  28%|##8       | 164/578 [00:30<01:11,  5.83it/s]
Extract:  29%|##8       | 165/578 [00:30<01:08,  6.04it/s]
Extract:  29%|##8       | 166/578 [00:31<01:05,  6.33it/s]
Extract:  29%|##8       | 167/578 [00:31<01:32,  4.44it/s]
Extract:  29%|##9       | 168/578 [00:31<01:22,  4.97it/s]
Extract:  29%|##9       | 169/578 [00:31<01:14,  5.52it/s]
Extract:  29%|##9       | 170/578 [00:31<01:11,  5.70it/s]
Extract:  30%|##9       | 172/578 [00:32<01:09,  5.85it/s]
Extract:  30%|##9       | 173/578 [00:32<01:41,  4.00it/s]
Extract:  30%|###       | 174/578 [00:32<01:29,  4.50it/s]
Extract:  30%|###       | 176/578 [00:33<01:06,  6.03it/s]
Extract:  31%|###       | 177/578 [00:33<01:35,  4.19it/s]
Extract:  31%|###       | 178/578 [00:33<01:24,  4.74it/s]
Extract:  31%|###       | 179/578 [00:33<01:13,  5.41it/s]
Extract:  31%|###1      | 180/578 [00:34<01:32,  4.29it/s]
Extract:  31%|###1      | 181/578 [00:34<01:42,  3.86it/s]
Extract:  31%|###1      | 182/578 [00:34<01:29,  4.42it/s]
Extract:  32%|###1      | 184/578 [00:34<01:20,  4.86it/s]
Extract:  32%|###2      | 185/578 [00:35<01:43,  3.80it/s]
Extract:  32%|###2      | 186/578 [00:35<01:30,  4.34it/s]
Extract:  33%|###2      | 188/578 [00:35<01:08,  5.72it/s]
Extract:  33%|###2      | 189/578 [00:36<01:34,  4.12it/s]
Extract:  33%|###3      | 191/578 [00:36<01:26,  4.46it/s]
Extract:  33%|###3      | 192/578 [00:36<01:16,  5.06it/s]
Extract:  34%|###3      | 194/578 [00:36<00:56,  6.84it/s]
Extract:  34%|###4      | 197/578 [00:37<01:03,  5.98it/s]
Extract:  34%|###4      | 198/578 [00:37<01:02,  6.08it/s]
Extract:  35%|###4      | 201/578 [00:38<01:04,  5.87it/s]
Extract:  35%|###4      | 202/578 [00:38<01:07,  5.55it/s]
Extract:  35%|###5      | 203/578 [00:38<01:30,  4.15it/s]
Extract:  35%|###5      | 205/578 [00:38<01:05,  5.68it/s]
Extract:  36%|###5      | 206/578 [00:39<01:02,  5.95it/s]
Extract:  36%|###5      | 207/578 [00:39<01:15,  4.91it/s]
Extract:  36%|###6      | 209/578 [00:39<00:53,  6.83it/s]
Extract:  36%|###6      | 210/578 [00:39<00:52,  6.97it/s]
Extract:  37%|###6      | 212/578 [00:40<00:59,  6.15it/s]
Extract:  37%|###6      | 213/578 [00:40<00:55,  6.57it/s]
Extract:  37%|###7      | 215/578 [00:40<01:03,  5.67it/s]
Extract:  38%|###7      | 217/578 [00:40<01:02,  5.77it/s]
Extract:  38%|###8      | 220/578 [00:41<00:42,  8.42it/s]
Extract:  39%|###8      | 223/578 [00:41<00:34, 10.33it/s]
Extract:  39%|###8      | 225/578 [00:41<00:42,  8.39it/s]
Extract:  39%|###9      | 227/578 [00:41<00:47,  7.37it/s]
Extract:  40%|###9      | 229/578 [00:42<00:42,  8.19it/s]
Extract:  40%|###9      | 230/578 [00:42<00:48,  7.11it/s]
Extract:  40%|###9      | 231/578 [00:42<00:51,  6.77it/s]
Extract:  40%|####      | 233/578 [00:42<00:42,  8.05it/s]
Extract:  41%|####      | 235/578 [00:42<00:37,  9.08it/s]
Extract:  41%|####      | 236/578 [00:43<00:51,  6.65it/s]
Extract:  41%|####1     | 237/578 [00:43<01:01,  5.58it/s]
Extract:  41%|####1     | 239/578 [00:43<00:52,  6.51it/s]
Extract:  42%|####1     | 240/578 [00:43<00:50,  6.67it/s]
Extract:  42%|####1     | 242/578 [00:43<00:38,  8.74it/s]
Extract:  42%|####2     | 244/578 [00:44<00:42,  7.93it/s]
Extract:  42%|####2     | 245/578 [00:44<00:40,  8.21it/s]
Extract:  43%|####2     | 247/578 [00:44<00:40,  8.26it/s]
Extract:  43%|####2     | 248/578 [00:44<00:46,  7.02it/s]
Extract:  43%|####3     | 250/578 [00:45<00:39,  8.21it/s]
Extract:  43%|####3     | 251/578 [00:45<00:39,  8.23it/s]
Extract:  44%|####3     | 254/578 [00:45<00:25, 12.51it/s]
Extract:  44%|####4     | 256/578 [00:45<00:40,  7.90it/s]
Extract:  45%|####4     | 258/578 [00:45<00:35,  8.98it/s]
Extract:  45%|####4     | 260/578 [00:45<00:31,  9.94it/s]
Extract:  45%|####5     | 262/578 [00:46<00:42,  7.52it/s]
Extract:  46%|####5     | 264/578 [00:46<00:50,  6.22it/s]
Extract:  46%|####5     | 265/578 [00:47<00:55,  5.69it/s]
Extract:  46%|####6     | 266/578 [00:47<00:56,  5.53it/s]
Extract:  46%|####6     | 267/578 [00:47<01:04,  4.81it/s]
Extract:  47%|####6     | 269/578 [00:47<01:00,  5.15it/s]
Extract:  47%|####7     | 273/578 [00:48<00:57,  5.33it/s]
Extract:  47%|####7     | 274/578 [00:49<01:15,  4.02it/s]
Extract:  48%|####7     | 275/578 [00:49<01:20,  3.76it/s]
Extract:  48%|####7     | 276/578 [00:49<01:14,  4.06it/s]
Extract:  48%|####7     | 277/578 [00:49<01:04,  4.69it/s]
Extract:  48%|####8     | 280/578 [00:50<00:52,  5.67it/s]
Extract:  49%|####8     | 282/578 [00:50<00:42,  6.98it/s]
Extract:  49%|####8     | 283/578 [00:50<00:47,  6.20it/s]
Extract:  49%|####9     | 285/578 [00:51<00:47,  6.17it/s]
Extract:  49%|####9     | 286/578 [00:51<00:51,  5.69it/s]
Extract:  50%|####9     | 287/578 [00:51<00:47,  6.07it/s]
Extract:  50%|####9     | 288/578 [00:51<00:43,  6.68it/s]
Extract:  50%|#####     | 289/578 [00:51<00:46,  6.15it/s]
Extract:  50%|#####     | 290/578 [00:52<01:18,  3.67it/s]
Extract:  50%|#####     | 291/578 [00:52<01:04,  4.44it/s]
Extract:  51%|#####     | 294/578 [00:52<00:38,  7.43it/s]
Extract:  51%|#####1    | 295/578 [00:52<00:56,  4.99it/s]
Extract:  51%|#####1    | 296/578 [00:53<00:51,  5.53it/s]
Extract:  51%|#####1    | 297/578 [00:53<01:10,  3.99it/s]
Extract:  52%|#####1    | 299/578 [00:53<00:47,  5.90it/s]
Extract:  52%|#####2    | 301/578 [00:53<00:45,  6.04it/s]
Extract:  52%|#####2    | 303/578 [00:54<00:39,  7.04it/s]
Extract:  53%|#####2    | 304/578 [00:54<00:50,  5.48it/s]
Extract:  53%|#####2    | 305/578 [00:54<00:48,  5.68it/s]
Extract:  53%|#####3    | 307/578 [00:55<00:49,  5.43it/s]
Extract:  53%|#####3    | 308/578 [00:55<00:56,  4.74it/s]
Extract:  53%|#####3    | 309/578 [00:55<01:11,  3.75it/s]
Extract:  54%|#####3    | 310/578 [00:55<01:05,  4.08it/s]
Extract:  54%|#####3    | 311/578 [00:56<01:27,  3.06it/s]
Extract:  54%|#####3    | 312/578 [00:57<01:48,  2.44it/s]
Extract:  54%|#####4    | 313/578 [00:57<01:30,  2.94it/s]
Extract:  54%|#####4    | 314/578 [00:57<01:30,  2.93it/s]
Extract:  55%|#####4    | 316/578 [00:58<01:16,  3.42it/s]
Extract:  55%|#####5    | 318/578 [00:58<01:14,  3.49it/s]
Extract:  55%|#####5    | 319/578 [00:58<01:11,  3.65it/s]
Extract:  55%|#####5    | 320/578 [00:59<01:23,  3.09it/s]
Extract:  56%|#####5    | 321/578 [00:59<01:13,  3.49it/s]
Extract:  56%|#####5    | 322/578 [00:59<01:08,  3.71it/s]
Extract:  56%|#####5    | 323/578 [01:00<01:05,  3.87it/s]
Extract:  56%|#####6    | 325/578 [01:00<00:43,  5.81it/s]
Extract:  56%|#####6    | 326/578 [01:00<00:43,  5.73it/s]
Extract:  57%|#####6    | 328/578 [01:00<00:38,  6.51it/s]
Extract:  57%|#####7    | 330/578 [01:00<00:30,  8.07it/s]
Extract:  57%|#####7    | 331/578 [01:00<00:33,  7.47it/s]
Extract:  57%|#####7    | 332/578 [01:01<00:38,  6.32it/s]
Extract:  58%|#####7    | 334/578 [01:01<00:28,  8.65it/s]
Extract:  58%|#####8    | 336/578 [01:01<00:23, 10.37it/s]
Extract:  58%|#####8    | 338/578 [01:01<00:20, 11.59it/s]
Extract:  59%|#####8    | 340/578 [01:01<00:23, 10.09it/s]
Extract:  59%|#####9    | 342/578 [01:02<00:26,  9.00it/s]
Extract:  60%|#####9    | 344/578 [01:02<00:30,  7.62it/s]
Extract:  60%|#####9    | 346/578 [01:02<00:26,  8.88it/s]
Extract:  60%|######    | 348/578 [01:02<00:22, 10.08it/s]
Extract:  61%|######    | 350/578 [01:03<00:43,  5.26it/s]
Extract:  61%|######    | 351/578 [01:03<00:53,  4.22it/s]
Extract:  61%|######1   | 353/578 [01:04<00:43,  5.12it/s]
Extract:  61%|######1   | 355/578 [01:04<00:33,  6.67it/s]
Extract:  62%|######1   | 357/578 [01:04<00:41,  5.33it/s]
Extract:  62%|######2   | 359/578 [01:04<00:34,  6.27it/s]
Extract:  62%|######2   | 360/578 [01:05<00:34,  6.26it/s]
Extract:  62%|######2   | 361/578 [01:05<00:34,  6.21it/s]
Extract:  63%|######2   | 362/578 [01:05<00:48,  4.41it/s]
Extract:  63%|######2   | 364/578 [01:05<00:35,  6.03it/s]
Extract:  63%|######3   | 365/578 [01:06<00:33,  6.31it/s]
Extract:  63%|######3   | 366/578 [01:06<00:34,  6.23it/s]
Extract:  63%|######3   | 367/578 [01:06<00:46,  4.52it/s]
Extract:  64%|######3   | 368/578 [01:06<00:46,  4.55it/s]
Extract:  64%|######3   | 369/578 [01:07<01:03,  3.29it/s]
Extract:  64%|######4   | 371/578 [01:07<00:40,  5.17it/s]
Extract:  65%|######4   | 373/578 [01:07<00:44,  4.57it/s]
Extract:  65%|######4   | 374/578 [01:08<00:40,  4.99it/s]
Extract:  65%|######5   | 376/578 [01:08<00:35,  5.66it/s]
Extract:  65%|######5   | 377/578 [01:08<00:37,  5.31it/s]
Extract:  65%|######5   | 378/578 [01:08<00:34,  5.87it/s]
Extract:  66%|######5   | 380/578 [01:09<00:33,  5.98it/s]
Extract:  66%|######5   | 381/578 [01:09<00:31,  6.35it/s]
Extract:  66%|######6   | 382/578 [01:09<00:42,  4.61it/s]
Extract:  66%|######6   | 383/578 [01:09<00:37,  5.14it/s]
Extract:  66%|######6   | 384/578 [01:10<00:42,  4.53it/s]
Extract:  67%|######6   | 386/578 [01:10<00:31,  6.15it/s]
Extract:  67%|######6   | 387/578 [01:10<00:33,  5.74it/s]
Extract:  67%|######7   | 390/578 [01:10<00:27,  6.90it/s]
Extract:  68%|######7   | 391/578 [01:10<00:26,  7.02it/s]
Extract:  68%|######7   | 392/578 [01:11<00:26,  7.08it/s]
Extract:  68%|######7   | 393/578 [01:11<00:29,  6.28it/s]
Extract:  68%|######8   | 394/578 [01:11<00:28,  6.47it/s]
Extract:  68%|######8   | 395/578 [01:11<00:29,  6.15it/s]
Extract:  69%|######8   | 397/578 [01:11<00:24,  7.40it/s]
Extract:  69%|######9   | 399/578 [01:11<00:21,  8.20it/s]
Extract:  69%|######9   | 401/578 [01:12<00:17, 10.12it/s]
Extract:  70%|######9   | 403/578 [01:12<00:16, 10.81it/s]
Extract:  70%|#######   | 405/578 [01:12<00:15, 11.10it/s]
Extract:  70%|#######   | 407/578 [01:12<00:24,  7.03it/s]
Extract:  71%|#######   | 408/578 [01:13<00:35,  4.78it/s]
Extract:  71%|#######   | 410/578 [01:13<00:29,  5.70it/s]
Extract:  71%|#######1  | 412/578 [01:13<00:28,  5.89it/s]
Extract:  71%|#######1  | 413/578 [01:14<00:29,  5.50it/s]
Extract:  72%|#######1  | 415/578 [01:14<00:23,  6.89it/s]
Extract:  72%|#######1  | 416/578 [01:14<00:22,  7.06it/s]
Extract:  72%|#######2  | 418/578 [01:14<00:19,  8.11it/s]
Extract:  72%|#######2  | 419/578 [01:14<00:23,  6.84it/s]
Extract:  73%|#######2  | 421/578 [01:15<00:28,  5.48it/s]
Extract:  73%|#######3  | 424/578 [01:15<00:19,  7.79it/s]
Extract:  74%|#######3  | 425/578 [01:15<00:24,  6.28it/s]
Extract:  74%|#######3  | 427/578 [01:16<00:30,  4.93it/s]
Extract:  74%|#######4  | 428/578 [01:17<00:43,  3.49it/s]
Extract:  74%|#######4  | 429/578 [01:17<00:48,  3.08it/s]
Extract:  75%|#######4  | 431/578 [01:17<00:34,  4.27it/s]
Extract:  75%|#######4  | 432/578 [01:17<00:31,  4.67it/s]
Extract:  75%|#######5  | 434/578 [01:18<00:28,  5.07it/s]
Extract:  75%|#######5  | 435/578 [01:18<00:25,  5.62it/s]
Extract:  76%|#######5  | 437/578 [01:18<00:19,  7.23it/s]
Extract:  76%|#######5  | 438/578 [01:18<00:24,  5.77it/s]
Extract:  76%|#######5  | 439/578 [01:18<00:24,  5.70it/s]
Extract:  76%|#######6  | 441/578 [01:19<00:22,  6.11it/s]
Extract:  77%|#######6  | 443/578 [01:19<00:17,  7.72it/s]
Extract:  77%|#######6  | 445/578 [01:19<00:20,  6.63it/s]
Extract:  77%|#######7  | 447/578 [01:19<00:15,  8.38it/s]
Extract:  78%|#######7  | 449/578 [01:19<00:12, 10.07it/s]
Extract:  78%|#######8  | 451/578 [01:20<00:21,  5.93it/s]
Extract:  78%|#######8  | 453/578 [01:20<00:17,  7.32it/s]
Extract:  79%|#######8  | 455/578 [01:20<00:14,  8.54it/s]
Extract:  79%|#######9  | 458/578 [01:21<00:15,  7.98it/s]
Extract:  80%|#######9  | 461/578 [01:21<00:11,  9.84it/s]
Extract:  80%|########  | 463/578 [01:21<00:12,  9.05it/s]
Extract:  81%|########  | 466/578 [01:22<00:11,  9.49it/s]
Extract:  81%|########  | 468/578 [01:22<00:16,  6.75it/s]
Extract:  81%|########1 | 470/578 [01:22<00:14,  7.36it/s]
Extract:  81%|########1 | 471/578 [01:23<00:16,  6.61it/s]
Extract:  82%|########1 | 472/578 [01:23<00:16,  6.31it/s]
Extract:  82%|########1 | 473/578 [01:23<00:15,  6.68it/s]
Extract:  82%|########2 | 474/578 [01:23<00:15,  6.72it/s]
Extract:  82%|########2 | 475/578 [01:23<00:16,  6.09it/s]
Extract:  82%|########2 | 476/578 [01:24<00:21,  4.83it/s]
Extract:  83%|########2 | 478/578 [01:24<00:15,  6.53it/s]
Extract:  83%|########2 | 479/578 [01:24<00:14,  6.99it/s]
Extract:  83%|########3 | 481/578 [01:24<00:12,  7.91it/s]
Extract:  84%|########3 | 484/578 [01:24<00:08, 11.07it/s]
Extract:  84%|########4 | 486/578 [01:24<00:07, 12.71it/s]
Extract:  84%|########4 | 488/578 [01:24<00:07, 11.94it/s]
Extract:  85%|########4 | 490/578 [01:25<00:12,  6.99it/s]
Extract:  85%|########5 | 492/578 [01:26<00:15,  5.64it/s]
Extract:  85%|########5 | 493/578 [01:26<00:14,  5.88it/s]
Extract:  85%|########5 | 494/578 [01:26<00:13,  6.18it/s]
Extract:  86%|########5 | 496/578 [01:26<00:09,  8.21it/s]
Extract:  86%|########6 | 498/578 [01:27<00:15,  5.07it/s]
Extract:  87%|########6 | 501/578 [01:27<00:10,  7.01it/s]
Extract:  87%|########7 | 504/578 [01:27<00:09,  7.93it/s]
Extract:  88%|########7 | 506/578 [01:28<00:10,  6.57it/s]
Extract:  88%|########7 | 508/578 [01:28<00:10,  6.99it/s]
Extract:  88%|########8 | 510/578 [01:28<00:09,  7.15it/s]
Extract:  89%|########8 | 512/578 [01:28<00:09,  7.33it/s]
Extract:  89%|########8 | 514/578 [01:28<00:07,  8.87it/s]
Extract:  89%|########9 | 516/578 [01:29<00:11,  5.24it/s]
Extract:  89%|########9 | 517/578 [01:30<00:13,  4.38it/s]
Extract:  90%|########9 | 519/578 [01:30<00:11,  5.06it/s]
Extract:  90%|########9 | 520/578 [01:30<00:10,  5.39it/s]
Extract:  90%|######### | 522/578 [01:30<00:07,  7.16it/s]
Extract:  91%|######### | 524/578 [01:30<00:07,  7.08it/s]
Extract:  91%|#########1| 526/578 [01:31<00:09,  5.40it/s]
Extract:  91%|#########1| 528/578 [01:31<00:07,  6.61it/s]
Extract:  92%|#########1| 529/578 [01:31<00:07,  6.89it/s]
Extract:  92%|#########1| 530/578 [01:31<00:06,  7.02it/s]
Extract:  92%|#########1| 531/578 [01:31<00:06,  7.32it/s]
Extract:  92%|#########2| 532/578 [01:32<00:06,  7.62it/s]
Extract:  92%|#########2| 534/578 [01:32<00:06,  6.92it/s]
Extract:  93%|#########2| 536/578 [01:32<00:04,  8.92it/s]
Extract:  93%|#########3| 538/578 [01:32<00:05,  7.07it/s]
Extract:  93%|#########3| 540/578 [01:33<00:05,  6.63it/s]
Extract:  94%|#########3| 541/578 [01:33<00:06,  5.30it/s]
Extract:  94%|#########3| 543/578 [01:33<00:05,  6.03it/s]
Extract:  94%|#########4| 546/578 [01:34<00:05,  5.44it/s]
Extract:  95%|#########4| 547/578 [01:34<00:07,  4.17it/s]
Extract:  95%|#########5| 550/578 [01:35<00:04,  6.25it/s]
Extract:  96%|#########5| 553/578 [01:35<00:04,  6.09it/s]
Extract:  96%|#########5| 554/578 [01:36<00:05,  4.60it/s]
Extract:  96%|#########6| 555/578 [01:36<00:06,  3.45it/s]
Extract:  96%|#########6| 556/578 [01:37<00:06,  3.52it/s]
Extract:  96%|#########6| 557/578 [01:37<00:05,  3.59it/s]
Extract:  97%|#########6| 559/578 [01:37<00:03,  5.26it/s]
Extract:  97%|#########6| 560/578 [01:37<00:04,  3.98it/s]
Extract:  97%|#########7| 561/578 [01:38<00:04,  4.03it/s]
Extract:  98%|#########7| 564/578 [01:38<00:03,  4.65it/s]
Extract:  98%|#########7| 565/578 [01:39<00:03,  3.48it/s]
Extract:  98%|#########7| 566/578 [01:39<00:03,  3.95it/s]
Extract:  98%|#########8| 567/578 [01:39<00:02,  4.12it/s]
Extract:  98%|#########8| 568/578 [01:40<00:03,  3.19it/s]
Extract:  99%|#########8| 570/578 [01:40<00:01,  4.65it/s]
Extract:  99%|#########8| 572/578 [01:40<00:01,  5.63it/s]
Extract:  99%|#########9| 574/578 [01:40<00:00,  7.16it/s]
Extract:  99%|#########9| 575/578 [01:40<00:00,  6.60it/s]
Extract: 100%|#########9| 576/578 [01:41<00:00,  4.26it/s]
Extract: 100%|##########| 578/578 [01:41<00:00,  5.70it/s]

Extract:   0%|          | 0/578 [00:00<?, ?it/s]
Extract:   0%|          | 2/578 [00:00<00:30, 18.60it/s]
Extract:   1%|          | 4/578 [00:00<01:04,  8.95it/s]
Extract:   1%|1         | 6/578 [00:00<01:12,  7.93it/s]
Extract:   1%|1         | 7/578 [00:00<01:29,  6.36it/s]
Extract:   1%|1         | 8/578 [00:01<01:44,  5.45it/s]
Extract:   2%|1         | 9/578 [00:01<01:59,  4.77it/s]
Extract:   2%|1         | 10/578 [00:01<02:15,  4.18it/s]
Extract:   2%|1         | 11/578 [00:02<02:12,  4.29it/s]
Extract:   2%|2         | 12/578 [00:02<02:29,  3.79it/s]
Extract:   2%|2         | 13/578 [00:02<02:02,  4.60it/s]
Extract:   2%|2         | 14/578 [00:02<02:21,  4.00it/s]
Extract:   3%|2         | 15/578 [00:03<02:58,  3.15it/s]
Extract:   3%|2         | 16/578 [00:03<02:31,  3.71it/s]
Extract:   3%|3         | 19/578 [00:03<01:20,  6.94it/s]
Extract:   4%|3         | 21/578 [00:04<01:44,  5.31it/s]
Extract:   4%|3         | 22/578 [00:04<01:47,  5.17it/s]
Extract:   4%|3         | 23/578 [00:04<01:57,  4.73it/s]
Extract:   4%|4         | 24/578 [00:04<01:49,  5.06it/s]
Extract:   4%|4         | 26/578 [00:04<01:22,  6.67it/s]
Extract:   5%|4         | 27/578 [00:05<02:47,  3.29it/s]
Extract:   5%|4         | 28/578 [00:05<02:32,  3.60it/s]
Extract:   5%|5         | 29/578 [00:06<02:19,  3.93it/s]
Extract:   5%|5         | 30/578 [00:06<02:11,  4.15it/s]
Extract:   5%|5         | 31/578 [00:06<02:16,  4.01it/s]
Extract:   6%|5         | 32/578 [00:06<01:53,  4.80it/s]
Extract:   6%|5         | 34/578 [00:06<01:15,  7.17it/s]
Extract:   6%|6         | 35/578 [00:06<01:17,  7.05it/s]
Extract:   6%|6         | 36/578 [00:07<01:21,  6.65it/s]
Extract:   6%|6         | 37/578 [00:07<01:31,  5.91it/s]
Extract:   7%|6         | 38/578 [00:07<01:26,  6.25it/s]
Extract:   7%|6         | 40/578 [00:07<01:11,  7.54it/s]
Extract:   7%|7         | 41/578 [00:07<01:11,  7.53it/s]
Extract:   7%|7         | 42/578 [00:08<02:02,  4.37it/s]
Extract:   7%|7         | 43/578 [00:08<02:33,  3.48it/s]
Extract:   8%|7         | 45/578 [00:08<01:40,  5.33it/s]
Extract:   8%|7         | 46/578 [00:09<01:28,  5.98it/s]
Extract:   8%|8         | 47/578 [00:09<01:31,  5.82it/s]
Extract:   8%|8         | 49/578 [00:09<01:04,  8.17it/s]
Extract:   9%|8         | 51/578 [00:09<01:48,  4.85it/s]
Extract:   9%|8         | 52/578 [00:10<01:59,  4.42it/s]
Extract:   9%|9         | 54/578 [00:10<01:42,  5.09it/s]
Extract:  10%|9         | 55/578 [00:10<01:50,  4.72it/s]
Extract:  10%|9         | 56/578 [00:10<01:38,  5.28it/s]
Extract:  10%|#         | 58/578 [00:11<01:25,  6.05it/s]
Extract:  10%|#         | 59/578 [00:11<01:29,  5.78it/s]
Extract:  10%|#         | 60/578 [00:11<01:58,  4.36it/s]
Extract:  11%|#         | 61/578 [00:12<02:12,  3.90it/s]
Extract:  11%|#         | 63/578 [00:12<01:28,  5.82it/s]
Extract:  11%|#1        | 64/578 [00:12<01:38,  5.22it/s]
Extract:  11%|#1        | 65/578 [00:12<02:00,  4.25it/s]
Extract:  12%|#1        | 67/578 [00:13<02:08,  3.98it/s]
Extract:  12%|#1        | 69/578 [00:13<01:50,  4.62it/s]
Extract:  12%|#2        | 71/578 [00:13<01:26,  5.85it/s]
Extract:  12%|#2        | 72/578 [00:14<01:22,  6.13it/s]
Extract:  13%|#2        | 73/578 [00:14<01:57,  4.31it/s]
Extract:  13%|#2        | 75/578 [00:14<01:23,  6.04it/s]
Extract:  13%|#3        | 76/578 [00:14<01:25,  5.89it/s]
Extract:  13%|#3        | 77/578 [00:15<02:00,  4.14it/s]
Extract:  14%|#3        | 79/578 [00:15<01:23,  5.96it/s]
Extract:  14%|#3        | 80/578 [00:15<01:17,  6.42it/s]
Extract:  14%|#4        | 81/578 [00:15<01:10,  7.00it/s]
Extract:  14%|#4        | 83/578 [00:15<01:07,  7.36it/s]
Extract:  15%|#4        | 84/578 [00:16<01:53,  4.37it/s]
Extract:  15%|#4        | 86/578 [00:16<01:30,  5.44it/s]
Extract:  15%|#5        | 88/578 [00:16<01:08,  7.15it/s]
Extract:  16%|#5        | 90/578 [00:17<01:38,  4.96it/s]
Extract:  16%|#5        | 91/578 [00:17<02:06,  3.84it/s]
Extract:  16%|#5        | 92/578 [00:18<02:25,  3.35it/s]
Extract:  16%|#6        | 94/578 [00:18<01:55,  4.20it/s]
Extract:  17%|#6        | 96/578 [00:19<01:52,  4.28it/s]
Extract:  17%|#6        | 98/578 [00:19<01:33,  5.14it/s]
Extract:  17%|#7        | 100/578 [00:19<01:25,  5.62it/s]
Extract:  17%|#7        | 101/578 [00:19<01:19,  6.01it/s]
Extract:  18%|#7        | 104/578 [00:19<00:52,  9.00it/s]
Extract:  18%|#8        | 106/578 [00:20<01:01,  7.63it/s]
Extract:  19%|#8        | 108/578 [00:20<01:32,  5.10it/s]
Extract:  19%|#9        | 110/578 [00:21<01:20,  5.83it/s]
Extract:  19%|#9        | 111/578 [00:21<01:18,  5.95it/s]
Extract:  20%|#9        | 113/578 [00:21<01:03,  7.37it/s]
Extract:  20%|#9        | 114/578 [00:21<01:00,  7.68it/s]
Extract:  20%|##        | 116/578 [00:21<00:56,  8.15it/s]
Extract:  20%|##        | 117/578 [00:22<01:10,  6.55it/s]
Extract:  21%|##        | 120/578 [00:22<01:08,  6.65it/s]
Extract:  21%|##        | 121/578 [00:23<01:42,  4.46it/s]
Extract:  21%|##1       | 123/578 [00:23<01:19,  5.71it/s]
Extract:  22%|##1       | 125/578 [00:23<01:31,  4.98it/s]
Extract:  22%|##1       | 126/578 [00:23<01:31,  4.96it/s]
Extract:  22%|##2       | 128/578 [00:24<01:15,  6.00it/s]
Extract:  22%|##2       | 130/578 [00:24<01:20,  5.60it/s]
Extract:  23%|##2       | 131/578 [00:24<01:42,  4.38it/s]
Extract:  23%|##2       | 132/578 [00:25<01:45,  4.23it/s]
Extract:  23%|##3       | 133/578 [00:25<01:54,  3.87it/s]
Extract:  23%|##3       | 134/578 [00:25<01:40,  4.42it/s]
Extract:  23%|##3       | 135/578 [00:25<01:29,  4.97it/s]
Extract:  24%|##3       | 136/578 [00:25<01:21,  5.41it/s]
Extract:  24%|##3       | 137/578 [00:26<01:51,  3.95it/s]
Extract:  24%|##3       | 138/578 [00:26<02:07,  3.45it/s]
Extract:  24%|##4       | 139/578 [00:26<01:54,  3.82it/s]
Extract:  25%|##4       | 142/578 [00:27<01:00,  7.23it/s]
Extract:  25%|##5       | 146/578 [00:27<00:59,  7.21it/s]
Extract:  25%|##5       | 147/578 [00:27<00:59,  7.30it/s]
Extract:  26%|##5       | 148/578 [00:27<00:57,  7.48it/s]
Extract:  26%|##5       | 149/578 [00:28<01:12,  5.93it/s]
Extract:  26%|##5       | 150/578 [00:28<01:06,  6.46it/s]
Extract:  26%|##6       | 153/578 [00:28<01:02,  6.80it/s]
Extract:  27%|##6       | 155/578 [00:29<01:05,  6.41it/s]
Extract:  27%|##7       | 157/578 [00:29<00:53,  7.88it/s]
Extract:  28%|##7       | 159/578 [00:29<00:50,  8.30it/s]
Extract:  28%|##7       | 160/578 [00:29<00:55,  7.57it/s]
Extract:  28%|##8       | 163/578 [00:30<00:56,  7.33it/s]
Extract:  29%|##8       | 165/578 [00:30<00:51,  8.10it/s]
Extract:  29%|##8       | 167/578 [00:30<00:59,  6.91it/s]
Extract:  29%|##9       | 169/578 [00:30<00:52,  7.77it/s]
Extract:  29%|##9       | 170/578 [00:30<00:50,  8.05it/s]
Extract:  30%|##9       | 172/578 [00:31<00:54,  7.39it/s]
Extract:  30%|##9       | 173/578 [00:31<01:18,  5.19it/s]
Extract:  30%|###       | 174/578 [00:31<01:11,  5.66it/s]
Extract:  30%|###       | 176/578 [00:31<00:58,  6.91it/s]
Extract:  31%|###       | 177/578 [00:32<01:27,  4.58it/s]
Extract:  31%|###       | 178/578 [00:32<01:20,  4.99it/s]
Extract:  31%|###       | 179/578 [00:32<01:12,  5.54it/s]
Extract:  31%|###1      | 180/578 [00:33<01:30,  4.41it/s]
Extract:  31%|###1      | 181/578 [00:33<01:46,  3.71it/s]
Extract:  31%|###1      | 182/578 [00:33<01:53,  3.50it/s]
Extract:  32%|###1      | 184/578 [00:34<01:30,  4.36it/s]
Extract:  32%|###2      | 185/578 [00:34<01:53,  3.46it/s]
Extract:  32%|###2      | 186/578 [00:34<01:39,  3.94it/s]
Extract:  33%|###2      | 188/578 [00:34<01:14,  5.21it/s]
Extract:  33%|###2      | 189/578 [00:35<01:41,  3.84it/s]
Extract:  33%|###3      | 191/578 [00:35<01:35,  4.06it/s]
Extract:  33%|###3      | 192/578 [00:35<01:24,  4.59it/s]
Extract:  34%|###3      | 194/578 [00:36<01:00,  6.31it/s]
Extract:  34%|###4      | 197/578 [00:36<01:15,  5.05it/s]
Extract:  34%|###4      | 198/578 [00:37<01:13,  5.16it/s]
Extract:  35%|###4      | 201/578 [00:37<01:13,  5.15it/s]
Extract:  35%|###4      | 202/578 [00:37<01:12,  5.22it/s]
Extract:  35%|###5      | 203/578 [00:38<01:34,  3.98it/s]
Extract:  35%|###5      | 205/578 [00:38<01:07,  5.55it/s]
Extract:  36%|###5      | 206/578 [00:38<01:03,  5.85it/s]
Extract:  36%|###5      | 207/578 [00:38<01:13,  5.07it/s]
Extract:  36%|###6      | 209/578 [00:38<00:52,  6.99it/s]
Extract:  37%|###6      | 211/578 [00:39<00:51,  7.19it/s]
Extract:  37%|###6      | 212/578 [00:39<01:10,  5.16it/s]
Extract:  37%|###6      | 213/578 [00:39<01:03,  5.71it/s]
Extract:  37%|###7      | 215/578 [00:40<01:06,  5.42it/s]
Extract:  38%|###7      | 217/578 [00:40<00:54,  6.61it/s]
Extract:  38%|###8      | 220/578 [00:40<00:40,  8.76it/s]
Extract:  38%|###8      | 222/578 [00:40<00:35,  9.99it/s]
Extract:  39%|###8      | 224/578 [00:40<00:34, 10.23it/s]
Extract:  39%|###9      | 226/578 [00:41<00:50,  6.91it/s]
Extract:  39%|###9      | 227/578 [00:41<00:48,  7.28it/s]
Extract:  40%|###9      | 229/578 [00:41<00:45,  7.73it/s]
Extract:  40%|###9      | 230/578 [00:42<01:10,  4.90it/s]
Extract:  40%|###9      | 231/578 [00:42<01:21,  4.25it/s]
Extract:  40%|####      | 232/578 [00:42<01:19,  4.38it/s]
Extract:  40%|####      | 233/578 [00:42<01:09,  4.94it/s]
Extract:  40%|####      | 234/578 [00:42<01:04,  5.34it/s]
Extract:  41%|####      | 235/578 [00:43<01:03,  5.44it/s]
Extract:  41%|####      | 236/578 [00:43<01:32,  3.70it/s]
Extract:  41%|####1     | 237/578 [00:44<01:50,  3.08it/s]
Extract:  41%|####1     | 239/578 [00:44<01:11,  4.77it/s]
Extract:  42%|####1     | 240/578 [00:44<01:07,  5.04it/s]
Extract:  42%|####1     | 242/578 [00:44<00:47,  7.02it/s]
Extract:  42%|####2     | 244/578 [00:45<01:00,  5.50it/s]
Extract:  42%|####2     | 245/578 [00:45<01:06,  4.99it/s]
Extract:  43%|####2     | 247/578 [00:45<01:02,  5.30it/s]
Extract:  43%|####2     | 248/578 [00:45<01:09,  4.75it/s]
Extract:  43%|####3     | 249/578 [00:46<01:04,  5.10it/s]
Extract:  43%|####3     | 250/578 [00:46<00:59,  5.56it/s]
Extract:  43%|####3     | 251/578 [00:46<00:56,  5.80it/s]
Extract:  44%|####3     | 253/578 [00:46<00:42,  7.73it/s]
Extract:  44%|####4     | 255/578 [00:46<00:43,  7.48it/s]
Extract:  44%|####4     | 256/578 [00:47<01:02,  5.13it/s]
Extract:  44%|####4     | 257/578 [00:47<00:55,  5.78it/s]
Extract:  45%|####4     | 258/578 [00:47<00:50,  6.29it/s]
Extract:  45%|####4     | 259/578 [00:47<00:46,  6.89it/s]
Extract:  45%|####5     | 261/578 [00:47<00:37,  8.38it/s]
Extract:  45%|####5     | 262/578 [00:48<00:57,  5.49it/s]
Extract:  46%|####5     | 263/578 [00:48<01:12,  4.33it/s]
Extract:  46%|####5     | 265/578 [00:48<01:01,  5.11it/s]
Extract:  46%|####6     | 266/578 [00:48<00:59,  5.26it/s]
Extract:  46%|####6     | 267/578 [00:49<01:06,  4.68it/s]
Extract:  47%|####6     | 269/578 [00:49<01:01,  5.03it/s]
Extract:  47%|####7     | 273/578 [00:50<00:48,  6.24it/s]
Extract:  47%|####7     | 274/578 [00:50<01:09,  4.40it/s]
Extract:  48%|####7     | 275/578 [00:50<01:14,  4.07it/s]
Extract:  48%|####7     | 276/578 [00:51<01:07,  4.49it/s]
Extract:  48%|####8     | 278/578 [00:51<00:47,  6.28it/s]
Extract:  48%|####8     | 280/578 [00:51<00:45,  6.49it/s]
Extract:  49%|####8     | 282/578 [00:51<00:35,  8.31it/s]
Extract:  49%|####9     | 284/578 [00:51<00:38,  7.65it/s]
Extract:  49%|####9     | 286/578 [00:52<00:43,  6.77it/s]
Extract:  50%|####9     | 287/578 [00:52<00:41,  6.96it/s]
Extract:  50%|####9     | 288/578 [00:52<00:39,  7.28it/s]
Extract:  50%|#####     | 289/578 [00:52<00:40,  7.09it/s]
Extract:  50%|#####     | 290/578 [00:53<00:59,  4.83it/s]
Extract:  51%|#####     | 292/578 [00:53<00:43,  6.59it/s]
Extract:  51%|#####     | 294/578 [00:53<00:35,  7.98it/s]
Extract:  51%|#####1    | 295/578 [00:54<01:03,  4.45it/s]
Extract:  51%|#####1    | 296/578 [00:54<00:57,  4.93it/s]
Extract:  51%|#####1    | 297/578 [00:54<01:11,  3.91it/s]
Extract:  52%|#####1    | 299/578 [00:54<00:49,  5.63it/s]
Extract:  52%|#####1    | 300/578 [00:54<00:44,  6.20it/s]
Extract:  52%|#####2    | 301/578 [00:55<00:52,  5.24it/s]
Extract:  52%|#####2    | 303/578 [00:55<00:37,  7.29it/s]
Extract:  53%|#####2    | 305/578 [00:55<00:56,  4.84it/s]
Extract:  53%|#####3    | 307/578 [00:56<00:54,  4.95it/s]
Extract:  53%|#####3    | 308/578 [00:56<01:05,  4.13it/s]
Extract:  53%|#####3    | 309/578 [00:57<01:18,  3.42it/s]
Extract:  54%|#####3    | 310/578 [00:57<01:08,  3.89it/s]
Extract:  54%|#####3    | 311/578 [00:57<01:25,  3.14it/s]
Extract:  54%|#####3    | 312/578 [00:58<01:33,  2.83it/s]
Extract:  54%|#####4    | 313/578 [00:58<01:17,  3.41it/s]
Extract:  54%|#####4    | 314/578 [00:58<01:15,  3.49it/s]
Extract:  55%|#####4    | 316/578 [00:58<00:57,  4.53it/s]
Extract:  55%|#####5    | 318/578 [00:59<01:04,  4.05it/s]
Extract:  55%|#####5    | 319/578 [00:59<01:00,  4.27it/s]
Extract:  55%|#####5    | 320/578 [00:59<01:05,  3.94it/s]
Extract:  56%|#####5    | 322/578 [01:00<00:51,  4.97it/s]
Extract:  56%|#####6    | 324/578 [01:00<00:37,  6.80it/s]
Extract:  56%|#####6    | 326/578 [01:00<00:34,  7.27it/s]
Extract:  57%|#####6    | 328/578 [01:00<00:31,  7.90it/s]
Extract:  57%|#####7    | 330/578 [01:00<00:27,  9.01it/s]
Extract:  57%|#####7    | 332/578 [01:01<00:32,  7.63it/s]
Extract:  58%|#####7    | 335/578 [01:01<00:25,  9.53it/s]
Extract:  58%|#####8    | 337/578 [01:01<00:24,  9.84it/s]
Extract:  59%|#####8    | 339/578 [01:01<00:23, 10.11it/s]
Extract:  59%|#####8    | 341/578 [01:02<00:31,  7.59it/s]
Extract:  59%|#####9    | 342/578 [01:02<00:33,  7.03it/s]
Extract:  60%|#####9    | 344/578 [01:02<00:37,  6.24it/s]
Extract:  60%|#####9    | 346/578 [01:03<00:31,  7.30it/s]
Extract:  60%|######    | 348/578 [01:03<00:28,  7.94it/s]
Extract:  60%|######    | 349/578 [01:03<00:49,  4.66it/s]
Extract:  61%|######    | 350/578 [01:03<00:46,  4.93it/s]
Extract:  61%|######    | 351/578 [01:04<00:59,  3.80it/s]
Extract:  61%|######1   | 353/578 [01:04<00:49,  4.52it/s]
Extract:  61%|######1   | 355/578 [01:04<00:37,  5.98it/s]
Extract:  62%|######1   | 356/578 [01:05<00:48,  4.62it/s]
Extract:  62%|######1   | 357/578 [01:05<00:48,  4.56it/s]
Extract:  62%|######2   | 359/578 [01:05<00:37,  5.89it/s]
Extract:  62%|######2   | 360/578 [01:06<00:43,  4.98it/s]
Extract:  63%|######2   | 362/578 [01:06<00:44,  4.83it/s]
Extract:  63%|######2   | 364/578 [01:06<00:34,  6.14it/s]
Extract:  63%|######3   | 365/578 [01:06<00:35,  5.92it/s]
Extract:  63%|######3   | 366/578 [01:07<00:35,  6.00it/s]
Extract:  63%|######3   | 367/578 [01:07<00:45,  4.62it/s]
Extract:  64%|######3   | 368/578 [01:07<00:44,  4.71it/s]
Extract:  64%|######3   | 369/578 [01:08<01:01,  3.39it/s]
Extract:  64%|######4   | 371/578 [01:08<00:39,  5.29it/s]
Extract:  65%|######4   | 373/578 [01:08<00:40,  5.11it/s]
Extract:  65%|######4   | 374/578 [01:08<00:36,  5.62it/s]
Extract:  65%|######5   | 376/578 [01:09<00:32,  6.13it/s]
Extract:  65%|######5   | 377/578 [01:09<00:35,  5.70it/s]
Extract:  66%|######5   | 379/578 [01:09<00:26,  7.43it/s]
Extract:  66%|######5   | 380/578 [01:09<00:38,  5.08it/s]
Extract:  66%|######5   | 381/578 [01:09<00:35,  5.51it/s]
Extract:  66%|######6   | 382/578 [01:10<00:43,  4.49it/s]
Extract:  66%|######6   | 383/578 [01:10<00:39,  4.91it/s]
Extract:  66%|######6   | 384/578 [01:10<00:48,  4.01it/s]
Extract:  67%|######6   | 386/578 [01:10<00:34,  5.52it/s]
Extract:  67%|######6   | 387/578 [01:11<00:35,  5.46it/s]
Extract:  67%|######7   | 390/578 [01:11<00:23,  8.09it/s]
Extract:  68%|######7   | 391/578 [01:11<00:23,  7.93it/s]
Extract:  68%|######7   | 392/578 [01:11<00:23,  7.91it/s]
Extract:  68%|######7   | 393/578 [01:11<00:24,  7.45it/s]
Extract:  68%|######8   | 394/578 [01:11<00:24,  7.44it/s]
Extract:  68%|######8   | 395/578 [01:12<00:28,  6.39it/s]
Extract:  69%|######8   | 397/578 [01:12<00:32,  5.59it/s]
Extract:  69%|######8   | 398/578 [01:12<00:30,  5.99it/s]
Extract:  69%|######9   | 399/578 [01:12<00:28,  6.37it/s]
Extract:  69%|######9   | 401/578 [01:12<00:21,  8.31it/s]
Extract:  70%|######9   | 403/578 [01:13<00:17,  9.92it/s]
Extract:  70%|#######   | 405/578 [01:13<00:15, 11.39it/s]
Extract:  70%|#######   | 407/578 [01:13<00:23,  7.24it/s]
Extract:  71%|#######   | 408/578 [01:14<00:31,  5.39it/s]
Extract:  71%|#######   | 410/578 [01:14<00:26,  6.38it/s]
Extract:  71%|#######1  | 412/578 [01:14<00:21,  7.78it/s]
Extract:  71%|#######1  | 413/578 [01:14<00:32,  5.14it/s]
Extract:  72%|#######1  | 415/578 [01:15<00:24,  6.53it/s]
Extract:  72%|#######1  | 416/578 [01:15<00:24,  6.50it/s]
Extract:  72%|#######2  | 418/578 [01:15<00:23,  6.76it/s]
Extract:  72%|#######2  | 419/578 [01:15<00:26,  6.01it/s]
Extract:  73%|#######2  | 421/578 [01:16<00:30,  5.12it/s]
Extract:  73%|#######3  | 424/578 [01:16<00:21,  7.31it/s]
Extract:  74%|#######3  | 425/578 [01:16<00:26,  5.82it/s]
Extract:  74%|#######3  | 426/578 [01:16<00:24,  6.12it/s]
Extract:  74%|#######3  | 427/578 [01:17<00:30,  4.91it/s]
Extract:  74%|#######4  | 428/578 [01:17<00:40,  3.66it/s]
Extract:  74%|#######4  | 429/578 [01:18<00:53,  2.81it/s]
Extract:  75%|#######4  | 431/578 [01:18<00:35,  4.13it/s]
Extract:  75%|#######4  | 432/578 [01:18<00:33,  4.32it/s]
Extract:  75%|#######5  | 434/578 [01:19<00:32,  4.42it/s]
Extract:  75%|#######5  | 435/578 [01:19<00:29,  4.89it/s]
Extract:  76%|#######5  | 437/578 [01:19<00:22,  6.30it/s]
Extract:  76%|#######5  | 438/578 [01:19<00:21,  6.61it/s]
Extract:  76%|#######5  | 439/578 [01:19<00:22,  6.12it/s]
Extract:  76%|#######6  | 441/578 [01:20<00:24,  5.49it/s]
Extract:  76%|#######6  | 442/578 [01:20<00:22,  6.05it/s]
Extract:  77%|#######6  | 444/578 [01:20<00:18,  7.13it/s]
Extract:  77%|#######6  | 445/578 [01:20<00:24,  5.41it/s]
Extract:  78%|#######7  | 448/578 [01:20<00:14,  8.69it/s]
Extract:  78%|#######7  | 450/578 [01:21<00:20,  6.19it/s]
Extract:  78%|#######8  | 451/578 [01:21<00:26,  4.80it/s]
Extract:  78%|#######8  | 452/578 [01:22<00:24,  5.23it/s]
Extract:  79%|#######8  | 454/578 [01:22<00:19,  6.43it/s]
Extract:  79%|#######8  | 456/578 [01:22<00:15,  8.03it/s]
Extract:  79%|#######9  | 458/578 [01:22<00:16,  7.26it/s]
Extract:  80%|#######9  | 460/578 [01:22<00:13,  8.83it/s]
Extract:  80%|#######9  | 462/578 [01:22<00:12,  9.13it/s]
Extract:  80%|########  | 464/578 [01:23<00:12,  9.25it/s]
Extract:  81%|########  | 466/578 [01:23<00:11,  9.36it/s]
Extract:  81%|########  | 468/578 [01:24<00:20,  5.43it/s]
Extract:  81%|########1 | 470/578 [01:24<00:17,  6.10it/s]
Extract:  81%|########1 | 471/578 [01:24<00:18,  5.80it/s]
Extract:  82%|########1 | 472/578 [01:24<00:22,  4.62it/s]
Extract:  82%|########1 | 473/578 [01:25<00:20,  5.12it/s]
Extract:  82%|########2 | 474/578 [01:25<00:19,  5.26it/s]
Extract:  82%|########2 | 475/578 [01:25<00:17,  5.86it/s]
Extract:  82%|########2 | 476/578 [01:25<00:24,  4.18it/s]
Extract:  83%|########2 | 477/578 [01:25<00:20,  4.83it/s]
Extract:  83%|########2 | 479/578 [01:26<00:16,  5.88it/s]
Extract:  83%|########3 | 481/578 [01:26<00:13,  7.12it/s]
Extract:  84%|########3 | 483/578 [01:26<00:10,  8.88it/s]
Extract:  84%|########3 | 485/578 [01:26<00:08, 10.56it/s]
Extract:  84%|########4 | 487/578 [01:26<00:08, 10.59it/s]
Extract:  85%|########4 | 489/578 [01:27<00:10,  8.15it/s]
Extract:  85%|########4 | 490/578 [01:27<00:10,  8.34it/s]
Extract:  85%|########4 | 491/578 [01:27<00:12,  7.19it/s]
Extract:  85%|########5 | 492/578 [01:27<00:13,  6.15it/s]
Extract:  85%|########5 | 493/578 [01:27<00:12,  6.60it/s]
Extract:  85%|########5 | 494/578 [01:27<00:12,  6.65it/s]
Extract:  86%|########5 | 497/578 [01:28<00:10,  7.70it/s]
Extract:  86%|########6 | 498/578 [01:28<00:14,  5.39it/s]
Extract:  87%|########6 | 501/578 [01:28<00:09,  8.11it/s]
Extract:  87%|########7 | 503/578 [01:28<00:07,  9.84it/s]
Extract:  87%|########7 | 505/578 [01:29<00:13,  5.55it/s]
Extract:  88%|########7 | 508/578 [01:29<00:09,  7.26it/s]
Extract:  88%|########8 | 510/578 [01:30<00:09,  7.46it/s]
Extract:  89%|########8 | 512/578 [01:30<00:08,  8.15it/s]
Extract:  89%|########9 | 515/578 [01:30<00:06,  9.01it/s]
Extract:  89%|########9 | 517/578 [01:31<00:11,  5.37it/s]
Extract:  90%|########9 | 519/578 [01:31<00:11,  5.13it/s]
Extract:  90%|########9 | 520/578 [01:31<00:10,  5.46it/s]
Extract:  90%|######### | 522/578 [01:32<00:07,  7.05it/s]
Extract:  91%|######### | 524/578 [01:32<00:07,  7.32it/s]
Extract:  91%|#########1| 526/578 [01:32<00:09,  5.75it/s]
Extract:  91%|#########1| 528/578 [01:32<00:06,  7.20it/s]
Extract:  92%|#########1| 530/578 [01:33<00:05,  8.11it/s]
Extract:  92%|#########2| 532/578 [01:33<00:05,  8.89it/s]
Extract:  92%|#########2| 534/578 [01:33<00:05,  8.74it/s]
Extract:  93%|#########2| 537/578 [01:33<00:04,  9.66it/s]
Extract:  93%|#########3| 539/578 [01:34<00:04,  8.96it/s]
Extract:  93%|#########3| 540/578 [01:34<00:06,  6.16it/s]
Extract:  94%|#########3| 541/578 [01:34<00:06,  5.77it/s]
Extract:  94%|#########3| 543/578 [01:34<00:05,  6.64it/s]
Extract:  94%|#########4| 546/578 [01:35<00:04,  6.91it/s]
Extract:  95%|#########4| 547/578 [01:35<00:05,  5.37it/s]
Extract:  95%|#########5| 550/578 [01:35<00:03,  8.10it/s]
Extract:  96%|#########5| 552/578 [01:36<00:03,  7.94it/s]
Extract:  96%|#########5| 554/578 [01:36<00:04,  5.08it/s]
Extract:  96%|#########6| 555/578 [01:37<00:05,  4.18it/s]
Extract:  96%|#########6| 556/578 [01:37<00:05,  4.24it/s]
Extract:  96%|#########6| 557/578 [01:37<00:04,  4.31it/s]
Extract:  97%|#########6| 559/578 [01:37<00:03,  6.07it/s]
Extract:  97%|#########6| 560/578 [01:38<00:03,  4.55it/s]
Extract:  97%|#########7| 561/578 [01:38<00:03,  4.56it/s]
Extract:  98%|#########7| 564/578 [01:39<00:03,  4.22it/s]
Extract:  98%|#########7| 565/578 [01:39<00:03,  3.75it/s]
Extract:  98%|#########7| 566/578 [01:39<00:02,  4.28it/s]
Extract:  98%|#########8| 567/578 [01:39<00:02,  4.41it/s]
Extract:  98%|#########8| 568/578 [01:40<00:02,  3.45it/s]
Extract:  99%|#########8| 570/578 [01:40<00:01,  5.04it/s]
Extract:  99%|#########8| 572/578 [01:40<00:00,  6.19it/s]
Extract:  99%|#########9| 574/578 [01:40<00:00,  7.79it/s]
Extract: 100%|#########9| 576/578 [01:41<00:00,  4.85it/s]
Extract: 100%|##########| 578/578 [01:41<00:00,  5.68it/s]

Extract:   0%|          | 0/578 [00:00<?, ?it/s]
Extract:   0%|          | 2/578 [00:00<00:32, 17.67it/s]
Extract:   1%|          | 4/578 [00:00<01:13,  7.82it/s]
Extract:   1%|1         | 6/578 [00:00<01:21,  6.99it/s]
Extract:   1%|1         | 7/578 [00:01<01:41,  5.63it/s]
Extract:   1%|1         | 8/578 [00:01<02:15,  4.20it/s]
Extract:   2%|1         | 9/578 [00:01<02:20,  4.04it/s]
Extract:   2%|1         | 10/578 [00:01<02:15,  4.18it/s]
Extract:   2%|1         | 11/578 [00:02<02:12,  4.29it/s]
Extract:   2%|2         | 12/578 [00:02<02:37,  3.60it/s]
Extract:   2%|2         | 13/578 [00:02<02:15,  4.16it/s]
Extract:   2%|2         | 14/578 [00:03<02:44,  3.43it/s]
Extract:   3%|2         | 15/578 [00:03<03:32,  2.64it/s]
Extract:   3%|2         | 16/578 [00:03<03:02,  3.08it/s]
Extract:   3%|3         | 20/578 [00:04<01:18,  7.11it/s]
Extract:   4%|3         | 22/578 [00:04<01:30,  6.17it/s]
Extract:   4%|3         | 23/578 [00:04<01:38,  5.62it/s]
Extract:   4%|4         | 24/578 [00:04<01:32,  6.00it/s]
Extract:   4%|4         | 26/578 [00:04<01:12,  7.61it/s]
Extract:   5%|4         | 27/578 [00:05<01:41,  5.41it/s]
Extract:   5%|5         | 29/578 [00:05<01:32,  5.96it/s]
Extract:   5%|5         | 30/578 [00:05<01:31,  5.97it/s]
Extract:   5%|5         | 31/578 [00:06<01:38,  5.54it/s]
Extract:   6%|5         | 33/578 [00:06<01:11,  7.65it/s]
Extract:   6%|6         | 35/578 [00:06<00:59,  9.15it/s]
Extract:   6%|6         | 37/578 [00:06<00:57,  9.34it/s]
Extract:   7%|6         | 39/578 [00:06<00:51, 10.48it/s]
Extract:   7%|7         | 41/578 [00:06<00:55,  9.70it/s]
Extract:   7%|7         | 43/578 [00:07<01:49,  4.88it/s]
Extract:   8%|7         | 46/578 [00:07<01:18,  6.79it/s]
Extract:   8%|8         | 48/578 [00:08<01:10,  7.53it/s]
Extract:   9%|8         | 50/578 [00:08<01:27,  6.01it/s]
Extract:   9%|8         | 51/578 [00:08<01:32,  5.69it/s]
Extract:   9%|8         | 52/578 [00:09<01:42,  5.15it/s]
Extract:   9%|9         | 54/578 [00:09<01:34,  5.53it/s]
Extract:  10%|9         | 55/578 [00:09<01:45,  4.96it/s]
Extract:  10%|9         | 56/578 [00:09<01:34,  5.52it/s]
Extract:  10%|#         | 58/578 [00:10<01:20,  6.44it/s]
Extract:  10%|#         | 59/578 [00:10<01:28,  5.84it/s]
Extract:  10%|#         | 60/578 [00:10<01:45,  4.92it/s]
Extract:  11%|#         | 61/578 [00:10<02:07,  4.07it/s]
Extract:  11%|#         | 63/578 [00:11<01:28,  5.85it/s]
Extract:  11%|#1        | 64/578 [00:11<01:33,  5.51it/s]
Extract:  11%|#1        | 65/578 [00:11<01:57,  4.38it/s]
Extract:  11%|#1        | 66/578 [00:11<01:40,  5.12it/s]
Extract:  12%|#1        | 67/578 [00:12<02:25,  3.52it/s]
Extract:  12%|#1        | 69/578 [00:12<01:41,  5.03it/s]
Extract:  12%|#2        | 71/578 [00:12<01:19,  6.39it/s]
Extract:  12%|#2        | 72/578 [00:12<01:13,  6.92it/s]
Extract:  13%|#2        | 73/578 [00:13<01:41,  4.95it/s]
Extract:  13%|#2        | 75/578 [00:13<01:17,  6.46it/s]
Extract:  13%|#3        | 76/578 [00:13<01:28,  5.67it/s]
Extract:  13%|#3        | 77/578 [00:14<02:21,  3.54it/s]
Extract:  14%|#3        | 79/578 [00:14<01:41,  4.93it/s]
Extract:  14%|#3        | 80/578 [00:14<01:45,  4.72it/s]
Extract:  14%|#4        | 81/578 [00:14<01:46,  4.65it/s]
Extract:  14%|#4        | 82/578 [00:14<01:34,  5.22it/s]
Extract:  14%|#4        | 83/578 [00:15<01:38,  5.02it/s]
Extract:  15%|#4        | 84/578 [00:15<02:48,  2.93it/s]
Extract:  15%|#4        | 85/578 [00:16<02:22,  3.47it/s]
Extract:  15%|#4        | 86/578 [00:16<02:12,  3.72it/s]
Extract:  15%|#5        | 88/578 [00:16<01:33,  5.22it/s]
Extract:  15%|#5        | 89/578 [00:17<02:21,  3.46it/s]
Extract:  16%|#5        | 90/578 [00:17<02:08,  3.79it/s]
Extract:  16%|#5        | 91/578 [00:17<02:43,  2.99it/s]
Extract:  16%|#5        | 92/578 [00:18<02:59,  2.70it/s]
Extract:  16%|#6        | 94/578 [00:18<02:12,  3.66it/s]
Extract:  17%|#6        | 96/578 [00:18<01:56,  4.15it/s]
Extract:  17%|#6        | 98/578 [00:19<01:32,  5.17it/s]
Extract:  17%|#7        | 100/578 [00:19<01:28,  5.39it/s]
Extract:  18%|#7        | 103/578 [00:19<01:00,  7.82it/s]
Extract:  18%|#8        | 105/578 [00:19<00:57,  8.26it/s]
Extract:  19%|#8        | 107/578 [00:20<01:08,  6.83it/s]
Extract:  19%|#8        | 108/578 [00:20<01:14,  6.29it/s]
Extract:  19%|#9        | 110/578 [00:20<01:04,  7.30it/s]
Extract:  19%|#9        | 111/578 [00:20<01:04,  7.23it/s]
Extract:  20%|#9        | 113/578 [00:20<00:49,  9.31it/s]
Extract:  20%|#9        | 115/578 [00:21<00:44, 10.31it/s]
Extract:  20%|##        | 117/578 [00:21<01:10,  6.52it/s]
Extract:  21%|##        | 120/578 [00:22<01:15,  6.10it/s]
Extract:  21%|##        | 121/578 [00:22<01:25,  5.34it/s]
Extract:  21%|##1       | 123/578 [00:22<01:06,  6.84it/s]
Extract:  22%|##1       | 125/578 [00:22<01:17,  5.88it/s]
Extract:  22%|##1       | 126/578 [00:23<01:19,  5.67it/s]
Extract:  22%|##2       | 128/578 [00:23<01:09,  6.48it/s]
Extract:  22%|##2       | 130/578 [00:23<01:24,  5.27it/s]
Extract:  23%|##2       | 131/578 [00:24<01:43,  4.33it/s]
Extract:  23%|##2       | 132/578 [00:24<01:31,  4.90it/s]
Extract:  23%|##3       | 133/578 [00:24<01:40,  4.42it/s]
Extract:  23%|##3       | 134/578 [00:24<01:32,  4.78it/s]
Extract:  23%|##3       | 135/578 [00:25<01:27,  5.09it/s]
Extract:  24%|##3       | 136/578 [00:25<01:24,  5.22it/s]
Extract:  24%|##3       | 137/578 [00:25<01:55,  3.83it/s]
Extract:  24%|##3       | 138/578 [00:26<02:23,  3.06it/s]
Extract:  24%|##4       | 139/578 [00:26<02:11,  3.34it/s]
Extract:  25%|##4       | 142/578 [00:26<01:09,  6.24it/s]
Extract:  25%|##5       | 146/578 [00:27<01:01,  7.05it/s]
Extract:  26%|##5       | 148/578 [00:27<00:55,  7.76it/s]
Extract:  26%|##5       | 149/578 [00:27<01:18,  5.48it/s]
Extract:  26%|##5       | 150/578 [00:27<01:13,  5.79it/s]
Extract:  26%|##6       | 153/578 [00:28<01:22,  5.16it/s]
Extract:  27%|##6       | 155/578 [00:28<01:24,  4.99it/s]
Extract:  27%|##7       | 158/578 [00:29<00:58,  7.12it/s]
Extract:  28%|##7       | 160/578 [00:29<00:57,  7.27it/s]
Extract:  28%|##8       | 163/578 [00:29<01:03,  6.51it/s]
Extract:  28%|##8       | 164/578 [00:29<01:00,  6.81it/s]
Extract:  29%|##8       | 165/578 [00:30<01:02,  6.58it/s]
Extract:  29%|##8       | 166/578 [00:30<00:59,  6.90it/s]
Extract:  29%|##8       | 167/578 [00:30<01:32,  4.43it/s]
Extract:  29%|##9       | 169/578 [00:30<01:10,  5.81it/s]
Extract:  29%|##9       | 170/578 [00:31<01:03,  6.38it/s]
Extract:  30%|##9       | 172/578 [00:31<00:53,  7.64it/s]
Extract:  30%|##9       | 173/578 [00:31<01:15,  5.39it/s]
Extract:  30%|###       | 174/578 [00:31<01:09,  5.78it/s]
Extract:  30%|###       | 176/578 [00:31<00:52,  7.70it/s]
Extract:  31%|###       | 177/578 [00:32<01:17,  5.16it/s]
Extract:  31%|###       | 178/578 [00:32<01:08,  5.81it/s]
Extract:  31%|###1      | 180/578 [00:32<01:09,  5.75it/s]
Extract:  31%|###1      | 181/578 [00:33<01:22,  4.80it/s]
Extract:  31%|###1      | 182/578 [00:33<01:28,  4.46it/s]
Extract:  32%|###1      | 184/578 [00:33<01:08,  5.78it/s]
Extract:  32%|###2      | 185/578 [00:33<01:19,  4.97it/s]
Extract:  32%|###2      | 186/578 [00:33<01:10,  5.56it/s]
Extract:  33%|###2      | 188/578 [00:34<00:52,  7.44it/s]
Extract:  33%|###2      | 189/578 [00:34<01:06,  5.83it/s]
Extract:  33%|###3      | 191/578 [00:34<01:02,  6.18it/s]
Extract:  33%|###3      | 193/578 [00:34<00:49,  7.72it/s]
Extract:  34%|###3      | 195/578 [00:34<00:39,  9.62it/s]
Extract:  34%|###4      | 197/578 [00:35<00:59,  6.37it/s]
Extract:  34%|###4      | 198/578 [00:35<00:58,  6.49it/s]
Extract:  35%|###4      | 201/578 [00:36<00:55,  6.77it/s]
Extract:  35%|###4      | 202/578 [00:36<00:55,  6.76it/s]
Extract:  35%|###5      | 203/578 [00:36<01:12,  5.20it/s]
Extract:  36%|###5      | 206/578 [00:36<00:50,  7.33it/s]
Extract:  36%|###5      | 207/578 [00:37<00:59,  6.23it/s]
Extract:  36%|###6      | 209/578 [00:37<00:47,  7.70it/s]
Extract:  36%|###6      | 210/578 [00:37<00:48,  7.65it/s]
Extract:  37%|###6      | 212/578 [00:37<01:09,  5.28it/s]
Extract:  37%|###7      | 214/578 [00:38<00:53,  6.80it/s]
Extract:  37%|###7      | 215/578 [00:38<00:57,  6.30it/s]
Extract:  38%|###7      | 217/578 [00:38<00:44,  8.04it/s]
Extract:  38%|###8      | 220/578 [00:38<00:31, 11.37it/s]
Extract:  39%|###8      | 223/578 [00:38<00:27, 12.90it/s]
Extract:  39%|###8      | 225/578 [00:39<00:38,  9.13it/s]
Extract:  39%|###9      | 227/578 [00:39<00:38,  9.13it/s]
Extract:  40%|###9      | 229/578 [00:39<00:37,  9.30it/s]
Extract:  40%|###9      | 231/578 [00:40<00:54,  6.41it/s]
Extract:  40%|####      | 232/578 [00:40<00:50,  6.82it/s]
Extract:  40%|####      | 234/578 [00:40<00:45,  7.52it/s]
Extract:  41%|####      | 235/578 [00:40<00:44,  7.64it/s]
Extract:  41%|####      | 236/578 [00:40<01:07,  5.09it/s]
Extract:  41%|####1     | 237/578 [00:41<01:25,  4.01it/s]
Extract:  41%|####1     | 239/578 [00:41<01:01,  5.54it/s]
Extract:  42%|####1     | 240/578 [00:41<01:01,  5.48it/s]
Extract:  42%|####1     | 242/578 [00:41<00:45,  7.46it/s]
Extract:  42%|####2     | 244/578 [00:42<00:55,  5.98it/s]
Extract:  42%|####2     | 245/578 [00:42<00:51,  6.51it/s]
Extract:  43%|####2     | 247/578 [00:42<00:48,  6.87it/s]
Extract:  43%|####2     | 248/578 [00:42<00:51,  6.40it/s]
Extract:  43%|####3     | 249/578 [00:42<00:47,  6.94it/s]
Extract:  43%|####3     | 251/578 [00:43<00:41,  7.89it/s]
Extract:  44%|####3     | 254/578 [00:43<00:27, 11.69it/s]
Extract:  44%|####4     | 256/578 [00:43<00:47,  6.76it/s]
Extract:  45%|####4     | 258/578 [00:43<00:39,  8.07it/s]
Extract:  45%|####4     | 260/578 [00:44<00:35,  8.92it/s]
Extract:  45%|####5     | 262/578 [00:44<00:49,  6.33it/s]
Extract:  46%|####5     | 263/578 [00:45<01:04,  4.91it/s]
Extract:  46%|####5     | 265/578 [00:45<00:55,  5.65it/s]
Extract:  46%|####6     | 266/578 [00:45<00:52,  5.96it/s]
Extract:  46%|####6     | 267/578 [00:45<00:57,  5.36it/s]
Extract:  47%|####6     | 269/578 [00:46<01:03,  4.86it/s]
Extract:  47%|####6     | 271/578 [00:46<00:47,  6.49it/s]
Extract:  47%|####7     | 273/578 [00:46<00:54,  5.58it/s]
Extract:  47%|####7     | 274/578 [00:47<01:12,  4.20it/s]
Extract:  48%|####7     | 275/578 [00:47<01:19,  3.82it/s]
Extract:  48%|####7     | 276/578 [00:47<01:09,  4.32it/s]
Extract:  48%|####8     | 278/578 [00:47<00:48,  6.23it/s]
Extract:  48%|####8     | 280/578 [00:48<00:46,  6.35it/s]
Extract:  49%|####8     | 282/578 [00:48<00:36,  8.07it/s]
Extract:  49%|####9     | 284/578 [00:48<00:39,  7.45it/s]
Extract:  49%|####9     | 285/578 [00:48<00:43,  6.68it/s]
Extract:  49%|####9     | 286/578 [00:48<00:47,  6.19it/s]
Extract:  50%|####9     | 287/578 [00:49<00:45,  6.37it/s]
Extract:  50%|#####     | 289/578 [00:49<00:42,  6.84it/s]
Extract:  50%|#####     | 290/578 [00:49<00:59,  4.84it/s]
Extract:  51%|#####     | 292/578 [00:49<00:44,  6.44it/s]
Extract:  51%|#####     | 294/578 [00:50<00:34,  8.24it/s]
Extract:  51%|#####1    | 296/578 [00:50<00:56,  4.96it/s]
Extract:  51%|#####1    | 297/578 [00:51<01:08,  4.11it/s]
Extract:  52%|#####1    | 299/578 [00:51<00:49,  5.63it/s]
Extract:  52%|#####1    | 300/578 [00:51<00:45,  6.15it/s]
Extract:  52%|#####2    | 301/578 [00:51<00:51,  5.41it/s]
Extract:  52%|#####2    | 303/578 [00:51<00:36,  7.44it/s]
Extract:  53%|#####2    | 305/578 [00:52<00:50,  5.39it/s]
Extract:  53%|#####3    | 307/578 [00:52<00:51,  5.29it/s]
Extract:  53%|#####3    | 308/578 [00:52<00:54,  4.92it/s]
Extract:  53%|#####3    | 309/578 [00:53<01:15,  3.55it/s]
Extract:  54%|#####3    | 310/578 [00:53<01:08,  3.90it/s]
Extract:  54%|#####3    | 311/578 [00:54<01:19,  3.34it/s]
Extract:  54%|#####3    | 312/578 [00:54<01:28,  2.99it/s]
Extract:  54%|#####4    | 313/578 [00:54<01:13,  3.61it/s]
Extract:  54%|#####4    | 314/578 [00:54<01:12,  3.62it/s]
Extract:  55%|#####4    | 316/578 [00:55<00:57,  4.58it/s]
Extract:  55%|#####5    | 318/578 [00:55<00:58,  4.48it/s]
Extract:  55%|#####5    | 319/578 [00:55<00:57,  4.54it/s]
Extract:  55%|#####5    | 320/578 [00:56<01:07,  3.81it/s]
Extract:  56%|#####5    | 322/578 [00:56<00:57,  4.43it/s]
Extract:  56%|#####5    | 323/578 [00:56<00:52,  4.87it/s]
Extract:  56%|#####6    | 325/578 [00:56<00:37,  6.66it/s]
Extract:  56%|#####6    | 326/578 [00:57<00:41,  6.04it/s]
Extract:  57%|#####6    | 328/578 [00:57<00:36,  6.84it/s]
Extract:  57%|#####7    | 330/578 [00:57<00:30,  8.22it/s]
Extract:  57%|#####7    | 331/578 [00:57<00:30,  8.07it/s]
Extract:  57%|#####7    | 332/578 [00:57<00:37,  6.59it/s]
Extract:  58%|#####7    | 334/578 [00:58<00:27,  8.90it/s]
Extract:  58%|#####8    | 336/578 [00:58<00:22, 10.75it/s]
Extract:  58%|#####8    | 338/578 [00:58<00:20, 11.89it/s]
Extract:  59%|#####8    | 340/578 [00:58<00:23, 10.23it/s]
Extract:  59%|#####9    | 342/578 [00:58<00:28,  8.36it/s]
Extract:  60%|#####9    | 344/578 [00:59<00:40,  5.85it/s]
Extract:  60%|#####9    | 346/578 [00:59<00:33,  6.95it/s]
Extract:  60%|######    | 348/578 [00:59<00:28,  8.05it/s]
Extract:  61%|######    | 350/578 [01:00<00:43,  5.23it/s]
Extract:  61%|######    | 351/578 [01:00<00:52,  4.29it/s]
Extract:  61%|######1   | 353/578 [01:01<00:44,  5.10it/s]
Extract:  61%|######1   | 355/578 [01:01<00:34,  6.50it/s]
Extract:  62%|######1   | 356/578 [01:01<00:38,  5.73it/s]
Extract:  62%|######1   | 357/578 [01:01<00:38,  5.67it/s]
Extract:  62%|######2   | 359/578 [01:01<00:30,  7.11it/s]
Extract:  62%|######2   | 360/578 [01:02<00:31,  7.03it/s]
Extract:  63%|######2   | 362/578 [01:02<00:36,  5.90it/s]
Extract:  63%|######2   | 364/578 [01:02<00:29,  7.20it/s]
Extract:  63%|######3   | 365/578 [01:02<00:31,  6.66it/s]
Extract:  63%|######3   | 366/578 [01:02<00:33,  6.31it/s]
Extract:  63%|######3   | 367/578 [01:03<00:51,  4.10it/s]
Extract:  64%|######3   | 368/578 [01:03<00:44,  4.74it/s]
Extract:  64%|######3   | 369/578 [01:04<00:59,  3.49it/s]
Extract:  64%|######4   | 371/578 [01:04<00:38,  5.44it/s]
Extract:  65%|######4   | 373/578 [01:04<00:37,  5.47it/s]
Extract:  65%|######4   | 374/578 [01:04<00:35,  5.79it/s]
Extract:  65%|######5   | 376/578 [01:05<00:32,  6.16it/s]
Extract:  65%|######5   | 377/578 [01:05<00:36,  5.51it/s]
Extract:  65%|######5   | 378/578 [01:05<00:32,  6.12it/s]
Extract:  66%|######5   | 380/578 [01:05<00:31,  6.36it/s]
Extract:  66%|######5   | 381/578 [01:05<00:28,  6.82it/s]
Extract:  66%|######6   | 382/578 [01:06<00:36,  5.33it/s]
Extract:  66%|######6   | 384/578 [01:06<00:32,  6.05it/s]
Extract:  67%|######6   | 386/578 [01:06<00:24,  7.81it/s]
Extract:  67%|######6   | 387/578 [01:06<00:23,  8.09it/s]
Extract:  67%|######7   | 390/578 [01:06<00:16, 11.69it/s]
Extract:  68%|######7   | 392/578 [01:06<00:17, 10.69it/s]
Extract:  68%|######8   | 394/578 [01:07<00:26,  6.87it/s]
Extract:  68%|######8   | 395/578 [01:07<00:27,  6.69it/s]
Extract:  69%|######8   | 397/578 [01:07<00:23,  7.72it/s]
Extract:  69%|######9   | 399/578 [01:08<00:21,  8.31it/s]
Extract:  69%|######9   | 401/578 [01:08<00:17,  9.84it/s]
Extract:  70%|######9   | 403/578 [01:08<00:16, 10.88it/s]
Extract:  70%|#######   | 405/578 [01:08<00:14, 12.10it/s]
Extract:  70%|#######   | 407/578 [01:08<00:20,  8.16it/s]
Extract:  71%|#######   | 409/578 [01:09<00:26,  6.45it/s]
Extract:  71%|#######   | 410/578 [01:09<00:26,  6.43it/s]
Extract:  71%|#######1  | 412/578 [01:09<00:21,  7.68it/s]
Extract:  71%|#######1  | 413/578 [01:09<00:29,  5.55it/s]
Extract:  72%|#######1  | 414/578 [01:10<00:28,  5.79it/s]
Extract:  72%|#######1  | 415/578 [01:10<00:26,  6.21it/s]
Extract:  72%|#######1  | 416/578 [01:10<00:27,  5.81it/s]
Extract:  72%|#######2  | 417/578 [01:10<00:24,  6.47it/s]
Extract:  72%|#######2  | 418/578 [01:10<00:30,  5.19it/s]
Extract:  72%|#######2  | 419/578 [01:11<00:34,  4.67it/s]
Extract:  73%|#######2  | 421/578 [01:11<00:40,  3.89it/s]
Extract:  73%|#######3  | 424/578 [01:11<00:25,  6.04it/s]
Extract:  74%|#######3  | 425/578 [01:12<00:33,  4.58it/s]
Extract:  74%|#######3  | 427/578 [01:12<00:33,  4.55it/s]
Extract:  74%|#######4  | 428/578 [01:13<00:37,  3.99it/s]
Extract:  74%|#######4  | 429/578 [01:13<00:38,  3.89it/s]
Extract:  75%|#######4  | 431/578 [01:13<00:26,  5.46it/s]
Extract:  75%|#######4  | 432/578 [01:13<00:24,  5.89it/s]
Extract:  75%|#######5  | 434/578 [01:14<00:28,  5.05it/s]
Extract:  75%|#######5  | 435/578 [01:14<00:25,  5.56it/s]
Extract:  76%|#######5  | 437/578 [01:14<00:19,  7.06it/s]
Extract:  76%|#######5  | 439/578 [01:14<00:19,  7.07it/s]
Extract:  76%|#######6  | 441/578 [01:15<00:21,  6.50it/s]
Extract:  77%|#######6  | 443/578 [01:15<00:17,  7.79it/s]
Extract:  77%|#######6  | 445/578 [01:16<00:26,  5.07it/s]
Extract:  77%|#######7  | 447/578 [01:16<00:19,  6.55it/s]
Extract:  78%|#######7  | 449/578 [01:16<00:16,  8.00it/s]
Extract:  78%|#######8  | 451/578 [01:17<00:30,  4.18it/s]
Extract:  78%|#######8  | 452/578 [01:17<00:27,  4.62it/s]
Extract:  79%|#######8  | 454/578 [01:17<00:21,  5.78it/s]
Extract:  79%|#######8  | 456/578 [01:17<00:17,  6.95it/s]
Extract:  79%|#######9  | 458/578 [01:18<00:18,  6.57it/s]
Extract:  80%|#######9  | 460/578 [01:18<00:14,  8.26it/s]
Extract:  80%|#######9  | 462/578 [01:18<00:14,  8.07it/s]
Extract:  80%|########  | 464/578 [01:18<00:16,  6.89it/s]
Extract:  81%|########  | 466/578 [01:19<00:16,  6.98it/s]
Extract:  81%|########  | 467/578 [01:19<00:19,  5.69it/s]
Extract:  81%|########  | 468/578 [01:19<00:25,  4.31it/s]
Extract:  81%|########1 | 469/578 [01:19<00:22,  4.92it/s]
Extract:  81%|########1 | 470/578 [01:20<00:21,  4.97it/s]
Extract:  81%|########1 | 471/578 [01:20<00:28,  3.81it/s]
Extract:  82%|########1 | 472/578 [01:20<00:28,  3.76it/s]
Extract:  82%|########1 | 473/578 [01:21<00:24,  4.23it/s]
Extract:  82%|########2 | 474/578 [01:21<00:23,  4.35it/s]
Extract:  82%|########2 | 475/578 [01:21<00:20,  5.00it/s]
Extract:  82%|########2 | 476/578 [01:21<00:29,  3.50it/s]
Extract:  83%|########2 | 477/578 [01:21<00:24,  4.14it/s]
Extract:  83%|########2 | 479/578 [01:22<00:17,  5.61it/s]
Extract:  83%|########3 | 481/578 [01:22<00:14,  6.79it/s]
Extract:  84%|########3 | 483/578 [01:22<00:11,  8.24it/s]
Extract:  84%|########3 | 485/578 [01:22<00:09, 10.22it/s]
Extract:  84%|########4 | 487/578 [01:22<00:10,  8.72it/s]
Extract:  85%|########4 | 489/578 [01:23<00:16,  5.46it/s]
Extract:  85%|########4 | 490/578 [01:23<00:15,  5.63it/s]
Extract:  85%|########4 | 491/578 [01:23<00:16,  5.24it/s]
Extract:  85%|########5 | 492/578 [01:24<00:17,  4.82it/s]
Extract:  85%|########5 | 493/578 [01:24<00:16,  5.08it/s]
Extract:  85%|########5 | 494/578 [01:24<00:15,  5.31it/s]
Extract:  86%|########5 | 496/578 [01:24<00:10,  7.67it/s]
Extract:  86%|########6 | 498/578 [01:25<00:15,  5.21it/s]
Extract:  86%|########6 | 499/578 [01:25<00:14,  5.35it/s]
Extract:  87%|########6 | 501/578 [01:25<00:11,  6.80it/s]
Extract:  87%|########7 | 504/578 [01:26<00:13,  5.64it/s]
Extract:  87%|########7 | 505/578 [01:26<00:15,  4.60it/s]
Extract:  88%|########7 | 507/578 [01:26<00:11,  6.08it/s]
Extract:  88%|########7 | 508/578 [01:26<00:11,  5.99it/s]
Extract:  88%|########8 | 510/578 [01:27<00:10,  6.67it/s]
Extract:  89%|########8 | 512/578 [01:27<00:09,  6.91it/s]
Extract:  89%|########9 | 515/578 [01:27<00:07,  7.93it/s]
Extract:  89%|########9 | 516/578 [01:28<00:10,  5.66it/s]
Extract:  89%|########9 | 517/578 [01:28<00:11,  5.44it/s]
Extract:  90%|########9 | 519/578 [01:28<00:09,  6.26it/s]
Extract:  90%|########9 | 520/578 [01:28<00:08,  6.66it/s]
Extract:  90%|######### | 522/578 [01:28<00:06,  8.40it/s]
Extract:  90%|######### | 523/578 [01:29<00:07,  7.84it/s]
Extract:  91%|######### | 525/578 [01:29<00:05,  9.16it/s]
Extract:  91%|#########1| 526/578 [01:29<00:08,  5.99it/s]
Extract:  91%|#########1| 528/578 [01:29<00:06,  7.51it/s]
Extract:  92%|#########1| 529/578 [01:29<00:06,  7.71it/s]
Extract:  92%|#########1| 531/578 [01:30<00:05,  8.61it/s]
Extract:  92%|#########2| 532/578 [01:30<00:05,  8.41it/s]
Extract:  92%|#########2| 533/578 [01:30<00:05,  8.61it/s]
Extract:  92%|#########2| 534/578 [01:30<00:08,  5.21it/s]
Extract:  93%|#########2| 536/578 [01:30<00:05,  7.37it/s]
Extract:  93%|#########3| 538/578 [01:31<00:05,  6.67it/s]
Extract:  93%|#########3| 540/578 [01:31<00:05,  7.11it/s]
Extract:  94%|#########3| 541/578 [01:31<00:05,  7.14it/s]
Extract:  94%|#########3| 543/578 [01:31<00:04,  8.71it/s]
Extract:  94%|#########4| 546/578 [01:32<00:04,  7.99it/s]
Extract:  95%|#########4| 547/578 [01:32<00:05,  5.64it/s]
Extract:  95%|#########5| 550/578 [01:32<00:03,  8.43it/s]
Extract:  96%|#########5| 553/578 [01:33<00:03,  6.78it/s]
Extract:  96%|#########6| 555/578 [01:34<00:05,  4.06it/s]
Extract:  96%|#########6| 556/578 [01:34<00:05,  4.19it/s]
Extract:  96%|#########6| 557/578 [01:34<00:05,  4.04it/s]
Extract:  97%|#########6| 559/578 [01:34<00:03,  5.46it/s]
Extract:  97%|#########6| 560/578 [01:35<00:04,  4.19it/s]
Extract:  97%|#########7| 561/578 [01:35<00:03,  4.41it/s]
Extract:  98%|#########7| 564/578 [01:35<00:02,  5.52it/s]
Extract:  98%|#########7| 565/578 [01:36<00:02,  4.53it/s]
Extract:  98%|#########7| 566/578 [01:36<00:02,  4.83it/s]
Extract:  98%|#########8| 567/578 [01:36<00:02,  4.31it/s]
Extract:  98%|#########8| 568/578 [01:37<00:02,  3.58it/s]
Extract:  99%|#########8| 570/578 [01:37<00:01,  5.42it/s]
Extract:  99%|#########8| 572/578 [01:37<00:00,  6.83it/s]
Extract:  99%|#########9| 575/578 [01:37<00:00,  8.66it/s]
Extract: 100%|#########9| 577/578 [01:38<00:00,  7.44it/s]
Extract: 100%|##########| 578/578 [01:38<00:00,  5.89it/s]

Extract:   0%|          | 0/578 [00:00<?, ?it/s]
Extract:   0%|          | 2/578 [00:00<00:31, 18.32it/s]
Extract:   1%|          | 4/578 [00:00<00:57, 10.02it/s]
Extract:   1%|1         | 6/578 [00:00<00:54, 10.49it/s]
Extract:   1%|1         | 8/578 [00:01<01:26,  6.60it/s]
Extract:   2%|1         | 9/578 [00:01<01:30,  6.29it/s]
Extract:   2%|1         | 10/578 [00:01<01:28,  6.43it/s]
Extract:   2%|1         | 11/578 [00:01<01:34,  6.02it/s]
Extract:   2%|2         | 12/578 [00:01<02:08,  4.41it/s]
Extract:   2%|2         | 13/578 [00:02<02:07,  4.44it/s]
Extract:   2%|2         | 14/578 [00:02<02:14,  4.19it/s]
Extract:   3%|2         | 15/578 [00:02<02:26,  3.85it/s]
Extract:   3%|2         | 17/578 [00:02<01:37,  5.75it/s]
Extract:   3%|3         | 20/578 [00:03<01:06,  8.43it/s]
Extract:   4%|3         | 21/578 [00:03<02:11,  4.23it/s]
Extract:   4%|3         | 22/578 [00:04<02:08,  4.31it/s]
Extract:   4%|3         | 23/578 [00:04<02:24,  3.85it/s]
Extract:   4%|4         | 24/578 [00:04<02:34,  3.59it/s]
Extract:   4%|4         | 26/578 [00:04<01:49,  5.03it/s]
Extract:   5%|4         | 27/578 [00:05<02:25,  3.80it/s]
Extract:   5%|5         | 29/578 [00:05<01:45,  5.21it/s]
Extract:   5%|5         | 30/578 [00:05<01:39,  5.51it/s]
Extract:   5%|5         | 31/578 [00:05<01:42,  5.35it/s]
Extract:   6%|5         | 34/578 [00:06<01:02,  8.77it/s]
Extract:   6%|6         | 36/578 [00:06<00:51, 10.42it/s]
Extract:   7%|6         | 38/578 [00:06<00:57,  9.46it/s]
Extract:   7%|6         | 40/578 [00:06<00:50, 10.56it/s]
Extract:   7%|7         | 42/578 [00:07<01:26,  6.21it/s]
Extract:   7%|7         | 43/578 [00:07<01:47,  4.98it/s]
Extract:   8%|7         | 46/578 [00:07<01:12,  7.35it/s]
Extract:   8%|8         | 48/578 [00:07<01:02,  8.44it/s]
Extract:   9%|8         | 50/578 [00:08<01:13,  7.16it/s]
Extract:   9%|8         | 51/578 [00:08<01:31,  5.77it/s]
Extract:   9%|8         | 52/578 [00:08<01:55,  4.57it/s]
Extract:   9%|9         | 54/578 [00:09<01:40,  5.22it/s]
Extract:  10%|9         | 55/578 [00:09<01:47,  4.87it/s]
Extract:  10%|9         | 56/578 [00:09<01:37,  5.36it/s]
Extract:  10%|#         | 58/578 [00:09<01:26,  5.98it/s]
Extract:  10%|#         | 59/578 [00:10<01:30,  5.71it/s]
Extract:  10%|#         | 60/578 [00:10<01:44,  4.94it/s]
Extract:  11%|#         | 61/578 [00:10<02:00,  4.28it/s]
Extract:  11%|#         | 63/578 [00:10<01:22,  6.21it/s]
Extract:  11%|#1        | 64/578 [00:11<01:42,  5.03it/s]
Extract:  11%|#1        | 65/578 [00:11<01:48,  4.71it/s]
Extract:  12%|#1        | 67/578 [00:11<02:02,  4.16it/s]
Extract:  12%|#1        | 69/578 [00:12<01:38,  5.16it/s]
Extract:  12%|#2        | 71/578 [00:12<01:15,  6.68it/s]
Extract:  13%|#2        | 73/578 [00:12<01:27,  5.79it/s]
Extract:  13%|#2        | 75/578 [00:12<01:08,  7.32it/s]
Extract:  13%|#3        | 77/578 [00:13<01:39,  5.01it/s]
Extract:  14%|#3        | 79/578 [00:13<01:17,  6.47it/s]
Extract:  14%|#4        | 81/578 [00:13<01:08,  7.25it/s]
Extract:  14%|#4        | 83/578 [00:14<01:10,  6.98it/s]
Extract:  15%|#4        | 84/578 [00:14<01:52,  4.39it/s]
Extract:  15%|#4        | 86/578 [00:14<01:27,  5.63it/s]
Extract:  15%|#5        | 89/578 [00:15<01:25,  5.69it/s]
Extract:  16%|#5        | 90/578 [00:15<01:20,  6.09it/s]
Extract:  16%|#5        | 91/578 [00:16<01:58,  4.11it/s]
Extract:  16%|#5        | 92/578 [00:16<02:25,  3.35it/s]
Extract:  16%|#6        | 94/578 [00:16<01:48,  4.47it/s]
Extract:  17%|#6        | 96/578 [00:17<01:42,  4.72it/s]
Extract:  17%|#6        | 98/578 [00:17<01:34,  5.08it/s]
Extract:  17%|#7        | 100/578 [00:17<01:20,  5.92it/s]
Extract:  18%|#7        | 103/578 [00:17<00:56,  8.46it/s]
Extract:  18%|#8        | 105/578 [00:18<00:53,  8.76it/s]
Extract:  19%|#8        | 107/578 [00:18<01:09,  6.73it/s]
Extract:  19%|#8        | 108/578 [00:18<01:15,  6.24it/s]
Extract:  19%|#9        | 110/578 [00:19<01:05,  7.18it/s]
Extract:  19%|#9        | 111/578 [00:19<01:06,  7.06it/s]
Extract:  20%|#9        | 113/578 [00:19<00:51,  9.11it/s]
Extract:  20%|#9        | 115/578 [00:19<00:46,  9.95it/s]
Extract:  20%|##        | 117/578 [00:20<01:13,  6.26it/s]
Extract:  21%|##        | 120/578 [00:20<01:11,  6.40it/s]
Extract:  21%|##        | 121/578 [00:20<01:28,  5.17it/s]
Extract:  21%|##1       | 124/578 [00:21<01:02,  7.22it/s]
Extract:  22%|##1       | 125/578 [00:21<01:18,  5.77it/s]
Extract:  22%|##1       | 126/578 [00:21<01:24,  5.36it/s]
Extract:  22%|##2       | 128/578 [00:21<01:08,  6.57it/s]
Extract:  22%|##2       | 130/578 [00:22<01:09,  6.45it/s]
Extract:  23%|##2       | 131/578 [00:22<01:27,  5.11it/s]
Extract:  23%|##2       | 132/578 [00:22<01:21,  5.50it/s]
Extract:  23%|##3       | 133/578 [00:22<01:29,  4.99it/s]
Extract:  23%|##3       | 134/578 [00:22<01:19,  5.59it/s]
Extract:  23%|##3       | 135/578 [00:23<01:13,  6.05it/s]
Extract:  24%|##3       | 136/578 [00:23<01:08,  6.48it/s]
Extract:  24%|##3       | 137/578 [00:23<01:51,  3.97it/s]
Extract:  24%|##3       | 138/578 [00:24<02:02,  3.59it/s]
Extract:  24%|##4       | 139/578 [00:24<01:50,  3.96it/s]
Extract:  25%|##4       | 142/578 [00:24<00:59,  7.37it/s]
Extract:  25%|##5       | 146/578 [00:24<00:58,  7.41it/s]
Extract:  25%|##5       | 147/578 [00:25<00:56,  7.59it/s]
Extract:  26%|##5       | 148/578 [00:25<00:54,  7.84it/s]
Extract:  26%|##5       | 149/578 [00:25<01:13,  5.81it/s]
Extract:  26%|##5       | 150/578 [00:25<01:09,  6.14it/s]
Extract:  26%|##6       | 153/578 [00:26<01:15,  5.60it/s]
Extract:  27%|##6       | 155/578 [00:26<01:19,  5.34it/s]
Extract:  27%|##7       | 158/578 [00:26<00:55,  7.63it/s]
Extract:  28%|##7       | 160/578 [00:26<00:49,  8.40it/s]
Extract:  28%|##8       | 163/578 [00:27<00:59,  7.00it/s]
Extract:  29%|##8       | 165/578 [00:27<00:54,  7.55it/s]
Extract:  29%|##8       | 166/578 [00:27<00:55,  7.48it/s]
Extract:  29%|##8       | 167/578 [00:28<01:17,  5.27it/s]
Extract:  29%|##9       | 169/578 [00:28<01:04,  6.38it/s]
Extract:  29%|##9       | 170/578 [00:28<01:01,  6.60it/s]
Extract:  30%|##9       | 172/578 [00:28<00:59,  6.80it/s]
Extract:  30%|##9       | 173/578 [00:29<01:24,  4.80it/s]
Extract:  30%|###       | 174/578 [00:29<01:16,  5.31it/s]
Extract:  30%|###       | 176/578 [00:29<00:55,  7.23it/s]
Extract:  31%|###       | 177/578 [00:29<01:14,  5.35it/s]
Extract:  31%|###       | 178/578 [00:30<01:18,  5.12it/s]
Extract:  31%|###       | 179/578 [00:30<01:10,  5.67it/s]
Extract:  31%|###1      | 180/578 [00:30<01:28,  4.50it/s]
Extract:  31%|###1      | 181/578 [00:30<01:35,  4.16it/s]
Extract:  31%|###1      | 182/578 [00:31<01:24,  4.70it/s]
Extract:  32%|###1      | 184/578 [00:31<01:05,  6.03it/s]
Extract:  32%|###2      | 185/578 [00:31<01:21,  4.81it/s]
Extract:  32%|###2      | 187/578 [00:31<00:56,  6.88it/s]
Extract:  33%|###2      | 188/578 [00:31<00:53,  7.26it/s]
Extract:  33%|###2      | 189/578 [00:32<01:26,  4.49it/s]
Extract:  33%|###3      | 191/578 [00:32<01:36,  4.03it/s]
Extract:  33%|###3      | 193/578 [00:33<01:12,  5.28it/s]
Extract:  34%|###3      | 195/578 [00:33<00:55,  6.91it/s]
Extract:  34%|###4      | 197/578 [00:33<01:00,  6.34it/s]
Extract:  34%|###4      | 198/578 [00:33<00:57,  6.58it/s]
Extract:  35%|###4      | 201/578 [00:34<01:06,  5.63it/s]
Extract:  35%|###4      | 202/578 [00:34<01:08,  5.50it/s]
Extract:  35%|###5      | 203/578 [00:35<01:41,  3.69it/s]
Extract:  35%|###5      | 205/578 [00:35<01:11,  5.21it/s]
Extract:  36%|###5      | 206/578 [00:35<01:05,  5.67it/s]
Extract:  36%|###5      | 207/578 [00:35<01:09,  5.34it/s]
Extract:  36%|###6      | 210/578 [00:35<00:46,  7.90it/s]
Extract:  37%|###6      | 212/578 [00:36<00:53,  6.86it/s]
Extract:  37%|###6      | 213/578 [00:36<00:50,  7.23it/s]
Extract:  37%|###7      | 215/578 [00:36<00:55,  6.60it/s]
Extract:  38%|###7      | 217/578 [00:36<00:44,  8.03it/s]
Extract:  38%|###8      | 220/578 [00:36<00:32, 10.92it/s]
Extract:  39%|###8      | 223/578 [00:37<00:26, 13.40it/s]
Extract:  39%|###8      | 225/578 [00:37<00:36,  9.76it/s]
Extract:  39%|###9      | 227/578 [00:37<00:38,  9.01it/s]
Extract:  40%|###9      | 229/578 [00:37<00:37,  9.25it/s]
Extract:  40%|###9      | 231/578 [00:38<00:46,  7.46it/s]
Extract:  40%|####      | 232/578 [00:38<00:48,  7.07it/s]
Extract:  40%|####      | 234/578 [00:38<00:43,  7.90it/s]
Extract:  41%|####      | 235/578 [00:38<00:42,  8.05it/s]
Extract:  41%|####      | 236/578 [00:39<01:01,  5.56it/s]
Extract:  41%|####1     | 237/578 [00:39<01:08,  4.94it/s]
Extract:  42%|####1     | 240/578 [00:39<00:44,  7.52it/s]
Extract:  42%|####2     | 243/578 [00:39<00:32, 10.45it/s]
Extract:  42%|####2     | 245/578 [00:40<00:44,  7.54it/s]
Extract:  43%|####2     | 247/578 [00:40<00:46,  7.13it/s]
Extract:  43%|####2     | 248/578 [00:40<00:48,  6.82it/s]
Extract:  43%|####3     | 249/578 [00:40<00:45,  7.18it/s]
Extract:  43%|####3     | 251/578 [00:40<00:39,  8.18it/s]
Extract:  44%|####3     | 254/578 [00:41<00:27, 11.87it/s]
Extract:  44%|####4     | 256/578 [00:41<00:49,  6.51it/s]
Extract:  45%|####4     | 258/578 [00:41<00:41,  7.67it/s]
Extract:  45%|####4     | 260/578 [00:42<00:36,  8.67it/s]
Extract:  45%|####5     | 262/578 [00:42<00:42,  7.51it/s]
Extract:  46%|####5     | 264/578 [00:43<00:59,  5.32it/s]
Extract:  46%|####5     | 265/578 [00:43<01:02,  4.99it/s]
Extract:  46%|####6     | 266/578 [00:43<01:02,  5.03it/s]
Extract:  46%|####6     | 267/578 [00:43<01:10,  4.42it/s]
Extract:  47%|####6     | 269/578 [00:44<01:06,  4.68it/s]
Extract:  47%|####7     | 272/578 [00:44<00:40,  7.58it/s]
Extract:  47%|####7     | 274/578 [00:45<01:12,  4.20it/s]
Extract:  48%|####7     | 275/578 [00:45<01:17,  3.90it/s]
Extract:  48%|####7     | 277/578 [00:45<01:00,  4.95it/s]
Extract:  48%|####8     | 280/578 [00:46<00:50,  5.88it/s]
Extract:  49%|####8     | 282/578 [00:46<00:41,  7.13it/s]
Extract:  49%|####9     | 284/578 [00:46<00:43,  6.79it/s]
Extract:  49%|####9     | 285/578 [00:46<00:46,  6.33it/s]
Extract:  49%|####9     | 286/578 [00:47<00:54,  5.39it/s]
Extract:  50%|####9     | 287/578 [00:47<00:50,  5.74it/s]
Extract:  50%|####9     | 288/578 [00:47<00:46,  6.22it/s]
Extract:  50%|#####     | 289/578 [00:47<00:50,  5.78it/s]
Extract:  50%|#####     | 290/578 [00:48<01:16,  3.78it/s]
Extract:  51%|#####     | 292/578 [00:48<00:52,  5.47it/s]
Extract:  51%|#####     | 294/578 [00:48<00:41,  6.88it/s]
Extract:  51%|#####1    | 295/578 [00:48<00:57,  4.90it/s]
Extract:  51%|#####1    | 297/578 [00:49<01:01,  4.54it/s]
Extract:  52%|#####1    | 299/578 [00:49<00:51,  5.44it/s]
Extract:  52%|#####1    | 300/578 [00:49<00:46,  5.96it/s]
Extract:  52%|#####2    | 301/578 [00:49<00:54,  5.08it/s]
Extract:  53%|#####2    | 304/578 [00:50<00:50,  5.37it/s]
Extract:  53%|#####2    | 305/578 [00:50<00:48,  5.58it/s]
Extract:  53%|#####3    | 307/578 [00:50<00:48,  5.53it/s]
Extract:  53%|#####3    | 308/578 [00:51<00:54,  4.95it/s]
Extract:  53%|#####3    | 309/578 [00:51<01:16,  3.51it/s]
Extract:  54%|#####3    | 310/578 [00:52<01:12,  3.71it/s]
Extract:  54%|#####3    | 311/578 [00:52<01:26,  3.10it/s]
Extract:  54%|#####3    | 312/578 [00:52<01:31,  2.91it/s]
Extract:  54%|#####4    | 313/578 [00:53<01:14,  3.54it/s]
Extract:  54%|#####4    | 314/578 [00:53<01:11,  3.68it/s]
Extract:  55%|#####4    | 316/578 [00:53<00:56,  4.65it/s]
Extract:  55%|#####5    | 318/578 [00:54<01:14,  3.50it/s]
Extract:  55%|#####5    | 319/578 [00:54<01:10,  3.67it/s]
Extract:  55%|#####5    | 320/578 [00:54<01:13,  3.50it/s]
Extract:  56%|#####5    | 322/578 [00:55<01:00,  4.23it/s]
Extract:  56%|#####5    | 323/578 [00:55<00:55,  4.58it/s]
Extract:  56%|#####6    | 325/578 [00:55<00:40,  6.21it/s]
Extract:  56%|#####6    | 326/578 [00:55<00:43,  5.74it/s]
Extract:  57%|#####6    | 328/578 [00:56<00:40,  6.15it/s]
Extract:  57%|#####7    | 330/578 [00:56<00:34,  7.09it/s]
Extract:  57%|#####7    | 331/578 [00:56<00:35,  6.97it/s]
Extract:  57%|#####7    | 332/578 [00:56<00:42,  5.78it/s]
Extract:  58%|#####7    | 334/578 [00:56<00:31,  7.64it/s]
Extract:  58%|#####7    | 335/578 [00:56<00:30,  7.98it/s]
Extract:  58%|#####8    | 337/578 [00:57<00:26,  9.12it/s]
Extract:  59%|#####8    | 339/578 [00:57<00:25,  9.47it/s]
Extract:  59%|#####8    | 341/578 [00:57<00:31,  7.48it/s]
Extract:  59%|#####9    | 342/578 [00:57<00:34,  6.81it/s]
Extract:  60%|#####9    | 344/578 [00:58<00:40,  5.77it/s]
Extract:  60%|#####9    | 346/578 [00:58<00:33,  7.02it/s]
Extract:  60%|######    | 348/578 [00:58<00:28,  8.20it/s]
Extract:  60%|######    | 349/578 [00:59<00:45,  5.06it/s]
Extract:  61%|######    | 350/578 [00:59<00:43,  5.25it/s]
Extract:  61%|######    | 351/578 [00:59<01:03,  3.60it/s]
Extract:  61%|######1   | 353/578 [01:00<00:50,  4.48it/s]
Extract:  61%|######1   | 355/578 [01:00<00:37,  6.01it/s]
Extract:  62%|######1   | 356/578 [01:00<00:51,  4.29it/s]
Extract:  62%|######1   | 357/578 [01:01<00:50,  4.40it/s]
Extract:  62%|######2   | 359/578 [01:01<00:40,  5.43it/s]
Extract:  62%|######2   | 360/578 [01:01<00:42,  5.11it/s]
Extract:  63%|######2   | 362/578 [01:02<00:47,  4.57it/s]
Extract:  63%|######2   | 364/578 [01:02<00:37,  5.78it/s]
Extract:  63%|######3   | 365/578 [01:02<00:37,  5.67it/s]
Extract:  63%|######3   | 366/578 [01:02<00:38,  5.53it/s]
Extract:  63%|######3   | 367/578 [01:02<00:49,  4.27it/s]
Extract:  64%|######3   | 368/578 [01:03<00:46,  4.51it/s]
Extract:  64%|######3   | 369/578 [01:03<01:02,  3.33it/s]
Extract:  64%|######4   | 371/578 [01:03<00:40,  5.16it/s]
Extract:  65%|######4   | 373/578 [01:04<00:38,  5.29it/s]
Extract:  65%|######4   | 374/578 [01:04<00:41,  4.94it/s]
Extract:  65%|######5   | 376/578 [01:04<00:34,  5.85it/s]
Extract:  65%|######5   | 377/578 [01:04<00:34,  5.76it/s]
Extract:  66%|######5   | 379/578 [01:05<00:28,  7.05it/s]
Extract:  66%|######5   | 380/578 [01:05<00:32,  6.02it/s]
Extract:  66%|######5   | 381/578 [01:05<00:31,  6.18it/s]
Extract:  66%|######6   | 382/578 [01:05<00:44,  4.44it/s]
Extract:  66%|######6   | 383/578 [01:05<00:39,  4.98it/s]
Extract:  66%|######6   | 384/578 [01:06<00:44,  4.33it/s]
Extract:  67%|######6   | 386/578 [01:06<00:30,  6.38it/s]
Extract:  67%|######6   | 387/578 [01:06<00:29,  6.42it/s]
Extract:  67%|######7   | 390/578 [01:06<00:19,  9.43it/s]
Extract:  68%|######7   | 392/578 [01:07<00:21,  8.48it/s]
Extract:  68%|######7   | 393/578 [01:07<00:25,  7.19it/s]
Extract:  68%|######8   | 394/578 [01:07<00:27,  6.66it/s]
Extract:  68%|######8   | 395/578 [01:07<00:38,  4.75it/s]
Extract:  69%|######8   | 397/578 [01:08<00:38,  4.73it/s]
Extract:  69%|######8   | 398/578 [01:08<00:34,  5.15it/s]
Extract:  69%|######9   | 399/578 [01:08<00:33,  5.39it/s]
Extract:  69%|######9   | 401/578 [01:08<00:25,  6.88it/s]
Extract:  70%|######9   | 402/578 [01:08<00:24,  7.29it/s]
Extract:  70%|######9   | 404/578 [01:09<00:20,  8.39it/s]
Extract:  70%|#######   | 405/578 [01:09<00:22,  7.74it/s]
Extract:  70%|#######   | 406/578 [01:09<00:34,  5.00it/s]
Extract:  70%|#######   | 407/578 [01:09<00:39,  4.31it/s]
Extract:  71%|#######   | 408/578 [01:10<00:53,  3.16it/s]
Extract:  71%|#######   | 410/578 [01:10<00:38,  4.41it/s]
Extract:  71%|#######1  | 412/578 [01:10<00:28,  5.85it/s]
Extract:  71%|#######1  | 413/578 [01:11<00:31,  5.24it/s]
Extract:  72%|#######1  | 415/578 [01:11<00:24,  6.69it/s]
Extract:  72%|#######1  | 416/578 [01:11<00:24,  6.61it/s]
Extract:  72%|#######2  | 417/578 [01:11<00:22,  7.02it/s]
Extract:  72%|#######2  | 418/578 [01:11<00:25,  6.34it/s]
Extract:  72%|#######2  | 419/578 [01:12<00:28,  5.62it/s]
Extract:  73%|#######2  | 421/578 [01:12<00:33,  4.69it/s]
Extract:  73%|#######3  | 424/578 [01:12<00:21,  7.01it/s]
Extract:  74%|#######3  | 425/578 [01:13<00:30,  5.10it/s]
Extract:  74%|#######3  | 426/578 [01:13<00:27,  5.45it/s]
Extract:  74%|#######3  | 427/578 [01:13<00:36,  4.14it/s]
Extract:  74%|#######4  | 428/578 [01:14<00:47,  3.19it/s]
Extract:  74%|#######4  | 429/578 [01:14<00:54,  2.73it/s]
Extract:  75%|#######4  | 431/578 [01:14<00:36,  4.03it/s]
Extract:  75%|#######4  | 432/578 [01:15<00:34,  4.22it/s]
Extract:  75%|#######5  | 434/578 [01:15<00:36,  3.99it/s]
Extract:  75%|#######5  | 435/578 [01:15<00:37,  3.85it/s]
Extract:  76%|#######5  | 437/578 [01:16<00:28,  5.03it/s]
Extract:  76%|#######5  | 438/578 [01:16<00:26,  5.29it/s]
Extract:  76%|#######5  | 439/578 [01:16<00:28,  4.80it/s]
Extract:  76%|#######6  | 441/578 [01:17<00:31,  4.42it/s]
Extract:  76%|#######6  | 442/578 [01:17<00:27,  4.93it/s]
Extract:  77%|#######6  | 444/578 [01:17<00:21,  6.15it/s]
Extract:  77%|#######6  | 445/578 [01:17<00:30,  4.39it/s]
Extract:  77%|#######7  | 447/578 [01:18<00:21,  6.13it/s]
Extract:  78%|#######7  | 449/578 [01:18<00:16,  7.66it/s]
Extract:  78%|#######8  | 451/578 [01:19<00:34,  3.64it/s]
Extract:  78%|#######8  | 452/578 [01:19<00:31,  4.06it/s]
Extract:  79%|#######8  | 454/578 [01:19<00:23,  5.18it/s]
Extract:  79%|#######8  | 456/578 [01:19<00:19,  6.20it/s]
Extract:  79%|#######9  | 458/578 [01:20<00:20,  5.98it/s]
Extract:  80%|#######9  | 460/578 [01:20<00:15,  7.53it/s]
Extract:  80%|#######9  | 462/578 [01:20<00:14,  7.89it/s]
Extract:  80%|########  | 464/578 [01:20<00:15,  7.19it/s]
Extract:  81%|########  | 466/578 [01:21<00:15,  7.16it/s]
Extract:  81%|########  | 467/578 [01:21<00:19,  5.80it/s]
Extract:  81%|########  | 468/578 [01:21<00:25,  4.29it/s]
Extract:  81%|########1 | 470/578 [01:22<00:20,  5.15it/s]
Extract:  81%|########1 | 471/578 [01:22<00:26,  4.04it/s]
Extract:  82%|########1 | 472/578 [01:22<00:26,  4.02it/s]
Extract:  82%|########1 | 473/578 [01:23<00:23,  4.47it/s]
Extract:  82%|########2 | 474/578 [01:23<00:24,  4.23it/s]
Extract:  82%|########2 | 475/578 [01:23<00:22,  4.65it/s]
Extract:  82%|########2 | 476/578 [01:24<00:31,  3.20it/s]
Extract:  83%|########2 | 477/578 [01:24<00:26,  3.79it/s]
Extract:  83%|########2 | 478/578 [01:24<00:22,  4.54it/s]
Extract:  83%|########2 | 479/578 [01:24<00:20,  4.88it/s]
Extract:  83%|########3 | 480/578 [01:24<00:17,  5.73it/s]
Extract:  83%|########3 | 481/578 [01:24<00:16,  5.84it/s]
Extract:  84%|########3 | 483/578 [01:24<00:12,  7.78it/s]
Extract:  84%|########3 | 484/578 [01:24<00:12,  7.77it/s]
Extract:  84%|########3 | 485/578 [01:25<00:11,  8.23it/s]
Extract:  84%|########4 | 487/578 [01:25<00:13,  6.75it/s]
Extract:  85%|########4 | 489/578 [01:26<00:19,  4.55it/s]
Extract:  85%|########4 | 490/578 [01:26<00:18,  4.79it/s]
Extract:  85%|########4 | 491/578 [01:26<00:18,  4.59it/s]
Extract:  85%|########5 | 492/578 [01:26<00:20,  4.28it/s]
Extract:  85%|########5 | 493/578 [01:27<00:21,  3.86it/s]
Extract:  85%|########5 | 494/578 [01:27<00:19,  4.26it/s]
Extract:  86%|########5 | 496/578 [01:27<00:12,  6.46it/s]
Extract:  86%|########6 | 498/578 [01:27<00:15,  5.11it/s]
Extract:  86%|########6 | 499/578 [01:28<00:13,  5.64it/s]
Extract:  87%|########6 | 501/578 [01:28<00:11,  6.69it/s]
Extract:  87%|########7 | 503/578 [01:28<00:08,  8.46it/s]
Extract:  87%|########7 | 505/578 [01:29<00:16,  4.38it/s]
Extract:  88%|########7 | 507/578 [01:29<00:12,  5.76it/s]
Extract:  88%|########8 | 509/578 [01:29<00:10,  6.60it/s]
Extract:  88%|########8 | 511/578 [01:29<00:10,  6.41it/s]
Extract:  89%|########8 | 512/578 [01:30<00:10,  6.04it/s]
Extract:  89%|########9 | 515/578 [01:30<00:09,  6.96it/s]
Extract:  89%|########9 | 516/578 [01:31<00:14,  4.24it/s]
Extract:  89%|########9 | 517/578 [01:31<00:14,  4.24it/s]
Extract:  90%|########9 | 519/578 [01:31<00:11,  5.11it/s]
Extract:  90%|########9 | 520/578 [01:31<00:10,  5.43it/s]
Extract:  90%|######### | 522/578 [01:31<00:08,  6.80it/s]
Extract:  90%|######### | 523/578 [01:32<00:08,  6.50it/s]
Extract:  91%|######### | 524/578 [01:32<00:07,  6.86it/s]
Extract:  91%|#########1| 526/578 [01:32<00:10,  5.16it/s]
Extract:  91%|#########1| 528/578 [01:32<00:07,  6.69it/s]
Extract:  92%|#########1| 529/578 [01:33<00:07,  6.95it/s]
Extract:  92%|#########1| 530/578 [01:33<00:06,  6.91it/s]
Extract:  92%|#########1| 531/578 [01:33<00:06,  7.03it/s]
Extract:  92%|#########2| 532/578 [01:33<00:06,  7.24it/s]
Extract:  92%|#########2| 534/578 [01:33<00:06,  6.76it/s]
Extract:  93%|#########2| 536/578 [01:33<00:04,  8.72it/s]
Extract:  93%|#########3| 538/578 [01:34<00:05,  6.80it/s]
Extract:  93%|#########3| 540/578 [01:34<00:06,  6.12it/s]
Extract:  94%|#########3| 541/578 [01:34<00:06,  5.82it/s]
Extract:  94%|#########3| 543/578 [01:35<00:05,  6.43it/s]
Extract:  94%|#########4| 546/578 [01:35<00:06,  5.03it/s]
Extract:  95%|#########4| 547/578 [01:36<00:07,  4.08it/s]
Extract:  95%|#########5| 550/578 [01:36<00:04,  6.25it/s]
Extract:  96%|#########5| 553/578 [01:37<00:04,  5.51it/s]
Extract:  96%|#########5| 554/578 [01:37<00:05,  4.31it/s]
Extract:  96%|#########6| 555/578 [01:38<00:07,  3.17it/s]
Extract:  96%|#########6| 556/578 [01:38<00:06,  3.29it/s]
Extract:  96%|#########6| 557/578 [01:38<00:05,  3.51it/s]
Extract:  97%|#########6| 559/578 [01:39<00:03,  5.13it/s]
Extract:  97%|#########6| 560/578 [01:39<00:04,  3.80it/s]
Extract:  97%|#########7| 561/578 [01:39<00:04,  3.81it/s]
Extract:  98%|#########7| 564/578 [01:40<00:03,  4.40it/s]
Extract:  98%|#########7| 565/578 [01:40<00:03,  3.56it/s]
Extract:  98%|#########7| 566/578 [01:40<00:02,  4.02it/s]
Extract:  98%|#########8| 567/578 [01:41<00:02,  4.15it/s]
Extract:  98%|#########8| 568/578 [01:41<00:03,  2.99it/s]
Extract:  99%|#########8| 570/578 [01:41<00:01,  4.44it/s]
Extract:  99%|#########8| 572/578 [01:42<00:01,  5.45it/s]
Extract:  99%|#########9| 574/578 [01:42<00:00,  6.59it/s]
Extract:  99%|#########9| 575/578 [01:42<00:00,  6.04it/s]
Extract: 100%|#########9| 576/578 [01:43<00:00,  3.87it/s]
Extract: 100%|##########| 578/578 [01:43<00:00,  5.60it/s]

Extract:   0%|          | 0/578 [00:00<?, ?it/s]
Extract:   0%|          | 2/578 [00:00<00:42, 13.56it/s]
Extract:   1%|          | 4/578 [00:00<01:23,  6.84it/s]
Extract:   1%|          | 5/578 [00:00<01:27,  6.58it/s]
Extract:   1%|1         | 6/578 [00:00<01:27,  6.51it/s]
Extract:   1%|1         | 7/578 [00:01<02:03,  4.62it/s]
Extract:   1%|1         | 8/578 [00:01<02:26,  3.90it/s]
Extract:   2%|1         | 9/578 [00:01<02:30,  3.78it/s]
Extract:   2%|1         | 10/578 [00:02<02:23,  3.96it/s]
Extract:   2%|1         | 11/578 [00:02<02:20,  4.03it/s]
Extract:   2%|2         | 12/578 [00:02<02:54,  3.23it/s]
Extract:   2%|2         | 13/578 [00:02<02:28,  3.81it/s]
Extract:   2%|2         | 14/578 [00:03<03:15,  2.88it/s]
Extract:   3%|2         | 15/578 [00:04<03:57,  2.37it/s]
Extract:   3%|2         | 16/578 [00:04<03:19,  2.82it/s]
Extract:   3%|3         | 19/578 [00:04<01:43,  5.40it/s]
Extract:   4%|3         | 21/578 [00:04<01:57,  4.72it/s]
Extract:   4%|3         | 22/578 [00:05<02:00,  4.60it/s]
Extract:   4%|3         | 23/578 [00:05<02:11,  4.23it/s]
Extract:   4%|4         | 24/578 [00:05<02:01,  4.56it/s]
Extract:   4%|4         | 26/578 [00:05<01:31,  6.05it/s]
Extract:   5%|4         | 27/578 [00:06<02:18,  3.98it/s]
Extract:   5%|4         | 28/578 [00:06<02:12,  4.14it/s]
Extract:   5%|5         | 29/578 [00:06<01:59,  4.60it/s]
Extract:   5%|5         | 30/578 [00:06<01:56,  4.71it/s]
Extract:   5%|5         | 31/578 [00:07<02:01,  4.50it/s]
Extract:   6%|5         | 33/578 [00:07<01:22,  6.60it/s]
Extract:   6%|6         | 35/578 [00:07<01:10,  7.65it/s]
Extract:   6%|6         | 37/578 [00:07<01:12,  7.50it/s]
Extract:   7%|6         | 38/578 [00:07<01:12,  7.45it/s]
Extract:   7%|6         | 40/578 [00:08<01:01,  8.70it/s]
Extract:   7%|7         | 41/578 [00:08<01:02,  8.55it/s]
Extract:   7%|7         | 42/578 [00:08<01:42,  5.20it/s]
Extract:   7%|7         | 43/578 [00:09<02:53,  3.08it/s]
Extract:   8%|7         | 45/578 [00:09<01:59,  4.44it/s]
Extract:   8%|7         | 46/578 [00:09<01:47,  4.97it/s]
Extract:   8%|8         | 47/578 [00:09<01:50,  4.81it/s]
Extract:   8%|8         | 49/578 [00:10<01:18,  6.72it/s]
Extract:   9%|8         | 50/578 [00:10<01:50,  4.80it/s]
Extract:   9%|8         | 51/578 [00:10<02:02,  4.30it/s]
Extract:   9%|8         | 52/578 [00:11<02:22,  3.69it/s]
Extract:   9%|9         | 54/578 [00:11<02:04,  4.22it/s]
Extract:  10%|9         | 55/578 [00:11<02:15,  3.86it/s]
Extract:  10%|9         | 56/578 [00:11<01:55,  4.53it/s]
Extract:  10%|#         | 58/578 [00:12<01:42,  5.10it/s]
Extract:  10%|#         | 59/578 [00:12<01:52,  4.60it/s]
Extract:  10%|#         | 60/578 [00:12<02:13,  3.89it/s]
Extract:  11%|#         | 61/578 [00:13<02:30,  3.43it/s]
Extract:  11%|#         | 63/578 [00:13<01:41,  5.08it/s]
Extract:  11%|#1        | 64/578 [00:13<01:45,  4.87it/s]
Extract:  11%|#1        | 65/578 [00:14<02:16,  3.76it/s]
Extract:  12%|#1        | 67/578 [00:14<02:14,  3.79it/s]
Extract:  12%|#1        | 69/578 [00:14<01:43,  4.91it/s]
Extract:  12%|#2        | 71/578 [00:15<01:24,  6.03it/s]
Extract:  12%|#2        | 72/578 [00:15<01:20,  6.29it/s]
Extract:  13%|#2        | 73/578 [00:15<01:55,  4.37it/s]
Extract:  13%|#3        | 76/578 [00:15<01:18,  6.42it/s]
Extract:  13%|#3        | 77/578 [00:16<01:40,  5.00it/s]
Extract:  14%|#3        | 80/578 [00:16<01:08,  7.28it/s]
Extract:  14%|#4        | 82/578 [00:16<00:58,  8.41it/s]
Extract:  15%|#4        | 84/578 [00:17<01:24,  5.87it/s]
Extract:  15%|#4        | 85/578 [00:17<01:17,  6.33it/s]
Extract:  15%|#4        | 86/578 [00:17<01:15,  6.50it/s]
Extract:  15%|#5        | 88/578 [00:17<00:59,  8.27it/s]
Extract:  16%|#5        | 90/578 [00:18<01:40,  4.86it/s]
Extract:  16%|#5        | 91/578 [00:18<02:07,  3.81it/s]
Extract:  16%|#5        | 92/578 [00:19<02:29,  3.24it/s]
Extract:  16%|#6        | 94/578 [00:19<01:53,  4.27it/s]
Extract:  17%|#6        | 96/578 [00:19<01:43,  4.64it/s]
Extract:  17%|#6        | 98/578 [00:20<01:31,  5.23it/s]
Extract:  17%|#7        | 99/578 [00:20<01:30,  5.29it/s]
Extract:  17%|#7        | 100/578 [00:20<01:34,  5.08it/s]
Extract:  17%|#7        | 101/578 [00:20<01:27,  5.46it/s]
Extract:  18%|#7        | 104/578 [00:20<00:52,  9.02it/s]
Extract:  18%|#8        | 106/578 [00:21<00:57,  8.24it/s]
Extract:  19%|#8        | 108/578 [00:21<01:23,  5.62it/s]
Extract:  19%|#9        | 110/578 [00:21<01:09,  6.69it/s]
Extract:  19%|#9        | 111/578 [00:21<01:05,  7.09it/s]
Extract:  20%|#9        | 114/578 [00:22<00:47,  9.68it/s]
Extract:  20%|##        | 116/578 [00:22<01:05,  7.10it/s]
Extract:  20%|##        | 117/578 [00:23<01:34,  4.86it/s]
Extract:  21%|##        | 120/578 [00:23<01:43,  4.41it/s]
Extract:  21%|##        | 121/578 [00:24<01:57,  3.88it/s]
Extract:  21%|##1       | 123/578 [00:24<01:27,  5.19it/s]
Extract:  22%|##1       | 125/578 [00:24<01:25,  5.32it/s]
Extract:  22%|##1       | 126/578 [00:24<01:21,  5.57it/s]
Extract:  22%|##1       | 127/578 [00:25<01:17,  5.80it/s]
Extract:  22%|##2       | 128/578 [00:25<01:10,  6.34it/s]
Extract:  22%|##2       | 130/578 [00:25<01:13,  6.06it/s]
Extract:  23%|##2       | 131/578 [00:25<01:24,  5.31it/s]
Extract:  23%|##2       | 132/578 [00:25<01:22,  5.38it/s]
Extract:  23%|##3       | 133/578 [00:26<01:30,  4.93it/s]
Extract:  23%|##3       | 134/578 [00:26<01:20,  5.53it/s]
Extract:  23%|##3       | 135/578 [00:26<01:10,  6.30it/s]
Extract:  24%|##3       | 136/578 [00:26<01:02,  7.04it/s]
Extract:  24%|##3       | 137/578 [00:26<01:24,  5.19it/s]
Extract:  24%|##3       | 138/578 [00:27<01:51,  3.95it/s]
Extract:  24%|##4       | 139/578 [00:27<01:43,  4.24it/s]
Extract:  25%|##4       | 142/578 [00:27<00:56,  7.74it/s]
Extract:  25%|##5       | 146/578 [00:28<00:51,  8.47it/s]
Extract:  26%|##5       | 148/578 [00:28<00:48,  8.84it/s]
Extract:  26%|##5       | 150/578 [00:28<01:09,  6.18it/s]
Extract:  26%|##6       | 153/578 [00:29<01:12,  5.86it/s]
Extract:  27%|##6       | 155/578 [00:29<01:09,  6.05it/s]
Extract:  27%|##7       | 158/578 [00:29<00:51,  8.09it/s]
Extract:  28%|##7       | 160/578 [00:30<00:50,  8.34it/s]
Extract:  28%|##8       | 163/578 [00:30<00:54,  7.59it/s]
Extract:  29%|##8       | 165/578 [00:30<00:52,  7.88it/s]
Extract:  29%|##8       | 166/578 [00:30<00:52,  7.85it/s]
Extract:  29%|##8       | 167/578 [00:31<01:22,  4.96it/s]
Extract:  29%|##9       | 168/578 [00:31<01:14,  5.51it/s]
Extract:  29%|##9       | 170/578 [00:31<01:02,  6.50it/s]
Extract:  30%|##9       | 172/578 [00:31<01:00,  6.66it/s]
Extract:  30%|##9       | 173/578 [00:32<01:19,  5.11it/s]
Extract:  30%|###       | 174/578 [00:32<01:10,  5.72it/s]
Extract:  30%|###       | 176/578 [00:32<00:54,  7.41it/s]
Extract:  31%|###       | 177/578 [00:33<01:20,  4.95it/s]
Extract:  31%|###       | 178/578 [00:33<01:15,  5.28it/s]
Extract:  31%|###       | 179/578 [00:33<01:06,  5.98it/s]
Extract:  31%|###1      | 180/578 [00:33<01:32,  4.32it/s]
Extract:  31%|###1      | 181/578 [00:34<01:48,  3.67it/s]
Extract:  31%|###1      | 182/578 [00:34<01:39,  3.98it/s]
Extract:  32%|###1      | 184/578 [00:34<01:17,  5.09it/s]
Extract:  32%|###2      | 185/578 [00:34<01:38,  4.00it/s]
Extract:  32%|###2      | 186/578 [00:35<01:26,  4.52it/s]
Extract:  33%|###2      | 188/578 [00:35<01:07,  5.79it/s]
Extract:  33%|###2      | 189/578 [00:35<01:25,  4.57it/s]
Extract:  33%|###3      | 191/578 [00:36<01:23,  4.66it/s]
Extract:  33%|###3      | 193/578 [00:36<01:03,  6.05it/s]
Extract:  34%|###3      | 195/578 [00:36<00:48,  7.91it/s]
Extract:  34%|###4      | 197/578 [00:36<00:57,  6.58it/s]
Extract:  34%|###4      | 198/578 [00:36<00:58,  6.49it/s]
Extract:  35%|###4      | 201/578 [00:37<01:00,  6.22it/s]
Extract:  35%|###4      | 202/578 [00:37<01:03,  5.91it/s]
Extract:  35%|###5      | 203/578 [00:38<01:27,  4.29it/s]
Extract:  36%|###5      | 206/578 [00:38<00:57,  6.47it/s]
Extract:  36%|###5      | 207/578 [00:38<00:59,  6.19it/s]
Extract:  36%|###6      | 209/578 [00:38<00:47,  7.72it/s]
Extract:  36%|###6      | 210/578 [00:38<00:47,  7.73it/s]
Extract:  37%|###6      | 212/578 [00:39<01:06,  5.49it/s]
Extract:  37%|###6      | 213/578 [00:39<01:06,  5.53it/s]
Extract:  37%|###7      | 215/578 [00:39<01:04,  5.65it/s]
Extract:  38%|###7      | 217/578 [00:40<00:53,  6.74it/s]
Extract:  38%|###8      | 220/578 [00:40<00:37,  9.57it/s]
Extract:  39%|###8      | 223/578 [00:40<00:30, 11.56it/s]
Extract:  39%|###8      | 225/578 [00:40<00:42,  8.26it/s]
Extract:  39%|###9      | 227/578 [00:41<00:42,  8.32it/s]
Extract:  40%|###9      | 229/578 [00:41<00:38,  8.97it/s]
Extract:  40%|###9      | 231/578 [00:41<00:52,  6.64it/s]
Extract:  40%|####      | 232/578 [00:41<00:50,  6.87it/s]
Extract:  40%|####      | 234/578 [00:41<00:43,  7.88it/s]
Extract:  41%|####      | 235/578 [00:42<00:42,  8.11it/s]
Extract:  41%|####      | 236/578 [00:42<01:01,  5.53it/s]
Extract:  41%|####1     | 237/578 [00:42<01:21,  4.19it/s]
Extract:  42%|####1     | 240/578 [00:43<00:51,  6.53it/s]
Extract:  42%|####2     | 243/578 [00:43<00:35,  9.46it/s]
Extract:  42%|####2     | 245/578 [00:43<00:43,  7.74it/s]
Extract:  43%|####2     | 247/578 [00:43<00:43,  7.68it/s]
Extract:  43%|####3     | 249/578 [00:44<00:47,  6.87it/s]
Extract:  43%|####3     | 250/578 [00:44<00:45,  7.17it/s]
Extract:  43%|####3     | 251/578 [00:44<00:45,  7.17it/s]
Extract:  44%|####3     | 253/578 [00:44<00:35,  9.20it/s]
Extract:  44%|####4     | 255/578 [00:44<00:40,  8.06it/s]
Extract:  44%|####4     | 256/578 [00:45<00:53,  6.00it/s]
Extract:  45%|####4     | 258/578 [00:45<00:41,  7.70it/s]
Extract:  45%|####4     | 260/578 [00:45<00:33,  9.43it/s]
Extract:  45%|####5     | 262/578 [00:45<00:38,  8.12it/s]
Extract:  46%|####5     | 264/578 [00:46<00:44,  6.99it/s]
Extract:  46%|####5     | 265/578 [00:46<00:48,  6.51it/s]
Extract:  46%|####6     | 266/578 [00:46<00:47,  6.62it/s]
Extract:  46%|####6     | 267/578 [00:46<00:57,  5.37it/s]
Extract:  47%|####6     | 269/578 [00:47<01:00,  5.11it/s]
Extract:  47%|####7     | 273/578 [00:47<00:51,  5.97it/s]
Extract:  47%|####7     | 274/578 [00:48<00:59,  5.12it/s]
Extract:  48%|####7     | 275/578 [00:48<01:06,  4.53it/s]
Extract:  48%|####7     | 276/578 [00:48<01:02,  4.80it/s]
Extract:  48%|####7     | 277/578 [00:48<00:56,  5.35it/s]
Extract:  48%|####8     | 280/578 [00:49<00:48,  6.12it/s]
Extract:  49%|####8     | 282/578 [00:49<00:40,  7.37it/s]
Extract:  49%|####8     | 283/578 [00:49<00:42,  6.90it/s]
Extract:  49%|####9     | 285/578 [00:49<00:40,  7.15it/s]
Extract:  49%|####9     | 286/578 [00:49<00:44,  6.56it/s]
Extract:  50%|####9     | 287/578 [00:50<00:41,  6.99it/s]
Extract:  50%|####9     | 288/578 [00:50<00:47,  6.07it/s]
Extract:  50%|#####     | 289/578 [00:50<00:47,  6.05it/s]
Extract:  50%|#####     | 290/578 [00:50<01:05,  4.38it/s]
Extract:  51%|#####     | 292/578 [00:51<00:44,  6.37it/s]
Extract:  51%|#####     | 294/578 [00:51<00:36,  7.68it/s]
Extract:  51%|#####1    | 295/578 [00:51<00:58,  4.87it/s]
Extract:  51%|#####1    | 296/578 [00:51<00:53,  5.32it/s]
Extract:  51%|#####1    | 297/578 [00:52<01:12,  3.90it/s]
Extract:  52%|#####1    | 299/578 [00:52<00:49,  5.66it/s]
Extract:  52%|#####1    | 300/578 [00:52<00:44,  6.24it/s]
Extract:  52%|#####2    | 301/578 [00:52<00:53,  5.15it/s]
Extract:  52%|#####2    | 303/578 [00:52<00:38,  7.20it/s]
Extract:  53%|#####2    | 304/578 [00:53<01:08,  4.02it/s]
Extract:  53%|#####2    | 305/578 [00:53<01:02,  4.37it/s]
Extract:  53%|#####3    | 307/578 [00:54<00:54,  4.95it/s]
Extract:  53%|#####3    | 308/578 [00:54<00:59,  4.56it/s]
Extract:  53%|#####3    | 309/578 [00:54<01:15,  3.54it/s]
Extract:  54%|#####3    | 310/578 [00:55<01:13,  3.64it/s]
Extract:  54%|#####3    | 311/578 [00:55<01:27,  3.05it/s]
Extract:  54%|#####3    | 312/578 [00:56<01:51,  2.38it/s]
Extract:  54%|#####4    | 313/578 [00:56<01:29,  2.96it/s]
Extract:  54%|#####4    | 314/578 [00:56<01:28,  2.98it/s]
Extract:  55%|#####4    | 316/578 [00:57<01:12,  3.59it/s]
Extract:  55%|#####5    | 318/578 [00:57<01:03,  4.12it/s]
Extract:  55%|#####5    | 319/578 [00:57<00:56,  4.55it/s]
Extract:  55%|#####5    | 320/578 [00:57<01:01,  4.20it/s]
Extract:  56%|#####5    | 322/578 [00:58<00:51,  4.97it/s]
Extract:  56%|#####5    | 323/578 [00:58<00:48,  5.27it/s]
Extract:  56%|#####6    | 326/578 [00:58<00:35,  7.20it/s]
Extract:  57%|#####6    | 328/578 [00:58<00:31,  7.83it/s]
Extract:  57%|#####7    | 330/578 [00:58<00:26,  9.42it/s]
Extract:  57%|#####7    | 332/578 [00:59<00:30,  8.19it/s]
Extract:  58%|#####7    | 335/578 [00:59<00:22, 10.75it/s]
Extract:  58%|#####8    | 337/578 [00:59<00:20, 12.03it/s]
Extract:  59%|#####8    | 339/578 [00:59<00:23, 10.12it/s]
Extract:  59%|#####8    | 341/578 [00:59<00:24,  9.87it/s]
Extract:  59%|#####9    | 343/578 [01:00<00:23, 10.06it/s]
Extract:  60%|#####9    | 345/578 [01:00<00:32,  7.07it/s]
Extract:  60%|######    | 347/578 [01:00<00:28,  8.17it/s]
Extract:  60%|######    | 349/578 [01:01<00:33,  6.88it/s]
Extract:  61%|######    | 350/578 [01:01<00:32,  7.06it/s]
Extract:  61%|######    | 351/578 [01:01<00:40,  5.55it/s]
Extract:  61%|######1   | 353/578 [01:01<00:33,  6.71it/s]
Extract:  61%|######1   | 355/578 [01:01<00:26,  8.52it/s]
Extract:  62%|######1   | 357/578 [01:02<00:39,  5.64it/s]
Extract:  62%|######2   | 359/578 [01:02<00:33,  6.56it/s]
Extract:  62%|######2   | 360/578 [01:02<00:32,  6.66it/s]
Extract:  63%|######2   | 362/578 [01:03<00:33,  6.50it/s]
Extract:  63%|######2   | 364/578 [01:03<00:26,  8.11it/s]
Extract:  63%|######3   | 366/578 [01:03<00:26,  7.90it/s]
Extract:  63%|######3   | 367/578 [01:03<00:34,  6.17it/s]
Extract:  64%|######3   | 368/578 [01:04<00:33,  6.31it/s]
Extract:  64%|######3   | 369/578 [01:04<00:44,  4.70it/s]
Extract:  65%|######4   | 373/578 [01:04<00:31,  6.41it/s]
Extract:  65%|######4   | 374/578 [01:05<00:31,  6.48it/s]
Extract:  65%|######5   | 376/578 [01:05<00:29,  6.82it/s]
Extract:  65%|######5   | 377/578 [01:05<00:30,  6.64it/s]
Extract:  66%|######5   | 379/578 [01:05<00:25,  7.70it/s]
Extract:  66%|######5   | 380/578 [01:05<00:29,  6.70it/s]
Extract:  66%|######5   | 381/578 [01:06<00:28,  6.97it/s]
Extract:  66%|######6   | 382/578 [01:06<00:38,  5.05it/s]
Extract:  66%|######6   | 383/578 [01:06<00:34,  5.73it/s]
Extract:  66%|######6   | 384/578 [01:06<00:43,  4.47it/s]
Extract:  67%|######6   | 386/578 [01:06<00:29,  6.53it/s]
Extract:  67%|######6   | 387/578 [01:07<00:28,  6.74it/s]
Extract:  67%|######7   | 390/578 [01:07<00:19,  9.86it/s]
Extract:  68%|######7   | 392/578 [01:07<00:19,  9.59it/s]
Extract:  68%|######8   | 394/578 [01:07<00:22,  8.12it/s]
Extract:  68%|######8   | 395/578 [01:08<00:29,  6.15it/s]
Extract:  69%|######8   | 397/578 [01:08<00:24,  7.29it/s]
Extract:  69%|######9   | 399/578 [01:08<00:20,  8.55it/s]
Extract:  70%|######9   | 402/578 [01:08<00:15, 11.41it/s]
Extract:  70%|######9   | 404/578 [01:08<00:13, 12.66it/s]
Extract:  70%|#######   | 406/578 [01:09<00:16, 10.55it/s]
Extract:  71%|#######   | 408/578 [01:09<00:29,  5.78it/s]
Extract:  71%|#######   | 410/578 [01:09<00:24,  6.83it/s]
Extract:  71%|#######1  | 412/578 [01:10<00:20,  8.11it/s]
Extract:  72%|#######1  | 414/578 [01:10<00:21,  7.65it/s]
Extract:  72%|#######1  | 416/578 [01:10<00:21,  7.67it/s]
Extract:  72%|#######2  | 418/578 [01:10<00:20,  7.75it/s]
Extract:  72%|#######2  | 419/578 [01:11<00:22,  7.07it/s]
Extract:  73%|#######2  | 421/578 [01:11<00:25,  6.21it/s]
Extract:  73%|#######3  | 424/578 [01:11<00:17,  8.57it/s]
Extract:  74%|#######3  | 426/578 [01:12<00:26,  5.71it/s]
Extract:  74%|#######3  | 427/578 [01:12<00:32,  4.59it/s]
Extract:  74%|#######4  | 428/578 [01:13<00:36,  4.16it/s]
Extract:  74%|#######4  | 429/578 [01:13<00:39,  3.81it/s]
Extract:  75%|#######4  | 431/578 [01:13<00:28,  5.24it/s]
Extract:  75%|#######4  | 432/578 [01:13<00:27,  5.30it/s]
Extract:  75%|#######5  | 434/578 [01:14<00:29,  4.81it/s]
Extract:  75%|#######5  | 435/578 [01:14<00:27,  5.20it/s]
Extract:  76%|#######5  | 437/578 [01:14<00:22,  6.30it/s]
Extract:  76%|#######5  | 438/578 [01:14<00:21,  6.57it/s]
Extract:  76%|#######5  | 439/578 [01:14<00:24,  5.77it/s]
Extract:  76%|#######6  | 441/578 [01:15<00:32,  4.23it/s]
Extract:  76%|#######6  | 442/578 [01:15<00:30,  4.51it/s]
Extract:  77%|#######6  | 443/578 [01:15<00:26,  5.18it/s]
Extract:  77%|#######6  | 444/578 [01:15<00:23,  5.81it/s]
Extract:  77%|#######6  | 445/578 [01:16<00:28,  4.74it/s]
Extract:  78%|#######7  | 448/578 [01:16<00:16,  8.00it/s]
Extract:  78%|#######7  | 450/578 [01:17<00:25,  4.96it/s]
Extract:  78%|#######8  | 451/578 [01:17<00:31,  4.07it/s]
Extract:  78%|#######8  | 453/578 [01:17<00:22,  5.48it/s]
Extract:  79%|#######8  | 455/578 [01:17<00:18,  6.83it/s]
Extract:  79%|#######9  | 458/578 [01:18<00:14,  8.46it/s]
Extract:  80%|#######9  | 461/578 [01:18<00:11,  9.97it/s]
Extract:  80%|########  | 463/578 [01:18<00:13,  8.49it/s]
Extract:  81%|########  | 466/578 [01:18<00:12,  9.08it/s]
Extract:  81%|########  | 468/578 [01:19<00:20,  5.38it/s]
Extract:  81%|########1 | 470/578 [01:19<00:17,  6.20it/s]
Extract:  81%|########1 | 471/578 [01:20<00:17,  5.97it/s]
Extract:  82%|########1 | 472/578 [01:20<00:18,  5.74it/s]
Extract:  82%|########1 | 473/578 [01:20<00:16,  6.20it/s]
Extract:  82%|########2 | 474/578 [01:20<00:16,  6.14it/s]
Extract:  82%|########2 | 476/578 [01:21<00:21,  4.83it/s]
Extract:  83%|########2 | 477/578 [01:21<00:19,  5.31it/s]
Extract:  83%|########2 | 479/578 [01:21<00:15,  6.25it/s]
Extract:  83%|########3 | 481/578 [01:21<00:14,  6.85it/s]
Extract:  84%|########3 | 483/578 [01:21<00:11,  8.25it/s]
Extract:  84%|########3 | 485/578 [01:21<00:09,  9.82it/s]
Extract:  84%|########4 | 487/578 [01:22<00:10,  9.02it/s]
Extract:  85%|########4 | 489/578 [01:22<00:13,  6.81it/s]
Extract:  85%|########4 | 490/578 [01:22<00:12,  7.19it/s]
Extract:  85%|########4 | 491/578 [01:22<00:12,  6.78it/s]
Extract:  85%|########5 | 492/578 [01:23<00:13,  6.50it/s]
Extract:  85%|########5 | 493/578 [01:23<00:13,  6.51it/s]
Extract:  85%|########5 | 494/578 [01:23<00:15,  5.35it/s]
Extract:  86%|########5 | 497/578 [01:23<00:08,  9.15it/s]
Extract:  86%|########6 | 499/578 [01:24<00:12,  6.26it/s]
Extract:  87%|########6 | 501/578 [01:24<00:09,  7.74it/s]
Extract:  87%|########7 | 504/578 [01:24<00:08,  8.27it/s]
Extract:  88%|########7 | 506/578 [01:25<00:11,  6.40it/s]
Extract:  88%|########7 | 507/578 [01:25<00:10,  6.75it/s]
Extract:  88%|########7 | 508/578 [01:25<00:10,  6.55it/s]
Extract:  88%|########8 | 510/578 [01:25<00:09,  7.07it/s]
Extract:  89%|########8 | 512/578 [01:25<00:08,  7.84it/s]
Extract:  89%|########9 | 515/578 [01:26<00:07,  8.86it/s]
Extract:  89%|########9 | 516/578 [01:26<00:10,  5.89it/s]
Extract:  89%|########9 | 517/578 [01:26<00:10,  5.57it/s]
Extract:  90%|########9 | 519/578 [01:27<00:09,  5.90it/s]
Extract:  90%|########9 | 520/578 [01:27<00:09,  6.29it/s]
Extract:  90%|######### | 522/578 [01:27<00:09,  6.21it/s]
Extract:  90%|######### | 523/578 [01:27<00:09,  6.05it/s]
Extract:  91%|######### | 524/578 [01:27<00:08,  6.52it/s]
Extract:  91%|#########1| 526/578 [01:28<00:10,  4.84it/s]
Extract:  91%|#########1| 528/578 [01:28<00:08,  6.24it/s]
Extract:  92%|#########1| 529/578 [01:28<00:07,  6.68it/s]
Extract:  92%|#########1| 530/578 [01:28<00:06,  6.91it/s]
Extract:  92%|#########2| 532/578 [01:29<00:05,  8.14it/s]
Extract:  92%|#########2| 534/578 [01:29<00:05,  8.78it/s]
Extract:  93%|#########2| 537/578 [01:29<00:04, 10.14it/s]
Extract:  93%|#########3| 539/578 [01:29<00:03, 10.23it/s]
Extract:  94%|#########3| 541/578 [01:30<00:04,  8.35it/s]
Extract:  94%|#########3| 543/578 [01:30<00:03,  9.28it/s]
Extract:  94%|#########4| 546/578 [01:30<00:04,  7.50it/s]
Extract:  95%|#########4| 547/578 [01:31<00:05,  5.56it/s]
Extract:  95%|#########5| 550/578 [01:31<00:03,  7.94it/s]
Extract:  96%|#########5| 552/578 [01:31<00:03,  7.90it/s]
Extract:  96%|#########5| 554/578 [01:32<00:05,  4.57it/s]
Extract:  96%|#########6| 555/578 [01:32<00:05,  4.29it/s]
Extract:  96%|#########6| 556/578 [01:32<00:04,  4.57it/s]
Extract:  96%|#########6| 557/578 [01:33<00:04,  4.45it/s]
Extract:  97%|#########6| 560/578 [01:33<00:03,  4.88it/s]
Extract:  97%|#########7| 561/578 [01:33<00:03,  4.85it/s]
Extract:  98%|#########7| 564/578 [01:34<00:02,  5.18it/s]
Extract:  98%|#########7| 565/578 [01:35<00:03,  3.73it/s]
Extract:  98%|#########7| 566/578 [01:35<00:02,  4.16it/s]
Extract:  98%|#########8| 567/578 [01:35<00:02,  4.37it/s]
Extract:  98%|#########8| 568/578 [01:35<00:02,  3.61it/s]
Extract:  99%|#########8| 570/578 [01:35<00:01,  5.18it/s]
Extract:  99%|#########8| 572/578 [01:36<00:00,  6.48it/s]
Extract:  99%|#########9| 574/578 [01:36<00:00,  8.30it/s]
Extract: 100%|#########9| 576/578 [01:36<00:00,  6.09it/s]
Extract: 100%|##########| 578/578 [01:36<00:00,  5.97it/s]

Extract:   0%|          | 0/578 [00:00<?, ?it/s]
Extract:   1%|          | 3/578 [00:00<00:38, 14.95it/s]
Extract:   1%|          | 5/578 [00:00<00:57,  9.97it/s]
Extract:   1%|1         | 7/578 [00:00<01:13,  7.73it/s]
Extract:   1%|1         | 8/578 [00:01<01:36,  5.89it/s]
Extract:   2%|1         | 9/578 [00:01<01:51,  5.09it/s]
Extract:   2%|1         | 10/578 [00:01<01:46,  5.33it/s]
Extract:   2%|1         | 11/578 [00:01<01:39,  5.67it/s]
Extract:   2%|2         | 12/578 [00:02<02:12,  4.26it/s]
Extract:   2%|2         | 13/578 [00:02<01:53,  4.97it/s]
Extract:   2%|2         | 14/578 [00:02<02:26,  3.85it/s]
Extract:   3%|2         | 15/578 [00:03<03:04,  3.06it/s]
Extract:   3%|2         | 16/578 [00:03<02:37,  3.57it/s]
Extract:   3%|3         | 18/578 [00:03<01:41,  5.49it/s]
Extract:   3%|3         | 20/578 [00:03<01:14,  7.47it/s]
Extract:   4%|3         | 22/578 [00:04<01:49,  5.08it/s]
Extract:   4%|3         | 23/578 [00:04<01:50,  5.03it/s]
Extract:   4%|4         | 24/578 [00:04<01:37,  5.66it/s]
Extract:   4%|4         | 26/578 [00:04<01:11,  7.76it/s]
Extract:   5%|4         | 28/578 [00:05<01:35,  5.77it/s]
Extract:   5%|5         | 29/578 [00:05<01:28,  6.19it/s]
Extract:   5%|5         | 30/578 [00:05<01:42,  5.33it/s]
Extract:   5%|5         | 31/578 [00:05<01:42,  5.34it/s]
Extract:   6%|5         | 34/578 [00:05<01:02,  8.64it/s]
Extract:   6%|6         | 36/578 [00:05<00:53, 10.08it/s]
Extract:   7%|6         | 38/578 [00:06<00:59,  9.13it/s]
Extract:   7%|6         | 40/578 [00:06<00:50, 10.67it/s]
Extract:   7%|7         | 42/578 [00:06<01:15,  7.10it/s]
Extract:   8%|7         | 44/578 [00:07<01:28,  6.06it/s]
Extract:   8%|7         | 46/578 [00:07<01:11,  7.48it/s]
Extract:   8%|8         | 48/578 [00:07<01:09,  7.67it/s]
Extract:   8%|8         | 49/578 [00:07<01:16,  6.95it/s]
Extract:   9%|8         | 50/578 [00:08<01:41,  5.19it/s]
Extract:   9%|8         | 51/578 [00:08<01:49,  4.80it/s]
Extract:   9%|8         | 52/578 [00:08<01:58,  4.43it/s]
Extract:   9%|9         | 54/578 [00:09<01:42,  5.11it/s]
Extract:  10%|9         | 55/578 [00:09<01:50,  4.73it/s]
Extract:  10%|9         | 57/578 [00:09<01:19,  6.54it/s]
Extract:  10%|#         | 58/578 [00:09<01:22,  6.29it/s]
Extract:  10%|#         | 59/578 [00:09<01:25,  6.08it/s]
Extract:  10%|#         | 60/578 [00:10<01:38,  5.28it/s]
Extract:  11%|#         | 61/578 [00:10<01:58,  4.36it/s]
Extract:  11%|#         | 63/578 [00:10<01:22,  6.21it/s]
Extract:  11%|#1        | 64/578 [00:10<01:28,  5.80it/s]
Extract:  11%|#1        | 65/578 [00:11<01:48,  4.74it/s]
Extract:  12%|#1        | 67/578 [00:11<01:58,  4.32it/s]
Extract:  12%|#1        | 69/578 [00:11<01:33,  5.45it/s]
Extract:  12%|#2        | 71/578 [00:11<01:13,  6.87it/s]
Extract:  12%|#2        | 72/578 [00:12<01:09,  7.26it/s]
Extract:  13%|#2        | 73/578 [00:12<01:39,  5.09it/s]
Extract:  13%|#3        | 76/578 [00:12<01:12,  6.92it/s]
Extract:  13%|#3        | 77/578 [00:13<01:41,  4.91it/s]
Extract:  14%|#3        | 80/578 [00:13<01:08,  7.26it/s]
Extract:  14%|#4        | 82/578 [00:13<01:03,  7.76it/s]
Extract:  14%|#4        | 83/578 [00:13<01:06,  7.41it/s]
Extract:  15%|#4        | 84/578 [00:14<01:40,  4.90it/s]
Extract:  15%|#4        | 86/578 [00:14<01:23,  5.90it/s]
Extract:  15%|#5        | 88/578 [00:14<01:03,  7.68it/s]
Extract:  16%|#5        | 90/578 [00:15<01:32,  5.30it/s]
Extract:  16%|#5        | 91/578 [00:15<02:05,  3.87it/s]
Extract:  16%|#5        | 92/578 [00:16<02:11,  3.69it/s]
Extract:  16%|#6        | 94/578 [00:16<01:41,  4.78it/s]
Extract:  17%|#6        | 96/578 [00:16<01:36,  4.99it/s]
Extract:  17%|#6        | 97/578 [00:16<01:26,  5.53it/s]
Extract:  17%|#6        | 98/578 [00:16<01:25,  5.58it/s]
Extract:  17%|#7        | 100/578 [00:17<01:23,  5.74it/s]
Extract:  17%|#7        | 101/578 [00:17<01:19,  6.02it/s]
Extract:  18%|#7        | 104/578 [00:17<00:48,  9.71it/s]
Extract:  18%|#8        | 106/578 [00:17<00:57,  8.16it/s]
Extract:  19%|#8        | 108/578 [00:18<01:16,  6.11it/s]
Extract:  19%|#9        | 110/578 [00:18<01:05,  7.13it/s]
Extract:  19%|#9        | 111/578 [00:18<01:05,  7.11it/s]
Extract:  20%|#9        | 113/578 [00:18<00:55,  8.42it/s]
Extract:  20%|#9        | 115/578 [00:19<01:04,  7.16it/s]
Extract:  20%|##        | 116/578 [00:19<01:18,  5.91it/s]
Extract:  20%|##        | 117/578 [00:19<01:41,  4.52it/s]
Extract:  21%|##        | 120/578 [00:20<01:33,  4.90it/s]
Extract:  21%|##        | 121/578 [00:20<01:44,  4.37it/s]
Extract:  21%|##1       | 123/578 [00:20<01:17,  5.87it/s]
Extract:  22%|##1       | 125/578 [00:21<01:19,  5.67it/s]
Extract:  22%|##1       | 126/578 [00:21<01:19,  5.69it/s]
Extract:  22%|##2       | 128/578 [00:21<01:00,  7.40it/s]
Extract:  22%|##2       | 130/578 [00:21<01:02,  7.17it/s]
Extract:  23%|##2       | 131/578 [00:22<01:26,  5.16it/s]
Extract:  23%|##3       | 133/578 [00:22<01:16,  5.84it/s]
Extract:  23%|##3       | 135/578 [00:22<01:03,  7.00it/s]
Extract:  24%|##3       | 137/578 [00:23<01:11,  6.19it/s]
Extract:  24%|##3       | 138/578 [00:23<01:25,  5.15it/s]
Extract:  24%|##4       | 139/578 [00:23<01:24,  5.21it/s]
Extract:  24%|##4       | 141/578 [00:23<01:04,  6.78it/s]
Extract:  25%|##5       | 145/578 [00:23<00:36, 11.83it/s]
Extract:  25%|##5       | 147/578 [00:24<01:04,  6.70it/s]
Extract:  26%|##5       | 149/578 [00:24<01:14,  5.72it/s]
Extract:  26%|##6       | 151/578 [00:25<01:00,  7.02it/s]
Extract:  26%|##6       | 153/578 [00:25<01:09,  6.16it/s]
Extract:  27%|##6       | 155/578 [00:25<01:15,  5.61it/s]
Extract:  27%|##7       | 157/578 [00:26<00:59,  7.05it/s]
Extract:  28%|##7       | 159/578 [00:26<00:49,  8.39it/s]
Extract:  28%|##7       | 161/578 [00:26<00:46,  8.92it/s]
Extract:  28%|##8       | 163/578 [00:26<01:04,  6.46it/s]
Extract:  29%|##8       | 165/578 [00:27<00:58,  7.07it/s]
Extract:  29%|##8       | 166/578 [00:27<00:56,  7.31it/s]
Extract:  29%|##8       | 167/578 [00:27<01:14,  5.54it/s]
Extract:  29%|##9       | 168/578 [00:27<01:08,  6.03it/s]
Extract:  29%|##9       | 170/578 [00:27<00:57,  7.13it/s]
Extract:  30%|##9       | 172/578 [00:28<01:02,  6.53it/s]
Extract:  30%|##9       | 173/578 [00:28<01:17,  5.26it/s]
Extract:  30%|###       | 174/578 [00:28<01:10,  5.71it/s]
Extract:  30%|###       | 176/578 [00:28<00:54,  7.41it/s]
Extract:  31%|###       | 177/578 [00:29<01:20,  4.96it/s]
Extract:  31%|###       | 178/578 [00:29<01:14,  5.34it/s]
Extract:  31%|###       | 179/578 [00:29<01:06,  6.00it/s]
Extract:  31%|###1      | 180/578 [00:29<01:25,  4.65it/s]
Extract:  31%|###1      | 181/578 [00:30<01:36,  4.12it/s]
Extract:  31%|###1      | 182/578 [00:30<01:35,  4.13it/s]
Extract:  32%|###1      | 184/578 [00:30<01:09,  5.63it/s]
Extract:  32%|###2      | 185/578 [00:30<01:19,  4.92it/s]
Extract:  32%|###2      | 186/578 [00:31<01:10,  5.54it/s]
Extract:  33%|###2      | 188/578 [00:31<00:53,  7.34it/s]
Extract:  33%|###2      | 189/578 [00:31<01:35,  4.08it/s]
Extract:  33%|###3      | 191/578 [00:32<01:32,  4.18it/s]
Extract:  33%|###3      | 192/578 [00:32<01:21,  4.74it/s]
Extract:  34%|###3      | 194/578 [00:32<01:08,  5.59it/s]
Extract:  34%|###4      | 197/578 [00:33<01:04,  5.90it/s]
Extract:  34%|###4      | 198/578 [00:33<01:03,  5.99it/s]
Extract:  35%|###4      | 201/578 [00:33<00:54,  6.92it/s]
Extract:  35%|###4      | 202/578 [00:33<00:55,  6.82it/s]
Extract:  35%|###5      | 203/578 [00:34<01:10,  5.30it/s]
Extract:  36%|###5      | 206/578 [00:34<00:46,  7.92it/s]
Extract:  36%|###5      | 207/578 [00:34<00:57,  6.46it/s]
Extract:  36%|###6      | 209/578 [00:34<00:46,  7.98it/s]
Extract:  36%|###6      | 210/578 [00:34<00:46,  7.89it/s]
Extract:  37%|###6      | 212/578 [00:35<00:55,  6.56it/s]
Extract:  37%|###6      | 213/578 [00:35<00:54,  6.68it/s]
Extract:  37%|###7      | 215/578 [00:35<00:52,  6.95it/s]
Extract:  38%|###7      | 217/578 [00:35<00:43,  8.35it/s]
Extract:  38%|###8      | 220/578 [00:35<00:30, 11.68it/s]
Extract:  39%|###8      | 223/578 [00:36<00:24, 14.34it/s]
Extract:  39%|###8      | 225/578 [00:36<00:37,  9.41it/s]
Extract:  39%|###9      | 227/578 [00:36<00:38,  9.07it/s]
Extract:  40%|###9      | 229/578 [00:36<00:35,  9.91it/s]
Extract:  40%|###9      | 231/578 [00:37<00:49,  7.01it/s]
Extract:  40%|####      | 233/578 [00:37<00:43,  8.01it/s]
Extract:  41%|####      | 235/578 [00:37<00:39,  8.61it/s]
Extract:  41%|####1     | 237/578 [00:38<01:05,  5.22it/s]
Extract:  41%|####1     | 239/578 [00:38<00:52,  6.49it/s]
Extract:  42%|####1     | 241/578 [00:38<00:45,  7.39it/s]
Extract:  42%|####2     | 243/578 [00:38<00:39,  8.39it/s]
Extract:  42%|####2     | 245/578 [00:39<00:56,  5.85it/s]
Extract:  43%|####2     | 247/578 [00:39<00:54,  6.06it/s]
Extract:  43%|####2     | 248/578 [00:40<00:58,  5.66it/s]
Extract:  43%|####3     | 249/578 [00:40<00:55,  5.95it/s]
Extract:  43%|####3     | 250/578 [00:40<00:51,  6.36it/s]
Extract:  43%|####3     | 251/578 [00:40<00:49,  6.60it/s]
Extract:  44%|####3     | 253/578 [00:40<00:37,  8.56it/s]
Extract:  44%|####4     | 255/578 [00:41<00:56,  5.76it/s]
Extract:  44%|####4     | 256/578 [00:41<01:11,  4.53it/s]
Extract:  45%|####4     | 258/578 [00:41<00:54,  5.90it/s]
Extract:  45%|####4     | 260/578 [00:41<00:44,  7.21it/s]
Extract:  45%|####5     | 262/578 [00:42<00:48,  6.56it/s]
Extract:  46%|####5     | 263/578 [00:42<01:00,  5.18it/s]
Extract:  46%|####5     | 265/578 [00:42<00:56,  5.52it/s]
Extract:  46%|####6     | 266/578 [00:43<00:54,  5.76it/s]
Extract:  46%|####6     | 267/578 [00:43<01:12,  4.27it/s]
Extract:  46%|####6     | 268/578 [00:43<01:02,  4.94it/s]
Extract:  47%|####6     | 269/578 [00:43<01:10,  4.39it/s]
Extract:  47%|####7     | 272/578 [00:43<00:38,  7.93it/s]
Extract:  47%|####7     | 274/578 [00:44<01:04,  4.72it/s]
Extract:  48%|####7     | 275/578 [00:45<01:08,  4.44it/s]
Extract:  48%|####7     | 276/578 [00:45<01:10,  4.29it/s]
Extract:  48%|####7     | 277/578 [00:45<01:01,  4.91it/s]
Extract:  48%|####8     | 280/578 [00:45<00:48,  6.14it/s]
Extract:  49%|####8     | 282/578 [00:45<00:38,  7.72it/s]
Extract:  49%|####9     | 284/578 [00:46<00:41,  7.06it/s]
Extract:  49%|####9     | 285/578 [00:46<00:41,  6.99it/s]
Extract:  49%|####9     | 286/578 [00:46<00:40,  7.13it/s]
Extract:  50%|####9     | 287/578 [00:46<00:38,  7.59it/s]
Extract:  50%|####9     | 288/578 [00:46<00:37,  7.82it/s]
Extract:  50%|#####     | 289/578 [00:46<00:43,  6.70it/s]
Extract:  50%|#####     | 290/578 [00:47<01:11,  4.01it/s]
Extract:  50%|#####     | 291/578 [00:47<01:00,  4.76it/s]
Extract:  51%|#####     | 293/578 [00:47<00:39,  7.14it/s]
Extract:  51%|#####1    | 295/578 [00:48<01:00,  4.69it/s]
Extract:  51%|#####1    | 296/578 [00:48<00:54,  5.18it/s]
Extract:  51%|#####1    | 297/578 [00:48<01:03,  4.40it/s]
Extract:  52%|#####1    | 299/578 [00:48<00:43,  6.37it/s]
Extract:  52%|#####2    | 301/578 [00:49<00:42,  6.46it/s]
Extract:  53%|#####2    | 304/578 [00:49<00:43,  6.28it/s]
Extract:  53%|#####2    | 305/578 [00:49<00:41,  6.50it/s]
Extract:  53%|#####3    | 307/578 [00:50<00:41,  6.54it/s]
Extract:  53%|#####3    | 308/578 [00:50<00:42,  6.33it/s]
Extract:  53%|#####3    | 309/578 [00:50<00:54,  4.95it/s]
Extract:  54%|#####3    | 310/578 [00:50<00:51,  5.19it/s]
Extract:  54%|#####3    | 311/578 [00:51<01:04,  4.13it/s]
Extract:  54%|#####3    | 312/578 [00:51<01:17,  3.42it/s]
Extract:  54%|#####4    | 314/578 [00:51<01:01,  4.32it/s]
Extract:  55%|#####4    | 316/578 [00:52<00:52,  5.02it/s]
Extract:  55%|#####5    | 318/578 [00:52<00:49,  5.23it/s]
Extract:  55%|#####5    | 319/578 [00:52<00:47,  5.48it/s]
Extract:  55%|#####5    | 320/578 [00:53<00:57,  4.46it/s]
Extract:  56%|#####5    | 322/578 [00:53<00:52,  4.84it/s]
Extract:  56%|#####6    | 324/578 [00:53<00:38,  6.54it/s]
Extract:  56%|#####6    | 326/578 [00:53<00:35,  7.00it/s]
Extract:  57%|#####6    | 328/578 [00:53<00:30,  8.07it/s]
Extract:  57%|#####7    | 330/578 [00:54<00:25,  9.63it/s]
Extract:  57%|#####7    | 332/578 [00:54<00:30,  8.10it/s]
Extract:  58%|#####7    | 335/578 [00:54<00:22, 10.79it/s]
Extract:  58%|#####8    | 337/578 [00:54<00:20, 11.62it/s]
Extract:  59%|#####8    | 339/578 [00:54<00:19, 12.54it/s]
Extract:  59%|#####8    | 341/578 [00:54<00:19, 12.47it/s]
Extract:  59%|#####9    | 343/578 [00:55<00:19, 12.15it/s]
Extract:  60%|#####9    | 345/578 [00:55<00:34,  6.78it/s]
Extract:  60%|######    | 347/578 [00:55<00:28,  8.05it/s]
Extract:  60%|######    | 349/578 [00:56<00:32,  7.06it/s]
Extract:  61%|######    | 350/578 [00:56<00:31,  7.31it/s]
Extract:  61%|######    | 351/578 [00:56<00:40,  5.67it/s]
Extract:  61%|######1   | 353/578 [00:56<00:34,  6.53it/s]
Extract:  61%|######1   | 355/578 [00:57<00:27,  8.20it/s]
Extract:  62%|######1   | 357/578 [00:57<00:38,  5.80it/s]
Extract:  62%|######2   | 359/578 [00:57<00:31,  6.85it/s]
Extract:  62%|######2   | 360/578 [00:58<00:36,  6.01it/s]
Extract:  63%|######2   | 362/578 [00:58<00:39,  5.43it/s]
Extract:  63%|######2   | 364/578 [00:58<00:32,  6.52it/s]
Extract:  63%|######3   | 365/578 [00:58<00:34,  6.20it/s]
Extract:  63%|######3   | 366/578 [00:59<00:37,  5.72it/s]
Extract:  63%|######3   | 367/578 [00:59<00:48,  4.34it/s]
Extract:  64%|######3   | 368/578 [00:59<00:48,  4.30it/s]
Extract:  64%|######3   | 369/578 [01:00<00:59,  3.49it/s]
Extract:  65%|######4   | 373/578 [01:00<00:39,  5.20it/s]
Extract:  65%|######4   | 374/578 [01:00<00:36,  5.63it/s]
Extract:  65%|######5   | 376/578 [01:01<00:32,  6.27it/s]
Extract:  65%|######5   | 377/578 [01:01<00:33,  6.05it/s]
Extract:  66%|######5   | 379/578 [01:01<00:26,  7.53it/s]
Extract:  66%|######5   | 380/578 [01:01<00:26,  7.43it/s]
Extract:  66%|######6   | 382/578 [01:01<00:29,  6.61it/s]
Extract:  66%|######6   | 383/578 [01:02<00:27,  7.08it/s]
Extract:  66%|######6   | 384/578 [01:02<00:32,  6.01it/s]
Extract:  67%|######6   | 386/578 [01:02<00:24,  7.70it/s]
Extract:  67%|######6   | 387/578 [01:02<00:27,  7.07it/s]
Extract:  67%|######7   | 390/578 [01:02<00:18, 10.02it/s]
Extract:  68%|######7   | 392/578 [01:02<00:19,  9.33it/s]
Extract:  68%|######8   | 394/578 [01:03<00:22,  8.32it/s]
Extract:  68%|######8   | 395/578 [01:03<00:23,  7.89it/s]
Extract:  69%|######8   | 397/578 [01:03<00:25,  7.04it/s]
Extract:  69%|######9   | 399/578 [01:04<00:23,  7.72it/s]
Extract:  69%|######9   | 401/578 [01:04<00:19,  9.19it/s]
Extract:  70%|######9   | 403/578 [01:04<00:16, 10.40it/s]
Extract:  70%|#######   | 405/578 [01:04<00:15, 11.49it/s]
Extract:  70%|#######   | 407/578 [01:04<00:19,  8.67it/s]
Extract:  71%|#######   | 409/578 [01:05<00:23,  7.11it/s]
Extract:  71%|#######   | 410/578 [01:05<00:22,  7.39it/s]
Extract:  71%|#######1  | 412/578 [01:05<00:18,  9.11it/s]
Extract:  72%|#######1  | 414/578 [01:05<00:17,  9.60it/s]
Extract:  72%|#######1  | 416/578 [01:05<00:17,  9.38it/s]
Extract:  72%|#######2  | 418/578 [01:06<00:20,  7.94it/s]
Extract:  72%|#######2  | 419/578 [01:06<00:21,  7.41it/s]
Extract:  73%|#######2  | 421/578 [01:06<00:28,  5.51it/s]
Extract:  73%|#######3  | 424/578 [01:07<00:20,  7.46it/s]
Extract:  74%|#######3  | 425/578 [01:07<00:23,  6.45it/s]
Extract:  74%|#######3  | 426/578 [01:07<00:22,  6.80it/s]
Extract:  74%|#######3  | 427/578 [01:07<00:31,  4.77it/s]
Extract:  74%|#######4  | 428/578 [01:08<00:45,  3.32it/s]
Extract:  74%|#######4  | 429/578 [01:08<00:50,  2.93it/s]
Extract:  75%|#######4  | 431/578 [01:09<00:35,  4.19it/s]
Extract:  75%|#######4  | 432/578 [01:09<00:34,  4.24it/s]
Extract:  75%|#######5  | 434/578 [01:09<00:36,  3.95it/s]
Extract:  75%|#######5  | 436/578 [01:10<00:26,  5.46it/s]
Extract:  76%|#######5  | 438/578 [01:10<00:21,  6.54it/s]
Extract:  76%|#######5  | 439/578 [01:10<00:21,  6.55it/s]
Extract:  76%|#######6  | 441/578 [01:10<00:25,  5.37it/s]
Extract:  77%|#######6  | 443/578 [01:11<00:20,  6.67it/s]
Extract:  77%|#######6  | 445/578 [01:11<00:22,  5.98it/s]
Extract:  78%|#######7  | 448/578 [01:11<00:14,  8.73it/s]
Extract:  78%|#######7  | 450/578 [01:11<00:17,  7.31it/s]
Extract:  78%|#######8  | 452/578 [01:12<00:20,  6.24it/s]
Extract:  79%|#######8  | 454/578 [01:12<00:16,  7.63it/s]
Extract:  79%|#######8  | 456/578 [01:12<00:15,  7.94it/s]
Extract:  79%|#######9  | 458/578 [01:12<00:14,  8.06it/s]
Extract:  80%|#######9  | 461/578 [01:13<00:11, 10.05it/s]
Extract:  80%|########  | 463/578 [01:13<00:12,  9.45it/s]
Extract:  81%|########  | 466/578 [01:13<00:11,  9.53it/s]
Extract:  81%|########  | 468/578 [01:14<00:17,  6.38it/s]
Extract:  81%|########1 | 470/578 [01:14<00:15,  6.86it/s]
Extract:  81%|########1 | 471/578 [01:14<00:16,  6.61it/s]
Extract:  82%|########1 | 472/578 [01:14<00:16,  6.49it/s]
Extract:  82%|########1 | 473/578 [01:14<00:15,  6.85it/s]
Extract:  82%|########2 | 474/578 [01:15<00:18,  5.75it/s]
Extract:  82%|########2 | 476/578 [01:15<00:21,  4.82it/s]
Extract:  83%|########2 | 477/578 [01:15<00:18,  5.37it/s]
Extract:  83%|########2 | 479/578 [01:16<00:14,  6.88it/s]
Extract:  83%|########3 | 481/578 [01:16<00:12,  7.78it/s]
Extract:  84%|########3 | 483/578 [01:16<00:09,  9.57it/s]
Extract:  84%|########3 | 485/578 [01:16<00:08, 10.94it/s]
Extract:  84%|########4 | 487/578 [01:16<00:09, 10.09it/s]
Extract:  85%|########4 | 489/578 [01:17<00:11,  7.52it/s]
Extract:  85%|########4 | 490/578 [01:17<00:11,  7.73it/s]
Extract:  85%|########4 | 491/578 [01:17<00:14,  6.10it/s]
Extract:  85%|########5 | 492/578 [01:17<00:14,  5.82it/s]
Extract:  85%|########5 | 493/578 [01:17<00:14,  5.83it/s]
Extract:  85%|########5 | 494/578 [01:18<00:14,  5.89it/s]
Extract:  86%|########5 | 496/578 [01:18<00:09,  8.30it/s]
Extract:  86%|########6 | 498/578 [01:18<00:12,  6.20it/s]
Extract:  87%|########6 | 501/578 [01:18<00:09,  8.51it/s]
Extract:  87%|########7 | 504/578 [01:19<00:08,  8.88it/s]
Extract:  88%|########7 | 506/578 [01:19<00:10,  6.73it/s]
Extract:  88%|########7 | 508/578 [01:19<00:09,  7.34it/s]
Extract:  88%|########8 | 510/578 [01:20<00:09,  7.28it/s]
Extract:  89%|########8 | 512/578 [01:20<00:08,  7.54it/s]
Extract:  89%|########9 | 515/578 [01:20<00:07,  8.03it/s]
Extract:  89%|########9 | 516/578 [01:21<00:10,  6.01it/s]
Extract:  89%|########9 | 517/578 [01:21<00:10,  5.94it/s]
Extract:  90%|########9 | 519/578 [01:21<00:08,  6.82it/s]
Extract:  90%|######### | 521/578 [01:21<00:06,  8.45it/s]
Extract:  90%|######### | 523/578 [01:21<00:06,  8.81it/s]
Extract:  91%|######### | 525/578 [01:21<00:05,  9.86it/s]
Extract:  91%|#########1| 527/578 [01:22<00:09,  5.38it/s]
Extract:  92%|#########1| 529/578 [01:22<00:07,  6.21it/s]
Extract:  92%|#########1| 530/578 [01:23<00:07,  6.63it/s]
Extract:  92%|#########2| 532/578 [01:23<00:05,  7.73it/s]
Extract:  92%|#########2| 534/578 [01:23<00:06,  7.19it/s]
Extract:  93%|#########2| 536/578 [01:23<00:04,  8.66it/s]
Extract:  93%|#########3| 538/578 [01:24<00:05,  6.82it/s]
Extract:  93%|#########3| 540/578 [01:24<00:06,  6.16it/s]
Extract:  94%|#########3| 541/578 [01:24<00:05,  6.31it/s]
Extract:  94%|#########3| 543/578 [01:24<00:04,  7.34it/s]
Extract:  94%|#########4| 546/578 [01:25<00:04,  7.35it/s]
Extract:  95%|#########4| 547/578 [01:25<00:06,  5.09it/s]
Extract:  95%|#########5| 550/578 [01:25<00:03,  7.66it/s]
Extract:  96%|#########5| 553/578 [01:26<00:03,  7.36it/s]
Extract:  96%|#########6| 555/578 [01:26<00:04,  5.08it/s]
Extract:  96%|#########6| 556/578 [01:27<00:04,  5.27it/s]
Extract:  96%|#########6| 557/578 [01:27<00:03,  5.28it/s]
Extract:  97%|#########6| 560/578 [01:27<00:03,  5.45it/s]
Extract:  97%|#########7| 561/578 [01:28<00:03,  5.30it/s]
Extract:  98%|#########7| 564/578 [01:28<00:02,  5.53it/s]
Extract:  98%|#########7| 565/578 [01:28<00:02,  5.00it/s]
Extract:  98%|#########8| 567/578 [01:29<00:01,  5.69it/s]
Extract:  98%|#########8| 568/578 [01:29<00:02,  4.24it/s]
Extract:  99%|#########8| 570/578 [01:29<00:01,  5.73it/s]
Extract:  99%|#########8| 572/578 [01:29<00:00,  7.10it/s]
Extract:  99%|#########9| 575/578 [01:30<00:00,  8.88it/s]
Extract: 100%|#########9| 577/578 [01:30<00:00,  6.85it/s]
Extract: 100%|##########| 578/578 [01:30<00:00,  6.38it/s]

Extract:   0%|          | 0/578 [00:00<?, ?it/s]
Extract:   0%|          | 2/578 [00:00<00:40, 14.07it/s]
Extract:   1%|          | 4/578 [00:00<01:18,  7.31it/s]
Extract:   1%|          | 5/578 [00:00<01:17,  7.38it/s]
Extract:   1%|1         | 6/578 [00:00<01:17,  7.36it/s]
Extract:   1%|1         | 7/578 [00:01<01:38,  5.82it/s]
Extract:   1%|1         | 8/578 [00:01<02:01,  4.70it/s]
Extract:   2%|1         | 9/578 [00:01<02:08,  4.42it/s]
Extract:   2%|1         | 10/578 [00:01<02:18,  4.11it/s]
Extract:   2%|1         | 11/578 [00:02<02:10,  4.36it/s]
Extract:   2%|2         | 12/578 [00:02<02:45,  3.43it/s]
Extract:   2%|2         | 13/578 [00:02<02:18,  4.08it/s]
Extract:   2%|2         | 14/578 [00:03<03:12,  2.93it/s]
Extract:   3%|2         | 15/578 [00:03<04:02,  2.32it/s]
Extract:   3%|2         | 16/578 [00:04<03:17,  2.84it/s]
Extract:   3%|3         | 18/578 [00:04<02:00,  4.66it/s]
Extract:   3%|3         | 20/578 [00:04<01:28,  6.32it/s]
Extract:   4%|3         | 21/578 [00:04<02:02,  4.54it/s]
Extract:   4%|3         | 22/578 [00:04<01:54,  4.84it/s]
Extract:   4%|3         | 23/578 [00:05<01:57,  4.71it/s]
Extract:   4%|4         | 24/578 [00:05<01:43,  5.38it/s]
Extract:   5%|4         | 27/578 [00:05<01:36,  5.69it/s]
Extract:   5%|5         | 29/578 [00:05<01:20,  6.79it/s]
Extract:   5%|5         | 30/578 [00:06<01:17,  7.04it/s]
Extract:   5%|5         | 31/578 [00:06<01:22,  6.67it/s]
Extract:   6%|5         | 33/578 [00:06<01:01,  8.84it/s]
Extract:   6%|6         | 35/578 [00:06<01:00,  9.03it/s]
Extract:   6%|6         | 37/578 [00:06<00:56,  9.64it/s]
Extract:   7%|6         | 39/578 [00:06<00:48, 11.21it/s]
Extract:   7%|7         | 41/578 [00:07<00:48, 11.15it/s]
Extract:   7%|7         | 43/578 [00:07<01:35,  5.61it/s]
Extract:   8%|7         | 46/578 [00:07<01:08,  7.73it/s]
Extract:   8%|8         | 48/578 [00:08<01:04,  8.18it/s]
Extract:   9%|8         | 50/578 [00:08<01:30,  5.82it/s]
Extract:   9%|8         | 51/578 [00:09<01:45,  4.99it/s]
Extract:   9%|8         | 52/578 [00:09<01:58,  4.43it/s]
Extract:   9%|9         | 54/578 [00:09<01:49,  4.78it/s]
Extract:  10%|9         | 55/578 [00:09<01:49,  4.78it/s]
Extract:  10%|9         | 56/578 [00:10<01:36,  5.40it/s]
Extract:  10%|#         | 58/578 [00:10<01:24,  6.17it/s]
Extract:  10%|#         | 59/578 [00:10<01:36,  5.41it/s]
Extract:  10%|#         | 60/578 [00:10<01:56,  4.46it/s]
Extract:  11%|#         | 61/578 [00:11<02:16,  3.79it/s]
Extract:  11%|#         | 63/578 [00:11<01:31,  5.60it/s]
Extract:  11%|#1        | 64/578 [00:11<01:33,  5.53it/s]
Extract:  11%|#1        | 65/578 [00:11<01:56,  4.41it/s]
Extract:  12%|#1        | 67/578 [00:12<02:03,  4.13it/s]
Extract:  12%|#1        | 68/578 [00:12<01:48,  4.72it/s]
Extract:  12%|#1        | 69/578 [00:12<01:48,  4.70it/s]
Extract:  12%|#2        | 71/578 [00:13<01:25,  5.94it/s]
Extract:  12%|#2        | 72/578 [00:13<01:23,  6.09it/s]
Extract:  13%|#2        | 73/578 [00:13<01:58,  4.28it/s]
Extract:  13%|#2        | 75/578 [00:13<01:25,  5.91it/s]
Extract:  13%|#3        | 76/578 [00:13<01:26,  5.83it/s]
Extract:  13%|#3        | 77/578 [00:14<02:00,  4.16it/s]
Extract:  14%|#3        | 79/578 [00:14<01:21,  6.14it/s]
Extract:  14%|#3        | 80/578 [00:14<01:17,  6.46it/s]
Extract:  14%|#4        | 81/578 [00:14<01:12,  6.89it/s]
Extract:  14%|#4        | 82/578 [00:14<01:06,  7.43it/s]
Extract:  14%|#4        | 83/578 [00:15<01:26,  5.74it/s]
Extract:  15%|#4        | 84/578 [00:15<02:11,  3.75it/s]
Extract:  15%|#4        | 86/578 [00:15<01:36,  5.09it/s]
Extract:  15%|#5        | 88/578 [00:16<01:10,  6.99it/s]
Extract:  15%|#5        | 89/578 [00:16<01:47,  4.55it/s]
Extract:  16%|#5        | 90/578 [00:16<01:43,  4.69it/s]
Extract:  16%|#5        | 91/578 [00:17<02:37,  3.08it/s]
Extract:  16%|#5        | 92/578 [00:17<03:03,  2.65it/s]
Extract:  16%|#6        | 94/578 [00:18<02:11,  3.67it/s]
Extract:  17%|#6        | 96/578 [00:18<01:54,  4.19it/s]
Extract:  17%|#6        | 98/578 [00:18<01:34,  5.05it/s]
Extract:  17%|#7        | 100/578 [00:18<01:21,  5.87it/s]
Extract:  17%|#7        | 101/578 [00:19<01:15,  6.32it/s]
Extract:  18%|#8        | 105/578 [00:19<00:54,  8.74it/s]
Extract:  18%|#8        | 106/578 [00:19<01:03,  7.44it/s]
Extract:  19%|#8        | 107/578 [00:20<01:29,  5.26it/s]
Extract:  19%|#8        | 108/578 [00:20<01:32,  5.06it/s]
Extract:  19%|#9        | 110/578 [00:20<01:17,  6.04it/s]
Extract:  19%|#9        | 111/578 [00:20<01:14,  6.29it/s]
Extract:  20%|#9        | 113/578 [00:20<00:57,  8.14it/s]
Extract:  20%|#9        | 115/578 [00:20<00:52,  8.84it/s]
Extract:  20%|##        | 116/578 [00:21<01:00,  7.67it/s]
Extract:  20%|##        | 117/578 [00:21<01:25,  5.42it/s]
Extract:  21%|##        | 120/578 [00:22<01:30,  5.04it/s]
Extract:  21%|##        | 121/578 [00:22<01:54,  3.99it/s]
Extract:  21%|##1       | 123/578 [00:22<01:25,  5.34it/s]
Extract:  22%|##1       | 125/578 [00:23<01:33,  4.85it/s]
Extract:  22%|##1       | 126/578 [00:23<01:26,  5.21it/s]
Extract:  22%|##2       | 128/578 [00:23<01:07,  6.65it/s]
Extract:  22%|##2       | 130/578 [00:23<01:15,  5.94it/s]
Extract:  23%|##2       | 131/578 [00:24<01:26,  5.15it/s]
Extract:  23%|##3       | 133/578 [00:24<01:19,  5.59it/s]
Extract:  23%|##3       | 134/578 [00:24<01:14,  5.93it/s]
Extract:  23%|##3       | 135/578 [00:24<01:11,  6.17it/s]
Extract:  24%|##3       | 136/578 [00:24<01:08,  6.42it/s]
Extract:  24%|##3       | 137/578 [00:25<01:33,  4.74it/s]
Extract:  24%|##3       | 138/578 [00:25<01:56,  3.79it/s]
Extract:  24%|##4       | 139/578 [00:26<02:10,  3.37it/s]
Extract:  25%|##4       | 142/578 [00:26<01:10,  6.18it/s]
Extract:  25%|##5       | 146/578 [00:26<01:04,  6.72it/s]
Extract:  25%|##5       | 147/578 [00:26<01:03,  6.82it/s]
Extract:  26%|##5       | 148/578 [00:27<01:01,  6.95it/s]
Extract:  26%|##5       | 149/578 [00:27<01:24,  5.08it/s]
Extract:  26%|##5       | 150/578 [00:27<01:16,  5.58it/s]
Extract:  26%|##6       | 153/578 [00:28<01:15,  5.64it/s]
Extract:  27%|##6       | 155/578 [00:28<01:26,  4.90it/s]
Extract:  27%|##7       | 157/578 [00:28<01:07,  6.27it/s]
Extract:  28%|##7       | 159/578 [00:28<00:55,  7.58it/s]
Extract:  28%|##7       | 161/578 [00:29<00:56,  7.37it/s]
Extract:  28%|##8       | 163/578 [00:29<01:14,  5.61it/s]
Extract:  29%|##8       | 165/578 [00:29<01:04,  6.42it/s]
Extract:  29%|##8       | 166/578 [00:30<01:01,  6.75it/s]
Extract:  29%|##8       | 167/578 [00:30<01:21,  5.02it/s]
Extract:  29%|##9       | 168/578 [00:30<01:12,  5.63it/s]
Extract:  29%|##9       | 169/578 [00:30<01:15,  5.44it/s]
Extract:  29%|##9       | 170/578 [00:30<01:07,  6.07it/s]
Extract:  30%|##9       | 172/578 [00:31<00:58,  6.91it/s]
Extract:  30%|##9       | 173/578 [00:31<01:23,  4.86it/s]
Extract:  30%|###       | 174/578 [00:31<01:16,  5.27it/s]
Extract:  30%|###       | 176/578 [00:31<00:57,  6.96it/s]
Extract:  31%|###       | 177/578 [00:32<01:32,  4.32it/s]
Extract:  31%|###       | 178/578 [00:32<01:23,  4.78it/s]
Extract:  31%|###       | 179/578 [00:32<01:14,  5.37it/s]
Extract:  31%|###1      | 180/578 [00:33<01:54,  3.47it/s]
Extract:  31%|###1      | 181/578 [00:33<02:01,  3.26it/s]
Extract:  31%|###1      | 182/578 [00:33<01:46,  3.70it/s]
Extract:  32%|###1      | 184/578 [00:34<01:25,  4.63it/s]
Extract:  32%|###2      | 185/578 [00:34<01:46,  3.70it/s]
Extract:  32%|###2      | 186/578 [00:34<01:32,  4.25it/s]
Extract:  33%|###2      | 188/578 [00:34<01:09,  5.62it/s]
Extract:  33%|###2      | 189/578 [00:35<01:33,  4.15it/s]
Extract:  33%|###3      | 191/578 [00:35<01:38,  3.93it/s]
Extract:  33%|###3      | 193/578 [00:35<01:15,  5.13it/s]
Extract:  34%|###3      | 195/578 [00:36<00:57,  6.62it/s]
Extract:  34%|###4      | 197/578 [00:36<01:11,  5.34it/s]
Extract:  34%|###4      | 198/578 [00:36<01:11,  5.35it/s]
Extract:  35%|###4      | 201/578 [00:37<01:04,  5.84it/s]
Extract:  35%|###4      | 202/578 [00:37<01:03,  5.88it/s]
Extract:  35%|###5      | 203/578 [00:37<01:16,  4.89it/s]
Extract:  36%|###5      | 206/578 [00:37<00:51,  7.24it/s]
Extract:  36%|###5      | 207/578 [00:38<01:03,  5.87it/s]
Extract:  36%|###6      | 209/578 [00:38<00:49,  7.39it/s]
Extract:  36%|###6      | 210/578 [00:38<00:48,  7.64it/s]
Extract:  37%|###6      | 212/578 [00:38<00:53,  6.87it/s]
Extract:  37%|###7      | 214/578 [00:39<00:43,  8.36it/s]
Extract:  37%|###7      | 216/578 [00:39<00:46,  7.72it/s]
Extract:  38%|###7      | 217/578 [00:39<00:45,  7.99it/s]
Extract:  38%|###8      | 220/578 [00:39<00:31, 11.40it/s]
Extract:  39%|###8      | 223/578 [00:39<00:26, 13.45it/s]
Extract:  39%|###8      | 225/578 [00:40<00:35,  9.91it/s]
Extract:  39%|###9      | 227/578 [00:40<00:42,  8.32it/s]
Extract:  40%|###9      | 229/578 [00:40<00:43,  7.99it/s]
Extract:  40%|###9      | 230/578 [00:41<01:04,  5.38it/s]
Extract:  40%|###9      | 231/578 [00:41<01:08,  5.07it/s]
Extract:  40%|####      | 232/578 [00:41<01:03,  5.45it/s]
Extract:  40%|####      | 233/578 [00:41<00:56,  6.07it/s]
Extract:  40%|####      | 234/578 [00:41<00:53,  6.44it/s]
Extract:  41%|####      | 235/578 [00:41<00:50,  6.78it/s]
Extract:  41%|####      | 236/578 [00:42<01:14,  4.61it/s]
Extract:  41%|####1     | 237/578 [00:42<01:28,  3.87it/s]
Extract:  41%|####1     | 239/578 [00:42<00:58,  5.79it/s]
Extract:  42%|####1     | 240/578 [00:42<00:55,  6.09it/s]
Extract:  42%|####1     | 242/578 [00:43<00:39,  8.40it/s]
Extract:  42%|####2     | 244/578 [00:43<00:53,  6.30it/s]
Extract:  42%|####2     | 245/578 [00:43<00:49,  6.73it/s]
Extract:  43%|####2     | 247/578 [00:43<00:52,  6.26it/s]
Extract:  43%|####2     | 248/578 [00:44<01:06,  4.96it/s]
Extract:  43%|####3     | 249/578 [00:44<01:00,  5.47it/s]
Extract:  43%|####3     | 251/578 [00:44<00:47,  6.85it/s]
Extract:  44%|####4     | 255/578 [00:44<00:34,  9.45it/s]
Extract:  44%|####4     | 257/578 [00:45<00:41,  7.72it/s]
Extract:  45%|####4     | 259/578 [00:45<00:36,  8.63it/s]
Extract:  45%|####5     | 261/578 [00:45<00:32,  9.68it/s]
Extract:  46%|####5     | 263/578 [00:46<00:57,  5.44it/s]
Extract:  46%|####5     | 265/578 [00:46<01:00,  5.18it/s]
Extract:  46%|####6     | 266/578 [00:46<00:57,  5.41it/s]
Extract:  46%|####6     | 267/578 [00:47<01:03,  4.93it/s]
Extract:  46%|####6     | 268/578 [00:47<01:02,  4.96it/s]
Extract:  47%|####6     | 269/578 [00:47<01:12,  4.24it/s]
Extract:  47%|####7     | 272/578 [00:47<00:41,  7.43it/s]
Extract:  47%|####7     | 274/578 [00:48<01:04,  4.71it/s]
Extract:  48%|####7     | 275/578 [00:48<01:11,  4.22it/s]
Extract:  48%|####7     | 276/578 [00:49<01:07,  4.49it/s]
Extract:  48%|####8     | 278/578 [00:49<00:47,  6.30it/s]
Extract:  48%|####8     | 280/578 [00:49<00:48,  6.19it/s]
Extract:  49%|####8     | 281/578 [00:49<00:46,  6.34it/s]
Extract:  49%|####8     | 282/578 [00:49<00:47,  6.24it/s]
Extract:  49%|####8     | 283/578 [00:50<01:06,  4.42it/s]
Extract:  49%|####9     | 285/578 [00:50<00:54,  5.38it/s]
Extract:  49%|####9     | 286/578 [00:50<00:49,  5.85it/s]
Extract:  50%|####9     | 288/578 [00:50<00:40,  7.24it/s]
Extract:  50%|#####     | 289/578 [00:51<00:41,  6.99it/s]
Extract:  50%|#####     | 290/578 [00:51<01:02,  4.60it/s]
Extract:  51%|#####     | 292/578 [00:51<00:44,  6.38it/s]
Extract:  51%|#####     | 294/578 [00:51<00:34,  8.22it/s]
Extract:  51%|#####1    | 296/578 [00:52<00:57,  4.93it/s]
Extract:  51%|#####1    | 297/578 [00:52<01:09,  4.06it/s]
Extract:  52%|#####1    | 299/578 [00:52<00:50,  5.56it/s]
Extract:  52%|#####2    | 301/578 [00:53<00:54,  5.05it/s]
Extract:  53%|#####2    | 304/578 [00:53<00:47,  5.76it/s]
Extract:  53%|#####2    | 305/578 [00:53<00:44,  6.09it/s]
Extract:  53%|#####3    | 307/578 [00:54<00:42,  6.34it/s]
Extract:  53%|#####3    | 308/578 [00:54<00:46,  5.77it/s]
Extract:  53%|#####3    | 309/578 [00:54<00:54,  4.96it/s]
Extract:  54%|#####3    | 310/578 [00:54<00:50,  5.28it/s]
Extract:  54%|#####3    | 311/578 [00:55<01:04,  4.12it/s]
Extract:  54%|#####3    | 312/578 [00:55<01:30,  2.94it/s]
Extract:  54%|#####4    | 314/578 [00:56<01:09,  3.80it/s]
Extract:  55%|#####4    | 316/578 [00:56<00:55,  4.68it/s]
Extract:  55%|#####5    | 318/578 [00:56<00:53,  4.85it/s]
Extract:  55%|#####5    | 319/578 [00:57<00:52,  4.96it/s]
Extract:  55%|#####5    | 320/578 [00:57<01:02,  4.15it/s]
Extract:  56%|#####5    | 322/578 [00:57<00:51,  4.95it/s]
Extract:  56%|#####5    | 323/578 [00:57<00:47,  5.34it/s]
Extract:  56%|#####6    | 325/578 [00:58<00:35,  7.13it/s]
Extract:  56%|#####6    | 326/578 [00:58<00:36,  6.84it/s]
Extract:  57%|#####6    | 328/578 [00:58<00:32,  7.62it/s]
Extract:  57%|#####7    | 330/578 [00:58<00:27,  8.99it/s]
Extract:  57%|#####7    | 331/578 [00:58<00:29,  8.44it/s]
Extract:  57%|#####7    | 332/578 [00:58<00:35,  6.86it/s]
Extract:  58%|#####7    | 334/578 [00:59<00:37,  6.56it/s]
Extract:  58%|#####8    | 337/578 [00:59<00:26,  9.04it/s]
Extract:  59%|#####8    | 339/578 [00:59<00:25,  9.53it/s]
Extract:  59%|#####8    | 341/578 [00:59<00:27,  8.58it/s]
Extract:  59%|#####9    | 342/578 [01:00<00:31,  7.47it/s]
Extract:  60%|#####9    | 344/578 [01:00<00:35,  6.57it/s]
Extract:  60%|#####9    | 345/578 [01:00<00:33,  7.02it/s]
Extract:  60%|######    | 347/578 [01:00<00:28,  8.06it/s]
Extract:  60%|######    | 348/578 [01:00<00:28,  8.14it/s]
Extract:  60%|######    | 349/578 [01:01<00:49,  4.64it/s]
Extract:  61%|######    | 350/578 [01:01<00:44,  5.12it/s]
Extract:  61%|######    | 351/578 [01:02<00:57,  3.95it/s]
Extract:  61%|######1   | 353/578 [01:02<00:43,  5.15it/s]
Extract:  62%|######1   | 356/578 [01:02<00:39,  5.63it/s]
Extract:  62%|######1   | 357/578 [01:02<00:36,  5.99it/s]
Extract:  62%|######2   | 359/578 [01:03<00:29,  7.49it/s]
Extract:  62%|######2   | 360/578 [01:03<00:33,  6.58it/s]
Extract:  63%|######2   | 362/578 [01:03<00:40,  5.37it/s]
Extract:  63%|######2   | 364/578 [01:03<00:31,  6.74it/s]
Extract:  63%|######3   | 365/578 [01:04<00:33,  6.31it/s]
Extract:  63%|######3   | 366/578 [01:04<00:37,  5.73it/s]
Extract:  63%|######3   | 367/578 [01:04<00:48,  4.35it/s]
Extract:  64%|######3   | 368/578 [01:04<00:43,  4.84it/s]
Extract:  64%|######3   | 369/578 [01:05<00:49,  4.20it/s]
Extract:  65%|######4   | 373/578 [01:05<00:32,  6.23it/s]
Extract:  65%|######4   | 375/578 [01:05<00:26,  7.66it/s]
Extract:  65%|######5   | 376/578 [01:05<00:26,  7.57it/s]
Extract:  65%|######5   | 377/578 [01:06<00:26,  7.70it/s]
Extract:  66%|######5   | 379/578 [01:06<00:21,  9.47it/s]
Extract:  66%|######5   | 381/578 [01:06<00:21,  9.38it/s]
Extract:  66%|######6   | 383/578 [01:06<00:22,  8.80it/s]
Extract:  66%|######6   | 384/578 [01:06<00:23,  8.39it/s]
Extract:  67%|######6   | 386/578 [01:06<00:19,  9.85it/s]
Extract:  67%|######7   | 388/578 [01:07<00:17, 10.67it/s]
Extract:  68%|######7   | 391/578 [01:07<00:14, 13.20it/s]
Extract:  68%|######7   | 393/578 [01:07<00:14, 12.38it/s]
Extract:  68%|######8   | 395/578 [01:07<00:15, 11.73it/s]
Extract:  69%|######8   | 397/578 [01:07<00:14, 12.45it/s]
Extract:  69%|######9   | 399/578 [01:07<00:13, 13.50it/s]
Extract:  70%|######9   | 402/578 [01:07<00:10, 16.93it/s]
Extract:  70%|#######   | 405/578 [01:08<00:09, 18.29it/s]
Extract:  70%|#######   | 407/578 [01:08<00:12, 13.67it/s]
Extract:  71%|#######   | 409/578 [01:08<00:20,  8.30it/s]
Extract:  71%|#######1  | 412/578 [01:08<00:16, 10.37it/s]
Extract:  72%|#######1  | 414/578 [01:09<00:17,  9.60it/s]
Extract:  72%|#######1  | 416/578 [01:09<00:15, 10.34it/s]
Extract:  72%|#######2  | 418/578 [01:09<00:14, 11.33it/s]
Extract:  73%|#######2  | 420/578 [01:09<00:13, 11.92it/s]
Extract:  73%|#######3  | 422/578 [01:10<00:17,  9.14it/s]
Extract:  73%|#######3  | 424/578 [01:10<00:15, 10.23it/s]
Extract:  74%|#######3  | 426/578 [01:10<00:16,  9.02it/s]
Extract:  74%|#######4  | 428/578 [01:11<00:27,  5.39it/s]
Extract:  74%|#######4  | 429/578 [01:11<00:31,  4.80it/s]
Extract:  75%|#######4  | 431/578 [01:11<00:23,  6.38it/s]
Extract:  75%|#######4  | 433/578 [01:11<00:18,  7.77it/s]
Extract:  75%|#######5  | 435/578 [01:12<00:20,  7.00it/s]
Extract:  76%|#######5  | 437/578 [01:12<00:16,  8.67it/s]
Extract:  76%|#######5  | 439/578 [01:12<00:16,  8.68it/s]
Extract:  76%|#######6  | 441/578 [01:12<00:16,  8.32it/s]
Extract:  77%|#######6  | 443/578 [01:12<00:13,  9.95it/s]
Extract:  77%|#######6  | 445/578 [01:13<00:15,  8.64it/s]
Extract:  78%|#######7  | 449/578 [01:13<00:09, 12.94it/s]
Extract:  78%|#######8  | 451/578 [01:13<00:18,  6.81it/s]
Extract:  78%|#######8  | 453/578 [01:14<00:15,  8.14it/s]
Extract:  79%|#######8  | 455/578 [01:14<00:13,  9.30it/s]
Extract:  79%|#######9  | 458/578 [01:14<00:11, 10.58it/s]
Extract:  80%|#######9  | 461/578 [01:14<00:08, 13.20it/s]
Extract:  80%|########  | 463/578 [01:14<00:09, 11.81it/s]
Extract:  81%|########  | 466/578 [01:14<00:09, 11.98it/s]
Extract:  81%|########  | 468/578 [01:15<00:12,  8.63it/s]
Extract:  81%|########1 | 470/578 [01:15<00:11,  9.22it/s]
Extract:  82%|########1 | 472/578 [01:15<00:13,  8.12it/s]
Extract:  82%|########2 | 474/578 [01:16<00:12,  8.24it/s]
Extract:  82%|########2 | 476/578 [01:16<00:16,  6.26it/s]
Extract:  83%|########2 | 478/578 [01:16<00:13,  7.54it/s]
Extract:  83%|########3 | 480/578 [01:16<00:10,  9.05it/s]
Extract:  83%|########3 | 482/578 [01:17<00:09, 10.62it/s]
Extract:  84%|########3 | 485/578 [01:17<00:06, 13.82it/s]
Extract:  84%|########4 | 487/578 [01:17<00:06, 13.79it/s]
Extract:  85%|########4 | 489/578 [01:17<00:08, 10.77it/s]
Extract:  85%|########4 | 491/578 [01:17<00:08, 10.39it/s]
Extract:  85%|########5 | 493/578 [01:18<00:09,  9.34it/s]
Extract:  86%|########5 | 495/578 [01:18<00:08,  9.76it/s]
Extract:  86%|########6 | 498/578 [01:18<00:08,  9.61it/s]
Extract:  87%|########6 | 501/578 [01:18<00:06, 12.28it/s]
Extract:  87%|########7 | 504/578 [01:19<00:06, 10.72it/s]
Extract:  88%|########7 | 506/578 [01:19<00:07,  9.23it/s]
Extract:  88%|########7 | 508/578 [01:19<00:07,  9.04it/s]
Extract:  88%|########8 | 510/578 [01:19<00:07,  9.52it/s]
Extract:  89%|########8 | 512/578 [01:19<00:06, 10.01it/s]
Extract:  89%|########9 | 515/578 [01:20<00:05, 11.21it/s]
Extract:  89%|########9 | 517/578 [01:20<00:07,  8.29it/s]
Extract:  90%|########9 | 519/578 [01:20<00:06,  9.17it/s]
Extract:  90%|######### | 522/578 [01:20<00:05, 10.91it/s]
Extract:  91%|######### | 524/578 [01:21<00:04, 11.22it/s]
Extract:  91%|#########1| 526/578 [01:21<00:05,  8.82it/s]
Extract:  92%|#########1| 529/578 [01:21<00:04, 11.07it/s]
Extract:  92%|#########1| 531/578 [01:21<00:04, 11.65it/s]
Extract:  92%|#########2| 533/578 [01:21<00:03, 12.89it/s]
Extract:  93%|#########2| 535/578 [01:22<00:04,  9.35it/s]
Extract:  93%|#########2| 537/578 [01:22<00:03, 10.33it/s]
Extract:  93%|#########3| 539/578 [01:22<00:03,  9.88it/s]
Extract:  94%|#########3| 541/578 [01:22<00:04,  8.49it/s]
Extract:  94%|#########3| 543/578 [01:23<00:03,  9.81it/s]
Extract:  94%|#########4| 546/578 [01:23<00:03,  9.06it/s]
Extract:  95%|#########4| 548/578 [01:23<00:03,  8.14it/s]
Extract:  96%|#########5| 553/578 [01:24<00:02,  9.31it/s]
Extract:  96%|#########5| 554/578 [01:24<00:03,  7.45it/s]
Extract:  96%|#########6| 555/578 [01:24<00:04,  5.27it/s]
Extract:  96%|#########6| 556/578 [01:25<00:04,  5.49it/s]
Extract:  96%|#########6| 557/578 [01:25<00:03,  5.69it/s]
Extract:  97%|#########6| 560/578 [01:25<00:02,  7.00it/s]
Extract:  97%|#########7| 561/578 [01:25<00:02,  7.22it/s]
Extract:  98%|#########7| 564/578 [01:26<00:01,  7.77it/s]
Extract:  98%|#########7| 565/578 [01:26<00:01,  6.50it/s]
Extract:  98%|#########8| 567/578 [01:26<00:01,  7.43it/s]
Extract:  98%|#########8| 568/578 [01:26<00:01,  6.14it/s]
Extract:  99%|#########8| 570/578 [01:26<00:00,  8.05it/s]
Extract:  99%|#########8| 572/578 [01:27<00:00,  9.67it/s]
Extract:  99%|#########9| 575/578 [01:27<00:00, 11.24it/s]
Extract: 100%|#########9| 577/578 [01:27<00:00,  7.28it/s]
Extract: 100%|##########| 578/578 [01:27<00:00,  6.59it/s]

Extract:   0%|          | 0/578 [00:00<?, ?it/s]
Extract:   1%|          | 3/578 [00:00<00:42, 13.65it/s]
Extract:   1%|          | 5/578 [00:00<01:09,  8.25it/s]
Extract:   1%|1         | 7/578 [00:00<01:14,  7.65it/s]
Extract:   1%|1         | 8/578 [00:01<01:19,  7.18it/s]
Extract:   2%|1         | 9/578 [00:01<01:21,  6.94it/s]
Extract:   2%|1         | 10/578 [00:01<01:29,  6.32it/s]
Extract:   2%|1         | 11/578 [00:01<01:34,  6.02it/s]
Extract:   2%|2         | 12/578 [00:01<01:50,  5.14it/s]
Extract:   2%|2         | 14/578 [00:02<01:39,  5.65it/s]
Extract:   3%|2         | 15/578 [00:02<01:52,  5.02it/s]
Extract:   3%|2         | 16/578 [00:02<01:37,  5.74it/s]
Extract:   3%|3         | 19/578 [00:02<00:56,  9.83it/s]
Extract:   4%|3         | 21/578 [00:03<01:20,  6.90it/s]
Extract:   4%|3         | 23/578 [00:03<01:40,  5.51it/s]
Extract:   4%|4         | 25/578 [00:03<01:18,  7.04it/s]
Extract:   5%|4         | 27/578 [00:04<01:27,  6.30it/s]
Extract:   5%|5         | 29/578 [00:04<01:10,  7.74it/s]
Extract:   5%|5         | 31/578 [00:04<01:09,  7.86it/s]
Extract:   6%|5         | 34/578 [00:04<00:54,  9.97it/s]
Extract:   6%|6         | 37/578 [00:04<00:50, 10.69it/s]
Extract:   7%|6         | 39/578 [00:05<00:52, 10.23it/s]
Extract:   7%|7         | 41/578 [00:05<00:56,  9.46it/s]
Extract:   7%|7         | 43/578 [00:05<01:27,  6.14it/s]
Extract:   8%|7         | 46/578 [00:06<01:03,  8.36it/s]
Extract:   8%|8         | 48/578 [00:06<01:01,  8.59it/s]
Extract:   9%|8         | 50/578 [00:06<01:11,  7.40it/s]
Extract:   9%|8         | 51/578 [00:06<01:16,  6.88it/s]
Extract:   9%|8         | 52/578 [00:07<01:28,  5.97it/s]
Extract:   9%|9         | 54/578 [00:07<01:17,  6.80it/s]
Extract:  10%|9         | 55/578 [00:07<01:17,  6.72it/s]
Extract:  10%|9         | 57/578 [00:07<01:02,  8.36it/s]
Extract:  10%|#         | 58/578 [00:07<01:12,  7.19it/s]
Extract:  10%|#         | 59/578 [00:08<01:11,  7.26it/s]
Extract:  10%|#         | 60/578 [00:08<01:28,  5.88it/s]
Extract:  11%|#         | 61/578 [00:08<01:54,  4.51it/s]
Extract:  11%|#         | 62/578 [00:08<01:44,  4.96it/s]
Extract:  11%|#1        | 64/578 [00:09<01:36,  5.31it/s]
Extract:  11%|#1        | 65/578 [00:09<02:04,  4.11it/s]
Extract:  12%|#1        | 67/578 [00:10<02:00,  4.25it/s]
Extract:  12%|#1        | 69/578 [00:10<01:34,  5.37it/s]
Extract:  12%|#2        | 71/578 [00:10<01:18,  6.46it/s]
Extract:  13%|#2        | 73/578 [00:10<01:23,  6.03it/s]
Extract:  13%|#3        | 76/578 [00:11<01:03,  7.93it/s]
Extract:  13%|#3        | 77/578 [00:11<01:24,  5.92it/s]
Extract:  14%|#3        | 80/578 [00:11<00:59,  8.35it/s]
Extract:  14%|#4        | 82/578 [00:11<00:54,  9.16it/s]
Extract:  15%|#4        | 84/578 [00:12<01:17,  6.38it/s]
Extract:  15%|#4        | 85/578 [00:12<01:13,  6.66it/s]
Extract:  15%|#4        | 86/578 [00:12<01:17,  6.33it/s]
Extract:  15%|#5        | 88/578 [00:12<01:03,  7.71it/s]
Extract:  15%|#5        | 89/578 [00:13<01:55,  4.23it/s]
Extract:  16%|#5        | 90/578 [00:13<01:49,  4.48it/s]
Extract:  16%|#5        | 91/578 [00:14<02:45,  2.94it/s]
Extract:  16%|#5        | 92/578 [00:14<03:10,  2.55it/s]
Extract:  16%|#6        | 94/578 [00:15<02:16,  3.53it/s]
Extract:  17%|#6        | 96/578 [00:15<02:36,  3.09it/s]
Extract:  17%|#6        | 97/578 [00:15<02:14,  3.58it/s]
Extract:  17%|#6        | 98/578 [00:16<02:13,  3.58it/s]
Extract:  17%|#7        | 99/578 [00:16<02:12,  3.61it/s]
Extract:  17%|#7        | 100/578 [00:16<02:03,  3.86it/s]
Extract:  17%|#7        | 101/578 [00:16<01:43,  4.61it/s]
Extract:  18%|#7        | 104/578 [00:16<00:58,  8.13it/s]
Extract:  18%|#8        | 106/578 [00:17<01:05,  7.24it/s]
Extract:  19%|#8        | 107/578 [00:17<01:20,  5.85it/s]
Extract:  19%|#8        | 108/578 [00:17<01:16,  6.12it/s]
Extract:  19%|#9        | 110/578 [00:17<01:02,  7.43it/s]
Extract:  19%|#9        | 111/578 [00:18<01:05,  7.14it/s]
Extract:  20%|#9        | 113/578 [00:18<00:53,  8.63it/s]
Extract:  20%|#9        | 115/578 [00:18<00:47,  9.79it/s]
Extract:  20%|##        | 117/578 [00:18<01:10,  6.55it/s]
Extract:  21%|##        | 120/578 [00:19<01:02,  7.34it/s]
Extract:  21%|##        | 121/578 [00:19<01:14,  6.11it/s]
Extract:  21%|##1       | 123/578 [00:19<00:57,  7.85it/s]
Extract:  22%|##1       | 125/578 [00:19<01:00,  7.45it/s]
Extract:  22%|##1       | 126/578 [00:20<01:15,  5.99it/s]
Extract:  22%|##2       | 128/578 [00:20<01:01,  7.36it/s]
Extract:  22%|##2       | 130/578 [00:20<01:00,  7.39it/s]
Extract:  23%|##2       | 131/578 [00:20<01:14,  6.01it/s]
Extract:  23%|##2       | 132/578 [00:21<01:11,  6.27it/s]
Extract:  23%|##3       | 133/578 [00:21<01:17,  5.72it/s]
Extract:  23%|##3       | 135/578 [00:21<01:07,  6.56it/s]
Extract:  24%|##3       | 136/578 [00:21<01:04,  6.89it/s]
Extract:  24%|##3       | 137/578 [00:22<01:22,  5.33it/s]
Extract:  24%|##3       | 138/578 [00:22<01:58,  3.71it/s]
Extract:  24%|##4       | 139/578 [00:22<02:05,  3.49it/s]
Extract:  25%|##4       | 142/578 [00:22<01:09,  6.32it/s]
Extract:  25%|##5       | 145/578 [00:23<00:48,  8.84it/s]
Extract:  25%|##5       | 147/578 [00:23<01:16,  5.62it/s]
Extract:  26%|##5       | 148/578 [00:23<01:13,  5.84it/s]
Extract:  26%|##5       | 149/578 [00:24<01:23,  5.16it/s]
Extract:  26%|##6       | 152/578 [00:24<00:54,  7.87it/s]
Extract:  27%|##6       | 154/578 [00:24<01:04,  6.61it/s]
Extract:  27%|##6       | 155/578 [00:25<01:20,  5.23it/s]
Extract:  27%|##7       | 158/578 [00:25<00:53,  7.79it/s]
Extract:  28%|##7       | 160/578 [00:25<00:51,  8.19it/s]
Extract:  28%|##8       | 163/578 [00:26<00:57,  7.16it/s]
Extract:  29%|##8       | 165/578 [00:26<00:50,  8.24it/s]
Extract:  29%|##8       | 167/578 [00:26<00:55,  7.40it/s]
Extract:  29%|##9       | 169/578 [00:26<00:48,  8.45it/s]
Extract:  30%|##9       | 171/578 [00:26<00:45,  8.93it/s]
Extract:  30%|##9       | 173/578 [00:27<01:12,  5.56it/s]
Extract:  30%|###       | 175/578 [00:27<00:59,  6.79it/s]
Extract:  31%|###       | 177/578 [00:28<01:05,  6.12it/s]
Extract:  31%|###       | 179/578 [00:28<00:56,  7.11it/s]
Extract:  31%|###1      | 180/578 [00:28<01:03,  6.27it/s]
Extract:  31%|###1      | 181/578 [00:28<01:15,  5.24it/s]
Extract:  31%|###1      | 182/578 [00:29<01:16,  5.20it/s]
Extract:  32%|###1      | 184/578 [00:29<01:03,  6.24it/s]
Extract:  32%|###2      | 185/578 [00:29<01:26,  4.55it/s]
Extract:  32%|###2      | 187/578 [00:29<01:00,  6.45it/s]
Extract:  33%|###2      | 188/578 [00:29<00:58,  6.63it/s]
Extract:  33%|###2      | 189/578 [00:30<01:31,  4.24it/s]
Extract:  33%|###3      | 191/578 [00:30<01:15,  5.15it/s]
Extract:  33%|###3      | 193/578 [00:30<00:55,  6.92it/s]
Extract:  34%|###4      | 197/578 [00:31<00:48,  7.91it/s]
Extract:  34%|###4      | 198/578 [00:31<00:53,  7.14it/s]
Extract:  35%|###4      | 201/578 [00:32<01:08,  5.53it/s]
Extract:  35%|###4      | 202/578 [00:32<01:09,  5.38it/s]
Extract:  35%|###5      | 203/578 [00:32<01:32,  4.07it/s]
Extract:  36%|###5      | 206/578 [00:33<01:02,  5.92it/s]
Extract:  36%|###5      | 207/578 [00:33<01:12,  5.09it/s]
Extract:  36%|###6      | 209/578 [00:33<01:00,  6.10it/s]
Extract:  36%|###6      | 210/578 [00:33<01:01,  5.99it/s]
Extract:  37%|###6      | 212/578 [00:34<01:16,  4.82it/s]
Extract:  37%|###6      | 213/578 [00:34<01:11,  5.07it/s]
Extract:  37%|###7      | 215/578 [00:35<01:20,  4.51it/s]
Extract:  37%|###7      | 216/578 [00:35<01:11,  5.07it/s]
Extract:  38%|###7      | 217/578 [00:35<01:13,  4.93it/s]
Extract:  38%|###7      | 219/578 [00:35<00:53,  6.74it/s]
Extract:  38%|###8      | 220/578 [00:35<00:50,  7.15it/s]
Extract:  39%|###8      | 223/578 [00:35<00:34, 10.24it/s]
Extract:  39%|###8      | 225/578 [00:36<00:44,  7.95it/s]
Extract:  39%|###9      | 226/578 [00:36<00:44,  7.92it/s]
Extract:  39%|###9      | 228/578 [00:36<00:36,  9.66it/s]
Extract:  40%|###9      | 230/578 [00:36<00:47,  7.34it/s]
Extract:  40%|###9      | 231/578 [00:36<00:49,  7.02it/s]
Extract:  40%|####      | 233/578 [00:37<00:40,  8.42it/s]
Extract:  41%|####      | 235/578 [00:37<00:37,  9.25it/s]
Extract:  41%|####1     | 237/578 [00:38<01:07,  5.02it/s]
Extract:  42%|####1     | 240/578 [00:38<00:48,  6.98it/s]
Extract:  42%|####2     | 243/578 [00:38<00:34,  9.57it/s]
Extract:  42%|####2     | 245/578 [00:38<00:40,  8.28it/s]
Extract:  43%|####2     | 247/578 [00:38<00:39,  8.28it/s]
Extract:  43%|####3     | 249/578 [00:39<00:46,  7.06it/s]
Extract:  43%|####3     | 250/578 [00:39<00:50,  6.49it/s]
Extract:  44%|####3     | 252/578 [00:39<00:41,  7.90it/s]
Extract:  44%|####4     | 255/578 [00:40<00:37,  8.51it/s]
Extract:  44%|####4     | 256/578 [00:40<00:50,  6.32it/s]
Extract:  45%|####4     | 258/578 [00:40<00:40,  7.86it/s]
Extract:  45%|####4     | 260/578 [00:40<00:33,  9.58it/s]
Extract:  45%|####5     | 262/578 [00:40<00:33,  9.43it/s]
Extract:  46%|####5     | 264/578 [00:41<00:43,  7.18it/s]
Extract:  46%|####5     | 265/578 [00:41<00:46,  6.72it/s]
Extract:  46%|####6     | 266/578 [00:41<00:45,  6.89it/s]
Extract:  46%|####6     | 267/578 [00:41<00:57,  5.41it/s]
Extract:  46%|####6     | 268/578 [00:42<00:51,  6.07it/s]
Extract:  47%|####6     | 269/578 [00:42<01:08,  4.50it/s]
Extract:  47%|####6     | 271/578 [00:42<00:46,  6.64it/s]
Extract:  47%|####7     | 273/578 [00:42<00:51,  5.96it/s]
Extract:  47%|####7     | 274/578 [00:43<01:18,  3.89it/s]
Extract:  48%|####7     | 275/578 [00:43<01:17,  3.91it/s]
Extract:  48%|####7     | 276/578 [00:43<01:11,  4.24it/s]
Extract:  48%|####7     | 277/578 [00:44<01:00,  4.94it/s]
Extract:  48%|####8     | 280/578 [00:44<00:44,  6.72it/s]
Extract:  49%|####8     | 282/578 [00:44<00:35,  8.38it/s]
Extract:  49%|####9     | 284/578 [00:44<00:43,  6.80it/s]
Extract:  49%|####9     | 285/578 [00:45<00:46,  6.35it/s]
Extract:  49%|####9     | 286/578 [00:45<00:44,  6.58it/s]
Extract:  50%|####9     | 288/578 [00:45<00:35,  8.10it/s]
Extract:  50%|#####     | 289/578 [00:45<00:36,  7.93it/s]
Extract:  50%|#####     | 290/578 [00:46<01:06,  4.33it/s]
Extract:  51%|#####     | 293/578 [00:46<00:39,  7.26it/s]
Extract:  51%|#####1    | 295/578 [00:46<00:53,  5.27it/s]
Extract:  51%|#####1    | 296/578 [00:46<00:49,  5.68it/s]
Extract:  51%|#####1    | 297/578 [00:47<01:04,  4.34it/s]
Extract:  52%|#####1    | 300/578 [00:47<00:41,  6.75it/s]
Extract:  52%|#####2    | 302/578 [00:47<00:42,  6.46it/s]
Extract:  53%|#####2    | 304/578 [00:48<00:46,  5.86it/s]
Extract:  53%|#####2    | 305/578 [00:48<00:45,  5.95it/s]
Extract:  53%|#####3    | 307/578 [00:48<00:49,  5.45it/s]
Extract:  53%|#####3    | 308/578 [00:49<00:57,  4.72it/s]
Extract:  53%|#####3    | 309/578 [00:49<01:10,  3.81it/s]
Extract:  54%|#####3    | 310/578 [00:49<01:00,  4.42it/s]
Extract:  54%|#####3    | 311/578 [00:50<01:09,  3.83it/s]
Extract:  54%|#####3    | 312/578 [00:50<01:21,  3.25it/s]
Extract:  54%|#####4    | 314/578 [00:50<01:04,  4.10it/s]
Extract:  55%|#####4    | 316/578 [00:51<00:51,  5.08it/s]
Extract:  55%|#####5    | 318/578 [00:51<00:44,  5.81it/s]
Extract:  55%|#####5    | 319/578 [00:51<00:43,  5.90it/s]
Extract:  55%|#####5    | 320/578 [00:52<01:07,  3.83it/s]
Extract:  56%|#####5    | 322/578 [00:52<00:58,  4.38it/s]
Extract:  56%|#####5    | 323/578 [00:52<00:52,  4.88it/s]
Extract:  56%|#####6    | 326/578 [00:52<00:35,  7.13it/s]
Extract:  57%|#####6    | 328/578 [00:53<00:34,  7.21it/s]
Extract:  57%|#####7    | 330/578 [00:53<00:31,  7.82it/s]
Extract:  57%|#####7    | 331/578 [00:53<00:33,  7.26it/s]
Extract:  57%|#####7    | 332/578 [00:53<00:43,  5.61it/s]
Extract:  58%|#####7    | 334/578 [00:53<00:33,  7.35it/s]
Extract:  58%|#####7    | 335/578 [00:54<00:32,  7.59it/s]
Extract:  58%|#####8    | 337/578 [00:54<00:27,  8.76it/s]
Extract:  59%|#####8    | 339/578 [00:54<00:23, 10.39it/s]
Extract:  59%|#####8    | 341/578 [00:54<00:26,  9.01it/s]
Extract:  59%|#####9    | 343/578 [00:54<00:24,  9.44it/s]
Extract:  60%|#####9    | 345/578 [00:55<00:28,  8.28it/s]
Extract:  60%|######    | 348/578 [00:55<00:20, 11.22it/s]
Extract:  61%|######    | 350/578 [00:55<00:28,  8.02it/s]
Extract:  61%|######    | 352/578 [00:56<00:42,  5.36it/s]
Extract:  61%|######1   | 353/578 [00:56<00:44,  5.11it/s]
Extract:  61%|######1   | 355/578 [00:56<00:33,  6.69it/s]
Extract:  62%|######1   | 357/578 [00:57<00:41,  5.37it/s]
Extract:  62%|######2   | 359/578 [00:57<00:35,  6.24it/s]
Extract:  62%|######2   | 360/578 [00:57<00:35,  6.08it/s]
Extract:  63%|######2   | 362/578 [00:58<00:41,  5.25it/s]
Extract:  63%|######2   | 363/578 [00:58<00:37,  5.77it/s]
Extract:  63%|######3   | 365/578 [00:58<00:34,  6.25it/s]
Extract:  63%|######3   | 366/578 [00:58<00:35,  6.00it/s]
Extract:  63%|######3   | 367/578 [00:59<00:48,  4.37it/s]
Extract:  64%|######3   | 368/578 [00:59<00:46,  4.52it/s]
Extract:  64%|######3   | 369/578 [00:59<01:03,  3.31it/s]
Extract:  64%|######4   | 372/578 [00:59<00:33,  6.17it/s]
Extract:  65%|######4   | 374/578 [01:00<00:35,  5.72it/s]
Extract:  65%|######5   | 376/578 [01:00<00:33,  6.08it/s]
Extract:  65%|######5   | 377/578 [01:01<00:46,  4.33it/s]
Extract:  65%|######5   | 378/578 [01:01<00:41,  4.82it/s]
Extract:  66%|######5   | 379/578 [01:01<00:36,  5.39it/s]
Extract:  66%|######5   | 380/578 [01:01<00:45,  4.33it/s]
Extract:  66%|######5   | 381/578 [01:01<00:41,  4.77it/s]
Extract:  66%|######6   | 382/578 [01:02<00:50,  3.86it/s]
Extract:  66%|######6   | 383/578 [01:02<00:50,  3.89it/s]
Extract:  66%|######6   | 384/578 [01:02<00:52,  3.69it/s]
Extract:  67%|######6   | 386/578 [01:03<00:35,  5.43it/s]
Extract:  67%|######6   | 387/578 [01:03<00:35,  5.41it/s]
Extract:  67%|######7   | 390/578 [01:03<00:23,  8.05it/s]
Extract:  68%|######7   | 391/578 [01:03<00:23,  8.07it/s]
Extract:  68%|######7   | 393/578 [01:03<00:25,  7.35it/s]
Extract:  68%|######8   | 394/578 [01:03<00:25,  7.26it/s]
Extract:  68%|######8   | 395/578 [01:04<00:25,  7.06it/s]
Extract:  69%|######8   | 397/578 [01:04<00:21,  8.61it/s]
Extract:  69%|######9   | 399/578 [01:04<00:18,  9.64it/s]
Extract:  69%|######9   | 401/578 [01:04<00:16, 10.89it/s]
Extract:  70%|######9   | 403/578 [01:04<00:15, 11.36it/s]
Extract:  70%|#######   | 405/578 [01:04<00:14, 11.73it/s]
Extract:  70%|#######   | 407/578 [01:05<00:19,  8.91it/s]
Extract:  71%|#######   | 409/578 [01:05<00:29,  5.79it/s]
Extract:  71%|#######   | 410/578 [01:06<00:34,  4.88it/s]
Extract:  71%|#######1  | 412/578 [01:06<00:27,  6.10it/s]
Extract:  71%|#######1  | 413/578 [01:06<00:29,  5.50it/s]
Extract:  72%|#######1  | 416/578 [01:06<00:20,  7.95it/s]
Extract:  72%|#######2  | 418/578 [01:06<00:17,  8.91it/s]
Extract:  73%|#######2  | 420/578 [01:07<00:18,  8.45it/s]
Extract:  73%|#######2  | 421/578 [01:07<00:23,  6.56it/s]
Extract:  73%|#######3  | 424/578 [01:07<00:16,  9.45it/s]
Extract:  74%|#######3  | 426/578 [01:08<00:23,  6.59it/s]
Extract:  74%|#######3  | 427/578 [01:08<00:30,  5.02it/s]
Extract:  74%|#######4  | 428/578 [01:09<00:40,  3.72it/s]
Extract:  74%|#######4  | 429/578 [01:09<00:39,  3.73it/s]
Extract:  75%|#######4  | 431/578 [01:09<00:27,  5.34it/s]
Extract:  75%|#######4  | 432/578 [01:09<00:25,  5.79it/s]
Extract:  75%|#######5  | 434/578 [01:10<00:24,  5.83it/s]
Extract:  75%|#######5  | 436/578 [01:10<00:19,  7.25it/s]
Extract:  76%|#######5  | 437/578 [01:10<00:18,  7.60it/s]
Extract:  76%|#######5  | 438/578 [01:10<00:17,  7.90it/s]
Extract:  76%|#######5  | 439/578 [01:10<00:27,  5.04it/s]
Extract:  76%|#######6  | 441/578 [01:11<00:27,  5.06it/s]
Extract:  77%|#######6  | 443/578 [01:11<00:20,  6.60it/s]
Extract:  77%|#######6  | 445/578 [01:11<00:22,  6.00it/s]
Extract:  77%|#######7  | 447/578 [01:11<00:17,  7.40it/s]
Extract:  78%|#######7  | 449/578 [01:12<00:14,  8.70it/s]
Extract:  78%|#######8  | 451/578 [01:13<00:36,  3.52it/s]
Extract:  78%|#######8  | 452/578 [01:13<00:36,  3.44it/s]
Extract:  78%|#######8  | 453/578 [01:14<00:38,  3.21it/s]
Extract:  79%|#######8  | 454/578 [01:14<00:34,  3.64it/s]
Extract:  79%|#######8  | 455/578 [01:14<00:29,  4.17it/s]
Extract:  79%|#######9  | 457/578 [01:14<00:21,  5.66it/s]
Extract:  79%|#######9  | 458/578 [01:14<00:26,  4.54it/s]
Extract:  80%|#######9  | 460/578 [01:14<00:18,  6.49it/s]
Extract:  80%|#######9  | 462/578 [01:15<00:15,  7.52it/s]
Extract:  80%|########  | 464/578 [01:15<00:15,  7.29it/s]
Extract:  81%|########  | 466/578 [01:15<00:14,  7.60it/s]
Extract:  81%|########  | 467/578 [01:16<00:18,  6.07it/s]
Extract:  81%|########  | 468/578 [01:16<00:24,  4.57it/s]
Extract:  81%|########1 | 469/578 [01:16<00:21,  5.12it/s]
Extract:  81%|########1 | 470/578 [01:16<00:21,  4.99it/s]
Extract:  81%|########1 | 471/578 [01:17<00:23,  4.55it/s]
Extract:  82%|########1 | 472/578 [01:17<00:22,  4.69it/s]
Extract:  82%|########1 | 473/578 [01:17<00:19,  5.28it/s]
Extract:  82%|########2 | 474/578 [01:17<00:20,  5.12it/s]
Extract:  82%|########2 | 475/578 [01:17<00:17,  5.91it/s]
Extract:  82%|########2 | 476/578 [01:18<00:26,  3.83it/s]
Extract:  83%|########2 | 477/578 [01:18<00:21,  4.62it/s]
Extract:  83%|########2 | 479/578 [01:18<00:17,  5.79it/s]
Extract:  83%|########3 | 481/578 [01:18<00:13,  7.05it/s]
Extract:  84%|########3 | 483/578 [01:18<00:11,  8.48it/s]
Extract:  84%|########3 | 485/578 [01:18<00:09, 10.03it/s]
Extract:  84%|########4 | 487/578 [01:19<00:09,  9.15it/s]
Extract:  85%|########4 | 489/578 [01:19<00:13,  6.59it/s]
Extract:  85%|########4 | 490/578 [01:19<00:12,  6.88it/s]
Extract:  85%|########4 | 491/578 [01:19<00:12,  6.94it/s]
Extract:  85%|########5 | 492/578 [01:20<00:13,  6.19it/s]
Extract:  85%|########5 | 493/578 [01:20<00:13,  6.21it/s]
Extract:  85%|########5 | 494/578 [01:20<00:13,  6.37it/s]
Extract:  86%|########5 | 497/578 [01:20<00:07, 10.48it/s]
Extract:  86%|########6 | 499/578 [01:21<00:10,  7.63it/s]
Extract:  87%|########6 | 501/578 [01:21<00:08,  9.27it/s]
Extract:  87%|########7 | 504/578 [01:21<00:08,  9.24it/s]
Extract:  88%|########7 | 506/578 [01:22<00:11,  6.18it/s]
Extract:  88%|########7 | 507/578 [01:22<00:10,  6.46it/s]
Extract:  88%|########7 | 508/578 [01:22<00:11,  6.19it/s]
Extract:  88%|########8 | 510/578 [01:22<00:10,  6.52it/s]
Extract:  88%|########8 | 511/578 [01:22<00:09,  6.98it/s]
Extract:  89%|########8 | 512/578 [01:23<00:11,  5.81it/s]
Extract:  89%|########8 | 513/578 [01:23<00:11,  5.79it/s]
Extract:  89%|########8 | 514/578 [01:23<00:10,  6.25it/s]
Extract:  89%|########9 | 515/578 [01:23<00:12,  4.90it/s]
Extract:  89%|########9 | 516/578 [01:24<00:28,  2.19it/s]
Extract:  89%|########9 | 517/578 [01:25<00:27,  2.25it/s]
Extract:  90%|########9 | 518/578 [01:25<00:20,  2.88it/s]
Extract:  90%|########9 | 519/578 [01:25<00:23,  2.53it/s]
Extract:  90%|########9 | 520/578 [01:26<00:22,  2.63it/s]
Extract:  90%|######### | 522/578 [01:26<00:15,  3.57it/s]
Extract:  90%|######### | 523/578 [01:26<00:15,  3.49it/s]
Extract:  91%|######### | 524/578 [01:27<00:14,  3.68it/s]
Extract:  91%|######### | 525/578 [01:27<00:12,  4.23it/s]
Extract:  91%|#########1| 526/578 [01:27<00:20,  2.55it/s]
Extract:  91%|#########1| 527/578 [01:28<00:15,  3.23it/s]
Extract:  91%|#########1| 528/578 [01:28<00:13,  3.70it/s]
Extract:  92%|#########1| 529/578 [01:28<00:12,  3.90it/s]
Extract:  92%|#########1| 530/578 [01:28<00:12,  3.91it/s]
Extract:  92%|#########1| 531/578 [01:29<00:14,  3.14it/s]
Extract:  92%|#########2| 532/578 [01:29<00:13,  3.42it/s]
Extract:  92%|#########2| 533/578 [01:29<00:11,  3.91it/s]
Extract:  92%|#########2| 534/578 [01:30<00:15,  2.89it/s]
Extract:  93%|#########2| 535/578 [01:30<00:13,  3.24it/s]
Extract:  93%|#########2| 537/578 [01:30<00:10,  3.95it/s]
Extract:  93%|#########3| 538/578 [01:31<00:11,  3.50it/s]
Extract:  93%|#########3| 540/578 [01:31<00:11,  3.27it/s]
Extract:  94%|#########3| 541/578 [01:32<00:11,  3.18it/s]
Extract:  94%|#########3| 542/578 [01:32<00:10,  3.55it/s]
Extract:  94%|#########3| 543/578 [01:32<00:10,  3.40it/s]
Extract:  94%|#########4| 545/578 [01:32<00:06,  5.10it/s]
Extract:  94%|#########4| 546/578 [01:33<00:09,  3.28it/s]
Extract:  95%|#########4| 547/578 [01:34<00:12,  2.54it/s]
Extract:  95%|#########4| 548/578 [01:34<00:09,  3.16it/s]
Extract:  95%|#########5| 550/578 [01:34<00:05,  4.70it/s]
Extract:  95%|#########5| 551/578 [01:34<00:05,  5.35it/s]
Extract:  96%|#########5| 553/578 [01:35<00:07,  3.30it/s]
Extract:  96%|#########5| 554/578 [01:36<00:11,  2.02it/s]
Extract:  96%|#########6| 555/578 [01:37<00:12,  1.85it/s]
Extract:  96%|#########6| 556/578 [01:37<00:12,  1.79it/s]
Extract:  96%|#########6| 557/578 [01:38<00:12,  1.66it/s]
Extract:  97%|#########6| 559/578 [01:38<00:07,  2.61it/s]
Extract:  97%|#########6| 560/578 [01:39<00:09,  1.98it/s]
Extract:  97%|#########7| 561/578 [01:40<00:07,  2.15it/s]
Extract:  97%|#########7| 563/578 [01:40<00:04,  3.41it/s]
Extract:  98%|#########7| 564/578 [01:40<00:05,  2.44it/s]
Extract:  98%|#########7| 565/578 [01:41<00:06,  2.12it/s]
Extract:  98%|#########7| 566/578 [01:41<00:04,  2.55it/s]
Extract:  98%|#########8| 567/578 [01:42<00:03,  2.78it/s]
Extract:  98%|#########8| 568/578 [01:42<00:04,  2.13it/s]
Extract:  99%|#########8| 570/578 [01:43<00:02,  3.16it/s]
Extract:  99%|#########8| 572/578 [01:43<00:01,  3.99it/s]
Extract:  99%|#########9| 574/578 [01:43<00:00,  5.16it/s]
Extract:  99%|#########9| 575/578 [01:43<00:00,  4.62it/s]
Extract: 100%|#########9| 576/578 [01:44<00:00,  2.65it/s]
Extract: 100%|#########9| 577/578 [01:44<00:00,  3.21it/s]
Extract: 100%|##########| 578/578 [01:44<00:00,  5.51it/s]

Extract:   0%|          | 0/578 [00:00<?, ?it/s]
Extract:   0%|          | 2/578 [00:00<00:53, 10.81it/s]
Extract:   1%|          | 4/578 [00:00<01:36,  5.96it/s]
Extract:   1%|          | 5/578 [00:00<01:38,  5.80it/s]
Extract:   1%|1         | 6/578 [00:00<01:36,  5.92it/s]
Extract:   1%|1         | 7/578 [00:01<02:19,  4.10it/s]
Extract:   1%|1         | 8/578 [00:01<02:42,  3.52it/s]
Extract:   2%|1         | 9/578 [00:02<02:52,  3.30it/s]
Extract:   2%|1         | 10/578 [00:02<02:43,  3.48it/s]
Extract:   2%|1         | 11/578 [00:02<02:39,  3.55it/s]
Extract:   2%|2         | 12/578 [00:03<04:15,  2.22it/s]
Extract:   2%|2         | 13/578 [00:03<03:26,  2.74it/s]
Extract:   2%|2         | 14/578 [00:04<03:40,  2.55it/s]
Extract:   3%|2         | 15/578 [00:04<03:59,  2.35it/s]
Extract:   3%|2         | 16/578 [00:04<03:18,  2.83it/s]
Extract:   3%|3         | 18/578 [00:04<02:00,  4.66it/s]
Extract:   3%|3         | 20/578 [00:05<01:29,  6.26it/s]
Extract:   4%|3         | 21/578 [00:05<02:30,  3.71it/s]
Extract:   4%|3         | 22/578 [00:05<02:24,  3.84it/s]
Extract:   4%|3         | 23/578 [00:06<02:32,  3.65it/s]
Extract:   4%|4         | 24/578 [00:06<02:15,  4.09it/s]
Extract:   4%|4         | 26/578 [00:06<01:37,  5.65it/s]
Extract:   5%|4         | 27/578 [00:07<02:28,  3.72it/s]
Extract:   5%|4         | 28/578 [00:07<02:07,  4.31it/s]
Extract:   5%|5         | 29/578 [00:07<01:56,  4.72it/s]
Extract:   5%|5         | 30/578 [00:07<02:26,  3.75it/s]
Extract:   5%|5         | 31/578 [00:08<02:26,  3.74it/s]
Extract:   6%|5         | 32/578 [00:08<02:00,  4.53it/s]
Extract:   6%|5         | 34/578 [00:08<01:19,  6.82it/s]
Extract:   6%|6         | 35/578 [00:08<01:14,  7.29it/s]
Extract:   6%|6         | 37/578 [00:08<01:16,  7.04it/s]
Extract:   7%|6         | 38/578 [00:08<01:16,  7.05it/s]
Extract:   7%|6         | 40/578 [00:09<01:10,  7.62it/s]
Extract:   7%|7         | 41/578 [00:09<01:12,  7.38it/s]
Extract:   7%|7         | 42/578 [00:10<03:16,  2.73it/s]
Extract:   7%|7         | 43/578 [00:11<04:18,  2.07it/s]
Extract:   8%|7         | 45/578 [00:11<02:47,  3.19it/s]
Extract:   8%|7         | 46/578 [00:11<02:23,  3.70it/s]
Extract:   8%|8         | 47/578 [00:11<02:34,  3.43it/s]
Extract:   8%|8         | 49/578 [00:12<02:10,  4.06it/s]
Extract:   9%|8         | 50/578 [00:13<03:23,  2.60it/s]
Extract:   9%|8         | 51/578 [00:13<03:50,  2.29it/s]
Extract:   9%|8         | 52/578 [00:14<04:44,  1.85it/s]
Extract:   9%|9         | 53/578 [00:14<03:52,  2.26it/s]
Extract:   9%|9         | 54/578 [00:15<05:02,  1.73it/s]
Extract:  10%|9         | 55/578 [00:16<04:51,  1.79it/s]
Extract:  10%|9         | 56/578 [00:16<03:59,  2.18it/s]
Extract:  10%|9         | 57/578 [00:16<03:05,  2.80it/s]
Extract:  10%|#         | 58/578 [00:16<03:26,  2.52it/s]
Extract:  10%|#         | 59/578 [00:17<03:27,  2.50it/s]
Extract:  10%|#         | 60/578 [00:17<03:49,  2.26it/s]
Extract:  11%|#         | 61/578 [00:18<05:25,  1.59it/s]
Extract:  11%|#         | 62/578 [00:19<05:10,  1.66it/s]
Extract:  11%|#         | 63/578 [00:19<03:58,  2.16it/s]
Extract:  11%|#1        | 64/578 [00:20<04:35,  1.87it/s]
Extract:  11%|#1        | 65/578 [00:21<05:01,  1.70it/s]
Extract:  11%|#1        | 66/578 [00:21<03:59,  2.14it/s]
Extract:  12%|#1        | 67/578 [00:22<04:49,  1.76it/s]
Extract:  12%|#1        | 69/578 [00:22<03:20,  2.54it/s]
Extract:  12%|#2        | 70/578 [00:22<02:46,  3.05it/s]
Extract:  12%|#2        | 71/578 [00:22<02:24,  3.50it/s]
Extract:  12%|#2        | 72/578 [00:22<02:10,  3.89it/s]
Extract:  13%|#2        | 73/578 [00:23<03:36,  2.33it/s]
Extract:  13%|#2        | 75/578 [00:23<02:22,  3.52it/s]
Extract:  13%|#3        | 76/578 [00:24<02:19,  3.60it/s]
Extract:  13%|#3        | 77/578 [00:24<02:58,  2.81it/s]
Extract:  14%|#3        | 79/578 [00:24<01:57,  4.23it/s]
Extract:  14%|#3        | 80/578 [00:25<01:46,  4.67it/s]
Extract:  14%|#4        | 81/578 [00:25<01:35,  5.21it/s]
Extract:  14%|#4        | 82/578 [00:25<01:24,  5.85it/s]
Extract:  14%|#4        | 83/578 [00:25<01:30,  5.49it/s]
Extract:  15%|#4        | 84/578 [00:26<02:33,  3.23it/s]
Extract:  15%|#4        | 85/578 [00:26<02:08,  3.82it/s]
Extract:  15%|#4        | 86/578 [00:26<02:24,  3.41it/s]
Extract:  15%|#5        | 88/578 [00:26<01:36,  5.08it/s]
Extract:  15%|#5        | 89/578 [00:27<02:36,  3.13it/s]
Extract:  16%|#5        | 90/578 [00:27<02:23,  3.40it/s]
Extract:  16%|#5        | 91/578 [00:28<03:40,  2.21it/s]
Extract:  16%|#5        | 92/578 [00:29<04:14,  1.91it/s]
Extract:  16%|#6        | 93/578 [00:29<03:17,  2.46it/s]
Extract:  16%|#6        | 94/578 [00:30<03:45,  2.14it/s]
Extract:  17%|#6        | 96/578 [00:30<03:34,  2.25it/s]
Extract:  17%|#6        | 97/578 [00:31<02:59,  2.68it/s]
Extract:  17%|#6        | 98/578 [00:31<02:48,  2.85it/s]
Extract:  17%|#7        | 99/578 [00:31<02:27,  3.25it/s]
Extract:  17%|#7        | 100/578 [00:31<02:47,  2.86it/s]
Extract:  17%|#7        | 101/578 [00:32<02:29,  3.20it/s]
Extract:  18%|#7        | 103/578 [00:32<01:35,  4.98it/s]
Extract:  18%|#8        | 105/578 [00:32<01:38,  4.78it/s]
Extract:  18%|#8        | 106/578 [00:32<01:32,  5.12it/s]
Extract:  19%|#8        | 107/578 [00:33<02:55,  2.68it/s]
Extract:  19%|#8        | 108/578 [00:34<03:29,  2.24it/s]
Extract:  19%|#8        | 109/578 [00:34<02:51,  2.73it/s]
Extract:  19%|#9        | 110/578 [00:35<03:02,  2.56it/s]
Extract:  19%|#9        | 111/578 [00:35<02:42,  2.88it/s]
Extract:  20%|#9        | 113/578 [00:35<01:48,  4.28it/s]
Extract:  20%|#9        | 114/578 [00:35<01:37,  4.75it/s]
Extract:  20%|#9        | 115/578 [00:35<01:45,  4.39it/s]
Extract:  20%|##        | 116/578 [00:36<02:05,  3.69it/s]
Extract:  20%|##        | 117/578 [00:37<03:08,  2.45it/s]
Extract:  21%|##        | 119/578 [00:37<01:56,  3.94it/s]
Extract:  21%|##        | 120/578 [00:38<03:00,  2.54it/s]
Extract:  21%|##        | 121/578 [00:39<04:06,  1.85it/s]
Extract:  21%|##1       | 122/578 [00:39<03:16,  2.33it/s]
Extract:  21%|##1       | 123/578 [00:39<02:58,  2.55it/s]
Extract:  21%|##1       | 124/578 [00:39<02:38,  2.87it/s]
Extract:  22%|##1       | 125/578 [00:40<04:13,  1.79it/s]
Extract:  22%|##1       | 126/578 [00:41<03:33,  2.11it/s]
Extract:  22%|##2       | 128/578 [00:41<02:22,  3.16it/s]
Extract:  22%|##2       | 130/578 [00:41<02:13,  3.36it/s]
Extract:  23%|##2       | 131/578 [00:42<02:38,  2.81it/s]
Extract:  23%|##2       | 132/578 [00:42<02:20,  3.17it/s]
Extract:  23%|##3       | 133/578 [00:43<02:38,  2.80it/s]
Extract:  23%|##3       | 134/578 [00:43<02:16,  3.24it/s]
Extract:  23%|##3       | 135/578 [00:43<02:00,  3.66it/s]
Extract:  24%|##3       | 136/578 [00:43<01:48,  4.06it/s]
Extract:  24%|##3       | 137/578 [00:44<02:22,  3.09it/s]
Extract:  24%|##3       | 138/578 [00:44<02:57,  2.48it/s]
Extract:  24%|##4       | 139/578 [00:45<03:29,  2.09it/s]
Extract:  24%|##4       | 141/578 [00:45<02:04,  3.51it/s]
Extract:  25%|##4       | 144/578 [00:45<01:11,  6.04it/s]
Extract:  25%|##5       | 146/578 [00:46<01:31,  4.71it/s]
Extract:  25%|##5       | 147/578 [00:46<01:25,  5.05it/s]
Extract:  26%|##5       | 148/578 [00:46<01:26,  4.98it/s]
Extract:  26%|##5       | 149/578 [00:47<02:01,  3.53it/s]
Extract:  26%|##5       | 150/578 [00:47<01:49,  3.90it/s]
Extract:  26%|##6       | 152/578 [00:47<01:13,  5.76it/s]
Extract:  26%|##6       | 153/578 [00:47<01:45,  4.01it/s]
Extract:  27%|##6       | 154/578 [00:48<01:30,  4.69it/s]
Extract:  27%|##6       | 155/578 [00:48<01:51,  3.80it/s]
Extract:  27%|##7       | 157/578 [00:48<01:17,  5.41it/s]
Extract:  27%|##7       | 158/578 [00:48<01:10,  5.99it/s]
Extract:  28%|##7       | 159/578 [00:49<01:30,  4.65it/s]
Extract:  28%|##7       | 160/578 [00:49<01:38,  4.24it/s]
Extract:  28%|##8       | 162/578 [00:49<01:08,  6.11it/s]
Extract:  28%|##8       | 163/578 [00:50<02:00,  3.43it/s]
Extract:  28%|##8       | 164/578 [00:50<01:42,  4.02it/s]
Extract:  29%|##8       | 165/578 [00:50<01:35,  4.33it/s]
Extract:  29%|##8       | 166/578 [00:50<01:26,  4.77it/s]
Extract:  29%|##8       | 167/578 [00:51<02:04,  3.31it/s]
Extract:  29%|##9       | 168/578 [00:51<01:48,  3.79it/s]
Extract:  29%|##9       | 169/578 [00:51<01:40,  4.06it/s]
Extract:  29%|##9       | 170/578 [00:51<01:30,  4.49it/s]
Extract:  30%|##9       | 172/578 [00:52<01:29,  4.52it/s]
Extract:  30%|##9       | 173/578 [00:52<02:09,  3.13it/s]
Extract:  30%|###       | 174/578 [00:53<02:27,  2.74it/s]
Extract:  30%|###       | 175/578 [00:53<02:00,  3.35it/s]
Extract:  30%|###       | 176/578 [00:53<01:40,  4.01it/s]
Extract:  31%|###       | 177/578 [00:54<02:40,  2.49it/s]
Extract:  31%|###       | 178/578 [00:54<02:13,  2.99it/s]
Extract:  31%|###       | 179/578 [00:54<01:51,  3.59it/s]
Extract:  31%|###1      | 180/578 [00:55<02:13,  2.99it/s]
Extract:  31%|###1      | 181/578 [00:55<02:24,  2.74it/s]
Extract:  31%|###1      | 182/578 [00:55<02:10,  3.03it/s]
Extract:  32%|###1      | 184/578 [00:56<01:42,  3.83it/s]
Extract:  32%|###2      | 185/578 [00:56<02:11,  2.98it/s]
Extract:  32%|###2      | 186/578 [00:56<01:56,  3.36it/s]
Extract:  33%|###2      | 188/578 [00:57<01:25,  4.54it/s]
Extract:  33%|###2      | 189/578 [00:58<02:24,  2.68it/s]
Extract:  33%|###3      | 191/578 [00:58<02:04,  3.11it/s]
Extract:  33%|###3      | 192/578 [00:58<01:47,  3.59it/s]
Extract:  34%|###3      | 194/578 [00:58<01:18,  4.88it/s]
Extract:  34%|###4      | 197/578 [00:59<01:25,  4.45it/s]
Extract:  34%|###4      | 198/578 [00:59<01:25,  4.42it/s]
Extract:  35%|###4      | 201/578 [01:00<01:26,  4.38it/s]
Extract:  35%|###4      | 202/578 [01:00<01:28,  4.25it/s]
Extract:  35%|###5      | 203/578 [01:01<01:57,  3.20it/s]
Extract:  35%|###5      | 205/578 [01:01<01:22,  4.50it/s]
Extract:  36%|###5      | 206/578 [01:01<01:16,  4.85it/s]
Extract:  36%|###5      | 207/578 [01:02<01:45,  3.52it/s]
Extract:  36%|###5      | 208/578 [01:02<01:28,  4.17it/s]
Extract:  36%|###6      | 209/578 [01:02<01:27,  4.22it/s]
Extract:  36%|###6      | 210/578 [01:03<02:05,  2.93it/s]
Extract:  37%|###6      | 212/578 [01:03<01:59,  3.05it/s]
Extract:  37%|###6      | 213/578 [01:03<01:47,  3.38it/s]
Extract:  37%|###7      | 215/578 [01:04<01:44,  3.49it/s]
Extract:  38%|###7      | 217/578 [01:04<01:19,  4.56it/s]
Extract:  38%|###8      | 220/578 [01:04<00:52,  6.83it/s]
Extract:  38%|###8      | 222/578 [01:04<00:42,  8.38it/s]
Extract:  39%|###8      | 224/578 [01:05<00:38,  9.20it/s]
Extract:  39%|###9      | 226/578 [01:05<00:58,  5.99it/s]
Extract:  39%|###9      | 227/578 [01:05<00:56,  6.23it/s]
Extract:  40%|###9      | 229/578 [01:06<00:51,  6.80it/s]
Extract:  40%|###9      | 230/578 [01:06<01:09,  5.00it/s]
Extract:  40%|###9      | 231/578 [01:06<01:17,  4.48it/s]
Extract:  40%|####      | 232/578 [01:06<01:10,  4.93it/s]
Extract:  40%|####      | 234/578 [01:07<00:56,  6.13it/s]
Extract:  41%|####      | 235/578 [01:07<00:51,  6.62it/s]
Extract:  41%|####      | 236/578 [01:07<01:30,  3.76it/s]
Extract:  41%|####1     | 237/578 [01:08<02:07,  2.67it/s]
Extract:  41%|####1     | 239/578 [01:08<01:20,  4.19it/s]
Extract:  42%|####1     | 240/578 [01:08<01:14,  4.57it/s]
Extract:  42%|####1     | 242/578 [01:09<00:53,  6.32it/s]
Extract:  42%|####2     | 244/578 [01:09<01:02,  5.36it/s]
Extract:  43%|####2     | 246/578 [01:09<00:49,  6.73it/s]
Extract:  43%|####2     | 247/578 [01:09<00:55,  5.99it/s]
Extract:  43%|####2     | 248/578 [01:10<01:04,  5.10it/s]
Extract:  43%|####3     | 249/578 [01:10<00:58,  5.59it/s]
Extract:  43%|####3     | 250/578 [01:10<00:52,  6.21it/s]
Extract:  43%|####3     | 251/578 [01:10<00:51,  6.32it/s]
Extract:  44%|####3     | 253/578 [01:10<00:37,  8.74it/s]
Extract:  44%|####4     | 255/578 [01:10<00:39,  8.20it/s]
Extract:  44%|####4     | 256/578 [01:11<00:55,  5.83it/s]
Extract:  45%|####4     | 258/578 [01:11<00:42,  7.51it/s]
Extract:  45%|####4     | 259/578 [01:11<00:40,  7.89it/s]
Extract:  45%|####5     | 261/578 [01:11<00:33,  9.56it/s]
Extract:  46%|####5     | 263/578 [01:13<01:37,  3.24it/s]
Extract:  46%|####5     | 265/578 [01:13<01:20,  3.89it/s]
Extract:  46%|####6     | 266/578 [01:13<01:21,  3.81it/s]
Extract:  46%|####6     | 267/578 [01:14<01:29,  3.46it/s]
Extract:  47%|####6     | 269/578 [01:14<01:18,  3.94it/s]
Extract:  47%|####6     | 271/578 [01:14<00:55,  5.49it/s]
Extract:  47%|####7     | 273/578 [01:15<01:08,  4.44it/s]
Extract:  47%|####7     | 274/578 [01:15<01:23,  3.62it/s]
Extract:  48%|####7     | 275/578 [01:16<01:32,  3.29it/s]
Extract:  48%|####7     | 276/578 [01:16<01:22,  3.66it/s]
Extract:  48%|####7     | 277/578 [01:16<01:09,  4.30it/s]
Extract:  48%|####8     | 280/578 [01:16<00:56,  5.26it/s]
Extract:  49%|####8     | 282/578 [01:16<00:47,  6.27it/s]
Extract:  49%|####8     | 283/578 [01:17<00:53,  5.49it/s]
Extract:  49%|####9     | 285/578 [01:17<00:49,  5.93it/s]
Extract:  49%|####9     | 286/578 [01:17<00:51,  5.66it/s]
Extract:  50%|####9     | 287/578 [01:18<01:21,  3.59it/s]
Extract:  50%|####9     | 288/578 [01:18<01:12,  4.01it/s]
Extract:  50%|#####     | 289/578 [01:18<01:12,  3.99it/s]
Extract:  50%|#####     | 290/578 [01:19<01:38,  2.91it/s]
Extract:  50%|#####     | 291/578 [01:19<01:23,  3.43it/s]
Extract:  51%|#####     | 293/578 [01:19<00:55,  5.17it/s]
Extract:  51%|#####     | 294/578 [01:19<00:52,  5.42it/s]
Extract:  51%|#####1    | 295/578 [01:20<01:19,  3.58it/s]
Extract:  51%|#####1    | 296/578 [01:20<01:10,  4.00it/s]
Extract:  51%|#####1    | 297/578 [01:21<01:35,  2.96it/s]
Extract:  52%|#####1    | 299/578 [01:21<01:02,  4.49it/s]
Extract:  52%|#####2    | 301/578 [01:21<01:03,  4.39it/s]
Extract:  52%|#####2    | 303/578 [01:21<00:47,  5.79it/s]
Extract:  53%|#####2    | 304/578 [01:22<01:08,  4.03it/s]
Extract:  53%|#####2    | 305/578 [01:22<01:02,  4.39it/s]
Extract:  53%|#####3    | 307/578 [01:23<00:59,  4.58it/s]
Extract:  53%|#####3    | 308/578 [01:23<01:02,  4.29it/s]
Extract:  53%|#####3    | 309/578 [01:24<01:50,  2.43it/s]
Extract:  54%|#####3    | 310/578 [01:24<01:37,  2.76it/s]
Extract:  54%|#####3    | 311/578 [01:25<01:57,  2.28it/s]
Extract:  54%|#####3    | 312/578 [01:25<02:10,  2.03it/s]
Extract:  54%|#####4    | 313/578 [01:25<01:46,  2.50it/s]
Extract:  54%|#####4    | 314/578 [01:26<01:47,  2.46it/s]
Extract:  55%|#####4    | 316/578 [01:26<01:25,  3.05it/s]
Extract:  55%|#####5    | 318/578 [01:27<01:20,  3.22it/s]
Extract:  55%|#####5    | 319/578 [01:27<01:17,  3.35it/s]
Extract:  55%|#####5    | 320/578 [01:28<01:26,  3.00it/s]
Extract:  56%|#####5    | 322/578 [01:28<01:10,  3.62it/s]
Extract:  56%|#####5    | 323/578 [01:28<01:05,  3.89it/s]
Extract:  56%|#####6    | 325/578 [01:28<00:46,  5.48it/s]
Extract:  56%|#####6    | 326/578 [01:29<00:49,  5.14it/s]
Extract:  57%|#####6    | 328/578 [01:29<00:42,  5.94it/s]
Extract:  57%|#####6    | 329/578 [01:29<00:39,  6.27it/s]
Extract:  57%|#####7    | 330/578 [01:29<00:38,  6.51it/s]
Extract:  57%|#####7    | 331/578 [01:29<00:38,  6.34it/s]
Extract:  57%|#####7    | 332/578 [01:30<00:47,  5.13it/s]
Extract:  58%|#####7    | 334/578 [01:30<00:32,  7.48it/s]
Extract:  58%|#####7    | 335/578 [01:30<00:30,  7.90it/s]
Extract:  58%|#####8    | 337/578 [01:30<00:27,  8.79it/s]
Extract:  59%|#####8    | 339/578 [01:31<00:42,  5.57it/s]
Extract:  59%|#####8    | 340/578 [01:31<00:40,  5.86it/s]
Extract:  59%|#####8    | 341/578 [01:31<00:38,  6.18it/s]
Extract:  59%|#####9    | 342/578 [01:31<00:39,  5.93it/s]
Extract:  60%|#####9    | 344/578 [01:31<00:42,  5.48it/s]
Extract:  60%|#####9    | 346/578 [01:32<00:33,  7.00it/s]
Extract:  60%|######    | 348/578 [01:32<00:26,  8.63it/s]
Extract:  61%|######    | 350/578 [01:32<00:40,  5.60it/s]
Extract:  61%|######    | 351/578 [01:33<00:52,  4.29it/s]
Extract:  61%|######1   | 353/578 [01:33<00:44,  5.02it/s]
Extract:  61%|######1   | 355/578 [01:33<00:35,  6.36it/s]
Extract:  62%|######1   | 356/578 [01:34<00:44,  4.97it/s]
Extract:  62%|######1   | 357/578 [01:34<00:45,  4.90it/s]
Extract:  62%|######2   | 359/578 [01:34<00:37,  5.87it/s]
Extract:  62%|######2   | 360/578 [01:34<00:38,  5.61it/s]
Extract:  63%|######2   | 362/578 [01:35<00:46,  4.66it/s]
Extract:  63%|######2   | 364/578 [01:35<00:35,  6.09it/s]
Extract:  63%|######3   | 365/578 [01:35<00:35,  6.05it/s]
Extract:  63%|######3   | 366/578 [01:35<00:36,  5.83it/s]
Extract:  63%|######3   | 367/578 [01:36<00:46,  4.51it/s]
Extract:  64%|######3   | 368/578 [01:36<00:44,  4.68it/s]
Extract:  64%|######3   | 369/578 [01:37<01:17,  2.68it/s]
Extract:  65%|######4   | 373/578 [01:37<00:42,  4.87it/s]
Extract:  65%|######4   | 374/578 [01:37<00:39,  5.20it/s]
Extract:  65%|######5   | 376/578 [01:37<00:35,  5.66it/s]
Extract:  65%|######5   | 377/578 [01:38<00:38,  5.17it/s]
Extract:  65%|######5   | 378/578 [01:38<00:35,  5.61it/s]
Extract:  66%|######5   | 379/578 [01:38<00:33,  6.03it/s]
Extract:  66%|######5   | 380/578 [01:38<00:40,  4.85it/s]
Extract:  66%|######5   | 381/578 [01:38<00:41,  4.78it/s]
Extract:  66%|######6   | 382/578 [01:39<00:50,  3.92it/s]
Extract:  66%|######6   | 383/578 [01:39<00:43,  4.50it/s]
Extract:  66%|######6   | 384/578 [01:39<00:52,  3.67it/s]
Extract:  67%|######6   | 386/578 [01:40<00:37,  5.06it/s]
Extract:  67%|######6   | 387/578 [01:40<00:41,  4.60it/s]
Extract:  67%|######7   | 389/578 [01:40<00:28,  6.56it/s]
Extract:  67%|######7   | 390/578 [01:40<00:28,  6.68it/s]
Extract:  68%|######7   | 391/578 [01:40<00:28,  6.60it/s]
Extract:  68%|######7   | 392/578 [01:40<00:28,  6.41it/s]
Extract:  68%|######7   | 393/578 [01:41<00:33,  5.52it/s]
Extract:  68%|######8   | 394/578 [01:41<00:35,  5.25it/s]
Extract:  68%|######8   | 395/578 [01:41<00:37,  4.86it/s]
Extract:  69%|######8   | 397/578 [01:42<00:33,  5.36it/s]
Extract:  69%|######8   | 398/578 [01:42<00:34,  5.24it/s]
Extract:  69%|######9   | 399/578 [01:42<00:32,  5.57it/s]
Extract:  69%|######9   | 401/578 [01:42<00:24,  7.35it/s]
Extract:  70%|######9   | 403/578 [01:42<00:21,  8.11it/s]
Extract:  70%|#######   | 405/578 [01:42<00:19,  8.93it/s]
Extract:  70%|#######   | 406/578 [01:43<00:22,  7.80it/s]
Extract:  70%|#######   | 407/578 [01:43<00:27,  6.22it/s]
Extract:  71%|#######   | 408/578 [01:43<00:42,  4.02it/s]
Extract:  71%|#######   | 410/578 [01:44<00:31,  5.32it/s]
Extract:  71%|#######1  | 412/578 [01:44<00:24,  6.79it/s]
Extract:  71%|#######1  | 413/578 [01:44<00:27,  5.92it/s]
Extract:  72%|#######1  | 415/578 [01:44<00:21,  7.50it/s]
Extract:  72%|#######1  | 416/578 [01:44<00:23,  7.01it/s]
Extract:  72%|#######2  | 417/578 [01:44<00:22,  7.13it/s]
Extract:  72%|#######2  | 418/578 [01:45<00:25,  6.19it/s]
Extract:  72%|#######2  | 419/578 [01:46<00:59,  2.67it/s]
Extract:  73%|#######2  | 421/578 [01:46<00:54,  2.89it/s]
Extract:  73%|#######3  | 424/578 [01:47<00:33,  4.54it/s]
Extract:  74%|#######3  | 425/578 [01:47<00:38,  3.95it/s]
Extract:  74%|#######3  | 426/578 [01:47<00:35,  4.28it/s]
Extract:  74%|#######3  | 427/578 [01:48<00:47,  3.21it/s]
Extract:  74%|#######4  | 428/578 [01:48<01:02,  2.40it/s]
Extract:  74%|#######4  | 429/578 [01:49<01:10,  2.12it/s]
Extract:  75%|#######4  | 431/578 [01:49<00:47,  3.06it/s]
Extract:  75%|#######4  | 432/578 [01:50<00:46,  3.14it/s]
Extract:  75%|#######4  | 433/578 [01:50<00:40,  3.61it/s]
Extract:  75%|#######5  | 434/578 [01:50<00:57,  2.52it/s]
Extract:  75%|#######5  | 435/578 [01:51<00:49,  2.89it/s]
Extract:  76%|#######5  | 437/578 [01:51<00:35,  3.98it/s]
Extract:  76%|#######5  | 438/578 [01:51<00:33,  4.22it/s]
Extract:  76%|#######5  | 439/578 [01:52<00:39,  3.49it/s]
Extract:  76%|#######6  | 441/578 [01:52<00:46,  2.94it/s]
Extract:  76%|#######6  | 442/578 [01:53<00:42,  3.21it/s]
Extract:  77%|#######6  | 443/578 [01:53<00:37,  3.63it/s]
Extract:  77%|#######6  | 444/578 [01:53<00:33,  4.04it/s]
Extract:  77%|#######6  | 445/578 [01:54<00:48,  2.72it/s]
Extract:  77%|#######7  | 447/578 [01:54<00:32,  4.04it/s]
Extract:  78%|#######7  | 448/578 [01:54<00:28,  4.53it/s]
Extract:  78%|#######7  | 449/578 [01:54<00:25,  5.05it/s]
Extract:  78%|#######7  | 450/578 [01:55<00:49,  2.59it/s]
Extract:  78%|#######8  | 451/578 [01:57<01:45,  1.20it/s]
Extract:  78%|#######8  | 452/578 [01:57<01:22,  1.53it/s]
Extract:  79%|#######8  | 454/578 [01:58<00:53,  2.31it/s]
Extract:  79%|#######8  | 455/578 [01:58<00:45,  2.68it/s]
Extract:  79%|#######8  | 456/578 [01:58<00:41,  2.92it/s]
Extract:  79%|#######9  | 458/578 [01:59<00:37,  3.17it/s]
Extract:  79%|#######9  | 459/578 [01:59<00:32,  3.64it/s]
Extract:  80%|#######9  | 461/578 [01:59<00:25,  4.64it/s]
Extract:  80%|#######9  | 462/578 [01:59<00:22,  5.15it/s]
Extract:  80%|########  | 463/578 [01:59<00:28,  4.00it/s]
Extract:  80%|########  | 465/578 [02:00<00:20,  5.53it/s]
Extract:  81%|########  | 466/578 [02:00<00:24,  4.61it/s]
Extract:  81%|########  | 467/578 [02:00<00:31,  3.48it/s]
Extract:  81%|########  | 468/578 [02:01<00:45,  2.44it/s]
Extract:  81%|########1 | 469/578 [02:01<00:37,  2.91it/s]
Extract:  81%|########1 | 470/578 [02:02<00:35,  3.00it/s]
Extract:  81%|########1 | 471/578 [02:02<00:36,  2.92it/s]
Extract:  82%|########1 | 472/578 [02:03<00:39,  2.67it/s]
Extract:  82%|########1 | 473/578 [02:03<00:34,  3.03it/s]
Extract:  82%|########2 | 474/578 [02:03<00:34,  3.03it/s]
Extract:  82%|########2 | 475/578 [02:03<00:30,  3.38it/s]
Extract:  82%|########2 | 476/578 [02:04<00:45,  2.26it/s]
Extract:  83%|########2 | 477/578 [02:04<00:36,  2.76it/s]
Extract:  83%|########2 | 478/578 [02:04<00:29,  3.36it/s]
Extract:  83%|########2 | 479/578 [02:05<00:27,  3.56it/s]
Extract:  83%|########3 | 480/578 [02:05<00:23,  4.19it/s]
Extract:  83%|########3 | 481/578 [02:05<00:22,  4.25it/s]
Extract:  83%|########3 | 482/578 [02:05<00:19,  4.99it/s]
Extract:  84%|########3 | 484/578 [02:05<00:14,  6.48it/s]
Extract:  84%|########4 | 486/578 [02:05<00:11,  7.91it/s]
Extract:  84%|########4 | 487/578 [02:06<00:14,  6.48it/s]
Extract:  85%|########4 | 489/578 [02:07<00:22,  3.94it/s]
Extract:  85%|########4 | 490/578 [02:07<00:21,  4.01it/s]
Extract:  85%|########4 | 491/578 [02:07<00:24,  3.50it/s]
Extract:  85%|########5 | 492/578 [02:08<00:25,  3.31it/s]
Extract:  85%|########5 | 493/578 [02:08<00:24,  3.53it/s]
Extract:  85%|########5 | 494/578 [02:09<00:39,  2.13it/s]
Extract:  86%|########5 | 496/578 [02:09<00:24,  3.33it/s]
Extract:  86%|########6 | 498/578 [02:10<00:27,  2.90it/s]
Extract:  87%|########6 | 500/578 [02:10<00:19,  4.10it/s]
Extract:  87%|########6 | 501/578 [02:10<00:17,  4.40it/s]
Extract:  87%|########7 | 503/578 [02:10<00:12,  6.08it/s]
Extract:  87%|########7 | 505/578 [02:11<00:20,  3.52it/s]
Extract:  88%|########7 | 507/578 [02:11<00:15,  4.48it/s]
Extract:  88%|########7 | 508/578 [02:12<00:15,  4.41it/s]
Extract:  88%|########8 | 510/578 [02:12<00:16,  4.21it/s]
Extract:  88%|########8 | 511/578 [02:12<00:14,  4.54it/s]
Extract:  89%|########8 | 512/578 [02:13<00:15,  4.16it/s]
Extract:  89%|########8 | 514/578 [02:13<00:11,  5.65it/s]
Extract:  89%|########9 | 515/578 [02:13<00:13,  4.74it/s]
Extract:  89%|########9 | 516/578 [02:14<00:19,  3.14it/s]
Extract:  89%|########9 | 517/578 [02:14<00:18,  3.26it/s]
Extract:  90%|########9 | 519/578 [02:14<00:14,  4.09it/s]
Extract:  90%|########9 | 520/578 [02:14<00:12,  4.47it/s]
Extract:  90%|######### | 522/578 [02:15<00:09,  6.00it/s]
Extract:  90%|######### | 523/578 [02:15<00:10,  5.03it/s]
Extract:  91%|######### | 524/578 [02:15<00:10,  5.32it/s]
Extract:  91%|#########1| 526/578 [02:16<00:13,  4.00it/s]
Extract:  91%|#########1| 528/578 [02:16<00:09,  5.24it/s]
Extract:  92%|#########1| 529/578 [02:16<00:08,  5.46it/s]
Extract:  92%|#########1| 530/578 [02:16<00:08,  5.47it/s]
Extract:  92%|#########1| 531/578 [02:16<00:08,  5.74it/s]
Extract:  92%|#########2| 532/578 [02:17<00:07,  6.08it/s]
Extract:  92%|#########2| 533/578 [02:17<00:06,  6.68it/s]
Extract:  92%|#########2| 534/578 [02:17<00:07,  5.75it/s]
Extract:  93%|#########2| 536/578 [02:17<00:05,  8.05it/s]
Extract:  93%|#########2| 537/578 [02:17<00:05,  6.96it/s]
Extract:  93%|#########3| 538/578 [02:18<00:07,  5.56it/s]
Extract:  93%|#########3| 540/578 [02:18<00:07,  5.27it/s]
Extract:  94%|#########3| 541/578 [02:18<00:07,  5.25it/s]
Extract:  94%|#########3| 543/578 [02:19<00:10,  3.46it/s]
Extract:  94%|#########4| 546/578 [02:20<00:08,  3.89it/s]
Extract:  95%|#########4| 547/578 [02:20<00:09,  3.33it/s]
Extract:  95%|#########5| 550/578 [02:20<00:05,  5.27it/s]
Extract:  96%|#########5| 553/578 [02:21<00:04,  5.18it/s]
Extract:  96%|#########5| 554/578 [02:22<00:06,  3.73it/s]
Extract:  96%|#########6| 555/578 [02:22<00:07,  3.25it/s]
Extract:  96%|#########6| 556/578 [02:22<00:06,  3.44it/s]
Extract:  96%|#########6| 557/578 [02:23<00:05,  3.57it/s]
Extract:  97%|#########6| 560/578 [02:23<00:03,  4.52it/s]
Extract:  97%|#########7| 561/578 [02:23<00:03,  4.66it/s]
Extract:  98%|#########7| 564/578 [02:24<00:02,  4.80it/s]
Extract:  98%|#########7| 565/578 [02:24<00:03,  3.95it/s]
Extract:  98%|#########7| 566/578 [02:24<00:02,  4.43it/s]
Extract:  98%|#########8| 567/578 [02:25<00:02,  4.45it/s]
Extract:  98%|#########8| 568/578 [02:25<00:02,  3.55it/s]
Extract:  99%|#########8| 570/578 [02:25<00:01,  5.02it/s]
Extract:  99%|#########8| 572/578 [02:25<00:00,  6.05it/s]
Extract:  99%|#########9| 574/578 [02:26<00:00,  7.56it/s]
Extract:  99%|#########9| 575/578 [02:26<00:00,  7.03it/s]
Extract: 100%|#########9| 576/578 [02:27<00:00,  2.76it/s]
Extract: 100%|##########| 578/578 [02:27<00:00,  3.92it/s]

Extract:   0%|          | 0/578 [00:00<?, ?it/s]
Extract:   0%|          | 2/578 [00:00<00:30, 18.72it/s]
Extract:   1%|          | 4/578 [00:00<00:59,  9.68it/s]
Extract:   1%|1         | 6/578 [00:00<01:01,  9.33it/s]
Extract:   1%|1         | 8/578 [00:01<01:54,  4.97it/s]
Extract:   2%|1         | 9/578 [00:01<02:11,  4.31it/s]
Extract:   2%|1         | 10/578 [00:01<02:08,  4.41it/s]
Extract:   2%|1         | 11/578 [00:02<02:04,  4.54it/s]
Extract:   2%|2         | 12/578 [00:02<02:39,  3.56it/s]
Extract:   2%|2         | 13/578 [00:02<02:12,  4.27it/s]
Extract:   2%|2         | 14/578 [00:02<02:28,  3.81it/s]
Extract:   3%|2         | 15/578 [00:03<02:54,  3.22it/s]
Extract:   3%|2         | 16/578 [00:03<02:40,  3.51it/s]
Extract:   3%|3         | 19/578 [00:03<01:23,  6.70it/s]
Extract:   4%|3         | 21/578 [00:04<01:38,  5.65it/s]
Extract:   4%|3         | 22/578 [00:04<01:40,  5.55it/s]
Extract:   4%|3         | 23/578 [00:04<01:49,  5.06it/s]
Extract:   4%|4         | 24/578 [00:04<01:40,  5.49it/s]
Extract:   4%|4         | 26/578 [00:04<01:12,  7.66it/s]
Extract:   5%|4         | 28/578 [00:05<01:47,  5.13it/s]
Extract:   5%|5         | 29/578 [00:05<01:40,  5.47it/s]
Extract:   5%|5         | 30/578 [00:05<01:52,  4.86it/s]
Extract:   5%|5         | 31/578 [00:06<01:49,  5.01it/s]
Extract:   6%|5         | 34/578 [00:06<01:06,  8.23it/s]
Extract:   6%|6         | 36/578 [00:06<00:56,  9.62it/s]
Extract:   7%|6         | 38/578 [00:06<01:02,  8.68it/s]
Extract:   7%|6         | 40/578 [00:06<00:55,  9.64it/s]
Extract:   7%|7         | 42/578 [00:07<01:27,  6.13it/s]
Extract:   7%|7         | 43/578 [00:07<01:48,  4.94it/s]
Extract:   8%|7         | 44/578 [00:07<01:39,  5.39it/s]
Extract:   8%|7         | 46/578 [00:08<01:18,  6.80it/s]
Extract:   8%|8         | 47/578 [00:08<01:24,  6.26it/s]
Extract:   8%|8         | 49/578 [00:08<01:06,  7.99it/s]
Extract:   9%|8         | 50/578 [00:08<01:54,  4.63it/s]
Extract:   9%|8         | 51/578 [00:09<02:15,  3.88it/s]
Extract:   9%|8         | 52/578 [00:09<02:36,  3.36it/s]
Extract:   9%|9         | 54/578 [00:10<02:15,  3.87it/s]
Extract:  10%|9         | 55/578 [00:10<02:21,  3.70it/s]
Extract:  10%|9         | 56/578 [00:10<02:27,  3.54it/s]
Extract:  10%|#         | 58/578 [00:11<01:58,  4.39it/s]
Extract:  10%|#         | 59/578 [00:11<01:56,  4.47it/s]
Extract:  10%|#         | 60/578 [00:11<02:16,  3.78it/s]
Extract:  11%|#         | 61/578 [00:12<02:22,  3.62it/s]
Extract:  11%|#         | 63/578 [00:12<01:35,  5.37it/s]
Extract:  11%|#1        | 64/578 [00:12<01:40,  5.13it/s]
Extract:  11%|#1        | 65/578 [00:12<02:05,  4.10it/s]
Extract:  11%|#1        | 66/578 [00:12<02:03,  4.14it/s]
Extract:  12%|#1        | 67/578 [00:13<02:47,  3.06it/s]
Extract:  12%|#1        | 69/578 [00:13<01:55,  4.42it/s]
Extract:  12%|#2        | 71/578 [00:13<01:27,  5.81it/s]
Extract:  12%|#2        | 72/578 [00:14<01:19,  6.34it/s]
Extract:  13%|#2        | 73/578 [00:14<01:53,  4.43it/s]
Extract:  13%|#2        | 75/578 [00:14<01:21,  6.16it/s]
Extract:  13%|#3        | 76/578 [00:14<01:21,  6.12it/s]
Extract:  13%|#3        | 77/578 [00:15<02:09,  3.86it/s]
Extract:  14%|#3        | 79/578 [00:15<01:27,  5.70it/s]
Extract:  14%|#3        | 80/578 [00:15<01:19,  6.25it/s]
Extract:  14%|#4        | 82/578 [00:15<01:07,  7.39it/s]
Extract:  14%|#4        | 83/578 [00:15<01:12,  6.85it/s]
Extract:  15%|#4        | 84/578 [00:16<02:02,  4.02it/s]
Extract:  15%|#4        | 86/578 [00:16<01:36,  5.08it/s]
Extract:  15%|#5        | 88/578 [00:16<01:10,  6.93it/s]
Extract:  16%|#5        | 90/578 [00:17<01:49,  4.45it/s]
Extract:  16%|#5        | 91/578 [00:18<02:36,  3.12it/s]
Extract:  16%|#5        | 92/578 [00:18<03:02,  2.67it/s]
Extract:  16%|#6        | 94/578 [00:19<02:18,  3.50it/s]
Extract:  17%|#6        | 96/578 [00:19<02:17,  3.49it/s]
Extract:  17%|#6        | 97/578 [00:19<02:01,  3.97it/s]
Extract:  17%|#6        | 98/578 [00:20<02:00,  3.97it/s]
Extract:  17%|#7        | 99/578 [00:20<01:43,  4.63it/s]
Extract:  17%|#7        | 100/578 [00:20<01:43,  4.60it/s]
Extract:  17%|#7        | 101/578 [00:20<01:32,  5.14it/s]
Extract:  18%|#7        | 104/578 [00:20<00:54,  8.71it/s]
Extract:  18%|#8        | 106/578 [00:21<01:22,  5.70it/s]
Extract:  19%|#8        | 107/578 [00:21<02:00,  3.92it/s]
Extract:  19%|#8        | 108/578 [00:22<02:00,  3.90it/s]
Extract:  19%|#9        | 110/578 [00:22<01:42,  4.57it/s]
Extract:  19%|#9        | 111/578 [00:22<01:38,  4.76it/s]
Extract:  20%|#9        | 113/578 [00:22<01:10,  6.56it/s]
Extract:  20%|#9        | 115/578 [00:22<01:02,  7.44it/s]
Extract:  20%|##        | 116/578 [00:23<01:21,  5.68it/s]
Extract:  20%|##        | 117/578 [00:23<02:03,  3.73it/s]
Extract:  21%|##        | 119/578 [00:23<01:24,  5.44it/s]
Extract:  21%|##        | 120/578 [00:24<02:32,  3.01it/s]
Extract:  21%|##        | 121/578 [00:25<02:49,  2.70it/s]
Extract:  21%|##1       | 123/578 [00:25<01:54,  3.96it/s]
Extract:  22%|##1       | 125/578 [00:26<01:53,  4.00it/s]
Extract:  22%|##1       | 126/578 [00:26<02:05,  3.61it/s]
Extract:  22%|##1       | 127/578 [00:26<01:48,  4.17it/s]
Extract:  22%|##2       | 128/578 [00:26<01:44,  4.30it/s]
Extract:  22%|##2       | 130/578 [00:27<01:50,  4.07it/s]
Extract:  23%|##2       | 131/578 [00:27<02:35,  2.88it/s]
Extract:  23%|##2       | 132/578 [00:28<02:16,  3.28it/s]
Extract:  23%|##3       | 133/578 [00:28<02:20,  3.16it/s]
Extract:  23%|##3       | 134/578 [00:28<02:02,  3.61it/s]
Extract:  23%|##3       | 135/578 [00:28<01:50,  4.01it/s]
Extract:  24%|##3       | 136/578 [00:28<01:43,  4.28it/s]
Extract:  24%|##3       | 137/578 [00:29<02:26,  3.01it/s]
Extract:  24%|##3       | 138/578 [00:30<02:40,  2.74it/s]
Extract:  24%|##4       | 139/578 [00:30<02:49,  2.60it/s]
Extract:  24%|##4       | 141/578 [00:30<01:43,  4.24it/s]
Extract:  25%|##4       | 144/578 [00:30<01:00,  7.20it/s]
Extract:  25%|##5       | 146/578 [00:31<01:16,  5.64it/s]
Extract:  25%|##5       | 147/578 [00:31<01:10,  6.13it/s]
Extract:  26%|##5       | 148/578 [00:31<01:09,  6.17it/s]
Extract:  26%|##5       | 149/578 [00:31<01:37,  4.38it/s]
Extract:  26%|##5       | 150/578 [00:32<01:30,  4.75it/s]
Extract:  26%|##6       | 153/578 [00:32<01:25,  4.95it/s]
Extract:  27%|##6       | 155/578 [00:33<01:35,  4.41it/s]
Extract:  27%|##7       | 157/578 [00:33<01:25,  4.94it/s]
Extract:  28%|##7       | 159/578 [00:33<01:10,  5.94it/s]
Extract:  28%|##7       | 160/578 [00:33<01:17,  5.39it/s]
Extract:  28%|##8       | 163/578 [00:34<01:24,  4.94it/s]
Extract:  28%|##8       | 164/578 [00:34<01:17,  5.35it/s]
Extract:  29%|##8       | 165/578 [00:34<01:13,  5.60it/s]
Extract:  29%|##8       | 166/578 [00:35<01:12,  5.69it/s]
Extract:  29%|##8       | 167/578 [00:35<01:37,  4.21it/s]
Extract:  29%|##9       | 168/578 [00:35<01:24,  4.82it/s]
Extract:  29%|##9       | 169/578 [00:35<01:13,  5.56it/s]
Extract:  29%|##9       | 170/578 [00:35<01:15,  5.43it/s]
Extract:  30%|##9       | 172/578 [00:36<01:09,  5.81it/s]
Extract:  30%|##9       | 173/578 [00:36<01:58,  3.42it/s]
Extract:  30%|###       | 174/578 [00:37<01:41,  3.98it/s]
Extract:  30%|###       | 176/578 [00:37<01:16,  5.24it/s]
Extract:  31%|###       | 177/578 [00:37<01:55,  3.47it/s]
Extract:  31%|###       | 178/578 [00:38<01:42,  3.89it/s]
Extract:  31%|###       | 179/578 [00:38<01:35,  4.20it/s]
Extract:  31%|###1      | 180/578 [00:38<01:57,  3.40it/s]
Extract:  31%|###1      | 181/578 [00:39<02:07,  3.11it/s]
Extract:  31%|###1      | 182/578 [00:39<01:52,  3.51it/s]
Extract:  32%|###1      | 184/578 [00:39<01:30,  4.35it/s]
Extract:  32%|###2      | 185/578 [00:40<02:10,  3.02it/s]
Extract:  32%|###2      | 186/578 [00:40<01:52,  3.49it/s]
Extract:  33%|###2      | 188/578 [00:40<01:24,  4.59it/s]
Extract:  33%|###2      | 189/578 [00:41<01:44,  3.71it/s]
Extract:  33%|###3      | 191/578 [00:41<01:40,  3.87it/s]
Extract:  33%|###3      | 192/578 [00:41<01:27,  4.40it/s]
Extract:  34%|###3      | 194/578 [00:41<01:04,  6.00it/s]
Extract:  34%|###3      | 195/578 [00:41<01:01,  6.27it/s]
Extract:  34%|###4      | 197/578 [00:42<01:31,  4.15it/s]
Extract:  34%|###4      | 198/578 [00:42<01:27,  4.34it/s]
Extract:  35%|###4      | 201/578 [00:43<01:18,  4.78it/s]
Extract:  35%|###4      | 202/578 [00:43<01:21,  4.63it/s]
Extract:  35%|###5      | 203/578 [00:44<01:43,  3.62it/s]
Extract:  35%|###5      | 205/578 [00:44<01:13,  5.09it/s]
Extract:  36%|###5      | 206/578 [00:44<01:07,  5.50it/s]
Extract:  36%|###5      | 207/578 [00:44<01:17,  4.81it/s]
Extract:  36%|###6      | 209/578 [00:44<00:59,  6.25it/s]
Extract:  36%|###6      | 210/578 [00:45<01:15,  4.85it/s]
Extract:  37%|###6      | 212/578 [00:45<01:23,  4.38it/s]
Extract:  37%|###6      | 213/578 [00:45<01:15,  4.83it/s]
Extract:  37%|###7      | 215/578 [00:46<01:14,  4.90it/s]
Extract:  38%|###7      | 217/578 [00:46<01:02,  5.79it/s]
Extract:  38%|###8      | 220/578 [00:46<00:45,  7.91it/s]
Extract:  38%|###8      | 221/578 [00:46<00:44,  7.95it/s]
Extract:  39%|###8      | 223/578 [00:46<00:36,  9.79it/s]
Extract:  39%|###8      | 225/578 [00:47<00:55,  6.39it/s]
Extract:  39%|###9      | 226/578 [00:47<00:56,  6.25it/s]
Extract:  39%|###9      | 227/578 [00:47<00:53,  6.58it/s]
Extract:  40%|###9      | 229/578 [00:48<00:50,  6.93it/s]
Extract:  40%|###9      | 230/578 [00:48<01:20,  4.32it/s]
Extract:  40%|###9      | 231/578 [00:48<01:21,  4.26it/s]
Extract:  40%|####      | 232/578 [00:49<01:15,  4.60it/s]
Extract:  40%|####      | 233/578 [00:49<01:06,  5.19it/s]
Extract:  40%|####      | 234/578 [00:49<01:01,  5.58it/s]
Extract:  41%|####      | 235/578 [00:49<01:01,  5.59it/s]
Extract:  41%|####      | 236/578 [00:49<01:31,  3.73it/s]
Extract:  41%|####1     | 237/578 [00:50<01:47,  3.16it/s]
Extract:  41%|####1     | 239/578 [00:50<01:10,  4.84it/s]
Extract:  42%|####1     | 240/578 [00:50<01:06,  5.05it/s]
Extract:  42%|####1     | 242/578 [00:50<00:46,  7.24it/s]
Extract:  42%|####2     | 244/578 [00:51<01:01,  5.47it/s]
Extract:  42%|####2     | 245/578 [00:51<00:56,  5.95it/s]
Extract:  43%|####2     | 247/578 [00:51<00:58,  5.68it/s]
Extract:  43%|####2     | 248/578 [00:52<01:09,  4.74it/s]
Extract:  43%|####3     | 249/578 [00:52<01:03,  5.16it/s]
Extract:  43%|####3     | 250/578 [00:52<01:14,  4.39it/s]
Extract:  43%|####3     | 251/578 [00:52<01:06,  4.90it/s]
Extract:  44%|####3     | 253/578 [00:52<00:47,  6.85it/s]
Extract:  44%|####4     | 255/578 [00:53<00:47,  6.87it/s]
Extract:  44%|####4     | 256/578 [00:53<01:05,  4.94it/s]
Extract:  45%|####4     | 258/578 [00:53<00:50,  6.31it/s]
Extract:  45%|####4     | 259/578 [00:53<00:47,  6.67it/s]
Extract:  45%|####5     | 261/578 [00:54<00:38,  8.16it/s]
Extract:  45%|####5     | 262/578 [00:54<00:49,  6.44it/s]
Extract:  46%|####5     | 263/578 [00:54<01:14,  4.21it/s]
Extract:  46%|####5     | 265/578 [00:55<01:09,  4.51it/s]
Extract:  46%|####6     | 266/578 [00:55<01:11,  4.37it/s]
Extract:  46%|####6     | 267/578 [00:56<01:47,  2.90it/s]
Extract:  46%|####6     | 268/578 [00:56<01:27,  3.53it/s]
Extract:  47%|####6     | 269/578 [00:56<01:34,  3.29it/s]
Extract:  47%|####6     | 271/578 [00:56<00:59,  5.15it/s]
Extract:  47%|####7     | 273/578 [00:57<01:12,  4.22it/s]
Extract:  47%|####7     | 274/578 [00:57<01:35,  3.18it/s]
Extract:  48%|####7     | 275/578 [00:58<01:48,  2.80it/s]
Extract:  48%|####7     | 276/578 [00:58<01:34,  3.19it/s]
Extract:  48%|####7     | 277/578 [00:58<01:18,  3.83it/s]
Extract:  48%|####8     | 280/578 [00:59<01:12,  4.14it/s]
Extract:  49%|####8     | 282/578 [00:59<00:56,  5.23it/s]
Extract:  49%|####8     | 283/578 [00:59<01:01,  4.79it/s]
Extract:  49%|####9     | 285/578 [01:00<00:54,  5.39it/s]
Extract:  49%|####9     | 286/578 [01:00<00:55,  5.30it/s]
Extract:  50%|####9     | 287/578 [01:00<00:51,  5.68it/s]
Extract:  50%|####9     | 288/578 [01:00<00:48,  6.04it/s]
Extract:  50%|#####     | 289/578 [01:00<00:52,  5.50it/s]
Extract:  50%|#####     | 290/578 [01:01<01:13,  3.90it/s]
Extract:  50%|#####     | 291/578 [01:01<01:01,  4.67it/s]
Extract:  51%|#####     | 294/578 [01:01<00:41,  6.84it/s]
Extract:  51%|#####1    | 295/578 [01:02<01:09,  4.09it/s]
Extract:  51%|#####1    | 296/578 [01:02<01:00,  4.68it/s]
Extract:  51%|#####1    | 297/578 [01:03<01:21,  3.43it/s]
Extract:  52%|#####1    | 299/578 [01:03<00:54,  5.09it/s]
Extract:  52%|#####2    | 301/578 [01:03<00:59,  4.68it/s]
Extract:  53%|#####2    | 304/578 [01:04<00:54,  5.04it/s]
Extract:  53%|#####2    | 305/578 [01:04<00:51,  5.35it/s]
Extract:  53%|#####3    | 307/578 [01:04<00:49,  5.51it/s]
Extract:  53%|#####3    | 308/578 [01:04<00:51,  5.22it/s]
Extract:  53%|#####3    | 309/578 [01:05<01:04,  4.15it/s]
Extract:  54%|#####3    | 310/578 [01:05<01:00,  4.40it/s]
Extract:  54%|#####3    | 311/578 [01:06<01:27,  3.04it/s]
Extract:  54%|#####3    | 312/578 [01:06<01:32,  2.89it/s]
Extract:  54%|#####4    | 314/578 [01:06<01:11,  3.71it/s]
Extract:  55%|#####4    | 316/578 [01:07<00:56,  4.60it/s]
Extract:  55%|#####5    | 318/578 [01:07<00:57,  4.51it/s]
Extract:  55%|#####5    | 319/578 [01:07<00:57,  4.50it/s]
Extract:  55%|#####5    | 320/578 [01:08<01:03,  4.07it/s]
Extract:  56%|#####5    | 322/578 [01:08<00:51,  5.01it/s]
Extract:  56%|#####5    | 323/578 [01:08<00:47,  5.37it/s]
Extract:  56%|#####6    | 325/578 [01:08<00:34,  7.30it/s]
Extract:  56%|#####6    | 326/578 [01:09<00:49,  5.13it/s]
Extract:  57%|#####6    | 328/578 [01:09<00:42,  5.95it/s]
Extract:  57%|#####7    | 330/578 [01:09<00:34,  7.11it/s]
Extract:  57%|#####7    | 331/578 [01:09<00:35,  6.89it/s]
Extract:  57%|#####7    | 332/578 [01:09<00:45,  5.47it/s]
Extract:  58%|#####7    | 334/578 [01:10<00:33,  7.36it/s]
Extract:  58%|#####7    | 335/578 [01:10<00:32,  7.47it/s]
Extract:  58%|#####8    | 337/578 [01:10<00:30,  8.01it/s]
Extract:  59%|#####8    | 339/578 [01:10<00:29,  8.05it/s]
Extract:  59%|#####8    | 340/578 [01:10<00:33,  7.15it/s]
Extract:  59%|#####8    | 341/578 [01:11<00:37,  6.39it/s]
Extract:  59%|#####9    | 342/578 [01:11<00:37,  6.22it/s]
Extract:  60%|#####9    | 344/578 [01:11<00:38,  6.07it/s]
Extract:  60%|#####9    | 346/578 [01:11<00:30,  7.60it/s]
Extract:  60%|######    | 348/578 [01:11<00:25,  9.15it/s]
Extract:  61%|######    | 350/578 [01:12<00:36,  6.21it/s]
Extract:  61%|######    | 351/578 [01:12<00:53,  4.27it/s]
Extract:  61%|######1   | 353/578 [01:13<00:40,  5.55it/s]
Extract:  62%|######1   | 356/578 [01:13<00:36,  6.14it/s]
Extract:  62%|######1   | 357/578 [01:13<00:37,  5.82it/s]
Extract:  62%|######2   | 359/578 [01:13<00:31,  7.00it/s]
Extract:  62%|######2   | 360/578 [01:14<00:30,  7.07it/s]
Extract:  63%|######2   | 362/578 [01:14<00:31,  6.76it/s]
Extract:  63%|######2   | 364/578 [01:14<00:24,  8.66it/s]
Extract:  63%|######3   | 366/578 [01:14<00:24,  8.68it/s]
Extract:  64%|######3   | 368/578 [01:15<00:29,  7.04it/s]
Extract:  64%|######3   | 369/578 [01:15<00:50,  4.15it/s]
Extract:  65%|######4   | 373/578 [01:16<00:31,  6.52it/s]
Extract:  65%|######4   | 375/578 [01:16<00:25,  7.84it/s]
Extract:  65%|######5   | 377/578 [01:16<00:28,  7.17it/s]
Extract:  66%|######5   | 379/578 [01:16<00:24,  8.22it/s]
Extract:  66%|######5   | 381/578 [01:16<00:24,  7.93it/s]
Extract:  66%|######6   | 382/578 [01:17<00:28,  6.83it/s]
Extract:  66%|######6   | 384/578 [01:17<00:28,  6.82it/s]
Extract:  67%|######6   | 386/578 [01:17<00:22,  8.38it/s]
Extract:  67%|######7   | 388/578 [01:17<00:21,  8.99it/s]
Extract:  68%|######7   | 391/578 [01:17<00:17, 10.44it/s]
Extract:  68%|######7   | 393/578 [01:18<00:20,  9.24it/s]
Extract:  68%|######8   | 395/578 [01:18<00:23,  7.84it/s]
Extract:  69%|######8   | 397/578 [01:18<00:20,  8.71it/s]
Extract:  69%|######9   | 399/578 [01:18<00:19,  9.32it/s]
Extract:  70%|######9   | 402/578 [01:19<00:15, 11.58it/s]
Extract:  70%|#######   | 405/578 [01:19<00:12, 13.51it/s]
Extract:  70%|#######   | 407/578 [01:19<00:17,  9.64it/s]
Extract:  71%|#######   | 409/578 [01:20<00:26,  6.44it/s]
Extract:  71%|#######   | 410/578 [01:20<00:25,  6.58it/s]
Extract:  71%|#######1  | 412/578 [01:20<00:20,  8.06it/s]
Extract:  72%|#######1  | 414/578 [01:20<00:19,  8.58it/s]
Extract:  72%|#######1  | 416/578 [01:20<00:17,  9.32it/s]
Extract:  72%|#######2  | 418/578 [01:21<00:16,  9.90it/s]
Extract:  73%|#######2  | 420/578 [01:21<00:14, 10.81it/s]
Extract:  73%|#######3  | 422/578 [01:21<00:18,  8.47it/s]
Extract:  73%|#######3  | 424/578 [01:21<00:15,  9.83it/s]
Extract:  74%|#######3  | 426/578 [01:22<00:20,  7.46it/s]
Extract:  74%|#######3  | 427/578 [01:22<00:26,  5.61it/s]
Extract:  74%|#######4  | 428/578 [01:22<00:35,  4.21it/s]
Extract:  74%|#######4  | 429/578 [01:23<00:38,  3.87it/s]
Extract:  75%|#######4  | 431/578 [01:23<00:26,  5.60it/s]
Extract:  75%|#######4  | 432/578 [01:23<00:24,  6.07it/s]
Extract:  75%|#######5  | 434/578 [01:23<00:22,  6.31it/s]
Extract:  75%|#######5  | 436/578 [01:23<00:17,  8.05it/s]
Extract:  76%|#######5  | 438/578 [01:24<00:15,  9.32it/s]
Extract:  76%|#######6  | 440/578 [01:24<00:13, 10.09it/s]
Extract:  76%|#######6  | 442/578 [01:24<00:18,  7.42it/s]
Extract:  77%|#######6  | 444/578 [01:24<00:14,  9.01it/s]
Extract:  77%|#######7  | 446/578 [01:25<00:15,  8.31it/s]
Extract:  78%|#######7  | 449/578 [01:25<00:11, 11.19it/s]
Extract:  78%|#######8  | 451/578 [01:25<00:22,  5.75it/s]
Extract:  78%|#######8  | 453/578 [01:26<00:17,  7.06it/s]
Extract:  79%|#######8  | 455/578 [01:26<00:14,  8.44it/s]
Extract:  79%|#######9  | 458/578 [01:26<00:13,  9.10it/s]
Extract:  80%|#######9  | 461/578 [01:26<00:10, 11.06it/s]
Extract:  80%|########  | 463/578 [01:26<00:11,  9.77it/s]
Extract:  81%|########  | 466/578 [01:27<00:09, 11.26it/s]
Extract:  81%|########  | 468/578 [01:27<00:14,  7.49it/s]
Extract:  81%|########1 | 470/578 [01:27<00:14,  7.52it/s]
Extract:  81%|########1 | 471/578 [01:28<00:14,  7.26it/s]
Extract:  82%|########1 | 472/578 [01:28<00:14,  7.14it/s]
Extract:  82%|########2 | 474/578 [01:28<00:17,  5.91it/s]
Extract:  82%|########2 | 476/578 [01:29<00:18,  5.49it/s]
Extract:  83%|########2 | 478/578 [01:29<00:14,  6.79it/s]
Extract:  83%|########3 | 480/578 [01:29<00:12,  7.99it/s]
Extract:  83%|########3 | 482/578 [01:29<00:10,  9.20it/s]
Extract:  84%|########3 | 485/578 [01:29<00:07, 12.19it/s]
Extract:  84%|########4 | 487/578 [01:29<00:07, 12.16it/s]
Extract:  85%|########4 | 489/578 [01:30<00:09,  9.24it/s]
Extract:  85%|########4 | 491/578 [01:30<00:09,  9.12it/s]
Extract:  85%|########5 | 493/578 [01:30<00:11,  7.67it/s]
Extract:  86%|########5 | 495/578 [01:30<00:09,  8.99it/s]
Extract:  86%|########6 | 498/578 [01:31<00:10,  7.96it/s]
Extract:  87%|########6 | 501/578 [01:31<00:07,  9.71it/s]
Extract:  87%|########7 | 504/578 [01:31<00:07,  9.92it/s]
Extract:  88%|########7 | 506/578 [01:32<00:11,  6.17it/s]
Extract:  88%|########7 | 508/578 [01:32<00:10,  6.54it/s]
Extract:  88%|########8 | 510/578 [01:33<00:09,  7.14it/s]
Extract:  88%|########8 | 511/578 [01:33<00:08,  7.47it/s]
Extract:  89%|########8 | 512/578 [01:33<00:09,  6.88it/s]
Extract:  89%|########8 | 514/578 [01:33<00:07,  8.91it/s]
Extract:  89%|########9 | 516/578 [01:34<00:10,  5.64it/s]
Extract:  89%|########9 | 517/578 [01:34<00:11,  5.45it/s]
Extract:  90%|########9 | 519/578 [01:34<00:09,  6.11it/s]
Extract:  90%|######### | 521/578 [01:34<00:07,  7.73it/s]
Extract:  90%|######### | 523/578 [01:34<00:06,  7.98it/s]
Extract:  91%|######### | 524/578 [01:34<00:06,  8.28it/s]
Extract:  91%|#########1| 526/578 [01:35<00:07,  6.77it/s]
Extract:  91%|#########1| 528/578 [01:35<00:06,  8.27it/s]
Extract:  92%|#########1| 530/578 [01:35<00:05,  8.31it/s]
Extract:  92%|#########2| 532/578 [01:35<00:05,  8.99it/s]
Extract:  92%|#########2| 534/578 [01:36<00:06,  6.29it/s]
Extract:  93%|#########2| 537/578 [01:36<00:05,  7.71it/s]
Extract:  93%|#########3| 538/578 [01:36<00:05,  6.96it/s]
Extract:  93%|#########3| 540/578 [01:37<00:05,  6.44it/s]
Extract:  94%|#########3| 541/578 [01:37<00:05,  6.89it/s]
Extract:  94%|#########3| 543/578 [01:37<00:04,  7.68it/s]
Extract:  94%|#########4| 546/578 [01:38<00:05,  6.34it/s]
Extract:  95%|#########4| 547/578 [01:38<00:06,  5.14it/s]
Extract:  95%|#########5| 551/578 [01:38<00:03,  8.65it/s]
Extract:  96%|#########5| 553/578 [01:39<00:03,  7.14it/s]
Extract:  96%|#########6| 555/578 [01:40<00:05,  3.95it/s]
Extract:  96%|#########6| 556/578 [01:40<00:05,  4.03it/s]
Extract:  96%|#########6| 557/578 [01:40<00:04,  4.24it/s]
Extract:  97%|#########6| 560/578 [01:40<00:03,  5.36it/s]
Extract:  97%|#########7| 561/578 [01:41<00:03,  5.45it/s]
Extract:  98%|#########7| 564/578 [01:41<00:02,  5.84it/s]
Extract:  98%|#########7| 565/578 [01:42<00:02,  4.35it/s]
Extract:  98%|#########7| 566/578 [01:42<00:02,  4.77it/s]
Extract:  98%|#########8| 567/578 [01:42<00:02,  4.93it/s]
Extract:  98%|#########8| 568/578 [01:42<00:02,  4.05it/s]
Extract:  99%|#########8| 570/578 [01:42<00:01,  5.96it/s]
Extract:  99%|#########8| 572/578 [01:43<00:00,  7.81it/s]
Extract:  99%|#########9| 575/578 [01:43<00:00,  9.45it/s]
Extract: 100%|#########9| 577/578 [01:43<00:00,  7.06it/s]
Extract: 100%|##########| 578/578 [01:43<00:00,  5.57it/s]
