2026-04-04 02:30:28 | scan_start | timeframe=1h | symbols=1 | lookback_days=450
2026-04-04 02:30:35 | symbol_done | idx=1 | total=1 | symbol=BTCUSDT | status=skip | reason=no_latest_setup | signals=0 | elapsed_s=7.126
2026-04-04 02:30:35 | scan_end | timeframe=1h | symbols=1 | total_signals=0 | elapsed_s=7.130 | log_file=D:\Code\Projects\self-projects\macd-overlay - Copy\logs\sniper_scan_progress.log
2026-04-04 02:37:01 | scan_start | timeframe=1h | symbols=654 | lookback_days=450
2026-04-04 02:37:10 | symbol_done | idx=1 | total=654 | symbol=BTCUSDT | status=skip | reason=no_latest_setup | signals=0 | elapsed_s=8.168
2026-04-04 02:37:18 | symbol_done | idx=2 | total=654 | symbol=ETHUSDT | status=skip | reason=no_latest_setup | signals=0 | elapsed_s=8.670
2026-04-04 02:37:28 | symbol_done | idx=3 | total=654 | symbol=ALPACAUSDT | status=skip | reason=no_latest_setup | signals=0 | elapsed_s=9.254
2026-04-04 02:37:35 | symbol_done | idx=4 | total=654 | symbol=SOLUSDT | status=skip | reason=no_latest_setup | signals=0 | elapsed_s=7.076
2026-04-04 02:37:41 | symbol_done | idx=5 | total=654 | symbol=STOUSDT | status=skip | reason=no_latest_setup | signals=0 | elapsed_s=6.527
2026-04-04 02:37:42 | symbol_done | idx=6 | total=654 | symbol=EDGEUSDT | status=skip | reason=no_latest_setup | signals=0 | elapsed_s=1.002
2026-04-04 02:37:48 | symbol_done | idx=7 | total=654 | symbol=AIOTUSDT | status=skip | reason=no_latest_setup | signals=0 | elapsed_s=5.537
2026-04-04 02:37:54 | symbol_done | idx=8 | total=654 | symbol=BNXUSDT | status=skip | reason=no_latest_setup | signals=0 | elapsed_s=6.667
2026-04-04 02:38:05 | symbol_done | idx=9 | total=654 | symbol=XRPUSDT | status=skip | reason=no_latest_setup | signals=0 | elapsed_s=10.584
2026-04-04 02:38:15 | symbol_done | idx=10 | total=654 | symbol=PIPPINUSDT | status=skip | reason=no_latest_setup | signals=0 | elapsed_s=10.165
2026-04-04 02:38:24 | symbol_done | idx=11 | total=654 | symbol=ALPHAUSDT | status=skip | reason=no_latest_setup | signals=0 | elapsed_s=9.243
2026-04-04 02:38:37 | symbol_done | idx=12 | total=654 | symbol=CTSIUSDT | status=skip | reason=no_latest_setup | signals=0 | elapsed_s=12.607
2026-04-04 02:38:51 | symbol_done | idx=13 | total=654 | symbol=ONGUSDT | status=skip | reason=no_latest_setup | signals=0 | elapsed_s=13.917
2026-04-04 02:38:59 | symbol_done | idx=14 | total=654 | symbol=DOGEUSDT | status=skip | reason=no_latest_setup | signals=0 | elapsed_s=7.927
2026-04-04 02:39:02 | symbol_done | idx=15 | total=654 | symbol=RIVERUSDT | status=skip | reason=no_latest_setup | signals=0 | elapsed_s=2.885
2026-04-04 02:39:10 | symbol_done | idx=16 | total=654 | symbol=TAOUSDT | status=skip | reason=no_latest_setup | signals=0 | elapsed_s=8.134
2026-04-04 02:39:18 | symbol_done | idx=17 | total=654 | symbol=1000PEPEUSDT | status=skip | reason=no_latest_setup | signals=0 | elapsed_s=8.050
2026-04-04 02:39:19 | symbol_done | idx=18 | total=654 | symbol=XAUUSDT | status=skip | reason=no_latest_setup | signals=0 | elapsed_s=1.344
2026-04-04 02:39:27 | symbol_done | idx=19 | total=654 | symbol=BNBUSDT | status=skip | reason=no_latest_setup | signals=0 | elapsed_s=7.354
2026-04-04 02:39:31 | symbol_done | idx=20 | total=654 | symbol=PORT3USDT | status=skip | reason=no_latest_setup | signals=0 | elapsed_s=4.251
2026-04-04 02:39:38 | symbol_done | idx=21 | total=654 | symbol=ZECUSDT | status=skip | reason=no_latest_setup | signals=0 | elapsed_s=6.852
2026-04-04 02:39:43 | symbol_done | idx=22 | total=654 | symbol=SIRENUSDT | status=skip | reason=no_latest_setup | signals=0 | elapsed_s=5.398
2026-04-04 02:39:47 | symbol_done | idx=23 | total=654 | symbol=HYPEUSDT | status=skip | reason=no_latest_setup | signals=0 | elapsed_s=3.882
2026-04-04 02:39:53 | symbol_done | idx=24 | total=654 | symbol=ADAUSDT | status=skip | reason=no_latest_setup | signals=0 | elapsed_s=5.733
2026-04-04 02:39:58 | symbol_done | idx=25 | total=654 | symbol=ONTUSDT | status=skip | reason=no_latest_setup | signals=0 | elapsed_s=5.387
2026-04-04 02:40:04 | symbol_done | idx=26 | total=654 | symbol=XPLUSDT | status=skip | reason=no_latest_setup | signals=0 | elapsed_s=5.629
2026-04-04 02:40:07 | symbol_done | idx=27 | total=654 | symbol=NOMUSDT | status=skip | reason=no_latest_setup | signals=0 | elapsed_s=2.968
2026-04-04 02:40:10 | symbol_done | idx=28 | total=654 | symbol=ARIAUSDT | status=skip | reason=no_latest_setup | signals=0 | elapsed_s=3.547
2026-04-04 02:40:16 | symbol_done | idx=29 | total=654 | symbol=ALGOUSDT | status=skip | reason=no_latest_setup | signals=0 | elapsed_s=5.313
2026-04-04 02:40:20 | symbol_done | idx=30 | total=654 | symbol=UXLINKUSDT | status=skip | reason=no_latest_setup | signals=0 | elapsed_s=4.420
2026-04-04 02:40:25 | symbol_done | idx=31 | total=654 | symbol=VIDTUSDT | status=skip | reason=no_latest_setup | signals=0 | elapsed_s=4.667
2026-04-04 02:40:35 | symbol_done | idx=32 | total=654 | symbol=DUSDT | status=ok | reason=below_threshold | signals=0 | elapsed_s=10.057
2026-04-04 02:40:37 | symbol_done | idx=33 | total=654 | symbol=YBUSDT | status=skip | reason=no_latest_setup | signals=0 | elapsed_s=2.526
2026-04-04 02:40:43 | symbol_done | idx=34 | total=654 | symbol=SXPUSDT | status=skip | reason=no_latest_setup | signals=0 | elapsed_s=5.528
2026-04-04 02:40:49 | symbol_done | idx=35 | total=654 | symbol=AGIXUSDT | status=skip | reason=no_setup | signals=0 | elapsed_s=6.150
2026-04-04 02:40:49 | symbol_done | idx=36 | total=654 | symbol=CLUSDT | status=skip | reason=insufficient_history | signals=0 | elapsed_s=0.522
2026-04-04 02:40:55 | symbol_done | idx=37 | total=654 | symbol=AVAXUSDT | status=skip | reason=no_latest_setup | signals=0 | elapsed_s=5.784
2026-04-04 02:41:01 | symbol_done | idx=38 | total=654 | symbol=SUIUSDT | status=skip | reason=no_latest_setup | signals=0 | elapsed_s=5.645
2026-04-04 02:41:08 | symbol_done | idx=39 | total=654 | symbol=LINAUSDT | status=skip | reason=no_latest_setup | signals=0 | elapsed_s=7.242
2026-04-04 02:41:13 | symbol_done | idx=40 | total=654 | symbol=MEMEFIUSDT | status=skip | reason=no_latest_setup | signals=0 | elapsed_s=4.433
2026-04-04 02:41:19 | symbol_done | idx=41 | total=654 | symbol=LEVERUSDT | status=skip | reason=no_latest_setup | signals=0 | elapsed_s=6.151
2026-04-04 02:41:25 | symbol_done | idx=42 | total=654 | symbol=NEIROETHUSDT | status=skip | reason=no_latest_setup | signals=0 | elapsed_s=6.706
2026-04-04 02:41:29 | symbol_done | idx=43 | total=654 | symbol=A2ZUSDT | status=skip | reason=no_latest_setup | signals=0 | elapsed_s=3.778
2026-04-04 02:41:34 | symbol_done | idx=44 | total=654 | symbol=FTMUSDT | status=skip | reason=no_setup | signals=0 | elapsed_s=4.670
2026-04-04 02:41:40 | symbol_done | idx=45 | total=654 | symbol=NEARUSDT | status=skip | reason=no_latest_setup | signals=0 | elapsed_s=6.191
2026-04-04 02:41:44 | symbol_done | idx=46 | total=654 | symbol=WAVESUSDT | status=skip | reason=no_setup | signals=0 | elapsed_s=4.312
2026-04-04 02:41:50 | symbol_done | idx=47 | total=654 | symbol=LINKUSDT | status=skip | reason=no_latest_setup | signals=0 | elapsed_s=6.039
2026-04-04 02:41:56 | symbol_done | idx=48 | total=654 | symbol=ENAUSDT | status=skip | reason=no_latest_setup | signals=0 | elapsed_s=5.745
2026-04-04 02:42:01 | symbol_done | idx=49 | total=654 | symbol=OMNIUSDT | status=skip | reason=no_latest_setup | signals=0 | elapsed_s=4.788
2026-04-04 02:42:04 | symbol_done | idx=50 | total=654 | symbol=YALAUSDT | status=skip | reason=no_latest_setup | signals=0 | elapsed_s=2.844
2026-04-04 02:42:09 | symbol_done | idx=51 | total=654 | symbol=AMBUSDT | status=skip | reason=no_latest_setup | signals=0 | elapsed_s=5.363
2026-04-04 02:42:15 | symbol_done | idx=52 | total=654 | symbol=BSWUSDT | status=skip | reason=no_latest_setup | signals=0 | elapsed_s=5.975
2026-04-04 02:42:20 | symbol_done | idx=53 | total=654 | symbol=OCEANUSDT | status=skip | reason=no_setup | signals=0 | elapsed_s=5.057
2026-04-04 02:42:23 | symbol_done | idx=54 | total=654 | symbol=BARDUSDT | status=skip | reason=no_latest_setup | signals=0 | elapsed_s=2.519
2026-04-04 02:42:28 | symbol_done | idx=55 | total=654 | symbol=GASUSDT | status=skip | reason=no_latest_setup | signals=0 | elapsed_s=5.641
2026-04-04 02:42:32 | symbol_done | idx=56 | total=654 | symbol=CUSDT | status=skip | reason=no_latest_setup | signals=0 | elapsed_s=3.372
2026-04-04 02:42:33 | symbol_done | idx=57 | total=654 | symbol=BEATUSDT | status=skip | reason=no_latest_setup | signals=0 | elapsed_s=1.584
2026-04-04 02:42:39 | symbol_done | idx=58 | total=654 | symbol=DOTUSDT | status=skip | reason=no_latest_setup | signals=0 | elapsed_s=5.511
2026-04-04 02:42:44 | symbol_done | idx=59 | total=654 | symbol=STRAXUSDT | status=skip | reason=no_setup | signals=0 | elapsed_s=4.937
2026-04-04 02:42:49 | symbol_done | idx=60 | total=654 | symbol=BRUSDT | status=skip | reason=no_latest_setup | signals=0 | elapsed_s=4.847
2026-04-04 02:42:54 | symbol_done | idx=61 | total=654 | symbol=FILUSDT | status=skip | reason=no_latest_setup | signals=0 | elapsed_s=5.655
2026-04-04 02:42:57 | symbol_done | idx=62 | total=654 | symbol=MONUSDT | status=skip | reason=no_latest_setup | signals=0 | elapsed_s=2.532
2026-04-04 02:43:02 | symbol_done | idx=63 | total=654 | symbol=FIDAUSDT | status=skip | reason=no_latest_setup | signals=0 | elapsed_s=5.536
2026-04-04 02:43:08 | symbol_done | idx=64 | total=654 | symbol=RENUSDT | status=skip | reason=no_setup | signals=0 | elapsed_s=5.662
2026-04-04 02:43:14 | symbol_done | idx=65 | total=654 | symbol=FETUSDT | status=skip | reason=no_latest_setup | signals=0 | elapsed_s=5.994
2026-04-04 02:43:20 | symbol_done | idx=66 | total=654 | symbol=UNFIUSDT | status=skip | reason=no_setup | signals=0 | elapsed_s=5.605
2026-04-04 02:43:24 | symbol_done | idx=67 | total=654 | symbol=PAXGUSDT | status=skip | reason=no_setup | signals=0 | elapsed_s=4.607
2026-04-04 02:43:26 | symbol_done | idx=68 | total=654 | symbol=KITEUSDT | status=skip | reason=no_latest_setup | signals=0 | elapsed_s=2.000
2026-04-04 02:43:28 | symbol_done | idx=69 | total=654 | symbol=币安人生USDT | status=skip | reason=no_latest_setup | signals=0 | elapsed_s=1.998
2026-04-04 02:43:30 | symbol_done | idx=70 | total=654 | symbol=XAGUSDT | status=skip | reason=no_latest_setup | signals=0 | elapsed_s=1.598
2026-04-04 02:43:36 | symbol_done | idx=71 | total=654 | symbol=BCHUSDT | status=skip | reason=no_latest_setup | signals=0 | elapsed_s=5.981
2026-04-04 02:43:42 | symbol_done | idx=72 | total=654 | symbol=DGBUSDT | status=skip | reason=no_setup | signals=0 | elapsed_s=5.972
2026-04-04 02:43:48 | symbol_done | idx=73 | total=654 | symbol=TROYUSDT | status=skip | reason=no_latest_setup | signals=0 | elapsed_s=5.782
2026-04-04 02:43:48 | symbol_done | idx=74 | total=654 | symbol=BZUSDT | status=skip | reason=insufficient_history | signals=0 | elapsed_s=0.263
2026-04-04 02:43:52 | symbol_done | idx=75 | total=654 | symbol=PUFFERUSDT | status=skip | reason=no_latest_setup | signals=0 | elapsed_s=4.471
2026-04-04 02:43:58 | symbol_done | idx=76 | total=654 | symbol=UNIUSDT | status=skip | reason=no_latest_setup | signals=0 | elapsed_s=5.498
2026-04-04 02:44:04 | symbol_done | idx=77 | total=654 | symbol=SOLVUSDT | status=skip | reason=no_latest_setup | signals=0 | elapsed_s=6.134
2026-04-04 02:44:05 | symbol_done | idx=78 | total=654 | symbol=LITUSDT | status=skip | reason=no_latest_setup | signals=0 | elapsed_s=1.409
2026-04-04 02:44:11 | symbol_done | idx=79 | total=654 | symbol=DRIFTUSDT | status=skip | reason=no_latest_setup | signals=0 | elapsed_s=5.489
2026-04-04 02:44:16 | symbol_done | idx=80 | total=654 | symbol=LTCUSDT | status=skip | reason=no_latest_setup | signals=0 | elapsed_s=5.633
2026-04-04 02:44:17 | symbol_done | idx=81 | total=654 | symbol=XAUTUSDT | status=skip | reason=insufficient_history | signals=0 | elapsed_s=0.269
2026-04-04 02:44:22 | symbol_done | idx=82 | total=654 | symbol=RENDERUSDT | status=skip | reason=no_latest_setup | signals=0 | elapsed_s=5.303
2026-04-04 02:44:29 | symbol_done | idx=83 | total=654 | symbol=ARBUSDT | status=skip | reason=no_latest_setup | signals=0 | elapsed_s=6.694
2026-04-04 02:44:36 | symbol_done | idx=84 | total=654 | symbol=HIFIUSDT | status=skip | reason=no_latest_setup | signals=0 | elapsed_s=7.679
2026-04-04 02:44:37 | symbol_done | idx=85 | total=654 | symbol=CFGUSDT | status=skip | reason=no_latest_setup | signals=0 | elapsed_s=0.485
2026-04-04 02:44:44 | symbol_done | idx=86 | total=654 | symbol=1000SHIBUSDT | status=skip | reason=no_latest_setup | signals=0 | elapsed_s=6.878
2026-04-04 02:44:50 | symbol_done | idx=87 | total=654 | symbol=OMUSDT | status=skip | reason=no_latest_setup | signals=0 | elapsed_s=6.591
2026-04-04 02:44:56 | symbol_done | idx=88 | total=654 | symbol=CHESSUSDT | status=skip | reason=no_latest_setup | signals=0 | elapsed_s=5.920
2026-04-04 02:45:04 | symbol_done | idx=89 | total=654 | symbol=TRUMPUSDT | status=skip | reason=no_latest_setup | signals=0 | elapsed_s=7.633
2026-04-04 02:45:08 | symbol_done | idx=90 | total=654 | symbol=PUMPUSDT | status=skip | reason=no_latest_setup | signals=0 | elapsed_s=3.683
2026-04-04 02:45:10 | symbol_done | idx=91 | total=654 | symbol=42USDT | status=skip | reason=no_latest_setup | signals=0 | elapsed_s=1.914
2026-04-04 02:45:15 | symbol_done | idx=92 | total=654 | symbol=SNTUSDT | status=skip | reason=no_setup | signals=0 | elapsed_s=5.768
2026-04-04 02:45:22 | symbol_done | idx=93 | total=654 | symbol=TRXUSDT | status=skip | reason=no_latest_setup | signals=0 | elapsed_s=6.282
2026-04-04 02:45:28 | symbol_done | idx=94 | total=654 | symbol=VVVUSDT | status=skip | reason=no_latest_setup | signals=0 | elapsed_s=6.127
2026-04-04 02:45:33 | symbol_done | idx=95 | total=654 | symbol=MKRUSDT | status=skip | reason=no_latest_setup | signals=0 | elapsed_s=5.753
2026-04-04 02:45:38 | symbol_done | idx=96 | total=654 | symbol=KERNELUSDT | status=skip | reason=no_latest_setup | signals=0 | elapsed_s=4.895
2026-04-04 02:45:41 | symbol_done | idx=97 | total=654 | symbol=ASTERUSDT | status=skip | reason=no_latest_setup | signals=0 | elapsed_s=2.328
2026-04-04 02:45:46 | symbol_done | idx=98 | total=654 | symbol=CHRUSDT | status=skip | reason=no_latest_setup | signals=0 | elapsed_s=5.137
2026-04-04 02:45:47 | symbol_done | idx=99 | total=654 | symbol=NIGHTUSDT | status=skip | reason=no_latest_setup | signals=0 | elapsed_s=1.402
2026-04-04 02:45:53 | symbol_done | idx=100 | total=654 | symbol=WLDUSDT | status=skip | reason=no_latest_setup | signals=0 | elapsed_s=5.463
2026-04-04 02:45:57 | symbol_done | idx=101 | total=654 | symbol=EPTUSDT | status=skip | reason=no_latest_setup | signals=0 | elapsed_s=4.790
2026-04-04 02:46:03 | symbol_done | idx=102 | total=654 | symbol=AAVEUSDT | status=skip | reason=no_latest_setup | signals=0 | elapsed_s=5.208
2026-04-04 02:46:06 | symbol_done | idx=103 | total=654 | symbol=MUSDT | status=skip | reason=no_latest_setup | signals=0 | elapsed_s=3.407
2026-04-04 02:46:13 | symbol_done | idx=104 | total=654 | symbol=WIFUSDT | status=skip | reason=no_latest_setup | signals=0 | elapsed_s=6.619
2026-04-04 02:46:16 | symbol_done | idx=105 | total=654 | symbol=TANSSIUSDT | status=skip | reason=no_latest_setup | signals=0 | elapsed_s=3.313
2026-04-04 02:46:22 | symbol_done | idx=106 | total=654 | symbol=FARTCOINUSDT | status=skip | reason=no_latest_setup | signals=0 | elapsed_s=5.922
2026-04-04 02:46:25 | symbol_done | idx=107 | total=654 | symbol=HEMIUSDT | status=skip | reason=no_latest_setup | signals=0 | elapsed_s=3.242
2026-04-04 02:46:29 | symbol_done | idx=108 | total=654 | symbol=HUSDT | status=skip | reason=no_latest_setup | signals=0 | elapsed_s=4.191
2026-04-04 02:46:35 | symbol_done | idx=109 | total=654 | symbol=SLERFUSDT | status=skip | reason=no_latest_setup | signals=0 | elapsed_s=5.976
2026-04-04 02:46:41 | symbol_done | idx=110 | total=654 | symbol=XMRUSDT | status=skip | reason=no_latest_setup | signals=0 | elapsed_s=6.034
2026-04-04 02:46:46 | symbol_done | idx=111 | total=654 | symbol=SIGNUSDT | status=skip | reason=no_latest_setup | signals=0 | elapsed_s=4.902
2026-04-04 02:46:52 | symbol_done | idx=112 | total=654 | symbol=BLZUSDT | status=skip | reason=no_setup | signals=0 | elapsed_s=5.864
2026-04-04 02:47:03 | symbol_done | idx=113 | total=654 | symbol=CRVUSDT | status=skip | reason=no_latest_setup | signals=0 | elapsed_s=10.760
2026-04-04 02:47:09 | symbol_done | idx=114 | total=654 | symbol=SEIUSDT | status=skip | reason=no_latest_setup | signals=0 | elapsed_s=5.885
2026-04-04 02:47:15 | symbol_done | idx=115 | total=654 | symbol=BAKEUSDT | status=skip | reason=no_latest_setup | signals=0 | elapsed_s=5.998
2026-04-04 02:47:15 | symbol_done | idx=116 | total=654 | symbol=BASEDUSDT | status=skip | reason=insufficient_history | signals=0 | elapsed_s=0.480
2026-04-04 02:47:21 | symbol_done | idx=117 | total=654 | symbol=ALTUSDT | status=skip | reason=no_latest_setup | signals=0 | elapsed_s=5.723
2026-04-04 02:47:24 | symbol_done | idx=118 | total=654 | symbol=RVVUSDT | status=skip | reason=no_latest_setup | signals=0 | elapsed_s=2.811
2026-04-04 02:47:30 | symbol_done | idx=119 | total=654 | symbol=ETCUSDT | status=skip | reason=no_latest_setup | signals=0 | elapsed_s=6.365
2026-04-04 02:47:32 | symbol_done | idx=120 | total=654 | symbol=GUAUSDT | status=skip | reason=no_latest_setup | signals=0 | elapsed_s=1.691
2026-04-04 02:47:37 | symbol_done | idx=121 | total=654 | symbol=BANKUSDT | status=skip | reason=no_latest_setup | signals=0 | elapsed_s=4.905
2026-04-04 02:47:43 | symbol_done | idx=122 | total=654 | symbol=GALAUSDT | status=skip | reason=no_latest_setup | signals=0 | elapsed_s=6.163
2026-04-04 02:47:49 | symbol_done | idx=123 | total=654 | symbol=APTUSDT | status=skip | reason=no_latest_setup | signals=0 | elapsed_s=5.899
2026-04-04 02:47:51 | symbol_done | idx=124 | total=654 | symbol=CYSUSDT | status=skip | reason=no_latest_setup | signals=0 | elapsed_s=1.896
2026-04-04 02:47:56 | symbol_done | idx=125 | total=654 | symbol=COMBOUSDT | status=skip | reason=no_latest_setup | signals=0 | elapsed_s=4.972
2026-04-04 02:48:02 | symbol_done | idx=126 | total=654 | symbol=PENGUUSDT | status=skip | reason=no_latest_setup | signals=0 | elapsed_s=6.440
2026-04-04 02:48:05 | symbol_done | idx=127 | total=654 | symbol=WLFIUSDT | status=skip | reason=no_latest_setup | signals=0 | elapsed_s=3.233
2026-04-04 02:48:12 | symbol_done | idx=128 | total=654 | symbol=XLMUSDT | status=skip | reason=no_latest_setup | signals=0 | elapsed_s=6.233
2026-04-04 02:48:17 | symbol_done | idx=129 | total=654 | symbol=MAGICUSDT | status=skip | reason=no_latest_setup | signals=0 | elapsed_s=5.372
2026-04-04 02:48:23 | symbol_done | idx=130 | total=654 | symbol=POLYXUSDT | status=skip | reason=no_latest_setup | signals=0 | elapsed_s=6.416
2026-04-04 02:48:30 | symbol_done | idx=131 | total=654 | symbol=NULSUSDT | status=skip | reason=no_latest_setup | signals=0 | elapsed_s=6.130
2026-04-04 02:48:30 | symbol_done | idx=132 | total=654 | symbol=KATUSDT | status=skip | reason=no_latest_setup | signals=0 | elapsed_s=0.439
2026-04-04 02:48:35 | symbol_done | idx=133 | total=654 | symbol=LOKAUSDT | status=skip | reason=no_latest_setup | signals=0 | elapsed_s=5.338
2026-04-04 02:48:44 | symbol_done | idx=134 | total=654 | symbol=HBARUSDT | status=skip | reason=no_latest_setup | signals=0 | elapsed_s=8.496
2026-04-04 02:48:51 | symbol_done | idx=135 | total=654 | symbol=RDNTUSDT | status=skip | reason=no_latest_setup | signals=0 | elapsed_s=6.708
2026-04-04 02:48:57 | symbol_done | idx=136 | total=654 | symbol=VIRTUALUSDT | status=skip | reason=no_latest_setup | signals=0 | elapsed_s=6.733
2026-04-04 02:49:03 | symbol_done | idx=137 | total=654 | symbol=KEYUSDT | status=skip | reason=no_setup | signals=0 | elapsed_s=5.733
2026-04-04 02:49:11 | symbol_done | idx=138 | total=654 | symbol=OPUSDT | status=skip | reason=no_latest_setup | signals=0 | elapsed_s=7.775
2026-04-04 02:49:18 | symbol_done | idx=139 | total=654 | symbol=1000BONKUSDT | status=skip | reason=no_latest_setup | signals=0 | elapsed_s=7.399
2026-04-04 02:49:27 | symbol_done | idx=140 | total=654 | symbol=BLURUSDT | status=skip | reason=no_latest_setup | signals=0 | elapsed_s=8.752
2026-04-04 02:49:28 | symbol_done | idx=141 | total=654 | symbol=TRIAUSDT | status=skip | reason=no_latest_setup | signals=0 | elapsed_s=1.252
2026-04-04 02:49:35 | symbol_done | idx=142 | total=654 | symbol=AEVOUSDT | status=skip | reason=no_latest_setup | signals=0 | elapsed_s=6.305
2026-04-04 02:49:41 | symbol_done | idx=143 | total=654 | symbol=APEUSDT | status=skip | reason=no_latest_setup | signals=0 | elapsed_s=6.175
2026-04-04 02:49:47 | symbol_done | idx=144 | total=654 | symbol=QTUMUSDT | status=skip | reason=no_latest_setup | signals=0 | elapsed_s=6.667
2026-04-04 02:49:56 | symbol_done | idx=145 | total=654 | symbol=ONDOUSDT | status=skip | reason=no_latest_setup | signals=0 | elapsed_s=8.728
2026-04-04 02:49:56 | symbol_done | idx=146 | total=654 | symbol=BSBUSDT | status=skip | reason=insufficient_history | signals=0 | elapsed_s=0.378
2026-04-04 02:50:06 | symbol_done | idx=147 | total=654 | symbol=TONUSDT | status=skip | reason=no_latest_setup | signals=0 | elapsed_s=9.517
2026-04-04 02:50:09 | symbol_done | idx=148 | total=654 | symbol=APRUSDT | status=ok | reason=below_threshold | signals=0 | elapsed_s=3.176
2026-04-04 02:50:15 | symbol_done | idx=149 | total=654 | symbol=LOOMUSDT | status=skip | reason=no_setup | signals=0 | elapsed_s=5.573
2026-04-04 02:50:20 | symbol_done | idx=150 | total=654 | symbol=TAGUSDT | status=skip | reason=no_latest_setup | signals=0 | elapsed_s=5.018
2026-04-04 02:50:26 | symbol_done | idx=151 | total=654 | symbol=DYDXUSDT | status=skip | reason=no_latest_setup | signals=0 | elapsed_s=6.284
2026-04-04 02:50:32 | symbol_done | idx=152 | total=654 | symbol=ZROUSDT | status=skip | reason=no_latest_setup | signals=0 | elapsed_s=6.423
2026-04-04 02:50:40 | symbol_done | idx=153 | total=654 | symbol=HIPPOUSDT | status=skip | reason=no_latest_setup | signals=0 | elapsed_s=7.820
2026-04-04 02:50:46 | symbol_done | idx=154 | total=654 | symbol=CHZUSDT | status=skip | reason=no_latest_setup | signals=0 | elapsed_s=5.455
2026-04-04 02:50:52 | symbol_done | idx=155 | total=654 | symbol=VOXELUSDT | status=skip | reason=no_latest_setup | signals=0 | elapsed_s=6.397
2026-04-04 02:50:59 | symbol_done | idx=156 | total=654 | symbol=DASHUSDT | status=skip | reason=no_latest_setup | signals=0 | elapsed_s=6.585
2026-04-04 02:51:00 | symbol_done | idx=157 | total=654 | symbol=MAGMAUSDT | status=skip | reason=no_latest_setup | signals=0 | elapsed_s=1.364
2026-04-04 02:51:05 | symbol_done | idx=158 | total=654 | symbol=JELLYJELLYUSDT | status=skip | reason=no_latest_setup | signals=0 | elapsed_s=4.439
2026-04-04 02:51:11 | symbol_done | idx=159 | total=654 | symbol=ICPUSDT | status=skip | reason=no_latest_setup | signals=0 | elapsed_s=6.033
2026-04-04 02:51:15 | symbol_done | idx=160 | total=654 | symbol=BDXNUSDT | status=skip | reason=no_latest_setup | signals=0 | elapsed_s=4.759
2026-04-04 02:51:20 | symbol_done | idx=161 | total=654 | symbol=VICUSDT | status=skip | reason=no_latest_setup | signals=0 | elapsed_s=5.159
2026-04-04 02:51:27 | symbol_done | idx=162 | total=654 | symbol=ATOMUSDT | status=skip | reason=no_latest_setup | signals=0 | elapsed_s=6.441
2026-04-04 02:51:33 | symbol_done | idx=163 | total=654 | symbol=MASKUSDT | status=skip | reason=no_latest_setup | signals=0 | elapsed_s=6.349
2026-04-04 02:51:38 | symbol_done | idx=164 | total=654 | symbol=MDTUSDT | status=skip | reason=no_setup | signals=0 | elapsed_s=4.538
2026-04-04 02:51:50 | symbol_done | idx=165 | total=654 | symbol=TIAUSDT | status=skip | reason=no_latest_setup | signals=0 | elapsed_s=11.732
2026-04-04 02:52:22 | symbol_done | idx=166 | total=654 | symbol=HUMAUSDT | status=skip | reason=no_latest_setup | signals=0 | elapsed_s=32.512
2026-04-04 02:52:35 | symbol_done | idx=167 | total=654 | symbol=NEOUSDT | status=skip | reason=no_latest_setup | signals=0 | elapsed_s=13.324
2026-04-04 02:52:47 | symbol_done | idx=168 | total=654 | symbol=TURBOUSDT | status=skip | reason=no_latest_setup | signals=0 | elapsed_s=12.096
2026-04-04 02:52:55 | symbol_done | idx=169 | total=654 | symbol=FISUSDT | status=skip | reason=no_latest_setup | signals=0 | elapsed_s=7.550
2026-04-04 02:53:07 | symbol_done | idx=170 | total=654 | symbol=BIOUSDT | status=skip | reason=no_latest_setup | signals=0 | elapsed_s=12.016
2026-04-04 02:53:17 | symbol_done | idx=171 | total=654 | symbol=SYNUSDT | status=skip | reason=no_latest_setup | signals=0 | elapsed_s=9.695
2026-04-04 02:53:19 | symbol_done | idx=172 | total=654 | symbol=STABLEUSDT | status=skip | reason=no_latest_setup | signals=0 | elapsed_s=2.550
2026-04-04 02:53:28 | symbol_done | idx=173 | total=654 | symbol=ORDIUSDT | status=skip | reason=no_latest_setup | signals=0 | elapsed_s=8.319
2026-04-04 02:53:34 | symbol_done | idx=174 | total=654 | symbol=JUPUSDT | status=skip | reason=no_latest_setup | signals=0 | elapsed_s=6.227
2026-04-04 02:53:43 | symbol_done | idx=175 | total=654 | symbol=LDOUSDT | status=skip | reason=no_latest_setup | signals=0 | elapsed_s=8.690
2026-04-04 02:53:43 | symbol_done | idx=176 | total=654 | symbol=CRCLUSDT | status=skip | reason=no_latest_setup | signals=0 | elapsed_s=0.666
2026-04-04 02:53:50 | symbol_done | idx=177 | total=654 | symbol=INJUSDT | status=skip | reason=no_latest_setup | signals=0 | elapsed_s=7.027
2026-04-04 02:53:55 | symbol_done | idx=178 | total=654 | symbol=KLAYUSDT | status=skip | reason=no_setup | signals=0 | elapsed_s=4.831
2026-04-04 02:54:01 | symbol_done | idx=179 | total=654 | symbol=OMGUSDT | status=skip | reason=no_latest_setup | signals=0 | elapsed_s=6.242
2026-04-04 02:54:04 | symbol_done | idx=180 | total=654 | symbol=COMMONUSDT | status=skip | reason=no_latest_setup | signals=0 | elapsed_s=2.638
2026-04-04 02:54:11 | symbol_done | idx=181 | total=654 | symbol=PIXELUSDT | status=skip | reason=no_latest_setup | signals=0 | elapsed_s=7.113
2026-04-04 02:54:20 | symbol_done | idx=182 | total=654 | symbol=POLUSDT | status=skip | reason=no_latest_setup | signals=0 | elapsed_s=8.750
2026-04-04 02:54:22 | symbol_done | idx=183 | total=654 | symbol=ONUSDT | status=skip | reason=no_latest_setup | signals=0 | elapsed_s=1.922
2026-04-04 02:54:25 | symbol_done | idx=184 | total=654 | symbol=ZBTUSDT | status=skip | reason=no_latest_setup | signals=0 | elapsed_s=2.973
2026-04-04 02:54:32 | symbol_done | idx=185 | total=654 | symbol=ZKUSDT | status=skip | reason=no_latest_setup | signals=0 | elapsed_s=6.865
2026-04-04 02:54:37 | symbol_done | idx=186 | total=654 | symbol=BONDUSDT | status=skip | reason=no_setup | signals=0 | elapsed_s=5.761
2026-04-04 02:54:42 | symbol_done | idx=187 | total=654 | symbol=PROMPTUSDT | status=skip | reason=no_latest_setup | signals=0 | elapsed_s=4.986
2026-04-04 02:54:50 | symbol_done | idx=188 | total=654 | symbol=USTCUSDT | status=skip | reason=no_latest_setup | signals=0 | elapsed_s=7.409
2026-04-04 02:54:50 | symbol_done | idx=189 | total=654 | symbol=PRLUSDT | status=skip | reason=insufficient_history | signals=0 | elapsed_s=0.271
2026-04-04 02:54:53 | symbol_done | idx=190 | total=654 | symbol=LYNUSDT | status=skip | reason=no_latest_setup | signals=0 | elapsed_s=3.010
2026-04-04 02:54:59 | symbol_done | idx=191 | total=654 | symbol=REEFUSDT | status=skip | reason=no_latest_setup | signals=0 | elapsed_s=5.644
2026-04-04 02:55:06 | symbol_done | idx=192 | total=654 | symbol=AXSUSDT | status=skip | reason=no_latest_setup | signals=0 | elapsed_s=7.254
2026-04-04 02:55:10 | symbol_done | idx=193 | total=654 | symbol=SKATEUSDT | status=skip | reason=no_latest_setup | signals=0 | elapsed_s=4.286
2026-04-04 02:55:11 | symbol_done | idx=194 | total=654 | symbol=ROBOUSDT | status=skip | reason=no_latest_setup | signals=0 | elapsed_s=0.386
2026-04-04 02:55:15 | symbol_done | idx=195 | total=654 | symbol=XEMUSDT | status=skip | reason=no_setup | signals=0 | elapsed_s=4.823
2026-04-04 02:55:22 | symbol_done | idx=196 | total=654 | symbol=IPUSDT | status=skip | reason=no_latest_setup | signals=0 | elapsed_s=6.571
2026-04-04 02:55:30 | symbol_done | idx=197 | total=654 | symbol=WUSDT | status=skip | reason=no_latest_setup | signals=0 | elapsed_s=7.655
2026-04-04 02:55:36 | symbol_done | idx=198 | total=654 | symbol=HOOKUSDT | status=skip | reason=no_latest_setup | signals=0 | elapsed_s=6.617
2026-04-04 02:55:41 | symbol_done | idx=199 | total=654 | symbol=KAITOUSDT | status=skip | reason=no_latest_setup | signals=0 | elapsed_s=5.061
2026-04-04 02:55:46 | symbol_done | idx=200 | total=654 | symbol=DARUSDT | status=skip | reason=no_setup | signals=0 | elapsed_s=4.653
2026-04-04 02:55:53 | symbol_done | idx=201 | total=654 | symbol=ICXUSDT | status=skip | reason=no_latest_setup | signals=0 | elapsed_s=6.789
2026-04-04 02:55:56 | symbol_done | idx=202 | total=654 | symbol=0GUSDT | status=skip | reason=no_latest_setup | signals=0 | elapsed_s=3.064
2026-04-04 02:55:59 | symbol_done | idx=203 | total=654 | symbol=SAHARAUSDT | status=skip | reason=no_latest_setup | signals=0 | elapsed_s=3.574
2026-04-04 02:56:05 | symbol_done | idx=204 | total=654 | symbol=ACHUSDT | status=skip | reason=no_latest_setup | signals=0 | elapsed_s=5.611
2026-04-04 02:56:12 | symbol_done | idx=205 | total=654 | symbol=DUSKUSDT | status=skip | reason=no_latest_setup | signals=0 | elapsed_s=7.426
2026-04-04 02:56:18 | symbol_done | idx=206 | total=654 | symbol=ANKRUSDT | status=skip | reason=no_latest_setup | signals=0 | elapsed_s=5.629
2026-04-04 02:56:24 | symbol_done | idx=207 | total=654 | symbol=PYTHUSDT | status=skip | reason=no_latest_setup | signals=0 | elapsed_s=6.055
2026-04-04 02:56:30 | symbol_done | idx=208 | total=654 | symbol=SANDUSDT | status=skip | reason=no_latest_setup | signals=0 | elapsed_s=5.588
2026-04-04 02:56:34 | symbol_done | idx=209 | total=654 | symbol=RESOLVUSDT | status=skip | reason=no_latest_setup | signals=0 | elapsed_s=4.168
2026-04-04 02:56:39 | symbol_done | idx=210 | total=654 | symbol=OGNUSDT | status=skip | reason=no_latest_setup | signals=0 | elapsed_s=5.198
2026-04-04 02:56:44 | symbol_done | idx=211 | total=654 | symbol=THETAUSDT | status=skip | reason=no_latest_setup | signals=0 | elapsed_s=4.986
2026-04-04 02:56:50 | symbol_done | idx=212 | total=654 | symbol=VETUSDT | status=skip | reason=no_latest_setup | signals=0 | elapsed_s=6.128
2026-04-04 02:56:53 | symbol_done | idx=213 | total=654 | symbol=SAPIENUSDT | status=skip | reason=no_latest_setup | signals=0 | elapsed_s=3.129
2026-04-04 02:56:59 | symbol_done | idx=214 | total=654 | symbol=IOTAUSDT | status=skip | reason=no_latest_setup | signals=0 | elapsed_s=5.515
2026-04-04 02:57:02 | symbol_done | idx=215 | total=654 | symbol=BASUSDT | status=skip | reason=no_latest_setup | signals=0 | elapsed_s=3.006
2026-04-04 02:57:06 | symbol_done | idx=216 | total=654 | symbol=CUDISUSDT | status=skip | reason=no_latest_setup | signals=0 | elapsed_s=3.692
2026-04-04 02:57:07 | symbol_done | idx=217 | total=654 | symbol=TSLAUSDT | status=skip | reason=no_setup | signals=0 | elapsed_s=1.061
2026-04-04 02:57:13 | symbol_done | idx=218 | total=654 | symbol=STGUSDT | status=skip | reason=no_latest_setup | signals=0 | elapsed_s=6.076
2026-04-04 02:57:18 | symbol_done | idx=219 | total=654 | symbol=HFTUSDT | status=skip | reason=no_latest_setup | signals=0 | elapsed_s=5.607
2026-04-04 02:57:25 | symbol_done | idx=220 | total=654 | symbol=RAYSOLUSDT | status=skip | reason=no_latest_setup | signals=0 | elapsed_s=6.255
2026-04-04 02:57:25 | symbol_done | idx=221 | total=654 | symbol=OPNUSDT | status=skip | reason=no_latest_setup | signals=0 | elapsed_s=0.444
2026-04-04 02:57:31 | symbol_done | idx=222 | total=654 | symbol=ZENUSDT | status=skip | reason=no_latest_setup | signals=0 | elapsed_s=6.201
2026-04-04 02:57:37 | symbol_done | idx=223 | total=654 | symbol=BANANAS31USDT | status=skip | reason=no_latest_setup | signals=0 | elapsed_s=5.333
2026-04-04 02:57:43 | symbol_done | idx=224 | total=654 | symbol=QNTUSDT | status=skip | reason=no_latest_setup | signals=0 | elapsed_s=6.602
2026-04-04 02:57:46 | symbol_done | idx=225 | total=654 | symbol=DAMUSDT | status=skip | reason=no_latest_setup | signals=0 | elapsed_s=3.072
2026-04-04 02:57:52 | symbol_done | idx=226 | total=654 | symbol=PHAUSDT | status=skip | reason=no_latest_setup | signals=0 | elapsed_s=5.570
2026-04-04 02:57:58 | symbol_done | idx=227 | total=654 | symbol=ETHFIUSDT | status=skip | reason=no_latest_setup | signals=0 | elapsed_s=6.639
2026-04-04 02:58:04 | symbol_done | idx=228 | total=654 | symbol=NMRUSDT | status=skip | reason=no_latest_setup | signals=0 | elapsed_s=5.734
2026-04-04 02:58:06 | symbol_done | idx=229 | total=654 | symbol=SENTUSDT | status=skip | reason=no_latest_setup | signals=0 | elapsed_s=2.153
2026-04-04 02:58:09 | symbol_done | idx=230 | total=654 | symbol=EDENUSDT | status=skip | reason=no_latest_setup | signals=0 | elapsed_s=2.859
2026-04-04 02:58:15 | symbol_done | idx=231 | total=654 | symbol=1000LUNCUSDT | status=skip | reason=no_latest_setup | signals=0 | elapsed_s=5.309
2026-04-04 02:58:20 | symbol_done | idx=232 | total=654 | symbol=GLMRUSDT | status=skip | reason=no_setup | signals=0 | elapsed_s=5.928
2026-04-04 02:58:25 | symbol_done | idx=233 | total=654 | symbol=CETUSUSDT | status=skip | reason=no_latest_setup | signals=0 | elapsed_s=4.957
2026-04-04 02:58:31 | symbol_done | idx=234 | total=654 | symbol=DEXEUSDT | status=skip | reason=no_latest_setup | signals=0 | elapsed_s=5.851
2026-04-04 02:58:39 | symbol_done | idx=235 | total=654 | symbol=BERAUSDT | status=skip | reason=no_latest_setup | signals=0 | elapsed_s=7.637
2026-04-04 02:58:46 | symbol_done | idx=236 | total=654 | symbol=STRKUSDT | status=skip | reason=no_latest_setup | signals=0 | elapsed_s=7.028
2026-04-04 02:58:51 | symbol_done | idx=237 | total=654 | symbol=NTRNUSDT | status=skip | reason=no_latest_setup | signals=0 | elapsed_s=5.533
2026-04-04 02:58:54 | symbol_done | idx=238 | total=654 | symbol=GIGGLEUSDT | status=skip | reason=no_latest_setup | signals=0 | elapsed_s=2.620
2026-04-04 02:58:59 | symbol_done | idx=239 | total=654 | symbol=MILKUSDT | status=skip | reason=no_latest_setup | signals=0 | elapsed_s=4.820
2026-04-04 02:59:03 | scan_start | timeframe=1h | symbols=12 | lookback_days=450 | batch_predict=True
2026-04-04 02:59:04 | symbol_done | idx=240 | total=654 | symbol=RADUSDT | status=skip | reason=no_setup | signals=0 | elapsed_s=5.228
2026-04-04 02:59:09 | symbol_done | idx=1 | total=12 | symbol=BTCUSDT | status=skip | reason=no_latest_setup | signals=0 | elapsed_s=5.589
2026-04-04 02:59:10 | symbol_done | idx=241 | total=654 | symbol=FLMUSDT | status=skip | reason=no_latest_setup | signals=0 | elapsed_s=5.525
2026-04-04 02:59:14 | symbol_done | idx=2 | total=12 | symbol=ETHUSDT | status=skip | reason=no_latest_setup | signals=0 | elapsed_s=4.814
2026-04-04 02:59:16 | symbol_done | idx=242 | total=654 | symbol=EIGENUSDT | status=skip | reason=no_latest_setup | signals=0 | elapsed_s=6.799
2026-04-04 02:59:18 | symbol_done | idx=243 | total=654 | symbol=RLSUSDT | status=skip | reason=no_latest_setup | signals=0 | elapsed_s=1.421
2026-04-04 02:59:18 | symbol_done | idx=3 | total=12 | symbol=ALPACAUSDT | status=skip | reason=no_setup | signals=0 | elapsed_s=4.768
2026-04-04 02:59:23 | symbol_done | idx=244 | total=654 | symbol=1000FLOKIUSDT | status=skip | reason=no_latest_setup | signals=0 | elapsed_s=5.177
2026-04-04 02:59:27 | symbol_done | idx=4 | total=12 | symbol=SOLUSDT | status=skip | reason=no_latest_setup | signals=0 | elapsed_s=8.404
2026-04-04 02:59:27 | symbol_done | idx=245 | total=654 | symbol=HEIUSDT | status=skip | reason=no_latest_setup | signals=0 | elapsed_s=4.398
2026-04-04 02:59:31 | symbol_done | idx=246 | total=654 | symbol=BULLAUSDT | status=skip | reason=no_latest_setup | signals=0 | elapsed_s=3.069
2026-04-04 02:59:32 | symbol_done | idx=5 | total=12 | symbol=STOUSDT | status=skip | reason=no_latest_setup | signals=0 | elapsed_s=5.413
2026-04-04 02:59:33 | symbol_done | idx=6 | total=12 | symbol=EDGEUSDT | status=skip | reason=no_latest_setup | signals=0 | elapsed_s=0.320
2026-04-04 02:59:35 | symbol_done | idx=247 | total=654 | symbol=LRCUSDT | status=skip | reason=no_latest_setup | signals=0 | elapsed_s=4.785
2026-04-04 02:59:38 | symbol_done | idx=248 | total=654 | symbol=ENSOUSDT | status=skip | reason=no_latest_setup | signals=0 | elapsed_s=2.295
2026-04-04 02:59:39 | symbol_done | idx=7 | total=12 | symbol=AIOTUSDT | status=skip | reason=no_latest_setup | signals=0 | elapsed_s=6.695
2026-04-04 02:59:44 | symbol_done | idx=8 | total=12 | symbol=BNXUSDT | status=skip | reason=no_setup | signals=0 | elapsed_s=4.799
2026-04-04 02:59:44 | symbol_done | idx=249 | total=654 | symbol=REIUSDT | status=skip | reason=no_latest_setup | signals=0 | elapsed_s=6.616
2026-04-04 02:59:50 | symbol_done | idx=250 | total=654 | symbol=BADGERUSDT | status=skip | reason=no_latest_setup | signals=0 | elapsed_s=6.036
2026-04-04 02:59:52 | symbol_done | idx=9 | total=12 | symbol=PIPPINUSDT | status=skip | reason=no_latest_setup | signals=0 | elapsed_s=7.464
2026-04-04 02:59:53 | symbol_done | idx=251 | total=654 | symbol=STBLUSDT | status=skip | reason=no_latest_setup | signals=0 | elapsed_s=2.951
2026-04-04 03:00:00 | symbol_done | idx=10 | total=12 | symbol=XRPUSDT | status=skip | reason=no_latest_setup | signals=0 | elapsed_s=8.112
2026-04-04 03:00:01 | symbol_done | idx=252 | total=654 | symbol=PENDLEUSDT | status=skip | reason=no_latest_setup | signals=0 | elapsed_s=7.702
2026-04-04 03:00:05 | symbol_done | idx=253 | total=654 | symbol=MYXUSDT | status=skip | reason=no_latest_setup | signals=0 | elapsed_s=3.604
2026-04-04 03:00:07 | symbol_done | idx=11 | total=12 | symbol=ALPHAUSDT | status=skip | reason=no_setup | signals=0 | elapsed_s=7.231
2026-04-04 03:00:08 | symbol_done | idx=254 | total=654 | symbol=OLUSDT | status=skip | reason=no_latest_setup | signals=0 | elapsed_s=3.362
2026-04-04 03:00:21 | symbol_done | idx=12 | total=12 | symbol=ONGUSDT | status=skip | reason=no_latest_setup | signals=0 | elapsed_s=13.898
2026-04-04 03:00:21 | scan_end | timeframe=1h | symbols=12 | total_signals=0 | elapsed_s=77.520 | log_file=D:\Code\Projects\self-projects\macd-overlay - Copy\logs\sniper_scan_progress.log
2026-04-04 03:00:21 | scan_start | timeframe=1h | symbols=12 | lookback_days=450 | batch_predict=True
2026-04-04 03:00:21 | symbol_done | idx=1 | total=12 | symbol=BTCUSDT | status=skip | reason=no_latest_setup | signals=0 | elapsed_s=0.549
2026-04-04 03:00:22 | symbol_done | idx=255 | total=654 | symbol=ARCUSDT | status=skip | reason=no_latest_setup | signals=0 | elapsed_s=13.661
2026-04-04 03:00:22 | symbol_done | idx=2 | total=12 | symbol=ETHUSDT | status=skip | reason=no_latest_setup | signals=0 | elapsed_s=0.369
2026-04-04 03:00:22 | symbol_done | idx=3 | total=12 | symbol=ALPACAUSDT | status=skip | reason=no_setup | signals=0 | elapsed_s=0.332
2026-04-04 03:00:22 | symbol_done | idx=4 | total=12 | symbol=SOLUSDT | status=skip | reason=no_latest_setup | signals=0 | elapsed_s=0.357
2026-04-04 03:00:23 | symbol_done | idx=5 | total=12 | symbol=STOUSDT | status=skip | reason=no_latest_setup | signals=0 | elapsed_s=0.364
2026-04-04 03:00:23 | symbol_done | idx=6 | total=12 | symbol=EDGEUSDT | status=skip | reason=no_latest_setup | signals=0 | elapsed_s=0.393
2026-04-04 03:00:24 | symbol_done | idx=7 | total=12 | symbol=AIOTUSDT | status=skip | reason=no_latest_setup | signals=0 | elapsed_s=0.527
2026-04-04 03:00:24 | symbol_done | idx=8 | total=12 | symbol=BNXUSDT | status=skip | reason=no_setup | signals=0 | elapsed_s=0.410
2026-04-04 03:00:24 | symbol_done | idx=9 | total=12 | symbol=PIPPINUSDT | status=skip | reason=no_latest_setup | signals=0 | elapsed_s=0.386
2026-04-04 03:00:25 | symbol_done | idx=10 | total=12 | symbol=XRPUSDT | status=skip | reason=no_latest_setup | signals=0 | elapsed_s=0.394
2026-04-04 03:00:25 | symbol_done | idx=11 | total=12 | symbol=ALPHAUSDT | status=skip | reason=no_setup | signals=0 | elapsed_s=0.373
2026-04-04 03:00:26 | symbol_done | idx=12 | total=12 | symbol=ONGUSDT | status=skip | reason=no_latest_setup | signals=0 | elapsed_s=0.961
2026-04-04 03:00:26 | scan_end | timeframe=1h | symbols=12 | total_signals=0 | elapsed_s=5.429 | log_file=D:\Code\Projects\self-projects\macd-overlay - Copy\logs\sniper_scan_progress.log
2026-04-04 03:00:31 | symbol_done | idx=256 | total=654 | symbol=REZUSDT | status=skip | reason=no_latest_setup | signals=0 | elapsed_s=9.178
2026-04-04 03:00:35 | symbol_done | idx=257 | total=654 | symbol=ICNTUSDT | status=skip | reason=no_latest_setup | signals=0 | elapsed_s=4.609
2026-04-04 03:00:42 | symbol_done | idx=258 | total=654 | symbol=LUNA2USDT | status=skip | reason=no_latest_setup | signals=0 | elapsed_s=6.987
2026-04-04 03:00:48 | symbol_done | idx=259 | total=654 | symbol=USELESSUSDT | status=ok | reason=below_threshold | signals=0 | elapsed_s=6.057
2026-04-04 03:00:57 | symbol_done | idx=260 | total=654 | symbol=VFYUSDT | status=skip | reason=no_latest_setup | signals=0 | elapsed_s=8.740
2026-04-04 03:01:02 | symbol_done | idx=261 | total=654 | symbol=GWEIUSDT | status=skip | reason=no_latest_setup | signals=0 | elapsed_s=4.988
2026-04-04 03:01:11 | scan_start | timeframe=1h | symbols=5 | lookback_days=450 | batch_predict=True
2026-04-04 03:01:22 | symbol_done | idx=262 | total=654 | symbol=PEOPLEUSDT | status=skip | reason=no_latest_setup | signals=0 | elapsed_s=19.497
2026-04-04 03:01:24 | symbol_done | idx=1 | total=5 | symbol=BTCUSDT | status=skip | reason=no_latest_setup | signals=0 | elapsed_s=12.609
2026-04-04 03:01:25 | symbol_done | idx=263 | total=654 | symbol=PLAYUSDT | status=skip | reason=no_latest_setup | signals=0 | elapsed_s=3.881
2026-04-04 03:01:27 | symbol_done | idx=264 | total=654 | symbol=POWERUSDT | status=skip | reason=no_latest_setup | signals=0 | elapsed_s=1.818
2026-04-04 03:01:31 | symbol_done | idx=2 | total=5 | symbol=ETHUSDT | status=skip | reason=no_latest_setup | signals=0 | elapsed_s=6.966
2026-04-04 03:01:33 | symbol_done | idx=265 | total=654 | symbol=DEFIUSDT | status=skip | reason=no_latest_setup | signals=0 | elapsed_s=6.061
2026-04-04 03:01:35 | symbol_done | idx=3 | total=5 | symbol=ALPACAUSDT | status=skip | reason=no_setup | signals=0 | elapsed_s=4.427
2026-04-04 03:01:39 | symbol_done | idx=266 | total=654 | symbol=SNXUSDT | status=skip | reason=no_latest_setup | signals=0 | elapsed_s=5.872
2026-04-04 03:01:43 | symbol_done | idx=4 | total=5 | symbol=SOLUSDT | status=skip | reason=no_latest_setup | signals=0 | elapsed_s=7.779
2026-04-04 03:01:47 | symbol_done | idx=267 | total=654 | symbol=NEIROUSDT | status=skip | reason=no_latest_setup | signals=0 | elapsed_s=8.217
2026-04-04 03:01:48 | symbol_done | idx=5 | total=5 | symbol=STOUSDT | status=skip | reason=no_latest_setup | signals=0 | elapsed_s=5.441
2026-04-04 03:01:48 | scan_end | timeframe=1h | symbols=5 | total_signals=0 | elapsed_s=37.232 | log_file=D:\Code\Projects\self-projects\macd-overlay - Copy\logs\sniper_scan_progress.log
2026-04-04 03:01:48 | scan_start | timeframe=1h | symbols=5 | lookback_days=450 | batch_predict=True
2026-04-04 03:01:49 | symbol_done | idx=1 | total=5 | symbol=BTCUSDT | status=skip | reason=no_latest_setup | signals=0 | elapsed_s=0.379
2026-04-04 03:01:49 | symbol_done | idx=2 | total=5 | symbol=ETHUSDT | status=skip | reason=no_latest_setup | signals=0 | elapsed_s=0.350
2026-04-04 03:01:49 | symbol_done | idx=3 | total=5 | symbol=ALPACAUSDT | status=skip | reason=no_setup | signals=0 | elapsed_s=0.382
2026-04-04 03:01:50 | symbol_done | idx=4 | total=5 | symbol=SOLUSDT | status=skip | reason=no_latest_setup | signals=0 | elapsed_s=0.397
2026-04-04 03:01:50 | symbol_done | idx=5 | total=5 | symbol=STOUSDT | status=skip | reason=no_latest_setup | signals=0 | elapsed_s=0.439
2026-04-04 03:01:50 | scan_end | timeframe=1h | symbols=5 | total_signals=0 | elapsed_s=1.952 | log_file=D:\Code\Projects\self-projects\macd-overlay - Copy\logs\sniper_scan_progress.log
2026-04-04 03:01:51 | symbol_done | idx=268 | total=654 | symbol=XNYUSDT | status=skip | reason=no_latest_setup | signals=0 | elapsed_s=3.432
2026-04-04 03:01:56 | symbol_done | idx=269 | total=654 | symbol=NKNUSDT | status=skip | reason=no_latest_setup | signals=0 | elapsed_s=5.198
2026-04-04 03:02:01 | symbol_done | idx=270 | total=654 | symbol=ENJUSDT | status=skip | reason=no_latest_setup | signals=0 | elapsed_s=5.109
2026-04-04 03:02:07 | symbol_done | idx=271 | total=654 | symbol=BANUSDT | status=skip | reason=no_latest_setup | signals=0 | elapsed_s=5.640
2026-04-04 03:02:11 | symbol_done | idx=272 | total=654 | symbol=ORBSUSDT | status=skip | reason=no_setup | signals=0 | elapsed_s=4.475
2026-04-04 03:02:15 | symbol_done | idx=273 | total=654 | symbol=PTBUSDT | status=skip | reason=no_latest_setup | signals=0 | elapsed_s=3.312
2026-04-04 03:02:16 | symbol_done | idx=274 | total=654 | symbol=ZAMAUSDT | status=skip | reason=no_latest_setup | signals=0 | elapsed_s=1.380
2026-04-04 03:02:19 | symbol_done | idx=275 | total=654 | symbol=METUSDT | status=skip | reason=no_latest_setup | signals=0 | elapsed_s=2.637
2026-04-04 03:02:25 | symbol_done | idx=276 | total=654 | symbol=MANAUSDT | status=skip | reason=no_latest_setup | signals=0 | elapsed_s=6.235
2026-04-04 03:02:31 | symbol_done | idx=277 | total=654 | symbol=JTOUSDT | status=skip | reason=no_latest_setup | signals=0 | elapsed_s=5.764
2026-04-04 03:02:36 | symbol_done | idx=278 | total=654 | symbol=1000WHYUSDT | status=skip | reason=no_latest_setup | signals=0 | elapsed_s=5.355
2026-04-04 03:02:42 | symbol_done | idx=279 | total=654 | symbol=BALUSDT | status=skip | reason=no_latest_setup | signals=0 | elapsed_s=5.610
2026-04-04 03:02:49 | symbol_done | idx=280 | total=654 | symbol=COSUSDT | status=skip | reason=no_latest_setup | signals=0 | elapsed_s=7.447
2026-04-04 03:02:56 | symbol_done | idx=281 | total=654 | symbol=THEUSDT | status=skip | reason=no_latest_setup | signals=0 | elapsed_s=6.869
2026-04-04 03:02:57 | symbol_done | idx=282 | total=654 | symbol=MSTRUSDT | status=skip | reason=no_latest_setup | signals=0 | elapsed_s=0.970
2026-04-04 03:03:00 | symbol_done | idx=283 | total=654 | symbol=ZRCUSDT | status=skip | reason=no_latest_setup | signals=0 | elapsed_s=2.869
2026-04-04 03:03:06 | symbol_done | idx=284 | total=654 | symbol=AIXBTUSDT | status=skip | reason=no_latest_setup | signals=0 | elapsed_s=6.097
2026-04-04 03:03:11 | symbol_done | idx=285 | total=654 | symbol=DEGOUSDT | status=skip | reason=no_latest_setup | signals=0 | elapsed_s=5.472
2026-04-04 03:03:17 | symbol_done | idx=286 | total=654 | symbol=PNUTUSDT | status=skip | reason=no_latest_setup | signals=0 | elapsed_s=5.706
2026-04-04 03:03:22 | symbol_done | idx=287 | total=654 | symbol=STMXUSDT | status=skip | reason=no_latest_setup | signals=0 | elapsed_s=5.274
2026-04-04 03:03:27 | symbol_done | idx=288 | total=654 | symbol=GMTUSDT | status=skip | reason=no_latest_setup | signals=0 | elapsed_s=4.888
2026-04-04 03:03:33 | symbol_done | idx=289 | total=654 | symbol=MINAUSDT | status=skip | reason=no_latest_setup | signals=0 | elapsed_s=5.281
2026-04-04 03:03:39 | symbol_done | idx=290 | total=654 | symbol=ARUSDT | status=skip | reason=no_latest_setup | signals=0 | elapsed_s=6.217
2026-04-04 03:03:43 | symbol_done | idx=291 | total=654 | symbol=LINEAUSDT | status=skip | reason=no_latest_setup | signals=0 | elapsed_s=3.822
2026-04-04 03:03:45 | symbol_done | idx=292 | total=654 | symbol=SKYUSDT | status=skip | reason=no_latest_setup | signals=0 | elapsed_s=2.209
2026-04-04 03:03:50 | symbol_done | idx=293 | total=654 | symbol=TRBUSDT | status=skip | reason=no_latest_setup | signals=0 | elapsed_s=5.303
2026-04-04 03:03:55 | symbol_done | idx=294 | total=654 | symbol=CAKEUSDT | status=skip | reason=no_latest_setup | signals=0 | elapsed_s=4.902
2026-04-04 03:04:00 | symbol_done | idx=295 | total=654 | symbol=FXSUSDT | status=skip | reason=no_latest_setup | signals=0 | elapsed_s=4.653
2026-04-04 03:04:05 | symbol_done | idx=296 | total=654 | symbol=INITUSDT | status=skip | reason=no_latest_setup | signals=0 | elapsed_s=5.678
2026-04-04 03:04:07 | symbol_done | idx=297 | total=654 | symbol=COLLECTUSDT | status=ok | reason=signal_emitted | signals=1 | elapsed_s=1.778
2026-04-04 03:04:14 | symbol_done | idx=298 | total=654 | symbol=MYROUSDT | status=skip | reason=no_latest_setup | signals=0 | elapsed_s=6.571
2026-04-04 03:04:20 | symbol_done | idx=299 | total=654 | symbol=IDUSDT | status=skip | reason=no_latest_setup | signals=0 | elapsed_s=6.271
2026-04-04 03:04:25 | symbol_done | idx=300 | total=654 | symbol=GHSTUSDT | status=skip | reason=no_latest_setup | signals=0 | elapsed_s=4.793
2026-04-04 03:04:31 | symbol_done | idx=301 | total=654 | symbol=ATHUSDT | status=skip | reason=no_latest_setup | signals=0 | elapsed_s=6.743
2026-04-04 03:04:32 | symbol_done | idx=302 | total=654 | symbol=ESPUSDT | status=skip | reason=no_latest_setup | signals=0 | elapsed_s=0.838
2026-04-04 03:04:35 | symbol_done | idx=303 | total=654 | symbol=JCTUSDT | status=skip | reason=no_latest_setup | signals=0 | elapsed_s=3.070
2026-04-04 03:04:42 | symbol_done | idx=304 | total=654 | symbol=1000XUSDT | status=skip | reason=no_latest_setup | signals=0 | elapsed_s=6.806
2026-04-04 03:04:45 | symbol_done | idx=305 | total=654 | symbol=EULUSDT | status=skip | reason=no_latest_setup | signals=0 | elapsed_s=3.052
2026-04-04 03:04:51 | symbol_done | idx=306 | total=654 | symbol=SKYAIUSDT | status=skip | reason=no_latest_setup | signals=0 | elapsed_s=5.867
2026-04-04 03:04:55 | symbol_done | idx=307 | total=654 | symbol=4USDT | status=skip | reason=no_latest_setup | signals=0 | elapsed_s=4.192
2026-04-04 03:04:56 | symbol_done | idx=308 | total=654 | symbol=HOODUSDT | status=skip | reason=no_latest_setup | signals=0 | elapsed_s=0.967
2026-04-04 03:05:05 | symbol_done | idx=309 | total=654 | symbol=DEGENUSDT | status=skip | reason=no_latest_setup | signals=0 | elapsed_s=8.466
2026-04-04 03:05:14 | symbol_done | idx=310 | total=654 | symbol=SHELLUSDT | status=skip | reason=no_latest_setup | signals=0 | elapsed_s=8.873
2026-04-04 03:05:17 | symbol_done | idx=311 | total=654 | symbol=LIGHTUSDT | status=skip | reason=no_latest_setup | signals=0 | elapsed_s=2.968
2026-04-04 03:05:24 | symbol_done | idx=312 | total=654 | symbol=TWTUSDT | status=skip | reason=no_latest_setup | signals=0 | elapsed_s=7.901
2026-04-04 03:05:34 | symbol_done | idx=313 | total=654 | symbol=GRTUSDT | status=skip | reason=no_latest_setup | signals=0 | elapsed_s=9.564
2026-04-04 03:05:43 | symbol_done | idx=314 | total=654 | symbol=BOMEUSDT | status=skip | reason=no_latest_setup | signals=0 | elapsed_s=8.703
2026-04-04 03:05:46 | symbol_done | idx=315 | total=654 | symbol=UBUSDT | status=skip | reason=no_latest_setup | signals=0 | elapsed_s=2.826
2026-04-04 03:05:53 | symbol_done | idx=316 | total=654 | symbol=CELOUSDT | status=skip | reason=no_latest_setup | signals=0 | elapsed_s=7.131
2026-04-04 03:05:59 | symbol_done | idx=317 | total=654 | symbol=EDUUSDT | status=skip | reason=no_latest_setup | signals=0 | elapsed_s=6.115
2026-04-04 03:06:04 | symbol_done | idx=318 | total=654 | symbol=ONEUSDT | status=skip | reason=no_latest_setup | signals=0 | elapsed_s=5.672
2026-04-04 03:06:11 | symbol_done | idx=319 | total=654 | symbol=FORMUSDT | status=skip | reason=no_latest_setup | signals=0 | elapsed_s=6.305
2026-04-04 03:06:17 | symbol_done | idx=320 | total=654 | symbol=MOODENGUSDT | status=skip | reason=no_latest_setup | signals=0 | elapsed_s=6.496
2026-04-04 03:06:21 | symbol_done | idx=321 | total=654 | symbol=FORTHUSDT | status=skip | reason=no_latest_setup | signals=0 | elapsed_s=3.851
2026-04-04 03:06:26 | symbol_done | idx=322 | total=654 | symbol=XCNUSDT | status=skip | reason=no_latest_setup | signals=0 | elapsed_s=4.549
2026-04-04 03:06:33 | symbol_done | idx=323 | total=654 | symbol=DFUSDT | status=skip | reason=no_latest_setup | signals=0 | elapsed_s=7.086
2026-04-04 03:06:41 | symbol_done | idx=324 | total=654 | symbol=CFXUSDT | status=skip | reason=no_latest_setup | signals=0 | elapsed_s=8.484
2026-04-04 03:06:50 | symbol_done | idx=325 | total=654 | symbol=COMPUSDT | status=skip | reason=no_latest_setup | signals=0 | elapsed_s=8.464
2026-04-04 03:06:56 | symbol_done | idx=326 | total=654 | symbol=SUSHIUSDT | status=skip | reason=no_latest_setup | signals=0 | elapsed_s=6.350
2026-04-04 03:06:59 | symbol_done | idx=327 | total=654 | symbol=PROVEUSDT | status=skip | reason=no_latest_setup | signals=0 | elapsed_s=3.380
2026-04-04 03:07:04 | symbol_done | idx=328 | total=654 | symbol=SUSDT | status=skip | reason=no_latest_setup | signals=0 | elapsed_s=4.623
2026-04-04 03:07:09 | symbol_done | idx=329 | total=654 | symbol=SWARMSUSDT | status=skip | reason=no_latest_setup | signals=0 | elapsed_s=4.703
2026-04-04 03:07:12 | symbol_done | idx=330 | total=654 | symbol=NAORISUSDT | status=skip | reason=no_latest_setup | signals=0 | elapsed_s=2.775
2026-04-04 03:07:13 | symbol_done | idx=331 | total=654 | symbol=FOLKSUSDT | status=skip | reason=no_latest_setup | signals=0 | elapsed_s=1.812
2026-04-04 03:07:18 | symbol_done | idx=332 | total=654 | symbol=ALICEUSDT | status=skip | reason=no_latest_setup | signals=0 | elapsed_s=5.018
2026-04-04 03:07:30 | symbol_done | idx=333 | total=654 | symbol=DYMUSDT | status=skip | reason=no_latest_setup | signals=0 | elapsed_s=12.064
2026-04-04 03:07:39 | symbol_done | idx=334 | total=654 | symbol=AIUSDT | status=skip | reason=no_latest_setup | signals=0 | elapsed_s=8.964
2026-04-04 03:07:46 | symbol_done | idx=335 | total=654 | symbol=STXUSDT | status=skip | reason=no_latest_setup | signals=0 | elapsed_s=6.766
2026-04-04 03:07:49 | symbol_done | idx=336 | total=654 | symbol=CCUSDT | status=skip | reason=no_latest_setup | signals=0 | elapsed_s=2.750
2026-04-04 03:07:53 | symbol_done | idx=337 | total=654 | symbol=DMCUSDT | status=skip | reason=no_latest_setup | signals=0 | elapsed_s=4.297
2026-04-04 03:07:56 | symbol_done | idx=338 | total=654 | symbol=MIRAUSDT | status=skip | reason=no_latest_setup | signals=0 | elapsed_s=2.998
2026-04-04 03:08:02 | symbol_done | idx=339 | total=654 | symbol=USUALUSDT | status=skip | reason=no_latest_setup | signals=0 | elapsed_s=5.642
2026-04-04 03:08:02 | symbol_done | idx=340 | total=654 | symbol=MANTRAUSDT | status=skip | reason=no_latest_setup | signals=0 | elapsed_s=0.333
2026-04-04 03:08:04 | symbol_done | idx=341 | total=654 | symbol=CLOUSDT | status=skip | reason=no_latest_setup | signals=0 | elapsed_s=2.093
2026-04-04 03:08:09 | symbol_done | idx=342 | total=654 | symbol=FLOWUSDT | status=skip | reason=no_latest_setup | signals=0 | elapsed_s=4.422
2026-04-04 03:08:13 | symbol_done | idx=343 | total=654 | symbol=STPTUSDT | status=skip | reason=no_setup | signals=0 | elapsed_s=3.815
2026-04-04 03:14:55 | scan_start | timeframe=1h | symbols=654 | lookback_days=450 | batch_predict=True
2026-04-04 03:15:04 | symbol_done | idx=1 | total=654 | symbol=BTCUSDT | status=skip | reason=no_latest_setup | signals=0 | elapsed_s=8.267
2026-04-04 03:15:09 | symbol_done | idx=2 | total=654 | symbol=ETHUSDT | status=skip | reason=no_latest_setup | signals=0 | elapsed_s=5.945
2026-04-04 03:15:15 | symbol_done | idx=3 | total=654 | symbol=ALPACAUSDT | status=skip | reason=no_setup | signals=0 | elapsed_s=5.947
2026-04-04 03:15:22 | symbol_done | idx=4 | total=654 | symbol=SOLUSDT | status=skip | reason=no_latest_setup | signals=0 | elapsed_s=6.989
2026-04-04 03:15:33 | symbol_done | idx=5 | total=654 | symbol=STOUSDT | status=skip | reason=no_latest_setup | signals=0 | elapsed_s=10.724
2026-04-04 03:15:33 | symbol_done | idx=6 | total=654 | symbol=EDGEUSDT | status=skip | reason=no_latest_setup | signals=0 | elapsed_s=0.329
2026-04-04 03:15:39 | symbol_done | idx=7 | total=654 | symbol=AIOTUSDT | status=skip | reason=no_latest_setup | signals=0 | elapsed_s=5.133
2026-04-04 03:15:43 | symbol_done | idx=8 | total=654 | symbol=BNXUSDT | status=skip | reason=no_setup | signals=0 | elapsed_s=4.579
2026-04-04 03:15:49 | symbol_done | idx=9 | total=654 | symbol=PIPPINUSDT | status=skip | reason=no_latest_setup | signals=0 | elapsed_s=5.350
2026-04-04 03:15:54 | symbol_done | idx=10 | total=654 | symbol=XRPUSDT | status=skip | reason=no_latest_setup | signals=0 | elapsed_s=5.889
2026-04-04 03:16:00 | symbol_done | idx=11 | total=654 | symbol=ALPHAUSDT | status=skip | reason=no_setup | signals=0 | elapsed_s=5.155
2026-04-04 03:16:04 | symbol_done | idx=12 | total=654 | symbol=ONGUSDT | status=skip | reason=no_latest_setup | signals=0 | elapsed_s=4.552
2026-04-04 03:16:09 | symbol_done | idx=13 | total=654 | symbol=CTSIUSDT | status=skip | reason=no_latest_setup | signals=0 | elapsed_s=4.668
2026-04-04 03:16:33 | symbol_done | idx=14 | total=654 | symbol=DOGEUSDT | status=skip | reason=no_latest_setup | signals=0 | elapsed_s=23.887
2026-04-04 03:16:37 | symbol_done | idx=15 | total=654 | symbol=RIVERUSDT | status=skip | reason=no_latest_setup | signals=0 | elapsed_s=3.819
2026-04-04 03:16:43 | symbol_done | idx=16 | total=654 | symbol=SIRENUSDT | status=skip | reason=no_latest_setup | signals=0 | elapsed_s=6.914
2026-04-04 03:16:50 | symbol_done | idx=17 | total=654 | symbol=1000PEPEUSDT | status=skip | reason=no_latest_setup | signals=0 | elapsed_s=6.713
2026-04-04 03:16:56 | symbol_done | idx=18 | total=654 | symbol=TAOUSDT | status=skip | reason=no_latest_setup | signals=0 | elapsed_s=5.436
2026-04-04 03:16:59 | symbol_done | idx=19 | total=654 | symbol=PORT3USDT | status=skip | reason=no_setup | signals=0 | elapsed_s=3.811
2026-04-04 03:17:00 | symbol_done | idx=20 | total=654 | symbol=XAUUSDT | status=skip | reason=no_setup | signals=0 | elapsed_s=1.046
2026-04-04 03:17:05 | symbol_done | idx=21 | total=654 | symbol=BNBUSDT | status=skip | reason=no_latest_setup | signals=0 | elapsed_s=4.575
2026-04-04 03:17:11 | symbol_done | idx=22 | total=654 | symbol=ZECUSDT | status=skip | reason=no_latest_setup | signals=0 | elapsed_s=5.624
2026-04-04 03:17:15 | symbol_done | idx=23 | total=654 | symbol=HYPEUSDT | status=skip | reason=no_latest_setup | signals=0 | elapsed_s=4.592
2026-04-04 03:17:21 | symbol_done | idx=24 | total=654 | symbol=ADAUSDT | status=skip | reason=no_latest_setup | signals=0 | elapsed_s=6.158
2026-04-04 03:17:27 | symbol_done | idx=25 | total=654 | symbol=ONTUSDT | status=skip | reason=no_latest_setup | signals=0 | elapsed_s=5.835
2026-04-04 03:17:30 | symbol_done | idx=26 | total=654 | symbol=XPLUSDT | status=skip | reason=no_latest_setup | signals=0 | elapsed_s=3.079
2026-04-04 03:17:33 | symbol_done | idx=27 | total=654 | symbol=NOMUSDT | status=skip | reason=no_latest_setup | signals=0 | elapsed_s=2.707
2026-04-04 03:17:39 | symbol_done | idx=28 | total=654 | symbol=ALGOUSDT | status=skip | reason=no_latest_setup | signals=0 | elapsed_s=5.539
2026-04-04 03:17:41 | symbol_done | idx=29 | total=654 | symbol=ARIAUSDT | status=skip | reason=no_latest_setup | signals=0 | elapsed_s=2.905
2026-04-04 03:17:47 | symbol_done | idx=30 | total=654 | symbol=UXLINKUSDT | status=skip | reason=no_setup | signals=0 | elapsed_s=5.318
2026-04-04 03:17:54 | symbol_done | idx=31 | total=654 | symbol=DUSDT | status=skip | reason=no_latest_setup | signals=0 | elapsed_s=6.888
2026-04-04 03:17:58 | symbol_done | idx=32 | total=654 | symbol=VIDTUSDT | status=skip | reason=no_setup | signals=0 | elapsed_s=4.249
2026-04-04 03:18:02 | symbol_done | idx=33 | total=654 | symbol=SXPUSDT | status=skip | reason=no_setup | signals=0 | elapsed_s=3.883
2026-04-04 03:18:04 | symbol_done | idx=34 | total=654 | symbol=YBUSDT | status=skip | reason=no_latest_setup | signals=0 | elapsed_s=1.785
2026-04-04 03:18:07 | symbol_done | idx=35 | total=654 | symbol=AGIXUSDT | status=skip | reason=no_setup | signals=0 | elapsed_s=3.766
2026-04-04 03:18:08 | symbol_done | idx=36 | total=654 | symbol=CLUSDT | status=skip | reason=insufficient_history | signals=0 | elapsed_s=0.265
2026-04-04 03:18:14 | symbol_done | idx=37 | total=654 | symbol=AVAXUSDT | status=skip | reason=no_latest_setup | signals=0 | elapsed_s=6.261
2026-04-04 03:18:20 | symbol_done | idx=38 | total=654 | symbol=SUIUSDT | status=skip | reason=no_latest_setup | signals=0 | elapsed_s=6.464
2026-04-04 03:18:24 | symbol_done | idx=39 | total=654 | symbol=LINAUSDT | status=skip | reason=no_setup | signals=0 | elapsed_s=3.773
2026-04-04 03:18:27 | symbol_done | idx=40 | total=654 | symbol=MEMEFIUSDT | status=skip | reason=no_setup | signals=0 | elapsed_s=3.293
2026-04-04 03:18:32 | symbol_done | idx=41 | total=654 | symbol=LEVERUSDT | status=skip | reason=no_setup | signals=0 | elapsed_s=4.653
2026-04-04 03:18:36 | symbol_done | idx=42 | total=654 | symbol=NEIROETHUSDT | status=skip | reason=no_setup | signals=0 | elapsed_s=4.043
2026-04-04 03:18:38 | symbol_done | idx=43 | total=654 | symbol=A2ZUSDT | status=skip | reason=no_latest_setup | signals=0 | elapsed_s=2.118
2026-04-04 03:18:42 | symbol_done | idx=44 | total=654 | symbol=FTMUSDT | status=skip | reason=no_setup | signals=0 | elapsed_s=3.979
2026-04-04 03:18:48 | symbol_done | idx=45 | total=654 | symbol=NEARUSDT | status=skip | reason=no_latest_setup | signals=0 | elapsed_s=5.754
2026-04-04 03:18:52 | symbol_done | idx=46 | total=654 | symbol=WAVESUSDT | status=skip | reason=no_setup | signals=0 | elapsed_s=3.880
2026-04-04 03:18:58 | symbol_done | idx=47 | total=654 | symbol=LINKUSDT | status=skip | reason=no_latest_setup | signals=0 | elapsed_s=5.812
2026-04-04 03:19:02 | symbol_done | idx=48 | total=654 | symbol=ENAUSDT | status=skip | reason=no_latest_setup | signals=0 | elapsed_s=4.259
2026-04-04 03:19:06 | symbol_done | idx=49 | total=654 | symbol=OMNIUSDT | status=skip | reason=no_setup | signals=0 | elapsed_s=4.069
2026-04-04 03:19:08 | symbol_done | idx=50 | total=654 | symbol=YALAUSDT | status=skip | reason=no_setup | signals=0 | elapsed_s=2.216
2026-04-04 03:19:12 | symbol_done | idx=51 | total=654 | symbol=AMBUSDT | status=skip | reason=no_setup | signals=0 | elapsed_s=4.124
2026-04-04 03:19:17 | symbol_done | idx=52 | total=654 | symbol=BSWUSDT | status=skip | reason=no_setup | signals=0 | elapsed_s=4.254
2026-04-04 03:19:20 | symbol_done | idx=53 | total=654 | symbol=OCEANUSDT | status=skip | reason=no_setup | signals=0 | elapsed_s=3.870
2026-04-04 03:19:25 | symbol_done | idx=54 | total=654 | symbol=GASUSDT | status=skip | reason=no_latest_setup | signals=0 | elapsed_s=4.070
2026-04-04 03:19:26 | symbol_done | idx=55 | total=654 | symbol=BARDUSDT | status=skip | reason=no_latest_setup | signals=0 | elapsed_s=1.786
2026-04-04 03:19:29 | symbol_done | idx=56 | total=654 | symbol=CUSDT | status=skip | reason=no_latest_setup | signals=0 | elapsed_s=2.556
2026-04-04 03:19:33 | symbol_done | idx=57 | total=654 | symbol=STRAXUSDT | status=skip | reason=no_setup | signals=0 | elapsed_s=3.874
2026-04-04 03:19:37 | symbol_done | idx=58 | total=654 | symbol=DOTUSDT | status=skip | reason=no_latest_setup | signals=0 | elapsed_s=4.151
2026-04-04 03:19:41 | symbol_done | idx=59 | total=654 | symbol=BRUSDT | status=skip | reason=no_latest_setup | signals=0 | elapsed_s=3.842
2026-04-04 03:19:45 | symbol_done | idx=60 | total=654 | symbol=FILUSDT | status=skip | reason=no_latest_setup | signals=0 | elapsed_s=4.463
2026-04-04 03:19:47 | symbol_done | idx=61 | total=654 | symbol=BEATUSDT | status=skip | reason=no_latest_setup | signals=0 | elapsed_s=1.505
2026-04-04 03:19:50 | symbol_done | idx=62 | total=654 | symbol=MONUSDT | status=skip | reason=no_latest_setup | signals=0 | elapsed_s=3.203
2026-04-04 03:19:55 | symbol_done | idx=63 | total=654 | symbol=FIDAUSDT | status=skip | reason=no_latest_setup | signals=0 | elapsed_s=5.071
2026-04-04 03:19:59 | symbol_done | idx=64 | total=654 | symbol=RENUSDT | status=skip | reason=no_setup | signals=0 | elapsed_s=4.467
2026-04-04 03:20:06 | symbol_done | idx=65 | total=654 | symbol=FETUSDT | status=skip | reason=no_latest_setup | signals=0 | elapsed_s=6.942
2026-04-04 03:20:09 | symbol_done | idx=66 | total=654 | symbol=币安人生USDT | status=skip | reason=no_latest_setup | signals=0 | elapsed_s=2.347
2026-04-04 03:20:13 | symbol_done | idx=67 | total=654 | symbol=UNFIUSDT | status=skip | reason=no_setup | signals=0 | elapsed_s=4.177
2026-04-04 03:20:18 | symbol_done | idx=68 | total=654 | symbol=PAXGUSDT | status=skip | reason=no_setup | signals=0 | elapsed_s=5.352
2026-04-04 03:20:20 | symbol_done | idx=69 | total=654 | symbol=KITEUSDT | status=skip | reason=no_latest_setup | signals=0 | elapsed_s=1.856
2026-04-04 03:20:24 | symbol_done | idx=70 | total=654 | symbol=BCHUSDT | status=skip | reason=no_latest_setup | signals=0 | elapsed_s=4.377
2026-04-04 03:20:26 | symbol_done | idx=71 | total=654 | symbol=XAGUSDT | status=skip | reason=no_latest_setup | signals=0 | elapsed_s=1.095
2026-04-04 03:20:30 | symbol_done | idx=72 | total=654 | symbol=DGBUSDT | status=skip | reason=no_setup | signals=0 | elapsed_s=4.013
2026-04-04 03:20:33 | symbol_done | idx=73 | total=654 | symbol=PUFFERUSDT | status=skip | reason=no_latest_setup | signals=0 | elapsed_s=3.011
2026-04-04 03:20:33 | symbol_done | idx=74 | total=654 | symbol=BZUSDT | status=skip | reason=insufficient_history | signals=0 | elapsed_s=0.250
2026-04-04 03:22:10 | scan_start | timeframe=1h | symbols=654 | lookback_days=450 | batch_predict=True
2026-04-04 03:22:11 | symbol_done | idx=1 | total=654 | symbol=BTCUSDT | status=skip | reason=no_latest_setup | signals=0 | elapsed_s=1.286
2026-04-04 03:22:12 | symbol_done | idx=2 | total=654 | symbol=ETHUSDT | status=skip | reason=no_latest_setup | signals=0 | elapsed_s=0.976
2026-04-04 03:22:13 | symbol_done | idx=3 | total=654 | symbol=ALPACAUSDT | status=skip | reason=no_setup | signals=0 | elapsed_s=1.056
2026-04-04 03:22:14 | symbol_done | idx=4 | total=654 | symbol=SOLUSDT | status=skip | reason=no_latest_setup | signals=0 | elapsed_s=1.054
2026-04-04 03:22:15 | symbol_done | idx=5 | total=654 | symbol=STOUSDT | status=skip | reason=no_latest_setup | signals=0 | elapsed_s=1.083
2026-04-04 03:22:16 | symbol_done | idx=6 | total=654 | symbol=EDGEUSDT | status=skip | reason=no_latest_setup | signals=0 | elapsed_s=0.381
2026-04-04 03:22:17 | symbol_done | idx=7 | total=654 | symbol=AIOTUSDT | status=skip | reason=no_latest_setup | signals=0 | elapsed_s=1.163
2026-04-04 03:22:18 | symbol_done | idx=8 | total=654 | symbol=BNXUSDT | status=skip | reason=no_setup | signals=0 | elapsed_s=0.910
2026-04-04 03:22:19 | symbol_done | idx=9 | total=654 | symbol=PIPPINUSDT | status=skip | reason=no_latest_setup | signals=0 | elapsed_s=0.784
2026-04-04 03:22:20 | symbol_done | idx=10 | total=654 | symbol=ALPHAUSDT | status=skip | reason=no_setup | signals=0 | elapsed_s=0.857
2026-04-04 03:22:21 | symbol_done | idx=11 | total=654 | symbol=XRPUSDT | status=skip | reason=no_latest_setup | signals=0 | elapsed_s=1.174
2026-04-04 03:22:22 | symbol_done | idx=12 | total=654 | symbol=ONGUSDT | status=skip | reason=no_latest_setup | signals=0 | elapsed_s=1.055
2026-04-04 03:22:23 | symbol_done | idx=13 | total=654 | symbol=CTSIUSDT | status=skip | reason=no_latest_setup | signals=0 | elapsed_s=1.103
2026-04-04 03:22:24 | symbol_done | idx=14 | total=654 | symbol=DOGEUSDT | status=skip | reason=no_latest_setup | signals=0 | elapsed_s=1.116
2026-04-04 03:22:25 | symbol_done | idx=15 | total=654 | symbol=RIVERUSDT | status=skip | reason=no_latest_setup | signals=0 | elapsed_s=1.203
2026-04-04 03:22:26 | symbol_done | idx=16 | total=654 | symbol=SIRENUSDT | status=skip | reason=no_latest_setup | signals=0 | elapsed_s=0.908
2026-04-04 03:22:27 | symbol_done | idx=17 | total=654 | symbol=TAOUSDT | status=skip | reason=no_latest_setup | signals=0 | elapsed_s=0.849
2026-04-04 03:22:28 | symbol_done | idx=18 | total=654 | symbol=1000PEPEUSDT | status=skip | reason=no_latest_setup | signals=0 | elapsed_s=0.806
2026-04-04 03:22:29 | symbol_done | idx=19 | total=654 | symbol=PORT3USDT | status=skip | reason=no_setup | signals=0 | elapsed_s=0.763
2026-04-04 03:22:30 | symbol_done | idx=20 | total=654 | symbol=XAUUSDT | status=skip | reason=no_setup | signals=0 | elapsed_s=1.099
2026-04-04 03:22:31 | symbol_done | idx=21 | total=654 | symbol=BNBUSDT | status=skip | reason=no_latest_setup | signals=0 | elapsed_s=0.957
2026-04-04 03:22:32 | symbol_done | idx=22 | total=654 | symbol=ZECUSDT | status=skip | reason=no_latest_setup | signals=0 | elapsed_s=1.653
2026-04-04 03:22:33 | symbol_done | idx=23 | total=654 | symbol=HYPEUSDT | status=skip | reason=no_latest_setup | signals=0 | elapsed_s=1.001
2026-04-04 03:22:34 | symbol_done | idx=24 | total=654 | symbol=ADAUSDT | status=skip | reason=no_latest_setup | signals=0 | elapsed_s=1.081
2026-04-04 03:22:42 | symbol_done | idx=25 | total=654 | symbol=ONTUSDT | status=skip | reason=no_latest_setup | signals=0 | elapsed_s=7.269
2026-04-04 03:22:44 | symbol_done | idx=26 | total=654 | symbol=XPLUSDT | status=skip | reason=no_latest_setup | signals=0 | elapsed_s=2.636
2026-04-04 03:22:46 | symbol_done | idx=27 | total=654 | symbol=NOMUSDT | status=skip | reason=no_latest_setup | signals=0 | elapsed_s=1.608
2026-04-04 03:22:48 | symbol_done | idx=28 | total=654 | symbol=ALGOUSDT | status=skip | reason=no_latest_setup | signals=0 | elapsed_s=1.868
2026-04-04 03:22:49 | symbol_done | idx=29 | total=654 | symbol=ARIAUSDT | status=skip | reason=no_latest_setup | signals=0 | elapsed_s=1.523
2026-04-04 03:22:56 | symbol_done | idx=30 | total=654 | symbol=DUSDT | status=skip | reason=no_latest_setup | signals=0 | elapsed_s=6.649
2026-04-04 03:22:57 | symbol_done | idx=31 | total=654 | symbol=UXLINKUSDT | status=skip | reason=no_setup | signals=0 | elapsed_s=1.054
2026-04-04 03:22:58 | symbol_done | idx=32 | total=654 | symbol=VIDTUSDT | status=skip | reason=no_setup | signals=0 | elapsed_s=0.824
2026-04-04 03:22:59 | symbol_done | idx=33 | total=654 | symbol=SXPUSDT | status=skip | reason=no_setup | signals=0 | elapsed_s=0.793
2026-04-04 03:23:01 | symbol_done | idx=34 | total=654 | symbol=YBUSDT | status=skip | reason=no_latest_setup | signals=0 | elapsed_s=2.055
2026-04-04 03:23:01 | symbol_done | idx=35 | total=654 | symbol=AGIXUSDT | status=skip | reason=no_setup | signals=0 | elapsed_s=0.655
2026-04-04 03:23:04 | symbol_done | idx=36 | total=654 | symbol=AVAXUSDT | status=skip | reason=no_latest_setup | signals=0 | elapsed_s=2.399
2026-04-04 03:23:04 | symbol_done | idx=37 | total=654 | symbol=CLUSDT | status=skip | reason=insufficient_history | signals=0 | elapsed_s=0.650
2026-04-04 03:23:07 | symbol_done | idx=38 | total=654 | symbol=SUIUSDT | status=skip | reason=no_latest_setup | signals=0 | elapsed_s=2.534
2026-04-04 03:23:08 | symbol_done | idx=39 | total=654 | symbol=LINAUSDT | status=skip | reason=no_setup | signals=0 | elapsed_s=1.252
2026-04-04 03:23:09 | symbol_done | idx=40 | total=654 | symbol=MEMEFIUSDT | status=skip | reason=no_setup | signals=0 | elapsed_s=1.123
2026-04-04 03:23:10 | symbol_done | idx=41 | total=654 | symbol=LEVERUSDT | status=skip | reason=no_setup | signals=0 | elapsed_s=0.849
2026-04-04 03:23:11 | symbol_done | idx=42 | total=654 | symbol=NEIROETHUSDT | status=skip | reason=no_setup | signals=0 | elapsed_s=0.693
2026-04-04 03:23:12 | symbol_done | idx=43 | total=654 | symbol=A2ZUSDT | status=skip | reason=no_latest_setup | signals=0 | elapsed_s=1.224
2026-04-04 03:23:13 | symbol_done | idx=44 | total=654 | symbol=FTMUSDT | status=skip | reason=no_setup | signals=0 | elapsed_s=0.752
2026-04-04 03:23:14 | symbol_done | idx=45 | total=654 | symbol=NEARUSDT | status=skip | reason=no_latest_setup | signals=0 | elapsed_s=1.575
2026-04-04 03:23:16 | symbol_done | idx=46 | total=654 | symbol=WAVESUSDT | status=skip | reason=no_setup | signals=0 | elapsed_s=1.322
2026-04-04 03:23:17 | symbol_done | idx=47 | total=654 | symbol=LINKUSDT | status=skip | reason=no_latest_setup | signals=0 | elapsed_s=1.667
2026-04-04 03:23:19 | symbol_done | idx=48 | total=654 | symbol=ENAUSDT | status=skip | reason=no_latest_setup | signals=0 | elapsed_s=1.567
2026-04-04 03:23:20 | symbol_done | idx=49 | total=654 | symbol=OMNIUSDT | status=skip | reason=no_setup | signals=0 | elapsed_s=0.993
2026-04-04 03:23:21 | symbol_done | idx=50 | total=654 | symbol=YALAUSDT | status=skip | reason=no_setup | signals=0 | elapsed_s=1.126
2026-04-04 03:23:22 | symbol_done | idx=51 | total=654 | symbol=AMBUSDT | status=skip | reason=no_setup | signals=0 | elapsed_s=1.007
2026-04-04 03:23:23 | symbol_done | idx=52 | total=654 | symbol=BSWUSDT | status=skip | reason=no_setup | signals=0 | elapsed_s=1.058
2026-04-04 03:23:24 | symbol_done | idx=53 | total=654 | symbol=OCEANUSDT | status=skip | reason=no_setup | signals=0 | elapsed_s=0.987
2026-04-04 03:23:26 | symbol_done | idx=54 | total=654 | symbol=GASUSDT | status=skip | reason=no_latest_setup | signals=0 | elapsed_s=1.460
2026-04-04 03:23:27 | symbol_done | idx=55 | total=654 | symbol=BARDUSDT | status=skip | reason=no_latest_setup | signals=0 | elapsed_s=1.199
2026-04-04 03:23:28 | symbol_done | idx=56 | total=654 | symbol=CUSDT | status=skip | reason=no_latest_setup | signals=0 | elapsed_s=1.246
2026-04-04 03:23:29 | symbol_done | idx=57 | total=654 | symbol=STRAXUSDT | status=skip | reason=no_setup | signals=0 | elapsed_s=0.794
2026-04-04 03:23:30 | symbol_done | idx=58 | total=654 | symbol=DOTUSDT | status=skip | reason=no_latest_setup | signals=0 | elapsed_s=1.133
2026-04-04 03:23:31 | symbol_done | idx=59 | total=654 | symbol=BRUSDT | status=skip | reason=no_latest_setup | signals=0 | elapsed_s=1.080
2026-04-04 03:23:32 | symbol_done | idx=60 | total=654 | symbol=FILUSDT | status=skip | reason=no_latest_setup | signals=0 | elapsed_s=0.936
2026-04-04 03:23:33 | symbol_done | idx=61 | total=654 | symbol=MONUSDT | status=skip | reason=no_latest_setup | signals=0 | elapsed_s=1.099
2026-04-04 03:23:34 | symbol_done | idx=62 | total=654 | symbol=BEATUSDT | status=skip | reason=no_latest_setup | signals=0 | elapsed_s=0.987
2026-04-04 03:23:35 | symbol_done | idx=63 | total=654 | symbol=FIDAUSDT | status=skip | reason=no_latest_setup | signals=0 | elapsed_s=1.229
2026-04-04 03:23:36 | symbol_done | idx=64 | total=654 | symbol=RENUSDT | status=skip | reason=no_setup | signals=0 | elapsed_s=0.683
2026-04-04 03:23:37 | symbol_done | idx=65 | total=654 | symbol=FETUSDT | status=skip | reason=no_latest_setup | signals=0 | elapsed_s=0.887
2026-04-04 03:23:38 | symbol_done | idx=66 | total=654 | symbol=币安人生USDT | status=skip | reason=no_latest_setup | signals=0 | elapsed_s=1.159
2026-04-04 03:23:39 | symbol_done | idx=67 | total=654 | symbol=UNFIUSDT | status=skip | reason=no_setup | signals=0 | elapsed_s=0.835
2026-04-04 03:23:40 | symbol_done | idx=68 | total=654 | symbol=PAXGUSDT | status=skip | reason=no_setup | signals=0 | elapsed_s=0.921
2026-04-04 03:23:41 | symbol_done | idx=69 | total=654 | symbol=KITEUSDT | status=skip | reason=no_latest_setup | signals=0 | elapsed_s=0.909
2026-04-04 03:23:41 | symbol_done | idx=70 | total=654 | symbol=BCHUSDT | status=skip | reason=no_latest_setup | signals=0 | elapsed_s=0.767
2026-04-04 03:23:42 | symbol_done | idx=71 | total=654 | symbol=DGBUSDT | status=skip | reason=no_setup | signals=0 | elapsed_s=0.816
2026-04-04 03:23:44 | symbol_done | idx=72 | total=654 | symbol=XAGUSDT | status=skip | reason=no_latest_setup | signals=0 | elapsed_s=1.340
2026-04-04 03:23:45 | symbol_done | idx=73 | total=654 | symbol=PUFFERUSDT | status=skip | reason=no_latest_setup | signals=0 | elapsed_s=0.906
2026-04-04 03:23:45 | symbol_done | idx=74 | total=654 | symbol=BZUSDT | status=skip | reason=insufficient_history | signals=0 | elapsed_s=0.657
2026-04-04 03:23:46 | symbol_done | idx=75 | total=654 | symbol=TROYUSDT | status=skip | reason=no_setup | signals=0 | elapsed_s=0.871
2026-04-04 03:23:47 | symbol_done | idx=76 | total=654 | symbol=UNIUSDT | status=skip | reason=no_latest_setup | signals=0 | elapsed_s=1.017
2026-04-04 03:23:48 | symbol_done | idx=77 | total=654 | symbol=LITUSDT | status=skip | reason=no_latest_setup | signals=0 | elapsed_s=0.991
2026-04-04 03:23:49 | symbol_done | idx=78 | total=654 | symbol=SOLVUSDT | status=skip | reason=no_latest_setup | signals=0 | elapsed_s=0.772
2026-04-04 03:23:50 | symbol_done | idx=79 | total=654 | symbol=LTCUSDT | status=skip | reason=no_setup | signals=0 | elapsed_s=0.795
2026-04-04 03:23:51 | symbol_done | idx=80 | total=654 | symbol=DRIFTUSDT | status=skip | reason=no_latest_setup | signals=0 | elapsed_s=1.117
2026-04-04 03:23:51 | symbol_done | idx=81 | total=654 | symbol=XAUTUSDT | status=skip | reason=insufficient_history | signals=0 | elapsed_s=0.669
2026-04-04 03:23:52 | symbol_done | idx=82 | total=654 | symbol=ARBUSDT | status=skip | reason=no_latest_setup | signals=0 | elapsed_s=0.875
2026-04-04 03:23:53 | symbol_done | idx=83 | total=654 | symbol=KERNELUSDT | status=skip | reason=no_latest_setup | signals=0 | elapsed_s=1.071
2026-04-04 03:23:54 | symbol_done | idx=84 | total=654 | symbol=HIFIUSDT | status=skip | reason=no_setup | signals=0 | elapsed_s=0.730
2026-04-04 03:23:55 | symbol_done | idx=85 | total=654 | symbol=RENDERUSDT | status=skip | reason=no_latest_setup | signals=0 | elapsed_s=1.036
2026-04-04 03:23:56 | symbol_done | idx=86 | total=654 | symbol=CFGUSDT | status=skip | reason=no_latest_setup | signals=0 | elapsed_s=0.389
2026-04-04 03:23:56 | symbol_done | idx=87 | total=654 | symbol=1000SHIBUSDT | status=skip | reason=no_latest_setup | signals=0 | elapsed_s=0.869
2026-04-04 03:23:57 | symbol_done | idx=88 | total=654 | symbol=OMUSDT | status=skip | reason=no_setup | signals=0 | elapsed_s=0.814
2026-04-04 03:23:58 | symbol_done | idx=89 | total=654 | symbol=CHESSUSDT | status=skip | reason=no_setup | signals=0 | elapsed_s=0.689
2026-04-04 03:23:59 | symbol_done | idx=90 | total=654 | symbol=42USDT | status=skip | reason=no_setup | signals=0 | elapsed_s=0.826
2026-04-04 03:24:00 | symbol_done | idx=91 | total=654 | symbol=SNTUSDT | status=skip | reason=no_setup | signals=0 | elapsed_s=0.884
2026-04-04 03:24:00 | symbol_done | idx=92 | total=654 | symbol=TRUMPUSDT | status=skip | reason=no_latest_setup | signals=0 | elapsed_s=0.712
2026-04-04 03:24:01 | symbol_done | idx=93 | total=654 | symbol=PUMPUSDT | status=skip | reason=no_latest_setup | signals=0 | elapsed_s=0.722
2026-04-04 03:24:02 | symbol_done | idx=94 | total=654 | symbol=TRXUSDT | status=skip | reason=no_setup | signals=0 | elapsed_s=0.723
2026-04-04 03:24:03 | symbol_done | idx=95 | total=654 | symbol=VVVUSDT | status=skip | reason=no_latest_setup | signals=0 | elapsed_s=0.862
2026-04-04 03:24:03 | symbol_done | idx=96 | total=654 | symbol=MKRUSDT | status=skip | reason=no_setup | signals=0 | elapsed_s=0.764
2026-04-04 03:24:04 | symbol_done | idx=97 | total=654 | symbol=ASTERUSDT | status=skip | reason=no_latest_setup | signals=0 | elapsed_s=1.074
2026-04-04 03:24:05 | symbol_done | idx=98 | total=654 | symbol=WLDUSDT | status=skip | reason=no_latest_setup | signals=0 | elapsed_s=0.807
2026-04-04 03:24:06 | symbol_done | idx=99 | total=654 | symbol=NIGHTUSDT | status=skip | reason=no_latest_setup | signals=0 | elapsed_s=1.010
2026-04-04 03:24:07 | symbol_done | idx=100 | total=654 | symbol=EPTUSDT | status=skip | reason=no_setup | signals=0 | elapsed_s=0.710
2026-04-04 03:24:08 | symbol_done | idx=101 | total=654 | symbol=AAVEUSDT | status=skip | reason=no_latest_setup | signals=0 | elapsed_s=1.252
2026-04-04 03:24:09 | symbol_done | idx=102 | total=654 | symbol=CHRUSDT | status=skip | reason=no_latest_setup | signals=0 | elapsed_s=1.016
2026-04-04 03:24:11 | symbol_done | idx=104 | total=654 | symbol=WIFUSDT | status=skip | reason=no_latest_setup | signals=0 | elapsed_s=0.871
2026-04-04 03:24:12 | symbol_done | idx=105 | total=654 | symbol=HEMIUSDT | status=skip | reason=no_latest_setup | signals=0 | elapsed_s=0.868
2026-04-04 03:24:13 | symbol_done | idx=106 | total=654 | symbol=TANSSIUSDT | status=skip | reason=no_setup | signals=0 | elapsed_s=0.753
2026-04-04 03:24:14 | symbol_done | idx=107 | total=654 | symbol=FARTCOINUSDT | status=skip | reason=no_latest_setup | signals=0 | elapsed_s=0.959
2026-04-04 03:24:15 | symbol_done | idx=108 | total=654 | symbol=HUSDT | status=skip | reason=no_latest_setup | signals=0 | elapsed_s=1.200
2026-04-04 03:24:16 | symbol_done | idx=109 | total=654 | symbol=SLERFUSDT | status=skip | reason=no_setup | signals=0 | elapsed_s=1.318
2026-04-04 03:24:17 | symbol_done | idx=110 | total=654 | symbol=XMRUSDT | status=skip | reason=no_latest_setup | signals=0 | elapsed_s=1.078
2026-04-04 03:24:18 | symbol_done | idx=111 | total=654 | symbol=BLZUSDT | status=skip | reason=no_setup | signals=0 | elapsed_s=0.792
2026-04-04 03:24:19 | symbol_done | idx=112 | total=654 | symbol=CRVUSDT | status=skip | reason=no_latest_setup | signals=0 | elapsed_s=1.038
2026-04-04 03:24:20 | symbol_done | idx=113 | total=654 | symbol=BASEDUSDT | status=skip | reason=insufficient_history | signals=0 | elapsed_s=0.567
2026-04-04 03:24:21 | symbol_done | idx=114 | total=654 | symbol=SIGNUSDT | status=skip | reason=no_latest_setup | signals=0 | elapsed_s=1.411
2026-04-04 03:24:22 | symbol_done | idx=115 | total=654 | symbol=BAKEUSDT | status=skip | reason=no_setup | signals=0 | elapsed_s=0.950
2026-04-04 03:24:23 | symbol_done | idx=116 | total=654 | symbol=ALTUSDT | status=skip | reason=no_latest_setup | signals=0 | elapsed_s=0.874
2026-04-04 03:24:24 | symbol_done | idx=117 | total=654 | symbol=SEIUSDT | status=skip | reason=no_latest_setup | signals=0 | elapsed_s=0.841
2026-04-04 03:24:25 | symbol_done | idx=118 | total=654 | symbol=RVVUSDT | status=skip | reason=no_setup | signals=0 | elapsed_s=0.723
2026-04-04 03:24:26 | symbol_done | idx=119 | total=654 | symbol=ETCUSDT | status=skip | reason=no_latest_setup | signals=0 | elapsed_s=1.177
2026-04-04 03:24:27 | symbol_done | idx=120 | total=654 | symbol=GUAUSDT | status=skip | reason=no_latest_setup | signals=0 | elapsed_s=0.855
2026-04-04 03:24:27 | symbol_done | idx=121 | total=654 | symbol=APTUSDT | status=skip | reason=no_latest_setup | signals=0 | elapsed_s=0.812
2026-04-04 03:24:28 | symbol_done | idx=122 | total=654 | symbol=GALAUSDT | status=skip | reason=no_latest_setup | signals=0 | elapsed_s=0.827
2026-04-04 03:24:29 | symbol_done | idx=123 | total=654 | symbol=POLYXUSDT | status=skip | reason=no_latest_setup | signals=0 | elapsed_s=1.086
2026-04-04 03:24:31 | symbol_done | idx=124 | total=654 | symbol=BANKUSDT | status=skip | reason=no_latest_setup | signals=0 | elapsed_s=1.148
2026-04-04 03:24:32 | symbol_done | idx=125 | total=654 | symbol=CYSUSDT | status=skip | reason=no_latest_setup | signals=0 | elapsed_s=1.128
2026-04-04 03:24:33 | symbol_done | idx=126 | total=654 | symbol=COMBOUSDT | status=skip | reason=no_setup | signals=0 | elapsed_s=0.889
2026-04-04 03:24:33 | symbol_done | idx=127 | total=654 | symbol=XLMUSDT | status=skip | reason=no_latest_setup | signals=0 | elapsed_s=0.846
2026-04-04 03:24:34 | symbol_done | idx=128 | total=654 | symbol=MAGICUSDT | status=skip | reason=no_latest_setup | signals=0 | elapsed_s=1.092
2026-04-04 03:24:36 | symbol_done | idx=129 | total=654 | symbol=WLFIUSDT | status=skip | reason=no_latest_setup | signals=0 | elapsed_s=1.175
2026-04-04 03:24:37 | symbol_done | idx=130 | total=654 | symbol=NULSUSDT | status=skip | reason=no_setup | signals=0 | elapsed_s=0.944
2026-04-04 03:24:38 | symbol_done | idx=131 | total=654 | symbol=PENGUUSDT | status=skip | reason=no_latest_setup | signals=0 | elapsed_s=0.925
2026-04-04 03:24:38 | symbol_done | idx=132 | total=654 | symbol=KATUSDT | status=skip | reason=no_latest_setup | signals=0 | elapsed_s=0.436
2026-04-04 03:24:39 | symbol_done | idx=133 | total=654 | symbol=LOKAUSDT | status=skip | reason=no_setup | signals=0 | elapsed_s=0.702
2026-04-04 03:24:40 | symbol_done | idx=134 | total=654 | symbol=HBARUSDT | status=skip | reason=no_latest_setup | signals=0 | elapsed_s=1.178
2026-04-04 03:24:41 | symbol_done | idx=135 | total=654 | symbol=RDNTUSDT | status=skip | reason=no_latest_setup | signals=0 | elapsed_s=0.829
2026-04-04 03:24:42 | symbol_done | idx=136 | total=654 | symbol=VIRTUALUSDT | status=skip | reason=no_latest_setup | signals=0 | elapsed_s=0.992
2026-04-04 03:24:42 | symbol_done | idx=137 | total=654 | symbol=KEYUSDT | status=skip | reason=no_setup | signals=0 | elapsed_s=0.716
2026-04-04 03:24:43 | symbol_done | idx=138 | total=654 | symbol=OPUSDT | status=skip | reason=no_latest_setup | signals=0 | elapsed_s=0.948
2026-04-04 03:24:44 | symbol_done | idx=139 | total=654 | symbol=1000BONKUSDT | status=skip | reason=no_latest_setup | signals=0 | elapsed_s=1.027
2026-04-04 03:24:45 | symbol_done | idx=140 | total=654 | symbol=QTUMUSDT | status=skip | reason=no_latest_setup | signals=0 | elapsed_s=1.148
2026-04-04 03:24:47 | symbol_done | idx=141 | total=654 | symbol=AEVOUSDT | status=skip | reason=no_latest_setup | signals=0 | elapsed_s=1.077
2026-04-04 03:24:48 | symbol_done | idx=142 | total=654 | symbol=APEUSDT | status=skip | reason=no_latest_setup | signals=0 | elapsed_s=0.961
2026-04-04 03:24:49 | symbol_done | idx=143 | total=654 | symbol=BLURUSDT | status=skip | reason=no_latest_setup | signals=0 | elapsed_s=1.773
2026-04-04 03:24:50 | symbol_done | idx=144 | total=654 | symbol=TRIAUSDT | status=skip | reason=no_latest_setup | signals=0 | elapsed_s=0.857
2026-04-04 03:24:51 | symbol_done | idx=145 | total=654 | symbol=ONDOUSDT | status=skip | reason=no_latest_setup | signals=0 | elapsed_s=0.920
2026-04-04 03:24:53 | symbol_done | idx=146 | total=654 | symbol=APRUSDT | status=skip | reason=no_latest_setup | signals=0 | elapsed_s=1.444
2026-04-04 03:24:53 | symbol_done | idx=147 | total=654 | symbol=BSBUSDT | status=skip | reason=insufficient_history | signals=0 | elapsed_s=0.704
2026-04-04 03:24:54 | symbol_done | idx=148 | total=654 | symbol=LOOMUSDT | status=skip | reason=no_setup | signals=0 | elapsed_s=0.967
2026-04-04 03:24:55 | symbol_done | idx=149 | total=654 | symbol=TONUSDT | status=skip | reason=no_setup | signals=0 | elapsed_s=0.975
2026-04-04 03:24:57 | symbol_done | idx=150 | total=654 | symbol=DYDXUSDT | status=skip | reason=no_latest_setup | signals=0 | elapsed_s=1.321
2026-04-04 03:24:58 | symbol_done | idx=151 | total=654 | symbol=HIPPOUSDT | status=skip | reason=no_latest_setup | signals=0 | elapsed_s=1.036
2026-04-04 03:24:58 | symbol_done | idx=152 | total=654 | symbol=ZROUSDT | status=skip | reason=no_latest_setup | signals=0 | elapsed_s=0.941
2026-04-04 03:25:00 | symbol_done | idx=153 | total=654 | symbol=CHZUSDT | status=skip | reason=no_latest_setup | signals=0 | elapsed_s=1.051
2026-04-04 03:25:00 | symbol_done | idx=154 | total=654 | symbol=VOXELUSDT | status=skip | reason=no_setup | signals=0 | elapsed_s=0.647
2026-04-04 03:25:01 | symbol_done | idx=155 | total=654 | symbol=MAGMAUSDT | status=skip | reason=no_latest_setup | signals=0 | elapsed_s=0.819
2026-04-04 03:25:02 | symbol_done | idx=156 | total=654 | symbol=DASHUSDT | status=skip | reason=no_latest_setup | signals=0 | elapsed_s=1.006
2026-04-04 03:25:03 | symbol_done | idx=157 | total=654 | symbol=JELLYJELLYUSDT | status=skip | reason=no_latest_setup | signals=0 | elapsed_s=0.840
2026-04-04 03:25:04 | symbol_done | idx=158 | total=654 | symbol=BDXNUSDT | status=skip | reason=no_latest_setup | signals=0 | elapsed_s=0.728
2026-04-04 03:25:04 | symbol_done | idx=159 | total=654 | symbol=ICPUSDT | status=skip | reason=no_latest_setup | signals=0 | elapsed_s=0.887
2026-04-04 03:25:05 | symbol_done | idx=160 | total=654 | symbol=TIAUSDT | status=skip | reason=no_latest_setup | signals=0 | elapsed_s=0.799
2026-04-04 03:25:06 | symbol_done | idx=161 | total=654 | symbol=VICUSDT | status=skip | reason=no_latest_setup | signals=0 | elapsed_s=1.070
2026-04-04 03:25:07 | symbol_done | idx=162 | total=654 | symbol=MDTUSDT | status=skip | reason=no_setup | signals=0 | elapsed_s=0.852
2026-04-04 03:25:08 | symbol_done | idx=163 | total=654 | symbol=NEOUSDT | status=skip | reason=no_latest_setup | signals=0 | elapsed_s=0.718
2026-04-04 03:25:09 | symbol_done | idx=164 | total=654 | symbol=ATOMUSDT | status=skip | reason=no_latest_setup | signals=0 | elapsed_s=1.156
2026-04-04 03:25:10 | symbol_done | idx=165 | total=654 | symbol=TAGUSDT | status=skip | reason=no_latest_setup | signals=0 | elapsed_s=1.049
2026-04-04 03:25:11 | symbol_done | idx=166 | total=654 | symbol=HUMAUSDT | status=skip | reason=no_latest_setup | signals=0 | elapsed_s=1.120
2026-04-04 03:25:12 | symbol_done | idx=167 | total=654 | symbol=TURBOUSDT | status=skip | reason=no_latest_setup | signals=0 | elapsed_s=1.014
2026-04-04 03:25:13 | symbol_done | idx=168 | total=654 | symbol=FISUSDT | status=skip | reason=no_setup | signals=0 | elapsed_s=0.699
2026-04-04 03:25:14 | symbol_done | idx=169 | total=654 | symbol=MASKUSDT | status=skip | reason=no_latest_setup | signals=0 | elapsed_s=1.009
2026-04-04 03:25:15 | symbol_done | idx=170 | total=654 | symbol=BIOUSDT | status=skip | reason=no_latest_setup | signals=0 | elapsed_s=0.860
2026-04-04 03:25:16 | symbol_done | idx=171 | total=654 | symbol=ZKUSDT | status=skip | reason=no_latest_setup | signals=0 | elapsed_s=1.098
2026-04-04 03:25:17 | symbol_done | idx=172 | total=654 | symbol=ORDIUSDT | status=skip | reason=no_latest_setup | signals=0 | elapsed_s=0.914
2026-04-04 03:25:18 | symbol_done | idx=173 | total=654 | symbol=STABLEUSDT | status=skip | reason=no_latest_setup | signals=0 | elapsed_s=0.970
2026-04-04 03:25:19 | symbol_done | idx=174 | total=654 | symbol=JUPUSDT | status=skip | reason=no_latest_setup | signals=0 | elapsed_s=0.750
2026-04-04 03:25:19 | symbol_done | idx=175 | total=654 | symbol=SYNUSDT | status=skip | reason=no_latest_setup | signals=0 | elapsed_s=0.823
2026-04-04 03:25:20 | symbol_done | idx=176 | total=654 | symbol=KLAYUSDT | status=skip | reason=no_setup | signals=0 | elapsed_s=0.925
2026-04-04 03:25:21 | symbol_done | idx=177 | total=654 | symbol=LDOUSDT | status=skip | reason=no_latest_setup | signals=0 | elapsed_s=0.828
2026-04-04 03:25:22 | symbol_done | idx=178 | total=654 | symbol=OMGUSDT | status=skip | reason=no_setup | signals=0 | elapsed_s=0.652
2026-04-04 03:25:23 | symbol_done | idx=179 | total=654 | symbol=COMMONUSDT | status=skip | reason=no_setup | signals=0 | elapsed_s=0.705
2026-04-04 03:25:23 | symbol_done | idx=180 | total=654 | symbol=CRCLUSDT | status=skip | reason=no_latest_setup | signals=0 | elapsed_s=0.909
2026-04-04 03:25:24 | symbol_done | idx=181 | total=654 | symbol=INJUSDT | status=skip | reason=no_latest_setup | signals=0 | elapsed_s=0.936
2026-04-04 03:25:25 | symbol_done | idx=182 | total=654 | symbol=PIXELUSDT | status=skip | reason=no_latest_setup | signals=0 | elapsed_s=0.720
2026-04-04 03:25:26 | symbol_done | idx=183 | total=654 | symbol=ONUSDT | status=skip | reason=no_latest_setup | signals=0 | elapsed_s=1.116
2026-04-04 03:25:27 | symbol_done | idx=184 | total=654 | symbol=ZBTUSDT | status=skip | reason=no_latest_setup | signals=0 | elapsed_s=1.065
2026-04-04 03:25:28 | symbol_done | idx=185 | total=654 | symbol=BONDUSDT | status=skip | reason=no_setup | signals=0 | elapsed_s=0.735
2026-04-04 03:25:29 | symbol_done | idx=186 | total=654 | symbol=PROMPTUSDT | status=skip | reason=no_latest_setup | signals=0 | elapsed_s=0.813
2026-04-04 03:25:30 | symbol_done | idx=187 | total=654 | symbol=USTCUSDT | status=skip | reason=no_latest_setup | signals=0 | elapsed_s=0.787
2026-04-04 03:25:31 | symbol_done | idx=188 | total=654 | symbol=POLUSDT | status=skip | reason=no_latest_setup | signals=0 | elapsed_s=0.987
2026-04-04 03:25:31 | symbol_done | idx=189 | total=654 | symbol=PRLUSDT | status=skip | reason=insufficient_history | signals=0 | elapsed_s=0.827
2026-04-04 03:25:32 | symbol_done | idx=190 | total=654 | symbol=REEFUSDT | status=skip | reason=no_setup | signals=0 | elapsed_s=0.905
2026-04-04 03:25:33 | symbol_done | idx=191 | total=654 | symbol=SKATEUSDT | status=skip | reason=no_setup | signals=0 | elapsed_s=0.824
2026-04-04 03:25:35 | symbol_done | idx=192 | total=654 | symbol=LYNUSDT | status=skip | reason=no_latest_setup | signals=0 | elapsed_s=1.484
2026-04-04 03:25:36 | symbol_done | idx=193 | total=654 | symbol=IPUSDT | status=skip | reason=no_latest_setup | signals=0 | elapsed_s=1.361
2026-04-04 03:25:37 | symbol_done | idx=194 | total=654 | symbol=XEMUSDT | status=skip | reason=no_setup | signals=0 | elapsed_s=0.930
2026-04-04 03:25:38 | symbol_done | idx=195 | total=654 | symbol=AXSUSDT | status=skip | reason=no_latest_setup | signals=0 | elapsed_s=0.937
2026-04-04 03:25:38 | symbol_done | idx=196 | total=654 | symbol=ROBOUSDT | status=skip | reason=no_latest_setup | signals=0 | elapsed_s=0.491
2026-04-04 03:25:39 | symbol_done | idx=197 | total=654 | symbol=WUSDT | status=skip | reason=no_latest_setup | signals=0 | elapsed_s=1.105
2026-04-04 03:25:40 | symbol_done | idx=198 | total=654 | symbol=HOOKUSDT | status=skip | reason=no_latest_setup | signals=0 | elapsed_s=0.838
2026-04-04 03:25:41 | symbol_done | idx=199 | total=654 | symbol=VETUSDT | status=skip | reason=no_latest_setup | signals=0 | elapsed_s=1.046
2026-04-04 03:25:42 | symbol_done | idx=200 | total=654 | symbol=DARUSDT | status=skip | reason=no_setup | signals=0 | elapsed_s=0.652
2026-04-04 03:25:43 | symbol_done | idx=201 | total=654 | symbol=SAHARAUSDT | status=skip | reason=no_latest_setup | signals=0 | elapsed_s=1.056
2026-04-04 03:25:44 | symbol_done | idx=202 | total=654 | symbol=ICXUSDT | status=skip | reason=no_latest_setup | signals=0 | elapsed_s=1.201
2026-04-04 03:25:45 | symbol_done | idx=203 | total=654 | symbol=ANKRUSDT | status=skip | reason=no_latest_setup | signals=0 | elapsed_s=1.159
2026-04-04 03:25:47 | symbol_done | idx=204 | total=654 | symbol=KAITOUSDT | status=skip | reason=no_latest_setup | signals=0 | elapsed_s=1.095
2026-04-04 03:25:47 | symbol_done | idx=205 | total=654 | symbol=0GUSDT | status=skip | reason=no_latest_setup | signals=0 | elapsed_s=0.836
2026-04-04 03:25:48 | symbol_done | idx=206 | total=654 | symbol=DUSKUSDT | status=skip | reason=no_latest_setup | signals=0 | elapsed_s=0.944
2026-04-04 03:25:50 | symbol_done | idx=207 | total=654 | symbol=ACHUSDT | status=skip | reason=no_latest_setup | signals=0 | elapsed_s=1.302
2026-04-04 03:25:51 | symbol_done | idx=208 | total=654 | symbol=THETAUSDT | status=skip | reason=no_latest_setup | signals=0 | elapsed_s=0.906
2026-04-04 03:25:51 | symbol_done | idx=209 | total=654 | symbol=SANDUSDT | status=skip | reason=no_latest_setup | signals=0 | elapsed_s=0.852
2026-04-04 03:25:52 | symbol_done | idx=210 | total=654 | symbol=PYTHUSDT | status=skip | reason=no_latest_setup | signals=0 | elapsed_s=0.926
2026-04-04 03:25:53 | symbol_done | idx=211 | total=654 | symbol=OGNUSDT | status=skip | reason=no_latest_setup | signals=0 | elapsed_s=0.869
2026-04-04 03:25:54 | symbol_done | idx=212 | total=654 | symbol=RESOLVUSDT | status=skip | reason=no_latest_setup | signals=0 | elapsed_s=0.962
2026-04-04 03:25:55 | symbol_done | idx=213 | total=654 | symbol=IOTAUSDT | status=skip | reason=no_latest_setup | signals=0 | elapsed_s=1.128
2026-04-04 03:25:56 | symbol_done | idx=214 | total=654 | symbol=CUDISUSDT | status=skip | reason=no_setup | signals=0 | elapsed_s=1.112
2026-04-04 03:25:57 | symbol_done | idx=215 | total=654 | symbol=BASUSDT | status=skip | reason=no_latest_setup | signals=0 | elapsed_s=1.105
2026-04-04 03:25:59 | symbol_done | idx=216 | total=654 | symbol=STGUSDT | status=skip | reason=no_latest_setup | signals=0 | elapsed_s=1.291
2026-04-04 03:26:00 | symbol_done | idx=217 | total=654 | symbol=TSLAUSDT | status=skip | reason=no_setup | signals=0 | elapsed_s=1.080
2026-04-04 03:26:00 | symbol_done | idx=218 | total=654 | symbol=OPNUSDT | status=skip | reason=no_latest_setup | signals=0 | elapsed_s=0.436
2026-04-04 03:26:01 | symbol_done | idx=219 | total=654 | symbol=SAPIENUSDT | status=skip | reason=no_latest_setup | signals=0 | elapsed_s=0.837
2026-04-04 03:26:02 | symbol_done | idx=220 | total=654 | symbol=ZENUSDT | status=skip | reason=no_latest_setup | signals=0 | elapsed_s=0.825
2026-04-04 03:26:03 | symbol_done | idx=221 | total=654 | symbol=DAMUSDT | status=skip | reason=no_latest_setup | signals=0 | elapsed_s=0.941
2026-04-04 03:26:04 | symbol_done | idx=222 | total=654 | symbol=HFTUSDT | status=skip | reason=no_latest_setup | signals=0 | elapsed_s=0.845
2026-04-04 03:26:05 | symbol_done | idx=223 | total=654 | symbol=BANANAS31USDT | status=skip | reason=no_latest_setup | signals=0 | elapsed_s=0.992
2026-04-04 03:26:06 | symbol_done | idx=224 | total=654 | symbol=PHAUSDT | status=skip | reason=no_latest_setup | signals=0 | elapsed_s=1.298
2026-04-04 03:26:07 | symbol_done | idx=225 | total=654 | symbol=QNTUSDT | status=skip | reason=no_latest_setup | signals=0 | elapsed_s=1.044
2026-04-04 03:26:08 | symbol_done | idx=226 | total=654 | symbol=1000LUNCUSDT | status=skip | reason=no_latest_setup | signals=0 | elapsed_s=1.194
2026-04-04 03:26:09 | symbol_done | idx=227 | total=654 | symbol=ETHFIUSDT | status=skip | reason=no_latest_setup | signals=0 | elapsed_s=1.227
2026-04-04 03:26:10 | symbol_done | idx=228 | total=654 | symbol=GLMRUSDT | status=skip | reason=no_setup | signals=0 | elapsed_s=0.912
2026-04-04 03:26:12 | symbol_done | idx=229 | total=654 | symbol=SENTUSDT | status=skip | reason=no_latest_setup | signals=0 | elapsed_s=1.969
2026-04-04 03:26:13 | symbol_done | idx=230 | total=654 | symbol=NMRUSDT | status=skip | reason=no_latest_setup | signals=0 | elapsed_s=0.936
2026-04-04 03:26:14 | symbol_done | idx=231 | total=654 | symbol=RAYSOLUSDT | status=skip | reason=no_latest_setup | signals=0 | elapsed_s=0.853
2026-04-04 03:26:15 | symbol_done | idx=232 | total=654 | symbol=BERAUSDT | status=skip | reason=no_latest_setup | signals=0 | elapsed_s=0.978
2026-04-04 03:26:16 | symbol_done | idx=233 | total=654 | symbol=STRKUSDT | status=skip | reason=no_latest_setup | signals=0 | elapsed_s=1.010
2026-04-04 03:26:17 | symbol_done | idx=234 | total=654 | symbol=CETUSUSDT | status=skip | reason=no_latest_setup | signals=0 | elapsed_s=1.217
2026-04-04 03:26:19 | symbol_done | idx=235 | total=654 | symbol=NTRNUSDT | status=skip | reason=no_latest_setup | signals=0 | elapsed_s=1.280
2026-04-04 03:26:20 | symbol_done | idx=236 | total=654 | symbol=DEXEUSDT | status=skip | reason=no_latest_setup | signals=0 | elapsed_s=1.160
2026-04-04 03:26:21 | symbol_done | idx=237 | total=654 | symbol=GIGGLEUSDT | status=skip | reason=no_latest_setup | signals=0 | elapsed_s=1.222
2026-04-04 03:26:22 | symbol_done | idx=238 | total=654 | symbol=MILKUSDT | status=skip | reason=no_setup | signals=0 | elapsed_s=0.731
2026-04-04 03:26:23 | symbol_done | idx=239 | total=654 | symbol=RADUSDT | status=skip | reason=no_setup | signals=0 | elapsed_s=0.928
2026-04-04 03:26:24 | symbol_done | idx=240 | total=654 | symbol=EIGENUSDT | status=skip | reason=no_latest_setup | signals=0 | elapsed_s=1.098
2026-04-04 03:26:25 | symbol_done | idx=241 | total=654 | symbol=EDENUSDT | status=skip | reason=no_latest_setup | signals=0 | elapsed_s=1.004
2026-04-04 03:26:26 | symbol_done | idx=242 | total=654 | symbol=RLSUSDT | status=skip | reason=no_latest_setup | signals=0 | elapsed_s=1.181
2026-04-04 03:26:27 | symbol_done | idx=243 | total=654 | symbol=FLMUSDT | status=skip | reason=no_setup | signals=0 | elapsed_s=0.874
2026-04-04 03:26:28 | symbol_done | idx=244 | total=654 | symbol=HEIUSDT | status=skip | reason=no_latest_setup | signals=0 | elapsed_s=0.670
2026-04-04 03:26:29 | symbol_done | idx=245 | total=654 | symbol=LRCUSDT | status=skip | reason=no_latest_setup | signals=0 | elapsed_s=1.032
2026-04-04 03:26:29 | symbol_done | idx=246 | total=654 | symbol=BULLAUSDT | status=skip | reason=no_latest_setup | signals=0 | elapsed_s=0.938
2026-04-04 03:26:31 | symbol_done | idx=247 | total=654 | symbol=1000FLOKIUSDT | status=skip | reason=no_latest_setup | signals=0 | elapsed_s=1.045
2026-04-04 03:26:32 | symbol_done | idx=248 | total=654 | symbol=ENSOUSDT | status=skip | reason=no_latest_setup | signals=0 | elapsed_s=1.035
2026-04-04 03:26:32 | symbol_done | idx=249 | total=654 | symbol=REIUSDT | status=skip | reason=no_setup | signals=0 | elapsed_s=0.688
2026-04-04 03:26:33 | symbol_done | idx=250 | total=654 | symbol=BADGERUSDT | status=skip | reason=no_setup | signals=0 | elapsed_s=0.825
2026-04-04 03:26:34 | symbol_done | idx=251 | total=654 | symbol=ARCUSDT | status=skip | reason=no_latest_setup | signals=0 | elapsed_s=1.052
2026-04-04 03:26:35 | symbol_done | idx=252 | total=654 | symbol=PENDLEUSDT | status=skip | reason=no_latest_setup | signals=0 | elapsed_s=1.007
2026-04-04 03:26:36 | symbol_done | idx=253 | total=654 | symbol=STBLUSDT | status=skip | reason=no_latest_setup | signals=0 | elapsed_s=0.881
2026-04-04 03:26:37 | symbol_done | idx=254 | total=654 | symbol=OLUSDT | status=skip | reason=no_latest_setup | signals=0 | elapsed_s=0.710
2026-04-04 03:26:38 | symbol_done | idx=255 | total=654 | symbol=MYXUSDT | status=skip | reason=no_latest_setup | signals=0 | elapsed_s=0.849
2026-04-04 03:26:39 | symbol_done | idx=256 | total=654 | symbol=LUNA2USDT | status=skip | reason=no_latest_setup | signals=0 | elapsed_s=0.930
2026-04-04 03:26:39 | symbol_done | idx=257 | total=654 | symbol=REZUSDT | status=skip | reason=no_latest_setup | signals=0 | elapsed_s=0.906
2026-04-04 03:26:40 | symbol_done | idx=258 | total=654 | symbol=VFYUSDT | status=skip | reason=no_latest_setup | signals=0 | elapsed_s=0.925
2026-04-04 03:26:41 | symbol_done | idx=259 | total=654 | symbol=PEOPLEUSDT | status=skip | reason=no_latest_setup | signals=0 | elapsed_s=0.923
2026-04-04 03:26:43 | symbol_done | idx=261 | total=654 | symbol=DEFIUSDT | status=skip | reason=no_setup | signals=0 | elapsed_s=0.900
2026-04-04 03:26:44 | symbol_done | idx=262 | total=654 | symbol=ICNTUSDT | status=skip | reason=no_latest_setup | signals=0 | elapsed_s=0.777
2026-04-04 03:26:45 | symbol_done | idx=263 | total=654 | symbol=GWEIUSDT | status=skip | reason=no_latest_setup | signals=0 | elapsed_s=0.991
2026-04-04 03:26:46 | symbol_done | idx=264 | total=654 | symbol=NEIROUSDT | status=skip | reason=no_latest_setup | signals=0 | elapsed_s=0.913
2026-04-04 03:26:47 | symbol_done | idx=265 | total=654 | symbol=PLAYUSDT | status=skip | reason=no_latest_setup | signals=0 | elapsed_s=0.922
2026-04-04 03:26:48 | symbol_done | idx=266 | total=654 | symbol=SNXUSDT | status=skip | reason=no_latest_setup | signals=0 | elapsed_s=0.931
2026-04-04 03:26:49 | symbol_done | idx=267 | total=654 | symbol=POWERUSDT | status=skip | reason=no_latest_setup | signals=0 | elapsed_s=1.099
2026-04-04 03:26:50 | symbol_done | idx=268 | total=654 | symbol=XNYUSDT | status=skip | reason=no_latest_setup | signals=0 | elapsed_s=1.077
2026-04-04 03:26:51 | symbol_done | idx=269 | total=654 | symbol=NKNUSDT | status=skip | reason=no_setup | signals=0 | elapsed_s=1.109
2026-04-04 03:26:52 | symbol_done | idx=270 | total=654 | symbol=BANUSDT | status=skip | reason=no_latest_setup | signals=0 | elapsed_s=0.903
2026-04-04 03:26:53 | symbol_done | idx=271 | total=654 | symbol=ORBSUSDT | status=skip | reason=no_setup | signals=0 | elapsed_s=0.804
2026-04-04 03:26:54 | symbol_done | idx=272 | total=654 | symbol=ZAMAUSDT | status=skip | reason=no_latest_setup | signals=0 | elapsed_s=1.023
2026-04-04 03:26:55 | symbol_done | idx=273 | total=654 | symbol=THEUSDT | status=skip | reason=no_latest_setup | signals=0 | elapsed_s=1.026
2026-04-04 03:26:56 | symbol_done | idx=274 | total=654 | symbol=COSUSDT | status=skip | reason=no_latest_setup | signals=0 | elapsed_s=0.956
2026-04-04 03:26:57 | symbol_done | idx=275 | total=654 | symbol=MANAUSDT | status=skip | reason=no_latest_setup | signals=0 | elapsed_s=1.009
2026-04-04 03:26:57 | symbol_done | idx=276 | total=654 | symbol=AIXBTUSDT | status=skip | reason=no_latest_setup | signals=0 | elapsed_s=0.714
2026-04-04 03:26:58 | symbol_done | idx=277 | total=654 | symbol=EULUSDT | status=skip | reason=no_latest_setup | signals=0 | elapsed_s=0.878
2026-04-04 03:26:59 | symbol_done | idx=278 | total=654 | symbol=PTBUSDT | status=skip | reason=no_latest_setup | signals=0 | elapsed_s=1.023
2026-04-04 03:27:00 | symbol_done | idx=279 | total=654 | symbol=1000WHYUSDT | status=skip | reason=no_latest_setup | signals=0 | elapsed_s=0.732
2026-04-04 03:27:01 | symbol_done | idx=280 | total=654 | symbol=BALUSDT | status=skip | reason=no_setup | signals=0 | elapsed_s=0.826
2026-04-04 03:27:02 | symbol_done | idx=281 | total=654 | symbol=JTOUSDT | status=skip | reason=no_latest_setup | signals=0 | elapsed_s=0.781
2026-04-04 03:27:03 | symbol_done | idx=282 | total=654 | symbol=METUSDT | status=skip | reason=no_latest_setup | signals=0 | elapsed_s=0.883
2026-04-04 03:27:03 | symbol_done | idx=283 | total=654 | symbol=ZRCUSDT | status=skip | reason=no_setup | signals=0 | elapsed_s=0.681
2026-04-04 03:27:04 | symbol_done | idx=284 | total=654 | symbol=ENJUSDT | status=skip | reason=no_latest_setup | signals=0 | elapsed_s=0.647
2026-04-04 03:27:05 | symbol_done | idx=285 | total=654 | symbol=LINEAUSDT | status=skip | reason=no_latest_setup | signals=0 | elapsed_s=0.784
2026-04-04 03:27:07 | symbol_done | idx=286 | total=654 | symbol=DEGOUSDT | status=skip | reason=no_latest_setup | signals=0 | elapsed_s=2.065
2026-04-04 03:27:07 | symbol_done | idx=287 | total=654 | symbol=STMXUSDT | status=skip | reason=no_setup | signals=0 | elapsed_s=0.701
2026-04-04 03:27:08 | symbol_done | idx=288 | total=654 | symbol=GMTUSDT | status=skip | reason=no_latest_setup | signals=0 | elapsed_s=1.014
2026-04-04 03:27:09 | symbol_done | idx=289 | total=654 | symbol=MINAUSDT | status=skip | reason=no_latest_setup | signals=0 | elapsed_s=1.036
2026-04-04 03:27:10 | symbol_done | idx=290 | total=654 | symbol=PNUTUSDT | status=skip | reason=no_latest_setup | signals=0 | elapsed_s=0.945
2026-04-04 03:27:11 | symbol_done | idx=291 | total=654 | symbol=IDUSDT | status=skip | reason=no_latest_setup | signals=0 | elapsed_s=0.987
2026-04-04 03:27:12 | symbol_done | idx=292 | total=654 | symbol=SKYUSDT | status=skip | reason=no_latest_setup | signals=0 | elapsed_s=1.029
2026-04-04 03:27:13 | symbol_done | idx=293 | total=654 | symbol=TRBUSDT | status=skip | reason=no_latest_setup | signals=0 | elapsed_s=0.937
2026-04-04 03:27:15 | symbol_done | idx=295 | total=654 | symbol=CAKEUSDT | status=skip | reason=no_latest_setup | signals=0 | elapsed_s=0.971
2026-04-04 03:27:16 | symbol_done | idx=296 | total=654 | symbol=ARUSDT | status=skip | reason=no_latest_setup | signals=0 | elapsed_s=0.976
2026-04-04 03:27:17 | symbol_done | idx=297 | total=654 | symbol=FXSUSDT | status=skip | reason=no_setup | signals=0 | elapsed_s=0.918
2026-04-04 03:27:18 | symbol_done | idx=298 | total=654 | symbol=MYROUSDT | status=skip | reason=no_setup | signals=0 | elapsed_s=0.607
2026-04-04 03:27:19 | symbol_done | idx=299 | total=654 | symbol=MSTRUSDT | status=skip | reason=no_latest_setup | signals=0 | elapsed_s=1.037
2026-04-04 03:27:20 | symbol_done | idx=300 | total=654 | symbol=GHSTUSDT | status=skip | reason=no_setup | signals=0 | elapsed_s=0.809
2026-04-04 03:27:21 | symbol_done | idx=301 | total=654 | symbol=JCTUSDT | status=skip | reason=no_latest_setup | signals=0 | elapsed_s=1.031
2026-04-04 03:27:22 | symbol_done | idx=302 | total=654 | symbol=INITUSDT | status=skip | reason=no_latest_setup | signals=0 | elapsed_s=0.925
2026-04-04 03:27:23 | symbol_done | idx=303 | total=654 | symbol=SKYAIUSDT | status=skip | reason=no_latest_setup | signals=0 | elapsed_s=1.056
2026-04-04 03:27:24 | symbol_done | idx=304 | total=654 | symbol=1000XUSDT | status=skip | reason=no_setup | signals=0 | elapsed_s=0.929
2026-04-04 03:27:25 | symbol_done | idx=305 | total=654 | symbol=4USDT | status=skip | reason=no_latest_setup | signals=0 | elapsed_s=0.998
2026-04-04 03:27:26 | symbol_done | idx=306 | total=654 | symbol=ESPUSDT | status=skip | reason=no_latest_setup | signals=0 | elapsed_s=1.337
2026-04-04 03:27:27 | symbol_done | idx=307 | total=654 | symbol=ATHUSDT | status=skip | reason=no_latest_setup | signals=0 | elapsed_s=1.019
2026-04-04 03:27:28 | symbol_done | idx=308 | total=654 | symbol=DEGENUSDT | status=skip | reason=no_latest_setup | signals=0 | elapsed_s=1.110
2026-04-04 03:27:29 | symbol_done | idx=309 | total=654 | symbol=GRTUSDT | status=skip | reason=no_latest_setup | signals=0 | elapsed_s=0.841
2026-04-04 03:27:30 | symbol_done | idx=310 | total=654 | symbol=UBUSDT | status=skip | reason=no_latest_setup | signals=0 | elapsed_s=0.712
2026-04-04 03:27:31 | symbol_done | idx=311 | total=654 | symbol=LIGHTUSDT | status=skip | reason=no_latest_setup | signals=0 | elapsed_s=0.897
2026-04-04 03:27:32 | symbol_done | idx=312 | total=654 | symbol=SHELLUSDT | status=skip | reason=no_latest_setup | signals=0 | elapsed_s=1.340
2026-04-04 03:27:33 | symbol_done | idx=313 | total=654 | symbol=TWTUSDT | status=skip | reason=no_latest_setup | signals=0 | elapsed_s=1.014
2026-04-04 03:27:34 | symbol_done | idx=314 | total=654 | symbol=BOMEUSDT | status=skip | reason=no_latest_setup | signals=0 | elapsed_s=1.266
2026-04-04 03:27:35 | symbol_done | idx=315 | total=654 | symbol=HOODUSDT | status=skip | reason=no_latest_setup | signals=0 | elapsed_s=0.980
2026-04-04 03:27:36 | symbol_done | idx=316 | total=654 | symbol=EDUUSDT | status=skip | reason=no_latest_setup | signals=0 | elapsed_s=1.121
2026-04-04 03:27:37 | symbol_done | idx=317 | total=654 | symbol=CELOUSDT | status=skip | reason=no_latest_setup | signals=0 | elapsed_s=0.777
2026-04-04 03:27:38 | symbol_done | idx=318 | total=654 | symbol=FORTHUSDT | status=skip | reason=no_latest_setup | signals=0 | elapsed_s=0.952
2026-04-04 03:27:39 | symbol_done | idx=319 | total=654 | symbol=MOODENGUSDT | status=skip | reason=no_latest_setup | signals=0 | elapsed_s=0.796
2026-04-04 03:27:40 | symbol_done | idx=320 | total=654 | symbol=XCNUSDT | status=skip | reason=no_setup | signals=0 | elapsed_s=0.752
2026-04-04 03:27:40 | symbol_done | idx=321 | total=654 | symbol=DFUSDT | status=skip | reason=no_setup | signals=0 | elapsed_s=0.764
2026-04-04 03:27:41 | symbol_done | idx=322 | total=654 | symbol=ONEUSDT | status=skip | reason=no_latest_setup | signals=0 | elapsed_s=0.787
2026-04-04 03:27:42 | symbol_done | idx=323 | total=654 | symbol=CFXUSDT | status=skip | reason=no_latest_setup | signals=0 | elapsed_s=1.065
2026-04-04 03:27:43 | symbol_done | idx=324 | total=654 | symbol=SUSHIUSDT | status=skip | reason=no_latest_setup | signals=0 | elapsed_s=0.883
2026-04-04 03:27:44 | symbol_done | idx=325 | total=654 | symbol=SWARMSUSDT | status=skip | reason=no_latest_setup | signals=0 | elapsed_s=0.746
2026-04-04 03:27:45 | symbol_done | idx=326 | total=654 | symbol=PROVEUSDT | status=skip | reason=no_latest_setup | signals=0 | elapsed_s=1.081
2026-04-04 03:27:46 | symbol_done | idx=327 | total=654 | symbol=NAORISUSDT | status=skip | reason=no_latest_setup | signals=0 | elapsed_s=1.251
2026-04-04 03:27:47 | symbol_done | idx=328 | total=654 | symbol=SUSDT | status=skip | reason=no_latest_setup | signals=0 | elapsed_s=0.894
2026-04-04 03:27:48 | symbol_done | idx=329 | total=654 | symbol=FORMUSDT | status=skip | reason=no_latest_setup | signals=0 | elapsed_s=0.934
2026-04-04 03:27:49 | symbol_done | idx=330 | total=654 | symbol=MIRAUSDT | status=skip | reason=no_latest_setup | signals=0 | elapsed_s=1.217
2026-04-04 03:27:51 | symbol_done | idx=331 | total=654 | symbol=CCUSDT | status=skip | reason=no_latest_setup | signals=0 | elapsed_s=1.530
2026-04-04 03:27:52 | symbol_done | idx=332 | total=654 | symbol=TOWNSUSDT | status=skip | reason=no_latest_setup | signals=0 | elapsed_s=0.948
2026-04-04 03:27:52 | symbol_done | idx=333 | total=654 | symbol=DMCUSDT | status=skip | reason=no_setup | signals=0 | elapsed_s=0.806
2026-04-04 03:27:56 | symbol_done | idx=334 | total=654 | symbol=USUALUSDT | status=skip | reason=no_latest_setup | signals=0 | elapsed_s=3.087
2026-04-04 03:27:59 | symbol_done | idx=335 | total=654 | symbol=DYMUSDT | status=skip | reason=no_latest_setup | signals=0 | elapsed_s=3.157
2026-04-04 03:28:01 | symbol_done | idx=336 | total=654 | symbol=FOLKSUSDT | status=skip | reason=no_latest_setup | signals=0 | elapsed_s=2.149
2026-04-04 03:28:03 | symbol_done | idx=337 | total=654 | symbol=COMPUSDT | status=skip | reason=no_latest_setup | signals=0 | elapsed_s=1.716
2026-04-04 03:28:04 | symbol_done | idx=338 | total=654 | symbol=STXUSDT | status=skip | reason=no_latest_setup | signals=0 | elapsed_s=1.421
2026-04-04 03:28:06 | symbol_done | idx=339 | total=654 | symbol=ALICEUSDT | status=skip | reason=no_latest_setup | signals=0 | elapsed_s=1.707
2026-04-04 03:28:07 | symbol_done | idx=340 | total=654 | symbol=FLOWUSDT | status=skip | reason=no_latest_setup | signals=0 | elapsed_s=1.693
2026-04-04 03:28:08 | symbol_done | idx=341 | total=654 | symbol=MANTRAUSDT | status=skip | reason=no_latest_setup | signals=0 | elapsed_s=0.516
2026-04-04 03:28:09 | symbol_done | idx=342 | total=654 | symbol=STPTUSDT | status=skip | reason=no_setup | signals=0 | elapsed_s=0.717
2026-04-04 03:28:10 | symbol_done | idx=343 | total=654 | symbol=AIUSDT | status=skip | reason=no_latest_setup | signals=0 | elapsed_s=1.237
2026-04-04 03:28:11 | symbol_done | idx=344 | total=654 | symbol=EPICUSDT | status=skip | reason=no_latest_setup | signals=0 | elapsed_s=1.265
2026-04-04 03:28:12 | symbol_done | idx=345 | total=654 | symbol=AUSDT | status=skip | reason=no_latest_setup | signals=0 | elapsed_s=1.277
2026-04-04 03:28:14 | symbol_done | idx=346 | total=654 | symbol=XTZUSDT | status=skip | reason=no_latest_setup | signals=0 | elapsed_s=1.231
2026-04-04 03:28:15 | symbol_done | idx=347 | total=654 | symbol=ARKMUSDT | status=skip | reason=no_latest_setup | signals=0 | elapsed_s=1.267
2026-04-04 03:28:19 | symbol_done | idx=348 | total=654 | symbol=CLOUSDT | status=skip | reason=no_latest_setup | signals=0 | elapsed_s=3.672
2026-04-04 03:28:20 | symbol_done | idx=349 | total=654 | symbol=STEEMUSDT | status=skip | reason=no_latest_setup | signals=0 | elapsed_s=1.740
2026-04-04 03:28:22 | symbol_done | idx=350 | total=654 | symbol=ROSEUSDT | status=skip | reason=no_latest_setup | signals=0 | elapsed_s=1.358
2026-04-04 03:28:23 | symbol_done | idx=351 | total=654 | symbol=GUNUSDT | status=skip | reason=no_latest_setup | signals=0 | elapsed_s=1.576
2026-04-04 03:28:25 | symbol_done | idx=352 | total=654 | symbol=SUPERUSDT | status=skip | reason=no_latest_setup | signals=0 | elapsed_s=1.308
2026-04-04 03:28:26 | symbol_done | idx=353 | total=654 | symbol=MEUSDT | status=skip | reason=no_latest_setup | signals=0 | elapsed_s=1.066
2026-04-04 03:28:28 | symbol_done | idx=355 | total=654 | symbol=VANRYUSDT | status=skip | reason=no_latest_setup | signals=0 | elapsed_s=1.231
2026-04-04 03:28:29 | symbol_done | idx=356 | total=654 | symbol=CHILLGUYUSDT | status=skip | reason=no_latest_setup | signals=0 | elapsed_s=1.098
2026-04-04 03:28:30 | symbol_done | idx=357 | total=654 | symbol=BSVUSDT | status=skip | reason=no_latest_setup | signals=0 | elapsed_s=1.031
2026-04-04 03:28:31 | symbol_done | idx=358 | total=654 | symbol=SPACEUSDT | status=skip | reason=no_latest_setup | signals=0 | elapsed_s=1.057
2026-04-04 03:28:32 | symbol_done | idx=359 | total=654 | symbol=FOGOUSDT | status=skip | reason=no_latest_setup | signals=0 | elapsed_s=0.918
2026-04-04 03:28:33 | symbol_done | idx=360 | total=654 | symbol=GUSDT | status=skip | reason=no_latest_setup | signals=0 | elapsed_s=0.924
2026-04-04 03:28:34 | symbol_done | idx=361 | total=654 | symbol=ANIMEUSDT | status=skip | reason=no_latest_setup | signals=0 | elapsed_s=0.888
2026-04-04 03:28:35 | symbol_done | idx=362 | total=654 | symbol=MOVEUSDT | status=skip | reason=no_latest_setup | signals=0 | elapsed_s=0.703
2026-04-04 03:28:35 | symbol_done | idx=363 | total=654 | symbol=HOMEUSDT | status=skip | reason=no_latest_setup | signals=0 | elapsed_s=0.859
2026-04-04 03:28:36 | symbol_done | idx=364 | total=654 | symbol=ARPAUSDT | status=skip | reason=no_latest_setup | signals=0 | elapsed_s=1.007
2026-04-04 03:28:37 | symbol_done | idx=365 | total=654 | symbol=SXTUSDT | status=skip | reason=no_latest_setup | signals=0 | elapsed_s=0.808
2026-04-04 03:28:38 | symbol_done | idx=366 | total=654 | symbol=UAIUSDT | status=skip | reason=no_latest_setup | signals=0 | elapsed_s=0.847
2026-04-04 03:28:39 | symbol_done | idx=367 | total=654 | symbol=SPXUSDT | status=skip | reason=no_latest_setup | signals=0 | elapsed_s=0.878
2026-04-04 03:28:40 | symbol_done | idx=368 | total=654 | symbol=FFUSDT | status=skip | reason=no_latest_setup | signals=0 | elapsed_s=1.057
2026-04-04 03:28:42 | symbol_done | idx=370 | total=654 | symbol=SWELLUSDT | status=skip | reason=no_setup | signals=0 | elapsed_s=0.822
2026-04-04 03:28:43 | symbol_done | idx=371 | total=654 | symbol=CKBUSDT | status=skip | reason=no_latest_setup | signals=0 | elapsed_s=0.912
2026-04-04 03:28:44 | symbol_done | idx=372 | total=654 | symbol=BTRUSDT | status=skip | reason=no_latest_setup | signals=0 | elapsed_s=1.016
2026-04-04 03:28:44 | symbol_done | idx=373 | total=654 | symbol=NFPUSDT | status=skip | reason=no_latest_setup | signals=0 | elapsed_s=0.680
2026-04-04 03:28:46 | symbol_done | idx=374 | total=654 | symbol=POWRUSDT | status=skip | reason=no_latest_setup | signals=0 | elapsed_s=1.774
2026-04-04 03:28:47 | symbol_done | idx=375 | total=654 | symbol=BABYUSDT | status=skip | reason=no_latest_setup | signals=0 | elapsed_s=1.066
2026-04-04 03:28:48 | symbol_done | idx=376 | total=654 | symbol=TRADOORUSDT | status=skip | reason=no_latest_setup | signals=0 | elapsed_s=0.988
2026-04-04 03:28:49 | symbol_done | idx=377 | total=654 | symbol=JSTUSDT | status=skip | reason=no_latest_setup | signals=0 | elapsed_s=1.158
2026-04-04 03:28:50 | symbol_done | idx=378 | total=654 | symbol=NILUSDT | status=skip | reason=no_latest_setup | signals=0 | elapsed_s=0.909
2026-04-04 03:28:51 | symbol_done | idx=379 | total=654 | symbol=ZILUSDT | status=skip | reason=no_latest_setup | signals=0 | elapsed_s=0.864
2026-04-04 03:28:52 | symbol_done | idx=380 | total=654 | symbol=BANANAUSDT | status=skip | reason=no_latest_setup | signals=0 | elapsed_s=0.734
2026-04-04 03:28:53 | symbol_done | idx=381 | total=654 | symbol=AVNTUSDT | status=skip | reason=no_latest_setup | signals=0 | elapsed_s=0.793
2026-04-04 03:28:54 | symbol_done | idx=382 | total=654 | symbol=RAREUSDT | status=skip | reason=no_latest_setup | signals=0 | elapsed_s=1.027
2026-04-04 03:28:55 | symbol_done | idx=383 | total=654 | symbol=IRYSUSDT | status=skip | reason=no_latest_setup | signals=0 | elapsed_s=1.101
2026-04-04 03:28:56 | symbol_done | idx=384 | total=654 | symbol=LAUSDT | status=skip | reason=no_latest_setup | signals=0 | elapsed_s=1.163
2026-04-04 03:28:57 | symbol_done | idx=385 | total=654 | symbol=COTIUSDT | status=skip | reason=no_latest_setup | signals=0 | elapsed_s=0.956
2026-04-04 03:28:58 | symbol_done | idx=386 | total=654 | symbol=KAVAUSDT | status=skip | reason=no_latest_setup | signals=0 | elapsed_s=0.957
2026-04-04 03:28:59 | symbol_done | idx=387 | total=654 | symbol=DOLOUSDT | status=skip | reason=no_latest_setup | signals=0 | elapsed_s=0.912
2026-04-04 03:29:00 | symbol_done | idx=388 | total=654 | symbol=KASUSDT | status=skip | reason=no_latest_setup | signals=0 | elapsed_s=0.707
2026-04-04 03:29:00 | symbol_done | idx=389 | total=654 | symbol=USUSDT | status=skip | reason=no_latest_setup | signals=0 | elapsed_s=0.715
2026-04-04 03:29:01 | symbol_done | idx=390 | total=654 | symbol=1000000BOBUSDT | status=skip | reason=no_latest_setup | signals=0 | elapsed_s=0.701
2026-04-04 03:29:02 | symbol_done | idx=391 | total=654 | symbol=SKLUSDT | status=skip | reason=no_latest_setup | signals=0 | elapsed_s=0.716
2026-04-04 03:29:03 | symbol_done | idx=392 | total=654 | symbol=ENSUSDT | status=skip | reason=no_latest_setup | signals=0 | elapsed_s=0.933
2026-04-04 03:29:04 | symbol_done | idx=393 | total=654 | symbol=PARTIUSDT | status=skip | reason=no_latest_setup | signals=0 | elapsed_s=1.172
2026-04-04 03:29:05 | symbol_done | idx=394 | total=654 | symbol=EGLDUSDT | status=skip | reason=no_latest_setup | signals=0 | elapsed_s=0.814
2026-04-04 03:29:06 | symbol_done | idx=395 | total=654 | symbol=MERLUSDT | status=skip | reason=no_latest_setup | signals=0 | elapsed_s=0.894
2026-04-04 03:29:06 | symbol_done | idx=396 | total=654 | symbol=JASMYUSDT | status=skip | reason=no_latest_setup | signals=0 | elapsed_s=0.822
2026-04-04 03:29:07 | symbol_done | idx=397 | total=654 | symbol=ATUSDT | status=skip | reason=no_latest_setup | signals=0 | elapsed_s=0.840
2026-04-04 03:29:08 | symbol_done | idx=398 | total=654 | symbol=RAVEUSDT | status=skip | reason=no_latest_setup | signals=0 | elapsed_s=1.026
2026-04-04 03:29:09 | symbol_done | idx=399 | total=654 | symbol=XANUSDT | status=skip | reason=no_latest_setup | signals=0 | elapsed_s=1.012
2026-04-04 03:29:10 | symbol_done | idx=400 | total=654 | symbol=AIAUSDT | status=skip | reason=no_latest_setup | signals=0 | elapsed_s=1.046
2026-04-04 03:29:11 | symbol_done | idx=401 | total=654 | symbol=BIDUSDT | status=skip | reason=no_setup | signals=0 | elapsed_s=0.855
2026-04-04 03:29:12 | symbol_done | idx=402 | total=654 | symbol=OPENUSDT | status=skip | reason=no_latest_setup | signals=0 | elapsed_s=0.775
2026-04-04 03:29:13 | symbol_done | idx=403 | total=654 | symbol=MEMEUSDT | status=skip | reason=no_latest_setup | signals=0 | elapsed_s=1.010
2026-04-04 03:29:14 | symbol_done | idx=404 | total=654 | symbol=BLUAIUSDT | status=skip | reason=no_latest_setup | signals=0 | elapsed_s=0.745
2026-04-04 03:29:14 | symbol_done | idx=405 | total=654 | symbol=HYPERUSDT | status=skip | reason=no_latest_setup | signals=0 | elapsed_s=0.767
2026-04-04 03:29:16 | symbol_done | idx=406 | total=654 | symbol=USDCUSDT | status=skip | reason=no_setup | signals=0 | elapsed_s=1.226
2026-04-04 03:29:17 | symbol_done | idx=407 | total=654 | symbol=RUNEUSDT | status=skip | reason=no_latest_setup | signals=0 | elapsed_s=1.731
2026-04-04 03:29:18 | symbol_done | idx=408 | total=654 | symbol=IDEXUSDT | status=skip | reason=no_setup | signals=0 | elapsed_s=0.731
2026-04-04 03:29:19 | symbol_done | idx=409 | total=654 | symbol=EWYUSDT | status=skip | reason=no_setup | signals=0 | elapsed_s=0.476
2026-04-04 03:29:20 | symbol_done | idx=410 | total=654 | symbol=KNCUSDT | status=skip | reason=no_latest_setup | signals=0 | elapsed_s=0.939
2026-04-04 03:29:21 | symbol_done | idx=411 | total=654 | symbol=MORPHOUSDT | status=skip | reason=no_latest_setup | signals=0 | elapsed_s=1.037
2026-04-04 03:29:22 | symbol_done | idx=412 | total=654 | symbol=PHBUSDT | status=skip | reason=no_latest_setup | signals=0 | elapsed_s=1.085
2026-04-04 03:29:23 | symbol_done | idx=413 | total=654 | symbol=ORCAUSDT | status=skip | reason=no_latest_setup | signals=0 | elapsed_s=1.065
2026-04-04 03:29:24 | symbol_done | idx=414 | total=654 | symbol=STORJUSDT | status=skip | reason=no_latest_setup | signals=0 | elapsed_s=0.841
2026-04-04 03:29:24 | symbol_done | idx=415 | total=654 | symbol=1MBABYDOGEUSDT | status=skip | reason=no_latest_setup | signals=0 | elapsed_s=0.823
2026-04-04 03:29:25 | symbol_done | idx=416 | total=654 | symbol=AXLUSDT | status=skip | reason=no_latest_setup | signals=0 | elapsed_s=1.036
2026-04-04 03:29:26 | symbol_done | idx=417 | total=654 | symbol=SOMIUSDT | status=skip | reason=no_latest_setup | signals=0 | elapsed_s=0.910
2026-04-04 03:29:27 | symbol_done | idx=418 | total=654 | symbol=IMXUSDT | status=skip | reason=no_latest_setup | signals=0 | elapsed_s=1.034
2026-04-04 03:29:28 | symbol_done | idx=419 | total=654 | symbol=AKTUSDT | status=skip | reason=no_latest_setup | signals=0 | elapsed_s=0.876
2026-04-04 03:29:29 | symbol_done | idx=420 | total=654 | symbol=GRASSUSDT | status=skip | reason=no_latest_setup | signals=0 | elapsed_s=0.834
2026-04-04 03:29:30 | symbol_done | idx=421 | total=654 | symbol=FUNUSDT | status=skip | reason=no_latest_setup | signals=0 | elapsed_s=0.838
2026-04-04 03:29:31 | symbol_done | idx=422 | total=654 | symbol=ACTUSDT | status=skip | reason=no_latest_setup | signals=0 | elapsed_s=0.954
2026-04-04 03:29:32 | symbol_done | idx=423 | total=654 | symbol=PLUMEUSDT | status=skip | reason=no_latest_setup | signals=0 | elapsed_s=0.829
2026-04-04 03:29:33 | symbol_done | idx=424 | total=654 | symbol=INTCUSDT | status=skip | reason=no_setup | signals=0 | elapsed_s=1.303
2026-04-04 03:29:35 | symbol_done | idx=425 | total=654 | symbol=BTCDOMUSDT | status=skip | reason=no_setup | signals=0 | elapsed_s=1.778
2026-04-04 03:29:36 | symbol_done | idx=426 | total=654 | symbol=IOUSDT | status=skip | reason=no_latest_setup | signals=0 | elapsed_s=1.013
2026-04-04 03:29:37 | symbol_done | idx=427 | total=654 | symbol=GPSUSDT | status=skip | reason=no_latest_setup | signals=0 | elapsed_s=0.877
2026-04-04 03:29:37 | symbol_done | idx=428 | total=654 | symbol=SPELLUSDT | status=skip | reason=no_latest_setup | signals=0 | elapsed_s=0.799
2026-04-04 03:29:38 | symbol_done | idx=429 | total=654 | symbol=SYRUPUSDT | status=skip | reason=no_latest_setup | signals=0 | elapsed_s=0.774
2026-04-04 03:29:39 | symbol_done | idx=430 | total=654 | symbol=龙虾USDT | status=skip | reason=no_latest_setup | signals=0 | elapsed_s=0.336
2026-04-04 03:29:39 | symbol_done | idx=431 | total=654 | symbol=SAFEUSDT | status=skip | reason=no_latest_setup | signals=0 | elapsed_s=0.783
2026-04-04 03:29:40 | symbol_done | idx=432 | total=654 | symbol=NVDAUSDT | status=skip | reason=insufficient_history | signals=0 | elapsed_s=0.521
2026-04-04 03:29:41 | symbol_done | idx=433 | total=654 | symbol=BMTUSDT | status=skip | reason=no_latest_setup | signals=0 | elapsed_s=0.809
2026-04-04 03:29:42 | symbol_done | idx=434 | total=654 | symbol=NOTUSDT | status=skip | reason=no_latest_setup | signals=0 | elapsed_s=0.821
2026-04-04 03:29:43 | symbol_done | idx=435 | total=654 | symbol=COINUSDT | status=skip | reason=no_latest_setup | signals=0 | elapsed_s=1.003
2026-04-04 03:29:43 | symbol_done | idx=436 | total=654 | symbol=COPPERUSDT | status=skip | reason=no_setup | signals=0 | elapsed_s=0.371
2026-04-04 03:29:44 | symbol_done | idx=437 | total=654 | symbol=XAIUSDT | status=skip | reason=no_latest_setup | signals=0 | elapsed_s=0.887
2026-04-04 03:29:45 | symbol_done | idx=438 | total=654 | symbol=AGLDUSDT | status=skip | reason=no_latest_setup | signals=0 | elapsed_s=0.904
2026-04-04 03:29:46 | symbol_done | idx=439 | total=654 | symbol=ZEREBROUSDT | status=skip | reason=no_latest_setup | signals=0 | elapsed_s=0.847
2026-04-04 03:29:46 | symbol_done | idx=440 | total=654 | symbol=1000RATSUSDT | status=skip | reason=no_latest_setup | signals=0 | elapsed_s=0.854
2026-04-04 03:29:48 | symbol_done | idx=441 | total=654 | symbol=YGGUSDT | status=skip | reason=no_latest_setup | signals=0 | elapsed_s=1.437
2026-04-04 03:29:49 | symbol_done | idx=442 | total=654 | symbol=YFIUSDT | status=skip | reason=no_latest_setup | signals=0 | elapsed_s=0.871
2026-04-04 03:29:50 | symbol_done | idx=443 | total=654 | symbol=LAYERUSDT | status=skip | reason=no_latest_setup | signals=0 | elapsed_s=1.032
2026-04-04 03:29:51 | symbol_done | idx=444 | total=654 | symbol=MAVUSDT | status=skip | reason=no_latest_setup | signals=0 | elapsed_s=0.871
2026-04-04 03:29:52 | symbol_done | idx=445 | total=654 | symbol=HMSTRUSDT | status=skip | reason=no_latest_setup | signals=0 | elapsed_s=0.907
2026-04-04 03:29:53 | symbol_done | idx=446 | total=654 | symbol=POPCATUSDT | status=skip | reason=no_latest_setup | signals=0 | elapsed_s=1.000
2026-04-04 03:29:54 | symbol_done | idx=447 | total=654 | symbol=BEAMXUSDT | status=skip | reason=no_latest_setup | signals=0 | elapsed_s=1.094
2026-04-04 03:29:55 | symbol_done | idx=448 | total=654 | symbol=TAUSDT | status=skip | reason=no_latest_setup | signals=0 | elapsed_s=1.265
2026-04-04 03:29:56 | symbol_done | idx=449 | total=654 | symbol=COAIUSDT | status=skip | reason=no_latest_setup | signals=0 | elapsed_s=1.309
2026-04-04 03:29:58 | symbol_done | idx=450 | total=654 | symbol=PIEVERSEUSDT | status=skip | reason=no_latest_setup | signals=0 | elapsed_s=1.483
2026-04-04 03:29:59 | symbol_done | idx=451 | total=654 | symbol=FLUXUSDT | status=skip | reason=no_latest_setup | signals=0 | elapsed_s=1.027
2026-04-04 03:30:00 | symbol_done | idx=452 | total=654 | symbol=LPTUSDT | status=skip | reason=no_latest_setup | signals=0 | elapsed_s=1.119
2026-04-04 03:30:01 | symbol_done | idx=453 | total=654 | symbol=CATIUSDT | status=skip | reason=no_latest_setup | signals=0 | elapsed_s=0.819
2026-04-04 03:30:03 | symbol_done | idx=454 | total=654 | symbol=AEROUSDT | status=skip | reason=no_latest_setup | signals=0 | elapsed_s=1.918
2026-04-04 03:30:04 | symbol_done | idx=455 | total=654 | symbol=ZKPUSDT | status=skip | reason=no_latest_setup | signals=0 | elapsed_s=0.995
2026-04-04 03:30:05 | symbol_done | idx=456 | total=654 | symbol=DEEPUSDT | status=skip | reason=no_latest_setup | signals=0 | elapsed_s=1.154
2026-04-04 03:30:06 | symbol_done | idx=457 | total=654 | symbol=KGENUSDT | status=skip | reason=no_latest_setup | signals=0 | elapsed_s=1.123
2026-04-04 03:30:07 | symbol_done | idx=458 | total=654 | symbol=ZORAUSDT | status=skip | reason=no_latest_setup | signals=0 | elapsed_s=0.982
2026-04-04 03:30:08 | symbol_done | idx=459 | total=654 | symbol=TNSRUSDT | status=skip | reason=no_latest_setup | signals=0 | elapsed_s=1.061
2026-04-04 03:30:09 | symbol_done | idx=460 | total=654 | symbol=MBOXUSDT | status=skip | reason=no_latest_setup | signals=0 | elapsed_s=1.120
2026-04-04 03:30:10 | symbol_done | idx=461 | total=654 | symbol=BLESSUSDT | status=skip | reason=no_latest_setup | signals=0 | elapsed_s=1.128
2026-04-04 03:30:11 | symbol_done | idx=462 | total=654 | symbol=MOVRUSDT | status=skip | reason=no_latest_setup | signals=0 | elapsed_s=0.884
2026-04-04 03:30:12 | symbol_done | idx=463 | total=654 | symbol=WETUSDT | status=skip | reason=no_latest_setup | signals=0 | elapsed_s=1.000
2026-04-04 03:30:13 | symbol_done | idx=464 | total=654 | symbol=TUTUSDT | status=skip | reason=no_latest_setup | signals=0 | elapsed_s=0.847
2026-04-04 03:30:15 | symbol_done | idx=465 | total=654 | symbol=我踏马来了USDT | status=skip | reason=no_latest_setup | signals=0 | elapsed_s=1.813
2026-04-04 03:30:16 | symbol_done | idx=466 | total=654 | symbol=MANTAUSDT | status=skip | reason=no_latest_setup | signals=0 | elapsed_s=1.102
2026-04-04 03:30:17 | symbol_done | idx=467 | total=654 | symbol=CVCUSDT | status=skip | reason=no_latest_setup | signals=0 | elapsed_s=0.996
2026-04-04 03:30:18 | symbol_done | idx=468 | total=654 | symbol=HAEDALUSDT | status=skip | reason=no_latest_setup | signals=0 | elapsed_s=1.031
2026-04-04 03:30:19 | symbol_done | idx=469 | total=654 | symbol=PROMUSDT | status=skip | reason=no_latest_setup | signals=0 | elapsed_s=0.822
2026-04-04 03:30:20 | symbol_done | idx=470 | total=654 | symbol=AKEUSDT | status=skip | reason=no_latest_setup | signals=0 | elapsed_s=1.079
2026-04-04 03:30:21 | symbol_done | idx=471 | total=654 | symbol=HIGHUSDT | status=skip | reason=no_latest_setup | signals=0 | elapsed_s=0.855
2026-04-04 03:30:22 | symbol_done | idx=472 | total=654 | symbol=SSVUSDT | status=skip | reason=no_latest_setup | signals=0 | elapsed_s=1.163
2026-04-04 03:30:22 | symbol_done | idx=473 | total=654 | symbol=OBOLUSDT | status=skip | reason=no_setup | signals=0 | elapsed_s=0.692
2026-04-04 03:30:23 | symbol_done | idx=474 | total=654 | symbol=TOKENUSDT | status=skip | reason=no_setup | signals=0 | elapsed_s=0.815
2026-04-04 03:30:24 | symbol_done | idx=475 | total=654 | symbol=BICOUSDT | status=skip | reason=no_latest_setup | signals=0 | elapsed_s=0.926
2026-04-04 03:30:25 | symbol_done | idx=476 | total=654 | symbol=BATUSDT | status=skip | reason=no_latest_setup | signals=0 | elapsed_s=1.323
2026-04-04 03:30:26 | symbol_done | idx=477 | total=654 | symbol=PERPUSDT | status=skip | reason=no_setup | signals=0 | elapsed_s=0.685
2026-04-04 03:30:27 | symbol_done | idx=478 | total=654 | symbol=MMTUSDT | status=skip | reason=no_latest_setup | signals=0 | elapsed_s=1.142
2026-04-04 03:30:28 | symbol_done | idx=479 | total=654 | symbol=ILVUSDT | status=skip | reason=no_latest_setup | signals=0 | elapsed_s=0.868
2026-04-04 03:30:29 | symbol_done | idx=480 | total=654 | symbol=1INCHUSDT | status=skip | reason=no_latest_setup | signals=0 | elapsed_s=1.092
2026-04-04 03:30:30 | symbol_done | idx=481 | total=654 | symbol=ESPORTSUSDT | status=skip | reason=no_latest_setup | signals=0 | elapsed_s=1.168
2026-04-04 03:30:31 | symbol_done | idx=482 | total=654 | symbol=QUICKUSDT | status=skip | reason=no_setup | signals=0 | elapsed_s=0.838
2026-04-04 03:30:32 | symbol_done | idx=483 | total=654 | symbol=EVAAUSDT | status=skip | reason=no_latest_setup | signals=0 | elapsed_s=0.970
2026-04-04 03:30:33 | symbol_done | idx=484 | total=654 | symbol=TURTLEUSDT | status=skip | reason=no_latest_setup | signals=0 | elapsed_s=0.992
2026-04-04 03:30:34 | symbol_done | idx=485 | total=654 | symbol=UMAUSDT | status=skip | reason=no_latest_setup | signals=0 | elapsed_s=0.941
2026-04-04 03:30:35 | symbol_done | idx=486 | total=654 | symbol=LUMIAUSDT | status=skip | reason=no_latest_setup | signals=0 | elapsed_s=1.222
2026-04-04 03:30:36 | symbol_done | idx=487 | total=654 | symbol=SKRUSDT | status=skip | reason=no_latest_setup | signals=0 | elapsed_s=0.878
2026-04-04 03:30:37 | symbol_done | idx=488 | total=654 | symbol=HIVEUSDT | status=skip | reason=no_latest_setup | signals=0 | elapsed_s=0.976
2026-04-04 03:30:38 | symbol_done | idx=489 | total=654 | symbol=BIGTIMEUSDT | status=skip | reason=no_latest_setup | signals=0 | elapsed_s=1.143
2026-04-04 03:30:40 | symbol_done | idx=490 | total=654 | symbol=TSTUSDT | status=skip | reason=no_latest_setup | signals=0 | elapsed_s=1.256
2026-04-04 03:30:41 | symbol_done | idx=491 | total=654 | symbol=RSRUSDT | status=skip | reason=no_latest_setup | signals=0 | elapsed_s=1.003
2026-04-04 03:30:42 | symbol_done | idx=492 | total=654 | symbol=PORTALUSDT | status=skip | reason=no_latest_setup | signals=0 | elapsed_s=0.934
2026-04-04 03:30:43 | symbol_done | idx=493 | total=654 | symbol=COOKIEUSDT | status=skip | reason=no_latest_setup | signals=0 | elapsed_s=0.963
2026-04-04 03:30:44 | symbol_done | idx=494 | total=654 | symbol=LABUSDT | status=skip | reason=no_latest_setup | signals=0 | elapsed_s=0.976
2026-04-04 03:30:45 | symbol_done | idx=495 | total=654 | symbol=AIOUSDT | status=skip | reason=no_latest_setup | signals=0 | elapsed_s=1.086
2026-04-04 03:30:46 | symbol_done | idx=496 | total=654 | symbol=ALCHUSDT | status=skip | reason=no_latest_setup | signals=0 | elapsed_s=1.096
2026-04-04 03:30:47 | symbol_done | idx=497 | total=654 | symbol=QUSDT | status=skip | reason=no_latest_setup | signals=0 | elapsed_s=0.868
2026-04-04 03:30:48 | symbol_done | idx=498 | total=654 | symbol=IRUSDT | status=skip | reason=no_latest_setup | signals=0 | elapsed_s=1.077
2026-04-04 03:30:49 | symbol_done | idx=499 | total=654 | symbol=SPKUSDT | status=skip | reason=no_latest_setup | signals=0 | elapsed_s=0.846
2026-04-04 03:30:50 | symbol_done | idx=500 | total=654 | symbol=AINUSDT | status=skip | reason=no_latest_setup | signals=0 | elapsed_s=1.323
2026-04-04 03:30:51 | symbol_done | idx=501 | total=654 | symbol=CELRUSDT | status=skip | reason=no_setup | signals=0 | elapsed_s=0.922
2026-04-04 03:30:52 | symbol_done | idx=502 | total=654 | symbol=VTHOUSDT | status=skip | reason=no_setup | signals=0 | elapsed_s=0.908
2026-04-04 03:30:53 | symbol_done | idx=503 | total=654 | symbol=DOODUSDT | status=skip | reason=no_latest_setup | signals=0 | elapsed_s=1.222
2026-04-04 03:30:54 | symbol_done | idx=504 | total=654 | symbol=WOOUSDT | status=skip | reason=no_latest_setup | signals=0 | elapsed_s=0.954
2026-04-04 03:30:55 | symbol_done | idx=505 | total=654 | symbol=ACXUSDT | status=skip | reason=no_latest_setup | signals=0 | elapsed_s=1.205
2026-04-04 03:30:56 | symbol_done | idx=506 | total=654 | symbol=AVAAIUSDT | status=skip | reason=no_latest_setup | signals=0 | elapsed_s=0.911
2026-04-04 03:30:57 | symbol_done | idx=507 | total=654 | symbol=1000CHEEMSUSDT | status=skip | reason=no_latest_setup | signals=0 | elapsed_s=1.338
2026-04-04 03:30:58 | symbol_done | idx=508 | total=654 | symbol=SAGAUSDT | status=skip | reason=no_latest_setup | signals=0 | elapsed_s=0.815
2026-04-04 03:30:59 | symbol_done | idx=509 | total=654 | symbol=RONINUSDT | status=skip | reason=no_latest_setup | signals=0 | elapsed_s=0.703
2026-04-04 03:31:00 | symbol_done | idx=510 | total=654 | symbol=VANAUSDT | status=skip | reason=no_setup | signals=0 | elapsed_s=0.881
2026-04-04 03:31:01 | symbol_done | idx=511 | total=654 | symbol=WCTUSDT | status=skip | reason=no_latest_setup | signals=0 | elapsed_s=0.805
2026-04-04 03:31:01 | symbol_done | idx=512 | total=654 | symbol=LISTAUSDT | status=skip | reason=no_latest_setup | signals=0 | elapsed_s=0.775
2026-04-04 03:31:02 | symbol_done | idx=513 | total=654 | symbol=TRUUSDT | status=skip | reason=no_latest_setup | signals=0 | elapsed_s=0.858
2026-04-04 03:31:03 | symbol_done | idx=514 | total=654 | symbol=1000SATSUSDT | status=skip | reason=no_latest_setup | signals=0 | elapsed_s=0.991
2026-04-04 03:31:04 | symbol_done | idx=515 | total=654 | symbol=XPTUSDT | status=skip | reason=no_latest_setup | signals=0 | elapsed_s=0.934
2026-04-04 03:31:05 | symbol_done | idx=516 | total=654 | symbol=VINEUSDT | status=skip | reason=no_latest_setup | signals=0 | elapsed_s=0.807
2026-04-04 03:31:06 | symbol_done | idx=517 | total=654 | symbol=AUCTIONUSDT | status=skip | reason=no_latest_setup | signals=0 | elapsed_s=1.332
2026-04-04 03:31:07 | symbol_done | idx=518 | total=654 | symbol=API3USDT | status=skip | reason=no_latest_setup | signals=0 | elapsed_s=0.755
2026-04-04 03:31:08 | symbol_done | idx=519 | total=654 | symbol=BBUSDT | status=skip | reason=no_latest_setup | signals=0 | elapsed_s=1.008
2026-04-04 03:31:09 | symbol_done | idx=520 | total=654 | symbol=PUMPBTCUSDT | status=skip | reason=no_latest_setup | signals=0 | elapsed_s=1.043
2026-04-04 03:31:10 | symbol_done | idx=521 | total=654 | symbol=DIAUSDT | status=skip | reason=no_latest_setup | signals=0 | elapsed_s=0.773
2026-04-04 03:31:11 | symbol_done | idx=522 | total=654 | symbol=DENTUSDT | status=skip | reason=no_latest_setup | signals=0 | elapsed_s=0.915
2026-04-04 03:31:12 | symbol_done | idx=523 | total=654 | symbol=FHEUSDT | status=skip | reason=no_latest_setup | signals=0 | elapsed_s=0.939
2026-04-04 03:31:13 | symbol_done | idx=524 | total=654 | symbol=INXUSDT | status=skip | reason=no_latest_setup | signals=0 | elapsed_s=0.918
2026-04-04 03:31:14 | symbol_done | idx=525 | total=654 | symbol=AGTUSDT | status=skip | reason=no_latest_setup | signals=0 | elapsed_s=0.915
2026-04-04 03:31:14 | symbol_done | idx=526 | total=654 | symbol=WALUSDT | status=skip | reason=no_latest_setup | signals=0 | elapsed_s=0.913
2026-04-04 03:31:16 | symbol_done | idx=527 | total=654 | symbol=SCRTUSDT | status=skip | reason=no_latest_setup | signals=0 | elapsed_s=1.133
2026-04-04 03:31:17 | symbol_done | idx=528 | total=654 | symbol=RVNUSDT | status=skip | reason=no_latest_setup | signals=0 | elapsed_s=1.140
2026-04-04 03:31:17 | symbol_done | idx=529 | total=654 | symbol=MUBARAKUSDT | status=skip | reason=no_latest_setup | signals=0 | elapsed_s=0.706
2026-04-04 03:31:18 | symbol_done | idx=530 | total=654 | symbol=ALLOUSDT | status=skip | reason=no_latest_setup | signals=0 | elapsed_s=0.924
2026-04-04 03:31:19 | symbol_done | idx=531 | total=654 | symbol=RLCUSDT | status=skip | reason=no_latest_setup | signals=0 | elapsed_s=0.822
2026-04-04 03:31:20 | symbol_done | idx=532 | total=654 | symbol=BROCCOLI714USDT | status=skip | reason=no_latest_setup | signals=0 | elapsed_s=0.917
2026-04-04 03:31:21 | symbol_done | idx=533 | total=654 | symbol=NATGASUSDT | status=skip | reason=insufficient_history | signals=0 | elapsed_s=0.709
2026-04-04 03:31:22 | symbol_done | idx=534 | total=654 | symbol=2ZUSDT | status=skip | reason=no_latest_setup | signals=0 | elapsed_s=0.761
2026-04-04 03:31:22 | symbol_done | idx=535 | total=654 | symbol=FRAXUSDT | status=skip | reason=no_latest_setup | signals=0 | elapsed_s=0.766
2026-04-04 03:31:23 | symbol_done | idx=536 | total=654 | symbol=RECALLUSDT | status=skip | reason=no_latest_setup | signals=0 | elapsed_s=1.023
2026-04-04 03:31:24 | symbol_done | idx=537 | total=654 | symbol=AZTECUSDT | status=skip | reason=no_latest_setup | signals=0 | elapsed_s=0.815
2026-04-04 03:31:25 | symbol_done | idx=538 | total=654 | symbol=XVGUSDT | status=skip | reason=no_latest_setup | signals=0 | elapsed_s=1.009
2026-04-04 03:31:26 | symbol_done | idx=539 | total=654 | symbol=TRUSTUSDT | status=skip | reason=no_latest_setup | signals=0 | elapsed_s=0.950
2026-04-04 03:31:27 | symbol_done | idx=540 | total=654 | symbol=KSMUSDT | status=skip | reason=no_latest_setup | signals=0 | elapsed_s=0.799
2026-04-04 03:31:28 | symbol_done | idx=541 | total=654 | symbol=SOPHUSDT | status=skip | reason=no_latest_setup | signals=0 | elapsed_s=0.938
2026-04-04 03:31:29 | symbol_done | idx=542 | total=654 | symbol=FIOUSDT | status=skip | reason=no_latest_setup | signals=0 | elapsed_s=0.730
2026-04-04 03:31:30 | symbol_done | idx=543 | total=654 | symbol=KAIAUSDT | status=skip | reason=no_latest_setup | signals=0 | elapsed_s=1.008
2026-04-04 03:31:31 | symbol_done | idx=544 | total=654 | symbol=TAKEUSDT | status=skip | reason=no_latest_setup | signals=0 | elapsed_s=0.908
2026-04-04 03:31:31 | symbol_done | idx=545 | total=654 | symbol=GMXUSDT | status=skip | reason=no_latest_setup | signals=0 | elapsed_s=0.817
2026-04-04 03:31:32 | symbol_done | idx=546 | total=654 | symbol=SUNUSDT | status=skip | reason=no_setup | signals=0 | elapsed_s=0.924
2026-04-04 03:31:33 | symbol_done | idx=547 | total=654 | symbol=CYBERUSDT | status=skip | reason=no_latest_setup | signals=0 | elapsed_s=0.917
2026-04-04 03:31:34 | symbol_done | idx=548 | total=654 | symbol=BUSDT | status=skip | reason=no_latest_setup | signals=0 | elapsed_s=0.769
2026-04-04 03:31:35 | symbol_done | idx=549 | total=654 | symbol=SQDUSDT | status=skip | reason=no_latest_setup | signals=0 | elapsed_s=0.871
2026-04-04 03:31:36 | symbol_done | idx=550 | total=654 | symbol=SOONUSDT | status=skip | reason=no_latest_setup | signals=0 | elapsed_s=0.819
2026-04-04 03:31:37 | symbol_done | idx=551 | total=654 | symbol=1000CATUSDT | status=skip | reason=no_latest_setup | signals=0 | elapsed_s=1.021
2026-04-04 03:31:38 | symbol_done | idx=552 | total=654 | symbol=WAXPUSDT | status=skip | reason=no_latest_setup | signals=0 | elapsed_s=0.926
2026-04-04 03:31:38 | symbol_done | idx=553 | total=654 | symbol=DOGSUSDT | status=skip | reason=no_latest_setup | signals=0 | elapsed_s=0.882
2026-04-04 03:31:39 | symbol_done | idx=554 | total=654 | symbol=IOSTUSDT | status=skip | reason=no_latest_setup | signals=0 | elapsed_s=0.843
2026-04-04 03:31:40 | symbol_done | idx=555 | total=654 | symbol=ACEUSDT | status=skip | reason=no_latest_setup | signals=0 | elapsed_s=1.110
2026-04-04 03:31:42 | symbol_done | idx=556 | total=654 | symbol=GOATUSDT | status=skip | reason=no_latest_setup | signals=0 | elapsed_s=1.175
2026-04-04 03:31:43 | symbol_done | idx=557 | total=654 | symbol=TLMUSDT | status=skip | reason=no_latest_setup | signals=0 | elapsed_s=0.911
2026-04-04 03:31:44 | symbol_done | idx=558 | total=654 | symbol=XVSUSDT | status=skip | reason=no_latest_setup | signals=0 | elapsed_s=1.008
2026-04-04 03:31:44 | symbol_done | idx=559 | total=654 | symbol=ZKCUSDT | status=skip | reason=no_latest_setup | signals=0 | elapsed_s=0.916
2026-04-04 03:31:46 | symbol_done | idx=560 | total=654 | symbol=B3USDT | status=skip | reason=no_latest_setup | signals=0 | elapsed_s=1.142
2026-04-04 03:31:47 | symbol_done | idx=561 | total=654 | symbol=ARKUSDT | status=skip | reason=no_latest_setup | signals=0 | elapsed_s=1.011
2026-04-04 03:31:47 | symbol_done | idx=562 | total=654 | symbol=KMNOUSDT | status=skip | reason=no_latest_setup | signals=0 | elapsed_s=0.786
2026-04-04 03:31:48 | symbol_done | idx=563 | total=654 | symbol=TRUTHUSDT | status=skip | reason=no_latest_setup | signals=0 | elapsed_s=1.047
2026-04-04 03:31:49 | symbol_done | idx=564 | total=654 | symbol=1000000MOGUSDT | status=skip | reason=no_latest_setup | signals=0 | elapsed_s=1.016
2026-04-04 03:31:50 | symbol_done | idx=565 | total=654 | symbol=LQTYUSDT | status=skip | reason=no_latest_setup | signals=0 | elapsed_s=1.030
2026-04-04 03:31:52 | symbol_done | idx=566 | total=654 | symbol=OGUSDT | status=skip | reason=no_latest_setup | signals=0 | elapsed_s=1.129
2026-04-04 03:31:52 | symbol_done | idx=567 | total=654 | symbol=PONKEUSDT | status=skip | reason=no_setup | signals=0 | elapsed_s=0.791
2026-04-04 03:31:53 | symbol_done | idx=568 | total=654 | symbol=BANDUSDT | status=skip | reason=no_latest_setup | signals=0 | elapsed_s=0.976
2026-04-04 03:31:54 | symbol_done | idx=569 | total=654 | symbol=TAIKOUSDT | status=skip | reason=no_latest_setup | signals=0 | elapsed_s=0.852
2026-04-04 03:31:55 | symbol_done | idx=570 | total=654 | symbol=1000XECUSDT | status=skip | reason=no_setup | signals=0 | elapsed_s=1.048
2026-04-04 03:31:56 | symbol_done | idx=571 | total=654 | symbol=ASTRUSDT | status=skip | reason=no_latest_setup | signals=0 | elapsed_s=0.931
2026-04-04 03:31:57 | symbol_done | idx=572 | total=654 | symbol=MELANIAUSDT | status=skip | reason=no_latest_setup | signals=0 | elapsed_s=1.023
2026-04-04 03:31:58 | symbol_done | idx=573 | total=654 | symbol=BELUSDT | status=skip | reason=no_latest_setup | signals=0 | elapsed_s=0.866
2026-04-04 03:31:59 | symbol_done | idx=574 | total=654 | symbol=MITOUSDT | status=skip | reason=no_latest_setup | signals=0 | elapsed_s=0.889
2026-04-04 03:32:00 | symbol_done | idx=575 | total=654 | symbol=BRETTUSDT | status=skip | reason=no_latest_setup | signals=0 | elapsed_s=0.850
2026-04-04 03:32:01 | symbol_done | idx=576 | total=654 | symbol=ZRXUSDT | status=skip | reason=no_latest_setup | signals=0 | elapsed_s=0.721
2026-04-04 03:32:01 | symbol_done | idx=577 | total=654 | symbol=NXPCUSDT | status=skip | reason=no_latest_setup | signals=0 | elapsed_s=0.711
2026-04-04 03:32:02 | symbol_done | idx=578 | total=654 | symbol=FUSDT | status=skip | reason=no_latest_setup | signals=0 | elapsed_s=0.793
2026-04-04 03:32:03 | symbol_done | idx=579 | total=654 | symbol=SCRUSDT | status=skip | reason=no_latest_setup | signals=0 | elapsed_s=0.804
2026-04-04 03:32:04 | symbol_done | idx=580 | total=654 | symbol=ACUUSDT | status=skip | reason=no_latest_setup | signals=0 | elapsed_s=1.122
2026-04-04 03:32:05 | symbol_done | idx=581 | total=654 | symbol=B2USDT | status=skip | reason=no_latest_setup | signals=0 | elapsed_s=0.812
2026-04-04 03:32:06 | symbol_done | idx=582 | total=654 | symbol=GLMUSDT | status=skip | reason=no_latest_setup | signals=0 | elapsed_s=0.838
2026-04-04 03:32:07 | symbol_done | idx=583 | total=654 | symbol=PLTRUSDT | status=skip | reason=no_setup | signals=0 | elapsed_s=0.935
2026-04-04 03:32:07 | symbol_done | idx=584 | total=654 | symbol=XPINUSDT | status=skip | reason=no_latest_setup | signals=0 | elapsed_s=0.814
2026-04-04 03:32:08 | symbol_done | idx=585 | total=654 | symbol=TUSDT | status=skip | reason=no_latest_setup | signals=0 | elapsed_s=1.001
2026-04-04 03:32:10 | symbol_done | idx=586 | total=654 | symbol=C98USDT | status=skip | reason=no_latest_setup | signals=0 | elapsed_s=1.306
2026-04-04 03:32:11 | symbol_done | idx=587 | total=654 | symbol=AMZNUSDT | status=skip | reason=no_setup | signals=0 | elapsed_s=1.021
2026-04-04 03:32:12 | symbol_done | idx=588 | total=654 | symbol=SFPUSDT | status=skip | reason=no_latest_setup | signals=0 | elapsed_s=1.048
2026-04-04 03:32:13 | symbol_done | idx=589 | total=654 | symbol=MEWUSDT | status=skip | reason=no_latest_setup | signals=0 | elapsed_s=0.720
2026-04-04 03:32:13 | symbol_done | idx=590 | total=654 | symbol=BREVUSDT | status=skip | reason=no_latest_setup | signals=0 | elapsed_s=0.909
2026-04-04 03:32:14 | symbol_done | idx=591 | total=654 | symbol=COWUSDT | status=skip | reason=no_latest_setup | signals=0 | elapsed_s=1.023
2026-04-04 03:32:15 | symbol_done | idx=592 | total=654 | symbol=GOOGLUSDT | status=skip | reason=insufficient_history | signals=0 | elapsed_s=0.665
2026-04-04 03:32:16 | symbol_done | idx=593 | total=654 | symbol=NEWTUSDT | status=skip | reason=no_latest_setup | signals=0 | elapsed_s=1.068
2026-04-04 03:32:17 | symbol_done | idx=594 | total=654 | symbol=REDUSDT | status=skip | reason=no_latest_setup | signals=0 | elapsed_s=0.753
2026-04-04 03:32:18 | symbol_done | idx=595 | total=654 | symbol=ATAUSDT | status=skip | reason=no_latest_setup | signals=0 | elapsed_s=0.729
2026-04-04 03:32:18 | symbol_done | idx=596 | total=654 | symbol=METAUSDT | status=skip | reason=insufficient_history | signals=0 | elapsed_s=0.601
2026-04-04 03:32:19 | symbol_done | idx=597 | total=654 | symbol=INUSDT | status=skip | reason=no_latest_setup | signals=0 | elapsed_s=0.953
2026-04-04 03:32:20 | symbol_done | idx=598 | total=654 | symbol=HOLOUSDT | status=skip | reason=no_latest_setup | signals=0 | elapsed_s=0.967
2026-04-04 03:32:21 | symbol_done | idx=599 | total=654 | symbol=TREEUSDT | status=skip | reason=no_latest_setup | signals=0 | elapsed_s=1.120
2026-04-04 03:32:22 | symbol_done | idx=600 | total=654 | symbol=GTCUSDT | status=skip | reason=no_latest_setup | signals=0 | elapsed_s=0.841
2026-04-04 03:32:24 | symbol_done | idx=601 | total=654 | symbol=ZKJUSDT | status=skip | reason=no_latest_setup | signals=0 | elapsed_s=1.368
2026-04-04 03:32:24 | symbol_done | idx=602 | total=654 | symbol=DODOXUSDT | status=skip | reason=no_latest_setup | signals=0 | elapsed_s=0.936
2026-04-04 03:32:25 | symbol_done | idx=603 | total=654 | symbol=BIRBUSDT | status=skip | reason=no_latest_setup | signals=0 | elapsed_s=0.802
2026-04-04 03:32:26 | symbol_done | idx=604 | total=654 | symbol=AVAUSDT | status=skip | reason=no_latest_setup | signals=0 | elapsed_s=0.959
2026-04-04 03:32:27 | symbol_done | idx=605 | total=654 | symbol=ZETAUSDT | status=skip | reason=no_latest_setup | signals=0 | elapsed_s=1.042
2026-04-04 03:32:28 | symbol_done | idx=606 | total=654 | symbol=SANTOSUSDT | status=skip | reason=no_latest_setup | signals=0 | elapsed_s=0.904
2026-04-04 03:32:29 | symbol_done | idx=607 | total=654 | symbol=IOTXUSDT | status=skip | reason=no_latest_setup | signals=0 | elapsed_s=1.016
2026-04-04 03:32:31 | symbol_done | idx=608 | total=654 | symbol=ETHWUSDT | status=skip | reason=no_latest_setup | signals=0 | elapsed_s=1.676
2026-04-04 03:32:32 | symbol_done | idx=609 | total=654 | symbol=METISUSDT | status=skip | reason=no_latest_setup | signals=0 | elapsed_s=1.402
2026-04-04 03:32:33 | symbol_done | idx=610 | total=654 | symbol=LSKUSDT | status=skip | reason=no_setup | signals=0 | elapsed_s=1.002
2026-04-04 03:32:34 | symbol_done | idx=611 | total=654 | symbol=CGPTUSDT | status=skip | reason=no_latest_setup | signals=0 | elapsed_s=0.913
2026-04-04 03:32:35 | symbol_done | idx=612 | total=654 | symbol=XPDUSDT | status=skip | reason=no_latest_setup | signals=0 | elapsed_s=1.037
2026-04-04 03:32:37 | symbol_done | idx=613 | total=654 | symbol=VELVETUSDT | status=skip | reason=no_latest_setup | signals=0 | elapsed_s=1.386
2026-04-04 03:32:38 | symbol_done | idx=614 | total=654 | symbol=MTLUSDT | status=skip | reason=no_latest_setup | signals=0 | elapsed_s=0.913
2026-04-04 03:32:39 | symbol_done | idx=615 | total=654 | symbol=RPLUSDT | status=skip | reason=no_latest_setup | signals=0 | elapsed_s=0.984
2026-04-04 03:32:40 | symbol_done | idx=616 | total=654 | symbol=AWEUSDT | status=skip | reason=no_latest_setup | signals=0 | elapsed_s=1.269
2026-04-04 03:32:40 | symbol_done | idx=617 | total=654 | symbol=KOMAUSDT | status=skip | reason=no_latest_setup | signals=0 | elapsed_s=0.719
2026-04-04 03:32:42 | symbol_done | idx=618 | total=654 | symbol=ERAUSDT | status=skip | reason=no_latest_setup | signals=0 | elapsed_s=1.083
2026-04-04 03:32:42 | symbol_done | idx=619 | total=654 | symbol=CVXUSDT | status=skip | reason=no_latest_setup | signals=0 | elapsed_s=0.836
2026-04-04 03:32:44 | symbol_done | idx=620 | total=654 | symbol=ALPINEUSDT | status=skip | reason=no_setup | signals=0 | elapsed_s=1.090
2026-04-04 03:32:45 | symbol_done | idx=621 | total=654 | symbol=MOCAUSDT | status=skip | reason=no_latest_setup | signals=0 | elapsed_s=1.147
2026-04-04 03:32:46 | symbol_done | idx=622 | total=654 | symbol=FLUIDUSDT | status=skip | reason=no_latest_setup | signals=0 | elapsed_s=1.018
2026-04-04 03:32:46 | symbol_done | idx=623 | total=654 | symbol=MLNUSDT | status=skip | reason=no_latest_setup | signals=0 | elapsed_s=0.794
2026-04-04 03:32:47 | symbol_done | idx=624 | total=654 | symbol=HOTUSDT | status=skip | reason=no_latest_setup | signals=0 | elapsed_s=0.910
2026-04-04 03:32:48 | symbol_done | idx=625 | total=654 | symbol=CROSSUSDT | status=skip | reason=no_latest_setup | signals=0 | elapsed_s=1.058
2026-04-04 03:32:50 | symbol_done | idx=626 | total=654 | symbol=ORDERUSDT | status=skip | reason=no_latest_setup | signals=0 | elapsed_s=1.125
2026-04-04 03:32:51 | symbol_done | idx=627 | total=654 | symbol=ASRUSDT | status=skip | reason=no_setup | signals=0 | elapsed_s=1.016
2026-04-04 03:32:52 | symbol_done | idx=628 | total=654 | symbol=PUNDIXUSDT | status=skip | reason=no_latest_setup | signals=0 | elapsed_s=0.974
2026-04-04 03:32:52 | symbol_done | idx=629 | total=654 | symbol=EWJUSDT | status=skip | reason=no_setup | signals=0 | elapsed_s=0.298
2026-04-04 03:32:53 | symbol_done | idx=630 | total=654 | symbol=FLOCKUSDT | status=skip | reason=no_latest_setup | signals=0 | elapsed_s=0.983
2026-04-04 03:32:54 | symbol_done | idx=631 | total=654 | symbol=SYSUSDT | status=skip | reason=no_latest_setup | signals=0 | elapsed_s=1.250
2026-04-04 03:32:55 | symbol_done | idx=632 | total=654 | symbol=RIFUSDT | status=skip | reason=no_latest_setup | signals=0 | elapsed_s=1.012
2026-04-04 03:32:56 | symbol_done | idx=633 | total=654 | symbol=ELSAUSDT | status=skip | reason=no_latest_setup | signals=0 | elapsed_s=1.235
2026-04-04 03:32:57 | symbol_done | idx=634 | total=654 | symbol=TOSHIUSDT | status=skip | reason=no_latest_setup | signals=0 | elapsed_s=0.818
2026-04-04 03:32:58 | symbol_done | idx=635 | total=654 | symbol=IDOLUSDT | status=skip | reason=no_latest_setup | signals=0 | elapsed_s=0.928
2026-04-04 03:32:59 | symbol_done | idx=636 | total=654 | symbol=BOBUSDT | status=skip | reason=no_latest_setup | signals=0 | elapsed_s=0.724
2026-04-04 03:33:00 | symbol_done | idx=637 | total=654 | symbol=HANAUSDT | status=skip | reason=no_latest_setup | signals=0 | elapsed_s=0.935
2026-04-04 03:33:00 | symbol_done | idx=638 | total=654 | symbol=OXTUSDT | status=skip | reason=no_latest_setup | signals=0 | elapsed_s=0.725
2026-04-04 03:33:01 | symbol_done | idx=639 | total=654 | symbol=SPORTFUNUSDT | status=skip | reason=no_latest_setup | signals=0 | elapsed_s=0.710
2026-04-04 03:33:02 | symbol_done | idx=640 | total=654 | symbol=MAVIAUSDT | status=skip | reason=no_latest_setup | signals=0 | elapsed_s=0.878
2026-04-04 03:33:03 | symbol_done | idx=641 | total=654 | symbol=VELODROMEUSDT | status=skip | reason=no_latest_setup | signals=0 | elapsed_s=0.810
2026-04-04 03:33:04 | symbol_done | idx=642 | total=654 | symbol=JOEUSDT | status=skip | reason=no_latest_setup | signals=0 | elapsed_s=0.924
2026-04-04 03:33:05 | symbol_done | idx=643 | total=654 | symbol=BNTUSDT | status=skip | reason=no_latest_setup | signals=0 | elapsed_s=0.710
2026-04-04 03:33:05 | symbol_done | idx=644 | total=654 | symbol=TACUSDT | status=skip | reason=no_latest_setup | signals=0 | elapsed_s=0.760
2026-04-04 03:33:07 | symbol_done | idx=645 | total=654 | symbol=SONICUSDT | status=skip | reason=no_latest_setup | signals=0 | elapsed_s=1.428
2026-04-04 03:33:08 | symbol_done | idx=646 | total=654 | symbol=BROCCOLIF3BUSDT | status=skip | reason=no_latest_setup | signals=0 | elapsed_s=0.942
2026-04-04 03:33:09 | symbol_done | idx=647 | total=654 | symbol=CLANKERUSDT | status=skip | reason=no_latest_setup | signals=0 | elapsed_s=1.356
2026-04-04 03:33:10 | symbol_done | idx=648 | total=654 | symbol=AERGOUSDT | status=skip | reason=no_latest_setup | signals=0 | elapsed_s=1.169
2026-04-04 03:33:11 | symbol_done | idx=649 | total=654 | symbol=CTKUSDT | status=skip | reason=no_latest_setup | signals=0 | elapsed_s=0.917
2026-04-04 03:33:12 | symbol_done | idx=650 | total=654 | symbol=CARVUSDT | status=skip | reason=no_latest_setup | signals=0 | elapsed_s=0.807
2026-04-04 03:33:13 | symbol_done | idx=651 | total=654 | symbol=SLPUSDT | status=skip | reason=no_latest_setup | signals=0 | elapsed_s=0.761
2026-04-04 03:33:14 | symbol_done | idx=652 | total=654 | symbol=MEGAUSDT | status=skip | reason=no_latest_setup | signals=0 | elapsed_s=0.964
2026-04-04 03:33:15 | symbol_done | idx=653 | total=654 | symbol=ALLUSDT | status=skip | reason=no_latest_setup | signals=0 | elapsed_s=1.035
2026-04-04 03:33:15 | symbol_done | idx=654 | total=654 | symbol=PAYPUSDT | status=skip | reason=insufficient_history | signals=0 | elapsed_s=0.651
2026-04-04 03:33:18 | symbol_done | idx=103 | total=654 | symbol=MUSDT | status=ok | reason=below_threshold | signals=0 | elapsed_s=548.494
2026-04-04 03:33:18 | symbol_done | idx=260 | total=654 | symbol=USELESSUSDT | status=ok | reason=below_threshold | signals=0 | elapsed_s=396.498
2026-04-04 03:33:18 | symbol_done | idx=294 | total=654 | symbol=COLLECTUSDT | status=ok | reason=signal_emitted | signals=1 | elapsed_s=364.449
2026-04-04 03:33:18 | symbol_done | idx=354 | total=654 | symbol=FIGHTUSDT | status=ok | reason=below_threshold | signals=0 | elapsed_s=292.156
2026-04-04 03:33:18 | symbol_done | idx=369 | total=654 | symbol=GRIFFAINUSDT | status=ok | reason=signal_emitted | signals=1 | elapsed_s=277.695
2026-04-04 03:33:18 | scan_end | timeframe=1h | symbols=654 | total_signals=2 | elapsed_s=667.768 | log_file=D:\Code\Projects\self-projects\macd-overlay - Copy\logs\sniper_scan_progress.log
2026-04-04 04:00:06 | scan_start | timeframe=1h | symbols=654 | lookback_days=450 | batch_predict=True
2026-04-04 04:00:06 | symbol_done | idx=1 | total=654 | symbol=BTCUSDT | status=skip | reason=no_latest_setup | signals=0 | elapsed_s=0.410
2026-04-04 04:00:07 | symbol_done | idx=2 | total=654 | symbol=ETHUSDT | status=skip | reason=no_latest_setup | signals=0 | elapsed_s=0.391
2026-04-04 04:00:07 | symbol_done | idx=3 | total=654 | symbol=ALPACAUSDT | status=skip | reason=no_setup | signals=0 | elapsed_s=0.341
2026-04-04 04:00:07 | symbol_done | idx=4 | total=654 | symbol=SOLUSDT | status=skip | reason=no_latest_setup | signals=0 | elapsed_s=0.378
2026-04-04 04:00:08 | symbol_done | idx=5 | total=654 | symbol=STOUSDT | status=skip | reason=no_latest_setup | signals=0 | elapsed_s=0.424
2026-04-04 04:00:08 | symbol_done | idx=6 | total=654 | symbol=EDGEUSDT | status=skip | reason=no_latest_setup | signals=0 | elapsed_s=0.327
2026-04-04 04:00:09 | symbol_done | idx=7 | total=654 | symbol=AIOTUSDT | status=skip | reason=no_latest_setup | signals=0 | elapsed_s=0.440
2026-04-04 04:00:09 | symbol_done | idx=8 | total=654 | symbol=BNXUSDT | status=skip | reason=no_setup | signals=0 | elapsed_s=0.356
2026-04-04 04:00:09 | symbol_done | idx=9 | total=654 | symbol=PIPPINUSDT | status=skip | reason=no_latest_setup | signals=0 | elapsed_s=0.374
2026-04-04 04:00:10 | symbol_done | idx=10 | total=654 | symbol=ALPHAUSDT | status=skip | reason=no_setup | signals=0 | elapsed_s=0.331
2026-04-04 04:00:10 | symbol_done | idx=11 | total=654 | symbol=XRPUSDT | status=skip | reason=no_latest_setup | signals=0 | elapsed_s=0.311
2026-04-04 04:00:10 | symbol_done | idx=12 | total=654 | symbol=ONGUSDT | status=skip | reason=no_latest_setup | signals=0 | elapsed_s=0.327
2026-04-04 04:00:11 | symbol_done | idx=13 | total=654 | symbol=CTSIUSDT | status=skip | reason=no_latest_setup | signals=0 | elapsed_s=0.338
2026-04-04 04:00:11 | symbol_done | idx=14 | total=654 | symbol=DOGEUSDT | status=skip | reason=no_latest_setup | signals=0 | elapsed_s=0.356
2026-04-04 04:00:11 | symbol_done | idx=15 | total=654 | symbol=RIVERUSDT | status=skip | reason=no_latest_setup | signals=0 | elapsed_s=0.400
2026-04-04 04:00:12 | symbol_done | idx=16 | total=654 | symbol=SIRENUSDT | status=skip | reason=no_latest_setup | signals=0 | elapsed_s=0.319
2026-04-04 04:00:12 | symbol_done | idx=17 | total=654 | symbol=TAOUSDT | status=skip | reason=no_latest_setup | signals=0 | elapsed_s=0.794
2026-04-04 04:00:13 | symbol_done | idx=18 | total=654 | symbol=1000PEPEUSDT | status=skip | reason=no_latest_setup | signals=0 | elapsed_s=0.298
2026-04-04 04:00:13 | symbol_done | idx=19 | total=654 | symbol=PORT3USDT | status=skip | reason=no_setup | signals=0 | elapsed_s=0.323
2026-04-04 04:00:13 | symbol_done | idx=20 | total=654 | symbol=XAUUSDT | status=skip | reason=no_setup | signals=0 | elapsed_s=0.335
2026-04-04 04:00:14 | symbol_done | idx=21 | total=654 | symbol=BNBUSDT | status=skip | reason=no_latest_setup | signals=0 | elapsed_s=0.333
2026-04-04 04:00:14 | symbol_done | idx=22 | total=654 | symbol=ZECUSDT | status=skip | reason=no_latest_setup | signals=0 | elapsed_s=0.369
2026-04-04 04:00:15 | symbol_done | idx=23 | total=654 | symbol=HYPEUSDT | status=skip | reason=no_latest_setup | signals=0 | elapsed_s=0.815
2026-04-04 04:00:15 | symbol_done | idx=24 | total=654 | symbol=ADAUSDT | status=skip | reason=no_latest_setup | signals=0 | elapsed_s=0.407
2026-04-04 04:00:16 | symbol_done | idx=25 | total=654 | symbol=ONTUSDT | status=skip | reason=no_latest_setup | signals=0 | elapsed_s=0.334
2026-04-04 04:00:16 | symbol_done | idx=26 | total=654 | symbol=XPLUSDT | status=skip | reason=no_latest_setup | signals=0 | elapsed_s=0.331
2026-04-04 04:00:18 | symbol_done | idx=27 | total=654 | symbol=NOMUSDT | status=skip | reason=no_latest_setup | signals=0 | elapsed_s=2.027
2026-04-04 04:00:19 | symbol_done | idx=28 | total=654 | symbol=ALGOUSDT | status=skip | reason=no_latest_setup | signals=0 | elapsed_s=0.491
2026-04-04 04:00:19 | symbol_done | idx=29 | total=654 | symbol=ARIAUSDT | status=skip | reason=no_latest_setup | signals=0 | elapsed_s=0.452
2026-04-04 04:00:20 | symbol_done | idx=30 | total=654 | symbol=DUSDT | status=skip | reason=no_latest_setup | signals=0 | elapsed_s=1.134
2026-04-04 04:00:21 | symbol_done | idx=31 | total=654 | symbol=UXLINKUSDT | status=skip | reason=no_setup | signals=0 | elapsed_s=1.219
2026-04-04 04:00:22 | symbol_done | idx=32 | total=654 | symbol=VIDTUSDT | status=skip | reason=no_setup | signals=0 | elapsed_s=0.312
2026-04-04 04:00:22 | symbol_done | idx=33 | total=654 | symbol=SXPUSDT | status=skip | reason=no_setup | signals=0 | elapsed_s=0.324
2026-04-04 04:00:24 | symbol_done | idx=34 | total=654 | symbol=YBUSDT | status=skip | reason=no_latest_setup | signals=0 | elapsed_s=1.614
2026-04-04 04:00:24 | symbol_done | idx=35 | total=654 | symbol=AGIXUSDT | status=skip | reason=no_setup | signals=0 | elapsed_s=0.352
2026-04-04 04:00:25 | symbol_done | idx=36 | total=654 | symbol=AVAXUSDT | status=skip | reason=no_latest_setup | signals=0 | elapsed_s=0.702
2026-04-04 04:00:26 | symbol_done | idx=37 | total=654 | symbol=CLUSDT | status=skip | reason=insufficient_history | signals=0 | elapsed_s=1.337
2026-04-04 04:00:28 | symbol_done | idx=38 | total=654 | symbol=SUIUSDT | status=skip | reason=no_latest_setup | signals=0 | elapsed_s=1.627
2026-04-04 04:00:28 | symbol_done | idx=39 | total=654 | symbol=LINAUSDT | status=skip | reason=no_setup | signals=0 | elapsed_s=0.315
2026-04-04 04:00:28 | symbol_done | idx=40 | total=654 | symbol=MEMEFIUSDT | status=skip | reason=no_setup | signals=0 | elapsed_s=0.326
2026-04-04 04:00:29 | symbol_done | idx=41 | total=654 | symbol=LEVERUSDT | status=skip | reason=no_setup | signals=0 | elapsed_s=0.368
2026-04-04 04:00:29 | symbol_done | idx=42 | total=654 | symbol=NEIROETHUSDT | status=skip | reason=no_setup | signals=0 | elapsed_s=0.349
2026-04-04 04:00:29 | symbol_done | idx=43 | total=654 | symbol=A2ZUSDT | status=skip | reason=no_latest_setup | signals=0 | elapsed_s=0.332
2026-04-04 04:00:30 | symbol_done | idx=44 | total=654 | symbol=FTMUSDT | status=skip | reason=no_setup | signals=0 | elapsed_s=0.347
2026-04-04 04:00:30 | symbol_done | idx=45 | total=654 | symbol=NEARUSDT | status=skip | reason=no_latest_setup | signals=0 | elapsed_s=0.466
2026-04-04 04:00:30 | symbol_done | idx=46 | total=654 | symbol=WAVESUSDT | status=skip | reason=no_setup | signals=0 | elapsed_s=0.333
2026-04-04 04:00:31 | symbol_done | idx=47 | total=654 | symbol=LINKUSDT | status=skip | reason=no_latest_setup | signals=0 | elapsed_s=0.585
2026-04-04 04:00:32 | symbol_done | idx=48 | total=654 | symbol=ENAUSDT | status=skip | reason=no_latest_setup | signals=0 | elapsed_s=0.579
2026-04-04 04:00:32 | symbol_done | idx=49 | total=654 | symbol=OMNIUSDT | status=skip | reason=no_setup | signals=0 | elapsed_s=0.857
2026-04-04 04:00:33 | symbol_done | idx=50 | total=654 | symbol=YALAUSDT | status=skip | reason=no_setup | signals=0 | elapsed_s=0.329
2026-04-04 04:00:33 | symbol_done | idx=51 | total=654 | symbol=AMBUSDT | status=skip | reason=no_setup | signals=0 | elapsed_s=0.282
2026-04-04 04:00:33 | symbol_done | idx=52 | total=654 | symbol=BSWUSDT | status=skip | reason=no_setup | signals=0 | elapsed_s=0.299
2026-04-04 04:00:34 | symbol_done | idx=53 | total=654 | symbol=OCEANUSDT | status=skip | reason=no_setup | signals=0 | elapsed_s=0.288
2026-04-04 04:00:34 | symbol_done | idx=54 | total=654 | symbol=GASUSDT | status=skip | reason=no_latest_setup | signals=0 | elapsed_s=0.519
2026-04-04 04:00:35 | symbol_done | idx=55 | total=654 | symbol=BARDUSDT | status=skip | reason=no_latest_setup | signals=0 | elapsed_s=0.424
2026-04-04 04:00:35 | symbol_done | idx=56 | total=654 | symbol=CUSDT | status=skip | reason=no_latest_setup | signals=0 | elapsed_s=0.522
2026-04-04 04:00:35 | symbol_done | idx=57 | total=654 | symbol=STRAXUSDT | status=skip | reason=no_setup | signals=0 | elapsed_s=0.285
2026-04-04 04:00:36 | symbol_done | idx=58 | total=654 | symbol=DOTUSDT | status=skip | reason=no_latest_setup | signals=0 | elapsed_s=0.453
2026-04-04 04:00:36 | symbol_done | idx=59 | total=654 | symbol=BRUSDT | status=skip | reason=no_latest_setup | signals=0 | elapsed_s=0.476
2026-04-04 04:00:37 | symbol_done | idx=60 | total=654 | symbol=FILUSDT | status=skip | reason=no_latest_setup | signals=0 | elapsed_s=0.520
2026-04-04 04:00:37 | symbol_done | idx=61 | total=654 | symbol=MONUSDT | status=skip | reason=no_latest_setup | signals=0 | elapsed_s=0.497
2026-04-04 04:00:38 | symbol_done | idx=62 | total=654 | symbol=BEATUSDT | status=skip | reason=no_latest_setup | signals=0 | elapsed_s=0.480
2026-04-04 04:00:39 | symbol_done | idx=63 | total=654 | symbol=FIDAUSDT | status=skip | reason=no_latest_setup | signals=0 | elapsed_s=1.275
2026-04-04 04:00:39 | symbol_done | idx=64 | total=654 | symbol=RENUSDT | status=skip | reason=no_setup | signals=0 | elapsed_s=0.315
2026-04-04 04:00:40 | symbol_done | idx=65 | total=654 | symbol=FETUSDT | status=skip | reason=no_latest_setup | signals=0 | elapsed_s=0.515
2026-04-04 04:00:41 | symbol_done | idx=66 | total=654 | symbol=币安人生USDT | status=skip | reason=no_latest_setup | signals=0 | elapsed_s=0.569
2026-04-04 04:00:41 | symbol_done | idx=67 | total=654 | symbol=UNFIUSDT | status=skip | reason=no_setup | signals=0 | elapsed_s=0.348
2026-04-04 04:00:41 | symbol_done | idx=68 | total=654 | symbol=PAXGUSDT | status=skip | reason=no_setup | signals=0 | elapsed_s=0.582
2026-04-04 04:00:43 | symbol_done | idx=69 | total=654 | symbol=KITEUSDT | status=skip | reason=no_latest_setup | signals=0 | elapsed_s=1.067
2026-04-04 04:00:43 | symbol_done | idx=70 | total=654 | symbol=BCHUSDT | status=skip | reason=no_latest_setup | signals=0 | elapsed_s=0.505
2026-04-04 04:00:43 | symbol_done | idx=71 | total=654 | symbol=DGBUSDT | status=skip | reason=no_setup | signals=0 | elapsed_s=0.382
2026-04-04 04:00:44 | symbol_done | idx=72 | total=654 | symbol=XAGUSDT | status=skip | reason=no_latest_setup | signals=0 | elapsed_s=0.852
2026-04-04 04:00:45 | symbol_done | idx=73 | total=654 | symbol=PUFFERUSDT | status=skip | reason=no_latest_setup | signals=0 | elapsed_s=0.587
2026-04-04 04:00:46 | symbol_done | idx=74 | total=654 | symbol=BZUSDT | status=skip | reason=insufficient_history | signals=0 | elapsed_s=1.353
2026-04-04 04:00:47 | symbol_done | idx=75 | total=654 | symbol=TROYUSDT | status=skip | reason=no_setup | signals=0 | elapsed_s=0.461
2026-04-04 04:00:48 | symbol_done | idx=76 | total=654 | symbol=UNIUSDT | status=skip | reason=no_latest_setup | signals=0 | elapsed_s=1.285
2026-04-04 04:00:50 | symbol_done | idx=77 | total=654 | symbol=LITUSDT | status=skip | reason=no_latest_setup | signals=0 | elapsed_s=1.978
2026-04-04 04:00:51 | symbol_done | idx=78 | total=654 | symbol=SOLVUSDT | status=skip | reason=no_latest_setup | signals=0 | elapsed_s=0.830
2026-04-04 04:00:51 | symbol_done | idx=79 | total=654 | symbol=LTCUSDT | status=skip | reason=no_setup | signals=0 | elapsed_s=0.540
2026-04-04 04:00:52 | symbol_done | idx=80 | total=654 | symbol=DRIFTUSDT | status=skip | reason=no_latest_setup | signals=0 | elapsed_s=0.791
2026-04-04 04:00:53 | symbol_done | idx=81 | total=654 | symbol=XAUTUSDT | status=skip | reason=insufficient_history | signals=0 | elapsed_s=1.138
2026-04-04 04:00:54 | symbol_done | idx=82 | total=654 | symbol=ARBUSDT | status=skip | reason=no_latest_setup | signals=0 | elapsed_s=1.066
2026-04-04 04:00:56 | symbol_done | idx=83 | total=654 | symbol=KERNELUSDT | status=skip | reason=no_latest_setup | signals=0 | elapsed_s=1.227
2026-04-04 04:00:56 | symbol_done | idx=84 | total=654 | symbol=HIFIUSDT | status=skip | reason=no_setup | signals=0 | elapsed_s=0.329
2026-04-04 04:00:58 | symbol_done | idx=85 | total=654 | symbol=RENDERUSDT | status=skip | reason=no_latest_setup | signals=0 | elapsed_s=1.660
2026-04-04 04:00:58 | symbol_done | idx=86 | total=654 | symbol=CFGUSDT | status=skip | reason=no_latest_setup | signals=0 | elapsed_s=0.544
2026-04-04 04:00:59 | symbol_done | idx=87 | total=654 | symbol=1000SHIBUSDT | status=skip | reason=no_latest_setup | signals=0 | elapsed_s=0.559
2026-04-04 04:00:59 | symbol_done | idx=88 | total=654 | symbol=OMUSDT | status=skip | reason=no_setup | signals=0 | elapsed_s=0.297
2026-04-04 04:00:59 | symbol_done | idx=89 | total=654 | symbol=CHESSUSDT | status=skip | reason=no_setup | signals=0 | elapsed_s=0.313
2026-04-04 04:01:00 | symbol_done | idx=90 | total=654 | symbol=42USDT | status=skip | reason=no_setup | signals=0 | elapsed_s=0.290
2026-04-04 04:01:00 | symbol_done | idx=91 | total=654 | symbol=SNTUSDT | status=skip | reason=no_setup | signals=0 | elapsed_s=0.296
2026-04-04 04:01:01 | symbol_done | idx=92 | total=654 | symbol=TRUMPUSDT | status=skip | reason=no_latest_setup | signals=0 | elapsed_s=0.924
2026-04-04 04:01:01 | symbol_done | idx=93 | total=654 | symbol=PUMPUSDT | status=skip | reason=no_latest_setup | signals=0 | elapsed_s=0.436
2026-04-04 04:01:02 | symbol_done | idx=94 | total=654 | symbol=TRXUSDT | status=skip | reason=no_setup | signals=0 | elapsed_s=0.406
2026-04-04 04:01:02 | symbol_done | idx=95 | total=654 | symbol=VVVUSDT | status=skip | reason=no_latest_setup | signals=0 | elapsed_s=0.417
2026-04-04 04:01:02 | symbol_done | idx=96 | total=654 | symbol=MKRUSDT | status=skip | reason=no_setup | signals=0 | elapsed_s=0.290
2026-04-04 04:01:03 | symbol_done | idx=97 | total=654 | symbol=ASTERUSDT | status=skip | reason=no_latest_setup | signals=0 | elapsed_s=0.411
2026-04-04 04:01:03 | symbol_done | idx=98 | total=654 | symbol=WLDUSDT | status=skip | reason=no_latest_setup | signals=0 | elapsed_s=0.397
2026-04-04 04:01:04 | symbol_done | idx=99 | total=654 | symbol=NIGHTUSDT | status=skip | reason=no_latest_setup | signals=0 | elapsed_s=0.376
2026-04-04 04:01:04 | symbol_done | idx=100 | total=654 | symbol=EPTUSDT | status=skip | reason=no_setup | signals=0 | elapsed_s=0.274
2026-04-04 04:01:04 | symbol_done | idx=101 | total=654 | symbol=AAVEUSDT | status=skip | reason=no_latest_setup | signals=0 | elapsed_s=0.439
2026-04-04 04:01:05 | symbol_done | idx=102 | total=654 | symbol=CHRUSDT | status=skip | reason=no_latest_setup | signals=0 | elapsed_s=0.306
2026-04-04 04:01:05 | symbol_done | idx=103 | total=654 | symbol=MUSDT | status=skip | reason=no_latest_setup | signals=0 | elapsed_s=0.456
2026-04-04 04:01:05 | symbol_done | idx=104 | total=654 | symbol=WIFUSDT | status=skip | reason=no_latest_setup | signals=0 | elapsed_s=0.371
2026-04-04 04:01:06 | symbol_done | idx=105 | total=654 | symbol=HEMIUSDT | status=skip | reason=no_latest_setup | signals=0 | elapsed_s=0.456
2026-04-04 04:01:06 | symbol_done | idx=106 | total=654 | symbol=TANSSIUSDT | status=skip | reason=no_setup | signals=0 | elapsed_s=0.293
2026-04-04 04:01:06 | symbol_done | idx=107 | total=654 | symbol=FARTCOINUSDT | status=skip | reason=no_latest_setup | signals=0 | elapsed_s=0.282
2026-04-04 04:01:07 | symbol_done | idx=108 | total=654 | symbol=HUSDT | status=skip | reason=no_latest_setup | signals=0 | elapsed_s=0.918
2026-04-04 04:01:08 | symbol_done | idx=109 | total=654 | symbol=SLERFUSDT | status=skip | reason=no_setup | signals=0 | elapsed_s=0.264
2026-04-04 04:01:08 | symbol_done | idx=110 | total=654 | symbol=XMRUSDT | status=skip | reason=no_latest_setup | signals=0 | elapsed_s=0.398
2026-04-04 04:01:08 | symbol_done | idx=111 | total=654 | symbol=BLZUSDT | status=skip | reason=no_setup | signals=0 | elapsed_s=0.289
2026-04-04 04:01:09 | symbol_done | idx=112 | total=654 | symbol=CRVUSDT | status=skip | reason=no_latest_setup | signals=0 | elapsed_s=0.406
2026-04-04 04:01:09 | symbol_done | idx=113 | total=654 | symbol=BASEDUSDT | status=skip | reason=insufficient_history | signals=0 | elapsed_s=0.792
2026-04-04 04:01:10 | symbol_done | idx=114 | total=654 | symbol=SIGNUSDT | status=skip | reason=no_latest_setup | signals=0 | elapsed_s=0.434
2026-04-04 04:01:10 | symbol_done | idx=115 | total=654 | symbol=BAKEUSDT | status=skip | reason=no_setup | signals=0 | elapsed_s=0.274
2026-04-04 04:01:11 | symbol_done | idx=116 | total=654 | symbol=ALTUSDT | status=skip | reason=no_latest_setup | signals=0 | elapsed_s=0.398
2026-04-04 04:01:11 | symbol_done | idx=117 | total=654 | symbol=SEIUSDT | status=skip | reason=no_latest_setup | signals=0 | elapsed_s=0.399
2026-04-04 04:01:11 | symbol_done | idx=118 | total=654 | symbol=RVVUSDT | status=skip | reason=no_setup | signals=0 | elapsed_s=0.299
2026-04-04 04:01:13 | symbol_done | idx=119 | total=654 | symbol=ETCUSDT | status=skip | reason=no_latest_setup | signals=0 | elapsed_s=2.029
2026-04-04 04:01:14 | symbol_done | idx=120 | total=654 | symbol=GUAUSDT | status=skip | reason=no_latest_setup | signals=0 | elapsed_s=0.397
2026-04-04 04:01:14 | symbol_done | idx=121 | total=654 | symbol=APTUSDT | status=skip | reason=no_latest_setup | signals=0 | elapsed_s=0.416
2026-04-04 04:01:14 | symbol_done | idx=122 | total=654 | symbol=GALAUSDT | status=skip | reason=no_latest_setup | signals=0 | elapsed_s=0.393
2026-04-04 04:01:15 | symbol_done | idx=123 | total=654 | symbol=POLYXUSDT | status=skip | reason=no_latest_setup | signals=0 | elapsed_s=0.399
2026-04-04 04:01:15 | symbol_done | idx=124 | total=654 | symbol=BANKUSDT | status=skip | reason=no_latest_setup | signals=0 | elapsed_s=0.418
2026-04-04 04:01:16 | symbol_done | idx=125 | total=654 | symbol=CYSUSDT | status=skip | reason=no_latest_setup | signals=0 | elapsed_s=0.410
2026-04-04 04:01:16 | symbol_done | idx=126 | total=654 | symbol=COMBOUSDT | status=skip | reason=no_setup | signals=0 | elapsed_s=0.280
2026-04-04 04:01:17 | symbol_done | idx=127 | total=654 | symbol=XLMUSDT | status=skip | reason=no_latest_setup | signals=0 | elapsed_s=0.922
2026-04-04 04:01:17 | symbol_done | idx=128 | total=654 | symbol=MAGICUSDT | status=skip | reason=no_latest_setup | signals=0 | elapsed_s=0.441
2026-04-04 04:01:18 | symbol_done | idx=129 | total=654 | symbol=WLFIUSDT | status=skip | reason=no_latest_setup | signals=0 | elapsed_s=0.522
2026-04-04 04:01:18 | symbol_done | idx=130 | total=654 | symbol=NULSUSDT | status=skip | reason=no_setup | signals=0 | elapsed_s=0.298
2026-04-04 04:01:19 | symbol_done | idx=131 | total=654 | symbol=PENGUUSDT | status=skip | reason=no_latest_setup | signals=0 | elapsed_s=0.392
2026-04-04 04:01:19 | symbol_done | idx=132 | total=654 | symbol=KATUSDT | status=skip | reason=no_latest_setup | signals=0 | elapsed_s=0.378
2026-04-04 04:01:19 | symbol_done | idx=133 | total=654 | symbol=LOKAUSDT | status=skip | reason=no_setup | signals=0 | elapsed_s=0.284
2026-04-04 04:01:20 | symbol_done | idx=134 | total=654 | symbol=HBARUSDT | status=skip | reason=no_latest_setup | signals=0 | elapsed_s=0.412
2026-04-04 04:01:20 | symbol_done | idx=135 | total=654 | symbol=RDNTUSDT | status=skip | reason=no_latest_setup | signals=0 | elapsed_s=0.279
2026-04-04 04:01:21 | symbol_done | idx=136 | total=654 | symbol=VIRTUALUSDT | status=skip | reason=no_latest_setup | signals=0 | elapsed_s=0.856
2026-04-04 04:01:21 | symbol_done | idx=137 | total=654 | symbol=KEYUSDT | status=skip | reason=no_setup | signals=0 | elapsed_s=0.291
2026-04-04 04:01:21 | symbol_done | idx=138 | total=654 | symbol=OPUSDT | status=skip | reason=no_latest_setup | signals=0 | elapsed_s=0.405
2026-04-04 04:01:23 | symbol_done | idx=139 | total=654 | symbol=1000BONKUSDT | status=skip | reason=no_latest_setup | signals=0 | elapsed_s=1.334
2026-04-04 04:01:23 | symbol_done | idx=140 | total=654 | symbol=QTUMUSDT | status=skip | reason=no_latest_setup | signals=0 | elapsed_s=0.532
2026-04-04 04:01:24 | symbol_done | idx=141 | total=654 | symbol=AEVOUSDT | status=skip | reason=no_latest_setup | signals=0 | elapsed_s=0.410
2026-04-04 04:01:24 | symbol_done | idx=142 | total=654 | symbol=APEUSDT | status=skip | reason=no_latest_setup | signals=0 | elapsed_s=0.412
2026-04-04 04:01:25 | symbol_done | idx=143 | total=654 | symbol=BLURUSDT | status=skip | reason=no_latest_setup | signals=0 | elapsed_s=0.406
2026-04-04 04:01:26 | symbol_done | idx=144 | total=654 | symbol=TRIAUSDT | status=skip | reason=no_latest_setup | signals=0 | elapsed_s=0.979
2026-04-04 04:01:26 | symbol_done | idx=145 | total=654 | symbol=ONDOUSDT | status=skip | reason=no_latest_setup | signals=0 | elapsed_s=0.533
2026-04-04 04:01:27 | symbol_done | idx=146 | total=654 | symbol=APRUSDT | status=skip | reason=no_latest_setup | signals=0 | elapsed_s=0.745
2026-04-04 04:01:28 | symbol_done | idx=147 | total=654 | symbol=BSBUSDT | status=skip | reason=insufficient_history | signals=0 | elapsed_s=0.841
2026-04-04 04:01:28 | symbol_done | idx=148 | total=654 | symbol=LOOMUSDT | status=skip | reason=no_setup | signals=0 | elapsed_s=0.243
2026-04-04 04:01:28 | symbol_done | idx=149 | total=654 | symbol=TONUSDT | status=skip | reason=no_setup | signals=0 | elapsed_s=0.381
2026-04-04 04:01:29 | symbol_done | idx=150 | total=654 | symbol=DYDXUSDT | status=skip | reason=no_latest_setup | signals=0 | elapsed_s=0.420
2026-04-04 04:01:29 | symbol_done | idx=151 | total=654 | symbol=HIPPOUSDT | status=skip | reason=no_latest_setup | signals=0 | elapsed_s=0.381
2026-04-04 04:01:30 | symbol_done | idx=152 | total=654 | symbol=ZROUSDT | status=skip | reason=no_latest_setup | signals=0 | elapsed_s=0.393
2026-04-04 04:01:31 | symbol_done | idx=153 | total=654 | symbol=CHZUSDT | status=skip | reason=no_latest_setup | signals=0 | elapsed_s=1.266
2026-04-04 04:01:32 | symbol_done | idx=154 | total=654 | symbol=VOXELUSDT | status=skip | reason=no_setup | signals=0 | elapsed_s=0.779
2026-04-04 04:01:32 | symbol_done | idx=155 | total=654 | symbol=MAGMAUSDT | status=skip | reason=no_latest_setup | signals=0 | elapsed_s=0.530
2026-04-04 04:01:33 | symbol_done | idx=156 | total=654 | symbol=DASHUSDT | status=skip | reason=no_latest_setup | signals=0 | elapsed_s=0.980
2026-04-04 04:01:34 | symbol_done | idx=157 | total=654 | symbol=JELLYJELLYUSDT | status=skip | reason=no_latest_setup | signals=0 | elapsed_s=0.449
2026-04-04 04:01:34 | symbol_done | idx=158 | total=654 | symbol=BDXNUSDT | status=skip | reason=no_latest_setup | signals=0 | elapsed_s=0.257
2026-04-04 04:01:34 | symbol_done | idx=159 | total=654 | symbol=ICPUSDT | status=skip | reason=no_latest_setup | signals=0 | elapsed_s=0.356
2026-04-04 04:01:34 | symbol_done | idx=160 | total=654 | symbol=TIAUSDT | status=skip | reason=no_latest_setup | signals=0 | elapsed_s=0.370
2026-04-04 04:01:35 | symbol_done | idx=161 | total=654 | symbol=VICUSDT | status=skip | reason=no_latest_setup | signals=0 | elapsed_s=0.353
2026-04-04 04:01:35 | symbol_done | idx=162 | total=654 | symbol=MDTUSDT | status=skip | reason=no_setup | signals=0 | elapsed_s=0.279
2026-04-04 04:01:36 | symbol_done | idx=163 | total=654 | symbol=NEOUSDT | status=skip | reason=no_latest_setup | signals=0 | elapsed_s=0.410
2026-04-04 04:01:36 | symbol_done | idx=164 | total=654 | symbol=ATOMUSDT | status=skip | reason=no_latest_setup | signals=0 | elapsed_s=0.361
2026-04-04 04:01:36 | symbol_done | idx=165 | total=654 | symbol=TAGUSDT | status=skip | reason=no_latest_setup | signals=0 | elapsed_s=0.403
2026-04-04 04:01:37 | symbol_done | idx=166 | total=654 | symbol=HUMAUSDT | status=skip | reason=no_latest_setup | signals=0 | elapsed_s=0.470
2026-04-04 04:01:38 | symbol_done | idx=167 | total=654 | symbol=TURBOUSDT | status=skip | reason=no_latest_setup | signals=0 | elapsed_s=0.962
2026-04-04 04:01:38 | symbol_done | idx=168 | total=654 | symbol=FISUSDT | status=skip | reason=no_setup | signals=0 | elapsed_s=0.343
2026-04-04 04:01:39 | symbol_done | idx=169 | total=654 | symbol=MASKUSDT | status=skip | reason=no_latest_setup | signals=0 | elapsed_s=0.556
2026-04-04 04:01:39 | symbol_done | idx=170 | total=654 | symbol=BIOUSDT | status=skip | reason=no_latest_setup | signals=0 | elapsed_s=0.498
2026-04-04 04:01:40 | symbol_done | idx=171 | total=654 | symbol=ZKUSDT | status=skip | reason=no_latest_setup | signals=0 | elapsed_s=0.437
2026-04-04 04:01:40 | symbol_done | idx=172 | total=654 | symbol=ORDIUSDT | status=skip | reason=no_latest_setup | signals=0 | elapsed_s=0.409
2026-04-04 04:01:41 | symbol_done | idx=173 | total=654 | symbol=STABLEUSDT | status=skip | reason=no_latest_setup | signals=0 | elapsed_s=0.837
2026-04-04 04:01:41 | symbol_done | idx=174 | total=654 | symbol=JUPUSDT | status=skip | reason=no_latest_setup | signals=0 | elapsed_s=0.482
2026-04-04 04:01:42 | symbol_done | idx=175 | total=654 | symbol=SYNUSDT | status=skip | reason=no_latest_setup | signals=0 | elapsed_s=0.518
2026-04-04 04:01:43 | symbol_done | idx=176 | total=654 | symbol=KLAYUSDT | status=skip | reason=no_setup | signals=0 | elapsed_s=0.843
2026-04-04 04:01:43 | symbol_done | idx=177 | total=654 | symbol=LDOUSDT | status=skip | reason=no_latest_setup | signals=0 | elapsed_s=0.552
2026-04-04 04:01:44 | symbol_done | idx=178 | total=654 | symbol=OMGUSDT | status=skip | reason=no_setup | signals=0 | elapsed_s=0.381
2026-04-04 04:01:44 | symbol_done | idx=179 | total=654 | symbol=COMMONUSDT | status=skip | reason=no_setup | signals=0 | elapsed_s=0.303
2026-04-04 04:01:44 | symbol_done | idx=180 | total=654 | symbol=CRCLUSDT | status=skip | reason=no_latest_setup | signals=0 | elapsed_s=0.551
2026-04-04 04:01:45 | symbol_done | idx=181 | total=654 | symbol=INJUSDT | status=skip | reason=no_latest_setup | signals=0 | elapsed_s=0.429
2026-04-04 04:01:45 | symbol_done | idx=182 | total=654 | symbol=PIXELUSDT | status=skip | reason=no_latest_setup | signals=0 | elapsed_s=0.454
2026-04-04 04:01:46 | symbol_done | idx=183 | total=654 | symbol=ONUSDT | status=skip | reason=no_latest_setup | signals=0 | elapsed_s=0.486
2026-04-04 04:01:46 | symbol_done | idx=184 | total=654 | symbol=ZBTUSDT | status=skip | reason=no_latest_setup | signals=0 | elapsed_s=0.510
2026-04-04 04:01:47 | symbol_done | idx=185 | total=654 | symbol=BONDUSDT | status=skip | reason=no_setup | signals=0 | elapsed_s=0.366
2026-04-04 04:01:47 | symbol_done | idx=186 | total=654 | symbol=PROMPTUSDT | status=skip | reason=no_latest_setup | signals=0 | elapsed_s=0.519
2026-04-04 04:01:48 | symbol_done | idx=187 | total=654 | symbol=USTCUSDT | status=skip | reason=no_latest_setup | signals=0 | elapsed_s=0.549
2026-04-04 04:01:48 | symbol_done | idx=188 | total=654 | symbol=POLUSDT | status=skip | reason=no_latest_setup | signals=0 | elapsed_s=0.426
2026-04-04 04:01:49 | symbol_done | idx=189 | total=654 | symbol=PRLUSDT | status=skip | reason=insufficient_history | signals=0 | elapsed_s=0.624
2026-04-04 04:01:49 | symbol_done | idx=190 | total=654 | symbol=REEFUSDT | status=skip | reason=no_setup | signals=0 | elapsed_s=0.295
2026-04-04 04:01:50 | symbol_done | idx=191 | total=654 | symbol=SKATEUSDT | status=skip | reason=no_setup | signals=0 | elapsed_s=0.415
2026-04-04 04:01:50 | symbol_done | idx=192 | total=654 | symbol=LYNUSDT | status=skip | reason=no_latest_setup | signals=0 | elapsed_s=0.487
2026-04-04 04:01:51 | symbol_done | idx=193 | total=654 | symbol=IPUSDT | status=skip | reason=no_latest_setup | signals=0 | elapsed_s=0.832
2026-04-04 04:01:51 | symbol_done | idx=194 | total=654 | symbol=XEMUSDT | status=skip | reason=no_setup | signals=0 | elapsed_s=0.352
2026-04-04 04:01:52 | symbol_done | idx=195 | total=654 | symbol=AXSUSDT | status=skip | reason=no_latest_setup | signals=0 | elapsed_s=0.484
2026-04-04 04:01:52 | symbol_done | idx=196 | total=654 | symbol=ROBOUSDT | status=skip | reason=no_latest_setup | signals=0 | elapsed_s=0.462
2026-04-04 04:01:53 | symbol_done | idx=197 | total=654 | symbol=WUSDT | status=skip | reason=no_latest_setup | signals=0 | elapsed_s=0.951
2026-04-04 04:01:53 | symbol_done | idx=198 | total=654 | symbol=HOOKUSDT | status=skip | reason=no_latest_setup | signals=0 | elapsed_s=0.362
2026-04-04 04:01:54 | symbol_done | idx=199 | total=654 | symbol=VETUSDT | status=skip | reason=no_latest_setup | signals=0 | elapsed_s=0.423
2026-04-04 04:01:54 | symbol_done | idx=200 | total=654 | symbol=DARUSDT | status=skip | reason=no_setup | signals=0 | elapsed_s=0.304
2026-04-04 04:01:55 | symbol_done | idx=201 | total=654 | symbol=SAHARAUSDT | status=skip | reason=no_latest_setup | signals=0 | elapsed_s=0.462
2026-04-04 04:01:55 | symbol_done | idx=202 | total=654 | symbol=ICXUSDT | status=skip | reason=no_latest_setup | signals=0 | elapsed_s=0.455
2026-04-04 04:01:56 | symbol_done | idx=203 | total=654 | symbol=ANKRUSDT | status=skip | reason=no_latest_setup | signals=0 | elapsed_s=0.534
2026-04-04 04:01:56 | symbol_done | idx=204 | total=654 | symbol=KAITOUSDT | status=skip | reason=no_latest_setup | signals=0 | elapsed_s=0.493
2026-04-04 04:01:57 | symbol_done | idx=205 | total=654 | symbol=0GUSDT | status=skip | reason=no_latest_setup | signals=0 | elapsed_s=0.491
2026-04-04 04:01:57 | symbol_done | idx=206 | total=654 | symbol=DUSKUSDT | status=skip | reason=no_latest_setup | signals=0 | elapsed_s=0.509
2026-04-04 04:01:58 | symbol_done | idx=207 | total=654 | symbol=ACHUSDT | status=skip | reason=no_latest_setup | signals=0 | elapsed_s=1.275
2026-04-04 04:01:59 | symbol_done | idx=208 | total=654 | symbol=THETAUSDT | status=skip | reason=no_latest_setup | signals=0 | elapsed_s=0.450
2026-04-04 04:01:59 | symbol_done | idx=209 | total=654 | symbol=SANDUSDT | status=skip | reason=no_latest_setup | signals=0 | elapsed_s=0.457
2026-04-04 04:02:00 | symbol_done | idx=210 | total=654 | symbol=PYTHUSDT | status=skip | reason=no_latest_setup | signals=0 | elapsed_s=0.491
2026-04-04 04:02:01 | symbol_done | idx=211 | total=654 | symbol=OGNUSDT | status=skip | reason=no_latest_setup | signals=0 | elapsed_s=1.081
2026-04-04 04:02:02 | symbol_done | idx=212 | total=654 | symbol=RESOLVUSDT | status=skip | reason=no_latest_setup | signals=0 | elapsed_s=0.731
2026-04-04 04:02:03 | symbol_done | idx=213 | total=654 | symbol=IOTAUSDT | status=skip | reason=no_latest_setup | signals=0 | elapsed_s=0.981
2026-04-04 04:02:03 | symbol_done | idx=214 | total=654 | symbol=CUDISUSDT | status=skip | reason=no_setup | signals=0 | elapsed_s=0.495
2026-04-04 04:02:04 | symbol_done | idx=216 | total=654 | symbol=STGUSDT | status=skip | reason=no_latest_setup | signals=0 | elapsed_s=0.578
2026-04-04 04:02:05 | symbol_done | idx=217 | total=654 | symbol=TSLAUSDT | status=skip | reason=no_setup | signals=0 | elapsed_s=1.073
2026-04-04 04:02:06 | symbol_done | idx=218 | total=654 | symbol=OPNUSDT | status=skip | reason=no_latest_setup | signals=0 | elapsed_s=0.449
2026-04-04 04:02:06 | symbol_done | idx=219 | total=654 | symbol=SAPIENUSDT | status=skip | reason=no_latest_setup | signals=0 | elapsed_s=0.520
2026-04-04 04:02:07 | symbol_done | idx=220 | total=654 | symbol=ZENUSDT | status=skip | reason=no_latest_setup | signals=0 | elapsed_s=0.480
2026-04-04 04:02:07 | symbol_done | idx=221 | total=654 | symbol=DAMUSDT | status=skip | reason=no_latest_setup | signals=0 | elapsed_s=0.505
2026-04-04 04:02:08 | symbol_done | idx=222 | total=654 | symbol=HFTUSDT | status=skip | reason=no_latest_setup | signals=0 | elapsed_s=0.508
2026-04-04 04:02:09 | symbol_done | idx=223 | total=654 | symbol=BANANAS31USDT | status=skip | reason=no_latest_setup | signals=0 | elapsed_s=1.125
2026-04-04 04:02:10 | symbol_done | idx=224 | total=654 | symbol=PHAUSDT | status=skip | reason=no_latest_setup | signals=0 | elapsed_s=0.626
2026-04-04 04:02:10 | symbol_done | idx=225 | total=654 | symbol=QNTUSDT | status=skip | reason=no_latest_setup | signals=0 | elapsed_s=0.926
2026-04-04 04:02:11 | symbol_done | idx=226 | total=654 | symbol=1000LUNCUSDT | status=skip | reason=no_latest_setup | signals=0 | elapsed_s=0.620
2026-04-04 04:02:12 | symbol_done | idx=227 | total=654 | symbol=ETHFIUSDT | status=skip | reason=no_latest_setup | signals=0 | elapsed_s=0.486
2026-04-04 04:02:14 | symbol_done | idx=228 | total=654 | symbol=GLMRUSDT | status=skip | reason=no_setup | signals=0 | elapsed_s=1.998
2026-04-04 04:02:14 | symbol_done | idx=229 | total=654 | symbol=SENTUSDT | status=skip | reason=no_latest_setup | signals=0 | elapsed_s=0.750
2026-04-04 04:02:15 | symbol_done | idx=230 | total=654 | symbol=NMRUSDT | status=skip | reason=no_latest_setup | signals=0 | elapsed_s=0.680
2026-04-04 04:02:16 | symbol_done | idx=231 | total=654 | symbol=RAYSOLUSDT | status=skip | reason=no_latest_setup | signals=0 | elapsed_s=0.573
2026-04-04 04:02:16 | symbol_done | idx=232 | total=654 | symbol=BERAUSDT | status=skip | reason=no_latest_setup | signals=0 | elapsed_s=0.497
2026-04-04 04:02:17 | symbol_done | idx=233 | total=654 | symbol=STRKUSDT | status=skip | reason=no_latest_setup | signals=0 | elapsed_s=1.047
2026-04-04 04:02:18 | symbol_done | idx=234 | total=654 | symbol=CETUSUSDT | status=skip | reason=no_latest_setup | signals=0 | elapsed_s=0.984
2026-04-04 04:02:19 | symbol_done | idx=235 | total=654 | symbol=NTRNUSDT | status=skip | reason=no_latest_setup | signals=0 | elapsed_s=0.538
2026-04-04 04:02:19 | symbol_done | idx=236 | total=654 | symbol=DEXEUSDT | status=skip | reason=no_latest_setup | signals=0 | elapsed_s=0.754
2026-04-04 04:02:20 | symbol_done | idx=237 | total=654 | symbol=GIGGLEUSDT | status=skip | reason=no_latest_setup | signals=0 | elapsed_s=0.463
2026-04-04 04:02:21 | symbol_done | idx=238 | total=654 | symbol=MILKUSDT | status=skip | reason=no_setup | signals=0 | elapsed_s=0.996
2026-04-04 04:02:21 | symbol_done | idx=239 | total=654 | symbol=RADUSDT | status=skip | reason=no_setup | signals=0 | elapsed_s=0.540
2026-04-04 04:02:23 | symbol_done | idx=240 | total=654 | symbol=EIGENUSDT | status=skip | reason=no_latest_setup | signals=0 | elapsed_s=1.449
2026-04-04 04:02:25 | symbol_done | idx=241 | total=654 | symbol=EDENUSDT | status=skip | reason=no_latest_setup | signals=0 | elapsed_s=1.804
2026-04-04 04:02:26 | symbol_done | idx=242 | total=654 | symbol=RLSUSDT | status=skip | reason=no_latest_setup | signals=0 | elapsed_s=1.097
2026-04-04 04:02:26 | symbol_done | idx=243 | total=654 | symbol=FLMUSDT | status=skip | reason=no_setup | signals=0 | elapsed_s=0.348
2026-04-04 04:02:28 | symbol_done | idx=244 | total=654 | symbol=HEIUSDT | status=skip | reason=no_latest_setup | signals=0 | elapsed_s=1.885
2026-04-04 04:02:28 | symbol_done | idx=245 | total=654 | symbol=LRCUSDT | status=skip | reason=no_latest_setup | signals=0 | elapsed_s=0.455
2026-04-04 04:02:29 | symbol_done | idx=246 | total=654 | symbol=BULLAUSDT | status=skip | reason=no_latest_setup | signals=0 | elapsed_s=0.675
2026-04-04 04:02:30 | symbol_done | idx=247 | total=654 | symbol=1000FLOKIUSDT | status=skip | reason=no_latest_setup | signals=0 | elapsed_s=0.611
2026-04-04 04:02:30 | symbol_done | idx=248 | total=654 | symbol=ENSOUSDT | status=skip | reason=no_latest_setup | signals=0 | elapsed_s=0.560
2026-04-04 04:02:31 | symbol_done | idx=249 | total=654 | symbol=REIUSDT | status=skip | reason=no_setup | signals=0 | elapsed_s=0.356
2026-04-04 04:02:31 | symbol_done | idx=250 | total=654 | symbol=BADGERUSDT | status=skip | reason=no_setup | signals=0 | elapsed_s=0.325
2026-04-04 04:02:31 | symbol_done | idx=251 | total=654 | symbol=ARCUSDT | status=skip | reason=no_latest_setup | signals=0 | elapsed_s=0.449
2026-04-04 04:02:32 | symbol_done | idx=252 | total=654 | symbol=PENDLEUSDT | status=skip | reason=no_latest_setup | signals=0 | elapsed_s=0.519
2026-04-04 04:02:33 | symbol_done | idx=253 | total=654 | symbol=STBLUSDT | status=skip | reason=no_latest_setup | signals=0 | elapsed_s=1.080
2026-04-04 04:02:35 | symbol_done | idx=254 | total=654 | symbol=OLUSDT | status=skip | reason=no_latest_setup | signals=0 | elapsed_s=1.714
2026-04-04 04:02:35 | symbol_done | idx=255 | total=654 | symbol=MYXUSDT | status=skip | reason=no_latest_setup | signals=0 | elapsed_s=0.600
2026-04-04 04:02:37 | symbol_done | idx=256 | total=654 | symbol=LUNA2USDT | status=skip | reason=no_latest_setup | signals=0 | elapsed_s=1.554
2026-04-04 04:02:37 | symbol_done | idx=257 | total=654 | symbol=REZUSDT | status=skip | reason=no_latest_setup | signals=0 | elapsed_s=0.495
2026-04-04 04:02:38 | symbol_done | idx=258 | total=654 | symbol=VFYUSDT | status=skip | reason=no_latest_setup | signals=0 | elapsed_s=0.344
2026-04-04 04:02:38 | symbol_done | idx=259 | total=654 | symbol=PEOPLEUSDT | status=skip | reason=no_latest_setup | signals=0 | elapsed_s=0.448
2026-04-04 04:02:39 | symbol_done | idx=260 | total=654 | symbol=USELESSUSDT | status=skip | reason=no_latest_setup | signals=0 | elapsed_s=1.059
2026-04-04 04:02:40 | symbol_done | idx=261 | total=654 | symbol=DEFIUSDT | status=skip | reason=no_setup | signals=0 | elapsed_s=0.329
2026-04-04 04:02:40 | symbol_done | idx=262 | total=654 | symbol=ICNTUSDT | status=skip | reason=no_latest_setup | signals=0 | elapsed_s=0.434
2026-04-04 04:02:40 | symbol_done | idx=263 | total=654 | symbol=GWEIUSDT | status=skip | reason=no_latest_setup | signals=0 | elapsed_s=0.463
2026-04-04 04:02:41 | symbol_done | idx=264 | total=654 | symbol=NEIROUSDT | status=skip | reason=no_latest_setup | signals=0 | elapsed_s=0.611
2026-04-04 04:02:43 | symbol_done | idx=265 | total=654 | symbol=PLAYUSDT | status=skip | reason=no_latest_setup | signals=0 | elapsed_s=1.536
2026-04-04 04:02:43 | symbol_done | idx=266 | total=654 | symbol=SNXUSDT | status=skip | reason=no_latest_setup | signals=0 | elapsed_s=0.470
2026-04-04 04:02:44 | symbol_done | idx=267 | total=654 | symbol=POWERUSDT | status=skip | reason=no_latest_setup | signals=0 | elapsed_s=0.571
2026-04-04 04:02:44 | symbol_done | idx=268 | total=654 | symbol=XNYUSDT | status=skip | reason=no_latest_setup | signals=0 | elapsed_s=0.422
2026-04-04 04:02:44 | symbol_done | idx=269 | total=654 | symbol=NKNUSDT | status=skip | reason=no_setup | signals=0 | elapsed_s=0.278
2026-04-04 04:02:45 | symbol_done | idx=270 | total=654 | symbol=BANUSDT | status=skip | reason=no_latest_setup | signals=0 | elapsed_s=0.471
2026-04-04 04:02:45 | symbol_done | idx=271 | total=654 | symbol=ORBSUSDT | status=skip | reason=no_setup | signals=0 | elapsed_s=0.303
2026-04-04 04:02:46 | symbol_done | idx=272 | total=654 | symbol=ZAMAUSDT | status=skip | reason=no_latest_setup | signals=0 | elapsed_s=0.475
2026-04-04 04:02:46 | symbol_done | idx=273 | total=654 | symbol=THEUSDT | status=skip | reason=no_latest_setup | signals=0 | elapsed_s=0.514
2026-04-04 04:02:47 | symbol_done | idx=274 | total=654 | symbol=COSUSDT | status=skip | reason=no_latest_setup | signals=0 | elapsed_s=0.603
2026-04-04 04:02:47 | symbol_done | idx=275 | total=654 | symbol=MANAUSDT | status=skip | reason=no_latest_setup | signals=0 | elapsed_s=0.558
2026-04-04 04:02:48 | symbol_done | idx=276 | total=654 | symbol=AIXBTUSDT | status=skip | reason=no_latest_setup | signals=0 | elapsed_s=0.562
2026-04-04 04:02:48 | symbol_done | idx=277 | total=654 | symbol=EULUSDT | status=skip | reason=no_latest_setup | signals=0 | elapsed_s=0.469
2026-04-04 04:02:49 | symbol_done | idx=278 | total=654 | symbol=PTBUSDT | status=skip | reason=no_latest_setup | signals=0 | elapsed_s=0.446
2026-04-04 04:02:49 | symbol_done | idx=279 | total=654 | symbol=1000WHYUSDT | status=skip | reason=no_latest_setup | signals=0 | elapsed_s=0.363
2026-04-04 04:02:50 | symbol_done | idx=280 | total=654 | symbol=BALUSDT | status=skip | reason=no_setup | signals=0 | elapsed_s=0.356
2026-04-04 04:02:50 | symbol_done | idx=281 | total=654 | symbol=JTOUSDT | status=skip | reason=no_latest_setup | signals=0 | elapsed_s=0.462
2026-04-04 04:02:50 | symbol_done | idx=282 | total=654 | symbol=METUSDT | status=skip | reason=no_latest_setup | signals=0 | elapsed_s=0.337
2026-04-04 04:02:51 | symbol_done | idx=283 | total=654 | symbol=ZRCUSDT | status=skip | reason=no_setup | signals=0 | elapsed_s=0.311
2026-04-04 04:02:51 | symbol_done | idx=284 | total=654 | symbol=ENJUSDT | status=skip | reason=no_latest_setup | signals=0 | elapsed_s=0.353
2026-04-04 04:02:52 | symbol_done | idx=285 | total=654 | symbol=LINEAUSDT | status=skip | reason=no_latest_setup | signals=0 | elapsed_s=1.063
2026-04-04 04:02:53 | symbol_done | idx=286 | total=654 | symbol=DEGOUSDT | status=skip | reason=no_latest_setup | signals=0 | elapsed_s=0.475
2026-04-04 04:02:53 | symbol_done | idx=287 | total=654 | symbol=STMXUSDT | status=skip | reason=no_setup | signals=0 | elapsed_s=0.330
2026-04-04 04:02:54 | symbol_done | idx=288 | total=654 | symbol=GMTUSDT | status=skip | reason=no_latest_setup | signals=0 | elapsed_s=1.145
2026-04-04 04:02:56 | symbol_done | idx=289 | total=654 | symbol=MINAUSDT | status=skip | reason=no_latest_setup | signals=0 | elapsed_s=2.259
2026-04-04 04:02:57 | symbol_done | idx=290 | total=654 | symbol=PNUTUSDT | status=skip | reason=no_latest_setup | signals=0 | elapsed_s=0.921
2026-04-04 04:02:58 | symbol_done | idx=291 | total=654 | symbol=IDUSDT | status=skip | reason=no_latest_setup | signals=0 | elapsed_s=0.566
2026-04-04 04:02:58 | symbol_done | idx=292 | total=654 | symbol=SKYUSDT | status=skip | reason=no_latest_setup | signals=0 | elapsed_s=0.463
2026-04-04 04:02:59 | symbol_done | idx=293 | total=654 | symbol=TRBUSDT | status=skip | reason=no_latest_setup | signals=0 | elapsed_s=0.537
2026-04-04 04:02:59 | symbol_done | idx=294 | total=654 | symbol=COLLECTUSDT | status=skip | reason=no_latest_setup | signals=0 | elapsed_s=0.490
2026-04-04 04:03:00 | symbol_done | idx=295 | total=654 | symbol=CAKEUSDT | status=skip | reason=no_latest_setup | signals=0 | elapsed_s=0.444
2026-04-04 04:03:00 | symbol_done | idx=296 | total=654 | symbol=ARUSDT | status=skip | reason=no_latest_setup | signals=0 | elapsed_s=0.727
2026-04-04 04:03:01 | symbol_done | idx=297 | total=654 | symbol=FXSUSDT | status=skip | reason=no_setup | signals=0 | elapsed_s=0.366
2026-04-04 04:03:01 | symbol_done | idx=298 | total=654 | symbol=MYROUSDT | status=skip | reason=no_setup | signals=0 | elapsed_s=0.388
2026-04-04 04:03:02 | symbol_done | idx=299 | total=654 | symbol=MSTRUSDT | status=skip | reason=no_latest_setup | signals=0 | elapsed_s=1.043
2026-04-04 04:03:03 | symbol_done | idx=300 | total=654 | symbol=GHSTUSDT | status=skip | reason=no_setup | signals=0 | elapsed_s=1.168
2026-04-04 04:03:04 | symbol_done | idx=301 | total=654 | symbol=JCTUSDT | status=skip | reason=no_latest_setup | signals=0 | elapsed_s=0.846
2026-04-04 04:03:05 | symbol_done | idx=302 | total=654 | symbol=INITUSDT | status=skip | reason=no_latest_setup | signals=0 | elapsed_s=1.125
2026-04-04 04:03:06 | symbol_done | idx=303 | total=654 | symbol=SKYAIUSDT | status=skip | reason=no_latest_setup | signals=0 | elapsed_s=0.611
2026-04-04 04:03:06 | symbol_done | idx=304 | total=654 | symbol=1000XUSDT | status=skip | reason=no_setup | signals=0 | elapsed_s=0.346
2026-04-04 04:03:08 | symbol_done | idx=305 | total=654 | symbol=4USDT | status=skip | reason=no_latest_setup | signals=0 | elapsed_s=1.491
2026-04-04 04:03:08 | symbol_done | idx=306 | total=654 | symbol=ESPUSDT | status=skip | reason=no_latest_setup | signals=0 | elapsed_s=0.552
2026-04-04 04:03:09 | symbol_done | idx=307 | total=654 | symbol=ATHUSDT | status=skip | reason=no_latest_setup | signals=0 | elapsed_s=0.623
2026-04-04 04:03:09 | symbol_done | idx=308 | total=654 | symbol=DEGENUSDT | status=skip | reason=no_latest_setup | signals=0 | elapsed_s=0.477
2026-04-04 04:03:11 | symbol_done | idx=309 | total=654 | symbol=GRTUSDT | status=skip | reason=no_latest_setup | signals=0 | elapsed_s=1.721
2026-04-04 04:03:12 | symbol_done | idx=310 | total=654 | symbol=UBUSDT | status=skip | reason=no_latest_setup | signals=0 | elapsed_s=0.886
2026-04-04 04:03:13 | symbol_done | idx=311 | total=654 | symbol=LIGHTUSDT | status=skip | reason=no_latest_setup | signals=0 | elapsed_s=0.655
2026-04-04 04:03:14 | symbol_done | idx=312 | total=654 | symbol=SHELLUSDT | status=skip | reason=no_latest_setup | signals=0 | elapsed_s=1.034
2026-04-04 04:03:14 | symbol_done | idx=313 | total=654 | symbol=TWTUSDT | status=skip | reason=no_latest_setup | signals=0 | elapsed_s=0.661
2026-04-04 04:03:16 | symbol_done | idx=314 | total=654 | symbol=BOMEUSDT | status=skip | reason=no_latest_setup | signals=0 | elapsed_s=1.890
2026-04-04 04:03:18 | symbol_done | idx=315 | total=654 | symbol=HOODUSDT | status=skip | reason=no_latest_setup | signals=0 | elapsed_s=1.395
2026-04-04 04:03:18 | symbol_done | idx=316 | total=654 | symbol=EDUUSDT | status=skip | reason=no_latest_setup | signals=0 | elapsed_s=0.541
2026-04-04 04:03:19 | symbol_done | idx=317 | total=654 | symbol=CELOUSDT | status=skip | reason=no_latest_setup | signals=0 | elapsed_s=0.521
2026-04-04 04:03:19 | symbol_done | idx=318 | total=654 | symbol=FORTHUSDT | status=skip | reason=no_latest_setup | signals=0 | elapsed_s=0.316
2026-04-04 04:03:20 | symbol_done | idx=319 | total=654 | symbol=MOODENGUSDT | status=skip | reason=no_latest_setup | signals=0 | elapsed_s=0.433
2026-04-04 04:03:20 | symbol_done | idx=320 | total=654 | symbol=XCNUSDT | status=skip | reason=no_setup | signals=0 | elapsed_s=0.425
2026-04-04 04:03:20 | symbol_done | idx=321 | total=654 | symbol=DFUSDT | status=skip | reason=no_setup | signals=0 | elapsed_s=0.353
2026-04-04 04:03:21 | symbol_done | idx=322 | total=654 | symbol=ONEUSDT | status=skip | reason=no_latest_setup | signals=0 | elapsed_s=0.474
2026-04-04 04:03:21 | symbol_done | idx=323 | total=654 | symbol=CFXUSDT | status=skip | reason=no_latest_setup | signals=0 | elapsed_s=0.569
2026-04-04 04:03:22 | symbol_done | idx=324 | total=654 | symbol=SUSHIUSDT | status=skip | reason=no_latest_setup | signals=0 | elapsed_s=1.147
2026-04-04 04:03:23 | symbol_done | idx=325 | total=654 | symbol=SWARMSUSDT | status=skip | reason=no_latest_setup | signals=0 | elapsed_s=0.910
2026-04-04 04:03:24 | symbol_done | idx=326 | total=654 | symbol=PROVEUSDT | status=skip | reason=no_latest_setup | signals=0 | elapsed_s=0.509
2026-04-04 04:03:24 | symbol_done | idx=327 | total=654 | symbol=NAORISUSDT | status=skip | reason=no_latest_setup | signals=0 | elapsed_s=0.521
2026-04-04 04:03:26 | symbol_done | idx=328 | total=654 | symbol=SUSDT | status=skip | reason=no_latest_setup | signals=0 | elapsed_s=1.118
2026-04-04 04:03:27 | symbol_done | idx=329 | total=654 | symbol=FORMUSDT | status=skip | reason=no_latest_setup | signals=0 | elapsed_s=1.398
2026-04-04 04:03:28 | symbol_done | idx=330 | total=654 | symbol=MIRAUSDT | status=skip | reason=no_latest_setup | signals=0 | elapsed_s=0.588
2026-04-04 04:03:28 | symbol_done | idx=331 | total=654 | symbol=CCUSDT | status=skip | reason=no_latest_setup | signals=0 | elapsed_s=0.615
2026-04-04 04:03:29 | symbol_done | idx=332 | total=654 | symbol=TOWNSUSDT | status=skip | reason=no_latest_setup | signals=0 | elapsed_s=1.207
2026-04-04 04:03:30 | symbol_done | idx=333 | total=654 | symbol=DMCUSDT | status=skip | reason=no_setup | signals=0 | elapsed_s=0.348
2026-04-04 04:03:30 | symbol_done | idx=334 | total=654 | symbol=USUALUSDT | status=skip | reason=no_latest_setup | signals=0 | elapsed_s=0.566
2026-04-04 04:03:31 | symbol_done | idx=335 | total=654 | symbol=DYMUSDT | status=skip | reason=no_latest_setup | signals=0 | elapsed_s=0.558
2026-04-04 04:03:31 | symbol_done | idx=336 | total=654 | symbol=FOLKSUSDT | status=skip | reason=no_latest_setup | signals=0 | elapsed_s=0.487
2026-04-04 04:03:32 | symbol_done | idx=337 | total=654 | symbol=COMPUSDT | status=skip | reason=no_latest_setup | signals=0 | elapsed_s=1.082
2026-04-04 04:03:33 | symbol_done | idx=338 | total=654 | symbol=STXUSDT | status=skip | reason=no_latest_setup | signals=0 | elapsed_s=0.595
2026-04-04 04:03:33 | symbol_done | idx=339 | total=654 | symbol=ALICEUSDT | status=skip | reason=no_latest_setup | signals=0 | elapsed_s=0.449
2026-04-04 04:03:34 | symbol_done | idx=340 | total=654 | symbol=FLOWUSDT | status=skip | reason=no_latest_setup | signals=0 | elapsed_s=0.529
2026-04-04 04:03:35 | symbol_done | idx=341 | total=654 | symbol=MANTRAUSDT | status=skip | reason=no_latest_setup | signals=0 | elapsed_s=1.142
2026-04-04 04:03:36 | symbol_done | idx=342 | total=654 | symbol=STPTUSDT | status=skip | reason=no_setup | signals=0 | elapsed_s=0.515
2026-04-04 04:03:36 | symbol_done | idx=343 | total=654 | symbol=AIUSDT | status=skip | reason=no_latest_setup | signals=0 | elapsed_s=0.555
2026-04-04 04:03:37 | symbol_done | idx=344 | total=654 | symbol=EPICUSDT | status=skip | reason=no_latest_setup | signals=0 | elapsed_s=0.597
2026-04-04 04:03:37 | symbol_done | idx=345 | total=654 | symbol=AUSDT | status=skip | reason=no_latest_setup | signals=0 | elapsed_s=0.471
2026-04-04 04:03:38 | symbol_done | idx=346 | total=654 | symbol=XTZUSDT | status=skip | reason=no_latest_setup | signals=0 | elapsed_s=0.438
2026-04-04 04:03:38 | symbol_done | idx=347 | total=654 | symbol=ARKMUSDT | status=skip | reason=no_latest_setup | signals=0 | elapsed_s=0.497
2026-04-04 04:03:39 | symbol_done | idx=348 | total=654 | symbol=CLOUSDT | status=skip | reason=no_latest_setup | signals=0 | elapsed_s=0.449
2026-04-04 04:03:39 | symbol_done | idx=349 | total=654 | symbol=STEEMUSDT | status=skip | reason=no_latest_setup | signals=0 | elapsed_s=0.480
2026-04-04 04:03:40 | symbol_done | idx=350 | total=654 | symbol=ROSEUSDT | status=skip | reason=no_latest_setup | signals=0 | elapsed_s=0.472
2026-04-04 04:03:40 | symbol_done | idx=351 | total=654 | symbol=GUNUSDT | status=skip | reason=no_latest_setup | signals=0 | elapsed_s=0.450
2026-04-04 04:03:41 | symbol_done | idx=352 | total=654 | symbol=SUPERUSDT | status=skip | reason=no_latest_setup | signals=0 | elapsed_s=0.913
2026-04-04 04:03:41 | symbol_done | idx=353 | total=654 | symbol=MEUSDT | status=skip | reason=no_latest_setup | signals=0 | elapsed_s=0.433
2026-04-04 04:03:42 | symbol_done | idx=354 | total=654 | symbol=FIGHTUSDT | status=skip | reason=no_latest_setup | signals=0 | elapsed_s=0.471
2026-04-04 04:03:43 | symbol_done | idx=355 | total=654 | symbol=VANRYUSDT | status=skip | reason=no_latest_setup | signals=0 | elapsed_s=0.668
2026-04-04 04:03:43 | symbol_done | idx=356 | total=654 | symbol=CHILLGUYUSDT | status=skip | reason=no_latest_setup | signals=0 | elapsed_s=0.407
2026-04-04 04:03:44 | symbol_done | idx=357 | total=654 | symbol=BSVUSDT | status=skip | reason=no_latest_setup | signals=0 | elapsed_s=0.661
2026-04-04 04:03:44 | symbol_done | idx=358 | total=654 | symbol=SPACEUSDT | status=skip | reason=no_latest_setup | signals=0 | elapsed_s=0.436
2026-04-04 04:03:44 | symbol_done | idx=359 | total=654 | symbol=FOGOUSDT | status=skip | reason=no_latest_setup | signals=0 | elapsed_s=0.401
2026-04-04 04:03:45 | symbol_done | idx=360 | total=654 | symbol=GUSDT | status=skip | reason=no_latest_setup | signals=0 | elapsed_s=0.510
2026-04-04 04:03:45 | symbol_done | idx=361 | total=654 | symbol=ANIMEUSDT | status=skip | reason=no_latest_setup | signals=0 | elapsed_s=0.420
2026-04-04 04:03:46 | symbol_done | idx=362 | total=654 | symbol=MOVEUSDT | status=skip | reason=no_latest_setup | signals=0 | elapsed_s=0.422
2026-04-04 04:03:46 | symbol_done | idx=363 | total=654 | symbol=HOMEUSDT | status=skip | reason=no_latest_setup | signals=0 | elapsed_s=0.436
2026-04-04 04:03:47 | symbol_done | idx=364 | total=654 | symbol=ARPAUSDT | status=skip | reason=no_latest_setup | signals=0 | elapsed_s=0.346
2026-04-04 04:03:48 | symbol_done | idx=365 | total=654 | symbol=SXTUSDT | status=skip | reason=no_latest_setup | signals=0 | elapsed_s=0.916
2026-04-04 04:03:48 | symbol_done | idx=366 | total=654 | symbol=UAIUSDT | status=skip | reason=no_latest_setup | signals=0 | elapsed_s=0.490
2026-04-04 04:03:49 | symbol_done | idx=367 | total=654 | symbol=SPXUSDT | status=skip | reason=no_latest_setup | signals=0 | elapsed_s=0.545
2026-04-04 04:03:49 | symbol_done | idx=368 | total=654 | symbol=FFUSDT | status=skip | reason=no_latest_setup | signals=0 | elapsed_s=0.468
2026-04-04 04:03:50 | symbol_done | idx=369 | total=654 | symbol=GRIFFAINUSDT | status=skip | reason=no_latest_setup | signals=0 | elapsed_s=0.479
2026-04-04 04:03:50 | symbol_done | idx=370 | total=654 | symbol=SWELLUSDT | status=skip | reason=no_setup | signals=0 | elapsed_s=0.371
2026-04-04 04:03:51 | symbol_done | idx=371 | total=654 | symbol=CKBUSDT | status=skip | reason=no_latest_setup | signals=0 | elapsed_s=1.232
2026-04-04 04:03:52 | symbol_done | idx=372 | total=654 | symbol=BTRUSDT | status=skip | reason=no_latest_setup | signals=0 | elapsed_s=1.104
2026-04-04 04:03:54 | symbol_done | idx=373 | total=654 | symbol=NFPUSDT | status=skip | reason=no_latest_setup | signals=0 | elapsed_s=1.289
2026-04-04 04:03:54 | symbol_done | idx=374 | total=654 | symbol=POWRUSDT | status=skip | reason=no_latest_setup | signals=0 | elapsed_s=0.659
2026-04-04 04:03:55 | symbol_done | idx=375 | total=654 | symbol=BABYUSDT | status=skip | reason=no_latest_setup | signals=0 | elapsed_s=0.638
2026-04-04 04:03:56 | symbol_done | idx=376 | total=654 | symbol=TRADOORUSDT | status=skip | reason=no_latest_setup | signals=0 | elapsed_s=1.189
2026-04-04 04:03:59 | symbol_done | idx=377 | total=654 | symbol=JSTUSDT | status=skip | reason=no_latest_setup | signals=0 | elapsed_s=3.008
2026-04-04 04:04:00 | symbol_done | idx=378 | total=654 | symbol=NILUSDT | status=skip | reason=no_latest_setup | signals=0 | elapsed_s=1.391
2026-04-04 04:04:01 | symbol_done | idx=379 | total=654 | symbol=ZILUSDT | status=skip | reason=no_latest_setup | signals=0 | elapsed_s=0.662
2026-04-04 04:04:02 | symbol_done | idx=380 | total=654 | symbol=BANANAUSDT | status=skip | reason=no_latest_setup | signals=0 | elapsed_s=0.567
2026-04-04 04:04:04 | symbol_done | idx=381 | total=654 | symbol=AVNTUSDT | status=skip | reason=no_latest_setup | signals=0 | elapsed_s=2.024
2026-04-04 04:04:04 | symbol_done | idx=382 | total=654 | symbol=RAREUSDT | status=skip | reason=no_latest_setup | signals=0 | elapsed_s=0.546
2026-04-04 04:04:05 | symbol_done | idx=383 | total=654 | symbol=IRYSUSDT | status=skip | reason=no_latest_setup | signals=0 | elapsed_s=0.644
2026-04-04 04:04:05 | symbol_done | idx=384 | total=654 | symbol=LAUSDT | status=skip | reason=no_latest_setup | signals=0 | elapsed_s=0.594
2026-04-04 04:04:07 | symbol_done | idx=385 | total=654 | symbol=COTIUSDT | status=skip | reason=no_latest_setup | signals=0 | elapsed_s=2.051
2026-04-04 04:04:08 | symbol_done | idx=386 | total=654 | symbol=KAVAUSDT | status=skip | reason=no_latest_setup | signals=0 | elapsed_s=0.638
2026-04-04 04:04:09 | symbol_done | idx=387 | total=654 | symbol=DOLOUSDT | status=skip | reason=no_latest_setup | signals=0 | elapsed_s=1.116
2026-04-04 04:04:10 | symbol_done | idx=388 | total=654 | symbol=KASUSDT | status=skip | reason=no_latest_setup | signals=0 | elapsed_s=0.587
2026-04-04 04:04:12 | symbol_done | idx=389 | total=654 | symbol=USUSDT | status=skip | reason=no_latest_setup | signals=0 | elapsed_s=1.744
2026-04-04 04:04:12 | symbol_done | idx=390 | total=654 | symbol=1000000BOBUSDT | status=skip | reason=no_latest_setup | signals=0 | elapsed_s=0.598
2026-04-04 04:04:13 | symbol_done | idx=391 | total=654 | symbol=SKLUSDT | status=skip | reason=no_latest_setup | signals=0 | elapsed_s=0.580
2026-04-04 04:04:13 | symbol_done | idx=392 | total=654 | symbol=ENSUSDT | status=skip | reason=no_latest_setup | signals=0 | elapsed_s=0.435
2026-04-04 04:04:14 | symbol_done | idx=393 | total=654 | symbol=PARTIUSDT | status=skip | reason=no_latest_setup | signals=0 | elapsed_s=0.465
2026-04-04 04:04:14 | symbol_done | idx=394 | total=654 | symbol=EGLDUSDT | status=skip | reason=no_latest_setup | signals=0 | elapsed_s=0.487
2026-04-04 04:04:15 | symbol_done | idx=395 | total=654 | symbol=MERLUSDT | status=skip | reason=no_latest_setup | signals=0 | elapsed_s=0.447
2026-04-04 04:04:16 | symbol_done | idx=396 | total=654 | symbol=JASMYUSDT | status=skip | reason=no_latest_setup | signals=0 | elapsed_s=1.045
2026-04-04 04:04:16 | symbol_done | idx=397 | total=654 | symbol=ATUSDT | status=skip | reason=no_latest_setup | signals=0 | elapsed_s=0.439
2026-04-04 04:04:17 | symbol_done | idx=398 | total=654 | symbol=RAVEUSDT | status=skip | reason=no_latest_setup | signals=0 | elapsed_s=0.429
2026-04-04 04:04:17 | symbol_done | idx=399 | total=654 | symbol=XANUSDT | status=skip | reason=no_latest_setup | signals=0 | elapsed_s=0.513
2026-04-04 04:04:18 | symbol_done | idx=400 | total=654 | symbol=AIAUSDT | status=skip | reason=no_latest_setup | signals=0 | elapsed_s=0.494
2026-04-04 04:04:18 | symbol_done | idx=401 | total=654 | symbol=BIDUSDT | status=skip | reason=no_setup | signals=0 | elapsed_s=0.328
2026-04-04 04:04:18 | symbol_done | idx=402 | total=654 | symbol=OPENUSDT | status=skip | reason=no_latest_setup | signals=0 | elapsed_s=0.478
2026-04-04 04:04:19 | symbol_done | idx=403 | total=654 | symbol=MEMEUSDT | status=skip | reason=no_latest_setup | signals=0 | elapsed_s=0.430
2026-04-04 04:04:19 | symbol_done | idx=404 | total=654 | symbol=BLUAIUSDT | status=skip | reason=no_latest_setup | signals=0 | elapsed_s=0.408
2026-04-04 04:04:20 | symbol_done | idx=405 | total=654 | symbol=HYPERUSDT | status=skip | reason=no_latest_setup | signals=0 | elapsed_s=0.459
2026-04-04 04:04:20 | symbol_done | idx=406 | total=654 | symbol=USDCUSDT | status=skip | reason=no_setup | signals=0 | elapsed_s=0.361
2026-04-04 04:04:20 | symbol_done | idx=407 | total=654 | symbol=RUNEUSDT | status=skip | reason=no_latest_setup | signals=0 | elapsed_s=0.336
2026-04-04 04:04:21 | symbol_done | idx=408 | total=654 | symbol=IDEXUSDT | status=skip | reason=no_setup | signals=0 | elapsed_s=0.923
2026-04-04 04:04:23 | symbol_done | idx=409 | total=654 | symbol=EWYUSDT | status=skip | reason=no_setup | signals=0 | elapsed_s=1.469
2026-04-04 04:04:24 | symbol_done | idx=410 | total=654 | symbol=KNCUSDT | status=skip | reason=no_latest_setup | signals=0 | elapsed_s=0.955
2026-04-04 04:04:24 | symbol_done | idx=411 | total=654 | symbol=MORPHOUSDT | status=skip | reason=no_latest_setup | signals=0 | elapsed_s=0.595
2026-04-04 04:04:25 | symbol_done | idx=412 | total=654 | symbol=PHBUSDT | status=skip | reason=no_latest_setup | signals=0 | elapsed_s=0.550
2026-04-04 04:04:25 | symbol_done | idx=413 | total=654 | symbol=ORCAUSDT | status=skip | reason=no_latest_setup | signals=0 | elapsed_s=0.486
2026-04-04 04:04:26 | symbol_done | idx=414 | total=654 | symbol=STORJUSDT | status=skip | reason=no_latest_setup | signals=0 | elapsed_s=1.102
2026-04-04 04:04:27 | symbol_done | idx=415 | total=654 | symbol=1MBABYDOGEUSDT | status=skip | reason=no_latest_setup | signals=0 | elapsed_s=0.603
2026-04-04 04:04:30 | symbol_done | idx=416 | total=654 | symbol=AXLUSDT | status=skip | reason=no_latest_setup | signals=0 | elapsed_s=2.555
2026-04-04 04:04:30 | symbol_done | idx=417 | total=654 | symbol=SOMIUSDT | status=skip | reason=no_latest_setup | signals=0 | elapsed_s=0.607
2026-04-04 04:04:31 | symbol_done | idx=418 | total=654 | symbol=IMXUSDT | status=skip | reason=no_latest_setup | signals=0 | elapsed_s=0.440
2026-04-04 04:04:31 | symbol_done | idx=419 | total=654 | symbol=AKTUSDT | status=skip | reason=no_latest_setup | signals=0 | elapsed_s=0.545
2026-04-04 04:04:32 | symbol_done | idx=420 | total=654 | symbol=GRASSUSDT | status=skip | reason=no_latest_setup | signals=0 | elapsed_s=0.380
2026-04-04 04:04:32 | symbol_done | idx=421 | total=654 | symbol=FUNUSDT | status=skip | reason=no_latest_setup | signals=0 | elapsed_s=0.411
2026-04-04 04:04:32 | symbol_done | idx=422 | total=654 | symbol=ACTUSDT | status=skip | reason=no_latest_setup | signals=0 | elapsed_s=0.401
2026-04-04 04:04:33 | symbol_done | idx=423 | total=654 | symbol=PLUMEUSDT | status=skip | reason=no_latest_setup | signals=0 | elapsed_s=0.430
2026-04-04 04:04:34 | symbol_done | idx=424 | total=654 | symbol=INTCUSDT | status=skip | reason=no_setup | signals=0 | elapsed_s=0.736
2026-04-04 04:04:34 | symbol_done | idx=425 | total=654 | symbol=BTCDOMUSDT | status=skip | reason=no_setup | signals=0 | elapsed_s=0.391
2026-04-04 04:04:34 | symbol_done | idx=426 | total=654 | symbol=IOUSDT | status=skip | reason=no_latest_setup | signals=0 | elapsed_s=0.428
2026-04-04 04:04:35 | symbol_done | idx=427 | total=654 | symbol=GPSUSDT | status=skip | reason=no_latest_setup | signals=0 | elapsed_s=0.406
2026-04-04 04:04:35 | symbol_done | idx=428 | total=654 | symbol=SPELLUSDT | status=skip | reason=no_latest_setup | signals=0 | elapsed_s=0.524
2026-04-04 04:04:36 | symbol_done | idx=429 | total=654 | symbol=SYRUPUSDT | status=skip | reason=no_latest_setup | signals=0 | elapsed_s=0.442
2026-04-04 04:04:36 | symbol_done | idx=430 | total=654 | symbol=龙虾USDT | status=skip | reason=no_latest_setup | signals=0 | elapsed_s=0.407
2026-04-04 04:04:36 | symbol_done | idx=431 | total=654 | symbol=SAFEUSDT | status=skip | reason=no_latest_setup | signals=0 | elapsed_s=0.309
2026-04-04 04:04:37 | symbol_done | idx=432 | total=654 | symbol=NVDAUSDT | status=skip | reason=insufficient_history | signals=0 | elapsed_s=0.611
2026-04-04 04:04:37 | symbol_done | idx=433 | total=654 | symbol=BMTUSDT | status=skip | reason=no_latest_setup | signals=0 | elapsed_s=0.303
2026-04-04 04:04:38 | symbol_done | idx=434 | total=654 | symbol=NOTUSDT | status=skip | reason=no_latest_setup | signals=0 | elapsed_s=0.401
2026-04-04 04:04:38 | symbol_done | idx=435 | total=654 | symbol=COINUSDT | status=skip | reason=no_latest_setup | signals=0 | elapsed_s=0.372
2026-04-04 04:04:38 | symbol_done | idx=436 | total=654 | symbol=COPPERUSDT | status=skip | reason=no_setup | signals=0 | elapsed_s=0.322
2026-04-04 04:04:39 | symbol_done | idx=437 | total=654 | symbol=XAIUSDT | status=skip | reason=no_latest_setup | signals=0 | elapsed_s=0.362
2026-04-04 04:04:39 | symbol_done | idx=438 | total=654 | symbol=AGLDUSDT | status=skip | reason=no_latest_setup | signals=0 | elapsed_s=0.416
2026-04-04 04:04:40 | symbol_done | idx=439 | total=654 | symbol=ZEREBROUSDT | status=skip | reason=no_latest_setup | signals=0 | elapsed_s=0.333
2026-04-04 04:04:40 | symbol_done | idx=440 | total=654 | symbol=1000RATSUSDT | status=skip | reason=no_latest_setup | signals=0 | elapsed_s=0.335
2026-04-04 04:04:40 | symbol_done | idx=441 | total=654 | symbol=YGGUSDT | status=skip | reason=no_latest_setup | signals=0 | elapsed_s=0.316
2026-04-04 04:04:41 | symbol_done | idx=442 | total=654 | symbol=YFIUSDT | status=skip | reason=no_latest_setup | signals=0 | elapsed_s=0.322
2026-04-04 04:04:41 | symbol_done | idx=443 | total=654 | symbol=LAYERUSDT | status=skip | reason=no_latest_setup | signals=0 | elapsed_s=0.342
2026-04-04 04:04:41 | symbol_done | idx=444 | total=654 | symbol=MAVUSDT | status=skip | reason=no_latest_setup | signals=0 | elapsed_s=0.306
2026-04-04 04:04:42 | symbol_done | idx=445 | total=654 | symbol=HMSTRUSDT | status=skip | reason=no_latest_setup | signals=0 | elapsed_s=0.340
2026-04-04 04:04:42 | symbol_done | idx=446 | total=654 | symbol=POPCATUSDT | status=skip | reason=no_latest_setup | signals=0 | elapsed_s=0.384
2026-04-04 04:04:42 | symbol_done | idx=447 | total=654 | symbol=BEAMXUSDT | status=skip | reason=no_latest_setup | signals=0 | elapsed_s=0.368
2026-04-04 04:04:43 | symbol_done | idx=448 | total=654 | symbol=TAUSDT | status=skip | reason=no_latest_setup | signals=0 | elapsed_s=0.518
2026-04-04 04:04:43 | symbol_done | idx=449 | total=654 | symbol=COAIUSDT | status=skip | reason=no_latest_setup | signals=0 | elapsed_s=0.340
2026-04-04 04:04:44 | symbol_done | idx=450 | total=654 | symbol=PIEVERSEUSDT | status=skip | reason=no_latest_setup | signals=0 | elapsed_s=0.378
2026-04-04 04:04:44 | symbol_done | idx=451 | total=654 | symbol=FLUXUSDT | status=skip | reason=no_latest_setup | signals=0 | elapsed_s=0.383
2026-04-04 04:04:44 | symbol_done | idx=452 | total=654 | symbol=LPTUSDT | status=skip | reason=no_latest_setup | signals=0 | elapsed_s=0.351
2026-04-04 04:04:45 | symbol_done | idx=453 | total=654 | symbol=CATIUSDT | status=skip | reason=no_latest_setup | signals=0 | elapsed_s=0.344
2026-04-04 04:04:45 | symbol_done | idx=454 | total=654 | symbol=AEROUSDT | status=skip | reason=no_latest_setup | signals=0 | elapsed_s=0.347
2026-04-04 04:04:45 | symbol_done | idx=455 | total=654 | symbol=ZKPUSDT | status=skip | reason=no_latest_setup | signals=0 | elapsed_s=0.354
2026-04-04 04:04:46 | symbol_done | idx=456 | total=654 | symbol=DEEPUSDT | status=skip | reason=no_latest_setup | signals=0 | elapsed_s=0.391
2026-04-04 04:04:46 | symbol_done | idx=457 | total=654 | symbol=KGENUSDT | status=skip | reason=no_latest_setup | signals=0 | elapsed_s=0.350
2026-04-04 04:04:46 | symbol_done | idx=458 | total=654 | symbol=ZORAUSDT | status=skip | reason=no_latest_setup | signals=0 | elapsed_s=0.327
2026-04-04 04:04:47 | symbol_done | idx=459 | total=654 | symbol=TNSRUSDT | status=skip | reason=no_latest_setup | signals=0 | elapsed_s=0.330
2026-04-04 04:04:47 | symbol_done | idx=460 | total=654 | symbol=MBOXUSDT | status=skip | reason=no_latest_setup | signals=0 | elapsed_s=0.355
2026-04-04 04:04:47 | symbol_done | idx=461 | total=654 | symbol=BLESSUSDT | status=skip | reason=no_latest_setup | signals=0 | elapsed_s=0.367
2026-04-04 04:04:48 | symbol_done | idx=462 | total=654 | symbol=MOVRUSDT | status=skip | reason=no_latest_setup | signals=0 | elapsed_s=0.430
2026-04-04 04:04:48 | symbol_done | idx=463 | total=654 | symbol=WETUSDT | status=skip | reason=no_latest_setup | signals=0 | elapsed_s=0.362
2026-04-04 04:04:49 | symbol_done | idx=464 | total=654 | symbol=TUTUSDT | status=skip | reason=no_latest_setup | signals=0 | elapsed_s=0.339
2026-04-04 04:04:49 | symbol_done | idx=465 | total=654 | symbol=我踏马来了USDT | status=skip | reason=no_latest_setup | signals=0 | elapsed_s=0.429
2026-04-04 04:04:49 | symbol_done | idx=466 | total=654 | symbol=MANTAUSDT | status=skip | reason=no_latest_setup | signals=0 | elapsed_s=0.346
2026-04-04 04:04:50 | symbol_done | idx=467 | total=654 | symbol=CVCUSDT | status=skip | reason=no_latest_setup | signals=0 | elapsed_s=0.363
2026-04-04 04:04:50 | symbol_done | idx=468 | total=654 | symbol=HAEDALUSDT | status=skip | reason=no_latest_setup | signals=0 | elapsed_s=0.383
2026-04-04 04:04:50 | symbol_done | idx=469 | total=654 | symbol=PROMUSDT | status=skip | reason=no_latest_setup | signals=0 | elapsed_s=0.360
2026-04-04 04:04:51 | symbol_done | idx=470 | total=654 | symbol=AKEUSDT | status=skip | reason=no_latest_setup | signals=0 | elapsed_s=0.351
2026-04-04 04:04:51 | symbol_done | idx=471 | total=654 | symbol=HIGHUSDT | status=skip | reason=no_latest_setup | signals=0 | elapsed_s=0.378
2026-04-04 04:04:52 | symbol_done | idx=472 | total=654 | symbol=SSVUSDT | status=skip | reason=no_latest_setup | signals=0 | elapsed_s=0.362
2026-04-04 04:04:52 | symbol_done | idx=473 | total=654 | symbol=OBOLUSDT | status=skip | reason=no_setup | signals=0 | elapsed_s=0.528
2026-04-04 04:04:53 | symbol_done | idx=474 | total=654 | symbol=TOKENUSDT | status=skip | reason=no_setup | signals=0 | elapsed_s=0.534
2026-04-04 04:04:53 | symbol_done | idx=475 | total=654 | symbol=BICOUSDT | status=skip | reason=no_latest_setup | signals=0 | elapsed_s=0.566
2026-04-04 04:04:54 | symbol_done | idx=476 | total=654 | symbol=BATUSDT | status=skip | reason=no_latest_setup | signals=0 | elapsed_s=0.576
2026-04-04 04:04:54 | symbol_done | idx=477 | total=654 | symbol=PERPUSDT | status=skip | reason=no_setup | signals=0 | elapsed_s=0.432
2026-04-04 04:04:55 | symbol_done | idx=478 | total=654 | symbol=MMTUSDT | status=skip | reason=no_latest_setup | signals=0 | elapsed_s=0.515
2026-04-04 04:04:55 | symbol_done | idx=479 | total=654 | symbol=ILVUSDT | status=skip | reason=no_latest_setup | signals=0 | elapsed_s=0.544
2026-04-04 04:04:56 | symbol_done | idx=480 | total=654 | symbol=1INCHUSDT | status=skip | reason=no_latest_setup | signals=0 | elapsed_s=0.490
2026-04-04 04:04:56 | symbol_done | idx=481 | total=654 | symbol=ESPORTSUSDT | status=skip | reason=no_latest_setup | signals=0 | elapsed_s=0.484
2026-04-04 04:04:57 | symbol_done | idx=482 | total=654 | symbol=QUICKUSDT | status=skip | reason=no_setup | signals=0 | elapsed_s=0.340
2026-04-04 04:04:57 | symbol_done | idx=483 | total=654 | symbol=EVAAUSDT | status=skip | reason=no_latest_setup | signals=0 | elapsed_s=0.377
2026-04-04 04:04:57 | symbol_done | idx=484 | total=654 | symbol=TURTLEUSDT | status=skip | reason=no_latest_setup | signals=0 | elapsed_s=0.317
2026-04-04 04:04:58 | symbol_done | idx=485 | total=654 | symbol=UMAUSDT | status=skip | reason=no_latest_setup | signals=0 | elapsed_s=0.317
2026-04-04 04:04:58 | symbol_done | idx=486 | total=654 | symbol=LUMIAUSDT | status=skip | reason=no_latest_setup | signals=0 | elapsed_s=0.381
2026-04-04 04:04:58 | symbol_done | idx=487 | total=654 | symbol=SKRUSDT | status=skip | reason=no_latest_setup | signals=0 | elapsed_s=0.422
2026-04-04 04:04:59 | symbol_done | idx=488 | total=654 | symbol=HIVEUSDT | status=skip | reason=no_latest_setup | signals=0 | elapsed_s=0.318
2026-04-04 04:04:59 | symbol_done | idx=489 | total=654 | symbol=BIGTIMEUSDT | status=skip | reason=no_latest_setup | signals=0 | elapsed_s=0.329
2026-04-04 04:04:59 | symbol_done | idx=490 | total=654 | symbol=TSTUSDT | status=skip | reason=no_latest_setup | signals=0 | elapsed_s=0.347
2026-04-04 04:05:00 | symbol_done | idx=491 | total=654 | symbol=RSRUSDT | status=skip | reason=no_latest_setup | signals=0 | elapsed_s=0.332
2026-04-04 04:05:00 | symbol_done | idx=492 | total=654 | symbol=PORTALUSDT | status=skip | reason=no_latest_setup | signals=0 | elapsed_s=0.482
2026-04-04 04:05:01 | symbol_done | idx=493 | total=654 | symbol=COOKIEUSDT | status=skip | reason=no_latest_setup | signals=0 | elapsed_s=0.434
2026-04-04 04:05:01 | symbol_done | idx=494 | total=654 | symbol=LABUSDT | status=skip | reason=no_latest_setup | signals=0 | elapsed_s=0.630
2026-04-04 04:05:05 | symbol_done | idx=495 | total=654 | symbol=AIOUSDT | status=skip | reason=no_latest_setup | signals=0 | elapsed_s=3.861
2026-04-04 04:05:08 | symbol_done | idx=496 | total=654 | symbol=ALCHUSDT | status=skip | reason=no_latest_setup | signals=0 | elapsed_s=3.169
2026-04-04 04:05:09 | symbol_done | idx=497 | total=654 | symbol=QUSDT | status=skip | reason=no_latest_setup | signals=0 | elapsed_s=0.480
2026-04-04 04:05:10 | symbol_done | idx=498 | total=654 | symbol=IRUSDT | status=skip | reason=no_latest_setup | signals=0 | elapsed_s=0.581
2026-04-04 04:05:10 | symbol_done | idx=499 | total=654 | symbol=SPKUSDT | status=skip | reason=no_latest_setup | signals=0 | elapsed_s=0.897
2026-04-04 04:05:11 | symbol_done | idx=500 | total=654 | symbol=AINUSDT | status=skip | reason=no_latest_setup | signals=0 | elapsed_s=0.467
2026-04-04 04:05:11 | symbol_done | idx=501 | total=654 | symbol=CELRUSDT | status=skip | reason=no_setup | signals=0 | elapsed_s=0.463
2026-04-04 04:05:12 | symbol_done | idx=502 | total=654 | symbol=VTHOUSDT | status=skip | reason=no_setup | signals=0 | elapsed_s=0.986
2026-04-04 04:05:13 | symbol_done | idx=503 | total=654 | symbol=DOODUSDT | status=skip | reason=no_latest_setup | signals=0 | elapsed_s=0.557
2026-04-04 04:05:14 | symbol_done | idx=504 | total=654 | symbol=WOOUSDT | status=skip | reason=no_latest_setup | signals=0 | elapsed_s=0.626
2026-04-04 04:05:14 | symbol_done | idx=505 | total=654 | symbol=ACXUSDT | status=skip | reason=no_latest_setup | signals=0 | elapsed_s=0.936
2026-04-04 04:05:15 | symbol_done | idx=506 | total=654 | symbol=AVAAIUSDT | status=skip | reason=no_latest_setup | signals=0 | elapsed_s=0.918
2026-04-04 04:05:20 | symbol_done | idx=507 | total=654 | symbol=1000CHEEMSUSDT | status=skip | reason=no_latest_setup | signals=0 | elapsed_s=4.577
2026-04-04 04:05:22 | symbol_done | idx=508 | total=654 | symbol=SAGAUSDT | status=skip | reason=no_latest_setup | signals=0 | elapsed_s=2.122
2026-04-04 04:05:23 | symbol_done | idx=509 | total=654 | symbol=RONINUSDT | status=skip | reason=no_latest_setup | signals=0 | elapsed_s=1.331
2026-04-04 04:05:24 | symbol_done | idx=510 | total=654 | symbol=VANAUSDT | status=skip | reason=no_setup | signals=0 | elapsed_s=0.507
2026-04-04 04:05:24 | symbol_done | idx=511 | total=654 | symbol=WCTUSDT | status=skip | reason=no_latest_setup | signals=0 | elapsed_s=0.397
2026-04-04 04:05:25 | symbol_done | idx=512 | total=654 | symbol=LISTAUSDT | status=skip | reason=no_latest_setup | signals=0 | elapsed_s=1.088
2026-04-04 04:05:26 | symbol_done | idx=513 | total=654 | symbol=TRUUSDT | status=skip | reason=no_latest_setup | signals=0 | elapsed_s=0.967
2026-04-04 04:05:27 | symbol_done | idx=514 | total=654 | symbol=1000SATSUSDT | status=skip | reason=no_latest_setup | signals=0 | elapsed_s=0.523
2026-04-04 04:05:28 | symbol_done | idx=515 | total=654 | symbol=XPTUSDT | status=skip | reason=no_latest_setup | signals=0 | elapsed_s=0.598
2026-04-04 04:05:28 | symbol_done | idx=516 | total=654 | symbol=VINEUSDT | status=skip | reason=no_latest_setup | signals=0 | elapsed_s=0.501
2026-04-04 04:05:28 | symbol_done | idx=517 | total=654 | symbol=AUCTIONUSDT | status=skip | reason=no_latest_setup | signals=0 | elapsed_s=0.368
2026-04-04 04:05:29 | symbol_done | idx=518 | total=654 | symbol=API3USDT | status=skip | reason=no_latest_setup | signals=0 | elapsed_s=0.456
2026-04-04 04:05:30 | symbol_done | idx=519 | total=654 | symbol=BBUSDT | status=skip | reason=no_latest_setup | signals=0 | elapsed_s=0.709
2026-04-04 04:05:30 | symbol_done | idx=520 | total=654 | symbol=PUMPBTCUSDT | status=skip | reason=no_latest_setup | signals=0 | elapsed_s=0.499
2026-04-04 04:05:31 | symbol_done | idx=521 | total=654 | symbol=DIAUSDT | status=skip | reason=no_latest_setup | signals=0 | elapsed_s=0.576
2026-04-04 04:05:31 | symbol_done | idx=522 | total=654 | symbol=DENTUSDT | status=skip | reason=no_latest_setup | signals=0 | elapsed_s=0.656
2026-04-04 04:05:32 | symbol_done | idx=523 | total=654 | symbol=FHEUSDT | status=skip | reason=no_latest_setup | signals=0 | elapsed_s=0.496
2026-04-04 04:05:32 | symbol_done | idx=524 | total=654 | symbol=INXUSDT | status=skip | reason=no_latest_setup | signals=0 | elapsed_s=0.499
2026-04-04 04:05:33 | symbol_done | idx=525 | total=654 | symbol=AGTUSDT | status=skip | reason=no_latest_setup | signals=0 | elapsed_s=0.369
2026-04-04 04:05:34 | symbol_done | idx=526 | total=654 | symbol=WALUSDT | status=skip | reason=no_latest_setup | signals=0 | elapsed_s=0.790
2026-04-04 04:05:34 | symbol_done | idx=527 | total=654 | symbol=SCRTUSDT | status=skip | reason=no_latest_setup | signals=0 | elapsed_s=0.494
2026-04-04 04:05:34 | symbol_done | idx=528 | total=654 | symbol=RVNUSDT | status=skip | reason=no_latest_setup | signals=0 | elapsed_s=0.395
2026-04-04 04:05:35 | symbol_done | idx=529 | total=654 | symbol=MUBARAKUSDT | status=skip | reason=no_latest_setup | signals=0 | elapsed_s=0.397
2026-04-04 04:05:35 | symbol_done | idx=530 | total=654 | symbol=ALLOUSDT | status=skip | reason=no_latest_setup | signals=0 | elapsed_s=0.492
2026-04-04 04:05:36 | symbol_done | idx=531 | total=654 | symbol=RLCUSDT | status=skip | reason=no_latest_setup | signals=0 | elapsed_s=0.584
2026-04-04 04:05:36 | symbol_done | idx=532 | total=654 | symbol=BROCCOLI714USDT | status=skip | reason=no_latest_setup | signals=0 | elapsed_s=0.489
2026-04-04 04:05:37 | symbol_done | idx=533 | total=654 | symbol=NATGASUSDT | status=skip | reason=insufficient_history | signals=0 | elapsed_s=0.613
2026-04-04 04:05:37 | symbol_done | idx=534 | total=654 | symbol=2ZUSDT | status=skip | reason=no_latest_setup | signals=0 | elapsed_s=0.351
2026-04-04 04:05:38 | symbol_done | idx=535 | total=654 | symbol=FRAXUSDT | status=skip | reason=no_latest_setup | signals=0 | elapsed_s=0.405
2026-04-04 04:05:38 | symbol_done | idx=536 | total=654 | symbol=RECALLUSDT | status=skip | reason=no_latest_setup | signals=0 | elapsed_s=0.397
2026-04-04 04:05:39 | symbol_done | idx=537 | total=654 | symbol=AZTECUSDT | status=skip | reason=no_latest_setup | signals=0 | elapsed_s=0.375
2026-04-04 04:05:39 | symbol_done | idx=538 | total=654 | symbol=XVGUSDT | status=skip | reason=no_latest_setup | signals=0 | elapsed_s=0.393
2026-04-04 04:05:39 | symbol_done | idx=539 | total=654 | symbol=TRUSTUSDT | status=skip | reason=no_latest_setup | signals=0 | elapsed_s=0.483
2026-04-04 04:05:40 | symbol_done | idx=540 | total=654 | symbol=KSMUSDT | status=skip | reason=no_latest_setup | signals=0 | elapsed_s=0.451
2026-04-04 04:05:40 | symbol_done | idx=541 | total=654 | symbol=SOPHUSDT | status=skip | reason=no_latest_setup | signals=0 | elapsed_s=0.418
2026-04-04 04:05:41 | symbol_done | idx=542 | total=654 | symbol=FIOUSDT | status=skip | reason=no_latest_setup | signals=0 | elapsed_s=0.571
2026-04-04 04:05:41 | symbol_done | idx=543 | total=654 | symbol=KAIAUSDT | status=skip | reason=no_latest_setup | signals=0 | elapsed_s=0.373
2026-04-04 04:05:42 | symbol_done | idx=544 | total=654 | symbol=TAKEUSDT | status=skip | reason=no_latest_setup | signals=0 | elapsed_s=0.381
2026-04-04 04:05:43 | symbol_done | idx=545 | total=654 | symbol=GMXUSDT | status=skip | reason=no_latest_setup | signals=0 | elapsed_s=1.023
2026-04-04 04:05:43 | symbol_done | idx=546 | total=654 | symbol=SUNUSDT | status=skip | reason=no_setup | signals=0 | elapsed_s=0.400
2026-04-04 04:05:43 | symbol_done | idx=547 | total=654 | symbol=CYBERUSDT | status=skip | reason=no_latest_setup | signals=0 | elapsed_s=0.337
2026-04-04 04:05:44 | symbol_done | idx=548 | total=654 | symbol=BUSDT | status=skip | reason=no_latest_setup | signals=0 | elapsed_s=0.389
2026-04-04 04:05:44 | symbol_done | idx=549 | total=654 | symbol=SQDUSDT | status=skip | reason=no_latest_setup | signals=0 | elapsed_s=0.413
2026-04-04 04:05:45 | symbol_done | idx=550 | total=654 | symbol=SOONUSDT | status=skip | reason=no_latest_setup | signals=0 | elapsed_s=0.931
2026-04-04 04:05:47 | symbol_done | idx=551 | total=654 | symbol=1000CATUSDT | status=skip | reason=no_latest_setup | signals=0 | elapsed_s=1.885
2026-04-04 04:05:49 | symbol_done | idx=552 | total=654 | symbol=WAXPUSDT | status=skip | reason=no_latest_setup | signals=0 | elapsed_s=1.867
2026-04-04 04:05:50 | symbol_done | idx=553 | total=654 | symbol=DOGSUSDT | status=skip | reason=no_latest_setup | signals=0 | elapsed_s=0.861
2026-04-04 04:05:51 | symbol_done | idx=554 | total=654 | symbol=IOSTUSDT | status=skip | reason=no_latest_setup | signals=0 | elapsed_s=1.352
2026-04-04 04:05:53 | symbol_done | idx=555 | total=654 | symbol=ACEUSDT | status=skip | reason=no_latest_setup | signals=0 | elapsed_s=1.655
2026-04-04 04:05:54 | symbol_done | idx=556 | total=654 | symbol=GOATUSDT | status=skip | reason=no_latest_setup | signals=0 | elapsed_s=0.950
2026-04-04 04:05:54 | symbol_done | idx=557 | total=654 | symbol=TLMUSDT | status=skip | reason=no_latest_setup | signals=0 | elapsed_s=0.671
2026-04-04 04:05:55 | symbol_done | idx=558 | total=654 | symbol=XVSUSDT | status=skip | reason=no_latest_setup | signals=0 | elapsed_s=0.465
2026-04-04 04:05:56 | symbol_done | idx=559 | total=654 | symbol=ZKCUSDT | status=skip | reason=no_latest_setup | signals=0 | elapsed_s=1.033
2026-04-04 04:05:57 | symbol_done | idx=560 | total=654 | symbol=B3USDT | status=skip | reason=no_latest_setup | signals=0 | elapsed_s=0.655
2026-04-04 04:05:57 | symbol_done | idx=561 | total=654 | symbol=ARKUSDT | status=skip | reason=no_latest_setup | signals=0 | elapsed_s=0.443
2026-04-04 04:05:57 | symbol_done | idx=562 | total=654 | symbol=KMNOUSDT | status=skip | reason=no_latest_setup | signals=0 | elapsed_s=0.421
2026-04-04 04:05:58 | symbol_done | idx=563 | total=654 | symbol=TRUTHUSDT | status=skip | reason=no_latest_setup | signals=0 | elapsed_s=0.419
2026-04-04 04:05:58 | symbol_done | idx=564 | total=654 | symbol=1000000MOGUSDT | status=skip | reason=no_latest_setup | signals=0 | elapsed_s=0.415
2026-04-04 04:05:59 | symbol_done | idx=565 | total=654 | symbol=LQTYUSDT | status=skip | reason=no_latest_setup | signals=0 | elapsed_s=0.416
2026-04-04 04:05:59 | symbol_done | idx=566 | total=654 | symbol=OGUSDT | status=skip | reason=no_latest_setup | signals=0 | elapsed_s=0.503
2026-04-04 04:05:59 | symbol_done | idx=567 | total=654 | symbol=PONKEUSDT | status=skip | reason=no_setup | signals=0 | elapsed_s=0.285
2026-04-04 04:06:00 | symbol_done | idx=568 | total=654 | symbol=BANDUSDT | status=skip | reason=no_latest_setup | signals=0 | elapsed_s=0.457
2026-04-04 04:06:00 | symbol_done | idx=569 | total=654 | symbol=TAIKOUSDT | status=skip | reason=no_latest_setup | signals=0 | elapsed_s=0.436
2026-04-04 04:06:01 | symbol_done | idx=570 | total=654 | symbol=1000XECUSDT | status=skip | reason=no_setup | signals=0 | elapsed_s=0.397
2026-04-04 04:06:01 | symbol_done | idx=571 | total=654 | symbol=ASTRUSDT | status=skip | reason=no_latest_setup | signals=0 | elapsed_s=0.408
2026-04-04 04:06:01 | symbol_done | idx=572 | total=654 | symbol=MELANIAUSDT | status=skip | reason=no_latest_setup | signals=0 | elapsed_s=0.312
2026-04-04 04:06:02 | symbol_done | idx=573 | total=654 | symbol=BELUSDT | status=skip | reason=no_latest_setup | signals=0 | elapsed_s=0.353
2026-04-04 04:06:02 | symbol_done | idx=574 | total=654 | symbol=MITOUSDT | status=skip | reason=no_latest_setup | signals=0 | elapsed_s=0.415
2026-04-04 04:06:03 | symbol_done | idx=575 | total=654 | symbol=BRETTUSDT | status=skip | reason=no_latest_setup | signals=0 | elapsed_s=0.432
2026-04-04 04:06:03 | symbol_done | idx=576 | total=654 | symbol=ZRXUSDT | status=skip | reason=no_latest_setup | signals=0 | elapsed_s=0.773
2026-04-04 04:06:04 | symbol_done | idx=577 | total=654 | symbol=NXPCUSDT | status=skip | reason=no_latest_setup | signals=0 | elapsed_s=0.305
2026-04-04 04:06:04 | symbol_done | idx=578 | total=654 | symbol=FUSDT | status=skip | reason=no_latest_setup | signals=0 | elapsed_s=0.408
2026-04-04 04:06:04 | symbol_done | idx=579 | total=654 | symbol=SCRUSDT | status=skip | reason=no_latest_setup | signals=0 | elapsed_s=0.322
2026-04-04 04:06:05 | symbol_done | idx=580 | total=654 | symbol=ACUUSDT | status=skip | reason=no_latest_setup | signals=0 | elapsed_s=0.453
2026-04-04 04:06:05 | symbol_done | idx=581 | total=654 | symbol=B2USDT | status=skip | reason=no_latest_setup | signals=0 | elapsed_s=0.323
2026-04-04 04:06:06 | symbol_done | idx=582 | total=654 | symbol=GLMUSDT | status=skip | reason=no_latest_setup | signals=0 | elapsed_s=0.341
2026-04-04 04:06:06 | symbol_done | idx=583 | total=654 | symbol=PLTRUSDT | status=skip | reason=no_setup | signals=0 | elapsed_s=0.305
2026-04-04 04:06:06 | symbol_done | idx=584 | total=654 | symbol=XPINUSDT | status=skip | reason=no_latest_setup | signals=0 | elapsed_s=0.315
2026-04-04 04:06:07 | symbol_done | idx=585 | total=654 | symbol=TUSDT | status=skip | reason=no_latest_setup | signals=0 | elapsed_s=0.395
2026-04-04 04:06:07 | symbol_done | idx=586 | total=654 | symbol=C98USDT | status=skip | reason=no_latest_setup | signals=0 | elapsed_s=0.303
2026-04-04 04:06:07 | symbol_done | idx=587 | total=654 | symbol=AMZNUSDT | status=skip | reason=no_setup | signals=0 | elapsed_s=0.312
2026-04-04 04:06:07 | symbol_done | idx=588 | total=654 | symbol=SFPUSDT | status=skip | reason=no_latest_setup | signals=0 | elapsed_s=0.285
2026-04-04 04:06:08 | symbol_done | idx=589 | total=654 | symbol=MEWUSDT | status=skip | reason=no_latest_setup | signals=0 | elapsed_s=0.290
2026-04-04 04:06:08 | symbol_done | idx=590 | total=654 | symbol=BREVUSDT | status=skip | reason=no_latest_setup | signals=0 | elapsed_s=0.287
2026-04-04 04:06:08 | symbol_done | idx=591 | total=654 | symbol=COWUSDT | status=skip | reason=no_latest_setup | signals=0 | elapsed_s=0.309
2026-04-04 04:06:09 | symbol_done | idx=592 | total=654 | symbol=GOOGLUSDT | status=skip | reason=insufficient_history | signals=0 | elapsed_s=0.718
2026-04-04 04:06:09 | symbol_done | idx=593 | total=654 | symbol=NEWTUSDT | status=skip | reason=no_latest_setup | signals=0 | elapsed_s=0.277
2026-04-04 04:06:10 | symbol_done | idx=594 | total=654 | symbol=REDUSDT | status=skip | reason=no_latest_setup | signals=0 | elapsed_s=0.263
2026-04-04 04:06:10 | symbol_done | idx=595 | total=654 | symbol=ATAUSDT | status=skip | reason=no_latest_setup | signals=0 | elapsed_s=0.296
2026-04-04 04:06:10 | symbol_done | idx=596 | total=654 | symbol=METAUSDT | status=skip | reason=insufficient_history | signals=0 | elapsed_s=0.534
2026-04-04 04:06:11 | symbol_done | idx=597 | total=654 | symbol=INUSDT | status=skip | reason=no_latest_setup | signals=0 | elapsed_s=0.295
2026-04-04 04:06:11 | symbol_done | idx=598 | total=654 | symbol=HOLOUSDT | status=skip | reason=no_latest_setup | signals=0 | elapsed_s=0.302
2026-04-04 04:06:11 | symbol_done | idx=599 | total=654 | symbol=TREEUSDT | status=skip | reason=no_latest_setup | signals=0 | elapsed_s=0.266
2026-04-04 04:06:12 | symbol_done | idx=600 | total=654 | symbol=GTCUSDT | status=skip | reason=no_latest_setup | signals=0 | elapsed_s=0.299
2026-04-04 04:06:12 | symbol_done | idx=601 | total=654 | symbol=ZKJUSDT | status=skip | reason=no_latest_setup | signals=0 | elapsed_s=0.763
2026-04-04 04:06:13 | symbol_done | idx=602 | total=654 | symbol=DODOXUSDT | status=skip | reason=no_latest_setup | signals=0 | elapsed_s=0.360
2026-04-04 04:06:13 | symbol_done | idx=603 | total=654 | symbol=BIRBUSDT | status=skip | reason=no_latest_setup | signals=0 | elapsed_s=0.350
2026-04-04 04:06:13 | symbol_done | idx=604 | total=654 | symbol=AVAUSDT | status=skip | reason=no_latest_setup | signals=0 | elapsed_s=0.356
2026-04-04 04:06:14 | symbol_done | idx=605 | total=654 | symbol=ZETAUSDT | status=skip | reason=no_latest_setup | signals=0 | elapsed_s=0.423
2026-04-04 04:06:14 | symbol_done | idx=606 | total=654 | symbol=SANTOSUSDT | status=skip | reason=no_latest_setup | signals=0 | elapsed_s=0.271
2026-04-04 04:06:14 | symbol_done | idx=607 | total=654 | symbol=IOTXUSDT | status=skip | reason=no_latest_setup | signals=0 | elapsed_s=0.265
2026-04-04 04:06:15 | symbol_done | idx=608 | total=654 | symbol=ETHWUSDT | status=skip | reason=no_latest_setup | signals=0 | elapsed_s=0.263
2026-04-04 04:06:15 | symbol_done | idx=609 | total=654 | symbol=METISUSDT | status=skip | reason=no_latest_setup | signals=0 | elapsed_s=0.260
2026-04-04 04:06:15 | symbol_done | idx=610 | total=654 | symbol=LSKUSDT | status=skip | reason=no_setup | signals=0 | elapsed_s=0.253
2026-04-04 04:06:16 | symbol_done | idx=611 | total=654 | symbol=CGPTUSDT | status=skip | reason=no_latest_setup | signals=0 | elapsed_s=0.304
2026-04-04 04:06:16 | symbol_done | idx=612 | total=654 | symbol=XPDUSDT | status=skip | reason=no_latest_setup | signals=0 | elapsed_s=0.357
2026-04-04 04:06:16 | symbol_done | idx=613 | total=654 | symbol=VELVETUSDT | status=skip | reason=no_latest_setup | signals=0 | elapsed_s=0.269
2026-04-04 04:06:16 | symbol_done | idx=614 | total=654 | symbol=MTLUSDT | status=skip | reason=no_latest_setup | signals=0 | elapsed_s=0.287
2026-04-04 04:06:17 | symbol_done | idx=615 | total=654 | symbol=RPLUSDT | status=skip | reason=no_latest_setup | signals=0 | elapsed_s=0.315
2026-04-04 04:06:17 | symbol_done | idx=616 | total=654 | symbol=AWEUSDT | status=skip | reason=no_latest_setup | signals=0 | elapsed_s=0.269
2026-04-04 04:06:17 | symbol_done | idx=617 | total=654 | symbol=KOMAUSDT | status=skip | reason=no_latest_setup | signals=0 | elapsed_s=0.265
2026-04-04 04:06:18 | symbol_done | idx=618 | total=654 | symbol=ERAUSDT | status=skip | reason=no_latest_setup | signals=0 | elapsed_s=0.277
2026-04-04 04:06:18 | symbol_done | idx=619 | total=654 | symbol=CVXUSDT | status=skip | reason=no_latest_setup | signals=0 | elapsed_s=0.260
2026-04-04 04:06:18 | symbol_done | idx=620 | total=654 | symbol=ALPINEUSDT | status=skip | reason=no_setup | signals=0 | elapsed_s=0.266
2026-04-04 04:06:18 | symbol_done | idx=621 | total=654 | symbol=MOCAUSDT | status=skip | reason=no_latest_setup | signals=0 | elapsed_s=0.255
2026-04-04 04:06:19 | symbol_done | idx=622 | total=654 | symbol=FLUIDUSDT | status=skip | reason=no_latest_setup | signals=0 | elapsed_s=0.305
2026-04-04 04:06:19 | symbol_done | idx=623 | total=654 | symbol=MLNUSDT | status=skip | reason=no_latest_setup | signals=0 | elapsed_s=0.255
2026-04-04 04:06:19 | symbol_done | idx=624 | total=654 | symbol=HOTUSDT | status=skip | reason=no_latest_setup | signals=0 | elapsed_s=0.282
2026-04-04 04:06:19 | symbol_done | idx=625 | total=654 | symbol=CROSSUSDT | status=skip | reason=no_latest_setup | signals=0 | elapsed_s=0.256
2026-04-04 04:06:20 | symbol_done | idx=626 | total=654 | symbol=ORDERUSDT | status=skip | reason=no_latest_setup | signals=0 | elapsed_s=0.288
2026-04-04 04:06:20 | symbol_done | idx=627 | total=654 | symbol=ASRUSDT | status=skip | reason=no_setup | signals=0 | elapsed_s=0.270
2026-04-04 04:06:20 | symbol_done | idx=628 | total=654 | symbol=PUNDIXUSDT | status=skip | reason=no_latest_setup | signals=0 | elapsed_s=0.269
2026-04-04 04:06:21 | symbol_done | idx=629 | total=654 | symbol=EWJUSDT | status=skip | reason=no_setup | signals=0 | elapsed_s=0.291
2026-04-04 04:06:21 | symbol_done | idx=630 | total=654 | symbol=FLOCKUSDT | status=skip | reason=no_latest_setup | signals=0 | elapsed_s=0.355
2026-04-04 04:06:21 | symbol_done | idx=631 | total=654 | symbol=SYSUSDT | status=skip | reason=no_latest_setup | signals=0 | elapsed_s=0.343
2026-04-04 04:06:22 | symbol_done | idx=632 | total=654 | symbol=RIFUSDT | status=skip | reason=no_latest_setup | signals=0 | elapsed_s=0.321
2026-04-04 04:06:22 | symbol_done | idx=633 | total=654 | symbol=ELSAUSDT | status=skip | reason=no_latest_setup | signals=0 | elapsed_s=0.340
2026-04-04 04:06:22 | symbol_done | idx=634 | total=654 | symbol=TOSHIUSDT | status=skip | reason=no_latest_setup | signals=0 | elapsed_s=0.299
2026-04-04 04:06:23 | symbol_done | idx=635 | total=654 | symbol=IDOLUSDT | status=skip | reason=no_latest_setup | signals=0 | elapsed_s=0.296
2026-04-04 04:06:23 | symbol_done | idx=636 | total=654 | symbol=BOBUSDT | status=skip | reason=no_latest_setup | signals=0 | elapsed_s=0.313
2026-04-04 04:06:23 | symbol_done | idx=637 | total=654 | symbol=HANAUSDT | status=skip | reason=no_latest_setup | signals=0 | elapsed_s=0.298
2026-04-04 04:06:23 | symbol_done | idx=638 | total=654 | symbol=OXTUSDT | status=skip | reason=no_latest_setup | signals=0 | elapsed_s=0.310
2026-04-04 04:06:24 | symbol_done | idx=639 | total=654 | symbol=SPORTFUNUSDT | status=skip | reason=no_latest_setup | signals=0 | elapsed_s=0.309
2026-04-04 04:06:24 | symbol_done | idx=640 | total=654 | symbol=MAVIAUSDT | status=skip | reason=no_latest_setup | signals=0 | elapsed_s=0.324
2026-04-04 04:06:24 | symbol_done | idx=641 | total=654 | symbol=VELODROMEUSDT | status=skip | reason=no_latest_setup | signals=0 | elapsed_s=0.334
2026-04-04 04:06:25 | symbol_done | idx=642 | total=654 | symbol=JOEUSDT | status=skip | reason=no_latest_setup | signals=0 | elapsed_s=0.307
2026-04-04 04:06:25 | symbol_done | idx=643 | total=654 | symbol=BNTUSDT | status=skip | reason=no_latest_setup | signals=0 | elapsed_s=0.320
2026-04-04 04:06:25 | symbol_done | idx=644 | total=654 | symbol=TACUSDT | status=skip | reason=no_latest_setup | signals=0 | elapsed_s=0.459
2026-04-04 04:06:26 | symbol_done | idx=645 | total=654 | symbol=SONICUSDT | status=skip | reason=no_latest_setup | signals=0 | elapsed_s=0.384
2026-04-04 04:06:26 | symbol_done | idx=646 | total=654 | symbol=BROCCOLIF3BUSDT | status=skip | reason=no_latest_setup | signals=0 | elapsed_s=0.352
2026-04-04 04:06:30 | symbol_done | idx=647 | total=654 | symbol=CLANKERUSDT | status=skip | reason=no_latest_setup | signals=0 | elapsed_s=3.529
2026-04-04 04:06:31 | symbol_done | idx=648 | total=654 | symbol=AERGOUSDT | status=skip | reason=no_latest_setup | signals=0 | elapsed_s=0.893
2026-04-04 04:06:31 | symbol_done | idx=649 | total=654 | symbol=CTKUSDT | status=skip | reason=no_latest_setup | signals=0 | elapsed_s=0.603
2026-04-04 04:06:32 | symbol_done | idx=650 | total=654 | symbol=CARVUSDT | status=skip | reason=no_latest_setup | signals=0 | elapsed_s=0.589
2026-04-04 04:06:32 | symbol_done | idx=651 | total=654 | symbol=SLPUSDT | status=skip | reason=no_latest_setup | signals=0 | elapsed_s=0.547
2026-04-04 04:06:33 | symbol_done | idx=652 | total=654 | symbol=MEGAUSDT | status=skip | reason=no_latest_setup | signals=0 | elapsed_s=0.446
2026-04-04 04:06:33 | symbol_done | idx=653 | total=654 | symbol=ALLUSDT | status=skip | reason=no_latest_setup | signals=0 | elapsed_s=0.402
2026-04-04 04:06:34 | symbol_done | idx=654 | total=654 | symbol=PAYPUSDT | status=skip | reason=insufficient_history | signals=0 | elapsed_s=0.832
2026-04-04 04:06:34 | symbol_done | idx=215 | total=654 | symbol=BASUSDT | status=ok | reason=below_threshold | signals=0 | elapsed_s=271.098
2026-04-04 04:06:34 | scan_end | timeframe=1h | symbols=654 | total_signals=0 | elapsed_s=388.423 | log_file=D:\Code\Projects\self-projects\macd-overlay - Copy\logs\sniper_scan_progress.log
2026-04-04 04:10:07 | scan_start | timeframe=1h | symbols=654 | lookback_days=450 | batch_predict=True
2026-04-04 04:10:09 | symbol_done | idx=1 | total=654 | symbol=BTCUSDT | status=skip | reason=no_latest_setup | signals=0 | elapsed_s=2.317
2026-04-04 04:10:11 | symbol_done | idx=2 | total=654 | symbol=ETHUSDT | status=skip | reason=no_latest_setup | signals=0 | elapsed_s=1.683
2026-04-04 04:10:12 | symbol_done | idx=3 | total=654 | symbol=ALPACAUSDT | status=skip | reason=no_setup | signals=0 | elapsed_s=1.313
2026-04-04 04:10:13 | symbol_done | idx=4 | total=654 | symbol=SOLUSDT | status=skip | reason=no_latest_setup | signals=0 | elapsed_s=0.727
2026-04-04 04:10:14 | symbol_done | idx=5 | total=654 | symbol=EDGEUSDT | status=skip | reason=no_latest_setup | signals=0 | elapsed_s=0.295
2026-04-04 04:10:14 | symbol_done | idx=6 | total=654 | symbol=STOUSDT | status=skip | reason=no_latest_setup | signals=0 | elapsed_s=0.837
2026-04-04 04:10:15 | symbol_done | idx=7 | total=654 | symbol=AIOTUSDT | status=skip | reason=no_latest_setup | signals=0 | elapsed_s=0.787
2026-04-04 04:10:16 | symbol_done | idx=8 | total=654 | symbol=BNXUSDT | status=skip | reason=no_setup | signals=0 | elapsed_s=0.602
2026-04-04 04:10:16 | symbol_done | idx=9 | total=654 | symbol=PIPPINUSDT | status=skip | reason=no_latest_setup | signals=0 | elapsed_s=0.747
2026-04-04 04:10:17 | symbol_done | idx=10 | total=654 | symbol=ALPHAUSDT | status=skip | reason=no_setup | signals=0 | elapsed_s=0.670
2026-04-04 04:10:18 | symbol_done | idx=11 | total=654 | symbol=ONGUSDT | status=skip | reason=no_latest_setup | signals=0 | elapsed_s=0.786
2026-04-04 04:10:19 | symbol_done | idx=12 | total=654 | symbol=XRPUSDT | status=skip | reason=no_latest_setup | signals=0 | elapsed_s=0.756
2026-04-04 04:10:19 | symbol_done | idx=13 | total=654 | symbol=CTSIUSDT | status=skip | reason=no_latest_setup | signals=0 | elapsed_s=0.658
2026-04-04 04:10:20 | symbol_done | idx=14 | total=654 | symbol=SIRENUSDT | status=skip | reason=no_latest_setup | signals=0 | elapsed_s=0.740
2026-04-04 04:10:21 | symbol_done | idx=15 | total=654 | symbol=DOGEUSDT | status=skip | reason=no_latest_setup | signals=0 | elapsed_s=0.760
2026-04-04 04:10:22 | symbol_done | idx=16 | total=654 | symbol=RIVERUSDT | status=skip | reason=no_latest_setup | signals=0 | elapsed_s=0.771
2026-04-04 04:10:22 | symbol_done | idx=17 | total=654 | symbol=TAOUSDT | status=skip | reason=no_latest_setup | signals=0 | elapsed_s=0.810
2026-04-04 04:10:23 | symbol_done | idx=18 | total=654 | symbol=1000PEPEUSDT | status=skip | reason=no_latest_setup | signals=0 | elapsed_s=0.772
2026-04-04 04:10:24 | symbol_done | idx=19 | total=654 | symbol=PORT3USDT | status=skip | reason=no_setup | signals=0 | elapsed_s=0.646
2026-04-04 04:10:27 | symbol_done | idx=20 | total=654 | symbol=XAUUSDT | status=skip | reason=no_setup | signals=0 | elapsed_s=2.956
2026-04-04 04:10:28 | symbol_done | idx=21 | total=654 | symbol=BNBUSDT | status=skip | reason=no_latest_setup | signals=0 | elapsed_s=1.198
2026-04-04 04:10:30 | symbol_done | idx=22 | total=654 | symbol=ZECUSDT | status=skip | reason=no_latest_setup | signals=0 | elapsed_s=1.515
2026-04-04 04:10:31 | symbol_done | idx=23 | total=654 | symbol=HYPEUSDT | status=skip | reason=no_latest_setup | signals=0 | elapsed_s=1.147
2026-04-04 04:10:34 | symbol_done | idx=24 | total=654 | symbol=ADAUSDT | status=skip | reason=no_latest_setup | signals=0 | elapsed_s=3.563
2026-04-04 04:10:36 | symbol_done | idx=25 | total=654 | symbol=ONTUSDT | status=skip | reason=no_latest_setup | signals=0 | elapsed_s=1.295
2026-04-04 04:10:37 | symbol_done | idx=26 | total=654 | symbol=XPLUSDT | status=skip | reason=no_latest_setup | signals=0 | elapsed_s=1.451
2026-04-04 04:10:39 | symbol_done | idx=27 | total=654 | symbol=NOMUSDT | status=skip | reason=no_latest_setup | signals=0 | elapsed_s=2.033
2026-04-04 04:10:41 | symbol_done | idx=28 | total=654 | symbol=ALGOUSDT | status=skip | reason=no_latest_setup | signals=0 | elapsed_s=2.178
2026-04-04 04:10:44 | symbol_done | idx=29 | total=654 | symbol=DUSDT | status=skip | reason=no_latest_setup | signals=0 | elapsed_s=2.303
2026-04-04 04:10:45 | symbol_done | idx=30 | total=654 | symbol=UXLINKUSDT | status=skip | reason=no_setup | signals=0 | elapsed_s=1.528
2026-04-04 04:10:47 | symbol_done | idx=31 | total=654 | symbol=ARIAUSDT | status=skip | reason=no_latest_setup | signals=0 | elapsed_s=2.436
2026-04-04 04:10:48 | symbol_done | idx=32 | total=654 | symbol=VIDTUSDT | status=skip | reason=no_setup | signals=0 | elapsed_s=0.836
2026-04-04 04:10:50 | symbol_done | idx=33 | total=654 | symbol=YBUSDT | status=skip | reason=no_latest_setup | signals=0 | elapsed_s=1.503
2026-04-04 04:10:51 | symbol_done | idx=34 | total=654 | symbol=SXPUSDT | status=skip | reason=no_setup | signals=0 | elapsed_s=0.785
2026-04-04 04:10:51 | symbol_done | idx=35 | total=654 | symbol=AGIXUSDT | status=skip | reason=no_setup | signals=0 | elapsed_s=0.684
2026-04-04 04:10:53 | symbol_done | idx=36 | total=654 | symbol=AVAXUSDT | status=skip | reason=no_latest_setup | signals=0 | elapsed_s=1.211
2026-04-04 04:10:54 | symbol_done | idx=37 | total=654 | symbol=SUIUSDT | status=skip | reason=no_latest_setup | signals=0 | elapsed_s=1.109
2026-04-04 04:10:54 | symbol_done | idx=38 | total=654 | symbol=CLUSDT | status=skip | reason=insufficient_history | signals=0 | elapsed_s=0.608
2026-04-04 04:10:55 | symbol_done | idx=39 | total=654 | symbol=LINAUSDT | status=skip | reason=no_setup | signals=0 | elapsed_s=0.658
2026-04-04 04:10:56 | symbol_done | idx=40 | total=654 | symbol=MEMEFIUSDT | status=skip | reason=no_setup | signals=0 | elapsed_s=0.723
2026-04-04 04:10:56 | symbol_done | idx=41 | total=654 | symbol=LEVERUSDT | status=skip | reason=no_setup | signals=0 | elapsed_s=0.638
2026-04-04 04:10:57 | symbol_done | idx=42 | total=654 | symbol=NEIROETHUSDT | status=skip | reason=no_setup | signals=0 | elapsed_s=0.644
2026-04-04 04:10:58 | symbol_done | idx=43 | total=654 | symbol=A2ZUSDT | status=skip | reason=no_latest_setup | signals=0 | elapsed_s=0.928
2026-04-04 04:10:58 | symbol_done | idx=44 | total=654 | symbol=FTMUSDT | status=skip | reason=no_setup | signals=0 | elapsed_s=0.613
2026-04-04 04:11:00 | symbol_done | idx=45 | total=654 | symbol=NEARUSDT | status=skip | reason=no_latest_setup | signals=0 | elapsed_s=1.470
2026-04-04 04:11:01 | symbol_done | idx=46 | total=654 | symbol=WAVESUSDT | status=skip | reason=no_setup | signals=0 | elapsed_s=1.248
2026-04-04 04:11:03 | symbol_done | idx=47 | total=654 | symbol=LINKUSDT | status=skip | reason=no_latest_setup | signals=0 | elapsed_s=1.517
2026-04-04 04:11:04 | symbol_done | idx=48 | total=654 | symbol=ENAUSDT | status=skip | reason=no_latest_setup | signals=0 | elapsed_s=1.087
2026-04-04 04:11:04 | symbol_done | idx=49 | total=654 | symbol=OMNIUSDT | status=skip | reason=no_setup | signals=0 | elapsed_s=0.665
2026-04-04 04:11:06 | symbol_done | idx=50 | total=654 | symbol=YALAUSDT | status=skip | reason=no_setup | signals=0 | elapsed_s=1.910
2026-04-04 04:11:07 | symbol_done | idx=51 | total=654 | symbol=AMBUSDT | status=skip | reason=no_setup | signals=0 | elapsed_s=0.716
2026-04-04 04:11:08 | symbol_done | idx=52 | total=654 | symbol=BSWUSDT | status=skip | reason=no_setup | signals=0 | elapsed_s=0.676
2026-04-04 04:11:08 | symbol_done | idx=53 | total=654 | symbol=OCEANUSDT | status=skip | reason=no_setup | signals=0 | elapsed_s=0.658
2026-04-04 04:11:10 | symbol_done | idx=54 | total=654 | symbol=GASUSDT | status=skip | reason=no_latest_setup | signals=0 | elapsed_s=1.232
2026-04-04 04:11:11 | symbol_done | idx=55 | total=654 | symbol=CUSDT | status=skip | reason=no_latest_setup | signals=0 | elapsed_s=1.213
2026-04-04 04:11:12 | symbol_done | idx=56 | total=654 | symbol=BARDUSDT | status=skip | reason=no_latest_setup | signals=0 | elapsed_s=1.144
2026-04-04 04:11:13 | symbol_done | idx=57 | total=654 | symbol=STRAXUSDT | status=skip | reason=no_setup | signals=0 | elapsed_s=0.668
2026-04-04 04:11:14 | symbol_done | idx=58 | total=654 | symbol=DOTUSDT | status=skip | reason=no_latest_setup | signals=0 | elapsed_s=1.076
2026-04-04 04:11:15 | symbol_done | idx=59 | total=654 | symbol=BRUSDT | status=skip | reason=no_latest_setup | signals=0 | elapsed_s=1.067
2026-04-04 04:11:16 | symbol_done | idx=60 | total=654 | symbol=MONUSDT | status=skip | reason=no_latest_setup | signals=0 | elapsed_s=1.142
2026-04-04 04:11:17 | symbol_done | idx=61 | total=654 | symbol=FIDAUSDT | status=skip | reason=no_latest_setup | signals=0 | elapsed_s=1.289
2026-04-04 04:11:18 | symbol_done | idx=62 | total=654 | symbol=RENUSDT | status=skip | reason=no_setup | signals=0 | elapsed_s=0.654
2026-04-04 04:11:19 | symbol_done | idx=63 | total=654 | symbol=FILUSDT | status=skip | reason=no_latest_setup | signals=0 | elapsed_s=1.106
2026-04-04 04:11:20 | symbol_done | idx=64 | total=654 | symbol=BEATUSDT | status=skip | reason=no_latest_setup | signals=0 | elapsed_s=1.129
2026-04-04 04:11:21 | symbol_done | idx=65 | total=654 | symbol=FETUSDT | status=skip | reason=no_latest_setup | signals=0 | elapsed_s=1.093
2026-04-04 04:11:22 | symbol_done | idx=66 | total=654 | symbol=UNFIUSDT | status=skip | reason=no_setup | signals=0 | elapsed_s=0.661
2026-04-04 04:11:23 | symbol_done | idx=67 | total=654 | symbol=PAXGUSDT | status=skip | reason=no_setup | signals=0 | elapsed_s=1.140
2026-04-04 04:11:24 | symbol_done | idx=68 | total=654 | symbol=KITEUSDT | status=skip | reason=no_latest_setup | signals=0 | elapsed_s=1.093
2026-04-04 04:11:25 | symbol_done | idx=69 | total=654 | symbol=币安人生USDT | status=skip | reason=no_latest_setup | signals=0 | elapsed_s=0.947
2026-04-04 04:11:28 | symbol_done | idx=70 | total=654 | symbol=PUFFERUSDT | status=skip | reason=no_latest_setup | signals=0 | elapsed_s=2.548
2026-04-04 04:11:29 | symbol_done | idx=71 | total=654 | symbol=BCHUSDT | status=skip | reason=no_latest_setup | signals=0 | elapsed_s=1.151
2026-04-04 04:11:29 | symbol_done | idx=72 | total=654 | symbol=DGBUSDT | status=skip | reason=no_setup | signals=0 | elapsed_s=0.641
2026-04-04 04:11:30 | symbol_done | idx=73 | total=654 | symbol=TROYUSDT | status=skip | reason=no_setup | signals=0 | elapsed_s=0.601
2026-04-04 04:11:30 | symbol_done | idx=74 | total=654 | symbol=BZUSDT | status=skip | reason=insufficient_history | signals=0 | elapsed_s=0.496
2026-04-04 04:11:32 | symbol_done | idx=75 | total=654 | symbol=XAGUSDT | status=skip | reason=no_latest_setup | signals=0 | elapsed_s=1.039
2026-04-04 04:11:32 | symbol_done | idx=76 | total=654 | symbol=UNIUSDT | status=skip | reason=no_latest_setup | signals=0 | elapsed_s=0.825
2026-04-04 04:11:33 | symbol_done | idx=77 | total=654 | symbol=LITUSDT | status=skip | reason=no_latest_setup | signals=0 | elapsed_s=0.770
2026-04-04 04:11:34 | symbol_done | idx=78 | total=654 | symbol=KERNELUSDT | status=skip | reason=no_latest_setup | signals=0 | elapsed_s=0.792
2026-04-04 04:11:35 | symbol_done | idx=79 | total=654 | symbol=ARBUSDT | status=skip | reason=no_latest_setup | signals=0 | elapsed_s=0.824
2026-04-04 04:11:35 | symbol_done | idx=80 | total=654 | symbol=XAUTUSDT | status=skip | reason=insufficient_history | signals=0 | elapsed_s=0.486
2026-04-04 04:11:36 | symbol_done | idx=81 | total=654 | symbol=SOLVUSDT | status=skip | reason=no_latest_setup | signals=0 | elapsed_s=0.737
2026-04-04 04:11:37 | symbol_done | idx=82 | total=654 | symbol=LTCUSDT | status=skip | reason=no_setup | signals=0 | elapsed_s=0.740
2026-04-04 04:11:37 | symbol_done | idx=83 | total=654 | symbol=HIFIUSDT | status=skip | reason=no_setup | signals=0 | elapsed_s=0.625
2026-04-04 04:11:38 | symbol_done | idx=84 | total=654 | symbol=CFGUSDT | status=skip | reason=no_latest_setup | signals=0 | elapsed_s=0.285
2026-04-04 04:11:38 | symbol_done | idx=85 | total=654 | symbol=OMUSDT | status=skip | reason=no_setup | signals=0 | elapsed_s=0.605
2026-04-04 04:11:39 | symbol_done | idx=86 | total=654 | symbol=DRIFTUSDT | status=skip | reason=no_latest_setup | signals=0 | elapsed_s=0.667
2026-04-04 04:11:40 | symbol_done | idx=87 | total=654 | symbol=1000SHIBUSDT | status=skip | reason=no_latest_setup | signals=0 | elapsed_s=0.795
2026-04-04 04:11:40 | symbol_done | idx=88 | total=654 | symbol=RENDERUSDT | status=skip | reason=no_latest_setup | signals=0 | elapsed_s=0.772
2026-04-04 04:11:41 | symbol_done | idx=89 | total=654 | symbol=CHESSUSDT | status=skip | reason=no_setup | signals=0 | elapsed_s=0.716
2026-04-04 04:11:42 | symbol_done | idx=90 | total=654 | symbol=42USDT | status=skip | reason=no_setup | signals=0 | elapsed_s=0.725
2026-04-04 04:11:43 | symbol_done | idx=91 | total=654 | symbol=SNTUSDT | status=skip | reason=no_setup | signals=0 | elapsed_s=0.829
2026-04-04 04:11:44 | symbol_done | idx=92 | total=654 | symbol=TRUMPUSDT | status=skip | reason=no_latest_setup | signals=0 | elapsed_s=0.783
2026-04-04 04:11:44 | symbol_done | idx=93 | total=654 | symbol=MKRUSDT | status=skip | reason=no_setup | signals=0 | elapsed_s=0.870
2026-04-04 04:11:45 | symbol_done | idx=94 | total=654 | symbol=TRXUSDT | status=skip | reason=no_setup | signals=0 | elapsed_s=0.742
2026-04-04 04:11:47 | symbol_done | idx=95 | total=654 | symbol=VVVUSDT | status=skip | reason=no_latest_setup | signals=0 | elapsed_s=2.130
2026-04-04 04:11:48 | symbol_done | idx=96 | total=654 | symbol=PUMPUSDT | status=skip | reason=no_latest_setup | signals=0 | elapsed_s=1.204
2026-04-04 04:11:49 | symbol_done | idx=97 | total=654 | symbol=ASTERUSDT | status=skip | reason=no_latest_setup | signals=0 | elapsed_s=0.822
2026-04-04 04:11:50 | symbol_done | idx=98 | total=654 | symbol=WLDUSDT | status=skip | reason=no_latest_setup | signals=0 | elapsed_s=0.992
2026-04-04 04:11:51 | symbol_done | idx=99 | total=654 | symbol=EPTUSDT | status=skip | reason=no_setup | signals=0 | elapsed_s=0.749
2026-04-04 04:11:52 | symbol_done | idx=100 | total=654 | symbol=NIGHTUSDT | status=skip | reason=no_latest_setup | signals=0 | elapsed_s=0.928
2026-04-04 04:11:53 | symbol_done | idx=101 | total=654 | symbol=AAVEUSDT | status=skip | reason=no_latest_setup | signals=0 | elapsed_s=0.913
2026-04-04 04:11:54 | symbol_done | idx=102 | total=654 | symbol=POLYXUSDT | status=skip | reason=no_latest_setup | signals=0 | elapsed_s=1.317
2026-04-04 04:11:55 | symbol_done | idx=103 | total=654 | symbol=HEMIUSDT | status=skip | reason=no_latest_setup | signals=0 | elapsed_s=0.865
2026-04-04 04:11:57 | symbol_done | idx=104 | total=654 | symbol=MUSDT | status=skip | reason=no_latest_setup | signals=0 | elapsed_s=1.825
2026-04-04 04:11:58 | symbol_done | idx=105 | total=654 | symbol=TANSSIUSDT | status=skip | reason=no_setup | signals=0 | elapsed_s=0.668
2026-04-04 04:11:59 | symbol_done | idx=106 | total=654 | symbol=WIFUSDT | status=skip | reason=no_latest_setup | signals=0 | elapsed_s=1.108
2026-04-04 04:12:00 | symbol_done | idx=107 | total=654 | symbol=FARTCOINUSDT | status=skip | reason=no_latest_setup | signals=0 | elapsed_s=1.023
2026-04-04 04:12:00 | symbol_done | idx=108 | total=654 | symbol=SLERFUSDT | status=skip | reason=no_setup | signals=0 | elapsed_s=0.781
2026-04-04 04:12:02 | symbol_done | idx=109 | total=654 | symbol=HUSDT | status=skip | reason=no_latest_setup | signals=0 | elapsed_s=1.370
2026-04-04 04:12:05 | symbol_done | idx=110 | total=654 | symbol=XMRUSDT | status=skip | reason=no_latest_setup | signals=0 | elapsed_s=2.917
2026-04-04 04:12:06 | symbol_done | idx=111 | total=654 | symbol=CHRUSDT | status=skip | reason=no_latest_setup | signals=0 | elapsed_s=1.213
2026-04-04 04:12:08 | symbol_done | idx=112 | total=654 | symbol=CRVUSDT | status=skip | reason=no_latest_setup | signals=0 | elapsed_s=2.180
2026-04-04 04:12:09 | symbol_done | idx=113 | total=654 | symbol=BLZUSDT | status=skip | reason=no_setup | signals=0 | elapsed_s=0.687
2026-04-04 04:12:09 | symbol_done | idx=114 | total=654 | symbol=BASEDUSDT | status=skip | reason=insufficient_history | signals=0 | elapsed_s=0.567
2026-04-04 04:12:10 | symbol_done | idx=115 | total=654 | symbol=BAKEUSDT | status=skip | reason=no_setup | signals=0 | elapsed_s=0.654
2026-04-04 04:12:12 | symbol_done | idx=116 | total=654 | symbol=ALTUSDT | status=skip | reason=no_latest_setup | signals=0 | elapsed_s=2.348
2026-04-04 04:12:15 | symbol_done | idx=117 | total=654 | symbol=SIGNUSDT | status=skip | reason=no_latest_setup | signals=0 | elapsed_s=2.447
2026-04-04 04:12:16 | symbol_done | idx=118 | total=654 | symbol=RVVUSDT | status=skip | reason=no_setup | signals=0 | elapsed_s=1.478
2026-04-04 04:12:20 | symbol_done | idx=119 | total=654 | symbol=SEIUSDT | status=skip | reason=no_latest_setup | signals=0 | elapsed_s=3.961
2026-04-04 04:12:22 | symbol_done | idx=120 | total=654 | symbol=ETCUSDT | status=skip | reason=no_latest_setup | signals=0 | elapsed_s=1.800
2026-04-04 04:12:24 | symbol_done | idx=121 | total=654 | symbol=GUAUSDT | status=skip | reason=no_latest_setup | signals=0 | elapsed_s=1.494
2026-04-04 04:12:25 | symbol_done | idx=122 | total=654 | symbol=APTUSDT | status=skip | reason=no_latest_setup | signals=0 | elapsed_s=1.565
2026-04-04 04:12:26 | symbol_done | idx=123 | total=654 | symbol=GALAUSDT | status=skip | reason=no_latest_setup | signals=0 | elapsed_s=1.132
2026-04-04 04:12:27 | symbol_done | idx=124 | total=654 | symbol=CYSUSDT | status=skip | reason=no_latest_setup | signals=0 | elapsed_s=1.122
2026-04-04 04:12:28 | symbol_done | idx=125 | total=654 | symbol=COMBOUSDT | status=skip | reason=no_setup | signals=0 | elapsed_s=0.597
2026-04-04 04:12:29 | symbol_done | idx=126 | total=654 | symbol=BANKUSDT | status=skip | reason=no_latest_setup | signals=0 | elapsed_s=1.137
2026-04-04 04:12:30 | symbol_done | idx=127 | total=654 | symbol=XLMUSDT | status=skip | reason=no_latest_setup | signals=0 | elapsed_s=1.115
2026-04-04 04:12:31 | symbol_done | idx=128 | total=654 | symbol=MAGICUSDT | status=skip | reason=no_latest_setup | signals=0 | elapsed_s=1.105
2026-04-04 04:12:32 | symbol_done | idx=129 | total=654 | symbol=NULSUSDT | status=skip | reason=no_setup | signals=0 | elapsed_s=0.708
2026-04-04 04:12:33 | symbol_done | idx=130 | total=654 | symbol=WLFIUSDT | status=skip | reason=no_latest_setup | signals=0 | elapsed_s=1.105
2026-04-04 04:12:34 | symbol_done | idx=131 | total=654 | symbol=LOKAUSDT | status=skip | reason=no_setup | signals=0 | elapsed_s=0.665
2026-04-04 04:12:34 | symbol_done | idx=132 | total=654 | symbol=KATUSDT | status=skip | reason=no_latest_setup | signals=0 | elapsed_s=0.396
2026-04-04 04:12:35 | symbol_done | idx=133 | total=654 | symbol=PENGUUSDT | status=skip | reason=no_latest_setup | signals=0 | elapsed_s=0.965
2026-04-04 04:12:36 | symbol_done | idx=134 | total=654 | symbol=RDNTUSDT | status=skip | reason=no_latest_setup | signals=0 | elapsed_s=0.776
2026-04-04 04:12:37 | symbol_done | idx=135 | total=654 | symbol=HBARUSDT | status=skip | reason=no_latest_setup | signals=0 | elapsed_s=0.989
2026-04-04 04:12:38 | symbol_done | idx=136 | total=654 | symbol=KEYUSDT | status=skip | reason=no_setup | signals=0 | elapsed_s=1.101
2026-04-04 04:12:39 | symbol_done | idx=137 | total=654 | symbol=VIRTUALUSDT | status=skip | reason=no_latest_setup | signals=0 | elapsed_s=1.119
2026-04-04 04:12:40 | symbol_done | idx=138 | total=654 | symbol=OPUSDT | status=skip | reason=no_latest_setup | signals=0 | elapsed_s=1.192
2026-04-04 04:12:43 | symbol_done | idx=139 | total=654 | symbol=QTUMUSDT | status=skip | reason=no_latest_setup | signals=0 | elapsed_s=2.351
2026-04-04 04:12:44 | symbol_done | idx=140 | total=654 | symbol=1000BONKUSDT | status=skip | reason=no_latest_setup | signals=0 | elapsed_s=1.069
2026-04-04 04:12:46 | symbol_done | idx=141 | total=654 | symbol=AEVOUSDT | status=skip | reason=no_latest_setup | signals=0 | elapsed_s=2.216
2026-04-04 04:12:47 | symbol_done | idx=142 | total=654 | symbol=BLURUSDT | status=skip | reason=no_latest_setup | signals=0 | elapsed_s=1.126
2026-04-04 04:12:48 | symbol_done | idx=143 | total=654 | symbol=ONDOUSDT | status=skip | reason=no_latest_setup | signals=0 | elapsed_s=1.039
2026-04-04 04:12:49 | symbol_done | idx=144 | total=654 | symbol=TRIAUSDT | status=skip | reason=no_latest_setup | signals=0 | elapsed_s=0.812
2026-04-04 04:12:50 | symbol_done | idx=145 | total=654 | symbol=APRUSDT | status=skip | reason=no_latest_setup | signals=0 | elapsed_s=0.728
2026-04-04 04:12:50 | symbol_done | idx=146 | total=654 | symbol=BSBUSDT | status=skip | reason=insufficient_history | signals=0 | elapsed_s=0.535
2026-04-04 04:12:51 | symbol_done | idx=147 | total=654 | symbol=HIPPOUSDT | status=skip | reason=no_latest_setup | signals=0 | elapsed_s=0.959
2026-04-04 04:12:52 | symbol_done | idx=148 | total=654 | symbol=LOOMUSDT | status=skip | reason=no_setup | signals=0 | elapsed_s=0.692
2026-04-04 04:12:53 | symbol_done | idx=149 | total=654 | symbol=DYDXUSDT | status=skip | reason=no_latest_setup | signals=0 | elapsed_s=0.842
2026-04-04 04:12:54 | symbol_done | idx=150 | total=654 | symbol=APEUSDT | status=skip | reason=no_latest_setup | signals=0 | elapsed_s=0.965
2026-04-04 04:12:55 | symbol_done | idx=151 | total=654 | symbol=ZROUSDT | status=skip | reason=no_latest_setup | signals=0 | elapsed_s=0.989
2026-04-04 04:12:56 | symbol_done | idx=152 | total=654 | symbol=TONUSDT | status=skip | reason=no_setup | signals=0 | elapsed_s=0.795
2026-04-04 04:12:56 | symbol_done | idx=153 | total=654 | symbol=VOXELUSDT | status=skip | reason=no_setup | signals=0 | elapsed_s=0.630
2026-04-04 04:12:57 | symbol_done | idx=154 | total=654 | symbol=CHZUSDT | status=skip | reason=no_latest_setup | signals=0 | elapsed_s=0.894
2026-04-04 04:12:58 | symbol_done | idx=155 | total=654 | symbol=MAGMAUSDT | status=skip | reason=no_latest_setup | signals=0 | elapsed_s=1.050
2026-04-04 04:12:59 | symbol_done | idx=156 | total=654 | symbol=DASHUSDT | status=skip | reason=no_latest_setup | signals=0 | elapsed_s=0.978
2026-04-04 04:13:00 | symbol_done | idx=157 | total=654 | symbol=JELLYJELLYUSDT | status=skip | reason=no_latest_setup | signals=0 | elapsed_s=0.814
2026-04-04 04:13:01 | symbol_done | idx=158 | total=654 | symbol=BDXNUSDT | status=skip | reason=no_latest_setup | signals=0 | elapsed_s=0.852
2026-04-04 04:13:02 | symbol_done | idx=159 | total=654 | symbol=NEOUSDT | status=skip | reason=no_latest_setup | signals=0 | elapsed_s=0.880
2026-04-04 04:13:02 | symbol_done | idx=160 | total=654 | symbol=TIAUSDT | status=skip | reason=no_latest_setup | signals=0 | elapsed_s=0.839
2026-04-04 04:13:03 | symbol_done | idx=161 | total=654 | symbol=MDTUSDT | status=skip | reason=no_setup | signals=0 | elapsed_s=0.700
2026-04-04 04:13:04 | symbol_done | idx=162 | total=654 | symbol=VICUSDT | status=skip | reason=no_latest_setup | signals=0 | elapsed_s=0.777
2026-04-04 04:13:05 | symbol_done | idx=163 | total=654 | symbol=ICPUSDT | status=skip | reason=no_latest_setup | signals=0 | elapsed_s=0.808
2026-04-04 04:13:06 | symbol_done | idx=164 | total=654 | symbol=HUMAUSDT | status=skip | reason=no_latest_setup | signals=0 | elapsed_s=0.837
2026-04-04 04:13:06 | symbol_done | idx=165 | total=654 | symbol=ATOMUSDT | status=skip | reason=no_latest_setup | signals=0 | elapsed_s=0.757
2026-04-04 04:13:07 | symbol_done | idx=166 | total=654 | symbol=TURBOUSDT | status=skip | reason=no_latest_setup | signals=0 | elapsed_s=1.064
2026-04-04 04:13:08 | symbol_done | idx=167 | total=654 | symbol=ZKUSDT | status=skip | reason=no_latest_setup | signals=0 | elapsed_s=0.788
2026-04-04 04:13:11 | symbol_done | idx=168 | total=654 | symbol=FISUSDT | status=skip | reason=no_setup | signals=0 | elapsed_s=2.807
2026-04-04 04:13:14 | symbol_done | idx=169 | total=654 | symbol=ORDIUSDT | status=skip | reason=no_latest_setup | signals=0 | elapsed_s=2.523
2026-04-04 04:13:15 | symbol_done | idx=170 | total=654 | symbol=BIOUSDT | status=skip | reason=no_latest_setup | signals=0 | elapsed_s=1.840
2026-04-04 04:13:17 | symbol_done | idx=171 | total=654 | symbol=STABLEUSDT | status=skip | reason=no_latest_setup | signals=0 | elapsed_s=1.903
2026-04-04 04:13:19 | symbol_done | idx=172 | total=654 | symbol=JUPUSDT | status=skip | reason=no_latest_setup | signals=0 | elapsed_s=1.276
2026-04-04 04:13:22 | symbol_done | idx=173 | total=654 | symbol=TAGUSDT | status=skip | reason=no_latest_setup | signals=0 | elapsed_s=2.917
2026-04-04 04:13:22 | symbol_done | idx=174 | total=654 | symbol=KLAYUSDT | status=skip | reason=no_setup | signals=0 | elapsed_s=0.713
2026-04-04 04:13:23 | symbol_done | idx=175 | total=654 | symbol=OMGUSDT | status=skip | reason=no_setup | signals=0 | elapsed_s=0.720
2026-04-04 04:13:24 | symbol_done | idx=176 | total=654 | symbol=COMMONUSDT | status=skip | reason=no_setup | signals=0 | elapsed_s=0.860
2026-04-04 04:13:25 | symbol_done | idx=177 | total=654 | symbol=SYNUSDT | status=skip | reason=no_latest_setup | signals=0 | elapsed_s=1.592
2026-04-04 04:13:27 | symbol_done | idx=178 | total=654 | symbol=CRCLUSDT | status=skip | reason=no_latest_setup | signals=0 | elapsed_s=1.352
2026-04-04 04:13:28 | symbol_done | idx=179 | total=654 | symbol=ONUSDT | status=skip | reason=no_latest_setup | signals=0 | elapsed_s=1.398
2026-04-04 04:13:29 | symbol_done | idx=180 | total=654 | symbol=INJUSDT | status=skip | reason=no_latest_setup | signals=0 | elapsed_s=1.231
2026-04-04 04:13:31 | symbol_done | idx=181 | total=654 | symbol=PIXELUSDT | status=skip | reason=no_latest_setup | signals=0 | elapsed_s=1.369
2026-04-04 04:13:32 | symbol_done | idx=182 | total=654 | symbol=LDOUSDT | status=skip | reason=no_latest_setup | signals=0 | elapsed_s=1.108
2026-04-04 04:13:34 | symbol_done | idx=183 | total=654 | symbol=MASKUSDT | status=skip | reason=no_latest_setup | signals=0 | elapsed_s=1.893
2026-04-04 04:13:34 | symbol_done | idx=184 | total=654 | symbol=BONDUSDT | status=skip | reason=no_setup | signals=0 | elapsed_s=0.687
2026-04-04 04:13:36 | symbol_done | idx=185 | total=654 | symbol=USTCUSDT | status=skip | reason=no_latest_setup | signals=0 | elapsed_s=1.237
2026-04-04 04:13:38 | symbol_done | idx=186 | total=654 | symbol=PROMPTUSDT | status=skip | reason=no_latest_setup | signals=0 | elapsed_s=1.895
2026-04-04 04:13:39 | symbol_done | idx=187 | total=654 | symbol=ZBTUSDT | status=skip | reason=no_latest_setup | signals=0 | elapsed_s=1.331
2026-04-04 04:13:40 | symbol_done | idx=188 | total=654 | symbol=PRLUSDT | status=skip | reason=insufficient_history | signals=0 | elapsed_s=0.608
2026-04-04 04:13:41 | symbol_done | idx=189 | total=654 | symbol=LYNUSDT | status=skip | reason=no_latest_setup | signals=0 | elapsed_s=1.311
2026-04-04 04:13:41 | symbol_done | idx=190 | total=654 | symbol=REEFUSDT | status=skip | reason=no_setup | signals=0 | elapsed_s=0.665
2026-04-04 04:13:42 | symbol_done | idx=191 | total=654 | symbol=SKATEUSDT | status=skip | reason=no_setup | signals=0 | elapsed_s=0.670
2026-04-04 04:13:43 | symbol_done | idx=192 | total=654 | symbol=POLUSDT | status=skip | reason=no_latest_setup | signals=0 | elapsed_s=1.164
2026-04-04 04:13:44 | symbol_done | idx=193 | total=654 | symbol=XEMUSDT | status=skip | reason=no_setup | signals=0 | elapsed_s=0.655
2026-04-04 04:13:45 | symbol_done | idx=194 | total=654 | symbol=IPUSDT | status=skip | reason=no_latest_setup | signals=0 | elapsed_s=1.151
2026-04-04 04:13:46 | symbol_done | idx=195 | total=654 | symbol=AXSUSDT | status=skip | reason=no_latest_setup | signals=0 | elapsed_s=1.101
2026-04-04 04:13:47 | symbol_done | idx=196 | total=654 | symbol=ROBOUSDT | status=skip | reason=no_latest_setup | signals=0 | elapsed_s=0.439
2026-04-04 04:13:48 | symbol_done | idx=197 | total=654 | symbol=SAHARAUSDT | status=skip | reason=no_latest_setup | signals=0 | elapsed_s=1.569
2026-04-04 04:13:49 | symbol_done | idx=198 | total=654 | symbol=VETUSDT | status=skip | reason=no_latest_setup | signals=0 | elapsed_s=1.157
2026-04-04 04:13:50 | symbol_done | idx=199 | total=654 | symbol=HOOKUSDT | status=skip | reason=no_latest_setup | signals=0 | elapsed_s=1.052
2026-04-04 04:13:52 | symbol_done | idx=200 | total=654 | symbol=WUSDT | status=skip | reason=no_latest_setup | signals=0 | elapsed_s=1.184
2026-04-04 04:13:53 | symbol_done | idx=201 | total=654 | symbol=ANKRUSDT | status=skip | reason=no_latest_setup | signals=0 | elapsed_s=1.036
2026-04-04 04:13:53 | symbol_done | idx=202 | total=654 | symbol=DARUSDT | status=skip | reason=no_setup | signals=0 | elapsed_s=0.660
2026-04-04 04:13:54 | symbol_done | idx=203 | total=654 | symbol=ICXUSDT | status=skip | reason=no_latest_setup | signals=0 | elapsed_s=1.098
2026-04-04 04:13:55 | symbol_done | idx=204 | total=654 | symbol=THETAUSDT | status=skip | reason=no_latest_setup | signals=0 | elapsed_s=0.939
2026-04-04 04:13:56 | symbol_done | idx=205 | total=654 | symbol=0GUSDT | status=skip | reason=no_latest_setup | signals=0 | elapsed_s=0.967
2026-04-04 04:13:57 | symbol_done | idx=206 | total=654 | symbol=DUSKUSDT | status=skip | reason=no_latest_setup | signals=0 | elapsed_s=1.075
2026-04-04 04:13:58 | symbol_done | idx=207 | total=654 | symbol=ACHUSDT | status=skip | reason=no_latest_setup | signals=0 | elapsed_s=0.929
2026-04-04 04:13:59 | symbol_done | idx=208 | total=654 | symbol=KAITOUSDT | status=skip | reason=no_latest_setup | signals=0 | elapsed_s=0.902
2026-04-04 04:14:00 | symbol_done | idx=209 | total=654 | symbol=SANDUSDT | status=skip | reason=no_latest_setup | signals=0 | elapsed_s=0.841
2026-04-04 04:14:01 | symbol_done | idx=210 | total=654 | symbol=OGNUSDT | status=skip | reason=no_latest_setup | signals=0 | elapsed_s=0.797
2026-04-04 04:14:03 | symbol_done | idx=211 | total=654 | symbol=PYTHUSDT | status=skip | reason=no_latest_setup | signals=0 | elapsed_s=1.620
2026-04-04 04:14:05 | symbol_done | idx=213 | total=654 | symbol=RESOLVUSDT | status=skip | reason=no_latest_setup | signals=0 | elapsed_s=0.986
2026-04-04 04:14:06 | symbol_done | idx=214 | total=654 | symbol=DAMUSDT | status=skip | reason=no_latest_setup | signals=0 | elapsed_s=0.884
2026-04-04 04:14:06 | symbol_done | idx=215 | total=654 | symbol=IOTAUSDT | status=skip | reason=no_latest_setup | signals=0 | elapsed_s=0.830
2026-04-04 04:14:08 | symbol_done | idx=216 | total=654 | symbol=CUDISUSDT | status=skip | reason=no_setup | signals=0 | elapsed_s=1.254
2026-04-04 04:14:08 | symbol_done | idx=217 | total=654 | symbol=OPNUSDT | status=skip | reason=no_latest_setup | signals=0 | elapsed_s=0.510
2026-04-04 04:14:09 | symbol_done | idx=218 | total=654 | symbol=STGUSDT | status=skip | reason=no_latest_setup | signals=0 | elapsed_s=1.075
2026-04-04 04:14:10 | symbol_done | idx=219 | total=654 | symbol=TSLAUSDT | status=skip | reason=no_setup | signals=0 | elapsed_s=0.957
2026-04-04 04:14:11 | symbol_done | idx=220 | total=654 | symbol=BANANAS31USDT | status=skip | reason=no_latest_setup | signals=0 | elapsed_s=1.046
2026-04-04 04:14:12 | symbol_done | idx=221 | total=654 | symbol=ZENUSDT | status=skip | reason=no_latest_setup | signals=0 | elapsed_s=0.978
2026-04-04 04:14:13 | symbol_done | idx=222 | total=654 | symbol=PHAUSDT | status=skip | reason=no_latest_setup | signals=0 | elapsed_s=0.979
2026-04-04 04:14:14 | symbol_done | idx=223 | total=654 | symbol=1000LUNCUSDT | status=skip | reason=no_latest_setup | signals=0 | elapsed_s=0.979
2026-04-04 04:14:15 | symbol_done | idx=224 | total=654 | symbol=ETHFIUSDT | status=skip | reason=no_latest_setup | signals=0 | elapsed_s=0.962
2026-04-04 04:14:16 | symbol_done | idx=225 | total=654 | symbol=STRKUSDT | status=skip | reason=no_latest_setup | signals=0 | elapsed_s=0.971
2026-04-04 04:14:17 | symbol_done | idx=226 | total=654 | symbol=GLMRUSDT | status=skip | reason=no_setup | signals=0 | elapsed_s=1.145
2026-04-04 04:14:18 | symbol_done | idx=227 | total=654 | symbol=BERAUSDT | status=skip | reason=no_latest_setup | signals=0 | elapsed_s=1.112
2026-04-04 04:14:19 | symbol_done | idx=228 | total=654 | symbol=SENTUSDT | status=skip | reason=no_latest_setup | signals=0 | elapsed_s=1.004
2026-04-04 04:14:20 | symbol_done | idx=229 | total=654 | symbol=NMRUSDT | status=skip | reason=no_latest_setup | signals=0 | elapsed_s=0.948
2026-04-04 04:14:21 | symbol_done | idx=230 | total=654 | symbol=HFTUSDT | status=skip | reason=no_latest_setup | signals=0 | elapsed_s=1.099
2026-04-04 04:14:22 | symbol_done | idx=231 | total=654 | symbol=QNTUSDT | status=skip | reason=no_latest_setup | signals=0 | elapsed_s=0.901
2026-04-04 04:14:23 | symbol_done | idx=232 | total=654 | symbol=CETUSUSDT | status=skip | reason=no_latest_setup | signals=0 | elapsed_s=0.802
2026-04-04 04:14:24 | symbol_done | idx=233 | total=654 | symbol=NTRNUSDT | status=skip | reason=no_latest_setup | signals=0 | elapsed_s=0.753
2026-04-04 04:14:25 | symbol_done | idx=234 | total=654 | symbol=DEXEUSDT | status=skip | reason=no_latest_setup | signals=0 | elapsed_s=1.003
2026-04-04 04:14:26 | symbol_done | idx=235 | total=654 | symbol=MILKUSDT | status=skip | reason=no_setup | signals=0 | elapsed_s=1.183
2026-04-04 04:14:27 | symbol_done | idx=236 | total=654 | symbol=RADUSDT | status=skip | reason=no_setup | signals=0 | elapsed_s=0.684
2026-04-04 04:14:28 | symbol_done | idx=237 | total=654 | symbol=RAYSOLUSDT | status=skip | reason=no_latest_setup | signals=0 | elapsed_s=1.081
2026-04-04 04:14:29 | symbol_done | idx=238 | total=654 | symbol=RLSUSDT | status=skip | reason=no_latest_setup | signals=0 | elapsed_s=0.968
2026-04-04 04:14:29 | symbol_done | idx=239 | total=654 | symbol=FLMUSDT | status=skip | reason=no_setup | signals=0 | elapsed_s=0.636
2026-04-04 04:14:30 | symbol_done | idx=240 | total=654 | symbol=HEIUSDT | status=skip | reason=no_latest_setup | signals=0 | elapsed_s=0.953
2026-04-04 04:14:31 | symbol_done | idx=241 | total=654 | symbol=EIGENUSDT | status=skip | reason=no_latest_setup | signals=0 | elapsed_s=1.057
2026-04-04 04:14:32 | symbol_done | idx=242 | total=654 | symbol=GIGGLEUSDT | status=skip | reason=no_latest_setup | signals=0 | elapsed_s=0.790
2026-04-04 04:14:33 | symbol_done | idx=243 | total=654 | symbol=LRCUSDT | status=skip | reason=no_latest_setup | signals=0 | elapsed_s=0.776
2026-04-04 04:14:34 | symbol_done | idx=244 | total=654 | symbol=SAPIENUSDT | status=skip | reason=no_latest_setup | signals=0 | elapsed_s=0.879
2026-04-04 04:14:35 | symbol_done | idx=245 | total=654 | symbol=BULLAUSDT | status=skip | reason=no_latest_setup | signals=0 | elapsed_s=0.824
2026-04-04 04:14:36 | symbol_done | idx=246 | total=654 | symbol=ENSOUSDT | status=skip | reason=no_latest_setup | signals=0 | elapsed_s=1.054
2026-04-04 04:14:37 | symbol_done | idx=247 | total=654 | symbol=1000FLOKIUSDT | status=skip | reason=no_latest_setup | signals=0 | elapsed_s=0.975
2026-04-04 04:14:37 | symbol_done | idx=248 | total=654 | symbol=REIUSDT | status=skip | reason=no_setup | signals=0 | elapsed_s=0.623
2026-04-04 04:14:38 | symbol_done | idx=249 | total=654 | symbol=BADGERUSDT | status=skip | reason=no_setup | signals=0 | elapsed_s=0.726
2026-04-04 04:14:39 | symbol_done | idx=250 | total=654 | symbol=ARCUSDT | status=skip | reason=no_latest_setup | signals=0 | elapsed_s=1.107
2026-04-04 04:14:40 | symbol_done | idx=251 | total=654 | symbol=STBLUSDT | status=skip | reason=no_latest_setup | signals=0 | elapsed_s=1.082
2026-04-04 04:14:41 | symbol_done | idx=252 | total=654 | symbol=EDENUSDT | status=skip | reason=no_latest_setup | signals=0 | elapsed_s=0.951
2026-04-04 04:14:42 | symbol_done | idx=253 | total=654 | symbol=OLUSDT | status=skip | reason=no_latest_setup | signals=0 | elapsed_s=1.003
2026-04-04 04:14:43 | symbol_done | idx=254 | total=654 | symbol=PENDLEUSDT | status=skip | reason=no_latest_setup | signals=0 | elapsed_s=0.857
2026-04-04 04:14:44 | symbol_done | idx=255 | total=654 | symbol=LUNA2USDT | status=skip | reason=no_latest_setup | signals=0 | elapsed_s=0.924
2026-04-04 04:14:45 | symbol_done | idx=256 | total=654 | symbol=MYXUSDT | status=skip | reason=no_latest_setup | signals=0 | elapsed_s=0.969
2026-04-04 04:14:46 | symbol_done | idx=257 | total=654 | symbol=VFYUSDT | status=skip | reason=no_latest_setup | signals=0 | elapsed_s=0.845
2026-04-04 04:14:47 | symbol_done | idx=258 | total=654 | symbol=PEOPLEUSDT | status=skip | reason=no_latest_setup | signals=0 | elapsed_s=0.768
2026-04-04 04:14:47 | symbol_done | idx=259 | total=654 | symbol=USELESSUSDT | status=skip | reason=no_latest_setup | signals=0 | elapsed_s=0.750
2026-04-04 04:14:48 | symbol_done | idx=260 | total=654 | symbol=ICNTUSDT | status=skip | reason=no_latest_setup | signals=0 | elapsed_s=0.852
2026-04-04 04:14:49 | symbol_done | idx=261 | total=654 | symbol=DEFIUSDT | status=skip | reason=no_setup | signals=0 | elapsed_s=0.794
2026-04-04 04:14:51 | symbol_done | idx=262 | total=654 | symbol=REZUSDT | status=skip | reason=no_latest_setup | signals=0 | elapsed_s=1.889
2026-04-04 04:14:53 | symbol_done | idx=263 | total=654 | symbol=GWEIUSDT | status=skip | reason=no_latest_setup | signals=0 | elapsed_s=1.708
2026-04-04 04:14:54 | symbol_done | idx=264 | total=654 | symbol=NEIROUSDT | status=skip | reason=no_latest_setup | signals=0 | elapsed_s=1.259
2026-04-04 04:14:55 | symbol_done | idx=265 | total=654 | symbol=PLAYUSDT | status=skip | reason=no_latest_setup | signals=0 | elapsed_s=1.123
2026-04-04 04:14:57 | symbol_done | idx=266 | total=654 | symbol=POWERUSDT | status=skip | reason=no_latest_setup | signals=0 | elapsed_s=1.743
2026-04-04 04:14:58 | symbol_done | idx=267 | total=654 | symbol=NKNUSDT | status=skip | reason=no_setup | signals=0 | elapsed_s=1.206
2026-04-04 04:15:00 | symbol_done | idx=268 | total=654 | symbol=XNYUSDT | status=skip | reason=no_latest_setup | signals=0 | elapsed_s=1.765
2026-04-04 04:15:01 | symbol_done | idx=269 | total=654 | symbol=SNXUSDT | status=skip | reason=no_latest_setup | signals=0 | elapsed_s=1.578
2026-04-04 04:15:03 | symbol_done | idx=270 | total=654 | symbol=BANUSDT | status=skip | reason=no_latest_setup | signals=0 | elapsed_s=1.777
2026-04-04 04:15:04 | symbol_done | idx=271 | total=654 | symbol=LINEAUSDT | status=skip | reason=no_latest_setup | signals=0 | elapsed_s=1.189
2026-04-04 04:15:05 | symbol_done | idx=272 | total=654 | symbol=EULUSDT | status=skip | reason=no_latest_setup | signals=0 | elapsed_s=1.238
2026-04-04 04:15:07 | symbol_done | idx=273 | total=654 | symbol=AIXBTUSDT | status=skip | reason=no_latest_setup | signals=0 | elapsed_s=1.133
2026-04-04 04:15:07 | symbol_done | idx=274 | total=654 | symbol=ORBSUSDT | status=skip | reason=no_setup | signals=0 | elapsed_s=0.685
2026-04-04 04:15:08 | symbol_done | idx=275 | total=654 | symbol=THEUSDT | status=skip | reason=no_latest_setup | signals=0 | elapsed_s=1.005
2026-04-04 04:15:09 | symbol_done | idx=276 | total=654 | symbol=ZAMAUSDT | status=skip | reason=no_latest_setup | signals=0 | elapsed_s=1.003
2026-04-04 04:15:10 | symbol_done | idx=277 | total=654 | symbol=MANAUSDT | status=skip | reason=no_latest_setup | signals=0 | elapsed_s=0.841
2026-04-04 04:15:11 | symbol_done | idx=278 | total=654 | symbol=COSUSDT | status=skip | reason=no_latest_setup | signals=0 | elapsed_s=1.021
2026-04-04 04:15:12 | symbol_done | idx=279 | total=654 | symbol=PTBUSDT | status=skip | reason=no_latest_setup | signals=0 | elapsed_s=1.018
2026-04-04 04:15:13 | symbol_done | idx=280 | total=654 | symbol=1000WHYUSDT | status=skip | reason=no_latest_setup | signals=0 | elapsed_s=0.982
2026-04-04 04:15:14 | symbol_done | idx=281 | total=654 | symbol=BALUSDT | status=skip | reason=no_setup | signals=0 | elapsed_s=0.637
2026-04-04 04:15:15 | symbol_done | idx=282 | total=654 | symbol=JTOUSDT | status=skip | reason=no_latest_setup | signals=0 | elapsed_s=0.848
2026-04-04 04:15:15 | symbol_done | idx=283 | total=654 | symbol=ENJUSDT | status=skip | reason=no_latest_setup | signals=0 | elapsed_s=0.791
2026-04-04 04:15:16 | symbol_done | idx=284 | total=654 | symbol=ZRCUSDT | status=skip | reason=no_setup | signals=0 | elapsed_s=0.655
2026-04-04 04:15:17 | symbol_done | idx=285 | total=654 | symbol=DEGOUSDT | status=skip | reason=no_latest_setup | signals=0 | elapsed_s=1.384
2026-04-04 04:15:18 | symbol_done | idx=286 | total=654 | symbol=METUSDT | status=skip | reason=no_latest_setup | signals=0 | elapsed_s=0.798
2026-04-04 04:15:19 | symbol_done | idx=287 | total=654 | symbol=STMXUSDT | status=skip | reason=no_setup | signals=0 | elapsed_s=0.651
2026-04-04 04:15:20 | symbol_done | idx=288 | total=654 | symbol=IDUSDT | status=skip | reason=no_latest_setup | signals=0 | elapsed_s=0.787
2026-04-04 04:15:21 | symbol_done | idx=289 | total=654 | symbol=MINAUSDT | status=skip | reason=no_latest_setup | signals=0 | elapsed_s=0.849
2026-04-04 04:15:21 | symbol_done | idx=290 | total=654 | symbol=PNUTUSDT | status=skip | reason=no_latest_setup | signals=0 | elapsed_s=0.906
2026-04-04 04:15:22 | symbol_done | idx=291 | total=654 | symbol=COLLECTUSDT | status=skip | reason=no_latest_setup | signals=0 | elapsed_s=0.849
2026-04-04 04:15:23 | symbol_done | idx=292 | total=654 | symbol=SKYUSDT | status=skip | reason=no_latest_setup | signals=0 | elapsed_s=0.827
2026-04-04 04:15:25 | symbol_done | idx=293 | total=654 | symbol=JCTUSDT | status=skip | reason=no_latest_setup | signals=0 | elapsed_s=2.305
2026-04-04 04:15:27 | symbol_done | idx=294 | total=654 | symbol=TRBUSDT | status=skip | reason=no_latest_setup | signals=0 | elapsed_s=1.236
2026-04-04 04:15:27 | symbol_done | idx=295 | total=654 | symbol=FXSUSDT | status=skip | reason=no_setup | signals=0 | elapsed_s=0.646
2026-04-04 04:15:28 | symbol_done | idx=296 | total=654 | symbol=MYROUSDT | status=skip | reason=no_setup | signals=0 | elapsed_s=1.065
2026-04-04 04:15:30 | symbol_done | idx=297 | total=654 | symbol=GMTUSDT | status=skip | reason=no_latest_setup | signals=0 | elapsed_s=1.125
2026-04-04 04:15:30 | symbol_done | idx=298 | total=654 | symbol=GHSTUSDT | status=skip | reason=no_setup | signals=0 | elapsed_s=0.692
2026-04-04 04:15:32 | symbol_done | idx=299 | total=654 | symbol=4USDT | status=skip | reason=no_latest_setup | signals=0 | elapsed_s=1.540
2026-04-04 04:15:33 | symbol_done | idx=300 | total=654 | symbol=ARUSDT | status=skip | reason=no_latest_setup | signals=0 | elapsed_s=1.071
2026-04-04 04:15:34 | symbol_done | idx=301 | total=654 | symbol=SKYAIUSDT | status=skip | reason=no_latest_setup | signals=0 | elapsed_s=1.221
2026-04-04 04:15:35 | symbol_done | idx=302 | total=654 | symbol=INITUSDT | status=skip | reason=no_latest_setup | signals=0 | elapsed_s=1.038
2026-04-04 04:15:37 | symbol_done | idx=303 | total=654 | symbol=MSTRUSDT | status=skip | reason=no_latest_setup | signals=0 | elapsed_s=1.550
2026-04-04 04:15:38 | symbol_done | idx=304 | total=654 | symbol=CAKEUSDT | status=skip | reason=no_latest_setup | signals=0 | elapsed_s=1.125
2026-04-04 04:15:38 | symbol_done | idx=305 | total=654 | symbol=1000XUSDT | status=skip | reason=no_setup | signals=0 | elapsed_s=0.681
2026-04-04 04:15:40 | symbol_done | idx=306 | total=654 | symbol=UBUSDT | status=skip | reason=no_latest_setup | signals=0 | elapsed_s=1.651
2026-04-04 04:15:42 | symbol_done | idx=307 | total=654 | symbol=DEGENUSDT | status=skip | reason=no_latest_setup | signals=0 | elapsed_s=1.965
2026-04-04 04:15:43 | symbol_done | idx=308 | total=654 | symbol=ESPUSDT | status=skip | reason=no_latest_setup | signals=0 | elapsed_s=1.010
2026-04-04 04:15:44 | symbol_done | idx=309 | total=654 | symbol=ATHUSDT | status=skip | reason=no_latest_setup | signals=0 | elapsed_s=1.372
2026-04-04 04:15:46 | symbol_done | idx=310 | total=654 | symbol=GRTUSDT | status=skip | reason=no_latest_setup | signals=0 | elapsed_s=1.132
2026-04-04 04:15:47 | symbol_done | idx=311 | total=654 | symbol=SHELLUSDT | status=skip | reason=no_latest_setup | signals=0 | elapsed_s=1.246
2026-04-04 04:15:49 | symbol_done | idx=312 | total=654 | symbol=BOMEUSDT | status=skip | reason=no_latest_setup | signals=0 | elapsed_s=2.190
2026-04-04 04:15:50 | symbol_done | idx=313 | total=654 | symbol=LIGHTUSDT | status=skip | reason=no_latest_setup | signals=0 | elapsed_s=1.041
2026-04-04 04:15:51 | symbol_done | idx=314 | total=654 | symbol=EDUUSDT | status=skip | reason=no_latest_setup | signals=0 | elapsed_s=1.104
2026-04-04 04:15:52 | symbol_done | idx=315 | total=654 | symbol=CELOUSDT | status=skip | reason=no_latest_setup | signals=0 | elapsed_s=1.021
2026-04-04 04:15:53 | symbol_done | idx=316 | total=654 | symbol=TWTUSDT | status=skip | reason=no_latest_setup | signals=0 | elapsed_s=1.062
2026-04-04 04:15:54 | symbol_done | idx=317 | total=654 | symbol=HOODUSDT | status=skip | reason=no_latest_setup | signals=0 | elapsed_s=0.818
2026-04-04 04:15:55 | symbol_done | idx=318 | total=654 | symbol=FORTHUSDT | status=skip | reason=no_latest_setup | signals=0 | elapsed_s=0.798
2026-04-04 04:15:56 | symbol_done | idx=319 | total=654 | symbol=MOODENGUSDT | status=skip | reason=no_latest_setup | signals=0 | elapsed_s=1.096
2026-04-04 04:15:57 | symbol_done | idx=320 | total=654 | symbol=XCNUSDT | status=skip | reason=no_setup | signals=0 | elapsed_s=0.601
2026-04-04 04:15:57 | symbol_done | idx=321 | total=654 | symbol=DFUSDT | status=skip | reason=no_setup | signals=0 | elapsed_s=0.646
2026-04-04 04:15:58 | symbol_done | idx=322 | total=654 | symbol=TOWNSUSDT | status=skip | reason=no_latest_setup | signals=0 | elapsed_s=0.944
2026-04-04 04:15:59 | symbol_done | idx=323 | total=654 | symbol=SUSHIUSDT | status=skip | reason=no_latest_setup | signals=0 | elapsed_s=0.963
2026-04-04 04:16:01 | symbol_done | idx=324 | total=654 | symbol=PROVEUSDT | status=skip | reason=no_latest_setup | signals=0 | elapsed_s=1.420
2026-04-04 04:16:02 | symbol_done | idx=325 | total=654 | symbol=CFXUSDT | status=skip | reason=no_latest_setup | signals=0 | elapsed_s=1.090
2026-04-04 04:16:03 | symbol_done | idx=326 | total=654 | symbol=SWARMSUSDT | status=skip | reason=no_latest_setup | signals=0 | elapsed_s=1.013
2026-04-04 04:16:04 | symbol_done | idx=327 | total=654 | symbol=FLOWUSDT | status=skip | reason=no_latest_setup | signals=0 | elapsed_s=0.990
2026-04-04 04:16:05 | symbol_done | idx=328 | total=654 | symbol=MIRAUSDT | status=skip | reason=no_latest_setup | signals=0 | elapsed_s=0.994
2026-04-04 04:16:06 | symbol_done | idx=329 | total=654 | symbol=SUSDT | status=skip | reason=no_latest_setup | signals=0 | elapsed_s=1.007
2026-04-04 04:16:07 | symbol_done | idx=330 | total=654 | symbol=CCUSDT | status=skip | reason=no_latest_setup | signals=0 | elapsed_s=1.020
2026-04-04 04:16:09 | symbol_done | idx=331 | total=654 | symbol=ONEUSDT | status=skip | reason=no_latest_setup | signals=0 | elapsed_s=2.585
2026-04-04 04:16:10 | symbol_done | idx=332 | total=654 | symbol=FORMUSDT | status=skip | reason=no_latest_setup | signals=0 | elapsed_s=1.099
2026-04-04 04:16:11 | symbol_done | idx=333 | total=654 | symbol=DMCUSDT | status=skip | reason=no_setup | signals=0 | elapsed_s=0.682
2026-04-04 04:16:12 | symbol_done | idx=334 | total=654 | symbol=COMPUSDT | status=skip | reason=no_latest_setup | signals=0 | elapsed_s=1.119
2026-04-04 04:16:13 | symbol_done | idx=335 | total=654 | symbol=USUALUSDT | status=skip | reason=no_latest_setup | signals=0 | elapsed_s=1.019
2026-04-04 04:16:14 | symbol_done | idx=336 | total=654 | symbol=NAORISUSDT | status=skip | reason=no_latest_setup | signals=0 | elapsed_s=0.850
2026-04-04 04:16:15 | symbol_done | idx=337 | total=654 | symbol=DYMUSDT | status=skip | reason=no_latest_setup | signals=0 | elapsed_s=0.765
2026-04-04 04:16:16 | symbol_done | idx=338 | total=654 | symbol=STXUSDT | status=skip | reason=no_latest_setup | signals=0 | elapsed_s=0.787
2026-04-04 04:16:16 | symbol_done | idx=339 | total=654 | symbol=STPTUSDT | status=skip | reason=no_setup | signals=0 | elapsed_s=0.628
2026-04-04 04:16:17 | symbol_done | idx=340 | total=654 | symbol=ALICEUSDT | status=skip | reason=no_latest_setup | signals=0 | elapsed_s=0.784
2026-04-04 04:16:18 | symbol_done | idx=341 | total=654 | symbol=STEEMUSDT | status=skip | reason=no_latest_setup | signals=0 | elapsed_s=0.789
2026-04-04 04:16:18 | symbol_done | idx=342 | total=654 | symbol=XTZUSDT | status=skip | reason=no_latest_setup | signals=0 | elapsed_s=0.684
2026-04-04 04:16:19 | symbol_done | idx=343 | total=654 | symbol=ARKMUSDT | status=skip | reason=no_latest_setup | signals=0 | elapsed_s=0.783
2026-04-04 04:16:20 | symbol_done | idx=344 | total=654 | symbol=AIUSDT | status=skip | reason=no_latest_setup | signals=0 | elapsed_s=0.910
2026-04-04 04:16:22 | symbol_done | idx=345 | total=654 | symbol=EPICUSDT | status=skip | reason=no_latest_setup | signals=0 | elapsed_s=1.898
2026-04-04 04:16:23 | symbol_done | idx=346 | total=654 | symbol=AUSDT | status=skip | reason=no_latest_setup | signals=0 | elapsed_s=1.092
2026-04-04 04:16:25 | symbol_done | idx=347 | total=654 | symbol=FOLKSUSDT | status=skip | reason=no_latest_setup | signals=0 | elapsed_s=1.586
2026-04-04 04:16:25 | symbol_done | idx=348 | total=654 | symbol=MANTRAUSDT | status=skip | reason=no_latest_setup | signals=0 | elapsed_s=0.417
2026-04-04 04:16:26 | symbol_done | idx=349 | total=654 | symbol=CLOUSDT | status=skip | reason=no_latest_setup | signals=0 | elapsed_s=1.267
2026-04-04 04:16:31 | symbol_done | idx=350 | total=654 | symbol=GUNUSDT | status=skip | reason=no_latest_setup | signals=0 | elapsed_s=4.842
2026-04-04 04:16:34 | symbol_done | idx=351 | total=654 | symbol=ROSEUSDT | status=skip | reason=no_latest_setup | signals=0 | elapsed_s=3.174
2026-04-04 04:16:36 | symbol_done | idx=352 | total=654 | symbol=SUPERUSDT | status=skip | reason=no_latest_setup | signals=0 | elapsed_s=1.403
2026-04-04 04:16:38 | symbol_done | idx=353 | total=654 | symbol=ANIMEUSDT | status=skip | reason=no_latest_setup | signals=0 | elapsed_s=2.470
2026-04-04 04:16:40 | symbol_done | idx=354 | total=654 | symbol=CHILLGUYUSDT | status=skip | reason=no_latest_setup | signals=0 | elapsed_s=1.435
2026-04-04 04:16:41 | symbol_done | idx=355 | total=654 | symbol=HOMEUSDT | status=skip | reason=no_latest_setup | signals=0 | elapsed_s=1.110
2026-04-04 04:16:43 | symbol_done | idx=356 | total=654 | symbol=GUSDT | status=skip | reason=no_latest_setup | signals=0 | elapsed_s=1.999
2026-04-04 04:16:44 | symbol_done | idx=357 | total=654 | symbol=BSVUSDT | status=skip | reason=no_latest_setup | signals=0 | elapsed_s=1.103
2026-04-04 04:16:45 | symbol_done | idx=358 | total=654 | symbol=SPACEUSDT | status=skip | reason=no_latest_setup | signals=0 | elapsed_s=1.288
2026-04-04 04:16:46 | symbol_done | idx=359 | total=654 | symbol=FFUSDT | status=skip | reason=no_latest_setup | signals=0 | elapsed_s=1.123
2026-04-04 04:16:47 | symbol_done | idx=360 | total=654 | symbol=FOGOUSDT | status=skip | reason=no_latest_setup | signals=0 | elapsed_s=1.051
2026-04-04 04:16:49 | symbol_done | idx=361 | total=654 | symbol=MOVEUSDT | status=skip | reason=no_latest_setup | signals=0 | elapsed_s=1.255
2026-04-04 04:16:50 | symbol_done | idx=362 | total=654 | symbol=MEUSDT | status=skip | reason=no_latest_setup | signals=0 | elapsed_s=1.105
2026-04-04 04:16:51 | symbol_done | idx=363 | total=654 | symbol=ARPAUSDT | status=skip | reason=no_latest_setup | signals=0 | elapsed_s=1.143
2026-04-04 04:16:52 | symbol_done | idx=364 | total=654 | symbol=SWELLUSDT | status=skip | reason=no_setup | signals=0 | elapsed_s=0.739
2026-04-04 04:16:53 | symbol_done | idx=365 | total=654 | symbol=TRADOORUSDT | status=skip | reason=no_latest_setup | signals=0 | elapsed_s=1.120
2026-04-04 04:16:55 | symbol_done | idx=366 | total=654 | symbol=SPXUSDT | status=skip | reason=no_latest_setup | signals=0 | elapsed_s=2.025
2026-04-04 04:16:56 | symbol_done | idx=367 | total=654 | symbol=ZILUSDT | status=skip | reason=no_latest_setup | signals=0 | elapsed_s=1.356
2026-04-04 04:16:58 | symbol_done | idx=368 | total=654 | symbol=BTRUSDT | status=skip | reason=no_latest_setup | signals=0 | elapsed_s=1.310
2026-04-04 04:16:59 | symbol_done | idx=369 | total=654 | symbol=KASUSDT | status=skip | reason=no_latest_setup | signals=0 | elapsed_s=1.950
2026-04-04 04:17:01 | symbol_done | idx=370 | total=654 | symbol=POWRUSDT | status=skip | reason=no_latest_setup | signals=0 | elapsed_s=1.113
2026-04-04 04:17:02 | symbol_done | idx=371 | total=654 | symbol=CKBUSDT | status=skip | reason=no_latest_setup | signals=0 | elapsed_s=1.632
2026-04-04 04:17:04 | symbol_done | idx=372 | total=654 | symbol=SXTUSDT | status=skip | reason=no_latest_setup | signals=0 | elapsed_s=1.523
2026-04-04 04:17:05 | symbol_done | idx=373 | total=654 | symbol=NILUSDT | status=skip | reason=no_latest_setup | signals=0 | elapsed_s=1.537
2026-04-04 04:17:06 | symbol_done | idx=374 | total=654 | symbol=VANRYUSDT | status=skip | reason=no_latest_setup | signals=0 | elapsed_s=1.155
2026-04-04 04:17:08 | symbol_done | idx=375 | total=654 | symbol=BANANAUSDT | status=skip | reason=no_latest_setup | signals=0 | elapsed_s=1.108
2026-04-04 04:17:09 | symbol_done | idx=376 | total=654 | symbol=GRIFFAINUSDT | status=skip | reason=no_latest_setup | signals=0 | elapsed_s=1.074
2026-04-04 04:17:10 | symbol_done | idx=377 | total=654 | symbol=NFPUSDT | status=skip | reason=no_latest_setup | signals=0 | elapsed_s=1.166
2026-04-04 04:17:11 | symbol_done | idx=378 | total=654 | symbol=FIGHTUSDT | status=skip | reason=no_latest_setup | signals=0 | elapsed_s=1.113
2026-04-04 04:17:12 | symbol_done | idx=379 | total=654 | symbol=IRYSUSDT | status=skip | reason=no_latest_setup | signals=0 | elapsed_s=0.989
2026-04-04 04:17:13 | symbol_done | idx=380 | total=654 | symbol=LAUSDT | status=skip | reason=no_latest_setup | signals=0 | elapsed_s=0.965
2026-04-04 04:17:14 | symbol_done | idx=381 | total=654 | symbol=RAREUSDT | status=skip | reason=no_latest_setup | signals=0 | elapsed_s=0.814
2026-04-04 04:17:14 | symbol_done | idx=382 | total=654 | symbol=AVNTUSDT | status=skip | reason=no_latest_setup | signals=0 | elapsed_s=0.774
2026-04-04 04:17:15 | symbol_done | idx=383 | total=654 | symbol=JSTUSDT | status=skip | reason=no_latest_setup | signals=0 | elapsed_s=1.020
2026-04-04 04:17:16 | symbol_done | idx=384 | total=654 | symbol=DOLOUSDT | status=skip | reason=no_latest_setup | signals=0 | elapsed_s=0.911
2026-04-04 04:17:17 | symbol_done | idx=385 | total=654 | symbol=UAIUSDT | status=skip | reason=no_latest_setup | signals=0 | elapsed_s=0.774
2026-04-04 04:17:18 | symbol_done | idx=386 | total=654 | symbol=KAVAUSDT | status=skip | reason=no_latest_setup | signals=0 | elapsed_s=0.739
2026-04-04 04:17:19 | symbol_done | idx=387 | total=654 | symbol=1000000BOBUSDT | status=skip | reason=no_latest_setup | signals=0 | elapsed_s=0.853
2026-04-04 04:17:20 | symbol_done | idx=388 | total=654 | symbol=PARTIUSDT | status=skip | reason=no_latest_setup | signals=0 | elapsed_s=0.788
2026-04-04 04:17:20 | symbol_done | idx=389 | total=654 | symbol=USUSDT | status=skip | reason=no_latest_setup | signals=0 | elapsed_s=0.786
2026-04-04 04:17:21 | symbol_done | idx=390 | total=654 | symbol=MERLUSDT | status=skip | reason=no_latest_setup | signals=0 | elapsed_s=0.763
2026-04-04 04:17:22 | symbol_done | idx=391 | total=654 | symbol=COTIUSDT | status=skip | reason=no_latest_setup | signals=0 | elapsed_s=0.811
2026-04-04 04:17:23 | symbol_done | idx=392 | total=654 | symbol=XANUSDT | status=skip | reason=no_latest_setup | signals=0 | elapsed_s=0.833
2026-04-04 04:17:25 | symbol_done | idx=393 | total=654 | symbol=RAVEUSDT | status=skip | reason=no_latest_setup | signals=0 | elapsed_s=1.869
2026-04-04 04:17:26 | symbol_done | idx=394 | total=654 | symbol=EGLDUSDT | status=skip | reason=no_latest_setup | signals=0 | elapsed_s=0.900
2026-04-04 04:17:26 | symbol_done | idx=395 | total=654 | symbol=JASMYUSDT | status=skip | reason=no_latest_setup | signals=0 | elapsed_s=0.977
2026-04-04 04:17:27 | symbol_done | idx=396 | total=654 | symbol=ENSUSDT | status=skip | reason=no_latest_setup | signals=0 | elapsed_s=0.823
2026-04-04 04:17:28 | symbol_done | idx=397 | total=654 | symbol=BABYUSDT | status=skip | reason=no_latest_setup | signals=0 | elapsed_s=0.807
2026-04-04 04:17:29 | symbol_done | idx=398 | total=654 | symbol=SKLUSDT | status=skip | reason=no_latest_setup | signals=0 | elapsed_s=0.770
2026-04-04 04:17:31 | symbol_done | idx=399 | total=654 | symbol=ATUSDT | status=skip | reason=no_latest_setup | signals=0 | elapsed_s=1.667
2026-04-04 04:17:32 | symbol_done | idx=400 | total=654 | symbol=OPENUSDT | status=skip | reason=no_latest_setup | signals=0 | elapsed_s=1.055
2026-04-04 04:17:32 | symbol_done | idx=401 | total=654 | symbol=BIDUSDT | status=skip | reason=no_setup | signals=0 | elapsed_s=0.629
2026-04-04 04:17:33 | symbol_done | idx=402 | total=654 | symbol=BLUAIUSDT | status=skip | reason=no_latest_setup | signals=0 | elapsed_s=1.063
2026-04-04 04:17:34 | symbol_done | idx=403 | total=654 | symbol=HYPERUSDT | status=skip | reason=no_latest_setup | signals=0 | elapsed_s=1.034
2026-04-04 04:17:35 | symbol_done | idx=404 | total=654 | symbol=AIAUSDT | status=skip | reason=no_latest_setup | signals=0 | elapsed_s=0.972
2026-04-04 04:17:36 | symbol_done | idx=405 | total=654 | symbol=MEMEUSDT | status=skip | reason=no_latest_setup | signals=0 | elapsed_s=1.000
2026-04-04 04:17:37 | symbol_done | idx=406 | total=654 | symbol=PHBUSDT | status=skip | reason=no_latest_setup | signals=0 | elapsed_s=0.807
2026-04-04 04:17:38 | symbol_done | idx=407 | total=654 | symbol=USDCUSDT | status=skip | reason=no_setup | signals=0 | elapsed_s=0.791
2026-04-04 04:17:38 | symbol_done | idx=408 | total=654 | symbol=EWYUSDT | status=skip | reason=no_setup | signals=0 | elapsed_s=0.304
2026-04-04 04:17:39 | symbol_done | idx=409 | total=654 | symbol=IDEXUSDT | status=skip | reason=no_setup | signals=0 | elapsed_s=1.177
2026-04-04 04:17:41 | symbol_done | idx=410 | total=654 | symbol=MORPHOUSDT | status=skip | reason=no_latest_setup | signals=0 | elapsed_s=1.139
2026-04-04 04:17:42 | symbol_done | idx=411 | total=654 | symbol=KNCUSDT | status=skip | reason=no_latest_setup | signals=0 | elapsed_s=1.021
2026-04-04 04:17:42 | symbol_done | idx=412 | total=654 | symbol=RUNEUSDT | status=skip | reason=no_latest_setup | signals=0 | elapsed_s=0.925
2026-04-04 04:17:43 | symbol_done | idx=413 | total=654 | symbol=IMXUSDT | status=skip | reason=no_latest_setup | signals=0 | elapsed_s=0.807
2026-04-04 04:17:44 | symbol_done | idx=414 | total=654 | symbol=SOMIUSDT | status=skip | reason=no_latest_setup | signals=0 | elapsed_s=0.804
2026-04-04 04:17:45 | symbol_done | idx=415 | total=654 | symbol=STORJUSDT | status=skip | reason=no_latest_setup | signals=0 | elapsed_s=0.811
2026-04-04 04:17:46 | symbol_done | idx=416 | total=654 | symbol=GRASSUSDT | status=skip | reason=no_latest_setup | signals=0 | elapsed_s=1.047
2026-04-04 04:17:47 | symbol_done | idx=417 | total=654 | symbol=AXLUSDT | status=skip | reason=no_latest_setup | signals=0 | elapsed_s=1.032
2026-04-04 04:17:48 | symbol_done | idx=418 | total=654 | symbol=INTCUSDT | status=skip | reason=no_setup | signals=0 | elapsed_s=1.365
2026-04-04 04:17:49 | symbol_done | idx=419 | total=654 | symbol=GPSUSDT | status=skip | reason=no_latest_setup | signals=0 | elapsed_s=1.079
2026-04-04 04:17:50 | symbol_done | idx=420 | total=654 | symbol=ACTUSDT | status=skip | reason=no_latest_setup | signals=0 | elapsed_s=0.982
2026-04-04 04:17:51 | symbol_done | idx=421 | total=654 | symbol=ORCAUSDT | status=skip | reason=no_latest_setup | signals=0 | elapsed_s=0.942
2026-04-04 04:17:52 | symbol_done | idx=422 | total=654 | symbol=AKTUSDT | status=skip | reason=no_latest_setup | signals=0 | elapsed_s=1.115
2026-04-04 04:17:54 | symbol_done | idx=423 | total=654 | symbol=1MBABYDOGEUSDT | status=skip | reason=no_latest_setup | signals=0 | elapsed_s=1.039
2026-04-04 04:17:55 | symbol_done | idx=424 | total=654 | symbol=FUNUSDT | status=skip | reason=no_latest_setup | signals=0 | elapsed_s=1.063
2026-04-04 04:17:55 | symbol_done | idx=425 | total=654 | symbol=BTCDOMUSDT | status=skip | reason=no_setup | signals=0 | elapsed_s=0.781
2026-04-04 04:17:56 | symbol_done | idx=426 | total=654 | symbol=IOUSDT | status=skip | reason=no_latest_setup | signals=0 | elapsed_s=0.787
2026-04-04 04:17:58 | symbol_done | idx=427 | total=654 | symbol=PLUMEUSDT | status=skip | reason=no_latest_setup | signals=0 | elapsed_s=2.012
2026-04-04 04:17:59 | symbol_done | idx=428 | total=654 | symbol=COPPERUSDT | status=skip | reason=no_setup | signals=0 | elapsed_s=0.886
2026-04-04 04:18:00 | symbol_done | idx=429 | total=654 | symbol=SPELLUSDT | status=skip | reason=no_latest_setup | signals=0 | elapsed_s=1.387
2026-04-04 04:18:02 | symbol_done | idx=430 | total=654 | symbol=SYRUPUSDT | status=skip | reason=no_latest_setup | signals=0 | elapsed_s=1.789
2026-04-04 04:18:03 | symbol_done | idx=431 | total=654 | symbol=NOTUSDT | status=skip | reason=no_latest_setup | signals=0 | elapsed_s=1.091
2026-04-04 04:18:04 | symbol_done | idx=432 | total=654 | symbol=NVDAUSDT | status=skip | reason=insufficient_history | signals=0 | elapsed_s=0.555
2026-04-04 04:18:05 | symbol_done | idx=433 | total=654 | symbol=COINUSDT | status=skip | reason=no_latest_setup | signals=0 | elapsed_s=0.915
2026-04-04 04:18:06 | symbol_done | idx=434 | total=654 | symbol=SAFEUSDT | status=skip | reason=no_latest_setup | signals=0 | elapsed_s=1.025
2026-04-04 04:18:07 | symbol_done | idx=435 | total=654 | symbol=BMTUSDT | status=skip | reason=no_latest_setup | signals=0 | elapsed_s=1.128
2026-04-04 04:18:07 | symbol_done | idx=436 | total=654 | symbol=龙虾USDT | status=skip | reason=no_latest_setup | signals=0 | elapsed_s=0.424
2026-04-04 04:18:08 | symbol_done | idx=437 | total=654 | symbol=ZEREBROUSDT | status=skip | reason=no_latest_setup | signals=0 | elapsed_s=1.048
2026-04-04 04:18:10 | symbol_done | idx=438 | total=654 | symbol=1000RATSUSDT | status=skip | reason=no_latest_setup | signals=0 | elapsed_s=1.585
2026-04-04 04:18:11 | symbol_done | idx=439 | total=654 | symbol=YGGUSDT | status=skip | reason=no_latest_setup | signals=0 | elapsed_s=1.112
2026-04-04 04:18:12 | symbol_done | idx=440 | total=654 | symbol=XAIUSDT | status=skip | reason=no_latest_setup | signals=0 | elapsed_s=1.363
2026-04-04 04:18:14 | symbol_done | idx=441 | total=654 | symbol=AGLDUSDT | status=skip | reason=no_latest_setup | signals=0 | elapsed_s=1.098
2026-04-04 04:18:15 | symbol_done | idx=442 | total=654 | symbol=YFIUSDT | status=skip | reason=no_latest_setup | signals=0 | elapsed_s=1.140
2026-04-04 04:18:16 | symbol_done | idx=443 | total=654 | symbol=LAYERUSDT | status=skip | reason=no_latest_setup | signals=0 | elapsed_s=1.108
2026-04-04 04:18:18 | symbol_done | idx=444 | total=654 | symbol=POPCATUSDT | status=skip | reason=no_latest_setup | signals=0 | elapsed_s=2.045
2026-04-04 04:18:21 | symbol_done | idx=445 | total=654 | symbol=HMSTRUSDT | status=skip | reason=no_latest_setup | signals=0 | elapsed_s=2.734
2026-04-04 04:18:22 | symbol_done | idx=446 | total=654 | symbol=BEAMXUSDT | status=skip | reason=no_latest_setup | signals=0 | elapsed_s=1.373
2026-04-04 04:18:24 | symbol_done | idx=447 | total=654 | symbol=WETUSDT | status=skip | reason=no_latest_setup | signals=0 | elapsed_s=1.718
2026-04-04 04:18:25 | symbol_done | idx=448 | total=654 | symbol=TAUSDT | status=skip | reason=no_latest_setup | signals=0 | elapsed_s=1.271
2026-04-04 04:18:26 | symbol_done | idx=449 | total=654 | symbol=AEROUSDT | status=skip | reason=no_latest_setup | signals=0 | elapsed_s=1.100
2026-04-04 04:18:27 | symbol_done | idx=450 | total=654 | symbol=CATIUSDT | status=skip | reason=no_latest_setup | signals=0 | elapsed_s=1.060
2026-04-04 04:18:28 | symbol_done | idx=451 | total=654 | symbol=COAIUSDT | status=skip | reason=no_latest_setup | signals=0 | elapsed_s=1.185
2026-04-04 04:18:29 | symbol_done | idx=452 | total=654 | symbol=MAVUSDT | status=skip | reason=no_latest_setup | signals=0 | elapsed_s=1.044
2026-04-04 04:18:30 | symbol_done | idx=453 | total=654 | symbol=PIEVERSEUSDT | status=skip | reason=no_latest_setup | signals=0 | elapsed_s=0.972
2026-04-04 04:18:31 | symbol_done | idx=454 | total=654 | symbol=LPTUSDT | status=skip | reason=no_latest_setup | signals=0 | elapsed_s=0.974
2026-04-04 04:18:32 | symbol_done | idx=455 | total=654 | symbol=FLUXUSDT | status=skip | reason=no_latest_setup | signals=0 | elapsed_s=0.982
2026-04-04 04:18:33 | symbol_done | idx=456 | total=654 | symbol=ZORAUSDT | status=skip | reason=no_latest_setup | signals=0 | elapsed_s=1.049
2026-04-04 04:18:35 | symbol_done | idx=457 | total=654 | symbol=DEEPUSDT | status=skip | reason=no_latest_setup | signals=0 | elapsed_s=1.151
2026-04-04 04:18:35 | symbol_done | idx=458 | total=654 | symbol=CVCUSDT | status=skip | reason=no_latest_setup | signals=0 | elapsed_s=0.801
2026-04-04 04:18:36 | symbol_done | idx=459 | total=654 | symbol=TNSRUSDT | status=skip | reason=no_latest_setup | signals=0 | elapsed_s=1.042
2026-04-04 04:18:38 | symbol_done | idx=460 | total=654 | symbol=MBOXUSDT | status=skip | reason=no_latest_setup | signals=0 | elapsed_s=1.874
2026-04-04 04:18:39 | symbol_done | idx=461 | total=654 | symbol=ZKPUSDT | status=skip | reason=no_latest_setup | signals=0 | elapsed_s=1.131
2026-04-04 04:18:40 | symbol_done | idx=462 | total=654 | symbol=KGENUSDT | status=skip | reason=no_latest_setup | signals=0 | elapsed_s=1.014
2026-04-04 04:18:42 | symbol_done | idx=463 | total=654 | symbol=MOVRUSDT | status=skip | reason=no_latest_setup | signals=0 | elapsed_s=1.116
2026-04-04 04:18:42 | symbol_done | idx=464 | total=654 | symbol=HIGHUSDT | status=skip | reason=no_latest_setup | signals=0 | elapsed_s=0.974
2026-04-04 04:18:43 | symbol_done | idx=465 | total=654 | symbol=BLESSUSDT | status=skip | reason=no_latest_setup | signals=0 | elapsed_s=0.974
2026-04-04 04:18:44 | symbol_done | idx=466 | total=654 | symbol=MANTAUSDT | status=skip | reason=no_latest_setup | signals=0 | elapsed_s=0.877
2026-04-04 04:18:47 | symbol_done | idx=467 | total=654 | symbol=WOOUSDT | status=skip | reason=no_latest_setup | signals=0 | elapsed_s=2.404
2026-04-04 04:18:48 | symbol_done | idx=468 | total=654 | symbol=TUTUSDT | status=skip | reason=no_latest_setup | signals=0 | elapsed_s=1.263
2026-04-04 04:18:49 | symbol_done | idx=469 | total=654 | symbol=PROMUSDT | status=skip | reason=no_latest_setup | signals=0 | elapsed_s=0.812
2026-04-04 04:18:49 | symbol_done | idx=470 | total=654 | symbol=OBOLUSDT | status=skip | reason=no_setup | signals=0 | elapsed_s=0.653
2026-04-04 04:18:50 | symbol_done | idx=471 | total=654 | symbol=TOKENUSDT | status=skip | reason=no_setup | signals=0 | elapsed_s=0.651
2026-04-04 04:18:51 | symbol_done | idx=472 | total=654 | symbol=PERPUSDT | status=skip | reason=no_setup | signals=0 | elapsed_s=0.646
2026-04-04 04:18:52 | symbol_done | idx=473 | total=654 | symbol=1INCHUSDT | status=skip | reason=no_latest_setup | signals=0 | elapsed_s=0.884
2026-04-04 04:18:52 | symbol_done | idx=474 | total=654 | symbol=UMAUSDT | status=skip | reason=no_latest_setup | signals=0 | elapsed_s=0.794
2026-04-04 04:18:53 | symbol_done | idx=475 | total=654 | symbol=QUICKUSDT | status=skip | reason=no_setup | signals=0 | elapsed_s=0.685
2026-04-04 04:18:54 | symbol_done | idx=476 | total=654 | symbol=ESPORTSUSDT | status=skip | reason=no_latest_setup | signals=0 | elapsed_s=0.953
2026-04-04 04:18:55 | symbol_done | idx=477 | total=654 | symbol=HAEDALUSDT | status=skip | reason=no_latest_setup | signals=0 | elapsed_s=0.853
2026-04-04 04:18:56 | symbol_done | idx=478 | total=654 | symbol=AKEUSDT | status=skip | reason=no_latest_setup | signals=0 | elapsed_s=1.076
2026-04-04 04:18:57 | symbol_done | idx=479 | total=654 | symbol=HIVEUSDT | status=skip | reason=no_latest_setup | signals=0 | elapsed_s=0.810
2026-04-04 04:18:58 | symbol_done | idx=480 | total=654 | symbol=ILVUSDT | status=skip | reason=no_latest_setup | signals=0 | elapsed_s=0.771
2026-04-04 04:18:58 | symbol_done | idx=481 | total=654 | symbol=BATUSDT | status=skip | reason=no_latest_setup | signals=0 | elapsed_s=0.772
2026-04-04 04:18:59 | symbol_done | idx=482 | total=654 | symbol=LUMIAUSDT | status=skip | reason=no_latest_setup | signals=0 | elapsed_s=0.791
2026-04-04 04:19:00 | symbol_done | idx=483 | total=654 | symbol=EVAAUSDT | status=skip | reason=no_latest_setup | signals=0 | elapsed_s=0.746
2026-04-04 04:19:02 | symbol_done | idx=484 | total=654 | symbol=BIGTIMEUSDT | status=skip | reason=no_latest_setup | signals=0 | elapsed_s=1.694
2026-04-04 04:19:02 | symbol_done | idx=485 | total=654 | symbol=TURTLEUSDT | status=skip | reason=no_latest_setup | signals=0 | elapsed_s=0.761
2026-04-04 04:19:03 | symbol_done | idx=486 | total=654 | symbol=RSRUSDT | status=skip | reason=no_latest_setup | signals=0 | elapsed_s=0.759
2026-04-04 04:19:04 | symbol_done | idx=487 | total=654 | symbol=我踏马来了USDT | status=skip | reason=no_latest_setup | signals=0 | elapsed_s=0.779
2026-04-04 04:19:05 | symbol_done | idx=488 | total=654 | symbol=SSVUSDT | status=skip | reason=no_latest_setup | signals=0 | elapsed_s=0.765
2026-04-04 04:19:06 | symbol_done | idx=489 | total=654 | symbol=TSTUSDT | status=skip | reason=no_latest_setup | signals=0 | elapsed_s=0.861
2026-04-04 04:19:09 | symbol_done | idx=490 | total=654 | symbol=SKRUSDT | status=skip | reason=no_latest_setup | signals=0 | elapsed_s=3.954
2026-04-04 04:19:11 | symbol_done | idx=491 | total=654 | symbol=MMTUSDT | status=skip | reason=no_latest_setup | signals=0 | elapsed_s=1.168
2026-04-04 04:19:12 | symbol_done | idx=492 | total=654 | symbol=PORTALUSDT | status=skip | reason=no_latest_setup | signals=0 | elapsed_s=1.106
2026-04-04 04:19:14 | symbol_done | idx=493 | total=654 | symbol=BICOUSDT | status=skip | reason=no_latest_setup | signals=0 | elapsed_s=1.944
2026-04-04 04:19:15 | symbol_done | idx=494 | total=654 | symbol=ALCHUSDT | status=skip | reason=no_latest_setup | signals=0 | elapsed_s=1.010
2026-04-04 04:19:16 | symbol_done | idx=495 | total=654 | symbol=SAGAUSDT | status=skip | reason=no_latest_setup | signals=0 | elapsed_s=1.232
2026-04-04 04:19:17 | symbol_done | idx=496 | total=654 | symbol=LABUSDT | status=skip | reason=no_latest_setup | signals=0 | elapsed_s=1.491
2026-04-04 04:19:19 | symbol_done | idx=497 | total=654 | symbol=SCRTUSDT | status=skip | reason=no_latest_setup | signals=0 | elapsed_s=1.155
2026-04-04 04:19:21 | symbol_done | idx=498 | total=654 | symbol=QUSDT | status=skip | reason=no_latest_setup | signals=0 | elapsed_s=2.265
2026-04-04 04:19:22 | symbol_done | idx=499 | total=654 | symbol=CELRUSDT | status=skip | reason=no_setup | signals=0 | elapsed_s=1.098
2026-04-04 04:19:23 | symbol_done | idx=500 | total=654 | symbol=IRUSDT | status=skip | reason=no_latest_setup | signals=0 | elapsed_s=1.052
2026-04-04 04:19:24 | symbol_done | idx=501 | total=654 | symbol=AINUSDT | status=skip | reason=no_latest_setup | signals=0 | elapsed_s=1.062
2026-04-04 04:19:25 | symbol_done | idx=502 | total=654 | symbol=AIOUSDT | status=skip | reason=no_latest_setup | signals=0 | elapsed_s=1.142
2026-04-04 04:19:26 | symbol_done | idx=503 | total=654 | symbol=COOKIEUSDT | status=skip | reason=no_latest_setup | signals=0 | elapsed_s=1.012
2026-04-04 04:19:27 | symbol_done | idx=504 | total=654 | symbol=1000CHEEMSUSDT | status=skip | reason=no_latest_setup | signals=0 | elapsed_s=1.068
2026-04-04 04:19:28 | symbol_done | idx=505 | total=654 | symbol=DOODUSDT | status=skip | reason=no_latest_setup | signals=0 | elapsed_s=0.986
2026-04-04 04:19:29 | symbol_done | idx=506 | total=654 | symbol=1000SATSUSDT | status=skip | reason=no_latest_setup | signals=0 | elapsed_s=0.972
2026-04-04 04:19:30 | symbol_done | idx=507 | total=654 | symbol=WCTUSDT | status=skip | reason=no_latest_setup | signals=0 | elapsed_s=0.971
2026-04-04 04:19:31 | symbol_done | idx=508 | total=654 | symbol=RONINUSDT | status=skip | reason=no_latest_setup | signals=0 | elapsed_s=0.780
2026-04-04 04:19:33 | symbol_done | idx=509 | total=654 | symbol=TRUUSDT | status=skip | reason=no_latest_setup | signals=0 | elapsed_s=2.372
2026-04-04 04:19:35 | symbol_done | idx=510 | total=654 | symbol=ACXUSDT | status=skip | reason=no_latest_setup | signals=0 | elapsed_s=1.397
2026-04-04 04:19:36 | symbol_done | idx=511 | total=654 | symbol=VTHOUSDT | status=skip | reason=no_setup | signals=0 | elapsed_s=1.184
2026-04-04 04:19:37 | symbol_done | idx=512 | total=654 | symbol=AVAAIUSDT | status=skip | reason=no_latest_setup | signals=0 | elapsed_s=1.100
2026-04-04 04:19:38 | symbol_done | idx=513 | total=654 | symbol=VANAUSDT | status=skip | reason=no_setup | signals=0 | elapsed_s=1.111
2026-04-04 04:19:39 | symbol_done | idx=514 | total=654 | symbol=XPTUSDT | status=skip | reason=no_latest_setup | signals=0 | elapsed_s=1.161
2026-04-04 04:19:40 | symbol_done | idx=515 | total=654 | symbol=VINEUSDT | status=skip | reason=no_latest_setup | signals=0 | elapsed_s=1.137
2026-04-04 04:19:41 | symbol_done | idx=516 | total=654 | symbol=BBUSDT | status=skip | reason=no_latest_setup | signals=0 | elapsed_s=1.004
2026-04-04 04:19:44 | symbol_done | idx=517 | total=654 | symbol=SPKUSDT | status=skip | reason=no_latest_setup | signals=0 | elapsed_s=2.045
2026-04-04 04:19:45 | symbol_done | idx=518 | total=654 | symbol=API3USDT | status=skip | reason=no_latest_setup | signals=0 | elapsed_s=1.109
2026-04-04 04:19:46 | symbol_done | idx=519 | total=654 | symbol=PUMPBTCUSDT | status=skip | reason=no_latest_setup | signals=0 | elapsed_s=1.074
2026-04-04 04:19:47 | symbol_done | idx=520 | total=654 | symbol=DENTUSDT | status=skip | reason=no_latest_setup | signals=0 | elapsed_s=1.155
2026-04-04 04:19:48 | symbol_done | idx=521 | total=654 | symbol=RVNUSDT | status=skip | reason=no_latest_setup | signals=0 | elapsed_s=1.038
2026-04-04 04:19:49 | symbol_done | idx=522 | total=654 | symbol=FHEUSDT | status=skip | reason=no_latest_setup | signals=0 | elapsed_s=1.064
2026-04-04 04:19:50 | symbol_done | idx=523 | total=654 | symbol=DIAUSDT | status=skip | reason=no_latest_setup | signals=0 | elapsed_s=1.104
2026-04-04 04:19:51 | symbol_done | idx=524 | total=654 | symbol=WALUSDT | status=skip | reason=no_latest_setup | signals=0 | elapsed_s=1.131
2026-04-04 04:19:52 | symbol_done | idx=525 | total=654 | symbol=AUCTIONUSDT | status=skip | reason=no_latest_setup | signals=0 | elapsed_s=1.160
2026-04-04 04:19:55 | symbol_done | idx=526 | total=654 | symbol=INXUSDT | status=skip | reason=no_latest_setup | signals=0 | elapsed_s=2.469
2026-04-04 04:19:56 | symbol_done | idx=527 | total=654 | symbol=RLCUSDT | status=skip | reason=no_latest_setup | signals=0 | elapsed_s=1.189
2026-04-04 04:19:57 | symbol_done | idx=528 | total=654 | symbol=ALLOUSDT | status=skip | reason=no_latest_setup | signals=0 | elapsed_s=1.069
2026-04-04 04:19:58 | symbol_done | idx=529 | total=654 | symbol=MUBARAKUSDT | status=skip | reason=no_latest_setup | signals=0 | elapsed_s=0.984
2026-04-04 04:19:59 | symbol_done | idx=530 | total=654 | symbol=FRAXUSDT | status=skip | reason=no_latest_setup | signals=0 | elapsed_s=0.792
2026-04-04 04:19:59 | symbol_done | idx=531 | total=654 | symbol=NATGASUSDT | status=skip | reason=insufficient_history | signals=0 | elapsed_s=0.500
2026-04-04 04:20:00 | symbol_done | idx=532 | total=654 | symbol=AGTUSDT | status=skip | reason=no_latest_setup | signals=0 | elapsed_s=0.831
2026-04-04 04:20:01 | symbol_done | idx=533 | total=654 | symbol=TRUSTUSDT | status=skip | reason=no_latest_setup | signals=0 | elapsed_s=0.782
2026-04-04 04:20:02 | symbol_done | idx=534 | total=654 | symbol=RECALLUSDT | status=skip | reason=no_latest_setup | signals=0 | elapsed_s=0.826
2026-04-04 04:20:03 | symbol_done | idx=535 | total=654 | symbol=KSMUSDT | status=skip | reason=no_latest_setup | signals=0 | elapsed_s=0.779
2026-04-04 04:20:03 | symbol_done | idx=536 | total=654 | symbol=BUSDT | status=skip | reason=no_latest_setup | signals=0 | elapsed_s=0.815
2026-04-04 04:20:04 | symbol_done | idx=537 | total=654 | symbol=2ZUSDT | status=skip | reason=no_latest_setup | signals=0 | elapsed_s=0.778
2026-04-04 04:20:05 | symbol_done | idx=538 | total=654 | symbol=KAIAUSDT | status=skip | reason=no_latest_setup | signals=0 | elapsed_s=0.738
2026-04-04 04:20:06 | symbol_done | idx=539 | total=654 | symbol=AZTECUSDT | status=skip | reason=no_latest_setup | signals=0 | elapsed_s=0.694
2026-04-04 04:20:07 | symbol_done | idx=540 | total=654 | symbol=LISTAUSDT | status=skip | reason=no_latest_setup | signals=0 | elapsed_s=1.565
2026-04-04 04:20:08 | symbol_done | idx=541 | total=654 | symbol=BROCCOLI714USDT | status=skip | reason=no_latest_setup | signals=0 | elapsed_s=0.743
2026-04-04 04:20:09 | symbol_done | idx=542 | total=654 | symbol=XVGUSDT | status=skip | reason=no_latest_setup | signals=0 | elapsed_s=0.813
2026-04-04 04:20:10 | symbol_done | idx=543 | total=654 | symbol=SOPHUSDT | status=skip | reason=no_latest_setup | signals=0 | elapsed_s=0.757
2026-04-04 04:20:10 | symbol_done | idx=544 | total=654 | symbol=GMXUSDT | status=skip | reason=no_latest_setup | signals=0 | elapsed_s=0.773
2026-04-04 04:20:11 | symbol_done | idx=545 | total=654 | symbol=FIOUSDT | status=skip | reason=no_latest_setup | signals=0 | elapsed_s=0.777
2026-04-04 04:20:12 | symbol_done | idx=546 | total=654 | symbol=SUNUSDT | status=skip | reason=no_setup | signals=0 | elapsed_s=0.843
2026-04-04 04:20:13 | symbol_done | idx=547 | total=654 | symbol=SQDUSDT | status=skip | reason=no_latest_setup | signals=0 | elapsed_s=0.808
2026-04-04 04:20:13 | symbol_done | idx=548 | total=654 | symbol=SOONUSDT | status=skip | reason=no_latest_setup | signals=0 | elapsed_s=0.688
2026-04-04 04:20:14 | symbol_done | idx=549 | total=654 | symbol=TAKEUSDT | status=skip | reason=no_latest_setup | signals=0 | elapsed_s=0.771
2026-04-04 04:20:15 | symbol_done | idx=550 | total=654 | symbol=IOSTUSDT | status=skip | reason=no_latest_setup | signals=0 | elapsed_s=0.789
2026-04-04 04:20:16 | symbol_done | idx=551 | total=654 | symbol=CYBERUSDT | status=skip | reason=no_latest_setup | signals=0 | elapsed_s=0.839
2026-04-04 04:20:16 | symbol_done | idx=552 | total=654 | symbol=ARKUSDT | status=skip | reason=no_latest_setup | signals=0 | elapsed_s=0.676
2026-04-04 04:20:17 | symbol_done | idx=553 | total=654 | symbol=WAXPUSDT | status=skip | reason=no_latest_setup | signals=0 | elapsed_s=0.865
2026-04-04 04:20:18 | symbol_done | idx=554 | total=654 | symbol=1000CATUSDT | status=skip | reason=no_latest_setup | signals=0 | elapsed_s=0.714
2026-04-04 04:20:19 | symbol_done | idx=555 | total=654 | symbol=ACEUSDT | status=skip | reason=no_latest_setup | signals=0 | elapsed_s=0.831
2026-04-04 04:20:20 | symbol_done | idx=556 | total=654 | symbol=TLMUSDT | status=skip | reason=no_latest_setup | signals=0 | elapsed_s=1.478
2026-04-04 04:20:21 | symbol_done | idx=557 | total=654 | symbol=GOATUSDT | status=skip | reason=no_latest_setup | signals=0 | elapsed_s=0.774
2026-04-04 04:20:22 | symbol_done | idx=558 | total=654 | symbol=ZKCUSDT | status=skip | reason=no_latest_setup | signals=0 | elapsed_s=0.844
2026-04-04 04:20:23 | symbol_done | idx=559 | total=654 | symbol=DOGSUSDT | status=skip | reason=no_latest_setup | signals=0 | elapsed_s=0.767
2026-04-04 04:20:24 | symbol_done | idx=560 | total=654 | symbol=1000000MOGUSDT | status=skip | reason=no_latest_setup | signals=0 | elapsed_s=0.800
2026-04-04 04:20:24 | symbol_done | idx=561 | total=654 | symbol=B3USDT | status=skip | reason=no_latest_setup | signals=0 | elapsed_s=0.781
2026-04-04 04:20:25 | symbol_done | idx=562 | total=654 | symbol=TRUTHUSDT | status=skip | reason=no_latest_setup | signals=0 | elapsed_s=0.774
2026-04-04 04:20:27 | symbol_done | idx=563 | total=654 | symbol=KMNOUSDT | status=skip | reason=no_latest_setup | signals=0 | elapsed_s=1.687
2026-04-04 04:20:28 | symbol_done | idx=564 | total=654 | symbol=LQTYUSDT | status=skip | reason=no_latest_setup | signals=0 | elapsed_s=0.877
2026-04-04 04:20:28 | symbol_done | idx=565 | total=654 | symbol=XVSUSDT | status=skip | reason=no_latest_setup | signals=0 | elapsed_s=0.784
2026-04-04 04:20:29 | symbol_done | idx=566 | total=654 | symbol=PONKEUSDT | status=skip | reason=no_setup | signals=0 | elapsed_s=0.626
2026-04-04 04:20:30 | symbol_done | idx=567 | total=654 | symbol=TAIKOUSDT | status=skip | reason=no_latest_setup | signals=0 | elapsed_s=0.751
2026-04-04 04:20:31 | symbol_done | idx=568 | total=654 | symbol=1000XECUSDT | status=skip | reason=no_setup | signals=0 | elapsed_s=0.751
2026-04-04 04:20:31 | symbol_done | idx=569 | total=654 | symbol=OGUSDT | status=skip | reason=no_latest_setup | signals=0 | elapsed_s=0.758
2026-04-04 04:20:32 | symbol_done | idx=570 | total=654 | symbol=BANDUSDT | status=skip | reason=no_latest_setup | signals=0 | elapsed_s=0.858
2026-04-04 04:20:34 | symbol_done | idx=571 | total=654 | symbol=ASTRUSDT | status=skip | reason=no_latest_setup | signals=0 | elapsed_s=1.301
2026-04-04 04:20:34 | symbol_done | idx=572 | total=654 | symbol=BRETTUSDT | status=skip | reason=no_latest_setup | signals=0 | elapsed_s=0.968
2026-04-04 04:20:36 | symbol_done | idx=573 | total=654 | symbol=FUSDT | status=skip | reason=no_latest_setup | signals=0 | elapsed_s=1.462
2026-04-04 04:20:38 | symbol_done | idx=574 | total=654 | symbol=MITOUSDT | status=skip | reason=no_latest_setup | signals=0 | elapsed_s=1.976
2026-04-04 04:20:39 | symbol_done | idx=575 | total=654 | symbol=NXPCUSDT | status=skip | reason=no_latest_setup | signals=0 | elapsed_s=1.064
2026-04-04 04:20:44 | symbol_done | idx=576 | total=654 | symbol=ZRXUSDT | status=skip | reason=no_latest_setup | signals=0 | elapsed_s=4.854
2026-04-04 04:20:46 | symbol_done | idx=577 | total=654 | symbol=MELANIAUSDT | status=skip | reason=no_latest_setup | signals=0 | elapsed_s=2.219
2026-04-04 04:20:48 | symbol_done | idx=578 | total=654 | symbol=BELUSDT | status=skip | reason=no_latest_setup | signals=0 | elapsed_s=1.712
2026-04-04 04:20:49 | symbol_done | idx=579 | total=654 | symbol=XPINUSDT | status=skip | reason=no_latest_setup | signals=0 | elapsed_s=1.165
2026-04-04 04:20:50 | symbol_done | idx=580 | total=654 | symbol=ACUUSDT | status=skip | reason=no_latest_setup | signals=0 | elapsed_s=1.165
2026-04-04 04:20:51 | symbol_done | idx=581 | total=654 | symbol=PLTRUSDT | status=skip | reason=no_setup | signals=0 | elapsed_s=0.742
2026-04-04 04:20:52 | symbol_done | idx=582 | total=654 | symbol=GLMUSDT | status=skip | reason=no_latest_setup | signals=0 | elapsed_s=0.931
2026-04-04 04:20:53 | symbol_done | idx=583 | total=654 | symbol=B2USDT | status=skip | reason=no_latest_setup | signals=0 | elapsed_s=0.740
2026-04-04 04:20:53 | symbol_done | idx=584 | total=654 | symbol=TUSDT | status=skip | reason=no_latest_setup | signals=0 | elapsed_s=0.776
2026-04-04 04:20:54 | symbol_done | idx=585 | total=654 | symbol=INUSDT | status=skip | reason=no_latest_setup | signals=0 | elapsed_s=0.814
2026-04-04 04:20:55 | symbol_done | idx=586 | total=654 | symbol=C98USDT | status=skip | reason=no_latest_setup | signals=0 | elapsed_s=0.763
2026-04-04 04:20:56 | symbol_done | idx=587 | total=654 | symbol=SCRUSDT | status=skip | reason=no_latest_setup | signals=0 | elapsed_s=0.754
2026-04-04 04:20:56 | symbol_done | idx=588 | total=654 | symbol=MEWUSDT | status=skip | reason=no_latest_setup | signals=0 | elapsed_s=0.781
2026-04-04 04:20:58 | symbol_done | idx=589 | total=654 | symbol=COWUSDT | status=skip | reason=no_latest_setup | signals=0 | elapsed_s=1.569
2026-04-04 04:20:59 | symbol_done | idx=590 | total=654 | symbol=AMZNUSDT | status=skip | reason=no_setup | signals=0 | elapsed_s=0.962
2026-04-04 04:21:00 | symbol_done | idx=591 | total=654 | symbol=SFPUSDT | status=skip | reason=no_latest_setup | signals=0 | elapsed_s=0.747
2026-04-04 04:21:01 | symbol_done | idx=592 | total=654 | symbol=HOLOUSDT | status=skip | reason=no_latest_setup | signals=0 | elapsed_s=1.468
2026-04-04 04:21:03 | symbol_done | idx=593 | total=654 | symbol=BREVUSDT | status=skip | reason=no_latest_setup | signals=0 | elapsed_s=1.887
2026-04-04 04:21:04 | symbol_done | idx=594 | total=654 | symbol=REDUSDT | status=skip | reason=no_latest_setup | signals=0 | elapsed_s=1.049
2026-04-04 04:21:05 | symbol_done | idx=595 | total=654 | symbol=GOOGLUSDT | status=skip | reason=insufficient_history | signals=0 | elapsed_s=0.596
2026-04-04 04:21:06 | symbol_done | idx=596 | total=654 | symbol=METAUSDT | status=skip | reason=insufficient_history | signals=0 | elapsed_s=1.456
2026-04-04 04:21:08 | symbol_done | idx=597 | total=654 | symbol=NEWTUSDT | status=skip | reason=no_latest_setup | signals=0 | elapsed_s=1.719
2026-04-04 04:21:09 | symbol_done | idx=598 | total=654 | symbol=ZKJUSDT | status=skip | reason=no_latest_setup | signals=0 | elapsed_s=1.579
2026-04-04 04:21:11 | symbol_done | idx=599 | total=654 | symbol=ATAUSDT | status=skip | reason=no_latest_setup | signals=0 | elapsed_s=1.202
2026-04-04 04:21:12 | symbol_done | idx=600 | total=654 | symbol=ZETAUSDT | status=skip | reason=no_latest_setup | signals=0 | elapsed_s=1.347
2026-04-04 04:21:13 | symbol_done | idx=601 | total=654 | symbol=TREEUSDT | status=skip | reason=no_latest_setup | signals=0 | elapsed_s=1.171
2026-04-04 04:21:15 | symbol_done | idx=602 | total=654 | symbol=BIRBUSDT | status=skip | reason=no_latest_setup | signals=0 | elapsed_s=1.937
2026-04-04 04:21:16 | symbol_done | idx=603 | total=654 | symbol=DODOXUSDT | status=skip | reason=no_latest_setup | signals=0 | elapsed_s=1.362
2026-04-04 04:21:18 | symbol_done | idx=604 | total=654 | symbol=GTCUSDT | status=skip | reason=no_latest_setup | signals=0 | elapsed_s=1.106
2026-04-04 04:21:19 | symbol_done | idx=605 | total=654 | symbol=AVAUSDT | status=skip | reason=no_latest_setup | signals=0 | elapsed_s=1.149
2026-04-04 04:21:20 | symbol_done | idx=606 | total=654 | symbol=LSKUSDT | status=skip | reason=no_setup | signals=0 | elapsed_s=1.078
2026-04-04 04:21:21 | symbol_done | idx=607 | total=654 | symbol=IOTXUSDT | status=skip | reason=no_latest_setup | signals=0 | elapsed_s=1.240
2026-04-04 04:21:22 | symbol_done | idx=608 | total=654 | symbol=SANTOSUSDT | status=skip | reason=no_latest_setup | signals=0 | elapsed_s=1.224
2026-04-04 04:21:23 | symbol_done | idx=609 | total=654 | symbol=ETHWUSDT | status=skip | reason=no_latest_setup | signals=0 | elapsed_s=1.092
2026-04-04 04:21:25 | symbol_done | idx=610 | total=654 | symbol=METISUSDT | status=skip | reason=no_latest_setup | signals=0 | elapsed_s=1.872
2026-04-04 04:21:26 | symbol_done | idx=611 | total=654 | symbol=CGPTUSDT | status=skip | reason=no_latest_setup | signals=0 | elapsed_s=1.208
2026-04-04 04:21:29 | symbol_done | idx=612 | total=654 | symbol=XPDUSDT | status=skip | reason=no_latest_setup | signals=0 | elapsed_s=2.169
2026-04-04 04:21:30 | symbol_done | idx=613 | total=654 | symbol=VELVETUSDT | status=skip | reason=no_latest_setup | signals=0 | elapsed_s=1.423
2026-04-04 04:21:31 | symbol_done | idx=614 | total=654 | symbol=RPLUSDT | status=skip | reason=no_latest_setup | signals=0 | elapsed_s=1.099
2026-04-04 04:21:33 | symbol_done | idx=615 | total=654 | symbol=MTLUSDT | status=skip | reason=no_latest_setup | signals=0 | elapsed_s=1.952
2026-04-04 04:21:34 | symbol_done | idx=616 | total=654 | symbol=ERAUSDT | status=skip | reason=no_latest_setup | signals=0 | elapsed_s=1.163
2026-04-04 04:21:35 | symbol_done | idx=617 | total=654 | symbol=AWEUSDT | status=skip | reason=no_latest_setup | signals=0 | elapsed_s=1.072
2026-04-04 04:21:36 | symbol_done | idx=618 | total=654 | symbol=CVXUSDT | status=skip | reason=no_latest_setup | signals=0 | elapsed_s=1.085
2026-04-04 04:21:38 | symbol_done | idx=619 | total=654 | symbol=KOMAUSDT | status=skip | reason=no_latest_setup | signals=0 | elapsed_s=1.245
2026-04-04 04:21:39 | symbol_done | idx=620 | total=654 | symbol=MOCAUSDT | status=skip | reason=no_latest_setup | signals=0 | elapsed_s=1.087
2026-04-04 04:21:40 | symbol_done | idx=621 | total=654 | symbol=ALPINEUSDT | status=skip | reason=no_setup | signals=0 | elapsed_s=1.117
2026-04-04 04:21:41 | symbol_done | idx=622 | total=654 | symbol=CROSSUSDT | status=skip | reason=no_latest_setup | signals=0 | elapsed_s=1.126
2026-04-04 04:21:43 | symbol_done | idx=623 | total=654 | symbol=FLUIDUSDT | status=skip | reason=no_latest_setup | signals=0 | elapsed_s=2.216
2026-04-04 04:21:44 | symbol_done | idx=624 | total=654 | symbol=HOTUSDT | status=skip | reason=no_latest_setup | signals=0 | elapsed_s=1.134
2026-04-04 04:21:45 | symbol_done | idx=625 | total=654 | symbol=MLNUSDT | status=skip | reason=no_latest_setup | signals=0 | elapsed_s=1.035
2026-04-04 04:21:47 | symbol_done | idx=626 | total=654 | symbol=ORDERUSDT | status=skip | reason=no_latest_setup | signals=0 | elapsed_s=1.136
2026-04-04 04:21:47 | symbol_done | idx=627 | total=654 | symbol=PUNDIXUSDT | status=skip | reason=no_latest_setup | signals=0 | elapsed_s=0.955
2026-04-04 04:21:49 | symbol_done | idx=628 | total=654 | symbol=ASRUSDT | status=skip | reason=no_setup | signals=0 | elapsed_s=1.018
2026-04-04 04:21:49 | symbol_done | idx=629 | total=654 | symbol=EWJUSDT | status=skip | reason=no_setup | signals=0 | elapsed_s=0.294
2026-04-04 04:21:50 | symbol_done | idx=630 | total=654 | symbol=TOSHIUSDT | status=skip | reason=no_latest_setup | signals=0 | elapsed_s=1.221
2026-04-04 04:21:51 | symbol_done | idx=631 | total=654 | symbol=SYSUSDT | status=skip | reason=no_latest_setup | signals=0 | elapsed_s=1.079
2026-04-04 04:21:53 | symbol_done | idx=632 | total=654 | symbol=HANAUSDT | status=skip | reason=no_latest_setup | signals=0 | elapsed_s=1.854
2026-04-04 04:21:54 | symbol_done | idx=633 | total=654 | symbol=RIFUSDT | status=skip | reason=no_latest_setup | signals=0 | elapsed_s=1.198
2026-04-04 04:21:55 | symbol_done | idx=634 | total=654 | symbol=ELSAUSDT | status=skip | reason=no_latest_setup | signals=0 | elapsed_s=0.985
2026-04-04 04:21:56 | symbol_done | idx=635 | total=654 | symbol=FLOCKUSDT | status=skip | reason=no_latest_setup | signals=0 | elapsed_s=1.110
2026-04-04 04:21:57 | symbol_done | idx=636 | total=654 | symbol=IDOLUSDT | status=skip | reason=no_latest_setup | signals=0 | elapsed_s=1.076
2026-04-04 04:21:59 | symbol_done | idx=637 | total=654 | symbol=BOBUSDT | status=skip | reason=no_latest_setup | signals=0 | elapsed_s=1.640
2026-04-04 04:22:00 | symbol_done | idx=638 | total=654 | symbol=OXTUSDT | status=skip | reason=no_latest_setup | signals=0 | elapsed_s=1.020
2026-04-04 04:22:01 | symbol_done | idx=639 | total=654 | symbol=SPORTFUNUSDT | status=skip | reason=no_latest_setup | signals=0 | elapsed_s=1.039
2026-04-04 04:22:02 | symbol_done | idx=640 | total=654 | symbol=MAVIAUSDT | status=skip | reason=no_latest_setup | signals=0 | elapsed_s=1.188
2026-04-04 04:22:04 | symbol_done | idx=641 | total=654 | symbol=VELODROMEUSDT | status=skip | reason=no_latest_setup | signals=0 | elapsed_s=1.913
2026-04-04 04:22:06 | symbol_done | idx=642 | total=654 | symbol=BNTUSDT | status=skip | reason=no_latest_setup | signals=0 | elapsed_s=2.158
2026-04-04 04:22:07 | symbol_done | idx=643 | total=654 | symbol=JOEUSDT | status=skip | reason=no_latest_setup | signals=0 | elapsed_s=1.181
2026-04-04 04:22:09 | symbol_done | idx=644 | total=654 | symbol=TACUSDT | status=skip | reason=no_latest_setup | signals=0 | elapsed_s=1.819
2026-04-04 04:22:11 | symbol_done | idx=645 | total=654 | symbol=SONICUSDT | status=skip | reason=no_latest_setup | signals=0 | elapsed_s=1.371
2026-04-04 04:22:12 | symbol_done | idx=646 | total=654 | symbol=AERGOUSDT | status=skip | reason=no_latest_setup | signals=0 | elapsed_s=1.559
2026-04-04 04:22:14 | symbol_done | idx=647 | total=654 | symbol=BROCCOLIF3BUSDT | status=skip | reason=no_latest_setup | signals=0 | elapsed_s=1.432
2026-04-04 04:22:15 | symbol_done | idx=648 | total=654 | symbol=CLANKERUSDT | status=skip | reason=no_latest_setup | signals=0 | elapsed_s=1.231
2026-04-04 04:22:16 | symbol_done | idx=649 | total=654 | symbol=SLPUSDT | status=skip | reason=no_latest_setup | signals=0 | elapsed_s=1.306
2026-04-04 04:22:17 | symbol_done | idx=650 | total=654 | symbol=CARVUSDT | status=skip | reason=no_latest_setup | signals=0 | elapsed_s=1.201
2026-04-04 04:22:18 | symbol_done | idx=651 | total=654 | symbol=CTKUSDT | status=skip | reason=no_latest_setup | signals=0 | elapsed_s=1.045
2026-04-04 04:22:20 | symbol_done | idx=652 | total=654 | symbol=MEGAUSDT | status=skip | reason=no_latest_setup | signals=0 | elapsed_s=1.611
2026-04-04 04:22:21 | symbol_done | idx=653 | total=654 | symbol=ALLUSDT | status=skip | reason=no_latest_setup | signals=0 | elapsed_s=1.149
2026-04-04 04:22:22 | symbol_done | idx=654 | total=654 | symbol=PAYPUSDT | status=skip | reason=insufficient_history | signals=0 | elapsed_s=0.646
2026-04-04 04:22:25 | symbol_done | idx=212 | total=654 | symbol=BASUSDT | status=ok | reason=below_threshold | signals=0 | elapsed_s=502.143
2026-04-04 04:22:25 | scan_end | timeframe=1h | symbols=654 | total_signals=0 | elapsed_s=737.490 | log_file=D:\Code\Projects\self-projects\macd-overlay - Copy\logs\sniper_scan_progress.log
2026-04-04 04:48:42 | scan_start | timeframe=1h | symbols=654 | lookback_days=450 | batch_predict=True
2026-04-04 04:48:43 | symbol_done | idx=1 | total=654 | symbol=BTCUSDT | status=skip | reason=no_latest_setup | signals=0 | elapsed_s=0.998
2026-04-04 04:48:44 | symbol_done | idx=2 | total=654 | symbol=ETHUSDT | status=skip | reason=no_latest_setup | signals=0 | elapsed_s=0.879
2026-04-04 04:48:45 | symbol_done | idx=3 | total=654 | symbol=ALPACAUSDT | status=skip | reason=no_setup | signals=0 | elapsed_s=0.681
2026-04-04 04:48:45 | symbol_done | idx=4 | total=654 | symbol=SOLUSDT | status=skip | reason=no_latest_setup | signals=0 | elapsed_s=0.699
2026-04-04 04:48:46 | symbol_done | idx=5 | total=654 | symbol=EDGEUSDT | status=skip | reason=no_latest_setup | signals=0 | elapsed_s=0.316
2026-04-04 04:48:46 | symbol_done | idx=6 | total=654 | symbol=STOUSDT | status=skip | reason=no_latest_setup | signals=0 | elapsed_s=0.700
2026-04-04 04:48:47 | symbol_done | idx=7 | total=654 | symbol=BNXUSDT | status=skip | reason=no_setup | signals=0 | elapsed_s=0.672
2026-04-04 04:48:48 | symbol_done | idx=8 | total=654 | symbol=AIOTUSDT | status=skip | reason=no_latest_setup | signals=0 | elapsed_s=0.695
2026-04-04 04:48:48 | symbol_done | idx=9 | total=654 | symbol=ONGUSDT | status=skip | reason=no_latest_setup | signals=0 | elapsed_s=0.796
2026-04-04 04:48:50 | symbol_done | idx=10 | total=654 | symbol=PIPPINUSDT | status=skip | reason=no_latest_setup | signals=0 | elapsed_s=1.309
2026-04-04 04:48:50 | symbol_done | idx=11 | total=654 | symbol=ALPHAUSDT | status=skip | reason=no_setup | signals=0 | elapsed_s=0.675
2026-04-04 04:48:51 | symbol_done | idx=12 | total=654 | symbol=XRPUSDT | status=skip | reason=no_latest_setup | signals=0 | elapsed_s=0.730
2026-04-04 04:48:52 | symbol_done | idx=13 | total=654 | symbol=SIRENUSDT | status=skip | reason=no_latest_setup | signals=0 | elapsed_s=0.729
2026-04-04 04:48:53 | symbol_done | idx=14 | total=654 | symbol=CTSIUSDT | status=skip | reason=no_latest_setup | signals=0 | elapsed_s=0.721
2026-04-04 04:48:53 | symbol_done | idx=15 | total=654 | symbol=DOGEUSDT | status=skip | reason=no_latest_setup | signals=0 | elapsed_s=0.933
2026-04-04 04:48:55 | symbol_done | idx=16 | total=654 | symbol=RIVERUSDT | status=skip | reason=no_latest_setup | signals=0 | elapsed_s=1.132
2026-04-04 04:48:55 | symbol_done | idx=17 | total=654 | symbol=TAOUSDT | status=skip | reason=no_latest_setup | signals=0 | elapsed_s=0.856
2026-04-04 04:48:56 | symbol_done | idx=18 | total=654 | symbol=1000PEPEUSDT | status=skip | reason=no_latest_setup | signals=0 | elapsed_s=0.745
2026-04-04 04:48:57 | symbol_done | idx=19 | total=654 | symbol=PORT3USDT | status=skip | reason=no_setup | signals=0 | elapsed_s=0.846
2026-04-04 04:48:58 | symbol_done | idx=20 | total=654 | symbol=XAUUSDT | status=skip | reason=no_setup | signals=0 | elapsed_s=0.741
2026-04-04 04:48:59 | symbol_done | idx=21 | total=654 | symbol=ZECUSDT | status=skip | reason=no_latest_setup | signals=0 | elapsed_s=0.782
2026-04-04 04:48:59 | symbol_done | idx=22 | total=654 | symbol=BNBUSDT | status=skip | reason=no_latest_setup | signals=0 | elapsed_s=0.699
2026-04-04 04:49:00 | symbol_done | idx=23 | total=654 | symbol=HYPEUSDT | status=skip | reason=no_latest_setup | signals=0 | elapsed_s=0.704
2026-04-04 04:49:01 | symbol_done | idx=24 | total=654 | symbol=ADAUSDT | status=skip | reason=no_latest_setup | signals=0 | elapsed_s=0.825
2026-04-04 04:49:02 | symbol_done | idx=25 | total=654 | symbol=ONTUSDT | status=skip | reason=no_latest_setup | signals=0 | elapsed_s=0.704
2026-04-04 04:49:02 | symbol_done | idx=26 | total=654 | symbol=NOMUSDT | status=skip | reason=no_latest_setup | signals=0 | elapsed_s=0.702
2026-04-04 04:49:03 | symbol_done | idx=27 | total=654 | symbol=XPLUSDT | status=skip | reason=no_latest_setup | signals=0 | elapsed_s=0.756
2026-04-04 04:49:04 | symbol_done | idx=28 | total=654 | symbol=DUSDT | status=skip | reason=no_latest_setup | signals=0 | elapsed_s=1.255
2026-04-04 04:49:05 | symbol_done | idx=29 | total=654 | symbol=ALGOUSDT | status=skip | reason=no_latest_setup | signals=0 | elapsed_s=0.851
2026-04-04 04:49:06 | symbol_done | idx=30 | total=654 | symbol=UXLINKUSDT | status=skip | reason=no_setup | signals=0 | elapsed_s=0.681
2026-04-04 04:49:07 | symbol_done | idx=31 | total=654 | symbol=VIDTUSDT | status=skip | reason=no_setup | signals=0 | elapsed_s=0.747
2026-04-04 04:49:07 | symbol_done | idx=32 | total=654 | symbol=SXPUSDT | status=skip | reason=no_setup | signals=0 | elapsed_s=0.706
2026-04-04 04:49:08 | symbol_done | idx=33 | total=654 | symbol=AGIXUSDT | status=skip | reason=no_setup | signals=0 | elapsed_s=0.669
2026-04-04 04:49:09 | symbol_done | idx=34 | total=654 | symbol=ARIAUSDT | status=skip | reason=no_latest_setup | signals=0 | elapsed_s=0.740
2026-04-04 04:49:09 | symbol_done | idx=35 | total=654 | symbol=YBUSDT | status=skip | reason=no_latest_setup | signals=0 | elapsed_s=0.713
2026-04-04 04:49:10 | symbol_done | idx=36 | total=654 | symbol=AVAXUSDT | status=skip | reason=no_latest_setup | signals=0 | elapsed_s=0.712
2026-04-04 04:49:11 | symbol_done | idx=37 | total=654 | symbol=SUIUSDT | status=skip | reason=no_latest_setup | signals=0 | elapsed_s=0.737
2026-04-04 04:49:11 | symbol_done | idx=38 | total=654 | symbol=CLUSDT | status=skip | reason=insufficient_history | signals=0 | elapsed_s=0.520
2026-04-04 04:49:12 | symbol_done | idx=39 | total=654 | symbol=LINAUSDT | status=skip | reason=no_setup | signals=0 | elapsed_s=0.727
2026-04-04 04:49:13 | symbol_done | idx=40 | total=654 | symbol=MEMEFIUSDT | status=skip | reason=no_setup | signals=0 | elapsed_s=0.732
2026-04-04 04:49:14 | symbol_done | idx=41 | total=654 | symbol=LEVERUSDT | status=skip | reason=no_setup | signals=0 | elapsed_s=0.749
2026-04-04 04:49:14 | symbol_done | idx=42 | total=654 | symbol=NEIROETHUSDT | status=skip | reason=no_setup | signals=0 | elapsed_s=0.664
2026-04-04 04:49:15 | symbol_done | idx=43 | total=654 | symbol=A2ZUSDT | status=skip | reason=no_latest_setup | signals=0 | elapsed_s=0.711
2026-04-04 04:49:16 | symbol_done | idx=44 | total=654 | symbol=FTMUSDT | status=skip | reason=no_setup | signals=0 | elapsed_s=0.697
2026-04-04 04:49:16 | symbol_done | idx=45 | total=654 | symbol=NEARUSDT | status=skip | reason=no_latest_setup | signals=0 | elapsed_s=0.715
2026-04-04 04:49:17 | symbol_done | idx=46 | total=654 | symbol=WAVESUSDT | status=skip | reason=no_setup | signals=0 | elapsed_s=0.670
2026-04-04 04:49:18 | symbol_done | idx=47 | total=654 | symbol=OMNIUSDT | status=skip | reason=no_setup | signals=0 | elapsed_s=0.690
2026-04-04 04:49:19 | symbol_done | idx=48 | total=654 | symbol=ENAUSDT | status=skip | reason=no_latest_setup | signals=0 | elapsed_s=0.838
2026-04-04 04:49:19 | symbol_done | idx=49 | total=654 | symbol=LINKUSDT | status=skip | reason=no_latest_setup | signals=0 | elapsed_s=0.783
2026-04-04 04:49:20 | symbol_done | idx=50 | total=654 | symbol=YALAUSDT | status=skip | reason=no_setup | signals=0 | elapsed_s=0.754
2026-04-04 04:49:21 | symbol_done | idx=51 | total=654 | symbol=AMBUSDT | status=skip | reason=no_setup | signals=0 | elapsed_s=0.802
2026-04-04 04:49:22 | symbol_done | idx=52 | total=654 | symbol=BSWUSDT | status=skip | reason=no_setup | signals=0 | elapsed_s=0.689
2026-04-04 04:49:22 | symbol_done | idx=53 | total=654 | symbol=OCEANUSDT | status=skip | reason=no_setup | signals=0 | elapsed_s=0.857
2026-04-04 04:49:23 | symbol_done | idx=54 | total=654 | symbol=GASUSDT | status=skip | reason=no_latest_setup | signals=0 | elapsed_s=0.765
2026-04-04 04:49:24 | symbol_done | idx=55 | total=654 | symbol=CUSDT | status=skip | reason=no_latest_setup | signals=0 | elapsed_s=0.778
2026-04-04 04:49:25 | symbol_done | idx=56 | total=654 | symbol=BARDUSDT | status=skip | reason=no_latest_setup | signals=0 | elapsed_s=0.786
2026-04-04 04:49:26 | symbol_done | idx=57 | total=654 | symbol=STRAXUSDT | status=skip | reason=no_setup | signals=0 | elapsed_s=0.764
2026-04-04 04:49:26 | symbol_done | idx=58 | total=654 | symbol=DOTUSDT | status=skip | reason=no_latest_setup | signals=0 | elapsed_s=0.890
2026-04-04 04:49:27 | symbol_done | idx=59 | total=654 | symbol=BRUSDT | status=skip | reason=no_latest_setup | signals=0 | elapsed_s=0.843
2026-04-04 04:49:28 | symbol_done | idx=60 | total=654 | symbol=MONUSDT | status=skip | reason=no_latest_setup | signals=0 | elapsed_s=1.158
2026-04-04 04:49:29 | symbol_done | idx=61 | total=654 | symbol=FIDAUSDT | status=skip | reason=no_latest_setup | signals=0 | elapsed_s=0.728
2026-04-04 04:49:30 | symbol_done | idx=62 | total=654 | symbol=RENUSDT | status=skip | reason=no_setup | signals=0 | elapsed_s=0.666
2026-04-04 04:49:31 | symbol_done | idx=63 | total=654 | symbol=FILUSDT | status=skip | reason=no_latest_setup | signals=0 | elapsed_s=0.727
2026-04-04 04:49:31 | symbol_done | idx=64 | total=654 | symbol=BEATUSDT | status=skip | reason=no_latest_setup | signals=0 | elapsed_s=0.729
2026-04-04 04:49:32 | symbol_done | idx=65 | total=654 | symbol=UNFIUSDT | status=skip | reason=no_setup | signals=0 | elapsed_s=0.659
2026-04-04 04:49:33 | symbol_done | idx=66 | total=654 | symbol=FETUSDT | status=skip | reason=no_latest_setup | signals=0 | elapsed_s=0.717
2026-04-04 04:49:33 | symbol_done | idx=67 | total=654 | symbol=PAXGUSDT | status=skip | reason=no_setup | signals=0 | elapsed_s=0.765
2026-04-04 04:49:34 | symbol_done | idx=68 | total=654 | symbol=KITEUSDT | status=skip | reason=no_latest_setup | signals=0 | elapsed_s=0.701
2026-04-04 04:49:35 | symbol_done | idx=69 | total=654 | symbol=币安人生USDT | status=skip | reason=no_latest_setup | signals=0 | elapsed_s=0.694
2026-04-04 04:49:36 | symbol_done | idx=70 | total=654 | symbol=PUFFERUSDT | status=skip | reason=no_latest_setup | signals=0 | elapsed_s=0.695
2026-04-04 04:49:36 | symbol_done | idx=71 | total=654 | symbol=DGBUSDT | status=skip | reason=no_setup | signals=0 | elapsed_s=0.640
2026-04-04 04:49:37 | symbol_done | idx=72 | total=654 | symbol=BCHUSDT | status=skip | reason=no_latest_setup | signals=0 | elapsed_s=0.734
2026-04-04 04:49:38 | symbol_done | idx=73 | total=654 | symbol=TROYUSDT | status=skip | reason=no_setup | signals=0 | elapsed_s=0.632
2026-04-04 04:49:38 | symbol_done | idx=74 | total=654 | symbol=BZUSDT | status=skip | reason=insufficient_history | signals=0 | elapsed_s=0.530
2026-04-04 04:49:39 | symbol_done | idx=75 | total=654 | symbol=XAGUSDT | status=skip | reason=no_latest_setup | signals=0 | elapsed_s=0.710
2026-04-04 04:49:39 | symbol_done | idx=76 | total=654 | symbol=UNIUSDT | status=skip | reason=no_latest_setup | signals=0 | elapsed_s=0.701
2026-04-04 04:49:40 | symbol_done | idx=77 | total=654 | symbol=KERNELUSDT | status=skip | reason=no_latest_setup | signals=0 | elapsed_s=0.722
2026-04-04 04:49:41 | symbol_done | idx=78 | total=654 | symbol=LITUSDT | status=skip | reason=no_latest_setup | signals=0 | elapsed_s=0.721
2026-04-04 04:49:41 | symbol_done | idx=79 | total=654 | symbol=XAUTUSDT | status=skip | reason=insufficient_history | signals=0 | elapsed_s=0.529
2026-04-04 04:49:42 | symbol_done | idx=80 | total=654 | symbol=ARBUSDT | status=skip | reason=no_latest_setup | signals=0 | elapsed_s=0.709
2026-04-04 04:49:43 | symbol_done | idx=81 | total=654 | symbol=HIFIUSDT | status=skip | reason=no_setup | signals=0 | elapsed_s=0.650
2026-04-04 04:49:43 | symbol_done | idx=82 | total=654 | symbol=LTCUSDT | status=skip | reason=no_setup | signals=0 | elapsed_s=0.645
2026-04-04 04:49:44 | symbol_done | idx=83 | total=654 | symbol=CFGUSDT | status=skip | reason=no_latest_setup | signals=0 | elapsed_s=0.265
2026-04-04 04:49:44 | symbol_done | idx=84 | total=654 | symbol=SOLVUSDT | status=skip | reason=no_latest_setup | signals=0 | elapsed_s=0.634
2026-04-04 04:49:45 | symbol_done | idx=85 | total=654 | symbol=OMUSDT | status=skip | reason=no_setup | signals=0 | elapsed_s=0.634
2026-04-04 04:49:46 | symbol_done | idx=86 | total=654 | symbol=1000SHIBUSDT | status=skip | reason=no_latest_setup | signals=0 | elapsed_s=0.652
2026-04-04 04:49:46 | symbol_done | idx=87 | total=654 | symbol=DRIFTUSDT | status=skip | reason=no_latest_setup | signals=0 | elapsed_s=0.679
2026-04-04 04:49:47 | symbol_done | idx=88 | total=654 | symbol=CHESSUSDT | status=skip | reason=no_setup | signals=0 | elapsed_s=0.780
2026-04-04 04:49:48 | symbol_done | idx=89 | total=654 | symbol=42USDT | status=skip | reason=no_setup | signals=0 | elapsed_s=0.624
2026-04-04 04:49:48 | symbol_done | idx=90 | total=654 | symbol=SNTUSDT | status=skip | reason=no_setup | signals=0 | elapsed_s=0.638
2026-04-04 04:49:49 | symbol_done | idx=91 | total=654 | symbol=RENDERUSDT | status=skip | reason=no_latest_setup | signals=0 | elapsed_s=0.659
2026-04-04 04:49:50 | symbol_done | idx=92 | total=654 | symbol=TRXUSDT | status=skip | reason=no_setup | signals=0 | elapsed_s=0.675
2026-04-04 04:49:50 | symbol_done | idx=93 | total=654 | symbol=MKRUSDT | status=skip | reason=no_setup | signals=0 | elapsed_s=0.629
2026-04-04 04:49:51 | symbol_done | idx=94 | total=654 | symbol=VVVUSDT | status=skip | reason=no_latest_setup | signals=0 | elapsed_s=0.768
2026-04-04 04:49:52 | symbol_done | idx=95 | total=654 | symbol=TRUMPUSDT | status=skip | reason=no_latest_setup | signals=0 | elapsed_s=0.697
2026-04-04 04:49:53 | symbol_done | idx=96 | total=654 | symbol=ASTERUSDT | status=skip | reason=no_latest_setup | signals=0 | elapsed_s=0.891
2026-04-04 04:49:53 | symbol_done | idx=97 | total=654 | symbol=POLYXUSDT | status=skip | reason=no_latest_setup | signals=0 | elapsed_s=0.780
2026-04-04 04:49:54 | symbol_done | idx=98 | total=654 | symbol=PUMPUSDT | status=skip | reason=no_latest_setup | signals=0 | elapsed_s=0.717
2026-04-04 04:49:55 | symbol_done | idx=99 | total=654 | symbol=WLDUSDT | status=skip | reason=no_latest_setup | signals=0 | elapsed_s=0.832
2026-04-04 04:49:56 | symbol_done | idx=100 | total=654 | symbol=EPTUSDT | status=skip | reason=no_setup | signals=0 | elapsed_s=0.693
2026-04-04 04:49:56 | symbol_done | idx=101 | total=654 | symbol=NIGHTUSDT | status=skip | reason=no_latest_setup | signals=0 | elapsed_s=0.676
2026-04-04 04:49:57 | symbol_done | idx=102 | total=654 | symbol=HEMIUSDT | status=skip | reason=no_latest_setup | signals=0 | elapsed_s=0.656
2026-04-04 04:49:58 | symbol_done | idx=103 | total=654 | symbol=MUSDT | status=skip | reason=no_latest_setup | signals=0 | elapsed_s=0.800
2026-04-04 04:49:59 | symbol_done | idx=104 | total=654 | symbol=AAVEUSDT | status=skip | reason=no_latest_setup | signals=0 | elapsed_s=0.698
2026-04-04 04:49:59 | symbol_done | idx=105 | total=654 | symbol=TANSSIUSDT | status=skip | reason=no_setup | signals=0 | elapsed_s=0.646
2026-04-04 04:50:00 | symbol_done | idx=106 | total=654 | symbol=FARTCOINUSDT | status=skip | reason=no_latest_setup | signals=0 | elapsed_s=0.692
2026-04-04 04:50:01 | symbol_done | idx=107 | total=654 | symbol=WIFUSDT | status=skip | reason=no_latest_setup | signals=0 | elapsed_s=0.689
2026-04-04 04:50:03 | symbol_done | idx=108 | total=654 | symbol=SLERFUSDT | status=skip | reason=no_setup | signals=0 | elapsed_s=1.954
2026-04-04 04:50:03 | symbol_done | idx=109 | total=654 | symbol=XMRUSDT | status=skip | reason=no_latest_setup | signals=0 | elapsed_s=0.835
2026-04-04 04:50:04 | symbol_done | idx=110 | total=654 | symbol=HUSDT | status=skip | reason=no_latest_setup | signals=0 | elapsed_s=0.811
2026-04-04 04:50:05 | symbol_done | idx=111 | total=654 | symbol=BASEDUSDT | status=skip | reason=insufficient_history | signals=0 | elapsed_s=0.580
2026-04-04 04:50:05 | symbol_done | idx=112 | total=654 | symbol=BLZUSDT | status=skip | reason=no_setup | signals=0 | elapsed_s=0.652
2026-04-04 04:50:06 | symbol_done | idx=113 | total=654 | symbol=BAKEUSDT | status=skip | reason=no_setup | signals=0 | elapsed_s=0.659
2026-04-04 04:50:07 | symbol_done | idx=114 | total=654 | symbol=ALTUSDT | status=skip | reason=no_latest_setup | signals=0 | elapsed_s=0.920
2026-04-04 04:50:08 | symbol_done | idx=115 | total=654 | symbol=SEIUSDT | status=skip | reason=no_latest_setup | signals=0 | elapsed_s=0.803
2026-04-04 04:50:08 | symbol_done | idx=116 | total=654 | symbol=CHRUSDT | status=skip | reason=no_latest_setup | signals=0 | elapsed_s=0.629
2026-04-04 04:50:09 | symbol_done | idx=117 | total=654 | symbol=ETCUSDT | status=skip | reason=no_latest_setup | signals=0 | elapsed_s=0.758
2026-04-04 04:50:10 | symbol_done | idx=118 | total=654 | symbol=RVVUSDT | status=skip | reason=no_setup | signals=0 | elapsed_s=0.990
2026-04-04 04:50:11 | symbol_done | idx=119 | total=654 | symbol=CRVUSDT | status=skip | reason=no_latest_setup | signals=0 | elapsed_s=1.219
2026-04-04 04:50:12 | symbol_done | idx=120 | total=654 | symbol=SIGNUSDT | status=skip | reason=no_latest_setup | signals=0 | elapsed_s=0.930
2026-04-04 04:50:13 | symbol_done | idx=121 | total=654 | symbol=GUAUSDT | status=skip | reason=no_latest_setup | signals=0 | elapsed_s=0.817
2026-04-04 04:50:14 | symbol_done | idx=122 | total=654 | symbol=APTUSDT | status=skip | reason=no_latest_setup | signals=0 | elapsed_s=0.795
2026-04-04 04:50:15 | symbol_done | idx=123 | total=654 | symbol=GALAUSDT | status=skip | reason=no_latest_setup | signals=0 | elapsed_s=0.742
2026-04-04 04:50:15 | symbol_done | idx=124 | total=654 | symbol=CYSUSDT | status=skip | reason=no_latest_setup | signals=0 | elapsed_s=0.785
2026-04-04 04:50:16 | symbol_done | idx=125 | total=654 | symbol=COMBOUSDT | status=skip | reason=no_setup | signals=0 | elapsed_s=0.654
2026-04-04 04:50:17 | symbol_done | idx=126 | total=654 | symbol=BANKUSDT | status=skip | reason=no_latest_setup | signals=0 | elapsed_s=0.740
2026-04-04 04:50:19 | symbol_done | idx=127 | total=654 | symbol=MAGICUSDT | status=skip | reason=no_latest_setup | signals=0 | elapsed_s=1.744
2026-04-04 04:50:19 | symbol_done | idx=128 | total=654 | symbol=NULSUSDT | status=skip | reason=no_setup | signals=0 | elapsed_s=0.636
2026-04-04 04:50:20 | symbol_done | idx=129 | total=654 | symbol=WLFIUSDT | status=skip | reason=no_latest_setup | signals=0 | elapsed_s=0.911
2026-04-04 04:50:21 | symbol_done | idx=130 | total=654 | symbol=XLMUSDT | status=skip | reason=no_latest_setup | signals=0 | elapsed_s=0.750
2026-04-04 04:50:22 | symbol_done | idx=131 | total=654 | symbol=LOKAUSDT | status=skip | reason=no_setup | signals=0 | elapsed_s=0.616
2026-04-04 04:50:22 | symbol_done | idx=132 | total=654 | symbol=PENGUUSDT | status=skip | reason=no_latest_setup | signals=0 | elapsed_s=0.791
2026-04-04 04:50:23 | symbol_done | idx=133 | total=654 | symbol=KATUSDT | status=skip | reason=no_latest_setup | signals=0 | elapsed_s=0.394
2026-04-04 04:50:23 | symbol_done | idx=134 | total=654 | symbol=RDNTUSDT | status=skip | reason=no_latest_setup | signals=0 | elapsed_s=0.759
2026-04-04 04:50:24 | symbol_done | idx=135 | total=654 | symbol=HBARUSDT | status=skip | reason=no_latest_setup | signals=0 | elapsed_s=0.813
2026-04-04 04:50:25 | symbol_done | idx=136 | total=654 | symbol=KEYUSDT | status=skip | reason=no_setup | signals=0 | elapsed_s=0.638
2026-04-04 04:50:26 | symbol_done | idx=137 | total=654 | symbol=OPUSDT | status=skip | reason=no_latest_setup | signals=0 | elapsed_s=0.802
2026-04-04 04:50:27 | symbol_done | idx=138 | total=654 | symbol=VIRTUALUSDT | status=skip | reason=no_latest_setup | signals=0 | elapsed_s=0.783
2026-04-04 04:50:27 | symbol_done | idx=139 | total=654 | symbol=QTUMUSDT | status=skip | reason=no_latest_setup | signals=0 | elapsed_s=0.734
2026-04-04 04:50:28 | symbol_done | idx=140 | total=654 | symbol=AEVOUSDT | status=skip | reason=no_latest_setup | signals=0 | elapsed_s=0.779
2026-04-04 04:50:29 | symbol_done | idx=141 | total=654 | symbol=1000BONKUSDT | status=skip | reason=no_latest_setup | signals=0 | elapsed_s=0.748
2026-04-04 04:50:30 | symbol_done | idx=142 | total=654 | symbol=TRIAUSDT | status=skip | reason=no_latest_setup | signals=0 | elapsed_s=0.735
2026-04-04 04:50:30 | symbol_done | idx=143 | total=654 | symbol=ZKUSDT | status=skip | reason=no_latest_setup | signals=0 | elapsed_s=0.806
2026-04-04 04:50:31 | symbol_done | idx=144 | total=654 | symbol=HIPPOUSDT | status=skip | reason=no_latest_setup | signals=0 | elapsed_s=0.740
2026-04-04 04:50:32 | symbol_done | idx=145 | total=654 | symbol=BSBUSDT | status=skip | reason=insufficient_history | signals=0 | elapsed_s=0.493
2026-04-04 04:50:32 | symbol_done | idx=146 | total=654 | symbol=BLURUSDT | status=skip | reason=no_latest_setup | signals=0 | elapsed_s=0.802
2026-04-04 04:50:33 | symbol_done | idx=147 | total=654 | symbol=APRUSDT | status=skip | reason=no_latest_setup | signals=0 | elapsed_s=0.783
2026-04-04 04:50:34 | symbol_done | idx=148 | total=654 | symbol=LOOMUSDT | status=skip | reason=no_setup | signals=0 | elapsed_s=0.661
2026-04-04 04:50:35 | symbol_done | idx=149 | total=654 | symbol=ONDOUSDT | status=skip | reason=no_latest_setup | signals=0 | elapsed_s=0.784
2026-04-04 04:50:35 | symbol_done | idx=150 | total=654 | symbol=DYDXUSDT | status=skip | reason=no_latest_setup | signals=0 | elapsed_s=0.770
2026-04-04 04:50:36 | symbol_done | idx=151 | total=654 | symbol=APEUSDT | status=skip | reason=no_latest_setup | signals=0 | elapsed_s=0.745
2026-04-04 04:50:37 | symbol_done | idx=152 | total=654 | symbol=ZROUSDT | status=skip | reason=no_latest_setup | signals=0 | elapsed_s=0.736
2026-04-04 04:50:37 | symbol_done | idx=153 | total=654 | symbol=VOXELUSDT | status=skip | reason=no_setup | signals=0 | elapsed_s=0.586
2026-04-04 04:50:38 | symbol_done | idx=154 | total=654 | symbol=CHZUSDT | status=skip | reason=no_latest_setup | signals=0 | elapsed_s=0.760
2026-04-04 04:50:39 | symbol_done | idx=155 | total=654 | symbol=TONUSDT | status=skip | reason=no_setup | signals=0 | elapsed_s=0.720
2026-04-04 04:50:40 | symbol_done | idx=156 | total=654 | symbol=DASHUSDT | status=skip | reason=no_latest_setup | signals=0 | elapsed_s=0.740
2026-04-04 04:50:41 | symbol_done | idx=157 | total=654 | symbol=MAGMAUSDT | status=skip | reason=no_latest_setup | signals=0 | elapsed_s=1.057
2026-04-04 04:50:41 | symbol_done | idx=158 | total=654 | symbol=JELLYJELLYUSDT | status=skip | reason=no_latest_setup | signals=0 | elapsed_s=0.768
2026-04-04 04:50:42 | symbol_done | idx=159 | total=654 | symbol=BDXNUSDT | status=skip | reason=no_latest_setup | signals=0 | elapsed_s=0.725
2026-04-04 04:50:43 | symbol_done | idx=160 | total=654 | symbol=NEOUSDT | status=skip | reason=no_latest_setup | signals=0 | elapsed_s=0.712
2026-04-04 04:50:43 | symbol_done | idx=161 | total=654 | symbol=MDTUSDT | status=skip | reason=no_setup | signals=0 | elapsed_s=0.576
2026-04-04 04:50:44 | symbol_done | idx=162 | total=654 | symbol=TIAUSDT | status=skip | reason=no_latest_setup | signals=0 | elapsed_s=0.750
2026-04-04 04:50:45 | symbol_done | idx=163 | total=654 | symbol=VICUSDT | status=skip | reason=no_latest_setup | signals=0 | elapsed_s=0.728
2026-04-04 04:50:46 | symbol_done | idx=164 | total=654 | symbol=HUMAUSDT | status=skip | reason=no_latest_setup | signals=0 | elapsed_s=0.733
2026-04-04 04:50:46 | symbol_done | idx=165 | total=654 | symbol=TURBOUSDT | status=skip | reason=no_latest_setup | signals=0 | elapsed_s=0.725
2026-04-04 04:50:47 | symbol_done | idx=166 | total=654 | symbol=FISUSDT | status=skip | reason=no_setup | signals=0 | elapsed_s=0.587
2026-04-04 04:50:48 | symbol_done | idx=167 | total=654 | symbol=BIOUSDT | status=skip | reason=no_latest_setup | signals=0 | elapsed_s=1.229
2026-04-04 04:50:49 | symbol_done | idx=168 | total=654 | symbol=ORDIUSDT | status=skip | reason=no_latest_setup | signals=0 | elapsed_s=0.715
2026-04-04 04:50:50 | symbol_done | idx=169 | total=654 | symbol=ATOMUSDT | status=skip | reason=no_latest_setup | signals=0 | elapsed_s=0.729
2026-04-04 04:50:51 | symbol_done | idx=170 | total=654 | symbol=STABLEUSDT | status=skip | reason=no_latest_setup | signals=0 | elapsed_s=0.906
2026-04-04 04:50:51 | symbol_done | idx=171 | total=654 | symbol=ICPUSDT | status=skip | reason=no_latest_setup | signals=0 | elapsed_s=0.720
2026-04-04 04:50:52 | symbol_done | idx=172 | total=654 | symbol=JUPUSDT | status=skip | reason=no_latest_setup | signals=0 | elapsed_s=0.722
2026-04-04 04:50:53 | symbol_done | idx=173 | total=654 | symbol=KLAYUSDT | status=skip | reason=no_setup | signals=0 | elapsed_s=0.612
2026-04-04 04:50:53 | symbol_done | idx=174 | total=654 | symbol=OMGUSDT | status=skip | reason=no_setup | signals=0 | elapsed_s=0.641
2026-04-04 04:50:54 | symbol_done | idx=175 | total=654 | symbol=COMMONUSDT | status=skip | reason=no_setup | signals=0 | elapsed_s=0.645
2026-04-04 04:50:55 | symbol_done | idx=176 | total=654 | symbol=ONUSDT | status=skip | reason=no_latest_setup | signals=0 | elapsed_s=0.843
2026-04-04 04:50:56 | symbol_done | idx=177 | total=654 | symbol=INJUSDT | status=skip | reason=no_latest_setup | signals=0 | elapsed_s=0.728
2026-04-04 04:50:56 | symbol_done | idx=178 | total=654 | symbol=PIXELUSDT | status=skip | reason=no_latest_setup | signals=0 | elapsed_s=0.727
2026-04-04 04:50:57 | symbol_done | idx=179 | total=654 | symbol=CRCLUSDT | status=skip | reason=no_latest_setup | signals=0 | elapsed_s=0.685
2026-04-04 04:50:58 | symbol_done | idx=180 | total=654 | symbol=LDOUSDT | status=skip | reason=no_latest_setup | signals=0 | elapsed_s=0.702
2026-04-04 04:50:58 | symbol_done | idx=181 | total=654 | symbol=SYNUSDT | status=skip | reason=no_latest_setup | signals=0 | elapsed_s=0.708
2026-04-04 04:50:59 | symbol_done | idx=182 | total=654 | symbol=BONDUSDT | status=skip | reason=no_setup | signals=0 | elapsed_s=0.580
2026-04-04 04:51:00 | symbol_done | idx=183 | total=654 | symbol=USTCUSDT | status=skip | reason=no_latest_setup | signals=0 | elapsed_s=0.714
2026-04-04 04:51:00 | symbol_done | idx=184 | total=654 | symbol=PRLUSDT | status=skip | reason=insufficient_history | signals=0 | elapsed_s=0.474
2026-04-04 04:51:01 | symbol_done | idx=185 | total=654 | symbol=PROMPTUSDT | status=skip | reason=no_latest_setup | signals=0 | elapsed_s=0.719
2026-04-04 04:51:02 | symbol_done | idx=186 | total=654 | symbol=TAGUSDT | status=skip | reason=no_latest_setup | signals=0 | elapsed_s=0.723
2026-04-04 04:51:02 | symbol_done | idx=187 | total=654 | symbol=ZBTUSDT | status=skip | reason=no_latest_setup | signals=0 | elapsed_s=0.746
2026-04-04 04:51:03 | symbol_done | idx=188 | total=654 | symbol=REEFUSDT | status=skip | reason=no_setup | signals=0 | elapsed_s=0.600
2026-04-04 04:51:04 | symbol_done | idx=189 | total=654 | symbol=LYNUSDT | status=skip | reason=no_latest_setup | signals=0 | elapsed_s=0.717
2026-04-04 04:51:04 | symbol_done | idx=190 | total=654 | symbol=SKATEUSDT | status=skip | reason=no_setup | signals=0 | elapsed_s=0.581
2026-04-04 04:51:05 | symbol_done | idx=191 | total=654 | symbol=XEMUSDT | status=skip | reason=no_setup | signals=0 | elapsed_s=0.591
2026-04-04 04:51:06 | symbol_done | idx=192 | total=654 | symbol=VETUSDT | status=skip | reason=no_latest_setup | signals=0 | elapsed_s=0.768
2026-04-04 04:51:06 | symbol_done | idx=193 | total=654 | symbol=IPUSDT | status=skip | reason=no_latest_setup | signals=0 | elapsed_s=0.737
2026-04-04 04:51:07 | symbol_done | idx=194 | total=654 | symbol=POLUSDT | status=skip | reason=no_latest_setup | signals=0 | elapsed_s=0.715
2026-04-04 04:51:08 | symbol_done | idx=195 | total=654 | symbol=SAHARAUSDT | status=skip | reason=no_latest_setup | signals=0 | elapsed_s=0.709
2026-04-04 04:51:08 | symbol_done | idx=196 | total=654 | symbol=MASKUSDT | status=skip | reason=no_latest_setup | signals=0 | elapsed_s=0.601
2026-04-04 04:51:09 | symbol_done | idx=197 | total=654 | symbol=ROBOUSDT | status=skip | reason=no_latest_setup | signals=0 | elapsed_s=0.284
2026-04-04 04:51:09 | symbol_done | idx=198 | total=654 | symbol=HOOKUSDT | status=skip | reason=no_latest_setup | signals=0 | elapsed_s=0.738
2026-04-04 04:51:10 | symbol_done | idx=199 | total=654 | symbol=AXSUSDT | status=skip | reason=no_latest_setup | signals=0 | elapsed_s=0.619
2026-04-04 04:51:11 | symbol_done | idx=200 | total=654 | symbol=WUSDT | status=skip | reason=no_latest_setup | signals=0 | elapsed_s=0.736
2026-04-04 04:51:11 | symbol_done | idx=201 | total=654 | symbol=THETAUSDT | status=skip | reason=no_latest_setup | signals=0 | elapsed_s=0.728
2026-04-04 04:51:12 | symbol_done | idx=202 | total=654 | symbol=ANKRUSDT | status=skip | reason=no_latest_setup | signals=0 | elapsed_s=0.725
2026-04-04 04:51:13 | symbol_done | idx=203 | total=654 | symbol=DARUSDT | status=skip | reason=no_setup | signals=0 | elapsed_s=0.600
2026-04-04 04:51:13 | symbol_done | idx=204 | total=654 | symbol=ICXUSDT | status=skip | reason=no_latest_setup | signals=0 | elapsed_s=0.617
2026-04-04 04:51:14 | symbol_done | idx=205 | total=654 | symbol=DAMUSDT | status=skip | reason=no_latest_setup | signals=0 | elapsed_s=0.701
2026-04-04 04:51:15 | symbol_done | idx=206 | total=654 | symbol=0GUSDT | status=skip | reason=no_latest_setup | signals=0 | elapsed_s=0.730
2026-04-04 04:51:16 | symbol_done | idx=207 | total=654 | symbol=DUSKUSDT | status=skip | reason=no_latest_setup | signals=0 | elapsed_s=0.772
2026-04-04 04:51:16 | symbol_done | idx=208 | total=654 | symbol=ACHUSDT | status=skip | reason=no_latest_setup | signals=0 | elapsed_s=0.739
2026-04-04 04:51:17 | symbol_done | idx=209 | total=654 | symbol=KAITOUSDT | status=skip | reason=no_latest_setup | signals=0 | elapsed_s=0.723
2026-04-04 04:51:18 | symbol_done | idx=210 | total=654 | symbol=OGNUSDT | status=skip | reason=no_latest_setup | signals=0 | elapsed_s=0.617
2026-04-04 04:51:18 | symbol_done | idx=211 | total=654 | symbol=PYTHUSDT | status=skip | reason=no_latest_setup | signals=0 | elapsed_s=0.713
2026-04-04 04:51:19 | symbol_done | idx=212 | total=654 | symbol=SANDUSDT | status=skip | reason=no_latest_setup | signals=0 | elapsed_s=0.722
2026-04-04 04:51:20 | symbol_done | idx=214 | total=654 | symbol=IOTAUSDT | status=skip | reason=no_latest_setup | signals=0 | elapsed_s=0.625
2026-04-04 04:51:21 | symbol_done | idx=215 | total=654 | symbol=CUDISUSDT | status=skip | reason=no_setup | signals=0 | elapsed_s=0.588
2026-04-04 04:51:22 | symbol_done | idx=216 | total=654 | symbol=RESOLVUSDT | status=skip | reason=no_latest_setup | signals=0 | elapsed_s=0.733
2026-04-04 04:51:22 | symbol_done | idx=217 | total=654 | symbol=OPNUSDT | status=skip | reason=no_latest_setup | signals=0 | elapsed_s=0.358
2026-04-04 04:51:23 | symbol_done | idx=218 | total=654 | symbol=STGUSDT | status=skip | reason=no_latest_setup | signals=0 | elapsed_s=0.731
2026-04-04 04:51:24 | symbol_done | idx=219 | total=654 | symbol=BANANAS31USDT | status=skip | reason=no_latest_setup | signals=0 | elapsed_s=0.727
2026-04-04 04:51:24 | symbol_done | idx=220 | total=654 | symbol=TSLAUSDT | status=skip | reason=no_setup | signals=0 | elapsed_s=0.729
2026-04-04 04:51:25 | symbol_done | idx=221 | total=654 | symbol=ZENUSDT | status=skip | reason=no_latest_setup | signals=0 | elapsed_s=0.605
2026-04-04 04:51:26 | symbol_done | idx=222 | total=654 | symbol=PHAUSDT | status=skip | reason=no_latest_setup | signals=0 | elapsed_s=0.723
2026-04-04 04:51:26 | symbol_done | idx=223 | total=654 | symbol=1000LUNCUSDT | status=skip | reason=no_latest_setup | signals=0 | elapsed_s=0.764
2026-04-04 04:51:27 | symbol_done | idx=224 | total=654 | symbol=STRKUSDT | status=skip | reason=no_latest_setup | signals=0 | elapsed_s=0.751
2026-04-04 04:51:28 | symbol_done | idx=225 | total=654 | symbol=BERAUSDT | status=skip | reason=no_latest_setup | signals=0 | elapsed_s=0.734
2026-04-04 04:51:29 | symbol_done | idx=226 | total=654 | symbol=GLMRUSDT | status=skip | reason=no_setup | signals=0 | elapsed_s=0.616
2026-04-04 04:51:29 | symbol_done | idx=227 | total=654 | symbol=SENTUSDT | status=skip | reason=no_latest_setup | signals=0 | elapsed_s=0.746
2026-04-04 04:51:30 | symbol_done | idx=228 | total=654 | symbol=ETHFIUSDT | status=skip | reason=no_latest_setup | signals=0 | elapsed_s=0.749
2026-04-04 04:51:31 | symbol_done | idx=229 | total=654 | symbol=NMRUSDT | status=skip | reason=no_latest_setup | signals=0 | elapsed_s=0.620
2026-04-04 04:51:31 | symbol_done | idx=230 | total=654 | symbol=CETUSUSDT | status=skip | reason=no_latest_setup | signals=0 | elapsed_s=0.607
2026-04-04 04:51:32 | symbol_done | idx=231 | total=654 | symbol=NTRNUSDT | status=skip | reason=no_latest_setup | signals=0 | elapsed_s=0.606
2026-04-04 04:51:32 | symbol_done | idx=232 | total=654 | symbol=HFTUSDT | status=skip | reason=no_latest_setup | signals=0 | elapsed_s=0.609
2026-04-04 04:51:33 | symbol_done | idx=233 | total=654 | symbol=RLSUSDT | status=skip | reason=no_latest_setup | signals=0 | elapsed_s=0.631
2026-04-04 04:51:34 | symbol_done | idx=234 | total=654 | symbol=MILKUSDT | status=skip | reason=no_setup | signals=0 | elapsed_s=0.582
2026-04-04 04:51:34 | symbol_done | idx=235 | total=654 | symbol=RADUSDT | status=skip | reason=no_setup | signals=0 | elapsed_s=0.678
2026-04-04 04:51:35 | symbol_done | idx=236 | total=654 | symbol=DEXEUSDT | status=skip | reason=no_latest_setup | signals=0 | elapsed_s=0.637
2026-04-04 04:51:36 | symbol_done | idx=237 | total=654 | symbol=QNTUSDT | status=skip | reason=no_latest_setup | signals=0 | elapsed_s=0.622
2026-04-04 04:51:36 | symbol_done | idx=238 | total=654 | symbol=FLMUSDT | status=skip | reason=no_setup | signals=0 | elapsed_s=0.626
2026-04-04 04:51:37 | symbol_done | idx=239 | total=654 | symbol=HEIUSDT | status=skip | reason=no_latest_setup | signals=0 | elapsed_s=0.659
2026-04-04 04:51:38 | symbol_done | idx=240 | total=654 | symbol=LRCUSDT | status=skip | reason=no_latest_setup | signals=0 | elapsed_s=0.610
2026-04-04 04:51:38 | symbol_done | idx=241 | total=654 | symbol=GIGGLEUSDT | status=skip | reason=no_latest_setup | signals=0 | elapsed_s=0.723
2026-04-04 04:51:39 | symbol_done | idx=242 | total=654 | symbol=EIGENUSDT | status=skip | reason=no_latest_setup | signals=0 | elapsed_s=0.778
2026-04-04 04:51:40 | symbol_done | idx=243 | total=654 | symbol=BULLAUSDT | status=skip | reason=no_latest_setup | signals=0 | elapsed_s=0.767
2026-04-04 04:51:41 | symbol_done | idx=244 | total=654 | symbol=ENSOUSDT | status=skip | reason=no_latest_setup | signals=0 | elapsed_s=0.825
2026-04-04 04:51:41 | symbol_done | idx=245 | total=654 | symbol=RAYSOLUSDT | status=skip | reason=no_latest_setup | signals=0 | elapsed_s=0.665
2026-04-04 04:51:42 | symbol_done | idx=246 | total=654 | symbol=1000FLOKIUSDT | status=skip | reason=no_latest_setup | signals=0 | elapsed_s=0.674
2026-04-04 04:51:43 | symbol_done | idx=247 | total=654 | symbol=REIUSDT | status=skip | reason=no_setup | signals=0 | elapsed_s=0.659
2026-04-04 04:51:43 | symbol_done | idx=248 | total=654 | symbol=BADGERUSDT | status=skip | reason=no_setup | signals=0 | elapsed_s=0.588
2026-04-04 04:51:44 | symbol_done | idx=249 | total=654 | symbol=ARCUSDT | status=skip | reason=no_latest_setup | signals=0 | elapsed_s=0.749
2026-04-04 04:51:45 | symbol_done | idx=250 | total=654 | symbol=STBLUSDT | status=skip | reason=no_latest_setup | signals=0 | elapsed_s=0.625
2026-04-04 04:51:45 | symbol_done | idx=251 | total=654 | symbol=OLUSDT | status=skip | reason=no_latest_setup | signals=0 | elapsed_s=0.608
2026-04-04 04:51:46 | symbol_done | idx=252 | total=654 | symbol=LUNA2USDT | status=skip | reason=no_latest_setup | signals=0 | elapsed_s=0.631
2026-04-04 04:51:46 | symbol_done | idx=253 | total=654 | symbol=PENDLEUSDT | status=skip | reason=no_latest_setup | signals=0 | elapsed_s=0.626
2026-04-04 04:51:47 | symbol_done | idx=254 | total=654 | symbol=VFYUSDT | status=skip | reason=no_latest_setup | signals=0 | elapsed_s=0.628
2026-04-04 04:51:48 | symbol_done | idx=255 | total=654 | symbol=PEOPLEUSDT | status=skip | reason=no_latest_setup | signals=0 | elapsed_s=0.657
2026-04-04 04:51:48 | symbol_done | idx=256 | total=654 | symbol=EDENUSDT | status=skip | reason=no_latest_setup | signals=0 | elapsed_s=0.662
2026-04-04 04:51:49 | symbol_done | idx=257 | total=654 | symbol=MYXUSDT | status=skip | reason=no_latest_setup | signals=0 | elapsed_s=0.639
2026-04-04 04:51:50 | symbol_done | idx=258 | total=654 | symbol=ICNTUSDT | status=skip | reason=no_latest_setup | signals=0 | elapsed_s=0.633
2026-04-04 04:51:50 | symbol_done | idx=259 | total=654 | symbol=DEFIUSDT | status=skip | reason=no_setup | signals=0 | elapsed_s=0.610
2026-04-04 04:51:51 | symbol_done | idx=260 | total=654 | symbol=SAPIENUSDT | status=skip | reason=no_latest_setup | signals=0 | elapsed_s=0.663
2026-04-04 04:51:52 | symbol_done | idx=261 | total=654 | symbol=USELESSUSDT | status=skip | reason=no_latest_setup | signals=0 | elapsed_s=0.653
2026-04-04 04:51:52 | symbol_done | idx=262 | total=654 | symbol=JCTUSDT | status=skip | reason=no_latest_setup | signals=0 | elapsed_s=0.616
2026-04-04 04:51:53 | symbol_done | idx=263 | total=654 | symbol=GWEIUSDT | status=skip | reason=no_latest_setup | signals=0 | elapsed_s=0.744
2026-04-04 04:51:54 | symbol_done | idx=264 | total=654 | symbol=PLAYUSDT | status=skip | reason=no_latest_setup | signals=0 | elapsed_s=0.777
2026-04-04 04:51:54 | symbol_done | idx=265 | total=654 | symbol=BANUSDT | status=skip | reason=no_latest_setup | signals=0 | elapsed_s=0.688
2026-04-04 04:51:55 | symbol_done | idx=266 | total=654 | symbol=LINEAUSDT | status=skip | reason=no_latest_setup | signals=0 | elapsed_s=0.721
2026-04-04 04:51:56 | symbol_done | idx=267 | total=654 | symbol=NKNUSDT | status=skip | reason=no_setup | signals=0 | elapsed_s=0.650
2026-04-04 04:51:56 | symbol_done | idx=268 | total=654 | symbol=AIXBTUSDT | status=skip | reason=no_latest_setup | signals=0 | elapsed_s=0.633
2026-04-04 04:51:57 | symbol_done | idx=269 | total=654 | symbol=REZUSDT | status=skip | reason=no_latest_setup | signals=0 | elapsed_s=0.620
2026-04-04 04:51:58 | symbol_done | idx=270 | total=654 | symbol=EULUSDT | status=skip | reason=no_latest_setup | signals=0 | elapsed_s=0.694
2026-04-04 04:51:59 | symbol_done | idx=271 | total=654 | symbol=POWERUSDT | status=skip | reason=no_latest_setup | signals=0 | elapsed_s=0.811
2026-04-04 04:51:59 | symbol_done | idx=272 | total=654 | symbol=NEIROUSDT | status=skip | reason=no_latest_setup | signals=0 | elapsed_s=0.771
2026-04-04 04:52:00 | symbol_done | idx=273 | total=654 | symbol=THEUSDT | status=skip | reason=no_latest_setup | signals=0 | elapsed_s=0.690
2026-04-04 04:52:01 | symbol_done | idx=274 | total=654 | symbol=ORBSUSDT | status=skip | reason=no_setup | signals=0 | elapsed_s=0.660
2026-04-04 04:52:01 | symbol_done | idx=275 | total=654 | symbol=SNXUSDT | status=skip | reason=no_latest_setup | signals=0 | elapsed_s=0.729
2026-04-04 04:52:02 | symbol_done | idx=276 | total=654 | symbol=SKYUSDT | status=skip | reason=no_latest_setup | signals=0 | elapsed_s=0.852
2026-04-04 04:52:03 | symbol_done | idx=277 | total=654 | symbol=ZAMAUSDT | status=skip | reason=no_latest_setup | signals=0 | elapsed_s=0.735
2026-04-04 04:52:04 | symbol_done | idx=278 | total=654 | symbol=COSUSDT | status=skip | reason=no_latest_setup | signals=0 | elapsed_s=0.707
2026-04-04 04:52:04 | symbol_done | idx=279 | total=654 | symbol=1000WHYUSDT | status=skip | reason=no_latest_setup | signals=0 | elapsed_s=0.737
2026-04-04 04:52:05 | symbol_done | idx=280 | total=654 | symbol=JTOUSDT | status=skip | reason=no_latest_setup | signals=0 | elapsed_s=0.667
2026-04-04 04:52:06 | symbol_done | idx=281 | total=654 | symbol=BALUSDT | status=skip | reason=no_setup | signals=0 | elapsed_s=0.650
2026-04-04 04:52:06 | symbol_done | idx=282 | total=654 | symbol=MANAUSDT | status=skip | reason=no_latest_setup | signals=0 | elapsed_s=0.690
2026-04-04 04:52:07 | symbol_done | idx=283 | total=654 | symbol=PTBUSDT | status=skip | reason=no_latest_setup | signals=0 | elapsed_s=0.677
2026-04-04 04:52:08 | symbol_done | idx=284 | total=654 | symbol=XNYUSDT | status=skip | reason=no_latest_setup | signals=0 | elapsed_s=0.734
2026-04-04 04:52:08 | symbol_done | idx=285 | total=654 | symbol=ZRCUSDT | status=skip | reason=no_setup | signals=0 | elapsed_s=0.653
2026-04-04 04:52:09 | symbol_done | idx=286 | total=654 | symbol=DEGOUSDT | status=skip | reason=no_latest_setup | signals=0 | elapsed_s=0.694
2026-04-04 04:52:10 | symbol_done | idx=287 | total=654 | symbol=ENJUSDT | status=skip | reason=no_latest_setup | signals=0 | elapsed_s=0.680
2026-04-04 04:52:11 | symbol_done | idx=288 | total=654 | symbol=COLLECTUSDT | status=skip | reason=no_latest_setup | signals=0 | elapsed_s=0.629
2026-04-04 04:52:11 | symbol_done | idx=289 | total=654 | symbol=STMXUSDT | status=skip | reason=no_setup | signals=0 | elapsed_s=0.631
2026-04-04 04:52:13 | symbol_done | idx=290 | total=654 | symbol=IDUSDT | status=skip | reason=no_latest_setup | signals=0 | elapsed_s=1.460
2026-04-04 04:52:13 | symbol_done | idx=291 | total=654 | symbol=MINAUSDT | status=skip | reason=no_latest_setup | signals=0 | elapsed_s=0.766
2026-04-04 04:52:14 | symbol_done | idx=292 | total=654 | symbol=PNUTUSDT | status=skip | reason=no_latest_setup | signals=0 | elapsed_s=0.994
2026-04-04 04:52:15 | symbol_done | idx=293 | total=654 | symbol=TRBUSDT | status=skip | reason=no_latest_setup | signals=0 | elapsed_s=1.078
2026-04-04 04:52:16 | symbol_done | idx=294 | total=654 | symbol=FXSUSDT | status=skip | reason=no_setup | signals=0 | elapsed_s=0.740
2026-04-04 04:52:17 | symbol_done | idx=295 | total=654 | symbol=MYROUSDT | status=skip | reason=no_setup | signals=0 | elapsed_s=0.643
2026-04-04 04:52:18 | symbol_done | idx=296 | total=654 | symbol=GHSTUSDT | status=skip | reason=no_setup | signals=0 | elapsed_s=0.694
2026-04-04 04:52:18 | symbol_done | idx=297 | total=654 | symbol=SKYAIUSDT | status=skip | reason=no_latest_setup | signals=0 | elapsed_s=0.821
2026-04-04 04:52:19 | symbol_done | idx=298 | total=654 | symbol=4USDT | status=skip | reason=no_latest_setup | signals=0 | elapsed_s=0.789
2026-04-04 04:52:20 | symbol_done | idx=299 | total=654 | symbol=INITUSDT | status=skip | reason=no_latest_setup | signals=0 | elapsed_s=0.896
2026-04-04 04:52:21 | symbol_done | idx=300 | total=654 | symbol=GMTUSDT | status=skip | reason=no_latest_setup | signals=0 | elapsed_s=0.803
2026-04-04 04:52:22 | symbol_done | idx=301 | total=654 | symbol=METUSDT | status=skip | reason=no_latest_setup | signals=0 | elapsed_s=0.847
2026-04-04 04:52:22 | symbol_done | idx=302 | total=654 | symbol=1000XUSDT | status=skip | reason=no_setup | signals=0 | elapsed_s=0.684
2026-04-04 04:52:23 | symbol_done | idx=303 | total=654 | symbol=UBUSDT | status=skip | reason=no_latest_setup | signals=0 | elapsed_s=0.771
2026-04-04 04:52:24 | symbol_done | idx=304 | total=654 | symbol=ARUSDT | status=skip | reason=no_latest_setup | signals=0 | elapsed_s=0.697
2026-04-04 04:52:25 | symbol_done | idx=305 | total=654 | symbol=MSTRUSDT | status=skip | reason=no_latest_setup | signals=0 | elapsed_s=0.787
2026-04-04 04:52:25 | symbol_done | idx=306 | total=654 | symbol=CAKEUSDT | status=skip | reason=no_latest_setup | signals=0 | elapsed_s=0.698
2026-04-04 04:52:26 | symbol_done | idx=307 | total=654 | symbol=DEGENUSDT | status=skip | reason=no_latest_setup | signals=0 | elapsed_s=0.696
2026-04-04 04:52:27 | symbol_done | idx=308 | total=654 | symbol=GRTUSDT | status=skip | reason=no_latest_setup | signals=0 | elapsed_s=0.699
2026-04-04 04:52:27 | symbol_done | idx=309 | total=654 | symbol=ESPUSDT | status=skip | reason=no_latest_setup | signals=0 | elapsed_s=0.768
2026-04-04 04:52:28 | symbol_done | idx=310 | total=654 | symbol=SHELLUSDT | status=skip | reason=no_latest_setup | signals=0 | elapsed_s=0.733
2026-04-04 04:52:29 | symbol_done | idx=311 | total=654 | symbol=TOWNSUSDT | status=skip | reason=no_latest_setup | signals=0 | elapsed_s=0.755
2026-04-04 04:52:30 | symbol_done | idx=312 | total=654 | symbol=BOMEUSDT | status=skip | reason=no_latest_setup | signals=0 | elapsed_s=0.747
2026-04-04 04:52:30 | symbol_done | idx=313 | total=654 | symbol=LIGHTUSDT | status=skip | reason=no_latest_setup | signals=0 | elapsed_s=0.672
2026-04-04 04:52:31 | symbol_done | idx=314 | total=654 | symbol=ATHUSDT | status=skip | reason=no_latest_setup | signals=0 | elapsed_s=0.747
2026-04-04 04:52:32 | symbol_done | idx=315 | total=654 | symbol=EDUUSDT | status=skip | reason=no_latest_setup | signals=0 | elapsed_s=0.651
2026-04-04 04:52:32 | symbol_done | idx=316 | total=654 | symbol=TWTUSDT | status=skip | reason=no_latest_setup | signals=0 | elapsed_s=0.645
2026-04-04 04:52:33 | symbol_done | idx=317 | total=654 | symbol=FORTHUSDT | status=skip | reason=no_latest_setup | signals=0 | elapsed_s=0.650
2026-04-04 04:52:34 | symbol_done | idx=318 | total=654 | symbol=XCNUSDT | status=skip | reason=no_setup | signals=0 | elapsed_s=0.606
2026-04-04 04:52:35 | symbol_done | idx=319 | total=654 | symbol=FLOWUSDT | status=skip | reason=no_latest_setup | signals=0 | elapsed_s=0.815
2026-04-04 04:52:35 | symbol_done | idx=320 | total=654 | symbol=DFUSDT | status=skip | reason=no_setup | signals=0 | elapsed_s=0.629
2026-04-04 04:52:36 | symbol_done | idx=321 | total=654 | symbol=MOODENGUSDT | status=skip | reason=no_latest_setup | signals=0 | elapsed_s=0.661
2026-04-04 04:52:37 | symbol_done | idx=322 | total=654 | symbol=CELOUSDT | status=skip | reason=no_latest_setup | signals=0 | elapsed_s=0.722
2026-04-04 04:52:37 | symbol_done | idx=323 | total=654 | symbol=HOODUSDT | status=skip | reason=no_latest_setup | signals=0 | elapsed_s=0.656
2026-04-04 04:52:38 | symbol_done | idx=324 | total=654 | symbol=PROVEUSDT | status=skip | reason=no_latest_setup | signals=0 | elapsed_s=0.671
2026-04-04 04:52:39 | symbol_done | idx=325 | total=654 | symbol=SWARMSUSDT | status=skip | reason=no_latest_setup | signals=0 | elapsed_s=0.654
2026-04-04 04:52:39 | symbol_done | idx=326 | total=654 | symbol=MIRAUSDT | status=skip | reason=no_latest_setup | signals=0 | elapsed_s=0.632
2026-04-04 04:52:40 | symbol_done | idx=327 | total=654 | symbol=USUALUSDT | status=skip | reason=no_latest_setup | signals=0 | elapsed_s=0.673
2026-04-04 04:52:41 | symbol_done | idx=328 | total=654 | symbol=SUSDT | status=skip | reason=no_latest_setup | signals=0 | elapsed_s=0.710
2026-04-04 04:52:41 | symbol_done | idx=329 | total=654 | symbol=CCUSDT | status=skip | reason=no_latest_setup | signals=0 | elapsed_s=0.688
2026-04-04 04:52:42 | symbol_done | idx=330 | total=654 | symbol=DMCUSDT | status=skip | reason=no_setup | signals=0 | elapsed_s=0.683
2026-04-04 04:52:43 | symbol_done | idx=331 | total=654 | symbol=CFXUSDT | status=skip | reason=no_latest_setup | signals=0 | elapsed_s=0.664
2026-04-04 04:52:43 | symbol_done | idx=332 | total=654 | symbol=COMPUSDT | status=skip | reason=no_latest_setup | signals=0 | elapsed_s=0.669
2026-04-04 04:52:44 | symbol_done | idx=333 | total=654 | symbol=STXUSDT | status=skip | reason=no_latest_setup | signals=0 | elapsed_s=0.673
2026-04-04 04:52:45 | symbol_done | idx=334 | total=654 | symbol=DYMUSDT | status=skip | reason=no_latest_setup | signals=0 | elapsed_s=0.657
2026-04-04 04:52:45 | symbol_done | idx=335 | total=654 | symbol=STPTUSDT | status=skip | reason=no_setup | signals=0 | elapsed_s=0.627
2026-04-04 04:52:46 | symbol_done | idx=336 | total=654 | symbol=NAORISUSDT | status=skip | reason=no_latest_setup | signals=0 | elapsed_s=0.643
2026-04-04 04:52:47 | symbol_done | idx=337 | total=654 | symbol=SUSHIUSDT | status=skip | reason=no_latest_setup | signals=0 | elapsed_s=0.690
2026-04-04 04:52:47 | symbol_done | idx=338 | total=654 | symbol=XTZUSDT | status=skip | reason=no_latest_setup | signals=0 | elapsed_s=0.635
2026-04-04 04:52:48 | symbol_done | idx=339 | total=654 | symbol=ONEUSDT | status=skip | reason=no_latest_setup | signals=0 | elapsed_s=0.652
2026-04-04 04:52:48 | symbol_done | idx=340 | total=654 | symbol=AUSDT | status=skip | reason=no_latest_setup | signals=0 | elapsed_s=0.664
2026-04-04 04:52:49 | symbol_done | idx=341 | total=654 | symbol=ARKMUSDT | status=skip | reason=no_latest_setup | signals=0 | elapsed_s=0.658
2026-04-04 04:52:50 | symbol_done | idx=342 | total=654 | symbol=STEEMUSDT | status=skip | reason=no_latest_setup | signals=0 | elapsed_s=0.668
2026-04-04 04:52:51 | symbol_done | idx=343 | total=654 | symbol=ALICEUSDT | status=skip | reason=no_latest_setup | signals=0 | elapsed_s=0.758
2026-04-04 04:52:51 | symbol_done | idx=344 | total=654 | symbol=EPICUSDT | status=skip | reason=no_latest_setup | signals=0 | elapsed_s=0.708
2026-04-04 04:52:52 | symbol_done | idx=345 | total=654 | symbol=FOLKSUSDT | status=skip | reason=no_latest_setup | signals=0 | elapsed_s=0.666
2026-04-04 04:52:53 | symbol_done | idx=346 | total=654 | symbol=FORMUSDT | status=skip | reason=no_latest_setup | signals=0 | elapsed_s=0.672
2026-04-04 04:52:53 | symbol_done | idx=347 | total=654 | symbol=AIUSDT | status=skip | reason=no_latest_setup | signals=0 | elapsed_s=0.653
2026-04-04 04:52:54 | symbol_done | idx=348 | total=654 | symbol=GUNUSDT | status=skip | reason=no_latest_setup | signals=0 | elapsed_s=0.656
2026-04-04 04:52:55 | symbol_done | idx=349 | total=654 | symbol=ROSEUSDT | status=skip | reason=no_latest_setup | signals=0 | elapsed_s=0.677
2026-04-04 04:52:55 | symbol_done | idx=350 | total=654 | symbol=HOMEUSDT | status=skip | reason=no_latest_setup | signals=0 | elapsed_s=0.752
2026-04-04 04:52:56 | symbol_done | idx=351 | total=654 | symbol=SUPERUSDT | status=skip | reason=no_latest_setup | signals=0 | elapsed_s=0.654
2026-04-04 04:52:56 | symbol_done | idx=352 | total=654 | symbol=MANTRAUSDT | status=skip | reason=no_latest_setup | signals=0 | elapsed_s=0.301
2026-04-04 04:52:57 | symbol_done | idx=353 | total=654 | symbol=CHILLGUYUSDT | status=skip | reason=no_latest_setup | signals=0 | elapsed_s=0.656
2026-04-04 04:52:58 | symbol_done | idx=354 | total=654 | symbol=SPACEUSDT | status=skip | reason=no_latest_setup | signals=0 | elapsed_s=0.773
2026-04-04 04:52:58 | symbol_done | idx=355 | total=654 | symbol=BSVUSDT | status=skip | reason=no_latest_setup | signals=0 | elapsed_s=0.659
2026-04-04 04:52:59 | symbol_done | idx=356 | total=654 | symbol=FOGOUSDT | status=skip | reason=no_latest_setup | signals=0 | elapsed_s=0.683
2026-04-04 04:53:00 | symbol_done | idx=357 | total=654 | symbol=ANIMEUSDT | status=skip | reason=no_latest_setup | signals=0 | elapsed_s=0.633
2026-04-04 04:53:00 | symbol_done | idx=358 | total=654 | symbol=CLOUSDT | status=skip | reason=no_latest_setup | signals=0 | elapsed_s=0.746
2026-04-04 04:53:01 | symbol_done | idx=359 | total=654 | symbol=MOVEUSDT | status=skip | reason=no_latest_setup | signals=0 | elapsed_s=0.693
2026-04-04 04:53:02 | symbol_done | idx=360 | total=654 | symbol=FFUSDT | status=skip | reason=no_latest_setup | signals=0 | elapsed_s=0.674
2026-04-04 04:53:02 | symbol_done | idx=361 | total=654 | symbol=GUSDT | status=skip | reason=no_latest_setup | signals=0 | elapsed_s=0.672
2026-04-04 04:53:04 | symbol_done | idx=362 | total=654 | symbol=TRADOORUSDT | status=skip | reason=no_latest_setup | signals=0 | elapsed_s=1.919
2026-04-04 04:53:05 | symbol_done | idx=363 | total=654 | symbol=SWELLUSDT | status=skip | reason=no_setup | signals=0 | elapsed_s=0.622
2026-04-04 04:53:06 | symbol_done | idx=364 | total=654 | symbol=MEUSDT | status=skip | reason=no_latest_setup | signals=0 | elapsed_s=0.805
2026-04-04 04:53:08 | symbol_done | idx=365 | total=654 | symbol=ZILUSDT | status=skip | reason=no_latest_setup | signals=0 | elapsed_s=2.018
2026-04-04 04:53:09 | symbol_done | idx=366 | total=654 | symbol=ARPAUSDT | status=skip | reason=no_latest_setup | signals=0 | elapsed_s=0.750
2026-04-04 04:53:09 | symbol_done | idx=367 | total=654 | symbol=KASUSDT | status=skip | reason=no_latest_setup | signals=0 | elapsed_s=0.753
2026-04-04 04:53:10 | symbol_done | idx=368 | total=654 | symbol=BTRUSDT | status=skip | reason=no_latest_setup | signals=0 | elapsed_s=0.828
2026-04-04 04:53:11 | symbol_done | idx=369 | total=654 | symbol=CKBUSDT | status=skip | reason=no_latest_setup | signals=0 | elapsed_s=0.796
2026-04-04 04:53:12 | symbol_done | idx=370 | total=654 | symbol=SPXUSDT | status=skip | reason=no_latest_setup | signals=0 | elapsed_s=0.783
2026-04-04 04:53:13 | symbol_done | idx=371 | total=654 | symbol=IRYSUSDT | status=skip | reason=no_latest_setup | signals=0 | elapsed_s=0.805
2026-04-04 04:53:13 | symbol_done | idx=372 | total=654 | symbol=NFPUSDT | status=skip | reason=no_latest_setup | signals=0 | elapsed_s=0.759
2026-04-04 04:53:14 | symbol_done | idx=373 | total=654 | symbol=RAREUSDT | status=skip | reason=no_latest_setup | signals=0 | elapsed_s=0.786
2026-04-04 04:53:15 | symbol_done | idx=374 | total=654 | symbol=NILUSDT | status=skip | reason=no_latest_setup | signals=0 | elapsed_s=0.752
2026-04-04 04:53:16 | symbol_done | idx=375 | total=654 | symbol=LAUSDT | status=skip | reason=no_latest_setup | signals=0 | elapsed_s=0.670
2026-04-04 04:53:16 | symbol_done | idx=376 | total=654 | symbol=JSTUSDT | status=skip | reason=no_latest_setup | signals=0 | elapsed_s=0.704
2026-04-04 04:53:17 | symbol_done | idx=377 | total=654 | symbol=GRIFFAINUSDT | status=skip | reason=no_latest_setup | signals=0 | elapsed_s=0.668
2026-04-04 04:53:18 | symbol_done | idx=378 | total=654 | symbol=BANANAUSDT | status=skip | reason=no_latest_setup | signals=0 | elapsed_s=0.651
2026-04-04 04:53:18 | symbol_done | idx=379 | total=654 | symbol=KAVAUSDT | status=skip | reason=no_latest_setup | signals=0 | elapsed_s=0.641
2026-04-04 04:53:19 | symbol_done | idx=380 | total=654 | symbol=1000000BOBUSDT | status=skip | reason=no_latest_setup | signals=0 | elapsed_s=0.678
2026-04-04 04:53:20 | symbol_done | idx=381 | total=654 | symbol=POWRUSDT | status=skip | reason=no_latest_setup | signals=0 | elapsed_s=0.715
2026-04-04 04:53:20 | symbol_done | idx=382 | total=654 | symbol=FIGHTUSDT | status=skip | reason=no_latest_setup | signals=0 | elapsed_s=0.687
2026-04-04 04:53:21 | symbol_done | idx=383 | total=654 | symbol=DOLOUSDT | status=skip | reason=no_latest_setup | signals=0 | elapsed_s=0.721
2026-04-04 04:53:22 | symbol_done | idx=384 | total=654 | symbol=PARTIUSDT | status=skip | reason=no_latest_setup | signals=0 | elapsed_s=0.726
2026-04-04 04:53:22 | symbol_done | idx=385 | total=654 | symbol=OPENUSDT | status=skip | reason=no_latest_setup | signals=0 | elapsed_s=0.667
2026-04-04 04:53:23 | symbol_done | idx=386 | total=654 | symbol=SXTUSDT | status=skip | reason=no_latest_setup | signals=0 | elapsed_s=0.668
2026-04-04 04:53:24 | symbol_done | idx=387 | total=654 | symbol=AVNTUSDT | status=skip | reason=no_latest_setup | signals=0 | elapsed_s=0.648
2026-04-04 04:53:24 | symbol_done | idx=388 | total=654 | symbol=UAIUSDT | status=skip | reason=no_latest_setup | signals=0 | elapsed_s=0.703
2026-04-04 04:53:25 | symbol_done | idx=389 | total=654 | symbol=XANUSDT | status=skip | reason=no_latest_setup | signals=0 | elapsed_s=0.691
2026-04-04 04:53:26 | symbol_done | idx=390 | total=654 | symbol=MERLUSDT | status=skip | reason=no_latest_setup | signals=0 | elapsed_s=0.670
2026-04-04 04:53:26 | symbol_done | idx=391 | total=654 | symbol=USUSDT | status=skip | reason=no_latest_setup | signals=0 | elapsed_s=0.689
2026-04-04 04:53:27 | symbol_done | idx=392 | total=654 | symbol=JASMYUSDT | status=skip | reason=no_latest_setup | signals=0 | elapsed_s=0.668
2026-04-04 04:53:28 | symbol_done | idx=393 | total=654 | symbol=COTIUSDT | status=skip | reason=no_latest_setup | signals=0 | elapsed_s=0.742
2026-04-04 04:53:29 | symbol_done | idx=394 | total=654 | symbol=VANRYUSDT | status=skip | reason=no_latest_setup | signals=0 | elapsed_s=0.634
2026-04-04 04:53:29 | symbol_done | idx=395 | total=654 | symbol=EGLDUSDT | status=skip | reason=no_latest_setup | signals=0 | elapsed_s=0.651
2026-04-04 04:53:30 | symbol_done | idx=396 | total=654 | symbol=RAVEUSDT | status=skip | reason=no_latest_setup | signals=0 | elapsed_s=0.670
2026-04-04 04:53:31 | symbol_done | idx=397 | total=654 | symbol=ATUSDT | status=skip | reason=no_latest_setup | signals=0 | elapsed_s=0.647
2026-04-04 04:53:31 | symbol_done | idx=398 | total=654 | symbol=SKLUSDT | status=skip | reason=no_latest_setup | signals=0 | elapsed_s=0.634
2026-04-04 04:53:32 | symbol_done | idx=399 | total=654 | symbol=ENSUSDT | status=skip | reason=no_latest_setup | signals=0 | elapsed_s=0.680
2026-04-04 04:53:32 | symbol_done | idx=400 | total=654 | symbol=BIDUSDT | status=skip | reason=no_setup | signals=0 | elapsed_s=0.633
2026-04-04 04:53:33 | symbol_done | idx=401 | total=654 | symbol=BABYUSDT | status=skip | reason=no_latest_setup | signals=0 | elapsed_s=0.665
2026-04-04 04:53:34 | symbol_done | idx=402 | total=654 | symbol=BLUAIUSDT | status=skip | reason=no_latest_setup | signals=0 | elapsed_s=0.640
2026-04-04 04:53:34 | symbol_done | idx=403 | total=654 | symbol=HYPERUSDT | status=skip | reason=no_latest_setup | signals=0 | elapsed_s=0.664
2026-04-04 04:53:35 | symbol_done | idx=404 | total=654 | symbol=AIAUSDT | status=skip | reason=no_latest_setup | signals=0 | elapsed_s=0.664
2026-04-04 04:53:36 | symbol_done | idx=405 | total=654 | symbol=MEMEUSDT | status=skip | reason=no_latest_setup | signals=0 | elapsed_s=0.686
2026-04-04 04:53:36 | symbol_done | idx=406 | total=654 | symbol=USDCUSDT | status=skip | reason=no_setup | signals=0 | elapsed_s=0.665
2026-04-04 04:53:37 | symbol_done | idx=407 | total=654 | symbol=PHBUSDT | status=skip | reason=no_latest_setup | signals=0 | elapsed_s=0.691
2026-04-04 04:53:38 | symbol_done | idx=408 | total=654 | symbol=IDEXUSDT | status=skip | reason=no_setup | signals=0 | elapsed_s=0.629
2026-04-04 04:53:38 | symbol_done | idx=409 | total=654 | symbol=EWYUSDT | status=skip | reason=no_setup | signals=0 | elapsed_s=0.306
2026-04-04 04:53:39 | symbol_done | idx=410 | total=654 | symbol=MORPHOUSDT | status=skip | reason=no_latest_setup | signals=0 | elapsed_s=0.720
2026-04-04 04:53:39 | symbol_done | idx=411 | total=654 | symbol=IMXUSDT | status=skip | reason=no_latest_setup | signals=0 | elapsed_s=0.671
2026-04-04 04:53:40 | symbol_done | idx=412 | total=654 | symbol=KNCUSDT | status=skip | reason=no_latest_setup | signals=0 | elapsed_s=0.683
2026-04-04 04:53:41 | symbol_done | idx=413 | total=654 | symbol=BLESSUSDT | status=skip | reason=no_latest_setup | signals=0 | elapsed_s=0.685
2026-04-04 04:53:42 | symbol_done | idx=414 | total=654 | symbol=STORJUSDT | status=skip | reason=no_latest_setup | signals=0 | elapsed_s=0.666
2026-04-04 04:53:42 | symbol_done | idx=415 | total=654 | symbol=RUNEUSDT | status=skip | reason=no_latest_setup | signals=0 | elapsed_s=0.656
2026-04-04 04:53:43 | symbol_done | idx=416 | total=654 | symbol=GRASSUSDT | status=skip | reason=no_latest_setup | signals=0 | elapsed_s=0.663
2026-04-04 04:53:43 | symbol_done | idx=417 | total=654 | symbol=GPSUSDT | status=skip | reason=no_latest_setup | signals=0 | elapsed_s=0.664
2026-04-04 04:53:44 | symbol_done | idx=418 | total=654 | symbol=SOMIUSDT | status=skip | reason=no_latest_setup | signals=0 | elapsed_s=0.679
2026-04-04 04:53:45 | symbol_done | idx=419 | total=654 | symbol=AXLUSDT | status=skip | reason=no_latest_setup | signals=0 | elapsed_s=0.649
2026-04-04 04:53:46 | symbol_done | idx=420 | total=654 | symbol=AKTUSDT | status=skip | reason=no_latest_setup | signals=0 | elapsed_s=0.717
2026-04-04 04:53:46 | symbol_done | idx=421 | total=654 | symbol=1MBABYDOGEUSDT | status=skip | reason=no_latest_setup | signals=0 | elapsed_s=0.664
2026-04-04 04:53:47 | symbol_done | idx=422 | total=654 | symbol=IOUSDT | status=skip | reason=no_latest_setup | signals=0 | elapsed_s=0.654
2026-04-04 04:53:48 | symbol_done | idx=423 | total=654 | symbol=ACTUSDT | status=skip | reason=no_latest_setup | signals=0 | elapsed_s=0.658
2026-04-04 04:53:48 | symbol_done | idx=424 | total=654 | symbol=ORCAUSDT | status=skip | reason=no_latest_setup | signals=0 | elapsed_s=0.640
2026-04-04 04:53:49 | symbol_done | idx=425 | total=654 | symbol=FUNUSDT | status=skip | reason=no_latest_setup | signals=0 | elapsed_s=0.653
2026-04-04 04:53:49 | symbol_done | idx=426 | total=654 | symbol=BTCDOMUSDT | status=skip | reason=no_setup | signals=0 | elapsed_s=0.636
2026-04-04 04:53:50 | symbol_done | idx=427 | total=654 | symbol=COPPERUSDT | status=skip | reason=no_setup | signals=0 | elapsed_s=0.283
2026-04-04 04:53:50 | symbol_done | idx=428 | total=654 | symbol=SPELLUSDT | status=skip | reason=no_latest_setup | signals=0 | elapsed_s=0.647
2026-04-04 04:53:51 | symbol_done | idx=429 | total=654 | symbol=PLUMEUSDT | status=skip | reason=no_latest_setup | signals=0 | elapsed_s=0.628
2026-04-04 04:53:52 | symbol_done | idx=430 | total=654 | symbol=INTCUSDT | status=skip | reason=no_setup | signals=0 | elapsed_s=0.649
2026-04-04 04:53:52 | symbol_done | idx=431 | total=654 | symbol=NOTUSDT | status=skip | reason=no_latest_setup | signals=0 | elapsed_s=0.686
2026-04-04 04:53:53 | symbol_done | idx=432 | total=654 | symbol=SYRUPUSDT | status=skip | reason=no_latest_setup | signals=0 | elapsed_s=0.643
2026-04-04 04:53:53 | symbol_done | idx=433 | total=654 | symbol=龙虾USDT | status=skip | reason=no_latest_setup | signals=0 | elapsed_s=0.286
2026-04-04 04:53:54 | symbol_done | idx=434 | total=654 | symbol=NVDAUSDT | status=skip | reason=insufficient_history | signals=0 | elapsed_s=0.492
2026-04-04 04:53:54 | symbol_done | idx=435 | total=654 | symbol=BMTUSDT | status=skip | reason=no_latest_setup | signals=0 | elapsed_s=0.646
2026-04-04 04:53:55 | symbol_done | idx=436 | total=654 | symbol=COINUSDT | status=skip | reason=no_latest_setup | signals=0 | elapsed_s=0.627
2026-04-04 04:53:56 | symbol_done | idx=437 | total=654 | symbol=1000RATSUSDT | status=skip | reason=no_latest_setup | signals=0 | elapsed_s=0.666
2026-04-04 04:53:56 | symbol_done | idx=438 | total=654 | symbol=YGGUSDT | status=skip | reason=no_latest_setup | signals=0 | elapsed_s=0.652
2026-04-04 04:53:57 | symbol_done | idx=439 | total=654 | symbol=AEROUSDT | status=skip | reason=no_latest_setup | signals=0 | elapsed_s=0.677
2026-04-04 04:53:58 | symbol_done | idx=440 | total=654 | symbol=ZEREBROUSDT | status=skip | reason=no_latest_setup | signals=0 | elapsed_s=0.758
2026-04-04 04:53:59 | symbol_done | idx=441 | total=654 | symbol=SAFEUSDT | status=skip | reason=no_latest_setup | signals=0 | elapsed_s=0.777
2026-04-04 04:53:59 | symbol_done | idx=442 | total=654 | symbol=LAYERUSDT | status=skip | reason=no_latest_setup | signals=0 | elapsed_s=0.634
2026-04-04 04:54:00 | symbol_done | idx=443 | total=654 | symbol=XAIUSDT | status=skip | reason=no_latest_setup | signals=0 | elapsed_s=0.681
2026-04-04 04:54:01 | symbol_done | idx=444 | total=654 | symbol=TAUSDT | status=skip | reason=no_latest_setup | signals=0 | elapsed_s=0.660
2026-04-04 04:54:02 | symbol_done | idx=445 | total=654 | symbol=YFIUSDT | status=skip | reason=no_latest_setup | signals=0 | elapsed_s=1.860
2026-04-04 04:54:03 | symbol_done | idx=446 | total=654 | symbol=POPCATUSDT | status=skip | reason=no_latest_setup | signals=0 | elapsed_s=0.766
2026-04-04 04:54:04 | symbol_done | idx=447 | total=654 | symbol=BEAMXUSDT | status=skip | reason=no_latest_setup | signals=0 | elapsed_s=0.763
2026-04-04 04:54:05 | symbol_done | idx=448 | total=654 | symbol=WETUSDT | status=skip | reason=no_latest_setup | signals=0 | elapsed_s=0.853
2026-04-04 04:54:06 | symbol_done | idx=449 | total=654 | symbol=CVCUSDT | status=skip | reason=no_latest_setup | signals=0 | elapsed_s=0.779
2026-04-04 04:54:06 | symbol_done | idx=450 | total=654 | symbol=COAIUSDT | status=skip | reason=no_latest_setup | signals=0 | elapsed_s=0.654
2026-04-04 04:54:07 | symbol_done | idx=451 | total=654 | symbol=CATIUSDT | status=skip | reason=no_latest_setup | signals=0 | elapsed_s=0.670
2026-04-04 04:54:08 | symbol_done | idx=452 | total=654 | symbol=AGLDUSDT | status=skip | reason=no_latest_setup | signals=0 | elapsed_s=0.636
2026-04-04 04:54:08 | symbol_done | idx=453 | total=654 | symbol=HMSTRUSDT | status=skip | reason=no_latest_setup | signals=0 | elapsed_s=0.763
2026-04-04 04:54:09 | symbol_done | idx=454 | total=654 | symbol=MAVUSDT | status=skip | reason=no_latest_setup | signals=0 | elapsed_s=0.680
2026-04-04 04:54:10 | symbol_done | idx=455 | total=654 | symbol=TNSRUSDT | status=skip | reason=no_latest_setup | signals=0 | elapsed_s=0.800
2026-04-04 04:54:10 | symbol_done | idx=456 | total=654 | symbol=FLUXUSDT | status=skip | reason=no_latest_setup | signals=0 | elapsed_s=0.665
2026-04-04 04:54:11 | symbol_done | idx=457 | total=654 | symbol=MBOXUSDT | status=skip | reason=no_latest_setup | signals=0 | elapsed_s=0.643
2026-04-04 04:54:12 | symbol_done | idx=458 | total=654 | symbol=ZKPUSDT | status=skip | reason=no_latest_setup | signals=0 | elapsed_s=0.651
2026-04-04 04:54:12 | symbol_done | idx=459 | total=654 | symbol=DEEPUSDT | status=skip | reason=no_latest_setup | signals=0 | elapsed_s=0.711
2026-04-04 04:54:13 | symbol_done | idx=460 | total=654 | symbol=HIGHUSDT | status=skip | reason=no_latest_setup | signals=0 | elapsed_s=0.701
2026-04-04 04:54:14 | symbol_done | idx=461 | total=654 | symbol=PIEVERSEUSDT | status=skip | reason=no_latest_setup | signals=0 | elapsed_s=0.674
2026-04-04 04:54:15 | symbol_done | idx=462 | total=654 | symbol=ZORAUSDT | status=skip | reason=no_latest_setup | signals=0 | elapsed_s=0.685
2026-04-04 04:54:16 | symbol_done | idx=463 | total=654 | symbol=LPTUSDT | status=skip | reason=no_latest_setup | signals=0 | elapsed_s=1.167
2026-04-04 04:54:16 | symbol_done | idx=464 | total=654 | symbol=KGENUSDT | status=skip | reason=no_latest_setup | signals=0 | elapsed_s=0.786
2026-04-04 04:54:17 | symbol_done | idx=465 | total=654 | symbol=WOOUSDT | status=skip | reason=no_latest_setup | signals=0 | elapsed_s=0.787
2026-04-04 04:54:18 | symbol_done | idx=466 | total=654 | symbol=MOVRUSDT | status=skip | reason=no_latest_setup | signals=0 | elapsed_s=0.773
2026-04-04 04:54:19 | symbol_done | idx=467 | total=654 | symbol=MANTAUSDT | status=skip | reason=no_latest_setup | signals=0 | elapsed_s=0.751
2026-04-04 04:54:20 | symbol_done | idx=468 | total=654 | symbol=TUTUSDT | status=skip | reason=no_latest_setup | signals=0 | elapsed_s=0.763
2026-04-04 04:54:20 | symbol_done | idx=469 | total=654 | symbol=OBOLUSDT | status=skip | reason=no_setup | signals=0 | elapsed_s=0.613
2026-04-04 04:54:21 | symbol_done | idx=470 | total=654 | symbol=TOKENUSDT | status=skip | reason=no_setup | signals=0 | elapsed_s=0.679
2026-04-04 04:54:22 | symbol_done | idx=471 | total=654 | symbol=PERPUSDT | status=skip | reason=no_setup | signals=0 | elapsed_s=0.794
2026-04-04 04:54:22 | symbol_done | idx=472 | total=654 | symbol=PROMUSDT | status=skip | reason=no_latest_setup | signals=0 | elapsed_s=0.739
2026-04-04 04:54:23 | symbol_done | idx=473 | total=654 | symbol=1INCHUSDT | status=skip | reason=no_latest_setup | signals=0 | elapsed_s=0.657
2026-04-04 04:54:24 | symbol_done | idx=474 | total=654 | symbol=RSRUSDT | status=skip | reason=no_latest_setup | signals=0 | elapsed_s=0.795
2026-04-04 04:54:24 | symbol_done | idx=475 | total=654 | symbol=QUICKUSDT | status=skip | reason=no_setup | signals=0 | elapsed_s=0.627
2026-04-04 04:54:25 | symbol_done | idx=476 | total=654 | symbol=UMAUSDT | status=skip | reason=no_latest_setup | signals=0 | elapsed_s=0.674
2026-04-04 04:54:26 | symbol_done | idx=477 | total=654 | symbol=ESPORTSUSDT | status=skip | reason=no_latest_setup | signals=0 | elapsed_s=0.759
2026-04-04 04:54:27 | symbol_done | idx=478 | total=654 | symbol=ILVUSDT | status=skip | reason=no_latest_setup | signals=0 | elapsed_s=0.665
2026-04-04 04:54:27 | symbol_done | idx=479 | total=654 | symbol=AKEUSDT | status=skip | reason=no_latest_setup | signals=0 | elapsed_s=0.754
2026-04-04 04:54:28 | symbol_done | idx=480 | total=654 | symbol=TURTLEUSDT | status=skip | reason=no_latest_setup | signals=0 | elapsed_s=0.745
2026-04-04 04:54:29 | symbol_done | idx=481 | total=654 | symbol=SSVUSDT | status=skip | reason=no_latest_setup | signals=0 | elapsed_s=0.745
2026-04-04 04:54:29 | symbol_done | idx=482 | total=654 | symbol=LUMIAUSDT | status=skip | reason=no_latest_setup | signals=0 | elapsed_s=0.670
2026-04-04 04:54:30 | symbol_done | idx=483 | total=654 | symbol=BIGTIMEUSDT | status=skip | reason=no_latest_setup | signals=0 | elapsed_s=0.770
2026-04-04 04:54:31 | symbol_done | idx=484 | total=654 | symbol=TSTUSDT | status=skip | reason=no_latest_setup | signals=0 | elapsed_s=0.673
2026-04-04 04:54:32 | symbol_done | idx=485 | total=654 | symbol=BATUSDT | status=skip | reason=no_latest_setup | signals=0 | elapsed_s=0.649
2026-04-04 04:54:32 | symbol_done | idx=486 | total=654 | symbol=我踏马来了USDT | status=skip | reason=no_latest_setup | signals=0 | elapsed_s=0.784
2026-04-04 04:54:33 | symbol_done | idx=487 | total=654 | symbol=HIVEUSDT | status=skip | reason=no_latest_setup | signals=0 | elapsed_s=0.683
2026-04-04 04:54:34 | symbol_done | idx=488 | total=654 | symbol=MMTUSDT | status=skip | reason=no_latest_setup | signals=0 | elapsed_s=0.691
2026-04-04 04:54:35 | symbol_done | idx=489 | total=654 | symbol=PORTALUSDT | status=skip | reason=no_latest_setup | signals=0 | elapsed_s=0.783
2026-04-04 04:54:35 | symbol_done | idx=490 | total=654 | symbol=HAEDALUSDT | status=skip | reason=no_latest_setup | signals=0 | elapsed_s=0.644
2026-04-04 04:54:36 | symbol_done | idx=491 | total=654 | symbol=ALCHUSDT | status=skip | reason=no_latest_setup | signals=0 | elapsed_s=0.679
2026-04-04 04:54:37 | symbol_done | idx=492 | total=654 | symbol=SAGAUSDT | status=skip | reason=no_latest_setup | signals=0 | elapsed_s=0.796
2026-04-04 04:54:37 | symbol_done | idx=493 | total=654 | symbol=EVAAUSDT | status=skip | reason=no_latest_setup | signals=0 | elapsed_s=0.638
2026-04-04 04:54:38 | symbol_done | idx=494 | total=654 | symbol=SKRUSDT | status=skip | reason=no_latest_setup | signals=0 | elapsed_s=0.780
2026-04-04 04:54:39 | symbol_done | idx=495 | total=654 | symbol=SCRTUSDT | status=skip | reason=no_latest_setup | signals=0 | elapsed_s=0.634
2026-04-04 04:54:39 | symbol_done | idx=496 | total=654 | symbol=QUSDT | status=skip | reason=no_latest_setup | signals=0 | elapsed_s=0.771
2026-04-04 04:54:40 | symbol_done | idx=497 | total=654 | symbol=AINUSDT | status=skip | reason=no_latest_setup | signals=0 | elapsed_s=0.685
2026-04-04 04:54:41 | symbol_done | idx=498 | total=654 | symbol=DOODUSDT | status=skip | reason=no_latest_setup | signals=0 | elapsed_s=0.688
2026-04-04 04:54:42 | symbol_done | idx=499 | total=654 | symbol=IRUSDT | status=skip | reason=no_latest_setup | signals=0 | elapsed_s=0.705
2026-04-04 04:54:42 | symbol_done | idx=500 | total=654 | symbol=BICOUSDT | status=skip | reason=no_latest_setup | signals=0 | elapsed_s=0.660
2026-04-04 04:54:43 | symbol_done | idx=501 | total=654 | symbol=1000CHEEMSUSDT | status=skip | reason=no_latest_setup | signals=0 | elapsed_s=0.761
2026-04-04 04:54:44 | symbol_done | idx=502 | total=654 | symbol=1000SATSUSDT | status=skip | reason=no_latest_setup | signals=0 | elapsed_s=0.663
2026-04-04 04:54:44 | symbol_done | idx=503 | total=654 | symbol=TRUUSDT | status=skip | reason=no_latest_setup | signals=0 | elapsed_s=0.654
2026-04-04 04:54:45 | symbol_done | idx=504 | total=654 | symbol=RONINUSDT | status=skip | reason=no_latest_setup | signals=0 | elapsed_s=0.672
2026-04-04 04:54:46 | symbol_done | idx=505 | total=654 | symbol=LABUSDT | status=skip | reason=no_latest_setup | signals=0 | elapsed_s=0.713
2026-04-04 04:54:46 | symbol_done | idx=506 | total=654 | symbol=WCTUSDT | status=skip | reason=no_latest_setup | signals=0 | elapsed_s=0.682
2026-04-04 04:54:47 | symbol_done | idx=507 | total=654 | symbol=VTHOUSDT | status=skip | reason=no_setup | signals=0 | elapsed_s=0.773
2026-04-04 04:54:48 | symbol_done | idx=508 | total=654 | symbol=AIOUSDT | status=skip | reason=no_latest_setup | signals=0 | elapsed_s=0.692
2026-04-04 04:54:49 | symbol_done | idx=509 | total=654 | symbol=AVAAIUSDT | status=skip | reason=no_latest_setup | signals=0 | elapsed_s=0.704
2026-04-04 04:54:49 | symbol_done | idx=510 | total=654 | symbol=COOKIEUSDT | status=skip | reason=no_latest_setup | signals=0 | elapsed_s=0.701
2026-04-04 04:54:50 | symbol_done | idx=511 | total=654 | symbol=ACXUSDT | status=skip | reason=no_latest_setup | signals=0 | elapsed_s=0.669
2026-04-04 04:54:51 | symbol_done | idx=512 | total=654 | symbol=XPTUSDT | status=skip | reason=no_latest_setup | signals=0 | elapsed_s=0.680
2026-04-04 04:54:51 | symbol_done | idx=513 | total=654 | symbol=VANAUSDT | status=skip | reason=no_setup | signals=0 | elapsed_s=0.660
2026-04-04 04:54:52 | symbol_done | idx=514 | total=654 | symbol=VINEUSDT | status=skip | reason=no_latest_setup | signals=0 | elapsed_s=0.670
2026-04-04 04:54:53 | symbol_done | idx=515 | total=654 | symbol=CELRUSDT | status=skip | reason=no_setup | signals=0 | elapsed_s=0.689
2026-04-04 04:54:53 | symbol_done | idx=516 | total=654 | symbol=API3USDT | status=skip | reason=no_latest_setup | signals=0 | elapsed_s=0.667
2026-04-04 04:54:54 | symbol_done | idx=517 | total=654 | symbol=BBUSDT | status=skip | reason=no_latest_setup | signals=0 | elapsed_s=0.670
2026-04-04 04:54:55 | symbol_done | idx=518 | total=654 | symbol=SPKUSDT | status=skip | reason=no_latest_setup | signals=0 | elapsed_s=0.661
2026-04-04 04:54:55 | symbol_done | idx=519 | total=654 | symbol=PUMPBTCUSDT | status=skip | reason=no_latest_setup | signals=0 | elapsed_s=0.663
2026-04-04 04:54:56 | symbol_done | idx=520 | total=654 | symbol=NATGASUSDT | status=skip | reason=insufficient_history | signals=0 | elapsed_s=0.497
2026-04-04 04:54:56 | symbol_done | idx=521 | total=654 | symbol=DIAUSDT | status=skip | reason=no_latest_setup | signals=0 | elapsed_s=0.643
2026-04-04 04:54:57 | symbol_done | idx=522 | total=654 | symbol=RVNUSDT | status=skip | reason=no_latest_setup | signals=0 | elapsed_s=0.633
2026-04-04 04:54:58 | symbol_done | idx=523 | total=654 | symbol=DENTUSDT | status=skip | reason=no_latest_setup | signals=0 | elapsed_s=0.654
2026-04-04 04:54:58 | symbol_done | idx=524 | total=654 | symbol=AUCTIONUSDT | status=skip | reason=no_latest_setup | signals=0 | elapsed_s=0.705
2026-04-04 04:54:59 | symbol_done | idx=525 | total=654 | symbol=WALUSDT | status=skip | reason=no_latest_setup | signals=0 | elapsed_s=0.653
2026-04-04 04:55:00 | symbol_done | idx=526 | total=654 | symbol=INXUSDT | status=skip | reason=no_latest_setup | signals=0 | elapsed_s=0.746
2026-04-04 04:55:01 | symbol_done | idx=527 | total=654 | symbol=FHEUSDT | status=skip | reason=no_latest_setup | signals=0 | elapsed_s=0.756
2026-04-04 04:55:02 | symbol_done | idx=528 | total=654 | symbol=ALLOUSDT | status=skip | reason=no_latest_setup | signals=0 | elapsed_s=1.022
2026-04-04 04:55:02 | symbol_done | idx=529 | total=654 | symbol=TRUSTUSDT | status=skip | reason=no_latest_setup | signals=0 | elapsed_s=0.688
2026-04-04 04:55:03 | symbol_done | idx=530 | total=654 | symbol=MUBARAKUSDT | status=skip | reason=no_latest_setup | signals=0 | elapsed_s=0.627
2026-04-04 04:55:04 | symbol_done | idx=531 | total=654 | symbol=RECALLUSDT | status=skip | reason=no_latest_setup | signals=0 | elapsed_s=0.679
2026-04-04 04:55:04 | symbol_done | idx=532 | total=654 | symbol=FRAXUSDT | status=skip | reason=no_latest_setup | signals=0 | elapsed_s=0.675
2026-04-04 04:55:05 | symbol_done | idx=533 | total=654 | symbol=RLCUSDT | status=skip | reason=no_latest_setup | signals=0 | elapsed_s=0.771
2026-04-04 04:55:06 | symbol_done | idx=534 | total=654 | symbol=AGTUSDT | status=skip | reason=no_latest_setup | signals=0 | elapsed_s=0.642
2026-04-04 04:55:06 | symbol_done | idx=535 | total=654 | symbol=BUSDT | status=skip | reason=no_latest_setup | signals=0 | elapsed_s=0.685
2026-04-04 04:55:07 | symbol_done | idx=536 | total=654 | symbol=AZTECUSDT | status=skip | reason=no_latest_setup | signals=0 | elapsed_s=0.654
2026-04-04 04:55:08 | symbol_done | idx=537 | total=654 | symbol=KSMUSDT | status=skip | reason=no_latest_setup | signals=0 | elapsed_s=0.648
2026-04-04 04:55:08 | symbol_done | idx=538 | total=654 | symbol=KAIAUSDT | status=skip | reason=no_latest_setup | signals=0 | elapsed_s=0.639
2026-04-04 04:55:09 | symbol_done | idx=539 | total=654 | symbol=LISTAUSDT | status=skip | reason=no_latest_setup | signals=0 | elapsed_s=0.653
2026-04-04 04:55:10 | symbol_done | idx=540 | total=654 | symbol=2ZUSDT | status=skip | reason=no_latest_setup | signals=0 | elapsed_s=0.706
2026-04-04 04:55:10 | symbol_done | idx=541 | total=654 | symbol=SOONUSDT | status=skip | reason=no_latest_setup | signals=0 | elapsed_s=0.645
2026-04-04 04:55:11 | symbol_done | idx=542 | total=654 | symbol=SOPHUSDT | status=skip | reason=no_latest_setup | signals=0 | elapsed_s=0.701
2026-04-04 04:55:12 | symbol_done | idx=543 | total=654 | symbol=XVGUSDT | status=skip | reason=no_latest_setup | signals=0 | elapsed_s=0.690
2026-04-04 04:55:13 | symbol_done | idx=544 | total=654 | symbol=GMXUSDT | status=skip | reason=no_latest_setup | signals=0 | elapsed_s=1.718
2026-04-04 04:55:14 | symbol_done | idx=545 | total=654 | symbol=FIOUSDT | status=skip | reason=no_latest_setup | signals=0 | elapsed_s=0.763
2026-04-04 04:55:15 | symbol_done | idx=546 | total=654 | symbol=BROCCOLI714USDT | status=skip | reason=no_latest_setup | signals=0 | elapsed_s=0.782
2026-04-04 04:55:16 | symbol_done | idx=547 | total=654 | symbol=SUNUSDT | status=skip | reason=no_setup | signals=0 | elapsed_s=0.736
2026-04-04 04:55:16 | symbol_done | idx=548 | total=654 | symbol=ARKUSDT | status=skip | reason=no_latest_setup | signals=0 | elapsed_s=0.793
2026-04-04 04:55:17 | symbol_done | idx=549 | total=654 | symbol=SQDUSDT | status=skip | reason=no_latest_setup | signals=0 | elapsed_s=0.762
2026-04-04 04:55:18 | symbol_done | idx=550 | total=654 | symbol=WAXPUSDT | status=skip | reason=no_latest_setup | signals=0 | elapsed_s=0.770
2026-04-04 04:55:19 | symbol_done | idx=551 | total=654 | symbol=CYBERUSDT | status=skip | reason=no_latest_setup | signals=0 | elapsed_s=0.770
2026-04-04 04:55:20 | symbol_done | idx=552 | total=654 | symbol=TAKEUSDT | status=skip | reason=no_latest_setup | signals=0 | elapsed_s=0.787
2026-04-04 04:55:20 | symbol_done | idx=553 | total=654 | symbol=BRETTUSDT | status=skip | reason=no_latest_setup | signals=0 | elapsed_s=0.766
2026-04-04 04:55:21 | symbol_done | idx=554 | total=654 | symbol=GOATUSDT | status=skip | reason=no_latest_setup | signals=0 | elapsed_s=0.771
2026-04-04 04:55:22 | symbol_done | idx=555 | total=654 | symbol=IOSTUSDT | status=skip | reason=no_latest_setup | signals=0 | elapsed_s=0.756
2026-04-04 04:55:23 | symbol_done | idx=556 | total=654 | symbol=1000CATUSDT | status=skip | reason=no_latest_setup | signals=0 | elapsed_s=0.775
2026-04-04 04:55:23 | symbol_done | idx=557 | total=654 | symbol=DOGSUSDT | status=skip | reason=no_latest_setup | signals=0 | elapsed_s=0.772
2026-04-04 04:55:24 | symbol_done | idx=558 | total=654 | symbol=TLMUSDT | status=skip | reason=no_latest_setup | signals=0 | elapsed_s=0.782
2026-04-04 04:55:25 | symbol_done | idx=559 | total=654 | symbol=ZKCUSDT | status=skip | reason=no_latest_setup | signals=0 | elapsed_s=0.823
2026-04-04 04:55:26 | symbol_done | idx=560 | total=654 | symbol=B3USDT | status=skip | reason=no_latest_setup | signals=0 | elapsed_s=0.807
2026-04-04 04:55:27 | symbol_done | idx=561 | total=654 | symbol=1000000MOGUSDT | status=skip | reason=no_latest_setup | signals=0 | elapsed_s=0.768
2026-04-04 04:55:27 | symbol_done | idx=562 | total=654 | symbol=XVSUSDT | status=skip | reason=no_latest_setup | signals=0 | elapsed_s=0.774
2026-04-04 04:55:28 | symbol_done | idx=563 | total=654 | symbol=LQTYUSDT | status=skip | reason=no_latest_setup | signals=0 | elapsed_s=0.774
2026-04-04 04:55:29 | symbol_done | idx=564 | total=654 | symbol=TRUTHUSDT | status=skip | reason=no_latest_setup | signals=0 | elapsed_s=0.802
2026-04-04 04:55:30 | symbol_done | idx=565 | total=654 | symbol=KMNOUSDT | status=skip | reason=no_latest_setup | signals=0 | elapsed_s=0.780
2026-04-04 04:55:30 | symbol_done | idx=566 | total=654 | symbol=PONKEUSDT | status=skip | reason=no_setup | signals=0 | elapsed_s=0.628
2026-04-04 04:55:31 | symbol_done | idx=567 | total=654 | symbol=ACEUSDT | status=skip | reason=no_latest_setup | signals=0 | elapsed_s=0.737
2026-04-04 04:55:32 | symbol_done | idx=568 | total=654 | symbol=TAIKOUSDT | status=skip | reason=no_latest_setup | signals=0 | elapsed_s=0.674
2026-04-04 04:55:33 | symbol_done | idx=569 | total=654 | symbol=OGUSDT | status=skip | reason=no_latest_setup | signals=0 | elapsed_s=0.777
2026-04-04 04:55:33 | symbol_done | idx=570 | total=654 | symbol=XPINUSDT | status=skip | reason=no_latest_setup | signals=0 | elapsed_s=0.724
2026-04-04 04:55:34 | symbol_done | idx=571 | total=654 | symbol=1000XECUSDT | status=skip | reason=no_setup | signals=0 | elapsed_s=0.657
2026-04-04 04:55:35 | symbol_done | idx=572 | total=654 | symbol=BANDUSDT | status=skip | reason=no_latest_setup | signals=0 | elapsed_s=0.721
2026-04-04 04:55:35 | symbol_done | idx=573 | total=654 | symbol=ASTRUSDT | status=skip | reason=no_latest_setup | signals=0 | elapsed_s=0.758
2026-04-04 04:55:36 | symbol_done | idx=574 | total=654 | symbol=BELUSDT | status=skip | reason=no_latest_setup | signals=0 | elapsed_s=0.635
2026-04-04 04:55:37 | symbol_done | idx=575 | total=654 | symbol=NXPCUSDT | status=skip | reason=no_latest_setup | signals=0 | elapsed_s=1.127
2026-04-04 04:55:38 | symbol_done | idx=576 | total=654 | symbol=MELANIAUSDT | status=skip | reason=no_latest_setup | signals=0 | elapsed_s=0.745
2026-04-04 04:55:39 | symbol_done | idx=577 | total=654 | symbol=ACUUSDT | status=skip | reason=no_latest_setup | signals=0 | elapsed_s=0.756
2026-04-04 04:55:39 | symbol_done | idx=578 | total=654 | symbol=ZRXUSDT | status=skip | reason=no_latest_setup | signals=0 | elapsed_s=0.766
2026-04-04 04:55:40 | symbol_done | idx=579 | total=654 | symbol=FUSDT | status=skip | reason=no_latest_setup | signals=0 | elapsed_s=0.764
2026-04-04 04:55:41 | symbol_done | idx=580 | total=654 | symbol=PLTRUSDT | status=skip | reason=no_setup | signals=0 | elapsed_s=0.801
2026-04-04 04:55:42 | symbol_done | idx=581 | total=654 | symbol=INUSDT | status=skip | reason=no_latest_setup | signals=0 | elapsed_s=0.758
2026-04-04 04:55:43 | symbol_done | idx=582 | total=654 | symbol=MITOUSDT | status=skip | reason=no_latest_setup | signals=0 | elapsed_s=0.799
2026-04-04 04:55:43 | symbol_done | idx=583 | total=654 | symbol=SCRUSDT | status=skip | reason=no_latest_setup | signals=0 | elapsed_s=0.865
2026-04-04 04:55:44 | symbol_done | idx=584 | total=654 | symbol=B2USDT | status=skip | reason=no_latest_setup | signals=0 | elapsed_s=0.755
2026-04-04 04:55:45 | symbol_done | idx=585 | total=654 | symbol=GLMUSDT | status=skip | reason=no_latest_setup | signals=0 | elapsed_s=0.774
2026-04-04 04:55:46 | symbol_done | idx=586 | total=654 | symbol=C98USDT | status=skip | reason=no_latest_setup | signals=0 | elapsed_s=0.757
2026-04-04 04:55:47 | symbol_done | idx=587 | total=654 | symbol=TUSDT | status=skip | reason=no_latest_setup | signals=0 | elapsed_s=0.802
2026-04-04 04:55:47 | symbol_done | idx=588 | total=654 | symbol=MEWUSDT | status=skip | reason=no_latest_setup | signals=0 | elapsed_s=0.767
2026-04-04 04:55:48 | symbol_done | idx=589 | total=654 | symbol=COWUSDT | status=skip | reason=no_latest_setup | signals=0 | elapsed_s=0.752
2026-04-04 04:55:49 | symbol_done | idx=590 | total=654 | symbol=SFPUSDT | status=skip | reason=no_latest_setup | signals=0 | elapsed_s=0.653
2026-04-04 04:55:49 | symbol_done | idx=591 | total=654 | symbol=HOLOUSDT | status=skip | reason=no_latest_setup | signals=0 | elapsed_s=0.801
2026-04-04 04:55:50 | symbol_done | idx=592 | total=654 | symbol=BREVUSDT | status=skip | reason=no_latest_setup | signals=0 | elapsed_s=0.730
2026-04-04 04:55:51 | symbol_done | idx=593 | total=654 | symbol=METAUSDT | status=skip | reason=insufficient_history | signals=0 | elapsed_s=0.507
2026-04-04 04:55:52 | symbol_done | idx=594 | total=654 | symbol=REDUSDT | status=skip | reason=no_latest_setup | signals=0 | elapsed_s=0.797
2026-04-04 04:55:52 | symbol_done | idx=595 | total=654 | symbol=NEWTUSDT | status=skip | reason=no_latest_setup | signals=0 | elapsed_s=0.769
2026-04-04 04:55:53 | symbol_done | idx=596 | total=654 | symbol=GOOGLUSDT | status=skip | reason=insufficient_history | signals=0 | elapsed_s=0.514
2026-04-04 04:55:54 | symbol_done | idx=597 | total=654 | symbol=ZKJUSDT | status=skip | reason=no_latest_setup | signals=0 | elapsed_s=0.763
2026-04-04 04:55:54 | symbol_done | idx=598 | total=654 | symbol=AMZNUSDT | status=skip | reason=no_setup | signals=0 | elapsed_s=0.647
2026-04-04 04:55:55 | symbol_done | idx=599 | total=654 | symbol=ZETAUSDT | status=skip | reason=no_latest_setup | signals=0 | elapsed_s=0.742
2026-04-04 04:55:56 | symbol_done | idx=600 | total=654 | symbol=TREEUSDT | status=skip | reason=no_latest_setup | signals=0 | elapsed_s=0.807
2026-04-04 04:55:58 | symbol_done | idx=601 | total=654 | symbol=BIRBUSDT | status=skip | reason=no_latest_setup | signals=0 | elapsed_s=1.737
2026-04-04 04:55:59 | symbol_done | idx=602 | total=654 | symbol=ATAUSDT | status=skip | reason=no_latest_setup | signals=0 | elapsed_s=1.632
2026-04-04 04:56:00 | symbol_done | idx=603 | total=654 | symbol=DODOXUSDT | status=skip | reason=no_latest_setup | signals=0 | elapsed_s=1.145
2026-04-04 04:56:02 | symbol_done | idx=604 | total=654 | symbol=AVAUSDT | status=skip | reason=no_latest_setup | signals=0 | elapsed_s=1.985
2026-04-04 04:56:04 | symbol_done | idx=605 | total=654 | symbol=GTCUSDT | status=skip | reason=no_latest_setup | signals=0 | elapsed_s=1.477
2026-04-04 04:56:05 | symbol_done | idx=606 | total=654 | symbol=LSKUSDT | status=skip | reason=no_setup | signals=0 | elapsed_s=1.470
2026-04-04 04:56:06 | symbol_done | idx=607 | total=654 | symbol=ETHWUSDT | status=skip | reason=no_latest_setup | signals=0 | elapsed_s=1.206
2026-04-04 04:56:08 | symbol_done | idx=608 | total=654 | symbol=IOTXUSDT | status=skip | reason=no_latest_setup | signals=0 | elapsed_s=1.085
2026-04-04 04:56:09 | symbol_done | idx=609 | total=654 | symbol=SANTOSUSDT | status=skip | reason=no_latest_setup | signals=0 | elapsed_s=1.087
2026-04-04 04:56:10 | symbol_done | idx=610 | total=654 | symbol=METISUSDT | status=skip | reason=no_latest_setup | signals=0 | elapsed_s=1.072
2026-04-04 04:56:11 | symbol_done | idx=611 | total=654 | symbol=CGPTUSDT | status=skip | reason=no_latest_setup | signals=0 | elapsed_s=1.107
2026-04-04 04:56:12 | symbol_done | idx=612 | total=654 | symbol=XPDUSDT | status=skip | reason=no_latest_setup | signals=0 | elapsed_s=1.034
2026-04-04 04:56:13 | symbol_done | idx=613 | total=654 | symbol=RPLUSDT | status=skip | reason=no_latest_setup | signals=0 | elapsed_s=0.990
2026-04-04 04:56:14 | symbol_done | idx=614 | total=654 | symbol=VELVETUSDT | status=skip | reason=no_latest_setup | signals=0 | elapsed_s=1.013
2026-04-04 04:56:15 | symbol_done | idx=615 | total=654 | symbol=ERAUSDT | status=skip | reason=no_latest_setup | signals=0 | elapsed_s=0.987
2026-04-04 04:56:16 | symbol_done | idx=616 | total=654 | symbol=AWEUSDT | status=skip | reason=no_latest_setup | signals=0 | elapsed_s=0.960
2026-04-04 04:56:17 | symbol_done | idx=617 | total=654 | symbol=MTLUSDT | status=skip | reason=no_latest_setup | signals=0 | elapsed_s=0.782
2026-04-04 04:56:17 | symbol_done | idx=618 | total=654 | symbol=CVXUSDT | status=skip | reason=no_latest_setup | signals=0 | elapsed_s=0.777
2026-04-04 04:56:18 | symbol_done | idx=619 | total=654 | symbol=KOMAUSDT | status=skip | reason=no_latest_setup | signals=0 | elapsed_s=1.007
2026-04-04 04:56:19 | symbol_done | idx=620 | total=654 | symbol=CROSSUSDT | status=skip | reason=no_latest_setup | signals=0 | elapsed_s=0.764
2026-04-04 04:56:20 | symbol_done | idx=621 | total=654 | symbol=HOTUSDT | status=skip | reason=no_latest_setup | signals=0 | elapsed_s=0.743
2026-04-04 04:56:21 | symbol_done | idx=622 | total=654 | symbol=FLUIDUSDT | status=skip | reason=no_latest_setup | signals=0 | elapsed_s=0.772
2026-04-04 04:56:21 | symbol_done | idx=623 | total=654 | symbol=ALPINEUSDT | status=skip | reason=no_setup | signals=0 | elapsed_s=0.750
2026-04-04 04:56:22 | symbol_done | idx=624 | total=654 | symbol=MOCAUSDT | status=skip | reason=no_latest_setup | signals=0 | elapsed_s=0.807
2026-04-04 04:56:23 | symbol_done | idx=625 | total=654 | symbol=ORDERUSDT | status=skip | reason=no_latest_setup | signals=0 | elapsed_s=0.767
2026-04-04 04:56:24 | symbol_done | idx=626 | total=654 | symbol=MLNUSDT | status=skip | reason=no_latest_setup | signals=0 | elapsed_s=0.795
2026-04-04 04:56:25 | symbol_done | idx=627 | total=654 | symbol=ASRUSDT | status=skip | reason=no_setup | signals=0 | elapsed_s=0.756
2026-04-04 04:56:25 | symbol_done | idx=628 | total=654 | symbol=PUNDIXUSDT | status=skip | reason=no_latest_setup | signals=0 | elapsed_s=0.765
2026-04-04 04:56:26 | symbol_done | idx=629 | total=654 | symbol=TOSHIUSDT | status=skip | reason=no_latest_setup | signals=0 | elapsed_s=0.849
2026-04-04 04:56:26 | symbol_done | idx=630 | total=654 | symbol=EWJUSDT | status=skip | reason=no_setup | signals=0 | elapsed_s=0.276
2026-04-04 04:56:27 | symbol_done | idx=631 | total=654 | symbol=FLOCKUSDT | status=skip | reason=no_latest_setup | signals=0 | elapsed_s=0.771
2026-04-04 04:56:28 | symbol_done | idx=632 | total=654 | symbol=RIFUSDT | status=skip | reason=no_latest_setup | signals=0 | elapsed_s=0.768
2026-04-04 04:56:29 | symbol_done | idx=633 | total=654 | symbol=SYSUSDT | status=skip | reason=no_latest_setup | signals=0 | elapsed_s=0.752
2026-04-04 04:56:29 | symbol_done | idx=634 | total=654 | symbol=BOBUSDT | status=skip | reason=no_latest_setup | signals=0 | elapsed_s=0.755
2026-04-04 04:56:30 | symbol_done | idx=635 | total=654 | symbol=IDOLUSDT | status=skip | reason=no_latest_setup | signals=0 | elapsed_s=0.752
2026-04-04 04:56:31 | symbol_done | idx=636 | total=654 | symbol=ELSAUSDT | status=skip | reason=no_latest_setup | signals=0 | elapsed_s=0.772
2026-04-04 04:56:32 | symbol_done | idx=637 | total=654 | symbol=HANAUSDT | status=skip | reason=no_latest_setup | signals=0 | elapsed_s=0.777
2026-04-04 04:56:33 | symbol_done | idx=638 | total=654 | symbol=MAVIAUSDT | status=skip | reason=no_latest_setup | signals=0 | elapsed_s=0.789
2026-04-04 04:56:33 | symbol_done | idx=639 | total=654 | symbol=SPORTFUNUSDT | status=skip | reason=no_latest_setup | signals=0 | elapsed_s=0.752
2026-04-04 04:56:34 | symbol_done | idx=640 | total=654 | symbol=OXTUSDT | status=skip | reason=no_latest_setup | signals=0 | elapsed_s=0.779
2026-04-04 04:56:35 | symbol_done | idx=641 | total=654 | symbol=VELODROMEUSDT | status=skip | reason=no_latest_setup | signals=0 | elapsed_s=0.787
2026-04-04 04:56:36 | symbol_done | idx=642 | total=654 | symbol=BNTUSDT | status=skip | reason=no_latest_setup | signals=0 | elapsed_s=0.760
2026-04-04 04:56:36 | symbol_done | idx=643 | total=654 | symbol=JOEUSDT | status=skip | reason=no_latest_setup | signals=0 | elapsed_s=0.748
2026-04-04 04:56:37 | symbol_done | idx=644 | total=654 | symbol=TACUSDT | status=skip | reason=no_latest_setup | signals=0 | elapsed_s=0.773
2026-04-04 04:56:38 | symbol_done | idx=645 | total=654 | symbol=SONICUSDT | status=skip | reason=no_latest_setup | signals=0 | elapsed_s=0.760
2026-04-04 04:56:39 | symbol_done | idx=646 | total=654 | symbol=AERGOUSDT | status=skip | reason=no_latest_setup | signals=0 | elapsed_s=0.778
2026-04-04 04:56:39 | symbol_done | idx=647 | total=654 | symbol=BROCCOLIF3BUSDT | status=skip | reason=no_latest_setup | signals=0 | elapsed_s=0.795
2026-04-04 04:56:40 | symbol_done | idx=648 | total=654 | symbol=CARVUSDT | status=skip | reason=no_latest_setup | signals=0 | elapsed_s=0.696
2026-04-04 04:56:41 | symbol_done | idx=649 | total=654 | symbol=SLPUSDT | status=skip | reason=no_latest_setup | signals=0 | elapsed_s=0.953
2026-04-04 04:56:42 | symbol_done | idx=650 | total=654 | symbol=CLANKERUSDT | status=skip | reason=no_latest_setup | signals=0 | elapsed_s=0.708
2026-04-04 04:56:43 | symbol_done | idx=651 | total=654 | symbol=CTKUSDT | status=skip | reason=no_latest_setup | signals=0 | elapsed_s=0.698
2026-04-04 04:56:43 | symbol_done | idx=652 | total=654 | symbol=MEGAUSDT | status=skip | reason=no_latest_setup | signals=0 | elapsed_s=0.701
2026-04-04 04:56:44 | symbol_done | idx=653 | total=654 | symbol=ALLUSDT | status=skip | reason=no_latest_setup | signals=0 | elapsed_s=0.702
2026-04-04 04:56:44 | symbol_done | idx=654 | total=654 | symbol=PAYPUSDT | status=skip | reason=insufficient_history | signals=0 | elapsed_s=0.528
2026-04-04 04:56:47 | symbol_done | idx=213 | total=654 | symbol=BASUSDT | status=ok | reason=below_threshold | signals=0 | elapsed_s=327.467
2026-04-04 04:56:47 | scan_end | timeframe=1h | symbols=654 | total_signals=0 | elapsed_s=484.611 | log_file=D:\Code\Projects\self-projects\macd-overlay - Copy\logs\sniper_scan_progress.log
2026-04-04 05:00:07 | scan_start | timeframe=1h | symbols=654 | lookback_days=450 | batch_predict=True
2026-04-04 05:00:07 | symbol_done | idx=1 | total=654 | symbol=BTCUSDT | status=skip | reason=no_latest_setup | signals=0 | elapsed_s=0.321
2026-04-04 05:00:08 | symbol_done | idx=2 | total=654 | symbol=ETHUSDT | status=skip | reason=no_latest_setup | signals=0 | elapsed_s=0.330
2026-04-04 05:00:08 | symbol_done | idx=3 | total=654 | symbol=ALPACAUSDT | status=skip | reason=no_setup | signals=0 | elapsed_s=0.293
2026-04-04 05:00:08 | symbol_done | idx=4 | total=654 | symbol=SOLUSDT | status=skip | reason=no_latest_setup | signals=0 | elapsed_s=0.331
2026-04-04 05:00:09 | symbol_done | idx=5 | total=654 | symbol=EDGEUSDT | status=skip | reason=no_latest_setup | signals=0 | elapsed_s=0.331
2026-04-04 05:00:09 | symbol_done | idx=6 | total=654 | symbol=STOUSDT | status=skip | reason=no_latest_setup | signals=0 | elapsed_s=0.319
2026-04-04 05:00:09 | symbol_done | idx=7 | total=654 | symbol=BNXUSDT | status=skip | reason=no_setup | signals=0 | elapsed_s=0.306
2026-04-04 05:00:10 | symbol_done | idx=8 | total=654 | symbol=AIOTUSDT | status=skip | reason=no_latest_setup | signals=0 | elapsed_s=0.323
2026-04-04 05:00:10 | symbol_done | idx=9 | total=654 | symbol=ONGUSDT | status=skip | reason=no_latest_setup | signals=0 | elapsed_s=0.328
2026-04-04 05:00:10 | symbol_done | idx=10 | total=654 | symbol=PIPPINUSDT | status=skip | reason=no_latest_setup | signals=0 | elapsed_s=0.350
2026-04-04 05:00:11 | symbol_done | idx=11 | total=654 | symbol=ALPHAUSDT | status=skip | reason=no_setup | signals=0 | elapsed_s=0.301
2026-04-04 05:00:11 | symbol_done | idx=12 | total=654 | symbol=XRPUSDT | status=skip | reason=no_latest_setup | signals=0 | elapsed_s=0.295
2026-04-04 05:00:11 | symbol_done | idx=13 | total=654 | symbol=SIRENUSDT | status=skip | reason=no_latest_setup | signals=0 | elapsed_s=0.293
2026-04-04 05:00:12 | symbol_done | idx=14 | total=654 | symbol=CTSIUSDT | status=skip | reason=no_latest_setup | signals=0 | elapsed_s=0.307
2026-04-04 05:00:12 | symbol_done | idx=15 | total=654 | symbol=DOGEUSDT | status=skip | reason=no_latest_setup | signals=0 | elapsed_s=0.299
2026-04-04 05:00:12 | symbol_done | idx=16 | total=654 | symbol=RIVERUSDT | status=skip | reason=no_latest_setup | signals=0 | elapsed_s=0.295
2026-04-04 05:00:12 | symbol_done | idx=17 | total=654 | symbol=TAOUSDT | status=skip | reason=no_latest_setup | signals=0 | elapsed_s=0.315
2026-04-04 05:00:13 | symbol_done | idx=18 | total=654 | symbol=1000PEPEUSDT | status=skip | reason=no_latest_setup | signals=0 | elapsed_s=0.313
2026-04-04 05:00:13 | symbol_done | idx=19 | total=654 | symbol=PORT3USDT | status=skip | reason=no_setup | signals=0 | elapsed_s=0.289
2026-04-04 05:00:13 | symbol_done | idx=20 | total=654 | symbol=XAUUSDT | status=skip | reason=no_setup | signals=0 | elapsed_s=0.314
2026-04-04 05:00:14 | symbol_done | idx=21 | total=654 | symbol=ZECUSDT | status=skip | reason=no_latest_setup | signals=0 | elapsed_s=0.314
2026-04-04 05:00:14 | symbol_done | idx=22 | total=654 | symbol=BNBUSDT | status=skip | reason=no_latest_setup | signals=0 | elapsed_s=0.429
2026-04-04 05:00:14 | symbol_done | idx=23 | total=654 | symbol=HYPEUSDT | status=skip | reason=no_latest_setup | signals=0 | elapsed_s=0.336
2026-04-04 05:00:15 | symbol_done | idx=24 | total=654 | symbol=ADAUSDT | status=skip | reason=no_latest_setup | signals=0 | elapsed_s=0.325
2026-04-04 05:00:15 | symbol_done | idx=25 | total=654 | symbol=ONTUSDT | status=skip | reason=no_latest_setup | signals=0 | elapsed_s=0.412
2026-04-04 05:00:16 | symbol_done | idx=26 | total=654 | symbol=NOMUSDT | status=skip | reason=no_latest_setup | signals=0 | elapsed_s=0.348
2026-04-04 05:00:16 | symbol_done | idx=27 | total=654 | symbol=XPLUSDT | status=skip | reason=no_latest_setup | signals=0 | elapsed_s=0.329
2026-04-04 05:00:16 | symbol_done | idx=28 | total=654 | symbol=DUSDT | status=skip | reason=no_latest_setup | signals=0 | elapsed_s=0.417
2026-04-04 05:00:17 | symbol_done | idx=29 | total=654 | symbol=ALGOUSDT | status=skip | reason=no_latest_setup | signals=0 | elapsed_s=0.310
2026-04-04 05:00:17 | symbol_done | idx=30 | total=654 | symbol=UXLINKUSDT | status=skip | reason=no_setup | signals=0 | elapsed_s=0.301
2026-04-04 05:00:17 | symbol_done | idx=31 | total=654 | symbol=VIDTUSDT | status=skip | reason=no_setup | signals=0 | elapsed_s=0.310
2026-04-04 05:00:17 | symbol_done | idx=32 | total=654 | symbol=SXPUSDT | status=skip | reason=no_setup | signals=0 | elapsed_s=0.311
2026-04-04 05:00:18 | symbol_done | idx=33 | total=654 | symbol=AGIXUSDT | status=skip | reason=no_setup | signals=0 | elapsed_s=0.343
2026-04-04 05:00:18 | symbol_done | idx=34 | total=654 | symbol=ARIAUSDT | status=skip | reason=no_latest_setup | signals=0 | elapsed_s=0.318
2026-04-04 05:00:18 | symbol_done | idx=35 | total=654 | symbol=YBUSDT | status=skip | reason=no_latest_setup | signals=0 | elapsed_s=0.306
2026-04-04 05:00:19 | symbol_done | idx=36 | total=654 | symbol=AVAXUSDT | status=skip | reason=no_latest_setup | signals=0 | elapsed_s=0.286
2026-04-04 05:00:19 | symbol_done | idx=37 | total=654 | symbol=SUIUSDT | status=skip | reason=no_latest_setup | signals=0 | elapsed_s=0.318
2026-04-04 05:00:20 | symbol_done | idx=38 | total=654 | symbol=CLUSDT | status=skip | reason=insufficient_history | signals=0 | elapsed_s=0.493
2026-04-04 05:00:20 | symbol_done | idx=39 | total=654 | symbol=LINAUSDT | status=skip | reason=no_setup | signals=0 | elapsed_s=0.266
2026-04-04 05:00:20 | symbol_done | idx=40 | total=654 | symbol=MEMEFIUSDT | status=skip | reason=no_setup | signals=0 | elapsed_s=0.284
2026-04-04 05:00:20 | symbol_done | idx=41 | total=654 | symbol=LEVERUSDT | status=skip | reason=no_setup | signals=0 | elapsed_s=0.284
2026-04-04 05:00:21 | symbol_done | idx=42 | total=654 | symbol=NEIROETHUSDT | status=skip | reason=no_setup | signals=0 | elapsed_s=0.275
2026-04-04 05:00:21 | symbol_done | idx=43 | total=654 | symbol=A2ZUSDT | status=skip | reason=no_latest_setup | signals=0 | elapsed_s=0.306
2026-04-04 05:00:21 | symbol_done | idx=44 | total=654 | symbol=FTMUSDT | status=skip | reason=no_setup | signals=0 | elapsed_s=0.300
2026-04-04 05:00:22 | symbol_done | idx=45 | total=654 | symbol=NEARUSDT | status=skip | reason=no_latest_setup | signals=0 | elapsed_s=0.298
2026-04-04 05:00:22 | symbol_done | idx=46 | total=654 | symbol=WAVESUSDT | status=skip | reason=no_setup | signals=0 | elapsed_s=0.285
2026-04-04 05:00:22 | symbol_done | idx=47 | total=654 | symbol=OMNIUSDT | status=skip | reason=no_setup | signals=0 | elapsed_s=0.279
2026-04-04 05:00:22 | symbol_done | idx=48 | total=654 | symbol=ENAUSDT | status=skip | reason=no_latest_setup | signals=0 | elapsed_s=0.351
2026-04-04 05:00:23 | symbol_done | idx=49 | total=654 | symbol=LINKUSDT | status=skip | reason=no_latest_setup | signals=0 | elapsed_s=0.303
2026-04-04 05:00:23 | symbol_done | idx=50 | total=654 | symbol=YALAUSDT | status=skip | reason=no_setup | signals=0 | elapsed_s=0.294
2026-04-04 05:00:23 | symbol_done | idx=51 | total=654 | symbol=AMBUSDT | status=skip | reason=no_setup | signals=0 | elapsed_s=0.301
2026-04-04 05:00:24 | symbol_done | idx=52 | total=654 | symbol=BSWUSDT | status=skip | reason=no_setup | signals=0 | elapsed_s=0.283
2026-04-04 05:00:24 | symbol_done | idx=53 | total=654 | symbol=OCEANUSDT | status=skip | reason=no_setup | signals=0 | elapsed_s=0.296
2026-04-04 05:00:24 | symbol_done | idx=54 | total=654 | symbol=GASUSDT | status=skip | reason=no_latest_setup | signals=0 | elapsed_s=0.313
2026-04-04 05:00:25 | symbol_done | idx=55 | total=654 | symbol=CUSDT | status=skip | reason=no_latest_setup | signals=0 | elapsed_s=0.319
2026-04-04 05:00:25 | symbol_done | idx=56 | total=654 | symbol=BARDUSDT | status=skip | reason=no_latest_setup | signals=0 | elapsed_s=0.308
2026-04-04 05:00:25 | symbol_done | idx=57 | total=654 | symbol=STRAXUSDT | status=skip | reason=no_setup | signals=0 | elapsed_s=0.283
2026-04-04 05:00:26 | symbol_done | idx=58 | total=654 | symbol=DOTUSDT | status=skip | reason=no_latest_setup | signals=0 | elapsed_s=0.345
2026-04-04 05:00:26 | symbol_done | idx=59 | total=654 | symbol=BRUSDT | status=skip | reason=no_latest_setup | signals=0 | elapsed_s=0.303
2026-04-04 05:00:26 | symbol_done | idx=60 | total=654 | symbol=MONUSDT | status=skip | reason=no_latest_setup | signals=0 | elapsed_s=0.306
2026-04-04 05:00:26 | symbol_done | idx=61 | total=654 | symbol=FIDAUSDT | status=skip | reason=no_latest_setup | signals=0 | elapsed_s=0.307
2026-04-04 05:00:27 | symbol_done | idx=62 | total=654 | symbol=RENUSDT | status=skip | reason=no_setup | signals=0 | elapsed_s=0.282
2026-04-04 05:00:27 | symbol_done | idx=63 | total=654 | symbol=FILUSDT | status=skip | reason=no_latest_setup | signals=0 | elapsed_s=0.304
2026-04-04 05:00:27 | symbol_done | idx=64 | total=654 | symbol=BEATUSDT | status=skip | reason=no_latest_setup | signals=0 | elapsed_s=0.289
2026-04-04 05:00:28 | symbol_done | idx=65 | total=654 | symbol=UNFIUSDT | status=skip | reason=no_setup | signals=0 | elapsed_s=0.287
2026-04-04 05:00:28 | symbol_done | idx=66 | total=654 | symbol=FETUSDT | status=skip | reason=no_latest_setup | signals=0 | elapsed_s=0.301
2026-04-04 05:00:28 | symbol_done | idx=67 | total=654 | symbol=PAXGUSDT | status=skip | reason=no_setup | signals=0 | elapsed_s=0.297
2026-04-04 05:00:29 | symbol_done | idx=68 | total=654 | symbol=KITEUSDT | status=skip | reason=no_latest_setup | signals=0 | elapsed_s=0.311
2026-04-04 05:00:29 | symbol_done | idx=69 | total=654 | symbol=币安人生USDT | status=skip | reason=no_latest_setup | signals=0 | elapsed_s=0.292
2026-04-04 05:00:29 | symbol_done | idx=70 | total=654 | symbol=PUFFERUSDT | status=skip | reason=no_latest_setup | signals=0 | elapsed_s=0.285
2026-04-04 05:00:29 | symbol_done | idx=71 | total=654 | symbol=DGBUSDT | status=skip | reason=no_setup | signals=0 | elapsed_s=0.283
2026-04-04 05:00:30 | symbol_done | idx=72 | total=654 | symbol=BCHUSDT | status=skip | reason=no_latest_setup | signals=0 | elapsed_s=0.289
2026-04-04 05:00:30 | symbol_done | idx=73 | total=654 | symbol=TROYUSDT | status=skip | reason=no_setup | signals=0 | elapsed_s=0.306
2026-04-04 05:00:31 | symbol_done | idx=74 | total=654 | symbol=BZUSDT | status=skip | reason=insufficient_history | signals=0 | elapsed_s=0.602
2026-04-04 05:00:31 | symbol_done | idx=75 | total=654 | symbol=XAGUSDT | status=skip | reason=no_latest_setup | signals=0 | elapsed_s=0.320
2026-04-04 05:00:31 | symbol_done | idx=76 | total=654 | symbol=UNIUSDT | status=skip | reason=no_latest_setup | signals=0 | elapsed_s=0.325
2026-04-04 05:00:32 | symbol_done | idx=77 | total=654 | symbol=KERNELUSDT | status=skip | reason=no_latest_setup | signals=0 | elapsed_s=0.328
2026-04-04 05:00:32 | symbol_done | idx=78 | total=654 | symbol=LITUSDT | status=skip | reason=no_latest_setup | signals=0 | elapsed_s=0.347
2026-04-04 05:00:32 | symbol_done | idx=79 | total=654 | symbol=XAUTUSDT | status=skip | reason=insufficient_history | signals=0 | elapsed_s=0.525
2026-04-04 05:00:33 | symbol_done | idx=80 | total=654 | symbol=ARBUSDT | status=skip | reason=no_latest_setup | signals=0 | elapsed_s=0.310
2026-04-04 05:00:33 | symbol_done | idx=81 | total=654 | symbol=HIFIUSDT | status=skip | reason=no_setup | signals=0 | elapsed_s=0.286
2026-04-04 05:00:33 | symbol_done | idx=82 | total=654 | symbol=LTCUSDT | status=skip | reason=no_setup | signals=0 | elapsed_s=0.282
2026-04-04 05:00:34 | symbol_done | idx=83 | total=654 | symbol=CFGUSDT | status=skip | reason=no_latest_setup | signals=0 | elapsed_s=0.291
2026-04-04 05:00:34 | symbol_done | idx=84 | total=654 | symbol=SOLVUSDT | status=skip | reason=no_latest_setup | signals=0 | elapsed_s=0.332
2026-04-04 05:00:34 | symbol_done | idx=85 | total=654 | symbol=OMUSDT | status=skip | reason=no_setup | signals=0 | elapsed_s=0.301
2026-04-04 05:00:35 | symbol_done | idx=86 | total=654 | symbol=1000SHIBUSDT | status=skip | reason=no_latest_setup | signals=0 | elapsed_s=0.317
2026-04-04 05:00:35 | symbol_done | idx=87 | total=654 | symbol=DRIFTUSDT | status=skip | reason=no_latest_setup | signals=0 | elapsed_s=0.293
2026-04-04 05:00:35 | symbol_done | idx=88 | total=654 | symbol=CHESSUSDT | status=skip | reason=no_setup | signals=0 | elapsed_s=0.280
2026-04-04 05:00:35 | symbol_done | idx=89 | total=654 | symbol=42USDT | status=skip | reason=no_setup | signals=0 | elapsed_s=0.279
2026-04-04 05:00:36 | symbol_done | idx=90 | total=654 | symbol=SNTUSDT | status=skip | reason=no_setup | signals=0 | elapsed_s=0.281
2026-04-04 05:00:36 | symbol_done | idx=91 | total=654 | symbol=RENDERUSDT | status=skip | reason=no_latest_setup | signals=0 | elapsed_s=0.324
2026-04-04 05:00:36 | symbol_done | idx=92 | total=654 | symbol=TRXUSDT | status=skip | reason=no_setup | signals=0 | elapsed_s=0.293
2026-04-04 05:00:37 | symbol_done | idx=93 | total=654 | symbol=MKRUSDT | status=skip | reason=no_setup | signals=0 | elapsed_s=0.305
2026-04-04 05:00:37 | symbol_done | idx=94 | total=654 | symbol=VVVUSDT | status=skip | reason=no_latest_setup | signals=0 | elapsed_s=0.322
2026-04-04 05:00:37 | symbol_done | idx=95 | total=654 | symbol=TRUMPUSDT | status=skip | reason=no_latest_setup | signals=0 | elapsed_s=0.307
2026-04-04 05:00:38 | symbol_done | idx=96 | total=654 | symbol=ASTERUSDT | status=skip | reason=no_latest_setup | signals=0 | elapsed_s=0.297
2026-04-04 05:00:38 | symbol_done | idx=97 | total=654 | symbol=POLYXUSDT | status=skip | reason=no_latest_setup | signals=0 | elapsed_s=0.297
2026-04-04 05:00:38 | symbol_done | idx=98 | total=654 | symbol=PUMPUSDT | status=skip | reason=no_latest_setup | signals=0 | elapsed_s=0.347
2026-04-04 05:00:38 | symbol_done | idx=99 | total=654 | symbol=WLDUSDT | status=skip | reason=no_latest_setup | signals=0 | elapsed_s=0.283
2026-04-04 05:00:39 | symbol_done | idx=100 | total=654 | symbol=EPTUSDT | status=skip | reason=no_setup | signals=0 | elapsed_s=0.286
2026-04-04 05:00:39 | symbol_done | idx=101 | total=654 | symbol=NIGHTUSDT | status=skip | reason=no_latest_setup | signals=0 | elapsed_s=0.294
2026-04-04 05:00:39 | symbol_done | idx=102 | total=654 | symbol=HEMIUSDT | status=skip | reason=no_latest_setup | signals=0 | elapsed_s=0.305
2026-04-04 05:00:40 | symbol_done | idx=103 | total=654 | symbol=MUSDT | status=skip | reason=no_latest_setup | signals=0 | elapsed_s=0.295
2026-04-04 05:00:40 | symbol_done | idx=104 | total=654 | symbol=AAVEUSDT | status=skip | reason=no_latest_setup | signals=0 | elapsed_s=0.332
2026-04-04 05:00:40 | symbol_done | idx=105 | total=654 | symbol=TANSSIUSDT | status=skip | reason=no_setup | signals=0 | elapsed_s=0.276
2026-04-04 05:00:41 | symbol_done | idx=106 | total=654 | symbol=FARTCOINUSDT | status=skip | reason=no_latest_setup | signals=0 | elapsed_s=0.316
2026-04-04 05:00:41 | symbol_done | idx=107 | total=654 | symbol=WIFUSDT | status=skip | reason=no_latest_setup | signals=0 | elapsed_s=0.296
2026-04-04 05:00:41 | symbol_done | idx=108 | total=654 | symbol=SLERFUSDT | status=skip | reason=no_setup | signals=0 | elapsed_s=0.281
2026-04-04 05:00:41 | symbol_done | idx=109 | total=654 | symbol=XMRUSDT | status=skip | reason=no_latest_setup | signals=0 | elapsed_s=0.287
2026-04-04 05:00:42 | symbol_done | idx=110 | total=654 | symbol=HUSDT | status=skip | reason=no_latest_setup | signals=0 | elapsed_s=0.293
2026-04-04 05:00:42 | symbol_done | idx=111 | total=654 | symbol=BASEDUSDT | status=skip | reason=insufficient_history | signals=0 | elapsed_s=0.517
2026-04-04 05:00:43 | symbol_done | idx=112 | total=654 | symbol=BLZUSDT | status=skip | reason=no_setup | signals=0 | elapsed_s=0.281
2026-04-04 05:00:43 | symbol_done | idx=113 | total=654 | symbol=BAKEUSDT | status=skip | reason=no_setup | signals=0 | elapsed_s=0.271
2026-04-04 05:00:43 | symbol_done | idx=114 | total=654 | symbol=ALTUSDT | status=skip | reason=no_latest_setup | signals=0 | elapsed_s=0.321
2026-04-04 05:00:43 | symbol_done | idx=115 | total=654 | symbol=SEIUSDT | status=skip | reason=no_latest_setup | signals=0 | elapsed_s=0.331
2026-04-04 05:00:44 | symbol_done | idx=116 | total=654 | symbol=CHRUSDT | status=skip | reason=no_latest_setup | signals=0 | elapsed_s=0.322
2026-04-04 05:00:44 | symbol_done | idx=117 | total=654 | symbol=ETCUSDT | status=skip | reason=no_latest_setup | signals=0 | elapsed_s=0.334
2026-04-04 05:00:44 | symbol_done | idx=118 | total=654 | symbol=RVVUSDT | status=skip | reason=no_setup | signals=0 | elapsed_s=0.296
2026-04-04 05:00:45 | symbol_done | idx=119 | total=654 | symbol=CRVUSDT | status=skip | reason=no_latest_setup | signals=0 | elapsed_s=0.311
2026-04-04 05:00:45 | symbol_done | idx=120 | total=654 | symbol=SIGNUSDT | status=skip | reason=no_latest_setup | signals=0 | elapsed_s=0.309
2026-04-04 05:00:45 | symbol_done | idx=121 | total=654 | symbol=GUAUSDT | status=skip | reason=no_latest_setup | signals=0 | elapsed_s=0.299
2026-04-04 05:00:46 | symbol_done | idx=122 | total=654 | symbol=APTUSDT | status=skip | reason=no_latest_setup | signals=0 | elapsed_s=0.309
2026-04-04 05:00:46 | symbol_done | idx=123 | total=654 | symbol=GALAUSDT | status=skip | reason=no_latest_setup | signals=0 | elapsed_s=0.309
2026-04-04 05:00:46 | symbol_done | idx=124 | total=654 | symbol=CYSUSDT | status=skip | reason=no_latest_setup | signals=0 | elapsed_s=0.306
2026-04-04 05:00:47 | symbol_done | idx=125 | total=654 | symbol=COMBOUSDT | status=skip | reason=no_setup | signals=0 | elapsed_s=0.317
2026-04-04 05:00:47 | symbol_done | idx=126 | total=654 | symbol=BANKUSDT | status=skip | reason=no_latest_setup | signals=0 | elapsed_s=0.310
2026-04-04 05:00:47 | symbol_done | idx=127 | total=654 | symbol=MAGICUSDT | status=skip | reason=no_latest_setup | signals=0 | elapsed_s=0.302
2026-04-04 05:00:48 | symbol_done | idx=128 | total=654 | symbol=NULSUSDT | status=skip | reason=no_setup | signals=0 | elapsed_s=0.293
2026-04-04 05:00:48 | symbol_done | idx=129 | total=654 | symbol=WLFIUSDT | status=skip | reason=no_latest_setup | signals=0 | elapsed_s=0.310
2026-04-04 05:00:48 | symbol_done | idx=130 | total=654 | symbol=XLMUSDT | status=skip | reason=no_latest_setup | signals=0 | elapsed_s=0.312
2026-04-04 05:00:48 | symbol_done | idx=131 | total=654 | symbol=LOKAUSDT | status=skip | reason=no_setup | signals=0 | elapsed_s=0.272
2026-04-04 05:00:49 | symbol_done | idx=132 | total=654 | symbol=PENGUUSDT | status=skip | reason=no_latest_setup | signals=0 | elapsed_s=0.298
2026-04-04 05:00:49 | symbol_done | idx=133 | total=654 | symbol=KATUSDT | status=skip | reason=no_latest_setup | signals=0 | elapsed_s=0.314
2026-04-04 05:00:49 | symbol_done | idx=134 | total=654 | symbol=RDNTUSDT | status=skip | reason=no_latest_setup | signals=0 | elapsed_s=0.303
2026-04-04 05:00:50 | symbol_done | idx=135 | total=654 | symbol=HBARUSDT | status=skip | reason=no_latest_setup | signals=0 | elapsed_s=0.311
2026-04-04 05:00:50 | symbol_done | idx=136 | total=654 | symbol=KEYUSDT | status=skip | reason=no_setup | signals=0 | elapsed_s=0.288
2026-04-04 05:00:50 | symbol_done | idx=137 | total=654 | symbol=OPUSDT | status=skip | reason=no_latest_setup | signals=0 | elapsed_s=0.302
2026-04-04 05:00:51 | symbol_done | idx=138 | total=654 | symbol=VIRTUALUSDT | status=skip | reason=no_latest_setup | signals=0 | elapsed_s=0.316
2026-04-04 05:00:51 | symbol_done | idx=139 | total=654 | symbol=QTUMUSDT | status=skip | reason=no_latest_setup | signals=0 | elapsed_s=0.294
2026-04-04 05:00:51 | symbol_done | idx=140 | total=654 | symbol=AEVOUSDT | status=skip | reason=no_latest_setup | signals=0 | elapsed_s=0.303
2026-04-04 05:00:51 | symbol_done | idx=141 | total=654 | symbol=1000BONKUSDT | status=skip | reason=no_latest_setup | signals=0 | elapsed_s=0.295
2026-04-04 05:00:52 | symbol_done | idx=142 | total=654 | symbol=TRIAUSDT | status=skip | reason=no_latest_setup | signals=0 | elapsed_s=0.306
2026-04-04 05:00:52 | symbol_done | idx=143 | total=654 | symbol=ZKUSDT | status=skip | reason=no_latest_setup | signals=0 | elapsed_s=0.313
2026-04-04 05:00:52 | symbol_done | idx=144 | total=654 | symbol=HIPPOUSDT | status=skip | reason=no_latest_setup | signals=0 | elapsed_s=0.303
2026-04-04 05:00:53 | symbol_done | idx=145 | total=654 | symbol=BSBUSDT | status=skip | reason=insufficient_history | signals=0 | elapsed_s=0.512
2026-04-04 05:00:53 | symbol_done | idx=146 | total=654 | symbol=BLURUSDT | status=skip | reason=no_latest_setup | signals=0 | elapsed_s=0.314
2026-04-04 05:00:55 | symbol_done | idx=147 | total=654 | symbol=APRUSDT | status=skip | reason=no_latest_setup | signals=0 | elapsed_s=1.465
2026-04-04 05:00:55 | symbol_done | idx=148 | total=654 | symbol=LOOMUSDT | status=skip | reason=no_setup | signals=0 | elapsed_s=0.282
2026-04-04 05:00:55 | symbol_done | idx=149 | total=654 | symbol=ONDOUSDT | status=skip | reason=no_latest_setup | signals=0 | elapsed_s=0.299
2026-04-04 05:00:56 | symbol_done | idx=150 | total=654 | symbol=DYDXUSDT | status=skip | reason=no_latest_setup | signals=0 | elapsed_s=0.305
2026-04-04 05:00:56 | symbol_done | idx=151 | total=654 | symbol=APEUSDT | status=skip | reason=no_latest_setup | signals=0 | elapsed_s=0.296
2026-04-04 05:00:56 | symbol_done | idx=152 | total=654 | symbol=ZROUSDT | status=skip | reason=no_latest_setup | signals=0 | elapsed_s=0.329
2026-04-04 05:00:56 | symbol_done | idx=153 | total=654 | symbol=VOXELUSDT | status=skip | reason=no_setup | signals=0 | elapsed_s=0.285
2026-04-04 05:00:57 | symbol_done | idx=154 | total=654 | symbol=CHZUSDT | status=skip | reason=no_latest_setup | signals=0 | elapsed_s=0.300
2026-04-04 05:00:57 | symbol_done | idx=155 | total=654 | symbol=TONUSDT | status=skip | reason=no_setup | signals=0 | elapsed_s=0.286
2026-04-04 05:00:57 | symbol_done | idx=156 | total=654 | symbol=DASHUSDT | status=skip | reason=no_latest_setup | signals=0 | elapsed_s=0.300
2026-04-04 05:00:58 | symbol_done | idx=157 | total=654 | symbol=MAGMAUSDT | status=skip | reason=no_latest_setup | signals=0 | elapsed_s=0.303
2026-04-04 05:00:58 | symbol_done | idx=158 | total=654 | symbol=JELLYJELLYUSDT | status=skip | reason=no_latest_setup | signals=0 | elapsed_s=0.296
2026-04-04 05:00:58 | symbol_done | idx=159 | total=654 | symbol=BDXNUSDT | status=skip | reason=no_latest_setup | signals=0 | elapsed_s=0.298
2026-04-04 05:00:59 | symbol_done | idx=160 | total=654 | symbol=NEOUSDT | status=skip | reason=no_latest_setup | signals=0 | elapsed_s=0.369
2026-04-04 05:00:59 | symbol_done | idx=161 | total=654 | symbol=MDTUSDT | status=skip | reason=no_setup | signals=0 | elapsed_s=0.311
2026-04-04 05:00:59 | symbol_done | idx=162 | total=654 | symbol=TIAUSDT | status=skip | reason=no_latest_setup | signals=0 | elapsed_s=0.305
2026-04-04 05:01:00 | symbol_done | idx=163 | total=654 | symbol=VICUSDT | status=skip | reason=no_latest_setup | signals=0 | elapsed_s=0.316
2026-04-04 05:01:00 | symbol_done | idx=164 | total=654 | symbol=HUMAUSDT | status=skip | reason=no_latest_setup | signals=0 | elapsed_s=0.332
2026-04-04 05:01:00 | symbol_done | idx=165 | total=654 | symbol=TURBOUSDT | status=skip | reason=no_latest_setup | signals=0 | elapsed_s=0.321
2026-04-04 05:01:01 | symbol_done | idx=166 | total=654 | symbol=FISUSDT | status=skip | reason=no_setup | signals=0 | elapsed_s=0.307
2026-04-04 05:01:01 | symbol_done | idx=167 | total=654 | symbol=BIOUSDT | status=skip | reason=no_latest_setup | signals=0 | elapsed_s=0.303
2026-04-04 05:01:01 | symbol_done | idx=168 | total=654 | symbol=ORDIUSDT | status=skip | reason=no_latest_setup | signals=0 | elapsed_s=0.304
2026-04-04 05:01:01 | symbol_done | idx=169 | total=654 | symbol=ATOMUSDT | status=skip | reason=no_latest_setup | signals=0 | elapsed_s=0.285
2026-04-04 05:01:02 | symbol_done | idx=170 | total=654 | symbol=STABLEUSDT | status=skip | reason=no_latest_setup | signals=0 | elapsed_s=0.290
2026-04-04 05:01:02 | symbol_done | idx=171 | total=654 | symbol=ICPUSDT | status=skip | reason=no_latest_setup | signals=0 | elapsed_s=0.324
2026-04-04 05:01:02 | symbol_done | idx=172 | total=654 | symbol=JUPUSDT | status=skip | reason=no_latest_setup | signals=0 | elapsed_s=0.300
2026-04-04 05:01:03 | symbol_done | idx=173 | total=654 | symbol=KLAYUSDT | status=skip | reason=no_setup | signals=0 | elapsed_s=0.285
2026-04-04 05:01:03 | symbol_done | idx=174 | total=654 | symbol=OMGUSDT | status=skip | reason=no_setup | signals=0 | elapsed_s=0.282
2026-04-04 05:01:03 | symbol_done | idx=175 | total=654 | symbol=COMMONUSDT | status=skip | reason=no_setup | signals=0 | elapsed_s=0.278
2026-04-04 05:01:03 | symbol_done | idx=176 | total=654 | symbol=ONUSDT | status=skip | reason=no_latest_setup | signals=0 | elapsed_s=0.311
2026-04-04 05:01:04 | symbol_done | idx=177 | total=654 | symbol=INJUSDT | status=skip | reason=no_latest_setup | signals=0 | elapsed_s=0.287
2026-04-04 05:01:04 | symbol_done | idx=178 | total=654 | symbol=PIXELUSDT | status=skip | reason=no_latest_setup | signals=0 | elapsed_s=0.300
2026-04-04 05:01:04 | symbol_done | idx=179 | total=654 | symbol=CRCLUSDT | status=skip | reason=no_latest_setup | signals=0 | elapsed_s=0.296
2026-04-04 05:01:05 | symbol_done | idx=180 | total=654 | symbol=LDOUSDT | status=skip | reason=no_latest_setup | signals=0 | elapsed_s=0.305
2026-04-04 05:01:05 | symbol_done | idx=181 | total=654 | symbol=SYNUSDT | status=skip | reason=no_latest_setup | signals=0 | elapsed_s=0.311
2026-04-04 05:01:05 | symbol_done | idx=182 | total=654 | symbol=BONDUSDT | status=skip | reason=no_setup | signals=0 | elapsed_s=0.283
2026-04-04 05:01:06 | symbol_done | idx=183 | total=654 | symbol=USTCUSDT | status=skip | reason=no_latest_setup | signals=0 | elapsed_s=0.306
2026-04-04 05:01:06 | symbol_done | idx=184 | total=654 | symbol=PRLUSDT | status=skip | reason=insufficient_history | signals=0 | elapsed_s=0.590
2026-04-04 05:01:07 | symbol_done | idx=185 | total=654 | symbol=PROMPTUSDT | status=skip | reason=no_latest_setup | signals=0 | elapsed_s=0.324
2026-04-04 05:01:07 | symbol_done | idx=186 | total=654 | symbol=TAGUSDT | status=skip | reason=no_latest_setup | signals=0 | elapsed_s=0.292
2026-04-04 05:01:07 | symbol_done | idx=187 | total=654 | symbol=ZBTUSDT | status=skip | reason=no_latest_setup | signals=0 | elapsed_s=0.296
2026-04-04 05:01:07 | symbol_done | idx=188 | total=654 | symbol=REEFUSDT | status=skip | reason=no_setup | signals=0 | elapsed_s=0.284
2026-04-04 05:01:08 | symbol_done | idx=189 | total=654 | symbol=LYNUSDT | status=skip | reason=no_latest_setup | signals=0 | elapsed_s=0.300
2026-04-04 05:01:08 | symbol_done | idx=190 | total=654 | symbol=SKATEUSDT | status=skip | reason=no_setup | signals=0 | elapsed_s=0.297
2026-04-04 05:01:08 | symbol_done | idx=191 | total=654 | symbol=XEMUSDT | status=skip | reason=no_setup | signals=0 | elapsed_s=0.280
2026-04-04 05:01:09 | symbol_done | idx=192 | total=654 | symbol=VETUSDT | status=skip | reason=no_latest_setup | signals=0 | elapsed_s=0.302
2026-04-04 05:01:09 | symbol_done | idx=193 | total=654 | symbol=IPUSDT | status=skip | reason=no_latest_setup | signals=0 | elapsed_s=0.407
2026-04-04 05:01:09 | symbol_done | idx=194 | total=654 | symbol=POLUSDT | status=skip | reason=no_latest_setup | signals=0 | elapsed_s=0.299
2026-04-04 05:01:10 | symbol_done | idx=195 | total=654 | symbol=SAHARAUSDT | status=skip | reason=no_latest_setup | signals=0 | elapsed_s=0.290
2026-04-04 05:01:10 | symbol_done | idx=196 | total=654 | symbol=MASKUSDT | status=skip | reason=no_latest_setup | signals=0 | elapsed_s=0.308
2026-04-04 05:01:10 | symbol_done | idx=197 | total=654 | symbol=ROBOUSDT | status=skip | reason=no_latest_setup | signals=0 | elapsed_s=0.304
2026-04-04 05:01:10 | symbol_done | idx=198 | total=654 | symbol=HOOKUSDT | status=skip | reason=no_latest_setup | signals=0 | elapsed_s=0.292
2026-04-04 05:01:11 | symbol_done | idx=199 | total=654 | symbol=AXSUSDT | status=skip | reason=no_latest_setup | signals=0 | elapsed_s=0.298
2026-04-04 05:01:11 | symbol_done | idx=200 | total=654 | symbol=WUSDT | status=skip | reason=no_latest_setup | signals=0 | elapsed_s=0.296
2026-04-04 05:01:11 | symbol_done | idx=201 | total=654 | symbol=THETAUSDT | status=skip | reason=no_latest_setup | signals=0 | elapsed_s=0.297
2026-04-04 05:01:12 | symbol_done | idx=202 | total=654 | symbol=ANKRUSDT | status=skip | reason=no_latest_setup | signals=0 | elapsed_s=0.321
2026-04-04 05:01:12 | symbol_done | idx=203 | total=654 | symbol=DARUSDT | status=skip | reason=no_setup | signals=0 | elapsed_s=0.278
2026-04-04 05:01:12 | symbol_done | idx=204 | total=654 | symbol=ICXUSDT | status=skip | reason=no_latest_setup | signals=0 | elapsed_s=0.294
2026-04-04 05:01:13 | symbol_done | idx=205 | total=654 | symbol=DAMUSDT | status=skip | reason=no_latest_setup | signals=0 | elapsed_s=0.330
2026-04-04 05:01:13 | symbol_done | idx=206 | total=654 | symbol=0GUSDT | status=skip | reason=no_latest_setup | signals=0 | elapsed_s=0.298
2026-04-04 05:01:13 | symbol_done | idx=207 | total=654 | symbol=DUSKUSDT | status=skip | reason=no_latest_setup | signals=0 | elapsed_s=0.302
2026-04-04 05:01:13 | symbol_done | idx=208 | total=654 | symbol=ACHUSDT | status=skip | reason=no_latest_setup | signals=0 | elapsed_s=0.295
2026-04-04 05:01:14 | symbol_done | idx=209 | total=654 | symbol=KAITOUSDT | status=skip | reason=no_latest_setup | signals=0 | elapsed_s=0.293
2026-04-04 05:01:14 | symbol_done | idx=210 | total=654 | symbol=OGNUSDT | status=skip | reason=no_latest_setup | signals=0 | elapsed_s=0.292
2026-04-04 05:01:14 | symbol_done | idx=211 | total=654 | symbol=PYTHUSDT | status=skip | reason=no_latest_setup | signals=0 | elapsed_s=0.303
2026-04-04 05:01:15 | symbol_done | idx=212 | total=654 | symbol=SANDUSDT | status=skip | reason=no_latest_setup | signals=0 | elapsed_s=0.302
2026-04-04 05:01:15 | symbol_done | idx=213 | total=654 | symbol=BASUSDT | status=skip | reason=no_latest_setup | signals=0 | elapsed_s=0.298
2026-04-04 05:01:15 | symbol_done | idx=214 | total=654 | symbol=IOTAUSDT | status=skip | reason=no_latest_setup | signals=0 | elapsed_s=0.292
2026-04-04 05:01:16 | symbol_done | idx=215 | total=654 | symbol=CUDISUSDT | status=skip | reason=no_setup | signals=0 | elapsed_s=0.290
2026-04-04 05:01:16 | symbol_done | idx=216 | total=654 | symbol=RESOLVUSDT | status=skip | reason=no_latest_setup | signals=0 | elapsed_s=0.285
2026-04-04 05:01:16 | symbol_done | idx=217 | total=654 | symbol=OPNUSDT | status=skip | reason=no_latest_setup | signals=0 | elapsed_s=0.301
2026-04-04 05:01:16 | symbol_done | idx=218 | total=654 | symbol=STGUSDT | status=skip | reason=no_latest_setup | signals=0 | elapsed_s=0.309
2026-04-04 05:01:17 | symbol_done | idx=219 | total=654 | symbol=BANANAS31USDT | status=skip | reason=no_latest_setup | signals=0 | elapsed_s=0.307
2026-04-04 05:01:17 | symbol_done | idx=220 | total=654 | symbol=TSLAUSDT | status=skip | reason=no_setup | signals=0 | elapsed_s=0.303
2026-04-04 05:01:17 | symbol_done | idx=221 | total=654 | symbol=ZENUSDT | status=skip | reason=no_latest_setup | signals=0 | elapsed_s=0.297
2026-04-04 05:01:18 | symbol_done | idx=222 | total=654 | symbol=PHAUSDT | status=skip | reason=no_latest_setup | signals=0 | elapsed_s=0.302
2026-04-04 05:01:18 | symbol_done | idx=223 | total=654 | symbol=1000LUNCUSDT | status=skip | reason=no_latest_setup | signals=0 | elapsed_s=0.300
2026-04-04 05:01:18 | symbol_done | idx=224 | total=654 | symbol=STRKUSDT | status=skip | reason=no_latest_setup | signals=0 | elapsed_s=0.301
2026-04-04 05:01:19 | symbol_done | idx=225 | total=654 | symbol=BERAUSDT | status=skip | reason=no_latest_setup | signals=0 | elapsed_s=0.310
2026-04-04 05:01:19 | symbol_done | idx=226 | total=654 | symbol=GLMRUSDT | status=skip | reason=no_setup | signals=0 | elapsed_s=0.281
2026-04-04 05:01:19 | symbol_done | idx=227 | total=654 | symbol=SENTUSDT | status=skip | reason=no_latest_setup | signals=0 | elapsed_s=0.347
2026-04-04 05:01:20 | symbol_done | idx=228 | total=654 | symbol=ETHFIUSDT | status=skip | reason=no_latest_setup | signals=0 | elapsed_s=0.329
2026-04-04 05:01:20 | symbol_done | idx=229 | total=654 | symbol=NMRUSDT | status=skip | reason=no_latest_setup | signals=0 | elapsed_s=0.296
2026-04-04 05:01:20 | symbol_done | idx=230 | total=654 | symbol=CETUSUSDT | status=skip | reason=no_latest_setup | signals=0 | elapsed_s=0.301
2026-04-04 05:01:20 | symbol_done | idx=231 | total=654 | symbol=NTRNUSDT | status=skip | reason=no_latest_setup | signals=0 | elapsed_s=0.306
2026-04-04 05:01:21 | symbol_done | idx=232 | total=654 | symbol=HFTUSDT | status=skip | reason=no_latest_setup | signals=0 | elapsed_s=0.299
2026-04-04 05:01:21 | symbol_done | idx=233 | total=654 | symbol=RLSUSDT | status=skip | reason=no_latest_setup | signals=0 | elapsed_s=0.307
2026-04-04 05:01:21 | symbol_done | idx=234 | total=654 | symbol=MILKUSDT | status=skip | reason=no_setup | signals=0 | elapsed_s=0.276
2026-04-04 05:01:22 | symbol_done | idx=235 | total=654 | symbol=RADUSDT | status=skip | reason=no_setup | signals=0 | elapsed_s=0.270
2026-04-04 05:01:22 | symbol_done | idx=236 | total=654 | symbol=DEXEUSDT | status=skip | reason=no_latest_setup | signals=0 | elapsed_s=0.310
2026-04-04 05:01:22 | symbol_done | idx=237 | total=654 | symbol=QNTUSDT | status=skip | reason=no_latest_setup | signals=0 | elapsed_s=0.297
2026-04-04 05:01:22 | symbol_done | idx=238 | total=654 | symbol=FLMUSDT | status=skip | reason=no_setup | signals=0 | elapsed_s=0.282
2026-04-04 05:01:23 | symbol_done | idx=239 | total=654 | symbol=HEIUSDT | status=skip | reason=no_latest_setup | signals=0 | elapsed_s=0.308
2026-04-04 05:01:23 | symbol_done | idx=240 | total=654 | symbol=LRCUSDT | status=skip | reason=no_latest_setup | signals=0 | elapsed_s=0.278
2026-04-04 05:01:23 | symbol_done | idx=241 | total=654 | symbol=GIGGLEUSDT | status=skip | reason=no_latest_setup | signals=0 | elapsed_s=0.302
2026-04-04 05:01:24 | symbol_done | idx=242 | total=654 | symbol=EIGENUSDT | status=skip | reason=no_latest_setup | signals=0 | elapsed_s=0.266
2026-04-04 05:01:24 | symbol_done | idx=243 | total=654 | symbol=BULLAUSDT | status=skip | reason=no_latest_setup | signals=0 | elapsed_s=0.271
2026-04-04 05:01:24 | symbol_done | idx=244 | total=654 | symbol=ENSOUSDT | status=skip | reason=no_latest_setup | signals=0 | elapsed_s=0.269
2026-04-04 05:01:24 | symbol_done | idx=245 | total=654 | symbol=RAYSOLUSDT | status=skip | reason=no_latest_setup | signals=0 | elapsed_s=0.293
2026-04-04 05:01:25 | symbol_done | idx=246 | total=654 | symbol=1000FLOKIUSDT | status=skip | reason=no_latest_setup | signals=0 | elapsed_s=0.288
2026-04-04 05:01:25 | symbol_done | idx=247 | total=654 | symbol=REIUSDT | status=skip | reason=no_setup | signals=0 | elapsed_s=0.248
2026-04-04 05:01:25 | symbol_done | idx=248 | total=654 | symbol=BADGERUSDT | status=skip | reason=no_setup | signals=0 | elapsed_s=0.276
2026-04-04 05:01:26 | symbol_done | idx=249 | total=654 | symbol=ARCUSDT | status=skip | reason=no_latest_setup | signals=0 | elapsed_s=0.317
2026-04-04 05:01:26 | symbol_done | idx=250 | total=654 | symbol=STBLUSDT | status=skip | reason=no_latest_setup | signals=0 | elapsed_s=0.288
2026-04-04 05:01:26 | symbol_done | idx=251 | total=654 | symbol=OLUSDT | status=skip | reason=no_latest_setup | signals=0 | elapsed_s=0.287
2026-04-04 05:01:26 | symbol_done | idx=252 | total=654 | symbol=LUNA2USDT | status=skip | reason=no_latest_setup | signals=0 | elapsed_s=0.297
2026-04-04 05:01:27 | symbol_done | idx=253 | total=654 | symbol=PENDLEUSDT | status=skip | reason=no_latest_setup | signals=0 | elapsed_s=0.304
2026-04-04 05:01:27 | symbol_done | idx=254 | total=654 | symbol=VFYUSDT | status=skip | reason=no_latest_setup | signals=0 | elapsed_s=0.289
2026-04-04 05:01:27 | symbol_done | idx=255 | total=654 | symbol=PEOPLEUSDT | status=skip | reason=no_latest_setup | signals=0 | elapsed_s=0.269
2026-04-04 05:01:28 | symbol_done | idx=256 | total=654 | symbol=EDENUSDT | status=skip | reason=no_latest_setup | signals=0 | elapsed_s=0.288
2026-04-04 05:01:28 | symbol_done | idx=257 | total=654 | symbol=MYXUSDT | status=skip | reason=no_latest_setup | signals=0 | elapsed_s=0.277
2026-04-04 05:01:28 | symbol_done | idx=258 | total=654 | symbol=ICNTUSDT | status=skip | reason=no_latest_setup | signals=0 | elapsed_s=0.271
2026-04-04 05:01:28 | symbol_done | idx=259 | total=654 | symbol=DEFIUSDT | status=skip | reason=no_setup | signals=0 | elapsed_s=0.262
2026-04-04 05:01:29 | symbol_done | idx=260 | total=654 | symbol=SAPIENUSDT | status=skip | reason=no_latest_setup | signals=0 | elapsed_s=0.260
2026-04-04 05:01:29 | symbol_done | idx=261 | total=654 | symbol=USELESSUSDT | status=skip | reason=no_latest_setup | signals=0 | elapsed_s=0.280
2026-04-04 05:01:29 | symbol_done | idx=262 | total=654 | symbol=JCTUSDT | status=skip | reason=no_latest_setup | signals=0 | elapsed_s=0.273
2026-04-04 05:01:30 | symbol_done | idx=263 | total=654 | symbol=GWEIUSDT | status=skip | reason=no_latest_setup | signals=0 | elapsed_s=0.262
2026-04-04 05:01:30 | symbol_done | idx=264 | total=654 | symbol=PLAYUSDT | status=skip | reason=no_latest_setup | signals=0 | elapsed_s=0.285
2026-04-04 05:01:30 | symbol_done | idx=265 | total=654 | symbol=BANUSDT | status=skip | reason=no_latest_setup | signals=0 | elapsed_s=0.283
2026-04-04 05:01:30 | symbol_done | idx=266 | total=654 | symbol=LINEAUSDT | status=skip | reason=no_latest_setup | signals=0 | elapsed_s=0.286
2026-04-04 05:01:31 | symbol_done | idx=267 | total=654 | symbol=NKNUSDT | status=skip | reason=no_setup | signals=0 | elapsed_s=0.267
2026-04-04 05:01:31 | symbol_done | idx=268 | total=654 | symbol=AIXBTUSDT | status=skip | reason=no_latest_setup | signals=0 | elapsed_s=0.293
2026-04-04 05:01:31 | symbol_done | idx=269 | total=654 | symbol=REZUSDT | status=skip | reason=no_latest_setup | signals=0 | elapsed_s=0.272
2026-04-04 05:01:32 | symbol_done | idx=270 | total=654 | symbol=EULUSDT | status=skip | reason=no_latest_setup | signals=0 | elapsed_s=0.294
2026-04-04 05:01:32 | symbol_done | idx=271 | total=654 | symbol=POWERUSDT | status=skip | reason=no_latest_setup | signals=0 | elapsed_s=0.291
2026-04-04 05:01:32 | symbol_done | idx=272 | total=654 | symbol=NEIROUSDT | status=skip | reason=no_latest_setup | signals=0 | elapsed_s=0.284
2026-04-04 05:01:32 | symbol_done | idx=273 | total=654 | symbol=THEUSDT | status=skip | reason=no_latest_setup | signals=0 | elapsed_s=0.291
2026-04-04 05:01:33 | symbol_done | idx=274 | total=654 | symbol=ORBSUSDT | status=skip | reason=no_setup | signals=0 | elapsed_s=0.276
2026-04-04 05:01:33 | symbol_done | idx=275 | total=654 | symbol=SNXUSDT | status=skip | reason=no_latest_setup | signals=0 | elapsed_s=0.292
2026-04-04 05:01:33 | symbol_done | idx=276 | total=654 | symbol=SKYUSDT | status=skip | reason=no_latest_setup | signals=0 | elapsed_s=0.309
2026-04-04 05:01:34 | symbol_done | idx=277 | total=654 | symbol=ZAMAUSDT | status=skip | reason=no_latest_setup | signals=0 | elapsed_s=0.313
2026-04-04 05:01:34 | symbol_done | idx=278 | total=654 | symbol=COSUSDT | status=skip | reason=no_latest_setup | signals=0 | elapsed_s=0.300
2026-04-04 05:01:34 | symbol_done | idx=279 | total=654 | symbol=1000WHYUSDT | status=skip | reason=no_latest_setup | signals=0 | elapsed_s=0.272
2026-04-04 05:01:34 | symbol_done | idx=280 | total=654 | symbol=JTOUSDT | status=skip | reason=no_latest_setup | signals=0 | elapsed_s=0.286
2026-04-04 05:01:35 | symbol_done | idx=281 | total=654 | symbol=BALUSDT | status=skip | reason=no_setup | signals=0 | elapsed_s=0.275
2026-04-04 05:01:35 | symbol_done | idx=282 | total=654 | symbol=MANAUSDT | status=skip | reason=no_latest_setup | signals=0 | elapsed_s=0.277
2026-04-04 05:01:35 | symbol_done | idx=283 | total=654 | symbol=PTBUSDT | status=skip | reason=no_latest_setup | signals=0 | elapsed_s=0.258
2026-04-04 05:01:36 | symbol_done | idx=284 | total=654 | symbol=XNYUSDT | status=skip | reason=no_latest_setup | signals=0 | elapsed_s=0.286
2026-04-04 05:01:36 | symbol_done | idx=285 | total=654 | symbol=ZRCUSDT | status=skip | reason=no_setup | signals=0 | elapsed_s=0.279
2026-04-04 05:01:36 | symbol_done | idx=286 | total=654 | symbol=DEGOUSDT | status=skip | reason=no_latest_setup | signals=0 | elapsed_s=0.270
2026-04-04 05:01:36 | symbol_done | idx=287 | total=654 | symbol=ENJUSDT | status=skip | reason=no_latest_setup | signals=0 | elapsed_s=0.280
2026-04-04 05:01:37 | symbol_done | idx=288 | total=654 | symbol=COLLECTUSDT | status=skip | reason=no_latest_setup | signals=0 | elapsed_s=0.287
2026-04-04 05:01:37 | symbol_done | idx=289 | total=654 | symbol=STMXUSDT | status=skip | reason=no_setup | signals=0 | elapsed_s=0.271
2026-04-04 05:01:37 | symbol_done | idx=290 | total=654 | symbol=IDUSDT | status=skip | reason=no_latest_setup | signals=0 | elapsed_s=0.278
2026-04-04 05:01:38 | symbol_done | idx=291 | total=654 | symbol=MINAUSDT | status=skip | reason=no_latest_setup | signals=0 | elapsed_s=0.305
2026-04-04 05:01:38 | symbol_done | idx=292 | total=654 | symbol=PNUTUSDT | status=skip | reason=no_latest_setup | signals=0 | elapsed_s=0.296
2026-04-04 05:01:38 | symbol_done | idx=293 | total=654 | symbol=TRBUSDT | status=skip | reason=no_latest_setup | signals=0 | elapsed_s=0.281
2026-04-04 05:01:38 | symbol_done | idx=294 | total=654 | symbol=FXSUSDT | status=skip | reason=no_setup | signals=0 | elapsed_s=0.273
2026-04-04 05:01:39 | symbol_done | idx=295 | total=654 | symbol=MYROUSDT | status=skip | reason=no_setup | signals=0 | elapsed_s=0.275
2026-04-04 05:01:39 | symbol_done | idx=296 | total=654 | symbol=GHSTUSDT | status=skip | reason=no_setup | signals=0 | elapsed_s=0.282
2026-04-04 05:01:39 | symbol_done | idx=297 | total=654 | symbol=SKYAIUSDT | status=skip | reason=no_latest_setup | signals=0 | elapsed_s=0.293
2026-04-04 05:01:39 | symbol_done | idx=298 | total=654 | symbol=4USDT | status=skip | reason=no_latest_setup | signals=0 | elapsed_s=0.282
2026-04-04 05:01:40 | symbol_done | idx=300 | total=654 | symbol=GMTUSDT | status=skip | reason=no_latest_setup | signals=0 | elapsed_s=0.286
2026-04-04 05:01:40 | symbol_done | idx=301 | total=654 | symbol=METUSDT | status=skip | reason=no_latest_setup | signals=0 | elapsed_s=0.288
2026-04-04 05:01:41 | symbol_done | idx=302 | total=654 | symbol=1000XUSDT | status=skip | reason=no_setup | signals=0 | elapsed_s=0.293
2026-04-04 05:01:41 | symbol_done | idx=303 | total=654 | symbol=UBUSDT | status=skip | reason=no_latest_setup | signals=0 | elapsed_s=0.314
2026-04-04 05:01:41 | symbol_done | idx=304 | total=654 | symbol=ARUSDT | status=skip | reason=no_latest_setup | signals=0 | elapsed_s=0.276
2026-04-04 05:01:42 | symbol_done | idx=305 | total=654 | symbol=MSTRUSDT | status=skip | reason=no_latest_setup | signals=0 | elapsed_s=0.263
2026-04-04 05:01:42 | symbol_done | idx=306 | total=654 | symbol=CAKEUSDT | status=skip | reason=no_latest_setup | signals=0 | elapsed_s=0.277
2026-04-04 05:01:42 | symbol_done | idx=307 | total=654 | symbol=DEGENUSDT | status=skip | reason=no_latest_setup | signals=0 | elapsed_s=0.287
2026-04-04 05:01:42 | symbol_done | idx=308 | total=654 | symbol=GRTUSDT | status=skip | reason=no_latest_setup | signals=0 | elapsed_s=0.280
2026-04-04 05:01:43 | symbol_done | idx=309 | total=654 | symbol=ESPUSDT | status=skip | reason=no_latest_setup | signals=0 | elapsed_s=0.280
2026-04-04 05:01:43 | symbol_done | idx=310 | total=654 | symbol=SHELLUSDT | status=skip | reason=no_latest_setup | signals=0 | elapsed_s=0.295
2026-04-04 05:01:43 | symbol_done | idx=311 | total=654 | symbol=TOWNSUSDT | status=skip | reason=no_latest_setup | signals=0 | elapsed_s=0.259
2026-04-04 05:01:44 | symbol_done | idx=312 | total=654 | symbol=BOMEUSDT | status=skip | reason=no_latest_setup | signals=0 | elapsed_s=0.319
2026-04-04 05:01:44 | symbol_done | idx=313 | total=654 | symbol=LIGHTUSDT | status=skip | reason=no_latest_setup | signals=0 | elapsed_s=0.286
2026-04-04 05:01:44 | symbol_done | idx=314 | total=654 | symbol=ATHUSDT | status=skip | reason=no_latest_setup | signals=0 | elapsed_s=0.263
2026-04-04 05:01:44 | symbol_done | idx=315 | total=654 | symbol=EDUUSDT | status=skip | reason=no_latest_setup | signals=0 | elapsed_s=0.286
2026-04-04 05:01:45 | symbol_done | idx=316 | total=654 | symbol=TWTUSDT | status=skip | reason=no_latest_setup | signals=0 | elapsed_s=0.268
2026-04-04 05:01:45 | symbol_done | idx=317 | total=654 | symbol=FORTHUSDT | status=skip | reason=no_latest_setup | signals=0 | elapsed_s=0.300
2026-04-04 05:01:45 | symbol_done | idx=318 | total=654 | symbol=XCNUSDT | status=skip | reason=no_setup | signals=0 | elapsed_s=0.277
2026-04-04 05:01:46 | symbol_done | idx=319 | total=654 | symbol=FLOWUSDT | status=skip | reason=no_latest_setup | signals=0 | elapsed_s=0.284
2026-04-04 05:01:46 | symbol_done | idx=320 | total=654 | symbol=DFUSDT | status=skip | reason=no_setup | signals=0 | elapsed_s=0.259
2026-04-04 05:01:46 | symbol_done | idx=321 | total=654 | symbol=MOODENGUSDT | status=skip | reason=no_latest_setup | signals=0 | elapsed_s=0.296
2026-04-04 05:01:46 | symbol_done | idx=322 | total=654 | symbol=CELOUSDT | status=skip | reason=no_latest_setup | signals=0 | elapsed_s=0.300
2026-04-04 05:01:47 | symbol_done | idx=323 | total=654 | symbol=HOODUSDT | status=skip | reason=no_latest_setup | signals=0 | elapsed_s=0.287
2026-04-04 05:01:47 | symbol_done | idx=324 | total=654 | symbol=PROVEUSDT | status=skip | reason=no_latest_setup | signals=0 | elapsed_s=0.271
2026-04-04 05:01:47 | symbol_done | idx=325 | total=654 | symbol=SWARMSUSDT | status=skip | reason=no_latest_setup | signals=0 | elapsed_s=0.280
2026-04-04 05:01:47 | symbol_done | idx=326 | total=654 | symbol=MIRAUSDT | status=skip | reason=no_latest_setup | signals=0 | elapsed_s=0.274
2026-04-04 05:01:48 | symbol_done | idx=327 | total=654 | symbol=USUALUSDT | status=skip | reason=no_latest_setup | signals=0 | elapsed_s=0.281
2026-04-04 05:01:48 | symbol_done | idx=328 | total=654 | symbol=SUSDT | status=skip | reason=no_latest_setup | signals=0 | elapsed_s=0.282
2026-04-04 05:01:48 | symbol_done | idx=329 | total=654 | symbol=CCUSDT | status=skip | reason=no_latest_setup | signals=0 | elapsed_s=0.271
2026-04-04 05:01:49 | symbol_done | idx=330 | total=654 | symbol=DMCUSDT | status=skip | reason=no_setup | signals=0 | elapsed_s=0.274
2026-04-04 05:01:49 | symbol_done | idx=331 | total=654 | symbol=CFXUSDT | status=skip | reason=no_latest_setup | signals=0 | elapsed_s=0.285
2026-04-04 05:01:49 | symbol_done | idx=332 | total=654 | symbol=COMPUSDT | status=skip | reason=no_latest_setup | signals=0 | elapsed_s=0.290
2026-04-04 05:01:49 | symbol_done | idx=333 | total=654 | symbol=STXUSDT | status=skip | reason=no_latest_setup | signals=0 | elapsed_s=0.286
2026-04-04 05:01:50 | symbol_done | idx=334 | total=654 | symbol=DYMUSDT | status=skip | reason=no_latest_setup | signals=0 | elapsed_s=0.282
2026-04-04 05:01:50 | symbol_done | idx=335 | total=654 | symbol=STPTUSDT | status=skip | reason=no_setup | signals=0 | elapsed_s=0.274
2026-04-04 05:01:50 | symbol_done | idx=336 | total=654 | symbol=NAORISUSDT | status=skip | reason=no_latest_setup | signals=0 | elapsed_s=0.295
2026-04-04 05:01:51 | symbol_done | idx=337 | total=654 | symbol=SUSHIUSDT | status=skip | reason=no_latest_setup | signals=0 | elapsed_s=0.255
2026-04-04 05:01:51 | symbol_done | idx=338 | total=654 | symbol=XTZUSDT | status=skip | reason=no_latest_setup | signals=0 | elapsed_s=0.265
2026-04-04 05:01:51 | symbol_done | idx=339 | total=654 | symbol=ONEUSDT | status=skip | reason=no_latest_setup | signals=0 | elapsed_s=0.296
2026-04-04 05:01:51 | symbol_done | idx=340 | total=654 | symbol=AUSDT | status=skip | reason=no_latest_setup | signals=0 | elapsed_s=0.292
2026-04-04 05:01:52 | symbol_done | idx=341 | total=654 | symbol=ARKMUSDT | status=skip | reason=no_latest_setup | signals=0 | elapsed_s=0.287
2026-04-04 05:01:52 | symbol_done | idx=342 | total=654 | symbol=STEEMUSDT | status=skip | reason=no_latest_setup | signals=0 | elapsed_s=0.298
2026-04-04 05:01:52 | symbol_done | idx=343 | total=654 | symbol=ALICEUSDT | status=skip | reason=no_latest_setup | signals=0 | elapsed_s=0.285
2026-04-04 05:01:53 | symbol_done | idx=344 | total=654 | symbol=EPICUSDT | status=skip | reason=no_latest_setup | signals=0 | elapsed_s=0.285
2026-04-04 05:01:53 | symbol_done | idx=345 | total=654 | symbol=FOLKSUSDT | status=skip | reason=no_latest_setup | signals=0 | elapsed_s=0.265
2026-04-04 05:01:53 | symbol_done | idx=346 | total=654 | symbol=FORMUSDT | status=skip | reason=no_latest_setup | signals=0 | elapsed_s=0.304
2026-04-04 05:01:53 | symbol_done | idx=347 | total=654 | symbol=AIUSDT | status=skip | reason=no_latest_setup | signals=0 | elapsed_s=0.277
2026-04-04 05:01:54 | symbol_done | idx=348 | total=654 | symbol=GUNUSDT | status=skip | reason=no_latest_setup | signals=0 | elapsed_s=0.261
2026-04-04 05:01:54 | symbol_done | idx=349 | total=654 | symbol=ROSEUSDT | status=skip | reason=no_latest_setup | signals=0 | elapsed_s=0.304
2026-04-04 05:01:54 | symbol_done | idx=350 | total=654 | symbol=HOMEUSDT | status=skip | reason=no_latest_setup | signals=0 | elapsed_s=0.293
2026-04-04 05:01:55 | symbol_done | idx=351 | total=654 | symbol=SUPERUSDT | status=skip | reason=no_latest_setup | signals=0 | elapsed_s=0.254
2026-04-04 05:01:55 | symbol_done | idx=352 | total=654 | symbol=MANTRAUSDT | status=skip | reason=no_latest_setup | signals=0 | elapsed_s=0.269
2026-04-04 05:01:55 | symbol_done | idx=353 | total=654 | symbol=CHILLGUYUSDT | status=skip | reason=no_latest_setup | signals=0 | elapsed_s=0.277
2026-04-04 05:01:55 | symbol_done | idx=354 | total=654 | symbol=SPACEUSDT | status=skip | reason=no_latest_setup | signals=0 | elapsed_s=0.275
2026-04-04 05:01:56 | symbol_done | idx=355 | total=654 | symbol=BSVUSDT | status=skip | reason=no_latest_setup | signals=0 | elapsed_s=0.290
2026-04-04 05:01:56 | symbol_done | idx=356 | total=654 | symbol=FOGOUSDT | status=skip | reason=no_latest_setup | signals=0 | elapsed_s=0.277
2026-04-04 05:01:56 | symbol_done | idx=357 | total=654 | symbol=ANIMEUSDT | status=skip | reason=no_latest_setup | signals=0 | elapsed_s=0.282
2026-04-04 05:01:56 | symbol_done | idx=358 | total=654 | symbol=CLOUSDT | status=skip | reason=no_latest_setup | signals=0 | elapsed_s=0.266
2026-04-04 05:01:57 | symbol_done | idx=359 | total=654 | symbol=MOVEUSDT | status=skip | reason=no_latest_setup | signals=0 | elapsed_s=0.274
2026-04-04 05:01:57 | symbol_done | idx=360 | total=654 | symbol=FFUSDT | status=skip | reason=no_latest_setup | signals=0 | elapsed_s=0.265
2026-04-04 05:01:57 | symbol_done | idx=361 | total=654 | symbol=GUSDT | status=skip | reason=no_latest_setup | signals=0 | elapsed_s=0.263
2026-04-04 05:01:58 | symbol_done | idx=362 | total=654 | symbol=TRADOORUSDT | status=skip | reason=no_latest_setup | signals=0 | elapsed_s=0.260
2026-04-04 05:01:58 | symbol_done | idx=363 | total=654 | symbol=SWELLUSDT | status=skip | reason=no_setup | signals=0 | elapsed_s=0.240
2026-04-04 05:01:58 | symbol_done | idx=364 | total=654 | symbol=MEUSDT | status=skip | reason=no_latest_setup | signals=0 | elapsed_s=0.279
2026-04-04 05:01:58 | symbol_done | idx=365 | total=654 | symbol=ZILUSDT | status=skip | reason=no_latest_setup | signals=0 | elapsed_s=0.293
2026-04-04 05:01:59 | symbol_done | idx=366 | total=654 | symbol=ARPAUSDT | status=skip | reason=no_latest_setup | signals=0 | elapsed_s=0.262
2026-04-04 05:01:59 | symbol_done | idx=367 | total=654 | symbol=KASUSDT | status=skip | reason=no_latest_setup | signals=0 | elapsed_s=0.377
2026-04-04 05:01:59 | symbol_done | idx=368 | total=654 | symbol=BTRUSDT | status=skip | reason=no_latest_setup | signals=0 | elapsed_s=0.271
2026-04-04 05:02:00 | symbol_done | idx=369 | total=654 | symbol=CKBUSDT | status=skip | reason=no_latest_setup | signals=0 | elapsed_s=0.280
2026-04-04 05:02:00 | symbol_done | idx=370 | total=654 | symbol=SPXUSDT | status=skip | reason=no_latest_setup | signals=0 | elapsed_s=0.275
2026-04-04 05:02:00 | symbol_done | idx=371 | total=654 | symbol=IRYSUSDT | status=skip | reason=no_latest_setup | signals=0 | elapsed_s=0.293
2026-04-04 05:02:00 | symbol_done | idx=372 | total=654 | symbol=NFPUSDT | status=skip | reason=no_latest_setup | signals=0 | elapsed_s=0.317
2026-04-04 05:02:01 | symbol_done | idx=373 | total=654 | symbol=RAREUSDT | status=skip | reason=no_latest_setup | signals=0 | elapsed_s=0.274
2026-04-04 05:02:01 | symbol_done | idx=374 | total=654 | symbol=NILUSDT | status=skip | reason=no_latest_setup | signals=0 | elapsed_s=0.291
2026-04-04 05:02:01 | symbol_done | idx=375 | total=654 | symbol=LAUSDT | status=skip | reason=no_latest_setup | signals=0 | elapsed_s=0.286
2026-04-04 05:02:02 | symbol_done | idx=376 | total=654 | symbol=JSTUSDT | status=skip | reason=no_latest_setup | signals=0 | elapsed_s=0.283
2026-04-04 05:02:02 | symbol_done | idx=377 | total=654 | symbol=GRIFFAINUSDT | status=skip | reason=no_latest_setup | signals=0 | elapsed_s=0.280
2026-04-04 05:02:02 | symbol_done | idx=378 | total=654 | symbol=BANANAUSDT | status=skip | reason=no_latest_setup | signals=0 | elapsed_s=0.256
2026-04-04 05:02:02 | symbol_done | idx=379 | total=654 | symbol=KAVAUSDT | status=skip | reason=no_latest_setup | signals=0 | elapsed_s=0.250
2026-04-04 05:02:03 | symbol_done | idx=380 | total=654 | symbol=1000000BOBUSDT | status=skip | reason=no_latest_setup | signals=0 | elapsed_s=0.286
2026-04-04 05:02:03 | symbol_done | idx=381 | total=654 | symbol=POWRUSDT | status=skip | reason=no_latest_setup | signals=0 | elapsed_s=0.306
2026-04-04 05:02:03 | symbol_done | idx=382 | total=654 | symbol=FIGHTUSDT | status=skip | reason=no_latest_setup | signals=0 | elapsed_s=0.270
2026-04-04 05:02:04 | symbol_done | idx=383 | total=654 | symbol=DOLOUSDT | status=skip | reason=no_latest_setup | signals=0 | elapsed_s=0.296
2026-04-04 05:02:04 | symbol_done | idx=384 | total=654 | symbol=PARTIUSDT | status=skip | reason=no_latest_setup | signals=0 | elapsed_s=0.273
2026-04-04 05:02:04 | symbol_done | idx=385 | total=654 | symbol=OPENUSDT | status=skip | reason=no_latest_setup | signals=0 | elapsed_s=0.286
2026-04-04 05:02:04 | symbol_done | idx=386 | total=654 | symbol=SXTUSDT | status=skip | reason=no_latest_setup | signals=0 | elapsed_s=0.284
2026-04-04 05:02:05 | symbol_done | idx=387 | total=654 | symbol=AVNTUSDT | status=skip | reason=no_latest_setup | signals=0 | elapsed_s=0.309
2026-04-04 05:02:05 | symbol_done | idx=388 | total=654 | symbol=UAIUSDT | status=skip | reason=no_latest_setup | signals=0 | elapsed_s=0.297
2026-04-04 05:02:05 | symbol_done | idx=389 | total=654 | symbol=XANUSDT | status=skip | reason=no_latest_setup | signals=0 | elapsed_s=0.286
2026-04-04 05:02:06 | symbol_done | idx=390 | total=654 | symbol=MERLUSDT | status=skip | reason=no_latest_setup | signals=0 | elapsed_s=0.287
2026-04-04 05:02:06 | symbol_done | idx=391 | total=654 | symbol=USUSDT | status=skip | reason=no_latest_setup | signals=0 | elapsed_s=0.302
2026-04-04 05:02:06 | symbol_done | idx=392 | total=654 | symbol=JASMYUSDT | status=skip | reason=no_latest_setup | signals=0 | elapsed_s=0.300
2026-04-04 05:02:06 | symbol_done | idx=393 | total=654 | symbol=COTIUSDT | status=skip | reason=no_latest_setup | signals=0 | elapsed_s=0.282
2026-04-04 05:02:07 | symbol_done | idx=394 | total=654 | symbol=VANRYUSDT | status=skip | reason=no_latest_setup | signals=0 | elapsed_s=0.260
2026-04-04 05:02:07 | symbol_done | idx=395 | total=654 | symbol=EGLDUSDT | status=skip | reason=no_latest_setup | signals=0 | elapsed_s=0.301
2026-04-04 05:02:07 | symbol_done | idx=396 | total=654 | symbol=RAVEUSDT | status=skip | reason=no_latest_setup | signals=0 | elapsed_s=0.285
2026-04-04 05:02:08 | symbol_done | idx=397 | total=654 | symbol=ATUSDT | status=skip | reason=no_latest_setup | signals=0 | elapsed_s=0.363
2026-04-04 05:02:08 | symbol_done | idx=398 | total=654 | symbol=SKLUSDT | status=skip | reason=no_latest_setup | signals=0 | elapsed_s=0.320
2026-04-04 05:02:08 | symbol_done | idx=399 | total=654 | symbol=ENSUSDT | status=skip | reason=no_latest_setup | signals=0 | elapsed_s=0.258
2026-04-04 05:02:08 | symbol_done | idx=400 | total=654 | symbol=BIDUSDT | status=skip | reason=no_setup | signals=0 | elapsed_s=0.267
2026-04-04 05:02:09 | symbol_done | idx=401 | total=654 | symbol=BABYUSDT | status=skip | reason=no_latest_setup | signals=0 | elapsed_s=0.280
2026-04-04 05:02:09 | symbol_done | idx=402 | total=654 | symbol=BLUAIUSDT | status=skip | reason=no_latest_setup | signals=0 | elapsed_s=0.291
2026-04-04 05:02:09 | symbol_done | idx=403 | total=654 | symbol=HYPERUSDT | status=skip | reason=no_latest_setup | signals=0 | elapsed_s=0.302
2026-04-04 05:02:10 | symbol_done | idx=404 | total=654 | symbol=AIAUSDT | status=skip | reason=no_latest_setup | signals=0 | elapsed_s=0.314
2026-04-04 05:02:10 | symbol_done | idx=405 | total=654 | symbol=MEMEUSDT | status=skip | reason=no_latest_setup | signals=0 | elapsed_s=0.312
2026-04-04 05:02:10 | symbol_done | idx=406 | total=654 | symbol=USDCUSDT | status=skip | reason=no_setup | signals=0 | elapsed_s=0.271
2026-04-04 05:02:11 | symbol_done | idx=407 | total=654 | symbol=PHBUSDT | status=skip | reason=no_latest_setup | signals=0 | elapsed_s=0.281
2026-04-04 05:02:11 | symbol_done | idx=408 | total=654 | symbol=IDEXUSDT | status=skip | reason=no_setup | signals=0 | elapsed_s=0.262
2026-04-04 05:02:11 | symbol_done | idx=409 | total=654 | symbol=EWYUSDT | status=skip | reason=no_setup | signals=0 | elapsed_s=0.270
2026-04-04 05:02:11 | symbol_done | idx=410 | total=654 | symbol=MORPHOUSDT | status=skip | reason=no_latest_setup | signals=0 | elapsed_s=0.286
2026-04-04 05:02:12 | symbol_done | idx=411 | total=654 | symbol=IMXUSDT | status=skip | reason=no_latest_setup | signals=0 | elapsed_s=0.280
2026-04-04 05:02:12 | symbol_done | idx=412 | total=654 | symbol=KNCUSDT | status=skip | reason=no_latest_setup | signals=0 | elapsed_s=0.280
2026-04-04 05:02:13 | symbol_done | idx=414 | total=654 | symbol=STORJUSDT | status=skip | reason=no_latest_setup | signals=0 | elapsed_s=0.270
2026-04-04 05:02:13 | symbol_done | idx=415 | total=654 | symbol=RUNEUSDT | status=skip | reason=no_latest_setup | signals=0 | elapsed_s=0.292
2026-04-04 05:02:13 | symbol_done | idx=416 | total=654 | symbol=GRASSUSDT | status=skip | reason=no_latest_setup | signals=0 | elapsed_s=0.285
2026-04-04 05:02:13 | symbol_done | idx=417 | total=654 | symbol=GPSUSDT | status=skip | reason=no_latest_setup | signals=0 | elapsed_s=0.301
2026-04-04 05:02:14 | symbol_done | idx=418 | total=654 | symbol=SOMIUSDT | status=skip | reason=no_latest_setup | signals=0 | elapsed_s=0.276
2026-04-04 05:02:14 | symbol_done | idx=419 | total=654 | symbol=AXLUSDT | status=skip | reason=no_latest_setup | signals=0 | elapsed_s=0.278
2026-04-04 05:02:14 | symbol_done | idx=420 | total=654 | symbol=AKTUSDT | status=skip | reason=no_latest_setup | signals=0 | elapsed_s=0.285
2026-04-04 05:02:15 | symbol_done | idx=421 | total=654 | symbol=1MBABYDOGEUSDT | status=skip | reason=no_latest_setup | signals=0 | elapsed_s=0.311
2026-04-04 05:02:15 | symbol_done | idx=422 | total=654 | symbol=IOUSDT | status=skip | reason=no_latest_setup | signals=0 | elapsed_s=0.287
2026-04-04 05:02:15 | symbol_done | idx=423 | total=654 | symbol=ACTUSDT | status=skip | reason=no_latest_setup | signals=0 | elapsed_s=0.303
2026-04-04 05:02:15 | symbol_done | idx=424 | total=654 | symbol=ORCAUSDT | status=skip | reason=no_latest_setup | signals=0 | elapsed_s=0.303
2026-04-04 05:02:16 | symbol_done | idx=425 | total=654 | symbol=FUNUSDT | status=skip | reason=no_latest_setup | signals=0 | elapsed_s=0.309
2026-04-04 05:02:16 | symbol_done | idx=426 | total=654 | symbol=BTCDOMUSDT | status=skip | reason=no_setup | signals=0 | elapsed_s=0.293
2026-04-04 05:02:16 | symbol_done | idx=427 | total=654 | symbol=COPPERUSDT | status=skip | reason=no_setup | signals=0 | elapsed_s=0.269
2026-04-04 05:02:17 | symbol_done | idx=428 | total=654 | symbol=SPELLUSDT | status=skip | reason=no_latest_setup | signals=0 | elapsed_s=0.284
2026-04-04 05:02:17 | symbol_done | idx=429 | total=654 | symbol=PLUMEUSDT | status=skip | reason=no_latest_setup | signals=0 | elapsed_s=0.262
2026-04-04 05:02:17 | symbol_done | idx=430 | total=654 | symbol=INTCUSDT | status=skip | reason=no_setup | signals=0 | elapsed_s=0.301
2026-04-04 05:02:17 | symbol_done | idx=431 | total=654 | symbol=NOTUSDT | status=skip | reason=no_latest_setup | signals=0 | elapsed_s=0.290
2026-04-04 05:02:18 | symbol_done | idx=432 | total=654 | symbol=SYRUPUSDT | status=skip | reason=no_latest_setup | signals=0 | elapsed_s=0.279
2026-04-04 05:02:18 | symbol_done | idx=433 | total=654 | symbol=龙虾USDT | status=skip | reason=no_latest_setup | signals=0 | elapsed_s=0.293
2026-04-04 05:02:19 | symbol_done | idx=434 | total=654 | symbol=NVDAUSDT | status=skip | reason=insufficient_history | signals=0 | elapsed_s=0.515
2026-04-04 05:02:19 | symbol_done | idx=435 | total=654 | symbol=BMTUSDT | status=skip | reason=no_latest_setup | signals=0 | elapsed_s=0.259
2026-04-04 05:02:19 | symbol_done | idx=436 | total=654 | symbol=COINUSDT | status=skip | reason=no_latest_setup | signals=0 | elapsed_s=0.292
2026-04-04 05:02:19 | symbol_done | idx=437 | total=654 | symbol=1000RATSUSDT | status=skip | reason=no_latest_setup | signals=0 | elapsed_s=0.282
2026-04-04 05:02:20 | symbol_done | idx=438 | total=654 | symbol=YGGUSDT | status=skip | reason=no_latest_setup | signals=0 | elapsed_s=0.292
2026-04-04 05:02:20 | symbol_done | idx=439 | total=654 | symbol=AEROUSDT | status=skip | reason=no_latest_setup | signals=0 | elapsed_s=0.292
2026-04-04 05:02:20 | symbol_done | idx=440 | total=654 | symbol=ZEREBROUSDT | status=skip | reason=no_latest_setup | signals=0 | elapsed_s=0.291
2026-04-04 05:02:21 | symbol_done | idx=441 | total=654 | symbol=SAFEUSDT | status=skip | reason=no_latest_setup | signals=0 | elapsed_s=0.333
2026-04-04 05:02:21 | symbol_done | idx=442 | total=654 | symbol=LAYERUSDT | status=skip | reason=no_latest_setup | signals=0 | elapsed_s=0.315
2026-04-04 05:02:21 | symbol_done | idx=443 | total=654 | symbol=XAIUSDT | status=skip | reason=no_latest_setup | signals=0 | elapsed_s=0.291
2026-04-04 05:02:22 | symbol_done | idx=445 | total=654 | symbol=YFIUSDT | status=skip | reason=no_latest_setup | signals=0 | elapsed_s=0.294
2026-04-04 05:02:22 | symbol_done | idx=446 | total=654 | symbol=POPCATUSDT | status=skip | reason=no_latest_setup | signals=0 | elapsed_s=0.269
2026-04-04 05:02:22 | symbol_done | idx=447 | total=654 | symbol=BEAMXUSDT | status=skip | reason=no_latest_setup | signals=0 | elapsed_s=0.285
2026-04-04 05:02:23 | symbol_done | idx=448 | total=654 | symbol=WETUSDT | status=skip | reason=no_latest_setup | signals=0 | elapsed_s=0.284
2026-04-04 05:02:23 | symbol_done | idx=449 | total=654 | symbol=CVCUSDT | status=skip | reason=no_latest_setup | signals=0 | elapsed_s=0.274
2026-04-04 05:02:23 | symbol_done | idx=450 | total=654 | symbol=COAIUSDT | status=skip | reason=no_latest_setup | signals=0 | elapsed_s=0.283
2026-04-04 05:02:23 | symbol_done | idx=451 | total=654 | symbol=CATIUSDT | status=skip | reason=no_latest_setup | signals=0 | elapsed_s=0.298
2026-04-04 05:02:24 | symbol_done | idx=452 | total=654 | symbol=AGLDUSDT | status=skip | reason=no_latest_setup | signals=0 | elapsed_s=0.284
2026-04-04 05:02:24 | symbol_done | idx=453 | total=654 | symbol=HMSTRUSDT | status=skip | reason=no_latest_setup | signals=0 | elapsed_s=0.257
2026-04-04 05:02:24 | symbol_done | idx=454 | total=654 | symbol=MAVUSDT | status=skip | reason=no_latest_setup | signals=0 | elapsed_s=0.265
2026-04-04 05:02:25 | symbol_done | idx=455 | total=654 | symbol=TNSRUSDT | status=skip | reason=no_latest_setup | signals=0 | elapsed_s=0.283
2026-04-04 05:02:25 | symbol_done | idx=456 | total=654 | symbol=FLUXUSDT | status=skip | reason=no_latest_setup | signals=0 | elapsed_s=0.289
2026-04-04 05:02:25 | symbol_done | idx=457 | total=654 | symbol=MBOXUSDT | status=skip | reason=no_latest_setup | signals=0 | elapsed_s=0.277
2026-04-04 05:02:25 | symbol_done | idx=458 | total=654 | symbol=ZKPUSDT | status=skip | reason=no_latest_setup | signals=0 | elapsed_s=0.284
2026-04-04 05:02:26 | symbol_done | idx=459 | total=654 | symbol=DEEPUSDT | status=skip | reason=no_latest_setup | signals=0 | elapsed_s=0.283
2026-04-04 05:02:26 | symbol_done | idx=460 | total=654 | symbol=HIGHUSDT | status=skip | reason=no_latest_setup | signals=0 | elapsed_s=0.304
2026-04-04 05:02:26 | symbol_done | idx=461 | total=654 | symbol=PIEVERSEUSDT | status=skip | reason=no_latest_setup | signals=0 | elapsed_s=0.260
2026-04-04 05:02:27 | symbol_done | idx=462 | total=654 | symbol=ZORAUSDT | status=skip | reason=no_latest_setup | signals=0 | elapsed_s=0.293
2026-04-04 05:02:27 | symbol_done | idx=463 | total=654 | symbol=LPTUSDT | status=skip | reason=no_latest_setup | signals=0 | elapsed_s=0.285
2026-04-04 05:02:27 | symbol_done | idx=464 | total=654 | symbol=KGENUSDT | status=skip | reason=no_latest_setup | signals=0 | elapsed_s=0.297
2026-04-04 05:02:27 | symbol_done | idx=465 | total=654 | symbol=WOOUSDT | status=skip | reason=no_latest_setup | signals=0 | elapsed_s=0.284
2026-04-04 05:02:28 | symbol_done | idx=466 | total=654 | symbol=MOVRUSDT | status=skip | reason=no_latest_setup | signals=0 | elapsed_s=0.269
2026-04-04 05:02:28 | symbol_done | idx=467 | total=654 | symbol=MANTAUSDT | status=skip | reason=no_latest_setup | signals=0 | elapsed_s=0.283
2026-04-04 05:02:28 | symbol_done | idx=468 | total=654 | symbol=TUTUSDT | status=skip | reason=no_latest_setup | signals=0 | elapsed_s=0.285
2026-04-04 05:02:29 | symbol_done | idx=469 | total=654 | symbol=OBOLUSDT | status=skip | reason=no_setup | signals=0 | elapsed_s=0.255
2026-04-04 05:02:29 | symbol_done | idx=470 | total=654 | symbol=TOKENUSDT | status=skip | reason=no_setup | signals=0 | elapsed_s=0.266
2026-04-04 05:02:29 | symbol_done | idx=471 | total=654 | symbol=PERPUSDT | status=skip | reason=no_setup | signals=0 | elapsed_s=0.281
2026-04-04 05:02:29 | symbol_done | idx=472 | total=654 | symbol=PROMUSDT | status=skip | reason=no_latest_setup | signals=0 | elapsed_s=0.307
2026-04-04 05:02:30 | symbol_done | idx=473 | total=654 | symbol=1INCHUSDT | status=skip | reason=no_latest_setup | signals=0 | elapsed_s=0.276
2026-04-04 05:02:30 | symbol_done | idx=474 | total=654 | symbol=RSRUSDT | status=skip | reason=no_latest_setup | signals=0 | elapsed_s=0.257
2026-04-04 05:02:30 | symbol_done | idx=475 | total=654 | symbol=QUICKUSDT | status=skip | reason=no_setup | signals=0 | elapsed_s=0.249
2026-04-04 05:02:30 | symbol_done | idx=476 | total=654 | symbol=UMAUSDT | status=skip | reason=no_latest_setup | signals=0 | elapsed_s=0.297
2026-04-04 05:02:31 | symbol_done | idx=477 | total=654 | symbol=ESPORTSUSDT | status=skip | reason=no_latest_setup | signals=0 | elapsed_s=0.279
2026-04-04 05:02:31 | symbol_done | idx=478 | total=654 | symbol=ILVUSDT | status=skip | reason=no_latest_setup | signals=0 | elapsed_s=0.299
2026-04-04 05:02:31 | symbol_done | idx=479 | total=654 | symbol=AKEUSDT | status=skip | reason=no_latest_setup | signals=0 | elapsed_s=0.299
2026-04-04 05:02:32 | symbol_done | idx=480 | total=654 | symbol=TURTLEUSDT | status=skip | reason=no_latest_setup | signals=0 | elapsed_s=0.296
2026-04-04 05:02:32 | symbol_done | idx=481 | total=654 | symbol=SSVUSDT | status=skip | reason=no_latest_setup | signals=0 | elapsed_s=0.251
2026-04-04 05:02:32 | symbol_done | idx=482 | total=654 | symbol=LUMIAUSDT | status=skip | reason=no_latest_setup | signals=0 | elapsed_s=0.273
2026-04-04 05:02:32 | symbol_done | idx=483 | total=654 | symbol=BIGTIMEUSDT | status=skip | reason=no_latest_setup | signals=0 | elapsed_s=0.291
2026-04-04 05:02:33 | symbol_done | idx=484 | total=654 | symbol=TSTUSDT | status=skip | reason=no_latest_setup | signals=0 | elapsed_s=0.279
2026-04-04 05:02:33 | symbol_done | idx=485 | total=654 | symbol=BATUSDT | status=skip | reason=no_latest_setup | signals=0 | elapsed_s=0.304
2026-04-04 05:02:33 | symbol_done | idx=486 | total=654 | symbol=我踏马来了USDT | status=skip | reason=no_latest_setup | signals=0 | elapsed_s=0.275
2026-04-04 05:02:34 | symbol_done | idx=487 | total=654 | symbol=HIVEUSDT | status=skip | reason=no_latest_setup | signals=0 | elapsed_s=0.262
2026-04-04 05:02:34 | symbol_done | idx=488 | total=654 | symbol=MMTUSDT | status=skip | reason=no_latest_setup | signals=0 | elapsed_s=0.272
2026-04-04 05:02:34 | symbol_done | idx=489 | total=654 | symbol=PORTALUSDT | status=skip | reason=no_latest_setup | signals=0 | elapsed_s=0.285
2026-04-04 05:02:34 | symbol_done | idx=490 | total=654 | symbol=HAEDALUSDT | status=skip | reason=no_latest_setup | signals=0 | elapsed_s=0.274
2026-04-04 05:02:35 | symbol_done | idx=491 | total=654 | symbol=ALCHUSDT | status=skip | reason=no_latest_setup | signals=0 | elapsed_s=0.279
2026-04-04 05:02:35 | symbol_done | idx=492 | total=654 | symbol=SAGAUSDT | status=skip | reason=no_latest_setup | signals=0 | elapsed_s=0.286
2026-04-04 05:02:35 | symbol_done | idx=493 | total=654 | symbol=EVAAUSDT | status=skip | reason=no_latest_setup | signals=0 | elapsed_s=0.278
2026-04-04 05:02:36 | symbol_done | idx=494 | total=654 | symbol=SKRUSDT | status=skip | reason=no_latest_setup | signals=0 | elapsed_s=0.309
2026-04-04 05:02:36 | symbol_done | idx=495 | total=654 | symbol=SCRTUSDT | status=skip | reason=no_latest_setup | signals=0 | elapsed_s=0.292
2026-04-04 05:02:36 | symbol_done | idx=496 | total=654 | symbol=QUSDT | status=skip | reason=no_latest_setup | signals=0 | elapsed_s=0.257
2026-04-04 05:02:36 | symbol_done | idx=497 | total=654 | symbol=AINUSDT | status=skip | reason=no_latest_setup | signals=0 | elapsed_s=0.315
2026-04-04 05:02:37 | symbol_done | idx=498 | total=654 | symbol=DOODUSDT | status=skip | reason=no_latest_setup | signals=0 | elapsed_s=0.324
2026-04-04 05:02:37 | symbol_done | idx=499 | total=654 | symbol=IRUSDT | status=skip | reason=no_latest_setup | signals=0 | elapsed_s=0.278
2026-04-04 05:02:37 | symbol_done | idx=500 | total=654 | symbol=BICOUSDT | status=skip | reason=no_latest_setup | signals=0 | elapsed_s=0.261
2026-04-04 05:02:38 | symbol_done | idx=501 | total=654 | symbol=1000CHEEMSUSDT | status=skip | reason=no_latest_setup | signals=0 | elapsed_s=0.291
2026-04-04 05:02:38 | symbol_done | idx=502 | total=654 | symbol=1000SATSUSDT | status=skip | reason=no_latest_setup | signals=0 | elapsed_s=0.275
2026-04-04 05:02:38 | symbol_done | idx=503 | total=654 | symbol=TRUUSDT | status=skip | reason=no_latest_setup | signals=0 | elapsed_s=0.290
2026-04-04 05:02:38 | symbol_done | idx=504 | total=654 | symbol=RONINUSDT | status=skip | reason=no_latest_setup | signals=0 | elapsed_s=0.261
2026-04-04 05:02:39 | symbol_done | idx=505 | total=654 | symbol=LABUSDT | status=skip | reason=no_latest_setup | signals=0 | elapsed_s=0.266
2026-04-04 05:02:39 | symbol_done | idx=506 | total=654 | symbol=WCTUSDT | status=skip | reason=no_latest_setup | signals=0 | elapsed_s=0.281
2026-04-04 05:02:39 | symbol_done | idx=507 | total=654 | symbol=VTHOUSDT | status=skip | reason=no_setup | signals=0 | elapsed_s=0.273
2026-04-04 05:02:40 | symbol_done | idx=508 | total=654 | symbol=AIOUSDT | status=skip | reason=no_latest_setup | signals=0 | elapsed_s=0.294
2026-04-04 05:02:40 | symbol_done | idx=509 | total=654 | symbol=AVAAIUSDT | status=skip | reason=no_latest_setup | signals=0 | elapsed_s=0.284
2026-04-04 05:02:40 | symbol_done | idx=510 | total=654 | symbol=COOKIEUSDT | status=skip | reason=no_latest_setup | signals=0 | elapsed_s=0.283
2026-04-04 05:02:40 | symbol_done | idx=511 | total=654 | symbol=ACXUSDT | status=skip | reason=no_latest_setup | signals=0 | elapsed_s=0.292
2026-04-04 05:02:41 | symbol_done | idx=512 | total=654 | symbol=XPTUSDT | status=skip | reason=no_latest_setup | signals=0 | elapsed_s=0.276
2026-04-04 05:02:41 | symbol_done | idx=513 | total=654 | symbol=VANAUSDT | status=skip | reason=no_setup | signals=0 | elapsed_s=0.248
2026-04-04 05:02:41 | symbol_done | idx=514 | total=654 | symbol=VINEUSDT | status=skip | reason=no_latest_setup | signals=0 | elapsed_s=0.307
2026-04-04 05:02:42 | symbol_done | idx=515 | total=654 | symbol=CELRUSDT | status=skip | reason=no_setup | signals=0 | elapsed_s=0.303
2026-04-04 05:02:42 | symbol_done | idx=516 | total=654 | symbol=API3USDT | status=skip | reason=no_latest_setup | signals=0 | elapsed_s=0.287
2026-04-04 05:02:42 | symbol_done | idx=517 | total=654 | symbol=BBUSDT | status=skip | reason=no_latest_setup | signals=0 | elapsed_s=0.276
2026-04-04 05:02:42 | symbol_done | idx=518 | total=654 | symbol=SPKUSDT | status=skip | reason=no_latest_setup | signals=0 | elapsed_s=0.385
2026-04-04 05:02:43 | symbol_done | idx=519 | total=654 | symbol=PUMPBTCUSDT | status=skip | reason=no_latest_setup | signals=0 | elapsed_s=0.320
2026-04-04 05:02:43 | symbol_done | idx=520 | total=654 | symbol=NATGASUSDT | status=skip | reason=insufficient_history | signals=0 | elapsed_s=0.475
2026-04-04 05:02:44 | symbol_done | idx=521 | total=654 | symbol=DIAUSDT | status=skip | reason=no_latest_setup | signals=0 | elapsed_s=0.290
2026-04-04 05:02:44 | symbol_done | idx=522 | total=654 | symbol=RVNUSDT | status=skip | reason=no_latest_setup | signals=0 | elapsed_s=0.280
2026-04-04 05:02:44 | symbol_done | idx=523 | total=654 | symbol=DENTUSDT | status=skip | reason=no_latest_setup | signals=0 | elapsed_s=0.284
2026-04-04 05:02:44 | symbol_done | idx=524 | total=654 | symbol=AUCTIONUSDT | status=skip | reason=no_latest_setup | signals=0 | elapsed_s=0.303
2026-04-04 05:02:45 | symbol_done | idx=525 | total=654 | symbol=WALUSDT | status=skip | reason=no_latest_setup | signals=0 | elapsed_s=0.311
2026-04-04 05:02:45 | symbol_done | idx=526 | total=654 | symbol=INXUSDT | status=skip | reason=no_latest_setup | signals=0 | elapsed_s=0.281
2026-04-04 05:02:45 | symbol_done | idx=527 | total=654 | symbol=FHEUSDT | status=skip | reason=no_latest_setup | signals=0 | elapsed_s=0.266
2026-04-04 05:02:46 | symbol_done | idx=528 | total=654 | symbol=ALLOUSDT | status=skip | reason=no_latest_setup | signals=0 | elapsed_s=0.294
2026-04-04 05:02:46 | symbol_done | idx=529 | total=654 | symbol=TRUSTUSDT | status=skip | reason=no_latest_setup | signals=0 | elapsed_s=0.298
2026-04-04 05:02:46 | symbol_done | idx=530 | total=654 | symbol=MUBARAKUSDT | status=skip | reason=no_latest_setup | signals=0 | elapsed_s=0.277
2026-04-04 05:02:46 | symbol_done | idx=531 | total=654 | symbol=RECALLUSDT | status=skip | reason=no_latest_setup | signals=0 | elapsed_s=0.280
2026-04-04 05:02:47 | symbol_done | idx=532 | total=654 | symbol=FRAXUSDT | status=skip | reason=no_latest_setup | signals=0 | elapsed_s=0.276
2026-04-04 05:02:47 | symbol_done | idx=533 | total=654 | symbol=RLCUSDT | status=skip | reason=no_latest_setup | signals=0 | elapsed_s=0.290
2026-04-04 05:02:47 | symbol_done | idx=534 | total=654 | symbol=AGTUSDT | status=skip | reason=no_latest_setup | signals=0 | elapsed_s=0.299
2026-04-04 05:02:48 | symbol_done | idx=535 | total=654 | symbol=BUSDT | status=skip | reason=no_latest_setup | signals=0 | elapsed_s=0.268
2026-04-04 05:02:48 | symbol_done | idx=536 | total=654 | symbol=AZTECUSDT | status=skip | reason=no_latest_setup | signals=0 | elapsed_s=0.293
2026-04-04 05:02:48 | symbol_done | idx=537 | total=654 | symbol=KSMUSDT | status=skip | reason=no_latest_setup | signals=0 | elapsed_s=0.272
2026-04-04 05:02:48 | symbol_done | idx=538 | total=654 | symbol=KAIAUSDT | status=skip | reason=no_latest_setup | signals=0 | elapsed_s=0.292
2026-04-04 05:02:49 | symbol_done | idx=539 | total=654 | symbol=LISTAUSDT | status=skip | reason=no_latest_setup | signals=0 | elapsed_s=0.286
2026-04-04 05:02:49 | symbol_done | idx=540 | total=654 | symbol=2ZUSDT | status=skip | reason=no_latest_setup | signals=0 | elapsed_s=0.296
2026-04-04 05:02:49 | symbol_done | idx=541 | total=654 | symbol=SOONUSDT | status=skip | reason=no_latest_setup | signals=0 | elapsed_s=0.296
2026-04-04 05:02:50 | symbol_done | idx=542 | total=654 | symbol=SOPHUSDT | status=skip | reason=no_latest_setup | signals=0 | elapsed_s=0.274
2026-04-04 05:02:50 | symbol_done | idx=543 | total=654 | symbol=XVGUSDT | status=skip | reason=no_latest_setup | signals=0 | elapsed_s=0.288
2026-04-04 05:02:50 | symbol_done | idx=544 | total=654 | symbol=GMXUSDT | status=skip | reason=no_latest_setup | signals=0 | elapsed_s=0.296
2026-04-04 05:02:50 | symbol_done | idx=545 | total=654 | symbol=FIOUSDT | status=skip | reason=no_latest_setup | signals=0 | elapsed_s=0.298
2026-04-04 05:02:51 | symbol_done | idx=546 | total=654 | symbol=BROCCOLI714USDT | status=skip | reason=no_latest_setup | signals=0 | elapsed_s=0.292
2026-04-04 05:02:51 | symbol_done | idx=547 | total=654 | symbol=SUNUSDT | status=skip | reason=no_setup | signals=0 | elapsed_s=0.253
2026-04-04 05:02:51 | symbol_done | idx=548 | total=654 | symbol=ARKUSDT | status=skip | reason=no_latest_setup | signals=0 | elapsed_s=0.292
2026-04-04 05:02:52 | symbol_done | idx=549 | total=654 | symbol=SQDUSDT | status=skip | reason=no_latest_setup | signals=0 | elapsed_s=0.268
2026-04-04 05:02:52 | symbol_done | idx=550 | total=654 | symbol=WAXPUSDT | status=skip | reason=no_latest_setup | signals=0 | elapsed_s=0.273
2026-04-04 05:02:52 | symbol_done | idx=551 | total=654 | symbol=CYBERUSDT | status=skip | reason=no_latest_setup | signals=0 | elapsed_s=0.292
2026-04-04 05:02:52 | symbol_done | idx=552 | total=654 | symbol=TAKEUSDT | status=skip | reason=no_latest_setup | signals=0 | elapsed_s=0.269
2026-04-04 05:02:53 | symbol_done | idx=553 | total=654 | symbol=BRETTUSDT | status=skip | reason=no_latest_setup | signals=0 | elapsed_s=0.282
2026-04-04 05:02:53 | symbol_done | idx=554 | total=654 | symbol=GOATUSDT | status=skip | reason=no_latest_setup | signals=0 | elapsed_s=0.299
2026-04-04 05:02:53 | symbol_done | idx=555 | total=654 | symbol=IOSTUSDT | status=skip | reason=no_latest_setup | signals=0 | elapsed_s=0.289
2026-04-04 05:02:54 | symbol_done | idx=556 | total=654 | symbol=1000CATUSDT | status=skip | reason=no_latest_setup | signals=0 | elapsed_s=0.277
2026-04-04 05:02:54 | symbol_done | idx=557 | total=654 | symbol=DOGSUSDT | status=skip | reason=no_latest_setup | signals=0 | elapsed_s=0.267
2026-04-04 05:02:54 | symbol_done | idx=558 | total=654 | symbol=TLMUSDT | status=skip | reason=no_latest_setup | signals=0 | elapsed_s=0.291
2026-04-04 05:02:54 | symbol_done | idx=559 | total=654 | symbol=ZKCUSDT | status=skip | reason=no_latest_setup | signals=0 | elapsed_s=0.311
2026-04-04 05:02:55 | symbol_done | idx=560 | total=654 | symbol=B3USDT | status=skip | reason=no_latest_setup | signals=0 | elapsed_s=0.289
2026-04-04 05:02:55 | symbol_done | idx=561 | total=654 | symbol=1000000MOGUSDT | status=skip | reason=no_latest_setup | signals=0 | elapsed_s=0.279
2026-04-04 05:02:55 | symbol_done | idx=562 | total=654 | symbol=XVSUSDT | status=skip | reason=no_latest_setup | signals=0 | elapsed_s=0.270
2026-04-04 05:02:56 | symbol_done | idx=563 | total=654 | symbol=LQTYUSDT | status=skip | reason=no_latest_setup | signals=0 | elapsed_s=0.311
2026-04-04 05:02:56 | symbol_done | idx=564 | total=654 | symbol=TRUTHUSDT | status=skip | reason=no_latest_setup | signals=0 | elapsed_s=0.263
2026-04-04 05:02:56 | symbol_done | idx=565 | total=654 | symbol=KMNOUSDT | status=skip | reason=no_latest_setup | signals=0 | elapsed_s=0.279
2026-04-04 05:02:56 | symbol_done | idx=566 | total=654 | symbol=PONKEUSDT | status=skip | reason=no_setup | signals=0 | elapsed_s=0.262
2026-04-04 05:02:57 | symbol_done | idx=567 | total=654 | symbol=ACEUSDT | status=skip | reason=no_latest_setup | signals=0 | elapsed_s=0.273
2026-04-04 05:02:57 | symbol_done | idx=568 | total=654 | symbol=TAIKOUSDT | status=skip | reason=no_latest_setup | signals=0 | elapsed_s=0.253
2026-04-04 05:02:57 | symbol_done | idx=569 | total=654 | symbol=OGUSDT | status=skip | reason=no_latest_setup | signals=0 | elapsed_s=0.279
2026-04-04 05:02:57 | symbol_done | idx=570 | total=654 | symbol=XPINUSDT | status=skip | reason=no_latest_setup | signals=0 | elapsed_s=0.290
2026-04-04 05:02:58 | symbol_done | idx=571 | total=654 | symbol=1000XECUSDT | status=skip | reason=no_setup | signals=0 | elapsed_s=0.271
2026-04-04 05:02:58 | symbol_done | idx=572 | total=654 | symbol=BANDUSDT | status=skip | reason=no_latest_setup | signals=0 | elapsed_s=0.287
2026-04-04 05:02:58 | symbol_done | idx=573 | total=654 | symbol=ASTRUSDT | status=skip | reason=no_latest_setup | signals=0 | elapsed_s=0.266
2026-04-04 05:02:59 | symbol_done | idx=574 | total=654 | symbol=BELUSDT | status=skip | reason=no_latest_setup | signals=0 | elapsed_s=0.272
2026-04-04 05:02:59 | symbol_done | idx=575 | total=654 | symbol=NXPCUSDT | status=skip | reason=no_latest_setup | signals=0 | elapsed_s=0.290
2026-04-04 05:02:59 | symbol_done | idx=576 | total=654 | symbol=MELANIAUSDT | status=skip | reason=no_latest_setup | signals=0 | elapsed_s=0.290
2026-04-04 05:02:59 | symbol_done | idx=577 | total=654 | symbol=ACUUSDT | status=skip | reason=no_latest_setup | signals=0 | elapsed_s=0.286
2026-04-04 05:03:00 | symbol_done | idx=578 | total=654 | symbol=ZRXUSDT | status=skip | reason=no_latest_setup | signals=0 | elapsed_s=0.285
2026-04-04 05:03:00 | symbol_done | idx=579 | total=654 | symbol=FUSDT | status=skip | reason=no_latest_setup | signals=0 | elapsed_s=0.290
2026-04-04 05:03:00 | symbol_done | idx=580 | total=654 | symbol=PLTRUSDT | status=skip | reason=no_setup | signals=0 | elapsed_s=0.275
2026-04-04 05:03:01 | symbol_done | idx=581 | total=654 | symbol=INUSDT | status=skip | reason=no_latest_setup | signals=0 | elapsed_s=0.279
2026-04-04 05:03:01 | symbol_done | idx=582 | total=654 | symbol=MITOUSDT | status=skip | reason=no_latest_setup | signals=0 | elapsed_s=0.287
2026-04-04 05:03:01 | symbol_done | idx=583 | total=654 | symbol=SCRUSDT | status=skip | reason=no_latest_setup | signals=0 | elapsed_s=0.279
2026-04-04 05:03:01 | symbol_done | idx=584 | total=654 | symbol=B2USDT | status=skip | reason=no_latest_setup | signals=0 | elapsed_s=0.291
2026-04-04 05:03:02 | symbol_done | idx=585 | total=654 | symbol=GLMUSDT | status=skip | reason=no_latest_setup | signals=0 | elapsed_s=0.306
2026-04-04 05:03:02 | symbol_done | idx=586 | total=654 | symbol=C98USDT | status=skip | reason=no_latest_setup | signals=0 | elapsed_s=0.282
2026-04-04 05:03:02 | symbol_done | idx=587 | total=654 | symbol=TUSDT | status=skip | reason=no_latest_setup | signals=0 | elapsed_s=0.274
2026-04-04 05:03:03 | symbol_done | idx=588 | total=654 | symbol=MEWUSDT | status=skip | reason=no_latest_setup | signals=0 | elapsed_s=0.260
2026-04-04 05:03:03 | symbol_done | idx=589 | total=654 | symbol=COWUSDT | status=skip | reason=no_latest_setup | signals=0 | elapsed_s=0.285
2026-04-04 05:03:03 | symbol_done | idx=590 | total=654 | symbol=SFPUSDT | status=skip | reason=no_latest_setup | signals=0 | elapsed_s=0.289
2026-04-04 05:03:03 | symbol_done | idx=591 | total=654 | symbol=HOLOUSDT | status=skip | reason=no_latest_setup | signals=0 | elapsed_s=0.298
2026-04-04 05:03:04 | symbol_done | idx=592 | total=654 | symbol=BREVUSDT | status=skip | reason=no_latest_setup | signals=0 | elapsed_s=0.291
2026-04-04 05:03:04 | symbol_done | idx=593 | total=654 | symbol=METAUSDT | status=skip | reason=insufficient_history | signals=0 | elapsed_s=0.523
2026-04-04 05:03:05 | symbol_done | idx=594 | total=654 | symbol=REDUSDT | status=skip | reason=no_latest_setup | signals=0 | elapsed_s=0.379
2026-04-04 05:03:05 | symbol_done | idx=595 | total=654 | symbol=NEWTUSDT | status=skip | reason=no_latest_setup | signals=0 | elapsed_s=0.285
2026-04-04 05:03:05 | symbol_done | idx=596 | total=654 | symbol=GOOGLUSDT | status=skip | reason=insufficient_history | signals=0 | elapsed_s=0.515
2026-04-04 05:03:06 | symbol_done | idx=597 | total=654 | symbol=ZKJUSDT | status=skip | reason=no_latest_setup | signals=0 | elapsed_s=0.282
2026-04-04 05:03:06 | symbol_done | idx=598 | total=654 | symbol=AMZNUSDT | status=skip | reason=no_setup | signals=0 | elapsed_s=0.285
2026-04-04 05:03:06 | symbol_done | idx=599 | total=654 | symbol=ZETAUSDT | status=skip | reason=no_latest_setup | signals=0 | elapsed_s=0.306
2026-04-04 05:03:07 | symbol_done | idx=600 | total=654 | symbol=TREEUSDT | status=skip | reason=no_latest_setup | signals=0 | elapsed_s=0.300
2026-04-04 05:03:07 | symbol_done | idx=601 | total=654 | symbol=BIRBUSDT | status=skip | reason=no_latest_setup | signals=0 | elapsed_s=0.296
2026-04-04 05:03:07 | symbol_done | idx=602 | total=654 | symbol=ATAUSDT | status=skip | reason=no_latest_setup | signals=0 | elapsed_s=0.275
2026-04-04 05:03:07 | symbol_done | idx=603 | total=654 | symbol=DODOXUSDT | status=skip | reason=no_latest_setup | signals=0 | elapsed_s=0.261
2026-04-04 05:03:08 | symbol_done | idx=604 | total=654 | symbol=AVAUSDT | status=skip | reason=no_latest_setup | signals=0 | elapsed_s=0.284
2026-04-04 05:03:08 | symbol_done | idx=605 | total=654 | symbol=GTCUSDT | status=skip | reason=no_latest_setup | signals=0 | elapsed_s=0.273
2026-04-04 05:03:08 | symbol_done | idx=606 | total=654 | symbol=LSKUSDT | status=skip | reason=no_setup | signals=0 | elapsed_s=0.297
2026-04-04 05:03:09 | symbol_done | idx=607 | total=654 | symbol=ETHWUSDT | status=skip | reason=no_latest_setup | signals=0 | elapsed_s=0.309
2026-04-04 05:03:09 | symbol_done | idx=608 | total=654 | symbol=IOTXUSDT | status=skip | reason=no_latest_setup | signals=0 | elapsed_s=0.268
2026-04-04 05:03:09 | symbol_done | idx=609 | total=654 | symbol=SANTOSUSDT | status=skip | reason=no_latest_setup | signals=0 | elapsed_s=0.306
2026-04-04 05:03:09 | symbol_done | idx=610 | total=654 | symbol=METISUSDT | status=skip | reason=no_latest_setup | signals=0 | elapsed_s=0.310
2026-04-04 05:03:10 | symbol_done | idx=611 | total=654 | symbol=CGPTUSDT | status=skip | reason=no_latest_setup | signals=0 | elapsed_s=0.284
2026-04-04 05:03:10 | symbol_done | idx=612 | total=654 | symbol=XPDUSDT | status=skip | reason=no_latest_setup | signals=0 | elapsed_s=0.287
2026-04-04 05:03:10 | symbol_done | idx=613 | total=654 | symbol=RPLUSDT | status=skip | reason=no_latest_setup | signals=0 | elapsed_s=0.281
2026-04-04 05:03:11 | symbol_done | idx=614 | total=654 | symbol=VELVETUSDT | status=skip | reason=no_latest_setup | signals=0 | elapsed_s=0.278
2026-04-04 05:03:11 | symbol_done | idx=615 | total=654 | symbol=ERAUSDT | status=skip | reason=no_latest_setup | signals=0 | elapsed_s=0.282
2026-04-04 05:03:11 | symbol_done | idx=616 | total=654 | symbol=AWEUSDT | status=skip | reason=no_latest_setup | signals=0 | elapsed_s=0.284
2026-04-04 05:03:12 | symbol_done | idx=617 | total=654 | symbol=MTLUSDT | status=skip | reason=no_latest_setup | signals=0 | elapsed_s=0.320
2026-04-04 05:03:12 | symbol_done | idx=618 | total=654 | symbol=CVXUSDT | status=skip | reason=no_latest_setup | signals=0 | elapsed_s=0.296
2026-04-04 05:03:12 | symbol_done | idx=619 | total=654 | symbol=KOMAUSDT | status=skip | reason=no_latest_setup | signals=0 | elapsed_s=0.280
2026-04-04 05:03:12 | symbol_done | idx=620 | total=654 | symbol=CROSSUSDT | status=skip | reason=no_latest_setup | signals=0 | elapsed_s=0.278
2026-04-04 05:03:13 | symbol_done | idx=621 | total=654 | symbol=HOTUSDT | status=skip | reason=no_latest_setup | signals=0 | elapsed_s=0.280
2026-04-04 05:03:13 | symbol_done | idx=622 | total=654 | symbol=FLUIDUSDT | status=skip | reason=no_latest_setup | signals=0 | elapsed_s=0.283
2026-04-04 05:03:13 | symbol_done | idx=623 | total=654 | symbol=ALPINEUSDT | status=skip | reason=no_setup | signals=0 | elapsed_s=0.266
2026-04-04 05:03:13 | symbol_done | idx=624 | total=654 | symbol=MOCAUSDT | status=skip | reason=no_latest_setup | signals=0 | elapsed_s=0.283
2026-04-04 05:03:14 | symbol_done | idx=625 | total=654 | symbol=ORDERUSDT | status=skip | reason=no_latest_setup | signals=0 | elapsed_s=0.296
2026-04-04 05:03:14 | symbol_done | idx=626 | total=654 | symbol=MLNUSDT | status=skip | reason=no_latest_setup | signals=0 | elapsed_s=0.269
2026-04-04 05:03:14 | symbol_done | idx=627 | total=654 | symbol=ASRUSDT | status=skip | reason=no_setup | signals=0 | elapsed_s=0.290
2026-04-04 05:03:15 | symbol_done | idx=628 | total=654 | symbol=PUNDIXUSDT | status=skip | reason=no_latest_setup | signals=0 | elapsed_s=0.269
2026-04-04 05:03:15 | symbol_done | idx=629 | total=654 | symbol=TOSHIUSDT | status=skip | reason=no_latest_setup | signals=0 | elapsed_s=0.272
2026-04-04 05:03:15 | symbol_done | idx=630 | total=654 | symbol=EWJUSDT | status=skip | reason=no_setup | signals=0 | elapsed_s=0.271
2026-04-04 05:03:15 | symbol_done | idx=631 | total=654 | symbol=FLOCKUSDT | status=skip | reason=no_latest_setup | signals=0 | elapsed_s=0.279
2026-04-04 05:03:16 | symbol_done | idx=632 | total=654 | symbol=RIFUSDT | status=skip | reason=no_latest_setup | signals=0 | elapsed_s=0.273
2026-04-04 05:03:16 | symbol_done | idx=633 | total=654 | symbol=SYSUSDT | status=skip | reason=no_latest_setup | signals=0 | elapsed_s=0.294
2026-04-04 05:03:16 | symbol_done | idx=634 | total=654 | symbol=BOBUSDT | status=skip | reason=no_latest_setup | signals=0 | elapsed_s=0.298
2026-04-04 05:03:17 | symbol_done | idx=635 | total=654 | symbol=IDOLUSDT | status=skip | reason=no_latest_setup | signals=0 | elapsed_s=0.297
2026-04-04 05:03:17 | symbol_done | idx=636 | total=654 | symbol=ELSAUSDT | status=skip | reason=no_latest_setup | signals=0 | elapsed_s=0.284
2026-04-04 05:03:17 | symbol_done | idx=637 | total=654 | symbol=HANAUSDT | status=skip | reason=no_latest_setup | signals=0 | elapsed_s=0.274
2026-04-04 05:03:17 | symbol_done | idx=638 | total=654 | symbol=MAVIAUSDT | status=skip | reason=no_latest_setup | signals=0 | elapsed_s=0.276
2026-04-04 05:03:18 | symbol_done | idx=639 | total=654 | symbol=SPORTFUNUSDT | status=skip | reason=no_latest_setup | signals=0 | elapsed_s=0.294
2026-04-04 05:03:18 | symbol_done | idx=640 | total=654 | symbol=OXTUSDT | status=skip | reason=no_latest_setup | signals=0 | elapsed_s=0.279
2026-04-04 05:03:18 | symbol_done | idx=641 | total=654 | symbol=VELODROMEUSDT | status=skip | reason=no_latest_setup | signals=0 | elapsed_s=0.284
2026-04-04 05:03:19 | symbol_done | idx=642 | total=654 | symbol=BNTUSDT | status=skip | reason=no_latest_setup | signals=0 | elapsed_s=0.300
2026-04-04 05:03:19 | symbol_done | idx=643 | total=654 | symbol=JOEUSDT | status=skip | reason=no_latest_setup | signals=0 | elapsed_s=0.316
2026-04-04 05:03:19 | symbol_done | idx=644 | total=654 | symbol=TACUSDT | status=skip | reason=no_latest_setup | signals=0 | elapsed_s=0.269
2026-04-04 05:03:19 | symbol_done | idx=645 | total=654 | symbol=SONICUSDT | status=skip | reason=no_latest_setup | signals=0 | elapsed_s=0.278
2026-04-04 05:03:20 | symbol_done | idx=646 | total=654 | symbol=AERGOUSDT | status=skip | reason=no_latest_setup | signals=0 | elapsed_s=0.319
2026-04-04 05:03:20 | symbol_done | idx=647 | total=654 | symbol=BROCCOLIF3BUSDT | status=skip | reason=no_latest_setup | signals=0 | elapsed_s=0.271
2026-04-04 05:03:20 | symbol_done | idx=648 | total=654 | symbol=CARVUSDT | status=skip | reason=no_latest_setup | signals=0 | elapsed_s=0.274
2026-04-04 05:03:21 | symbol_done | idx=649 | total=654 | symbol=SLPUSDT | status=skip | reason=no_latest_setup | signals=0 | elapsed_s=0.291
2026-04-04 05:03:21 | symbol_done | idx=650 | total=654 | symbol=CLANKERUSDT | status=skip | reason=no_latest_setup | signals=0 | elapsed_s=0.293
2026-04-04 05:03:21 | symbol_done | idx=651 | total=654 | symbol=CTKUSDT | status=skip | reason=no_latest_setup | signals=0 | elapsed_s=0.289
2026-04-04 05:03:21 | symbol_done | idx=652 | total=654 | symbol=MEGAUSDT | status=skip | reason=no_latest_setup | signals=0 | elapsed_s=0.293
2026-04-04 05:03:22 | symbol_done | idx=653 | total=654 | symbol=ALLUSDT | status=skip | reason=no_latest_setup | signals=0 | elapsed_s=0.284
2026-04-04 05:03:22 | symbol_done | idx=654 | total=654 | symbol=PAYPUSDT | status=skip | reason=insufficient_history | signals=0 | elapsed_s=0.536
2026-04-04 05:03:22 | symbol_done | idx=299 | total=654 | symbol=INITUSDT | status=ok | reason=below_threshold | signals=0 | elapsed_s=102.883
2026-04-04 05:03:22 | symbol_done | idx=413 | total=654 | symbol=BLESSUSDT | status=ok | reason=below_threshold | signals=0 | elapsed_s=70.442
2026-04-04 05:03:22 | symbol_done | idx=444 | total=654 | symbol=TAUSDT | status=ok | reason=below_threshold | signals=0 | elapsed_s=61.195
2026-04-04 05:03:22 | scan_end | timeframe=1h | symbols=654 | total_signals=0 | elapsed_s=195.306 | log_file=D:\Code\Projects\self-projects\macd-overlay - Copy\logs\sniper_scan_progress.log
2026-04-04 06:00:08 | scan_start | timeframe=1h | symbols=654 | lookback_days=450 | batch_predict=True
2026-04-04 06:00:09 | symbol_done | idx=1 | total=654 | symbol=BTCUSDT | status=skip | reason=no_latest_setup | signals=0 | elapsed_s=0.593
2026-04-04 06:00:09 | symbol_done | idx=2 | total=654 | symbol=ETHUSDT | status=skip | reason=no_latest_setup | signals=0 | elapsed_s=0.323
2026-04-04 06:00:09 | symbol_done | idx=3 | total=654 | symbol=ALPACAUSDT | status=skip | reason=no_setup | signals=0 | elapsed_s=0.320
2026-04-04 06:00:10 | symbol_done | idx=4 | total=654 | symbol=SOLUSDT | status=skip | reason=no_latest_setup | signals=0 | elapsed_s=0.317
2026-04-04 06:00:10 | symbol_done | idx=5 | total=654 | symbol=EDGEUSDT | status=skip | reason=no_latest_setup | signals=0 | elapsed_s=0.322
2026-04-04 06:00:10 | symbol_done | idx=6 | total=654 | symbol=STOUSDT | status=skip | reason=no_latest_setup | signals=0 | elapsed_s=0.340
2026-04-04 06:00:11 | symbol_done | idx=7 | total=654 | symbol=BNXUSDT | status=skip | reason=no_setup | signals=0 | elapsed_s=0.289
2026-04-04 06:00:11 | symbol_done | idx=8 | total=654 | symbol=AIOTUSDT | status=skip | reason=no_latest_setup | signals=0 | elapsed_s=0.333
2026-04-04 06:00:11 | symbol_done | idx=9 | total=654 | symbol=ONGUSDT | status=skip | reason=no_latest_setup | signals=0 | elapsed_s=0.309
2026-04-04 06:00:12 | symbol_done | idx=10 | total=654 | symbol=PIPPINUSDT | status=skip | reason=no_latest_setup | signals=0 | elapsed_s=0.296
2026-04-04 06:00:12 | symbol_done | idx=11 | total=654 | symbol=ALPHAUSDT | status=skip | reason=no_setup | signals=0 | elapsed_s=0.319
2026-04-04 06:00:12 | symbol_done | idx=12 | total=654 | symbol=XRPUSDT | status=skip | reason=no_latest_setup | signals=0 | elapsed_s=0.321
2026-04-04 06:00:13 | symbol_done | idx=13 | total=654 | symbol=SIRENUSDT | status=skip | reason=no_latest_setup | signals=0 | elapsed_s=0.315
2026-04-04 06:00:13 | symbol_done | idx=14 | total=654 | symbol=CTSIUSDT | status=skip | reason=no_latest_setup | signals=0 | elapsed_s=0.308
2026-04-04 06:00:13 | symbol_done | idx=15 | total=654 | symbol=DOGEUSDT | status=skip | reason=no_latest_setup | signals=0 | elapsed_s=0.328
2026-04-04 06:00:13 | symbol_done | idx=16 | total=654 | symbol=RIVERUSDT | status=skip | reason=no_latest_setup | signals=0 | elapsed_s=0.301
2026-04-04 06:00:14 | symbol_done | idx=17 | total=654 | symbol=TAOUSDT | status=skip | reason=no_latest_setup | signals=0 | elapsed_s=0.322
2026-04-04 06:00:14 | symbol_done | idx=18 | total=654 | symbol=1000PEPEUSDT | status=skip | reason=no_latest_setup | signals=0 | elapsed_s=0.321
2026-04-04 06:00:14 | symbol_done | idx=19 | total=654 | symbol=PORT3USDT | status=skip | reason=no_setup | signals=0 | elapsed_s=0.264
2026-04-04 06:00:15 | symbol_done | idx=20 | total=654 | symbol=XAUUSDT | status=skip | reason=no_setup | signals=0 | elapsed_s=0.285
2026-04-04 06:00:15 | symbol_done | idx=21 | total=654 | symbol=ZECUSDT | status=skip | reason=no_latest_setup | signals=0 | elapsed_s=0.303
2026-04-04 06:00:15 | symbol_done | idx=22 | total=654 | symbol=BNBUSDT | status=skip | reason=no_latest_setup | signals=0 | elapsed_s=0.321
2026-04-04 06:00:16 | symbol_done | idx=23 | total=654 | symbol=HYPEUSDT | status=skip | reason=no_latest_setup | signals=0 | elapsed_s=0.289
2026-04-04 06:00:16 | symbol_done | idx=24 | total=654 | symbol=ADAUSDT | status=skip | reason=no_latest_setup | signals=0 | elapsed_s=0.299
2026-04-04 06:00:16 | symbol_done | idx=25 | total=654 | symbol=ONTUSDT | status=skip | reason=no_latest_setup | signals=0 | elapsed_s=0.303
2026-04-04 06:00:16 | symbol_done | idx=26 | total=654 | symbol=NOMUSDT | status=skip | reason=no_latest_setup | signals=0 | elapsed_s=0.306
2026-04-04 06:00:17 | symbol_done | idx=27 | total=654 | symbol=XPLUSDT | status=skip | reason=no_latest_setup | signals=0 | elapsed_s=0.320
2026-04-04 06:00:17 | symbol_done | idx=28 | total=654 | symbol=DUSDT | status=skip | reason=no_latest_setup | signals=0 | elapsed_s=0.318
2026-04-04 06:00:18 | symbol_done | idx=29 | total=654 | symbol=ALGOUSDT | status=skip | reason=no_latest_setup | signals=0 | elapsed_s=1.163
2026-04-04 06:00:19 | symbol_done | idx=30 | total=654 | symbol=UXLINKUSDT | status=skip | reason=no_setup | signals=0 | elapsed_s=0.252
2026-04-04 06:00:19 | symbol_done | idx=31 | total=654 | symbol=VIDTUSDT | status=skip | reason=no_setup | signals=0 | elapsed_s=0.277
2026-04-04 06:00:19 | symbol_done | idx=32 | total=654 | symbol=SXPUSDT | status=skip | reason=no_setup | signals=0 | elapsed_s=0.353
2026-04-04 06:00:19 | symbol_done | idx=33 | total=654 | symbol=AGIXUSDT | status=skip | reason=no_setup | signals=0 | elapsed_s=0.285
2026-04-04 06:00:20 | symbol_done | idx=34 | total=654 | symbol=ARIAUSDT | status=skip | reason=no_latest_setup | signals=0 | elapsed_s=0.321
2026-04-04 06:00:20 | symbol_done | idx=35 | total=654 | symbol=YBUSDT | status=skip | reason=no_latest_setup | signals=0 | elapsed_s=0.308
2026-04-04 06:00:20 | symbol_done | idx=36 | total=654 | symbol=AVAXUSDT | status=skip | reason=no_latest_setup | signals=0 | elapsed_s=0.316
2026-04-04 06:00:21 | symbol_done | idx=37 | total=654 | symbol=SUIUSDT | status=skip | reason=no_latest_setup | signals=0 | elapsed_s=0.325
2026-04-04 06:00:21 | symbol_done | idx=38 | total=654 | symbol=CLUSDT | status=skip | reason=insufficient_history | signals=0 | elapsed_s=0.528
2026-04-04 06:00:22 | symbol_done | idx=39 | total=654 | symbol=LINAUSDT | status=skip | reason=no_setup | signals=0 | elapsed_s=0.290
2026-04-04 06:00:22 | symbol_done | idx=40 | total=654 | symbol=MEMEFIUSDT | status=skip | reason=no_setup | signals=0 | elapsed_s=0.294
2026-04-04 06:00:22 | symbol_done | idx=41 | total=654 | symbol=LEVERUSDT | status=skip | reason=no_setup | signals=0 | elapsed_s=0.284
2026-04-04 06:00:22 | symbol_done | idx=42 | total=654 | symbol=NEIROETHUSDT | status=skip | reason=no_setup | signals=0 | elapsed_s=0.290
2026-04-04 06:00:23 | symbol_done | idx=43 | total=654 | symbol=A2ZUSDT | status=skip | reason=no_latest_setup | signals=0 | elapsed_s=0.309
2026-04-04 06:00:23 | symbol_done | idx=44 | total=654 | symbol=FTMUSDT | status=skip | reason=no_setup | signals=0 | elapsed_s=0.292
2026-04-04 06:00:23 | symbol_done | idx=45 | total=654 | symbol=NEARUSDT | status=skip | reason=no_latest_setup | signals=0 | elapsed_s=0.313
2026-04-04 06:00:24 | symbol_done | idx=46 | total=654 | symbol=WAVESUSDT | status=skip | reason=no_setup | signals=0 | elapsed_s=0.305
2026-04-04 06:00:24 | symbol_done | idx=47 | total=654 | symbol=OMNIUSDT | status=skip | reason=no_setup | signals=0 | elapsed_s=0.279
2026-04-04 06:00:24 | symbol_done | idx=48 | total=654 | symbol=ENAUSDT | status=skip | reason=no_latest_setup | signals=0 | elapsed_s=0.289
2026-04-04 06:00:25 | symbol_done | idx=49 | total=654 | symbol=LINKUSDT | status=skip | reason=no_latest_setup | signals=0 | elapsed_s=0.296
2026-04-04 06:00:25 | symbol_done | idx=50 | total=654 | symbol=YALAUSDT | status=skip | reason=no_setup | signals=0 | elapsed_s=0.278
2026-04-04 06:00:25 | symbol_done | idx=51 | total=654 | symbol=AMBUSDT | status=skip | reason=no_setup | signals=0 | elapsed_s=0.300
2026-04-04 06:00:25 | symbol_done | idx=52 | total=654 | symbol=BSWUSDT | status=skip | reason=no_setup | signals=0 | elapsed_s=0.264
2026-04-04 06:00:26 | symbol_done | idx=53 | total=654 | symbol=OCEANUSDT | status=skip | reason=no_setup | signals=0 | elapsed_s=0.244
2026-04-04 06:00:26 | symbol_done | idx=54 | total=654 | symbol=GASUSDT | status=skip | reason=no_latest_setup | signals=0 | elapsed_s=0.313
2026-04-04 06:00:26 | symbol_done | idx=55 | total=654 | symbol=CUSDT | status=skip | reason=no_latest_setup | signals=0 | elapsed_s=0.302
2026-04-04 06:00:27 | symbol_done | idx=56 | total=654 | symbol=BARDUSDT | status=skip | reason=no_latest_setup | signals=0 | elapsed_s=0.312
2026-04-04 06:00:27 | symbol_done | idx=57 | total=654 | symbol=STRAXUSDT | status=skip | reason=no_setup | signals=0 | elapsed_s=0.269
2026-04-04 06:00:27 | symbol_done | idx=58 | total=654 | symbol=DOTUSDT | status=skip | reason=no_latest_setup | signals=0 | elapsed_s=0.272
2026-04-04 06:00:27 | symbol_done | idx=59 | total=654 | symbol=BRUSDT | status=skip | reason=no_latest_setup | signals=0 | elapsed_s=0.292
2026-04-04 06:00:28 | symbol_done | idx=60 | total=654 | symbol=MONUSDT | status=skip | reason=no_latest_setup | signals=0 | elapsed_s=0.274
2026-04-04 06:00:28 | symbol_done | idx=61 | total=654 | symbol=FIDAUSDT | status=skip | reason=no_latest_setup | signals=0 | elapsed_s=0.265
2026-04-04 06:00:28 | symbol_done | idx=62 | total=654 | symbol=RENUSDT | status=skip | reason=no_setup | signals=0 | elapsed_s=0.279
2026-04-04 06:00:28 | symbol_done | idx=63 | total=654 | symbol=FILUSDT | status=skip | reason=no_latest_setup | signals=0 | elapsed_s=0.288
2026-04-04 06:00:29 | symbol_done | idx=64 | total=654 | symbol=BEATUSDT | status=skip | reason=no_latest_setup | signals=0 | elapsed_s=0.323
2026-04-04 06:00:29 | symbol_done | idx=65 | total=654 | symbol=UNFIUSDT | status=skip | reason=no_setup | signals=0 | elapsed_s=0.269
2026-04-04 06:00:29 | symbol_done | idx=66 | total=654 | symbol=FETUSDT | status=skip | reason=no_latest_setup | signals=0 | elapsed_s=0.284
2026-04-04 06:00:30 | symbol_done | idx=67 | total=654 | symbol=PAXGUSDT | status=skip | reason=no_setup | signals=0 | elapsed_s=0.314
2026-04-04 06:00:30 | symbol_done | idx=68 | total=654 | symbol=KITEUSDT | status=skip | reason=no_latest_setup | signals=0 | elapsed_s=0.283
2026-04-04 06:00:30 | symbol_done | idx=69 | total=654 | symbol=币安人生USDT | status=skip | reason=no_latest_setup | signals=0 | elapsed_s=0.259
2026-04-04 06:00:31 | symbol_done | idx=70 | total=654 | symbol=PUFFERUSDT | status=skip | reason=no_latest_setup | signals=0 | elapsed_s=0.282
2026-04-04 06:00:31 | symbol_done | idx=71 | total=654 | symbol=DGBUSDT | status=skip | reason=no_setup | signals=0 | elapsed_s=0.288
2026-04-04 06:00:31 | symbol_done | idx=72 | total=654 | symbol=BCHUSDT | status=skip | reason=no_latest_setup | signals=0 | elapsed_s=0.281
2026-04-04 06:00:31 | symbol_done | idx=73 | total=654 | symbol=TROYUSDT | status=skip | reason=no_setup | signals=0 | elapsed_s=0.274
2026-04-04 06:00:32 | symbol_done | idx=74 | total=654 | symbol=BZUSDT | status=skip | reason=insufficient_history | signals=0 | elapsed_s=0.512
2026-04-04 06:00:32 | symbol_done | idx=75 | total=654 | symbol=XAGUSDT | status=skip | reason=no_latest_setup | signals=0 | elapsed_s=0.294
2026-04-04 06:00:32 | symbol_done | idx=76 | total=654 | symbol=UNIUSDT | status=skip | reason=no_latest_setup | signals=0 | elapsed_s=0.278
2026-04-04 06:00:33 | symbol_done | idx=77 | total=654 | symbol=KERNELUSDT | status=skip | reason=no_latest_setup | signals=0 | elapsed_s=0.277
2026-04-04 06:00:33 | symbol_done | idx=78 | total=654 | symbol=LITUSDT | status=skip | reason=no_latest_setup | signals=0 | elapsed_s=0.297
2026-04-04 06:00:34 | symbol_done | idx=79 | total=654 | symbol=XAUTUSDT | status=skip | reason=insufficient_history | signals=0 | elapsed_s=0.521
2026-04-04 06:00:34 | symbol_done | idx=80 | total=654 | symbol=ARBUSDT | status=skip | reason=no_latest_setup | signals=0 | elapsed_s=0.280
2026-04-04 06:00:34 | symbol_done | idx=81 | total=654 | symbol=HIFIUSDT | status=skip | reason=no_setup | signals=0 | elapsed_s=0.252
2026-04-04 06:00:34 | symbol_done | idx=82 | total=654 | symbol=LTCUSDT | status=skip | reason=no_setup | signals=0 | elapsed_s=0.282
2026-04-04 06:00:35 | symbol_done | idx=83 | total=654 | symbol=CFGUSDT | status=skip | reason=no_latest_setup | signals=0 | elapsed_s=0.270
2026-04-04 06:00:35 | symbol_done | idx=84 | total=654 | symbol=SOLVUSDT | status=skip | reason=no_latest_setup | signals=0 | elapsed_s=0.294
2026-04-04 06:00:35 | symbol_done | idx=85 | total=654 | symbol=OMUSDT | status=skip | reason=no_setup | signals=0 | elapsed_s=0.269
2026-04-04 06:00:35 | symbol_done | idx=86 | total=654 | symbol=1000SHIBUSDT | status=skip | reason=no_latest_setup | signals=0 | elapsed_s=0.281
2026-04-04 06:00:36 | symbol_done | idx=87 | total=654 | symbol=DRIFTUSDT | status=skip | reason=no_latest_setup | signals=0 | elapsed_s=0.276
2026-04-04 06:00:36 | symbol_done | idx=88 | total=654 | symbol=CHESSUSDT | status=skip | reason=no_setup | signals=0 | elapsed_s=0.280
2026-04-04 06:00:36 | symbol_done | idx=89 | total=654 | symbol=42USDT | status=skip | reason=no_setup | signals=0 | elapsed_s=0.283
2026-04-04 06:00:37 | symbol_done | idx=90 | total=654 | symbol=SNTUSDT | status=skip | reason=no_setup | signals=0 | elapsed_s=0.293
2026-04-04 06:00:37 | symbol_done | idx=91 | total=654 | symbol=RENDERUSDT | status=skip | reason=no_latest_setup | signals=0 | elapsed_s=0.286
2026-04-04 06:00:37 | symbol_done | idx=92 | total=654 | symbol=TRXUSDT | status=skip | reason=no_setup | signals=0 | elapsed_s=0.319
2026-04-04 06:00:37 | symbol_done | idx=93 | total=654 | symbol=MKRUSDT | status=skip | reason=no_setup | signals=0 | elapsed_s=0.297
2026-04-04 06:00:38 | symbol_done | idx=94 | total=654 | symbol=VVVUSDT | status=skip | reason=no_latest_setup | signals=0 | elapsed_s=0.301
2026-04-04 06:00:38 | symbol_done | idx=95 | total=654 | symbol=TRUMPUSDT | status=skip | reason=no_latest_setup | signals=0 | elapsed_s=0.309
2026-04-04 06:00:38 | symbol_done | idx=96 | total=654 | symbol=ASTERUSDT | status=skip | reason=no_latest_setup | signals=0 | elapsed_s=0.277
2026-04-04 06:00:39 | symbol_done | idx=97 | total=654 | symbol=POLYXUSDT | status=skip | reason=no_latest_setup | signals=0 | elapsed_s=0.273
2026-04-04 06:00:39 | symbol_done | idx=98 | total=654 | symbol=PUMPUSDT | status=skip | reason=no_latest_setup | signals=0 | elapsed_s=0.401
2026-04-04 06:00:39 | symbol_done | idx=99 | total=654 | symbol=WLDUSDT | status=skip | reason=no_latest_setup | signals=0 | elapsed_s=0.310
2026-04-04 06:00:40 | symbol_done | idx=100 | total=654 | symbol=EPTUSDT | status=skip | reason=no_setup | signals=0 | elapsed_s=0.292
2026-04-04 06:00:40 | symbol_done | idx=101 | total=654 | symbol=NIGHTUSDT | status=skip | reason=no_latest_setup | signals=0 | elapsed_s=0.301
2026-04-04 06:00:40 | symbol_done | idx=102 | total=654 | symbol=HEMIUSDT | status=skip | reason=no_latest_setup | signals=0 | elapsed_s=0.279
2026-04-04 06:00:41 | symbol_done | idx=103 | total=654 | symbol=MUSDT | status=skip | reason=no_latest_setup | signals=0 | elapsed_s=0.281
2026-04-04 06:00:41 | symbol_done | idx=104 | total=654 | symbol=AAVEUSDT | status=skip | reason=no_latest_setup | signals=0 | elapsed_s=0.306
2026-04-04 06:00:41 | symbol_done | idx=105 | total=654 | symbol=TANSSIUSDT | status=skip | reason=no_setup | signals=0 | elapsed_s=0.299
2026-04-04 06:00:41 | symbol_done | idx=106 | total=654 | symbol=FARTCOINUSDT | status=skip | reason=no_latest_setup | signals=0 | elapsed_s=0.310
2026-04-04 06:00:42 | symbol_done | idx=107 | total=654 | symbol=WIFUSDT | status=skip | reason=no_latest_setup | signals=0 | elapsed_s=0.307
2026-04-04 06:00:42 | symbol_done | idx=108 | total=654 | symbol=SLERFUSDT | status=skip | reason=no_setup | signals=0 | elapsed_s=0.264
2026-04-04 06:00:42 | symbol_done | idx=109 | total=654 | symbol=XMRUSDT | status=skip | reason=no_latest_setup | signals=0 | elapsed_s=0.273
2026-04-04 06:00:43 | symbol_done | idx=110 | total=654 | symbol=HUSDT | status=skip | reason=no_latest_setup | signals=0 | elapsed_s=0.324
2026-04-04 06:00:43 | symbol_done | idx=111 | total=654 | symbol=BASEDUSDT | status=skip | reason=insufficient_history | signals=0 | elapsed_s=0.503
2026-04-04 06:00:43 | symbol_done | idx=112 | total=654 | symbol=BLZUSDT | status=skip | reason=no_setup | signals=0 | elapsed_s=0.294
2026-04-04 06:00:44 | symbol_done | idx=113 | total=654 | symbol=BAKEUSDT | status=skip | reason=no_setup | signals=0 | elapsed_s=0.276
2026-04-04 06:00:44 | symbol_done | idx=114 | total=654 | symbol=ALTUSDT | status=skip | reason=no_latest_setup | signals=0 | elapsed_s=0.297
2026-04-04 06:00:44 | symbol_done | idx=115 | total=654 | symbol=SEIUSDT | status=skip | reason=no_latest_setup | signals=0 | elapsed_s=0.303
2026-04-04 06:00:45 | symbol_done | idx=116 | total=654 | symbol=CHRUSDT | status=skip | reason=no_latest_setup | signals=0 | elapsed_s=0.277
2026-04-04 06:00:45 | symbol_done | idx=117 | total=654 | symbol=ETCUSDT | status=skip | reason=no_latest_setup | signals=0 | elapsed_s=0.310
2026-04-04 06:00:45 | symbol_done | idx=118 | total=654 | symbol=RVVUSDT | status=skip | reason=no_setup | signals=0 | elapsed_s=0.261
2026-04-04 06:00:45 | symbol_done | idx=119 | total=654 | symbol=CRVUSDT | status=skip | reason=no_latest_setup | signals=0 | elapsed_s=0.267
2026-04-04 06:00:46 | symbol_done | idx=120 | total=654 | symbol=SIGNUSDT | status=skip | reason=no_latest_setup | signals=0 | elapsed_s=0.333
2026-04-04 06:00:46 | symbol_done | idx=121 | total=654 | symbol=GUAUSDT | status=skip | reason=no_latest_setup | signals=0 | elapsed_s=0.321
2026-04-04 06:00:46 | symbol_done | idx=122 | total=654 | symbol=APTUSDT | status=skip | reason=no_latest_setup | signals=0 | elapsed_s=0.355
2026-04-04 06:00:47 | symbol_done | idx=123 | total=654 | symbol=GALAUSDT | status=skip | reason=no_latest_setup | signals=0 | elapsed_s=0.313
2026-04-04 06:00:47 | symbol_done | idx=124 | total=654 | symbol=CYSUSDT | status=skip | reason=no_latest_setup | signals=0 | elapsed_s=0.300
2026-04-04 06:00:47 | symbol_done | idx=125 | total=654 | symbol=COMBOUSDT | status=skip | reason=no_setup | signals=0 | elapsed_s=0.283
2026-04-04 06:00:48 | symbol_done | idx=126 | total=654 | symbol=BANKUSDT | status=skip | reason=no_latest_setup | signals=0 | elapsed_s=0.264
2026-04-04 06:00:48 | symbol_done | idx=127 | total=654 | symbol=MAGICUSDT | status=skip | reason=no_latest_setup | signals=0 | elapsed_s=0.285
2026-04-04 06:00:48 | symbol_done | idx=128 | total=654 | symbol=NULSUSDT | status=skip | reason=no_setup | signals=0 | elapsed_s=0.291
2026-04-04 06:00:49 | symbol_done | idx=129 | total=654 | symbol=WLFIUSDT | status=skip | reason=no_latest_setup | signals=0 | elapsed_s=0.346
2026-04-04 06:00:49 | symbol_done | idx=130 | total=654 | symbol=XLMUSDT | status=skip | reason=no_latest_setup | signals=0 | elapsed_s=0.299
2026-04-04 06:00:49 | symbol_done | idx=131 | total=654 | symbol=LOKAUSDT | status=skip | reason=no_setup | signals=0 | elapsed_s=0.262
2026-04-04 06:00:49 | symbol_done | idx=132 | total=654 | symbol=PENGUUSDT | status=skip | reason=no_latest_setup | signals=0 | elapsed_s=0.300
2026-04-04 06:00:50 | symbol_done | idx=133 | total=654 | symbol=KATUSDT | status=skip | reason=no_latest_setup | signals=0 | elapsed_s=0.319
2026-04-04 06:00:50 | symbol_done | idx=134 | total=654 | symbol=RDNTUSDT | status=skip | reason=no_latest_setup | signals=0 | elapsed_s=0.289
2026-04-04 06:00:50 | symbol_done | idx=135 | total=654 | symbol=HBARUSDT | status=skip | reason=no_latest_setup | signals=0 | elapsed_s=0.327
2026-04-04 06:00:51 | symbol_done | idx=136 | total=654 | symbol=KEYUSDT | status=skip | reason=no_setup | signals=0 | elapsed_s=0.266
2026-04-04 06:00:51 | symbol_done | idx=137 | total=654 | symbol=OPUSDT | status=skip | reason=no_latest_setup | signals=0 | elapsed_s=0.292
2026-04-04 06:00:51 | symbol_done | idx=138 | total=654 | symbol=VIRTUALUSDT | status=skip | reason=no_latest_setup | signals=0 | elapsed_s=0.306
2026-04-04 06:00:51 | symbol_done | idx=139 | total=654 | symbol=QTUMUSDT | status=skip | reason=no_latest_setup | signals=0 | elapsed_s=0.298
2026-04-04 06:00:52 | symbol_done | idx=140 | total=654 | symbol=AEVOUSDT | status=skip | reason=no_latest_setup | signals=0 | elapsed_s=0.293
2026-04-04 06:00:52 | symbol_done | idx=141 | total=654 | symbol=1000BONKUSDT | status=skip | reason=no_latest_setup | signals=0 | elapsed_s=0.264
2026-04-04 06:00:52 | symbol_done | idx=142 | total=654 | symbol=TRIAUSDT | status=skip | reason=no_latest_setup | signals=0 | elapsed_s=0.292
2026-04-04 06:00:53 | symbol_done | idx=143 | total=654 | symbol=ZKUSDT | status=skip | reason=no_latest_setup | signals=0 | elapsed_s=0.271
2026-04-04 06:00:53 | symbol_done | idx=144 | total=654 | symbol=HIPPOUSDT | status=skip | reason=no_latest_setup | signals=0 | elapsed_s=0.295
2026-04-04 06:00:53 | symbol_done | idx=145 | total=654 | symbol=BSBUSDT | status=skip | reason=insufficient_history | signals=0 | elapsed_s=0.490
2026-04-04 06:00:54 | symbol_done | idx=146 | total=654 | symbol=BLURUSDT | status=skip | reason=no_latest_setup | signals=0 | elapsed_s=0.296
2026-04-04 06:00:54 | symbol_done | idx=147 | total=654 | symbol=APRUSDT | status=skip | reason=no_latest_setup | signals=0 | elapsed_s=0.269
2026-04-04 06:00:54 | symbol_done | idx=148 | total=654 | symbol=LOOMUSDT | status=skip | reason=no_setup | signals=0 | elapsed_s=0.262
2026-04-04 06:00:55 | symbol_done | idx=149 | total=654 | symbol=ONDOUSDT | status=skip | reason=no_latest_setup | signals=0 | elapsed_s=0.300
2026-04-04 06:00:55 | symbol_done | idx=150 | total=654 | symbol=DYDXUSDT | status=skip | reason=no_latest_setup | signals=0 | elapsed_s=0.290
2026-04-04 06:00:55 | symbol_done | idx=151 | total=654 | symbol=APEUSDT | status=skip | reason=no_latest_setup | signals=0 | elapsed_s=0.340
2026-04-04 06:00:55 | symbol_done | idx=152 | total=654 | symbol=ZROUSDT | status=skip | reason=no_latest_setup | signals=0 | elapsed_s=0.281
2026-04-04 06:00:56 | symbol_done | idx=153 | total=654 | symbol=VOXELUSDT | status=skip | reason=no_setup | signals=0 | elapsed_s=0.259
2026-04-04 06:00:56 | symbol_done | idx=154 | total=654 | symbol=CHZUSDT | status=skip | reason=no_latest_setup | signals=0 | elapsed_s=0.298
2026-04-04 06:00:56 | symbol_done | idx=155 | total=654 | symbol=TONUSDT | status=skip | reason=no_setup | signals=0 | elapsed_s=0.385
2026-04-04 06:00:57 | symbol_done | idx=156 | total=654 | symbol=DASHUSDT | status=skip | reason=no_latest_setup | signals=0 | elapsed_s=0.269
2026-04-04 06:00:57 | symbol_done | idx=157 | total=654 | symbol=MAGMAUSDT | status=skip | reason=no_latest_setup | signals=0 | elapsed_s=0.304
2026-04-04 06:00:57 | symbol_done | idx=158 | total=654 | symbol=JELLYJELLYUSDT | status=skip | reason=no_latest_setup | signals=0 | elapsed_s=0.260
2026-04-04 06:00:57 | symbol_done | idx=159 | total=654 | symbol=BDXNUSDT | status=skip | reason=no_latest_setup | signals=0 | elapsed_s=0.271
2026-04-04 06:00:58 | symbol_done | idx=160 | total=654 | symbol=NEOUSDT | status=skip | reason=no_latest_setup | signals=0 | elapsed_s=0.292
2026-04-04 06:00:58 | symbol_done | idx=161 | total=654 | symbol=MDTUSDT | status=skip | reason=no_setup | signals=0 | elapsed_s=0.251
2026-04-04 06:00:58 | symbol_done | idx=162 | total=654 | symbol=TIAUSDT | status=skip | reason=no_latest_setup | signals=0 | elapsed_s=0.387
2026-04-04 06:00:59 | symbol_done | idx=163 | total=654 | symbol=VICUSDT | status=skip | reason=no_latest_setup | signals=0 | elapsed_s=0.294
2026-04-04 06:00:59 | symbol_done | idx=164 | total=654 | symbol=HUMAUSDT | status=skip | reason=no_latest_setup | signals=0 | elapsed_s=0.297
2026-04-04 06:00:59 | symbol_done | idx=165 | total=654 | symbol=TURBOUSDT | status=skip | reason=no_latest_setup | signals=0 | elapsed_s=0.289
2026-04-04 06:01:00 | symbol_done | idx=166 | total=654 | symbol=FISUSDT | status=skip | reason=no_setup | signals=0 | elapsed_s=0.274
2026-04-04 06:01:00 | symbol_done | idx=167 | total=654 | symbol=BIOUSDT | status=skip | reason=no_latest_setup | signals=0 | elapsed_s=0.286
2026-04-04 06:01:00 | symbol_done | idx=168 | total=654 | symbol=ORDIUSDT | status=skip | reason=no_latest_setup | signals=0 | elapsed_s=0.292
2026-04-04 06:01:00 | symbol_done | idx=169 | total=654 | symbol=ATOMUSDT | status=skip | reason=no_latest_setup | signals=0 | elapsed_s=0.289
2026-04-04 06:01:01 | symbol_done | idx=170 | total=654 | symbol=STABLEUSDT | status=skip | reason=no_latest_setup | signals=0 | elapsed_s=0.284
2026-04-04 06:01:01 | symbol_done | idx=171 | total=654 | symbol=ICPUSDT | status=skip | reason=no_latest_setup | signals=0 | elapsed_s=0.278
2026-04-04 06:01:01 | symbol_done | idx=172 | total=654 | symbol=JUPUSDT | status=skip | reason=no_latest_setup | signals=0 | elapsed_s=0.286
2026-04-04 06:01:02 | symbol_done | idx=173 | total=654 | symbol=KLAYUSDT | status=skip | reason=no_setup | signals=0 | elapsed_s=0.274
2026-04-04 06:01:02 | symbol_done | idx=174 | total=654 | symbol=OMGUSDT | status=skip | reason=no_setup | signals=0 | elapsed_s=0.252
2026-04-04 06:01:02 | symbol_done | idx=175 | total=654 | symbol=COMMONUSDT | status=skip | reason=no_setup | signals=0 | elapsed_s=0.286
2026-04-04 06:01:02 | symbol_done | idx=176 | total=654 | symbol=ONUSDT | status=skip | reason=no_latest_setup | signals=0 | elapsed_s=0.261
2026-04-04 06:01:03 | symbol_done | idx=177 | total=654 | symbol=INJUSDT | status=skip | reason=no_latest_setup | signals=0 | elapsed_s=0.287
2026-04-04 06:01:03 | symbol_done | idx=178 | total=654 | symbol=PIXELUSDT | status=skip | reason=no_latest_setup | signals=0 | elapsed_s=0.300
2026-04-04 06:01:03 | symbol_done | idx=179 | total=654 | symbol=CRCLUSDT | status=skip | reason=no_latest_setup | signals=0 | elapsed_s=0.279
2026-04-04 06:01:04 | symbol_done | idx=180 | total=654 | symbol=LDOUSDT | status=skip | reason=no_latest_setup | signals=0 | elapsed_s=0.296
2026-04-04 06:01:04 | symbol_done | idx=181 | total=654 | symbol=SYNUSDT | status=skip | reason=no_latest_setup | signals=0 | elapsed_s=0.298
2026-04-04 06:01:04 | symbol_done | idx=182 | total=654 | symbol=BONDUSDT | status=skip | reason=no_setup | signals=0 | elapsed_s=0.261
2026-04-04 06:01:04 | symbol_done | idx=183 | total=654 | symbol=USTCUSDT | status=skip | reason=no_latest_setup | signals=0 | elapsed_s=0.269
2026-04-04 06:01:05 | symbol_done | idx=184 | total=654 | symbol=PRLUSDT | status=skip | reason=insufficient_history | signals=0 | elapsed_s=0.512
2026-04-04 06:01:05 | symbol_done | idx=185 | total=654 | symbol=PROMPTUSDT | status=skip | reason=no_latest_setup | signals=0 | elapsed_s=0.307
2026-04-04 06:01:05 | symbol_done | idx=186 | total=654 | symbol=TAGUSDT | status=skip | reason=no_latest_setup | signals=0 | elapsed_s=0.272
2026-04-04 06:01:06 | symbol_done | idx=187 | total=654 | symbol=ZBTUSDT | status=skip | reason=no_latest_setup | signals=0 | elapsed_s=0.266
2026-04-04 06:01:06 | symbol_done | idx=188 | total=654 | symbol=REEFUSDT | status=skip | reason=no_setup | signals=0 | elapsed_s=0.273
2026-04-04 06:01:06 | symbol_done | idx=189 | total=654 | symbol=LYNUSDT | status=skip | reason=no_latest_setup | signals=0 | elapsed_s=0.315
2026-04-04 06:01:07 | symbol_done | idx=190 | total=654 | symbol=SKATEUSDT | status=skip | reason=no_setup | signals=0 | elapsed_s=0.269
2026-04-04 06:01:07 | symbol_done | idx=191 | total=654 | symbol=XEMUSDT | status=skip | reason=no_setup | signals=0 | elapsed_s=0.293
2026-04-04 06:01:07 | symbol_done | idx=192 | total=654 | symbol=VETUSDT | status=skip | reason=no_latest_setup | signals=0 | elapsed_s=0.322
2026-04-04 06:01:08 | symbol_done | idx=193 | total=654 | symbol=IPUSDT | status=skip | reason=no_latest_setup | signals=0 | elapsed_s=0.340
2026-04-04 06:01:08 | symbol_done | idx=194 | total=654 | symbol=POLUSDT | status=skip | reason=no_latest_setup | signals=0 | elapsed_s=0.428
2026-04-04 06:01:08 | symbol_done | idx=195 | total=654 | symbol=SAHARAUSDT | status=skip | reason=no_latest_setup | signals=0 | elapsed_s=0.277
2026-04-04 06:01:09 | symbol_done | idx=196 | total=654 | symbol=MASKUSDT | status=skip | reason=no_latest_setup | signals=0 | elapsed_s=0.319
2026-04-04 06:01:09 | symbol_done | idx=197 | total=654 | symbol=ROBOUSDT | status=skip | reason=no_latest_setup | signals=0 | elapsed_s=0.309
2026-04-04 06:01:09 | symbol_done | idx=198 | total=654 | symbol=HOOKUSDT | status=skip | reason=no_latest_setup | signals=0 | elapsed_s=0.286
2026-04-04 06:01:09 | symbol_done | idx=199 | total=654 | symbol=AXSUSDT | status=skip | reason=no_latest_setup | signals=0 | elapsed_s=0.330
2026-04-04 06:01:10 | symbol_done | idx=200 | total=654 | symbol=WUSDT | status=skip | reason=no_latest_setup | signals=0 | elapsed_s=0.305
2026-04-04 06:01:10 | symbol_done | idx=201 | total=654 | symbol=THETAUSDT | status=skip | reason=no_latest_setup | signals=0 | elapsed_s=0.303
2026-04-04 06:01:10 | symbol_done | idx=202 | total=654 | symbol=ANKRUSDT | status=skip | reason=no_latest_setup | signals=0 | elapsed_s=0.286
2026-04-04 06:01:11 | symbol_done | idx=203 | total=654 | symbol=DARUSDT | status=skip | reason=no_setup | signals=0 | elapsed_s=0.278
2026-04-04 06:01:11 | symbol_done | idx=204 | total=654 | symbol=ICXUSDT | status=skip | reason=no_latest_setup | signals=0 | elapsed_s=0.287
2026-04-04 06:01:11 | symbol_done | idx=205 | total=654 | symbol=DAMUSDT | status=skip | reason=no_latest_setup | signals=0 | elapsed_s=0.288
2026-04-04 06:01:12 | symbol_done | idx=206 | total=654 | symbol=0GUSDT | status=skip | reason=no_latest_setup | signals=0 | elapsed_s=0.896
2026-04-04 06:01:12 | symbol_done | idx=207 | total=654 | symbol=DUSKUSDT | status=skip | reason=no_latest_setup | signals=0 | elapsed_s=0.313
2026-04-04 06:01:13 | symbol_done | idx=208 | total=654 | symbol=ACHUSDT | status=skip | reason=no_latest_setup | signals=0 | elapsed_s=0.298
2026-04-04 06:01:13 | symbol_done | idx=209 | total=654 | symbol=KAITOUSDT | status=skip | reason=no_latest_setup | signals=0 | elapsed_s=0.339
2026-04-04 06:01:13 | symbol_done | idx=210 | total=654 | symbol=OGNUSDT | status=skip | reason=no_latest_setup | signals=0 | elapsed_s=0.277
2026-04-04 06:01:14 | symbol_done | idx=211 | total=654 | symbol=PYTHUSDT | status=skip | reason=no_latest_setup | signals=0 | elapsed_s=0.298
2026-04-04 06:01:14 | symbol_done | idx=212 | total=654 | symbol=SANDUSDT | status=skip | reason=no_latest_setup | signals=0 | elapsed_s=0.303
2026-04-04 06:01:14 | symbol_done | idx=213 | total=654 | symbol=BASUSDT | status=skip | reason=no_latest_setup | signals=0 | elapsed_s=0.251
2026-04-04 06:01:14 | symbol_done | idx=214 | total=654 | symbol=IOTAUSDT | status=skip | reason=no_latest_setup | signals=0 | elapsed_s=0.285
2026-04-04 06:01:15 | symbol_done | idx=215 | total=654 | symbol=CUDISUSDT | status=skip | reason=no_setup | signals=0 | elapsed_s=0.276
2026-04-04 06:01:15 | symbol_done | idx=216 | total=654 | symbol=RESOLVUSDT | status=skip | reason=no_latest_setup | signals=0 | elapsed_s=0.308
2026-04-04 06:01:15 | symbol_done | idx=217 | total=654 | symbol=OPNUSDT | status=skip | reason=no_latest_setup | signals=0 | elapsed_s=0.338
2026-04-04 06:01:16 | symbol_done | idx=218 | total=654 | symbol=STGUSDT | status=skip | reason=no_latest_setup | signals=0 | elapsed_s=0.311
2026-04-04 06:01:16 | symbol_done | idx=219 | total=654 | symbol=BANANAS31USDT | status=skip | reason=no_latest_setup | signals=0 | elapsed_s=0.291
2026-04-04 06:01:16 | symbol_done | idx=220 | total=654 | symbol=TSLAUSDT | status=skip | reason=no_setup | signals=0 | elapsed_s=0.304
2026-04-04 06:01:17 | symbol_done | idx=221 | total=654 | symbol=ZENUSDT | status=skip | reason=no_latest_setup | signals=0 | elapsed_s=0.297
2026-04-04 06:01:17 | symbol_done | idx=222 | total=654 | symbol=PHAUSDT | status=skip | reason=no_latest_setup | signals=0 | elapsed_s=0.321
2026-04-04 06:01:17 | symbol_done | idx=223 | total=654 | symbol=1000LUNCUSDT | status=skip | reason=no_latest_setup | signals=0 | elapsed_s=0.290
2026-04-04 06:01:18 | symbol_done | idx=224 | total=654 | symbol=STRKUSDT | status=skip | reason=no_latest_setup | signals=0 | elapsed_s=0.313
2026-04-04 06:01:18 | symbol_done | idx=225 | total=654 | symbol=BERAUSDT | status=skip | reason=no_latest_setup | signals=0 | elapsed_s=0.303
2026-04-04 06:01:18 | symbol_done | idx=226 | total=654 | symbol=GLMRUSDT | status=skip | reason=no_setup | signals=0 | elapsed_s=0.262
2026-04-04 06:01:18 | symbol_done | idx=227 | total=654 | symbol=SENTUSDT | status=skip | reason=no_latest_setup | signals=0 | elapsed_s=0.299
2026-04-04 06:01:19 | symbol_done | idx=228 | total=654 | symbol=ETHFIUSDT | status=skip | reason=no_latest_setup | signals=0 | elapsed_s=0.283
2026-04-04 06:01:19 | symbol_done | idx=229 | total=654 | symbol=NMRUSDT | status=skip | reason=no_latest_setup | signals=0 | elapsed_s=0.284
2026-04-04 06:01:19 | symbol_done | idx=230 | total=654 | symbol=CETUSUSDT | status=skip | reason=no_latest_setup | signals=0 | elapsed_s=0.279
2026-04-04 06:01:20 | symbol_done | idx=231 | total=654 | symbol=NTRNUSDT | status=skip | reason=no_latest_setup | signals=0 | elapsed_s=0.286
2026-04-04 06:01:20 | symbol_done | idx=232 | total=654 | symbol=HFTUSDT | status=skip | reason=no_latest_setup | signals=0 | elapsed_s=0.307
2026-04-04 06:01:20 | symbol_done | idx=233 | total=654 | symbol=RLSUSDT | status=skip | reason=no_latest_setup | signals=0 | elapsed_s=0.299
2026-04-04 06:01:20 | symbol_done | idx=234 | total=654 | symbol=MILKUSDT | status=skip | reason=no_setup | signals=0 | elapsed_s=0.278
2026-04-04 06:01:21 | symbol_done | idx=235 | total=654 | symbol=RADUSDT | status=skip | reason=no_setup | signals=0 | elapsed_s=0.270
2026-04-04 06:01:21 | symbol_done | idx=236 | total=654 | symbol=DEXEUSDT | status=skip | reason=no_latest_setup | signals=0 | elapsed_s=0.308
2026-04-04 06:01:21 | symbol_done | idx=237 | total=654 | symbol=QNTUSDT | status=skip | reason=no_latest_setup | signals=0 | elapsed_s=0.286
2026-04-04 06:01:22 | symbol_done | idx=238 | total=654 | symbol=FLMUSDT | status=skip | reason=no_setup | signals=0 | elapsed_s=0.255
2026-04-04 06:01:22 | symbol_done | idx=239 | total=654 | symbol=HEIUSDT | status=skip | reason=no_latest_setup | signals=0 | elapsed_s=0.294
2026-04-04 06:01:22 | symbol_done | idx=240 | total=654 | symbol=LRCUSDT | status=skip | reason=no_latest_setup | signals=0 | elapsed_s=0.286
2026-04-04 06:01:22 | symbol_done | idx=241 | total=654 | symbol=GIGGLEUSDT | status=skip | reason=no_latest_setup | signals=0 | elapsed_s=0.291
2026-04-04 06:01:23 | symbol_done | idx=242 | total=654 | symbol=EIGENUSDT | status=skip | reason=no_latest_setup | signals=0 | elapsed_s=0.260
2026-04-04 06:01:23 | symbol_done | idx=243 | total=654 | symbol=BULLAUSDT | status=skip | reason=no_latest_setup | signals=0 | elapsed_s=0.275
2026-04-04 06:01:23 | symbol_done | idx=244 | total=654 | symbol=ENSOUSDT | status=skip | reason=no_latest_setup | signals=0 | elapsed_s=0.281
2026-04-04 06:01:24 | symbol_done | idx=245 | total=654 | symbol=RAYSOLUSDT | status=skip | reason=no_latest_setup | signals=0 | elapsed_s=0.277
2026-04-04 06:01:24 | symbol_done | idx=246 | total=654 | symbol=1000FLOKIUSDT | status=skip | reason=no_latest_setup | signals=0 | elapsed_s=0.283
2026-04-04 06:01:24 | symbol_done | idx=247 | total=654 | symbol=REIUSDT | status=skip | reason=no_setup | signals=0 | elapsed_s=0.252
2026-04-04 06:01:24 | symbol_done | idx=248 | total=654 | symbol=BADGERUSDT | status=skip | reason=no_setup | signals=0 | elapsed_s=0.271
2026-04-04 06:01:25 | symbol_done | idx=249 | total=654 | symbol=ARCUSDT | status=skip | reason=no_latest_setup | signals=0 | elapsed_s=0.319
2026-04-04 06:01:25 | symbol_done | idx=250 | total=654 | symbol=STBLUSDT | status=skip | reason=no_latest_setup | signals=0 | elapsed_s=0.291
2026-04-04 06:01:25 | symbol_done | idx=251 | total=654 | symbol=OLUSDT | status=skip | reason=no_latest_setup | signals=0 | elapsed_s=0.300
2026-04-04 06:01:26 | symbol_done | idx=252 | total=654 | symbol=LUNA2USDT | status=skip | reason=no_latest_setup | signals=0 | elapsed_s=0.272
2026-04-04 06:01:26 | symbol_done | idx=253 | total=654 | symbol=PENDLEUSDT | status=skip | reason=no_latest_setup | signals=0 | elapsed_s=0.302
2026-04-04 06:01:26 | symbol_done | idx=254 | total=654 | symbol=VFYUSDT | status=skip | reason=no_latest_setup | signals=0 | elapsed_s=0.266
2026-04-04 06:01:26 | symbol_done | idx=255 | total=654 | symbol=PEOPLEUSDT | status=skip | reason=no_latest_setup | signals=0 | elapsed_s=0.300
2026-04-04 06:01:27 | symbol_done | idx=256 | total=654 | symbol=EDENUSDT | status=skip | reason=no_latest_setup | signals=0 | elapsed_s=0.370
2026-04-04 06:01:27 | symbol_done | idx=257 | total=654 | symbol=MYXUSDT | status=skip | reason=no_latest_setup | signals=0 | elapsed_s=0.303
2026-04-04 06:01:27 | symbol_done | idx=258 | total=654 | symbol=ICNTUSDT | status=skip | reason=no_latest_setup | signals=0 | elapsed_s=0.309
2026-04-04 06:01:28 | symbol_done | idx=259 | total=654 | symbol=DEFIUSDT | status=skip | reason=no_setup | signals=0 | elapsed_s=0.298
2026-04-04 06:01:28 | symbol_done | idx=260 | total=654 | symbol=SAPIENUSDT | status=skip | reason=no_latest_setup | signals=0 | elapsed_s=0.272
2026-04-04 06:01:28 | symbol_done | idx=261 | total=654 | symbol=USELESSUSDT | status=skip | reason=no_latest_setup | signals=0 | elapsed_s=0.270
2026-04-04 06:01:29 | symbol_done | idx=262 | total=654 | symbol=JCTUSDT | status=skip | reason=no_latest_setup | signals=0 | elapsed_s=0.296
2026-04-04 06:01:29 | symbol_done | idx=263 | total=654 | symbol=GWEIUSDT | status=skip | reason=no_latest_setup | signals=0 | elapsed_s=0.273
2026-04-04 06:01:29 | symbol_done | idx=264 | total=654 | symbol=PLAYUSDT | status=skip | reason=no_latest_setup | signals=0 | elapsed_s=0.275
2026-04-04 06:01:29 | symbol_done | idx=265 | total=654 | symbol=BANUSDT | status=skip | reason=no_latest_setup | signals=0 | elapsed_s=0.300
2026-04-04 06:01:30 | symbol_done | idx=266 | total=654 | symbol=LINEAUSDT | status=skip | reason=no_latest_setup | signals=0 | elapsed_s=0.301
2026-04-04 06:01:30 | symbol_done | idx=267 | total=654 | symbol=NKNUSDT | status=skip | reason=no_setup | signals=0 | elapsed_s=0.274
2026-04-04 06:01:30 | symbol_done | idx=268 | total=654 | symbol=AIXBTUSDT | status=skip | reason=no_latest_setup | signals=0 | elapsed_s=0.299
2026-04-04 06:01:31 | symbol_done | idx=269 | total=654 | symbol=REZUSDT | status=skip | reason=no_latest_setup | signals=0 | elapsed_s=0.295
2026-04-04 06:01:31 | symbol_done | idx=270 | total=654 | symbol=EULUSDT | status=skip | reason=no_latest_setup | signals=0 | elapsed_s=0.292
2026-04-04 06:01:31 | symbol_done | idx=271 | total=654 | symbol=POWERUSDT | status=skip | reason=no_latest_setup | signals=0 | elapsed_s=0.312
2026-04-04 06:01:31 | symbol_done | idx=272 | total=654 | symbol=NEIROUSDT | status=skip | reason=no_latest_setup | signals=0 | elapsed_s=0.306
2026-04-04 06:01:32 | symbol_done | idx=273 | total=654 | symbol=THEUSDT | status=skip | reason=no_latest_setup | signals=0 | elapsed_s=0.314
2026-04-04 06:01:32 | symbol_done | idx=274 | total=654 | symbol=ORBSUSDT | status=skip | reason=no_setup | signals=0 | elapsed_s=0.261
2026-04-04 06:01:32 | symbol_done | idx=275 | total=654 | symbol=SNXUSDT | status=skip | reason=no_latest_setup | signals=0 | elapsed_s=0.267
2026-04-04 06:01:33 | symbol_done | idx=276 | total=654 | symbol=SKYUSDT | status=skip | reason=no_latest_setup | signals=0 | elapsed_s=0.259
2026-04-04 06:01:33 | symbol_done | idx=277 | total=654 | symbol=ZAMAUSDT | status=skip | reason=no_latest_setup | signals=0 | elapsed_s=0.288
2026-04-04 06:01:33 | symbol_done | idx=278 | total=654 | symbol=COSUSDT | status=skip | reason=no_latest_setup | signals=0 | elapsed_s=0.302
2026-04-04 06:01:33 | symbol_done | idx=279 | total=654 | symbol=1000WHYUSDT | status=skip | reason=no_latest_setup | signals=0 | elapsed_s=0.306
2026-04-04 06:01:34 | symbol_done | idx=280 | total=654 | symbol=JTOUSDT | status=skip | reason=no_latest_setup | signals=0 | elapsed_s=0.307
2026-04-04 06:01:34 | symbol_done | idx=281 | total=654 | symbol=BALUSDT | status=skip | reason=no_setup | signals=0 | elapsed_s=0.272
2026-04-04 06:01:34 | symbol_done | idx=282 | total=654 | symbol=MANAUSDT | status=skip | reason=no_latest_setup | signals=0 | elapsed_s=0.272
2026-04-04 06:01:35 | symbol_done | idx=283 | total=654 | symbol=PTBUSDT | status=skip | reason=no_latest_setup | signals=0 | elapsed_s=0.302
2026-04-04 06:01:35 | symbol_done | idx=284 | total=654 | symbol=XNYUSDT | status=skip | reason=no_latest_setup | signals=0 | elapsed_s=0.300
2026-04-04 06:01:35 | symbol_done | idx=285 | total=654 | symbol=ZRCUSDT | status=skip | reason=no_setup | signals=0 | elapsed_s=0.245
2026-04-04 06:01:35 | symbol_done | idx=286 | total=654 | symbol=DEGOUSDT | status=skip | reason=no_latest_setup | signals=0 | elapsed_s=0.300
2026-04-04 06:01:36 | symbol_done | idx=287 | total=654 | symbol=ENJUSDT | status=skip | reason=no_latest_setup | signals=0 | elapsed_s=0.284
2026-04-04 06:01:36 | symbol_done | idx=288 | total=654 | symbol=COLLECTUSDT | status=skip | reason=no_latest_setup | signals=0 | elapsed_s=0.287
2026-04-04 06:01:36 | symbol_done | idx=289 | total=654 | symbol=STMXUSDT | status=skip | reason=no_setup | signals=0 | elapsed_s=0.269
2026-04-04 06:01:37 | symbol_done | idx=290 | total=654 | symbol=IDUSDT | status=skip | reason=no_latest_setup | signals=0 | elapsed_s=0.287
2026-04-04 06:01:37 | symbol_done | idx=291 | total=654 | symbol=MINAUSDT | status=skip | reason=no_latest_setup | signals=0 | elapsed_s=0.282
2026-04-04 06:01:37 | symbol_done | idx=292 | total=654 | symbol=PNUTUSDT | status=skip | reason=no_latest_setup | signals=0 | elapsed_s=0.307
2026-04-04 06:01:37 | symbol_done | idx=293 | total=654 | symbol=TRBUSDT | status=skip | reason=no_latest_setup | signals=0 | elapsed_s=0.294
2026-04-04 06:01:38 | symbol_done | idx=294 | total=654 | symbol=FXSUSDT | status=skip | reason=no_setup | signals=0 | elapsed_s=0.273
2026-04-04 06:01:38 | symbol_done | idx=295 | total=654 | symbol=MYROUSDT | status=skip | reason=no_setup | signals=0 | elapsed_s=0.329
2026-04-04 06:01:38 | symbol_done | idx=296 | total=654 | symbol=GHSTUSDT | status=skip | reason=no_setup | signals=0 | elapsed_s=0.286
2026-04-04 06:01:39 | symbol_done | idx=297 | total=654 | symbol=SKYAIUSDT | status=skip | reason=no_latest_setup | signals=0 | elapsed_s=0.301
2026-04-04 06:01:39 | symbol_done | idx=298 | total=654 | symbol=4USDT | status=skip | reason=no_latest_setup | signals=0 | elapsed_s=0.282
2026-04-04 06:01:39 | symbol_done | idx=299 | total=654 | symbol=INITUSDT | status=skip | reason=no_latest_setup | signals=0 | elapsed_s=0.317
2026-04-04 06:01:40 | symbol_done | idx=300 | total=654 | symbol=GMTUSDT | status=skip | reason=no_latest_setup | signals=0 | elapsed_s=0.266
2026-04-04 06:01:40 | symbol_done | idx=301 | total=654 | symbol=METUSDT | status=skip | reason=no_latest_setup | signals=0 | elapsed_s=0.300
2026-04-04 06:01:40 | symbol_done | idx=302 | total=654 | symbol=1000XUSDT | status=skip | reason=no_setup | signals=0 | elapsed_s=0.278
2026-04-04 06:01:40 | symbol_done | idx=303 | total=654 | symbol=UBUSDT | status=skip | reason=no_latest_setup | signals=0 | elapsed_s=0.275
2026-04-04 06:01:41 | symbol_done | idx=304 | total=654 | symbol=ARUSDT | status=skip | reason=no_latest_setup | signals=0 | elapsed_s=0.305
2026-04-04 06:01:41 | symbol_done | idx=305 | total=654 | symbol=MSTRUSDT | status=skip | reason=no_latest_setup | signals=0 | elapsed_s=0.265
2026-04-04 06:01:41 | symbol_done | idx=306 | total=654 | symbol=CAKEUSDT | status=skip | reason=no_latest_setup | signals=0 | elapsed_s=0.301
2026-04-04 06:01:42 | symbol_done | idx=307 | total=654 | symbol=DEGENUSDT | status=skip | reason=no_latest_setup | signals=0 | elapsed_s=0.278
2026-04-04 06:01:42 | symbol_done | idx=308 | total=654 | symbol=GRTUSDT | status=skip | reason=no_latest_setup | signals=0 | elapsed_s=0.295
2026-04-04 06:01:42 | symbol_done | idx=309 | total=654 | symbol=ESPUSDT | status=skip | reason=no_latest_setup | signals=0 | elapsed_s=0.288
2026-04-04 06:01:42 | symbol_done | idx=310 | total=654 | symbol=SHELLUSDT | status=skip | reason=no_latest_setup | signals=0 | elapsed_s=0.283
2026-04-04 06:01:43 | symbol_done | idx=311 | total=654 | symbol=TOWNSUSDT | status=skip | reason=no_latest_setup | signals=0 | elapsed_s=0.310
2026-04-04 06:01:43 | symbol_done | idx=312 | total=654 | symbol=BOMEUSDT | status=skip | reason=no_latest_setup | signals=0 | elapsed_s=0.288
2026-04-04 06:01:43 | symbol_done | idx=313 | total=654 | symbol=LIGHTUSDT | status=skip | reason=no_latest_setup | signals=0 | elapsed_s=0.300
2026-04-04 06:01:44 | symbol_done | idx=314 | total=654 | symbol=ATHUSDT | status=skip | reason=no_latest_setup | signals=0 | elapsed_s=0.305
2026-04-04 06:01:44 | symbol_done | idx=315 | total=654 | symbol=EDUUSDT | status=skip | reason=no_latest_setup | signals=0 | elapsed_s=0.284
2026-04-04 06:01:44 | symbol_done | idx=316 | total=654 | symbol=TWTUSDT | status=skip | reason=no_latest_setup | signals=0 | elapsed_s=0.288
2026-04-04 06:01:44 | symbol_done | idx=317 | total=654 | symbol=FORTHUSDT | status=skip | reason=no_latest_setup | signals=0 | elapsed_s=0.278
2026-04-04 06:01:45 | symbol_done | idx=318 | total=654 | symbol=XCNUSDT | status=skip | reason=no_setup | signals=0 | elapsed_s=0.281
2026-04-04 06:01:45 | symbol_done | idx=319 | total=654 | symbol=FLOWUSDT | status=skip | reason=no_latest_setup | signals=0 | elapsed_s=0.260
2026-04-04 06:01:45 | symbol_done | idx=320 | total=654 | symbol=DFUSDT | status=skip | reason=no_setup | signals=0 | elapsed_s=0.270
2026-04-04 06:01:46 | symbol_done | idx=321 | total=654 | symbol=MOODENGUSDT | status=skip | reason=no_latest_setup | signals=0 | elapsed_s=0.280
2026-04-04 06:01:46 | symbol_done | idx=322 | total=654 | symbol=CELOUSDT | status=skip | reason=no_latest_setup | signals=0 | elapsed_s=0.290
2026-04-04 06:01:46 | symbol_done | idx=323 | total=654 | symbol=HOODUSDT | status=skip | reason=no_latest_setup | signals=0 | elapsed_s=0.268
2026-04-04 06:01:46 | symbol_done | idx=324 | total=654 | symbol=PROVEUSDT | status=skip | reason=no_latest_setup | signals=0 | elapsed_s=0.307
2026-04-04 06:01:47 | symbol_done | idx=325 | total=654 | symbol=SWARMSUSDT | status=skip | reason=no_latest_setup | signals=0 | elapsed_s=0.264
2026-04-04 06:01:47 | symbol_done | idx=326 | total=654 | symbol=MIRAUSDT | status=skip | reason=no_latest_setup | signals=0 | elapsed_s=0.327
2026-04-04 06:01:47 | symbol_done | idx=327 | total=654 | symbol=USUALUSDT | status=skip | reason=no_latest_setup | signals=0 | elapsed_s=0.276
2026-04-04 06:01:48 | symbol_done | idx=328 | total=654 | symbol=SUSDT | status=skip | reason=no_latest_setup | signals=0 | elapsed_s=0.270
2026-04-04 06:01:48 | symbol_done | idx=329 | total=654 | symbol=CCUSDT | status=skip | reason=no_latest_setup | signals=0 | elapsed_s=0.329
2026-04-04 06:01:48 | symbol_done | idx=330 | total=654 | symbol=DMCUSDT | status=skip | reason=no_setup | signals=0 | elapsed_s=0.275
2026-04-04 06:01:48 | symbol_done | idx=331 | total=654 | symbol=CFXUSDT | status=skip | reason=no_latest_setup | signals=0 | elapsed_s=0.286
2026-04-04 06:01:49 | symbol_done | idx=332 | total=654 | symbol=COMPUSDT | status=skip | reason=no_latest_setup | signals=0 | elapsed_s=0.391
2026-04-04 06:01:49 | symbol_done | idx=333 | total=654 | symbol=STXUSDT | status=skip | reason=no_latest_setup | signals=0 | elapsed_s=0.330
2026-04-04 06:01:49 | symbol_done | idx=334 | total=654 | symbol=DYMUSDT | status=skip | reason=no_latest_setup | signals=0 | elapsed_s=0.303
2026-04-04 06:01:50 | symbol_done | idx=335 | total=654 | symbol=STPTUSDT | status=skip | reason=no_setup | signals=0 | elapsed_s=0.297
2026-04-04 06:01:50 | symbol_done | idx=336 | total=654 | symbol=NAORISUSDT | status=skip | reason=no_latest_setup | signals=0 | elapsed_s=0.285
2026-04-04 06:01:50 | symbol_done | idx=337 | total=654 | symbol=SUSHIUSDT | status=skip | reason=no_latest_setup | signals=0 | elapsed_s=0.313
2026-04-04 06:01:51 | symbol_done | idx=338 | total=654 | symbol=XTZUSDT | status=skip | reason=no_latest_setup | signals=0 | elapsed_s=0.302
2026-04-04 06:01:51 | symbol_done | idx=339 | total=654 | symbol=ONEUSDT | status=skip | reason=no_latest_setup | signals=0 | elapsed_s=0.301
2026-04-04 06:01:51 | symbol_done | idx=340 | total=654 | symbol=AUSDT | status=skip | reason=no_latest_setup | signals=0 | elapsed_s=0.263
2026-04-04 06:01:52 | symbol_done | idx=341 | total=654 | symbol=ARKMUSDT | status=skip | reason=no_latest_setup | signals=0 | elapsed_s=0.294
2026-04-04 06:01:52 | symbol_done | idx=342 | total=654 | symbol=STEEMUSDT | status=skip | reason=no_latest_setup | signals=0 | elapsed_s=0.300
2026-04-04 06:01:52 | symbol_done | idx=343 | total=654 | symbol=ALICEUSDT | status=skip | reason=no_latest_setup | signals=0 | elapsed_s=0.285
2026-04-04 06:01:52 | symbol_done | idx=344 | total=654 | symbol=EPICUSDT | status=skip | reason=no_latest_setup | signals=0 | elapsed_s=0.305
2026-04-04 06:01:53 | symbol_done | idx=345 | total=654 | symbol=FOLKSUSDT | status=skip | reason=no_latest_setup | signals=0 | elapsed_s=0.305
2026-04-04 06:01:53 | symbol_done | idx=346 | total=654 | symbol=FORMUSDT | status=skip | reason=no_latest_setup | signals=0 | elapsed_s=0.317
2026-04-04 06:01:53 | symbol_done | idx=347 | total=654 | symbol=AIUSDT | status=skip | reason=no_latest_setup | signals=0 | elapsed_s=0.286
2026-04-04 06:01:54 | symbol_done | idx=348 | total=654 | symbol=GUNUSDT | status=skip | reason=no_latest_setup | signals=0 | elapsed_s=0.337
2026-04-04 06:01:54 | symbol_done | idx=349 | total=654 | symbol=ROSEUSDT | status=skip | reason=no_latest_setup | signals=0 | elapsed_s=0.285
2026-04-04 06:01:54 | symbol_done | idx=350 | total=654 | symbol=HOMEUSDT | status=skip | reason=no_latest_setup | signals=0 | elapsed_s=0.270
2026-04-04 06:01:55 | symbol_done | idx=351 | total=654 | symbol=SUPERUSDT | status=skip | reason=no_latest_setup | signals=0 | elapsed_s=0.283
2026-04-04 06:01:55 | symbol_done | idx=352 | total=654 | symbol=MANTRAUSDT | status=skip | reason=no_latest_setup | signals=0 | elapsed_s=0.281
2026-04-04 06:01:55 | symbol_done | idx=353 | total=654 | symbol=CHILLGUYUSDT | status=skip | reason=no_latest_setup | signals=0 | elapsed_s=0.298
2026-04-04 06:01:55 | symbol_done | idx=354 | total=654 | symbol=SPACEUSDT | status=skip | reason=no_latest_setup | signals=0 | elapsed_s=0.281
2026-04-04 06:01:56 | symbol_done | idx=355 | total=654 | symbol=BSVUSDT | status=skip | reason=no_latest_setup | signals=0 | elapsed_s=0.305
2026-04-04 06:01:56 | symbol_done | idx=356 | total=654 | symbol=FOGOUSDT | status=skip | reason=no_latest_setup | signals=0 | elapsed_s=0.277
2026-04-04 06:01:56 | symbol_done | idx=357 | total=654 | symbol=ANIMEUSDT | status=skip | reason=no_latest_setup | signals=0 | elapsed_s=0.258
2026-04-04 06:01:57 | symbol_done | idx=358 | total=654 | symbol=CLOUSDT | status=skip | reason=no_latest_setup | signals=0 | elapsed_s=0.292
2026-04-04 06:01:57 | symbol_done | idx=359 | total=654 | symbol=MOVEUSDT | status=skip | reason=no_latest_setup | signals=0 | elapsed_s=0.255
2026-04-04 06:01:57 | symbol_done | idx=360 | total=654 | symbol=FFUSDT | status=skip | reason=no_latest_setup | signals=0 | elapsed_s=0.268
2026-04-04 06:01:57 | symbol_done | idx=361 | total=654 | symbol=GUSDT | status=skip | reason=no_latest_setup | signals=0 | elapsed_s=0.279
2026-04-04 06:01:58 | symbol_done | idx=362 | total=654 | symbol=TRADOORUSDT | status=skip | reason=no_latest_setup | signals=0 | elapsed_s=0.282
2026-04-04 06:01:58 | symbol_done | idx=363 | total=654 | symbol=SWELLUSDT | status=skip | reason=no_setup | signals=0 | elapsed_s=0.265
2026-04-04 06:01:58 | symbol_done | idx=364 | total=654 | symbol=MEUSDT | status=skip | reason=no_latest_setup | signals=0 | elapsed_s=0.277
2026-04-04 06:01:58 | symbol_done | idx=365 | total=654 | symbol=ZILUSDT | status=skip | reason=no_latest_setup | signals=0 | elapsed_s=0.309
2026-04-04 06:01:59 | symbol_done | idx=366 | total=654 | symbol=ARPAUSDT | status=skip | reason=no_latest_setup | signals=0 | elapsed_s=0.292
2026-04-04 06:01:59 | symbol_done | idx=367 | total=654 | symbol=KASUSDT | status=skip | reason=no_latest_setup | signals=0 | elapsed_s=0.295
2026-04-04 06:01:59 | symbol_done | idx=368 | total=654 | symbol=BTRUSDT | status=skip | reason=no_latest_setup | signals=0 | elapsed_s=0.290
2026-04-04 06:02:00 | symbol_done | idx=369 | total=654 | symbol=CKBUSDT | status=skip | reason=no_latest_setup | signals=0 | elapsed_s=0.284
2026-04-04 06:02:00 | symbol_done | idx=370 | total=654 | symbol=SPXUSDT | status=skip | reason=no_latest_setup | signals=0 | elapsed_s=0.292
2026-04-04 06:02:00 | symbol_done | idx=371 | total=654 | symbol=IRYSUSDT | status=skip | reason=no_latest_setup | signals=0 | elapsed_s=0.292
2026-04-04 06:02:01 | symbol_done | idx=372 | total=654 | symbol=NFPUSDT | status=skip | reason=no_latest_setup | signals=0 | elapsed_s=0.309
2026-04-04 06:02:01 | symbol_done | idx=373 | total=654 | symbol=RAREUSDT | status=skip | reason=no_latest_setup | signals=0 | elapsed_s=0.291
2026-04-04 06:02:01 | symbol_done | idx=374 | total=654 | symbol=NILUSDT | status=skip | reason=no_latest_setup | signals=0 | elapsed_s=0.290
2026-04-04 06:02:01 | symbol_done | idx=375 | total=654 | symbol=LAUSDT | status=skip | reason=no_latest_setup | signals=0 | elapsed_s=0.268
2026-04-04 06:02:02 | symbol_done | idx=376 | total=654 | symbol=JSTUSDT | status=skip | reason=no_latest_setup | signals=0 | elapsed_s=0.278
2026-04-04 06:02:02 | symbol_done | idx=377 | total=654 | symbol=GRIFFAINUSDT | status=skip | reason=no_latest_setup | signals=0 | elapsed_s=0.288
2026-04-04 06:02:02 | symbol_done | idx=378 | total=654 | symbol=BANANAUSDT | status=skip | reason=no_latest_setup | signals=0 | elapsed_s=0.303
2026-04-04 06:02:03 | symbol_done | idx=379 | total=654 | symbol=KAVAUSDT | status=skip | reason=no_latest_setup | signals=0 | elapsed_s=0.281
2026-04-04 06:02:03 | symbol_done | idx=380 | total=654 | symbol=1000000BOBUSDT | status=skip | reason=no_latest_setup | signals=0 | elapsed_s=0.259
2026-04-04 06:02:03 | symbol_done | idx=381 | total=654 | symbol=POWRUSDT | status=skip | reason=no_latest_setup | signals=0 | elapsed_s=0.288
2026-04-04 06:02:03 | symbol_done | idx=382 | total=654 | symbol=FIGHTUSDT | status=skip | reason=no_latest_setup | signals=0 | elapsed_s=0.281
2026-04-04 06:02:04 | symbol_done | idx=383 | total=654 | symbol=DOLOUSDT | status=skip | reason=no_latest_setup | signals=0 | elapsed_s=0.308
2026-04-04 06:02:04 | symbol_done | idx=384 | total=654 | symbol=PARTIUSDT | status=skip | reason=no_latest_setup | signals=0 | elapsed_s=0.306
2026-04-04 06:02:04 | symbol_done | idx=385 | total=654 | symbol=OPENUSDT | status=skip | reason=no_latest_setup | signals=0 | elapsed_s=0.267
2026-04-04 06:02:04 | symbol_done | idx=386 | total=654 | symbol=SXTUSDT | status=skip | reason=no_latest_setup | signals=0 | elapsed_s=0.280
2026-04-04 06:02:05 | symbol_done | idx=387 | total=654 | symbol=AVNTUSDT | status=skip | reason=no_latest_setup | signals=0 | elapsed_s=0.265
2026-04-04 06:02:05 | symbol_done | idx=388 | total=654 | symbol=UAIUSDT | status=skip | reason=no_latest_setup | signals=0 | elapsed_s=0.304
2026-04-04 06:02:05 | symbol_done | idx=389 | total=654 | symbol=XANUSDT | status=skip | reason=no_latest_setup | signals=0 | elapsed_s=0.273
2026-04-04 06:02:06 | symbol_done | idx=390 | total=654 | symbol=MERLUSDT | status=skip | reason=no_latest_setup | signals=0 | elapsed_s=0.265
2026-04-04 06:02:06 | symbol_done | idx=391 | total=654 | symbol=USUSDT | status=skip | reason=no_latest_setup | signals=0 | elapsed_s=0.308
2026-04-04 06:02:06 | symbol_done | idx=392 | total=654 | symbol=JASMYUSDT | status=skip | reason=no_latest_setup | signals=0 | elapsed_s=0.287
2026-04-04 06:02:07 | symbol_done | idx=393 | total=654 | symbol=COTIUSDT | status=skip | reason=no_latest_setup | signals=0 | elapsed_s=0.308
2026-04-04 06:02:07 | symbol_done | idx=394 | total=654 | symbol=VANRYUSDT | status=skip | reason=no_latest_setup | signals=0 | elapsed_s=0.304
2026-04-04 06:02:07 | symbol_done | idx=395 | total=654 | symbol=EGLDUSDT | status=skip | reason=no_latest_setup | signals=0 | elapsed_s=0.321
2026-04-04 06:02:08 | symbol_done | idx=396 | total=654 | symbol=RAVEUSDT | status=skip | reason=no_latest_setup | signals=0 | elapsed_s=0.437
2026-04-04 06:02:08 | symbol_done | idx=397 | total=654 | symbol=ATUSDT | status=skip | reason=no_latest_setup | signals=0 | elapsed_s=0.262
2026-04-04 06:02:08 | symbol_done | idx=398 | total=654 | symbol=SKLUSDT | status=skip | reason=no_latest_setup | signals=0 | elapsed_s=0.265
2026-04-04 06:02:08 | symbol_done | idx=399 | total=654 | symbol=ENSUSDT | status=skip | reason=no_latest_setup | signals=0 | elapsed_s=0.285
2026-04-04 06:02:09 | symbol_done | idx=400 | total=654 | symbol=BIDUSDT | status=skip | reason=no_setup | signals=0 | elapsed_s=0.267
2026-04-04 06:02:09 | symbol_done | idx=401 | total=654 | symbol=BABYUSDT | status=skip | reason=no_latest_setup | signals=0 | elapsed_s=0.274
2026-04-04 06:02:09 | symbol_done | idx=402 | total=654 | symbol=BLUAIUSDT | status=skip | reason=no_latest_setup | signals=0 | elapsed_s=0.283
2026-04-04 06:02:10 | symbol_done | idx=403 | total=654 | symbol=HYPERUSDT | status=skip | reason=no_latest_setup | signals=0 | elapsed_s=0.294
2026-04-04 06:02:10 | symbol_done | idx=404 | total=654 | symbol=AIAUSDT | status=skip | reason=no_latest_setup | signals=0 | elapsed_s=0.320
2026-04-04 06:02:10 | symbol_done | idx=405 | total=654 | symbol=MEMEUSDT | status=skip | reason=no_latest_setup | signals=0 | elapsed_s=0.325
2026-04-04 06:02:10 | symbol_done | idx=406 | total=654 | symbol=USDCUSDT | status=skip | reason=no_setup | signals=0 | elapsed_s=0.288
2026-04-04 06:02:11 | symbol_done | idx=407 | total=654 | symbol=PHBUSDT | status=skip | reason=no_latest_setup | signals=0 | elapsed_s=0.308
2026-04-04 06:02:11 | symbol_done | idx=408 | total=654 | symbol=IDEXUSDT | status=skip | reason=no_setup | signals=0 | elapsed_s=0.278
2026-04-04 06:02:11 | symbol_done | idx=409 | total=654 | symbol=EWYUSDT | status=skip | reason=no_setup | signals=0 | elapsed_s=0.280
2026-04-04 06:02:12 | symbol_done | idx=410 | total=654 | symbol=MORPHOUSDT | status=skip | reason=no_latest_setup | signals=0 | elapsed_s=0.282
2026-04-04 06:02:12 | symbol_done | idx=411 | total=654 | symbol=IMXUSDT | status=skip | reason=no_latest_setup | signals=0 | elapsed_s=0.322
2026-04-04 06:02:12 | symbol_done | idx=412 | total=654 | symbol=KNCUSDT | status=skip | reason=no_latest_setup | signals=0 | elapsed_s=0.263
2026-04-04 06:02:12 | symbol_done | idx=413 | total=654 | symbol=BLESSUSDT | status=skip | reason=no_latest_setup | signals=0 | elapsed_s=0.285
2026-04-04 06:02:13 | symbol_done | idx=414 | total=654 | symbol=STORJUSDT | status=skip | reason=no_latest_setup | signals=0 | elapsed_s=0.314
2026-04-04 06:02:13 | symbol_done | idx=415 | total=654 | symbol=RUNEUSDT | status=skip | reason=no_latest_setup | signals=0 | elapsed_s=0.305
2026-04-04 06:02:13 | symbol_done | idx=416 | total=654 | symbol=GRASSUSDT | status=skip | reason=no_latest_setup | signals=0 | elapsed_s=0.300
2026-04-04 06:02:14 | symbol_done | idx=417 | total=654 | symbol=GPSUSDT | status=skip | reason=no_latest_setup | signals=0 | elapsed_s=0.310
2026-04-04 06:02:14 | symbol_done | idx=418 | total=654 | symbol=SOMIUSDT | status=skip | reason=no_latest_setup | signals=0 | elapsed_s=0.297
2026-04-04 06:02:14 | symbol_done | idx=419 | total=654 | symbol=AXLUSDT | status=skip | reason=no_latest_setup | signals=0 | elapsed_s=0.308
2026-04-04 06:02:15 | symbol_done | idx=420 | total=654 | symbol=AKTUSDT | status=skip | reason=no_latest_setup | signals=0 | elapsed_s=0.298
2026-04-04 06:02:15 | symbol_done | idx=421 | total=654 | symbol=1MBABYDOGEUSDT | status=skip | reason=no_latest_setup | signals=0 | elapsed_s=0.276
2026-04-04 06:02:15 | symbol_done | idx=422 | total=654 | symbol=IOUSDT | status=skip | reason=no_latest_setup | signals=0 | elapsed_s=0.270
2026-04-04 06:02:15 | symbol_done | idx=423 | total=654 | symbol=ACTUSDT | status=skip | reason=no_latest_setup | signals=0 | elapsed_s=0.318
2026-04-04 06:02:16 | symbol_done | idx=424 | total=654 | symbol=ORCAUSDT | status=skip | reason=no_latest_setup | signals=0 | elapsed_s=0.279
2026-04-04 06:02:16 | symbol_done | idx=425 | total=654 | symbol=FUNUSDT | status=skip | reason=no_latest_setup | signals=0 | elapsed_s=0.268
2026-04-04 06:02:16 | symbol_done | idx=426 | total=654 | symbol=BTCDOMUSDT | status=skip | reason=no_setup | signals=0 | elapsed_s=0.289
2026-04-04 06:02:17 | symbol_done | idx=427 | total=654 | symbol=COPPERUSDT | status=skip | reason=no_setup | signals=0 | elapsed_s=0.293
2026-04-04 06:02:17 | symbol_done | idx=428 | total=654 | symbol=SPELLUSDT | status=skip | reason=no_latest_setup | signals=0 | elapsed_s=0.314
2026-04-04 06:02:17 | symbol_done | idx=429 | total=654 | symbol=PLUMEUSDT | status=skip | reason=no_latest_setup | signals=0 | elapsed_s=0.328
2026-04-04 06:02:18 | symbol_done | idx=430 | total=654 | symbol=INTCUSDT | status=skip | reason=no_setup | signals=0 | elapsed_s=0.301
2026-04-04 06:02:18 | symbol_done | idx=431 | total=654 | symbol=NOTUSDT | status=skip | reason=no_latest_setup | signals=0 | elapsed_s=0.362
2026-04-04 06:02:18 | symbol_done | idx=432 | total=654 | symbol=SYRUPUSDT | status=skip | reason=no_latest_setup | signals=0 | elapsed_s=0.289
2026-04-04 06:02:19 | symbol_done | idx=433 | total=654 | symbol=龙虾USDT | status=skip | reason=no_latest_setup | signals=0 | elapsed_s=0.335
2026-04-04 06:02:19 | symbol_done | idx=434 | total=654 | symbol=NVDAUSDT | status=skip | reason=insufficient_history | signals=0 | elapsed_s=0.588
2026-04-04 06:02:19 | symbol_done | idx=435 | total=654 | symbol=BMTUSDT | status=skip | reason=no_latest_setup | signals=0 | elapsed_s=0.355
2026-04-04 06:02:20 | symbol_done | idx=436 | total=654 | symbol=COINUSDT | status=skip | reason=no_latest_setup | signals=0 | elapsed_s=0.300
2026-04-04 06:02:20 | symbol_done | idx=437 | total=654 | symbol=1000RATSUSDT | status=skip | reason=no_latest_setup | signals=0 | elapsed_s=0.333
2026-04-04 06:02:20 | symbol_done | idx=438 | total=654 | symbol=YGGUSDT | status=skip | reason=no_latest_setup | signals=0 | elapsed_s=0.283
2026-04-04 06:02:21 | symbol_done | idx=439 | total=654 | symbol=AEROUSDT | status=skip | reason=no_latest_setup | signals=0 | elapsed_s=0.253
2026-04-04 06:02:21 | symbol_done | idx=440 | total=654 | symbol=ZEREBROUSDT | status=skip | reason=no_latest_setup | signals=0 | elapsed_s=0.312
2026-04-04 06:02:21 | symbol_done | idx=441 | total=654 | symbol=SAFEUSDT | status=skip | reason=no_latest_setup | signals=0 | elapsed_s=0.274
2026-04-04 06:02:22 | symbol_done | idx=442 | total=654 | symbol=LAYERUSDT | status=skip | reason=no_latest_setup | signals=0 | elapsed_s=0.279
2026-04-04 06:02:22 | symbol_done | idx=443 | total=654 | symbol=XAIUSDT | status=skip | reason=no_latest_setup | signals=0 | elapsed_s=0.284
2026-04-04 06:02:22 | symbol_done | idx=444 | total=654 | symbol=TAUSDT | status=skip | reason=no_latest_setup | signals=0 | elapsed_s=0.316
2026-04-04 06:02:22 | symbol_done | idx=445 | total=654 | symbol=YFIUSDT | status=skip | reason=no_latest_setup | signals=0 | elapsed_s=0.310
2026-04-04 06:02:23 | symbol_done | idx=446 | total=654 | symbol=POPCATUSDT | status=skip | reason=no_latest_setup | signals=0 | elapsed_s=0.310
2026-04-04 06:02:23 | symbol_done | idx=447 | total=654 | symbol=BEAMXUSDT | status=skip | reason=no_latest_setup | signals=0 | elapsed_s=0.284
2026-04-04 06:02:23 | symbol_done | idx=448 | total=654 | symbol=WETUSDT | status=skip | reason=no_latest_setup | signals=0 | elapsed_s=0.292
2026-04-04 06:02:24 | symbol_done | idx=449 | total=654 | symbol=CVCUSDT | status=skip | reason=no_latest_setup | signals=0 | elapsed_s=0.303
2026-04-04 06:02:24 | symbol_done | idx=450 | total=654 | symbol=COAIUSDT | status=skip | reason=no_latest_setup | signals=0 | elapsed_s=0.285
2026-04-04 06:02:24 | symbol_done | idx=451 | total=654 | symbol=CATIUSDT | status=skip | reason=no_latest_setup | signals=0 | elapsed_s=0.309
2026-04-04 06:02:25 | symbol_done | idx=452 | total=654 | symbol=AGLDUSDT | status=skip | reason=no_latest_setup | signals=0 | elapsed_s=0.318
2026-04-04 06:02:25 | symbol_done | idx=453 | total=654 | symbol=HMSTRUSDT | status=skip | reason=no_latest_setup | signals=0 | elapsed_s=0.288
2026-04-04 06:02:25 | symbol_done | idx=454 | total=654 | symbol=MAVUSDT | status=skip | reason=no_latest_setup | signals=0 | elapsed_s=0.315
2026-04-04 06:02:25 | symbol_done | idx=455 | total=654 | symbol=TNSRUSDT | status=skip | reason=no_latest_setup | signals=0 | elapsed_s=0.310
2026-04-04 06:02:26 | symbol_done | idx=456 | total=654 | symbol=FLUXUSDT | status=skip | reason=no_latest_setup | signals=0 | elapsed_s=0.302
2026-04-04 06:02:26 | symbol_done | idx=457 | total=654 | symbol=MBOXUSDT | status=skip | reason=no_latest_setup | signals=0 | elapsed_s=0.267
2026-04-04 06:02:26 | symbol_done | idx=458 | total=654 | symbol=ZKPUSDT | status=skip | reason=no_latest_setup | signals=0 | elapsed_s=0.384
2026-04-04 06:02:27 | symbol_done | idx=459 | total=654 | symbol=DEEPUSDT | status=skip | reason=no_latest_setup | signals=0 | elapsed_s=0.296
2026-04-04 06:02:27 | symbol_done | idx=460 | total=654 | symbol=HIGHUSDT | status=skip | reason=no_latest_setup | signals=0 | elapsed_s=0.302
2026-04-04 06:02:27 | symbol_done | idx=461 | total=654 | symbol=PIEVERSEUSDT | status=skip | reason=no_latest_setup | signals=0 | elapsed_s=0.296
2026-04-04 06:02:28 | symbol_done | idx=462 | total=654 | symbol=ZORAUSDT | status=skip | reason=no_latest_setup | signals=0 | elapsed_s=0.296
2026-04-04 06:02:28 | symbol_done | idx=463 | total=654 | symbol=LPTUSDT | status=skip | reason=no_latest_setup | signals=0 | elapsed_s=0.300
2026-04-04 06:02:28 | symbol_done | idx=464 | total=654 | symbol=KGENUSDT | status=skip | reason=no_latest_setup | signals=0 | elapsed_s=0.286
2026-04-04 06:02:28 | symbol_done | idx=465 | total=654 | symbol=WOOUSDT | status=skip | reason=no_latest_setup | signals=0 | elapsed_s=0.263
2026-04-04 06:02:29 | symbol_done | idx=466 | total=654 | symbol=MOVRUSDT | status=skip | reason=no_latest_setup | signals=0 | elapsed_s=0.285
2026-04-04 06:02:29 | symbol_done | idx=467 | total=654 | symbol=MANTAUSDT | status=skip | reason=no_latest_setup | signals=0 | elapsed_s=0.281
2026-04-04 06:02:29 | symbol_done | idx=468 | total=654 | symbol=TUTUSDT | status=skip | reason=no_latest_setup | signals=0 | elapsed_s=0.263
2026-04-04 06:02:30 | symbol_done | idx=469 | total=654 | symbol=OBOLUSDT | status=skip | reason=no_setup | signals=0 | elapsed_s=0.279
2026-04-04 06:02:30 | symbol_done | idx=470 | total=654 | symbol=TOKENUSDT | status=skip | reason=no_setup | signals=0 | elapsed_s=0.296
2026-04-04 06:02:30 | symbol_done | idx=471 | total=654 | symbol=PERPUSDT | status=skip | reason=no_setup | signals=0 | elapsed_s=0.269
2026-04-04 06:02:30 | symbol_done | idx=472 | total=654 | symbol=PROMUSDT | status=skip | reason=no_latest_setup | signals=0 | elapsed_s=0.276
2026-04-04 06:02:31 | symbol_done | idx=473 | total=654 | symbol=1INCHUSDT | status=skip | reason=no_latest_setup | signals=0 | elapsed_s=0.278
2026-04-04 06:02:31 | symbol_done | idx=474 | total=654 | symbol=RSRUSDT | status=skip | reason=no_latest_setup | signals=0 | elapsed_s=0.305
2026-04-04 06:02:31 | symbol_done | idx=475 | total=654 | symbol=QUICKUSDT | status=skip | reason=no_setup | signals=0 | elapsed_s=0.258
2026-04-04 06:02:32 | symbol_done | idx=476 | total=654 | symbol=UMAUSDT | status=skip | reason=no_latest_setup | signals=0 | elapsed_s=0.268
2026-04-04 06:02:32 | symbol_done | idx=477 | total=654 | symbol=ESPORTSUSDT | status=skip | reason=no_latest_setup | signals=0 | elapsed_s=0.287
2026-04-04 06:02:32 | symbol_done | idx=478 | total=654 | symbol=ILVUSDT | status=skip | reason=no_latest_setup | signals=0 | elapsed_s=0.272
2026-04-04 06:02:32 | symbol_done | idx=479 | total=654 | symbol=AKEUSDT | status=skip | reason=no_latest_setup | signals=0 | elapsed_s=0.296
2026-04-04 06:02:33 | symbol_done | idx=480 | total=654 | symbol=TURTLEUSDT | status=skip | reason=no_latest_setup | signals=0 | elapsed_s=0.294
2026-04-04 06:02:33 | symbol_done | idx=481 | total=654 | symbol=SSVUSDT | status=skip | reason=no_latest_setup | signals=0 | elapsed_s=0.289
2026-04-04 06:02:33 | symbol_done | idx=482 | total=654 | symbol=LUMIAUSDT | status=skip | reason=no_latest_setup | signals=0 | elapsed_s=0.300
2026-04-04 06:02:34 | symbol_done | idx=483 | total=654 | symbol=BIGTIMEUSDT | status=skip | reason=no_latest_setup | signals=0 | elapsed_s=0.278
2026-04-04 06:02:34 | symbol_done | idx=484 | total=654 | symbol=TSTUSDT | status=skip | reason=no_latest_setup | signals=0 | elapsed_s=0.273
2026-04-04 06:02:34 | symbol_done | idx=485 | total=654 | symbol=BATUSDT | status=skip | reason=no_latest_setup | signals=0 | elapsed_s=0.297
2026-04-04 06:02:34 | symbol_done | idx=486 | total=654 | symbol=我踏马来了USDT | status=skip | reason=no_latest_setup | signals=0 | elapsed_s=0.319
2026-04-04 06:02:35 | symbol_done | idx=487 | total=654 | symbol=HIVEUSDT | status=skip | reason=no_latest_setup | signals=0 | elapsed_s=0.293
2026-04-04 06:02:35 | symbol_done | idx=488 | total=654 | symbol=MMTUSDT | status=skip | reason=no_latest_setup | signals=0 | elapsed_s=0.293
2026-04-04 06:02:35 | symbol_done | idx=489 | total=654 | symbol=PORTALUSDT | status=skip | reason=no_latest_setup | signals=0 | elapsed_s=0.429
2026-04-04 06:02:36 | symbol_done | idx=490 | total=654 | symbol=HAEDALUSDT | status=skip | reason=no_latest_setup | signals=0 | elapsed_s=0.297
2026-04-04 06:02:36 | symbol_done | idx=491 | total=654 | symbol=ALCHUSDT | status=skip | reason=no_latest_setup | signals=0 | elapsed_s=0.294
2026-04-04 06:02:36 | symbol_done | idx=492 | total=654 | symbol=SAGAUSDT | status=skip | reason=no_latest_setup | signals=0 | elapsed_s=0.312
2026-04-04 06:02:37 | symbol_done | idx=493 | total=654 | symbol=EVAAUSDT | status=skip | reason=no_latest_setup | signals=0 | elapsed_s=0.294
2026-04-04 06:02:37 | symbol_done | idx=494 | total=654 | symbol=SKRUSDT | status=skip | reason=no_latest_setup | signals=0 | elapsed_s=0.284
2026-04-04 06:02:37 | symbol_done | idx=495 | total=654 | symbol=SCRTUSDT | status=skip | reason=no_latest_setup | signals=0 | elapsed_s=0.341
2026-04-04 06:02:38 | symbol_done | idx=496 | total=654 | symbol=QUSDT | status=skip | reason=no_latest_setup | signals=0 | elapsed_s=0.310
2026-04-04 06:02:38 | symbol_done | idx=497 | total=654 | symbol=AINUSDT | status=skip | reason=no_latest_setup | signals=0 | elapsed_s=0.309
2026-04-04 06:02:38 | symbol_done | idx=498 | total=654 | symbol=DOODUSDT | status=skip | reason=no_latest_setup | signals=0 | elapsed_s=0.292
2026-04-04 06:02:38 | symbol_done | idx=499 | total=654 | symbol=IRUSDT | status=skip | reason=no_latest_setup | signals=0 | elapsed_s=0.305
2026-04-04 06:02:39 | symbol_done | idx=500 | total=654 | symbol=BICOUSDT | status=skip | reason=no_latest_setup | signals=0 | elapsed_s=0.286
2026-04-04 06:02:39 | symbol_done | idx=501 | total=654 | symbol=1000CHEEMSUSDT | status=skip | reason=no_latest_setup | signals=0 | elapsed_s=0.294
2026-04-04 06:02:39 | symbol_done | idx=502 | total=654 | symbol=1000SATSUSDT | status=skip | reason=no_latest_setup | signals=0 | elapsed_s=0.292
2026-04-04 06:02:40 | symbol_done | idx=503 | total=654 | symbol=TRUUSDT | status=skip | reason=no_latest_setup | signals=0 | elapsed_s=0.295
2026-04-04 06:02:40 | symbol_done | idx=504 | total=654 | symbol=RONINUSDT | status=skip | reason=no_latest_setup | signals=0 | elapsed_s=0.274
2026-04-04 06:02:40 | symbol_done | idx=505 | total=654 | symbol=LABUSDT | status=skip | reason=no_latest_setup | signals=0 | elapsed_s=0.291
2026-04-04 06:02:40 | symbol_done | idx=506 | total=654 | symbol=WCTUSDT | status=skip | reason=no_latest_setup | signals=0 | elapsed_s=0.295
2026-04-04 06:02:41 | symbol_done | idx=507 | total=654 | symbol=VTHOUSDT | status=skip | reason=no_setup | signals=0 | elapsed_s=0.294
2026-04-04 06:02:41 | symbol_done | idx=508 | total=654 | symbol=AIOUSDT | status=skip | reason=no_latest_setup | signals=0 | elapsed_s=0.296
2026-04-04 06:02:41 | symbol_done | idx=509 | total=654 | symbol=AVAAIUSDT | status=skip | reason=no_latest_setup | signals=0 | elapsed_s=0.286
2026-04-04 06:02:42 | symbol_done | idx=510 | total=654 | symbol=COOKIEUSDT | status=skip | reason=no_latest_setup | signals=0 | elapsed_s=0.319
2026-04-04 06:02:42 | symbol_done | idx=511 | total=654 | symbol=ACXUSDT | status=skip | reason=no_latest_setup | signals=0 | elapsed_s=0.277
2026-04-04 06:02:42 | symbol_done | idx=512 | total=654 | symbol=XPTUSDT | status=skip | reason=no_latest_setup | signals=0 | elapsed_s=0.309
2026-04-04 06:02:43 | symbol_done | idx=513 | total=654 | symbol=VANAUSDT | status=skip | reason=no_setup | signals=0 | elapsed_s=0.292
2026-04-04 06:02:43 | symbol_done | idx=514 | total=654 | symbol=VINEUSDT | status=skip | reason=no_latest_setup | signals=0 | elapsed_s=0.307
2026-04-04 06:02:43 | symbol_done | idx=515 | total=654 | symbol=CELRUSDT | status=skip | reason=no_latest_setup | signals=0 | elapsed_s=0.294
2026-04-04 06:02:43 | symbol_done | idx=516 | total=654 | symbol=API3USDT | status=skip | reason=no_latest_setup | signals=0 | elapsed_s=0.302
2026-04-04 06:02:44 | symbol_done | idx=517 | total=654 | symbol=BBUSDT | status=skip | reason=no_latest_setup | signals=0 | elapsed_s=0.278
2026-04-04 06:02:44 | symbol_done | idx=518 | total=654 | symbol=SPKUSDT | status=skip | reason=no_latest_setup | signals=0 | elapsed_s=0.298
2026-04-04 06:02:44 | symbol_done | idx=519 | total=654 | symbol=PUMPBTCUSDT | status=skip | reason=no_latest_setup | signals=0 | elapsed_s=0.307
2026-04-04 06:02:45 | symbol_done | idx=520 | total=654 | symbol=NATGASUSDT | status=skip | reason=insufficient_history | signals=0 | elapsed_s=0.499
2026-04-04 06:02:45 | symbol_done | idx=521 | total=654 | symbol=DIAUSDT | status=skip | reason=no_latest_setup | signals=0 | elapsed_s=0.302
2026-04-04 06:02:45 | symbol_done | idx=522 | total=654 | symbol=RVNUSDT | status=skip | reason=no_latest_setup | signals=0 | elapsed_s=0.269
2026-04-04 06:02:46 | symbol_done | idx=523 | total=654 | symbol=DENTUSDT | status=skip | reason=no_latest_setup | signals=0 | elapsed_s=0.398
2026-04-04 06:02:46 | symbol_done | idx=524 | total=654 | symbol=AUCTIONUSDT | status=skip | reason=no_latest_setup | signals=0 | elapsed_s=0.303
2026-04-04 06:02:46 | symbol_done | idx=525 | total=654 | symbol=WALUSDT | status=skip | reason=no_latest_setup | signals=0 | elapsed_s=0.272
2026-04-04 06:02:47 | symbol_done | idx=526 | total=654 | symbol=INXUSDT | status=skip | reason=no_latest_setup | signals=0 | elapsed_s=0.295
2026-04-04 06:02:47 | symbol_done | idx=527 | total=654 | symbol=FHEUSDT | status=skip | reason=no_latest_setup | signals=0 | elapsed_s=0.274
2026-04-04 06:02:47 | symbol_done | idx=528 | total=654 | symbol=ALLOUSDT | status=skip | reason=no_latest_setup | signals=0 | elapsed_s=0.309
2026-04-04 06:02:48 | symbol_done | idx=529 | total=654 | symbol=TRUSTUSDT | status=skip | reason=no_latest_setup | signals=0 | elapsed_s=0.270
2026-04-04 06:02:48 | symbol_done | idx=530 | total=654 | symbol=MUBARAKUSDT | status=skip | reason=no_latest_setup | signals=0 | elapsed_s=0.293
2026-04-04 06:02:48 | symbol_done | idx=531 | total=654 | symbol=RECALLUSDT | status=skip | reason=no_latest_setup | signals=0 | elapsed_s=0.302
2026-04-04 06:02:48 | symbol_done | idx=532 | total=654 | symbol=FRAXUSDT | status=skip | reason=no_latest_setup | signals=0 | elapsed_s=0.280
2026-04-04 06:02:49 | symbol_done | idx=533 | total=654 | symbol=RLCUSDT | status=skip | reason=no_latest_setup | signals=0 | elapsed_s=0.318
2026-04-04 06:02:49 | symbol_done | idx=534 | total=654 | symbol=AGTUSDT | status=skip | reason=no_latest_setup | signals=0 | elapsed_s=0.300
2026-04-04 06:02:49 | symbol_done | idx=535 | total=654 | symbol=BUSDT | status=skip | reason=no_latest_setup | signals=0 | elapsed_s=0.299
2026-04-04 06:02:50 | symbol_done | idx=536 | total=654 | symbol=AZTECUSDT | status=skip | reason=no_latest_setup | signals=0 | elapsed_s=0.296
2026-04-04 06:02:50 | symbol_done | idx=537 | total=654 | symbol=KSMUSDT | status=skip | reason=no_latest_setup | signals=0 | elapsed_s=0.287
2026-04-04 06:02:50 | symbol_done | idx=538 | total=654 | symbol=KAIAUSDT | status=skip | reason=no_latest_setup | signals=0 | elapsed_s=0.309
2026-04-04 06:02:51 | symbol_done | idx=539 | total=654 | symbol=LISTAUSDT | status=skip | reason=no_latest_setup | signals=0 | elapsed_s=0.283
2026-04-04 06:02:51 | symbol_done | idx=540 | total=654 | symbol=2ZUSDT | status=skip | reason=no_latest_setup | signals=0 | elapsed_s=0.271
2026-04-04 06:02:51 | symbol_done | idx=541 | total=654 | symbol=SOONUSDT | status=skip | reason=no_latest_setup | signals=0 | elapsed_s=0.300
2026-04-04 06:02:51 | symbol_done | idx=542 | total=654 | symbol=SOPHUSDT | status=skip | reason=no_latest_setup | signals=0 | elapsed_s=0.296
2026-04-04 06:02:52 | symbol_done | idx=543 | total=654 | symbol=XVGUSDT | status=skip | reason=no_latest_setup | signals=0 | elapsed_s=0.278
2026-04-04 06:02:52 | symbol_done | idx=544 | total=654 | symbol=GMXUSDT | status=skip | reason=no_latest_setup | signals=0 | elapsed_s=0.291
2026-04-04 06:02:52 | symbol_done | idx=545 | total=654 | symbol=FIOUSDT | status=skip | reason=no_latest_setup | signals=0 | elapsed_s=0.275
2026-04-04 06:02:53 | symbol_done | idx=546 | total=654 | symbol=BROCCOLI714USDT | status=skip | reason=no_latest_setup | signals=0 | elapsed_s=0.269
2026-04-04 06:02:53 | symbol_done | idx=547 | total=654 | symbol=SUNUSDT | status=skip | reason=no_setup | signals=0 | elapsed_s=0.276
2026-04-04 06:02:53 | symbol_done | idx=548 | total=654 | symbol=ARKUSDT | status=skip | reason=no_latest_setup | signals=0 | elapsed_s=0.296
2026-04-04 06:02:53 | symbol_done | idx=549 | total=654 | symbol=SQDUSDT | status=skip | reason=no_latest_setup | signals=0 | elapsed_s=0.290
2026-04-04 06:02:54 | symbol_done | idx=550 | total=654 | symbol=WAXPUSDT | status=skip | reason=no_latest_setup | signals=0 | elapsed_s=0.277
2026-04-04 06:02:54 | symbol_done | idx=551 | total=654 | symbol=CYBERUSDT | status=skip | reason=no_latest_setup | signals=0 | elapsed_s=0.292
2026-04-04 06:02:54 | symbol_done | idx=552 | total=654 | symbol=TAKEUSDT | status=skip | reason=no_latest_setup | signals=0 | elapsed_s=0.280
2026-04-04 06:02:55 | symbol_done | idx=553 | total=654 | symbol=BRETTUSDT | status=skip | reason=no_latest_setup | signals=0 | elapsed_s=0.305
2026-04-04 06:02:55 | symbol_done | idx=554 | total=654 | symbol=GOATUSDT | status=skip | reason=no_latest_setup | signals=0 | elapsed_s=0.310
2026-04-04 06:02:55 | symbol_done | idx=555 | total=654 | symbol=IOSTUSDT | status=skip | reason=no_latest_setup | signals=0 | elapsed_s=0.262
2026-04-04 06:02:55 | symbol_done | idx=556 | total=654 | symbol=1000CATUSDT | status=skip | reason=no_latest_setup | signals=0 | elapsed_s=0.303
2026-04-04 06:02:56 | symbol_done | idx=557 | total=654 | symbol=DOGSUSDT | status=skip | reason=no_latest_setup | signals=0 | elapsed_s=0.288
2026-04-04 06:02:56 | symbol_done | idx=558 | total=654 | symbol=TLMUSDT | status=skip | reason=no_latest_setup | signals=0 | elapsed_s=0.285
2026-04-04 06:02:56 | symbol_done | idx=559 | total=654 | symbol=ZKCUSDT | status=skip | reason=no_latest_setup | signals=0 | elapsed_s=0.338
2026-04-04 06:02:57 | symbol_done | idx=560 | total=654 | symbol=B3USDT | status=skip | reason=no_latest_setup | signals=0 | elapsed_s=0.295
2026-04-04 06:02:57 | symbol_done | idx=561 | total=654 | symbol=1000000MOGUSDT | status=skip | reason=no_latest_setup | signals=0 | elapsed_s=0.277
2026-04-04 06:02:57 | symbol_done | idx=562 | total=654 | symbol=XVSUSDT | status=skip | reason=no_latest_setup | signals=0 | elapsed_s=0.272
2026-04-04 06:02:57 | symbol_done | idx=563 | total=654 | symbol=LQTYUSDT | status=skip | reason=no_latest_setup | signals=0 | elapsed_s=0.258
2026-04-04 06:02:58 | symbol_done | idx=564 | total=654 | symbol=TRUTHUSDT | status=skip | reason=no_latest_setup | signals=0 | elapsed_s=0.391
2026-04-04 06:02:58 | symbol_done | idx=565 | total=654 | symbol=KMNOUSDT | status=skip | reason=no_latest_setup | signals=0 | elapsed_s=0.285
2026-04-04 06:02:58 | symbol_done | idx=566 | total=654 | symbol=PONKEUSDT | status=skip | reason=no_setup | signals=0 | elapsed_s=0.260
2026-04-04 06:02:59 | symbol_done | idx=567 | total=654 | symbol=ACEUSDT | status=skip | reason=no_latest_setup | signals=0 | elapsed_s=0.300
2026-04-04 06:02:59 | symbol_done | idx=568 | total=654 | symbol=TAIKOUSDT | status=skip | reason=no_latest_setup | signals=0 | elapsed_s=0.382
2026-04-04 06:02:59 | symbol_done | idx=569 | total=654 | symbol=OGUSDT | status=skip | reason=no_latest_setup | signals=0 | elapsed_s=0.296
2026-04-04 06:03:00 | symbol_done | idx=570 | total=654 | symbol=XPINUSDT | status=skip | reason=no_latest_setup | signals=0 | elapsed_s=0.282
2026-04-04 06:03:00 | symbol_done | idx=571 | total=654 | symbol=1000XECUSDT | status=skip | reason=no_setup | signals=0 | elapsed_s=0.313
2026-04-04 06:03:00 | symbol_done | idx=572 | total=654 | symbol=BANDUSDT | status=skip | reason=no_latest_setup | signals=0 | elapsed_s=0.332
2026-04-04 06:03:01 | symbol_done | idx=573 | total=654 | symbol=ASTRUSDT | status=skip | reason=no_latest_setup | signals=0 | elapsed_s=0.331
2026-04-04 06:03:01 | symbol_done | idx=574 | total=654 | symbol=BELUSDT | status=skip | reason=no_latest_setup | signals=0 | elapsed_s=0.350
2026-04-04 06:03:01 | symbol_done | idx=575 | total=654 | symbol=NXPCUSDT | status=skip | reason=no_latest_setup | signals=0 | elapsed_s=0.318
2026-04-04 06:03:02 | symbol_done | idx=576 | total=654 | symbol=MELANIAUSDT | status=skip | reason=no_latest_setup | signals=0 | elapsed_s=0.289
2026-04-04 06:03:02 | symbol_done | idx=577 | total=654 | symbol=ACUUSDT | status=skip | reason=no_latest_setup | signals=0 | elapsed_s=0.292
2026-04-04 06:03:02 | symbol_done | idx=578 | total=654 | symbol=ZRXUSDT | status=skip | reason=no_latest_setup | signals=0 | elapsed_s=0.287
2026-04-04 06:03:02 | symbol_done | idx=579 | total=654 | symbol=FUSDT | status=skip | reason=no_latest_setup | signals=0 | elapsed_s=0.285
2026-04-04 06:03:03 | symbol_done | idx=580 | total=654 | symbol=PLTRUSDT | status=skip | reason=no_setup | signals=0 | elapsed_s=0.305
2026-04-04 06:03:03 | symbol_done | idx=581 | total=654 | symbol=INUSDT | status=skip | reason=no_latest_setup | signals=0 | elapsed_s=0.273
2026-04-04 06:03:03 | symbol_done | idx=582 | total=654 | symbol=MITOUSDT | status=skip | reason=no_latest_setup | signals=0 | elapsed_s=0.289
2026-04-04 06:03:04 | symbol_done | idx=583 | total=654 | symbol=SCRUSDT | status=skip | reason=no_latest_setup | signals=0 | elapsed_s=0.275
2026-04-04 06:03:04 | symbol_done | idx=584 | total=654 | symbol=B2USDT | status=skip | reason=no_latest_setup | signals=0 | elapsed_s=0.296
2026-04-04 06:03:04 | symbol_done | idx=585 | total=654 | symbol=GLMUSDT | status=skip | reason=no_latest_setup | signals=0 | elapsed_s=0.293
2026-04-04 06:03:04 | symbol_done | idx=586 | total=654 | symbol=C98USDT | status=skip | reason=no_latest_setup | signals=0 | elapsed_s=0.276
2026-04-04 06:03:05 | symbol_done | idx=587 | total=654 | symbol=TUSDT | status=skip | reason=no_latest_setup | signals=0 | elapsed_s=0.315
2026-04-04 06:03:05 | symbol_done | idx=588 | total=654 | symbol=MEWUSDT | status=skip | reason=no_latest_setup | signals=0 | elapsed_s=0.288
2026-04-04 06:03:05 | symbol_done | idx=589 | total=654 | symbol=COWUSDT | status=skip | reason=no_latest_setup | signals=0 | elapsed_s=0.278
2026-04-04 06:03:06 | symbol_done | idx=590 | total=654 | symbol=SFPUSDT | status=skip | reason=no_latest_setup | signals=0 | elapsed_s=0.282
2026-04-04 06:03:06 | symbol_done | idx=591 | total=654 | symbol=HOLOUSDT | status=skip | reason=no_latest_setup | signals=0 | elapsed_s=0.327
2026-04-04 06:03:06 | symbol_done | idx=592 | total=654 | symbol=BREVUSDT | status=skip | reason=no_latest_setup | signals=0 | elapsed_s=0.283
2026-04-04 06:03:07 | symbol_done | idx=593 | total=654 | symbol=METAUSDT | status=skip | reason=insufficient_history | signals=0 | elapsed_s=0.511
2026-04-04 06:03:07 | symbol_done | idx=594 | total=654 | symbol=REDUSDT | status=skip | reason=no_latest_setup | signals=0 | elapsed_s=0.313
2026-04-04 06:03:07 | symbol_done | idx=595 | total=654 | symbol=NEWTUSDT | status=skip | reason=no_latest_setup | signals=0 | elapsed_s=0.304
2026-04-04 06:03:08 | symbol_done | idx=596 | total=654 | symbol=GOOGLUSDT | status=skip | reason=insufficient_history | signals=0 | elapsed_s=0.500
2026-04-04 06:03:08 | symbol_done | idx=597 | total=654 | symbol=ZKJUSDT | status=skip | reason=no_latest_setup | signals=0 | elapsed_s=0.300
2026-04-04 06:03:08 | symbol_done | idx=598 | total=654 | symbol=AMZNUSDT | status=skip | reason=no_setup | signals=0 | elapsed_s=0.295
2026-04-04 06:03:09 | symbol_done | idx=599 | total=654 | symbol=ZETAUSDT | status=skip | reason=no_latest_setup | signals=0 | elapsed_s=0.262
2026-04-04 06:03:09 | symbol_done | idx=600 | total=654 | symbol=TREEUSDT | status=skip | reason=no_latest_setup | signals=0 | elapsed_s=0.281
2026-04-04 06:03:09 | symbol_done | idx=601 | total=654 | symbol=BIRBUSDT | status=skip | reason=no_latest_setup | signals=0 | elapsed_s=0.266
2026-04-04 06:03:10 | symbol_done | idx=602 | total=654 | symbol=ATAUSDT | status=skip | reason=no_latest_setup | signals=0 | elapsed_s=0.292
2026-04-04 06:03:10 | symbol_done | idx=603 | total=654 | symbol=DODOXUSDT | status=skip | reason=no_latest_setup | signals=0 | elapsed_s=0.287
2026-04-04 06:03:10 | symbol_done | idx=604 | total=654 | symbol=AVAUSDT | status=skip | reason=no_latest_setup | signals=0 | elapsed_s=0.275
2026-04-04 06:03:10 | symbol_done | idx=605 | total=654 | symbol=GTCUSDT | status=skip | reason=no_latest_setup | signals=0 | elapsed_s=0.264
2026-04-04 06:03:11 | symbol_done | idx=606 | total=654 | symbol=LSKUSDT | status=skip | reason=no_setup | signals=0 | elapsed_s=0.284
2026-04-04 06:03:11 | symbol_done | idx=607 | total=654 | symbol=ETHWUSDT | status=skip | reason=no_latest_setup | signals=0 | elapsed_s=0.266
2026-04-04 06:03:11 | symbol_done | idx=608 | total=654 | symbol=IOTXUSDT | status=skip | reason=no_latest_setup | signals=0 | elapsed_s=0.286
2026-04-04 06:03:11 | symbol_done | idx=609 | total=654 | symbol=SANTOSUSDT | status=skip | reason=no_latest_setup | signals=0 | elapsed_s=0.271
2026-04-04 06:03:12 | symbol_done | idx=610 | total=654 | symbol=METISUSDT | status=skip | reason=no_latest_setup | signals=0 | elapsed_s=0.303
2026-04-04 06:03:12 | symbol_done | idx=611 | total=654 | symbol=CGPTUSDT | status=skip | reason=no_latest_setup | signals=0 | elapsed_s=0.303
2026-04-04 06:03:12 | symbol_done | idx=612 | total=654 | symbol=XPDUSDT | status=skip | reason=no_latest_setup | signals=0 | elapsed_s=0.297
2026-04-04 06:03:13 | symbol_done | idx=613 | total=654 | symbol=RPLUSDT | status=skip | reason=no_latest_setup | signals=0 | elapsed_s=0.265
2026-04-04 06:03:13 | symbol_done | idx=614 | total=654 | symbol=VELVETUSDT | status=skip | reason=no_latest_setup | signals=0 | elapsed_s=0.293
2026-04-04 06:03:13 | symbol_done | idx=615 | total=654 | symbol=ERAUSDT | status=skip | reason=no_latest_setup | signals=0 | elapsed_s=0.262
2026-04-04 06:03:14 | symbol_done | idx=616 | total=654 | symbol=AWEUSDT | status=skip | reason=no_latest_setup | signals=0 | elapsed_s=0.319
2026-04-04 06:03:14 | symbol_done | idx=617 | total=654 | symbol=MTLUSDT | status=skip | reason=no_latest_setup | signals=0 | elapsed_s=0.309
2026-04-04 06:03:14 | symbol_done | idx=618 | total=654 | symbol=CVXUSDT | status=skip | reason=no_latest_setup | signals=0 | elapsed_s=0.305
2026-04-04 06:03:14 | symbol_done | idx=619 | total=654 | symbol=KOMAUSDT | status=skip | reason=no_latest_setup | signals=0 | elapsed_s=0.269
2026-04-04 06:03:15 | symbol_done | idx=620 | total=654 | symbol=CROSSUSDT | status=skip | reason=no_latest_setup | signals=0 | elapsed_s=0.294
2026-04-04 06:03:15 | symbol_done | idx=621 | total=654 | symbol=HOTUSDT | status=skip | reason=no_latest_setup | signals=0 | elapsed_s=0.281
2026-04-04 06:03:15 | symbol_done | idx=622 | total=654 | symbol=FLUIDUSDT | status=skip | reason=no_latest_setup | signals=0 | elapsed_s=0.311
2026-04-04 06:03:16 | symbol_done | idx=623 | total=654 | symbol=ALPINEUSDT | status=skip | reason=no_setup | signals=0 | elapsed_s=0.285
2026-04-04 06:03:16 | symbol_done | idx=624 | total=654 | symbol=MOCAUSDT | status=skip | reason=no_latest_setup | signals=0 | elapsed_s=0.268
2026-04-04 06:03:16 | symbol_done | idx=625 | total=654 | symbol=ORDERUSDT | status=skip | reason=no_latest_setup | signals=0 | elapsed_s=0.265
2026-04-04 06:03:16 | symbol_done | idx=626 | total=654 | symbol=MLNUSDT | status=skip | reason=no_latest_setup | signals=0 | elapsed_s=0.309
2026-04-04 06:03:17 | symbol_done | idx=627 | total=654 | symbol=ASRUSDT | status=skip | reason=no_setup | signals=0 | elapsed_s=0.290
2026-04-04 06:03:17 | symbol_done | idx=628 | total=654 | symbol=PUNDIXUSDT | status=skip | reason=no_latest_setup | signals=0 | elapsed_s=0.296
2026-04-04 06:03:17 | symbol_done | idx=629 | total=654 | symbol=TOSHIUSDT | status=skip | reason=no_latest_setup | signals=0 | elapsed_s=0.279
2026-04-04 06:03:18 | symbol_done | idx=630 | total=654 | symbol=EWJUSDT | status=skip | reason=no_setup | signals=0 | elapsed_s=0.256
2026-04-04 06:03:18 | symbol_done | idx=631 | total=654 | symbol=FLOCKUSDT | status=skip | reason=no_latest_setup | signals=0 | elapsed_s=0.299
2026-04-04 06:03:18 | symbol_done | idx=632 | total=654 | symbol=RIFUSDT | status=skip | reason=no_latest_setup | signals=0 | elapsed_s=0.295
2026-04-04 06:03:18 | symbol_done | idx=633 | total=654 | symbol=SYSUSDT | status=skip | reason=no_latest_setup | signals=0 | elapsed_s=0.280
2026-04-04 06:03:19 | symbol_done | idx=634 | total=654 | symbol=BOBUSDT | status=skip | reason=no_latest_setup | signals=0 | elapsed_s=0.252
2026-04-04 06:03:19 | symbol_done | idx=635 | total=654 | symbol=IDOLUSDT | status=skip | reason=no_latest_setup | signals=0 | elapsed_s=0.313
2026-04-04 06:03:19 | symbol_done | idx=636 | total=654 | symbol=ELSAUSDT | status=skip | reason=no_latest_setup | signals=0 | elapsed_s=0.283
2026-04-04 06:03:20 | symbol_done | idx=637 | total=654 | symbol=HANAUSDT | status=skip | reason=no_latest_setup | signals=0 | elapsed_s=0.385
2026-04-04 06:03:20 | symbol_done | idx=638 | total=654 | symbol=MAVIAUSDT | status=skip | reason=no_latest_setup | signals=0 | elapsed_s=0.265
2026-04-04 06:03:20 | symbol_done | idx=639 | total=654 | symbol=SPORTFUNUSDT | status=skip | reason=no_latest_setup | signals=0 | elapsed_s=0.288
2026-04-04 06:03:21 | symbol_done | idx=640 | total=654 | symbol=OXTUSDT | status=skip | reason=no_latest_setup | signals=0 | elapsed_s=0.284
2026-04-04 06:03:21 | symbol_done | idx=641 | total=654 | symbol=VELODROMEUSDT | status=skip | reason=no_latest_setup | signals=0 | elapsed_s=0.303
2026-04-04 06:03:21 | symbol_done | idx=642 | total=654 | symbol=BNTUSDT | status=skip | reason=no_latest_setup | signals=0 | elapsed_s=0.289
2026-04-04 06:03:21 | symbol_done | idx=643 | total=654 | symbol=JOEUSDT | status=skip | reason=no_latest_setup | signals=0 | elapsed_s=0.280
2026-04-04 06:03:22 | symbol_done | idx=644 | total=654 | symbol=TACUSDT | status=skip | reason=no_latest_setup | signals=0 | elapsed_s=0.279
2026-04-04 06:03:22 | symbol_done | idx=645 | total=654 | symbol=SONICUSDT | status=skip | reason=no_latest_setup | signals=0 | elapsed_s=0.292
2026-04-04 06:03:22 | symbol_done | idx=646 | total=654 | symbol=AERGOUSDT | status=skip | reason=no_latest_setup | signals=0 | elapsed_s=0.271
2026-04-04 06:03:23 | symbol_done | idx=647 | total=654 | symbol=BROCCOLIF3BUSDT | status=skip | reason=no_latest_setup | signals=0 | elapsed_s=0.301
2026-04-04 06:03:23 | symbol_done | idx=648 | total=654 | symbol=CARVUSDT | status=skip | reason=no_latest_setup | signals=0 | elapsed_s=0.298
2026-04-04 06:03:23 | symbol_done | idx=649 | total=654 | symbol=SLPUSDT | status=skip | reason=no_latest_setup | signals=0 | elapsed_s=0.282
2026-04-04 06:03:23 | symbol_done | idx=650 | total=654 | symbol=CLANKERUSDT | status=skip | reason=no_latest_setup | signals=0 | elapsed_s=0.321
2026-04-04 06:03:24 | symbol_done | idx=651 | total=654 | symbol=CTKUSDT | status=skip | reason=no_latest_setup | signals=0 | elapsed_s=0.273
2026-04-04 06:03:24 | symbol_done | idx=652 | total=654 | symbol=MEGAUSDT | status=skip | reason=no_latest_setup | signals=0 | elapsed_s=0.284
2026-04-04 06:03:24 | symbol_done | idx=653 | total=654 | symbol=ALLUSDT | status=skip | reason=no_latest_setup | signals=0 | elapsed_s=0.421
2026-04-04 06:03:25 | symbol_done | idx=654 | total=654 | symbol=PAYPUSDT | status=skip | reason=insufficient_history | signals=0 | elapsed_s=0.492
2026-04-04 06:03:25 | scan_end | timeframe=1h | symbols=654 | total_signals=0 | elapsed_s=196.791 | log_file=D:\Code\Projects\self-projects\macd-overlay - Copy\logs\sniper_scan_progress.log
