STDOUT

[RUN] baseline

[RUN] higher_quality_wave

[RUN] pullback_conservative

[RUN] faster_rotation

[RUN] tighter_quality

[RUN] auto_006

[RUN] auto_007

[RUN] auto_008

[RUN] auto_009

[RUN] auto_010

[RUN] auto_011

[RUN] auto_012

[RUN] auto_013

[RUN] auto_014

[RUN] auto_015

[RUN] auto_016

[RUN] auto_017

[RUN] auto_018

[RUN] auto_019

[RUN] auto_020

[RUN] auto_021

[RUN] auto_022

[RUN] auto_023

[RUN] auto_024

[RUN] auto_025

[RUN] auto_026

[RUN] auto_027

[RUN] auto_028

[RUN] auto_029

[RUN] auto_030

[DONE]
Summary: output\p3_edge_research\continuous\batch_003\summary.csv
Details: output\p3_edge_research\continuous\batch_003\details.json


STDERR

Extract:   0%|          | 0/578 [00:00<?, ?it/s]
Extract:   0%|          | 1/578 [00:00<01:05,  8.75it/s]
Extract:   0%|          | 2/578 [00:00<01:02,  9.16it/s]
Extract:   1%|          | 3/578 [00:00<01:37,  5.88it/s]
Extract:   1%|          | 4/578 [00:00<01:55,  4.96it/s]
Extract:   1%|1         | 6/578 [00:00<01:19,  7.15it/s]
Extract:   1%|1         | 7/578 [00:01<01:22,  6.89it/s]
Extract:   1%|1         | 8/578 [00:01<01:37,  5.84it/s]
Extract:   2%|1         | 9/578 [00:01<01:51,  5.10it/s]
Extract:   2%|1         | 10/578 [00:01<01:55,  4.93it/s]
Extract:   2%|1         | 11/578 [00:01<01:43,  5.49it/s]
Extract:   2%|2         | 12/578 [00:02<02:14,  4.20it/s]
Extract:   2%|2         | 14/578 [00:02<02:14,  4.18it/s]
Extract:   3%|2         | 15/578 [00:03<02:21,  3.97it/s]
Extract:   3%|2         | 17/578 [00:03<01:39,  5.65it/s]
Extract:   3%|3         | 20/578 [00:03<01:05,  8.56it/s]
Extract:   4%|3         | 22/578 [00:03<01:36,  5.77it/s]
Extract:   4%|3         | 23/578 [00:04<01:33,  5.94it/s]
Extract:   4%|4         | 26/578 [00:04<01:10,  7.87it/s]
Extract:   5%|4         | 27/578 [00:04<01:39,  5.56it/s]
Extract:   5%|5         | 29/578 [00:04<01:22,  6.64it/s]
Extract:   5%|5         | 30/578 [00:05<01:18,  7.01it/s]
Extract:   5%|5         | 31/578 [00:05<01:14,  7.31it/s]
Extract:   6%|5         | 34/578 [00:05<00:56,  9.56it/s]
Extract:   6%|6         | 36/578 [00:05<00:56,  9.63it/s]
Extract:   7%|6         | 38/578 [00:05<01:01,  8.83it/s]
Extract:   7%|6         | 40/578 [00:05<00:52, 10.29it/s]
Extract:   7%|7         | 42/578 [00:06<01:19,  6.73it/s]
Extract:   7%|7         | 43/578 [00:06<01:33,  5.73it/s]
Extract:   8%|8         | 47/578 [00:06<00:59,  8.97it/s]
Extract:   8%|8         | 49/578 [00:07<00:54,  9.75it/s]
Extract:   9%|8         | 51/578 [00:07<01:25,  6.15it/s]
Extract:   9%|8         | 52/578 [00:08<01:39,  5.28it/s]
Extract:   9%|9         | 54/578 [00:08<01:26,  6.05it/s]
Extract:  10%|9         | 55/578 [00:08<01:30,  5.76it/s]
Extract:  10%|9         | 56/578 [00:08<01:22,  6.32it/s]
Extract:  10%|9         | 57/578 [00:08<01:18,  6.64it/s]
Extract:  10%|#         | 58/578 [00:08<01:17,  6.70it/s]
Extract:  10%|#         | 59/578 [00:09<01:17,  6.67it/s]
Extract:  10%|#         | 60/578 [00:09<01:31,  5.67it/s]
Extract:  11%|#         | 61/578 [00:09<01:57,  4.40it/s]
Extract:  11%|#         | 63/578 [00:09<01:19,  6.46it/s]
Extract:  11%|#1        | 64/578 [00:09<01:28,  5.82it/s]
Extract:  11%|#1        | 65/578 [00:10<02:12,  3.87it/s]
Extract:  11%|#1        | 66/578 [00:10<01:51,  4.58it/s]
Extract:  12%|#1        | 67/578 [00:11<02:18,  3.70it/s]
Extract:  12%|#1        | 69/578 [00:11<01:49,  4.64it/s]
Extract:  12%|#2        | 70/578 [00:11<01:38,  5.16it/s]
Extract:  12%|#2        | 71/578 [00:11<01:36,  5.24it/s]
Extract:  12%|#2        | 72/578 [00:11<01:35,  5.28it/s]
Extract:  13%|#2        | 73/578 [00:12<02:27,  3.43it/s]
Extract:  13%|#2        | 74/578 [00:12<02:00,  4.18it/s]
Extract:  13%|#2        | 75/578 [00:12<01:42,  4.93it/s]
Extract:  13%|#3        | 76/578 [00:12<01:33,  5.35it/s]
Extract:  13%|#3        | 77/578 [00:13<02:11,  3.82it/s]
Extract:  14%|#3        | 79/578 [00:13<01:29,  5.55it/s]
Extract:  14%|#3        | 80/578 [00:13<01:25,  5.82it/s]
Extract:  14%|#4        | 81/578 [00:13<01:21,  6.08it/s]
Extract:  14%|#4        | 82/578 [00:13<01:14,  6.67it/s]
Extract:  14%|#4        | 83/578 [00:13<01:11,  6.91it/s]
Extract:  15%|#4        | 84/578 [00:14<01:47,  4.61it/s]
Extract:  15%|#4        | 86/578 [00:14<01:22,  5.96it/s]
Extract:  15%|#5        | 88/578 [00:14<01:01,  8.02it/s]
Extract:  16%|#5        | 90/578 [00:15<01:27,  5.59it/s]
Extract:  16%|#5        | 91/578 [00:15<02:10,  3.72it/s]
Extract:  16%|#5        | 92/578 [00:16<02:14,  3.61it/s]
Extract:  16%|#6        | 93/578 [00:16<01:56,  4.16it/s]
Extract:  16%|#6        | 94/578 [00:16<01:49,  4.41it/s]
Extract:  17%|#6        | 96/578 [00:16<01:58,  4.08it/s]
Extract:  17%|#6        | 97/578 [00:17<01:50,  4.37it/s]
Extract:  17%|#6        | 98/578 [00:17<01:56,  4.10it/s]
Extract:  17%|#7        | 100/578 [00:17<01:37,  4.88it/s]
Extract:  17%|#7        | 101/578 [00:17<01:29,  5.32it/s]
Extract:  18%|#7        | 104/578 [00:17<00:55,  8.53it/s]
Extract:  18%|#8        | 106/578 [00:18<01:06,  7.11it/s]
Extract:  19%|#8        | 107/578 [00:18<01:24,  5.57it/s]
Extract:  19%|#8        | 108/578 [00:18<01:22,  5.66it/s]
Extract:  19%|#9        | 110/578 [00:19<01:08,  6.84it/s]
Extract:  19%|#9        | 111/578 [00:19<01:07,  6.93it/s]
Extract:  20%|#9        | 113/578 [00:19<00:56,  8.23it/s]
Extract:  20%|#9        | 115/578 [00:19<00:50,  9.22it/s]
Extract:  20%|##        | 116/578 [00:19<00:51,  8.96it/s]
Extract:  20%|##        | 117/578 [00:19<01:08,  6.74it/s]
Extract:  21%|##        | 120/578 [00:20<01:15,  6.07it/s]
Extract:  21%|##        | 121/578 [00:21<01:48,  4.23it/s]
Extract:  21%|##1       | 123/578 [00:21<01:24,  5.42it/s]
Extract:  21%|##1       | 124/578 [00:21<01:16,  5.90it/s]
Extract:  22%|##1       | 125/578 [00:21<01:32,  4.90it/s]
Extract:  22%|##1       | 126/578 [00:21<01:37,  4.65it/s]
Extract:  22%|##2       | 128/578 [00:22<01:21,  5.52it/s]
Extract:  22%|##2       | 130/578 [00:22<01:23,  5.35it/s]
Extract:  23%|##2       | 131/578 [00:22<01:38,  4.54it/s]
Extract:  23%|##2       | 132/578 [00:23<01:43,  4.29it/s]
Extract:  23%|##3       | 133/578 [00:23<01:56,  3.81it/s]
Extract:  23%|##3       | 134/578 [00:23<01:41,  4.37it/s]
Extract:  23%|##3       | 135/578 [00:23<01:33,  4.74it/s]
Extract:  24%|##3       | 136/578 [00:23<01:22,  5.39it/s]
Extract:  24%|##3       | 137/578 [00:24<01:44,  4.22it/s]
Extract:  24%|##3       | 138/578 [00:24<02:06,  3.48it/s]
Extract:  24%|##4       | 139/578 [00:24<02:05,  3.49it/s]
Extract:  25%|##4       | 142/578 [00:25<01:07,  6.50it/s]
Extract:  25%|##5       | 145/578 [00:25<00:43,  9.87it/s]
Extract:  25%|##5       | 147/578 [00:25<01:08,  6.30it/s]
Extract:  26%|##5       | 149/578 [00:26<01:27,  4.92it/s]
Extract:  26%|##5       | 150/578 [00:26<01:26,  4.93it/s]
Extract:  26%|##6       | 152/578 [00:26<01:09,  6.09it/s]
Extract:  26%|##6       | 153/578 [00:27<01:43,  4.11it/s]
Extract:  27%|##6       | 155/578 [00:27<01:36,  4.39it/s]
Extract:  27%|##7       | 157/578 [00:27<01:11,  5.90it/s]
Extract:  27%|##7       | 158/578 [00:28<01:08,  6.14it/s]
Extract:  28%|##7       | 159/578 [00:28<01:03,  6.55it/s]
Extract:  28%|##7       | 160/578 [00:28<01:11,  5.88it/s]
Extract:  28%|##8       | 162/578 [00:28<00:55,  7.48it/s]
Extract:  28%|##8       | 163/578 [00:28<01:18,  5.32it/s]
Extract:  29%|##8       | 165/578 [00:29<01:03,  6.46it/s]
Extract:  29%|##8       | 166/578 [00:29<01:13,  5.57it/s]
Extract:  29%|##8       | 167/578 [00:29<01:29,  4.59it/s]
Extract:  29%|##9       | 168/578 [00:29<01:24,  4.87it/s]
Extract:  29%|##9       | 169/578 [00:30<01:19,  5.15it/s]
Extract:  29%|##9       | 170/578 [00:30<01:21,  4.99it/s]
Extract:  30%|##9       | 172/578 [00:30<01:08,  5.93it/s]
Extract:  30%|##9       | 173/578 [00:30<01:28,  4.60it/s]
Extract:  30%|###       | 174/578 [00:31<01:19,  5.07it/s]
Extract:  30%|###       | 176/578 [00:31<01:00,  6.62it/s]
Extract:  31%|###       | 177/578 [00:31<01:29,  4.50it/s]
Extract:  31%|###       | 178/578 [00:31<01:18,  5.06it/s]
Extract:  31%|###       | 179/578 [00:31<01:12,  5.49it/s]
Extract:  31%|###1      | 180/578 [00:32<01:21,  4.88it/s]
Extract:  31%|###1      | 181/578 [00:32<01:56,  3.41it/s]
Extract:  31%|###1      | 182/578 [00:32<01:45,  3.74it/s]
Extract:  32%|###1      | 184/578 [00:33<01:21,  4.82it/s]
Extract:  32%|###2      | 185/578 [00:33<01:43,  3.80it/s]
Extract:  32%|###2      | 186/578 [00:33<01:32,  4.23it/s]
Extract:  33%|###2      | 188/578 [00:33<01:05,  5.99it/s]
Extract:  33%|###2      | 189/578 [00:34<01:31,  4.25it/s]
Extract:  33%|###3      | 191/578 [00:34<01:19,  4.88it/s]
Extract:  33%|###3      | 192/578 [00:34<01:11,  5.36it/s]
Extract:  34%|###3      | 194/578 [00:34<00:54,  7.06it/s]
Extract:  34%|###3      | 195/578 [00:35<00:50,  7.52it/s]
Extract:  34%|###4      | 197/578 [00:35<01:25,  4.45it/s]
Extract:  34%|###4      | 198/578 [00:36<01:21,  4.66it/s]
Extract:  35%|###4      | 201/578 [00:36<01:10,  5.35it/s]
Extract:  35%|###4      | 202/578 [00:36<01:15,  4.95it/s]
Extract:  35%|###5      | 203/578 [00:37<01:37,  3.84it/s]
Extract:  35%|###5      | 205/578 [00:37<01:08,  5.48it/s]
Extract:  36%|###5      | 206/578 [00:37<01:04,  5.80it/s]
Extract:  36%|###5      | 207/578 [00:37<01:15,  4.89it/s]
Extract:  36%|###6      | 209/578 [00:38<01:02,  5.90it/s]
Extract:  36%|###6      | 210/578 [00:38<01:00,  6.08it/s]
Extract:  37%|###6      | 212/578 [00:38<01:11,  5.09it/s]
Extract:  37%|###6      | 213/578 [00:38<01:11,  5.07it/s]
Extract:  37%|###7      | 215/578 [00:39<01:10,  5.16it/s]
Extract:  37%|###7      | 216/578 [00:39<01:14,  4.86it/s]
Extract:  38%|###7      | 217/578 [00:39<01:07,  5.34it/s]
Extract:  38%|###8      | 220/578 [00:39<00:46,  7.68it/s]
Extract:  38%|###8      | 221/578 [00:39<00:45,  7.89it/s]
Extract:  39%|###8      | 223/578 [00:40<00:39,  8.89it/s]
Extract:  39%|###8      | 224/578 [00:40<00:40,  8.68it/s]
Extract:  39%|###8      | 225/578 [00:40<01:05,  5.43it/s]
Extract:  39%|###9      | 226/578 [00:40<01:04,  5.45it/s]
Extract:  39%|###9      | 227/578 [00:40<00:58,  6.01it/s]
Extract:  40%|###9      | 229/578 [00:41<00:47,  7.36it/s]
Extract:  40%|###9      | 230/578 [00:41<01:09,  5.04it/s]
Extract:  40%|###9      | 231/578 [00:41<01:08,  5.05it/s]
Extract:  40%|####      | 232/578 [00:41<01:02,  5.53it/s]
Extract:  40%|####      | 233/578 [00:42<00:59,  5.81it/s]
Extract:  40%|####      | 234/578 [00:42<00:55,  6.15it/s]
Extract:  41%|####      | 235/578 [00:42<00:57,  5.99it/s]
Extract:  41%|####      | 236/578 [00:42<01:18,  4.35it/s]
Extract:  41%|####1     | 237/578 [00:43<01:50,  3.10it/s]
Extract:  41%|####1     | 239/578 [00:43<01:07,  5.00it/s]
Extract:  42%|####1     | 241/578 [00:43<00:49,  6.80it/s]
Extract:  42%|####2     | 243/578 [00:43<00:39,  8.40it/s]
Extract:  42%|####2     | 245/578 [00:44<00:49,  6.67it/s]
Extract:  43%|####2     | 247/578 [00:44<00:49,  6.74it/s]
Extract:  43%|####2     | 248/578 [00:44<00:56,  5.85it/s]
Extract:  43%|####3     | 249/578 [00:44<00:52,  6.30it/s]
Extract:  43%|####3     | 251/578 [00:44<00:45,  7.15it/s]
Extract:  44%|####3     | 253/578 [00:45<00:38,  8.36it/s]
Extract:  44%|####4     | 255/578 [00:45<00:40,  7.93it/s]
Extract:  44%|####4     | 256/578 [00:45<01:03,  5.09it/s]
Extract:  44%|####4     | 257/578 [00:46<00:57,  5.63it/s]
Extract:  45%|####4     | 259/578 [00:46<00:46,  6.87it/s]
Extract:  45%|####5     | 261/578 [00:46<00:37,  8.35it/s]
Extract:  46%|####5     | 263/578 [00:47<01:02,  5.01it/s]
Extract:  46%|####5     | 264/578 [00:47<00:58,  5.40it/s]
Extract:  46%|####5     | 265/578 [00:47<01:07,  4.66it/s]
Extract:  46%|####6     | 266/578 [00:47<01:18,  3.97it/s]
Extract:  46%|####6     | 267/578 [00:48<01:34,  3.28it/s]
Extract:  47%|####6     | 269/578 [00:48<01:24,  3.65it/s]
Extract:  47%|####6     | 271/578 [00:48<00:59,  5.16it/s]
Extract:  47%|####7     | 273/578 [00:49<00:56,  5.40it/s]
Extract:  47%|####7     | 274/578 [00:49<01:09,  4.36it/s]
Extract:  48%|####7     | 275/578 [00:50<01:17,  3.90it/s]
Extract:  48%|####7     | 276/578 [00:50<01:13,  4.14it/s]
Extract:  48%|####7     | 277/578 [00:50<01:03,  4.70it/s]
Extract:  48%|####8     | 279/578 [00:50<00:43,  6.88it/s]
Extract:  48%|####8     | 280/578 [00:50<00:51,  5.84it/s]
Extract:  49%|####8     | 282/578 [00:50<00:43,  6.77it/s]
Extract:  49%|####8     | 283/578 [00:51<00:48,  6.08it/s]
Extract:  49%|####9     | 285/578 [00:51<00:43,  6.71it/s]
Extract:  49%|####9     | 286/578 [00:51<00:55,  5.24it/s]
Extract:  50%|####9     | 287/578 [00:51<00:52,  5.56it/s]
Extract:  50%|#####     | 289/578 [00:52<00:43,  6.66it/s]
Extract:  50%|#####     | 290/578 [00:52<01:07,  4.25it/s]
Extract:  50%|#####     | 291/578 [00:52<01:04,  4.48it/s]
Extract:  51%|#####     | 293/578 [00:52<00:47,  6.03it/s]
Extract:  51%|#####     | 294/578 [00:53<00:45,  6.25it/s]
Extract:  51%|#####1    | 295/578 [00:53<01:13,  3.86it/s]
Extract:  51%|#####1    | 296/578 [00:53<01:05,  4.30it/s]
Extract:  51%|#####1    | 297/578 [00:54<01:27,  3.21it/s]
Extract:  52%|#####1    | 299/578 [00:54<00:57,  4.84it/s]
Extract:  52%|#####1    | 300/578 [00:54<00:50,  5.51it/s]
Extract:  52%|#####2    | 301/578 [00:54<00:54,  5.05it/s]
Extract:  52%|#####2    | 303/578 [00:54<00:38,  7.24it/s]
Extract:  53%|#####2    | 305/578 [00:55<00:54,  4.97it/s]
Extract:  53%|#####3    | 307/578 [00:56<01:03,  4.30it/s]
Extract:  53%|#####3    | 308/578 [00:56<01:01,  4.36it/s]
Extract:  53%|#####3    | 309/578 [00:56<01:10,  3.80it/s]
Extract:  54%|#####3    | 310/578 [00:56<01:03,  4.24it/s]
Extract:  54%|#####3    | 311/578 [00:57<01:23,  3.19it/s]
Extract:  54%|#####3    | 312/578 [00:57<01:33,  2.83it/s]
Extract:  54%|#####4    | 313/578 [00:58<01:17,  3.43it/s]
Extract:  54%|#####4    | 314/578 [00:58<01:15,  3.48it/s]
Extract:  55%|#####4    | 316/578 [00:58<00:57,  4.55it/s]
Extract:  55%|#####5    | 318/578 [00:59<00:57,  4.52it/s]
Extract:  55%|#####5    | 319/578 [00:59<00:55,  4.69it/s]
Extract:  55%|#####5    | 320/578 [00:59<01:07,  3.80it/s]
Extract:  56%|#####5    | 321/578 [00:59<00:57,  4.50it/s]
Extract:  56%|#####5    | 322/578 [01:00<00:59,  4.28it/s]
Extract:  56%|#####5    | 323/578 [01:00<00:52,  4.83it/s]
Extract:  56%|#####6    | 325/578 [01:00<00:42,  5.98it/s]
Extract:  56%|#####6    | 326/578 [01:00<00:58,  4.32it/s]
Extract:  57%|#####6    | 328/578 [01:01<00:44,  5.57it/s]
Extract:  57%|#####7    | 330/578 [01:01<00:36,  6.74it/s]
Extract:  57%|#####7    | 331/578 [01:01<00:40,  6.08it/s]
Extract:  57%|#####7    | 332/578 [01:01<00:51,  4.80it/s]
Extract:  58%|#####7    | 334/578 [01:01<00:36,  6.66it/s]
Extract:  58%|#####8    | 336/578 [01:02<00:28,  8.64it/s]
Extract:  58%|#####8    | 338/578 [01:02<00:25,  9.34it/s]
Extract:  59%|#####8    | 340/578 [01:02<00:28,  8.40it/s]
Extract:  59%|#####9    | 342/578 [01:02<00:30,  7.84it/s]
Extract:  60%|#####9    | 344/578 [01:03<00:31,  7.39it/s]
Extract:  60%|#####9    | 345/578 [01:03<00:31,  7.35it/s]
Extract:  60%|#####9    | 346/578 [01:03<00:30,  7.64it/s]
Extract:  60%|######    | 348/578 [01:03<00:24,  9.30it/s]
Extract:  61%|######    | 350/578 [01:03<00:34,  6.59it/s]
Extract:  61%|######    | 351/578 [01:04<00:48,  4.73it/s]
Extract:  61%|######1   | 353/578 [01:04<00:41,  5.38it/s]
Extract:  61%|######1   | 355/578 [01:04<00:34,  6.48it/s]
Extract:  62%|######1   | 356/578 [01:05<00:53,  4.14it/s]
Extract:  62%|######1   | 357/578 [01:05<00:50,  4.35it/s]
Extract:  62%|######2   | 359/578 [01:05<00:43,  4.99it/s]
Extract:  62%|######2   | 360/578 [01:06<00:40,  5.36it/s]
Extract:  63%|######2   | 362/578 [01:06<00:45,  4.75it/s]
Extract:  63%|######2   | 364/578 [01:06<00:35,  5.96it/s]
Extract:  63%|######3   | 365/578 [01:06<00:36,  5.79it/s]
Extract:  63%|######3   | 366/578 [01:07<00:36,  5.76it/s]
Extract:  63%|######3   | 367/578 [01:07<00:43,  4.85it/s]
Extract:  64%|######3   | 368/578 [01:07<00:42,  4.94it/s]
Extract:  64%|######3   | 369/578 [01:08<00:53,  3.92it/s]
Extract:  64%|######4   | 371/578 [01:08<00:35,  5.76it/s]
Extract:  65%|######4   | 373/578 [01:08<00:33,  6.17it/s]
Extract:  65%|######4   | 374/578 [01:08<00:32,  6.20it/s]
Extract:  65%|######5   | 376/578 [01:08<00:29,  6.80it/s]
Extract:  65%|######5   | 377/578 [01:09<00:34,  5.82it/s]
Extract:  66%|######5   | 379/578 [01:09<00:26,  7.44it/s]
Extract:  66%|######5   | 380/578 [01:09<00:26,  7.35it/s]
Extract:  66%|######6   | 382/578 [01:09<00:26,  7.37it/s]
Extract:  66%|######6   | 384/578 [01:10<00:33,  5.76it/s]
Extract:  67%|######6   | 386/578 [01:10<00:25,  7.39it/s]
Extract:  67%|######6   | 387/578 [01:10<00:25,  7.56it/s]
Extract:  67%|######7   | 390/578 [01:10<00:17, 10.64it/s]
Extract:  68%|######7   | 392/578 [01:10<00:17, 10.76it/s]
Extract:  68%|######8   | 394/578 [01:10<00:18,  9.75it/s]
Extract:  69%|######8   | 396/578 [01:11<00:17, 10.64it/s]
Extract:  69%|######8   | 398/578 [01:11<00:17, 10.53it/s]
Extract:  69%|######9   | 400/578 [01:11<00:14, 11.90it/s]
Extract:  70%|######9   | 402/578 [01:11<00:13, 13.50it/s]
Extract:  70%|#######   | 405/578 [01:11<00:11, 14.66it/s]
Extract:  70%|#######   | 407/578 [01:12<00:16, 10.26it/s]
Extract:  71%|#######   | 409/578 [01:12<00:19,  8.73it/s]
Extract:  71%|#######1  | 411/578 [01:12<00:16, 10.19it/s]
Extract:  71%|#######1  | 413/578 [01:12<00:16,  9.82it/s]
Extract:  72%|#######1  | 416/578 [01:12<00:14, 10.86it/s]
Extract:  72%|#######2  | 418/578 [01:13<00:14, 10.67it/s]
Extract:  73%|#######2  | 420/578 [01:13<00:14, 10.87it/s]
Extract:  73%|#######3  | 422/578 [01:13<00:16,  9.71it/s]
Extract:  73%|#######3  | 424/578 [01:13<00:14, 10.84it/s]
Extract:  74%|#######3  | 426/578 [01:14<00:21,  7.09it/s]
Extract:  74%|#######3  | 427/578 [01:14<00:25,  5.97it/s]
Extract:  74%|#######4  | 428/578 [01:14<00:28,  5.23it/s]
Extract:  74%|#######4  | 429/578 [01:15<00:29,  5.02it/s]
Extract:  75%|#######4  | 431/578 [01:15<00:22,  6.51it/s]
Extract:  75%|#######4  | 432/578 [01:15<00:21,  6.75it/s]
Extract:  75%|#######5  | 434/578 [01:15<00:20,  7.03it/s]
Extract:  75%|#######5  | 436/578 [01:15<00:16,  8.74it/s]
Extract:  76%|#######5  | 438/578 [01:15<00:14,  9.69it/s]
Extract:  76%|#######6  | 440/578 [01:16<00:13, 10.28it/s]
Extract:  76%|#######6  | 442/578 [01:16<00:16,  8.16it/s]
Extract:  77%|#######6  | 444/578 [01:16<00:15,  8.85it/s]
Extract:  77%|#######6  | 445/578 [01:16<00:18,  7.22it/s]
Extract:  77%|#######7  | 447/578 [01:16<00:14,  8.95it/s]
Extract:  78%|#######7  | 450/578 [01:17<00:14,  8.89it/s]
Extract:  78%|#######8  | 452/578 [01:17<00:21,  5.73it/s]
Extract:  79%|#######8  | 454/578 [01:18<00:17,  7.05it/s]
Extract:  79%|#######8  | 456/578 [01:18<00:14,  8.37it/s]
Extract:  79%|#######9  | 458/578 [01:18<00:14,  8.52it/s]
Extract:  80%|#######9  | 460/578 [01:18<00:12,  9.73it/s]
Extract:  80%|#######9  | 462/578 [01:18<00:11,  9.79it/s]
Extract:  80%|########  | 464/578 [01:19<00:12,  8.90it/s]
Extract:  81%|########  | 466/578 [01:19<00:12,  9.24it/s]
Extract:  81%|########  | 468/578 [01:19<00:18,  5.91it/s]
Extract:  81%|########1 | 469/578 [01:19<00:17,  6.33it/s]
Extract:  81%|########1 | 470/578 [01:20<00:16,  6.37it/s]
Extract:  81%|########1 | 471/578 [01:20<00:17,  6.14it/s]
Extract:  82%|########1 | 472/578 [01:20<00:17,  6.14it/s]
Extract:  82%|########1 | 473/578 [01:20<00:16,  6.32it/s]
Extract:  82%|########2 | 474/578 [01:20<00:15,  6.52it/s]
Extract:  82%|########2 | 475/578 [01:20<00:14,  7.01it/s]
Extract:  82%|########2 | 476/578 [01:21<00:22,  4.45it/s]
Extract:  83%|########2 | 477/578 [01:21<00:19,  5.10it/s]
Extract:  83%|########2 | 479/578 [01:21<00:15,  6.52it/s]
Extract:  83%|########3 | 481/578 [01:21<00:12,  7.92it/s]
Extract:  84%|########3 | 483/578 [01:21<00:10,  9.35it/s]
Extract:  84%|########3 | 485/578 [01:22<00:08, 11.29it/s]
Extract:  84%|########4 | 487/578 [01:22<00:08, 10.45it/s]
Extract:  85%|########4 | 489/578 [01:22<00:12,  7.30it/s]
Extract:  85%|########4 | 490/578 [01:22<00:12,  7.31it/s]
Extract:  85%|########4 | 491/578 [01:23<00:12,  6.85it/s]
Extract:  85%|########5 | 492/578 [01:23<00:20,  4.29it/s]
Extract:  85%|########5 | 493/578 [01:23<00:18,  4.48it/s]
Extract:  85%|########5 | 494/578 [01:23<00:18,  4.55it/s]
Extract:  86%|########5 | 496/578 [01:24<00:12,  6.39it/s]
Extract:  86%|########6 | 498/578 [01:24<00:12,  6.19it/s]
Extract:  87%|########6 | 500/578 [01:24<00:09,  8.00it/s]
Extract:  87%|########6 | 502/578 [01:24<00:07,  9.95it/s]
Extract:  87%|########7 | 504/578 [01:24<00:07, 10.09it/s]
Extract:  88%|########7 | 506/578 [01:25<00:08,  8.41it/s]
Extract:  88%|########7 | 508/578 [01:25<00:08,  8.73it/s]
Extract:  88%|########8 | 510/578 [01:25<00:07,  8.89it/s]
Extract:  89%|########8 | 512/578 [01:25<00:07,  8.96it/s]
Extract:  89%|########9 | 515/578 [01:26<00:06,  9.55it/s]
Extract:  89%|########9 | 516/578 [01:26<00:09,  6.74it/s]
Extract:  89%|########9 | 517/578 [01:26<00:09,  6.44it/s]
Extract:  90%|########9 | 519/578 [01:26<00:08,  7.37it/s]
Extract:  90%|######### | 521/578 [01:27<00:06,  9.15it/s]
Extract:  90%|######### | 523/578 [01:27<00:05,  9.40it/s]
Extract:  91%|######### | 525/578 [01:27<00:04, 10.68it/s]
Extract:  91%|#########1| 527/578 [01:27<00:06,  8.40it/s]
Extract:  92%|#########1| 529/578 [01:27<00:05,  9.64it/s]
Extract:  92%|#########1| 531/578 [01:28<00:04,  9.99it/s]
Extract:  92%|#########2| 533/578 [01:28<00:04, 10.49it/s]
Extract:  93%|#########2| 535/578 [01:28<00:06,  7.13it/s]
Extract:  93%|#########2| 537/578 [01:28<00:04,  8.35it/s]
Extract:  93%|#########3| 539/578 [01:29<00:04,  8.41it/s]
Extract:  93%|#########3| 540/578 [01:29<00:05,  7.42it/s]
Extract:  94%|#########3| 542/578 [01:29<00:03,  9.12it/s]
Extract:  94%|#########4| 544/578 [01:29<00:03,  9.72it/s]
Extract:  94%|#########4| 546/578 [01:29<00:03,  8.50it/s]
Extract:  95%|#########4| 547/578 [01:30<00:04,  6.90it/s]
Extract:  95%|#########5| 550/578 [01:30<00:02, 10.10it/s]
Extract:  96%|#########5| 553/578 [01:30<00:02,  8.48it/s]
Extract:  96%|#########6| 555/578 [01:31<00:03,  5.75it/s]
Extract:  96%|#########6| 556/578 [01:31<00:03,  6.01it/s]
Extract:  96%|#########6| 557/578 [01:31<00:03,  6.13it/s]
Extract:  97%|#########6| 560/578 [01:31<00:02,  7.37it/s]
Extract:  97%|#########7| 561/578 [01:32<00:02,  7.15it/s]
Extract:  98%|#########7| 564/578 [01:32<00:01,  7.02it/s]
Extract:  98%|#########7| 565/578 [01:33<00:03,  4.30it/s]
Extract:  98%|#########7| 566/578 [01:33<00:02,  4.75it/s]
Extract:  98%|#########8| 567/578 [01:33<00:02,  5.08it/s]
Extract:  98%|#########8| 568/578 [01:33<00:02,  4.39it/s]
Extract:  99%|#########8| 570/578 [01:33<00:01,  6.22it/s]
Extract:  99%|#########8| 572/578 [01:34<00:00,  8.10it/s]
Extract:  99%|#########9| 575/578 [01:34<00:00,  9.98it/s]
Extract: 100%|#########9| 577/578 [01:34<00:00,  8.75it/s]
Extract: 100%|##########| 578/578 [01:34<00:00,  6.11it/s]

Extract:   0%|          | 0/578 [00:00<?, ?it/s]
Extract:   1%|          | 3/578 [00:00<00:31, 18.34it/s]
Extract:   1%|          | 5/578 [00:00<00:39, 14.45it/s]
Extract:   1%|1         | 7/578 [00:00<00:46, 12.15it/s]
Extract:   2%|1         | 9/578 [00:00<01:13,  7.71it/s]
Extract:   2%|1         | 10/578 [00:01<01:15,  7.56it/s]
Extract:   2%|1         | 11/578 [00:01<01:18,  7.18it/s]
Extract:   2%|2         | 12/578 [00:01<01:30,  6.24it/s]
Extract:   2%|2         | 14/578 [00:01<01:24,  6.71it/s]
Extract:   3%|2         | 15/578 [00:01<01:32,  6.12it/s]
Extract:   3%|2         | 17/578 [00:02<01:06,  8.41it/s]
Extract:   3%|3         | 20/578 [00:02<00:47, 11.76it/s]
Extract:   4%|3         | 22/578 [00:02<00:58,  9.49it/s]
Extract:   4%|4         | 24/578 [00:02<00:59,  9.24it/s]
Extract:   4%|4         | 26/578 [00:02<00:51, 10.68it/s]
Extract:   5%|4         | 28/578 [00:03<01:07,  8.12it/s]
Extract:   5%|5         | 30/578 [00:03<01:02,  8.70it/s]
Extract:   6%|5         | 32/578 [00:03<00:55,  9.90it/s]
Extract:   6%|6         | 36/578 [00:03<00:36, 14.80it/s]
Extract:   7%|6         | 38/578 [00:03<00:37, 14.36it/s]
Extract:   7%|7         | 41/578 [00:03<00:31, 17.05it/s]
Extract:   7%|7         | 43/578 [00:04<00:53, 10.04it/s]
Extract:   8%|7         | 45/578 [00:04<00:47, 11.23it/s]
Extract:   8%|8         | 47/578 [00:04<00:44, 11.97it/s]
Extract:   9%|8         | 50/578 [00:04<00:46, 11.29it/s]
Extract:   9%|8         | 52/578 [00:05<00:57,  9.21it/s]
Extract:   9%|9         | 54/578 [00:05<00:52,  9.95it/s]
Extract:  10%|9         | 56/578 [00:05<00:57,  9.03it/s]
Extract:  10%|#         | 58/578 [00:05<00:52,  9.93it/s]
Extract:  10%|#         | 60/578 [00:06<00:57,  9.05it/s]
Extract:  11%|#         | 62/578 [00:06<01:03,  8.18it/s]
Extract:  11%|#1        | 64/578 [00:06<01:00,  8.49it/s]
Extract:  11%|#1        | 65/578 [00:06<01:15,  6.75it/s]
Extract:  12%|#1        | 67/578 [00:07<01:20,  6.36it/s]
Extract:  12%|#1        | 69/578 [00:07<01:05,  7.72it/s]
Extract:  12%|#2        | 71/578 [00:07<00:54,  9.28it/s]
Extract:  13%|#2        | 73/578 [00:07<00:59,  8.46it/s]
Extract:  13%|#3        | 76/578 [00:07<00:46, 10.74it/s]
Extract:  13%|#3        | 78/578 [00:08<00:53,  9.33it/s]
Extract:  14%|#4        | 81/578 [00:08<00:42, 11.64it/s]
Extract:  14%|#4        | 83/578 [00:08<00:40, 12.34it/s]
Extract:  15%|#4        | 85/578 [00:08<00:49, 10.04it/s]
Extract:  15%|#5        | 87/578 [00:08<00:42, 11.62it/s]
Extract:  15%|#5        | 89/578 [00:09<00:58,  8.40it/s]
Extract:  16%|#5        | 91/578 [00:09<01:11,  6.78it/s]
Extract:  16%|#5        | 92/578 [00:10<01:18,  6.16it/s]
Extract:  16%|#6        | 94/578 [00:10<01:04,  7.45it/s]
Extract:  17%|#6        | 96/578 [00:10<01:02,  7.74it/s]
Extract:  17%|#6        | 98/578 [00:10<01:01,  7.85it/s]
Extract:  17%|#7        | 100/578 [00:10<01:04,  7.36it/s]
Extract:  17%|#7        | 101/578 [00:11<01:04,  7.44it/s]
Extract:  18%|#7        | 104/578 [00:11<00:45, 10.41it/s]
Extract:  18%|#8        | 106/578 [00:11<00:47,  9.97it/s]
Extract:  19%|#8        | 108/578 [00:11<00:58,  8.04it/s]
Extract:  19%|#9        | 110/578 [00:11<00:48,  9.65it/s]
Extract:  20%|#9        | 114/578 [00:12<00:35, 13.25it/s]
Extract:  20%|##        | 116/578 [00:12<00:37, 12.45it/s]
Extract:  20%|##        | 118/578 [00:12<00:45, 10.06it/s]
Extract:  21%|##        | 120/578 [00:12<00:47,  9.66it/s]
Extract:  21%|##1       | 122/578 [00:13<00:50,  9.05it/s]
Extract:  22%|##1       | 125/578 [00:13<00:45,  9.94it/s]
Extract:  22%|##1       | 127/578 [00:13<00:43, 10.37it/s]
Extract:  22%|##2       | 129/578 [00:13<00:38, 11.70it/s]
Extract:  23%|##2       | 131/578 [00:14<01:07,  6.65it/s]
Extract:  23%|##3       | 133/578 [00:14<01:09,  6.42it/s]
Extract:  23%|##3       | 134/578 [00:14<01:05,  6.79it/s]
Extract:  23%|##3       | 135/578 [00:14<01:02,  7.11it/s]
Extract:  24%|##3       | 136/578 [00:14<00:58,  7.52it/s]
Extract:  24%|##3       | 137/578 [00:15<01:20,  5.49it/s]
Extract:  24%|##3       | 138/578 [00:15<01:56,  3.79it/s]
Extract:  24%|##4       | 139/578 [00:16<01:54,  3.83it/s]
Extract:  25%|##4       | 142/578 [00:16<01:03,  6.87it/s]
Extract:  25%|##5       | 146/578 [00:16<00:53,  8.04it/s]
Extract:  26%|##5       | 148/578 [00:16<00:52,  8.14it/s]
Extract:  26%|##5       | 149/578 [00:17<01:09,  6.15it/s]
Extract:  26%|##5       | 150/578 [00:17<01:05,  6.54it/s]
Extract:  26%|##6       | 153/578 [00:17<00:58,  7.25it/s]
Extract:  27%|##6       | 154/578 [00:17<01:02,  6.76it/s]
Extract:  27%|##6       | 155/578 [00:18<01:11,  5.91it/s]
Extract:  27%|##7       | 158/578 [00:18<00:47,  8.84it/s]
Extract:  28%|##7       | 160/578 [00:18<00:45,  9.09it/s]
Extract:  28%|##8       | 163/578 [00:18<00:48,  8.63it/s]
Extract:  29%|##8       | 165/578 [00:18<00:42,  9.69it/s]
Extract:  29%|##8       | 167/578 [00:19<00:54,  7.50it/s]
Extract:  29%|##9       | 168/578 [00:19<00:53,  7.66it/s]
Extract:  29%|##9       | 170/578 [00:19<00:51,  7.88it/s]
Extract:  30%|##9       | 172/578 [00:20<00:52,  7.67it/s]
Extract:  30%|##9       | 173/578 [00:20<01:33,  4.34it/s]
Extract:  30%|###       | 174/578 [00:20<01:26,  4.69it/s]
Extract:  30%|###       | 176/578 [00:20<01:04,  6.26it/s]
Extract:  31%|###       | 177/578 [00:21<01:16,  5.27it/s]
Extract:  31%|###       | 179/578 [00:21<01:01,  6.53it/s]
Extract:  31%|###1      | 180/578 [00:21<01:08,  5.80it/s]
Extract:  31%|###1      | 181/578 [00:21<01:15,  5.25it/s]
Extract:  31%|###1      | 182/578 [00:22<01:13,  5.37it/s]
Extract:  32%|###1      | 184/578 [00:22<01:14,  5.31it/s]
Extract:  32%|###2      | 185/578 [00:22<01:39,  3.95it/s]
Extract:  32%|###2      | 186/578 [00:23<01:28,  4.45it/s]
Extract:  33%|###2      | 188/578 [00:23<01:06,  5.85it/s]
Extract:  33%|###2      | 189/578 [00:23<01:27,  4.47it/s]
Extract:  33%|###3      | 191/578 [00:24<01:21,  4.73it/s]
Extract:  33%|###3      | 192/578 [00:24<01:15,  5.14it/s]
Extract:  34%|###3      | 194/578 [00:24<00:53,  7.15it/s]
Extract:  34%|###4      | 197/578 [00:24<00:57,  6.68it/s]
Extract:  34%|###4      | 198/578 [00:24<00:53,  7.05it/s]
Extract:  35%|###4      | 201/578 [00:25<00:49,  7.55it/s]
Extract:  35%|###4      | 202/578 [00:25<00:50,  7.49it/s]
Extract:  35%|###5      | 203/578 [00:25<01:05,  5.70it/s]
Extract:  36%|###5      | 206/578 [00:25<00:43,  8.51it/s]
Extract:  36%|###5      | 208/578 [00:26<00:43,  8.52it/s]
Extract:  36%|###6      | 210/578 [00:26<00:42,  8.76it/s]
Extract:  37%|###6      | 212/578 [00:26<00:54,  6.70it/s]
Extract:  37%|###6      | 213/578 [00:26<00:52,  6.98it/s]
Extract:  37%|###7      | 214/578 [00:27<00:57,  6.35it/s]
Extract:  37%|###7      | 215/578 [00:27<01:10,  5.19it/s]
Extract:  38%|###7      | 217/578 [00:27<01:00,  6.00it/s]
Extract:  38%|###8      | 220/578 [00:27<00:41,  8.65it/s]
Extract:  39%|###8      | 223/578 [00:28<00:32, 10.84it/s]
Extract:  39%|###8      | 225/578 [00:28<00:41,  8.45it/s]
Extract:  39%|###9      | 227/578 [00:28<00:43,  8.02it/s]
Extract:  40%|###9      | 229/578 [00:28<00:41,  8.48it/s]
Extract:  40%|###9      | 230/578 [00:29<00:49,  6.97it/s]
Extract:  40%|###9      | 231/578 [00:29<00:56,  6.14it/s]
Extract:  40%|####      | 232/578 [00:29<00:55,  6.29it/s]
Extract:  40%|####      | 234/578 [00:29<00:48,  7.09it/s]
Extract:  41%|####      | 236/578 [00:30<01:11,  4.80it/s]
Extract:  41%|####1     | 237/578 [00:30<01:19,  4.30it/s]
Extract:  41%|####1     | 239/578 [00:30<00:56,  5.98it/s]
Extract:  42%|####1     | 240/578 [00:31<00:58,  5.78it/s]
Extract:  42%|####1     | 242/578 [00:31<00:42,  7.85it/s]
Extract:  42%|####2     | 244/578 [00:31<00:45,  7.37it/s]
Extract:  43%|####2     | 246/578 [00:31<00:36,  9.09it/s]
Extract:  43%|####2     | 248/578 [00:32<00:45,  7.30it/s]
Extract:  43%|####3     | 250/578 [00:32<00:40,  8.04it/s]
Extract:  44%|####3     | 252/578 [00:32<00:34,  9.42it/s]
Extract:  44%|####4     | 255/578 [00:32<00:31, 10.38it/s]
Extract:  44%|####4     | 257/578 [00:32<00:37,  8.63it/s]
Extract:  45%|####4     | 259/578 [00:33<00:32,  9.75it/s]
Extract:  45%|####5     | 261/578 [00:33<00:29, 10.74it/s]
Extract:  46%|####5     | 263/578 [00:33<00:55,  5.63it/s]
Extract:  46%|####5     | 265/578 [00:34<00:53,  5.87it/s]
Extract:  46%|####6     | 266/578 [00:34<00:56,  5.50it/s]
Extract:  46%|####6     | 267/578 [00:34<00:59,  5.20it/s]
Extract:  47%|####6     | 269/578 [00:35<00:53,  5.74it/s]
Extract:  47%|####7     | 273/578 [00:35<00:41,  7.38it/s]
Extract:  47%|####7     | 274/578 [00:35<00:51,  5.94it/s]
Extract:  48%|####7     | 275/578 [00:36<01:03,  4.74it/s]
Extract:  48%|####7     | 276/578 [00:36<00:56,  5.30it/s]
Extract:  48%|####7     | 277/578 [00:36<00:51,  5.89it/s]
Extract:  48%|####8     | 280/578 [00:36<00:39,  7.58it/s]
Extract:  49%|####8     | 282/578 [00:36<00:32,  9.18it/s]
Extract:  49%|####9     | 284/578 [00:37<00:35,  8.36it/s]
Extract:  49%|####9     | 285/578 [00:37<00:36,  8.12it/s]
Extract:  49%|####9     | 286/578 [00:37<00:36,  8.03it/s]
Extract:  50%|####9     | 288/578 [00:37<00:33,  8.62it/s]
Extract:  50%|#####     | 289/578 [00:37<00:39,  7.28it/s]
Extract:  50%|#####     | 290/578 [00:38<00:58,  4.94it/s]
Extract:  51%|#####     | 293/578 [00:38<00:35,  8.10it/s]
Extract:  51%|#####1    | 295/578 [00:38<00:41,  6.83it/s]
Extract:  51%|#####1    | 297/578 [00:39<00:49,  5.63it/s]
Extract:  52%|#####1    | 300/578 [00:39<00:35,  7.74it/s]
Extract:  52%|#####2    | 302/578 [00:39<00:34,  7.96it/s]
Extract:  53%|#####2    | 304/578 [00:40<00:44,  6.13it/s]
Extract:  53%|#####2    | 305/578 [00:40<00:44,  6.12it/s]
Extract:  53%|#####3    | 307/578 [00:40<00:40,  6.67it/s]
Extract:  53%|#####3    | 308/578 [00:40<00:42,  6.36it/s]
Extract:  53%|#####3    | 309/578 [00:41<00:57,  4.69it/s]
Extract:  54%|#####3    | 310/578 [00:41<00:54,  4.87it/s]
Extract:  54%|#####3    | 311/578 [00:41<01:04,  4.15it/s]
Extract:  54%|#####3    | 312/578 [00:42<01:25,  3.12it/s]
Extract:  54%|#####4    | 313/578 [00:42<01:09,  3.83it/s]
Extract:  54%|#####4    | 314/578 [00:42<01:05,  4.02it/s]
Extract:  55%|#####4    | 316/578 [00:42<00:47,  5.48it/s]
Extract:  55%|#####5    | 318/578 [00:43<00:48,  5.32it/s]
Extract:  55%|#####5    | 319/578 [00:43<00:49,  5.25it/s]
Extract:  55%|#####5    | 320/578 [00:43<00:54,  4.74it/s]
Extract:  56%|#####5    | 322/578 [00:43<00:44,  5.75it/s]
Extract:  56%|#####5    | 323/578 [00:44<00:47,  5.35it/s]
Extract:  56%|#####6    | 325/578 [00:44<00:34,  7.23it/s]
Extract:  56%|#####6    | 326/578 [00:44<00:36,  6.90it/s]
Extract:  57%|#####6    | 328/578 [00:44<00:40,  6.11it/s]
Extract:  57%|#####7    | 330/578 [00:44<00:30,  8.01it/s]
Extract:  57%|#####7    | 332/578 [00:45<00:31,  7.92it/s]
Extract:  58%|#####7    | 335/578 [00:45<00:22, 10.73it/s]
Extract:  58%|#####8    | 337/578 [00:45<00:20, 12.03it/s]
Extract:  59%|#####8    | 339/578 [00:45<00:19, 12.54it/s]
Extract:  59%|#####8    | 341/578 [00:45<00:19, 12.11it/s]
Extract:  59%|#####9    | 343/578 [00:45<00:18, 12.76it/s]
Extract:  60%|#####9    | 345/578 [00:46<00:24,  9.64it/s]
Extract:  60%|######    | 347/578 [00:46<00:21, 10.85it/s]
Extract:  60%|######    | 349/578 [00:46<00:27,  8.47it/s]
Extract:  61%|######    | 351/578 [00:47<00:36,  6.24it/s]
Extract:  61%|######1   | 353/578 [00:47<00:33,  6.69it/s]
Extract:  61%|######1   | 355/578 [00:47<00:26,  8.34it/s]
Extract:  62%|######1   | 357/578 [00:48<00:40,  5.49it/s]
Extract:  62%|######2   | 359/578 [00:48<00:32,  6.70it/s]
Extract:  62%|######2   | 361/578 [00:48<00:27,  7.98it/s]
Extract:  63%|######2   | 363/578 [00:48<00:26,  8.17it/s]
Extract:  63%|######3   | 365/578 [00:48<00:22,  9.38it/s]
Extract:  63%|######3   | 367/578 [00:49<00:25,  8.37it/s]
Extract:  64%|######3   | 369/578 [00:49<00:27,  7.60it/s]
Extract:  65%|######4   | 373/578 [00:49<00:20,  9.96it/s]
Extract:  65%|######5   | 376/578 [00:50<00:24,  8.18it/s]
Extract:  65%|######5   | 378/578 [00:50<00:22,  8.90it/s]
Extract:  66%|######5   | 380/578 [00:50<00:20,  9.78it/s]
Extract:  66%|######6   | 382/578 [00:50<00:21,  9.25it/s]
Extract:  66%|######6   | 384/578 [00:50<00:20,  9.58it/s]
Extract:  67%|######6   | 387/578 [00:51<00:16, 11.88it/s]
Extract:  67%|######7   | 390/578 [00:51<00:12, 14.88it/s]
Extract:  68%|######7   | 392/578 [00:51<00:12, 15.31it/s]
Extract:  68%|######8   | 394/578 [00:51<00:12, 14.74it/s]
Extract:  69%|######8   | 396/578 [00:51<00:12, 14.73it/s]
Extract:  69%|######8   | 398/578 [00:51<00:12, 14.05it/s]
Extract:  69%|######9   | 401/578 [00:51<00:10, 17.38it/s]
Extract:  70%|######9   | 404/578 [00:51<00:08, 20.11it/s]
Extract:  70%|#######   | 407/578 [00:52<00:14, 11.80it/s]
Extract:  71%|#######   | 409/578 [00:52<00:17,  9.90it/s]
Extract:  71%|#######1  | 411/578 [00:52<00:14, 11.20it/s]
Extract:  71%|#######1  | 413/578 [00:53<00:14, 11.01it/s]
Extract:  72%|#######1  | 416/578 [00:53<00:12, 12.50it/s]
Extract:  72%|#######2  | 418/578 [00:53<00:12, 12.54it/s]
Extract:  73%|#######2  | 420/578 [00:53<00:11, 13.66it/s]
Extract:  73%|#######3  | 422/578 [00:53<00:14, 10.82it/s]
Extract:  73%|#######3  | 424/578 [00:53<00:12, 12.04it/s]
Extract:  74%|#######3  | 426/578 [00:54<00:15, 10.08it/s]
Extract:  74%|#######4  | 428/578 [00:54<00:23,  6.47it/s]
Extract:  74%|#######4  | 429/578 [00:55<00:31,  4.69it/s]
Extract:  75%|#######4  | 431/578 [00:55<00:23,  6.20it/s]
Extract:  75%|#######4  | 433/578 [00:55<00:20,  7.02it/s]
Extract:  75%|#######5  | 435/578 [00:55<00:21,  6.64it/s]
Extract:  76%|#######5  | 437/578 [00:55<00:17,  8.13it/s]
Extract:  76%|#######5  | 439/578 [00:56<00:16,  8.20it/s]
Extract:  76%|#######6  | 441/578 [00:56<00:15,  8.58it/s]
Extract:  77%|#######6  | 443/578 [00:56<00:13, 10.34it/s]
Extract:  77%|#######6  | 445/578 [00:56<00:17,  7.44it/s]
Extract:  78%|#######7  | 448/578 [00:57<00:12, 10.43it/s]
Extract:  78%|#######7  | 450/578 [00:57<00:14,  9.03it/s]
Extract:  78%|#######8  | 452/578 [00:57<00:16,  7.64it/s]
Extract:  79%|#######8  | 455/578 [00:57<00:12, 10.21it/s]
Extract:  79%|#######9  | 458/578 [00:58<00:12,  9.42it/s]
Extract:  80%|#######9  | 462/578 [00:58<00:09, 12.83it/s]
Extract:  80%|########  | 464/578 [00:58<00:08, 13.02it/s]
Extract:  81%|########  | 466/578 [00:58<00:08, 13.90it/s]
Extract:  81%|########  | 468/578 [00:59<00:11,  9.89it/s]
Extract:  81%|########1 | 470/578 [00:59<00:10, 10.19it/s]
Extract:  82%|########1 | 472/578 [00:59<00:10,  9.76it/s]
Extract:  82%|########2 | 474/578 [00:59<00:10, 10.08it/s]
Extract:  82%|########2 | 476/578 [00:59<00:10,  9.40it/s]
Extract:  83%|########2 | 479/578 [01:00<00:08, 11.60it/s]
Extract:  83%|########3 | 481/578 [01:00<00:07, 12.63it/s]
Extract:  84%|########3 | 485/578 [01:00<00:05, 17.36it/s]
Extract:  84%|########4 | 488/578 [01:00<00:05, 17.66it/s]
Extract:  85%|########4 | 490/578 [01:00<00:08, 10.84it/s]
Extract:  85%|########5 | 492/578 [01:01<00:09,  9.42it/s]
Extract:  85%|########5 | 494/578 [01:01<00:08, 10.04it/s]
Extract:  86%|########6 | 498/578 [01:01<00:07, 11.30it/s]
Extract:  87%|########6 | 502/578 [01:01<00:04, 15.44it/s]
Extract:  87%|########7 | 505/578 [01:02<00:05, 12.47it/s]
Extract:  88%|########7 | 508/578 [01:02<00:04, 14.01it/s]
Extract:  88%|########8 | 510/578 [01:02<00:05, 13.36it/s]
Extract:  89%|########8 | 512/578 [01:02<00:04, 13.87it/s]
Extract:  89%|########9 | 515/578 [01:02<00:04, 15.42it/s]
Extract:  89%|########9 | 517/578 [01:02<00:05, 11.48it/s]
Extract:  90%|########9 | 519/578 [01:03<00:05, 11.23it/s]
Extract:  90%|######### | 521/578 [01:03<00:04, 12.58it/s]
Extract:  90%|######### | 523/578 [01:03<00:07,  7.00it/s]
Extract:  91%|######### | 525/578 [01:04<00:13,  3.91it/s]
Extract:  91%|#########1| 526/578 [01:05<00:19,  2.74it/s]
Extract:  91%|#########1| 528/578 [01:06<00:14,  3.50it/s]
Extract:  92%|#########1| 529/578 [01:06<00:13,  3.71it/s]
Extract:  92%|#########1| 530/578 [01:06<00:12,  3.88it/s]
Extract:  92%|#########1| 531/578 [01:06<00:11,  4.02it/s]
Extract:  92%|#########2| 532/578 [01:06<00:10,  4.29it/s]
Extract:  92%|#########2| 533/578 [01:07<00:09,  4.50it/s]
Extract:  92%|#########2| 534/578 [01:07<00:11,  3.96it/s]
Extract:  93%|#########2| 535/578 [01:07<00:09,  4.45it/s]
Extract:  93%|#########2| 537/578 [01:08<00:08,  4.64it/s]
Extract:  93%|#########3| 538/578 [01:08<00:10,  3.78it/s]
Extract:  93%|#########3| 539/578 [01:08<00:08,  4.39it/s]
Extract:  93%|#########3| 540/578 [01:09<00:13,  2.87it/s]
Extract:  94%|#########3| 541/578 [01:09<00:12,  2.89it/s]
Extract:  94%|#########3| 543/578 [01:09<00:09,  3.71it/s]
Extract:  94%|#########4| 545/578 [01:10<00:06,  5.16it/s]
Extract:  94%|#########4| 546/578 [01:10<00:11,  2.90it/s]
Extract:  95%|#########4| 547/578 [01:11<00:14,  2.14it/s]
Extract:  95%|#########4| 548/578 [01:11<00:11,  2.62it/s]
Extract:  95%|#########5| 550/578 [01:12<00:06,  4.02it/s]
Extract:  96%|#########5| 552/578 [01:12<00:04,  5.63it/s]
Extract:  96%|#########5| 554/578 [01:14<00:11,  2.05it/s]
Extract:  96%|#########6| 555/578 [01:15<00:12,  1.85it/s]
Extract:  96%|#########6| 556/578 [01:15<00:11,  1.95it/s]
Extract:  96%|#########6| 557/578 [01:15<00:10,  2.09it/s]
Extract:  97%|#########6| 558/578 [01:15<00:07,  2.60it/s]
Extract:  97%|#########6| 560/578 [01:16<00:07,  2.36it/s]
Extract:  97%|#########7| 561/578 [01:17<00:07,  2.40it/s]
Extract:  97%|#########7| 563/578 [01:17<00:04,  3.66it/s]
Extract:  98%|#########7| 564/578 [01:18<00:05,  2.53it/s]
Extract:  98%|#########7| 565/578 [01:18<00:05,  2.52it/s]
Extract:  98%|#########8| 567/578 [01:18<00:03,  3.54it/s]
Extract:  98%|#########8| 568/578 [01:19<00:02,  3.36it/s]
Extract:  99%|#########8| 570/578 [01:19<00:01,  4.74it/s]
Extract:  99%|#########8| 572/578 [01:19<00:00,  6.31it/s]
Extract:  99%|#########9| 575/578 [01:19<00:00,  9.15it/s]
Extract: 100%|#########9| 577/578 [01:20<00:00,  6.38it/s]
Extract: 100%|##########| 578/578 [01:20<00:00,  7.20it/s]

Extract:   0%|          | 0/578 [00:00<?, ?it/s]
Extract:   1%|          | 3/578 [00:00<00:35, 16.04it/s]
Extract:   1%|          | 5/578 [00:00<00:53, 10.81it/s]
Extract:   1%|1         | 7/578 [00:00<01:18,  7.26it/s]
Extract:   1%|1         | 8/578 [00:01<01:34,  6.03it/s]
Extract:   2%|1         | 9/578 [00:01<01:30,  6.30it/s]
Extract:   2%|1         | 10/578 [00:01<01:22,  6.90it/s]
Extract:   2%|1         | 11/578 [00:01<01:17,  7.32it/s]
Extract:   2%|2         | 12/578 [00:01<01:40,  5.64it/s]
Extract:   2%|2         | 13/578 [00:01<01:28,  6.37it/s]
Extract:   2%|2         | 14/578 [00:02<01:32,  6.07it/s]
Extract:   3%|2         | 15/578 [00:02<01:39,  5.68it/s]
Extract:   3%|2         | 16/578 [00:02<01:27,  6.45it/s]
Extract:   3%|3         | 18/578 [00:02<01:00,  9.23it/s]
Extract:   4%|3         | 21/578 [00:02<00:58,  9.54it/s]
Extract:   4%|3         | 23/578 [00:02<01:01,  9.07it/s]
Extract:   4%|4         | 26/578 [00:03<00:47, 11.51it/s]
Extract:   5%|4         | 28/578 [00:03<01:01,  8.92it/s]
Extract:   5%|5         | 30/578 [00:03<01:00,  8.99it/s]
Extract:   6%|5         | 32/578 [00:03<00:53, 10.24it/s]
Extract:   6%|6         | 36/578 [00:03<00:36, 14.82it/s]
Extract:   7%|6         | 38/578 [00:04<00:38, 13.85it/s]
Extract:   7%|6         | 40/578 [00:04<00:35, 15.04it/s]
Extract:   7%|7         | 42/578 [00:04<00:45, 11.87it/s]
Extract:   8%|7         | 44/578 [00:04<00:54,  9.73it/s]
Extract:   8%|8         | 47/578 [00:05<00:48, 10.87it/s]
Extract:   9%|8         | 50/578 [00:05<00:54,  9.72it/s]
Extract:   9%|8         | 52/578 [00:05<01:13,  7.16it/s]
Extract:   9%|9         | 54/578 [00:06<01:10,  7.46it/s]
Extract:  10%|9         | 55/578 [00:06<01:11,  7.31it/s]
Extract:  10%|#         | 58/578 [00:06<00:55,  9.30it/s]
Extract:  10%|#         | 60/578 [00:06<01:02,  8.23it/s]
Extract:  11%|#         | 61/578 [00:07<01:10,  7.29it/s]
Extract:  11%|#1        | 64/578 [00:07<01:03,  8.05it/s]
Extract:  11%|#1        | 65/578 [00:07<01:11,  7.13it/s]
Extract:  12%|#1        | 67/578 [00:07<01:17,  6.63it/s]
Extract:  12%|#1        | 69/578 [00:08<01:04,  7.90it/s]
Extract:  12%|#2        | 72/578 [00:08<00:49, 10.19it/s]
Extract:  13%|#2        | 74/578 [00:08<01:18,  6.43it/s]
Extract:  13%|#2        | 75/578 [00:08<01:15,  6.65it/s]
Extract:  13%|#3        | 76/578 [00:09<01:19,  6.34it/s]
Extract:  13%|#3        | 77/578 [00:09<01:41,  4.95it/s]
Extract:  14%|#3        | 80/578 [00:09<01:00,  8.20it/s]
Extract:  14%|#4        | 82/578 [00:09<00:50,  9.81it/s]
Extract:  15%|#4        | 84/578 [00:10<01:01,  8.08it/s]
Extract:  15%|#4        | 86/578 [00:10<00:54,  9.02it/s]
Extract:  15%|#5        | 88/578 [00:10<00:45, 10.77it/s]
Extract:  16%|#5        | 90/578 [00:10<01:17,  6.26it/s]
Extract:  16%|#5        | 92/578 [00:11<01:40,  4.85it/s]
Extract:  16%|#6        | 94/578 [00:11<01:20,  5.99it/s]
Extract:  17%|#6        | 96/578 [00:12<01:16,  6.30it/s]
Extract:  17%|#6        | 97/578 [00:12<01:23,  5.78it/s]
Extract:  17%|#6        | 98/578 [00:12<01:25,  5.59it/s]
Extract:  17%|#7        | 100/578 [00:12<01:24,  5.66it/s]
Extract:  17%|#7        | 101/578 [00:12<01:20,  5.94it/s]
Extract:  18%|#7        | 104/578 [00:13<00:51,  9.18it/s]
Extract:  18%|#8        | 106/578 [00:13<00:49,  9.54it/s]
Extract:  19%|#8        | 108/578 [00:13<01:09,  6.73it/s]
Extract:  19%|#9        | 110/578 [00:13<01:02,  7.53it/s]
Extract:  19%|#9        | 111/578 [00:14<01:04,  7.22it/s]
Extract:  20%|#9        | 114/578 [00:14<00:46, 10.09it/s]
Extract:  20%|##        | 116/578 [00:14<00:54,  8.53it/s]
Extract:  20%|##        | 118/578 [00:14<00:56,  8.12it/s]
Extract:  21%|##        | 120/578 [00:15<01:01,  7.41it/s]
Extract:  21%|##        | 121/578 [00:15<01:15,  6.05it/s]
Extract:  21%|##1       | 124/578 [00:15<00:51,  8.88it/s]
Extract:  22%|##1       | 126/578 [00:16<01:08,  6.58it/s]
Extract:  22%|##2       | 128/578 [00:16<00:55,  8.12it/s]
Extract:  22%|##2       | 130/578 [00:16<01:03,  7.02it/s]
Extract:  23%|##2       | 132/578 [00:16<01:05,  6.83it/s]
Extract:  23%|##3       | 133/578 [00:17<01:05,  6.82it/s]
Extract:  23%|##3       | 135/578 [00:17<00:56,  7.91it/s]
Extract:  24%|##3       | 137/578 [00:17<01:05,  6.73it/s]
Extract:  24%|##3       | 138/578 [00:17<01:12,  6.03it/s]
Extract:  24%|##4       | 139/578 [00:18<01:29,  4.88it/s]
Extract:  25%|##4       | 142/578 [00:18<00:55,  7.86it/s]
Extract:  25%|##5       | 146/578 [00:18<00:55,  7.82it/s]
Extract:  26%|##5       | 148/578 [00:19<00:54,  7.86it/s]
Extract:  26%|##5       | 149/578 [00:19<01:09,  6.21it/s]
Extract:  26%|##6       | 151/578 [00:19<00:54,  7.78it/s]
Extract:  26%|##6       | 153/578 [00:19<01:00,  6.97it/s]
Extract:  27%|##6       | 155/578 [00:20<01:07,  6.22it/s]
Extract:  27%|##7       | 158/578 [00:20<00:49,  8.46it/s]
Extract:  28%|##7       | 160/578 [00:20<00:49,  8.42it/s]
Extract:  28%|##8       | 163/578 [00:21<00:52,  7.84it/s]
Extract:  29%|##8       | 165/578 [00:21<00:47,  8.78it/s]
Extract:  29%|##8       | 167/578 [00:21<00:56,  7.33it/s]
Extract:  29%|##9       | 168/578 [00:21<00:54,  7.52it/s]
Extract:  29%|##9       | 170/578 [00:22<00:50,  8.02it/s]
Extract:  30%|##9       | 172/578 [00:22<00:43,  9.27it/s]
Extract:  30%|###       | 174/578 [00:22<01:07,  5.94it/s]
Extract:  30%|###       | 176/578 [00:22<00:53,  7.52it/s]
Extract:  31%|###       | 178/578 [00:23<01:05,  6.06it/s]
Extract:  31%|###1      | 180/578 [00:23<01:01,  6.47it/s]
Extract:  31%|###1      | 181/578 [00:23<01:11,  5.54it/s]
Extract:  31%|###1      | 182/578 [00:24<01:08,  5.79it/s]
Extract:  32%|###1      | 184/578 [00:24<00:57,  6.81it/s]
Extract:  32%|###2      | 185/578 [00:24<01:14,  5.26it/s]
Extract:  32%|###2      | 186/578 [00:24<01:21,  4.83it/s]
Extract:  33%|###2      | 188/578 [00:24<00:57,  6.77it/s]
Extract:  33%|###2      | 189/578 [00:25<01:16,  5.10it/s]
Extract:  33%|###3      | 191/578 [00:25<01:09,  5.59it/s]
Extract:  33%|###3      | 193/578 [00:25<00:53,  7.25it/s]
Extract:  34%|###3      | 195/578 [00:25<00:42,  9.09it/s]
Extract:  34%|###4      | 197/578 [00:26<00:48,  7.88it/s]
Extract:  34%|###4      | 199/578 [00:26<00:45,  8.25it/s]
Extract:  35%|###4      | 201/578 [00:26<00:52,  7.19it/s]
Extract:  35%|###4      | 202/578 [00:27<01:05,  5.74it/s]
Extract:  35%|###5      | 203/578 [00:27<01:17,  4.87it/s]
Extract:  35%|###5      | 205/578 [00:27<00:56,  6.65it/s]
Extract:  36%|###5      | 206/578 [00:27<00:55,  6.69it/s]
Extract:  36%|###5      | 207/578 [00:28<01:07,  5.46it/s]
Extract:  36%|###6      | 209/578 [00:28<00:48,  7.61it/s]
Extract:  37%|###6      | 211/578 [00:28<00:41,  8.75it/s]
Extract:  37%|###6      | 213/578 [00:28<01:04,  5.69it/s]
Extract:  37%|###7      | 215/578 [00:29<01:03,  5.68it/s]
Extract:  37%|###7      | 216/578 [00:29<00:58,  6.14it/s]
Extract:  38%|###7      | 217/578 [00:29<00:57,  6.32it/s]
Extract:  38%|###8      | 220/578 [00:29<00:36,  9.93it/s]
Extract:  38%|###8      | 222/578 [00:29<00:38,  9.24it/s]
Extract:  39%|###8      | 224/578 [00:30<00:37,  9.32it/s]
Extract:  39%|###9      | 226/578 [00:30<00:47,  7.35it/s]
Extract:  39%|###9      | 227/578 [00:30<00:46,  7.55it/s]
Extract:  40%|###9      | 229/578 [00:30<00:41,  8.46it/s]
Extract:  40%|###9      | 230/578 [00:31<00:50,  6.91it/s]
Extract:  40%|###9      | 231/578 [00:31<00:53,  6.52it/s]
Extract:  40%|####      | 232/578 [00:31<00:49,  7.00it/s]
Extract:  40%|####      | 234/578 [00:31<00:43,  7.90it/s]
Extract:  41%|####      | 235/578 [00:31<00:42,  8.16it/s]
Extract:  41%|####      | 236/578 [00:31<01:03,  5.37it/s]
Extract:  41%|####1     | 237/578 [00:32<01:17,  4.38it/s]
Extract:  41%|####1     | 239/578 [00:32<01:01,  5.51it/s]
Extract:  42%|####1     | 241/578 [00:32<00:45,  7.47it/s]
Extract:  42%|####2     | 244/578 [00:33<00:42,  7.88it/s]
Extract:  42%|####2     | 245/578 [00:33<00:42,  7.92it/s]
Extract:  43%|####2     | 247/578 [00:33<00:41,  7.89it/s]
Extract:  43%|####2     | 248/578 [00:33<00:47,  6.96it/s]
Extract:  43%|####3     | 249/578 [00:33<00:46,  7.08it/s]
Extract:  43%|####3     | 251/578 [00:34<00:42,  7.62it/s]
Extract:  44%|####3     | 254/578 [00:34<00:28, 11.28it/s]
Extract:  44%|####4     | 256/578 [00:34<00:40,  7.92it/s]
Extract:  45%|####4     | 258/578 [00:34<00:33,  9.52it/s]
Extract:  45%|####4     | 260/578 [00:34<00:28, 11.18it/s]
Extract:  45%|####5     | 262/578 [00:35<00:32,  9.71it/s]
Extract:  46%|####5     | 264/578 [00:35<00:47,  6.65it/s]
Extract:  46%|####5     | 265/578 [00:35<00:49,  6.34it/s]
Extract:  46%|####6     | 266/578 [00:35<00:49,  6.25it/s]
Extract:  46%|####6     | 267/578 [00:36<00:56,  5.48it/s]
Extract:  47%|####6     | 269/578 [00:36<00:58,  5.30it/s]
Extract:  47%|####7     | 272/578 [00:36<00:36,  8.38it/s]
Extract:  47%|####7     | 274/578 [00:37<00:57,  5.28it/s]
Extract:  48%|####7     | 275/578 [00:37<01:06,  4.53it/s]
Extract:  48%|####7     | 277/578 [00:37<00:52,  5.77it/s]
Extract:  48%|####8     | 280/578 [00:38<00:40,  7.28it/s]
Extract:  49%|####8     | 283/578 [00:38<00:39,  7.38it/s]
Extract:  49%|####9     | 285/578 [00:38<00:36,  8.12it/s]
Extract:  49%|####9     | 286/578 [00:39<00:42,  6.86it/s]
Extract:  50%|####9     | 287/578 [00:39<00:40,  7.21it/s]
Extract:  50%|#####     | 289/578 [00:39<00:36,  8.02it/s]
Extract:  50%|#####     | 290/578 [00:39<00:47,  6.13it/s]
Extract:  51%|#####     | 293/578 [00:39<00:30,  9.33it/s]
Extract:  51%|#####1    | 295/578 [00:40<00:35,  7.97it/s]
Extract:  51%|#####1    | 297/578 [00:40<00:42,  6.68it/s]
Extract:  52%|#####1    | 299/578 [00:40<00:33,  8.21it/s]
Extract:  52%|#####2    | 301/578 [00:40<00:38,  7.16it/s]
Extract:  53%|#####2    | 304/578 [00:41<00:38,  7.11it/s]
Extract:  53%|#####2    | 305/578 [00:41<00:48,  5.66it/s]
Extract:  53%|#####3    | 307/578 [00:42<00:44,  6.16it/s]
Extract:  53%|#####3    | 308/578 [00:42<00:50,  5.33it/s]
Extract:  53%|#####3    | 309/578 [00:42<01:06,  4.06it/s]
Extract:  54%|#####3    | 310/578 [00:42<00:57,  4.62it/s]
Extract:  54%|#####3    | 311/578 [00:43<01:09,  3.82it/s]
Extract:  54%|#####3    | 312/578 [00:43<01:23,  3.17it/s]
Extract:  54%|#####4    | 314/578 [00:44<01:05,  4.02it/s]
Extract:  55%|#####4    | 316/578 [00:44<00:53,  4.92it/s]
Extract:  55%|#####5    | 318/578 [00:44<00:48,  5.33it/s]
Extract:  55%|#####5    | 319/578 [00:44<00:46,  5.59it/s]
Extract:  55%|#####5    | 320/578 [00:45<01:04,  4.00it/s]
Extract:  56%|#####5    | 322/578 [00:45<00:54,  4.69it/s]
Extract:  56%|#####5    | 323/578 [00:45<00:49,  5.11it/s]
Extract:  56%|#####6    | 325/578 [00:45<00:36,  6.95it/s]
Extract:  56%|#####6    | 326/578 [00:46<00:39,  6.42it/s]
Extract:  57%|#####6    | 328/578 [00:46<00:34,  7.20it/s]
Extract:  57%|#####7    | 330/578 [00:46<00:29,  8.51it/s]
Extract:  57%|#####7    | 332/578 [00:46<00:31,  7.71it/s]
Extract:  58%|#####7    | 334/578 [00:46<00:25,  9.60it/s]
Extract:  58%|#####8    | 336/578 [00:46<00:21, 11.11it/s]
Extract:  58%|#####8    | 338/578 [00:47<00:18, 12.90it/s]
Extract:  59%|#####8    | 340/578 [00:47<00:17, 13.41it/s]
Extract:  59%|#####9    | 342/578 [00:47<00:18, 12.99it/s]
Extract:  60%|#####9    | 344/578 [00:47<00:19, 11.82it/s]
Extract:  60%|######    | 347/578 [00:47<00:15, 14.99it/s]
Extract:  60%|######    | 349/578 [00:47<00:18, 12.09it/s]
Extract:  61%|######    | 351/578 [00:48<00:34,  6.50it/s]
Extract:  61%|######1   | 353/578 [00:48<00:30,  7.34it/s]
Extract:  62%|######1   | 356/578 [00:49<00:26,  8.36it/s]
Extract:  62%|######1   | 358/578 [00:49<00:23,  9.41it/s]
Extract:  62%|######2   | 360/578 [00:49<00:23,  9.22it/s]
Extract:  63%|######2   | 362/578 [00:49<00:25,  8.34it/s]
Extract:  63%|######3   | 365/578 [00:49<00:20, 10.58it/s]
Extract:  63%|######3   | 367/578 [00:50<00:23,  8.82it/s]
Extract:  64%|######3   | 369/578 [00:50<00:32,  6.46it/s]
Extract:  65%|######4   | 373/578 [00:51<00:25,  8.04it/s]
Extract:  65%|######4   | 374/578 [00:51<00:25,  8.16it/s]
Extract:  65%|######5   | 376/578 [00:51<00:24,  8.25it/s]
Extract:  65%|######5   | 377/578 [00:51<00:24,  8.04it/s]
Extract:  65%|######5   | 378/578 [00:51<00:26,  7.42it/s]
Extract:  66%|######5   | 379/578 [00:51<00:26,  7.55it/s]
Extract:  66%|######5   | 380/578 [00:52<00:41,  4.82it/s]
Extract:  66%|######6   | 382/578 [00:52<00:41,  4.73it/s]
Extract:  66%|######6   | 383/578 [00:52<00:38,  5.13it/s]
Extract:  66%|######6   | 384/578 [00:53<00:41,  4.71it/s]
Extract:  67%|######6   | 386/578 [00:53<00:29,  6.61it/s]
Extract:  67%|######7   | 388/578 [00:53<00:22,  8.59it/s]
Extract:  68%|######7   | 391/578 [00:53<00:16, 11.53it/s]
Extract:  68%|######7   | 393/578 [00:53<00:17, 10.41it/s]
Extract:  68%|######8   | 395/578 [00:53<00:16, 10.83it/s]
Extract:  69%|######8   | 397/578 [00:54<00:15, 11.79it/s]
Extract:  69%|######9   | 400/578 [00:54<00:12, 14.50it/s]
Extract:  70%|######9   | 403/578 [00:54<00:10, 16.72it/s]
Extract:  70%|#######   | 405/578 [00:54<00:09, 17.36it/s]
Extract:  70%|#######   | 407/578 [00:54<00:12, 14.06it/s]
Extract:  71%|#######   | 409/578 [00:55<00:17,  9.76it/s]
Extract:  71%|#######1  | 411/578 [00:55<00:14, 11.37it/s]
Extract:  71%|#######1  | 413/578 [00:55<00:15, 10.41it/s]
Extract:  72%|#######1  | 416/578 [00:55<00:13, 12.41it/s]
Extract:  72%|#######2  | 418/578 [00:55<00:17,  9.22it/s]
Extract:  73%|#######2  | 420/578 [00:56<00:15, 10.23it/s]
Extract:  73%|#######3  | 422/578 [00:56<00:16,  9.66it/s]
Extract:  74%|#######3  | 425/578 [00:56<00:15,  9.77it/s]
Extract:  74%|#######3  | 427/578 [00:57<00:20,  7.27it/s]
Extract:  74%|#######4  | 428/578 [00:57<00:23,  6.27it/s]
Extract:  74%|#######4  | 429/578 [00:57<00:25,  5.81it/s]
Extract:  75%|#######4  | 432/578 [00:57<00:17,  8.12it/s]
Extract:  75%|#######5  | 434/578 [00:58<00:17,  8.04it/s]
Extract:  75%|#######5  | 436/578 [00:58<00:14,  9.71it/s]
Extract:  76%|#######5  | 438/578 [00:58<00:13, 10.38it/s]
Extract:  76%|#######6  | 440/578 [00:58<00:14,  9.74it/s]
Extract:  76%|#######6  | 442/578 [00:59<00:20,  6.59it/s]
Extract:  77%|#######6  | 445/578 [00:59<00:19,  6.84it/s]
Extract:  78%|#######7  | 449/578 [00:59<00:12, 10.41it/s]
Extract:  78%|#######8  | 451/578 [01:00<00:18,  6.99it/s]
Extract:  78%|#######8  | 453/578 [01:00<00:15,  8.13it/s]
Extract:  79%|#######8  | 455/578 [01:00<00:13,  9.38it/s]
Extract:  79%|#######9  | 458/578 [01:00<00:11, 10.50it/s]
Extract:  80%|#######9  | 461/578 [01:00<00:09, 12.31it/s]
Extract:  80%|########  | 463/578 [01:00<00:09, 12.47it/s]
Extract:  81%|########  | 466/578 [01:01<00:07, 14.69it/s]
Extract:  81%|########  | 468/578 [01:01<00:10, 10.60it/s]
Extract:  81%|########1 | 470/578 [01:01<00:10, 10.47it/s]
Extract:  82%|########1 | 472/578 [01:02<00:14,  7.32it/s]
Extract:  82%|########2 | 474/578 [01:02<00:13,  7.92it/s]
Extract:  82%|########2 | 476/578 [01:02<00:13,  7.31it/s]
Extract:  83%|########2 | 478/578 [01:02<00:11,  8.83it/s]
Extract:  83%|########3 | 480/578 [01:02<00:09, 10.19it/s]
Extract:  84%|########3 | 483/578 [01:03<00:07, 13.11it/s]
Extract:  84%|########4 | 487/578 [01:03<00:05, 16.33it/s]
Extract:  85%|########4 | 489/578 [01:03<00:09,  9.87it/s]
Extract:  85%|########4 | 491/578 [01:03<00:09,  8.77it/s]
Extract:  85%|########5 | 493/578 [01:04<00:11,  7.70it/s]
Extract:  86%|########5 | 495/578 [01:04<00:09,  9.05it/s]
Extract:  86%|########6 | 498/578 [01:04<00:08,  9.49it/s]
Extract:  87%|########6 | 502/578 [01:04<00:05, 13.82it/s]
Extract:  87%|########7 | 504/578 [01:05<00:05, 13.49it/s]
Extract:  88%|########7 | 506/578 [01:05<00:07,  9.07it/s]
Extract:  88%|########7 | 508/578 [01:05<00:06, 10.31it/s]
Extract:  88%|########8 | 510/578 [01:05<00:05, 11.38it/s]
Extract:  89%|########8 | 512/578 [01:05<00:05, 11.34it/s]
Extract:  89%|########9 | 515/578 [01:06<00:04, 13.59it/s]
Extract:  89%|########9 | 517/578 [01:06<00:06, 10.03it/s]
Extract:  90%|########9 | 519/578 [01:06<00:05, 10.40it/s]
Extract:  90%|######### | 521/578 [01:06<00:04, 11.81it/s]
Extract:  90%|######### | 523/578 [01:06<00:04, 11.41it/s]
Extract:  91%|######### | 525/578 [01:06<00:04, 12.78it/s]
Extract:  91%|#########1| 527/578 [01:07<00:05,  9.27it/s]
Extract:  92%|#########1| 529/578 [01:07<00:04, 10.78it/s]
Extract:  92%|#########1| 531/578 [01:07<00:04, 11.64it/s]
Extract:  92%|#########2| 534/578 [01:07<00:03, 12.74it/s]
Extract:  93%|#########2| 537/578 [01:07<00:02, 14.31it/s]
Extract:  93%|#########3| 539/578 [01:08<00:02, 13.85it/s]
Extract:  94%|#########3| 541/578 [01:08<00:03, 11.63it/s]
Extract:  94%|#########3| 543/578 [01:08<00:02, 13.12it/s]
Extract:  94%|#########4| 546/578 [01:09<00:04,  7.10it/s]
Extract:  95%|#########4| 548/578 [01:09<00:04,  7.06it/s]
Extract:  96%|#########5| 553/578 [01:09<00:02,  9.77it/s]
Extract:  96%|#########6| 555/578 [01:10<00:02,  7.69it/s]
Extract:  96%|#########6| 556/578 [01:10<00:02,  7.43it/s]
Extract:  96%|#########6| 557/578 [01:10<00:02,  7.48it/s]
Extract:  97%|#########6| 560/578 [01:10<00:02,  8.67it/s]
Extract:  97%|#########7| 561/578 [01:10<00:02,  8.35it/s]
Extract:  98%|#########7| 564/578 [01:11<00:01,  9.45it/s]
Extract:  98%|#########7| 565/578 [01:11<00:01,  7.85it/s]
Extract:  98%|#########8| 567/578 [01:11<00:01,  9.01it/s]
Extract:  98%|#########8| 568/578 [01:11<00:01,  6.84it/s]
Extract:  99%|#########8| 570/578 [01:11<00:00,  8.76it/s]
Extract:  99%|#########8| 572/578 [01:12<00:00, 10.37it/s]
Extract:  99%|#########9| 575/578 [01:12<00:00, 11.86it/s]
Extract: 100%|#########9| 577/578 [01:12<00:00,  7.42it/s]
Extract: 100%|##########| 578/578 [01:12<00:00,  7.93it/s]

Extract:   0%|          | 0/578 [00:00<?, ?it/s]
Extract:   1%|          | 3/578 [00:00<00:25, 22.37it/s]
Extract:   1%|1         | 6/578 [00:00<00:35, 16.07it/s]
Extract:   1%|1         | 8/578 [00:00<00:49, 11.40it/s]
Extract:   2%|1         | 10/578 [00:00<01:07,  8.38it/s]
Extract:   2%|1         | 11/578 [00:01<01:09,  8.15it/s]
Extract:   2%|2         | 12/578 [00:01<01:19,  7.11it/s]
Extract:   2%|2         | 14/578 [00:01<01:24,  6.69it/s]
Extract:   3%|2         | 15/578 [00:01<01:36,  5.86it/s]
Extract:   3%|2         | 17/578 [00:02<01:12,  7.70it/s]
Extract:   3%|3         | 20/578 [00:02<00:49, 11.26it/s]
Extract:   4%|3         | 22/578 [00:02<01:10,  7.87it/s]
Extract:   4%|4         | 24/578 [00:02<01:08,  8.12it/s]
Extract:   4%|4         | 26/578 [00:02<00:56,  9.83it/s]
Extract:   5%|4         | 28/578 [00:03<01:07,  8.16it/s]
Extract:   5%|5         | 30/578 [00:03<00:59,  9.20it/s]
Extract:   6%|5         | 32/578 [00:03<00:55,  9.92it/s]
Extract:   6%|5         | 34/578 [00:03<00:49, 11.00it/s]
Extract:   6%|6         | 36/578 [00:03<00:42, 12.61it/s]
Extract:   7%|6         | 38/578 [00:04<00:49, 11.02it/s]
Extract:   7%|6         | 40/578 [00:04<00:45, 11.80it/s]
Extract:   7%|7         | 42/578 [00:04<01:00,  8.83it/s]
Extract:   8%|7         | 44/578 [00:04<01:11,  7.49it/s]
Extract:   8%|8         | 47/578 [00:05<00:59,  8.96it/s]
Extract:   9%|8         | 50/578 [00:05<00:53,  9.82it/s]
Extract:   9%|8         | 52/578 [00:05<01:00,  8.74it/s]
Extract:   9%|9         | 54/578 [00:05<00:58,  8.99it/s]
Extract:  10%|9         | 55/578 [00:06<01:11,  7.32it/s]
Extract:  10%|9         | 57/578 [00:06<00:59,  8.82it/s]
Extract:  10%|#         | 59/578 [00:06<01:02,  8.27it/s]
Extract:  10%|#         | 60/578 [00:06<01:07,  7.64it/s]
Extract:  11%|#         | 61/578 [00:06<01:17,  6.66it/s]
Extract:  11%|#1        | 64/578 [00:07<01:08,  7.53it/s]
Extract:  11%|#1        | 65/578 [00:07<01:12,  7.06it/s]
Extract:  12%|#1        | 67/578 [00:07<01:13,  6.94it/s]
Extract:  12%|#1        | 69/578 [00:07<01:01,  8.33it/s]
Extract:  12%|#2        | 71/578 [00:08<00:51,  9.80it/s]
Extract:  13%|#2        | 73/578 [00:08<01:03,  7.98it/s]
Extract:  13%|#2        | 74/578 [00:08<01:05,  7.71it/s]
Extract:  13%|#3        | 76/578 [00:08<00:55,  9.06it/s]
Extract:  13%|#3        | 78/578 [00:09<01:03,  7.88it/s]
Extract:  14%|#3        | 80/578 [00:09<00:55,  9.02it/s]
Extract:  14%|#4        | 82/578 [00:09<00:51,  9.67it/s]
Extract:  15%|#4        | 84/578 [00:09<01:11,  6.88it/s]
Extract:  15%|#4        | 86/578 [00:09<00:58,  8.34it/s]
Extract:  15%|#5        | 89/578 [00:10<01:06,  7.39it/s]
Extract:  16%|#5        | 90/578 [00:10<01:05,  7.49it/s]
Extract:  16%|#5        | 91/578 [00:10<01:16,  6.39it/s]
Extract:  16%|#5        | 92/578 [00:11<01:26,  5.62it/s]
Extract:  16%|#6        | 94/578 [00:11<01:08,  7.10it/s]
Extract:  17%|#6        | 96/578 [00:11<01:08,  7.04it/s]
Extract:  17%|#6        | 97/578 [00:11<01:17,  6.22it/s]
Extract:  17%|#6        | 98/578 [00:11<01:14,  6.44it/s]
Extract:  17%|#7        | 100/578 [00:12<01:00,  7.93it/s]
Extract:  18%|#7        | 103/578 [00:12<00:40, 11.70it/s]
Extract:  18%|#8        | 105/578 [00:12<00:40, 11.81it/s]
Extract:  19%|#8        | 107/578 [00:12<00:48,  9.61it/s]
Extract:  19%|#8        | 109/578 [00:12<00:42, 10.96it/s]
Extract:  19%|#9        | 111/578 [00:12<00:45, 10.35it/s]
Extract:  20%|#9        | 114/578 [00:13<00:33, 13.65it/s]
Extract:  20%|##        | 116/578 [00:13<00:42, 10.97it/s]
Extract:  20%|##        | 118/578 [00:13<00:45, 10.15it/s]
Extract:  21%|##        | 120/578 [00:13<00:48,  9.41it/s]
Extract:  21%|##1       | 122/578 [00:14<00:51,  8.83it/s]
Extract:  22%|##1       | 125/578 [00:14<00:48,  9.41it/s]
Extract:  22%|##1       | 127/578 [00:14<00:42, 10.53it/s]
Extract:  22%|##2       | 130/578 [00:14<00:42, 10.42it/s]
Extract:  23%|##2       | 132/578 [00:15<00:56,  7.88it/s]
Extract:  23%|##3       | 133/578 [00:15<00:56,  7.85it/s]
Extract:  23%|##3       | 135/578 [00:15<00:48,  9.18it/s]
Extract:  24%|##3       | 137/578 [00:15<00:50,  8.65it/s]
Extract:  24%|##3       | 138/578 [00:16<01:01,  7.21it/s]
Extract:  24%|##4       | 139/578 [00:16<01:02,  7.01it/s]
Extract:  25%|##4       | 143/578 [00:16<00:34, 12.51it/s]
Extract:  25%|##5       | 146/578 [00:16<00:46,  9.35it/s]
Extract:  26%|##5       | 148/578 [00:16<00:44,  9.71it/s]
Extract:  26%|##5       | 150/578 [00:17<00:52,  8.19it/s]
Extract:  26%|##6       | 153/578 [00:17<00:48,  8.70it/s]
Extract:  27%|##6       | 155/578 [00:17<00:49,  8.51it/s]
Extract:  27%|##7       | 158/578 [00:18<00:42,  9.87it/s]
Extract:  28%|##7       | 160/578 [00:18<00:43,  9.65it/s]
Extract:  28%|##8       | 163/578 [00:18<00:58,  7.08it/s]
Extract:  29%|##8       | 165/578 [00:19<00:50,  8.15it/s]
Extract:  29%|##8       | 167/578 [00:19<00:50,  8.06it/s]
Extract:  29%|##9       | 169/578 [00:19<00:43,  9.30it/s]
Extract:  30%|##9       | 171/578 [00:19<00:38, 10.51it/s]
Extract:  30%|##9       | 173/578 [00:19<00:53,  7.58it/s]
Extract:  30%|###       | 175/578 [00:20<00:44,  9.11it/s]
Extract:  31%|###       | 177/578 [00:20<00:46,  8.56it/s]
Extract:  31%|###       | 179/578 [00:20<00:41,  9.66it/s]
Extract:  31%|###1      | 181/578 [00:21<01:01,  6.48it/s]
Extract:  32%|###1      | 183/578 [00:21<00:49,  8.03it/s]
Extract:  32%|###2      | 185/578 [00:21<00:55,  7.09it/s]
Extract:  32%|###2      | 187/578 [00:21<00:45,  8.67it/s]
Extract:  33%|###2      | 189/578 [00:21<00:52,  7.41it/s]
Extract:  33%|###3      | 191/578 [00:22<00:47,  8.13it/s]
Extract:  34%|###3      | 194/578 [00:22<00:35, 10.69it/s]
Extract:  34%|###4      | 197/578 [00:22<00:45,  8.44it/s]
Extract:  34%|###4      | 199/578 [00:22<00:38,  9.78it/s]
Extract:  35%|###4      | 201/578 [00:23<00:40,  9.37it/s]
Extract:  35%|###5      | 203/578 [00:23<00:52,  7.21it/s]
Extract:  36%|###5      | 206/578 [00:23<00:38,  9.69it/s]
Extract:  36%|###5      | 208/578 [00:24<00:41,  8.98it/s]
Extract:  36%|###6      | 210/578 [00:24<00:38,  9.45it/s]
Extract:  37%|###6      | 212/578 [00:24<00:43,  8.41it/s]
Extract:  37%|###7      | 214/578 [00:24<00:38,  9.52it/s]
Extract:  37%|###7      | 216/578 [00:24<00:44,  8.21it/s]
Extract:  38%|###7      | 219/578 [00:25<00:31, 11.23it/s]
Extract:  38%|###8      | 222/578 [00:25<00:25, 14.05it/s]
Extract:  39%|###8      | 224/578 [00:25<00:23, 15.10it/s]
Extract:  39%|###9      | 226/578 [00:25<00:44,  7.97it/s]
Extract:  40%|###9      | 229/578 [00:26<00:37,  9.33it/s]
Extract:  40%|###9      | 231/578 [00:26<00:45,  7.65it/s]
Extract:  40%|####      | 233/578 [00:26<00:39,  8.71it/s]
Extract:  41%|####      | 235/578 [00:26<00:36,  9.49it/s]
Extract:  41%|####1     | 237/578 [00:27<00:52,  6.47it/s]
Extract:  42%|####1     | 240/578 [00:27<00:40,  8.30it/s]
Extract:  42%|####2     | 244/578 [00:27<00:34,  9.68it/s]
Extract:  43%|####2     | 247/578 [00:28<00:29, 11.05it/s]
Extract:  43%|####3     | 249/578 [00:28<00:31, 10.37it/s]
Extract:  43%|####3     | 251/578 [00:28<00:29, 11.02it/s]
Extract:  44%|####3     | 253/578 [00:28<00:26, 12.41it/s]
Extract:  44%|####4     | 255/578 [00:28<00:25, 12.46it/s]
Extract:  44%|####4     | 257/578 [00:29<00:42,  7.49it/s]
Extract:  45%|####4     | 259/578 [00:29<00:36,  8.81it/s]
Extract:  45%|####5     | 261/578 [00:29<00:30, 10.33it/s]
Extract:  46%|####5     | 263/578 [00:29<00:38,  8.13it/s]
Extract:  46%|####5     | 265/578 [00:30<00:34,  9.08it/s]
Extract:  46%|####6     | 267/578 [00:30<00:36,  8.49it/s]
Extract:  47%|####6     | 269/578 [00:30<00:39,  7.82it/s]
Extract:  47%|####7     | 273/578 [00:30<00:33,  9.11it/s]
Extract:  47%|####7     | 274/578 [00:31<00:40,  7.47it/s]
Extract:  48%|####7     | 275/578 [00:31<00:59,  5.10it/s]
Extract:  48%|####7     | 276/578 [00:31<00:53,  5.62it/s]
Extract:  48%|####8     | 279/578 [00:31<00:33,  8.88it/s]
Extract:  49%|####8     | 281/578 [00:32<00:31,  9.55it/s]
Extract:  49%|####8     | 283/578 [00:32<00:30,  9.80it/s]
Extract:  49%|####9     | 285/578 [00:32<00:28, 10.17it/s]
Extract:  50%|####9     | 287/578 [00:32<00:28, 10.04it/s]
Extract:  50%|#####     | 289/578 [00:32<00:27, 10.41it/s]
Extract:  50%|#####     | 291/578 [00:33<00:30,  9.42it/s]
Extract:  51%|#####     | 294/578 [00:33<00:23, 12.32it/s]
Extract:  51%|#####1    | 296/578 [00:33<00:28, 10.06it/s]
Extract:  52%|#####1    | 298/578 [00:33<00:31,  8.95it/s]
Extract:  52%|#####2    | 301/578 [00:34<00:27, 10.07it/s]
Extract:  53%|#####2    | 304/578 [00:34<00:38,  7.07it/s]
Extract:  53%|#####2    | 305/578 [00:34<00:37,  7.37it/s]
Extract:  53%|#####3    | 307/578 [00:35<00:35,  7.66it/s]
Extract:  53%|#####3    | 308/578 [00:35<00:34,  7.73it/s]
Extract:  53%|#####3    | 309/578 [00:35<00:39,  6.80it/s]
Extract:  54%|#####3    | 310/578 [00:35<00:37,  7.23it/s]
Extract:  54%|#####3    | 311/578 [00:35<00:43,  6.19it/s]
Extract:  54%|#####3    | 312/578 [00:36<01:03,  4.18it/s]
Extract:  54%|#####4    | 314/578 [00:36<00:49,  5.31it/s]
Extract:  55%|#####4    | 316/578 [00:36<00:38,  6.76it/s]
Extract:  55%|#####5    | 318/578 [00:36<00:38,  6.84it/s]
Extract:  55%|#####5    | 319/578 [00:37<00:37,  6.98it/s]
Extract:  55%|#####5    | 320/578 [00:37<00:39,  6.56it/s]
Extract:  56%|#####5    | 322/578 [00:37<00:33,  7.68it/s]
Extract:  56%|#####6    | 325/578 [00:37<00:33,  7.57it/s]
Extract:  56%|#####6    | 326/578 [00:37<00:32,  7.75it/s]
Extract:  57%|#####6    | 328/578 [00:38<00:25,  9.66it/s]
Extract:  57%|#####7    | 331/578 [00:38<00:20, 12.15it/s]
Extract:  58%|#####7    | 333/578 [00:38<00:19, 12.62it/s]
Extract:  58%|#####8    | 337/578 [00:38<00:15, 15.83it/s]
Extract:  59%|#####8    | 340/578 [00:38<00:14, 16.87it/s]
Extract:  59%|#####9    | 342/578 [00:38<00:14, 15.83it/s]
Extract:  60%|#####9    | 344/578 [00:39<00:17, 13.59it/s]
Extract:  60%|#####9    | 346/578 [00:39<00:16, 14.02it/s]
Extract:  60%|######    | 348/578 [00:39<00:15, 14.39it/s]
Extract:  61%|######    | 350/578 [00:39<00:23,  9.53it/s]
Extract:  61%|######    | 352/578 [00:39<00:27,  8.11it/s]
Extract:  61%|######1   | 354/578 [00:40<00:25,  8.69it/s]
Extract:  62%|######1   | 356/578 [00:40<00:27,  7.97it/s]
Extract:  62%|######1   | 357/578 [00:40<00:28,  7.70it/s]
Extract:  62%|######2   | 359/578 [00:40<00:24,  8.98it/s]
Extract:  62%|######2   | 360/578 [00:40<00:25,  8.66it/s]
Extract:  63%|######2   | 362/578 [00:41<00:47,  4.55it/s]
Extract:  63%|######3   | 365/578 [00:41<00:33,  6.39it/s]
Extract:  63%|######3   | 367/578 [00:42<00:32,  6.54it/s]
Extract:  64%|######3   | 368/578 [00:42<00:30,  6.95it/s]
Extract:  64%|######3   | 369/578 [00:42<00:33,  6.16it/s]
Extract:  65%|######4   | 373/578 [00:42<00:24,  8.42it/s]
Extract:  65%|######5   | 376/578 [00:43<00:20,  9.75it/s]
Extract:  65%|######5   | 378/578 [00:43<00:19, 10.19it/s]
Extract:  66%|######5   | 380/578 [00:43<00:19, 10.25it/s]
Extract:  66%|######6   | 382/578 [00:43<00:22,  8.81it/s]
Extract:  66%|######6   | 384/578 [00:44<00:21,  9.10it/s]
Extract:  67%|######6   | 387/578 [00:44<00:17, 10.80it/s]
Extract:  68%|######7   | 391/578 [00:44<00:13, 13.92it/s]
Extract:  68%|######7   | 393/578 [00:44<00:15, 12.12it/s]
Extract:  68%|######8   | 395/578 [00:44<00:16, 10.91it/s]
Extract:  69%|######8   | 397/578 [00:45<00:22,  7.97it/s]
Extract:  69%|######9   | 400/578 [00:45<00:16, 10.51it/s]
Extract:  70%|######9   | 403/578 [00:45<00:13, 13.42it/s]
Extract:  70%|#######   | 406/578 [00:45<00:11, 14.47it/s]
Extract:  71%|#######   | 408/578 [00:46<00:17,  9.53it/s]
Extract:  71%|#######1  | 411/578 [00:46<00:13, 12.16it/s]
Extract:  71%|#######1  | 413/578 [00:46<00:14, 11.49it/s]
Extract:  72%|#######1  | 416/578 [00:46<00:12, 13.13it/s]
Extract:  72%|#######2  | 418/578 [00:46<00:11, 14.08it/s]
Extract:  73%|#######2  | 420/578 [00:46<00:11, 14.25it/s]
Extract:  73%|#######3  | 422/578 [00:47<00:13, 11.86it/s]
Extract:  74%|#######3  | 425/578 [00:47<00:12, 11.86it/s]
Extract:  74%|#######3  | 427/578 [00:47<00:15,  9.72it/s]
Extract:  74%|#######4  | 429/578 [00:48<00:22,  6.60it/s]
Extract:  75%|#######4  | 432/578 [00:48<00:17,  8.52it/s]
Extract:  75%|#######5  | 434/578 [00:48<00:16,  8.55it/s]
Extract:  75%|#######5  | 436/578 [00:48<00:14,  9.96it/s]
Extract:  76%|#######5  | 438/578 [00:49<00:20,  6.99it/s]
Extract:  76%|#######6  | 440/578 [00:49<00:16,  8.17it/s]
Extract:  76%|#######6  | 442/578 [00:49<00:17,  7.57it/s]
Extract:  77%|#######6  | 444/578 [00:49<00:14,  9.15it/s]
Extract:  77%|#######7  | 446/578 [00:50<00:16,  8.03it/s]
Extract:  78%|#######7  | 449/578 [00:50<00:12, 10.36it/s]
Extract:  78%|#######8  | 451/578 [00:50<00:18,  6.82it/s]
Extract:  78%|#######8  | 453/578 [00:50<00:15,  8.33it/s]
Extract:  79%|#######8  | 455/578 [00:51<00:13,  9.38it/s]
Extract:  79%|#######9  | 458/578 [00:51<00:10, 11.23it/s]
Extract:  80%|#######9  | 461/578 [00:51<00:08, 13.79it/s]
Extract:  80%|########  | 463/578 [00:51<00:08, 13.04it/s]
Extract:  81%|########  | 466/578 [00:51<00:07, 14.98it/s]
Extract:  81%|########  | 468/578 [00:52<00:10, 10.49it/s]
Extract:  81%|########1 | 470/578 [00:52<00:10, 10.29it/s]
Extract:  82%|########1 | 472/578 [00:52<00:12,  8.54it/s]
Extract:  82%|########2 | 474/578 [00:52<00:11,  9.29it/s]
Extract:  82%|########2 | 476/578 [00:53<00:12,  8.03it/s]
Extract:  83%|########2 | 477/578 [00:53<00:17,  5.72it/s]
Extract:  83%|########2 | 479/578 [00:53<00:13,  7.15it/s]
Extract:  83%|########3 | 481/578 [00:53<00:11,  8.65it/s]
Extract:  84%|########3 | 484/578 [00:54<00:08, 10.45it/s]
Extract:  84%|########4 | 486/578 [00:54<00:08, 11.47it/s]
Extract:  84%|########4 | 488/578 [00:54<00:08, 11.24it/s]
Extract:  85%|########4 | 490/578 [00:54<00:11,  7.85it/s]
Extract:  85%|########5 | 492/578 [00:55<00:10,  8.04it/s]
Extract:  85%|########5 | 494/578 [00:55<00:09,  8.47it/s]
Extract:  86%|########6 | 498/578 [00:55<00:08,  9.93it/s]
Extract:  87%|########6 | 501/578 [00:55<00:06, 12.55it/s]
Extract:  87%|########7 | 504/578 [00:55<00:05, 13.75it/s]
Extract:  88%|########7 | 506/578 [00:56<00:06, 11.92it/s]
Extract:  88%|########7 | 508/578 [00:56<00:05, 12.51it/s]
Extract:  88%|########8 | 510/578 [00:56<00:05, 13.11it/s]
Extract:  89%|########8 | 512/578 [00:56<00:04, 13.35it/s]
Extract:  89%|########9 | 515/578 [00:56<00:04, 14.99it/s]
Extract:  89%|########9 | 517/578 [00:57<00:06, 10.05it/s]
Extract:  90%|########9 | 519/578 [00:57<00:05, 11.08it/s]
Extract:  90%|######### | 522/578 [00:57<00:04, 13.85it/s]
Extract:  91%|######### | 524/578 [00:57<00:04, 13.48it/s]
Extract:  91%|#########1| 526/578 [00:57<00:04, 10.66it/s]
Extract:  91%|#########1| 528/578 [00:57<00:04, 11.60it/s]
Extract:  92%|#########1| 530/578 [00:58<00:03, 12.03it/s]
Extract:  92%|#########2| 532/578 [00:58<00:07,  6.17it/s]
Extract:  92%|#########2| 534/578 [00:58<00:05,  7.42it/s]
Extract:  93%|#########2| 537/578 [00:59<00:04,  9.50it/s]
Extract:  93%|#########3| 539/578 [00:59<00:03, 10.27it/s]
Extract:  94%|#########3| 541/578 [00:59<00:03,  9.44it/s]
Extract:  94%|#########3| 543/578 [00:59<00:03, 10.31it/s]
Extract:  94%|#########4| 546/578 [00:59<00:03, 10.17it/s]
Extract:  95%|#########4| 548/578 [01:00<00:03,  9.26it/s]
Extract:  96%|#########5| 553/578 [01:00<00:02, 10.59it/s]
Extract:  96%|#########6| 555/578 [01:01<00:02,  7.73it/s]
Extract:  96%|#########6| 556/578 [01:01<00:02,  7.34it/s]
Extract:  96%|#########6| 557/578 [01:01<00:02,  7.23it/s]
Extract:  97%|#########6| 560/578 [01:01<00:02,  8.33it/s]
Extract:  97%|#########7| 561/578 [01:01<00:02,  8.30it/s]
Extract:  98%|#########7| 564/578 [01:02<00:01,  8.41it/s]
Extract:  98%|#########7| 565/578 [01:02<00:01,  7.09it/s]
Extract:  98%|#########8| 567/578 [01:02<00:01,  8.16it/s]
Extract:  98%|#########8| 568/578 [01:02<00:01,  7.23it/s]
Extract:  99%|#########8| 570/578 [01:03<00:01,  5.74it/s]
Extract:  99%|#########8| 572/578 [01:03<00:00,  7.12it/s]
Extract:  99%|#########9| 575/578 [01:03<00:00,  9.59it/s]
Extract: 100%|#########9| 577/578 [01:03<00:00,  9.15it/s]
Extract: 100%|##########| 578/578 [01:03<00:00,  9.05it/s]

Extract:   0%|          | 0/578 [00:00<?, ?it/s]
Extract:   1%|          | 3/578 [00:00<00:23, 24.67it/s]
Extract:   1%|1         | 6/578 [00:00<00:32, 17.52it/s]
Extract:   1%|1         | 8/578 [00:00<00:53, 10.68it/s]
Extract:   2%|1         | 10/578 [00:00<01:06,  8.51it/s]
Extract:   2%|2         | 12/578 [00:01<01:29,  6.33it/s]
Extract:   2%|2         | 14/578 [00:01<01:33,  6.06it/s]
Extract:   3%|2         | 15/578 [00:02<01:55,  4.85it/s]
Extract:   3%|3         | 18/578 [00:02<01:12,  7.71it/s]
Extract:   4%|3         | 21/578 [00:02<01:07,  8.21it/s]
Extract:   4%|3         | 23/578 [00:02<01:04,  8.63it/s]
Extract:   4%|4         | 26/578 [00:02<00:51, 10.77it/s]
Extract:   5%|4         | 28/578 [00:03<01:02,  8.84it/s]
Extract:   5%|5         | 30/578 [00:03<01:00,  9.12it/s]
Extract:   6%|5         | 32/578 [00:03<01:02,  8.73it/s]
Extract:   6%|6         | 37/578 [00:03<00:40, 13.29it/s]
Extract:   7%|6         | 40/578 [00:04<00:37, 14.53it/s]
Extract:   7%|7         | 42/578 [00:04<00:50, 10.68it/s]
Extract:   8%|7         | 44/578 [00:04<00:52, 10.08it/s]
Extract:   8%|8         | 47/578 [00:04<00:48, 10.99it/s]
Extract:   9%|8         | 50/578 [00:05<00:47, 11.17it/s]
Extract:   9%|8         | 52/578 [00:05<01:01,  8.55it/s]
Extract:   9%|9         | 54/578 [00:05<00:59,  8.79it/s]
Extract:  10%|9         | 55/578 [00:05<00:59,  8.81it/s]
Extract:  10%|9         | 56/578 [00:06<00:59,  8.84it/s]
Extract:  10%|#         | 58/578 [00:06<00:59,  8.69it/s]
Extract:  10%|#         | 60/578 [00:06<01:00,  8.51it/s]
Extract:  11%|#         | 61/578 [00:06<01:08,  7.55it/s]
Extract:  11%|#1        | 64/578 [00:06<00:55,  9.20it/s]
Extract:  11%|#1        | 65/578 [00:07<01:03,  8.10it/s]
Extract:  12%|#1        | 67/578 [00:07<01:08,  7.46it/s]
Extract:  12%|#1        | 69/578 [00:07<00:55,  9.16it/s]
Extract:  12%|#2        | 71/578 [00:07<00:46, 10.90it/s]
Extract:  13%|#2        | 73/578 [00:08<01:00,  8.29it/s]
Extract:  13%|#3        | 76/578 [00:08<00:48, 10.41it/s]
Extract:  13%|#3        | 78/578 [00:08<00:53,  9.38it/s]
Extract:  14%|#3        | 80/578 [00:08<00:50,  9.80it/s]
Extract:  14%|#4        | 83/578 [00:08<00:40, 12.27it/s]
Extract:  15%|#4        | 85/578 [00:09<00:47, 10.46it/s]
Extract:  15%|#5        | 88/578 [00:09<00:37, 13.11it/s]
Extract:  16%|#5        | 90/578 [00:09<00:44, 11.01it/s]
Extract:  16%|#5        | 92/578 [00:09<01:03,  7.62it/s]
Extract:  16%|#6        | 94/578 [00:10<00:54,  8.91it/s]
Extract:  17%|#6        | 96/578 [00:10<00:57,  8.33it/s]
Extract:  17%|#6        | 98/578 [00:10<00:55,  8.67it/s]
Extract:  17%|#7        | 100/578 [00:10<00:50,  9.45it/s]
Extract:  18%|#7        | 104/578 [00:10<00:33, 14.07it/s]
Extract:  18%|#8        | 106/578 [00:11<00:40, 11.70it/s]
Extract:  19%|#8        | 108/578 [00:11<00:48,  9.76it/s]
Extract:  19%|#9        | 110/578 [00:11<00:42, 10.96it/s]
Extract:  20%|#9        | 113/578 [00:11<00:34, 13.48it/s]
Extract:  20%|##        | 116/578 [00:11<00:32, 14.43it/s]
Extract:  20%|##        | 118/578 [00:12<00:38, 12.05it/s]
Extract:  21%|##        | 120/578 [00:12<00:55,  8.26it/s]
Extract:  21%|##1       | 122/578 [00:12<00:57,  7.96it/s]
Extract:  21%|##1       | 124/578 [00:12<00:47,  9.52it/s]
Extract:  22%|##1       | 126/578 [00:13<00:50,  8.95it/s]
Extract:  22%|##2       | 129/578 [00:13<00:37, 12.00it/s]
Extract:  23%|##2       | 131/578 [00:13<00:52,  8.55it/s]
Extract:  23%|##3       | 133/578 [00:13<00:48,  9.26it/s]
Extract:  23%|##3       | 135/578 [00:14<00:43, 10.11it/s]
Extract:  24%|##3       | 137/578 [00:14<00:49,  8.84it/s]
Extract:  24%|##4       | 139/578 [00:14<01:01,  7.13it/s]
Extract:  25%|##4       | 143/578 [00:14<00:38, 11.24it/s]
Extract:  25%|##5       | 146/578 [00:15<00:38, 11.14it/s]
Extract:  26%|##5       | 148/578 [00:15<00:36, 11.69it/s]
Extract:  26%|##5       | 150/578 [00:15<00:43,  9.75it/s]
Extract:  26%|##6       | 153/578 [00:15<00:42,  9.96it/s]
Extract:  27%|##6       | 155/578 [00:16<00:49,  8.63it/s]
Extract:  27%|##7       | 158/578 [00:16<00:36, 11.49it/s]
Extract:  28%|##7       | 160/578 [00:16<00:34, 11.99it/s]
Extract:  28%|##8       | 163/578 [00:16<00:36, 11.53it/s]
Extract:  29%|##8       | 166/578 [00:16<00:32, 12.76it/s]
Extract:  29%|##9       | 168/578 [00:17<00:38, 10.60it/s]
Extract:  29%|##9       | 170/578 [00:17<00:35, 11.56it/s]
Extract:  30%|##9       | 172/578 [00:17<00:40,  9.93it/s]
Extract:  30%|###       | 174/578 [00:17<00:46,  8.65it/s]
Extract:  31%|###       | 177/578 [00:18<00:44,  8.96it/s]
Extract:  31%|###       | 179/578 [00:18<00:38, 10.28it/s]
Extract:  31%|###1      | 181/578 [00:18<00:44,  8.93it/s]
Extract:  32%|###1      | 183/578 [00:18<00:39, 10.10it/s]
Extract:  32%|###2      | 185/578 [00:19<00:54,  7.19it/s]
Extract:  32%|###2      | 186/578 [00:19<00:54,  7.13it/s]
Extract:  33%|###2      | 188/578 [00:19<00:49,  7.87it/s]
Extract:  33%|###2      | 189/578 [00:19<01:00,  6.46it/s]
Extract:  33%|###3      | 191/578 [00:20<00:51,  7.52it/s]
Extract:  34%|###3      | 194/578 [00:20<00:36, 10.63it/s]
Extract:  34%|###4      | 197/578 [00:20<00:43,  8.81it/s]
Extract:  34%|###4      | 199/578 [00:20<00:37, 10.22it/s]
Extract:  35%|###4      | 201/578 [00:20<00:38,  9.82it/s]
Extract:  35%|###5      | 203/578 [00:21<00:43,  8.57it/s]
Extract:  36%|###5      | 207/578 [00:21<00:32, 11.42it/s]
Extract:  36%|###6      | 210/578 [00:21<00:26, 13.93it/s]
Extract:  37%|###6      | 212/578 [00:21<00:35, 10.36it/s]
Extract:  37%|###7      | 214/578 [00:22<00:31, 11.65it/s]
Extract:  37%|###7      | 216/578 [00:22<00:31, 11.67it/s]
Extract:  38%|###8      | 220/578 [00:22<00:21, 16.28it/s]
Extract:  39%|###8      | 223/578 [00:22<00:19, 18.61it/s]
Extract:  39%|###9      | 226/578 [00:22<00:26, 13.08it/s]
Extract:  39%|###9      | 228/578 [00:22<00:26, 13.46it/s]
Extract:  40%|###9      | 230/578 [00:23<00:29, 11.97it/s]
Extract:  40%|####      | 232/578 [00:23<00:32, 10.81it/s]
Extract:  41%|####      | 235/578 [00:23<00:31, 10.89it/s]
Extract:  41%|####1     | 237/578 [00:24<00:47,  7.22it/s]
Extract:  42%|####1     | 240/578 [00:24<00:36,  9.37it/s]
Extract:  42%|####2     | 244/578 [00:24<00:31, 10.58it/s]
Extract:  43%|####2     | 247/578 [00:24<00:29, 11.39it/s]
Extract:  43%|####3     | 249/578 [00:25<00:30, 10.75it/s]
Extract:  43%|####3     | 251/578 [00:25<00:30, 10.73it/s]
Extract:  44%|####4     | 255/578 [00:25<00:27, 11.60it/s]
Extract:  44%|####4     | 257/578 [00:25<00:29, 10.89it/s]
Extract:  45%|####4     | 260/578 [00:25<00:23, 13.43it/s]
Extract:  45%|####5     | 262/578 [00:26<00:25, 12.48it/s]
Extract:  46%|####5     | 264/578 [00:26<00:33,  9.33it/s]
Extract:  46%|####6     | 266/578 [00:26<00:35,  8.84it/s]
Extract:  46%|####6     | 268/578 [00:27<00:33,  9.24it/s]
Extract:  47%|####6     | 270/578 [00:27<00:30, 10.22it/s]
Extract:  47%|####7     | 273/578 [00:27<00:33,  9.22it/s]
Extract:  48%|####7     | 275/578 [00:27<00:39,  7.61it/s]
Extract:  48%|####7     | 277/578 [00:28<00:33,  8.86it/s]
Extract:  48%|####8     | 280/578 [00:28<00:34,  8.65it/s]
Extract:  49%|####8     | 283/578 [00:28<00:29, 10.14it/s]
Extract:  49%|####9     | 285/578 [00:28<00:26, 10.99it/s]
Extract:  50%|####9     | 287/578 [00:29<00:29,  9.85it/s]
Extract:  50%|#####     | 289/578 [00:29<00:26, 10.98it/s]
Extract:  50%|#####     | 291/578 [00:29<00:28, 10.11it/s]
Extract:  51%|#####     | 294/578 [00:29<00:22, 12.83it/s]
Extract:  51%|#####1    | 296/578 [00:29<00:26, 10.67it/s]
Extract:  52%|#####1    | 298/578 [00:30<00:28,  9.92it/s]
Extract:  52%|#####2    | 301/578 [00:30<00:24, 11.27it/s]
Extract:  53%|#####2    | 304/578 [00:30<00:29,  9.28it/s]
Extract:  53%|#####3    | 307/578 [00:30<00:26, 10.12it/s]
Extract:  53%|#####3    | 309/578 [00:31<00:33,  7.93it/s]
Extract:  54%|#####3    | 310/578 [00:31<00:33,  7.96it/s]
Extract:  54%|#####3    | 311/578 [00:31<00:39,  6.75it/s]
Extract:  54%|#####3    | 312/578 [00:31<00:45,  5.79it/s]
Extract:  54%|#####4    | 314/578 [00:32<00:43,  6.09it/s]
Extract:  55%|#####4    | 316/578 [00:32<00:44,  5.90it/s]
Extract:  55%|#####5    | 318/578 [00:32<00:41,  6.20it/s]
Extract:  55%|#####5    | 319/578 [00:33<00:39,  6.59it/s]
Extract:  55%|#####5    | 320/578 [00:33<00:40,  6.42it/s]
Extract:  56%|#####5    | 322/578 [00:33<00:32,  7.88it/s]
Extract:  56%|#####6    | 325/578 [00:33<00:22, 11.15it/s]
Extract:  57%|#####6    | 327/578 [00:33<00:20, 12.30it/s]
Extract:  57%|#####6    | 329/578 [00:33<00:18, 13.69it/s]
Extract:  57%|#####7    | 331/578 [00:33<00:17, 14.34it/s]
Extract:  58%|#####7    | 333/578 [00:33<00:17, 14.11it/s]
Extract:  58%|#####7    | 335/578 [00:34<00:16, 14.77it/s]
Extract:  58%|#####8    | 337/578 [00:34<00:15, 15.75it/s]
Extract:  59%|#####8    | 340/578 [00:34<00:14, 16.63it/s]
Extract:  59%|#####9    | 342/578 [00:34<00:19, 12.17it/s]
Extract:  60%|#####9    | 344/578 [00:34<00:21, 10.84it/s]
Extract:  60%|#####9    | 346/578 [00:35<00:19, 12.21it/s]
Extract:  60%|######    | 349/578 [00:35<00:20, 11.36it/s]
Extract:  61%|######    | 351/578 [00:35<00:22,  9.94it/s]
Extract:  61%|######1   | 353/578 [00:35<00:20, 10.90it/s]
Extract:  62%|######1   | 356/578 [00:36<00:20, 10.70it/s]
Extract:  62%|######1   | 358/578 [00:36<00:18, 11.80it/s]
Extract:  62%|######2   | 360/578 [00:36<00:22,  9.81it/s]
Extract:  63%|######2   | 362/578 [00:36<00:23,  9.32it/s]
Extract:  63%|######3   | 365/578 [00:36<00:17, 11.97it/s]
Extract:  63%|######3   | 367/578 [00:37<00:19, 10.68it/s]
Extract:  64%|######3   | 369/578 [00:37<00:24,  8.45it/s]
Extract:  65%|######4   | 373/578 [00:37<00:18, 11.10it/s]
Extract:  65%|######5   | 376/578 [00:37<00:19, 10.50it/s]
Extract:  65%|######5   | 378/578 [00:38<00:17, 11.14it/s]
Extract:  66%|######5   | 380/578 [00:38<00:17, 11.56it/s]
Extract:  66%|######6   | 382/578 [00:38<00:17, 11.19it/s]
Extract:  66%|######6   | 384/578 [00:38<00:17, 11.30it/s]
Extract:  67%|######6   | 387/578 [00:38<00:14, 13.13it/s]
Extract:  68%|######7   | 391/578 [00:38<00:11, 16.84it/s]
Extract:  68%|######7   | 393/578 [00:39<00:12, 15.05it/s]
Extract:  68%|######8   | 395/578 [00:39<00:14, 12.50it/s]
Extract:  69%|######8   | 397/578 [00:39<00:13, 13.38it/s]
Extract:  69%|######9   | 400/578 [00:39<00:11, 15.80it/s]
Extract:  70%|######9   | 403/578 [00:39<00:12, 14.46it/s]
Extract:  70%|#######   | 406/578 [00:39<00:11, 15.52it/s]
Extract:  71%|#######   | 408/578 [00:40<00:17, 10.00it/s]
Extract:  71%|#######   | 410/578 [00:40<00:15, 10.68it/s]
Extract:  71%|#######1  | 413/578 [00:40<00:13, 11.88it/s]
Extract:  72%|#######1  | 416/578 [00:40<00:11, 13.57it/s]
Extract:  72%|#######2  | 418/578 [00:41<00:12, 12.37it/s]
Extract:  73%|#######2  | 420/578 [00:41<00:12, 12.18it/s]
Extract:  73%|#######3  | 422/578 [00:41<00:15,  9.94it/s]
Extract:  74%|#######3  | 425/578 [00:41<00:15, 10.05it/s]
Extract:  74%|#######3  | 427/578 [00:42<00:23,  6.55it/s]
Extract:  74%|#######4  | 428/578 [00:43<00:37,  3.96it/s]
Extract:  74%|#######4  | 429/578 [00:43<00:38,  3.88it/s]
Extract:  75%|#######4  | 431/578 [00:43<00:31,  4.70it/s]
Extract:  75%|#######4  | 432/578 [00:44<00:33,  4.41it/s]
Extract:  75%|#######4  | 433/578 [00:44<00:29,  4.94it/s]
Extract:  75%|#######5  | 434/578 [00:44<00:47,  3.05it/s]
Extract:  75%|#######5  | 435/578 [00:45<00:42,  3.40it/s]
Extract:  76%|#######5  | 437/578 [00:45<00:32,  4.38it/s]
Extract:  76%|#######5  | 438/578 [00:45<00:32,  4.26it/s]
Extract:  76%|#######5  | 439/578 [00:46<00:35,  3.87it/s]
Extract:  76%|#######6  | 441/578 [00:46<00:42,  3.24it/s]
Extract:  76%|#######6  | 442/578 [00:46<00:37,  3.64it/s]
Extract:  77%|#######6  | 443/578 [00:47<00:32,  4.12it/s]
Extract:  77%|#######6  | 444/578 [00:47<00:30,  4.44it/s]
Extract:  77%|#######6  | 445/578 [00:48<00:59,  2.23it/s]
Extract:  77%|#######7  | 447/578 [00:48<00:37,  3.51it/s]
Extract:  78%|#######7  | 449/578 [00:48<00:26,  4.80it/s]
Extract:  78%|#######7  | 450/578 [00:49<00:39,  3.28it/s]
Extract:  78%|#######8  | 451/578 [00:49<00:50,  2.51it/s]
Extract:  78%|#######8  | 452/578 [00:50<00:43,  2.88it/s]
Extract:  79%|#######8  | 454/578 [00:50<00:32,  3.83it/s]
Extract:  79%|#######8  | 455/578 [00:50<00:28,  4.31it/s]
Extract:  79%|#######8  | 456/578 [00:50<00:25,  4.82it/s]
Extract:  79%|#######9  | 458/578 [00:51<00:29,  4.10it/s]
Extract:  79%|#######9  | 459/578 [00:51<00:28,  4.24it/s]
Extract:  80%|#######9  | 461/578 [00:51<00:22,  5.10it/s]
Extract:  80%|#######9  | 462/578 [00:51<00:21,  5.37it/s]
Extract:  80%|########  | 463/578 [00:52<00:27,  4.23it/s]
Extract:  80%|########  | 465/578 [00:52<00:19,  5.71it/s]
Extract:  81%|########  | 466/578 [00:52<00:22,  4.89it/s]
Extract:  81%|########  | 467/578 [00:53<00:29,  3.80it/s]
Extract:  81%|########  | 468/578 [00:54<00:43,  2.50it/s]
Extract:  81%|########1 | 469/578 [00:54<00:35,  3.03it/s]
Extract:  81%|########1 | 470/578 [00:54<00:33,  3.19it/s]
Extract:  81%|########1 | 471/578 [00:54<00:36,  2.91it/s]
Extract:  82%|########1 | 472/578 [00:55<00:48,  2.20it/s]
Extract:  82%|########1 | 473/578 [00:55<00:40,  2.56it/s]
Extract:  82%|########2 | 474/578 [00:56<00:38,  2.74it/s]
Extract:  82%|########2 | 475/578 [00:56<00:31,  3.25it/s]
Extract:  82%|########2 | 476/578 [00:57<00:43,  2.34it/s]
Extract:  83%|########2 | 477/578 [00:57<00:36,  2.77it/s]
Extract:  83%|########2 | 478/578 [00:57<00:29,  3.43it/s]
Extract:  83%|########2 | 479/578 [00:57<00:28,  3.46it/s]
Extract:  83%|########3 | 480/578 [00:57<00:23,  4.19it/s]
Extract:  83%|########3 | 481/578 [00:58<00:23,  4.19it/s]
Extract:  84%|########3 | 483/578 [00:58<00:16,  5.79it/s]
Extract:  84%|########3 | 484/578 [00:58<00:15,  6.17it/s]
Extract:  84%|########4 | 486/578 [00:58<00:12,  7.46it/s]
Extract:  84%|########4 | 487/578 [00:58<00:15,  5.76it/s]
Extract:  84%|########4 | 488/578 [00:58<00:14,  6.11it/s]
Extract:  85%|########4 | 489/578 [00:59<00:30,  2.92it/s]
Extract:  85%|########4 | 490/578 [01:00<00:27,  3.23it/s]
Extract:  85%|########4 | 491/578 [01:00<00:27,  3.20it/s]
Extract:  85%|########5 | 492/578 [01:00<00:28,  3.01it/s]
Extract:  85%|########5 | 493/578 [01:01<00:27,  3.09it/s]
Extract:  85%|########5 | 494/578 [01:01<00:25,  3.25it/s]
Extract:  86%|########5 | 496/578 [01:01<00:17,  4.77it/s]
Extract:  86%|########6 | 498/578 [01:02<00:29,  2.72it/s]
Extract:  86%|########6 | 499/578 [01:02<00:24,  3.23it/s]
Extract:  87%|########6 | 501/578 [01:03<00:17,  4.35it/s]
Extract:  87%|########7 | 503/578 [01:03<00:13,  5.77it/s]
Extract:  87%|########7 | 504/578 [01:03<00:17,  4.14it/s]
Extract:  87%|########7 | 505/578 [01:04<00:26,  2.79it/s]
Extract:  88%|########7 | 507/578 [01:04<00:18,  3.87it/s]
Extract:  88%|########7 | 508/578 [01:04<00:18,  3.81it/s]
Extract:  88%|########8 | 510/578 [01:05<00:17,  3.93it/s]
Extract:  88%|########8 | 511/578 [01:05<00:15,  4.21it/s]
Extract:  89%|########8 | 512/578 [01:05<00:17,  3.82it/s]
Extract:  89%|########8 | 514/578 [01:06<00:12,  5.17it/s]
Extract:  89%|########9 | 515/578 [01:06<00:15,  3.98it/s]
Extract:  89%|########9 | 516/578 [01:07<00:22,  2.72it/s]
Extract:  89%|########9 | 517/578 [01:07<00:21,  2.79it/s]
Extract:  90%|########9 | 518/578 [01:07<00:17,  3.39it/s]
Extract:  90%|########9 | 519/578 [01:08<00:18,  3.27it/s]
Extract:  90%|########9 | 520/578 [01:08<00:16,  3.60it/s]
Extract:  90%|######### | 522/578 [01:08<00:11,  5.05it/s]
Extract:  90%|######### | 523/578 [01:08<00:11,  4.83it/s]
Extract:  91%|######### | 524/578 [01:08<00:10,  4.94it/s]
Extract:  91%|######### | 525/578 [01:09<00:09,  5.36it/s]
Extract:  91%|#########1| 526/578 [01:10<00:24,  2.13it/s]
Extract:  91%|#########1| 528/578 [01:10<00:16,  3.11it/s]
Extract:  92%|#########1| 529/578 [01:10<00:14,  3.43it/s]
Extract:  92%|#########1| 530/578 [01:10<00:12,  3.83it/s]
Extract:  92%|#########1| 531/578 [01:11<00:11,  4.03it/s]
Extract:  92%|#########2| 532/578 [01:11<00:10,  4.37it/s]
Extract:  92%|#########2| 533/578 [01:11<00:09,  4.85it/s]
Extract:  92%|#########2| 534/578 [01:11<00:10,  4.15it/s]
Extract:  93%|#########2| 535/578 [01:11<00:09,  4.67it/s]
Extract:  93%|#########2| 537/578 [01:12<00:08,  4.91it/s]
Extract:  93%|#########3| 538/578 [01:12<00:10,  3.90it/s]
Extract:  93%|#########3| 539/578 [01:12<00:08,  4.55it/s]
Extract:  93%|#########3| 540/578 [01:13<00:11,  3.27it/s]
Extract:  94%|#########3| 541/578 [01:13<00:11,  3.28it/s]
Extract:  94%|#########3| 543/578 [01:14<00:08,  3.91it/s]
Extract:  94%|#########4| 544/578 [01:14<00:07,  4.56it/s]
Extract:  94%|#########4| 546/578 [01:15<00:10,  3.08it/s]
Extract:  95%|#########4| 547/578 [01:15<00:13,  2.28it/s]
Extract:  95%|#########4| 548/578 [01:16<00:10,  2.77it/s]
Extract:  95%|#########5| 550/578 [01:16<00:06,  4.13it/s]
Extract:  95%|#########5| 551/578 [01:16<00:05,  4.63it/s]
Extract:  96%|#########5| 553/578 [01:17<00:07,  3.20it/s]
Extract:  96%|#########5| 554/578 [01:18<00:12,  1.97it/s]
Extract:  96%|#########6| 555/578 [01:19<00:12,  1.77it/s]
Extract:  96%|#########6| 556/578 [01:19<00:11,  1.89it/s]
Extract:  96%|#########6| 557/578 [01:20<00:10,  2.05it/s]
Extract:  97%|#########6| 558/578 [01:20<00:07,  2.60it/s]
Extract:  97%|#########6| 560/578 [01:21<00:07,  2.41it/s]
Extract:  97%|#########7| 561/578 [01:21<00:06,  2.45it/s]
Extract:  98%|#########7| 564/578 [01:22<00:04,  3.04it/s]
Extract:  98%|#########7| 565/578 [01:22<00:05,  2.48it/s]
Extract:  98%|#########7| 566/578 [01:23<00:04,  2.81it/s]
Extract:  98%|#########8| 567/578 [01:23<00:03,  2.88it/s]
Extract:  98%|#########8| 568/578 [01:24<00:04,  2.18it/s]
Extract:  99%|#########8| 570/578 [01:24<00:02,  3.17it/s]
Extract:  99%|#########8| 572/578 [01:24<00:01,  3.98it/s]
Extract:  99%|#########9| 573/578 [01:25<00:01,  3.25it/s]
Extract:  99%|#########9| 575/578 [01:25<00:00,  3.96it/s]
Extract: 100%|#########9| 576/578 [01:26<00:00,  2.88it/s]
Extract: 100%|##########| 578/578 [01:26<00:00,  4.18it/s]
Extract: 100%|##########| 578/578 [01:26<00:00,  6.69it/s]

Extract:   0%|          | 0/578 [00:00<?, ?it/s]
Extract:   0%|          | 1/578 [00:00<01:03,  9.13it/s]
Extract:   0%|          | 2/578 [00:00<01:10,  8.13it/s]
Extract:   1%|          | 3/578 [00:00<01:28,  6.51it/s]
Extract:   1%|          | 4/578 [00:00<02:12,  4.34it/s]
Extract:   1%|          | 5/578 [00:00<02:04,  4.61it/s]
Extract:   1%|1         | 6/578 [00:01<02:05,  4.55it/s]
Extract:   1%|1         | 7/578 [00:01<02:41,  3.53it/s]
Extract:   1%|1         | 8/578 [00:02<03:23,  2.79it/s]
Extract:   2%|1         | 9/578 [00:02<03:20,  2.84it/s]
Extract:   2%|1         | 10/578 [00:02<03:12,  2.95it/s]
Extract:   2%|1         | 11/578 [00:03<03:16,  2.88it/s]
Extract:   2%|2         | 12/578 [00:03<04:19,  2.18it/s]
Extract:   2%|2         | 13/578 [00:04<03:39,  2.57it/s]
Extract:   2%|2         | 14/578 [00:04<04:27,  2.11it/s]
Extract:   3%|2         | 15/578 [00:05<05:13,  1.80it/s]
Extract:   3%|2         | 16/578 [00:05<04:12,  2.23it/s]
Extract:   3%|3         | 18/578 [00:05<02:29,  3.74it/s]
Extract:   3%|3         | 20/578 [00:05<01:48,  5.14it/s]
Extract:   4%|3         | 21/578 [00:06<02:41,  3.45it/s]
Extract:   4%|3         | 22/578 [00:06<02:37,  3.54it/s]
Extract:   4%|3         | 23/578 [00:07<02:55,  3.16it/s]
Extract:   4%|4         | 24/578 [00:07<02:59,  3.08it/s]
Extract:   4%|4         | 26/578 [00:07<02:22,  3.87it/s]
Extract:   5%|4         | 27/578 [00:08<03:16,  2.80it/s]
Extract:   5%|4         | 28/578 [00:08<02:43,  3.37it/s]
Extract:   5%|5         | 29/578 [00:09<02:48,  3.26it/s]
Extract:   5%|5         | 30/578 [00:09<02:48,  3.25it/s]
Extract:   5%|5         | 31/578 [00:09<02:56,  3.10it/s]
Extract:   6%|5         | 32/578 [00:09<02:25,  3.76it/s]
Extract:   6%|5         | 34/578 [00:10<01:38,  5.50it/s]
Extract:   6%|6         | 35/578 [00:10<01:33,  5.79it/s]
Extract:   6%|6         | 37/578 [00:10<01:36,  5.62it/s]
Extract:   7%|6         | 38/578 [00:10<01:32,  5.84it/s]
Extract:   7%|6         | 40/578 [00:10<01:23,  6.44it/s]
Extract:   7%|7         | 41/578 [00:11<01:24,  6.33it/s]
Extract:   7%|7         | 42/578 [00:11<02:32,  3.52it/s]
Extract:   7%|7         | 43/578 [00:12<03:22,  2.64it/s]
Extract:   8%|7         | 45/578 [00:12<02:17,  3.89it/s]
Extract:   8%|7         | 46/578 [00:12<02:09,  4.12it/s]
Extract:   8%|8         | 47/578 [00:13<02:18,  3.83it/s]
Extract:   8%|8         | 49/578 [00:13<01:44,  5.05it/s]
Extract:   9%|8         | 50/578 [00:13<02:27,  3.57it/s]
Extract:   9%|8         | 51/578 [00:14<02:54,  3.02it/s]
Extract:   9%|8         | 52/578 [00:14<03:12,  2.74it/s]
Extract:   9%|9         | 54/578 [00:15<02:44,  3.18it/s]
Extract:  10%|9         | 55/578 [00:15<02:51,  3.04it/s]
Extract:  10%|9         | 56/578 [00:15<02:35,  3.35it/s]
Extract:  10%|#         | 58/578 [00:16<02:30,  3.46it/s]
Extract:  10%|#         | 59/578 [00:16<02:36,  3.32it/s]
Extract:  10%|#         | 60/578 [00:17<03:12,  2.69it/s]
Extract:  11%|#         | 61/578 [00:18<03:43,  2.31it/s]
Extract:  11%|#         | 62/578 [00:18<03:03,  2.82it/s]
Extract:  11%|#1        | 64/578 [00:18<02:40,  3.20it/s]
Extract:  11%|#1        | 65/578 [00:19<03:11,  2.67it/s]
Extract:  11%|#1        | 66/578 [00:19<02:39,  3.21it/s]
Extract:  12%|#1        | 67/578 [00:20<03:54,  2.18it/s]
Extract:  12%|#1        | 69/578 [00:20<02:52,  2.95it/s]
Extract:  12%|#2        | 70/578 [00:20<02:23,  3.53it/s]
Extract:  12%|#2        | 71/578 [00:20<02:11,  3.84it/s]
Extract:  12%|#2        | 72/578 [00:21<02:03,  4.10it/s]
Extract:  13%|#2        | 73/578 [00:21<03:01,  2.78it/s]
Extract:  13%|#2        | 75/578 [00:22<02:09,  3.88it/s]
Extract:  13%|#3        | 76/578 [00:22<02:08,  3.90it/s]
Extract:  13%|#3        | 77/578 [00:22<02:52,  2.90it/s]
Extract:  14%|#3        | 79/578 [00:23<01:54,  4.34it/s]
Extract:  14%|#3        | 80/578 [00:23<01:42,  4.85it/s]
Extract:  14%|#4        | 81/578 [00:23<01:36,  5.13it/s]
Extract:  14%|#4        | 82/578 [00:23<01:27,  5.64it/s]
Extract:  14%|#4        | 83/578 [00:23<01:35,  5.20it/s]
Extract:  15%|#4        | 84/578 [00:24<03:00,  2.73it/s]
Extract:  15%|#4        | 85/578 [00:24<02:28,  3.31it/s]
Extract:  15%|#4        | 86/578 [00:24<02:17,  3.57it/s]
Extract:  15%|#5        | 88/578 [00:25<01:31,  5.37it/s]
Extract:  15%|#5        | 89/578 [00:25<02:44,  2.98it/s]
Extract:  16%|#5        | 90/578 [00:26<02:35,  3.13it/s]
Extract:  16%|#5        | 91/578 [00:26<03:39,  2.22it/s]
Extract:  16%|#5        | 92/578 [00:27<04:12,  1.93it/s]
Extract:  16%|#6        | 93/578 [00:27<03:34,  2.26it/s]
Extract:  16%|#6        | 94/578 [00:28<03:18,  2.44it/s]
Extract:  17%|#6        | 96/578 [00:28<03:03,  2.62it/s]
Extract:  17%|#6        | 97/578 [00:29<02:36,  3.07it/s]
Extract:  17%|#6        | 98/578 [00:29<02:40,  2.98it/s]
Extract:  17%|#7        | 99/578 [00:29<02:11,  3.63it/s]
Extract:  17%|#7        | 100/578 [00:29<02:20,  3.41it/s]
Extract:  17%|#7        | 101/578 [00:30<02:04,  3.83it/s]
Extract:  18%|#7        | 104/578 [00:30<01:10,  6.75it/s]
Extract:  18%|#8        | 105/578 [00:30<01:39,  4.78it/s]
Extract:  18%|#8        | 106/578 [00:30<01:36,  4.88it/s]
Extract:  19%|#8        | 107/578 [00:31<02:58,  2.63it/s]
Extract:  19%|#8        | 108/578 [00:32<02:53,  2.70it/s]
Extract:  19%|#9        | 110/578 [00:32<02:35,  3.00it/s]
Extract:  19%|#9        | 111/578 [00:32<02:22,  3.27it/s]
Extract:  20%|#9        | 113/578 [00:33<01:45,  4.41it/s]
Extract:  20%|#9        | 114/578 [00:33<01:37,  4.78it/s]
Extract:  20%|#9        | 115/578 [00:33<01:27,  5.28it/s]
Extract:  20%|##        | 116/578 [00:33<01:43,  4.45it/s]
Extract:  20%|##        | 117/578 [00:34<02:19,  3.29it/s]
Extract:  21%|##        | 120/578 [00:35<02:10,  3.50it/s]
Extract:  21%|##        | 121/578 [00:35<03:07,  2.44it/s]
Extract:  21%|##1       | 122/578 [00:36<02:37,  2.89it/s]
Extract:  21%|##1       | 124/578 [00:36<01:51,  4.08it/s]
Extract:  22%|##1       | 125/578 [00:36<02:20,  3.22it/s]
Extract:  22%|##1       | 126/578 [00:37<02:21,  3.20it/s]
Extract:  22%|##2       | 128/578 [00:37<01:53,  3.95it/s]
Extract:  22%|##2       | 130/578 [00:38<02:01,  3.69it/s]
Extract:  23%|##2       | 131/578 [00:38<02:30,  2.96it/s]
Extract:  23%|##2       | 132/578 [00:38<02:13,  3.34it/s]
Extract:  23%|##3       | 133/578 [00:39<02:37,  2.82it/s]
Extract:  23%|##3       | 134/578 [00:39<02:13,  3.34it/s]
Extract:  23%|##3       | 135/578 [00:39<01:59,  3.70it/s]
Extract:  24%|##3       | 136/578 [00:39<01:51,  3.98it/s]
Extract:  24%|##3       | 137/578 [00:40<02:41,  2.73it/s]
Extract:  24%|##3       | 138/578 [00:41<03:23,  2.16it/s]
Extract:  24%|##4       | 139/578 [00:41<03:14,  2.25it/s]
Extract:  24%|##4       | 141/578 [00:41<02:00,  3.62it/s]
Extract:  25%|##4       | 144/578 [00:41<01:10,  6.18it/s]
Extract:  25%|##5       | 146/578 [00:42<01:34,  4.55it/s]
Extract:  25%|##5       | 147/578 [00:42<01:38,  4.36it/s]
Extract:  26%|##5       | 148/578 [00:43<01:34,  4.56it/s]
Extract:  26%|##5       | 149/578 [00:43<02:11,  3.27it/s]
Extract:  26%|##5       | 150/578 [00:43<01:59,  3.59it/s]
Extract:  26%|##6       | 152/578 [00:43<01:22,  5.17it/s]
Extract:  26%|##6       | 153/578 [00:44<02:13,  3.18it/s]
Extract:  27%|##6       | 154/578 [00:44<01:58,  3.57it/s]
Extract:  27%|##6       | 155/578 [00:45<02:25,  2.91it/s]
Extract:  27%|##7       | 157/578 [00:45<01:40,  4.21it/s]
Extract:  27%|##7       | 158/578 [00:45<01:27,  4.78it/s]
Extract:  28%|##7       | 160/578 [00:46<01:29,  4.65it/s]
Extract:  28%|##8       | 162/578 [00:46<01:08,  6.03it/s]
Extract:  28%|##8       | 163/578 [00:47<02:07,  3.25it/s]
Extract:  28%|##8       | 164/578 [00:47<01:52,  3.68it/s]
Extract:  29%|##8       | 165/578 [00:47<01:45,  3.90it/s]
Extract:  29%|##8       | 166/578 [00:47<01:37,  4.23it/s]
Extract:  29%|##8       | 167/578 [00:48<02:27,  2.78it/s]
Extract:  29%|##9       | 168/578 [00:48<02:10,  3.15it/s]
Extract:  29%|##9       | 169/578 [00:48<01:57,  3.48it/s]
Extract:  29%|##9       | 170/578 [00:49<01:49,  3.73it/s]
Extract:  30%|##9       | 171/578 [00:49<01:29,  4.53it/s]
Extract:  30%|##9       | 172/578 [00:49<01:48,  3.75it/s]
Extract:  30%|##9       | 173/578 [00:50<02:39,  2.53it/s]
Extract:  30%|###       | 174/578 [00:50<02:27,  2.73it/s]
Extract:  30%|###       | 175/578 [00:50<02:03,  3.27it/s]
Extract:  30%|###       | 176/578 [00:50<01:42,  3.93it/s]
Extract:  31%|###       | 177/578 [00:51<02:27,  2.73it/s]
Extract:  31%|###       | 178/578 [00:51<02:06,  3.17it/s]
Extract:  31%|###       | 179/578 [00:51<01:47,  3.70it/s]
Extract:  31%|###1      | 180/578 [00:52<02:12,  2.99it/s]
Extract:  31%|###1      | 181/578 [00:52<02:49,  2.35it/s]
Extract:  31%|###1      | 182/578 [00:53<02:44,  2.41it/s]
Extract:  32%|###1      | 183/578 [00:53<02:09,  3.05it/s]
Extract:  32%|###1      | 184/578 [00:53<02:17,  2.86it/s]
Extract:  32%|###2      | 185/578 [00:54<03:17,  1.99it/s]
Extract:  32%|###2      | 186/578 [00:54<02:40,  2.44it/s]
Extract:  33%|###2      | 188/578 [00:55<01:51,  3.48it/s]
Extract:  33%|###2      | 189/578 [00:55<02:27,  2.64it/s]
Extract:  33%|###3      | 191/578 [00:56<02:16,  2.83it/s]
Extract:  33%|###3      | 192/578 [00:56<02:00,  3.19it/s]
Extract:  33%|###3      | 193/578 [00:56<01:44,  3.70it/s]
Extract:  34%|###3      | 195/578 [00:56<01:17,  4.95it/s]
Extract:  34%|###4      | 197/578 [00:57<01:49,  3.47it/s]
Extract:  34%|###4      | 198/578 [00:58<01:56,  3.27it/s]
Extract:  35%|###4      | 201/578 [00:59<01:52,  3.36it/s]
Extract:  35%|###4      | 202/578 [00:59<01:54,  3.28it/s]
Extract:  35%|###5      | 203/578 [01:00<02:30,  2.49it/s]
Extract:  35%|###5      | 205/578 [01:00<01:44,  3.57it/s]
Extract:  36%|###5      | 206/578 [01:00<01:36,  3.86it/s]
Extract:  36%|###5      | 207/578 [01:00<01:43,  3.59it/s]
Extract:  36%|###6      | 209/578 [01:01<01:16,  4.79it/s]
Extract:  36%|###6      | 210/578 [01:01<01:16,  4.80it/s]
Extract:  37%|###6      | 212/578 [01:02<01:43,  3.53it/s]
Extract:  37%|###6      | 213/578 [01:02<01:37,  3.76it/s]
Extract:  37%|###7      | 215/578 [01:02<01:37,  3.74it/s]
Extract:  38%|###7      | 217/578 [01:03<01:18,  4.61it/s]
Extract:  38%|###8      | 220/578 [01:03<00:57,  6.25it/s]
Extract:  38%|###8      | 221/578 [01:03<00:55,  6.39it/s]
Extract:  39%|###8      | 223/578 [01:03<00:47,  7.43it/s]
Extract:  39%|###8      | 224/578 [01:03<00:47,  7.52it/s]
Extract:  39%|###8      | 225/578 [01:04<01:26,  4.10it/s]
Extract:  39%|###9      | 226/578 [01:04<01:33,  3.77it/s]
Extract:  39%|###9      | 227/578 [01:05<01:30,  3.87it/s]
Extract:  39%|###9      | 228/578 [01:05<01:15,  4.61it/s]
Extract:  40%|###9      | 229/578 [01:05<01:17,  4.49it/s]
Extract:  40%|###9      | 230/578 [01:05<01:51,  3.12it/s]
Extract:  40%|###9      | 231/578 [01:06<02:00,  2.89it/s]
Extract:  40%|####      | 232/578 [01:06<01:40,  3.44it/s]
Extract:  40%|####      | 233/578 [01:06<01:26,  3.99it/s]
Extract:  40%|####      | 234/578 [01:06<01:22,  4.16it/s]
Extract:  41%|####      | 235/578 [01:07<01:17,  4.44it/s]
Extract:  41%|####      | 236/578 [01:07<02:05,  2.72it/s]
Extract:  41%|####1     | 237/578 [01:08<02:23,  2.38it/s]
Extract:  41%|####1     | 239/578 [01:08<01:34,  3.60it/s]
Extract:  42%|####1     | 240/578 [01:08<01:30,  3.75it/s]
Extract:  42%|####1     | 242/578 [01:08<01:04,  5.22it/s]
Extract:  42%|####2     | 244/578 [01:09<01:35,  3.49it/s]
Extract:  42%|####2     | 245/578 [01:09<01:25,  3.89it/s]
Extract:  43%|####2     | 246/578 [01:10<01:13,  4.51it/s]
Extract:  43%|####2     | 247/578 [01:10<01:29,  3.69it/s]
Extract:  43%|####2     | 248/578 [01:10<01:46,  3.09it/s]
Extract:  43%|####3     | 249/578 [01:11<01:38,  3.34it/s]
Extract:  43%|####3     | 250/578 [01:11<01:26,  3.78it/s]
Extract:  43%|####3     | 251/578 [01:11<01:22,  3.96it/s]
Extract:  44%|####3     | 253/578 [01:11<00:59,  5.46it/s]
Extract:  44%|####4     | 255/578 [01:12<01:00,  5.30it/s]
Extract:  44%|####4     | 256/578 [01:12<01:33,  3.44it/s]
Extract:  44%|####4     | 257/578 [01:12<01:19,  4.01it/s]
Extract:  45%|####4     | 258/578 [01:13<01:11,  4.50it/s]
Extract:  45%|####4     | 259/578 [01:13<01:13,  4.33it/s]
Extract:  45%|####4     | 260/578 [01:13<01:05,  4.85it/s]
Extract:  45%|####5     | 261/578 [01:13<00:56,  5.58it/s]
Extract:  45%|####5     | 262/578 [01:14<01:25,  3.71it/s]
Extract:  46%|####5     | 263/578 [01:14<02:09,  2.43it/s]
Extract:  46%|####5     | 264/578 [01:14<01:42,  3.06it/s]
Extract:  46%|####5     | 265/578 [01:15<01:46,  2.95it/s]
Extract:  46%|####6     | 266/578 [01:15<01:40,  3.09it/s]
Extract:  46%|####6     | 267/578 [01:16<01:55,  2.70it/s]
Extract:  46%|####6     | 268/578 [01:16<01:33,  3.31it/s]
Extract:  47%|####6     | 269/578 [01:16<01:44,  2.96it/s]
Extract:  47%|####6     | 271/578 [01:16<01:05,  4.71it/s]
Extract:  47%|####7     | 273/578 [01:17<01:26,  3.51it/s]
Extract:  47%|####7     | 274/578 [01:18<01:54,  2.65it/s]
Extract:  48%|####7     | 275/578 [01:19<02:20,  2.15it/s]
Extract:  48%|####7     | 276/578 [01:19<02:04,  2.42it/s]
Extract:  48%|####7     | 277/578 [01:19<01:43,  2.91it/s]
Extract:  48%|####8     | 280/578 [01:20<01:19,  3.76it/s]
Extract:  49%|####8     | 282/578 [01:20<01:01,  4.79it/s]
Extract:  49%|####8     | 283/578 [01:20<01:17,  3.78it/s]
Extract:  49%|####9     | 284/578 [01:20<01:07,  4.32it/s]
Extract:  49%|####9     | 285/578 [01:21<01:10,  4.14it/s]
Extract:  49%|####9     | 286/578 [01:21<01:12,  4.02it/s]
Extract:  50%|####9     | 287/578 [01:21<01:05,  4.44it/s]
Extract:  50%|####9     | 288/578 [01:21<00:58,  4.93it/s]
Extract:  50%|#####     | 289/578 [01:22<01:11,  4.03it/s]
Extract:  50%|#####     | 290/578 [01:22<01:43,  2.79it/s]
Extract:  50%|#####     | 291/578 [01:22<01:24,  3.41it/s]
Extract:  51%|#####     | 293/578 [01:22<00:55,  5.17it/s]
Extract:  51%|#####     | 294/578 [01:23<00:51,  5.56it/s]
Extract:  51%|#####1    | 295/578 [01:23<01:31,  3.10it/s]
Extract:  51%|#####1    | 296/578 [01:24<01:21,  3.48it/s]
Extract:  51%|#####1    | 297/578 [01:24<01:58,  2.36it/s]
Extract:  52%|#####1    | 299/578 [01:24<01:17,  3.62it/s]
Extract:  52%|#####1    | 300/578 [01:25<01:11,  3.87it/s]
Extract:  52%|#####2    | 301/578 [01:25<01:35,  2.91it/s]
Extract:  52%|#####2    | 303/578 [01:25<01:04,  4.27it/s]
Extract:  53%|#####2    | 304/578 [01:26<01:33,  2.92it/s]
Extract:  53%|#####2    | 305/578 [01:26<01:26,  3.14it/s]
Extract:  53%|#####3    | 307/578 [01:27<01:21,  3.34it/s]
Extract:  53%|#####3    | 308/578 [01:27<01:26,  3.11it/s]
Extract:  53%|#####3    | 309/578 [01:28<01:58,  2.28it/s]
Extract:  54%|#####3    | 310/578 [01:28<01:47,  2.49it/s]
Extract:  54%|#####3    | 311/578 [01:29<02:06,  2.11it/s]
Extract:  54%|#####3    | 312/578 [01:30<02:23,  1.85it/s]
Extract:  54%|#####4    | 313/578 [01:30<01:56,  2.27it/s]
Extract:  54%|#####4    | 314/578 [01:30<01:57,  2.25it/s]
Extract:  55%|#####4    | 316/578 [01:31<01:37,  2.68it/s]
Extract:  55%|#####5    | 318/578 [01:32<01:30,  2.89it/s]
Extract:  55%|#####5    | 319/578 [01:32<01:24,  3.06it/s]
Extract:  55%|#####5    | 320/578 [01:32<01:37,  2.64it/s]
Extract:  56%|#####5    | 321/578 [01:33<01:23,  3.07it/s]
Extract:  56%|#####5    | 322/578 [01:33<01:23,  3.08it/s]
Extract:  56%|#####5    | 323/578 [01:33<01:17,  3.31it/s]
Extract:  56%|#####6    | 325/578 [01:33<00:54,  4.64it/s]
Extract:  56%|#####6    | 326/578 [01:34<01:00,  4.20it/s]
Extract:  57%|#####6    | 327/578 [01:34<00:53,  4.71it/s]
Extract:  57%|#####6    | 328/578 [01:34<00:55,  4.55it/s]
Extract:  57%|#####6    | 329/578 [01:34<00:46,  5.35it/s]
Extract:  57%|#####7    | 330/578 [01:34<00:45,  5.43it/s]
Extract:  57%|#####7    | 331/578 [01:35<00:57,  4.26it/s]
Extract:  57%|#####7    | 332/578 [01:35<01:14,  3.28it/s]
Extract:  58%|#####7    | 334/578 [01:35<00:50,  4.81it/s]
Extract:  58%|#####7    | 335/578 [01:36<00:47,  5.16it/s]
Extract:  58%|#####8    | 337/578 [01:36<00:38,  6.25it/s]
Extract:  59%|#####8    | 339/578 [01:36<00:36,  6.48it/s]
Extract:  59%|#####8    | 340/578 [01:36<00:40,  5.87it/s]
Extract:  59%|#####8    | 341/578 [01:36<00:40,  5.89it/s]
Extract:  59%|#####9    | 342/578 [01:37<00:45,  5.17it/s]
Extract:  60%|#####9    | 344/578 [01:37<00:55,  4.18it/s]
Extract:  60%|#####9    | 345/578 [01:38<00:53,  4.32it/s]
Extract:  60%|#####9    | 346/578 [01:38<00:46,  4.95it/s]
Extract:  60%|######    | 347/578 [01:38<00:43,  5.32it/s]
Extract:  60%|######    | 349/578 [01:39<01:09,  3.30it/s]
Extract:  61%|######    | 350/578 [01:39<01:04,  3.53it/s]
Extract:  61%|######    | 351/578 [01:40<01:31,  2.48it/s]
Extract:  61%|######1   | 353/578 [01:40<01:12,  3.11it/s]
Extract:  61%|######1   | 355/578 [01:40<00:54,  4.13it/s]
Extract:  62%|######1   | 356/578 [01:41<01:12,  3.05it/s]
Extract:  62%|######1   | 357/578 [01:41<01:12,  3.04it/s]
Extract:  62%|######2   | 359/578 [01:42<00:56,  3.88it/s]
Extract:  62%|######2   | 360/578 [01:42<00:57,  3.81it/s]
Extract:  62%|######2   | 361/578 [01:42<00:50,  4.28it/s]
Extract:  63%|######2   | 362/578 [01:43<01:14,  2.89it/s]
Extract:  63%|######2   | 363/578 [01:43<01:03,  3.40it/s]
Extract:  63%|######2   | 364/578 [01:43<00:52,  4.10it/s]
Extract:  63%|######3   | 365/578 [01:43<00:50,  4.25it/s]
Extract:  63%|######3   | 366/578 [01:43<00:53,  3.98it/s]
Extract:  63%|######3   | 367/578 [01:44<01:13,  2.87it/s]
Extract:  64%|######3   | 368/578 [01:44<01:09,  3.00it/s]
Extract:  64%|######3   | 369/578 [01:45<01:35,  2.18it/s]
Extract:  64%|######4   | 371/578 [01:45<00:58,  3.52it/s]
Extract:  65%|######4   | 373/578 [01:46<00:54,  3.79it/s]
Extract:  65%|######4   | 374/578 [01:46<00:48,  4.18it/s]
Extract:  65%|######5   | 376/578 [01:46<00:48,  4.12it/s]
Extract:  65%|######5   | 377/578 [01:47<00:52,  3.82it/s]
Extract:  65%|######5   | 378/578 [01:47<00:49,  4.08it/s]
Extract:  66%|######5   | 379/578 [01:47<00:44,  4.48it/s]
Extract:  66%|######5   | 380/578 [01:47<00:51,  3.86it/s]
Extract:  66%|######5   | 381/578 [01:48<00:46,  4.24it/s]
Extract:  66%|######6   | 382/578 [01:48<01:00,  3.25it/s]
Extract:  66%|######6   | 383/578 [01:48<01:04,  3.03it/s]
Extract:  66%|######6   | 384/578 [01:49<01:07,  2.89it/s]
Extract:  67%|######6   | 386/578 [01:49<00:47,  4.05it/s]
Extract:  67%|######6   | 387/578 [01:49<00:47,  4.03it/s]
Extract:  67%|######7   | 389/578 [01:49<00:32,  5.90it/s]
Extract:  67%|######7   | 390/578 [01:50<00:31,  5.94it/s]
Extract:  68%|######7   | 391/578 [01:50<00:32,  5.75it/s]
Extract:  68%|######7   | 392/578 [01:50<00:33,  5.60it/s]
Extract:  68%|######7   | 393/578 [01:50<00:45,  4.11it/s]
Extract:  68%|######8   | 394/578 [01:51<00:44,  4.14it/s]
Extract:  68%|######8   | 395/578 [01:51<00:44,  4.08it/s]
Extract:  69%|######8   | 397/578 [01:51<00:38,  4.71it/s]
Extract:  69%|######8   | 398/578 [01:51<00:34,  5.22it/s]
Extract:  69%|######9   | 399/578 [01:52<00:32,  5.46it/s]
Extract:  69%|######9   | 401/578 [01:52<00:24,  7.18it/s]
Extract:  70%|######9   | 402/578 [01:52<00:25,  6.99it/s]
Extract:  70%|######9   | 404/578 [01:52<00:22,  7.61it/s]
Extract:  70%|#######   | 405/578 [01:52<00:22,  7.58it/s]
Extract:  70%|#######   | 406/578 [01:53<00:30,  5.57it/s]
Extract:  70%|#######   | 407/578 [01:53<00:43,  3.91it/s]
Extract:  71%|#######   | 408/578 [01:54<01:04,  2.64it/s]
Extract:  71%|#######   | 410/578 [01:54<00:50,  3.33it/s]
Extract:  71%|#######1  | 412/578 [01:54<00:38,  4.35it/s]
Extract:  71%|#######1  | 413/578 [01:55<00:42,  3.91it/s]
Extract:  72%|#######1  | 415/578 [01:55<00:33,  4.94it/s]
Extract:  72%|#######1  | 416/578 [01:55<00:36,  4.49it/s]
Extract:  72%|#######2  | 417/578 [01:55<00:31,  5.11it/s]
Extract:  72%|#######2  | 418/578 [01:56<00:32,  4.91it/s]
Extract:  72%|#######2  | 419/578 [01:56<00:35,  4.53it/s]
Extract:  73%|#######2  | 420/578 [01:56<00:29,  5.32it/s]
Extract:  73%|#######2  | 421/578 [01:57<00:54,  2.87it/s]
Extract:  73%|#######3  | 424/578 [01:57<00:38,  4.05it/s]
Extract:  74%|#######3  | 425/578 [01:58<00:49,  3.12it/s]
Extract:  74%|#######3  | 426/578 [01:58<00:49,  3.09it/s]
Extract:  74%|#######3  | 427/578 [01:59<01:06,  2.28it/s]
Extract:  74%|#######4  | 428/578 [02:00<01:17,  1.93it/s]
Extract:  74%|#######4  | 429/578 [02:00<01:26,  1.72it/s]
Extract:  75%|#######4  | 431/578 [02:01<00:57,  2.54it/s]
Extract:  75%|#######4  | 432/578 [02:01<00:55,  2.63it/s]
Extract:  75%|#######4  | 433/578 [02:01<00:45,  3.16it/s]
Extract:  75%|#######5  | 434/578 [02:02<01:03,  2.29it/s]
Extract:  75%|#######5  | 435/578 [02:02<00:59,  2.39it/s]
Extract:  76%|#######5  | 437/578 [02:03<00:42,  3.30it/s]
Extract:  76%|#######5  | 438/578 [02:03<00:40,  3.47it/s]
Extract:  76%|#######5  | 439/578 [02:03<00:42,  3.27it/s]
Extract:  76%|#######6  | 441/578 [02:04<00:50,  2.72it/s]
Extract:  76%|#######6  | 442/578 [02:04<00:44,  3.09it/s]
Extract:  77%|#######6  | 443/578 [02:04<00:37,  3.57it/s]
Extract:  77%|#######6  | 444/578 [02:05<00:33,  3.97it/s]
Extract:  77%|#######6  | 445/578 [02:05<00:52,  2.56it/s]
Extract:  77%|#######7  | 447/578 [02:06<00:34,  3.79it/s]
Extract:  78%|#######7  | 449/578 [02:06<00:26,  4.88it/s]
Extract:  78%|#######7  | 450/578 [02:07<00:45,  2.78it/s]
Extract:  78%|#######8  | 451/578 [02:07<00:55,  2.28it/s]
Extract:  78%|#######8  | 452/578 [02:08<00:46,  2.69it/s]
Extract:  79%|#######8  | 454/578 [02:08<00:34,  3.64it/s]
Extract:  79%|#######8  | 455/578 [02:08<00:29,  4.15it/s]
Extract:  79%|#######8  | 456/578 [02:08<00:25,  4.79it/s]
Extract:  79%|#######9  | 458/578 [02:09<00:25,  4.70it/s]
Extract:  79%|#######9  | 459/578 [02:09<00:23,  5.17it/s]
Extract:  80%|#######9  | 461/578 [02:09<00:18,  6.21it/s]
Extract:  80%|#######9  | 462/578 [02:09<00:17,  6.53it/s]
Extract:  80%|########  | 463/578 [02:09<00:23,  4.86it/s]
Extract:  80%|########  | 465/578 [02:10<00:17,  6.42it/s]
Extract:  81%|########  | 466/578 [02:10<00:20,  5.34it/s]
Extract:  81%|########  | 467/578 [02:10<00:28,  3.92it/s]
Extract:  81%|########  | 468/578 [02:11<00:46,  2.38it/s]
Extract:  81%|########1 | 469/578 [02:11<00:37,  2.93it/s]
Extract:  81%|########1 | 470/578 [02:12<00:36,  2.99it/s]
Extract:  81%|########1 | 471/578 [02:12<00:38,  2.80it/s]
Extract:  82%|########1 | 472/578 [02:12<00:37,  2.83it/s]
Extract:  82%|########1 | 473/578 [02:13<00:32,  3.23it/s]
Extract:  82%|########2 | 474/578 [02:13<00:33,  3.14it/s]
Extract:  82%|########2 | 475/578 [02:13<00:27,  3.70it/s]
Extract:  82%|########2 | 476/578 [02:14<00:38,  2.63it/s]
Extract:  83%|########2 | 477/578 [02:14<00:32,  3.09it/s]
Extract:  83%|########2 | 478/578 [02:14<00:26,  3.80it/s]
Extract:  83%|########2 | 479/578 [02:14<00:28,  3.47it/s]
Extract:  83%|########3 | 480/578 [02:15<00:23,  4.10it/s]
Extract:  83%|########3 | 481/578 [02:15<00:22,  4.30it/s]
Extract:  84%|########3 | 483/578 [02:15<00:16,  5.79it/s]
Extract:  84%|########3 | 484/578 [02:15<00:15,  6.05it/s]
Extract:  84%|########3 | 485/578 [02:15<00:13,  6.70it/s]
Extract:  84%|########4 | 487/578 [02:16<00:15,  5.89it/s]
Extract:  85%|########4 | 489/578 [02:16<00:23,  3.77it/s]
Extract:  85%|########4 | 490/578 [02:17<00:21,  4.02it/s]
Extract:  85%|########4 | 491/578 [02:17<00:23,  3.77it/s]
Extract:  85%|########5 | 492/578 [02:17<00:25,  3.37it/s]
Extract:  85%|########5 | 493/578 [02:18<00:24,  3.42it/s]
Extract:  85%|########5 | 494/578 [02:18<00:23,  3.53it/s]
Extract:  86%|########5 | 496/578 [02:18<00:18,  4.37it/s]
Extract:  86%|########6 | 498/578 [02:19<00:22,  3.61it/s]
Extract:  86%|########6 | 499/578 [02:19<00:19,  4.14it/s]
Extract:  87%|########6 | 501/578 [02:19<00:14,  5.21it/s]
Extract:  87%|########7 | 503/578 [02:19<00:11,  6.50it/s]
Extract:  87%|########7 | 504/578 [02:20<00:15,  4.70it/s]
Extract:  87%|########7 | 505/578 [02:21<00:24,  2.94it/s]
Extract:  88%|########7 | 507/578 [02:21<00:18,  3.93it/s]
Extract:  88%|########7 | 508/578 [02:21<00:18,  3.73it/s]
Extract:  88%|########8 | 510/578 [02:22<00:19,  3.55it/s]
Extract:  88%|########8 | 511/578 [02:22<00:17,  3.92it/s]
Extract:  89%|########8 | 512/578 [02:22<00:20,  3.29it/s]
Extract:  89%|########8 | 514/578 [02:23<00:13,  4.65it/s]
Extract:  89%|########9 | 515/578 [02:23<00:15,  4.06it/s]
Extract:  89%|########9 | 516/578 [02:24<00:22,  2.76it/s]
Extract:  89%|########9 | 517/578 [02:24<00:25,  2.37it/s]
Extract:  90%|########9 | 518/578 [02:24<00:20,  2.97it/s]
Extract:  90%|########9 | 519/578 [02:25<00:19,  3.05it/s]
Extract:  90%|########9 | 520/578 [02:25<00:16,  3.44it/s]
Extract:  90%|######### | 522/578 [02:25<00:12,  4.59it/s]
Extract:  90%|######### | 523/578 [02:25<00:12,  4.24it/s]
Extract:  91%|######### | 524/578 [02:26<00:11,  4.57it/s]
Extract:  91%|#########1| 526/578 [02:27<00:17,  2.96it/s]
Extract:  91%|#########1| 528/578 [02:27<00:12,  3.91it/s]
Extract:  92%|#########1| 529/578 [02:27<00:11,  4.18it/s]
Extract:  92%|#########1| 530/578 [02:27<00:10,  4.40it/s]
Extract:  92%|#########1| 531/578 [02:27<00:10,  4.64it/s]
Extract:  92%|#########2| 532/578 [02:28<00:09,  4.84it/s]
Extract:  92%|#########2| 533/578 [02:28<00:08,  5.11it/s]
Extract:  92%|#########2| 534/578 [02:28<00:10,  4.19it/s]
Extract:  93%|#########2| 535/578 [02:28<00:09,  4.54it/s]
Extract:  93%|#########2| 537/578 [02:29<00:09,  4.47it/s]
Extract:  93%|#########3| 538/578 [02:29<00:10,  3.73it/s]
Extract:  93%|#########3| 540/578 [02:30<00:11,  3.42it/s]
Extract:  94%|#########3| 541/578 [02:30<00:11,  3.34it/s]
Extract:  94%|#########3| 543/578 [02:31<00:09,  3.76it/s]
Extract:  94%|#########4| 545/578 [02:31<00:06,  5.06it/s]
Extract:  94%|#########4| 546/578 [02:32<00:12,  2.66it/s]
Extract:  95%|#########4| 547/578 [02:33<00:14,  2.17it/s]
Extract:  95%|#########4| 548/578 [02:33<00:11,  2.58it/s]
Extract:  95%|#########5| 550/578 [02:33<00:07,  3.88it/s]
Extract:  95%|#########5| 551/578 [02:33<00:06,  4.50it/s]
Extract:  96%|#########5| 553/578 [02:34<00:08,  3.02it/s]
Extract:  96%|#########5| 554/578 [02:35<00:11,  2.10it/s]
Extract:  96%|#########6| 555/578 [02:36<00:13,  1.73it/s]
Extract:  96%|#########6| 556/578 [02:36<00:11,  1.96it/s]
Extract:  96%|#########6| 557/578 [02:37<00:10,  2.04it/s]
Extract:  97%|#########6| 559/578 [02:37<00:05,  3.20it/s]
Extract:  97%|#########6| 560/578 [02:37<00:07,  2.45it/s]
Extract:  97%|#########7| 561/578 [02:38<00:06,  2.58it/s]
Extract:  98%|#########7| 564/578 [02:39<00:04,  2.80it/s]
Extract:  98%|#########7| 565/578 [02:40<00:05,  2.23it/s]
Extract:  98%|#########7| 566/578 [02:40<00:04,  2.56it/s]
Extract:  98%|#########8| 567/578 [02:40<00:03,  2.77it/s]
Extract:  98%|#########8| 568/578 [02:41<00:04,  2.23it/s]
Extract:  99%|#########8| 570/578 [02:41<00:02,  3.31it/s]
Extract:  99%|#########8| 572/578 [02:41<00:01,  4.17it/s]
Extract:  99%|#########9| 573/578 [02:41<00:01,  4.69it/s]
Extract:  99%|#########9| 575/578 [02:42<00:00,  5.29it/s]
Extract: 100%|#########9| 576/578 [02:42<00:00,  3.33it/s]
Extract: 100%|##########| 578/578 [02:42<00:00,  4.82it/s]
Extract: 100%|##########| 578/578 [02:42<00:00,  3.55it/s]

Extract:   0%|          | 0/578 [00:00<?, ?it/s]
Extract:   0%|          | 2/578 [00:00<01:05,  8.80it/s]
Extract:   1%|          | 3/578 [00:00<01:25,  6.74it/s]
Extract:   1%|          | 4/578 [00:00<02:32,  3.75it/s]
Extract:   1%|          | 5/578 [00:01<02:58,  3.22it/s]
Extract:   1%|1         | 6/578 [00:01<02:44,  3.48it/s]
Extract:   1%|1         | 7/578 [00:01<03:14,  2.93it/s]
Extract:   1%|1         | 8/578 [00:02<03:52,  2.45it/s]
Extract:   2%|1         | 9/578 [00:02<04:01,  2.36it/s]
Extract:   2%|1         | 10/578 [00:03<04:07,  2.30it/s]
Extract:   2%|1         | 11/578 [00:03<04:04,  2.31it/s]
Extract:   2%|2         | 12/578 [00:04<05:34,  1.69it/s]
Extract:   2%|2         | 13/578 [00:05<04:34,  2.06it/s]
Extract:   2%|2         | 14/578 [00:05<05:12,  1.80it/s]
Extract:   3%|2         | 15/578 [00:06<05:38,  1.66it/s]
Extract:   3%|2         | 16/578 [00:06<04:39,  2.01it/s]
Extract:   3%|2         | 17/578 [00:06<03:33,  2.63it/s]
Extract:   3%|3         | 19/578 [00:06<02:11,  4.27it/s]
Extract:   3%|3         | 20/578 [00:07<01:53,  4.90it/s]
Extract:   4%|3         | 21/578 [00:07<03:17,  2.82it/s]
Extract:   4%|3         | 22/578 [00:08<03:15,  2.84it/s]
Extract:   4%|3         | 23/578 [00:08<03:38,  2.54it/s]
Extract:   4%|4         | 24/578 [00:09<03:36,  2.56it/s]
Extract:   4%|4         | 26/578 [00:09<02:35,  3.56it/s]
Extract:   5%|4         | 27/578 [00:10<03:35,  2.56it/s]
Extract:   5%|4         | 28/578 [00:10<03:00,  3.05it/s]
Extract:   5%|5         | 29/578 [00:10<02:41,  3.41it/s]
Extract:   5%|5         | 30/578 [00:10<02:45,  3.30it/s]
Extract:   5%|5         | 31/578 [00:11<02:57,  3.07it/s]
Extract:   6%|5         | 32/578 [00:11<02:27,  3.71it/s]
Extract:   6%|5         | 34/578 [00:11<01:42,  5.28it/s]
Extract:   6%|6         | 35/578 [00:11<01:39,  5.47it/s]
Extract:   6%|6         | 36/578 [00:11<01:30,  5.98it/s]
Extract:   6%|6         | 37/578 [00:12<02:07,  4.25it/s]
Extract:   7%|6         | 38/578 [00:12<02:07,  4.24it/s]
Extract:   7%|6         | 39/578 [00:12<01:46,  5.04it/s]
Extract:   7%|6         | 40/578 [00:12<02:16,  3.93it/s]
Extract:   7%|7         | 41/578 [00:13<02:14,  3.99it/s]
Extract:   7%|7         | 42/578 [00:13<03:40,  2.43it/s]
Extract:   7%|7         | 43/578 [00:14<04:26,  2.00it/s]
Extract:   8%|7         | 45/578 [00:14<02:44,  3.23it/s]
Extract:   8%|7         | 46/578 [00:15<02:27,  3.60it/s]
Extract:   8%|8         | 47/578 [00:15<02:29,  3.55it/s]
Extract:   8%|8         | 49/578 [00:15<01:54,  4.60it/s]
Extract:   9%|8         | 50/578 [00:16<02:44,  3.21it/s]
Extract:   9%|8         | 51/578 [00:16<03:35,  2.44it/s]
Extract:   9%|8         | 52/578 [00:17<03:56,  2.22it/s]
Extract:   9%|9         | 54/578 [00:18<03:15,  2.68it/s]
Extract:  10%|9         | 55/578 [00:18<03:17,  2.65it/s]
Extract:  10%|9         | 56/578 [00:18<02:52,  3.02it/s]
Extract:  10%|9         | 57/578 [00:18<02:22,  3.67it/s]
Extract:  10%|#         | 58/578 [00:19<02:38,  3.28it/s]
Extract:  10%|#         | 59/578 [00:19<02:42,  3.20it/s]
Extract:  10%|#         | 60/578 [00:20<03:45,  2.30it/s]
Extract:  11%|#         | 61/578 [00:20<04:06,  2.10it/s]
Extract:  11%|#         | 62/578 [00:20<03:15,  2.64it/s]
Extract:  11%|#         | 63/578 [00:21<02:33,  3.36it/s]
Extract:  11%|#1        | 64/578 [00:21<03:04,  2.79it/s]
Extract:  11%|#1        | 65/578 [00:22<03:38,  2.35it/s]
Extract:  11%|#1        | 66/578 [00:22<02:55,  2.91it/s]
Extract:  12%|#1        | 67/578 [00:23<04:04,  2.09it/s]
Extract:  12%|#1        | 69/578 [00:23<03:14,  2.62it/s]
Extract:  12%|#2        | 70/578 [00:23<02:45,  3.07it/s]
Extract:  12%|#2        | 71/578 [00:23<02:31,  3.35it/s]
Extract:  12%|#2        | 72/578 [00:24<02:17,  3.69it/s]
Extract:  13%|#2        | 73/578 [00:24<03:17,  2.56it/s]
Extract:  13%|#2        | 74/578 [00:24<02:35,  3.25it/s]
Extract:  13%|#2        | 75/578 [00:25<02:06,  3.98it/s]
Extract:  13%|#3        | 76/578 [00:25<02:15,  3.71it/s]
Extract:  13%|#3        | 77/578 [00:25<03:02,  2.74it/s]
Extract:  14%|#3        | 79/578 [00:26<02:04,  4.00it/s]
Extract:  14%|#3        | 80/578 [00:26<02:00,  4.14it/s]
Extract:  14%|#4        | 81/578 [00:26<01:47,  4.63it/s]
Extract:  14%|#4        | 82/578 [00:26<01:41,  4.89it/s]
Extract:  14%|#4        | 83/578 [00:26<01:46,  4.65it/s]
Extract:  15%|#4        | 84/578 [00:27<03:22,  2.44it/s]
Extract:  15%|#4        | 85/578 [00:28<02:47,  2.94it/s]
Extract:  15%|#4        | 86/578 [00:28<02:31,  3.25it/s]
Extract:  15%|#5        | 88/578 [00:28<01:45,  4.65it/s]
Extract:  15%|#5        | 89/578 [00:29<03:12,  2.54it/s]
Extract:  16%|#5        | 90/578 [00:29<03:01,  2.69it/s]
Extract:  16%|#5        | 91/578 [00:30<03:48,  2.13it/s]
Extract:  16%|#5        | 92/578 [00:31<05:45,  1.41it/s]
Extract:  16%|#6        | 93/578 [00:32<04:36,  1.75it/s]
Extract:  16%|#6        | 94/578 [00:32<04:36,  1.75it/s]
Extract:  16%|#6        | 95/578 [00:32<03:30,  2.29it/s]
Extract:  17%|#6        | 96/578 [00:33<04:49,  1.66it/s]
Extract:  17%|#6        | 97/578 [00:33<04:04,  1.97it/s]
Extract:  17%|#6        | 98/578 [00:34<03:52,  2.06it/s]
Extract:  17%|#7        | 99/578 [00:34<03:03,  2.61it/s]
Extract:  17%|#7        | 100/578 [00:34<03:05,  2.58it/s]
Extract:  17%|#7        | 101/578 [00:35<02:38,  3.00it/s]
Extract:  18%|#7        | 103/578 [00:35<01:37,  4.87it/s]
Extract:  18%|#8        | 105/578 [00:35<01:51,  4.23it/s]
Extract:  18%|#8        | 106/578 [00:35<01:43,  4.56it/s]
Extract:  19%|#8        | 107/578 [00:36<03:11,  2.46it/s]
Extract:  19%|#8        | 108/578 [00:37<03:08,  2.49it/s]
Extract:  19%|#9        | 110/578 [00:37<02:32,  3.08it/s]
Extract:  19%|#9        | 111/578 [00:38<02:22,  3.28it/s]
Extract:  20%|#9        | 113/578 [00:38<01:45,  4.41it/s]
Extract:  20%|#9        | 114/578 [00:38<01:42,  4.54it/s]
Extract:  20%|#9        | 115/578 [00:38<01:44,  4.44it/s]
Extract:  20%|##        | 116/578 [00:39<02:29,  3.09it/s]
Extract:  20%|##        | 117/578 [00:39<03:11,  2.40it/s]
Extract:  21%|##        | 119/578 [00:40<01:58,  3.88it/s]
Extract:  21%|##        | 120/578 [00:41<03:09,  2.42it/s]
Extract:  21%|##        | 121/578 [00:41<04:10,  1.83it/s]
Extract:  21%|##1       | 122/578 [00:42<03:19,  2.29it/s]
Extract:  21%|##1       | 123/578 [00:42<02:42,  2.79it/s]
Extract:  21%|##1       | 124/578 [00:42<02:16,  3.34it/s]
Extract:  22%|##1       | 125/578 [00:43<03:48,  1.98it/s]
Extract:  22%|##1       | 126/578 [00:43<03:34,  2.10it/s]
Extract:  22%|##1       | 127/578 [00:43<02:46,  2.71it/s]
Extract:  22%|##2       | 128/578 [00:44<02:37,  2.86it/s]
Extract:  22%|##2       | 130/578 [00:44<02:34,  2.90it/s]
Extract:  23%|##2       | 131/578 [00:45<03:13,  2.31it/s]
Extract:  23%|##2       | 132/578 [00:45<02:45,  2.69it/s]
Extract:  23%|##3       | 133/578 [00:46<03:01,  2.45it/s]
Extract:  23%|##3       | 134/578 [00:46<02:40,  2.76it/s]
Extract:  23%|##3       | 135/578 [00:46<02:30,  2.94it/s]
Extract:  24%|##3       | 136/578 [00:47<02:22,  3.11it/s]
Extract:  24%|##3       | 137/578 [00:48<03:35,  2.05it/s]
Extract:  24%|##3       | 138/578 [00:49<05:02,  1.46it/s]
Extract:  24%|##4       | 139/578 [00:49<04:44,  1.54it/s]
Extract:  24%|##4       | 141/578 [00:49<02:50,  2.56it/s]
Extract:  25%|##4       | 142/578 [00:50<02:22,  3.06it/s]
Extract:  25%|##5       | 145/578 [00:50<01:20,  5.40it/s]
Extract:  25%|##5       | 146/578 [00:51<02:15,  3.18it/s]
Extract:  25%|##5       | 147/578 [00:51<02:02,  3.53it/s]
Extract:  26%|##5       | 148/578 [00:51<01:55,  3.72it/s]
Extract:  26%|##5       | 149/578 [00:52<02:45,  2.60it/s]
Extract:  26%|##5       | 150/578 [00:52<02:26,  2.92it/s]
Extract:  26%|##6       | 152/578 [00:52<01:36,  4.40it/s]
Extract:  26%|##6       | 153/578 [00:53<02:50,  2.49it/s]
Extract:  27%|##6       | 154/578 [00:53<02:21,  3.00it/s]
Extract:  27%|##6       | 155/578 [00:54<03:12,  2.19it/s]
Extract:  27%|##6       | 156/578 [00:54<02:31,  2.79it/s]
Extract:  27%|##7       | 157/578 [00:54<02:03,  3.41it/s]
Extract:  27%|##7       | 158/578 [00:54<01:44,  4.01it/s]
Extract:  28%|##7       | 159/578 [00:54<01:26,  4.83it/s]
Extract:  28%|##7       | 160/578 [00:55<01:49,  3.83it/s]
Extract:  28%|##8       | 162/578 [00:55<01:16,  5.43it/s]
Extract:  28%|##8       | 163/578 [00:56<02:23,  2.89it/s]
Extract:  28%|##8       | 164/578 [00:56<02:05,  3.29it/s]
Extract:  29%|##8       | 165/578 [00:56<01:58,  3.49it/s]
Extract:  29%|##8       | 166/578 [00:56<01:46,  3.85it/s]
Extract:  29%|##8       | 167/578 [00:57<02:42,  2.54it/s]
Extract:  29%|##9       | 168/578 [00:57<02:18,  2.95it/s]
Extract:  29%|##9       | 169/578 [00:58<01:57,  3.47it/s]
Extract:  29%|##9       | 170/578 [00:58<01:53,  3.61it/s]
Extract:  30%|##9       | 171/578 [00:58<01:33,  4.36it/s]
Extract:  30%|##9       | 172/578 [00:58<01:48,  3.73it/s]
Extract:  30%|##9       | 173/578 [00:59<03:18,  2.04it/s]
Extract:  30%|###       | 174/578 [00:59<02:47,  2.42it/s]
Extract:  30%|###       | 175/578 [01:00<02:14,  2.99it/s]
Extract:  30%|###       | 176/578 [01:00<01:55,  3.47it/s]
Extract:  31%|###       | 177/578 [01:00<02:40,  2.50it/s]
Extract:  31%|###       | 178/578 [01:01<02:16,  2.93it/s]
Extract:  31%|###       | 179/578 [01:01<01:56,  3.42it/s]
Extract:  31%|###1      | 180/578 [01:01<02:29,  2.66it/s]
Extract:  31%|###1      | 181/578 [01:02<03:00,  2.20it/s]
Extract:  31%|###1      | 182/578 [01:02<02:45,  2.39it/s]
Extract:  32%|###1      | 184/578 [01:03<02:17,  2.87it/s]
Extract:  32%|###2      | 185/578 [01:04<02:47,  2.34it/s]
Extract:  32%|###2      | 186/578 [01:04<02:31,  2.59it/s]
Extract:  32%|###2      | 187/578 [01:04<02:20,  2.79it/s]
Extract:  33%|###2      | 188/578 [01:04<02:15,  2.87it/s]
Extract:  33%|###2      | 189/578 [01:05<03:28,  1.86it/s]
Extract:  33%|###3      | 191/578 [01:06<02:49,  2.28it/s]
Extract:  33%|###3      | 192/578 [01:06<02:21,  2.73it/s]
Extract:  33%|###3      | 193/578 [01:06<02:02,  3.14it/s]
Extract:  34%|###3      | 194/578 [01:07<01:42,  3.76it/s]
Extract:  34%|###3      | 195/578 [01:07<01:26,  4.45it/s]
Extract:  34%|###4      | 197/578 [01:08<01:58,  3.22it/s]
Extract:  34%|###4      | 198/578 [01:08<02:03,  3.07it/s]
Extract:  35%|###4      | 201/578 [01:09<02:04,  3.02it/s]
Extract:  35%|###4      | 202/578 [01:10<02:28,  2.53it/s]
Extract:  35%|###5      | 203/578 [01:10<03:10,  1.97it/s]
Extract:  35%|###5      | 205/578 [01:11<02:10,  2.87it/s]
Extract:  36%|###5      | 206/578 [01:11<02:02,  3.05it/s]
Extract:  36%|###5      | 207/578 [01:11<02:19,  2.66it/s]
Extract:  36%|###5      | 208/578 [01:12<01:53,  3.26it/s]
Extract:  36%|###6      | 209/578 [01:12<01:37,  3.78it/s]
Extract:  36%|###6      | 210/578 [01:12<01:37,  3.79it/s]
Extract:  37%|###6      | 212/578 [01:13<01:53,  3.23it/s]
Extract:  37%|###6      | 213/578 [01:13<01:44,  3.48it/s]
Extract:  37%|###7      | 214/578 [01:13<01:29,  4.08it/s]
Extract:  37%|###7      | 215/578 [01:14<02:05,  2.88it/s]
Extract:  37%|###7      | 216/578 [01:14<01:42,  3.54it/s]
Extract:  38%|###7      | 217/578 [01:14<01:41,  3.54it/s]
Extract:  38%|###7      | 219/578 [01:14<01:05,  5.45it/s]
Extract:  38%|###8      | 220/578 [01:14<01:05,  5.48it/s]
Extract:  38%|###8      | 221/578 [01:15<01:00,  5.87it/s]
Extract:  39%|###8      | 223/578 [01:15<00:47,  7.40it/s]
Extract:  39%|###8      | 224/578 [01:15<00:50,  6.99it/s]
Extract:  39%|###8      | 225/578 [01:16<01:35,  3.69it/s]
Extract:  39%|###9      | 226/578 [01:16<01:46,  3.31it/s]
Extract:  39%|###9      | 227/578 [01:16<01:40,  3.49it/s]
Extract:  40%|###9      | 229/578 [01:17<01:30,  3.84it/s]
Extract:  40%|###9      | 230/578 [01:17<02:15,  2.57it/s]
Extract:  40%|###9      | 231/578 [01:18<02:15,  2.55it/s]
Extract:  40%|####      | 232/578 [01:18<02:03,  2.80it/s]
Extract:  40%|####      | 233/578 [01:18<01:45,  3.27it/s]
Extract:  40%|####      | 234/578 [01:18<01:38,  3.48it/s]
Extract:  41%|####      | 235/578 [01:19<01:33,  3.67it/s]
Extract:  41%|####      | 236/578 [01:19<02:25,  2.35it/s]
Extract:  41%|####1     | 237/578 [01:20<02:41,  2.11it/s]
Extract:  41%|####1     | 239/578 [01:20<01:43,  3.27it/s]
Extract:  42%|####1     | 240/578 [01:21<01:36,  3.52it/s]
Extract:  42%|####1     | 242/578 [01:21<01:10,  4.79it/s]
Extract:  42%|####2     | 243/578 [01:21<01:02,  5.38it/s]
Extract:  42%|####2     | 244/578 [01:22<01:43,  3.24it/s]
Extract:  42%|####2     | 245/578 [01:22<01:29,  3.74it/s]
Extract:  43%|####2     | 247/578 [01:22<01:26,  3.84it/s]
Extract:  43%|####2     | 248/578 [01:23<01:38,  3.37it/s]
Extract:  43%|####3     | 249/578 [01:23<01:33,  3.53it/s]
Extract:  43%|####3     | 250/578 [01:23<01:26,  3.80it/s]
Extract:  43%|####3     | 251/578 [01:23<01:20,  4.04it/s]
Extract:  44%|####3     | 253/578 [01:23<01:01,  5.29it/s]
Extract:  44%|####4     | 255/578 [01:24<01:31,  3.52it/s]
Extract:  44%|####4     | 256/578 [01:25<02:11,  2.45it/s]
Extract:  44%|####4     | 257/578 [01:25<01:57,  2.72it/s]
Extract:  45%|####4     | 258/578 [01:26<01:43,  3.10it/s]
Extract:  45%|####4     | 259/578 [01:26<01:27,  3.66it/s]
Extract:  45%|####4     | 260/578 [01:26<01:17,  4.12it/s]
Extract:  45%|####5     | 261/578 [01:26<01:07,  4.73it/s]
Extract:  45%|####5     | 262/578 [01:27<01:30,  3.50it/s]
Extract:  46%|####5     | 263/578 [01:27<02:17,  2.29it/s]
Extract:  46%|####5     | 264/578 [01:27<01:51,  2.82it/s]
Extract:  46%|####5     | 265/578 [01:28<01:56,  2.68it/s]
Extract:  46%|####6     | 266/578 [01:28<01:53,  2.75it/s]
Extract:  46%|####6     | 267/578 [01:29<02:12,  2.35it/s]
Extract:  46%|####6     | 268/578 [01:29<01:50,  2.80it/s]
Extract:  47%|####6     | 269/578 [01:30<02:05,  2.46it/s]
Extract:  47%|####6     | 271/578 [01:30<01:18,  3.93it/s]
Extract:  47%|####7     | 273/578 [01:31<02:02,  2.50it/s]
Extract:  47%|####7     | 274/578 [01:32<02:31,  2.01it/s]
Extract:  48%|####7     | 275/578 [01:32<02:33,  1.97it/s]
Extract:  48%|####7     | 276/578 [01:33<02:15,  2.22it/s]
Extract:  48%|####7     | 277/578 [01:33<01:54,  2.63it/s]
Extract:  48%|####8     | 280/578 [01:33<01:22,  3.60it/s]
Extract:  49%|####8     | 282/578 [01:34<01:05,  4.55it/s]
Extract:  49%|####8     | 283/578 [01:34<01:18,  3.75it/s]
Extract:  49%|####9     | 284/578 [01:34<01:10,  4.18it/s]
Extract:  49%|####9     | 285/578 [01:35<01:19,  3.68it/s]
Extract:  49%|####9     | 286/578 [01:35<01:23,  3.51it/s]
Extract:  50%|####9     | 287/578 [01:35<01:12,  4.00it/s]
Extract:  50%|####9     | 288/578 [01:35<01:07,  4.28it/s]
Extract:  50%|#####     | 289/578 [01:36<01:30,  3.20it/s]
Extract:  50%|#####     | 290/578 [01:36<02:08,  2.24it/s]
Extract:  50%|#####     | 291/578 [01:37<01:46,  2.70it/s]
Extract:  51%|#####     | 293/578 [01:37<01:07,  4.19it/s]
Extract:  51%|#####     | 294/578 [01:37<01:05,  4.37it/s]
Extract:  51%|#####1    | 295/578 [01:38<02:13,  2.12it/s]
Extract:  51%|#####1    | 296/578 [01:38<01:53,  2.48it/s]
Extract:  51%|#####1    | 297/578 [01:39<02:20,  2.00it/s]
Extract:  52%|#####1    | 299/578 [01:39<01:31,  3.04it/s]
Extract:  52%|#####1    | 300/578 [01:40<01:20,  3.47it/s]
Extract:  52%|#####2    | 301/578 [01:40<01:36,  2.88it/s]
Extract:  52%|#####2    | 303/578 [01:40<01:05,  4.22it/s]
Extract:  53%|#####2    | 304/578 [01:41<01:52,  2.45it/s]
Extract:  53%|#####2    | 305/578 [01:42<01:45,  2.58it/s]
Extract:  53%|#####3    | 307/578 [01:42<01:41,  2.68it/s]
Extract:  53%|#####3    | 308/578 [01:43<01:43,  2.62it/s]
Extract:  53%|#####3    | 309/578 [01:43<02:08,  2.09it/s]
Extract:  54%|#####3    | 310/578 [01:44<02:00,  2.22it/s]
Extract:  54%|#####3    | 311/578 [01:45<02:59,  1.48it/s]
Extract:  54%|#####3    | 312/578 [01:46<03:06,  1.43it/s]
Extract:  54%|#####4    | 313/578 [01:46<02:28,  1.79it/s]
Extract:  54%|#####4    | 314/578 [01:47<02:27,  1.79it/s]
Extract:  55%|#####4    | 316/578 [01:47<01:49,  2.40it/s]
Extract:  55%|#####5    | 318/578 [01:48<01:45,  2.46it/s]
Extract:  55%|#####5    | 319/578 [01:48<01:40,  2.59it/s]
Extract:  55%|#####5    | 320/578 [01:49<01:53,  2.28it/s]
Extract:  56%|#####5    | 321/578 [01:49<01:35,  2.69it/s]
Extract:  56%|#####5    | 322/578 [01:49<01:35,  2.67it/s]
Extract:  56%|#####5    | 323/578 [01:50<01:28,  2.89it/s]
Extract:  56%|#####6    | 325/578 [01:50<00:59,  4.29it/s]
Extract:  56%|#####6    | 326/578 [01:50<01:03,  3.98it/s]
Extract:  57%|#####6    | 327/578 [01:50<00:58,  4.31it/s]
Extract:  57%|#####6    | 328/578 [01:51<00:59,  4.20it/s]
Extract:  57%|#####7    | 330/578 [01:51<00:48,  5.12it/s]
Extract:  57%|#####7    | 331/578 [01:51<00:53,  4.58it/s]
Extract:  57%|#####7    | 332/578 [01:52<01:07,  3.66it/s]
Extract:  58%|#####7    | 334/578 [01:52<00:47,  5.12it/s]
Extract:  58%|#####7    | 335/578 [01:52<00:43,  5.54it/s]
Extract:  58%|#####8    | 337/578 [01:52<00:37,  6.42it/s]
Extract:  59%|#####8    | 339/578 [01:52<00:37,  6.44it/s]
Extract:  59%|#####8    | 340/578 [01:53<00:58,  4.07it/s]
Extract:  59%|#####8    | 341/578 [01:53<00:55,  4.25it/s]
Extract:  59%|#####9    | 342/578 [01:54<01:01,  3.84it/s]
Extract:  60%|#####9    | 344/578 [01:54<01:10,  3.30it/s]
Extract:  60%|#####9    | 345/578 [01:54<01:06,  3.52it/s]
Extract:  60%|#####9    | 346/578 [01:55<00:56,  4.11it/s]
Extract:  60%|######    | 347/578 [01:55<00:48,  4.77it/s]
Extract:  60%|######    | 348/578 [01:55<00:41,  5.52it/s]
Extract:  60%|######    | 349/578 [01:56<01:16,  2.98it/s]
Extract:  61%|######    | 350/578 [01:56<01:13,  3.12it/s]
Extract:  61%|######    | 351/578 [01:57<01:40,  2.25it/s]
Extract:  61%|######    | 352/578 [01:57<01:18,  2.88it/s]
Extract:  61%|######1   | 353/578 [01:57<01:17,  2.89it/s]
Extract:  61%|######1   | 355/578 [01:57<00:51,  4.32it/s]
Extract:  62%|######1   | 356/578 [01:58<01:16,  2.89it/s]
Extract:  62%|######1   | 357/578 [01:58<01:17,  2.83it/s]
Extract:  62%|######2   | 359/578 [01:59<00:59,  3.67it/s]
Extract:  62%|######2   | 360/578 [01:59<01:05,  3.31it/s]
Extract:  62%|######2   | 361/578 [01:59<01:03,  3.42it/s]
Extract:  63%|######2   | 362/578 [02:00<01:48,  1.99it/s]
Extract:  63%|######2   | 363/578 [02:01<01:24,  2.53it/s]
Extract:  63%|######2   | 364/578 [02:01<01:08,  3.14it/s]
Extract:  63%|######3   | 365/578 [02:01<01:04,  3.29it/s]
Extract:  63%|######3   | 366/578 [02:01<01:05,  3.25it/s]
Extract:  63%|######3   | 367/578 [02:02<01:31,  2.32it/s]
Extract:  64%|######3   | 368/578 [02:02<01:23,  2.51it/s]
Extract:  64%|######3   | 369/578 [02:03<01:42,  2.03it/s]
Extract:  64%|######4   | 371/578 [02:03<01:02,  3.30it/s]
Extract:  65%|######4   | 373/578 [02:04<01:00,  3.41it/s]
Extract:  65%|######4   | 374/578 [02:04<00:57,  3.54it/s]
Extract:  65%|######5   | 376/578 [02:04<00:55,  3.66it/s]
Extract:  65%|######5   | 377/578 [02:05<01:13,  2.73it/s]
Extract:  65%|######5   | 378/578 [02:05<01:02,  3.19it/s]
Extract:  66%|######5   | 379/578 [02:05<00:55,  3.57it/s]
Extract:  66%|######5   | 380/578 [02:06<00:59,  3.32it/s]
Extract:  66%|######5   | 381/578 [02:06<00:53,  3.71it/s]
Extract:  66%|######6   | 382/578 [02:07<01:13,  2.68it/s]
Extract:  66%|######6   | 383/578 [02:07<01:03,  3.06it/s]
Extract:  66%|######6   | 384/578 [02:08<01:34,  2.06it/s]
Extract:  67%|######6   | 386/578 [02:08<01:04,  2.99it/s]
Extract:  67%|######6   | 387/578 [02:08<01:03,  2.99it/s]
Extract:  67%|######7   | 388/578 [02:09<00:53,  3.56it/s]
Extract:  67%|######7   | 390/578 [02:09<00:38,  4.88it/s]
Extract:  68%|######7   | 391/578 [02:09<00:38,  4.87it/s]
Extract:  68%|######7   | 392/578 [02:09<00:37,  4.91it/s]
Extract:  68%|######7   | 393/578 [02:09<00:44,  4.19it/s]
Extract:  68%|######8   | 394/578 [02:10<00:45,  4.06it/s]
Extract:  68%|######8   | 395/578 [02:10<00:51,  3.58it/s]
Extract:  69%|######8   | 397/578 [02:10<00:44,  4.11it/s]
Extract:  69%|######8   | 398/578 [02:11<00:41,  4.38it/s]
Extract:  69%|######9   | 399/578 [02:11<00:38,  4.59it/s]
Extract:  69%|######9   | 401/578 [02:11<00:29,  5.95it/s]
Extract:  70%|######9   | 402/578 [02:11<00:29,  6.03it/s]
Extract:  70%|######9   | 403/578 [02:11<00:27,  6.40it/s]
Extract:  70%|######9   | 404/578 [02:12<00:27,  6.43it/s]
Extract:  70%|#######   | 405/578 [02:12<00:26,  6.52it/s]
Extract:  70%|#######   | 406/578 [02:12<00:35,  4.90it/s]
Extract:  70%|#######   | 407/578 [02:13<00:52,  3.26it/s]
Extract:  71%|#######   | 408/578 [02:13<01:19,  2.15it/s]
Extract:  71%|#######   | 410/578 [02:14<00:55,  3.05it/s]
Extract:  71%|#######1  | 412/578 [02:14<00:42,  3.87it/s]
Extract:  71%|#######1  | 413/578 [02:14<00:47,  3.51it/s]
Extract:  72%|#######1  | 414/578 [02:15<00:39,  4.13it/s]
Extract:  72%|#######1  | 415/578 [02:15<00:37,  4.37it/s]
Extract:  72%|#######1  | 416/578 [02:15<00:36,  4.39it/s]
Extract:  72%|#######2  | 417/578 [02:15<00:33,  4.87it/s]
Extract:  72%|#######2  | 418/578 [02:15<00:35,  4.46it/s]
Extract:  72%|#######2  | 419/578 [02:16<00:42,  3.78it/s]
Extract:  73%|#######2  | 421/578 [02:17<01:12,  2.16it/s]
Extract:  73%|#######3  | 424/578 [02:18<00:46,  3.30it/s]
Extract:  74%|#######3  | 425/578 [02:18<00:55,  2.75it/s]
Extract:  74%|#######3  | 426/578 [02:18<00:51,  2.94it/s]
Extract:  74%|#######3  | 427/578 [02:19<01:07,  2.23it/s]
Extract:  74%|#######4  | 428/578 [02:20<01:18,  1.92it/s]
Extract:  74%|#######4  | 429/578 [02:21<01:23,  1.78it/s]
Extract:  75%|#######4  | 431/578 [02:21<00:56,  2.58it/s]
Extract:  75%|#######4  | 432/578 [02:21<00:53,  2.74it/s]
Extract:  75%|#######4  | 433/578 [02:21<00:45,  3.22it/s]
Extract:  75%|#######5  | 434/578 [02:22<00:59,  2.40it/s]
Extract:  75%|#######5  | 435/578 [02:22<00:53,  2.69it/s]
Extract:  75%|#######5  | 436/578 [02:22<00:42,  3.34it/s]
Extract:  76%|#######5  | 437/578 [02:23<00:37,  3.74it/s]
Extract:  76%|#######5  | 438/578 [02:23<00:36,  3.88it/s]
Extract:  76%|#######5  | 439/578 [02:23<00:40,  3.39it/s]
Extract:  76%|#######6  | 441/578 [02:24<00:45,  2.99it/s]
Extract:  76%|#######6  | 442/578 [02:24<00:40,  3.33it/s]
Extract:  77%|#######6  | 443/578 [02:24<00:35,  3.85it/s]
Extract:  77%|#######6  | 444/578 [02:24<00:30,  4.42it/s]
Extract:  77%|#######6  | 445/578 [02:25<00:46,  2.86it/s]
Extract:  77%|#######7  | 447/578 [02:25<00:31,  4.16it/s]
Extract:  78%|#######7  | 449/578 [02:26<00:23,  5.42it/s]
Extract:  78%|#######7  | 450/578 [02:27<00:54,  2.35it/s]
Extract:  78%|#######8  | 451/578 [02:28<01:02,  2.02it/s]
Extract:  78%|#######8  | 452/578 [02:28<00:51,  2.43it/s]
Extract:  78%|#######8  | 453/578 [02:28<00:42,  2.97it/s]
Extract:  79%|#######8  | 454/578 [02:28<00:37,  3.29it/s]
Extract:  79%|#######8  | 456/578 [02:28<00:26,  4.66it/s]
Extract:  79%|#######9  | 458/578 [02:29<00:27,  4.35it/s]
Extract:  79%|#######9  | 459/578 [02:29<00:25,  4.74it/s]
Extract:  80%|#######9  | 461/578 [02:29<00:20,  5.69it/s]
Extract:  80%|#######9  | 462/578 [02:29<00:18,  6.24it/s]
Extract:  80%|########  | 463/578 [02:30<00:24,  4.62it/s]
Extract:  80%|########  | 465/578 [02:30<00:18,  6.15it/s]
Extract:  81%|########  | 466/578 [02:30<00:22,  4.96it/s]
Extract:  81%|########  | 467/578 [02:31<00:31,  3.54it/s]
Extract:  81%|########  | 468/578 [02:31<00:44,  2.50it/s]
Extract:  81%|########1 | 469/578 [02:32<00:37,  2.91it/s]
Extract:  81%|########1 | 470/578 [02:32<00:37,  2.86it/s]
Extract:  81%|########1 | 471/578 [02:33<00:42,  2.51it/s]
Extract:  82%|########1 | 472/578 [02:33<00:43,  2.42it/s]
Extract:  82%|########1 | 473/578 [02:33<00:37,  2.83it/s]
Extract:  82%|########2 | 474/578 [02:34<00:35,  2.90it/s]
Extract:  82%|########2 | 475/578 [02:34<00:29,  3.47it/s]
Extract:  82%|########2 | 476/578 [02:35<00:45,  2.23it/s]
Extract:  83%|########2 | 477/578 [02:35<00:37,  2.66it/s]
Extract:  83%|########2 | 478/578 [02:35<00:31,  3.20it/s]
Extract:  83%|########2 | 479/578 [02:35<00:30,  3.24it/s]
Extract:  83%|########3 | 480/578 [02:35<00:25,  3.90it/s]
Extract:  83%|########3 | 481/578 [02:36<00:24,  4.01it/s]
Extract:  83%|########3 | 482/578 [02:36<00:20,  4.77it/s]
Extract:  84%|########3 | 483/578 [02:36<00:32,  2.88it/s]
Extract:  84%|########3 | 484/578 [02:36<00:25,  3.62it/s]
Extract:  84%|########4 | 486/578 [02:37<00:18,  5.07it/s]
Extract:  84%|########4 | 487/578 [02:37<00:21,  4.32it/s]
Extract:  85%|########4 | 489/578 [02:38<00:28,  3.12it/s]
Extract:  85%|########4 | 490/578 [02:38<00:26,  3.28it/s]
Extract:  85%|########4 | 491/578 [02:38<00:27,  3.12it/s]
Extract:  85%|########5 | 492/578 [02:39<00:31,  2.76it/s]
Extract:  85%|########5 | 493/578 [02:39<00:28,  2.99it/s]
Extract:  85%|########5 | 494/578 [02:40<00:26,  3.15it/s]
Extract:  86%|########5 | 496/578 [02:40<00:17,  4.75it/s]
Extract:  86%|########6 | 498/578 [02:41<00:24,  3.33it/s]
Extract:  87%|########6 | 500/578 [02:41<00:16,  4.63it/s]
Extract:  87%|########6 | 501/578 [02:41<00:16,  4.76it/s]
Extract:  87%|########7 | 503/578 [02:41<00:12,  5.80it/s]
Extract:  87%|########7 | 504/578 [02:41<00:16,  4.56it/s]
Extract:  87%|########7 | 505/578 [02:42<00:23,  3.11it/s]
Extract:  88%|########7 | 507/578 [02:42<00:17,  4.14it/s]
Extract:  88%|########7 | 508/578 [02:43<00:17,  3.92it/s]
Extract:  88%|########8 | 510/578 [02:43<00:17,  3.81it/s]
Extract:  88%|########8 | 511/578 [02:43<00:15,  4.23it/s]
Extract:  89%|########8 | 512/578 [02:44<00:15,  4.16it/s]
Extract:  89%|########8 | 514/578 [02:44<00:11,  5.68it/s]
Extract:  89%|########9 | 515/578 [02:44<00:13,  4.62it/s]
Extract:  89%|########9 | 516/578 [02:45<00:21,  2.93it/s]
Extract:  89%|########9 | 517/578 [02:45<00:21,  2.85it/s]
Extract:  90%|########9 | 518/578 [02:45<00:17,  3.40it/s]
Extract:  90%|########9 | 519/578 [02:46<00:18,  3.20it/s]
Extract:  90%|########9 | 520/578 [02:46<00:16,  3.54it/s]
Extract:  90%|######### | 522/578 [02:46<00:12,  4.63it/s]
Extract:  90%|######### | 523/578 [02:47<00:20,  2.73it/s]
Extract:  91%|######### | 524/578 [02:47<00:17,  3.17it/s]
Extract:  91%|######### | 525/578 [02:47<00:14,  3.72it/s]
Extract:  91%|#########1| 526/578 [02:48<00:21,  2.40it/s]
Extract:  91%|#########1| 528/578 [02:48<00:14,  3.37it/s]
Extract:  92%|#########1| 529/578 [02:49<00:13,  3.69it/s]
Extract:  92%|#########1| 530/578 [02:49<00:12,  3.83it/s]
Extract:  92%|#########1| 531/578 [02:49<00:11,  4.02it/s]
Extract:  92%|#########2| 532/578 [02:49<00:10,  4.38it/s]
Extract:  92%|#########2| 533/578 [02:49<00:08,  5.00it/s]
Extract:  92%|#########2| 534/578 [02:50<00:09,  4.41it/s]
Extract:  93%|#########2| 535/578 [02:50<00:09,  4.77it/s]
Extract:  93%|#########2| 537/578 [02:50<00:08,  4.76it/s]
Extract:  93%|#########3| 538/578 [02:51<00:09,  4.03it/s]
Extract:  93%|#########3| 540/578 [02:51<00:10,  3.51it/s]
Extract:  94%|#########3| 541/578 [02:52<00:10,  3.58it/s]
Extract:  94%|#########3| 543/578 [02:52<00:08,  4.10it/s]
Extract:  94%|#########4| 544/578 [02:52<00:07,  4.71it/s]
Extract:  94%|#########4| 546/578 [02:53<00:09,  3.27it/s]
Extract:  95%|#########4| 547/578 [02:54<00:12,  2.44it/s]
Extract:  95%|#########4| 548/578 [02:54<00:10,  2.90it/s]
Extract:  95%|#########5| 550/578 [02:54<00:06,  4.32it/s]
Extract:  96%|#########5| 552/578 [02:54<00:04,  5.87it/s]
Extract:  96%|#########5| 554/578 [02:56<00:09,  2.66it/s]
Extract:  96%|#########6| 555/578 [02:57<00:13,  1.75it/s]
Extract:  96%|#########6| 556/578 [02:57<00:11,  1.85it/s]
Extract:  96%|#########6| 557/578 [02:58<00:10,  2.00it/s]
Extract:  97%|#########6| 559/578 [02:58<00:06,  3.05it/s]
Extract:  97%|#########6| 560/578 [02:59<00:07,  2.49it/s]
Extract:  97%|#########7| 561/578 [02:59<00:06,  2.52it/s]
Extract:  97%|#########7| 563/578 [02:59<00:03,  3.87it/s]
Extract:  98%|#########7| 564/578 [03:00<00:05,  2.69it/s]
Extract:  98%|#########7| 565/578 [03:01<00:06,  2.09it/s]
Extract:  98%|#########7| 566/578 [03:01<00:04,  2.46it/s]
Extract:  98%|#########8| 567/578 [03:01<00:04,  2.54it/s]
Extract:  98%|#########8| 568/578 [03:02<00:05,  1.95it/s]
Extract:  99%|#########8| 570/578 [03:02<00:02,  3.00it/s]
Extract:  99%|#########8| 572/578 [03:03<00:01,  3.70it/s]
Extract:  99%|#########9| 573/578 [03:03<00:01,  4.27it/s]
Extract:  99%|#########9| 575/578 [03:03<00:00,  4.76it/s]
Extract: 100%|#########9| 576/578 [03:04<00:00,  3.02it/s]
Extract: 100%|#########9| 577/578 [03:04<00:00,  3.59it/s]
Extract: 100%|##########| 578/578 [03:04<00:00,  3.13it/s]

Extract:   0%|          | 0/578 [00:00<?, ?it/s]
Extract:   0%|          | 2/578 [00:00<01:05,  8.85it/s]
Extract:   1%|          | 3/578 [00:00<01:18,  7.32it/s]
Extract:   1%|          | 4/578 [00:00<01:59,  4.82it/s]
Extract:   1%|          | 5/578 [00:00<01:55,  4.94it/s]
Extract:   1%|1         | 6/578 [00:01<01:58,  4.84it/s]
Extract:   1%|1         | 7/578 [00:01<02:49,  3.37it/s]
Extract:   1%|1         | 8/578 [00:02<03:12,  2.96it/s]
Extract:   2%|1         | 9/578 [00:02<03:23,  2.80it/s]
Extract:   2%|1         | 10/578 [00:02<03:14,  2.91it/s]
Extract:   2%|1         | 11/578 [00:03<03:05,  3.06it/s]
Extract:   2%|2         | 12/578 [00:03<04:50,  1.95it/s]
Extract:   2%|2         | 13/578 [00:04<03:52,  2.43it/s]
Extract:   2%|2         | 14/578 [00:04<04:16,  2.19it/s]
Extract:   3%|2         | 15/578 [00:05<04:59,  1.88it/s]
Extract:   3%|2         | 16/578 [00:05<04:07,  2.27it/s]
Extract:   3%|3         | 18/578 [00:05<02:28,  3.76it/s]
Extract:   3%|3         | 20/578 [00:05<01:51,  5.03it/s]
Extract:   4%|3         | 21/578 [00:06<02:43,  3.41it/s]
Extract:   4%|3         | 22/578 [00:06<02:48,  3.29it/s]
Extract:   4%|3         | 23/578 [00:07<02:59,  3.09it/s]
Extract:   4%|4         | 24/578 [00:07<02:42,  3.41it/s]
Extract:   4%|4         | 26/578 [00:07<02:05,  4.41it/s]
Extract:   5%|4         | 27/578 [00:08<03:12,  2.86it/s]
Extract:   5%|4         | 28/578 [00:08<02:49,  3.25it/s]
Extract:   5%|5         | 29/578 [00:08<02:30,  3.64it/s]
Extract:   5%|5         | 30/578 [00:09<02:44,  3.34it/s]
Extract:   5%|5         | 31/578 [00:09<02:49,  3.23it/s]
Extract:   6%|5         | 32/578 [00:09<02:28,  3.68it/s]
Extract:   6%|5         | 34/578 [00:09<01:42,  5.30it/s]
Extract:   6%|6         | 35/578 [00:10<01:34,  5.77it/s]
Extract:   6%|6         | 36/578 [00:10<01:25,  6.36it/s]
Extract:   6%|6         | 37/578 [00:10<01:45,  5.15it/s]
Extract:   7%|6         | 38/578 [00:10<01:42,  5.29it/s]
Extract:   7%|6         | 39/578 [00:10<01:28,  6.09it/s]
Extract:   7%|6         | 40/578 [00:10<01:31,  5.88it/s]
Extract:   7%|7         | 41/578 [00:11<01:27,  6.15it/s]
Extract:   7%|7         | 42/578 [00:11<03:02,  2.93it/s]
Extract:   7%|7         | 43/578 [00:12<03:47,  2.35it/s]
Extract:   8%|7         | 45/578 [00:12<02:22,  3.75it/s]
Extract:   8%|7         | 46/578 [00:12<02:16,  3.90it/s]
Extract:   8%|8         | 47/578 [00:13<02:22,  3.73it/s]
Extract:   8%|8         | 49/578 [00:13<01:46,  4.97it/s]
Extract:   9%|8         | 50/578 [00:14<02:37,  3.36it/s]
Extract:   9%|8         | 51/578 [00:14<03:12,  2.74it/s]
Extract:   9%|8         | 52/578 [00:15<03:34,  2.46it/s]
Extract:   9%|9         | 54/578 [00:15<03:00,  2.91it/s]
Extract:  10%|9         | 55/578 [00:16<03:03,  2.85it/s]
Extract:  10%|9         | 56/578 [00:16<02:40,  3.25it/s]
Extract:  10%|#         | 58/578 [00:16<02:29,  3.48it/s]
Extract:  10%|#         | 59/578 [00:17<02:32,  3.40it/s]
Extract:  10%|#         | 60/578 [00:17<02:56,  2.93it/s]
Extract:  11%|#         | 61/578 [00:18<04:02,  2.13it/s]
Extract:  11%|#         | 62/578 [00:18<03:15,  2.63it/s]
Extract:  11%|#1        | 64/578 [00:18<02:46,  3.09it/s]
Extract:  11%|#1        | 65/578 [00:19<03:21,  2.54it/s]
Extract:  11%|#1        | 66/578 [00:19<02:48,  3.04it/s]
Extract:  12%|#1        | 67/578 [00:20<04:17,  1.98it/s]
Extract:  12%|#1        | 69/578 [00:21<03:04,  2.76it/s]
Extract:  12%|#2        | 70/578 [00:21<02:38,  3.20it/s]
Extract:  12%|#2        | 71/578 [00:21<02:24,  3.51it/s]
Extract:  12%|#2        | 72/578 [00:21<02:15,  3.72it/s]
Extract:  13%|#2        | 73/578 [00:22<03:20,  2.52it/s]
Extract:  13%|#2        | 75/578 [00:22<02:21,  3.56it/s]
Extract:  13%|#3        | 76/578 [00:22<02:22,  3.52it/s]
Extract:  13%|#3        | 77/578 [00:23<03:17,  2.53it/s]
Extract:  14%|#3        | 79/578 [00:23<02:11,  3.79it/s]
Extract:  14%|#3        | 80/578 [00:24<02:01,  4.11it/s]
Extract:  14%|#4        | 81/578 [00:24<01:46,  4.66it/s]
Extract:  14%|#4        | 82/578 [00:24<01:52,  4.40it/s]
Extract:  14%|#4        | 83/578 [00:24<01:59,  4.15it/s]
Extract:  15%|#4        | 84/578 [00:25<02:54,  2.83it/s]
Extract:  15%|#4        | 85/578 [00:25<02:21,  3.49it/s]
Extract:  15%|#4        | 86/578 [00:25<02:10,  3.78it/s]
Extract:  15%|#5        | 88/578 [00:25<01:30,  5.39it/s]
Extract:  15%|#5        | 89/578 [00:26<02:15,  3.60it/s]
Extract:  16%|#5        | 90/578 [00:26<02:06,  3.87it/s]
Extract:  16%|#5        | 91/578 [00:27<02:45,  2.94it/s]
Extract:  16%|#5        | 92/578 [00:27<03:39,  2.21it/s]
Extract:  16%|#6        | 93/578 [00:28<02:52,  2.82it/s]
Extract:  16%|#6        | 94/578 [00:28<02:56,  2.75it/s]
Extract:  17%|#6        | 96/578 [00:29<02:57,  2.71it/s]
Extract:  17%|#6        | 97/578 [00:29<02:38,  3.03it/s]
Extract:  17%|#6        | 98/578 [00:29<02:43,  2.93it/s]
Extract:  17%|#7        | 99/578 [00:29<02:12,  3.60it/s]
Extract:  17%|#7        | 100/578 [00:30<02:17,  3.48it/s]
Extract:  17%|#7        | 101/578 [00:30<02:01,  3.92it/s]
Extract:  18%|#7        | 103/578 [00:30<01:21,  5.85it/s]
Extract:  18%|#8        | 105/578 [00:31<01:41,  4.67it/s]
Extract:  18%|#8        | 106/578 [00:31<01:53,  4.16it/s]
Extract:  19%|#8        | 107/578 [00:32<03:06,  2.53it/s]
Extract:  19%|#8        | 108/578 [00:32<03:04,  2.55it/s]
Extract:  19%|#9        | 110/578 [00:33<02:28,  3.15it/s]
Extract:  19%|#9        | 111/578 [00:33<02:49,  2.75it/s]
Extract:  20%|#9        | 113/578 [00:33<02:07,  3.64it/s]
Extract:  20%|#9        | 114/578 [00:34<02:05,  3.70it/s]
Extract:  20%|#9        | 115/578 [00:34<01:51,  4.17it/s]
Extract:  20%|##        | 116/578 [00:34<02:07,  3.62it/s]
Extract:  20%|##        | 117/578 [00:35<03:05,  2.48it/s]
Extract:  21%|##        | 119/578 [00:35<01:56,  3.95it/s]
Extract:  21%|##        | 120/578 [00:36<03:25,  2.23it/s]
Extract:  21%|##        | 121/578 [00:37<04:34,  1.67it/s]
Extract:  21%|##1       | 122/578 [00:37<03:35,  2.12it/s]
Extract:  21%|##1       | 123/578 [00:37<02:48,  2.70it/s]
Extract:  21%|##1       | 124/578 [00:37<02:17,  3.30it/s]
Extract:  22%|##1       | 125/578 [00:38<03:12,  2.36it/s]
Extract:  22%|##1       | 126/578 [00:39<02:58,  2.53it/s]
Extract:  22%|##1       | 127/578 [00:39<02:21,  3.18it/s]
Extract:  22%|##2       | 128/578 [00:39<02:13,  3.37it/s]
Extract:  22%|##2       | 130/578 [00:40<02:20,  3.20it/s]
Extract:  23%|##2       | 131/578 [00:40<03:18,  2.25it/s]
Extract:  23%|##2       | 132/578 [00:41<02:49,  2.64it/s]
Extract:  23%|##3       | 133/578 [00:41<02:58,  2.50it/s]
Extract:  23%|##3       | 134/578 [00:41<02:35,  2.85it/s]
Extract:  23%|##3       | 135/578 [00:42<02:22,  3.11it/s]
Extract:  24%|##3       | 136/578 [00:42<02:15,  3.27it/s]
Extract:  24%|##3       | 137/578 [00:43<03:11,  2.30it/s]
Extract:  24%|##3       | 138/578 [00:43<03:54,  1.88it/s]
Extract:  24%|##4       | 139/578 [00:44<03:39,  2.00it/s]
Extract:  24%|##4       | 141/578 [00:44<02:14,  3.26it/s]
Extract:  25%|##4       | 142/578 [00:44<02:05,  3.47it/s]
Extract:  25%|##5       | 145/578 [00:44<01:10,  6.11it/s]
Extract:  25%|##5       | 147/578 [00:45<01:58,  3.64it/s]
Extract:  26%|##5       | 148/578 [00:46<01:53,  3.78it/s]
Extract:  26%|##5       | 149/578 [00:46<02:37,  2.73it/s]
Extract:  26%|##5       | 150/578 [00:46<02:23,  2.98it/s]
Extract:  26%|##6       | 152/578 [00:47<01:38,  4.31it/s]
Extract:  26%|##6       | 153/578 [00:47<02:33,  2.77it/s]
Extract:  27%|##6       | 154/578 [00:48<02:14,  3.15it/s]
Extract:  27%|##6       | 155/578 [00:49<03:16,  2.15it/s]
Extract:  27%|##7       | 157/578 [00:49<02:11,  3.20it/s]
Extract:  27%|##7       | 158/578 [00:49<01:55,  3.65it/s]
Extract:  28%|##7       | 159/578 [00:49<01:39,  4.21it/s]
Extract:  28%|##7       | 160/578 [00:49<01:57,  3.54it/s]
Extract:  28%|##8       | 162/578 [00:50<01:23,  4.96it/s]
Extract:  28%|##8       | 163/578 [00:50<02:13,  3.12it/s]
Extract:  28%|##8       | 164/578 [00:50<01:56,  3.56it/s]
Extract:  29%|##8       | 165/578 [00:51<01:49,  3.77it/s]
Extract:  29%|##8       | 166/578 [00:51<01:41,  4.05it/s]
Extract:  29%|##8       | 167/578 [00:52<02:39,  2.58it/s]
Extract:  29%|##9       | 168/578 [00:52<02:14,  3.05it/s]
Extract:  29%|##9       | 169/578 [00:52<01:56,  3.50it/s]
Extract:  29%|##9       | 170/578 [00:52<01:52,  3.64it/s]
Extract:  30%|##9       | 171/578 [00:52<01:32,  4.41it/s]
Extract:  30%|##9       | 172/578 [00:53<02:07,  3.18it/s]
Extract:  30%|##9       | 173/578 [00:54<02:53,  2.33it/s]
Extract:  30%|###       | 174/578 [00:54<02:29,  2.71it/s]
Extract:  30%|###       | 175/578 [00:54<02:04,  3.23it/s]
Extract:  30%|###       | 176/578 [00:54<01:40,  4.02it/s]
Extract:  31%|###       | 177/578 [00:55<02:24,  2.78it/s]
Extract:  31%|###       | 178/578 [00:55<02:09,  3.09it/s]
Extract:  31%|###       | 179/578 [00:55<01:51,  3.59it/s]
Extract:  31%|###1      | 180/578 [00:56<02:33,  2.59it/s]
Extract:  31%|###1      | 181/578 [00:57<03:25,  1.93it/s]
Extract:  31%|###1      | 182/578 [00:57<02:55,  2.25it/s]
Extract:  32%|###1      | 184/578 [00:57<02:11,  3.00it/s]
Extract:  32%|###2      | 185/578 [00:58<02:45,  2.37it/s]
Extract:  32%|###2      | 186/578 [00:58<02:29,  2.62it/s]
Extract:  33%|###2      | 188/578 [00:59<01:48,  3.58it/s]
Extract:  33%|###2      | 189/578 [00:59<02:31,  2.58it/s]
Extract:  33%|###3      | 191/578 [01:00<02:25,  2.66it/s]
Extract:  33%|###3      | 192/578 [01:00<02:07,  3.02it/s]
Extract:  33%|###3      | 193/578 [01:00<01:59,  3.22it/s]
Extract:  34%|###3      | 194/578 [01:00<01:40,  3.83it/s]
Extract:  34%|###3      | 196/578 [01:01<01:08,  5.61it/s]
Extract:  34%|###4      | 197/578 [01:01<02:05,  3.03it/s]
Extract:  34%|###4      | 198/578 [01:02<02:02,  3.11it/s]
Extract:  35%|###4      | 200/578 [01:02<01:19,  4.76it/s]
Extract:  35%|###4      | 201/578 [01:03<02:14,  2.80it/s]
Extract:  35%|###4      | 202/578 [01:03<02:14,  2.79it/s]
Extract:  35%|###5      | 203/578 [01:04<02:47,  2.24it/s]
Extract:  35%|###5      | 205/578 [01:04<01:48,  3.42it/s]
Extract:  36%|###5      | 206/578 [01:04<01:49,  3.40it/s]
Extract:  36%|###5      | 207/578 [01:05<02:02,  3.02it/s]
Extract:  36%|###6      | 209/578 [01:05<01:29,  4.13it/s]
Extract:  36%|###6      | 210/578 [01:05<01:31,  4.04it/s]
Extract:  37%|###6      | 212/578 [01:06<01:50,  3.31it/s]
Extract:  37%|###6      | 213/578 [01:06<01:45,  3.47it/s]
Extract:  37%|###7      | 214/578 [01:06<01:29,  4.07it/s]
Extract:  37%|###7      | 215/578 [01:07<02:04,  2.91it/s]
Extract:  38%|###7      | 217/578 [01:07<01:40,  3.61it/s]
Extract:  38%|###7      | 219/578 [01:07<01:11,  5.01it/s]
Extract:  38%|###8      | 220/578 [01:08<01:06,  5.34it/s]
Extract:  38%|###8      | 221/578 [01:08<01:01,  5.78it/s]
Extract:  39%|###8      | 223/578 [01:08<00:55,  6.39it/s]
Extract:  39%|###8      | 224/578 [01:08<00:55,  6.40it/s]
Extract:  39%|###8      | 225/578 [01:09<01:52,  3.15it/s]
Extract:  39%|###9      | 226/578 [01:09<01:56,  3.02it/s]
Extract:  39%|###9      | 227/578 [01:10<01:40,  3.48it/s]
Extract:  40%|###9      | 229/578 [01:10<01:22,  4.22it/s]
Extract:  40%|###9      | 230/578 [01:10<01:48,  3.20it/s]
Extract:  40%|###9      | 231/578 [01:11<01:57,  2.96it/s]
Extract:  40%|####      | 232/578 [01:11<01:45,  3.27it/s]
Extract:  40%|####      | 233/578 [01:11<01:31,  3.78it/s]
Extract:  40%|####      | 234/578 [01:11<01:23,  4.11it/s]
Extract:  41%|####      | 235/578 [01:12<01:23,  4.10it/s]
Extract:  41%|####      | 236/578 [01:12<02:03,  2.76it/s]
Extract:  41%|####1     | 237/578 [01:13<02:37,  2.17it/s]
Extract:  41%|####1     | 239/578 [01:13<01:41,  3.35it/s]
Extract:  42%|####1     | 240/578 [01:13<01:37,  3.48it/s]
Extract:  42%|####1     | 242/578 [01:14<01:09,  4.84it/s]
Extract:  42%|####2     | 244/578 [01:15<01:38,  3.37it/s]
Extract:  42%|####2     | 245/578 [01:15<01:35,  3.50it/s]
Extract:  43%|####2     | 246/578 [01:15<01:22,  4.00it/s]
Extract:  43%|####2     | 247/578 [01:15<01:33,  3.56it/s]
Extract:  43%|####2     | 248/578 [01:16<01:42,  3.21it/s]
Extract:  43%|####3     | 249/578 [01:16<01:32,  3.54it/s]
Extract:  43%|####3     | 250/578 [01:16<01:22,  3.97it/s]
Extract:  43%|####3     | 251/578 [01:16<01:19,  4.13it/s]
Extract:  44%|####3     | 253/578 [01:16<00:54,  5.93it/s]
Extract:  44%|####4     | 255/578 [01:17<01:02,  5.18it/s]
Extract:  44%|####4     | 256/578 [01:18<01:49,  2.94it/s]
Extract:  44%|####4     | 257/578 [01:18<01:33,  3.45it/s]
Extract:  45%|####4     | 259/578 [01:18<01:09,  4.60it/s]
Extract:  45%|####4     | 260/578 [01:18<01:03,  4.99it/s]
Extract:  45%|####5     | 262/578 [01:19<01:13,  4.29it/s]
Extract:  46%|####5     | 263/578 [01:20<01:46,  2.96it/s]
Extract:  46%|####5     | 264/578 [01:20<01:28,  3.55it/s]
Extract:  46%|####5     | 265/578 [01:20<01:33,  3.35it/s]
Extract:  46%|####6     | 266/578 [01:20<01:39,  3.13it/s]
Extract:  46%|####6     | 267/578 [01:21<02:05,  2.47it/s]
Extract:  46%|####6     | 268/578 [01:21<01:39,  3.11it/s]
Extract:  47%|####6     | 269/578 [01:22<01:58,  2.60it/s]
Extract:  47%|####6     | 271/578 [01:22<01:13,  4.19it/s]
Extract:  47%|####7     | 273/578 [01:23<01:29,  3.41it/s]
Extract:  47%|####7     | 274/578 [01:23<02:00,  2.51it/s]
Extract:  48%|####7     | 275/578 [01:24<02:13,  2.27it/s]
Extract:  48%|####7     | 276/578 [01:24<02:02,  2.47it/s]
Extract:  48%|####7     | 277/578 [01:24<01:44,  2.89it/s]
Extract:  48%|####8     | 279/578 [01:24<01:06,  4.53it/s]
Extract:  48%|####8     | 280/578 [01:25<01:34,  3.16it/s]
Extract:  49%|####8     | 282/578 [01:25<01:08,  4.34it/s]
Extract:  49%|####8     | 283/578 [01:26<01:16,  3.86it/s]
Extract:  49%|####9     | 284/578 [01:26<01:08,  4.30it/s]
Extract:  49%|####9     | 285/578 [01:26<01:14,  3.93it/s]
Extract:  49%|####9     | 286/578 [01:26<01:20,  3.65it/s]
Extract:  50%|####9     | 287/578 [01:27<01:12,  3.99it/s]
Extract:  50%|####9     | 288/578 [01:27<01:08,  4.23it/s]
Extract:  50%|#####     | 289/578 [01:27<01:18,  3.67it/s]
Extract:  50%|#####     | 290/578 [01:28<01:50,  2.60it/s]
Extract:  50%|#####     | 291/578 [01:28<01:30,  3.17it/s]
Extract:  51%|#####     | 293/578 [01:28<00:58,  4.89it/s]
Extract:  51%|#####     | 294/578 [01:28<00:59,  4.80it/s]
Extract:  51%|#####1    | 295/578 [01:29<01:49,  2.58it/s]
Extract:  51%|#####1    | 296/578 [01:29<01:38,  2.87it/s]
Extract:  51%|#####1    | 297/578 [01:30<02:04,  2.26it/s]
Extract:  52%|#####1    | 299/578 [01:30<01:19,  3.51it/s]
Extract:  52%|#####1    | 300/578 [01:31<01:13,  3.77it/s]
Extract:  52%|#####2    | 301/578 [01:31<01:26,  3.22it/s]
Extract:  52%|#####2    | 302/578 [01:31<01:11,  3.88it/s]
Extract:  53%|#####2    | 304/578 [01:32<01:38,  2.79it/s]
Extract:  53%|#####2    | 305/578 [01:32<01:31,  2.97it/s]
Extract:  53%|#####3    | 307/578 [01:33<01:32,  2.93it/s]
Extract:  53%|#####3    | 308/578 [01:34<01:40,  2.68it/s]
Extract:  53%|#####3    | 309/578 [01:34<02:02,  2.20it/s]
Extract:  54%|#####3    | 310/578 [01:35<01:50,  2.43it/s]
Extract:  54%|#####3    | 311/578 [01:35<02:18,  1.92it/s]
Extract:  54%|#####3    | 312/578 [01:36<02:30,  1.76it/s]
Extract:  54%|#####4    | 313/578 [01:36<02:03,  2.15it/s]
Extract:  54%|#####4    | 314/578 [01:37<02:09,  2.03it/s]
Extract:  54%|#####4    | 315/578 [01:37<01:39,  2.64it/s]
Extract:  55%|#####4    | 316/578 [01:37<01:41,  2.57it/s]
Extract:  55%|#####5    | 318/578 [01:38<01:33,  2.79it/s]
Extract:  55%|#####5    | 319/578 [01:38<01:28,  2.94it/s]
Extract:  55%|#####5    | 320/578 [01:39<01:44,  2.47it/s]
Extract:  56%|#####5    | 321/578 [01:39<01:25,  3.01it/s]
Extract:  56%|#####5    | 322/578 [01:39<01:25,  3.00it/s]
Extract:  56%|#####5    | 323/578 [01:40<01:17,  3.31it/s]
Extract:  56%|#####6    | 325/578 [01:40<00:55,  4.53it/s]
Extract:  56%|#####6    | 326/578 [01:40<01:04,  3.88it/s]
Extract:  57%|#####6    | 327/578 [01:40<00:55,  4.53it/s]
Extract:  57%|#####6    | 328/578 [01:41<01:06,  3.76it/s]
Extract:  57%|#####7    | 330/578 [01:41<01:01,  4.02it/s]
Extract:  57%|#####7    | 331/578 [01:41<01:00,  4.06it/s]
Extract:  57%|#####7    | 332/578 [01:42<01:12,  3.38it/s]
Extract:  58%|#####7    | 334/578 [01:42<00:52,  4.69it/s]
Extract:  58%|#####7    | 335/578 [01:42<00:46,  5.18it/s]
Extract:  58%|#####8    | 337/578 [01:42<00:40,  5.99it/s]
Extract:  59%|#####8    | 339/578 [01:43<00:36,  6.55it/s]
Extract:  59%|#####8    | 340/578 [01:43<00:39,  5.97it/s]
Extract:  59%|#####8    | 341/578 [01:43<00:40,  5.85it/s]
Extract:  59%|#####9    | 342/578 [01:43<00:44,  5.33it/s]
Extract:  60%|#####9    | 344/578 [01:44<00:59,  3.96it/s]
Extract:  60%|#####9    | 345/578 [01:44<00:55,  4.23it/s]
Extract:  60%|#####9    | 346/578 [01:44<00:47,  4.89it/s]
Extract:  60%|######    | 347/578 [01:44<00:41,  5.53it/s]
Extract:  60%|######    | 349/578 [01:45<01:10,  3.23it/s]
Extract:  61%|######    | 350/578 [01:46<01:05,  3.48it/s]
Extract:  61%|######    | 351/578 [01:46<01:29,  2.53it/s]
Extract:  61%|######    | 352/578 [01:46<01:13,  3.05it/s]
Extract:  61%|######1   | 353/578 [01:47<01:14,  3.03it/s]
Extract:  61%|######1   | 355/578 [01:47<00:51,  4.35it/s]
Extract:  62%|######1   | 356/578 [01:48<01:12,  3.08it/s]
Extract:  62%|######1   | 357/578 [01:48<01:14,  2.96it/s]
Extract:  62%|######2   | 359/578 [01:48<00:58,  3.72it/s]
Extract:  62%|######2   | 360/578 [01:49<01:01,  3.53it/s]
Extract:  62%|######2   | 361/578 [01:49<01:00,  3.59it/s]
Extract:  63%|######2   | 362/578 [01:50<01:19,  2.72it/s]
Extract:  63%|######2   | 363/578 [01:50<01:05,  3.29it/s]
Extract:  63%|######2   | 364/578 [01:50<00:55,  3.89it/s]
Extract:  63%|######3   | 365/578 [01:50<00:55,  3.84it/s]
Extract:  63%|######3   | 366/578 [01:50<00:59,  3.58it/s]
Extract:  63%|######3   | 367/578 [01:51<01:22,  2.57it/s]
Extract:  64%|######3   | 368/578 [01:51<01:15,  2.79it/s]
Extract:  64%|######3   | 369/578 [01:52<01:38,  2.12it/s]
Extract:  64%|######4   | 371/578 [01:52<01:01,  3.34it/s]
Extract:  65%|######4   | 373/578 [01:53<00:57,  3.58it/s]
Extract:  65%|######4   | 374/578 [01:53<00:54,  3.72it/s]
Extract:  65%|######5   | 376/578 [01:54<00:56,  3.59it/s]
Extract:  65%|######5   | 377/578 [01:54<00:56,  3.53it/s]
Extract:  65%|######5   | 378/578 [01:54<00:50,  3.97it/s]
Extract:  66%|######5   | 379/578 [01:54<00:43,  4.54it/s]
Extract:  66%|######5   | 380/578 [01:55<00:52,  3.74it/s]
Extract:  66%|######5   | 381/578 [01:55<00:49,  3.95it/s]
Extract:  66%|######6   | 382/578 [01:55<01:09,  2.81it/s]
Extract:  66%|######6   | 383/578 [01:56<00:59,  3.30it/s]
Extract:  66%|######6   | 384/578 [01:56<01:09,  2.78it/s]
Extract:  67%|######6   | 386/578 [01:56<00:49,  3.87it/s]
Extract:  67%|######6   | 387/578 [01:57<00:52,  3.61it/s]
Extract:  67%|######7   | 389/578 [01:57<00:35,  5.28it/s]
Extract:  67%|######7   | 390/578 [01:57<00:34,  5.52it/s]
Extract:  68%|######7   | 391/578 [01:57<00:34,  5.40it/s]
Extract:  68%|######7   | 392/578 [01:57<00:35,  5.23it/s]
Extract:  68%|######7   | 393/578 [01:58<00:41,  4.44it/s]
Extract:  68%|######8   | 394/578 [01:58<00:43,  4.24it/s]
Extract:  68%|######8   | 395/578 [01:58<00:48,  3.78it/s]
Extract:  69%|######8   | 397/578 [01:59<00:41,  4.38it/s]
Extract:  69%|######8   | 398/578 [01:59<00:37,  4.79it/s]
Extract:  69%|######9   | 399/578 [01:59<00:42,  4.20it/s]
Extract:  69%|######9   | 400/578 [01:59<00:36,  4.93it/s]
Extract:  69%|######9   | 401/578 [01:59<00:34,  5.20it/s]
Extract:  70%|######9   | 403/578 [02:00<00:24,  7.20it/s]
Extract:  70%|#######   | 405/578 [02:00<00:18,  9.19it/s]
Extract:  70%|#######   | 407/578 [02:00<00:23,  7.31it/s]
Extract:  71%|#######   | 408/578 [02:00<00:26,  6.52it/s]
Extract:  71%|#######1  | 412/578 [02:00<00:15, 11.03it/s]
Extract:  72%|#######1  | 414/578 [02:00<00:13, 12.03it/s]
Extract:  72%|#######2  | 417/578 [02:01<00:10, 14.93it/s]
Extract:  72%|#######2  | 419/578 [02:01<00:10, 14.77it/s]
Extract:  73%|#######2  | 421/578 [02:01<00:12, 12.43it/s]
Extract:  74%|#######3  | 425/578 [02:01<00:09, 15.47it/s]
Extract:  74%|#######3  | 427/578 [02:01<00:11, 13.70it/s]
Extract:  74%|#######4  | 429/578 [02:02<00:13, 11.15it/s]
Extract:  75%|#######4  | 432/578 [02:02<00:10, 14.03it/s]
Extract:  75%|#######5  | 434/578 [02:02<00:11, 12.32it/s]
Extract:  76%|#######5  | 437/578 [02:02<00:09, 15.01it/s]
Extract:  76%|#######5  | 439/578 [02:02<00:09, 14.95it/s]
Extract:  76%|#######6  | 441/578 [02:02<00:10, 12.93it/s]
Extract:  77%|#######6  | 444/578 [02:03<00:08, 16.25it/s]
Extract:  77%|#######7  | 446/578 [02:03<00:08, 15.36it/s]
Extract:  78%|#######7  | 450/578 [02:03<00:08, 14.41it/s]
Extract:  78%|#######8  | 452/578 [02:03<00:09, 13.70it/s]
Extract:  79%|#######8  | 456/578 [02:03<00:06, 18.17it/s]
Extract:  79%|#######9  | 459/578 [02:03<00:06, 19.50it/s]
Extract:  80%|########  | 463/578 [02:04<00:05, 21.23it/s]
Extract:  81%|########  | 467/578 [02:04<00:05, 19.46it/s]
Extract:  81%|########1 | 470/578 [02:04<00:06, 16.87it/s]
Extract:  82%|########1 | 472/578 [02:04<00:07, 15.05it/s]
Extract:  82%|########2 | 474/578 [02:04<00:06, 15.56it/s]
Extract:  82%|########2 | 476/578 [02:05<00:07, 13.89it/s]
Extract:  83%|########2 | 479/578 [02:05<00:06, 15.27it/s]
Extract:  83%|########3 | 481/578 [02:05<00:06, 13.96it/s]
Extract:  84%|########3 | 485/578 [02:05<00:04, 18.83it/s]
Extract:  84%|########4 | 488/578 [02:05<00:04, 20.69it/s]
Extract:  85%|########4 | 491/578 [02:05<00:05, 16.95it/s]
Extract:  85%|########5 | 493/578 [02:05<00:05, 16.13it/s]
Extract:  86%|########6 | 498/578 [02:06<00:04, 17.97it/s]
Extract:  87%|########7 | 504/578 [02:06<00:03, 20.42it/s]
Extract:  88%|########7 | 507/578 [02:06<00:03, 18.54it/s]
Extract:  88%|########8 | 510/578 [02:06<00:03, 17.51it/s]
Extract:  89%|########8 | 513/578 [02:07<00:03, 18.98it/s]
Extract:  89%|########9 | 515/578 [02:07<00:03, 19.15it/s]
Extract:  89%|########9 | 517/578 [02:07<00:04, 14.70it/s]
Extract:  90%|########9 | 519/578 [02:07<00:03, 15.58it/s]
Extract:  90%|######### | 521/578 [02:07<00:03, 15.38it/s]
Extract:  91%|######### | 524/578 [02:07<00:03, 17.52it/s]
Extract:  91%|#########1| 526/578 [02:07<00:03, 14.98it/s]
Extract:  92%|#########1| 529/578 [02:08<00:02, 18.12it/s]
Extract:  92%|#########2| 532/578 [02:08<00:02, 19.98it/s]
Extract:  93%|#########2| 535/578 [02:08<00:02, 18.44it/s]
Extract:  93%|#########3| 538/578 [02:08<00:02, 18.92it/s]
Extract:  93%|#########3| 540/578 [02:08<00:02, 16.09it/s]
Extract:  94%|#########3| 543/578 [02:08<00:02, 17.36it/s]
Extract:  94%|#########4| 546/578 [02:09<00:02, 14.27it/s]
Extract:  95%|#########4| 548/578 [02:09<00:02, 12.80it/s]
Extract:  96%|#########5| 553/578 [02:09<00:01, 14.50it/s]
Extract:  96%|#########6| 555/578 [02:10<00:02, 10.18it/s]
Extract:  96%|#########6| 557/578 [02:10<00:02, 10.16it/s]
Extract:  97%|#########6| 560/578 [02:10<00:01, 10.96it/s]
Extract:  97%|#########7| 562/578 [02:10<00:01, 12.24it/s]
Extract:  98%|#########7| 564/578 [02:10<00:01, 10.31it/s]
Extract:  98%|#########7| 566/578 [02:11<00:01,  9.35it/s]
Extract:  98%|#########8| 568/578 [02:11<00:01,  8.45it/s]
Extract:  99%|#########8| 572/578 [02:11<00:00, 12.72it/s]
Extract:  99%|#########9| 575/578 [02:11<00:00, 15.55it/s]
Extract: 100%|##########| 578/578 [02:11<00:00, 15.71it/s]
Extract: 100%|##########| 578/578 [02:11<00:00,  4.39it/s]

Extract:   0%|          | 0/578 [00:00<?, ?it/s]
Extract:   1%|          | 3/578 [00:00<00:20, 27.75it/s]
Extract:   1%|1         | 6/578 [00:00<00:32, 17.52it/s]
Extract:   1%|1         | 8/578 [00:00<00:44, 12.76it/s]
Extract:   2%|1         | 10/578 [00:00<00:51, 10.97it/s]
Extract:   2%|2         | 12/578 [00:01<00:54, 10.34it/s]
Extract:   2%|2         | 14/578 [00:01<00:56,  9.96it/s]
Extract:   3%|2         | 16/578 [00:01<00:59,  9.43it/s]
Extract:   3%|3         | 20/578 [00:01<00:38, 14.50it/s]
Extract:   4%|3         | 22/578 [00:01<00:47, 11.75it/s]
Extract:   4%|4         | 24/578 [00:01<00:45, 12.19it/s]
Extract:   5%|4         | 27/578 [00:02<00:46, 11.95it/s]
Extract:   5%|5         | 29/578 [00:02<00:41, 13.26it/s]
Extract:   5%|5         | 31/578 [00:02<00:45, 11.93it/s]
Extract:   6%|6         | 36/578 [00:02<00:28, 18.81it/s]
Extract:   7%|6         | 39/578 [00:02<00:28, 19.01it/s]
Extract:   7%|7         | 42/578 [00:03<00:35, 14.90it/s]
Extract:   8%|7         | 44/578 [00:03<00:37, 14.07it/s]
Extract:   8%|8         | 47/578 [00:03<00:33, 15.72it/s]
Extract:   9%|8         | 50/578 [00:03<00:38, 13.71it/s]
Extract:   9%|8         | 52/578 [00:03<00:46, 11.34it/s]
Extract:   9%|9         | 54/578 [00:04<00:43, 12.10it/s]
Extract:  10%|9         | 56/578 [00:04<00:41, 12.54it/s]
Extract:  10%|#         | 58/578 [00:04<00:39, 13.28it/s]
Extract:  10%|#         | 60/578 [00:04<00:50, 10.19it/s]
Extract:  11%|#         | 62/578 [00:04<00:53,  9.57it/s]
Extract:  11%|#1        | 64/578 [00:05<00:49, 10.31it/s]
Extract:  11%|#1        | 66/578 [00:05<00:54,  9.46it/s]
Extract:  12%|#1        | 68/578 [00:05<00:54,  9.44it/s]
Extract:  12%|#2        | 70/578 [00:05<00:49, 10.31it/s]
Extract:  13%|#2        | 73/578 [00:05<00:47, 10.57it/s]
Extract:  13%|#3        | 76/578 [00:06<00:37, 13.52it/s]
Extract:  13%|#3        | 78/578 [00:06<00:37, 13.21it/s]
Extract:  14%|#4        | 81/578 [00:06<00:30, 16.43it/s]
Extract:  15%|#4        | 84/578 [00:06<00:36, 13.35it/s]
Extract:  15%|#5        | 87/578 [00:06<00:30, 15.96it/s]
Extract:  15%|#5        | 89/578 [00:06<00:34, 14.18it/s]
Extract:  16%|#5        | 91/578 [00:07<00:40, 11.98it/s]
Extract:  16%|#6        | 93/578 [00:07<00:46, 10.52it/s]
Extract:  17%|#6        | 96/578 [00:07<00:43, 11.14it/s]
Extract:  17%|#6        | 98/578 [00:07<00:40, 11.95it/s]
Extract:  17%|#7        | 100/578 [00:07<00:37, 12.64it/s]
Extract:  18%|#8        | 105/578 [00:08<00:27, 17.31it/s]
Extract:  19%|#8        | 107/578 [00:08<00:36, 13.02it/s]
Extract:  19%|#8        | 109/578 [00:08<00:34, 13.41it/s]
Extract:  19%|#9        | 111/578 [00:08<00:34, 13.58it/s]
Extract:  20%|#9        | 114/578 [00:08<00:27, 16.64it/s]
Extract:  20%|##        | 117/578 [00:09<00:32, 14.22it/s]
Extract:  21%|##        | 120/578 [00:09<00:36, 12.68it/s]
Extract:  21%|##1       | 122/578 [00:09<00:38, 11.84it/s]
Extract:  22%|##1       | 125/578 [00:09<00:34, 12.98it/s]
Extract:  22%|##1       | 127/578 [00:09<00:34, 13.26it/s]
Extract:  22%|##2       | 130/578 [00:10<00:36, 12.19it/s]
Extract:  23%|##2       | 132/578 [00:10<00:45,  9.79it/s]
Extract:  23%|##3       | 134/578 [00:10<00:43, 10.26it/s]
Extract:  24%|##3       | 137/578 [00:10<00:42, 10.48it/s]
Extract:  24%|##4       | 139/578 [00:11<00:46,  9.54it/s]
Extract:  25%|##5       | 146/578 [00:11<00:30, 14.34it/s]
Extract:  26%|##5       | 149/578 [00:11<00:31, 13.57it/s]
Extract:  26%|##6       | 153/578 [00:12<00:29, 14.41it/s]
Extract:  27%|##6       | 155/578 [00:12<00:30, 13.79it/s]
Extract:  28%|##7       | 159/578 [00:12<00:23, 17.73it/s]
Extract:  28%|##8       | 162/578 [00:12<00:23, 17.41it/s]
Extract:  28%|##8       | 164/578 [00:12<00:27, 15.20it/s]
Extract:  29%|##8       | 167/578 [00:12<00:29, 13.75it/s]
Extract:  29%|##9       | 170/578 [00:13<00:27, 15.10it/s]
Extract:  30%|##9       | 172/578 [00:13<00:26, 15.58it/s]
Extract:  30%|###       | 174/578 [00:13<00:39, 10.15it/s]
Extract:  31%|###       | 177/578 [00:13<00:37, 10.79it/s]
Extract:  31%|###       | 179/578 [00:14<00:33, 11.84it/s]
Extract:  31%|###1      | 181/578 [00:14<00:39,  9.96it/s]
Extract:  32%|###1      | 184/578 [00:14<00:37, 10.60it/s]
Extract:  32%|###2      | 186/578 [00:14<00:38, 10.13it/s]
Extract:  33%|###2      | 189/578 [00:14<00:35, 11.04it/s]
Extract:  33%|###3      | 191/578 [00:15<00:34, 11.11it/s]
Extract:  34%|###3      | 194/578 [00:15<00:28, 13.28it/s]
Extract:  34%|###4      | 197/578 [00:15<00:35, 10.85it/s]
Extract:  34%|###4      | 199/578 [00:15<00:31, 12.17it/s]
Extract:  35%|###4      | 201/578 [00:16<00:34, 10.98it/s]
Extract:  35%|###5      | 203/578 [00:16<00:40,  9.25it/s]
Extract:  36%|###5      | 206/578 [00:16<00:30, 12.20it/s]
Extract:  36%|###5      | 208/578 [00:16<00:32, 11.39it/s]
Extract:  37%|###6      | 211/578 [00:16<00:25, 14.45it/s]
Extract:  37%|###6      | 213/578 [00:16<00:29, 12.44it/s]
Extract:  37%|###7      | 215/578 [00:17<00:27, 13.05it/s]
Extract:  38%|###7      | 218/578 [00:17<00:21, 16.41it/s]
Extract:  38%|###8      | 221/578 [00:17<00:18, 19.06it/s]
Extract:  39%|###8      | 225/578 [00:17<00:21, 16.44it/s]
Extract:  39%|###9      | 227/578 [00:17<00:21, 16.32it/s]
Extract:  40%|###9      | 230/578 [00:17<00:22, 15.40it/s]
Extract:  40%|####      | 232/578 [00:18<00:23, 14.99it/s]
Extract:  41%|####      | 235/578 [00:18<00:20, 16.66it/s]
Extract:  41%|####1     | 237/578 [00:18<00:31, 10.97it/s]
Extract:  42%|####1     | 240/578 [00:18<00:24, 13.92it/s]
Extract:  42%|####2     | 244/578 [00:18<00:21, 15.58it/s]
Extract:  43%|####2     | 247/578 [00:19<00:20, 16.55it/s]
Extract:  43%|####3     | 249/578 [00:19<00:21, 15.05it/s]
Extract:  44%|####3     | 252/578 [00:19<00:19, 17.12it/s]
Extract:  44%|####4     | 255/578 [00:19<00:20, 15.86it/s]
Extract:  44%|####4     | 257/578 [00:19<00:24, 13.34it/s]
Extract:  45%|####4     | 260/578 [00:19<00:19, 16.17it/s]
Extract:  45%|####5     | 262/578 [00:20<00:23, 13.17it/s]
Extract:  46%|####5     | 264/578 [00:20<00:25, 12.21it/s]
Extract:  46%|####6     | 266/578 [00:20<00:28, 10.86it/s]
Extract:  46%|####6     | 268/578 [00:20<00:28, 10.75it/s]
Extract:  47%|####6     | 270/578 [00:20<00:25, 12.01it/s]
Extract:  47%|####7     | 273/578 [00:21<00:25, 11.77it/s]
Extract:  48%|####7     | 275/578 [00:21<00:31,  9.63it/s]
Extract:  48%|####8     | 278/578 [00:21<00:23, 12.55it/s]
Extract:  48%|####8     | 280/578 [00:21<00:24, 12.20it/s]
Extract:  49%|####8     | 283/578 [00:22<00:22, 13.24it/s]
Extract:  49%|####9     | 285/578 [00:22<00:24, 12.07it/s]
Extract:  50%|####9     | 287/578 [00:22<00:22, 13.11it/s]
Extract:  50%|#####     | 289/578 [00:22<00:20, 14.04it/s]
Extract:  50%|#####     | 291/578 [00:22<00:27, 10.47it/s]
Extract:  51%|#####     | 294/578 [00:22<00:22, 12.88it/s]
Extract:  51%|#####1    | 296/578 [00:23<00:30,  9.34it/s]
Extract:  52%|#####1    | 298/578 [00:23<00:40,  6.87it/s]
Extract:  52%|#####2    | 301/578 [00:24<00:33,  8.17it/s]
Extract:  53%|#####2    | 304/578 [00:24<00:31,  8.82it/s]
Extract:  53%|#####3    | 307/578 [00:24<00:27,  9.77it/s]
Extract:  53%|#####3    | 309/578 [00:24<00:34,  7.76it/s]
Extract:  54%|#####3    | 310/578 [00:25<00:33,  7.93it/s]
Extract:  54%|#####3    | 311/578 [00:25<00:39,  6.78it/s]
Extract:  54%|#####3    | 312/578 [00:25<00:49,  5.41it/s]
Extract:  54%|#####4    | 314/578 [00:25<00:41,  6.36it/s]
Extract:  55%|#####4    | 316/578 [00:26<00:39,  6.65it/s]
Extract:  55%|#####5    | 318/578 [00:26<00:36,  7.10it/s]
Extract:  55%|#####5    | 319/578 [00:26<00:34,  7.49it/s]
Extract:  55%|#####5    | 320/578 [00:26<00:41,  6.22it/s]
Extract:  56%|#####5    | 322/578 [00:26<00:35,  7.12it/s]
Extract:  56%|#####5    | 323/578 [00:27<00:37,  6.79it/s]
Extract:  56%|#####6    | 326/578 [00:27<00:26,  9.36it/s]
Extract:  57%|#####6    | 328/578 [00:27<00:23, 10.48it/s]
Extract:  57%|#####7    | 331/578 [00:27<00:20, 12.08it/s]
Extract:  58%|#####7    | 333/578 [00:27<00:21, 11.49it/s]
Extract:  58%|#####7    | 335/578 [00:28<00:19, 12.38it/s]
Extract:  58%|#####8    | 337/578 [00:28<00:24,  9.95it/s]
Extract:  59%|#####8    | 339/578 [00:28<00:22, 10.59it/s]
Extract:  59%|#####8    | 341/578 [00:28<00:23, 10.22it/s]
Extract:  59%|#####9    | 343/578 [00:28<00:21, 11.17it/s]
Extract:  60%|#####9    | 345/578 [00:29<00:24,  9.40it/s]
Extract:  60%|######    | 348/578 [00:29<00:18, 12.36it/s]
Extract:  61%|######    | 350/578 [00:29<00:22, 10.06it/s]
Extract:  61%|######    | 352/578 [00:30<00:34,  6.62it/s]
Extract:  61%|######1   | 353/578 [00:30<00:32,  6.92it/s]
Extract:  62%|######1   | 356/578 [00:30<00:30,  7.31it/s]
Extract:  62%|######1   | 357/578 [00:30<00:32,  6.87it/s]
Extract:  62%|######2   | 359/578 [00:30<00:25,  8.53it/s]
Extract:  62%|######2   | 361/578 [00:31<00:22,  9.80it/s]
Extract:  63%|######2   | 363/578 [00:31<00:22,  9.57it/s]
Extract:  63%|######3   | 365/578 [00:31<00:19, 11.06it/s]
Extract:  63%|######3   | 367/578 [00:31<00:22,  9.55it/s]
Extract:  64%|######3   | 369/578 [00:32<00:29,  7.00it/s]
Extract:  65%|######4   | 373/578 [00:32<00:21,  9.67it/s]
Extract:  65%|######5   | 376/578 [00:32<00:18, 11.18it/s]
Extract:  65%|######5   | 378/578 [00:32<00:18, 10.73it/s]
Extract:  66%|######5   | 380/578 [00:32<00:20,  9.60it/s]
Extract:  66%|######6   | 382/578 [00:33<00:22,  8.87it/s]
Extract:  66%|######6   | 384/578 [00:33<00:21,  9.15it/s]
Extract:  67%|######6   | 386/578 [00:33<00:18, 10.33it/s]
Extract:  67%|######7   | 388/578 [00:33<00:16, 11.45it/s]
Extract:  68%|######7   | 391/578 [00:33<00:13, 14.10it/s]
Extract:  68%|######7   | 393/578 [00:34<00:13, 14.23it/s]
Extract:  68%|######8   | 395/578 [00:34<00:15, 11.59it/s]
Extract:  69%|######8   | 397/578 [00:34<00:14, 12.15it/s]
Extract:  69%|######9   | 399/578 [00:34<00:13, 13.48it/s]
Extract:  70%|######9   | 403/578 [00:34<00:09, 17.75it/s]
Extract:  70%|#######   | 406/578 [00:34<00:09, 17.97it/s]
Extract:  71%|#######   | 408/578 [00:35<00:14, 11.37it/s]
Extract:  71%|#######   | 410/578 [00:35<00:13, 12.39it/s]
Extract:  71%|#######1  | 412/578 [00:35<00:12, 13.50it/s]
Extract:  72%|#######1  | 414/578 [00:35<00:12, 12.89it/s]
Extract:  72%|#######1  | 416/578 [00:35<00:11, 14.05it/s]
Extract:  72%|#######2  | 418/578 [00:35<00:11, 14.37it/s]
Extract:  73%|#######2  | 420/578 [00:36<00:12, 13.13it/s]
Extract:  73%|#######3  | 422/578 [00:36<00:13, 11.69it/s]
Extract:  74%|#######3  | 425/578 [00:36<00:12, 12.46it/s]
Extract:  74%|#######3  | 427/578 [00:36<00:14, 10.55it/s]
Extract:  74%|#######4  | 429/578 [00:37<00:22,  6.68it/s]
Extract:  75%|#######4  | 432/578 [00:37<00:16,  8.79it/s]
Extract:  75%|#######5  | 434/578 [00:37<00:16,  8.74it/s]
Extract:  75%|#######5  | 436/578 [00:37<00:14,  9.93it/s]
Extract:  76%|#######5  | 438/578 [00:37<00:13, 10.53it/s]
Extract:  76%|#######6  | 440/578 [00:38<00:12, 11.15it/s]
Extract:  76%|#######6  | 442/578 [00:38<00:15,  8.65it/s]
Extract:  77%|#######6  | 445/578 [00:38<00:17,  7.77it/s]
Extract:  78%|#######7  | 448/578 [00:39<00:12, 10.46it/s]
Extract:  78%|#######7  | 450/578 [00:39<00:14,  9.04it/s]
Extract:  78%|#######8  | 452/578 [00:39<00:15,  8.14it/s]
Extract:  79%|#######8  | 455/578 [00:39<00:11, 10.83it/s]
Extract:  79%|#######9  | 458/578 [00:39<00:09, 12.54it/s]
Extract:  80%|#######9  | 462/578 [00:40<00:07, 16.26it/s]
Extract:  80%|########  | 465/578 [00:40<00:06, 17.23it/s]
Extract:  81%|########  | 468/578 [00:40<00:11,  9.23it/s]
Extract:  81%|########1 | 470/578 [00:41<00:10, 10.24it/s]
Extract:  82%|########1 | 472/578 [00:41<00:10, 10.02it/s]
Extract:  82%|########2 | 474/578 [00:41<00:10,  9.85it/s]
Extract:  82%|########2 | 476/578 [00:41<00:12,  8.41it/s]
Extract:  83%|########2 | 479/578 [00:41<00:09, 10.63it/s]
Extract:  83%|########3 | 482/578 [00:42<00:07, 12.98it/s]
Extract:  84%|########4 | 486/578 [00:42<00:05, 17.19it/s]
Extract:  85%|########4 | 489/578 [00:42<00:07, 11.35it/s]
Extract:  85%|########4 | 491/578 [00:42<00:07, 11.74it/s]
Extract:  85%|########5 | 493/578 [00:43<00:07, 11.67it/s]
Extract:  86%|########5 | 495/578 [00:43<00:06, 13.06it/s]
Extract:  86%|########6 | 498/578 [00:43<00:06, 12.75it/s]
Extract:  87%|########7 | 503/578 [00:43<00:03, 18.79it/s]
Extract:  88%|########7 | 506/578 [00:43<00:05, 14.25it/s]
Extract:  88%|########7 | 508/578 [00:43<00:04, 14.23it/s]
Extract:  88%|########8 | 510/578 [00:44<00:05, 12.30it/s]
Extract:  89%|########8 | 512/578 [00:44<00:05, 13.09it/s]
Extract:  89%|########9 | 515/578 [00:44<00:04, 15.60it/s]
Extract:  89%|########9 | 517/578 [00:44<00:05, 12.01it/s]
Extract:  90%|########9 | 519/578 [00:44<00:04, 13.41it/s]
Extract:  90%|######### | 522/578 [00:44<00:03, 16.21it/s]
Extract:  91%|######### | 524/578 [00:45<00:03, 15.90it/s]
Extract:  91%|#########1| 526/578 [00:45<00:04, 12.96it/s]
Extract:  92%|#########1| 529/578 [00:45<00:03, 15.82it/s]
Extract:  92%|#########2| 532/578 [00:45<00:02, 17.62it/s]
Extract:  92%|#########2| 534/578 [00:45<00:02, 17.51it/s]
Extract:  93%|#########2| 537/578 [00:45<00:02, 16.59it/s]
Extract:  93%|#########3| 539/578 [00:46<00:03, 11.43it/s]
Extract:  94%|#########3| 541/578 [00:46<00:03, 10.63it/s]
Extract:  94%|#########3| 543/578 [00:46<00:02, 11.99it/s]
Extract:  94%|#########4| 546/578 [00:46<00:02, 10.84it/s]
Extract:  95%|#########4| 548/578 [00:47<00:02, 10.38it/s]
Extract:  96%|#########5| 552/578 [00:47<00:01, 14.89it/s]
Extract:  96%|#########5| 554/578 [00:47<00:03,  7.71it/s]
Extract:  96%|#########6| 556/578 [00:48<00:03,  6.58it/s]
Extract:  97%|#########6| 558/578 [00:48<00:02,  7.77it/s]
Extract:  97%|#########6| 560/578 [00:48<00:02,  7.44it/s]
Extract:  97%|#########7| 562/578 [00:48<00:01,  8.55it/s]
Extract:  98%|#########7| 564/578 [00:49<00:01,  7.59it/s]
Extract:  98%|#########7| 565/578 [00:49<00:01,  7.12it/s]
Extract:  98%|#########8| 567/578 [00:49<00:01,  8.60it/s]
Extract:  98%|#########8| 569/578 [00:49<00:01,  8.59it/s]
Extract:  99%|#########8| 572/578 [00:49<00:00, 11.73it/s]
Extract: 100%|#########9| 576/578 [00:50<00:00, 12.44it/s]
Extract: 100%|##########| 578/578 [00:50<00:00, 11.51it/s]

Extract:   0%|          | 0/578 [00:00<?, ?it/s]
Extract:   1%|          | 4/578 [00:00<00:38, 14.85it/s]
Extract:   1%|1         | 6/578 [00:00<00:35, 16.06it/s]
Extract:   1%|1         | 8/578 [00:00<00:46, 12.39it/s]
Extract:   2%|1         | 10/578 [00:00<00:58,  9.66it/s]
Extract:   2%|2         | 12/578 [00:01<01:25,  6.65it/s]
Extract:   2%|2         | 14/578 [00:01<01:36,  5.86it/s]
Extract:   3%|2         | 15/578 [00:02<01:50,  5.11it/s]
Extract:   3%|2         | 16/578 [00:02<01:45,  5.35it/s]
Extract:   3%|3         | 19/578 [00:02<01:08,  8.14it/s]
Extract:   4%|3         | 21/578 [00:03<01:46,  5.22it/s]
Extract:   4%|3         | 22/578 [00:03<02:00,  4.60it/s]
Extract:   4%|3         | 23/578 [00:03<02:30,  3.70it/s]
Extract:   4%|4         | 24/578 [00:04<03:02,  3.03it/s]
Extract:   4%|4         | 26/578 [00:04<02:17,  4.00it/s]
Extract:   5%|4         | 27/578 [00:05<03:47,  2.42it/s]
Extract:   5%|4         | 28/578 [00:05<03:19,  2.76it/s]
Extract:   5%|5         | 29/578 [00:06<02:54,  3.15it/s]
Extract:   5%|5         | 30/578 [00:06<02:37,  3.49it/s]
Extract:   5%|5         | 31/578 [00:06<02:24,  3.80it/s]
Extract:   6%|5         | 34/578 [00:06<01:16,  7.08it/s]
Extract:   6%|6         | 37/578 [00:06<01:01,  8.82it/s]
Extract:   7%|6         | 39/578 [00:07<01:02,  8.60it/s]
Extract:   7%|7         | 41/578 [00:07<01:04,  8.32it/s]
Extract:   7%|7         | 42/578 [00:07<01:21,  6.59it/s]
Extract:   7%|7         | 43/578 [00:08<01:44,  5.10it/s]
Extract:   8%|7         | 46/578 [00:08<01:12,  7.34it/s]
Extract:   8%|8         | 47/578 [00:08<01:17,  6.87it/s]
Extract:   9%|8         | 50/578 [00:08<01:14,  7.08it/s]
Extract:   9%|8         | 51/578 [00:09<01:26,  6.08it/s]
Extract:   9%|8         | 52/578 [00:09<01:37,  5.37it/s]
Extract:   9%|9         | 54/578 [00:09<01:33,  5.63it/s]
Extract:  10%|9         | 55/578 [00:09<01:38,  5.29it/s]
Extract:  10%|9         | 56/578 [00:10<01:34,  5.51it/s]
Extract:  10%|#         | 58/578 [00:10<01:26,  6.04it/s]
Extract:  10%|#         | 59/578 [00:10<01:40,  5.15it/s]
Extract:  10%|#         | 60/578 [00:11<02:10,  3.96it/s]
Extract:  11%|#         | 61/578 [00:11<02:29,  3.45it/s]
Extract:  11%|#         | 63/578 [00:11<01:42,  5.00it/s]
Extract:  11%|#1        | 64/578 [00:11<01:57,  4.39it/s]
Extract:  11%|#1        | 65/578 [00:12<02:20,  3.64it/s]
Extract:  12%|#1        | 67/578 [00:12<02:18,  3.69it/s]
Extract:  12%|#1        | 69/578 [00:13<01:45,  4.82it/s]
Extract:  12%|#2        | 71/578 [00:13<01:21,  6.22it/s]
Extract:  12%|#2        | 72/578 [00:13<01:15,  6.72it/s]
Extract:  13%|#2        | 73/578 [00:13<01:43,  4.89it/s]
Extract:  13%|#2        | 75/578 [00:13<01:18,  6.41it/s]
Extract:  13%|#3        | 76/578 [00:14<01:19,  6.29it/s]
Extract:  13%|#3        | 77/578 [00:14<01:42,  4.89it/s]
Extract:  14%|#3        | 80/578 [00:14<01:00,  8.26it/s]
Extract:  14%|#4        | 82/578 [00:14<01:01,  8.05it/s]
Extract:  15%|#4        | 84/578 [00:15<01:41,  4.85it/s]
Extract:  15%|#4        | 86/578 [00:15<01:28,  5.57it/s]
Extract:  15%|#5        | 88/578 [00:15<01:09,  7.08it/s]
Extract:  16%|#5        | 90/578 [00:16<01:33,  5.19it/s]
Extract:  16%|#5        | 91/578 [00:16<01:43,  4.72it/s]
Extract:  16%|#5        | 92/578 [00:17<02:00,  4.03it/s]
Extract:  16%|#6        | 94/578 [00:17<01:37,  4.98it/s]
Extract:  17%|#6        | 96/578 [00:17<01:28,  5.46it/s]
Extract:  17%|#6        | 98/578 [00:17<01:12,  6.66it/s]
Extract:  17%|#7        | 100/578 [00:18<01:02,  7.62it/s]
Extract:  18%|#7        | 103/578 [00:18<00:43, 10.94it/s]
Extract:  18%|#8        | 105/578 [00:18<00:41, 11.50it/s]
Extract:  19%|#8        | 107/578 [00:18<00:57,  8.25it/s]
Extract:  19%|#8        | 109/578 [00:18<00:49,  9.51it/s]
Extract:  19%|#9        | 111/578 [00:19<00:47,  9.75it/s]
Extract:  20%|#9        | 114/578 [00:19<00:35, 12.99it/s]
Extract:  20%|##        | 116/578 [00:19<00:35, 13.10it/s]
Extract:  20%|##        | 118/578 [00:19<00:39, 11.73it/s]
Extract:  21%|##        | 120/578 [00:19<00:51,  8.95it/s]
Extract:  21%|##1       | 122/578 [00:20<00:56,  8.06it/s]
Extract:  22%|##1       | 125/578 [00:20<00:50,  8.90it/s]
Extract:  22%|##1       | 127/578 [00:20<00:46,  9.74it/s]
Extract:  22%|##2       | 129/578 [00:20<00:47,  9.36it/s]
Extract:  23%|##2       | 131/578 [00:21<01:07,  6.62it/s]
Extract:  23%|##3       | 133/578 [00:21<00:59,  7.47it/s]
Extract:  23%|##3       | 135/578 [00:21<00:50,  8.74it/s]
Extract:  24%|##3       | 137/578 [00:22<00:57,  7.72it/s]
Extract:  24%|##3       | 138/578 [00:22<01:02,  7.06it/s]
Extract:  24%|##4       | 139/578 [00:22<01:01,  7.14it/s]
Extract:  25%|##5       | 145/578 [00:22<00:27, 15.79it/s]
Extract:  26%|##5       | 148/578 [00:23<00:45,  9.43it/s]
Extract:  26%|##5       | 150/578 [00:23<00:51,  8.33it/s]
Extract:  26%|##6       | 153/578 [00:23<00:49,  8.53it/s]
Extract:  27%|##6       | 155/578 [00:24<00:50,  8.43it/s]
Extract:  27%|##7       | 158/578 [00:24<00:38, 10.91it/s]
Extract:  28%|##7       | 160/578 [00:24<00:39, 10.69it/s]
Extract:  28%|##8       | 163/578 [00:24<00:43,  9.64it/s]
Extract:  29%|##8       | 165/578 [00:24<00:42,  9.76it/s]
Extract:  29%|##8       | 167/578 [00:25<00:52,  7.76it/s]
Extract:  29%|##9       | 169/578 [00:25<00:48,  8.47it/s]
Extract:  30%|##9       | 172/578 [00:25<00:41,  9.74it/s]
Extract:  30%|###       | 174/578 [00:26<00:55,  7.23it/s]
Extract:  30%|###       | 176/578 [00:26<00:46,  8.64it/s]
Extract:  31%|###       | 178/578 [00:26<00:49,  8.08it/s]
Extract:  31%|###1      | 180/578 [00:26<00:52,  7.57it/s]
Extract:  31%|###1      | 181/578 [00:27<01:01,  6.51it/s]
Extract:  31%|###1      | 182/578 [00:27<00:59,  6.61it/s]
Extract:  32%|###1      | 184/578 [00:27<00:58,  6.71it/s]
Extract:  32%|###2      | 185/578 [00:27<01:06,  5.91it/s]
Extract:  33%|###2      | 188/578 [00:28<00:47,  8.24it/s]
Extract:  33%|###2      | 189/578 [00:28<00:59,  6.49it/s]
Extract:  33%|###3      | 191/578 [00:28<01:01,  6.31it/s]
Extract:  34%|###3      | 194/578 [00:28<00:41,  9.28it/s]
Extract:  34%|###4      | 197/578 [00:29<00:42,  8.87it/s]
Extract:  34%|###4      | 199/578 [00:29<00:37, 10.20it/s]
Extract:  35%|###4      | 201/578 [00:29<00:42,  8.96it/s]
Extract:  35%|###5      | 203/578 [00:30<00:53,  7.04it/s]
Extract:  36%|###5      | 206/578 [00:30<00:39,  9.50it/s]
Extract:  36%|###5      | 208/578 [00:30<00:36, 10.06it/s]
Extract:  36%|###6      | 210/578 [00:30<00:34, 10.53it/s]
Extract:  37%|###6      | 212/578 [00:30<00:38,  9.55it/s]
Extract:  37%|###7      | 215/578 [00:31<00:35, 10.13it/s]
Extract:  38%|###7      | 217/578 [00:31<00:31, 11.56it/s]
Extract:  38%|###8      | 220/578 [00:31<00:24, 14.80it/s]
Extract:  39%|###8      | 223/578 [00:31<00:20, 17.38it/s]
Extract:  39%|###9      | 226/578 [00:31<00:25, 13.71it/s]
Extract:  39%|###9      | 228/578 [00:31<00:28, 12.23it/s]
Extract:  40%|###9      | 230/578 [00:32<00:33, 10.36it/s]
Extract:  40%|####      | 232/578 [00:32<00:36,  9.36it/s]
Extract:  40%|####      | 234/578 [00:32<00:35,  9.77it/s]
Extract:  41%|####      | 236/578 [00:32<00:40,  8.46it/s]
Extract:  41%|####1     | 237/578 [00:33<00:45,  7.44it/s]
Extract:  42%|####1     | 240/578 [00:33<00:35,  9.60it/s]
Extract:  42%|####2     | 244/578 [00:33<00:34,  9.64it/s]
Extract:  43%|####2     | 246/578 [00:33<00:30, 10.82it/s]
Extract:  43%|####2     | 248/578 [00:34<00:37,  8.79it/s]
Extract:  43%|####3     | 250/578 [00:34<00:33,  9.88it/s]
Extract:  44%|####3     | 252/578 [00:34<00:29, 11.20it/s]
Extract:  44%|####4     | 255/578 [00:34<00:26, 12.37it/s]
Extract:  44%|####4     | 257/578 [00:35<00:33,  9.70it/s]
Extract:  45%|####4     | 260/578 [00:35<00:26, 12.23it/s]
Extract:  45%|####5     | 262/578 [00:35<00:27, 11.31it/s]
Extract:  46%|####5     | 264/578 [00:35<00:31,  9.97it/s]
Extract:  46%|####6     | 266/578 [00:35<00:33,  9.35it/s]
Extract:  46%|####6     | 268/578 [00:36<00:35,  8.84it/s]
Extract:  47%|####6     | 269/578 [00:36<00:43,  7.04it/s]
Extract:  47%|####7     | 273/578 [00:36<00:34,  8.94it/s]
Extract:  47%|####7     | 274/578 [00:37<00:41,  7.35it/s]
Extract:  48%|####7     | 275/578 [00:37<00:47,  6.34it/s]
Extract:  48%|####7     | 276/578 [00:37<00:46,  6.55it/s]
Extract:  48%|####8     | 279/578 [00:37<00:29, 10.01it/s]
Extract:  49%|####8     | 281/578 [00:37<00:31,  9.43it/s]
Extract:  49%|####8     | 283/578 [00:37<00:30,  9.59it/s]
Extract:  49%|####9     | 285/578 [00:38<00:30,  9.63it/s]
Extract:  50%|####9     | 287/578 [00:38<00:32,  8.95it/s]
Extract:  50%|#####     | 289/578 [00:38<00:31,  9.19it/s]
Extract:  50%|#####     | 290/578 [00:38<00:43,  6.57it/s]
Extract:  51%|#####     | 293/578 [00:39<00:28,  9.89it/s]
Extract:  51%|#####1    | 295/578 [00:39<00:41,  6.82it/s]
Extract:  51%|#####1    | 297/578 [00:39<00:45,  6.23it/s]
Extract:  52%|#####1    | 300/578 [00:40<00:33,  8.24it/s]
Extract:  52%|#####2    | 302/578 [00:40<00:33,  8.33it/s]
Extract:  53%|#####2    | 304/578 [00:40<00:38,  7.15it/s]
Extract:  53%|#####2    | 305/578 [00:40<00:37,  7.29it/s]
Extract:  53%|#####3    | 307/578 [00:41<00:37,  7.14it/s]
Extract:  53%|#####3    | 308/578 [00:41<00:38,  6.93it/s]
Extract:  53%|#####3    | 309/578 [00:41<00:43,  6.16it/s]
Extract:  54%|#####3    | 310/578 [00:41<00:40,  6.57it/s]
Extract:  54%|#####3    | 311/578 [00:41<00:47,  5.57it/s]
Extract:  54%|#####3    | 312/578 [00:42<00:54,  4.92it/s]
Extract:  54%|#####4    | 314/578 [00:42<00:47,  5.55it/s]
Extract:  55%|#####4    | 316/578 [00:42<00:40,  6.46it/s]
Extract:  55%|#####5    | 318/578 [00:42<00:35,  7.32it/s]
Extract:  55%|#####5    | 319/578 [00:43<00:34,  7.56it/s]
Extract:  55%|#####5    | 320/578 [00:43<00:38,  6.77it/s]
Extract:  56%|#####5    | 322/578 [00:43<00:32,  7.97it/s]
Extract:  56%|#####6    | 325/578 [00:43<00:22, 11.31it/s]
Extract:  57%|#####6    | 327/578 [00:43<00:23, 10.51it/s]
Extract:  57%|#####6    | 329/578 [00:44<00:25,  9.78it/s]
Extract:  57%|#####7    | 331/578 [00:44<00:30,  8.02it/s]
Extract:  57%|#####7    | 332/578 [00:44<00:36,  6.75it/s]
Extract:  58%|#####7    | 335/578 [00:44<00:26,  9.29it/s]
Extract:  58%|#####8    | 337/578 [00:44<00:23, 10.44it/s]
Extract:  59%|#####8    | 339/578 [00:45<00:21, 11.31it/s]
Extract:  59%|#####8    | 341/578 [00:45<00:22, 10.45it/s]
Extract:  59%|#####9    | 343/578 [00:45<00:21, 10.92it/s]
Extract:  60%|#####9    | 345/578 [00:45<00:28,  8.08it/s]
Extract:  60%|######    | 348/578 [00:46<00:20, 11.03it/s]
Extract:  61%|######    | 350/578 [00:46<00:27,  8.43it/s]
Extract:  61%|######    | 352/578 [00:46<00:28,  7.92it/s]
Extract:  61%|######1   | 354/578 [00:46<00:24,  9.14it/s]
Extract:  62%|######1   | 356/578 [00:47<00:28,  7.77it/s]
Extract:  62%|######1   | 357/578 [00:47<00:32,  6.80it/s]
Extract:  62%|######2   | 359/578 [00:47<00:27,  7.99it/s]
Extract:  62%|######2   | 360/578 [00:47<00:31,  6.86it/s]
Extract:  63%|######2   | 362/578 [00:48<00:36,  5.85it/s]
Extract:  63%|######2   | 364/578 [00:48<00:29,  7.19it/s]
Extract:  63%|######3   | 365/578 [00:48<00:32,  6.65it/s]
Extract:  63%|######3   | 366/578 [00:48<00:34,  6.06it/s]
Extract:  63%|######3   | 367/578 [00:49<00:48,  4.31it/s]
Extract:  64%|######3   | 368/578 [00:49<00:46,  4.55it/s]
Extract:  64%|######3   | 369/578 [00:49<00:59,  3.50it/s]
Extract:  65%|######4   | 373/578 [00:50<00:37,  5.50it/s]
Extract:  65%|######4   | 374/578 [00:50<00:34,  5.89it/s]
Extract:  65%|######5   | 376/578 [00:50<00:32,  6.28it/s]
Extract:  65%|######5   | 377/578 [00:50<00:34,  5.78it/s]
Extract:  65%|######5   | 378/578 [00:51<00:31,  6.35it/s]
Extract:  66%|######5   | 380/578 [00:51<00:28,  6.84it/s]
Extract:  66%|######5   | 381/578 [00:51<00:27,  7.28it/s]
Extract:  66%|######6   | 382/578 [00:51<00:34,  5.73it/s]
Extract:  66%|######6   | 383/578 [00:51<00:30,  6.41it/s]
Extract:  66%|######6   | 384/578 [00:52<00:32,  5.91it/s]
Extract:  67%|######6   | 386/578 [00:52<00:23,  8.13it/s]
Extract:  67%|######6   | 387/578 [00:52<00:24,  7.70it/s]
Extract:  67%|######7   | 390/578 [00:52<00:17, 10.99it/s]
Extract:  68%|######7   | 392/578 [00:52<00:20,  8.99it/s]
Extract:  68%|######8   | 394/578 [00:53<00:21,  8.45it/s]
Extract:  68%|######8   | 395/578 [00:53<00:21,  8.44it/s]
Extract:  69%|######8   | 397/578 [00:53<00:18,  9.80it/s]
Extract:  69%|######9   | 399/578 [00:53<00:16, 10.79it/s]
Extract:  70%|######9   | 402/578 [00:53<00:12, 13.99it/s]
Extract:  70%|######9   | 404/578 [00:53<00:11, 14.57it/s]
Extract:  70%|#######   | 406/578 [00:53<00:13, 12.87it/s]
Extract:  71%|#######   | 408/578 [00:54<00:23,  7.27it/s]
Extract:  71%|#######   | 410/578 [00:54<00:21,  7.89it/s]
Extract:  71%|#######1  | 412/578 [00:54<00:17,  9.54it/s]
Extract:  72%|#######1  | 414/578 [00:54<00:17,  9.63it/s]
Extract:  72%|#######1  | 416/578 [00:55<00:15, 10.29it/s]
Extract:  72%|#######2  | 418/578 [00:55<00:15, 10.64it/s]
Extract:  73%|#######2  | 420/578 [00:55<00:13, 11.41it/s]
Extract:  73%|#######3  | 422/578 [00:55<00:17,  8.72it/s]
Extract:  73%|#######3  | 424/578 [00:56<00:16,  9.26it/s]
Extract:  74%|#######3  | 426/578 [00:56<00:21,  7.08it/s]
Extract:  74%|#######3  | 427/578 [00:56<00:28,  5.21it/s]
Extract:  74%|#######4  | 428/578 [00:57<00:33,  4.43it/s]
Extract:  74%|#######4  | 429/578 [00:57<00:35,  4.15it/s]
Extract:  75%|#######4  | 432/578 [00:57<00:23,  6.27it/s]
Extract:  75%|#######5  | 434/578 [00:58<00:23,  6.14it/s]
Extract:  75%|#######5  | 435/578 [00:58<00:21,  6.59it/s]
Extract:  76%|#######5  | 437/578 [00:58<00:18,  7.50it/s]
Extract:  76%|#######5  | 438/578 [00:58<00:17,  7.79it/s]
Extract:  76%|#######5  | 439/578 [00:58<00:19,  7.22it/s]
Extract:  76%|#######6  | 441/578 [00:59<00:21,  6.37it/s]
Extract:  77%|#######6  | 443/578 [00:59<00:17,  7.88it/s]
Extract:  77%|#######6  | 445/578 [00:59<00:20,  6.62it/s]
Extract:  78%|#######7  | 448/578 [00:59<00:13,  9.56it/s]
Extract:  78%|#######7  | 450/578 [01:00<00:16,  7.63it/s]
Extract:  78%|#######8  | 452/578 [01:00<00:21,  5.93it/s]
Extract:  79%|#######8  | 454/578 [01:00<00:16,  7.37it/s]
Extract:  79%|#######8  | 456/578 [01:00<00:13,  8.80it/s]
Extract:  79%|#######9  | 458/578 [01:01<00:16,  7.50it/s]
Extract:  80%|#######9  | 461/578 [01:01<00:11,  9.80it/s]
Extract:  80%|########  | 463/578 [01:01<00:12,  8.89it/s]
Extract:  81%|########  | 466/578 [01:01<00:10, 10.51it/s]
Extract:  81%|########  | 468/578 [01:02<00:14,  7.84it/s]
Extract:  81%|########1 | 470/578 [01:02<00:12,  8.83it/s]
Extract:  82%|########1 | 472/578 [01:02<00:12,  8.42it/s]
Extract:  82%|########2 | 474/578 [01:02<00:11,  9.01it/s]
Extract:  82%|########2 | 476/578 [01:03<00:12,  8.35it/s]
Extract:  83%|########2 | 478/578 [01:03<00:10,  9.61it/s]
Extract:  83%|########3 | 480/578 [01:03<00:10,  9.35it/s]
Extract:  83%|########3 | 482/578 [01:03<00:09, 10.44it/s]
Extract:  84%|########3 | 484/578 [01:03<00:07, 11.78it/s]
Extract:  84%|########4 | 487/578 [01:03<00:07, 12.81it/s]
Extract:  85%|########4 | 489/578 [01:04<00:08, 10.27it/s]
Extract:  85%|########4 | 491/578 [01:04<00:08, 10.50it/s]
Extract:  85%|########5 | 493/578 [01:04<00:08, 10.12it/s]
Extract:  86%|########5 | 495/578 [01:04<00:07, 11.18it/s]
Extract:  86%|########6 | 498/578 [01:05<00:09,  8.49it/s]
Extract:  87%|########6 | 501/578 [01:05<00:06, 11.26it/s]
Extract:  87%|########7 | 504/578 [01:05<00:06, 11.18it/s]
Extract:  88%|########7 | 506/578 [01:06<00:07,  9.13it/s]
Extract:  88%|########7 | 508/578 [01:06<00:07,  9.27it/s]
Extract:  88%|########8 | 510/578 [01:06<00:06,  9.78it/s]
Extract:  89%|########8 | 512/578 [01:06<00:06, 10.56it/s]
Extract:  89%|########9 | 515/578 [01:06<00:06,  9.98it/s]
Extract:  89%|########9 | 517/578 [01:07<00:08,  7.11it/s]
Extract:  90%|########9 | 519/578 [01:07<00:07,  7.91it/s]
Extract:  90%|######### | 521/578 [01:07<00:05,  9.52it/s]
Extract:  90%|######### | 523/578 [01:07<00:06,  9.02it/s]
Extract:  91%|######### | 525/578 [01:08<00:05, 10.02it/s]
Extract:  91%|#########1| 527/578 [01:08<00:05,  8.54it/s]
Extract:  92%|#########1| 529/578 [01:08<00:04, 10.22it/s]
Extract:  92%|#########1| 531/578 [01:08<00:04, 11.70it/s]
Extract:  92%|#########2| 533/578 [01:08<00:03, 11.97it/s]
Extract:  93%|#########2| 535/578 [01:09<00:04,  9.35it/s]
Extract:  93%|#########2| 537/578 [01:09<00:03, 10.82it/s]
Extract:  93%|#########3| 539/578 [01:09<00:03, 10.50it/s]
Extract:  94%|#########3| 541/578 [01:09<00:04,  8.44it/s]
Extract:  94%|#########3| 543/578 [01:09<00:03,  9.72it/s]
Extract:  94%|#########4| 546/578 [01:10<00:03,  8.89it/s]
Extract:  95%|#########4| 548/578 [01:10<00:03,  7.74it/s]
Extract:  96%|#########5| 553/578 [01:10<00:02,  9.83it/s]
Extract:  96%|#########6| 555/578 [01:11<00:03,  7.35it/s]
Extract:  96%|#########6| 556/578 [01:11<00:02,  7.53it/s]
Extract:  96%|#########6| 557/578 [01:11<00:03,  6.76it/s]
Extract:  97%|#########6| 560/578 [01:12<00:02,  7.57it/s]
Extract:  97%|#########7| 561/578 [01:12<00:02,  7.12it/s]
Extract:  98%|#########7| 564/578 [01:12<00:01,  7.81it/s]
Extract:  98%|#########7| 565/578 [01:12<00:01,  6.90it/s]
Extract:  98%|#########8| 567/578 [01:13<00:01,  8.16it/s]
Extract:  98%|#########8| 568/578 [01:13<00:01,  6.58it/s]
Extract:  99%|#########8| 571/578 [01:13<00:00, 10.04it/s]
Extract:  99%|#########9| 573/578 [01:13<00:00, 11.14it/s]
Extract:  99%|#########9| 575/578 [01:13<00:00, 12.48it/s]
Extract: 100%|#########9| 577/578 [01:13<00:00, 10.40it/s]
Extract: 100%|##########| 578/578 [01:13<00:00,  7.81it/s]

Extract:   0%|          | 0/578 [00:00<?, ?it/s]
Extract:   0%|          | 2/578 [00:00<00:29, 19.67it/s]
Extract:   1%|          | 4/578 [00:00<01:05,  8.83it/s]
Extract:   1%|1         | 6/578 [00:00<01:05,  8.67it/s]
Extract:   1%|1         | 8/578 [00:01<01:45,  5.43it/s]
Extract:   2%|1         | 9/578 [00:01<01:48,  5.24it/s]
Extract:   2%|1         | 10/578 [00:01<01:45,  5.40it/s]
Extract:   2%|1         | 11/578 [00:01<01:49,  5.18it/s]
Extract:   2%|2         | 12/578 [00:02<02:12,  4.26it/s]
Extract:   2%|2         | 13/578 [00:02<01:52,  5.01it/s]
Extract:   2%|2         | 14/578 [00:02<02:14,  4.18it/s]
Extract:   3%|2         | 15/578 [00:03<02:43,  3.44it/s]
Extract:   3%|2         | 16/578 [00:03<02:14,  4.18it/s]
Extract:   3%|3         | 20/578 [00:03<01:00,  9.22it/s]
Extract:   4%|3         | 22/578 [00:03<01:39,  5.60it/s]
Extract:   4%|4         | 24/578 [00:04<01:38,  5.63it/s]
Extract:   4%|4         | 26/578 [00:04<01:22,  6.69it/s]
Extract:   5%|4         | 27/578 [00:05<02:01,  4.52it/s]
Extract:   5%|5         | 29/578 [00:05<01:35,  5.74it/s]
Extract:   5%|5         | 30/578 [00:05<01:29,  6.13it/s]
Extract:   5%|5         | 31/578 [00:05<01:29,  6.10it/s]
Extract:   6%|5         | 34/578 [00:05<00:56,  9.66it/s]
Extract:   6%|6         | 37/578 [00:05<00:51, 10.51it/s]
Extract:   7%|6         | 39/578 [00:05<00:44, 12.02it/s]
Extract:   7%|7         | 41/578 [00:06<00:45, 11.78it/s]
Extract:   7%|7         | 43/578 [00:06<01:29,  6.00it/s]
Extract:   8%|7         | 46/578 [00:06<01:04,  8.23it/s]
Extract:   8%|8         | 48/578 [00:07<00:56,  9.36it/s]
Extract:   9%|8         | 50/578 [00:07<01:15,  6.95it/s]
Extract:   9%|8         | 52/578 [00:08<01:30,  5.84it/s]
Extract:   9%|9         | 54/578 [00:08<01:34,  5.56it/s]
Extract:  10%|9         | 55/578 [00:08<01:36,  5.43it/s]
Extract:  10%|9         | 57/578 [00:08<01:15,  6.89it/s]
Extract:  10%|#         | 58/578 [00:09<01:33,  5.57it/s]
Extract:  10%|#         | 59/578 [00:09<01:26,  6.02it/s]
Extract:  10%|#         | 60/578 [00:09<01:38,  5.28it/s]
Extract:  11%|#         | 61/578 [00:09<01:45,  4.90it/s]
Extract:  11%|#1        | 64/578 [00:10<01:15,  6.78it/s]
Extract:  11%|#1        | 65/578 [00:10<01:41,  5.07it/s]
Extract:  12%|#1        | 67/578 [00:10<01:36,  5.29it/s]
Extract:  12%|#1        | 69/578 [00:11<01:22,  6.14it/s]
Extract:  12%|#2        | 71/578 [00:11<01:07,  7.53it/s]
Extract:  13%|#2        | 73/578 [00:11<01:18,  6.47it/s]
Extract:  13%|#3        | 76/578 [00:11<01:10,  7.09it/s]
Extract:  13%|#3        | 77/578 [00:12<01:24,  5.92it/s]
Extract:  14%|#3        | 80/578 [00:12<01:00,  8.16it/s]
Extract:  14%|#4        | 82/578 [00:12<00:54,  9.04it/s]
Extract:  15%|#4        | 84/578 [00:13<01:23,  5.93it/s]
Extract:  15%|#4        | 86/578 [00:13<01:11,  6.88it/s]
Extract:  15%|#5        | 89/578 [00:13<01:20,  6.04it/s]
Extract:  16%|#5        | 90/578 [00:14<01:17,  6.30it/s]
Extract:  16%|#5        | 91/578 [00:14<01:31,  5.35it/s]
Extract:  16%|#5        | 92/578 [00:14<01:48,  4.47it/s]
Extract:  16%|#6        | 94/578 [00:14<01:26,  5.62it/s]
Extract:  17%|#6        | 96/578 [00:15<01:22,  5.85it/s]
Extract:  17%|#6        | 97/578 [00:15<01:18,  6.15it/s]
Extract:  17%|#6        | 98/578 [00:15<01:38,  4.89it/s]
Extract:  17%|#7        | 100/578 [00:15<01:16,  6.22it/s]
Extract:  18%|#7        | 103/578 [00:16<00:50,  9.47it/s]
Extract:  18%|#8        | 105/578 [00:16<00:47,  9.87it/s]
Extract:  19%|#8        | 107/578 [00:16<01:06,  7.08it/s]
Extract:  19%|#8        | 108/578 [00:16<01:06,  7.03it/s]
Extract:  19%|#9        | 110/578 [00:17<00:58,  7.99it/s]
Extract:  20%|#9        | 113/578 [00:17<00:44, 10.41it/s]
Extract:  20%|#9        | 115/578 [00:17<00:40, 11.41it/s]
Extract:  20%|##        | 117/578 [00:17<01:08,  6.70it/s]
Extract:  21%|##        | 120/578 [00:18<01:02,  7.34it/s]
Extract:  21%|##        | 121/578 [00:18<01:13,  6.20it/s]
Extract:  21%|##1       | 124/578 [00:18<00:52,  8.71it/s]
Extract:  22%|##1       | 126/578 [00:19<01:09,  6.49it/s]
Extract:  22%|##2       | 128/578 [00:19<00:57,  7.82it/s]
Extract:  22%|##2       | 130/578 [00:19<01:00,  7.36it/s]
Extract:  23%|##2       | 132/578 [00:20<01:21,  5.46it/s]
Extract:  23%|##3       | 133/578 [00:20<01:21,  5.44it/s]
Extract:  23%|##3       | 135/578 [00:20<01:12,  6.10it/s]
Extract:  24%|##3       | 137/578 [00:21<01:21,  5.44it/s]
Extract:  24%|##3       | 138/578 [00:21<01:39,  4.41it/s]
Extract:  24%|##4       | 139/578 [00:21<01:38,  4.44it/s]
Extract:  25%|##4       | 142/578 [00:21<01:01,  7.11it/s]
Extract:  25%|##5       | 146/578 [00:22<00:58,  7.40it/s]
Extract:  25%|##5       | 147/578 [00:22<00:57,  7.54it/s]
Extract:  26%|##5       | 148/578 [00:22<00:57,  7.51it/s]
Extract:  26%|##5       | 149/578 [00:23<01:37,  4.40it/s]
Extract:  26%|##6       | 151/578 [00:23<01:11,  6.01it/s]
Extract:  26%|##6       | 153/578 [00:23<01:21,  5.22it/s]
Extract:  27%|##6       | 155/578 [00:24<01:21,  5.20it/s]
Extract:  27%|##7       | 158/578 [00:24<00:55,  7.51it/s]
Extract:  28%|##7       | 160/578 [00:24<00:51,  8.09it/s]
Extract:  28%|##8       | 163/578 [00:25<00:52,  7.86it/s]
Extract:  29%|##8       | 165/578 [00:25<00:46,  8.82it/s]
Extract:  29%|##8       | 167/578 [00:25<00:52,  7.82it/s]
Extract:  29%|##9       | 169/578 [00:25<00:45,  8.99it/s]
Extract:  30%|##9       | 171/578 [00:26<01:00,  6.75it/s]
Extract:  30%|##9       | 172/578 [00:26<01:07,  6.05it/s]
Extract:  30%|##9       | 173/578 [00:26<01:30,  4.48it/s]
Extract:  30%|###       | 175/578 [00:27<01:08,  5.88it/s]
Extract:  31%|###       | 177/578 [00:27<01:08,  5.82it/s]
Extract:  31%|###       | 179/578 [00:27<00:56,  7.01it/s]
Extract:  31%|###1      | 180/578 [00:27<01:04,  6.14it/s]
Extract:  31%|###1      | 181/578 [00:28<01:11,  5.52it/s]
Extract:  31%|###1      | 182/578 [00:28<01:07,  5.88it/s]
Extract:  32%|###1      | 184/578 [00:28<00:55,  7.05it/s]
Extract:  32%|###2      | 185/578 [00:28<01:09,  5.64it/s]
Extract:  32%|###2      | 186/578 [00:28<01:07,  5.83it/s]
Extract:  33%|###2      | 188/578 [00:29<01:14,  5.21it/s]
Extract:  33%|###2      | 189/578 [00:29<01:24,  4.63it/s]
Extract:  33%|###3      | 191/578 [00:29<01:12,  5.35it/s]
Extract:  33%|###3      | 193/578 [00:29<00:54,  7.08it/s]
Extract:  34%|###4      | 197/578 [00:30<00:46,  8.18it/s]
Extract:  34%|###4      | 198/578 [00:30<00:46,  8.16it/s]
Extract:  35%|###4      | 201/578 [00:31<00:52,  7.20it/s]
Extract:  35%|###4      | 202/578 [00:31<00:52,  7.14it/s]
Extract:  35%|###5      | 203/578 [00:31<01:06,  5.67it/s]
Extract:  36%|###5      | 206/578 [00:31<00:43,  8.52it/s]
Extract:  36%|###5      | 208/578 [00:31<00:48,  7.70it/s]
Extract:  36%|###6      | 209/578 [00:32<00:46,  7.89it/s]
Extract:  36%|###6      | 210/578 [00:32<00:48,  7.60it/s]
Extract:  37%|###6      | 212/578 [00:32<01:23,  4.38it/s]
Extract:  37%|###6      | 213/578 [00:33<01:18,  4.66it/s]
Extract:  37%|###7      | 215/578 [00:33<01:22,  4.37it/s]
Extract:  38%|###7      | 217/578 [00:33<01:04,  5.61it/s]
Extract:  38%|###8      | 220/578 [00:33<00:42,  8.40it/s]
Extract:  38%|###8      | 222/578 [00:34<00:35, 10.05it/s]
Extract:  39%|###8      | 224/578 [00:34<00:32, 10.92it/s]
Extract:  39%|###9      | 226/578 [00:34<00:46,  7.51it/s]
Extract:  39%|###9      | 228/578 [00:34<00:38,  9.01it/s]
Extract:  40%|###9      | 230/578 [00:35<00:48,  7.17it/s]
Extract:  40%|####      | 232/578 [00:35<00:53,  6.44it/s]
Extract:  40%|####      | 233/578 [00:35<00:51,  6.69it/s]
Extract:  40%|####      | 234/578 [00:35<00:52,  6.50it/s]
Extract:  41%|####      | 235/578 [00:35<00:50,  6.80it/s]
Extract:  41%|####      | 236/578 [00:36<01:13,  4.66it/s]
Extract:  41%|####1     | 237/578 [00:36<01:34,  3.61it/s]
Extract:  41%|####1     | 239/578 [00:37<01:04,  5.28it/s]
Extract:  42%|####1     | 240/578 [00:37<01:02,  5.43it/s]
Extract:  42%|####1     | 242/578 [00:37<00:47,  7.04it/s]
Extract:  42%|####2     | 244/578 [00:38<01:57,  2.85it/s]
Extract:  42%|####2     | 245/578 [00:38<01:42,  3.25it/s]
Extract:  43%|####2     | 247/578 [00:39<01:18,  4.20it/s]
Extract:  43%|####2     | 248/578 [00:39<01:16,  4.31it/s]
Extract:  43%|####3     | 249/578 [00:39<01:06,  4.93it/s]
Extract:  43%|####3     | 251/578 [00:39<00:56,  5.84it/s]
Extract:  44%|####3     | 254/578 [00:39<00:35,  9.23it/s]
Extract:  44%|####4     | 256/578 [00:40<00:52,  6.10it/s]
Extract:  45%|####4     | 258/578 [00:40<00:42,  7.57it/s]
Extract:  45%|####4     | 260/578 [00:40<00:35,  9.09it/s]
Extract:  45%|####5     | 262/578 [00:40<00:37,  8.43it/s]
Extract:  46%|####5     | 264/578 [00:41<00:45,  6.85it/s]
Extract:  46%|####5     | 265/578 [00:41<00:48,  6.47it/s]
Extract:  46%|####6     | 266/578 [00:41<00:48,  6.48it/s]
Extract:  46%|####6     | 267/578 [00:42<01:01,  5.03it/s]
Extract:  47%|####6     | 269/578 [00:42<00:57,  5.38it/s]
Extract:  47%|####7     | 273/578 [00:43<01:16,  3.97it/s]
Extract:  47%|####7     | 274/578 [00:44<01:50,  2.76it/s]
Extract:  48%|####7     | 275/578 [00:45<02:11,  2.30it/s]
Extract:  48%|####7     | 276/578 [00:45<01:56,  2.59it/s]
Extract:  48%|####7     | 277/578 [00:45<01:40,  2.99it/s]
Extract:  48%|####8     | 280/578 [00:46<01:14,  3.98it/s]
Extract:  49%|####8     | 282/578 [00:46<00:57,  5.16it/s]
Extract:  49%|####8     | 283/578 [00:46<01:05,  4.53it/s]
Extract:  49%|####9     | 284/578 [00:46<00:58,  5.05it/s]
Extract:  49%|####9     | 285/578 [00:46<00:59,  4.91it/s]
Extract:  49%|####9     | 286/578 [00:47<00:57,  5.10it/s]
Extract:  50%|####9     | 287/578 [00:47<00:52,  5.59it/s]
Extract:  50%|####9     | 288/578 [00:47<00:46,  6.18it/s]
Extract:  50%|#####     | 289/578 [00:47<00:50,  5.71it/s]
Extract:  50%|#####     | 290/578 [00:48<01:22,  3.50it/s]
Extract:  51%|#####     | 292/578 [00:48<00:53,  5.34it/s]
Extract:  51%|#####     | 294/578 [00:48<00:41,  6.86it/s]
Extract:  51%|#####1    | 295/578 [00:48<01:00,  4.66it/s]
Extract:  51%|#####1    | 296/578 [00:49<00:53,  5.31it/s]
Extract:  51%|#####1    | 297/578 [00:49<01:09,  4.07it/s]
Extract:  52%|#####1    | 299/578 [00:49<00:46,  6.06it/s]
Extract:  52%|#####2    | 301/578 [00:51<01:45,  2.63it/s]
Extract:  52%|#####2    | 302/578 [00:51<01:38,  2.80it/s]
Extract:  52%|#####2    | 303/578 [00:51<01:28,  3.12it/s]
Extract:  53%|#####2    | 304/578 [00:52<02:40,  1.71it/s]
Extract:  53%|#####2    | 305/578 [00:53<02:20,  1.94it/s]
Extract:  53%|#####3    | 307/578 [00:54<02:06,  2.14it/s]
Extract:  53%|#####3    | 308/578 [00:54<02:09,  2.09it/s]
Extract:  53%|#####3    | 309/578 [00:55<02:29,  1.80it/s]
Extract:  54%|#####3    | 310/578 [00:55<02:11,  2.05it/s]
Extract:  54%|#####3    | 311/578 [00:56<02:42,  1.64it/s]
Extract:  54%|#####3    | 312/578 [00:57<02:59,  1.48it/s]
Extract:  54%|#####4    | 313/578 [00:57<02:22,  1.86it/s]
Extract:  54%|#####4    | 314/578 [00:58<02:21,  1.86it/s]
Extract:  55%|#####4    | 316/578 [00:58<01:54,  2.28it/s]
Extract:  55%|#####5    | 318/578 [00:59<01:54,  2.27it/s]
Extract:  55%|#####5    | 319/578 [01:00<01:50,  2.34it/s]
Extract:  55%|#####5    | 320/578 [01:00<02:03,  2.09it/s]
Extract:  56%|#####5    | 321/578 [01:00<01:44,  2.46it/s]
Extract:  56%|#####5    | 322/578 [01:01<01:52,  2.28it/s]
Extract:  56%|#####5    | 323/578 [01:02<02:42,  1.57it/s]
Extract:  56%|#####6    | 325/578 [01:02<01:46,  2.39it/s]
Extract:  56%|#####6    | 326/578 [01:03<01:45,  2.38it/s]
Extract:  57%|#####6    | 327/578 [01:03<01:27,  2.88it/s]
Extract:  57%|#####6    | 328/578 [01:03<01:30,  2.75it/s]
Extract:  57%|#####6    | 329/578 [01:03<01:13,  3.40it/s]
Extract:  57%|#####7    | 330/578 [01:04<01:11,  3.49it/s]
Extract:  57%|#####7    | 331/578 [01:04<01:23,  2.95it/s]
Extract:  57%|#####7    | 332/578 [01:05<01:45,  2.32it/s]
Extract:  58%|#####7    | 333/578 [01:05<01:22,  2.98it/s]
Extract:  58%|#####7    | 334/578 [01:05<01:09,  3.51it/s]
Extract:  58%|#####7    | 335/578 [01:05<01:16,  3.16it/s]
Extract:  58%|#####8    | 336/578 [01:06<01:01,  3.92it/s]
Extract:  58%|#####8    | 337/578 [01:06<01:03,  3.80it/s]
Extract:  58%|#####8    | 338/578 [01:06<00:51,  4.64it/s]
Extract:  59%|#####8    | 339/578 [01:06<00:53,  4.47it/s]
Extract:  59%|#####8    | 340/578 [01:07<00:59,  3.99it/s]
Extract:  59%|#####8    | 341/578 [01:07<01:07,  3.49it/s]
Extract:  59%|#####9    | 342/578 [01:07<01:22,  2.87it/s]
Extract:  60%|#####9    | 344/578 [01:08<01:33,  2.51it/s]
Extract:  60%|#####9    | 345/578 [01:09<01:22,  2.82it/s]
Extract:  60%|#####9    | 346/578 [01:09<01:10,  3.28it/s]
Extract:  60%|######    | 347/578 [01:09<01:01,  3.73it/s]
Extract:  60%|######    | 348/578 [01:09<00:54,  4.22it/s]
Extract:  60%|######    | 349/578 [01:10<01:33,  2.45it/s]
Extract:  61%|######    | 350/578 [01:10<01:24,  2.70it/s]
Extract:  61%|######    | 351/578 [01:11<02:12,  1.71it/s]
Extract:  61%|######    | 352/578 [01:11<01:43,  2.18it/s]
Extract:  61%|######1   | 353/578 [01:12<01:46,  2.12it/s]
Extract:  61%|######1   | 355/578 [01:12<01:21,  2.75it/s]
Extract:  62%|######1   | 356/578 [01:13<02:00,  1.84it/s]
Extract:  62%|######1   | 357/578 [01:14<02:28,  1.49it/s]
Extract:  62%|######1   | 358/578 [01:15<02:02,  1.80it/s]
Extract:  62%|######2   | 359/578 [01:15<02:01,  1.81it/s]
Extract:  62%|######2   | 360/578 [01:16<01:56,  1.87it/s]
Extract:  62%|######2   | 361/578 [01:16<01:35,  2.26it/s]
Extract:  63%|######2   | 362/578 [01:17<02:03,  1.75it/s]
Extract:  63%|######2   | 363/578 [01:17<01:42,  2.10it/s]
Extract:  63%|######2   | 364/578 [01:17<01:23,  2.56it/s]
Extract:  63%|######3   | 365/578 [01:18<01:20,  2.63it/s]
Extract:  63%|######3   | 366/578 [01:18<01:21,  2.59it/s]
Extract:  63%|######3   | 367/578 [01:20<03:21,  1.05it/s]
Extract:  64%|######3   | 368/578 [01:21<02:47,  1.26it/s]
Extract:  64%|######3   | 369/578 [01:22<03:11,  1.09it/s]
Extract:  64%|######4   | 371/578 [01:22<01:52,  1.84it/s]
Extract:  65%|######4   | 373/578 [01:23<01:36,  2.12it/s]
Extract:  65%|######4   | 374/578 [01:23<01:26,  2.37it/s]
Extract:  65%|######5   | 376/578 [01:24<01:10,  2.85it/s]
Extract:  65%|######5   | 377/578 [01:24<01:12,  2.76it/s]
Extract:  65%|######5   | 378/578 [01:24<01:03,  3.17it/s]
Extract:  66%|######5   | 379/578 [01:24<00:53,  3.71it/s]
Extract:  66%|######5   | 380/578 [01:25<00:57,  3.45it/s]
Extract:  66%|######5   | 381/578 [01:25<00:53,  3.70it/s]
Extract:  66%|######6   | 382/578 [01:25<01:08,  2.86it/s]
Extract:  66%|######6   | 383/578 [01:26<00:58,  3.32it/s]
Extract:  66%|######6   | 384/578 [01:26<01:03,  3.06it/s]
Extract:  67%|######6   | 386/578 [01:26<00:44,  4.35it/s]
Extract:  67%|######6   | 387/578 [01:27<00:51,  3.70it/s]
Extract:  67%|######7   | 389/578 [01:27<00:34,  5.52it/s]
Extract:  67%|######7   | 390/578 [01:27<00:33,  5.54it/s]
Extract:  68%|######7   | 391/578 [01:27<00:33,  5.55it/s]
Extract:  68%|######7   | 392/578 [01:27<00:34,  5.36it/s]
Extract:  68%|######7   | 393/578 [01:28<00:41,  4.48it/s]
Extract:  68%|######8   | 394/578 [01:28<00:43,  4.22it/s]
Extract:  68%|######8   | 395/578 [01:28<00:49,  3.70it/s]
Extract:  69%|######8   | 397/578 [01:29<00:43,  4.16it/s]
Extract:  69%|######8   | 398/578 [01:29<00:37,  4.78it/s]
Extract:  69%|######9   | 399/578 [01:29<00:34,  5.26it/s]
Extract:  69%|######9   | 401/578 [01:29<00:24,  7.26it/s]
Extract:  70%|######9   | 402/578 [01:29<00:24,  7.24it/s]
Extract:  70%|######9   | 403/578 [01:29<00:24,  7.03it/s]
Extract:  70%|######9   | 404/578 [01:29<00:24,  7.03it/s]
Extract:  70%|#######   | 405/578 [01:30<00:25,  6.85it/s]
Extract:  70%|#######   | 406/578 [01:30<00:40,  4.23it/s]
Extract:  70%|#######   | 407/578 [01:31<00:50,  3.40it/s]
Extract:  71%|#######   | 408/578 [01:31<01:12,  2.35it/s]
Extract:  71%|#######   | 410/578 [01:32<00:50,  3.30it/s]
Extract:  71%|#######1  | 412/578 [01:32<00:37,  4.44it/s]
Extract:  71%|#######1  | 413/578 [01:32<00:42,  3.86it/s]
Extract:  72%|#######1  | 415/578 [01:32<00:34,  4.76it/s]
Extract:  72%|#######1  | 416/578 [01:33<00:35,  4.57it/s]
Extract:  72%|#######2  | 418/578 [01:33<00:31,  5.11it/s]
Extract:  72%|#######2  | 419/578 [01:33<00:34,  4.60it/s]
Extract:  73%|#######2  | 421/578 [01:35<01:21,  1.92it/s]
Extract:  73%|#######3  | 424/578 [01:36<00:51,  3.00it/s]
Extract:  74%|#######3  | 425/578 [01:36<00:57,  2.66it/s]
Extract:  74%|#######3  | 426/578 [01:36<00:52,  2.87it/s]
Extract:  74%|#######3  | 427/578 [01:37<01:05,  2.30it/s]
Extract:  74%|#######4  | 428/578 [01:38<01:15,  1.98it/s]
Extract:  74%|#######4  | 429/578 [01:39<01:18,  1.89it/s]
Extract:  75%|#######4  | 431/578 [01:39<00:53,  2.76it/s]
Extract:  75%|#######4  | 432/578 [01:39<00:49,  2.96it/s]
Extract:  75%|#######4  | 433/578 [01:39<00:41,  3.53it/s]
Extract:  75%|#######5  | 434/578 [01:40<00:53,  2.67it/s]
Extract:  75%|#######5  | 435/578 [01:40<00:46,  3.08it/s]
Extract:  76%|#######5  | 437/578 [01:40<00:33,  4.17it/s]
Extract:  76%|#######5  | 438/578 [01:40<00:32,  4.24it/s]
Extract:  76%|#######5  | 439/578 [01:41<00:37,  3.71it/s]
Extract:  76%|#######6  | 441/578 [01:42<00:41,  3.29it/s]
Extract:  76%|#######6  | 442/578 [01:42<00:37,  3.62it/s]
Extract:  77%|#######6  | 443/578 [01:42<00:32,  4.17it/s]
Extract:  77%|#######6  | 444/578 [01:42<00:27,  4.82it/s]
Extract:  77%|#######6  | 445/578 [01:43<00:44,  2.98it/s]
Extract:  77%|#######7  | 447/578 [01:43<00:29,  4.45it/s]
Extract:  78%|#######7  | 449/578 [01:43<00:20,  6.23it/s]
Extract:  78%|#######8  | 451/578 [01:45<00:52,  2.42it/s]
Extract:  78%|#######8  | 452/578 [01:45<00:50,  2.49it/s]
Extract:  78%|#######8  | 453/578 [01:45<00:42,  2.93it/s]
Extract:  79%|#######8  | 454/578 [01:45<00:37,  3.31it/s]
Extract:  79%|#######8  | 455/578 [01:46<00:32,  3.80it/s]
Extract:  79%|#######8  | 456/578 [01:46<00:29,  4.12it/s]
Extract:  79%|#######9  | 458/578 [01:46<00:31,  3.87it/s]
Extract:  79%|#######9  | 459/578 [01:46<00:27,  4.28it/s]
Extract:  80%|#######9  | 461/578 [01:47<00:22,  5.26it/s]
Extract:  80%|#######9  | 462/578 [01:47<00:19,  5.83it/s]
Extract:  80%|########  | 463/578 [01:47<00:24,  4.74it/s]
Extract:  80%|########  | 465/578 [01:47<00:17,  6.61it/s]
Extract:  81%|########  | 466/578 [01:49<00:48,  2.31it/s]
Extract:  81%|########  | 467/578 [01:49<00:52,  2.13it/s]
Extract:  81%|########  | 468/578 [01:50<01:01,  1.80it/s]
Extract:  81%|########1 | 469/578 [01:50<00:48,  2.27it/s]
Extract:  81%|########1 | 470/578 [01:50<00:42,  2.52it/s]
Extract:  81%|########1 | 471/578 [01:51<00:43,  2.43it/s]
Extract:  82%|########1 | 472/578 [01:51<00:44,  2.37it/s]
Extract:  82%|########1 | 473/578 [01:52<00:39,  2.64it/s]
Extract:  82%|########2 | 474/578 [01:52<00:41,  2.53it/s]
Extract:  82%|########2 | 475/578 [01:52<00:34,  2.97it/s]
Extract:  82%|########2 | 476/578 [01:53<00:55,  1.85it/s]
Extract:  83%|########2 | 477/578 [01:54<00:47,  2.11it/s]
Extract:  83%|########2 | 478/578 [01:54<00:38,  2.57it/s]
Extract:  83%|########2 | 479/578 [01:54<00:36,  2.73it/s]
Extract:  83%|########3 | 480/578 [01:54<00:32,  3.02it/s]
Extract:  83%|########3 | 481/578 [01:55<00:31,  3.06it/s]
Extract:  83%|########3 | 482/578 [01:55<00:25,  3.75it/s]
Extract:  84%|########3 | 483/578 [01:55<00:21,  4.39it/s]
Extract:  84%|########3 | 484/578 [01:55<00:18,  5.06it/s]
Extract:  84%|########3 | 485/578 [01:55<00:15,  5.93it/s]
Extract:  84%|########4 | 486/578 [01:55<00:13,  6.71it/s]
Extract:  84%|########4 | 487/578 [01:56<00:19,  4.72it/s]
Extract:  84%|########4 | 488/578 [01:56<00:20,  4.42it/s]
Extract:  85%|########4 | 489/578 [01:57<00:41,  2.16it/s]
Extract:  85%|########4 | 490/578 [01:57<00:37,  2.36it/s]
Extract:  85%|########4 | 491/578 [01:58<00:36,  2.35it/s]
Extract:  85%|########5 | 492/578 [01:58<00:41,  2.05it/s]
Extract:  85%|########5 | 493/578 [01:59<00:41,  2.03it/s]
Extract:  85%|########5 | 494/578 [01:59<00:39,  2.12it/s]
Extract:  86%|########5 | 495/578 [01:59<00:30,  2.73it/s]
Extract:  86%|########5 | 496/578 [01:59<00:24,  3.38it/s]
Extract:  86%|########5 | 497/578 [02:00<00:20,  4.05it/s]
Extract:  86%|########6 | 498/578 [02:01<00:41,  1.93it/s]
Extract:  86%|########6 | 499/578 [02:01<00:32,  2.44it/s]
Extract:  87%|########6 | 501/578 [02:01<00:21,  3.56it/s]
Extract:  87%|########7 | 503/578 [02:01<00:15,  4.74it/s]
Extract:  87%|########7 | 504/578 [02:02<00:21,  3.46it/s]
Extract:  87%|########7 | 505/578 [02:03<00:34,  2.11it/s]
Extract:  88%|########7 | 507/578 [02:03<00:23,  3.08it/s]
Extract:  88%|########7 | 508/578 [02:04<00:23,  3.04it/s]
Extract:  88%|########8 | 510/578 [02:04<00:21,  3.23it/s]
Extract:  88%|########8 | 511/578 [02:04<00:20,  3.32it/s]
Extract:  89%|########8 | 512/578 [02:05<00:22,  3.00it/s]
Extract:  89%|########8 | 514/578 [02:05<00:15,  4.21it/s]
Extract:  89%|########9 | 515/578 [02:05<00:17,  3.60it/s]
Extract:  89%|########9 | 516/578 [02:06<00:25,  2.46it/s]
Extract:  89%|########9 | 517/578 [02:06<00:22,  2.70it/s]
Extract:  90%|########9 | 519/578 [02:07<00:16,  3.54it/s]
Extract:  90%|########9 | 520/578 [02:07<00:14,  3.93it/s]
Extract:  90%|######### | 522/578 [02:08<00:20,  2.78it/s]
Extract:  90%|######### | 523/578 [02:08<00:18,  2.92it/s]
Extract:  91%|######### | 524/578 [02:08<00:16,  3.33it/s]
Extract:  91%|#########1| 526/578 [02:09<00:15,  3.42it/s]
Extract:  91%|#########1| 528/578 [02:09<00:10,  4.86it/s]
Extract:  92%|#########1| 530/578 [02:09<00:08,  5.91it/s]
Extract:  92%|#########2| 532/578 [02:10<00:06,  6.99it/s]
Extract:  92%|#########2| 534/578 [02:10<00:06,  7.20it/s]
Extract:  93%|#########2| 536/578 [02:10<00:04,  8.64it/s]
Extract:  93%|#########3| 538/578 [02:11<00:07,  5.62it/s]
Extract:  93%|#########3| 540/578 [02:11<00:08,  4.61it/s]
Extract:  94%|#########3| 541/578 [02:12<00:09,  3.80it/s]
Extract:  94%|#########3| 543/578 [02:12<00:09,  3.61it/s]
Extract:  94%|#########4| 544/578 [02:12<00:08,  4.04it/s]
Extract:  94%|#########4| 546/578 [02:13<00:10,  3.09it/s]
Extract:  95%|#########4| 547/578 [02:14<00:12,  2.40it/s]
Extract:  95%|#########5| 550/578 [02:14<00:06,  4.05it/s]
Extract:  96%|#########5| 553/578 [02:15<00:05,  4.37it/s]
Extract:  96%|#########5| 554/578 [02:15<00:06,  3.71it/s]
Extract:  96%|#########6| 555/578 [02:16<00:06,  3.45it/s]
Extract:  96%|#########6| 556/578 [02:16<00:05,  3.74it/s]
Extract:  96%|#########6| 557/578 [02:16<00:05,  4.07it/s]
Extract:  97%|#########6| 560/578 [02:17<00:03,  4.90it/s]
Extract:  97%|#########7| 561/578 [02:17<00:03,  5.02it/s]
Extract:  98%|#########7| 564/578 [02:17<00:02,  5.68it/s]
Extract:  98%|#########7| 565/578 [02:17<00:02,  4.92it/s]
Extract:  98%|#########8| 567/578 [02:18<00:01,  5.78it/s]
Extract:  98%|#########8| 568/578 [02:18<00:02,  4.79it/s]
Extract:  99%|#########8| 570/578 [02:18<00:01,  6.52it/s]
Extract:  99%|#########8| 572/578 [02:18<00:00,  7.63it/s]
Extract:  99%|#########9| 573/578 [02:19<00:01,  3.47it/s]
Extract:  99%|#########9| 575/578 [02:20<00:00,  4.27it/s]
Extract: 100%|#########9| 576/578 [02:20<00:00,  3.33it/s]
Extract: 100%|##########| 578/578 [02:20<00:00,  4.11it/s]

Extract:   0%|          | 0/578 [00:00<?, ?it/s]
Extract:   0%|          | 2/578 [00:00<00:35, 16.33it/s]
Extract:   1%|          | 4/578 [00:00<01:01,  9.32it/s]
Extract:   1%|1         | 6/578 [00:00<00:58,  9.84it/s]
Extract:   1%|1         | 8/578 [00:01<01:28,  6.41it/s]
Extract:   2%|1         | 9/578 [00:01<01:43,  5.51it/s]
Extract:   2%|1         | 10/578 [00:01<01:53,  5.01it/s]
Extract:   2%|1         | 11/578 [00:01<01:53,  4.98it/s]
Extract:   2%|2         | 12/578 [00:02<02:08,  4.39it/s]
Extract:   2%|2         | 14/578 [00:02<01:56,  4.85it/s]
Extract:   3%|2         | 15/578 [00:02<02:07,  4.41it/s]
Extract:   3%|2         | 16/578 [00:02<01:50,  5.09it/s]
Extract:   3%|3         | 20/578 [00:03<00:57,  9.77it/s]
Extract:   4%|3         | 22/578 [00:03<01:18,  7.11it/s]
Extract:   4%|3         | 23/578 [00:03<01:21,  6.84it/s]
Extract:   4%|4         | 24/578 [00:03<01:16,  7.29it/s]
Extract:   4%|4         | 26/578 [00:03<01:01,  8.91it/s]
Extract:   5%|4         | 28/578 [00:04<01:43,  5.29it/s]
Extract:   5%|5         | 29/578 [00:04<01:43,  5.29it/s]
Extract:   5%|5         | 30/578 [00:04<01:41,  5.38it/s]
Extract:   5%|5         | 31/578 [00:05<01:49,  5.01it/s]
Extract:   6%|5         | 33/578 [00:05<01:16,  7.17it/s]
Extract:   6%|6         | 35/578 [00:05<01:03,  8.49it/s]
Extract:   6%|6         | 37/578 [00:05<01:03,  8.50it/s]
Extract:   7%|6         | 39/578 [00:05<00:57,  9.33it/s]
Extract:   7%|7         | 41/578 [00:06<01:00,  8.85it/s]
Extract:   7%|7         | 42/578 [00:06<01:55,  4.65it/s]
Extract:   7%|7         | 43/578 [00:07<02:09,  4.12it/s]
Extract:   8%|7         | 46/578 [00:07<01:21,  6.50it/s]
Extract:   8%|8         | 47/578 [00:07<01:22,  6.43it/s]
Extract:   9%|8         | 50/578 [00:07<01:19,  6.66it/s]
Extract:   9%|8         | 51/578 [00:08<01:30,  5.83it/s]
Extract:   9%|8         | 52/578 [00:08<01:56,  4.52it/s]
Extract:   9%|9         | 54/578 [00:08<01:40,  5.23it/s]
Extract:  10%|9         | 55/578 [00:09<01:40,  5.20it/s]
Extract:  10%|9         | 57/578 [00:09<01:17,  6.75it/s]
Extract:  10%|#         | 58/578 [00:09<01:19,  6.51it/s]
Extract:  10%|#         | 59/578 [00:09<01:22,  6.33it/s]
Extract:  10%|#         | 60/578 [00:09<01:37,  5.33it/s]
Extract:  11%|#         | 61/578 [00:10<02:06,  4.08it/s]
Extract:  11%|#         | 63/578 [00:10<01:25,  6.05it/s]
Extract:  11%|#1        | 64/578 [00:10<01:32,  5.56it/s]
Extract:  11%|#1        | 65/578 [00:10<02:04,  4.12it/s]
Extract:  11%|#1        | 66/578 [00:11<01:48,  4.74it/s]
Extract:  12%|#1        | 67/578 [00:11<02:40,  3.19it/s]
Extract:  12%|#1        | 69/578 [00:11<02:02,  4.17it/s]
Extract:  12%|#2        | 71/578 [00:12<01:54,  4.44it/s]
Extract:  12%|#2        | 72/578 [00:12<01:44,  4.86it/s]
Extract:  13%|#2        | 73/578 [00:12<02:06,  4.00it/s]
Extract:  13%|#2        | 75/578 [00:13<01:30,  5.55it/s]
Extract:  13%|#3        | 76/578 [00:13<01:34,  5.28it/s]
Extract:  13%|#3        | 77/578 [00:13<02:18,  3.62it/s]
Extract:  14%|#3        | 80/578 [00:14<01:23,  5.95it/s]
Extract:  14%|#4        | 82/578 [00:14<01:12,  6.85it/s]
Extract:  14%|#4        | 83/578 [00:14<01:15,  6.59it/s]
Extract:  15%|#4        | 84/578 [00:15<02:03,  3.99it/s]
Extract:  15%|#4        | 86/578 [00:15<01:38,  4.97it/s]
Extract:  15%|#5        | 88/578 [00:15<01:15,  6.47it/s]
Extract:  15%|#5        | 89/578 [00:15<01:53,  4.32it/s]
Extract:  16%|#5        | 90/578 [00:16<01:42,  4.77it/s]
Extract:  16%|#5        | 91/578 [00:16<02:22,  3.42it/s]
Extract:  16%|#5        | 92/578 [00:17<02:57,  2.74it/s]
Extract:  16%|#6        | 94/578 [00:17<02:18,  3.50it/s]
Extract:  17%|#6        | 96/578 [00:18<02:33,  3.13it/s]
Extract:  17%|#6        | 97/578 [00:18<02:17,  3.50it/s]
Extract:  17%|#6        | 98/578 [00:18<02:20,  3.42it/s]
Extract:  17%|#7        | 99/578 [00:18<01:59,  4.01it/s]
Extract:  17%|#7        | 100/578 [00:19<02:01,  3.93it/s]
Extract:  17%|#7        | 101/578 [00:19<01:51,  4.29it/s]
Extract:  18%|#7        | 104/578 [00:19<01:04,  7.34it/s]
Extract:  18%|#8        | 105/578 [00:19<01:23,  5.64it/s]
Extract:  18%|#8        | 106/578 [00:19<01:19,  5.90it/s]
Extract:  19%|#8        | 107/578 [00:20<02:55,  2.69it/s]
Extract:  19%|#8        | 108/578 [00:21<03:37,  2.16it/s]
Extract:  19%|#9        | 110/578 [00:22<02:43,  2.85it/s]
Extract:  19%|#9        | 111/578 [00:22<02:28,  3.15it/s]
Extract:  20%|#9        | 113/578 [00:22<01:45,  4.41it/s]
Extract:  20%|#9        | 114/578 [00:22<01:39,  4.67it/s]
Extract:  20%|#9        | 115/578 [00:22<01:32,  4.99it/s]
Extract:  20%|##        | 116/578 [00:23<01:46,  4.32it/s]
Extract:  20%|##        | 117/578 [00:23<02:26,  3.14it/s]
Extract:  21%|##        | 120/578 [00:24<02:03,  3.72it/s]
Extract:  21%|##        | 121/578 [00:24<02:35,  2.94it/s]
Extract:  21%|##1       | 122/578 [00:25<02:12,  3.45it/s]
Extract:  21%|##1       | 123/578 [00:25<01:54,  3.96it/s]
Extract:  21%|##1       | 124/578 [00:25<01:45,  4.28it/s]
Extract:  22%|##1       | 125/578 [00:26<03:07,  2.42it/s]
Extract:  22%|##1       | 126/578 [00:26<02:51,  2.64it/s]
Extract:  22%|##2       | 128/578 [00:26<02:05,  3.57it/s]
Extract:  22%|##2       | 130/578 [00:27<02:06,  3.55it/s]
Extract:  23%|##2       | 131/578 [00:27<02:26,  3.05it/s]
Extract:  23%|##2       | 132/578 [00:28<02:09,  3.45it/s]
Extract:  23%|##3       | 133/578 [00:28<02:10,  3.42it/s]
Extract:  23%|##3       | 134/578 [00:28<01:55,  3.86it/s]
Extract:  23%|##3       | 135/578 [00:28<01:49,  4.04it/s]
Extract:  24%|##3       | 136/578 [00:28<01:37,  4.52it/s]
Extract:  24%|##3       | 137/578 [00:29<02:36,  2.82it/s]
Extract:  24%|##3       | 138/578 [00:30<03:14,  2.26it/s]
Extract:  24%|##4       | 139/578 [00:30<03:08,  2.33it/s]
Extract:  24%|##4       | 141/578 [00:30<01:53,  3.86it/s]
Extract:  25%|##4       | 144/578 [00:30<01:06,  6.54it/s]
Extract:  25%|##5       | 146/578 [00:31<01:21,  5.28it/s]
Extract:  25%|##5       | 147/578 [00:31<01:17,  5.57it/s]
Extract:  26%|##5       | 148/578 [00:31<01:13,  5.87it/s]
Extract:  26%|##5       | 149/578 [00:32<01:40,  4.28it/s]
Extract:  26%|##5       | 150/578 [00:32<01:31,  4.69it/s]
Extract:  26%|##6       | 153/578 [00:33<01:45,  4.04it/s]
Extract:  27%|##6       | 154/578 [00:33<01:33,  4.52it/s]
Extract:  27%|##6       | 155/578 [00:33<01:45,  4.02it/s]
Extract:  27%|##7       | 157/578 [00:33<01:14,  5.63it/s]
Extract:  28%|##7       | 159/578 [00:33<01:00,  6.97it/s]
Extract:  28%|##7       | 160/578 [00:34<01:06,  6.29it/s]
Extract:  28%|##8       | 163/578 [00:34<01:08,  6.06it/s]
Extract:  29%|##8       | 165/578 [00:34<01:01,  6.68it/s]
Extract:  29%|##8       | 166/578 [00:35<01:02,  6.58it/s]
Extract:  29%|##8       | 167/578 [00:35<01:31,  4.48it/s]
Extract:  29%|##9       | 168/578 [00:35<01:21,  5.05it/s]
Extract:  29%|##9       | 169/578 [00:35<01:12,  5.68it/s]
Extract:  29%|##9       | 170/578 [00:36<01:13,  5.52it/s]
Extract:  30%|##9       | 171/578 [00:36<01:10,  5.79it/s]
Extract:  30%|##9       | 172/578 [00:36<01:51,  3.65it/s]
Extract:  30%|##9       | 173/578 [00:38<04:07,  1.63it/s]
Extract:  30%|###       | 174/578 [00:38<03:39,  1.84it/s]
Extract:  30%|###       | 175/578 [00:38<03:00,  2.24it/s]
Extract:  30%|###       | 176/578 [00:38<02:27,  2.73it/s]
Extract:  31%|###       | 177/578 [00:39<03:31,  1.89it/s]
Extract:  31%|###       | 178/578 [00:40<03:02,  2.19it/s]
Extract:  31%|###       | 179/578 [00:40<02:39,  2.50it/s]
Extract:  31%|###1      | 180/578 [00:41<03:09,  2.11it/s]
Extract:  31%|###1      | 181/578 [00:41<03:44,  1.77it/s]
Extract:  31%|###1      | 182/578 [00:42<03:26,  1.92it/s]
Extract:  32%|###1      | 184/578 [00:42<02:48,  2.33it/s]
Extract:  32%|###2      | 185/578 [00:44<04:39,  1.41it/s]
Extract:  32%|###2      | 186/578 [00:44<03:56,  1.66it/s]
Extract:  33%|###2      | 188/578 [00:45<02:52,  2.26it/s]
Extract:  33%|###2      | 189/578 [00:46<03:39,  1.78it/s]
Extract:  33%|###2      | 190/578 [00:46<03:02,  2.13it/s]
Extract:  33%|###3      | 191/578 [00:47<03:26,  1.87it/s]
Extract:  33%|###3      | 192/578 [00:47<02:49,  2.28it/s]
Extract:  33%|###3      | 193/578 [00:47<02:16,  2.82it/s]
Extract:  34%|###3      | 194/578 [00:47<01:53,  3.38it/s]
Extract:  34%|###3      | 195/578 [00:47<01:38,  3.88it/s]
Extract:  34%|###4      | 197/578 [00:48<02:20,  2.71it/s]
Extract:  34%|###4      | 198/578 [00:49<02:19,  2.73it/s]
Extract:  34%|###4      | 199/578 [00:49<01:54,  3.31it/s]
Extract:  35%|###4      | 201/578 [00:50<02:21,  2.67it/s]
Extract:  35%|###4      | 202/578 [00:50<02:57,  2.11it/s]
Extract:  35%|###5      | 203/578 [00:52<04:03,  1.54it/s]
Extract:  35%|###5      | 204/578 [00:52<03:09,  1.98it/s]
Extract:  35%|###5      | 205/578 [00:52<02:28,  2.51it/s]
Extract:  36%|###5      | 206/578 [00:52<02:11,  2.84it/s]
Extract:  36%|###5      | 207/578 [00:52<02:19,  2.66it/s]
Extract:  36%|###6      | 209/578 [00:53<01:38,  3.75it/s]
Extract:  36%|###6      | 210/578 [00:53<01:38,  3.73it/s]
Extract:  37%|###6      | 212/578 [00:54<01:56,  3.14it/s]
Extract:  37%|###6      | 213/578 [00:54<01:51,  3.28it/s]
Extract:  37%|###7      | 214/578 [00:54<01:33,  3.88it/s]
Extract:  37%|###7      | 215/578 [00:55<02:05,  2.89it/s]
Extract:  38%|###7      | 217/578 [00:55<01:36,  3.75it/s]
Extract:  38%|###7      | 219/578 [00:55<01:06,  5.36it/s]
Extract:  38%|###8      | 220/578 [00:55<01:05,  5.48it/s]
Extract:  38%|###8      | 221/578 [00:56<01:02,  5.69it/s]
Extract:  39%|###8      | 223/578 [00:56<00:51,  6.88it/s]
Extract:  39%|###8      | 224/578 [00:56<00:50,  6.99it/s]
Extract:  39%|###8      | 225/578 [00:56<01:32,  3.84it/s]
Extract:  39%|###9      | 226/578 [00:57<01:45,  3.35it/s]
Extract:  39%|###9      | 227/578 [00:57<01:36,  3.63it/s]
Extract:  39%|###9      | 228/578 [00:58<01:48,  3.23it/s]
Extract:  40%|###9      | 229/578 [00:58<01:44,  3.34it/s]
Extract:  40%|###9      | 230/578 [00:58<02:04,  2.80it/s]
Extract:  40%|###9      | 231/578 [00:59<01:59,  2.90it/s]
Extract:  40%|####      | 232/578 [00:59<01:41,  3.41it/s]
Extract:  40%|####      | 233/578 [00:59<01:28,  3.90it/s]
Extract:  40%|####      | 234/578 [00:59<01:23,  4.12it/s]
Extract:  41%|####      | 235/578 [00:59<01:18,  4.35it/s]
Extract:  41%|####      | 236/578 [01:00<02:07,  2.68it/s]
Extract:  41%|####1     | 237/578 [01:01<02:18,  2.46it/s]
Extract:  41%|####1     | 239/578 [01:01<01:27,  3.87it/s]
Extract:  42%|####1     | 240/578 [01:01<01:17,  4.38it/s]
Extract:  42%|####1     | 242/578 [01:01<00:53,  6.30it/s]
Extract:  42%|####2     | 244/578 [01:02<01:10,  4.77it/s]
Extract:  42%|####2     | 245/578 [01:02<01:06,  5.02it/s]
Extract:  43%|####2     | 247/578 [01:02<01:00,  5.44it/s]
Extract:  43%|####2     | 248/578 [01:03<01:22,  3.98it/s]
Extract:  43%|####3     | 249/578 [01:03<01:14,  4.40it/s]
Extract:  43%|####3     | 250/578 [01:03<01:05,  5.02it/s]
Extract:  43%|####3     | 251/578 [01:03<00:57,  5.66it/s]
Extract:  44%|####3     | 253/578 [01:03<00:41,  7.91it/s]
Extract:  44%|####4     | 255/578 [01:03<00:47,  6.87it/s]
Extract:  44%|####4     | 256/578 [01:04<01:15,  4.27it/s]
Extract:  45%|####4     | 258/578 [01:04<00:57,  5.55it/s]
Extract:  45%|####4     | 259/578 [01:04<00:55,  5.75it/s]
Extract:  45%|####4     | 260/578 [01:04<00:51,  6.23it/s]
Extract:  45%|####5     | 261/578 [01:05<00:46,  6.84it/s]
Extract:  45%|####5     | 262/578 [01:05<01:05,  4.85it/s]
Extract:  46%|####5     | 263/578 [01:06<01:59,  2.63it/s]
Extract:  46%|####5     | 264/578 [01:06<01:42,  3.07it/s]
Extract:  46%|####5     | 265/578 [01:06<02:03,  2.54it/s]
Extract:  46%|####6     | 266/578 [01:07<01:59,  2.61it/s]
Extract:  46%|####6     | 267/578 [01:07<02:19,  2.22it/s]
Extract:  46%|####6     | 268/578 [01:08<01:53,  2.73it/s]
Extract:  47%|####6     | 269/578 [01:08<02:08,  2.40it/s]
Extract:  47%|####6     | 271/578 [01:08<01:19,  3.85it/s]
Extract:  47%|####7     | 273/578 [01:09<01:59,  2.56it/s]
Extract:  47%|####7     | 274/578 [01:10<02:21,  2.15it/s]
Extract:  48%|####7     | 275/578 [01:11<02:18,  2.18it/s]
Extract:  48%|####7     | 276/578 [01:11<01:59,  2.52it/s]
Extract:  48%|####7     | 277/578 [01:11<01:38,  3.07it/s]
Extract:  48%|####8     | 280/578 [01:11<01:06,  4.48it/s]
Extract:  49%|####8     | 282/578 [01:12<00:51,  5.71it/s]
Extract:  49%|####8     | 283/578 [01:12<00:58,  5.03it/s]
Extract:  49%|####9     | 285/578 [01:12<00:53,  5.51it/s]
Extract:  49%|####9     | 286/578 [01:12<00:54,  5.39it/s]
Extract:  50%|####9     | 287/578 [01:12<00:50,  5.71it/s]
Extract:  50%|####9     | 288/578 [01:13<00:47,  6.17it/s]
Extract:  50%|#####     | 289/578 [01:13<00:52,  5.55it/s]
Extract:  50%|#####     | 290/578 [01:13<01:14,  3.89it/s]
Extract:  51%|#####     | 292/578 [01:13<00:50,  5.69it/s]
Extract:  51%|#####     | 294/578 [01:14<00:55,  5.16it/s]
Extract:  51%|#####1    | 295/578 [01:14<01:12,  3.90it/s]
Extract:  51%|#####1    | 296/578 [01:14<01:03,  4.47it/s]
Extract:  51%|#####1    | 297/578 [01:15<01:34,  2.96it/s]
Extract:  52%|#####1    | 299/578 [01:15<01:07,  4.15it/s]
Extract:  52%|#####1    | 300/578 [01:16<01:02,  4.46it/s]
Extract:  52%|#####2    | 301/578 [01:16<01:12,  3.81it/s]
Extract:  52%|#####2    | 303/578 [01:16<00:49,  5.58it/s]
Extract:  53%|#####2    | 304/578 [01:17<01:22,  3.30it/s]
Extract:  53%|#####2    | 305/578 [01:17<01:21,  3.37it/s]
Extract:  53%|#####3    | 307/578 [01:18<01:22,  3.29it/s]
Extract:  53%|#####3    | 308/578 [01:18<01:28,  3.03it/s]
Extract:  53%|#####3    | 309/578 [01:19<01:54,  2.35it/s]
Extract:  54%|#####3    | 310/578 [01:19<01:43,  2.58it/s]
Extract:  54%|#####3    | 311/578 [01:20<02:43,  1.63it/s]
Extract:  54%|#####3    | 312/578 [01:21<03:01,  1.46it/s]
Extract:  54%|#####4    | 313/578 [01:21<02:26,  1.81it/s]
Extract:  54%|#####4    | 314/578 [01:22<02:21,  1.86it/s]
Extract:  54%|#####4    | 315/578 [01:22<01:47,  2.44it/s]
Extract:  55%|#####4    | 316/578 [01:22<01:47,  2.44it/s]
Extract:  55%|#####5    | 318/578 [01:23<01:38,  2.63it/s]
Extract:  55%|#####5    | 319/578 [01:23<01:33,  2.78it/s]
Extract:  55%|#####5    | 320/578 [01:24<01:54,  2.26it/s]
Extract:  56%|#####5    | 321/578 [01:24<01:33,  2.75it/s]
Extract:  56%|#####5    | 322/578 [01:25<01:36,  2.66it/s]
Extract:  56%|#####5    | 323/578 [01:25<01:24,  3.00it/s]
Extract:  56%|#####6    | 325/578 [01:25<00:59,  4.25it/s]
Extract:  56%|#####6    | 326/578 [01:25<01:04,  3.88it/s]
Extract:  57%|#####6    | 327/578 [01:26<01:01,  4.09it/s]
Extract:  57%|#####6    | 328/578 [01:26<01:03,  3.96it/s]
Extract:  57%|#####7    | 330/578 [01:26<00:49,  4.99it/s]
Extract:  57%|#####7    | 331/578 [01:26<00:51,  4.80it/s]
Extract:  57%|#####7    | 332/578 [01:27<01:04,  3.80it/s]
Extract:  58%|#####7    | 333/578 [01:27<00:54,  4.51it/s]
Extract:  58%|#####7    | 335/578 [01:27<00:45,  5.29it/s]
Extract:  58%|#####8    | 337/578 [01:28<00:41,  5.80it/s]
Extract:  58%|#####8    | 338/578 [01:28<00:39,  6.12it/s]
Extract:  59%|#####8    | 339/578 [01:28<00:43,  5.43it/s]
Extract:  59%|#####8    | 340/578 [01:28<00:43,  5.52it/s]
Extract:  59%|#####8    | 341/578 [01:28<00:43,  5.48it/s]
Extract:  59%|#####9    | 342/578 [01:29<01:20,  2.94it/s]
Extract:  60%|#####9    | 344/578 [01:30<01:18,  2.99it/s]
Extract:  60%|#####9    | 345/578 [01:30<01:07,  3.44it/s]
Extract:  60%|#####9    | 346/578 [01:30<00:56,  4.08it/s]
Extract:  60%|######    | 347/578 [01:30<00:49,  4.64it/s]
Extract:  60%|######    | 348/578 [01:30<00:45,  5.10it/s]
Extract:  60%|######    | 349/578 [01:31<01:16,  2.99it/s]
Extract:  61%|######    | 350/578 [01:31<01:08,  3.34it/s]
Extract:  61%|######    | 351/578 [01:32<01:35,  2.37it/s]
Extract:  61%|######    | 352/578 [01:32<01:14,  3.02it/s]
Extract:  61%|######1   | 353/578 [01:32<01:11,  3.15it/s]
Extract:  61%|######1   | 355/578 [01:32<00:49,  4.54it/s]
Extract:  62%|######1   | 356/578 [01:33<01:11,  3.08it/s]
Extract:  62%|######1   | 357/578 [01:33<01:16,  2.90it/s]
Extract:  62%|######2   | 359/578 [01:34<01:00,  3.64it/s]
Extract:  62%|######2   | 360/578 [01:34<01:05,  3.34it/s]
Extract:  62%|######2   | 361/578 [01:34<00:58,  3.73it/s]
Extract:  63%|######2   | 362/578 [01:35<01:18,  2.77it/s]
Extract:  63%|######2   | 363/578 [01:35<01:04,  3.36it/s]
Extract:  63%|######2   | 364/578 [01:35<00:53,  4.04it/s]
Extract:  63%|######3   | 365/578 [01:36<00:56,  3.76it/s]
Extract:  63%|######3   | 366/578 [01:36<01:00,  3.52it/s]
Extract:  63%|######3   | 367/578 [01:37<01:23,  2.52it/s]
Extract:  64%|######3   | 368/578 [01:37<01:17,  2.71it/s]
Extract:  64%|######3   | 369/578 [01:38<02:24,  1.45it/s]
Extract:  64%|######4   | 370/578 [01:38<01:48,  1.92it/s]
Extract:  64%|######4   | 371/578 [01:39<01:23,  2.48it/s]
Extract:  65%|######4   | 373/578 [01:39<01:17,  2.63it/s]
Extract:  65%|######4   | 374/578 [01:40<01:11,  2.84it/s]
Extract:  65%|######4   | 375/578 [01:40<00:58,  3.45it/s]
Extract:  65%|######5   | 376/578 [01:40<01:06,  3.05it/s]
Extract:  65%|######5   | 377/578 [01:41<01:11,  2.83it/s]
Extract:  65%|######5   | 378/578 [01:41<01:01,  3.24it/s]
Extract:  66%|######5   | 379/578 [01:41<00:53,  3.74it/s]
Extract:  66%|######5   | 380/578 [01:41<01:00,  3.27it/s]
Extract:  66%|######5   | 381/578 [01:42<00:55,  3.53it/s]
Extract:  66%|######6   | 382/578 [01:42<01:22,  2.39it/s]
Extract:  66%|######6   | 383/578 [01:43<01:16,  2.55it/s]
Extract:  66%|######6   | 384/578 [01:43<01:23,  2.31it/s]
Extract:  67%|######6   | 386/578 [01:43<00:57,  3.36it/s]
Extract:  67%|######6   | 387/578 [01:44<01:03,  3.01it/s]
Extract:  67%|######7   | 388/578 [01:44<00:53,  3.58it/s]
Extract:  67%|######7   | 390/578 [01:44<00:38,  4.90it/s]
Extract:  68%|######7   | 391/578 [01:44<00:42,  4.38it/s]
Extract:  68%|######7   | 392/578 [01:45<00:45,  4.08it/s]
Extract:  68%|######7   | 393/578 [01:45<00:54,  3.37it/s]
Extract:  68%|######8   | 394/578 [01:46<00:55,  3.34it/s]
Extract:  68%|######8   | 395/578 [01:46<00:59,  3.06it/s]
Extract:  69%|######8   | 397/578 [01:46<00:48,  3.73it/s]
Extract:  69%|######8   | 398/578 [01:46<00:43,  4.14it/s]
Extract:  69%|######9   | 399/578 [01:47<00:42,  4.20it/s]
Extract:  69%|######9   | 400/578 [01:47<00:36,  4.90it/s]
Extract:  70%|######9   | 402/578 [01:47<00:31,  5.66it/s]
Extract:  70%|######9   | 403/578 [01:47<00:30,  5.72it/s]
Extract:  70%|######9   | 404/578 [01:47<00:29,  5.82it/s]
Extract:  70%|#######   | 405/578 [01:48<00:31,  5.44it/s]
Extract:  70%|#######   | 406/578 [01:48<00:42,  4.07it/s]
Extract:  70%|#######   | 407/578 [01:49<00:53,  3.17it/s]
Extract:  71%|#######   | 408/578 [01:50<01:51,  1.53it/s]
Extract:  71%|#######   | 409/578 [01:50<01:23,  2.01it/s]
Extract:  71%|#######   | 410/578 [01:50<01:11,  2.35it/s]
Extract:  71%|#######1  | 412/578 [01:51<00:49,  3.35it/s]
Extract:  71%|#######1  | 413/578 [01:51<01:02,  2.66it/s]
Extract:  72%|#######1  | 415/578 [01:52<00:44,  3.68it/s]
Extract:  72%|#######1  | 416/578 [01:52<00:43,  3.73it/s]
Extract:  72%|#######2  | 417/578 [01:52<00:37,  4.32it/s]
Extract:  72%|#######2  | 418/578 [01:52<00:38,  4.15it/s]
Extract:  72%|#######2  | 419/578 [01:53<00:44,  3.56it/s]
Extract:  73%|#######2  | 421/578 [01:53<00:54,  2.86it/s]
Extract:  73%|#######3  | 424/578 [01:54<00:38,  3.99it/s]
Extract:  74%|#######3  | 425/578 [01:55<00:50,  3.05it/s]
Extract:  74%|#######3  | 426/578 [01:55<00:48,  3.11it/s]
Extract:  74%|#######3  | 427/578 [01:56<01:07,  2.23it/s]
Extract:  74%|#######4  | 428/578 [01:57<01:25,  1.76it/s]
Extract:  74%|#######4  | 429/578 [01:57<01:29,  1.66it/s]
Extract:  75%|#######4  | 431/578 [01:58<00:59,  2.48it/s]
Extract:  75%|#######4  | 432/578 [01:58<00:55,  2.63it/s]
Extract:  75%|#######4  | 433/578 [01:58<00:45,  3.18it/s]
Extract:  75%|#######5  | 434/578 [01:59<01:00,  2.37it/s]
Extract:  75%|#######5  | 435/578 [01:59<00:53,  2.69it/s]
Extract:  75%|#######5  | 436/578 [01:59<00:42,  3.31it/s]
Extract:  76%|#######5  | 437/578 [01:59<00:39,  3.60it/s]
Extract:  76%|#######5  | 438/578 [02:00<00:36,  3.80it/s]
Extract:  76%|#######5  | 439/578 [02:00<01:03,  2.21it/s]
Extract:  76%|#######6  | 441/578 [02:01<00:54,  2.51it/s]
Extract:  76%|#######6  | 442/578 [02:01<00:46,  2.94it/s]
Extract:  77%|#######6  | 443/578 [02:01<00:39,  3.41it/s]
Extract:  77%|#######6  | 444/578 [02:02<00:36,  3.72it/s]
Extract:  77%|#######6  | 445/578 [02:02<00:52,  2.54it/s]
Extract:  77%|#######7  | 447/578 [02:03<00:33,  3.91it/s]
Extract:  78%|#######7  | 449/578 [02:03<00:23,  5.42it/s]
Extract:  78%|#######7  | 450/578 [02:03<00:37,  3.43it/s]
Extract:  78%|#######8  | 451/578 [02:04<00:47,  2.69it/s]
Extract:  78%|#######8  | 452/578 [02:04<00:40,  3.07it/s]
Extract:  79%|#######8  | 454/578 [02:04<00:30,  4.09it/s]
Extract:  79%|#######8  | 455/578 [02:05<00:26,  4.66it/s]
Extract:  79%|#######8  | 456/578 [02:05<00:25,  4.81it/s]
Extract:  79%|#######9  | 458/578 [02:05<00:28,  4.23it/s]
Extract:  79%|#######9  | 459/578 [02:05<00:25,  4.71it/s]
Extract:  80%|#######9  | 461/578 [02:06<00:21,  5.39it/s]
Extract:  80%|#######9  | 462/578 [02:06<00:19,  5.86it/s]
Extract:  80%|########  | 463/578 [02:06<00:27,  4.26it/s]
Extract:  80%|########  | 465/578 [02:06<00:19,  5.80it/s]
Extract:  81%|########  | 466/578 [02:07<00:22,  4.93it/s]
Extract:  81%|########  | 467/578 [02:07<00:29,  3.75it/s]
Extract:  81%|########  | 468/578 [02:08<00:41,  2.64it/s]
Extract:  81%|########1 | 469/578 [02:08<00:33,  3.28it/s]
Extract:  81%|########1 | 470/578 [02:08<00:33,  3.26it/s]
Extract:  81%|########1 | 471/578 [02:09<00:52,  2.04it/s]
Extract:  82%|########1 | 472/578 [02:10<00:47,  2.21it/s]
Extract:  82%|########1 | 473/578 [02:10<00:39,  2.65it/s]
Extract:  82%|########2 | 474/578 [02:10<00:36,  2.85it/s]
Extract:  82%|########2 | 475/578 [02:10<00:30,  3.36it/s]
Extract:  82%|########2 | 476/578 [02:11<00:46,  2.19it/s]
Extract:  83%|########2 | 477/578 [02:11<00:38,  2.60it/s]
Extract:  83%|########2 | 478/578 [02:12<00:33,  3.03it/s]
Extract:  83%|########2 | 479/578 [02:12<00:30,  3.24it/s]
Extract:  83%|########3 | 480/578 [02:12<00:25,  3.87it/s]
Extract:  83%|########3 | 481/578 [02:12<00:25,  3.84it/s]
Extract:  83%|########3 | 482/578 [02:12<00:21,  4.40it/s]
Extract:  84%|########3 | 483/578 [02:13<00:18,  5.05it/s]
Extract:  84%|########3 | 484/578 [02:13<00:16,  5.72it/s]
Extract:  84%|########4 | 486/578 [02:13<00:12,  7.12it/s]
Extract:  84%|########4 | 487/578 [02:13<00:16,  5.45it/s]
Extract:  85%|########4 | 489/578 [02:14<00:25,  3.44it/s]
Extract:  85%|########4 | 490/578 [02:14<00:24,  3.66it/s]
Extract:  85%|########4 | 491/578 [02:15<00:25,  3.37it/s]
Extract:  85%|########5 | 492/578 [02:15<00:27,  3.10it/s]
Extract:  85%|########5 | 493/578 [02:15<00:26,  3.15it/s]
Extract:  85%|########5 | 494/578 [02:16<00:27,  3.05it/s]
Extract:  86%|########5 | 495/578 [02:16<00:21,  3.79it/s]
Extract:  86%|########5 | 496/578 [02:16<00:17,  4.58it/s]
Extract:  86%|########5 | 497/578 [02:16<00:15,  5.39it/s]
Extract:  86%|########6 | 498/578 [02:17<00:31,  2.51it/s]
Extract:  86%|########6 | 499/578 [02:17<00:25,  3.10it/s]
Extract:  87%|########6 | 501/578 [02:17<00:17,  4.48it/s]
Extract:  87%|########7 | 503/578 [02:17<00:12,  5.83it/s]
Extract:  87%|########7 | 504/578 [02:18<00:16,  4.36it/s]
Extract:  87%|########7 | 505/578 [02:19<00:28,  2.56it/s]
Extract:  88%|########7 | 507/578 [02:19<00:19,  3.55it/s]
Extract:  88%|########7 | 508/578 [02:19<00:21,  3.31it/s]
Extract:  88%|########8 | 510/578 [02:20<00:18,  3.58it/s]
Extract:  88%|########8 | 511/578 [02:20<00:16,  3.97it/s]
Extract:  89%|########8 | 512/578 [02:20<00:17,  3.71it/s]
Extract:  89%|########8 | 514/578 [02:20<00:12,  5.31it/s]
Extract:  89%|########9 | 515/578 [02:21<00:14,  4.28it/s]
Extract:  89%|########9 | 516/578 [02:22<00:32,  1.91it/s]
Extract:  89%|########9 | 517/578 [02:23<00:30,  2.01it/s]
Extract:  90%|########9 | 518/578 [02:23<00:23,  2.56it/s]
Extract:  90%|########9 | 519/578 [02:23<00:21,  2.71it/s]
Extract:  90%|########9 | 520/578 [02:23<00:18,  3.10it/s]
Extract:  90%|######### | 522/578 [02:24<00:12,  4.36it/s]
Extract:  90%|######### | 523/578 [02:24<00:13,  4.21it/s]
Extract:  91%|######### | 524/578 [02:24<00:12,  4.46it/s]
Extract:  91%|######### | 525/578 [02:24<00:10,  4.93it/s]
Extract:  91%|#########1| 526/578 [02:25<00:19,  2.60it/s]
Extract:  91%|#########1| 528/578 [02:25<00:13,  3.81it/s]
Extract:  92%|#########1| 529/578 [02:25<00:11,  4.16it/s]
Extract:  92%|#########1| 530/578 [02:26<00:10,  4.61it/s]
Extract:  92%|#########1| 531/578 [02:26<00:09,  4.95it/s]
Extract:  92%|#########2| 532/578 [02:26<00:08,  5.41it/s]
Extract:  92%|#########2| 533/578 [02:26<00:07,  5.86it/s]
Extract:  92%|#########2| 534/578 [02:26<00:09,  4.75it/s]
Extract:  93%|#########2| 535/578 [02:26<00:08,  5.17it/s]
Extract:  93%|#########2| 537/578 [02:27<00:08,  4.99it/s]
Extract:  93%|#########3| 538/578 [02:27<00:09,  4.04it/s]
Extract:  93%|#########3| 540/578 [02:28<00:10,  3.49it/s]
Extract:  94%|#########3| 541/578 [02:28<00:11,  3.33it/s]
Extract:  94%|#########3| 543/578 [02:29<00:08,  3.91it/s]
Extract:  94%|#########4| 545/578 [02:29<00:06,  5.35it/s]
Extract:  94%|#########4| 546/578 [02:30<00:10,  3.06it/s]
Extract:  95%|#########4| 547/578 [02:31<00:14,  2.13it/s]
Extract:  95%|#########4| 548/578 [02:31<00:11,  2.60it/s]
Extract:  95%|#########5| 550/578 [02:31<00:07,  3.92it/s]
Extract:  95%|#########5| 551/578 [02:31<00:06,  4.42it/s]
Extract:  96%|#########5| 553/578 [02:32<00:07,  3.13it/s]
Extract:  96%|#########5| 554/578 [02:33<00:10,  2.27it/s]
Extract:  96%|#########6| 555/578 [02:34<00:16,  1.43it/s]
Extract:  96%|#########6| 556/578 [02:35<00:13,  1.63it/s]
Extract:  96%|#########6| 557/578 [02:35<00:11,  1.84it/s]
Extract:  97%|#########6| 559/578 [02:35<00:06,  2.91it/s]
Extract:  97%|#########6| 560/578 [02:36<00:07,  2.45it/s]
Extract:  97%|#########7| 561/578 [02:36<00:06,  2.50it/s]
Extract:  97%|#########7| 563/578 [02:36<00:03,  3.87it/s]
Extract:  98%|#########7| 564/578 [02:37<00:05,  2.70it/s]
Extract:  98%|#########7| 565/578 [02:38<00:06,  2.14it/s]
Extract:  98%|#########7| 566/578 [02:38<00:04,  2.50it/s]
Extract:  98%|#########8| 567/578 [02:38<00:04,  2.65it/s]
Extract:  98%|#########8| 568/578 [02:39<00:04,  2.07it/s]
Extract:  99%|#########8| 570/578 [02:39<00:02,  3.16it/s]
Extract:  99%|#########8| 572/578 [02:40<00:01,  3.98it/s]
Extract:  99%|#########9| 573/578 [02:40<00:01,  4.46it/s]
Extract:  99%|#########9| 575/578 [02:40<00:00,  4.95it/s]
Extract: 100%|#########9| 576/578 [02:41<00:00,  2.95it/s]
Extract: 100%|##########| 578/578 [02:41<00:00,  4.27it/s]
Extract: 100%|##########| 578/578 [02:41<00:00,  3.58it/s]

Extract:   0%|          | 0/578 [00:00<?, ?it/s]
Extract:   0%|          | 2/578 [00:00<00:38, 14.90it/s]
Extract:   1%|          | 4/578 [00:00<01:27,  6.58it/s]
Extract:   1%|          | 5/578 [00:00<01:29,  6.40it/s]
Extract:   1%|1         | 6/578 [00:00<01:26,  6.64it/s]
Extract:   1%|1         | 7/578 [00:01<01:59,  4.76it/s]
Extract:   1%|1         | 8/578 [00:01<02:34,  3.70it/s]
Extract:   2%|1         | 9/578 [00:02<02:53,  3.27it/s]
Extract:   2%|1         | 10/578 [00:02<02:55,  3.23it/s]
Extract:   2%|1         | 11/578 [00:02<02:47,  3.38it/s]
Extract:   2%|2         | 12/578 [00:03<03:58,  2.37it/s]
Extract:   2%|2         | 13/578 [00:03<03:14,  2.90it/s]
Extract:   2%|2         | 14/578 [00:03<03:44,  2.52it/s]
Extract:   3%|2         | 15/578 [00:04<04:18,  2.18it/s]
Extract:   3%|2         | 16/578 [00:04<03:34,  2.62it/s]
Extract:   3%|3         | 18/578 [00:04<02:09,  4.32it/s]
Extract:   3%|3         | 20/578 [00:05<01:35,  5.86it/s]
Extract:   4%|3         | 21/578 [00:05<02:18,  4.03it/s]
Extract:   4%|3         | 22/578 [00:05<02:20,  3.95it/s]
Extract:   4%|3         | 23/578 [00:06<02:30,  3.68it/s]
Extract:   4%|4         | 24/578 [00:06<02:13,  4.15it/s]
Extract:   4%|4         | 26/578 [00:06<01:58,  4.68it/s]
Extract:   5%|4         | 27/578 [00:07<02:58,  3.09it/s]
Extract:   5%|4         | 28/578 [00:07<02:28,  3.70it/s]
Extract:   5%|5         | 29/578 [00:07<02:13,  4.10it/s]
Extract:   5%|5         | 30/578 [00:07<02:13,  4.09it/s]
Extract:   5%|5         | 31/578 [00:08<02:23,  3.81it/s]
Extract:   6%|5         | 32/578 [00:08<02:04,  4.38it/s]
Extract:   6%|5         | 34/578 [00:08<01:26,  6.25it/s]
Extract:   6%|6         | 35/578 [00:08<01:22,  6.55it/s]
Extract:   6%|6         | 37/578 [00:08<01:26,  6.27it/s]
Extract:   7%|6         | 38/578 [00:09<01:32,  5.83it/s]
Extract:   7%|6         | 40/578 [00:09<01:19,  6.73it/s]
Extract:   7%|7         | 41/578 [00:09<01:34,  5.71it/s]
Extract:   7%|7         | 42/578 [00:10<02:24,  3.72it/s]
Extract:   7%|7         | 43/578 [00:10<02:50,  3.13it/s]
Extract:   8%|7         | 45/578 [00:10<01:51,  4.80it/s]
Extract:   8%|8         | 47/578 [00:11<01:40,  5.27it/s]
Extract:   8%|8         | 49/578 [00:11<01:20,  6.57it/s]
Extract:   9%|8         | 50/578 [00:11<02:12,  3.98it/s]
Extract:   9%|8         | 51/578 [00:12<03:02,  2.90it/s]
Extract:   9%|8         | 52/578 [00:13<03:19,  2.64it/s]
Extract:   9%|9         | 54/578 [00:13<02:48,  3.11it/s]
Extract:  10%|9         | 55/578 [00:14<03:06,  2.81it/s]
Extract:  10%|9         | 56/578 [00:14<02:44,  3.17it/s]
Extract:  10%|#         | 58/578 [00:14<02:25,  3.56it/s]
Extract:  10%|#         | 59/578 [00:15<02:25,  3.57it/s]
Extract:  10%|#         | 60/578 [00:15<03:04,  2.81it/s]
Extract:  11%|#         | 61/578 [00:16<03:16,  2.63it/s]
Extract:  11%|#         | 62/578 [00:16<02:38,  3.25it/s]
Extract:  11%|#1        | 64/578 [00:16<02:14,  3.81it/s]
Extract:  11%|#1        | 65/578 [00:17<02:58,  2.87it/s]
Extract:  11%|#1        | 66/578 [00:17<02:30,  3.40it/s]
Extract:  12%|#1        | 67/578 [00:18<03:32,  2.40it/s]
Extract:  12%|#1        | 69/578 [00:18<02:32,  3.33it/s]
Extract:  12%|#2        | 70/578 [00:18<02:11,  3.87it/s]
Extract:  12%|#2        | 71/578 [00:18<02:01,  4.17it/s]
Extract:  12%|#2        | 72/578 [00:18<01:56,  4.33it/s]
Extract:  13%|#2        | 73/578 [00:19<03:20,  2.52it/s]
Extract:  13%|#2        | 75/578 [00:19<02:14,  3.75it/s]
Extract:  13%|#3        | 76/578 [00:20<02:11,  3.83it/s]
Extract:  13%|#3        | 77/578 [00:20<02:51,  2.93it/s]
Extract:  14%|#3        | 79/578 [00:20<01:52,  4.45it/s]
Extract:  14%|#3        | 80/578 [00:20<01:39,  5.01it/s]
Extract:  14%|#4        | 81/578 [00:21<01:32,  5.39it/s]
Extract:  14%|#4        | 82/578 [00:21<01:22,  6.04it/s]
Extract:  14%|#4        | 83/578 [00:21<01:26,  5.71it/s]
Extract:  15%|#4        | 84/578 [00:22<03:01,  2.72it/s]
Extract:  15%|#4        | 85/578 [00:22<02:25,  3.38it/s]
Extract:  15%|#4        | 86/578 [00:22<02:05,  3.92it/s]
Extract:  15%|#5        | 88/578 [00:22<01:25,  5.75it/s]
Extract:  15%|#5        | 89/578 [00:23<02:15,  3.61it/s]
Extract:  16%|#5        | 90/578 [00:23<02:09,  3.76it/s]
Extract:  16%|#5        | 91/578 [00:24<02:53,  2.81it/s]
Extract:  16%|#5        | 92/578 [00:25<04:00,  2.02it/s]
Extract:  16%|#6        | 93/578 [00:25<03:09,  2.56it/s]
Extract:  16%|#6        | 94/578 [00:25<02:55,  2.76it/s]
Extract:  17%|#6        | 96/578 [00:26<02:42,  2.96it/s]
Extract:  17%|#6        | 97/578 [00:26<02:20,  3.42it/s]
Extract:  17%|#6        | 98/578 [00:26<02:16,  3.53it/s]
Extract:  17%|#7        | 99/578 [00:26<01:53,  4.21it/s]
Extract:  17%|#7        | 100/578 [00:26<02:02,  3.89it/s]
Extract:  17%|#7        | 101/578 [00:27<01:50,  4.33it/s]
Extract:  18%|#7        | 103/578 [00:27<01:13,  6.48it/s]
Extract:  18%|#8        | 105/578 [00:27<01:16,  6.15it/s]
Extract:  18%|#8        | 106/578 [00:27<01:16,  6.16it/s]
Extract:  19%|#8        | 107/578 [00:28<02:26,  3.22it/s]
Extract:  19%|#8        | 108/578 [00:28<02:17,  3.41it/s]
Extract:  19%|#9        | 110/578 [00:28<01:46,  4.40it/s]
Extract:  19%|#9        | 111/578 [00:29<01:39,  4.71it/s]
Extract:  20%|#9        | 113/578 [00:29<01:17,  6.03it/s]
Extract:  20%|#9        | 114/578 [00:29<01:13,  6.28it/s]
Extract:  20%|##        | 116/578 [00:29<01:15,  6.12it/s]
Extract:  20%|##        | 117/578 [00:30<01:51,  4.13it/s]
Extract:  21%|##        | 120/578 [00:31<01:48,  4.20it/s]
Extract:  21%|##        | 121/578 [00:31<02:16,  3.34it/s]
Extract:  21%|##1       | 122/578 [00:31<02:00,  3.79it/s]
Extract:  21%|##1       | 123/578 [00:31<01:44,  4.36it/s]
Extract:  21%|##1       | 124/578 [00:31<01:33,  4.85it/s]
Extract:  22%|##1       | 125/578 [00:32<02:58,  2.53it/s]
Extract:  22%|##1       | 126/578 [00:33<02:49,  2.66it/s]
Extract:  22%|##2       | 128/578 [00:33<02:02,  3.69it/s]
Extract:  22%|##2       | 130/578 [00:34<02:01,  3.67it/s]
Extract:  23%|##2       | 131/578 [00:34<02:41,  2.77it/s]
Extract:  23%|##2       | 132/578 [00:34<02:23,  3.12it/s]
Extract:  23%|##3       | 133/578 [00:35<02:23,  3.10it/s]
Extract:  23%|##3       | 134/578 [00:35<02:07,  3.48it/s]
Extract:  23%|##3       | 135/578 [00:35<01:56,  3.82it/s]
Extract:  24%|##3       | 136/578 [00:35<01:51,  3.97it/s]
Extract:  24%|##3       | 137/578 [00:36<03:02,  2.41it/s]
Extract:  24%|##3       | 138/578 [00:37<03:36,  2.03it/s]
Extract:  24%|##4       | 139/578 [00:37<03:16,  2.23it/s]
Extract:  24%|##4       | 141/578 [00:37<02:00,  3.64it/s]
Extract:  25%|##4       | 143/578 [00:37<01:21,  5.34it/s]
Extract:  25%|##5       | 146/578 [00:38<01:29,  4.82it/s]
Extract:  25%|##5       | 147/578 [00:38<01:26,  5.00it/s]
Extract:  26%|##5       | 148/578 [00:38<01:20,  5.35it/s]
Extract:  26%|##5       | 149/578 [00:39<01:57,  3.66it/s]
Extract:  26%|##5       | 150/578 [00:39<01:43,  4.14it/s]
Extract:  26%|##6       | 153/578 [00:40<02:02,  3.47it/s]
Extract:  27%|##6       | 154/578 [00:40<01:48,  3.93it/s]
Extract:  27%|##6       | 155/578 [00:41<02:08,  3.29it/s]
Extract:  27%|##7       | 157/578 [00:41<01:36,  4.37it/s]
Extract:  27%|##7       | 158/578 [00:41<01:27,  4.79it/s]
Extract:  28%|##7       | 160/578 [00:41<01:23,  5.01it/s]
Extract:  28%|##8       | 162/578 [00:42<01:05,  6.35it/s]
Extract:  28%|##8       | 163/578 [00:42<01:56,  3.56it/s]
Extract:  28%|##8       | 164/578 [00:43<01:45,  3.94it/s]
Extract:  29%|##8       | 165/578 [00:43<01:35,  4.30it/s]
Extract:  29%|##8       | 166/578 [00:43<01:29,  4.63it/s]
Extract:  29%|##8       | 167/578 [00:43<02:03,  3.32it/s]
Extract:  29%|##9       | 168/578 [00:44<01:48,  3.79it/s]
Extract:  29%|##9       | 169/578 [00:44<01:59,  3.41it/s]
Extract:  29%|##9       | 170/578 [00:44<01:46,  3.82it/s]
Extract:  30%|##9       | 172/578 [00:45<01:31,  4.46it/s]
Extract:  30%|##9       | 173/578 [00:45<02:15,  2.98it/s]
Extract:  30%|###       | 174/578 [00:45<02:02,  3.30it/s]
Extract:  30%|###       | 175/578 [00:46<01:41,  3.99it/s]
Extract:  31%|###       | 177/578 [00:46<01:50,  3.64it/s]
Extract:  31%|###       | 178/578 [00:46<01:45,  3.81it/s]
Extract:  31%|###       | 179/578 [00:47<01:37,  4.08it/s]
Extract:  31%|###1      | 180/578 [00:47<02:00,  3.32it/s]
Extract:  31%|###1      | 181/578 [00:48<02:49,  2.34it/s]
Extract:  31%|###1      | 182/578 [00:48<02:33,  2.58it/s]
Extract:  32%|###1      | 184/578 [00:48<01:57,  3.34it/s]
Extract:  32%|###2      | 185/578 [00:49<02:25,  2.71it/s]
Extract:  32%|###2      | 186/578 [00:49<02:10,  3.00it/s]
Extract:  33%|###2      | 188/578 [00:50<01:42,  3.80it/s]
Extract:  33%|###2      | 189/578 [00:50<02:14,  2.89it/s]
Extract:  33%|###3      | 191/578 [00:51<02:03,  3.14it/s]
Extract:  33%|###3      | 192/578 [00:51<01:45,  3.65it/s]
Extract:  33%|###3      | 193/578 [00:51<01:30,  4.24it/s]
Extract:  34%|###3      | 194/578 [00:51<01:17,  4.97it/s]
Extract:  34%|###3      | 196/578 [00:51<00:52,  7.28it/s]
Extract:  34%|###4      | 198/578 [00:52<02:01,  3.13it/s]
Extract:  35%|###4      | 201/578 [00:53<01:41,  3.72it/s]
Extract:  35%|###4      | 202/578 [00:53<01:39,  3.76it/s]
Extract:  35%|###5      | 203/578 [00:54<01:58,  3.15it/s]
Extract:  35%|###5      | 205/578 [00:54<01:24,  4.43it/s]
Extract:  36%|###5      | 206/578 [00:54<01:18,  4.75it/s]
Extract:  36%|###5      | 207/578 [00:54<01:26,  4.27it/s]
Extract:  36%|###6      | 209/578 [00:55<01:06,  5.56it/s]
Extract:  36%|###6      | 210/578 [00:55<01:07,  5.43it/s]
Extract:  37%|###6      | 212/578 [00:55<01:21,  4.50it/s]
Extract:  37%|###6      | 213/578 [00:56<01:16,  4.79it/s]
Extract:  37%|###7      | 215/578 [00:56<01:19,  4.54it/s]
Extract:  38%|###7      | 217/578 [00:56<01:07,  5.37it/s]
Extract:  38%|###8      | 220/578 [00:56<00:48,  7.40it/s]
Extract:  38%|###8      | 221/578 [00:57<00:46,  7.61it/s]
Extract:  39%|###8      | 223/578 [00:57<00:42,  8.42it/s]
Extract:  39%|###8      | 225/578 [00:58<01:23,  4.25it/s]
Extract:  39%|###9      | 226/578 [00:58<01:22,  4.25it/s]
Extract:  39%|###9      | 227/578 [00:58<01:16,  4.58it/s]
Extract:  40%|###9      | 229/578 [00:58<01:04,  5.42it/s]
Extract:  40%|###9      | 230/578 [00:59<01:18,  4.43it/s]
Extract:  40%|###9      | 231/578 [00:59<01:24,  4.12it/s]
Extract:  40%|####      | 232/578 [00:59<01:16,  4.53it/s]
Extract:  40%|####      | 233/578 [00:59<01:07,  5.08it/s]
Extract:  40%|####      | 234/578 [01:00<01:05,  5.24it/s]
Extract:  41%|####      | 235/578 [01:00<01:03,  5.42it/s]
Extract:  41%|####      | 236/578 [01:00<01:40,  3.40it/s]
Extract:  41%|####1     | 237/578 [01:01<02:00,  2.84it/s]
Extract:  41%|####1     | 239/578 [01:01<01:18,  4.34it/s]
Extract:  42%|####1     | 240/578 [01:01<01:12,  4.63it/s]
Extract:  42%|####1     | 242/578 [01:01<00:50,  6.65it/s]
Extract:  42%|####2     | 244/578 [01:02<01:19,  4.21it/s]
Extract:  42%|####2     | 245/578 [01:02<01:13,  4.53it/s]
Extract:  43%|####2     | 247/578 [01:02<01:06,  4.95it/s]
Extract:  43%|####2     | 248/578 [01:03<01:09,  4.76it/s]
Extract:  43%|####3     | 249/578 [01:03<01:06,  4.98it/s]
Extract:  43%|####3     | 250/578 [01:03<01:01,  5.31it/s]
Extract:  43%|####3     | 251/578 [01:03<00:59,  5.49it/s]
Extract:  44%|####3     | 253/578 [01:03<00:46,  6.95it/s]
Extract:  44%|####4     | 255/578 [01:04<00:46,  6.94it/s]
Extract:  44%|####4     | 256/578 [01:04<01:01,  5.27it/s]
Extract:  44%|####4     | 257/578 [01:04<00:55,  5.82it/s]
Extract:  45%|####4     | 259/578 [01:04<00:40,  7.84it/s]
Extract:  45%|####5     | 261/578 [01:04<00:32,  9.79it/s]
Extract:  46%|####5     | 263/578 [01:05<01:07,  4.65it/s]
Extract:  46%|####5     | 265/578 [01:06<01:00,  5.16it/s]
Extract:  46%|####6     | 266/578 [01:06<00:57,  5.40it/s]
Extract:  46%|####6     | 267/578 [01:06<01:10,  4.42it/s]
Extract:  47%|####6     | 269/578 [01:06<01:08,  4.53it/s]
Extract:  47%|####7     | 273/578 [01:07<00:46,  6.57it/s]
Extract:  47%|####7     | 274/578 [01:07<00:56,  5.37it/s]
Extract:  48%|####7     | 275/578 [01:08<01:02,  4.84it/s]
Extract:  48%|####7     | 276/578 [01:08<01:09,  4.35it/s]
Extract:  48%|####8     | 278/578 [01:08<00:49,  6.02it/s]
Extract:  48%|####8     | 280/578 [01:08<00:56,  5.31it/s]
Extract:  49%|####8     | 282/578 [01:09<00:45,  6.48it/s]
Extract:  49%|####8     | 283/578 [01:09<00:46,  6.33it/s]
Extract:  49%|####9     | 285/578 [01:09<00:37,  7.84it/s]
Extract:  50%|####9     | 287/578 [01:09<00:32,  8.89it/s]
Extract:  50%|#####     | 289/578 [01:09<00:32,  8.92it/s]
Extract:  50%|#####     | 290/578 [01:10<00:48,  5.91it/s]
Extract:  51%|#####     | 294/578 [01:10<00:28,  9.88it/s]
Extract:  51%|#####1    | 296/578 [01:10<00:32,  8.76it/s]
Extract:  52%|#####1    | 298/578 [01:10<00:32,  8.70it/s]
Extract:  52%|#####2    | 301/578 [01:11<00:27, 10.19it/s]
Extract:  53%|#####2    | 304/578 [01:11<00:26, 10.27it/s]
Extract:  53%|#####3    | 307/578 [01:11<00:26, 10.28it/s]
Extract:  53%|#####3    | 309/578 [01:12<00:31,  8.56it/s]
Extract:  54%|#####3    | 310/578 [01:12<00:36,  7.42it/s]
Extract:  54%|#####3    | 311/578 [01:12<00:39,  6.68it/s]
Extract:  54%|#####3    | 312/578 [01:12<00:42,  6.20it/s]
Extract:  54%|#####4    | 314/578 [01:12<00:35,  7.44it/s]
Extract:  55%|#####4    | 316/578 [01:13<00:29,  8.84it/s]
Extract:  55%|#####5    | 318/578 [01:13<00:29,  8.68it/s]
Extract:  55%|#####5    | 319/578 [01:13<00:32,  8.06it/s]
Extract:  55%|#####5    | 320/578 [01:13<00:43,  5.98it/s]
Extract:  56%|#####5    | 322/578 [01:13<00:34,  7.33it/s]
Extract:  56%|#####6    | 325/578 [01:14<00:25,  9.94it/s]
Extract:  57%|#####6    | 327/578 [01:14<00:21, 11.49it/s]
Extract:  57%|#####6    | 329/578 [01:14<00:19, 12.88it/s]
Extract:  57%|#####7    | 331/578 [01:14<00:18, 13.57it/s]
Extract:  58%|#####7    | 333/578 [01:14<00:23, 10.37it/s]
Extract:  58%|#####8    | 337/578 [01:14<00:16, 14.35it/s]
Extract:  59%|#####8    | 340/578 [01:15<00:14, 16.11it/s]
Extract:  59%|#####9    | 342/578 [01:15<00:14, 15.97it/s]
Extract:  60%|#####9    | 344/578 [01:15<00:16, 14.14it/s]
Extract:  60%|#####9    | 346/578 [01:15<00:15, 15.00it/s]
Extract:  60%|######    | 349/578 [01:15<00:19, 11.83it/s]
Extract:  61%|######    | 351/578 [01:16<00:22, 10.26it/s]
Extract:  61%|######1   | 353/578 [01:16<00:21, 10.67it/s]
Extract:  61%|######1   | 355/578 [01:16<00:18, 12.21it/s]
Extract:  62%|######1   | 357/578 [01:16<00:27,  8.14it/s]
Extract:  62%|######2   | 359/578 [01:16<00:23,  9.14it/s]
Extract:  62%|######2   | 361/578 [01:17<00:21, 10.33it/s]
Extract:  63%|######2   | 363/578 [01:17<00:21,  9.90it/s]
Extract:  63%|######3   | 365/578 [01:17<00:27,  7.70it/s]
Extract:  63%|######3   | 366/578 [01:17<00:28,  7.49it/s]
Extract:  63%|######3   | 367/578 [01:18<00:32,  6.56it/s]
Extract:  64%|######3   | 369/578 [01:18<00:33,  6.22it/s]
Extract:  65%|######4   | 373/578 [01:18<00:24,  8.39it/s]
Extract:  65%|######4   | 374/578 [01:18<00:24,  8.17it/s]
Extract:  65%|######4   | 375/578 [01:19<00:26,  7.66it/s]
Extract:  65%|######5   | 376/578 [01:19<00:30,  6.67it/s]
Extract:  65%|######5   | 377/578 [01:19<00:32,  6.09it/s]
Extract:  66%|######5   | 379/578 [01:19<00:25,  7.81it/s]
Extract:  66%|######5   | 380/578 [01:19<00:26,  7.57it/s]
Extract:  66%|######5   | 381/578 [01:19<00:24,  7.95it/s]
Extract:  66%|######6   | 382/578 [01:20<00:26,  7.51it/s]
Extract:  66%|######6   | 384/578 [01:20<00:22,  8.78it/s]
Extract:  67%|######6   | 387/578 [01:20<00:16, 11.56it/s]
Extract:  67%|######7   | 390/578 [01:20<00:12, 14.84it/s]
Extract:  68%|######7   | 392/578 [01:20<00:13, 13.43it/s]
Extract:  68%|######8   | 394/578 [01:20<00:14, 12.44it/s]
Extract:  69%|######8   | 396/578 [01:21<00:19,  9.57it/s]
Extract:  69%|######8   | 398/578 [01:21<00:16, 10.80it/s]
Extract:  69%|######9   | 401/578 [01:21<00:12, 14.04it/s]
Extract:  70%|#######   | 405/578 [01:21<00:09, 17.78it/s]
Extract:  71%|#######   | 408/578 [01:22<00:14, 11.75it/s]
Extract:  71%|#######   | 410/578 [01:22<00:14, 11.97it/s]
Extract:  71%|#######1  | 413/578 [01:22<00:12, 12.99it/s]
Extract:  72%|#######1  | 416/578 [01:22<00:10, 15.20it/s]
Extract:  72%|#######2  | 418/578 [01:22<00:10, 15.77it/s]
Extract:  73%|#######2  | 420/578 [01:22<00:09, 16.33it/s]
Extract:  73%|#######3  | 422/578 [01:23<00:12, 12.04it/s]
Extract:  74%|#######3  | 425/578 [01:23<00:12, 12.10it/s]
Extract:  74%|#######3  | 427/578 [01:23<00:14, 10.61it/s]
Extract:  74%|#######4  | 429/578 [01:24<00:23,  6.31it/s]
Extract:  75%|#######4  | 432/578 [01:24<00:17,  8.39it/s]
Extract:  75%|#######5  | 434/578 [01:24<00:18,  7.77it/s]
Extract:  75%|#######5  | 436/578 [01:24<00:15,  9.29it/s]
Extract:  76%|#######5  | 438/578 [01:24<00:13, 10.23it/s]
Extract:  76%|#######6  | 440/578 [01:25<00:12, 10.94it/s]
Extract:  76%|#######6  | 442/578 [01:25<00:13, 10.08it/s]
Extract:  77%|#######6  | 445/578 [01:25<00:13, 10.04it/s]
Extract:  78%|#######7  | 450/578 [01:25<00:10, 12.18it/s]
Extract:  78%|#######8  | 452/578 [01:26<00:13,  9.61it/s]
Extract:  79%|#######8  | 454/578 [01:26<00:11, 10.73it/s]
Extract:  79%|#######9  | 458/578 [01:26<00:09, 12.86it/s]
Extract:  80%|#######9  | 461/578 [01:26<00:07, 14.96it/s]
Extract:  80%|########  | 463/578 [01:26<00:07, 14.67it/s]
Extract:  81%|########  | 466/578 [01:27<00:06, 16.24it/s]
Extract:  81%|########  | 468/578 [01:27<00:14,  7.77it/s]
Extract:  81%|########1 | 470/578 [01:27<00:13,  8.07it/s]
Extract:  82%|########1 | 472/578 [01:28<00:12,  8.18it/s]
Extract:  82%|########2 | 474/578 [01:28<00:11,  9.18it/s]
Extract:  82%|########2 | 476/578 [01:28<00:11,  8.85it/s]
Extract:  83%|########2 | 479/578 [01:28<00:08, 11.04it/s]
Extract:  83%|########3 | 482/578 [01:28<00:07, 13.57it/s]
Extract:  84%|########4 | 486/578 [01:28<00:05, 17.66it/s]
Extract:  85%|########4 | 489/578 [01:29<00:06, 13.33it/s]
Extract:  85%|########4 | 491/578 [01:29<00:07, 12.18it/s]
Extract:  85%|########5 | 493/578 [01:29<00:07, 11.64it/s]
Extract:  86%|########5 | 496/578 [01:29<00:06, 13.60it/s]
Extract:  86%|########6 | 498/578 [01:30<00:07, 10.78it/s]
Extract:  87%|########6 | 501/578 [01:30<00:05, 13.69it/s]
Extract:  87%|########7 | 504/578 [01:30<00:05, 14.54it/s]
Extract:  88%|########7 | 506/578 [01:30<00:05, 12.71it/s]
Extract:  88%|########7 | 508/578 [01:30<00:05, 13.50it/s]
Extract:  88%|########8 | 510/578 [01:31<00:06,  9.73it/s]
Extract:  89%|########8 | 512/578 [01:31<00:06, 10.79it/s]
Extract:  89%|########9 | 515/578 [01:31<00:04, 13.12it/s]
Extract:  89%|########9 | 517/578 [01:31<00:06,  9.86it/s]
Extract:  90%|########9 | 519/578 [01:31<00:05, 11.10it/s]
Extract:  90%|######### | 522/578 [01:32<00:04, 13.61it/s]
Extract:  91%|######### | 524/578 [01:32<00:03, 14.10it/s]
Extract:  91%|#########1| 526/578 [01:32<00:04, 11.36it/s]
Extract:  92%|#########1| 530/578 [01:32<00:03, 15.22it/s]
Extract:  92%|#########2| 533/578 [01:32<00:02, 16.68it/s]
Extract:  93%|#########2| 535/578 [01:32<00:02, 14.57it/s]
Extract:  93%|#########2| 537/578 [01:33<00:02, 14.42it/s]
Extract:  93%|#########3| 539/578 [01:33<00:02, 13.20it/s]
Extract:  94%|#########3| 541/578 [01:33<00:03, 11.19it/s]
Extract:  94%|#########4| 544/578 [01:33<00:02, 14.26it/s]
Extract:  94%|#########4| 546/578 [01:33<00:02, 10.86it/s]
Extract:  95%|#########4| 548/578 [01:34<00:03,  8.79it/s]
Extract:  96%|#########5| 553/578 [01:34<00:02, 11.44it/s]
Extract:  96%|#########6| 555/578 [01:35<00:03,  6.53it/s]
Extract:  96%|#########6| 556/578 [01:35<00:03,  6.51it/s]
Extract:  96%|#########6| 557/578 [01:35<00:03,  6.22it/s]
Extract:  97%|#########6| 560/578 [01:36<00:02,  6.70it/s]
Extract:  97%|#########7| 561/578 [01:36<00:02,  7.07it/s]
Extract:  98%|#########7| 564/578 [01:36<00:01,  8.45it/s]
Extract:  98%|#########7| 565/578 [01:36<00:01,  7.17it/s]
Extract:  98%|#########7| 566/578 [01:36<00:01,  7.46it/s]
Extract:  98%|#########8| 567/578 [01:36<00:01,  7.65it/s]
Extract:  98%|#########8| 568/578 [01:37<00:01,  6.59it/s]
Extract:  99%|#########8| 572/578 [01:37<00:00, 11.69it/s]
Extract:  99%|#########9| 575/578 [01:37<00:00, 14.42it/s]
Extract: 100%|#########9| 577/578 [01:37<00:00, 11.86it/s]
Extract: 100%|##########| 578/578 [01:37<00:00,  5.92it/s]

Extract:   0%|          | 0/578 [00:00<?, ?it/s]
Extract:   1%|          | 3/578 [00:00<00:21, 26.74it/s]
Extract:   1%|1         | 6/578 [00:00<00:33, 16.92it/s]
Extract:   1%|1         | 8/578 [00:00<00:57,  9.99it/s]
Extract:   2%|1         | 10/578 [00:01<01:11,  7.89it/s]
Extract:   2%|2         | 12/578 [00:01<01:17,  7.28it/s]
Extract:   2%|2         | 14/578 [00:01<01:15,  7.51it/s]
Extract:   3%|2         | 15/578 [00:01<01:31,  6.13it/s]
Extract:   3%|2         | 17/578 [00:02<01:11,  7.86it/s]
Extract:   3%|3         | 20/578 [00:02<00:49, 11.36it/s]
Extract:   4%|3         | 22/578 [00:02<01:01,  9.03it/s]
Extract:   4%|4         | 24/578 [00:02<01:00,  9.16it/s]
Extract:   4%|4         | 26/578 [00:02<00:55, 10.03it/s]
Extract:   5%|4         | 28/578 [00:03<01:21,  6.74it/s]
Extract:   5%|5         | 30/578 [00:03<01:10,  7.76it/s]
Extract:   6%|5         | 32/578 [00:03<01:08,  7.98it/s]
Extract:   6%|6         | 36/578 [00:03<00:44, 12.26it/s]
Extract:   7%|6         | 38/578 [00:04<00:47, 11.43it/s]
Extract:   7%|7         | 41/578 [00:04<00:45, 11.76it/s]
Extract:   7%|7         | 43/578 [00:04<01:10,  7.55it/s]
Extract:   8%|7         | 46/578 [00:04<00:52, 10.19it/s]
Extract:   8%|8         | 49/578 [00:05<00:43, 12.12it/s]
Extract:   9%|8         | 51/578 [00:05<01:08,  7.68it/s]
Extract:   9%|9         | 53/578 [00:05<01:04,  8.11it/s]
Extract:  10%|9         | 55/578 [00:06<01:10,  7.43it/s]
Extract:  10%|9         | 57/578 [00:06<00:59,  8.71it/s]
Extract:  10%|#         | 59/578 [00:06<01:04,  8.00it/s]
Extract:  11%|#         | 61/578 [00:07<01:20,  6.44it/s]
Extract:  11%|#1        | 64/578 [00:07<01:00,  8.50it/s]
Extract:  11%|#1        | 66/578 [00:07<01:00,  8.45it/s]
Extract:  12%|#1        | 68/578 [00:07<01:05,  7.78it/s]
Extract:  12%|#1        | 69/578 [00:08<01:08,  7.42it/s]
Extract:  12%|#2        | 71/578 [00:08<00:54,  9.26it/s]
Extract:  13%|#2        | 73/578 [00:08<00:57,  8.82it/s]
Extract:  13%|#3        | 76/578 [00:08<00:43, 11.50it/s]
Extract:  13%|#3        | 78/578 [00:08<00:50,  9.96it/s]
Extract:  14%|#4        | 81/578 [00:08<00:40, 12.13it/s]
Extract:  14%|#4        | 83/578 [00:09<00:36, 13.51it/s]
Extract:  15%|#4        | 85/578 [00:09<01:03,  7.80it/s]
Extract:  15%|#5        | 87/578 [00:09<01:02,  7.90it/s]
Extract:  15%|#5        | 89/578 [00:10<01:05,  7.41it/s]
Extract:  16%|#5        | 90/578 [00:10<01:04,  7.60it/s]
Extract:  16%|#5        | 91/578 [00:10<01:13,  6.64it/s]
Extract:  16%|#5        | 92/578 [00:10<01:40,  4.83it/s]
Extract:  16%|#6        | 94/578 [00:11<01:19,  6.10it/s]
Extract:  17%|#6        | 96/578 [00:11<01:15,  6.42it/s]
Extract:  17%|#6        | 98/578 [00:11<01:02,  7.63it/s]
Extract:  17%|#7        | 100/578 [00:11<00:59,  8.05it/s]
Extract:  18%|#7        | 102/578 [00:11<00:48,  9.73it/s]
Extract:  18%|#8        | 105/578 [00:12<00:52,  8.99it/s]
Extract:  19%|#8        | 107/578 [00:12<01:09,  6.76it/s]
Extract:  19%|#8        | 108/578 [00:12<01:13,  6.39it/s]
Extract:  19%|#9        | 110/578 [00:13<01:05,  7.18it/s]
Extract:  19%|#9        | 111/578 [00:13<01:08,  6.83it/s]
Extract:  20%|#9        | 113/578 [00:13<00:56,  8.28it/s]
Extract:  20%|#9        | 114/578 [00:13<00:54,  8.46it/s]
Extract:  20%|##        | 116/578 [00:13<00:53,  8.58it/s]
Extract:  20%|##        | 117/578 [00:14<01:08,  6.70it/s]
Extract:  21%|##        | 120/578 [00:14<01:26,  5.27it/s]
Extract:  21%|##        | 121/578 [00:15<01:57,  3.87it/s]
Extract:  21%|##1       | 123/578 [00:15<01:29,  5.11it/s]
Extract:  22%|##1       | 125/578 [00:15<01:25,  5.33it/s]
Extract:  22%|##1       | 126/578 [00:15<01:19,  5.71it/s]
Extract:  22%|##2       | 128/578 [00:16<01:00,  7.38it/s]
Extract:  22%|##2       | 130/578 [00:16<00:57,  7.75it/s]
Extract:  23%|##2       | 131/578 [00:16<01:12,  6.18it/s]
Extract:  23%|##3       | 133/578 [00:16<01:15,  5.91it/s]
Extract:  23%|##3       | 135/578 [00:17<01:00,  7.28it/s]
Extract:  24%|##3       | 136/578 [00:17<00:59,  7.45it/s]
Extract:  24%|##3       | 137/578 [00:17<01:15,  5.86it/s]
Extract:  24%|##3       | 138/578 [00:17<01:25,  5.12it/s]
Extract:  24%|##4       | 139/578 [00:17<01:21,  5.38it/s]
Extract:  25%|##4       | 142/578 [00:18<00:46,  9.32it/s]
Extract:  25%|##5       | 146/578 [00:18<00:40, 10.71it/s]
Extract:  26%|##5       | 148/578 [00:18<00:37, 11.50it/s]
Extract:  26%|##5       | 150/578 [00:19<01:04,  6.62it/s]
Extract:  26%|##6       | 153/578 [00:19<01:02,  6.78it/s]
Extract:  27%|##6       | 155/578 [00:19<01:02,  6.79it/s]
Extract:  27%|##7       | 158/578 [00:20<00:47,  8.87it/s]
Extract:  28%|##7       | 160/578 [00:20<00:50,  8.28it/s]
Extract:  28%|##8       | 162/578 [00:20<00:43,  9.62it/s]
Extract:  28%|##8       | 164/578 [00:21<01:05,  6.30it/s]
Extract:  29%|##8       | 166/578 [00:21<00:55,  7.43it/s]
Extract:  29%|##9       | 168/578 [00:21<01:07,  6.05it/s]
Extract:  29%|##9       | 170/578 [00:21<00:56,  7.21it/s]
Extract:  30%|##9       | 172/578 [00:22<00:50,  8.00it/s]
Extract:  30%|###       | 174/578 [00:22<01:04,  6.28it/s]
Extract:  30%|###       | 176/578 [00:22<00:55,  7.21it/s]
Extract:  31%|###       | 177/578 [00:23<01:15,  5.29it/s]
Extract:  31%|###       | 178/578 [00:23<01:11,  5.59it/s]
Extract:  31%|###1      | 180/578 [00:23<01:06,  5.95it/s]
Extract:  31%|###1      | 181/578 [00:23<01:11,  5.57it/s]
Extract:  31%|###1      | 182/578 [00:23<01:05,  6.09it/s]
Extract:  32%|###1      | 184/578 [00:24<01:16,  5.18it/s]
Extract:  32%|###2      | 185/578 [00:24<01:20,  4.88it/s]
Extract:  32%|###2      | 186/578 [00:24<01:11,  5.49it/s]
Extract:  33%|###2      | 188/578 [00:24<00:56,  6.96it/s]
Extract:  33%|###2      | 189/578 [00:25<01:11,  5.41it/s]
Extract:  33%|###3      | 191/578 [00:25<01:13,  5.30it/s]
Extract:  33%|###3      | 192/578 [00:25<01:05,  5.90it/s]
Extract:  34%|###3      | 194/578 [00:25<00:51,  7.48it/s]
Extract:  34%|###4      | 197/578 [00:26<01:06,  5.76it/s]
Extract:  34%|###4      | 198/578 [00:26<01:05,  5.84it/s]
Extract:  35%|###4      | 201/578 [00:26<00:53,  7.09it/s]
Extract:  35%|###4      | 202/578 [00:27<00:51,  7.30it/s]
Extract:  35%|###5      | 203/578 [00:27<01:01,  6.09it/s]
Extract:  36%|###5      | 206/578 [00:27<00:40,  9.16it/s]
Extract:  36%|###5      | 208/578 [00:27<00:38,  9.49it/s]
Extract:  36%|###6      | 210/578 [00:27<00:36, 10.19it/s]
Extract:  37%|###6      | 212/578 [00:28<00:41,  8.84it/s]
Extract:  37%|###7      | 214/578 [00:28<00:38,  9.39it/s]
Extract:  37%|###7      | 216/578 [00:28<00:46,  7.85it/s]
Extract:  38%|###7      | 217/578 [00:28<00:44,  8.14it/s]
Extract:  38%|###8      | 220/578 [00:28<00:33, 10.77it/s]
Extract:  38%|###8      | 222/578 [00:29<00:28, 12.29it/s]
Extract:  39%|###8      | 224/578 [00:29<00:29, 12.05it/s]
Extract:  39%|###9      | 226/578 [00:29<00:51,  6.79it/s]
Extract:  39%|###9      | 228/578 [00:29<00:42,  8.25it/s]
Extract:  40%|###9      | 230/578 [00:30<00:46,  7.45it/s]
Extract:  40%|####      | 232/578 [00:30<00:43,  7.93it/s]
Extract:  40%|####      | 234/578 [00:30<00:39,  8.81it/s]
Extract:  41%|####      | 236/578 [00:31<00:48,  7.03it/s]
Extract:  41%|####1     | 237/578 [00:31<00:56,  6.01it/s]
Extract:  42%|####1     | 240/578 [00:31<00:39,  8.48it/s]
Extract:  42%|####2     | 243/578 [00:31<00:28, 11.64it/s]
Extract:  42%|####2     | 245/578 [00:32<00:58,  5.71it/s]
Extract:  43%|####2     | 247/578 [00:32<00:51,  6.42it/s]
Extract:  43%|####3     | 249/578 [00:32<00:48,  6.78it/s]
Extract:  43%|####3     | 251/578 [00:33<00:42,  7.76it/s]
Extract:  44%|####4     | 255/578 [00:33<00:33,  9.79it/s]
Extract:  44%|####4     | 257/578 [00:33<00:38,  8.36it/s]
Extract:  45%|####4     | 259/578 [00:33<00:34,  9.19it/s]
Extract:  45%|####5     | 261/578 [00:34<00:30, 10.30it/s]
Extract:  46%|####5     | 263/578 [00:34<00:49,  6.33it/s]
Extract:  46%|####5     | 265/578 [00:34<00:51,  6.11it/s]
Extract:  46%|####6     | 266/578 [00:35<00:55,  5.65it/s]
Extract:  46%|####6     | 267/578 [00:35<01:04,  4.82it/s]
Extract:  47%|####6     | 269/578 [00:36<01:14,  4.17it/s]
Extract:  47%|####7     | 273/578 [00:36<00:52,  5.86it/s]
Extract:  47%|####7     | 274/578 [00:37<01:06,  4.55it/s]
Extract:  48%|####7     | 275/578 [00:37<01:15,  4.04it/s]
Extract:  48%|####7     | 276/578 [00:37<01:06,  4.56it/s]
Extract:  48%|####8     | 279/578 [00:37<00:40,  7.46it/s]
Extract:  49%|####8     | 281/578 [00:37<00:37,  8.01it/s]
Extract:  49%|####8     | 283/578 [00:38<00:40,  7.31it/s]
Extract:  49%|####9     | 285/578 [00:38<00:40,  7.28it/s]
Extract:  49%|####9     | 286/578 [00:38<00:40,  7.15it/s]
Extract:  50%|####9     | 288/578 [00:38<00:34,  8.44it/s]
Extract:  50%|#####     | 289/578 [00:39<00:50,  5.75it/s]
Extract:  50%|#####     | 290/578 [00:39<01:02,  4.62it/s]
Extract:  51%|#####     | 292/578 [00:39<00:45,  6.35it/s]
Extract:  51%|#####     | 294/578 [00:39<00:35,  8.03it/s]
Extract:  51%|#####1    | 296/578 [00:40<00:39,  7.14it/s]
Extract:  51%|#####1    | 297/578 [00:40<00:46,  6.07it/s]
Extract:  52%|#####1    | 300/578 [00:40<00:31,  8.84it/s]
Extract:  52%|#####2    | 302/578 [00:40<00:31,  8.79it/s]
Extract:  53%|#####2    | 304/578 [00:41<00:41,  6.58it/s]
Extract:  53%|#####2    | 305/578 [00:41<00:40,  6.73it/s]
Extract:  53%|#####3    | 307/578 [00:41<00:37,  7.18it/s]
Extract:  53%|#####3    | 308/578 [00:41<00:37,  7.14it/s]
Extract:  53%|#####3    | 309/578 [00:42<01:02,  4.34it/s]
Extract:  54%|#####3    | 310/578 [00:42<00:55,  4.82it/s]
Extract:  54%|#####3    | 311/578 [00:42<01:04,  4.15it/s]
Extract:  54%|#####3    | 312/578 [00:43<01:02,  4.24it/s]
Extract:  54%|#####4    | 314/578 [00:43<00:46,  5.65it/s]
Extract:  55%|#####4    | 316/578 [00:43<00:35,  7.34it/s]
Extract:  55%|#####5    | 318/578 [00:43<00:35,  7.40it/s]
Extract:  55%|#####5    | 320/578 [00:43<00:35,  7.29it/s]
Extract:  56%|#####5    | 322/578 [00:44<00:29,  8.60it/s]
Extract:  56%|#####6    | 325/578 [00:44<00:21, 11.60it/s]
Extract:  57%|#####6    | 327/578 [00:44<00:22, 11.06it/s]
Extract:  57%|#####6    | 329/578 [00:44<00:20, 12.02it/s]
Extract:  57%|#####7    | 331/578 [00:44<00:19, 12.53it/s]
Extract:  58%|#####7    | 333/578 [00:45<00:29,  8.38it/s]
Extract:  58%|#####7    | 335/578 [00:45<00:25,  9.61it/s]
Extract:  58%|#####8    | 337/578 [00:45<00:21, 11.14it/s]
Extract:  59%|#####8    | 339/578 [00:45<00:19, 12.05it/s]
Extract:  59%|#####8    | 341/578 [00:45<00:17, 13.30it/s]
Extract:  59%|#####9    | 343/578 [00:45<00:17, 13.31it/s]
Extract:  60%|#####9    | 345/578 [00:46<00:23, 10.02it/s]
Extract:  60%|######    | 348/578 [00:46<00:17, 13.44it/s]
Extract:  61%|######    | 350/578 [00:46<00:22, 10.28it/s]
Extract:  61%|######    | 352/578 [00:46<00:24,  9.10it/s]
Extract:  61%|######1   | 354/578 [00:46<00:21, 10.61it/s]
Extract:  62%|######1   | 356/578 [00:47<00:25,  8.77it/s]
Extract:  62%|######1   | 358/578 [00:47<00:21, 10.09it/s]
Extract:  62%|######2   | 360/578 [00:47<00:19, 10.98it/s]
Extract:  63%|######2   | 362/578 [00:47<00:21, 10.15it/s]
Extract:  63%|######3   | 365/578 [00:48<00:23,  9.05it/s]
Extract:  63%|######3   | 367/578 [00:48<00:25,  8.41it/s]
Extract:  64%|######3   | 368/578 [00:48<00:24,  8.62it/s]
Extract:  64%|######3   | 369/578 [00:48<00:31,  6.60it/s]
Extract:  65%|######4   | 373/578 [00:49<00:20,  9.89it/s]
Extract:  65%|######5   | 376/578 [00:49<00:17, 11.61it/s]
Extract:  65%|######5   | 378/578 [00:49<00:16, 12.44it/s]
Extract:  66%|######5   | 380/578 [00:49<00:17, 11.09it/s]
Extract:  66%|######6   | 382/578 [00:49<00:19, 10.07it/s]
Extract:  66%|######6   | 384/578 [00:49<00:18, 10.43it/s]
Extract:  67%|######6   | 386/578 [00:50<00:16, 11.82it/s]
Extract:  67%|######7   | 388/578 [00:50<00:15, 12.44it/s]
Extract:  67%|######7   | 390/578 [00:50<00:15, 12.17it/s]
Extract:  68%|######7   | 392/578 [00:50<00:17, 10.42it/s]
Extract:  68%|######8   | 394/578 [00:50<00:17, 10.26it/s]
Extract:  69%|######8   | 397/578 [00:51<00:15, 12.00it/s]
Extract:  69%|######9   | 399/578 [00:51<00:13, 13.41it/s]
Extract:  70%|######9   | 403/578 [00:51<00:09, 17.97it/s]
Extract:  70%|#######   | 405/578 [00:51<00:12, 13.47it/s]
Extract:  70%|#######   | 407/578 [00:51<00:14, 11.94it/s]
Extract:  71%|#######   | 409/578 [00:52<00:15, 10.60it/s]
Extract:  71%|#######1  | 412/578 [00:52<00:12, 13.24it/s]
Extract:  72%|#######1  | 414/578 [00:52<00:13, 12.60it/s]
Extract:  72%|#######1  | 416/578 [00:52<00:11, 13.64it/s]
Extract:  72%|#######2  | 418/578 [00:52<00:10, 14.71it/s]
Extract:  73%|#######2  | 420/578 [00:52<00:10, 14.98it/s]
Extract:  73%|#######3  | 422/578 [00:52<00:12, 12.80it/s]
Extract:  73%|#######3  | 424/578 [00:53<00:11, 13.64it/s]
Extract:  74%|#######3  | 426/578 [00:53<00:13, 11.46it/s]
Extract:  74%|#######4  | 428/578 [00:53<00:24,  6.05it/s]
Extract:  74%|#######4  | 429/578 [00:54<00:28,  5.24it/s]
Extract:  75%|#######4  | 432/578 [00:54<00:26,  5.53it/s]
Extract:  75%|#######5  | 434/578 [00:54<00:22,  6.32it/s]
Extract:  76%|#######5  | 437/578 [00:55<00:16,  8.55it/s]
Extract:  76%|#######5  | 439/578 [00:55<00:14,  9.34it/s]
Extract:  76%|#######6  | 441/578 [00:55<00:14,  9.44it/s]
Extract:  77%|#######6  | 444/578 [00:55<00:11, 11.90it/s]
Extract:  77%|#######7  | 446/578 [00:55<00:11, 11.12it/s]
Extract:  78%|#######7  | 449/578 [00:55<00:09, 13.71it/s]
Extract:  78%|#######8  | 451/578 [00:56<00:15,  7.94it/s]
Extract:  78%|#######8  | 453/578 [00:56<00:13,  9.25it/s]
Extract:  79%|#######8  | 455/578 [00:56<00:11, 10.83it/s]
Extract:  79%|#######9  | 458/578 [00:56<00:09, 12.85it/s]
Extract:  80%|#######9  | 462/578 [00:57<00:06, 17.03it/s]
Extract:  80%|########  | 465/578 [00:57<00:06, 17.43it/s]
Extract:  81%|########  | 468/578 [00:57<00:08, 12.28it/s]
Extract:  81%|########1 | 470/578 [00:57<00:08, 12.49it/s]
Extract:  82%|########1 | 472/578 [00:58<00:14,  7.47it/s]
Extract:  82%|########2 | 474/578 [00:58<00:12,  8.49it/s]
Extract:  82%|########2 | 476/578 [00:58<00:12,  7.91it/s]
Extract:  83%|########2 | 478/578 [00:58<00:10,  9.31it/s]
Extract:  83%|########3 | 480/578 [00:59<00:09, 10.76it/s]
Extract:  84%|########3 | 483/578 [00:59<00:06, 13.96it/s]
Extract:  84%|########4 | 486/578 [00:59<00:05, 17.13it/s]
Extract:  85%|########4 | 489/578 [00:59<00:06, 13.42it/s]
Extract:  85%|########4 | 491/578 [00:59<00:06, 13.55it/s]
Extract:  85%|########5 | 493/578 [00:59<00:07, 11.85it/s]
Extract:  86%|########5 | 495/578 [01:00<00:06, 13.04it/s]
Extract:  86%|########6 | 498/578 [01:00<00:06, 11.84it/s]
Extract:  87%|########7 | 503/578 [01:00<00:04, 17.55it/s]
Extract:  88%|########7 | 506/578 [01:00<00:05, 13.45it/s]
Extract:  88%|########7 | 508/578 [01:00<00:05, 13.11it/s]
Extract:  88%|########8 | 510/578 [01:01<00:06, 11.08it/s]
Extract:  89%|########8 | 512/578 [01:01<00:09,  7.17it/s]
Extract:  89%|########9 | 515/578 [01:01<00:06,  9.24it/s]
Extract:  89%|########9 | 517/578 [01:02<00:07,  8.56it/s]
Extract:  90%|########9 | 519/578 [01:02<00:06,  9.71it/s]
Extract:  90%|######### | 522/578 [01:02<00:04, 12.50it/s]
Extract:  91%|######### | 524/578 [01:02<00:04, 13.19it/s]
Extract:  91%|#########1| 526/578 [01:02<00:04, 11.61it/s]
Extract:  91%|#########1| 528/578 [01:02<00:03, 12.97it/s]
Extract:  92%|#########1| 530/578 [01:03<00:03, 12.02it/s]
Extract:  92%|#########2| 532/578 [01:03<00:04, 11.07it/s]
Extract:  92%|#########2| 534/578 [01:03<00:04,  9.94it/s]
Extract:  93%|#########2| 537/578 [01:03<00:03, 12.76it/s]
Extract:  93%|#########3| 539/578 [01:03<00:02, 13.41it/s]
Extract:  94%|#########3| 541/578 [01:04<00:03, 11.70it/s]
Extract:  94%|#########4| 544/578 [01:04<00:02, 14.84it/s]
Extract:  94%|#########4| 546/578 [01:04<00:02, 12.35it/s]
Extract:  95%|#########4| 548/578 [01:04<00:02, 10.81it/s]
Extract:  96%|#########5| 553/578 [01:04<00:01, 13.88it/s]
Extract:  96%|#########6| 555/578 [01:05<00:03,  7.25it/s]
Extract:  96%|#########6| 557/578 [01:05<00:02,  7.63it/s]
Extract:  97%|#########6| 560/578 [01:06<00:02,  8.04it/s]
Extract:  97%|#########7| 562/578 [01:06<00:01,  9.28it/s]
Extract:  98%|#########7| 564/578 [01:06<00:01,  9.03it/s]
Extract:  98%|#########7| 566/578 [01:07<00:01,  7.50it/s]
Extract:  98%|#########8| 568/578 [01:07<00:01,  6.27it/s]
Extract:  99%|#########8| 571/578 [01:07<00:00,  8.65it/s]
Extract:  99%|#########9| 573/578 [01:07<00:00,  9.80it/s]
Extract:  99%|#########9| 575/578 [01:07<00:00, 10.61it/s]
Extract: 100%|#########9| 577/578 [01:08<00:00,  9.36it/s]
Extract: 100%|##########| 578/578 [01:08<00:00,  8.48it/s]

Extract:   0%|          | 0/578 [00:00<?, ?it/s]
Extract:   1%|          | 3/578 [00:00<00:22, 25.67it/s]
Extract:   1%|1         | 6/578 [00:00<00:36, 15.68it/s]
Extract:   1%|1         | 8/578 [00:00<00:57,  9.86it/s]
Extract:   2%|1         | 10/578 [00:00<01:02,  9.04it/s]
Extract:   2%|2         | 12/578 [00:01<01:14,  7.62it/s]
Extract:   2%|2         | 14/578 [00:01<01:26,  6.51it/s]
Extract:   3%|2         | 15/578 [00:01<01:39,  5.66it/s]
Extract:   3%|3         | 18/578 [00:02<01:03,  8.80it/s]
Extract:   4%|3         | 21/578 [00:02<00:55,  9.97it/s]
Extract:   4%|3         | 23/578 [00:02<00:55, 10.02it/s]
Extract:   4%|4         | 26/578 [00:02<00:42, 13.05it/s]
Extract:   5%|4         | 28/578 [00:03<01:00,  9.06it/s]
Extract:   5%|5         | 30/578 [00:03<01:07,  8.13it/s]
Extract:   6%|5         | 32/578 [00:03<01:09,  7.87it/s]
Extract:   6%|6         | 35/578 [00:03<00:56,  9.69it/s]
Extract:   6%|6         | 37/578 [00:04<00:58,  9.20it/s]
Extract:   7%|6         | 39/578 [00:04<00:55,  9.63it/s]
Extract:   7%|7         | 41/578 [00:04<00:56,  9.48it/s]
Extract:   7%|7         | 43/578 [00:05<01:32,  5.81it/s]
Extract:   8%|7         | 46/578 [00:05<01:03,  8.33it/s]
Extract:   8%|8         | 48/578 [00:05<00:53,  9.86it/s]
Extract:   9%|8         | 50/578 [00:05<00:57,  9.11it/s]
Extract:   9%|8         | 52/578 [00:05<01:08,  7.72it/s]
Extract:   9%|9         | 54/578 [00:06<01:07,  7.82it/s]
Extract:  10%|9         | 56/578 [00:06<01:03,  8.26it/s]
Extract:  10%|#         | 58/578 [00:06<00:59,  8.76it/s]
Extract:  10%|#         | 60/578 [00:06<01:07,  7.73it/s]
Extract:  11%|#         | 61/578 [00:07<01:11,  7.28it/s]
Extract:  11%|#1        | 64/578 [00:07<00:52,  9.73it/s]
Extract:  11%|#1        | 66/578 [00:07<00:56,  9.04it/s]
Extract:  12%|#1        | 67/578 [00:07<01:04,  7.93it/s]
Extract:  12%|#1        | 69/578 [00:07<00:51,  9.89it/s]
Extract:  12%|#2        | 72/578 [00:07<00:38, 13.02it/s]
Extract:  13%|#2        | 74/578 [00:08<00:49, 10.18it/s]
Extract:  13%|#3        | 76/578 [00:08<00:44, 11.20it/s]
Extract:  13%|#3        | 78/578 [00:08<00:54,  9.20it/s]
Extract:  14%|#4        | 81/578 [00:08<00:41, 11.94it/s]
Extract:  14%|#4        | 83/578 [00:08<00:37, 13.36it/s]
Extract:  15%|#4        | 85/578 [00:09<00:41, 11.78it/s]
Extract:  15%|#5        | 88/578 [00:09<00:32, 14.92it/s]
Extract:  16%|#5        | 90/578 [00:09<00:41, 11.89it/s]
Extract:  16%|#5        | 92/578 [00:10<01:15,  6.46it/s]
Extract:  16%|#6        | 94/578 [00:10<01:01,  7.86it/s]
Extract:  17%|#6        | 96/578 [00:10<00:57,  8.35it/s]
Extract:  17%|#6        | 98/578 [00:10<00:53,  9.05it/s]
Extract:  17%|#7        | 100/578 [00:11<00:57,  8.32it/s]
Extract:  18%|#7        | 104/578 [00:11<00:37, 12.80it/s]
Extract:  18%|#8        | 106/578 [00:11<00:39, 11.92it/s]
Extract:  19%|#8        | 108/578 [00:11<00:55,  8.43it/s]
Extract:  19%|#9        | 110/578 [00:11<00:47,  9.84it/s]
Extract:  20%|#9        | 113/578 [00:12<00:37, 12.52it/s]
Extract:  20%|#9        | 115/578 [00:12<00:36, 12.61it/s]
Extract:  20%|##        | 117/578 [00:12<00:41, 11.14it/s]
Extract:  21%|##        | 120/578 [00:12<00:38, 12.02it/s]
Extract:  21%|##1       | 122/578 [00:12<00:40, 11.17it/s]
Extract:  21%|##1       | 124/578 [00:12<00:36, 12.44it/s]
Extract:  22%|##1       | 126/578 [00:13<00:54,  8.35it/s]
Extract:  22%|##2       | 130/578 [00:13<00:45,  9.82it/s]
Extract:  23%|##2       | 132/578 [00:13<00:49,  9.06it/s]
Extract:  23%|##3       | 134/578 [00:14<00:48,  9.16it/s]
Extract:  24%|##3       | 136/578 [00:14<00:44, 10.03it/s]
Extract:  24%|##3       | 138/578 [00:14<01:04,  6.85it/s]
Extract:  24%|##4       | 139/578 [00:15<01:01,  7.13it/s]
Extract:  25%|##5       | 145/578 [00:15<00:29, 14.51it/s]
Extract:  26%|##5       | 148/578 [00:15<00:38, 11.15it/s]
Extract:  26%|##5       | 150/578 [00:15<00:42, 10.17it/s]
Extract:  26%|##6       | 153/578 [00:16<00:43,  9.85it/s]
Extract:  27%|##6       | 155/578 [00:16<00:42,  9.92it/s]
Extract:  28%|##7       | 159/578 [00:16<00:30, 13.95it/s]
Extract:  28%|##8       | 162/578 [00:16<00:26, 15.93it/s]
Extract:  29%|##8       | 165/578 [00:16<00:35, 11.73it/s]
Extract:  29%|##8       | 167/578 [00:17<00:47,  8.70it/s]
Extract:  29%|##9       | 169/578 [00:17<00:42,  9.63it/s]
Extract:  30%|##9       | 172/578 [00:17<00:35, 11.32it/s]
Extract:  30%|###       | 174/578 [00:17<00:40, 10.07it/s]
Extract:  31%|###       | 177/578 [00:18<00:37, 10.72it/s]
Extract:  31%|###       | 179/578 [00:18<00:34, 11.50it/s]
Extract:  31%|###1      | 181/578 [00:18<00:56,  7.00it/s]
Extract:  32%|###1      | 183/578 [00:19<00:59,  6.66it/s]
Extract:  32%|###1      | 184/578 [00:19<00:58,  6.70it/s]
Extract:  32%|###2      | 185/578 [00:19<01:03,  6.21it/s]
Extract:  33%|###2      | 188/578 [00:19<00:43,  8.87it/s]
Extract:  33%|###2      | 190/578 [00:20<00:44,  8.79it/s]
Extract:  33%|###3      | 192/578 [00:20<00:41,  9.23it/s]
Extract:  34%|###3      | 194/578 [00:20<00:39,  9.79it/s]
Extract:  34%|###4      | 197/578 [00:20<00:35, 10.85it/s]
Extract:  34%|###4      | 199/578 [00:20<00:31, 12.16it/s]
Extract:  35%|###4      | 201/578 [00:20<00:33, 11.38it/s]
Extract:  35%|###5      | 203/578 [00:21<00:41,  9.14it/s]
Extract:  36%|###5      | 206/578 [00:21<00:32, 11.55it/s]
Extract:  36%|###5      | 208/578 [00:21<00:38,  9.62it/s]
Extract:  36%|###6      | 210/578 [00:21<00:37,  9.78it/s]
Extract:  37%|###6      | 212/578 [00:22<00:37,  9.86it/s]
Extract:  37%|###7      | 215/578 [00:22<00:34, 10.37it/s]
Extract:  38%|###7      | 217/578 [00:22<00:31, 11.54it/s]
Extract:  38%|###8      | 221/578 [00:22<00:22, 15.60it/s]
Extract:  39%|###8      | 224/578 [00:22<00:19, 18.14it/s]
Extract:  39%|###9      | 227/578 [00:23<00:26, 13.35it/s]
Extract:  40%|###9      | 229/578 [00:23<00:24, 14.05it/s]
Extract:  40%|###9      | 231/578 [00:23<00:35,  9.73it/s]
Extract:  40%|####      | 233/578 [00:23<00:31, 10.85it/s]
Extract:  41%|####      | 235/578 [00:23<00:29, 11.63it/s]
Extract:  41%|####1     | 237/578 [00:24<00:43,  7.83it/s]
Extract:  42%|####1     | 240/578 [00:24<00:33, 10.23it/s]
Extract:  42%|####2     | 244/578 [00:24<00:30, 10.99it/s]
Extract:  43%|####2     | 246/578 [00:24<00:28, 11.73it/s]
Extract:  43%|####2     | 248/578 [00:25<00:31, 10.53it/s]
Extract:  43%|####3     | 250/578 [00:25<00:33,  9.67it/s]
Extract:  44%|####3     | 253/578 [00:25<00:26, 12.13it/s]
Extract:  44%|####4     | 255/578 [00:25<00:25, 12.58it/s]
Extract:  44%|####4     | 257/578 [00:26<00:30, 10.68it/s]
Extract:  45%|####4     | 260/578 [00:26<00:23, 13.43it/s]
Extract:  45%|####5     | 262/578 [00:26<00:26, 11.86it/s]
Extract:  46%|####5     | 264/578 [00:26<00:29, 10.70it/s]
Extract:  46%|####6     | 266/578 [00:26<00:29, 10.62it/s]
Extract:  46%|####6     | 268/578 [00:26<00:29, 10.59it/s]
Extract:  47%|####6     | 270/578 [00:27<00:31,  9.87it/s]
Extract:  47%|####7     | 273/578 [00:27<00:28, 10.88it/s]
Extract:  48%|####7     | 275/578 [00:27<00:39,  7.72it/s]
Extract:  48%|####7     | 276/578 [00:28<00:39,  7.59it/s]
Extract:  48%|####8     | 280/578 [00:28<00:30,  9.63it/s]
Extract:  49%|####8     | 282/578 [00:28<00:27, 10.74it/s]
Extract:  49%|####9     | 284/578 [00:28<00:27, 10.84it/s]
Extract:  49%|####9     | 286/578 [00:29<00:34,  8.44it/s]
Extract:  50%|####9     | 288/578 [00:29<00:29,  9.96it/s]
Extract:  50%|#####     | 290/578 [00:29<00:39,  7.35it/s]
Extract:  51%|#####     | 292/578 [00:29<00:31,  8.97it/s]
Extract:  51%|#####     | 294/578 [00:29<00:26, 10.59it/s]
Extract:  51%|#####1    | 296/578 [00:30<00:31,  8.89it/s]
Extract:  52%|#####1    | 298/578 [00:30<00:32,  8.74it/s]
Extract:  52%|#####2    | 301/578 [00:30<00:37,  7.41it/s]
Extract:  53%|#####2    | 304/578 [00:31<00:33,  8.18it/s]
Extract:  53%|#####2    | 305/578 [00:31<00:33,  8.03it/s]
Extract:  53%|#####3    | 307/578 [00:31<00:32,  8.24it/s]
Extract:  53%|#####3    | 308/578 [00:31<00:32,  8.22it/s]
Extract:  53%|#####3    | 309/578 [00:31<00:40,  6.60it/s]
Extract:  54%|#####3    | 310/578 [00:32<00:39,  6.84it/s]
Extract:  54%|#####3    | 311/578 [00:32<00:54,  4.89it/s]
Extract:  54%|#####3    | 312/578 [00:32<00:57,  4.60it/s]
Extract:  54%|#####4    | 314/578 [00:32<00:48,  5.49it/s]
Extract:  55%|#####4    | 316/578 [00:33<00:51,  5.11it/s]
Extract:  55%|#####5    | 318/578 [00:33<00:51,  5.02it/s]
Extract:  55%|#####5    | 319/578 [00:33<00:48,  5.32it/s]
Extract:  55%|#####5    | 320/578 [00:34<00:49,  5.19it/s]
Extract:  56%|#####5    | 322/578 [00:34<00:37,  6.86it/s]
Extract:  56%|#####6    | 325/578 [00:34<00:24, 10.34it/s]
Extract:  57%|#####6    | 327/578 [00:34<00:32,  7.73it/s]
Extract:  57%|#####6    | 329/578 [00:35<00:29,  8.39it/s]
Extract:  57%|#####7    | 331/578 [00:35<00:35,  7.04it/s]
Extract:  57%|#####7    | 332/578 [00:35<00:37,  6.49it/s]
Extract:  58%|#####7    | 334/578 [00:35<00:29,  8.31it/s]
Extract:  58%|#####8    | 337/578 [00:35<00:21, 11.02it/s]
Extract:  59%|#####8    | 339/578 [00:35<00:20, 11.94it/s]
Extract:  59%|#####8    | 341/578 [00:36<00:20, 11.60it/s]
Extract:  59%|#####9    | 343/578 [00:36<00:18, 12.76it/s]
Extract:  60%|#####9    | 345/578 [00:36<00:22, 10.43it/s]
Extract:  60%|######    | 348/578 [00:36<00:17, 13.18it/s]
Extract:  61%|######    | 350/578 [00:37<00:22,  9.94it/s]
Extract:  61%|######    | 352/578 [00:37<00:25,  8.93it/s]
Extract:  61%|######1   | 354/578 [00:37<00:24,  9.21it/s]
Extract:  62%|######1   | 356/578 [00:38<00:35,  6.17it/s]
Extract:  62%|######1   | 357/578 [00:38<00:36,  6.08it/s]
Extract:  62%|######2   | 359/578 [00:38<00:29,  7.54it/s]
Extract:  62%|######2   | 360/578 [00:38<00:29,  7.34it/s]
Extract:  63%|######2   | 362/578 [00:38<00:30,  7.05it/s]
Extract:  63%|######2   | 364/578 [00:38<00:23,  8.96it/s]
Extract:  63%|######3   | 366/578 [00:39<00:24,  8.81it/s]
Extract:  64%|######3   | 368/578 [00:39<00:32,  6.53it/s]
Extract:  64%|######3   | 369/578 [00:40<00:44,  4.67it/s]
Extract:  65%|######4   | 373/578 [00:40<00:29,  6.88it/s]
Extract:  65%|######4   | 375/578 [00:40<00:24,  8.16it/s]
Extract:  65%|######5   | 377/578 [00:41<00:33,  5.98it/s]
Extract:  66%|######5   | 379/578 [00:41<00:28,  7.01it/s]
Extract:  66%|######5   | 380/578 [00:41<00:39,  4.98it/s]
Extract:  66%|######5   | 381/578 [00:42<00:38,  5.14it/s]
Extract:  66%|######6   | 382/578 [00:42<00:48,  4.06it/s]
Extract:  66%|######6   | 383/578 [00:42<00:44,  4.40it/s]
Extract:  66%|######6   | 384/578 [00:42<00:43,  4.43it/s]
Extract:  67%|######6   | 386/578 [00:42<00:31,  6.14it/s]
Extract:  67%|######6   | 387/578 [00:43<00:29,  6.58it/s]
Extract:  67%|######7   | 390/578 [00:43<00:18, 10.43it/s]
Extract:  68%|######7   | 392/578 [00:43<00:16, 11.25it/s]
Extract:  68%|######8   | 394/578 [00:43<00:16, 11.20it/s]
Extract:  69%|######8   | 396/578 [00:43<00:14, 12.40it/s]
Extract:  69%|######8   | 398/578 [00:43<00:14, 12.49it/s]
Extract:  69%|######9   | 401/578 [00:43<00:12, 14.57it/s]
Extract:  70%|######9   | 404/578 [00:44<00:10, 16.73it/s]
Extract:  70%|#######   | 406/578 [00:44<00:10, 15.84it/s]
Extract:  71%|#######   | 408/578 [00:44<00:16, 10.30it/s]
Extract:  71%|#######1  | 411/578 [00:44<00:12, 13.03it/s]
Extract:  71%|#######1  | 413/578 [00:44<00:14, 11.40it/s]
Extract:  72%|#######1  | 416/578 [00:45<00:12, 13.48it/s]
Extract:  72%|#######2  | 418/578 [00:45<00:11, 14.02it/s]
Extract:  73%|#######2  | 420/578 [00:45<00:18,  8.73it/s]
Extract:  73%|#######3  | 422/578 [00:45<00:18,  8.63it/s]
Extract:  74%|#######3  | 425/578 [00:46<00:15,  9.84it/s]
Extract:  74%|#######3  | 427/578 [00:46<00:15,  9.46it/s]
Extract:  74%|#######4  | 429/578 [00:46<00:19,  7.53it/s]
Extract:  75%|#######4  | 431/578 [00:46<00:16,  8.90it/s]
Extract:  75%|#######4  | 433/578 [00:47<00:15,  9.23it/s]
Extract:  75%|#######5  | 435/578 [00:47<00:18,  7.56it/s]
Extract:  76%|#######5  | 437/578 [00:47<00:15,  8.88it/s]
Extract:  76%|#######5  | 439/578 [00:47<00:16,  8.55it/s]
Extract:  76%|#######6  | 441/578 [00:48<00:22,  6.09it/s]
Extract:  77%|#######6  | 443/578 [00:48<00:18,  7.31it/s]
Extract:  77%|#######6  | 445/578 [00:48<00:18,  7.03it/s]
Extract:  78%|#######7  | 449/578 [00:49<00:11, 11.03it/s]
Extract:  78%|#######8  | 451/578 [00:49<00:17,  7.40it/s]
Extract:  78%|#######8  | 453/578 [00:49<00:14,  8.80it/s]
Extract:  79%|#######8  | 456/578 [00:49<00:10, 11.39it/s]
Extract:  79%|#######9  | 458/578 [00:49<00:10, 11.73it/s]
Extract:  80%|#######9  | 461/578 [00:50<00:08, 14.57it/s]
Extract:  80%|########  | 463/578 [00:50<00:10, 10.87it/s]
Extract:  81%|########  | 466/578 [00:50<00:09, 11.34it/s]
Extract:  81%|########  | 468/578 [00:51<00:17,  6.24it/s]
Extract:  81%|########1 | 470/578 [00:51<00:16,  6.45it/s]
Extract:  81%|########1 | 471/578 [00:51<00:16,  6.30it/s]
Extract:  82%|########1 | 472/578 [00:52<00:16,  6.29it/s]
Extract:  82%|########1 | 473/578 [00:52<00:15,  6.61it/s]
Extract:  82%|########2 | 474/578 [00:52<00:15,  6.54it/s]
Extract:  82%|########2 | 476/578 [00:52<00:15,  6.39it/s]
Extract:  83%|########2 | 478/578 [00:52<00:12,  8.22it/s]
Extract:  83%|########3 | 480/578 [00:52<00:09, 10.10it/s]
Extract:  83%|########3 | 482/578 [00:52<00:08, 11.79it/s]
Extract:  84%|########4 | 486/578 [00:53<00:05, 16.11it/s]
Extract:  84%|########4 | 488/578 [00:53<00:07, 12.16it/s]
Extract:  85%|########4 | 490/578 [00:54<00:16,  5.38it/s]
Extract:  85%|########5 | 492/578 [00:54<00:18,  4.70it/s]
Extract:  85%|########5 | 493/578 [00:55<00:18,  4.57it/s]
Extract:  85%|########5 | 494/578 [00:55<00:17,  4.70it/s]
Extract:  86%|########5 | 496/578 [00:55<00:12,  6.31it/s]
Extract:  86%|########6 | 498/578 [00:56<00:18,  4.44it/s]
Extract:  87%|########6 | 501/578 [00:56<00:11,  6.82it/s]
Extract:  87%|########7 | 504/578 [00:56<00:09,  8.03it/s]
Extract:  88%|########7 | 506/578 [00:56<00:10,  6.98it/s]
Extract:  88%|########7 | 508/578 [00:57<00:08,  7.92it/s]
Extract:  88%|########8 | 510/578 [00:57<00:07,  8.57it/s]
Extract:  89%|########8 | 512/578 [00:57<00:07,  9.36it/s]
Extract:  89%|########9 | 515/578 [00:57<00:05, 10.83it/s]
Extract:  89%|########9 | 517/578 [00:58<00:07,  7.63it/s]
Extract:  90%|########9 | 519/578 [00:58<00:06,  8.55it/s]
Extract:  90%|######### | 521/578 [00:58<00:05, 10.02it/s]
Extract:  90%|######### | 523/578 [00:58<00:05, 10.00it/s]
Extract:  91%|######### | 525/578 [00:58<00:05, 10.53it/s]
Extract:  91%|#########1| 527/578 [00:59<00:06,  7.97it/s]
Extract:  92%|#########1| 529/578 [00:59<00:05,  8.57it/s]
Extract:  92%|#########1| 531/578 [00:59<00:05,  8.71it/s]
Extract:  92%|#########2| 532/578 [00:59<00:05,  8.80it/s]
Extract:  92%|#########2| 533/578 [00:59<00:05,  8.69it/s]
Extract:  92%|#########2| 534/578 [01:00<00:06,  6.42it/s]
Extract:  93%|#########2| 535/578 [01:00<00:06,  6.76it/s]
Extract:  93%|#########2| 537/578 [01:00<00:07,  5.20it/s]
Extract:  93%|#########3| 538/578 [01:00<00:07,  5.00it/s]
Extract:  93%|#########3| 540/578 [01:01<00:07,  5.16it/s]
Extract:  94%|#########3| 541/578 [01:01<00:07,  5.21it/s]
Extract:  94%|#########3| 543/578 [01:01<00:05,  6.32it/s]
Extract:  94%|#########4| 546/578 [01:02<00:04,  6.58it/s]
Extract:  95%|#########4| 547/578 [01:02<00:05,  5.36it/s]
Extract:  95%|#########5| 551/578 [01:02<00:02,  9.30it/s]
Extract:  96%|#########5| 553/578 [01:02<00:02,  8.38it/s]
Extract:  96%|#########6| 555/578 [01:03<00:04,  4.98it/s]
Extract:  96%|#########6| 556/578 [01:04<00:05,  3.89it/s]
Extract:  96%|#########6| 557/578 [01:04<00:05,  4.19it/s]
Extract:  97%|#########6| 560/578 [01:04<00:03,  5.36it/s]
Extract:  97%|#########7| 561/578 [01:05<00:03,  5.55it/s]
Extract:  98%|#########7| 564/578 [01:05<00:02,  6.57it/s]
Extract:  98%|#########7| 565/578 [01:05<00:02,  4.70it/s]
Extract:  98%|#########7| 566/578 [01:05<00:02,  5.10it/s]
Extract:  98%|#########8| 567/578 [01:06<00:02,  4.90it/s]
Extract:  98%|#########8| 568/578 [01:06<00:02,  4.18it/s]
Extract:  99%|#########8| 570/578 [01:06<00:01,  5.86it/s]
Extract:  99%|#########8| 572/578 [01:06<00:00,  7.24it/s]
Extract:  99%|#########9| 574/578 [01:06<00:00,  9.21it/s]
Extract: 100%|#########9| 576/578 [01:07<00:00,  5.86it/s]
Extract: 100%|##########| 578/578 [01:07<00:00,  8.54it/s]

Extract:   0%|          | 0/578 [00:00<?, ?it/s]
Extract:   1%|          | 3/578 [00:00<00:35, 16.03it/s]
Extract:   1%|          | 5/578 [00:00<00:52, 10.97it/s]
Extract:   1%|1         | 7/578 [00:00<01:10,  8.15it/s]
Extract:   1%|1         | 8/578 [00:01<01:39,  5.73it/s]
Extract:   2%|1         | 9/578 [00:01<01:50,  5.16it/s]
Extract:   2%|1         | 10/578 [00:01<01:50,  5.14it/s]
Extract:   2%|1         | 11/578 [00:01<01:45,  5.38it/s]
Extract:   2%|2         | 12/578 [00:02<02:26,  3.86it/s]
Extract:   2%|2         | 14/578 [00:02<02:17,  4.11it/s]
Extract:   3%|2         | 15/578 [00:02<02:30,  3.74it/s]
Extract:   3%|2         | 17/578 [00:03<01:43,  5.40it/s]
Extract:   4%|3         | 21/578 [00:03<01:30,  6.13it/s]
Extract:   4%|3         | 22/578 [00:03<01:31,  6.05it/s]
Extract:   4%|3         | 23/578 [00:04<01:42,  5.43it/s]
Extract:   4%|4         | 25/578 [00:04<01:16,  7.19it/s]
Extract:   5%|4         | 27/578 [00:04<01:34,  5.85it/s]
Extract:   5%|5         | 29/578 [00:04<01:19,  6.94it/s]
Extract:   5%|5         | 30/578 [00:04<01:16,  7.18it/s]
Extract:   5%|5         | 31/578 [00:05<01:23,  6.53it/s]
Extract:   6%|5         | 34/578 [00:05<00:55,  9.83it/s]
Extract:   6%|6         | 37/578 [00:05<00:49, 11.04it/s]
Extract:   7%|6         | 39/578 [00:05<00:47, 11.41it/s]
Extract:   7%|7         | 41/578 [00:05<00:48, 11.04it/s]
Extract:   7%|7         | 43/578 [00:06<01:49,  4.91it/s]
Extract:   8%|7         | 46/578 [00:06<01:15,  7.05it/s]
Extract:   8%|8         | 48/578 [00:07<01:06,  7.91it/s]
Extract:   9%|8         | 50/578 [00:07<01:17,  6.83it/s]
Extract:   9%|8         | 52/578 [00:08<01:32,  5.66it/s]
Extract:   9%|9         | 54/578 [00:08<01:30,  5.81it/s]
Extract:  10%|9         | 55/578 [00:08<01:37,  5.34it/s]
Extract:  10%|9         | 57/578 [00:08<01:18,  6.62it/s]
Extract:  10%|#         | 58/578 [00:09<01:23,  6.24it/s]
Extract:  10%|#         | 59/578 [00:09<01:27,  5.95it/s]
Extract:  10%|#         | 60/578 [00:09<01:54,  4.54it/s]
Extract:  11%|#         | 61/578 [00:10<02:22,  3.64it/s]
Extract:  11%|#         | 63/578 [00:10<01:33,  5.50it/s]
Extract:  11%|#1        | 64/578 [00:10<01:36,  5.33it/s]
Extract:  11%|#1        | 65/578 [00:10<01:54,  4.49it/s]
Extract:  11%|#1        | 66/578 [00:10<01:46,  4.82it/s]
Extract:  12%|#1        | 67/578 [00:11<02:49,  3.01it/s]
Extract:  12%|#1        | 68/578 [00:11<02:31,  3.37it/s]
Extract:  12%|#1        | 69/578 [00:12<02:59,  2.84it/s]
Extract:  12%|#2        | 70/578 [00:12<02:28,  3.42it/s]
Extract:  12%|#2        | 71/578 [00:12<02:11,  3.87it/s]
Extract:  12%|#2        | 72/578 [00:12<01:58,  4.28it/s]
Extract:  13%|#2        | 73/578 [00:13<03:26,  2.44it/s]
Extract:  13%|#2        | 75/578 [00:13<02:15,  3.72it/s]
Extract:  13%|#3        | 76/578 [00:13<02:13,  3.75it/s]
Extract:  13%|#3        | 77/578 [00:14<03:01,  2.77it/s]
Extract:  14%|#3        | 79/578 [00:14<01:58,  4.23it/s]
Extract:  14%|#3        | 80/578 [00:14<01:44,  4.78it/s]
Extract:  14%|#4        | 81/578 [00:14<01:31,  5.45it/s]
Extract:  14%|#4        | 82/578 [00:15<01:23,  5.95it/s]
Extract:  14%|#4        | 83/578 [00:15<01:27,  5.68it/s]
Extract:  15%|#4        | 84/578 [00:16<02:43,  3.02it/s]
Extract:  15%|#4        | 85/578 [00:16<02:11,  3.75it/s]
Extract:  15%|#4        | 86/578 [00:16<01:54,  4.31it/s]
Extract:  15%|#5        | 88/578 [00:16<01:16,  6.40it/s]
Extract:  15%|#5        | 89/578 [00:17<02:14,  3.63it/s]
Extract:  16%|#5        | 90/578 [00:17<02:08,  3.81it/s]
Extract:  16%|#5        | 91/578 [00:18<03:08,  2.59it/s]
Extract:  16%|#5        | 92/578 [00:18<03:33,  2.28it/s]
Extract:  16%|#6        | 93/578 [00:18<02:46,  2.92it/s]
Extract:  16%|#6        | 94/578 [00:18<02:35,  3.12it/s]
Extract:  17%|#6        | 96/578 [00:19<02:48,  2.87it/s]
Extract:  17%|#6        | 97/578 [00:19<02:23,  3.34it/s]
Extract:  17%|#6        | 98/578 [00:20<02:17,  3.50it/s]
Extract:  17%|#7        | 99/578 [00:20<01:56,  4.12it/s]
Extract:  17%|#7        | 100/578 [00:20<02:01,  3.94it/s]
Extract:  17%|#7        | 101/578 [00:20<01:47,  4.45it/s]
Extract:  18%|#7        | 104/578 [00:20<00:59,  7.95it/s]
Extract:  18%|#8        | 106/578 [00:21<01:23,  5.68it/s]
Extract:  19%|#8        | 107/578 [00:21<01:55,  4.09it/s]
Extract:  19%|#8        | 108/578 [00:22<01:55,  4.06it/s]
Extract:  19%|#9        | 110/578 [00:22<01:32,  5.05it/s]
Extract:  19%|#9        | 111/578 [00:22<01:28,  5.28it/s]
Extract:  20%|#9        | 113/578 [00:22<01:05,  7.06it/s]
Extract:  20%|#9        | 114/578 [00:23<01:40,  4.63it/s]
Extract:  20%|#9        | 115/578 [00:23<01:31,  5.05it/s]
Extract:  20%|##        | 116/578 [00:23<01:36,  4.80it/s]
Extract:  20%|##        | 117/578 [00:23<01:58,  3.90it/s]
Extract:  21%|##        | 120/578 [00:24<01:49,  4.17it/s]
Extract:  21%|##        | 121/578 [00:25<02:22,  3.20it/s]
Extract:  21%|##1       | 123/578 [00:25<01:40,  4.51it/s]
Extract:  22%|##1       | 125/578 [00:25<01:49,  4.15it/s]
Extract:  22%|##1       | 126/578 [00:26<01:46,  4.23it/s]
Extract:  22%|##2       | 128/578 [00:26<01:47,  4.20it/s]
Extract:  22%|##2       | 130/578 [00:27<01:46,  4.19it/s]
Extract:  23%|##2       | 131/578 [00:27<02:00,  3.72it/s]
Extract:  23%|##2       | 132/578 [00:27<01:44,  4.26it/s]
Extract:  23%|##3       | 133/578 [00:27<01:52,  3.96it/s]
Extract:  23%|##3       | 134/578 [00:28<01:40,  4.43it/s]
Extract:  23%|##3       | 135/578 [00:28<01:26,  5.14it/s]
Extract:  24%|##3       | 137/578 [00:28<01:47,  4.11it/s]
Extract:  24%|##3       | 138/578 [00:29<02:11,  3.34it/s]
Extract:  24%|##4       | 139/578 [00:29<02:58,  2.46it/s]
Extract:  24%|##4       | 141/578 [00:30<01:55,  3.77it/s]
Extract:  25%|##4       | 144/578 [00:30<01:09,  6.26it/s]
Extract:  25%|##5       | 146/578 [00:31<02:12,  3.26it/s]
Extract:  25%|##5       | 147/578 [00:31<02:29,  2.88it/s]
Extract:  26%|##5       | 148/578 [00:32<02:30,  2.87it/s]
Extract:  26%|##5       | 149/578 [00:33<04:08,  1.73it/s]
Extract:  26%|##5       | 150/578 [00:34<03:52,  1.84it/s]
Extract:  26%|##6       | 152/578 [00:34<02:41,  2.64it/s]
Extract:  26%|##6       | 153/578 [00:35<04:03,  1.75it/s]
Extract:  27%|##6       | 154/578 [00:35<03:19,  2.13it/s]
Extract:  27%|##6       | 155/578 [00:36<03:53,  1.81it/s]
Extract:  27%|##7       | 157/578 [00:36<02:32,  2.76it/s]
Extract:  27%|##7       | 158/578 [00:37<02:15,  3.11it/s]
Extract:  28%|##7       | 159/578 [00:37<01:52,  3.73it/s]
Extract:  28%|##7       | 160/578 [00:37<02:06,  3.30it/s]
Extract:  28%|##8       | 162/578 [00:37<01:23,  4.96it/s]
Extract:  28%|##8       | 163/578 [00:38<02:38,  2.62it/s]
Extract:  28%|##8       | 164/578 [00:38<02:13,  3.11it/s]
Extract:  29%|##8       | 165/578 [00:38<01:56,  3.54it/s]
Extract:  29%|##8       | 166/578 [00:39<01:42,  4.04it/s]
Extract:  29%|##8       | 167/578 [00:39<02:29,  2.76it/s]
Extract:  29%|##9       | 168/578 [00:39<02:05,  3.26it/s]
Extract:  29%|##9       | 169/578 [00:40<01:42,  3.97it/s]
Extract:  29%|##9       | 170/578 [00:40<01:30,  4.50it/s]
Extract:  30%|##9       | 172/578 [00:40<01:21,  5.01it/s]
Extract:  30%|##9       | 173/578 [00:41<02:04,  3.26it/s]
Extract:  30%|###       | 174/578 [00:41<01:52,  3.59it/s]
Extract:  30%|###       | 175/578 [00:41<01:34,  4.27it/s]
Extract:  31%|###       | 177/578 [00:42<02:13,  3.00it/s]
Extract:  31%|###       | 178/578 [00:42<01:54,  3.50it/s]
Extract:  31%|###       | 179/578 [00:42<01:39,  4.02it/s]
Extract:  31%|###1      | 180/578 [00:43<02:06,  3.16it/s]
Extract:  31%|###1      | 181/578 [00:43<02:40,  2.47it/s]
Extract:  31%|###1      | 182/578 [00:44<02:24,  2.74it/s]
Extract:  32%|###1      | 184/578 [00:44<01:53,  3.48it/s]
Extract:  32%|###2      | 185/578 [00:44<02:12,  2.97it/s]
Extract:  32%|###2      | 186/578 [00:45<01:56,  3.37it/s]
Extract:  33%|###2      | 188/578 [00:45<01:28,  4.40it/s]
Extract:  33%|###2      | 189/578 [00:45<01:54,  3.39it/s]
Extract:  33%|###3      | 191/578 [00:46<01:42,  3.76it/s]
Extract:  33%|###3      | 193/578 [00:46<01:17,  4.95it/s]
Extract:  34%|###3      | 195/578 [00:46<01:01,  6.26it/s]
Extract:  34%|###4      | 197/578 [00:47<01:27,  4.37it/s]
Extract:  34%|###4      | 198/578 [00:47<01:26,  4.39it/s]
Extract:  35%|###4      | 201/578 [00:48<01:24,  4.45it/s]
Extract:  35%|###4      | 202/578 [00:48<01:23,  4.53it/s]
Extract:  35%|###5      | 203/578 [00:49<01:43,  3.62it/s]
Extract:  36%|###5      | 206/578 [00:49<01:06,  5.58it/s]
Extract:  36%|###5      | 207/578 [00:49<01:13,  5.03it/s]
Extract:  36%|###6      | 209/578 [00:49<00:57,  6.39it/s]
Extract:  36%|###6      | 210/578 [00:49<00:59,  6.23it/s]
Extract:  37%|###6      | 212/578 [00:50<01:10,  5.21it/s]
Extract:  37%|###6      | 213/578 [00:50<01:08,  5.31it/s]
Extract:  37%|###7      | 215/578 [00:51<01:29,  4.05it/s]
Extract:  38%|###7      | 217/578 [00:51<01:11,  5.04it/s]
Extract:  38%|###8      | 220/578 [00:51<00:50,  7.05it/s]
Extract:  38%|###8      | 221/578 [00:51<00:48,  7.42it/s]
Extract:  39%|###8      | 223/578 [00:51<00:38,  9.31it/s]
Extract:  39%|###8      | 225/578 [00:52<00:55,  6.37it/s]
Extract:  39%|###9      | 226/578 [00:52<01:00,  5.80it/s]
Extract:  39%|###9      | 227/578 [00:52<00:58,  6.04it/s]
Extract:  40%|###9      | 229/578 [00:52<00:53,  6.47it/s]
Extract:  40%|###9      | 230/578 [00:53<01:07,  5.19it/s]
Extract:  40%|###9      | 231/578 [00:53<01:12,  4.81it/s]
Extract:  40%|####      | 232/578 [00:53<01:08,  5.04it/s]
Extract:  40%|####      | 233/578 [00:53<01:00,  5.74it/s]
Extract:  40%|####      | 234/578 [00:53<00:55,  6.19it/s]
Extract:  41%|####      | 235/578 [00:54<00:51,  6.66it/s]
Extract:  41%|####      | 236/578 [00:54<01:25,  4.01it/s]
Extract:  41%|####1     | 237/578 [00:55<01:42,  3.33it/s]
Extract:  41%|####1     | 239/578 [00:55<01:16,  4.40it/s]
Extract:  42%|####1     | 240/578 [00:55<01:12,  4.66it/s]
Extract:  42%|####1     | 242/578 [00:55<00:51,  6.51it/s]
Extract:  42%|####2     | 244/578 [00:56<01:28,  3.77it/s]
Extract:  42%|####2     | 245/578 [00:56<01:17,  4.31it/s]
Extract:  43%|####2     | 247/578 [00:57<01:16,  4.30it/s]
Extract:  43%|####2     | 248/578 [00:57<01:27,  3.78it/s]
Extract:  43%|####3     | 249/578 [00:57<01:22,  4.00it/s]
Extract:  43%|####3     | 250/578 [00:57<01:09,  4.69it/s]
Extract:  43%|####3     | 251/578 [00:57<01:02,  5.24it/s]
Extract:  44%|####3     | 253/578 [00:58<00:43,  7.43it/s]
Extract:  44%|####4     | 255/578 [00:58<00:46,  6.97it/s]
Extract:  44%|####4     | 256/578 [00:58<01:05,  4.93it/s]
Extract:  45%|####4     | 258/578 [00:58<00:49,  6.40it/s]
Extract:  45%|####4     | 259/578 [00:59<00:46,  6.90it/s]
Extract:  45%|####5     | 261/578 [00:59<00:39,  7.96it/s]
Extract:  45%|####5     | 262/578 [00:59<00:54,  5.83it/s]
Extract:  46%|####5     | 263/578 [01:00<01:23,  3.75it/s]
Extract:  46%|####5     | 265/578 [01:00<01:15,  4.17it/s]
Extract:  46%|####6     | 266/578 [01:00<01:15,  4.12it/s]
Extract:  46%|####6     | 267/578 [01:01<01:24,  3.66it/s]
Extract:  46%|####6     | 268/578 [01:01<01:11,  4.35it/s]
Extract:  47%|####6     | 269/578 [01:02<01:54,  2.70it/s]
Extract:  47%|####7     | 272/578 [01:02<00:59,  5.18it/s]
Extract:  47%|####7     | 274/578 [01:03<01:30,  3.36it/s]
Extract:  48%|####7     | 275/578 [01:03<01:34,  3.20it/s]
Extract:  48%|####7     | 276/578 [01:03<01:29,  3.38it/s]
Extract:  48%|####7     | 277/578 [01:03<01:19,  3.78it/s]
Extract:  48%|####8     | 280/578 [01:04<01:07,  4.39it/s]
Extract:  49%|####8     | 282/578 [01:04<00:55,  5.35it/s]
Extract:  49%|####8     | 283/578 [01:05<01:04,  4.55it/s]
Extract:  49%|####9     | 285/578 [01:05<00:58,  4.98it/s]
Extract:  49%|####9     | 286/578 [01:05<01:00,  4.84it/s]
Extract:  50%|####9     | 287/578 [01:05<00:56,  5.16it/s]
Extract:  50%|####9     | 288/578 [01:05<00:51,  5.59it/s]
Extract:  50%|#####     | 289/578 [01:06<00:52,  5.51it/s]
Extract:  50%|#####     | 290/578 [01:06<01:21,  3.52it/s]
Extract:  50%|#####     | 291/578 [01:06<01:08,  4.18it/s]
Extract:  51%|#####     | 293/578 [01:06<00:45,  6.28it/s]
Extract:  51%|#####     | 294/578 [01:07<00:47,  6.00it/s]
Extract:  51%|#####1    | 295/578 [01:07<01:40,  2.81it/s]
Extract:  51%|#####1    | 296/578 [01:08<01:21,  3.44it/s]
Extract:  51%|#####1    | 297/578 [01:08<01:35,  2.96it/s]
Extract:  52%|#####1    | 299/578 [01:08<01:01,  4.53it/s]
Extract:  52%|#####2    | 301/578 [01:09<00:58,  4.78it/s]
Extract:  53%|#####2    | 304/578 [01:09<00:55,  4.90it/s]
Extract:  53%|#####2    | 305/578 [01:09<00:52,  5.21it/s]
Extract:  53%|#####3    | 307/578 [01:10<00:51,  5.26it/s]
Extract:  53%|#####3    | 308/578 [01:10<00:56,  4.82it/s]
Extract:  53%|#####3    | 309/578 [01:11<01:21,  3.28it/s]
Extract:  54%|#####3    | 310/578 [01:11<01:15,  3.55it/s]
Extract:  54%|#####3    | 311/578 [01:11<01:29,  2.97it/s]
Extract:  54%|#####3    | 312/578 [01:12<01:36,  2.76it/s]
Extract:  54%|#####4    | 313/578 [01:12<01:18,  3.36it/s]
Extract:  54%|#####4    | 314/578 [01:13<02:04,  2.11it/s]
Extract:  55%|#####4    | 316/578 [01:13<01:30,  2.91it/s]
Extract:  55%|#####5    | 318/578 [01:14<01:17,  3.35it/s]
Extract:  55%|#####5    | 319/578 [01:14<01:12,  3.57it/s]
Extract:  55%|#####5    | 320/578 [01:14<01:16,  3.37it/s]
Extract:  56%|#####5    | 321/578 [01:14<01:04,  3.98it/s]
Extract:  56%|#####5    | 322/578 [01:15<01:03,  4.01it/s]
Extract:  56%|#####5    | 323/578 [01:15<00:58,  4.37it/s]
Extract:  56%|#####6    | 325/578 [01:15<00:41,  6.16it/s]
Extract:  56%|#####6    | 326/578 [01:15<00:45,  5.51it/s]
Extract:  57%|#####6    | 328/578 [01:15<00:41,  6.03it/s]
Extract:  57%|#####7    | 330/578 [01:16<00:34,  7.14it/s]
Extract:  57%|#####7    | 331/578 [01:16<00:37,  6.61it/s]
Extract:  57%|#####7    | 332/578 [01:16<00:48,  5.07it/s]
Extract:  58%|#####7    | 334/578 [01:16<00:36,  6.71it/s]
Extract:  58%|#####7    | 335/578 [01:16<00:34,  6.96it/s]
Extract:  58%|#####8    | 337/578 [01:17<00:31,  7.58it/s]
Extract:  59%|#####8    | 339/578 [01:17<00:30,  7.82it/s]
Extract:  59%|#####8    | 340/578 [01:17<00:32,  7.37it/s]
Extract:  59%|#####8    | 341/578 [01:17<00:35,  6.75it/s]
Extract:  59%|#####9    | 342/578 [01:18<00:43,  5.40it/s]
Extract:  60%|#####9    | 344/578 [01:18<00:55,  4.18it/s]
Extract:  60%|#####9    | 345/578 [01:18<00:50,  4.65it/s]
Extract:  60%|######    | 347/578 [01:19<00:38,  5.93it/s]
Extract:  60%|######    | 349/578 [01:19<00:53,  4.31it/s]
Extract:  61%|######    | 350/578 [01:19<00:51,  4.45it/s]
Extract:  61%|######    | 351/578 [01:21<01:40,  2.26it/s]
Extract:  61%|######    | 352/578 [01:21<01:21,  2.76it/s]
Extract:  61%|######1   | 353/578 [01:21<01:15,  3.00it/s]
Extract:  61%|######1   | 355/578 [01:21<00:51,  4.36it/s]
Extract:  62%|######1   | 356/578 [01:22<01:05,  3.41it/s]
Extract:  62%|######1   | 357/578 [01:22<01:06,  3.30it/s]
Extract:  62%|######2   | 359/578 [01:22<00:52,  4.21it/s]
Extract:  62%|######2   | 360/578 [01:23<00:51,  4.23it/s]
Extract:  62%|######2   | 361/578 [01:23<00:44,  4.85it/s]
Extract:  63%|######2   | 362/578 [01:23<01:03,  3.43it/s]
Extract:  63%|######2   | 363/578 [01:23<00:52,  4.06it/s]
Extract:  63%|######2   | 364/578 [01:23<00:44,  4.79it/s]
Extract:  63%|######3   | 365/578 [01:24<00:44,  4.74it/s]
Extract:  63%|######3   | 366/578 [01:24<00:47,  4.48it/s]
Extract:  63%|######3   | 367/578 [01:24<01:07,  3.14it/s]
Extract:  64%|######3   | 368/578 [01:25<01:05,  3.21it/s]
Extract:  64%|######3   | 369/578 [01:25<01:24,  2.48it/s]
Extract:  64%|######4   | 371/578 [01:25<00:51,  4.02it/s]
Extract:  65%|######4   | 373/578 [01:26<00:47,  4.35it/s]
Extract:  65%|######4   | 374/578 [01:26<00:43,  4.74it/s]
Extract:  65%|######5   | 376/578 [01:26<00:37,  5.35it/s]
Extract:  65%|######5   | 377/578 [01:27<00:41,  4.84it/s]
Extract:  65%|######5   | 378/578 [01:27<00:38,  5.23it/s]
Extract:  66%|######5   | 379/578 [01:27<00:33,  5.92it/s]
Extract:  66%|######5   | 380/578 [01:27<00:41,  4.80it/s]
Extract:  66%|######5   | 381/578 [01:27<00:43,  4.49it/s]
Extract:  66%|######6   | 382/578 [01:29<01:34,  2.08it/s]
Extract:  66%|######6   | 383/578 [01:29<01:16,  2.54it/s]
Extract:  66%|######6   | 384/578 [01:29<01:15,  2.57it/s]
Extract:  67%|######6   | 386/578 [01:29<00:49,  3.85it/s]
Extract:  67%|######6   | 387/578 [01:30<00:49,  3.84it/s]
Extract:  67%|######7   | 390/578 [01:30<00:29,  6.28it/s]
Extract:  68%|######7   | 391/578 [01:30<00:31,  6.02it/s]
Extract:  68%|######7   | 392/578 [01:30<00:32,  5.72it/s]
Extract:  68%|######7   | 393/578 [01:31<00:44,  4.18it/s]
Extract:  68%|######8   | 394/578 [01:31<00:41,  4.44it/s]
Extract:  68%|######8   | 395/578 [01:31<00:42,  4.31it/s]
Extract:  69%|######8   | 397/578 [01:31<00:34,  5.24it/s]
Extract:  69%|######8   | 398/578 [01:31<00:31,  5.80it/s]
Extract:  69%|######9   | 399/578 [01:32<00:30,  5.92it/s]
Extract:  69%|######9   | 401/578 [01:32<00:23,  7.54it/s]
Extract:  70%|######9   | 403/578 [01:32<00:20,  8.56it/s]
Extract:  70%|######9   | 404/578 [01:32<00:20,  8.58it/s]
Extract:  70%|#######   | 405/578 [01:32<00:20,  8.54it/s]
Extract:  70%|#######   | 406/578 [01:32<00:26,  6.61it/s]
Extract:  70%|#######   | 407/578 [01:33<00:34,  4.95it/s]
Extract:  71%|#######   | 408/578 [01:33<00:54,  3.14it/s]
Extract:  71%|#######   | 410/578 [01:34<00:40,  4.16it/s]
Extract:  71%|#######1  | 412/578 [01:34<00:30,  5.47it/s]
Extract:  71%|#######1  | 413/578 [01:34<00:35,  4.64it/s]
Extract:  72%|#######1  | 415/578 [01:34<00:27,  5.87it/s]
Extract:  72%|#######1  | 416/578 [01:35<00:29,  5.58it/s]
Extract:  72%|#######2  | 417/578 [01:35<00:26,  6.11it/s]
Extract:  72%|#######2  | 418/578 [01:35<00:28,  5.63it/s]
Extract:  72%|#######2  | 419/578 [01:35<00:33,  4.77it/s]
Extract:  73%|#######2  | 421/578 [01:36<00:40,  3.91it/s]
Extract:  73%|#######3  | 424/578 [01:36<00:29,  5.31it/s]
Extract:  74%|#######3  | 425/578 [01:37<00:37,  4.13it/s]
Extract:  74%|#######3  | 426/578 [01:37<00:35,  4.22it/s]
Extract:  74%|#######3  | 427/578 [01:38<01:09,  2.16it/s]
Extract:  74%|#######4  | 428/578 [01:39<01:15,  1.98it/s]
Extract:  74%|#######4  | 429/578 [01:39<01:16,  1.95it/s]
Extract:  75%|#######4  | 431/578 [01:40<00:50,  2.91it/s]
Extract:  75%|#######4  | 432/578 [01:40<00:47,  3.09it/s]
Extract:  75%|#######5  | 434/578 [01:40<00:45,  3.15it/s]
Extract:  75%|#######5  | 435/578 [01:41<00:39,  3.58it/s]
Extract:  76%|#######5  | 437/578 [01:41<00:30,  4.63it/s]
Extract:  76%|#######5  | 438/578 [01:41<00:28,  4.88it/s]
Extract:  76%|#######5  | 439/578 [01:41<00:32,  4.30it/s]
Extract:  76%|#######6  | 441/578 [01:42<00:35,  3.87it/s]
Extract:  76%|#######6  | 442/578 [01:42<00:30,  4.40it/s]
Extract:  77%|#######6  | 443/578 [01:42<00:26,  5.04it/s]
Extract:  77%|#######6  | 444/578 [01:42<00:23,  5.69it/s]
Extract:  77%|#######6  | 445/578 [01:43<00:38,  3.46it/s]
Extract:  77%|#######7  | 447/578 [01:43<00:25,  5.14it/s]
Extract:  78%|#######7  | 449/578 [01:43<00:19,  6.65it/s]
Extract:  78%|#######7  | 450/578 [01:44<00:30,  4.17it/s]
Extract:  78%|#######8  | 451/578 [01:44<00:40,  3.15it/s]
Extract:  78%|#######8  | 452/578 [01:44<00:34,  3.65it/s]
Extract:  79%|#######8  | 454/578 [01:45<00:24,  4.98it/s]
Extract:  79%|#######8  | 455/578 [01:45<00:22,  5.58it/s]
Extract:  79%|#######8  | 456/578 [01:45<00:19,  6.20it/s]
Extract:  79%|#######9  | 458/578 [01:45<00:22,  5.39it/s]
Extract:  79%|#######9  | 459/578 [01:45<00:19,  6.01it/s]
Extract:  80%|#######9  | 461/578 [01:46<00:16,  7.09it/s]
Extract:  80%|#######9  | 462/578 [01:46<00:15,  7.52it/s]
Extract:  80%|########  | 463/578 [01:46<00:20,  5.61it/s]
Extract:  81%|########  | 466/578 [01:46<00:16,  6.82it/s]
Extract:  81%|########  | 467/578 [01:47<00:20,  5.35it/s]
Extract:  81%|########  | 468/578 [01:48<00:47,  2.32it/s]
Extract:  81%|########1 | 469/578 [01:48<00:38,  2.82it/s]
Extract:  81%|########1 | 470/578 [01:48<00:34,  3.13it/s]
Extract:  81%|########1 | 471/578 [01:49<00:35,  3.05it/s]
Extract:  82%|########1 | 472/578 [01:49<00:34,  3.10it/s]
Extract:  82%|########1 | 473/578 [01:49<00:28,  3.71it/s]
Extract:  82%|########2 | 474/578 [01:49<00:28,  3.70it/s]
Extract:  82%|########2 | 475/578 [01:49<00:23,  4.46it/s]
Extract:  82%|########2 | 476/578 [01:50<00:36,  2.82it/s]
Extract:  83%|########2 | 477/578 [01:50<00:30,  3.32it/s]
Extract:  83%|########2 | 478/578 [01:50<00:24,  4.02it/s]
Extract:  83%|########2 | 479/578 [01:51<00:23,  4.23it/s]
Extract:  83%|########3 | 480/578 [01:51<00:20,  4.79it/s]
Extract:  83%|########3 | 481/578 [01:51<00:19,  4.88it/s]
Extract:  84%|########3 | 483/578 [01:51<00:14,  6.58it/s]
Extract:  84%|########3 | 485/578 [01:51<00:11,  7.85it/s]
Extract:  84%|########4 | 487/578 [01:52<00:12,  7.19it/s]
Extract:  85%|########4 | 489/578 [01:52<00:18,  4.91it/s]
Extract:  85%|########4 | 490/578 [01:53<00:17,  4.95it/s]
Extract:  85%|########4 | 491/578 [01:53<00:18,  4.65it/s]
Extract:  85%|########5 | 492/578 [01:53<00:20,  4.18it/s]
Extract:  85%|########5 | 493/578 [01:53<00:20,  4.23it/s]
Extract:  85%|########5 | 494/578 [01:54<00:20,  4.14it/s]
Extract:  86%|########5 | 496/578 [01:54<00:14,  5.79it/s]
Extract:  86%|########6 | 498/578 [01:54<00:18,  4.35it/s]
Extract:  87%|########6 | 500/578 [01:54<00:13,  6.00it/s]
Extract:  87%|########6 | 501/578 [01:55<00:12,  5.98it/s]
Extract:  87%|########7 | 503/578 [01:55<00:09,  7.89it/s]
Extract:  87%|########7 | 505/578 [01:56<00:19,  3.78it/s]
Extract:  88%|########7 | 507/578 [01:56<00:14,  4.89it/s]
Extract:  88%|########7 | 508/578 [01:56<00:14,  4.73it/s]
Extract:  88%|########8 | 510/578 [01:57<00:14,  4.75it/s]
Extract:  88%|########8 | 511/578 [01:57<00:13,  5.14it/s]
Extract:  89%|########8 | 512/578 [01:57<00:14,  4.63it/s]
Extract:  89%|########8 | 514/578 [01:57<00:09,  6.43it/s]
Extract:  89%|########9 | 515/578 [01:57<00:11,  5.25it/s]
Extract:  89%|########9 | 516/578 [01:59<00:29,  2.10it/s]
Extract:  89%|########9 | 517/578 [01:59<00:25,  2.40it/s]
Extract:  90%|########9 | 519/578 [01:59<00:18,  3.22it/s]
Extract:  90%|########9 | 520/578 [02:00<00:16,  3.57it/s]
Extract:  90%|######### | 522/578 [02:00<00:11,  4.82it/s]
Extract:  90%|######### | 523/578 [02:00<00:12,  4.55it/s]
Extract:  91%|######### | 524/578 [02:00<00:10,  4.94it/s]
Extract:  91%|#########1| 526/578 [02:01<00:13,  3.94it/s]
Extract:  91%|#########1| 528/578 [02:01<00:09,  5.12it/s]
Extract:  92%|#########1| 529/578 [02:01<00:09,  5.36it/s]
Extract:  92%|#########1| 530/578 [02:01<00:08,  5.78it/s]
Extract:  92%|#########1| 531/578 [02:02<00:07,  5.94it/s]
Extract:  92%|#########2| 532/578 [02:02<00:08,  5.50it/s]
Extract:  92%|#########2| 533/578 [02:02<00:08,  5.27it/s]
Extract:  92%|#########2| 534/578 [02:02<00:11,  3.98it/s]
Extract:  93%|#########2| 535/578 [02:03<00:09,  4.57it/s]
Extract:  93%|#########2| 537/578 [02:03<00:09,  4.21it/s]
Extract:  93%|#########3| 538/578 [02:04<00:12,  3.28it/s]
Extract:  93%|#########3| 540/578 [02:04<00:10,  3.60it/s]
Extract:  94%|#########3| 541/578 [02:04<00:09,  3.82it/s]
Extract:  94%|#########3| 543/578 [02:04<00:07,  4.95it/s]
Extract:  94%|#########4| 546/578 [02:05<00:06,  4.84it/s]
Extract:  95%|#########4| 547/578 [02:06<00:08,  3.57it/s]
Extract:  95%|#########5| 550/578 [02:06<00:05,  5.53it/s]
Extract:  96%|#########5| 553/578 [02:07<00:05,  4.97it/s]
Extract:  96%|#########5| 554/578 [02:07<00:06,  3.71it/s]
Extract:  96%|#########6| 555/578 [02:08<00:07,  2.90it/s]
Extract:  96%|#########6| 556/578 [02:08<00:07,  2.96it/s]
Extract:  96%|#########6| 557/578 [02:08<00:06,  3.10it/s]
Extract:  97%|#########6| 559/578 [02:09<00:04,  4.54it/s]
Extract:  97%|#########6| 560/578 [02:09<00:05,  3.34it/s]
Extract:  97%|#########7| 561/578 [02:10<00:08,  1.91it/s]
Extract:  98%|#########7| 564/578 [02:11<00:04,  2.86it/s]
Extract:  98%|#########7| 565/578 [02:11<00:04,  2.73it/s]
Extract:  98%|#########7| 566/578 [02:12<00:03,  3.20it/s]
Extract:  98%|#########8| 567/578 [02:12<00:03,  3.53it/s]
Extract:  98%|#########8| 568/578 [02:12<00:03,  2.99it/s]
Extract:  99%|#########8| 570/578 [02:12<00:01,  4.37it/s]
Extract:  99%|#########8| 572/578 [02:13<00:01,  5.56it/s]
Extract:  99%|#########9| 574/578 [02:13<00:00,  6.76it/s]
Extract:  99%|#########9| 575/578 [02:13<00:00,  4.74it/s]
Extract: 100%|#########9| 576/578 [02:14<00:00,  3.28it/s]
Extract: 100%|##########| 578/578 [02:14<00:00,  4.30it/s]

Extract:   0%|          | 0/578 [00:00<?, ?it/s]
Extract:   0%|          | 2/578 [00:00<00:32, 17.68it/s]
Extract:   1%|          | 4/578 [00:00<01:07,  8.47it/s]
Extract:   1%|1         | 6/578 [00:00<01:23,  6.84it/s]
Extract:   1%|1         | 7/578 [00:01<01:59,  4.76it/s]
Extract:   1%|1         | 8/578 [00:01<02:05,  4.53it/s]
Extract:   2%|1         | 9/578 [00:01<02:15,  4.20it/s]
Extract:   2%|1         | 10/578 [00:01<02:11,  4.32it/s]
Extract:   2%|1         | 11/578 [00:02<02:12,  4.29it/s]
Extract:   2%|2         | 12/578 [00:02<02:41,  3.51it/s]
Extract:   2%|2         | 14/578 [00:03<02:47,  3.38it/s]
Extract:   3%|2         | 15/578 [00:03<03:11,  2.94it/s]
Extract:   3%|2         | 16/578 [00:03<02:44,  3.42it/s]
Extract:   3%|3         | 19/578 [00:03<01:28,  6.31it/s]
Extract:   4%|3         | 21/578 [00:04<01:45,  5.28it/s]
Extract:   4%|3         | 22/578 [00:04<01:46,  5.21it/s]
Extract:   4%|3         | 23/578 [00:04<01:52,  4.93it/s]
Extract:   4%|4         | 24/578 [00:05<01:41,  5.46it/s]
Extract:   4%|4         | 26/578 [00:05<01:15,  7.29it/s]
Extract:   5%|4         | 27/578 [00:05<01:53,  4.84it/s]
Extract:   5%|4         | 28/578 [00:05<01:40,  5.46it/s]
Extract:   5%|5         | 29/578 [00:05<01:35,  5.75it/s]
Extract:   5%|5         | 30/578 [00:06<01:37,  5.64it/s]
Extract:   5%|5         | 31/578 [00:06<01:55,  4.72it/s]
Extract:   6%|5         | 32/578 [00:06<01:41,  5.40it/s]
Extract:   6%|5         | 34/578 [00:06<01:08,  7.90it/s]
Extract:   6%|6         | 36/578 [00:06<01:10,  7.71it/s]
Extract:   6%|6         | 37/578 [00:07<01:15,  7.20it/s]
Extract:   7%|6         | 38/578 [00:07<01:11,  7.53it/s]
Extract:   7%|6         | 40/578 [00:07<00:58,  9.19it/s]
Extract:   7%|7         | 42/578 [00:07<01:29,  5.99it/s]
Extract:   7%|7         | 43/578 [00:08<01:56,  4.60it/s]
Extract:   8%|7         | 46/578 [00:08<01:13,  7.27it/s]
Extract:   8%|8         | 48/578 [00:08<01:05,  8.15it/s]
Extract:   9%|8         | 50/578 [00:09<01:27,  6.02it/s]
Extract:   9%|8         | 51/578 [00:09<01:40,  5.24it/s]
Extract:   9%|8         | 52/578 [00:09<01:47,  4.91it/s]
Extract:   9%|9         | 54/578 [00:09<01:36,  5.42it/s]
Extract:  10%|9         | 55/578 [00:10<01:50,  4.73it/s]
Extract:  10%|9         | 56/578 [00:10<01:40,  5.19it/s]
Extract:  10%|#         | 58/578 [00:10<01:43,  5.00it/s]
Extract:  10%|#         | 59/578 [00:10<01:42,  5.07it/s]
Extract:  10%|#         | 60/578 [00:11<01:58,  4.38it/s]
Extract:  11%|#         | 61/578 [00:11<02:46,  3.10it/s]
Extract:  11%|#         | 62/578 [00:12<02:18,  3.74it/s]
Extract:  11%|#1        | 64/578 [00:12<01:56,  4.42it/s]
Extract:  11%|#1        | 65/578 [00:12<02:16,  3.77it/s]
Extract:  12%|#1        | 67/578 [00:13<02:28,  3.44it/s]
Extract:  12%|#1        | 69/578 [00:13<01:54,  4.46it/s]
Extract:  12%|#2        | 71/578 [00:13<01:29,  5.67it/s]
Extract:  12%|#2        | 72/578 [00:13<01:21,  6.19it/s]
Extract:  13%|#2        | 73/578 [00:14<01:47,  4.70it/s]
Extract:  13%|#2        | 75/578 [00:14<01:19,  6.37it/s]
Extract:  13%|#3        | 76/578 [00:14<01:18,  6.39it/s]
Extract:  13%|#3        | 77/578 [00:14<01:45,  4.73it/s]
Extract:  14%|#3        | 79/578 [00:15<01:26,  5.80it/s]
Extract:  14%|#4        | 81/578 [00:15<01:11,  6.96it/s]
Extract:  14%|#4        | 83/578 [00:15<01:10,  6.98it/s]
Extract:  15%|#4        | 84/578 [00:16<01:39,  4.97it/s]
Extract:  15%|#4        | 86/578 [00:16<01:19,  6.23it/s]
Extract:  15%|#5        | 89/578 [00:16<01:21,  5.98it/s]
Extract:  16%|#5        | 90/578 [00:16<01:20,  6.04it/s]
Extract:  16%|#5        | 91/578 [00:17<02:24,  3.37it/s]
Extract:  16%|#5        | 92/578 [00:18<02:34,  3.14it/s]
Extract:  16%|#6        | 94/578 [00:18<01:57,  4.10it/s]
Extract:  17%|#6        | 96/578 [00:18<01:56,  4.13it/s]
Extract:  17%|#6        | 97/578 [00:19<01:46,  4.51it/s]
Extract:  17%|#6        | 98/578 [00:19<01:46,  4.53it/s]
Extract:  17%|#7        | 99/578 [00:19<01:33,  5.13it/s]
Extract:  17%|#7        | 100/578 [00:19<01:36,  4.97it/s]
Extract:  17%|#7        | 101/578 [00:19<01:23,  5.70it/s]
Extract:  18%|#7        | 104/578 [00:19<00:48,  9.79it/s]
Extract:  18%|#8        | 106/578 [00:20<01:09,  6.76it/s]
Extract:  19%|#8        | 108/578 [00:20<01:33,  5.03it/s]
Extract:  19%|#9        | 110/578 [00:21<01:20,  5.81it/s]
Extract:  19%|#9        | 111/578 [00:21<01:17,  6.05it/s]
Extract:  20%|#9        | 113/578 [00:21<00:59,  7.83it/s]
Extract:  20%|#9        | 115/578 [00:21<00:54,  8.56it/s]
Extract:  20%|##        | 117/578 [00:22<01:15,  6.12it/s]
Extract:  21%|##        | 120/578 [00:22<01:10,  6.47it/s]
Extract:  21%|##        | 121/578 [00:23<01:48,  4.23it/s]
Extract:  21%|##1       | 123/578 [00:23<01:21,  5.60it/s]
Extract:  22%|##1       | 125/578 [00:23<01:22,  5.50it/s]
Extract:  22%|##1       | 126/578 [00:23<01:25,  5.31it/s]
Extract:  22%|##2       | 128/578 [00:24<01:10,  6.41it/s]
Extract:  22%|##2       | 130/578 [00:24<01:10,  6.32it/s]
Extract:  23%|##2       | 131/578 [00:24<01:24,  5.27it/s]
Extract:  23%|##3       | 133/578 [00:25<01:18,  5.67it/s]
Extract:  23%|##3       | 134/578 [00:25<01:21,  5.42it/s]
Extract:  23%|##3       | 135/578 [00:25<01:14,  5.95it/s]
Extract:  24%|##3       | 136/578 [00:25<01:09,  6.39it/s]
Extract:  24%|##3       | 137/578 [00:25<01:41,  4.36it/s]
Extract:  24%|##3       | 138/578 [00:26<02:00,  3.64it/s]
Extract:  24%|##4       | 139/578 [00:26<01:50,  3.96it/s]
Extract:  25%|##4       | 142/578 [00:26<01:00,  7.18it/s]
Extract:  25%|##5       | 146/578 [00:27<00:52,  8.27it/s]
Extract:  26%|##5       | 148/578 [00:27<00:50,  8.48it/s]
Extract:  26%|##5       | 149/578 [00:27<01:08,  6.23it/s]
Extract:  26%|##5       | 150/578 [00:27<01:15,  5.65it/s]
Extract:  26%|##6       | 153/578 [00:28<01:20,  5.28it/s]
Extract:  27%|##6       | 155/578 [00:28<01:20,  5.26it/s]
Extract:  27%|##7       | 158/578 [00:29<00:58,  7.23it/s]
Extract:  28%|##7       | 160/578 [00:29<00:56,  7.40it/s]
Extract:  28%|##8       | 163/578 [00:29<00:59,  7.02it/s]
Extract:  29%|##8       | 165/578 [00:30<00:53,  7.70it/s]
Extract:  29%|##8       | 166/578 [00:30<00:52,  7.85it/s]
Extract:  29%|##8       | 167/578 [00:30<01:18,  5.24it/s]
Extract:  29%|##9       | 168/578 [00:30<01:14,  5.54it/s]
Extract:  29%|##9       | 170/578 [00:30<01:02,  6.54it/s]
Extract:  30%|##9       | 172/578 [00:31<00:58,  6.99it/s]
Extract:  30%|##9       | 173/578 [00:31<01:16,  5.31it/s]
Extract:  30%|###       | 174/578 [00:31<01:11,  5.69it/s]
Extract:  30%|###       | 176/578 [00:31<00:54,  7.42it/s]
Extract:  31%|###       | 177/578 [00:32<01:15,  5.30it/s]
Extract:  31%|###       | 178/578 [00:32<01:11,  5.63it/s]
Extract:  31%|###       | 179/578 [00:32<01:06,  6.04it/s]
Extract:  31%|###1      | 180/578 [00:32<01:23,  4.79it/s]
Extract:  31%|###1      | 181/578 [00:33<02:03,  3.22it/s]
Extract:  31%|###1      | 182/578 [00:33<01:47,  3.69it/s]
Extract:  32%|###1      | 184/578 [00:33<01:28,  4.47it/s]
Extract:  32%|###2      | 185/578 [00:34<01:49,  3.58it/s]
Extract:  32%|###2      | 186/578 [00:34<01:32,  4.22it/s]
Extract:  33%|###2      | 188/578 [00:34<01:07,  5.80it/s]
Extract:  33%|###2      | 189/578 [00:35<01:30,  4.30it/s]
Extract:  33%|###3      | 191/578 [00:35<01:22,  4.66it/s]
Extract:  33%|###3      | 192/578 [00:35<01:14,  5.20it/s]
Extract:  33%|###3      | 193/578 [00:35<01:05,  5.85it/s]
Extract:  34%|###3      | 195/578 [00:35<00:50,  7.59it/s]
Extract:  34%|###4      | 197/578 [00:36<01:11,  5.30it/s]
Extract:  34%|###4      | 198/578 [00:36<01:11,  5.33it/s]
Extract:  35%|###4      | 201/578 [00:37<01:02,  6.04it/s]
Extract:  35%|###4      | 202/578 [00:37<01:06,  5.63it/s]
Extract:  35%|###5      | 203/578 [00:37<01:30,  4.17it/s]
Extract:  36%|###5      | 206/578 [00:37<00:58,  6.35it/s]
Extract:  36%|###5      | 207/578 [00:38<01:03,  5.80it/s]
Extract:  36%|###6      | 209/578 [00:38<00:48,  7.58it/s]
Extract:  37%|###6      | 211/578 [00:38<00:40,  9.17it/s]
Extract:  37%|###6      | 213/578 [00:38<00:50,  7.24it/s]
Extract:  37%|###7      | 215/578 [00:39<00:52,  6.96it/s]
Extract:  38%|###7      | 217/578 [00:39<00:58,  6.18it/s]
Extract:  38%|###8      | 220/578 [00:39<00:44,  8.08it/s]
Extract:  38%|###8      | 221/578 [00:39<00:43,  8.18it/s]
Extract:  39%|###8      | 223/578 [00:39<00:36,  9.62it/s]
Extract:  39%|###8      | 225/578 [00:40<00:45,  7.84it/s]
Extract:  39%|###9      | 226/578 [00:40<00:46,  7.55it/s]
Extract:  39%|###9      | 228/578 [00:40<00:38,  9.05it/s]
Extract:  40%|###9      | 230/578 [00:40<00:46,  7.42it/s]
Extract:  40%|###9      | 231/578 [00:41<00:50,  6.88it/s]
Extract:  40%|####      | 232/578 [00:41<00:49,  6.96it/s]
Extract:  40%|####      | 234/578 [00:41<00:42,  8.01it/s]
Extract:  41%|####      | 236/578 [00:41<00:50,  6.79it/s]
Extract:  41%|####1     | 237/578 [00:42<01:07,  5.05it/s]
Extract:  41%|####1     | 239/578 [00:42<00:48,  6.92it/s]
Extract:  42%|####1     | 241/578 [00:42<00:50,  6.68it/s]
Extract:  42%|####2     | 243/578 [00:42<00:40,  8.24it/s]
Extract:  42%|####2     | 245/578 [00:43<00:50,  6.61it/s]
Extract:  43%|####2     | 247/578 [00:43<00:47,  7.03it/s]
Extract:  43%|####2     | 248/578 [00:43<00:54,  6.03it/s]
Extract:  43%|####3     | 249/578 [00:43<00:52,  6.25it/s]
Extract:  43%|####3     | 251/578 [00:44<00:47,  6.91it/s]
Extract:  44%|####3     | 253/578 [00:44<00:39,  8.31it/s]
Extract:  44%|####4     | 255/578 [00:44<00:38,  8.47it/s]
Extract:  44%|####4     | 256/578 [00:44<00:54,  5.95it/s]
Extract:  45%|####4     | 258/578 [00:45<00:45,  7.07it/s]
Extract:  45%|####4     | 259/578 [00:45<00:45,  7.03it/s]
Extract:  45%|####4     | 260/578 [00:45<00:42,  7.43it/s]
Extract:  45%|####5     | 262/578 [00:45<00:50,  6.20it/s]
Extract:  46%|####5     | 263/578 [00:46<01:12,  4.37it/s]
Extract:  46%|####5     | 265/578 [00:46<01:21,  3.84it/s]
Extract:  46%|####6     | 266/578 [00:47<01:18,  4.00it/s]
Extract:  46%|####6     | 267/578 [00:47<01:31,  3.41it/s]
Extract:  46%|####6     | 268/578 [00:47<01:16,  4.03it/s]
Extract:  47%|####6     | 269/578 [00:47<01:22,  3.73it/s]
Extract:  47%|####7     | 272/578 [00:48<00:44,  6.95it/s]
Extract:  47%|####7     | 274/578 [00:49<01:24,  3.61it/s]
Extract:  48%|####7     | 275/578 [00:49<01:29,  3.37it/s]
Extract:  48%|####7     | 276/578 [00:49<01:24,  3.58it/s]
Extract:  48%|####7     | 277/578 [00:49<01:14,  4.02it/s]
Extract:  48%|####8     | 280/578 [00:50<01:05,  4.56it/s]
Extract:  49%|####8     | 282/578 [00:50<00:56,  5.28it/s]
Extract:  49%|####8     | 283/578 [00:50<01:04,  4.60it/s]
Extract:  49%|####9     | 285/578 [00:51<00:56,  5.18it/s]
Extract:  49%|####9     | 286/578 [00:51<01:11,  4.06it/s]
Extract:  50%|####9     | 288/578 [00:51<00:57,  5.09it/s]
Extract:  50%|#####     | 289/578 [00:52<00:56,  5.12it/s]
Extract:  50%|#####     | 290/578 [00:52<01:05,  4.40it/s]
Extract:  51%|#####     | 292/578 [00:52<00:45,  6.24it/s]
Extract:  51%|#####     | 294/578 [00:52<00:36,  7.70it/s]
Extract:  51%|#####1    | 296/578 [00:53<00:48,  5.81it/s]
Extract:  51%|#####1    | 297/578 [00:53<00:56,  4.97it/s]
Extract:  52%|#####1    | 300/578 [00:53<00:37,  7.38it/s]
Extract:  52%|#####2    | 301/578 [00:53<00:41,  6.66it/s]
Extract:  53%|#####2    | 304/578 [00:54<00:42,  6.50it/s]
Extract:  53%|#####2    | 305/578 [00:54<00:40,  6.79it/s]
Extract:  53%|#####3    | 307/578 [00:55<00:51,  5.31it/s]
Extract:  53%|#####3    | 308/578 [00:55<00:52,  5.12it/s]
Extract:  53%|#####3    | 309/578 [00:55<01:01,  4.38it/s]
Extract:  54%|#####3    | 310/578 [00:55<00:58,  4.57it/s]
Extract:  54%|#####3    | 311/578 [00:56<01:14,  3.59it/s]
Extract:  54%|#####3    | 312/578 [00:56<01:18,  3.37it/s]
Extract:  54%|#####4    | 314/578 [00:57<01:02,  4.21it/s]
Extract:  55%|#####4    | 316/578 [00:57<00:53,  4.91it/s]
Extract:  55%|#####5    | 318/578 [00:57<00:54,  4.80it/s]
Extract:  55%|#####5    | 319/578 [00:57<00:50,  5.11it/s]
Extract:  55%|#####5    | 320/578 [00:58<01:19,  3.25it/s]
Extract:  56%|#####5    | 321/578 [00:58<01:07,  3.83it/s]
Extract:  56%|#####5    | 322/578 [00:58<01:04,  3.98it/s]
Extract:  56%|#####5    | 323/578 [00:59<00:55,  4.61it/s]
Extract:  56%|#####6    | 325/578 [00:59<00:37,  6.77it/s]
Extract:  56%|#####6    | 326/578 [00:59<00:39,  6.36it/s]
Extract:  57%|#####6    | 328/578 [00:59<00:34,  7.19it/s]
Extract:  57%|#####7    | 330/578 [00:59<00:29,  8.34it/s]
Extract:  57%|#####7    | 331/578 [00:59<00:34,  7.26it/s]
Extract:  57%|#####7    | 332/578 [01:00<00:39,  6.17it/s]
Extract:  58%|#####7    | 334/578 [01:00<00:29,  8.28it/s]
Extract:  58%|#####8    | 336/578 [01:00<00:23, 10.44it/s]
Extract:  58%|#####8    | 338/578 [01:00<00:20, 11.53it/s]
Extract:  59%|#####8    | 340/578 [01:00<00:23, 10.24it/s]
Extract:  59%|#####9    | 342/578 [01:01<00:26,  9.04it/s]
Extract:  60%|#####9    | 344/578 [01:01<00:31,  7.54it/s]
Extract:  60%|#####9    | 345/578 [01:01<00:29,  7.80it/s]
Extract:  60%|######    | 347/578 [01:01<00:26,  8.60it/s]
Extract:  60%|######    | 349/578 [01:02<00:36,  6.34it/s]
Extract:  61%|######    | 350/578 [01:02<00:35,  6.50it/s]
Extract:  61%|######    | 351/578 [01:02<00:44,  5.06it/s]
Extract:  61%|######1   | 353/578 [01:02<00:37,  6.00it/s]
Extract:  61%|######1   | 355/578 [01:03<00:28,  7.91it/s]
Extract:  62%|######1   | 357/578 [01:03<00:49,  4.50it/s]
Extract:  62%|######2   | 359/578 [01:04<00:39,  5.54it/s]
Extract:  62%|######2   | 360/578 [01:04<00:39,  5.51it/s]
Extract:  63%|######2   | 362/578 [01:04<00:40,  5.33it/s]
Extract:  63%|######2   | 364/578 [01:04<00:32,  6.64it/s]
Extract:  63%|######3   | 365/578 [01:04<00:33,  6.28it/s]
Extract:  63%|######3   | 366/578 [01:05<00:35,  6.00it/s]
Extract:  63%|######3   | 367/578 [01:05<00:42,  4.99it/s]
Extract:  64%|######3   | 368/578 [01:05<00:41,  5.03it/s]
Extract:  64%|######3   | 369/578 [01:06<00:50,  4.14it/s]
Extract:  65%|######4   | 373/578 [01:06<00:30,  6.71it/s]
Extract:  65%|######4   | 374/578 [01:06<00:29,  6.93it/s]
Extract:  65%|######5   | 376/578 [01:06<00:25,  7.80it/s]
Extract:  65%|######5   | 377/578 [01:06<00:28,  7.16it/s]
Extract:  66%|######5   | 379/578 [01:07<00:24,  8.19it/s]
Extract:  66%|######5   | 380/578 [01:07<00:29,  6.80it/s]
Extract:  66%|######5   | 381/578 [01:07<00:27,  7.09it/s]
Extract:  66%|######6   | 382/578 [01:07<00:45,  4.34it/s]
Extract:  66%|######6   | 383/578 [01:08<00:38,  5.03it/s]
Extract:  66%|######6   | 384/578 [01:08<00:39,  4.95it/s]
Extract:  67%|######6   | 386/578 [01:08<00:26,  7.13it/s]
Extract:  67%|######6   | 387/578 [01:08<00:26,  7.20it/s]
Extract:  67%|######7   | 390/578 [01:08<00:18,  9.91it/s]
Extract:  68%|######7   | 392/578 [01:08<00:20,  9.09it/s]
Extract:  68%|######7   | 393/578 [01:09<00:21,  8.77it/s]
Extract:  68%|######8   | 394/578 [01:09<00:21,  8.48it/s]
Extract:  68%|######8   | 395/578 [01:09<00:22,  8.25it/s]
Extract:  69%|######8   | 397/578 [01:09<00:18,  9.54it/s]
Extract:  69%|######9   | 399/578 [01:09<00:21,  8.31it/s]
Extract:  69%|######9   | 401/578 [01:09<00:17, 10.19it/s]
Extract:  70%|######9   | 403/578 [01:10<00:15, 11.45it/s]
Extract:  70%|#######   | 405/578 [01:10<00:14, 11.84it/s]
Extract:  70%|#######   | 407/578 [01:10<00:20,  8.16it/s]
Extract:  71%|#######   | 409/578 [01:11<00:27,  6.23it/s]
Extract:  71%|#######   | 410/578 [01:11<00:26,  6.45it/s]
Extract:  71%|#######1  | 412/578 [01:11<00:21,  7.60it/s]
Extract:  71%|#######1  | 413/578 [01:11<00:24,  6.87it/s]
Extract:  72%|#######1  | 415/578 [01:11<00:19,  8.21it/s]
Extract:  72%|#######1  | 416/578 [01:11<00:21,  7.66it/s]
Extract:  72%|#######2  | 417/578 [01:12<00:20,  7.90it/s]
Extract:  72%|#######2  | 418/578 [01:12<00:22,  6.98it/s]
Extract:  72%|#######2  | 419/578 [01:12<00:26,  6.02it/s]
Extract:  73%|#######2  | 421/578 [01:13<00:47,  3.29it/s]
Extract:  73%|#######3  | 424/578 [01:13<00:29,  5.14it/s]
Extract:  74%|#######3  | 425/578 [01:13<00:32,  4.70it/s]
Extract:  74%|#######3  | 426/578 [01:14<00:29,  5.09it/s]
Extract:  74%|#######3  | 427/578 [01:14<00:34,  4.36it/s]
Extract:  74%|#######4  | 428/578 [01:14<00:41,  3.61it/s]
Extract:  74%|#######4  | 429/578 [01:15<00:43,  3.43it/s]
Extract:  75%|#######4  | 431/578 [01:15<00:30,  4.78it/s]
Extract:  75%|#######4  | 432/578 [01:15<00:28,  5.11it/s]
Extract:  75%|#######5  | 434/578 [01:15<00:27,  5.32it/s]
Extract:  75%|#######5  | 436/578 [01:16<00:20,  6.90it/s]
Extract:  76%|#######5  | 437/578 [01:16<00:19,  7.18it/s]
Extract:  76%|#######5  | 438/578 [01:16<00:19,  7.26it/s]
Extract:  76%|#######5  | 439/578 [01:16<00:19,  7.18it/s]
Extract:  76%|#######6  | 441/578 [01:16<00:20,  6.77it/s]
Extract:  77%|#######6  | 443/578 [01:16<00:16,  8.35it/s]
Extract:  77%|#######6  | 445/578 [01:17<00:30,  4.39it/s]
Extract:  77%|#######7  | 447/578 [01:17<00:22,  5.80it/s]
Extract:  78%|#######7  | 449/578 [01:18<00:18,  7.06it/s]
Extract:  78%|#######8  | 451/578 [01:18<00:31,  4.08it/s]
Extract:  78%|#######8  | 452/578 [01:19<00:27,  4.55it/s]
Extract:  79%|#######8  | 454/578 [01:19<00:21,  5.76it/s]
Extract:  79%|#######8  | 456/578 [01:19<00:17,  7.07it/s]
Extract:  79%|#######9  | 458/578 [01:19<00:17,  6.98it/s]
Extract:  79%|#######9  | 459/578 [01:19<00:16,  7.39it/s]
Extract:  80%|#######9  | 461/578 [01:19<00:13,  8.61it/s]
Extract:  80%|########  | 463/578 [01:20<00:15,  7.28it/s]
Extract:  80%|########  | 465/578 [01:20<00:12,  9.03it/s]
Extract:  81%|########  | 467/578 [01:20<00:16,  6.85it/s]
Extract:  81%|########  | 468/578 [01:21<00:21,  5.10it/s]
Extract:  81%|########1 | 469/578 [01:21<00:19,  5.65it/s]
Extract:  81%|########1 | 470/578 [01:21<00:19,  5.44it/s]
Extract:  81%|########1 | 471/578 [01:21<00:21,  5.00it/s]
Extract:  82%|########1 | 472/578 [01:22<00:24,  4.39it/s]
Extract:  82%|########1 | 473/578 [01:22<00:21,  4.91it/s]
Extract:  82%|########2 | 474/578 [01:22<00:19,  5.27it/s]
Extract:  82%|########2 | 476/578 [01:23<00:28,  3.56it/s]
Extract:  83%|########2 | 477/578 [01:23<00:24,  4.11it/s]
Extract:  83%|########2 | 479/578 [01:23<00:19,  4.99it/s]
Extract:  83%|########3 | 481/578 [01:23<00:16,  5.79it/s]
Extract:  84%|########3 | 483/578 [01:24<00:12,  7.34it/s]
Extract:  84%|########4 | 486/578 [01:24<00:09,  9.88it/s]
Extract:  84%|########4 | 488/578 [01:24<00:09,  9.06it/s]
Extract:  85%|########4 | 490/578 [01:25<00:13,  6.42it/s]
Extract:  85%|########4 | 491/578 [01:25<00:13,  6.28it/s]
Extract:  85%|########5 | 492/578 [01:25<00:14,  5.78it/s]
Extract:  85%|########5 | 493/578 [01:25<00:14,  6.02it/s]
Extract:  85%|########5 | 494/578 [01:25<00:13,  6.28it/s]
Extract:  86%|########5 | 496/578 [01:25<00:09,  8.50it/s]
Extract:  86%|########6 | 498/578 [01:26<00:13,  5.85it/s]
Extract:  87%|########6 | 501/578 [01:26<00:09,  7.92it/s]
Extract:  87%|########7 | 504/578 [01:26<00:09,  8.13it/s]
Extract:  87%|########7 | 505/578 [01:27<00:12,  5.94it/s]
Extract:  88%|########7 | 507/578 [01:27<00:09,  7.46it/s]
Extract:  88%|########8 | 509/578 [01:27<00:08,  8.16it/s]
Extract:  88%|########8 | 511/578 [01:27<00:09,  7.37it/s]
Extract:  89%|########8 | 512/578 [01:28<00:09,  7.20it/s]
Extract:  89%|########8 | 514/578 [01:28<00:06,  9.15it/s]
Extract:  89%|########9 | 516/578 [01:28<00:10,  5.94it/s]
Extract:  89%|########9 | 517/578 [01:29<00:15,  3.96it/s]
Extract:  90%|########9 | 519/578 [01:29<00:12,  4.87it/s]
Extract:  90%|########9 | 520/578 [01:29<00:12,  4.79it/s]
Extract:  90%|######### | 522/578 [01:29<00:08,  6.31it/s]
Extract:  90%|######### | 523/578 [01:30<00:08,  6.34it/s]
Extract:  91%|######### | 524/578 [01:30<00:07,  6.83it/s]
Extract:  91%|#########1| 526/578 [01:30<00:09,  5.52it/s]
Extract:  91%|#########1| 528/578 [01:30<00:06,  7.15it/s]
Extract:  92%|#########1| 529/578 [01:30<00:06,  7.35it/s]
Extract:  92%|#########1| 530/578 [01:31<00:06,  7.20it/s]
Extract:  92%|#########2| 532/578 [01:31<00:05,  8.11it/s]
Extract:  92%|#########2| 534/578 [01:31<00:05,  8.51it/s]
Extract:  93%|#########2| 537/578 [01:31<00:04,  9.64it/s]
Extract:  93%|#########3| 538/578 [01:32<00:05,  7.82it/s]
Extract:  93%|#########3| 540/578 [01:32<00:05,  6.74it/s]
Extract:  94%|#########3| 541/578 [01:32<00:05,  6.69it/s]
Extract:  94%|#########3| 543/578 [01:32<00:04,  7.69it/s]
Extract:  94%|#########4| 546/578 [01:33<00:04,  7.37it/s]
Extract:  95%|#########4| 547/578 [01:33<00:05,  5.46it/s]
Extract:  95%|#########5| 550/578 [01:33<00:03,  8.26it/s]
Extract:  96%|#########5| 553/578 [01:34<00:03,  7.52it/s]
Extract:  96%|#########6| 555/578 [01:35<00:05,  3.86it/s]
Extract:  96%|#########6| 556/578 [01:35<00:05,  3.94it/s]
Extract:  96%|#########6| 557/578 [01:35<00:05,  4.13it/s]
Extract:  97%|#########6| 560/578 [01:36<00:03,  5.12it/s]
Extract:  97%|#########7| 561/578 [01:36<00:03,  5.25it/s]
Extract:  98%|#########7| 564/578 [01:36<00:02,  5.66it/s]
Extract:  98%|#########7| 565/578 [01:37<00:02,  4.84it/s]
Extract:  98%|#########8| 567/578 [01:37<00:02,  5.48it/s]
Extract:  98%|#########8| 568/578 [01:37<00:02,  4.34it/s]
Extract:  99%|#########8| 570/578 [01:38<00:01,  5.94it/s]
Extract:  99%|#########8| 572/578 [01:38<00:00,  7.14it/s]
Extract:  99%|#########9| 575/578 [01:38<00:00,  9.05it/s]
Extract: 100%|#########9| 577/578 [01:38<00:00,  6.35it/s]
Extract: 100%|##########| 578/578 [01:38<00:00,  5.84it/s]

Extract:   0%|          | 0/578 [00:00<?, ?it/s]
Extract:   0%|          | 2/578 [00:00<00:33, 17.35it/s]
Extract:   1%|          | 4/578 [00:00<01:18,  7.28it/s]
Extract:   1%|1         | 6/578 [00:00<01:19,  7.15it/s]
Extract:   1%|1         | 7/578 [00:01<01:39,  5.74it/s]
Extract:   1%|1         | 8/578 [00:01<02:19,  4.08it/s]
Extract:   2%|1         | 9/578 [00:02<03:42,  2.55it/s]
Extract:   2%|1         | 10/578 [00:02<03:45,  2.52it/s]
Extract:   2%|1         | 11/578 [00:03<04:02,  2.34it/s]
Extract:   2%|2         | 12/578 [00:04<05:58,  1.58it/s]
Extract:   2%|2         | 13/578 [00:04<04:56,  1.90it/s]
Extract:   2%|2         | 14/578 [00:05<05:13,  1.80it/s]
Extract:   3%|2         | 15/578 [00:05<05:19,  1.76it/s]
Extract:   3%|2         | 16/578 [00:06<04:15,  2.20it/s]
Extract:   3%|3         | 18/578 [00:06<02:33,  3.64it/s]
Extract:   3%|3         | 20/578 [00:06<01:48,  5.13it/s]
Extract:   4%|3         | 21/578 [00:06<02:23,  3.89it/s]
Extract:   4%|3         | 22/578 [00:07<02:24,  3.85it/s]
Extract:   4%|3         | 23/578 [00:07<02:47,  3.32it/s]
Extract:   4%|4         | 24/578 [00:07<02:21,  3.93it/s]
Extract:   4%|4         | 25/578 [00:07<02:00,  4.60it/s]
Extract:   4%|4         | 26/578 [00:07<01:42,  5.39it/s]
Extract:   5%|4         | 27/578 [00:08<02:33,  3.59it/s]
Extract:   5%|5         | 29/578 [00:08<01:50,  4.95it/s]
Extract:   5%|5         | 30/578 [00:08<01:50,  4.97it/s]
Extract:   5%|5         | 31/578 [00:08<01:51,  4.91it/s]
Extract:   6%|5         | 32/578 [00:09<01:37,  5.59it/s]
Extract:   6%|6         | 35/578 [00:09<01:01,  8.84it/s]
Extract:   6%|6         | 37/578 [00:09<01:12,  7.41it/s]
Extract:   7%|6         | 38/578 [00:09<01:15,  7.18it/s]
Extract:   7%|6         | 40/578 [00:09<01:04,  8.40it/s]
Extract:   7%|7         | 41/578 [00:10<01:05,  8.16it/s]
Extract:   7%|7         | 42/578 [00:10<02:06,  4.22it/s]
Extract:   7%|7         | 43/578 [00:11<02:35,  3.44it/s]
Extract:   8%|7         | 45/578 [00:11<01:44,  5.11it/s]
Extract:   8%|7         | 46/578 [00:11<01:35,  5.58it/s]
Extract:   8%|8         | 47/578 [00:11<02:08,  4.14it/s]
Extract:   8%|8         | 49/578 [00:12<01:40,  5.26it/s]
Extract:   9%|8         | 50/578 [00:12<02:23,  3.69it/s]
Extract:   9%|8         | 51/578 [00:13<02:46,  3.16it/s]
Extract:   9%|8         | 52/578 [00:13<03:07,  2.80it/s]
Extract:   9%|9         | 54/578 [00:13<02:20,  3.73it/s]
Extract:  10%|9         | 55/578 [00:14<02:12,  3.96it/s]
Extract:  10%|9         | 56/578 [00:14<01:52,  4.63it/s]
Extract:  10%|#         | 58/578 [00:14<01:43,  5.03it/s]
Extract:  10%|#         | 59/578 [00:14<01:45,  4.91it/s]
Extract:  10%|#         | 60/578 [00:15<02:02,  4.21it/s]
Extract:  11%|#         | 61/578 [00:15<02:23,  3.61it/s]
Extract:  11%|#         | 63/578 [00:15<01:45,  4.89it/s]
Extract:  11%|#1        | 64/578 [00:15<01:56,  4.42it/s]
Extract:  11%|#1        | 65/578 [00:16<02:17,  3.74it/s]
Extract:  11%|#1        | 66/578 [00:16<01:56,  4.38it/s]
Extract:  12%|#1        | 67/578 [00:16<02:37,  3.25it/s]
Extract:  12%|#1        | 69/578 [00:17<01:54,  4.44it/s]
Extract:  12%|#2        | 71/578 [00:17<01:26,  5.83it/s]
Extract:  12%|#2        | 72/578 [00:17<01:24,  5.98it/s]
Extract:  13%|#2        | 73/578 [00:18<02:05,  4.02it/s]
Extract:  13%|#2        | 75/578 [00:18<01:33,  5.40it/s]
Extract:  13%|#3        | 76/578 [00:18<01:35,  5.26it/s]
Extract:  13%|#3        | 77/578 [00:18<02:09,  3.86it/s]
Extract:  14%|#3        | 79/578 [00:19<01:28,  5.62it/s]
Extract:  14%|#3        | 80/578 [00:19<01:22,  6.07it/s]
Extract:  14%|#4        | 82/578 [00:19<01:05,  7.53it/s]
Extract:  14%|#4        | 83/578 [00:19<01:04,  7.65it/s]
Extract:  15%|#4        | 84/578 [00:19<01:33,  5.26it/s]
Extract:  15%|#4        | 86/578 [00:20<01:15,  6.51it/s]
Extract:  15%|#5        | 89/578 [00:20<01:28,  5.54it/s]
Extract:  16%|#5        | 90/578 [00:20<01:26,  5.62it/s]
Extract:  16%|#5        | 91/578 [00:21<01:58,  4.10it/s]
Extract:  16%|#5        | 92/578 [00:21<02:27,  3.29it/s]
Extract:  16%|#6        | 94/578 [00:22<01:50,  4.38it/s]
Extract:  17%|#6        | 96/578 [00:22<01:50,  4.35it/s]
Extract:  17%|#6        | 97/578 [00:22<01:37,  4.91it/s]
Extract:  17%|#6        | 98/578 [00:22<01:40,  4.76it/s]
Extract:  17%|#7        | 99/578 [00:22<01:30,  5.30it/s]
Extract:  17%|#7        | 100/578 [00:23<01:35,  4.98it/s]
Extract:  17%|#7        | 101/578 [00:23<01:25,  5.60it/s]
Extract:  18%|#7        | 104/578 [00:23<00:50,  9.33it/s]
Extract:  18%|#8        | 106/578 [00:23<01:05,  7.23it/s]
Extract:  19%|#8        | 107/578 [00:24<01:36,  4.89it/s]
Extract:  19%|#8        | 108/578 [00:24<01:34,  4.99it/s]
Extract:  19%|#9        | 110/578 [00:24<01:16,  6.08it/s]
Extract:  19%|#9        | 111/578 [00:24<01:17,  6.01it/s]
Extract:  20%|#9        | 113/578 [00:25<01:00,  7.68it/s]
Extract:  20%|#9        | 114/578 [00:25<00:58,  7.92it/s]
Extract:  20%|#9        | 115/578 [00:25<00:56,  8.21it/s]
Extract:  20%|##        | 116/578 [00:25<01:25,  5.43it/s]
Extract:  20%|##        | 117/578 [00:26<01:56,  3.95it/s]
Extract:  21%|##        | 120/578 [00:26<01:39,  4.60it/s]
Extract:  21%|##        | 121/578 [00:27<02:11,  3.48it/s]
Extract:  21%|##1       | 123/578 [00:27<01:34,  4.83it/s]
Extract:  22%|##1       | 125/578 [00:27<01:37,  4.65it/s]
Extract:  22%|##1       | 126/578 [00:28<01:49,  4.11it/s]
Extract:  22%|##2       | 128/578 [00:28<01:24,  5.34it/s]
Extract:  22%|##2       | 130/578 [00:28<01:36,  4.66it/s]
Extract:  23%|##2       | 131/578 [00:29<02:07,  3.51it/s]
Extract:  23%|##2       | 132/578 [00:29<01:51,  4.02it/s]
Extract:  23%|##3       | 133/578 [00:29<01:47,  4.14it/s]
Extract:  23%|##3       | 135/578 [00:30<01:22,  5.37it/s]
Extract:  24%|##3       | 136/578 [00:30<01:15,  5.82it/s]
Extract:  24%|##3       | 137/578 [00:30<01:42,  4.30it/s]
Extract:  24%|##3       | 138/578 [00:31<02:12,  3.33it/s]
Extract:  24%|##4       | 139/578 [00:31<02:04,  3.51it/s]
Extract:  25%|##4       | 142/578 [00:31<01:07,  6.44it/s]
Extract:  25%|##5       | 146/578 [00:31<01:00,  7.19it/s]
Extract:  25%|##5       | 147/578 [00:32<01:02,  6.90it/s]
Extract:  26%|##5       | 148/578 [00:32<01:04,  6.62it/s]
Extract:  26%|##5       | 149/578 [00:32<01:36,  4.42it/s]
Extract:  26%|##5       | 150/578 [00:32<01:27,  4.92it/s]
Extract:  26%|##6       | 153/578 [00:33<01:40,  4.24it/s]
Extract:  27%|##6       | 155/578 [00:34<01:37,  4.36it/s]
Extract:  27%|##7       | 157/578 [00:34<01:13,  5.70it/s]
Extract:  28%|##7       | 159/578 [00:34<01:00,  6.88it/s]
Extract:  28%|##7       | 161/578 [00:34<01:03,  6.55it/s]
Extract:  28%|##8       | 163/578 [00:35<01:27,  4.73it/s]
Extract:  29%|##8       | 165/578 [00:35<01:12,  5.66it/s]
Extract:  29%|##8       | 166/578 [00:35<01:09,  5.97it/s]
Extract:  29%|##8       | 167/578 [00:36<01:44,  3.93it/s]
Extract:  29%|##9       | 168/578 [00:36<01:31,  4.47it/s]
Extract:  29%|##9       | 169/578 [00:36<01:21,  5.05it/s]
Extract:  29%|##9       | 170/578 [00:36<01:17,  5.23it/s]
Extract:  30%|##9       | 172/578 [00:37<01:13,  5.52it/s]
Extract:  30%|##9       | 173/578 [00:37<01:49,  3.71it/s]
Extract:  30%|###       | 174/578 [00:37<01:39,  4.07it/s]
Extract:  30%|###       | 176/578 [00:38<01:13,  5.47it/s]
Extract:  31%|###       | 177/578 [00:38<01:47,  3.72it/s]
Extract:  31%|###       | 178/578 [00:39<02:02,  3.26it/s]
Extract:  31%|###       | 179/578 [00:39<01:43,  3.86it/s]
Extract:  31%|###1      | 180/578 [00:39<01:56,  3.41it/s]
Extract:  31%|###1      | 181/578 [00:39<02:06,  3.14it/s]
Extract:  31%|###1      | 182/578 [00:40<01:56,  3.39it/s]
Extract:  32%|###1      | 184/578 [00:40<01:34,  4.19it/s]
Extract:  32%|###2      | 185/578 [00:40<01:50,  3.55it/s]
Extract:  32%|###2      | 186/578 [00:41<01:36,  4.04it/s]
Extract:  33%|###2      | 188/578 [00:41<01:21,  4.76it/s]
Extract:  33%|###2      | 189/578 [00:41<01:44,  3.74it/s]
Extract:  33%|###3      | 191/578 [00:42<01:34,  4.08it/s]
Extract:  33%|###3      | 192/578 [00:42<01:22,  4.66it/s]
Extract:  34%|###3      | 194/578 [00:42<01:01,  6.20it/s]
Extract:  34%|###4      | 197/578 [00:43<01:05,  5.82it/s]
Extract:  34%|###4      | 198/578 [00:43<01:04,  5.86it/s]
Extract:  35%|###4      | 201/578 [00:43<01:11,  5.24it/s]
Extract:  35%|###4      | 202/578 [00:44<01:15,  5.01it/s]
Extract:  35%|###5      | 203/578 [00:44<01:46,  3.51it/s]
Extract:  35%|###5      | 205/578 [00:44<01:15,  4.94it/s]
Extract:  36%|###5      | 206/578 [00:44<01:09,  5.37it/s]
Extract:  36%|###5      | 207/578 [00:45<01:20,  4.62it/s]
Extract:  36%|###6      | 209/578 [00:45<00:59,  6.17it/s]
Extract:  36%|###6      | 210/578 [00:45<01:05,  5.60it/s]
Extract:  37%|###6      | 212/578 [00:46<01:25,  4.27it/s]
Extract:  37%|###6      | 213/578 [00:46<01:19,  4.59it/s]
Extract:  37%|###7      | 215/578 [00:46<01:15,  4.80it/s]
Extract:  38%|###7      | 217/578 [00:47<01:02,  5.79it/s]
Extract:  38%|###8      | 220/578 [00:47<00:54,  6.58it/s]
Extract:  38%|###8      | 221/578 [00:47<00:53,  6.70it/s]
Extract:  39%|###8      | 223/578 [00:47<00:44,  8.03it/s]
Extract:  39%|###8      | 225/578 [00:48<01:00,  5.84it/s]
Extract:  39%|###9      | 226/578 [00:48<01:07,  5.24it/s]
Extract:  39%|###9      | 227/578 [00:48<01:05,  5.37it/s]
Extract:  40%|###9      | 229/578 [00:49<01:01,  5.71it/s]
Extract:  40%|###9      | 230/578 [00:49<01:15,  4.60it/s]
Extract:  40%|###9      | 231/578 [00:49<01:20,  4.34it/s]
Extract:  40%|####      | 232/578 [00:49<01:12,  4.80it/s]
Extract:  40%|####      | 233/578 [00:49<01:04,  5.38it/s]
Extract:  40%|####      | 234/578 [00:50<01:04,  5.33it/s]
Extract:  41%|####      | 235/578 [00:50<01:02,  5.48it/s]
Extract:  41%|####      | 236/578 [00:51<01:56,  2.93it/s]
Extract:  41%|####1     | 237/578 [00:51<02:22,  2.39it/s]
Extract:  41%|####1     | 239/578 [00:51<01:29,  3.80it/s]
Extract:  42%|####1     | 240/578 [00:52<01:22,  4.12it/s]
Extract:  42%|####1     | 242/578 [00:52<00:57,  5.83it/s]
Extract:  42%|####2     | 244/578 [00:52<01:15,  4.45it/s]
Extract:  42%|####2     | 245/578 [00:52<01:10,  4.73it/s]
Extract:  43%|####2     | 247/578 [00:53<01:09,  4.75it/s]
Extract:  43%|####2     | 248/578 [00:53<01:20,  4.12it/s]
Extract:  43%|####3     | 249/578 [00:53<01:12,  4.54it/s]
Extract:  43%|####3     | 250/578 [00:54<01:06,  4.92it/s]
Extract:  43%|####3     | 251/578 [00:54<01:03,  5.17it/s]
Extract:  44%|####3     | 253/578 [00:54<00:47,  6.78it/s]
Extract:  44%|####4     | 255/578 [00:54<00:51,  6.29it/s]
Extract:  44%|####4     | 256/578 [00:55<01:24,  3.82it/s]
Extract:  45%|####4     | 258/578 [00:55<01:04,  4.99it/s]
Extract:  45%|####4     | 259/578 [00:55<00:59,  5.36it/s]
Extract:  45%|####4     | 260/578 [00:55<00:53,  5.94it/s]
Extract:  45%|####5     | 261/578 [00:55<00:49,  6.44it/s]
Extract:  45%|####5     | 262/578 [00:56<01:06,  4.74it/s]
Extract:  46%|####5     | 263/578 [00:57<01:56,  2.70it/s]
Extract:  46%|####5     | 264/578 [00:57<01:33,  3.37it/s]
Extract:  46%|####5     | 265/578 [00:57<01:51,  2.82it/s]
Extract:  46%|####6     | 266/578 [00:58<01:48,  2.87it/s]
Extract:  46%|####6     | 267/578 [00:58<01:57,  2.64it/s]
Extract:  46%|####6     | 268/578 [00:58<01:32,  3.37it/s]
Extract:  47%|####6     | 269/578 [00:59<01:49,  2.82it/s]
Extract:  47%|####7     | 272/578 [00:59<00:54,  5.60it/s]
Extract:  47%|####7     | 274/578 [01:00<01:44,  2.91it/s]
Extract:  48%|####7     | 275/578 [01:00<01:51,  2.73it/s]
Extract:  48%|####7     | 276/578 [01:01<01:37,  3.08it/s]
Extract:  48%|####7     | 277/578 [01:01<01:24,  3.56it/s]
Extract:  48%|####8     | 280/578 [01:01<01:06,  4.48it/s]
Extract:  49%|####8     | 282/578 [01:01<00:51,  5.77it/s]
Extract:  49%|####8     | 283/578 [01:02<01:17,  3.82it/s]
Extract:  49%|####9     | 284/578 [01:02<01:09,  4.25it/s]
Extract:  49%|####9     | 285/578 [01:02<01:10,  4.14it/s]
Extract:  49%|####9     | 286/578 [01:03<01:13,  3.98it/s]
Extract:  50%|####9     | 287/578 [01:03<01:05,  4.43it/s]
Extract:  50%|####9     | 288/578 [01:03<00:57,  5.06it/s]
Extract:  50%|#####     | 289/578 [01:03<00:58,  4.91it/s]
Extract:  50%|#####     | 290/578 [01:04<01:32,  3.12it/s]
Extract:  50%|#####     | 291/578 [01:04<01:13,  3.89it/s]
Extract:  51%|#####     | 293/578 [01:04<00:47,  6.02it/s]
Extract:  51%|#####     | 294/578 [01:04<00:45,  6.26it/s]
Extract:  51%|#####1    | 295/578 [01:05<01:32,  3.06it/s]
Extract:  51%|#####1    | 296/578 [01:05<01:20,  3.49it/s]
Extract:  51%|#####1    | 297/578 [01:06<01:38,  2.84it/s]
Extract:  52%|#####1    | 299/578 [01:06<01:06,  4.17it/s]
Extract:  52%|#####1    | 300/578 [01:06<01:01,  4.55it/s]
Extract:  52%|#####2    | 301/578 [01:06<01:16,  3.64it/s]
Extract:  52%|#####2    | 303/578 [01:07<00:52,  5.23it/s]
Extract:  53%|#####2    | 304/578 [01:07<01:33,  2.92it/s]
Extract:  53%|#####2    | 305/578 [01:08<01:23,  3.29it/s]
Extract:  53%|#####3    | 307/578 [01:08<01:13,  3.69it/s]
Extract:  53%|#####3    | 308/578 [01:08<01:14,  3.65it/s]
Extract:  53%|#####3    | 309/578 [01:09<01:43,  2.59it/s]
Extract:  54%|#####3    | 310/578 [01:09<01:32,  2.89it/s]
Extract:  54%|#####3    | 311/578 [01:10<01:49,  2.44it/s]
Extract:  54%|#####3    | 312/578 [01:11<02:08,  2.07it/s]
Extract:  54%|#####4    | 313/578 [01:11<01:44,  2.54it/s]
Extract:  54%|#####4    | 314/578 [01:11<01:46,  2.48it/s]
Extract:  54%|#####4    | 315/578 [01:11<01:29,  2.92it/s]
Extract:  55%|#####4    | 316/578 [01:12<01:44,  2.51it/s]
Extract:  55%|#####5    | 318/578 [01:12<01:24,  3.08it/s]
Extract:  55%|#####5    | 319/578 [01:13<01:27,  2.95it/s]
Extract:  55%|#####5    | 320/578 [01:13<01:32,  2.80it/s]
Extract:  56%|#####5    | 321/578 [01:13<01:14,  3.44it/s]
Extract:  56%|#####5    | 322/578 [01:14<01:13,  3.50it/s]
Extract:  56%|#####5    | 323/578 [01:14<01:04,  3.93it/s]
Extract:  56%|#####6    | 325/578 [01:14<00:43,  5.87it/s]
Extract:  56%|#####6    | 326/578 [01:14<00:47,  5.27it/s]
Extract:  57%|#####6    | 328/578 [01:14<00:40,  6.13it/s]
Extract:  57%|#####7    | 330/578 [01:15<00:32,  7.52it/s]
Extract:  57%|#####7    | 331/578 [01:15<00:35,  6.88it/s]
Extract:  57%|#####7    | 332/578 [01:15<00:43,  5.71it/s]
Extract:  58%|#####7    | 334/578 [01:15<00:34,  7.04it/s]
Extract:  58%|#####7    | 335/578 [01:15<00:34,  7.08it/s]
Extract:  58%|#####8    | 337/578 [01:16<00:31,  7.70it/s]
Extract:  59%|#####8    | 339/578 [01:16<00:31,  7.65it/s]
Extract:  59%|#####8    | 340/578 [01:16<00:32,  7.26it/s]
Extract:  59%|#####8    | 341/578 [01:16<00:35,  6.61it/s]
Extract:  59%|#####9    | 342/578 [01:17<00:45,  5.15it/s]
Extract:  60%|#####9    | 344/578 [01:17<00:58,  3.97it/s]
Extract:  60%|#####9    | 345/578 [01:17<00:51,  4.57it/s]
Extract:  60%|######    | 347/578 [01:17<00:39,  5.88it/s]
Extract:  60%|######    | 349/578 [01:18<01:05,  3.50it/s]
Extract:  61%|######    | 350/578 [01:19<01:01,  3.71it/s]
Extract:  61%|######    | 351/578 [01:19<01:19,  2.87it/s]
Extract:  61%|######1   | 353/578 [01:20<01:01,  3.68it/s]
Extract:  61%|######1   | 355/578 [01:20<00:44,  4.98it/s]
Extract:  62%|######1   | 356/578 [01:20<00:55,  3.98it/s]
Extract:  62%|######1   | 357/578 [01:20<00:56,  3.93it/s]
Extract:  62%|######2   | 359/578 [01:21<00:44,  4.89it/s]
Extract:  62%|######2   | 360/578 [01:21<00:45,  4.77it/s]
Extract:  62%|######2   | 361/578 [01:21<00:40,  5.36it/s]
Extract:  63%|######2   | 362/578 [01:22<01:04,  3.34it/s]
Extract:  63%|######2   | 363/578 [01:22<00:54,  3.92it/s]
Extract:  63%|######3   | 365/578 [01:22<00:43,  4.92it/s]
Extract:  63%|######3   | 366/578 [01:22<00:44,  4.81it/s]
Extract:  63%|######3   | 367/578 [01:23<00:55,  3.80it/s]
Extract:  64%|######3   | 368/578 [01:23<00:50,  4.14it/s]
Extract:  64%|######3   | 369/578 [01:23<01:02,  3.34it/s]
Extract:  64%|######4   | 372/578 [01:23<00:32,  6.39it/s]
Extract:  65%|######4   | 374/578 [01:24<00:37,  5.50it/s]
Extract:  65%|######5   | 376/578 [01:24<00:34,  5.85it/s]
Extract:  65%|######5   | 377/578 [01:24<00:35,  5.61it/s]
Extract:  65%|######5   | 378/578 [01:25<00:32,  6.09it/s]
Extract:  66%|######5   | 379/578 [01:25<00:30,  6.61it/s]
Extract:  66%|######5   | 380/578 [01:25<00:47,  4.19it/s]
Extract:  66%|######5   | 381/578 [01:25<00:42,  4.58it/s]
Extract:  66%|######6   | 382/578 [01:26<01:05,  3.01it/s]
Extract:  66%|######6   | 383/578 [01:26<00:55,  3.48it/s]
Extract:  66%|######6   | 384/578 [01:26<00:57,  3.35it/s]
Extract:  67%|######6   | 386/578 [01:27<00:40,  4.69it/s]
Extract:  67%|######6   | 387/578 [01:27<00:41,  4.57it/s]
Extract:  67%|######7   | 388/578 [01:27<00:35,  5.30it/s]
Extract:  67%|######7   | 390/578 [01:27<00:26,  7.03it/s]
Extract:  68%|######7   | 391/578 [01:27<00:27,  6.80it/s]
Extract:  68%|######7   | 392/578 [01:28<00:28,  6.64it/s]
Extract:  68%|######7   | 393/578 [01:28<00:35,  5.23it/s]
Extract:  68%|######8   | 394/578 [01:28<00:36,  4.97it/s]
Extract:  68%|######8   | 395/578 [01:28<00:41,  4.46it/s]
Extract:  69%|######8   | 397/578 [01:29<00:34,  5.23it/s]
Extract:  69%|######8   | 398/578 [01:29<00:32,  5.59it/s]
Extract:  69%|######9   | 399/578 [01:29<00:30,  5.96it/s]
Extract:  69%|######9   | 401/578 [01:29<00:23,  7.55it/s]
Extract:  70%|######9   | 402/578 [01:29<00:24,  7.15it/s]
Extract:  70%|######9   | 403/578 [01:29<00:25,  6.96it/s]
Extract:  70%|######9   | 404/578 [01:30<00:24,  7.02it/s]
Extract:  70%|#######   | 405/578 [01:30<00:26,  6.45it/s]
Extract:  70%|#######   | 406/578 [01:30<00:32,  5.21it/s]
Extract:  70%|#######   | 407/578 [01:30<00:42,  4.06it/s]
Extract:  71%|#######   | 408/578 [01:31<01:15,  2.24it/s]
Extract:  71%|#######   | 410/578 [01:32<00:52,  3.19it/s]
Extract:  71%|#######1  | 412/578 [01:32<00:38,  4.33it/s]
Extract:  71%|#######1  | 413/578 [01:32<00:41,  3.93it/s]
Extract:  72%|#######1  | 415/578 [01:32<00:31,  5.11it/s]
Extract:  72%|#######1  | 416/578 [01:33<00:31,  5.22it/s]
Extract:  72%|#######2  | 417/578 [01:33<00:28,  5.64it/s]
Extract:  72%|#######2  | 418/578 [01:33<00:41,  3.86it/s]
Extract:  72%|#######2  | 419/578 [01:34<00:47,  3.38it/s]
Extract:  73%|#######2  | 420/578 [01:34<00:39,  3.98it/s]
Extract:  73%|#######2  | 421/578 [01:34<00:56,  2.76it/s]
Extract:  73%|#######3  | 424/578 [01:35<00:35,  4.35it/s]
Extract:  74%|#######3  | 425/578 [01:35<00:45,  3.36it/s]
Extract:  74%|#######3  | 426/578 [01:35<00:42,  3.60it/s]
Extract:  74%|#######3  | 427/578 [01:36<01:03,  2.38it/s]
Extract:  74%|#######4  | 428/578 [01:37<01:08,  2.20it/s]
Extract:  74%|#######4  | 429/578 [01:37<01:09,  2.15it/s]
Extract:  75%|#######4  | 431/578 [01:38<00:44,  3.31it/s]
Extract:  75%|#######4  | 432/578 [01:38<00:40,  3.58it/s]
Extract:  75%|#######5  | 434/578 [01:38<00:38,  3.69it/s]
Extract:  75%|#######5  | 435/578 [01:38<00:34,  4.19it/s]
Extract:  76%|#######5  | 437/578 [01:39<00:27,  5.05it/s]
Extract:  76%|#######5  | 438/578 [01:39<00:26,  5.31it/s]
Extract:  76%|#######5  | 439/578 [01:39<00:28,  4.94it/s]
Extract:  76%|#######6  | 441/578 [01:40<00:36,  3.75it/s]
Extract:  76%|#######6  | 442/578 [01:40<00:32,  4.21it/s]
Extract:  77%|#######6  | 443/578 [01:40<00:27,  4.83it/s]
Extract:  77%|#######6  | 444/578 [01:40<00:26,  4.98it/s]
Extract:  77%|#######6  | 445/578 [01:41<00:44,  2.97it/s]
Extract:  77%|#######7  | 447/578 [01:41<00:29,  4.46it/s]
Extract:  78%|#######7  | 449/578 [01:41<00:21,  6.06it/s]
Extract:  78%|#######7  | 450/578 [01:42<00:30,  4.13it/s]
Extract:  78%|#######8  | 451/578 [01:42<00:37,  3.36it/s]
Extract:  78%|#######8  | 452/578 [01:42<00:31,  3.94it/s]
Extract:  79%|#######8  | 454/578 [01:43<00:23,  5.34it/s]
Extract:  79%|#######8  | 456/578 [01:43<00:18,  6.56it/s]
Extract:  79%|#######9  | 458/578 [01:43<00:19,  6.14it/s]
Extract:  79%|#######9  | 459/578 [01:43<00:18,  6.52it/s]
Extract:  80%|#######9  | 461/578 [01:43<00:15,  7.37it/s]
Extract:  80%|#######9  | 462/578 [01:44<00:15,  7.72it/s]
Extract:  80%|########  | 463/578 [01:44<00:20,  5.67it/s]
Extract:  80%|########  | 465/578 [01:44<00:14,  7.64it/s]
Extract:  81%|########  | 466/578 [01:44<00:16,  6.64it/s]
Extract:  81%|########  | 467/578 [01:45<00:23,  4.80it/s]
Extract:  81%|########  | 468/578 [01:45<00:39,  2.80it/s]
Extract:  81%|########1 | 469/578 [01:46<00:32,  3.36it/s]
Extract:  81%|########1 | 470/578 [01:46<00:35,  3.01it/s]
Extract:  81%|########1 | 471/578 [01:46<00:36,  2.92it/s]
Extract:  82%|########1 | 472/578 [01:47<00:35,  3.01it/s]
Extract:  82%|########1 | 473/578 [01:47<00:29,  3.51it/s]
Extract:  82%|########2 | 474/578 [01:47<00:28,  3.62it/s]
Extract:  82%|########2 | 475/578 [01:47<00:24,  4.23it/s]
Extract:  82%|########2 | 476/578 [01:48<00:33,  3.01it/s]
Extract:  83%|########2 | 477/578 [01:48<00:28,  3.57it/s]
Extract:  83%|########2 | 478/578 [01:48<00:23,  4.21it/s]
Extract:  83%|########2 | 479/578 [01:48<00:22,  4.38it/s]
Extract:  83%|########3 | 480/578 [01:48<00:19,  5.03it/s]
Extract:  83%|########3 | 481/578 [01:49<00:18,  5.23it/s]
Extract:  83%|########3 | 482/578 [01:49<00:15,  6.07it/s]
Extract:  84%|########3 | 484/578 [01:49<00:12,  7.43it/s]
Extract:  84%|########4 | 486/578 [01:49<00:10,  8.61it/s]
Extract:  84%|########4 | 487/578 [01:49<00:12,  7.22it/s]
Extract:  85%|########4 | 489/578 [01:50<00:19,  4.48it/s]
Extract:  85%|########4 | 490/578 [01:50<00:23,  3.72it/s]
Extract:  85%|########4 | 491/578 [01:51<00:24,  3.56it/s]
Extract:  85%|########5 | 492/578 [01:51<00:24,  3.52it/s]
Extract:  85%|########5 | 493/578 [01:51<00:23,  3.54it/s]
Extract:  85%|########5 | 494/578 [01:52<00:25,  3.36it/s]
Extract:  86%|########5 | 496/578 [01:52<00:16,  4.89it/s]
Extract:  86%|########6 | 498/578 [01:52<00:19,  4.01it/s]
Extract:  87%|########6 | 500/578 [01:53<00:13,  5.60it/s]
Extract:  87%|########6 | 501/578 [01:53<00:13,  5.88it/s]
Extract:  87%|########7 | 503/578 [01:53<00:09,  7.92it/s]
Extract:  87%|########7 | 505/578 [01:54<00:18,  3.92it/s]
Extract:  88%|########7 | 507/578 [01:54<00:14,  4.94it/s]
Extract:  88%|########7 | 508/578 [01:54<00:14,  4.96it/s]
Extract:  88%|########8 | 510/578 [01:55<00:13,  4.97it/s]
Extract:  88%|########8 | 511/578 [01:55<00:12,  5.20it/s]
Extract:  89%|########8 | 512/578 [01:55<00:17,  3.67it/s]
Extract:  89%|########8 | 514/578 [01:55<00:12,  4.93it/s]
Extract:  89%|########9 | 515/578 [01:56<00:21,  2.95it/s]
Extract:  89%|########9 | 516/578 [01:57<00:28,  2.17it/s]
Extract:  89%|########9 | 517/578 [01:57<00:25,  2.43it/s]
Extract:  90%|########9 | 519/578 [01:58<00:18,  3.27it/s]
Extract:  90%|########9 | 520/578 [01:58<00:15,  3.65it/s]
Extract:  90%|######### | 522/578 [01:58<00:11,  4.86it/s]
Extract:  90%|######### | 523/578 [01:58<00:11,  4.83it/s]
Extract:  91%|######### | 524/578 [01:58<00:10,  5.15it/s]
Extract:  91%|#########1| 526/578 [01:59<00:13,  3.90it/s]
Extract:  91%|#########1| 528/578 [01:59<00:10,  4.89it/s]
Extract:  92%|#########1| 529/578 [02:00<00:09,  5.09it/s]
Extract:  92%|#########1| 530/578 [02:00<00:08,  5.37it/s]
Extract:  92%|#########1| 531/578 [02:00<00:08,  5.53it/s]
Extract:  92%|#########2| 532/578 [02:00<00:07,  5.91it/s]
Extract:  92%|#########2| 533/578 [02:00<00:07,  6.16it/s]
Extract:  92%|#########2| 534/578 [02:00<00:08,  5.33it/s]
Extract:  93%|#########2| 535/578 [02:01<00:07,  5.98it/s]
Extract:  93%|#########2| 537/578 [02:01<00:06,  6.04it/s]
Extract:  93%|#########3| 538/578 [02:01<00:08,  4.77it/s]
Extract:  93%|#########3| 540/578 [02:02<00:09,  3.99it/s]
Extract:  94%|#########3| 541/578 [02:02<00:09,  3.90it/s]
Extract:  94%|#########3| 543/578 [02:03<00:09,  3.62it/s]
Extract:  94%|#########4| 544/578 [02:03<00:08,  4.21it/s]
Extract:  94%|#########4| 546/578 [02:04<00:12,  2.52it/s]
Extract:  95%|#########4| 547/578 [02:05<00:14,  2.07it/s]
Extract:  95%|#########4| 549/578 [02:05<00:09,  3.11it/s]
Extract:  95%|#########5| 551/578 [02:05<00:06,  4.21it/s]
Extract:  96%|#########5| 553/578 [02:06<00:06,  3.71it/s]
Extract:  96%|#########5| 554/578 [02:06<00:07,  3.04it/s]
Extract:  96%|#########6| 555/578 [02:07<00:08,  2.58it/s]
Extract:  96%|#########6| 556/578 [02:07<00:08,  2.73it/s]
Extract:  96%|#########6| 557/578 [02:08<00:07,  2.80it/s]
Extract:  97%|#########6| 558/578 [02:08<00:05,  3.43it/s]
Extract:  97%|#########6| 560/578 [02:09<00:06,  2.72it/s]
Extract:  97%|#########7| 561/578 [02:09<00:06,  2.72it/s]
Extract:  97%|#########7| 563/578 [02:09<00:03,  4.12it/s]
Extract:  98%|#########7| 564/578 [02:10<00:04,  3.06it/s]
Extract:  98%|#########7| 565/578 [02:10<00:04,  2.66it/s]
Extract:  98%|#########7| 566/578 [02:11<00:03,  3.03it/s]
Extract:  98%|#########8| 567/578 [02:11<00:03,  3.14it/s]
Extract:  98%|#########8| 568/578 [02:12<00:05,  1.85it/s]
Extract:  99%|#########8| 570/578 [02:12<00:02,  2.90it/s]
Extract:  99%|#########8| 572/578 [02:12<00:01,  3.98it/s]
Extract:  99%|#########9| 574/578 [02:13<00:00,  5.42it/s]
Extract:  99%|#########9| 575/578 [02:13<00:00,  5.39it/s]
Extract: 100%|#########9| 576/578 [02:13<00:00,  3.80it/s]
Extract: 100%|##########| 578/578 [02:13<00:00,  5.42it/s]
Extract: 100%|##########| 578/578 [02:13<00:00,  4.32it/s]

Extract:   0%|          | 0/578 [00:00<?, ?it/s]
Extract:   0%|          | 2/578 [00:00<01:10,  8.22it/s]
Extract:   1%|          | 3/578 [00:00<02:14,  4.27it/s]
Extract:   1%|          | 4/578 [00:01<03:20,  2.86it/s]
Extract:   1%|          | 5/578 [00:01<03:12,  2.98it/s]
Extract:   1%|1         | 6/578 [00:01<02:51,  3.34it/s]
Extract:   1%|1         | 7/578 [00:02<03:19,  2.87it/s]
Extract:   1%|1         | 8/578 [00:02<03:31,  2.70it/s]
Extract:   2%|1         | 9/578 [00:02<03:17,  2.88it/s]
Extract:   2%|1         | 10/578 [00:03<03:01,  3.13it/s]
Extract:   2%|1         | 11/578 [00:03<02:46,  3.40it/s]
Extract:   2%|2         | 12/578 [00:03<03:22,  2.80it/s]
Extract:   2%|2         | 13/578 [00:04<02:43,  3.45it/s]
Extract:   2%|2         | 14/578 [00:04<03:22,  2.78it/s]
Extract:   3%|2         | 15/578 [00:05<03:42,  2.53it/s]
Extract:   3%|2         | 16/578 [00:05<03:44,  2.51it/s]
Extract:   3%|2         | 17/578 [00:05<03:06,  3.01it/s]
Extract:   3%|3         | 19/578 [00:05<02:03,  4.52it/s]
Extract:   3%|3         | 20/578 [00:05<01:50,  5.03it/s]
Extract:   4%|3         | 21/578 [00:06<02:53,  3.21it/s]
Extract:   4%|3         | 22/578 [00:06<02:41,  3.45it/s]
Extract:   4%|3         | 23/578 [00:07<02:42,  3.42it/s]
Extract:   4%|4         | 24/578 [00:07<02:18,  4.01it/s]
Extract:   4%|4         | 26/578 [00:07<01:39,  5.53it/s]
Extract:   5%|4         | 27/578 [00:08<02:42,  3.40it/s]
Extract:   5%|5         | 29/578 [00:08<02:02,  4.48it/s]
Extract:   5%|5         | 30/578 [00:08<02:17,  3.99it/s]
Extract:   5%|5         | 31/578 [00:08<02:26,  3.75it/s]
Extract:   6%|5         | 33/578 [00:09<01:38,  5.51it/s]
Extract:   6%|6         | 35/578 [00:09<01:18,  6.90it/s]
Extract:   6%|6         | 37/578 [00:09<01:22,  6.57it/s]
Extract:   7%|6         | 38/578 [00:09<01:22,  6.57it/s]
Extract:   7%|6         | 40/578 [00:09<01:13,  7.31it/s]
Extract:   7%|7         | 41/578 [00:10<01:12,  7.42it/s]
Extract:   7%|7         | 42/578 [00:10<01:57,  4.56it/s]
Extract:   7%|7         | 43/578 [00:11<02:55,  3.05it/s]
Extract:   8%|7         | 45/578 [00:11<02:00,  4.42it/s]
Extract:   8%|7         | 46/578 [00:11<01:49,  4.88it/s]
Extract:   8%|8         | 47/578 [00:11<01:55,  4.58it/s]
Extract:   8%|8         | 49/578 [00:11<01:23,  6.36it/s]
Extract:   9%|8         | 50/578 [00:12<01:55,  4.56it/s]
Extract:   9%|8         | 51/578 [00:12<02:16,  3.85it/s]
Extract:   9%|8         | 52/578 [00:13<02:38,  3.31it/s]
Extract:   9%|9         | 54/578 [00:13<02:24,  3.63it/s]
Extract:  10%|9         | 55/578 [00:14<02:37,  3.32it/s]
Extract:  10%|9         | 56/578 [00:14<02:15,  3.84it/s]
Extract:  10%|#         | 58/578 [00:14<01:54,  4.53it/s]
Extract:  10%|#         | 59/578 [00:14<01:53,  4.57it/s]
Extract:  10%|#         | 60/578 [00:15<02:21,  3.67it/s]
Extract:  11%|#         | 61/578 [00:15<02:45,  3.13it/s]
Extract:  11%|#         | 62/578 [00:15<02:17,  3.76it/s]
Extract:  11%|#1        | 64/578 [00:16<02:00,  4.26it/s]
Extract:  11%|#1        | 65/578 [00:16<02:23,  3.57it/s]
Extract:  11%|#1        | 66/578 [00:16<02:20,  3.65it/s]
Extract:  12%|#1        | 67/578 [00:17<03:15,  2.62it/s]
Extract:  12%|#1        | 69/578 [00:17<02:26,  3.47it/s]
Extract:  12%|#2        | 70/578 [00:17<02:04,  4.09it/s]
Extract:  12%|#2        | 71/578 [00:18<01:51,  4.54it/s]
Extract:  12%|#2        | 72/578 [00:18<01:46,  4.77it/s]
Extract:  13%|#2        | 73/578 [00:18<02:28,  3.39it/s]
Extract:  13%|#2        | 75/578 [00:18<01:45,  4.76it/s]
Extract:  13%|#3        | 76/578 [00:19<01:44,  4.80it/s]
Extract:  13%|#3        | 77/578 [00:19<02:24,  3.46it/s]
Extract:  14%|#3        | 79/578 [00:19<01:46,  4.68it/s]
Extract:  14%|#3        | 80/578 [00:20<01:37,  5.09it/s]
Extract:  14%|#4        | 81/578 [00:20<01:28,  5.63it/s]
Extract:  14%|#4        | 82/578 [00:20<01:21,  6.11it/s]
Extract:  14%|#4        | 83/578 [00:20<01:31,  5.43it/s]
Extract:  15%|#4        | 84/578 [00:21<02:22,  3.46it/s]
Extract:  15%|#4        | 85/578 [00:21<01:58,  4.16it/s]
Extract:  15%|#4        | 86/578 [00:21<01:55,  4.27it/s]
Extract:  15%|#5        | 88/578 [00:21<01:22,  5.96it/s]
Extract:  15%|#5        | 89/578 [00:22<02:10,  3.74it/s]
Extract:  16%|#5        | 90/578 [00:22<02:18,  3.51it/s]
Extract:  16%|#5        | 91/578 [00:23<03:30,  2.32it/s]
Extract:  16%|#5        | 92/578 [00:23<03:50,  2.11it/s]
Extract:  16%|#6        | 94/578 [00:24<02:45,  2.92it/s]
Extract:  17%|#6        | 96/578 [00:25<03:06,  2.58it/s]
Extract:  17%|#6        | 97/578 [00:25<02:44,  2.93it/s]
Extract:  17%|#6        | 98/578 [00:25<02:42,  2.95it/s]
Extract:  17%|#7        | 99/578 [00:25<02:17,  3.48it/s]
Extract:  17%|#7        | 100/578 [00:26<02:15,  3.54it/s]
Extract:  17%|#7        | 101/578 [00:26<01:59,  3.98it/s]
Extract:  18%|#7        | 103/578 [00:26<01:22,  5.75it/s]
Extract:  18%|#8        | 105/578 [00:26<01:40,  4.70it/s]
Extract:  18%|#8        | 106/578 [00:27<01:31,  5.16it/s]
Extract:  19%|#8        | 107/578 [00:27<02:05,  3.75it/s]
Extract:  19%|#8        | 108/578 [00:27<02:18,  3.39it/s]
Extract:  19%|#9        | 110/578 [00:28<01:59,  3.92it/s]
Extract:  19%|#9        | 111/578 [00:28<01:50,  4.22it/s]
Extract:  20%|#9        | 113/578 [00:28<01:19,  5.81it/s]
Extract:  20%|#9        | 114/578 [00:28<01:14,  6.22it/s]
Extract:  20%|#9        | 115/578 [00:28<01:09,  6.64it/s]
Extract:  20%|##        | 116/578 [00:29<01:24,  5.49it/s]
Extract:  20%|##        | 117/578 [00:29<02:09,  3.57it/s]
Extract:  21%|##        | 120/578 [00:30<02:34,  2.97it/s]
Extract:  21%|##        | 121/578 [00:31<02:59,  2.54it/s]
Extract:  21%|##1       | 123/578 [00:31<02:07,  3.56it/s]
Extract:  21%|##1       | 124/578 [00:31<01:51,  4.06it/s]
Extract:  22%|##1       | 125/578 [00:32<02:18,  3.27it/s]
Extract:  22%|##1       | 126/578 [00:32<02:13,  3.37it/s]
Extract:  22%|##2       | 128/578 [00:32<01:39,  4.52it/s]
Extract:  22%|##2       | 130/578 [00:33<01:49,  4.09it/s]
Extract:  23%|##2       | 131/578 [00:34<02:29,  2.98it/s]
Extract:  23%|##2       | 132/578 [00:34<02:08,  3.46it/s]
Extract:  23%|##3       | 133/578 [00:34<02:09,  3.42it/s]
Extract:  23%|##3       | 134/578 [00:34<01:51,  3.97it/s]
Extract:  23%|##3       | 135/578 [00:34<01:40,  4.43it/s]
Extract:  24%|##3       | 136/578 [00:34<01:30,  4.88it/s]
Extract:  24%|##3       | 137/578 [00:35<02:04,  3.54it/s]
Extract:  24%|##3       | 138/578 [00:36<02:40,  2.74it/s]
Extract:  24%|##4       | 139/578 [00:36<02:33,  2.85it/s]
Extract:  24%|##4       | 141/578 [00:36<01:35,  4.59it/s]
Extract:  25%|##4       | 142/578 [00:36<01:34,  4.63it/s]
Extract:  25%|##5       | 145/578 [00:36<00:53,  8.03it/s]
Extract:  25%|##5       | 147/578 [00:37<01:26,  5.01it/s]
Extract:  26%|##5       | 148/578 [00:37<01:23,  5.17it/s]
Extract:  26%|##5       | 149/578 [00:38<01:45,  4.07it/s]
Extract:  26%|##5       | 150/578 [00:38<01:50,  3.88it/s]
Extract:  26%|##6       | 152/578 [00:38<01:21,  5.24it/s]
Extract:  26%|##6       | 153/578 [00:39<02:39,  2.67it/s]
Extract:  27%|##6       | 155/578 [00:40<02:29,  2.83it/s]
Extract:  27%|##7       | 157/578 [00:40<01:49,  3.85it/s]
Extract:  27%|##7       | 158/578 [00:40<01:36,  4.35it/s]
Extract:  28%|##7       | 160/578 [00:40<01:26,  4.84it/s]
Extract:  28%|##8       | 162/578 [00:40<01:06,  6.23it/s]
Extract:  28%|##8       | 163/578 [00:42<02:44,  2.52it/s]
Extract:  28%|##8       | 164/578 [00:42<02:37,  2.62it/s]
Extract:  29%|##8       | 165/578 [00:43<02:43,  2.53it/s]
Extract:  29%|##8       | 166/578 [00:43<02:57,  2.32it/s]
Extract:  29%|##8       | 167/578 [00:44<04:33,  1.50it/s]
Extract:  29%|##9       | 168/578 [00:45<03:54,  1.75it/s]
Extract:  29%|##9       | 169/578 [00:45<03:20,  2.04it/s]
Extract:  29%|##9       | 170/578 [00:45<03:05,  2.20it/s]
Extract:  30%|##9       | 171/578 [00:46<02:30,  2.70it/s]
Extract:  30%|##9       | 172/578 [00:46<02:56,  2.30it/s]
Extract:  30%|##9       | 173/578 [00:47<03:14,  2.08it/s]
Extract:  30%|###       | 174/578 [00:47<02:42,  2.48it/s]
Extract:  30%|###       | 175/578 [00:47<02:10,  3.09it/s]
Extract:  30%|###       | 176/578 [00:47<01:50,  3.65it/s]
Extract:  31%|###       | 177/578 [00:48<02:35,  2.57it/s]
Extract:  31%|###       | 178/578 [00:48<02:14,  2.98it/s]
Extract:  31%|###       | 179/578 [00:48<01:55,  3.46it/s]
Extract:  31%|###1      | 180/578 [00:49<02:26,  2.72it/s]
Extract:  31%|###1      | 181/578 [00:50<03:10,  2.08it/s]
Extract:  31%|###1      | 182/578 [00:50<02:41,  2.46it/s]
Extract:  32%|###1      | 184/578 [00:50<01:59,  3.31it/s]
Extract:  32%|###2      | 185/578 [00:51<02:57,  2.22it/s]
Extract:  32%|###2      | 186/578 [00:51<02:27,  2.67it/s]
Extract:  33%|###2      | 188/578 [00:52<01:54,  3.40it/s]
Extract:  33%|###2      | 189/578 [00:52<02:40,  2.43it/s]
Extract:  33%|###3      | 191/578 [00:53<02:26,  2.64it/s]
Extract:  33%|###3      | 192/578 [00:53<02:07,  3.02it/s]
Extract:  33%|###3      | 193/578 [00:54<02:00,  3.20it/s]
Extract:  34%|###3      | 194/578 [00:54<01:40,  3.83it/s]
Extract:  34%|###3      | 195/578 [00:54<01:23,  4.59it/s]
Extract:  34%|###4      | 197/578 [00:54<01:44,  3.65it/s]
Extract:  34%|###4      | 198/578 [00:55<01:40,  3.78it/s]
Extract:  35%|###4      | 201/578 [00:56<01:55,  3.26it/s]
Extract:  35%|###4      | 202/578 [00:56<01:52,  3.35it/s]
Extract:  35%|###5      | 203/578 [00:57<02:15,  2.76it/s]
Extract:  35%|###5      | 205/578 [00:57<01:31,  4.07it/s]
Extract:  36%|###5      | 206/578 [00:57<01:37,  3.80it/s]
Extract:  36%|###5      | 207/578 [00:57<01:41,  3.64it/s]
Extract:  36%|###6      | 209/578 [00:57<01:13,  5.03it/s]
Extract:  36%|###6      | 210/578 [00:58<01:10,  5.20it/s]
Extract:  37%|###6      | 212/578 [00:58<01:25,  4.27it/s]
Extract:  37%|###6      | 213/578 [00:58<01:22,  4.45it/s]
Extract:  37%|###7      | 215/578 [00:59<01:21,  4.45it/s]
Extract:  38%|###7      | 217/578 [00:59<01:07,  5.35it/s]
Extract:  38%|###8      | 220/578 [00:59<00:48,  7.33it/s]
Extract:  38%|###8      | 221/578 [00:59<00:47,  7.48it/s]
Extract:  39%|###8      | 223/578 [01:00<00:39,  9.00it/s]
Extract:  39%|###8      | 225/578 [01:00<01:04,  5.44it/s]
Extract:  39%|###9      | 226/578 [01:01<01:20,  4.35it/s]
Extract:  39%|###9      | 227/578 [01:01<01:17,  4.54it/s]
Extract:  40%|###9      | 229/578 [01:01<01:05,  5.31it/s]
Extract:  40%|###9      | 230/578 [01:02<01:19,  4.36it/s]
Extract:  40%|###9      | 231/578 [01:02<01:28,  3.94it/s]
Extract:  40%|####      | 232/578 [01:02<01:19,  4.35it/s]
Extract:  40%|####      | 233/578 [01:02<01:09,  4.93it/s]
Extract:  40%|####      | 234/578 [01:02<01:06,  5.17it/s]
Extract:  41%|####      | 235/578 [01:02<01:02,  5.49it/s]
Extract:  41%|####      | 236/578 [01:03<02:06,  2.69it/s]
Extract:  41%|####1     | 237/578 [01:04<02:45,  2.06it/s]
Extract:  41%|####1     | 239/578 [01:04<01:40,  3.37it/s]
Extract:  42%|####1     | 240/578 [01:04<01:32,  3.67it/s]
Extract:  42%|####1     | 242/578 [01:05<01:03,  5.29it/s]
Extract:  42%|####2     | 244/578 [01:05<01:17,  4.34it/s]
Extract:  42%|####2     | 245/578 [01:05<01:11,  4.69it/s]
Extract:  43%|####2     | 247/578 [01:06<01:08,  4.80it/s]
Extract:  43%|####2     | 248/578 [01:06<01:27,  3.79it/s]
Extract:  43%|####3     | 249/578 [01:06<01:25,  3.87it/s]
Extract:  43%|####3     | 250/578 [01:07<01:17,  4.21it/s]
Extract:  43%|####3     | 251/578 [01:07<01:13,  4.42it/s]
Extract:  44%|####3     | 253/578 [01:07<00:57,  5.63it/s]
Extract:  44%|####4     | 255/578 [01:07<01:02,  5.17it/s]
Extract:  44%|####4     | 256/578 [01:08<01:39,  3.24it/s]
Extract:  44%|####4     | 257/578 [01:08<01:25,  3.74it/s]
Extract:  45%|####4     | 258/578 [01:08<01:15,  4.21it/s]
Extract:  45%|####4     | 259/578 [01:09<01:11,  4.49it/s]
Extract:  45%|####4     | 260/578 [01:09<01:08,  4.63it/s]
Extract:  45%|####5     | 261/578 [01:09<01:02,  5.09it/s]
Extract:  45%|####5     | 262/578 [01:09<01:28,  3.56it/s]
Extract:  46%|####5     | 263/578 [01:10<02:03,  2.55it/s]
Extract:  46%|####5     | 264/578 [01:10<01:36,  3.26it/s]
Extract:  46%|####5     | 265/578 [01:11<01:39,  3.14it/s]
Extract:  46%|####6     | 266/578 [01:11<01:36,  3.25it/s]
Extract:  46%|####6     | 267/578 [01:11<01:59,  2.60it/s]
Extract:  46%|####6     | 268/578 [01:12<01:39,  3.12it/s]
Extract:  47%|####6     | 269/578 [01:12<01:51,  2.76it/s]
Extract:  47%|####6     | 271/578 [01:12<01:08,  4.51it/s]
Extract:  47%|####7     | 273/578 [01:13<01:31,  3.35it/s]
Extract:  47%|####7     | 274/578 [01:14<01:53,  2.67it/s]
Extract:  48%|####7     | 275/578 [01:14<01:54,  2.64it/s]
Extract:  48%|####7     | 276/578 [01:14<01:39,  3.04it/s]
Extract:  48%|####7     | 277/578 [01:14<01:24,  3.57it/s]
Extract:  48%|####8     | 280/578 [01:15<01:06,  4.51it/s]
Extract:  49%|####8     | 282/578 [01:15<00:51,  5.73it/s]
Extract:  49%|####8     | 283/578 [01:15<01:05,  4.52it/s]
Extract:  49%|####9     | 284/578 [01:16<00:57,  5.10it/s]
Extract:  49%|####9     | 285/578 [01:16<01:03,  4.61it/s]
Extract:  49%|####9     | 286/578 [01:16<01:06,  4.42it/s]
Extract:  50%|####9     | 287/578 [01:16<00:59,  4.90it/s]
Extract:  50%|####9     | 288/578 [01:16<00:52,  5.50it/s]
Extract:  50%|#####     | 289/578 [01:17<00:59,  4.83it/s]
Extract:  50%|#####     | 290/578 [01:17<01:40,  2.87it/s]
Extract:  50%|#####     | 291/578 [01:17<01:21,  3.52it/s]
Extract:  51%|#####     | 293/578 [01:18<00:51,  5.49it/s]
Extract:  51%|#####     | 294/578 [01:18<00:49,  5.75it/s]
Extract:  51%|#####1    | 295/578 [01:18<01:23,  3.37it/s]
Extract:  51%|#####1    | 296/578 [01:19<01:15,  3.75it/s]
Extract:  51%|#####1    | 297/578 [01:19<01:51,  2.51it/s]
Extract:  52%|#####1    | 299/578 [01:20<01:13,  3.80it/s]
Extract:  52%|#####1    | 300/578 [01:20<01:05,  4.25it/s]
Extract:  52%|#####2    | 301/578 [01:20<01:12,  3.84it/s]
Extract:  52%|#####2    | 303/578 [01:20<00:49,  5.59it/s]
Extract:  53%|#####2    | 304/578 [01:21<01:24,  3.24it/s]
Extract:  53%|#####2    | 305/578 [01:21<01:19,  3.45it/s]
Extract:  53%|#####3    | 307/578 [01:22<01:16,  3.55it/s]
Extract:  53%|#####3    | 308/578 [01:22<01:21,  3.33it/s]
Extract:  53%|#####3    | 309/578 [01:23<02:05,  2.15it/s]
Extract:  54%|#####3    | 310/578 [01:23<01:49,  2.44it/s]
Extract:  54%|#####3    | 311/578 [01:24<02:21,  1.89it/s]
Extract:  54%|#####3    | 312/578 [01:25<02:33,  1.74it/s]
Extract:  54%|#####4    | 313/578 [01:25<02:01,  2.19it/s]
Extract:  54%|#####4    | 314/578 [01:25<01:55,  2.29it/s]
Extract:  55%|#####4    | 316/578 [01:26<01:37,  2.70it/s]
Extract:  55%|#####5    | 318/578 [01:27<01:28,  2.93it/s]
Extract:  55%|#####5    | 319/578 [01:27<01:25,  3.01it/s]
Extract:  55%|#####5    | 320/578 [01:27<01:44,  2.48it/s]
Extract:  56%|#####5    | 321/578 [01:28<01:27,  2.92it/s]
Extract:  56%|#####5    | 322/578 [01:28<02:00,  2.13it/s]
Extract:  56%|#####5    | 323/578 [01:29<01:47,  2.37it/s]
Extract:  56%|#####6    | 325/578 [01:29<01:14,  3.41it/s]
Extract:  56%|#####6    | 326/578 [01:30<01:50,  2.27it/s]
Extract:  57%|#####6    | 327/578 [01:30<01:34,  2.65it/s]
Extract:  57%|#####6    | 328/578 [01:30<01:36,  2.60it/s]
Extract:  57%|#####6    | 329/578 [01:31<01:19,  3.12it/s]
Extract:  57%|#####7    | 330/578 [01:31<01:41,  2.44it/s]
Extract:  57%|#####7    | 331/578 [01:32<01:46,  2.32it/s]
Extract:  57%|#####7    | 332/578 [01:32<01:40,  2.44it/s]
Extract:  58%|#####7    | 334/578 [01:32<01:02,  3.92it/s]
Extract:  58%|#####7    | 335/578 [01:32<00:52,  4.59it/s]
Extract:  58%|#####8    | 337/578 [01:33<00:41,  5.76it/s]
Extract:  59%|#####8    | 339/578 [01:33<00:35,  6.69it/s]
Extract:  59%|#####8    | 340/578 [01:33<00:35,  6.67it/s]
Extract:  59%|#####8    | 341/578 [01:33<00:34,  6.78it/s]
Extract:  59%|#####9    | 342/578 [01:33<00:40,  5.80it/s]
Extract:  60%|#####9    | 344/578 [01:34<01:00,  3.88it/s]
Extract:  60%|#####9    | 345/578 [01:34<00:55,  4.23it/s]
Extract:  60%|######    | 347/578 [01:34<00:41,  5.51it/s]
Extract:  60%|######    | 349/578 [01:35<00:54,  4.22it/s]
Extract:  61%|######    | 350/578 [01:35<00:52,  4.37it/s]
Extract:  61%|######    | 351/578 [01:36<01:21,  2.79it/s]
Extract:  61%|######1   | 353/578 [01:37<01:06,  3.37it/s]
Extract:  61%|######1   | 355/578 [01:37<00:49,  4.54it/s]
Extract:  62%|######1   | 356/578 [01:37<01:00,  3.66it/s]
Extract:  62%|######1   | 357/578 [01:37<01:01,  3.58it/s]
Extract:  62%|######2   | 359/578 [01:38<00:49,  4.43it/s]
Extract:  62%|######2   | 360/578 [01:38<00:50,  4.34it/s]
Extract:  62%|######2   | 361/578 [01:38<00:43,  4.99it/s]
Extract:  63%|######2   | 362/578 [01:39<00:57,  3.73it/s]
Extract:  63%|######2   | 363/578 [01:39<00:49,  4.32it/s]
Extract:  63%|######2   | 364/578 [01:39<00:42,  5.02it/s]
Extract:  63%|######3   | 365/578 [01:39<00:50,  4.24it/s]
Extract:  63%|######3   | 366/578 [01:40<00:58,  3.61it/s]
Extract:  63%|######3   | 367/578 [01:40<01:19,  2.66it/s]
Extract:  64%|######3   | 368/578 [01:40<01:09,  3.01it/s]
Extract:  64%|######3   | 369/578 [01:41<01:21,  2.55it/s]
Extract:  64%|######4   | 371/578 [01:41<00:50,  4.14it/s]
Extract:  65%|######4   | 373/578 [01:41<00:48,  4.26it/s]
Extract:  65%|######4   | 374/578 [01:42<00:43,  4.66it/s]
Extract:  65%|######5   | 376/578 [01:42<00:39,  5.16it/s]
Extract:  65%|######5   | 377/578 [01:42<00:41,  4.90it/s]
Extract:  65%|######5   | 378/578 [01:42<00:36,  5.50it/s]
Extract:  66%|######5   | 380/578 [01:43<00:36,  5.41it/s]
Extract:  66%|######5   | 381/578 [01:43<00:35,  5.58it/s]
Extract:  66%|######6   | 382/578 [01:43<00:45,  4.35it/s]
Extract:  66%|######6   | 383/578 [01:43<00:40,  4.81it/s]
Extract:  66%|######6   | 384/578 [01:44<01:00,  3.20it/s]
Extract:  67%|######6   | 386/578 [01:44<00:42,  4.49it/s]
Extract:  67%|######6   | 387/578 [01:44<00:43,  4.43it/s]
Extract:  67%|######7   | 388/578 [01:45<00:42,  4.50it/s]
Extract:  67%|######7   | 390/578 [01:45<00:33,  5.67it/s]
Extract:  68%|######7   | 391/578 [01:45<00:33,  5.55it/s]
Extract:  68%|######7   | 392/578 [01:45<00:31,  5.88it/s]
Extract:  68%|######7   | 393/578 [01:45<00:34,  5.32it/s]
Extract:  68%|######8   | 394/578 [01:46<00:34,  5.39it/s]
Extract:  68%|######8   | 395/578 [01:46<00:35,  5.10it/s]
Extract:  69%|######8   | 397/578 [01:46<00:32,  5.65it/s]
Extract:  69%|######8   | 398/578 [01:46<00:29,  6.14it/s]
Extract:  69%|######9   | 399/578 [01:46<00:27,  6.51it/s]
Extract:  69%|######9   | 401/578 [01:47<00:21,  8.30it/s]
Extract:  70%|######9   | 402/578 [01:47<00:20,  8.51it/s]
Extract:  70%|######9   | 404/578 [01:47<00:19,  8.93it/s]
Extract:  70%|#######   | 405/578 [01:47<00:19,  8.86it/s]
Extract:  70%|#######   | 406/578 [01:47<00:29,  5.75it/s]
Extract:  70%|#######   | 407/578 [01:48<00:37,  4.58it/s]
Extract:  71%|#######   | 408/578 [01:48<00:52,  3.23it/s]
Extract:  71%|#######   | 410/578 [01:49<00:40,  4.12it/s]
Extract:  71%|#######1  | 412/578 [01:49<00:30,  5.42it/s]
Extract:  71%|#######1  | 413/578 [01:49<00:34,  4.84it/s]
Extract:  72%|#######1  | 415/578 [01:49<00:27,  6.01it/s]
Extract:  72%|#######1  | 416/578 [01:49<00:27,  5.83it/s]
Extract:  72%|#######2  | 417/578 [01:50<00:25,  6.30it/s]
Extract:  72%|#######2  | 418/578 [01:50<00:26,  5.93it/s]
Extract:  72%|#######2  | 419/578 [01:50<00:30,  5.24it/s]
Extract:  73%|#######2  | 420/578 [01:50<00:26,  5.95it/s]
Extract:  73%|#######2  | 421/578 [01:51<00:52,  2.98it/s]
Extract:  73%|#######3  | 424/578 [01:51<00:35,  4.28it/s]
Extract:  74%|#######3  | 425/578 [01:52<00:43,  3.54it/s]
Extract:  74%|#######3  | 426/578 [01:52<00:39,  3.82it/s]
Extract:  74%|#######3  | 427/578 [01:52<00:47,  3.20it/s]
Extract:  74%|#######4  | 428/578 [01:53<01:03,  2.34it/s]
Extract:  74%|#######4  | 429/578 [01:54<01:07,  2.22it/s]
Extract:  75%|#######4  | 431/578 [01:54<00:45,  3.24it/s]
Extract:  75%|#######4  | 432/578 [01:54<00:41,  3.53it/s]
Extract:  75%|#######5  | 434/578 [01:55<00:49,  2.88it/s]
Extract:  75%|#######5  | 435/578 [01:55<00:42,  3.40it/s]
Extract:  76%|#######5  | 437/578 [01:55<00:29,  4.71it/s]
Extract:  76%|#######5  | 438/578 [01:56<00:30,  4.65it/s]
Extract:  76%|#######5  | 439/578 [01:56<00:39,  3.56it/s]
Extract:  76%|#######6  | 441/578 [01:57<00:37,  3.67it/s]
Extract:  76%|#######6  | 442/578 [01:57<00:34,  3.95it/s]
Extract:  77%|#######6  | 443/578 [01:57<00:30,  4.50it/s]
Extract:  77%|#######6  | 444/578 [01:57<00:27,  4.92it/s]
Extract:  77%|#######6  | 445/578 [01:57<00:36,  3.63it/s]
Extract:  77%|#######7  | 447/578 [01:58<00:24,  5.31it/s]
Extract:  78%|#######7  | 449/578 [01:58<00:18,  6.92it/s]
Extract:  78%|#######7  | 450/578 [01:58<00:34,  3.68it/s]
Extract:  78%|#######8  | 451/578 [01:59<00:41,  3.05it/s]
Extract:  78%|#######8  | 452/578 [01:59<00:35,  3.55it/s]
Extract:  79%|#######8  | 454/578 [01:59<00:26,  4.76it/s]
Extract:  79%|#######8  | 455/578 [01:59<00:22,  5.36it/s]
Extract:  79%|#######9  | 457/578 [02:00<00:16,  7.40it/s]
Extract:  79%|#######9  | 459/578 [02:00<00:20,  5.93it/s]
Extract:  80%|#######9  | 461/578 [02:00<00:17,  6.76it/s]
Extract:  80%|########  | 463/578 [02:01<00:20,  5.74it/s]
Extract:  80%|########  | 465/578 [02:01<00:15,  7.12it/s]
Extract:  81%|########  | 466/578 [02:01<00:19,  5.72it/s]
Extract:  81%|########  | 467/578 [02:02<00:25,  4.33it/s]
Extract:  81%|########  | 468/578 [02:02<00:34,  3.15it/s]
Extract:  81%|########1 | 469/578 [02:02<00:29,  3.67it/s]
Extract:  81%|########1 | 470/578 [02:03<00:28,  3.84it/s]
Extract:  81%|########1 | 471/578 [02:03<00:35,  3.03it/s]
Extract:  82%|########1 | 472/578 [02:03<00:33,  3.14it/s]
Extract:  82%|########1 | 473/578 [02:04<00:29,  3.54it/s]
Extract:  82%|########2 | 474/578 [02:04<00:28,  3.69it/s]
Extract:  82%|########2 | 475/578 [02:04<00:24,  4.27it/s]
Extract:  82%|########2 | 476/578 [02:04<00:31,  3.20it/s]
Extract:  83%|########2 | 477/578 [02:05<00:26,  3.80it/s]
Extract:  83%|########2 | 479/578 [02:05<00:20,  4.76it/s]
Extract:  83%|########3 | 481/578 [02:05<00:18,  5.38it/s]
Extract:  84%|########3 | 483/578 [02:05<00:14,  6.55it/s]
Extract:  84%|########3 | 485/578 [02:06<00:12,  7.58it/s]
Extract:  84%|########4 | 487/578 [02:06<00:12,  7.50it/s]
Extract:  85%|########4 | 489/578 [02:07<00:19,  4.63it/s]
Extract:  85%|########4 | 490/578 [02:07<00:19,  4.58it/s]
Extract:  85%|########4 | 491/578 [02:07<00:20,  4.35it/s]
Extract:  85%|########5 | 492/578 [02:07<00:21,  4.06it/s]
Extract:  85%|########5 | 493/578 [02:08<00:20,  4.09it/s]
Extract:  85%|########5 | 494/578 [02:08<00:21,  3.96it/s]
Extract:  86%|########5 | 496/578 [02:08<00:14,  5.62it/s]
Extract:  86%|########6 | 498/578 [02:09<00:18,  4.41it/s]
Extract:  87%|########6 | 500/578 [02:09<00:13,  5.94it/s]
Extract:  87%|########6 | 501/578 [02:09<00:12,  6.06it/s]
Extract:  87%|########7 | 503/578 [02:09<00:09,  7.78it/s]
Extract:  87%|########7 | 505/578 [02:10<00:23,  3.17it/s]
Extract:  88%|########7 | 507/578 [02:11<00:16,  4.19it/s]
Extract:  88%|########7 | 508/578 [02:11<00:16,  4.18it/s]
Extract:  88%|########8 | 510/578 [02:11<00:14,  4.60it/s]
Extract:  88%|########8 | 511/578 [02:11<00:13,  4.98it/s]
Extract:  89%|########8 | 512/578 [02:12<00:14,  4.54it/s]
Extract:  89%|########8 | 514/578 [02:12<00:10,  6.18it/s]
Extract:  89%|########9 | 515/578 [02:12<00:12,  4.85it/s]
Extract:  89%|########9 | 516/578 [02:13<00:20,  3.04it/s]
Extract:  89%|########9 | 517/578 [02:13<00:20,  3.01it/s]
Extract:  90%|########9 | 518/578 [02:13<00:16,  3.63it/s]
Extract:  90%|########9 | 519/578 [02:14<00:17,  3.44it/s]
Extract:  90%|########9 | 520/578 [02:14<00:15,  3.80it/s]
Extract:  90%|######### | 522/578 [02:14<00:10,  5.11it/s]
Extract:  90%|######### | 523/578 [02:15<00:14,  3.83it/s]
Extract:  91%|######### | 524/578 [02:15<00:12,  4.24it/s]
Extract:  91%|#########1| 526/578 [02:16<00:15,  3.30it/s]
Extract:  91%|#########1| 528/578 [02:16<00:11,  4.31it/s]
Extract:  92%|#########1| 529/578 [02:16<00:10,  4.61it/s]
Extract:  92%|#########1| 530/578 [02:16<00:09,  4.86it/s]
Extract:  92%|#########1| 531/578 [02:16<00:12,  3.85it/s]
Extract:  92%|#########2| 532/578 [02:17<00:10,  4.32it/s]
Extract:  92%|#########2| 533/578 [02:17<00:09,  4.87it/s]
Extract:  92%|#########2| 534/578 [02:17<00:10,  4.31it/s]
Extract:  93%|#########2| 535/578 [02:17<00:08,  4.85it/s]
Extract:  93%|#########2| 537/578 [02:18<00:08,  4.57it/s]
Extract:  93%|#########3| 538/578 [02:18<00:10,  3.65it/s]
Extract:  93%|#########3| 539/578 [02:18<00:09,  4.32it/s]
Extract:  93%|#########3| 540/578 [02:19<00:11,  3.21it/s]
Extract:  94%|#########3| 541/578 [02:19<00:12,  2.87it/s]
Extract:  94%|#########3| 543/578 [02:20<00:09,  3.84it/s]
Extract:  94%|#########4| 545/578 [02:20<00:05,  5.53it/s]
Extract:  94%|#########4| 546/578 [02:20<00:09,  3.26it/s]
Extract:  95%|#########4| 547/578 [02:21<00:12,  2.47it/s]
Extract:  95%|#########4| 549/578 [02:21<00:07,  3.80it/s]
Extract:  95%|#########5| 551/578 [02:21<00:05,  4.70it/s]
Extract:  96%|#########5| 553/578 [02:22<00:06,  3.71it/s]
Extract:  96%|#########5| 554/578 [02:23<00:11,  2.16it/s]
Extract:  96%|#########6| 555/578 [02:24<00:11,  1.93it/s]
Extract:  96%|#########6| 556/578 [02:25<00:10,  2.11it/s]
Extract:  96%|#########6| 557/578 [02:25<00:09,  2.18it/s]
Extract:  97%|#########6| 558/578 [02:25<00:07,  2.70it/s]
Extract:  97%|#########6| 559/578 [02:25<00:05,  3.36it/s]
Extract:  97%|#########6| 560/578 [02:26<00:06,  2.63it/s]
Extract:  97%|#########7| 561/578 [02:26<00:06,  2.78it/s]
Extract:  97%|#########7| 563/578 [02:26<00:03,  4.45it/s]
Extract:  98%|#########7| 564/578 [02:27<00:05,  2.51it/s]
Extract:  98%|#########7| 565/578 [02:28<00:07,  1.79it/s]
Extract:  98%|#########7| 566/578 [02:28<00:05,  2.21it/s]
Extract:  98%|#########8| 567/578 [02:29<00:04,  2.31it/s]
Extract:  98%|#########8| 568/578 [02:30<00:05,  1.85it/s]
Extract:  99%|#########8| 570/578 [02:30<00:02,  2.98it/s]
Extract:  99%|#########8| 572/578 [02:30<00:01,  3.71it/s]
Extract:  99%|#########9| 573/578 [02:30<00:01,  4.09it/s]
Extract:  99%|#########9| 574/578 [02:30<00:00,  4.73it/s]
Extract:  99%|#########9| 575/578 [02:31<00:00,  3.86it/s]
Extract: 100%|#########9| 576/578 [02:31<00:00,  2.53it/s]
Extract: 100%|##########| 578/578 [02:32<00:00,  3.80it/s]

Extract:   0%|          | 0/578 [00:00<?, ?it/s]
Extract:   0%|          | 2/578 [00:00<00:44, 13.07it/s]
Extract:   1%|          | 4/578 [00:00<01:30,  6.35it/s]
Extract:   1%|          | 5/578 [00:00<01:37,  5.89it/s]
Extract:   1%|1         | 6/578 [00:00<01:42,  5.59it/s]
Extract:   1%|1         | 7/578 [00:01<03:05,  3.08it/s]
Extract:   1%|1         | 8/578 [00:02<03:45,  2.53it/s]
Extract:   2%|1         | 9/578 [00:02<03:45,  2.52it/s]
Extract:   2%|1         | 10/578 [00:02<03:21,  2.82it/s]
Extract:   2%|1         | 11/578 [00:03<03:42,  2.55it/s]
Extract:   2%|2         | 12/578 [00:04<04:43,  1.99it/s]
Extract:   2%|2         | 13/578 [00:04<04:00,  2.35it/s]
Extract:   2%|2         | 14/578 [00:05<04:55,  1.91it/s]
Extract:   3%|2         | 15/578 [00:05<04:45,  1.97it/s]
Extract:   3%|2         | 16/578 [00:05<03:47,  2.47it/s]
Extract:   3%|3         | 18/578 [00:05<02:18,  4.03it/s]
Extract:   3%|3         | 20/578 [00:06<01:37,  5.71it/s]
Extract:   4%|3         | 21/578 [00:06<02:29,  3.72it/s]
Extract:   4%|3         | 22/578 [00:06<02:39,  3.48it/s]
Extract:   4%|3         | 23/578 [00:07<02:44,  3.37it/s]
Extract:   4%|4         | 24/578 [00:07<02:25,  3.81it/s]
Extract:   4%|4         | 26/578 [00:07<01:47,  5.14it/s]
Extract:   5%|4         | 27/578 [00:08<02:33,  3.60it/s]
Extract:   5%|4         | 28/578 [00:08<02:08,  4.27it/s]
Extract:   5%|5         | 29/578 [00:08<01:59,  4.61it/s]
Extract:   5%|5         | 30/578 [00:08<02:11,  4.18it/s]
Extract:   5%|5         | 31/578 [00:09<02:20,  3.90it/s]
Extract:   6%|5         | 33/578 [00:09<01:30,  6.04it/s]
Extract:   6%|6         | 35/578 [00:09<01:25,  6.35it/s]
Extract:   6%|6         | 37/578 [00:09<01:30,  6.00it/s]
Extract:   7%|6         | 38/578 [00:09<01:26,  6.24it/s]
Extract:   7%|6         | 40/578 [00:10<01:15,  7.17it/s]
Extract:   7%|7         | 41/578 [00:10<01:14,  7.17it/s]
Extract:   7%|7         | 42/578 [00:10<02:00,  4.46it/s]
Extract:   7%|7         | 43/578 [00:11<02:34,  3.47it/s]
Extract:   8%|7         | 45/578 [00:11<01:52,  4.72it/s]
Extract:   8%|7         | 46/578 [00:11<01:43,  5.15it/s]
Extract:   8%|8         | 47/578 [00:11<02:02,  4.34it/s]
Extract:   8%|8         | 49/578 [00:12<01:35,  5.52it/s]
Extract:   9%|8         | 50/578 [00:12<02:46,  3.18it/s]
Extract:   9%|8         | 51/578 [00:13<02:56,  2.98it/s]
Extract:   9%|8         | 52/578 [00:13<03:08,  2.79it/s]
Extract:   9%|9         | 54/578 [00:14<02:23,  3.66it/s]
Extract:  10%|9         | 55/578 [00:14<02:28,  3.51it/s]
Extract:  10%|9         | 56/578 [00:14<02:09,  4.02it/s]
Extract:  10%|#         | 58/578 [00:15<02:19,  3.73it/s]
Extract:  10%|#         | 59/578 [00:15<02:23,  3.62it/s]
Extract:  10%|#         | 60/578 [00:16<02:55,  2.96it/s]
Extract:  11%|#         | 61/578 [00:16<03:04,  2.81it/s]
Extract:  11%|#         | 63/578 [00:16<02:01,  4.24it/s]
Extract:  11%|#1        | 64/578 [00:16<02:04,  4.13it/s]
Extract:  11%|#1        | 65/578 [00:17<02:30,  3.40it/s]
Extract:  12%|#1        | 67/578 [00:18<02:59,  2.85it/s]
Extract:  12%|#1        | 69/578 [00:18<02:17,  3.71it/s]
Extract:  12%|#2        | 71/578 [00:18<01:58,  4.28it/s]
Extract:  12%|#2        | 72/578 [00:18<01:48,  4.64it/s]
Extract:  13%|#2        | 73/578 [00:19<02:17,  3.67it/s]
Extract:  13%|#2        | 75/578 [00:19<01:44,  4.82it/s]
Extract:  13%|#3        | 76/578 [00:19<01:41,  4.92it/s]
Extract:  13%|#3        | 77/578 [00:20<02:16,  3.66it/s]
Extract:  14%|#3        | 79/578 [00:20<01:33,  5.32it/s]
Extract:  14%|#3        | 80/578 [00:20<01:25,  5.86it/s]
Extract:  14%|#4        | 82/578 [00:20<01:10,  7.03it/s]
Extract:  14%|#4        | 83/578 [00:20<01:14,  6.67it/s]
Extract:  15%|#4        | 84/578 [00:21<02:05,  3.94it/s]
Extract:  15%|#4        | 85/578 [00:21<01:46,  4.64it/s]
Extract:  15%|#4        | 86/578 [00:21<01:44,  4.73it/s]
Extract:  15%|#5        | 88/578 [00:21<01:19,  6.14it/s]
Extract:  15%|#5        | 89/578 [00:22<02:05,  3.90it/s]
Extract:  16%|#5        | 90/578 [00:22<02:01,  4.00it/s]
Extract:  16%|#5        | 91/578 [00:23<02:41,  3.01it/s]
Extract:  16%|#5        | 92/578 [00:23<03:29,  2.32it/s]
Extract:  16%|#6        | 93/578 [00:24<02:44,  2.95it/s]
Extract:  16%|#6        | 94/578 [00:24<02:46,  2.91it/s]
Extract:  17%|#6        | 96/578 [00:24<02:22,  3.37it/s]
Extract:  17%|#6        | 98/578 [00:25<01:55,  4.16it/s]
Extract:  17%|#7        | 99/578 [00:25<01:40,  4.75it/s]
Extract:  17%|#7        | 100/578 [00:25<01:45,  4.53it/s]
Extract:  17%|#7        | 101/578 [00:25<01:45,  4.53it/s]
Extract:  18%|#7        | 104/578 [00:25<01:01,  7.67it/s]
Extract:  18%|#8        | 106/578 [00:26<01:17,  6.09it/s]
Extract:  19%|#8        | 107/578 [00:26<01:53,  4.15it/s]
Extract:  19%|#8        | 108/578 [00:27<02:02,  3.83it/s]
Extract:  19%|#9        | 110/578 [00:27<01:36,  4.86it/s]
Extract:  19%|#9        | 111/578 [00:27<01:33,  5.02it/s]
Extract:  20%|#9        | 113/578 [00:27<01:10,  6.63it/s]
Extract:  20%|#9        | 114/578 [00:27<01:06,  6.98it/s]
Extract:  20%|#9        | 115/578 [00:28<01:03,  7.30it/s]
Extract:  20%|##        | 116/578 [00:28<01:14,  6.18it/s]
Extract:  20%|##        | 117/578 [00:28<01:53,  4.07it/s]
Extract:  21%|##        | 119/578 [00:28<01:14,  6.18it/s]
Extract:  21%|##        | 120/578 [00:29<02:07,  3.59it/s]
Extract:  21%|##        | 121/578 [00:30<02:49,  2.69it/s]
Extract:  21%|##1       | 123/578 [00:30<01:52,  4.03it/s]
Extract:  22%|##1       | 125/578 [00:30<01:55,  3.91it/s]
Extract:  22%|##1       | 126/578 [00:31<01:51,  4.04it/s]
Extract:  22%|##2       | 128/578 [00:31<01:32,  4.88it/s]
Extract:  22%|##2       | 130/578 [00:31<01:40,  4.48it/s]
Extract:  23%|##2       | 131/578 [00:32<02:02,  3.66it/s]
Extract:  23%|##2       | 132/578 [00:32<01:49,  4.06it/s]
Extract:  23%|##3       | 133/578 [00:32<02:09,  3.44it/s]
Extract:  23%|##3       | 134/578 [00:33<01:51,  4.00it/s]
Extract:  23%|##3       | 135/578 [00:33<01:39,  4.45it/s]
Extract:  24%|##3       | 136/578 [00:33<01:32,  4.79it/s]
Extract:  24%|##3       | 137/578 [00:34<02:20,  3.14it/s]
Extract:  24%|##3       | 138/578 [00:34<03:17,  2.23it/s]
Extract:  24%|##4       | 139/578 [00:35<03:03,  2.40it/s]
Extract:  24%|##4       | 141/578 [00:35<01:57,  3.72it/s]
Extract:  25%|##4       | 142/578 [00:35<01:46,  4.10it/s]
Extract:  25%|##4       | 143/578 [00:35<01:30,  4.82it/s]
Extract:  25%|##5       | 145/578 [00:35<01:03,  6.77it/s]
Extract:  25%|##5       | 146/578 [00:36<01:45,  4.10it/s]
Extract:  25%|##5       | 147/578 [00:36<01:44,  4.11it/s]
Extract:  26%|##5       | 148/578 [00:36<01:38,  4.39it/s]
Extract:  26%|##5       | 149/578 [00:37<02:07,  3.37it/s]
Extract:  26%|##5       | 150/578 [00:37<01:50,  3.86it/s]
Extract:  26%|##6       | 152/578 [00:37<01:11,  5.97it/s]
Extract:  26%|##6       | 153/578 [00:38<01:52,  3.78it/s]
Extract:  27%|##6       | 155/578 [00:38<01:51,  3.79it/s]
Extract:  27%|##7       | 157/578 [00:38<01:22,  5.08it/s]
Extract:  28%|##7       | 159/578 [00:38<01:06,  6.33it/s]
Extract:  28%|##7       | 160/578 [00:39<01:14,  5.61it/s]
Extract:  28%|##8       | 162/578 [00:39<00:55,  7.46it/s]
Extract:  28%|##8       | 164/578 [00:40<01:45,  3.91it/s]
Extract:  29%|##8       | 165/578 [00:40<01:38,  4.20it/s]
Extract:  29%|##8       | 166/578 [00:40<01:29,  4.59it/s]
Extract:  29%|##8       | 167/578 [00:41<02:06,  3.25it/s]
Extract:  29%|##9       | 168/578 [00:41<01:48,  3.78it/s]
Extract:  29%|##9       | 169/578 [00:41<01:32,  4.43it/s]
Extract:  29%|##9       | 170/578 [00:41<01:21,  4.98it/s]
Extract:  30%|##9       | 172/578 [00:41<01:14,  5.48it/s]
Extract:  30%|##9       | 173/578 [00:42<01:42,  3.96it/s]
Extract:  30%|###       | 174/578 [00:42<01:34,  4.29it/s]
Extract:  30%|###       | 175/578 [00:42<01:22,  4.86it/s]
Extract:  30%|###       | 176/578 [00:42<01:20,  5.01it/s]
Extract:  31%|###       | 177/578 [00:43<02:21,  2.83it/s]
Extract:  31%|###       | 178/578 [00:43<01:58,  3.38it/s]
Extract:  31%|###       | 179/578 [00:43<01:39,  4.00it/s]
Extract:  31%|###1      | 180/578 [00:44<01:48,  3.68it/s]
Extract:  31%|###1      | 181/578 [00:44<02:02,  3.23it/s]
Extract:  31%|###1      | 182/578 [00:44<01:52,  3.52it/s]
Extract:  32%|###1      | 184/578 [00:45<01:29,  4.40it/s]
Extract:  32%|###2      | 185/578 [00:45<02:18,  2.85it/s]
Extract:  32%|###2      | 186/578 [00:45<01:55,  3.38it/s]
Extract:  33%|###2      | 188/578 [00:46<01:24,  4.59it/s]
Extract:  33%|###2      | 189/578 [00:47<02:18,  2.82it/s]
Extract:  33%|###3      | 191/578 [00:47<02:00,  3.21it/s]
Extract:  33%|###3      | 192/578 [00:47<01:43,  3.75it/s]
Extract:  33%|###3      | 193/578 [00:47<01:27,  4.38it/s]
Extract:  34%|###3      | 194/578 [00:47<01:15,  5.09it/s]
Extract:  34%|###3      | 196/578 [00:47<00:52,  7.34it/s]
Extract:  34%|###4      | 198/578 [00:48<01:23,  4.53it/s]
Extract:  35%|###4      | 201/578 [00:49<01:21,  4.64it/s]
Extract:  35%|###4      | 202/578 [00:49<01:31,  4.11it/s]
Extract:  35%|###5      | 203/578 [00:50<01:54,  3.26it/s]
Extract:  35%|###5      | 205/578 [00:50<01:21,  4.56it/s]
Extract:  36%|###5      | 206/578 [00:50<01:16,  4.85it/s]
Extract:  36%|###5      | 207/578 [00:50<01:26,  4.28it/s]
Extract:  36%|###6      | 209/578 [00:51<01:09,  5.31it/s]
Extract:  36%|###6      | 210/578 [00:51<01:09,  5.28it/s]
Extract:  37%|###6      | 212/578 [00:51<01:18,  4.66it/s]
Extract:  37%|###6      | 213/578 [00:51<01:14,  4.91it/s]
Extract:  37%|###7      | 215/578 [00:52<01:16,  4.76it/s]
Extract:  37%|###7      | 216/578 [00:52<01:16,  4.72it/s]
Extract:  38%|###7      | 217/578 [00:52<01:14,  4.83it/s]
Extract:  38%|###8      | 220/578 [00:52<00:48,  7.43it/s]
Extract:  38%|###8      | 221/578 [00:53<00:45,  7.81it/s]
Extract:  39%|###8      | 223/578 [00:53<00:35,  9.87it/s]
Extract:  39%|###8      | 225/578 [00:53<00:52,  6.77it/s]
Extract:  39%|###9      | 226/578 [00:53<00:57,  6.16it/s]
Extract:  39%|###9      | 227/578 [00:54<00:54,  6.38it/s]
Extract:  40%|###9      | 229/578 [00:54<00:48,  7.21it/s]
Extract:  40%|###9      | 230/578 [00:54<01:06,  5.23it/s]
Extract:  40%|###9      | 231/578 [00:54<01:15,  4.58it/s]
Extract:  40%|####      | 232/578 [00:55<01:09,  4.95it/s]
Extract:  40%|####      | 233/578 [00:55<01:02,  5.50it/s]
Extract:  40%|####      | 234/578 [00:55<00:58,  5.89it/s]
Extract:  41%|####      | 235/578 [00:55<01:11,  4.77it/s]
Extract:  41%|####      | 236/578 [00:56<02:28,  2.30it/s]
Extract:  41%|####1     | 237/578 [00:57<03:05,  1.84it/s]
Extract:  41%|####1     | 239/578 [00:57<01:54,  2.97it/s]
Extract:  42%|####1     | 240/578 [00:57<01:43,  3.28it/s]
Extract:  42%|####1     | 242/578 [00:57<01:09,  4.86it/s]
Extract:  42%|####2     | 244/578 [00:58<01:14,  4.49it/s]
Extract:  42%|####2     | 245/578 [00:58<01:06,  5.03it/s]
Extract:  43%|####2     | 247/578 [00:58<01:05,  5.04it/s]
Extract:  43%|####2     | 248/578 [00:59<01:25,  3.86it/s]
Extract:  43%|####3     | 249/578 [00:59<01:17,  4.22it/s]
Extract:  43%|####3     | 250/578 [00:59<01:10,  4.65it/s]
Extract:  43%|####3     | 251/578 [00:59<01:06,  4.95it/s]
Extract:  44%|####3     | 253/578 [01:00<00:48,  6.64it/s]
Extract:  44%|####4     | 255/578 [01:00<00:49,  6.56it/s]
Extract:  44%|####4     | 256/578 [01:00<01:14,  4.34it/s]
Extract:  45%|####4     | 258/578 [01:01<00:57,  5.56it/s]
Extract:  45%|####4     | 260/578 [01:01<00:47,  6.74it/s]
Extract:  45%|####5     | 261/578 [01:01<00:45,  6.96it/s]
Extract:  45%|####5     | 262/578 [01:01<01:01,  5.10it/s]
Extract:  46%|####5     | 263/578 [01:02<01:46,  2.95it/s]
Extract:  46%|####5     | 265/578 [01:02<01:26,  3.62it/s]
Extract:  46%|####6     | 266/578 [01:03<01:19,  3.94it/s]
Extract:  46%|####6     | 267/578 [01:03<01:29,  3.46it/s]
Extract:  46%|####6     | 268/578 [01:03<01:14,  4.16it/s]
Extract:  47%|####6     | 269/578 [01:03<01:21,  3.78it/s]
Extract:  47%|####7     | 272/578 [01:04<00:43,  6.98it/s]
Extract:  47%|####7     | 274/578 [01:05<01:39,  3.06it/s]
Extract:  48%|####7     | 275/578 [01:05<01:45,  2.88it/s]
Extract:  48%|####7     | 276/578 [01:06<01:33,  3.22it/s]
Extract:  48%|####7     | 277/578 [01:06<01:19,  3.78it/s]
Extract:  48%|####8     | 280/578 [01:07<01:21,  3.63it/s]
Extract:  49%|####8     | 282/578 [01:07<01:10,  4.21it/s]
Extract:  49%|####8     | 283/578 [01:07<01:30,  3.26it/s]
Extract:  49%|####9     | 284/578 [01:08<01:21,  3.63it/s]
Extract:  49%|####9     | 285/578 [01:08<01:20,  3.65it/s]
Extract:  49%|####9     | 286/578 [01:08<01:13,  3.97it/s]
Extract:  50%|####9     | 287/578 [01:08<01:07,  4.30it/s]
Extract:  50%|####9     | 288/578 [01:08<00:59,  4.89it/s]
Extract:  50%|#####     | 289/578 [01:09<01:11,  4.05it/s]
Extract:  50%|#####     | 290/578 [01:09<01:35,  3.01it/s]
Extract:  50%|#####     | 291/578 [01:09<01:16,  3.77it/s]
Extract:  51%|#####     | 293/578 [01:10<00:47,  5.94it/s]
Extract:  51%|#####     | 294/578 [01:10<00:45,  6.29it/s]
Extract:  51%|#####1    | 295/578 [01:10<01:23,  3.40it/s]
Extract:  51%|#####1    | 296/578 [01:10<01:10,  3.99it/s]
Extract:  51%|#####1    | 297/578 [01:11<01:33,  3.02it/s]
Extract:  52%|#####1    | 299/578 [01:11<01:00,  4.60it/s]
Extract:  52%|#####1    | 300/578 [01:11<00:54,  5.11it/s]
Extract:  52%|#####2    | 301/578 [01:12<01:02,  4.40it/s]
Extract:  52%|#####2    | 303/578 [01:12<00:43,  6.33it/s]
Extract:  53%|#####2    | 304/578 [01:13<01:27,  3.14it/s]
Extract:  53%|#####2    | 305/578 [01:13<01:30,  3.03it/s]
Extract:  53%|#####3    | 307/578 [01:13<01:19,  3.42it/s]
Extract:  53%|#####3    | 308/578 [01:14<01:21,  3.30it/s]
Extract:  53%|#####3    | 309/578 [01:14<01:32,  2.90it/s]
Extract:  54%|#####3    | 310/578 [01:14<01:22,  3.26it/s]
Extract:  54%|#####3    | 311/578 [01:15<01:51,  2.39it/s]
Extract:  54%|#####3    | 312/578 [01:16<02:03,  2.15it/s]
Extract:  54%|#####4    | 313/578 [01:16<01:36,  2.74it/s]
Extract:  54%|#####4    | 314/578 [01:16<01:30,  2.93it/s]
Extract:  55%|#####4    | 316/578 [01:16<01:08,  3.84it/s]
Extract:  55%|#####5    | 318/578 [01:17<01:04,  4.02it/s]
Extract:  55%|#####5    | 319/578 [01:17<01:03,  4.07it/s]
Extract:  55%|#####5    | 320/578 [01:18<01:10,  3.65it/s]
Extract:  56%|#####5    | 321/578 [01:18<01:06,  3.89it/s]
Extract:  56%|#####5    | 322/578 [01:18<01:09,  3.68it/s]
Extract:  56%|#####5    | 323/578 [01:18<01:05,  3.91it/s]
Extract:  56%|#####6    | 325/578 [01:18<00:44,  5.66it/s]
Extract:  56%|#####6    | 326/578 [01:19<00:46,  5.36it/s]
Extract:  57%|#####6    | 328/578 [01:19<00:40,  6.16it/s]
Extract:  57%|#####7    | 330/578 [01:19<00:33,  7.40it/s]
Extract:  57%|#####7    | 331/578 [01:19<00:35,  6.94it/s]
Extract:  57%|#####7    | 332/578 [01:20<00:45,  5.37it/s]
Extract:  58%|#####7    | 334/578 [01:20<00:32,  7.42it/s]
Extract:  58%|#####7    | 335/578 [01:20<00:31,  7.79it/s]
Extract:  58%|#####8    | 337/578 [01:20<00:27,  8.72it/s]
Extract:  59%|#####8    | 339/578 [01:20<00:27,  8.72it/s]
Extract:  59%|#####8    | 340/578 [01:20<00:29,  8.07it/s]
Extract:  59%|#####8    | 341/578 [01:20<00:30,  7.90it/s]
Extract:  59%|#####9    | 342/578 [01:21<00:36,  6.41it/s]
Extract:  60%|#####9    | 344/578 [01:21<00:43,  5.36it/s]
Extract:  60%|#####9    | 345/578 [01:21<00:39,  5.95it/s]
Extract:  60%|######    | 347/578 [01:21<00:31,  7.32it/s]
Extract:  60%|######    | 349/578 [01:22<00:52,  4.38it/s]
Extract:  61%|######    | 350/578 [01:22<00:49,  4.56it/s]
Extract:  61%|######    | 351/578 [01:23<01:05,  3.49it/s]
Extract:  61%|######1   | 353/578 [01:23<00:53,  4.23it/s]
Extract:  61%|######1   | 355/578 [01:24<00:44,  5.02it/s]
Extract:  62%|######1   | 356/578 [01:24<01:05,  3.40it/s]
Extract:  62%|######1   | 357/578 [01:24<01:03,  3.50it/s]
Extract:  62%|######2   | 359/578 [01:25<00:48,  4.47it/s]
Extract:  62%|######2   | 360/578 [01:25<00:49,  4.43it/s]
Extract:  63%|######2   | 362/578 [01:26<01:02,  3.45it/s]
Extract:  63%|######2   | 363/578 [01:26<00:53,  4.01it/s]
Extract:  63%|######3   | 365/578 [01:26<00:45,  4.67it/s]
Extract:  63%|######3   | 366/578 [01:26<00:49,  4.31it/s]
Extract:  63%|######3   | 367/578 [01:27<00:59,  3.52it/s]
Extract:  64%|######3   | 368/578 [01:27<00:56,  3.74it/s]
Extract:  64%|######3   | 369/578 [01:28<01:20,  2.61it/s]
Extract:  64%|######4   | 371/578 [01:28<00:51,  4.04it/s]
Extract:  65%|######4   | 373/578 [01:28<00:47,  4.35it/s]
Extract:  65%|######4   | 374/578 [01:29<00:43,  4.68it/s]
Extract:  65%|######4   | 375/578 [01:29<00:44,  4.53it/s]
Extract:  65%|######5   | 376/578 [01:29<00:48,  4.15it/s]
Extract:  65%|######5   | 377/578 [01:29<00:55,  3.62it/s]
Extract:  65%|######5   | 378/578 [01:30<00:45,  4.35it/s]
Extract:  66%|######5   | 379/578 [01:30<00:39,  5.08it/s]
Extract:  66%|######5   | 380/578 [01:30<00:42,  4.70it/s]
Extract:  66%|######5   | 381/578 [01:30<00:36,  5.37it/s]
Extract:  66%|######6   | 382/578 [01:30<00:51,  3.84it/s]
Extract:  66%|######6   | 383/578 [01:31<00:42,  4.55it/s]
Extract:  66%|######6   | 384/578 [01:31<00:46,  4.18it/s]
Extract:  67%|######6   | 386/578 [01:31<00:33,  5.81it/s]
Extract:  67%|######6   | 387/578 [01:31<00:36,  5.21it/s]
Extract:  67%|######7   | 390/578 [01:32<00:23,  7.85it/s]
Extract:  68%|######7   | 391/578 [01:32<00:25,  7.30it/s]
Extract:  68%|######7   | 392/578 [01:32<00:26,  6.92it/s]
Extract:  68%|######7   | 393/578 [01:32<00:29,  6.29it/s]
Extract:  68%|######8   | 394/578 [01:32<00:28,  6.41it/s]
Extract:  68%|######8   | 395/578 [01:32<00:32,  5.67it/s]
Extract:  69%|######8   | 397/578 [01:33<00:27,  6.52it/s]
Extract:  69%|######9   | 399/578 [01:33<00:30,  5.90it/s]
Extract:  69%|######9   | 401/578 [01:33<00:23,  7.54it/s]
Extract:  70%|######9   | 402/578 [01:33<00:23,  7.56it/s]
Extract:  70%|######9   | 403/578 [01:33<00:22,  7.88it/s]
Extract:  70%|######9   | 404/578 [01:34<00:21,  8.22it/s]
Extract:  70%|#######   | 406/578 [01:34<00:23,  7.27it/s]
Extract:  70%|#######   | 407/578 [01:34<00:32,  5.28it/s]
Extract:  71%|#######   | 408/578 [01:36<01:25,  2.00it/s]
Extract:  71%|#######   | 410/578 [01:36<00:59,  2.81it/s]
Extract:  71%|#######1  | 412/578 [01:36<00:43,  3.83it/s]
Extract:  71%|#######1  | 413/578 [01:37<00:46,  3.55it/s]
Extract:  72%|#######1  | 415/578 [01:37<00:34,  4.76it/s]
Extract:  72%|#######1  | 416/578 [01:37<00:33,  4.80it/s]
Extract:  72%|#######2  | 418/578 [01:37<00:29,  5.44it/s]
Extract:  72%|#######2  | 419/578 [01:38<00:35,  4.43it/s]
Extract:  73%|#######2  | 421/578 [01:38<00:39,  3.95it/s]
Extract:  73%|#######3  | 424/578 [01:38<00:27,  5.54it/s]
Extract:  74%|#######3  | 425/578 [01:39<00:35,  4.33it/s]
Extract:  74%|#######3  | 426/578 [01:39<00:33,  4.58it/s]
Extract:  74%|#######3  | 427/578 [01:40<00:40,  3.73it/s]
Extract:  74%|#######4  | 428/578 [01:40<00:51,  2.91it/s]
Extract:  74%|#######4  | 429/578 [01:41<01:02,  2.38it/s]
Extract:  75%|#######4  | 431/578 [01:41<00:48,  3.02it/s]
Extract:  75%|#######4  | 432/578 [01:41<00:43,  3.35it/s]
Extract:  75%|#######5  | 434/578 [01:42<00:40,  3.57it/s]
Extract:  75%|#######5  | 435/578 [01:42<00:35,  4.08it/s]
Extract:  76%|#######5  | 437/578 [01:42<00:26,  5.33it/s]
Extract:  76%|#######5  | 438/578 [01:42<00:24,  5.70it/s]
Extract:  76%|#######5  | 439/578 [01:43<00:26,  5.23it/s]
Extract:  76%|#######6  | 441/578 [01:43<00:28,  4.79it/s]
Extract:  76%|#######6  | 442/578 [01:43<00:26,  5.05it/s]
Extract:  77%|#######6  | 443/578 [01:43<00:25,  5.20it/s]
Extract:  77%|#######6  | 444/578 [01:44<00:24,  5.47it/s]
Extract:  77%|#######6  | 445/578 [01:44<00:34,  3.90it/s]
Extract:  77%|#######7  | 447/578 [01:44<00:22,  5.87it/s]
Extract:  78%|#######7  | 449/578 [01:44<00:16,  7.70it/s]
Extract:  78%|#######8  | 451/578 [01:46<00:39,  3.25it/s]
Extract:  78%|#######8  | 452/578 [01:46<00:35,  3.53it/s]
Extract:  78%|#######8  | 453/578 [01:46<00:31,  3.97it/s]
Extract:  79%|#######8  | 454/578 [01:46<00:29,  4.27it/s]
Extract:  79%|#######8  | 455/578 [01:46<00:25,  4.89it/s]
Extract:  79%|#######9  | 457/578 [01:46<00:17,  7.11it/s]
Extract:  79%|#######9  | 459/578 [01:47<00:19,  6.13it/s]
Extract:  80%|#######9  | 461/578 [01:47<00:15,  7.51it/s]
Extract:  80%|########  | 463/578 [01:47<00:18,  6.34it/s]
Extract:  81%|########  | 466/578 [01:48<00:15,  7.12it/s]
Extract:  81%|########  | 467/578 [01:48<00:19,  5.69it/s]
Extract:  81%|########  | 468/578 [01:49<00:30,  3.55it/s]
Extract:  81%|########1 | 469/578 [01:49<00:26,  4.09it/s]
Extract:  81%|########1 | 470/578 [01:49<00:25,  4.26it/s]
Extract:  81%|########1 | 471/578 [01:49<00:28,  3.81it/s]
Extract:  82%|########1 | 472/578 [01:50<00:29,  3.64it/s]
Extract:  82%|########1 | 473/578 [01:50<00:26,  4.00it/s]
Extract:  82%|########2 | 474/578 [01:50<00:24,  4.17it/s]
Extract:  82%|########2 | 475/578 [01:50<00:21,  4.81it/s]
Extract:  82%|########2 | 476/578 [01:51<00:30,  3.30it/s]
Extract:  83%|########2 | 477/578 [01:51<00:26,  3.76it/s]
Extract:  83%|########2 | 478/578 [01:51<00:22,  4.50it/s]
Extract:  83%|########2 | 479/578 [01:51<00:24,  3.98it/s]
Extract:  83%|########3 | 480/578 [01:51<00:21,  4.65it/s]
Extract:  83%|########3 | 481/578 [01:52<00:19,  5.02it/s]
Extract:  84%|########3 | 483/578 [01:52<00:13,  6.98it/s]
Extract:  84%|########3 | 485/578 [01:52<00:10,  8.47it/s]
Extract:  84%|########4 | 487/578 [01:52<00:11,  8.21it/s]
Extract:  85%|########4 | 489/578 [01:53<00:15,  5.73it/s]
Extract:  85%|########4 | 490/578 [01:53<00:18,  4.73it/s]
Extract:  85%|########4 | 491/578 [01:53<00:18,  4.58it/s]
Extract:  85%|########5 | 492/578 [01:54<00:21,  3.94it/s]
Extract:  85%|########5 | 493/578 [01:54<00:22,  3.84it/s]
Extract:  85%|########5 | 494/578 [01:54<00:20,  4.03it/s]
Extract:  86%|########5 | 496/578 [01:54<00:13,  5.86it/s]
Extract:  86%|########6 | 498/578 [01:55<00:17,  4.67it/s]
Extract:  87%|########6 | 501/578 [01:55<00:11,  6.60it/s]
Extract:  87%|########7 | 503/578 [01:55<00:09,  8.23it/s]
Extract:  87%|########7 | 505/578 [01:56<00:16,  4.34it/s]
Extract:  88%|########7 | 507/578 [01:57<00:15,  4.60it/s]
Extract:  88%|########7 | 508/578 [01:57<00:15,  4.53it/s]
Extract:  88%|########8 | 510/578 [01:57<00:15,  4.28it/s]
Extract:  88%|########8 | 511/578 [01:57<00:14,  4.74it/s]
Extract:  89%|########8 | 512/578 [01:58<00:18,  3.61it/s]
Extract:  89%|########8 | 514/578 [01:58<00:12,  5.06it/s]
Extract:  89%|########9 | 515/578 [01:58<00:13,  4.53it/s]
Extract:  89%|########9 | 516/578 [01:59<00:18,  3.40it/s]
Extract:  89%|########9 | 517/578 [01:59<00:17,  3.56it/s]
Extract:  90%|########9 | 519/578 [01:59<00:13,  4.49it/s]
Extract:  90%|########9 | 520/578 [02:00<00:11,  4.92it/s]
Extract:  90%|######### | 522/578 [02:00<00:08,  6.42it/s]
Extract:  90%|######### | 523/578 [02:00<00:08,  6.15it/s]
Extract:  91%|######### | 524/578 [02:00<00:08,  6.23it/s]
Extract:  91%|######### | 525/578 [02:00<00:07,  6.88it/s]
Extract:  91%|#########1| 526/578 [02:01<00:12,  4.23it/s]
Extract:  91%|#########1| 528/578 [02:01<00:08,  5.99it/s]
Extract:  92%|#########1| 529/578 [02:01<00:08,  6.08it/s]
Extract:  92%|#########1| 530/578 [02:01<00:07,  6.36it/s]
Extract:  92%|#########1| 531/578 [02:01<00:07,  6.67it/s]
Extract:  92%|#########2| 532/578 [02:01<00:06,  6.86it/s]
Extract:  92%|#########2| 533/578 [02:01<00:06,  7.42it/s]
Extract:  92%|#########2| 534/578 [02:02<00:09,  4.82it/s]
Extract:  93%|#########2| 535/578 [02:02<00:08,  5.13it/s]
Extract:  93%|#########2| 537/578 [02:02<00:08,  5.00it/s]
Extract:  93%|#########3| 538/578 [02:03<00:08,  4.48it/s]
Extract:  93%|#########3| 540/578 [02:03<00:08,  4.66it/s]
Extract:  94%|#########3| 541/578 [02:03<00:07,  4.78it/s]
Extract:  94%|#########3| 543/578 [02:04<00:06,  5.79it/s]
Extract:  94%|#########4| 545/578 [02:04<00:04,  7.72it/s]
Extract:  94%|#########4| 546/578 [02:04<00:06,  4.68it/s]
Extract:  95%|#########4| 547/578 [02:05<00:08,  3.51it/s]
Extract:  95%|#########4| 548/578 [02:05<00:07,  4.16it/s]
Extract:  95%|#########5| 551/578 [02:05<00:04,  6.65it/s]
Extract:  96%|#########5| 553/578 [02:06<00:05,  4.44it/s]
Extract:  96%|#########5| 554/578 [02:06<00:06,  3.48it/s]
Extract:  96%|#########6| 555/578 [02:07<00:07,  3.11it/s]
Extract:  96%|#########6| 556/578 [02:07<00:06,  3.30it/s]
Extract:  96%|#########6| 557/578 [02:07<00:06,  3.17it/s]
Extract:  97%|#########6| 559/578 [02:08<00:04,  4.56it/s]
Extract:  97%|#########6| 560/578 [02:08<00:06,  2.90it/s]
Extract:  97%|#########7| 561/578 [02:09<00:05,  3.18it/s]
Extract:  98%|#########7| 564/578 [02:09<00:03,  3.81it/s]
Extract:  98%|#########7| 565/578 [02:10<00:04,  3.03it/s]
Extract:  98%|#########7| 566/578 [02:10<00:03,  3.35it/s]
Extract:  98%|#########8| 567/578 [02:10<00:03,  3.28it/s]
Extract:  98%|#########8| 568/578 [02:11<00:03,  2.69it/s]
Extract:  99%|#########8| 570/578 [02:11<00:02,  3.98it/s]
Extract:  99%|#########8| 572/578 [02:11<00:01,  4.76it/s]
Extract:  99%|#########9| 574/578 [02:11<00:00,  6.14it/s]
Extract:  99%|#########9| 575/578 [02:12<00:00,  5.84it/s]
Extract: 100%|#########9| 576/578 [02:13<00:00,  2.85it/s]
Extract: 100%|##########| 578/578 [02:13<00:00,  4.34it/s]

Extract:   0%|          | 0/578 [00:00<?, ?it/s]
Extract:   0%|          | 2/578 [00:00<00:43, 13.14it/s]
Extract:   1%|          | 4/578 [00:00<01:36,  5.95it/s]
Extract:   1%|          | 5/578 [00:00<01:45,  5.43it/s]
Extract:   1%|1         | 6/578 [00:01<01:54,  5.00it/s]
Extract:   1%|1         | 7/578 [00:01<02:20,  4.07it/s]
Extract:   1%|1         | 8/578 [00:01<03:00,  3.16it/s]
Extract:   2%|1         | 9/578 [00:02<03:07,  3.04it/s]
Extract:   2%|1         | 10/578 [00:02<02:54,  3.26it/s]
Extract:   2%|1         | 11/578 [00:02<02:35,  3.64it/s]
Extract:   2%|2         | 12/578 [00:03<03:28,  2.71it/s]
Extract:   2%|2         | 13/578 [00:03<02:52,  3.28it/s]
Extract:   2%|2         | 14/578 [00:03<03:17,  2.86it/s]
Extract:   3%|2         | 15/578 [00:04<04:01,  2.33it/s]
Extract:   3%|2         | 16/578 [00:04<03:56,  2.38it/s]
Extract:   3%|3         | 18/578 [00:05<02:26,  3.82it/s]
Extract:   3%|3         | 20/578 [00:05<01:44,  5.33it/s]
Extract:   4%|3         | 21/578 [00:05<02:32,  3.66it/s]
Extract:   4%|3         | 22/578 [00:06<02:29,  3.73it/s]
Extract:   4%|3         | 23/578 [00:06<02:44,  3.37it/s]
Extract:   4%|4         | 24/578 [00:06<02:20,  3.95it/s]
Extract:   4%|4         | 26/578 [00:06<01:37,  5.63it/s]
Extract:   5%|4         | 27/578 [00:07<02:27,  3.73it/s]
Extract:   5%|5         | 29/578 [00:07<01:59,  4.59it/s]
Extract:   5%|5         | 30/578 [00:07<02:00,  4.55it/s]
Extract:   5%|5         | 31/578 [00:08<02:05,  4.35it/s]
Extract:   6%|5         | 32/578 [00:08<01:48,  5.05it/s]
Extract:   6%|5         | 34/578 [00:08<01:16,  7.16it/s]
Extract:   6%|6         | 35/578 [00:08<01:12,  7.46it/s]
Extract:   6%|6         | 37/578 [00:08<01:22,  6.56it/s]
Extract:   7%|6         | 38/578 [00:08<01:25,  6.35it/s]
Extract:   7%|6         | 39/578 [00:09<01:20,  6.73it/s]
Extract:   7%|6         | 40/578 [00:09<01:27,  6.16it/s]
Extract:   7%|7         | 41/578 [00:09<02:17,  3.91it/s]
Extract:   7%|7         | 42/578 [00:10<03:26,  2.59it/s]
Extract:   7%|7         | 43/578 [00:10<03:39,  2.44it/s]
Extract:   8%|7         | 45/578 [00:11<02:15,  3.93it/s]
Extract:   8%|7         | 46/578 [00:11<01:56,  4.59it/s]
Extract:   8%|8         | 47/578 [00:11<01:57,  4.52it/s]
Extract:   8%|8         | 49/578 [00:11<01:23,  6.33it/s]
Extract:   9%|8         | 50/578 [00:12<02:05,  4.21it/s]
Extract:   9%|8         | 51/578 [00:12<02:28,  3.56it/s]
Extract:   9%|8         | 52/578 [00:13<02:59,  2.93it/s]
Extract:   9%|9         | 54/578 [00:13<02:26,  3.57it/s]
Extract:  10%|9         | 55/578 [00:13<02:44,  3.18it/s]
Extract:  10%|9         | 56/578 [00:14<02:27,  3.55it/s]
Extract:  10%|#         | 58/578 [00:14<02:01,  4.27it/s]
Extract:  10%|#         | 59/578 [00:14<02:06,  4.10it/s]
Extract:  10%|#         | 60/578 [00:15<03:07,  2.77it/s]
Extract:  11%|#         | 61/578 [00:15<03:18,  2.60it/s]
Extract:  11%|#         | 62/578 [00:15<02:40,  3.21it/s]
Extract:  11%|#1        | 64/578 [00:16<02:22,  3.61it/s]
Extract:  11%|#1        | 65/578 [00:16<02:40,  3.19it/s]
Extract:  11%|#1        | 66/578 [00:16<02:15,  3.78it/s]
Extract:  12%|#1        | 67/578 [00:17<03:02,  2.81it/s]
Extract:  12%|#1        | 69/578 [00:17<02:10,  3.89it/s]
Extract:  12%|#2        | 70/578 [00:17<01:53,  4.49it/s]
Extract:  12%|#2        | 71/578 [00:18<01:39,  5.09it/s]
Extract:  12%|#2        | 72/578 [00:18<01:33,  5.43it/s]
Extract:  13%|#2        | 73/578 [00:18<02:07,  3.96it/s]
Extract:  13%|#2        | 75/578 [00:18<01:39,  5.05it/s]
Extract:  13%|#3        | 76/578 [00:19<01:41,  4.96it/s]
Extract:  13%|#3        | 77/578 [00:19<02:30,  3.32it/s]
Extract:  14%|#3        | 79/578 [00:19<01:41,  4.92it/s]
Extract:  14%|#3        | 80/578 [00:19<01:33,  5.30it/s]
Extract:  14%|#4        | 81/578 [00:20<01:22,  5.99it/s]
Extract:  14%|#4        | 82/578 [00:20<01:23,  5.96it/s]
Extract:  14%|#4        | 83/578 [00:20<01:35,  5.20it/s]
Extract:  15%|#4        | 84/578 [00:21<02:40,  3.07it/s]
Extract:  15%|#4        | 85/578 [00:21<02:09,  3.81it/s]
Extract:  15%|#4        | 86/578 [00:21<01:51,  4.40it/s]
Extract:  15%|#5        | 88/578 [00:21<01:18,  6.22it/s]
Extract:  15%|#5        | 89/578 [00:22<02:26,  3.34it/s]
Extract:  16%|#5        | 90/578 [00:22<02:12,  3.68it/s]
Extract:  16%|#5        | 91/578 [00:23<02:50,  2.85it/s]
Extract:  16%|#5        | 92/578 [00:23<03:12,  2.52it/s]
Extract:  16%|#6        | 94/578 [00:23<02:19,  3.46it/s]
Extract:  17%|#6        | 96/578 [00:24<02:14,  3.59it/s]
Extract:  17%|#6        | 97/578 [00:24<02:03,  3.89it/s]
Extract:  17%|#6        | 98/578 [00:24<02:17,  3.50it/s]
Extract:  17%|#7        | 99/578 [00:25<01:54,  4.17it/s]
Extract:  17%|#7        | 100/578 [00:25<01:55,  4.13it/s]
Extract:  17%|#7        | 101/578 [00:25<01:48,  4.38it/s]
Extract:  18%|#7        | 104/578 [00:25<01:00,  7.80it/s]
Extract:  18%|#8        | 106/578 [00:26<01:15,  6.26it/s]
Extract:  19%|#8        | 107/578 [00:26<01:57,  4.02it/s]
Extract:  19%|#8        | 108/578 [00:26<02:01,  3.86it/s]
Extract:  19%|#9        | 110/578 [00:27<01:36,  4.83it/s]
Extract:  19%|#9        | 111/578 [00:27<01:33,  4.99it/s]
Extract:  20%|#9        | 113/578 [00:27<01:16,  6.06it/s]
Extract:  20%|#9        | 114/578 [00:27<01:11,  6.52it/s]
Extract:  20%|#9        | 115/578 [00:27<01:19,  5.84it/s]
Extract:  20%|##        | 116/578 [00:28<01:25,  5.39it/s]
Extract:  20%|##        | 117/578 [00:28<01:54,  4.02it/s]
Extract:  21%|##        | 120/578 [00:29<01:48,  4.22it/s]
Extract:  21%|##        | 121/578 [00:29<02:18,  3.30it/s]
Extract:  21%|##1       | 123/578 [00:29<01:39,  4.56it/s]
Extract:  21%|##1       | 124/578 [00:30<01:31,  4.96it/s]
Extract:  22%|##1       | 125/578 [00:30<01:59,  3.78it/s]
Extract:  22%|##1       | 126/578 [00:31<02:23,  3.16it/s]
Extract:  22%|##2       | 128/578 [00:31<01:48,  4.16it/s]
Extract:  22%|##2       | 129/578 [00:31<01:33,  4.79it/s]
Extract:  22%|##2       | 130/578 [00:32<02:14,  3.33it/s]
Extract:  23%|##2       | 131/578 [00:32<02:34,  2.90it/s]
Extract:  23%|##2       | 132/578 [00:32<02:12,  3.36it/s]
Extract:  23%|##3       | 133/578 [00:32<02:14,  3.32it/s]
Extract:  23%|##3       | 134/578 [00:33<01:57,  3.77it/s]
Extract:  23%|##3       | 135/578 [00:33<01:43,  4.27it/s]
Extract:  24%|##3       | 136/578 [00:33<01:33,  4.70it/s]
Extract:  24%|##3       | 137/578 [00:34<02:15,  3.25it/s]
Extract:  24%|##3       | 138/578 [00:34<02:54,  2.52it/s]
Extract:  24%|##4       | 139/578 [00:34<02:38,  2.77it/s]
Extract:  25%|##4       | 142/578 [00:35<01:21,  5.33it/s]
Extract:  25%|##5       | 146/578 [00:35<01:24,  5.09it/s]
Extract:  25%|##5       | 147/578 [00:36<01:21,  5.30it/s]
Extract:  26%|##5       | 148/578 [00:36<01:18,  5.51it/s]
Extract:  26%|##5       | 149/578 [00:36<01:51,  3.85it/s]
Extract:  26%|##5       | 150/578 [00:36<01:45,  4.04it/s]
Extract:  26%|##6       | 152/578 [00:37<01:15,  5.63it/s]
Extract:  26%|##6       | 153/578 [00:37<02:06,  3.37it/s]
Extract:  27%|##6       | 154/578 [00:37<01:46,  4.00it/s]
Extract:  27%|##6       | 155/578 [00:38<02:00,  3.52it/s]
Extract:  27%|##7       | 157/578 [00:38<01:21,  5.14it/s]
Extract:  27%|##7       | 158/578 [00:38<01:17,  5.42it/s]
Extract:  28%|##7       | 159/578 [00:38<01:10,  5.95it/s]
Extract:  28%|##7       | 160/578 [00:38<01:24,  4.94it/s]
Extract:  28%|##8       | 162/578 [00:39<00:59,  6.98it/s]
Extract:  28%|##8       | 163/578 [00:40<02:25,  2.85it/s]
Extract:  28%|##8       | 164/578 [00:40<02:09,  3.19it/s]
Extract:  29%|##8       | 165/578 [00:40<02:03,  3.34it/s]
Extract:  29%|##8       | 166/578 [00:40<01:56,  3.55it/s]
Extract:  29%|##8       | 167/578 [00:41<02:26,  2.80it/s]
Extract:  29%|##9       | 168/578 [00:41<02:13,  3.08it/s]
Extract:  29%|##9       | 169/578 [00:41<01:48,  3.77it/s]
Extract:  29%|##9       | 170/578 [00:41<01:32,  4.42it/s]
Extract:  30%|##9       | 172/578 [00:42<01:21,  4.98it/s]
Extract:  30%|##9       | 173/578 [00:42<02:06,  3.19it/s]
Extract:  30%|###       | 174/578 [00:43<01:49,  3.68it/s]
Extract:  30%|###       | 175/578 [00:43<01:31,  4.41it/s]
Extract:  31%|###       | 177/578 [00:43<01:47,  3.73it/s]
Extract:  31%|###       | 178/578 [00:43<01:35,  4.19it/s]
Extract:  31%|###       | 179/578 [00:44<01:22,  4.82it/s]
Extract:  31%|###1      | 180/578 [00:44<01:52,  3.55it/s]
Extract:  31%|###1      | 181/578 [00:45<02:29,  2.66it/s]
Extract:  31%|###1      | 182/578 [00:45<02:18,  2.86it/s]
Extract:  32%|###1      | 184/578 [00:45<01:54,  3.46it/s]
Extract:  32%|###2      | 185/578 [00:46<02:24,  2.73it/s]
Extract:  32%|###2      | 186/578 [00:46<02:05,  3.12it/s]
Extract:  33%|###2      | 188/578 [00:46<01:32,  4.21it/s]
Extract:  33%|###2      | 189/578 [00:47<02:01,  3.21it/s]
Extract:  33%|###3      | 191/578 [00:48<02:25,  2.65it/s]
Extract:  33%|###3      | 192/578 [00:48<02:10,  2.95it/s]
Extract:  33%|###3      | 193/578 [00:48<01:50,  3.49it/s]
Extract:  34%|###3      | 195/578 [00:48<01:17,  4.92it/s]
Extract:  34%|###4      | 197/578 [00:49<01:34,  4.01it/s]
Extract:  34%|###4      | 198/578 [00:49<01:29,  4.24it/s]
Extract:  35%|###4      | 201/578 [00:50<01:23,  4.51it/s]
Extract:  35%|###4      | 202/578 [00:50<01:23,  4.53it/s]
Extract:  35%|###5      | 203/578 [00:51<02:12,  2.84it/s]
Extract:  35%|###5      | 205/578 [00:51<01:30,  4.12it/s]
Extract:  36%|###5      | 206/578 [00:51<01:22,  4.48it/s]
Extract:  36%|###5      | 207/578 [00:52<01:33,  3.98it/s]
Extract:  36%|###6      | 209/578 [00:52<01:08,  5.37it/s]
Extract:  36%|###6      | 210/578 [00:52<01:08,  5.35it/s]
Extract:  37%|###6      | 212/578 [00:52<01:21,  4.48it/s]
Extract:  37%|###6      | 213/578 [00:53<01:19,  4.57it/s]
Extract:  37%|###7      | 215/578 [00:53<01:33,  3.87it/s]
Extract:  38%|###7      | 217/578 [00:54<01:15,  4.80it/s]
Extract:  38%|###8      | 220/578 [00:54<00:52,  6.77it/s]
Extract:  38%|###8      | 221/578 [00:54<00:50,  7.12it/s]
Extract:  39%|###8      | 223/578 [00:54<00:43,  8.16it/s]
Extract:  39%|###8      | 225/578 [00:55<01:07,  5.26it/s]
Extract:  39%|###9      | 226/578 [00:55<01:11,  4.90it/s]
Extract:  39%|###9      | 227/578 [00:55<01:13,  4.75it/s]
Extract:  40%|###9      | 229/578 [00:56<01:12,  4.79it/s]
Extract:  40%|###9      | 230/578 [00:56<01:46,  3.26it/s]
Extract:  40%|###9      | 231/578 [00:57<01:41,  3.40it/s]
Extract:  40%|####      | 232/578 [00:57<01:29,  3.86it/s]
Extract:  40%|####      | 233/578 [00:57<01:15,  4.58it/s]
Extract:  40%|####      | 234/578 [00:57<01:07,  5.12it/s]
Extract:  41%|####      | 235/578 [00:57<01:01,  5.60it/s]
Extract:  41%|####      | 236/578 [00:58<01:30,  3.79it/s]
Extract:  41%|####1     | 237/578 [00:58<01:47,  3.18it/s]
Extract:  41%|####1     | 239/578 [00:58<01:12,  4.69it/s]
Extract:  42%|####1     | 240/578 [00:59<01:28,  3.83it/s]
Extract:  42%|####1     | 242/578 [00:59<01:03,  5.33it/s]
Extract:  42%|####2     | 244/578 [00:59<01:13,  4.52it/s]
Extract:  42%|####2     | 245/578 [00:59<01:06,  5.03it/s]
Extract:  43%|####2     | 247/578 [01:00<01:05,  5.06it/s]
Extract:  43%|####2     | 248/578 [01:00<01:15,  4.38it/s]
Extract:  43%|####3     | 249/578 [01:00<01:09,  4.71it/s]
Extract:  43%|####3     | 250/578 [01:00<01:04,  5.06it/s]
Extract:  43%|####3     | 251/578 [01:01<01:11,  4.54it/s]
Extract:  44%|####3     | 252/578 [01:01<01:01,  5.28it/s]
Extract:  44%|####3     | 253/578 [01:01<00:54,  5.99it/s]
Extract:  44%|####4     | 255/578 [01:01<00:53,  6.03it/s]
Extract:  44%|####4     | 256/578 [01:02<01:14,  4.33it/s]
Extract:  45%|####4     | 258/578 [01:02<00:55,  5.75it/s]
Extract:  45%|####4     | 259/578 [01:02<00:50,  6.27it/s]
Extract:  45%|####5     | 261/578 [01:02<00:40,  7.82it/s]
Extract:  45%|####5     | 262/578 [01:02<00:53,  5.88it/s]
Extract:  46%|####5     | 263/578 [01:03<01:33,  3.37it/s]
Extract:  46%|####5     | 265/578 [01:04<01:17,  4.03it/s]
Extract:  46%|####6     | 266/578 [01:04<01:17,  4.01it/s]
Extract:  46%|####6     | 267/578 [01:04<01:40,  3.09it/s]
Extract:  46%|####6     | 268/578 [01:04<01:24,  3.67it/s]
Extract:  47%|####6     | 269/578 [01:05<01:33,  3.29it/s]
Extract:  47%|####6     | 271/578 [01:05<00:59,  5.14it/s]
Extract:  47%|####7     | 273/578 [01:06<01:20,  3.78it/s]
Extract:  47%|####7     | 274/578 [01:06<01:38,  3.10it/s]
Extract:  48%|####7     | 275/578 [01:07<01:46,  2.85it/s]
Extract:  48%|####7     | 276/578 [01:07<01:33,  3.22it/s]
Extract:  48%|####7     | 277/578 [01:07<01:21,  3.71it/s]
Extract:  48%|####8     | 280/578 [01:08<01:04,  4.63it/s]
Extract:  49%|####8     | 282/578 [01:08<00:50,  5.85it/s]
Extract:  49%|####8     | 283/578 [01:08<00:59,  4.99it/s]
Extract:  49%|####9     | 284/578 [01:08<00:54,  5.38it/s]
Extract:  49%|####9     | 285/578 [01:08<01:00,  4.81it/s]
Extract:  49%|####9     | 286/578 [01:09<01:15,  3.86it/s]
Extract:  50%|####9     | 287/578 [01:09<01:22,  3.51it/s]
Extract:  50%|####9     | 288/578 [01:09<01:08,  4.23it/s]
Extract:  50%|#####     | 289/578 [01:10<01:13,  3.91it/s]
Extract:  50%|#####     | 290/578 [01:11<02:09,  2.23it/s]
Extract:  50%|#####     | 291/578 [01:11<01:42,  2.80it/s]
Extract:  51%|#####     | 293/578 [01:11<01:04,  4.43it/s]
Extract:  51%|#####     | 294/578 [01:11<00:59,  4.81it/s]
Extract:  51%|#####1    | 295/578 [01:11<01:20,  3.53it/s]
Extract:  51%|#####1    | 296/578 [01:12<01:10,  3.99it/s]
Extract:  51%|#####1    | 297/578 [01:12<01:33,  3.02it/s]
Extract:  52%|#####1    | 299/578 [01:12<01:00,  4.60it/s]
Extract:  52%|#####1    | 300/578 [01:12<00:55,  5.04it/s]
Extract:  52%|#####2    | 301/578 [01:13<01:06,  4.17it/s]
Extract:  52%|#####2    | 303/578 [01:13<00:44,  6.13it/s]
Extract:  53%|#####2    | 304/578 [01:14<01:17,  3.51it/s]
Extract:  53%|#####2    | 305/578 [01:14<01:09,  3.90it/s]
Extract:  53%|#####3    | 307/578 [01:14<01:09,  3.89it/s]
Extract:  53%|#####3    | 308/578 [01:15<01:12,  3.71it/s]
Extract:  53%|#####3    | 309/578 [01:15<01:41,  2.65it/s]
Extract:  54%|#####3    | 310/578 [01:16<01:31,  2.92it/s]
Extract:  54%|#####3    | 311/578 [01:16<01:51,  2.39it/s]
Extract:  54%|#####3    | 312/578 [01:17<02:17,  1.94it/s]
Extract:  54%|#####4    | 313/578 [01:17<01:51,  2.37it/s]
Extract:  54%|#####4    | 314/578 [01:18<01:44,  2.52it/s]
Extract:  55%|#####4    | 316/578 [01:18<01:19,  3.31it/s]
Extract:  55%|#####5    | 318/578 [01:18<01:16,  3.41it/s]
Extract:  55%|#####5    | 319/578 [01:19<01:11,  3.61it/s]
Extract:  55%|#####5    | 320/578 [01:19<01:19,  3.24it/s]
Extract:  56%|#####5    | 321/578 [01:19<01:05,  3.90it/s]
Extract:  56%|#####5    | 322/578 [01:20<01:18,  3.25it/s]
Extract:  56%|#####5    | 323/578 [01:20<01:07,  3.79it/s]
Extract:  56%|#####6    | 325/578 [01:20<00:47,  5.36it/s]
Extract:  56%|#####6    | 326/578 [01:20<00:49,  5.08it/s]
Extract:  57%|#####6    | 328/578 [01:20<00:44,  5.56it/s]
Extract:  57%|#####7    | 330/578 [01:21<00:40,  6.16it/s]
Extract:  57%|#####7    | 331/578 [01:21<00:44,  5.49it/s]
Extract:  57%|#####7    | 332/578 [01:21<00:50,  4.83it/s]
Extract:  58%|#####7    | 334/578 [01:21<00:35,  6.80it/s]
Extract:  58%|#####7    | 335/578 [01:22<00:33,  7.29it/s]
Extract:  58%|#####8    | 337/578 [01:22<00:31,  7.65it/s]
Extract:  59%|#####8    | 339/578 [01:22<00:31,  7.70it/s]
Extract:  59%|#####8    | 340/578 [01:22<00:33,  7.16it/s]
Extract:  59%|#####8    | 341/578 [01:22<00:32,  7.27it/s]
Extract:  59%|#####9    | 342/578 [01:23<00:37,  6.22it/s]
Extract:  60%|#####9    | 344/578 [01:23<00:55,  4.23it/s]
Extract:  60%|#####9    | 345/578 [01:23<00:48,  4.76it/s]
Extract:  60%|######    | 347/578 [01:24<00:36,  6.33it/s]
Extract:  60%|######    | 349/578 [01:24<00:48,  4.70it/s]
Extract:  61%|######    | 350/578 [01:24<00:46,  4.89it/s]
Extract:  61%|######    | 351/578 [01:25<01:17,  2.94it/s]
Extract:  61%|######1   | 353/578 [01:25<01:00,  3.75it/s]
Extract:  61%|######1   | 355/578 [01:26<00:43,  5.15it/s]
Extract:  62%|######1   | 356/578 [01:26<00:57,  3.88it/s]
Extract:  62%|######1   | 357/578 [01:27<01:15,  2.92it/s]
Extract:  62%|######2   | 359/578 [01:27<00:56,  3.90it/s]
Extract:  62%|######2   | 360/578 [01:27<00:56,  3.86it/s]
Extract:  63%|######2   | 362/578 [01:28<01:03,  3.40it/s]
Extract:  63%|######2   | 363/578 [01:28<00:55,  3.85it/s]
Extract:  63%|######2   | 364/578 [01:28<00:49,  4.36it/s]
Extract:  63%|######3   | 365/578 [01:28<00:53,  4.01it/s]
Extract:  63%|######3   | 366/578 [01:29<00:58,  3.65it/s]
Extract:  63%|######3   | 367/578 [01:30<01:53,  1.86it/s]
Extract:  64%|######3   | 368/578 [01:30<01:43,  2.03it/s]
Extract:  64%|######3   | 369/578 [01:31<02:06,  1.66it/s]
Extract:  64%|######4   | 371/578 [01:31<01:15,  2.74it/s]
Extract:  65%|######4   | 373/578 [01:32<01:10,  2.91it/s]
Extract:  65%|######4   | 374/578 [01:32<01:02,  3.25it/s]
Extract:  65%|######5   | 376/578 [01:33<00:49,  4.06it/s]
Extract:  65%|######5   | 377/578 [01:33<00:51,  3.94it/s]
Extract:  66%|######5   | 379/578 [01:33<00:39,  5.07it/s]
Extract:  66%|######5   | 380/578 [01:33<00:41,  4.77it/s]
Extract:  66%|######5   | 381/578 [01:33<00:37,  5.29it/s]
Extract:  66%|######6   | 382/578 [01:34<00:47,  4.11it/s]
Extract:  66%|######6   | 383/578 [01:34<00:42,  4.54it/s]
Extract:  66%|######6   | 384/578 [01:34<00:56,  3.45it/s]
Extract:  67%|######6   | 386/578 [01:35<00:43,  4.46it/s]
Extract:  67%|######6   | 387/578 [01:35<00:47,  4.02it/s]
Extract:  67%|######7   | 388/578 [01:35<00:40,  4.67it/s]
Extract:  67%|######7   | 390/578 [01:35<00:30,  6.17it/s]
Extract:  68%|######7   | 391/578 [01:36<00:30,  6.13it/s]
Extract:  68%|######7   | 392/578 [01:36<00:31,  5.95it/s]
Extract:  68%|######7   | 393/578 [01:36<00:52,  3.52it/s]
Extract:  68%|######8   | 394/578 [01:37<00:50,  3.64it/s]
Extract:  68%|######8   | 395/578 [01:37<00:51,  3.58it/s]
Extract:  69%|######8   | 397/578 [01:37<00:53,  3.39it/s]
Extract:  69%|######8   | 398/578 [01:38<00:47,  3.80it/s]
Extract:  69%|######9   | 399/578 [01:38<00:43,  4.07it/s]
Extract:  69%|######9   | 401/578 [01:38<00:32,  5.42it/s]
Extract:  70%|######9   | 402/578 [01:38<00:29,  6.00it/s]
Extract:  70%|######9   | 403/578 [01:38<00:27,  6.45it/s]
Extract:  70%|######9   | 404/578 [01:38<00:24,  7.08it/s]
Extract:  70%|#######   | 405/578 [01:39<00:24,  7.11it/s]
Extract:  70%|#######   | 406/578 [01:39<00:32,  5.26it/s]
Extract:  70%|#######   | 407/578 [01:39<00:44,  3.80it/s]
Extract:  71%|#######   | 408/578 [01:40<01:09,  2.44it/s]
Extract:  71%|#######   | 410/578 [01:40<00:48,  3.44it/s]
Extract:  71%|#######1  | 412/578 [01:41<00:36,  4.51it/s]
Extract:  71%|#######1  | 413/578 [01:41<00:50,  3.27it/s]
Extract:  72%|#######1  | 415/578 [01:41<00:36,  4.45it/s]
Extract:  72%|#######1  | 416/578 [01:42<00:35,  4.52it/s]
Extract:  72%|#######2  | 417/578 [01:42<00:31,  5.07it/s]
Extract:  72%|#######2  | 418/578 [01:42<00:32,  4.93it/s]
Extract:  72%|#######2  | 419/578 [01:42<00:37,  4.21it/s]
Extract:  73%|#######2  | 421/578 [01:43<00:53,  2.94it/s]
Extract:  73%|#######3  | 424/578 [01:44<00:34,  4.42it/s]
Extract:  74%|#######3  | 425/578 [01:44<00:41,  3.71it/s]
Extract:  74%|#######3  | 426/578 [01:44<00:38,  3.98it/s]
Extract:  74%|#######3  | 427/578 [01:45<00:48,  3.12it/s]
Extract:  74%|#######4  | 428/578 [01:45<00:54,  2.77it/s]
Extract:  74%|#######4  | 429/578 [01:46<01:04,  2.33it/s]
Extract:  75%|#######4  | 431/578 [01:46<00:42,  3.47it/s]
Extract:  75%|#######4  | 432/578 [01:46<00:38,  3.78it/s]
Extract:  75%|#######5  | 434/578 [01:47<00:41,  3.50it/s]
Extract:  75%|#######5  | 435/578 [01:47<00:37,  3.79it/s]
Extract:  76%|#######5  | 437/578 [01:47<00:29,  4.79it/s]
Extract:  76%|#######5  | 438/578 [01:47<00:27,  5.07it/s]
Extract:  76%|#######5  | 439/578 [01:48<00:35,  3.92it/s]
Extract:  76%|#######6  | 441/578 [01:49<00:47,  2.88it/s]
Extract:  76%|#######6  | 442/578 [01:49<00:41,  3.26it/s]
Extract:  77%|#######6  | 443/578 [01:49<00:36,  3.67it/s]
Extract:  77%|#######6  | 444/578 [01:49<00:33,  4.03it/s]
Extract:  77%|#######6  | 445/578 [01:50<00:47,  2.81it/s]
Extract:  77%|#######7  | 447/578 [01:50<00:31,  4.22it/s]
Extract:  78%|#######7  | 449/578 [01:50<00:23,  5.46it/s]
Extract:  78%|#######7  | 450/578 [01:51<00:35,  3.57it/s]
Extract:  78%|#######8  | 451/578 [01:51<00:42,  2.98it/s]
Extract:  78%|#######8  | 452/578 [01:52<00:37,  3.39it/s]
Extract:  78%|#######8  | 453/578 [01:52<00:31,  4.02it/s]
Extract:  79%|#######8  | 454/578 [01:52<00:28,  4.28it/s]
Extract:  79%|#######8  | 455/578 [01:52<00:25,  4.89it/s]
Extract:  79%|#######8  | 456/578 [01:52<00:21,  5.65it/s]
Extract:  79%|#######9  | 458/578 [01:53<00:23,  5.05it/s]
Extract:  80%|#######9  | 460/578 [01:53<00:16,  7.00it/s]
Extract:  80%|#######9  | 461/578 [01:53<00:17,  6.54it/s]
Extract:  80%|#######9  | 462/578 [01:53<00:16,  6.84it/s]
Extract:  80%|########  | 463/578 [01:54<00:35,  3.23it/s]
Extract:  80%|########  | 465/578 [01:54<00:23,  4.74it/s]
Extract:  81%|########  | 466/578 [01:54<00:24,  4.58it/s]
Extract:  81%|########  | 467/578 [01:55<00:27,  4.08it/s]
Extract:  81%|########  | 468/578 [01:55<00:43,  2.52it/s]
Extract:  81%|########1 | 470/578 [01:56<00:31,  3.45it/s]
Extract:  81%|########1 | 471/578 [01:56<00:30,  3.47it/s]
Extract:  82%|########1 | 472/578 [01:56<00:30,  3.53it/s]
Extract:  82%|########1 | 473/578 [01:56<00:26,  3.93it/s]
Extract:  82%|########2 | 474/578 [01:57<00:25,  4.04it/s]
Extract:  82%|########2 | 475/578 [01:57<00:21,  4.78it/s]
Extract:  82%|########2 | 476/578 [01:57<00:30,  3.37it/s]
Extract:  83%|########2 | 477/578 [01:57<00:25,  3.97it/s]
Extract:  83%|########2 | 479/578 [01:58<00:19,  5.08it/s]
Extract:  83%|########3 | 481/578 [01:58<00:19,  4.87it/s]
Extract:  84%|########3 | 483/578 [01:58<00:14,  6.37it/s]
Extract:  84%|########3 | 485/578 [01:58<00:11,  7.79it/s]
Extract:  84%|########4 | 487/578 [01:59<00:12,  7.01it/s]
Extract:  85%|########4 | 489/578 [01:59<00:18,  4.79it/s]
Extract:  85%|########4 | 490/578 [02:00<00:18,  4.83it/s]
Extract:  85%|########4 | 491/578 [02:00<00:18,  4.82it/s]
Extract:  85%|########5 | 492/578 [02:00<00:19,  4.40it/s]
Extract:  85%|########5 | 493/578 [02:00<00:18,  4.60it/s]
Extract:  85%|########5 | 494/578 [02:01<00:18,  4.63it/s]
Extract:  86%|########5 | 496/578 [02:01<00:14,  5.66it/s]
Extract:  86%|########5 | 497/578 [02:01<00:13,  6.15it/s]
Extract:  86%|########6 | 498/578 [02:02<00:22,  3.52it/s]
Extract:  87%|########6 | 501/578 [02:02<00:13,  5.80it/s]
Extract:  87%|########7 | 503/578 [02:02<00:10,  7.43it/s]
Extract:  87%|########7 | 505/578 [02:03<00:19,  3.72it/s]
Extract:  88%|########7 | 507/578 [02:03<00:14,  4.80it/s]
Extract:  88%|########7 | 508/578 [02:03<00:14,  4.80it/s]
Extract:  88%|########8 | 510/578 [02:04<00:13,  4.93it/s]
Extract:  88%|########8 | 511/578 [02:04<00:12,  5.38it/s]
Extract:  89%|########8 | 512/578 [02:04<00:13,  5.06it/s]
Extract:  89%|########8 | 514/578 [02:04<00:09,  6.94it/s]
Extract:  89%|########9 | 515/578 [02:05<00:10,  5.79it/s]
Extract:  89%|########9 | 516/578 [02:05<00:18,  3.27it/s]
Extract:  89%|########9 | 517/578 [02:06<00:21,  2.80it/s]
Extract:  90%|########9 | 519/578 [02:06<00:17,  3.41it/s]
Extract:  90%|########9 | 520/578 [02:06<00:14,  3.96it/s]
Extract:  90%|######### | 522/578 [02:06<00:10,  5.47it/s]
Extract:  90%|######### | 523/578 [02:07<00:10,  5.40it/s]
Extract:  91%|######### | 524/578 [02:07<00:09,  5.93it/s]
Extract:  91%|#########1| 526/578 [02:07<00:12,  4.25it/s]
Extract:  91%|#########1| 528/578 [02:08<00:09,  5.54it/s]
Extract:  92%|#########1| 529/578 [02:08<00:08,  5.88it/s]
Extract:  92%|#########1| 530/578 [02:08<00:07,  6.02it/s]
Extract:  92%|#########1| 531/578 [02:08<00:07,  5.93it/s]
Extract:  92%|#########2| 532/578 [02:08<00:07,  5.78it/s]
Extract:  92%|#########2| 533/578 [02:08<00:07,  5.68it/s]
Extract:  92%|#########2| 534/578 [02:09<00:09,  4.72it/s]
Extract:  93%|#########2| 535/578 [02:09<00:08,  4.79it/s]
Extract:  93%|#########2| 536/578 [02:09<00:08,  4.98it/s]
Extract:  93%|#########2| 537/578 [02:09<00:09,  4.33it/s]
Extract:  93%|#########3| 538/578 [02:10<00:10,  3.90it/s]
Extract:  93%|#########3| 540/578 [02:11<00:13,  2.72it/s]
Extract:  94%|#########3| 541/578 [02:11<00:12,  2.94it/s]
Extract:  94%|#########3| 543/578 [02:11<00:08,  3.98it/s]
Extract:  94%|#########4| 546/578 [02:12<00:07,  4.05it/s]
Extract:  95%|#########4| 547/578 [02:13<00:09,  3.16it/s]
Extract:  95%|#########4| 549/578 [02:13<00:06,  4.41it/s]
Extract:  95%|#########5| 551/578 [02:13<00:04,  5.65it/s]
Extract:  96%|#########5| 553/578 [02:13<00:05,  4.51it/s]
Extract:  96%|#########5| 554/578 [02:14<00:07,  3.01it/s]
Extract:  96%|#########6| 555/578 [02:15<00:09,  2.44it/s]
Extract:  96%|#########6| 556/578 [02:15<00:08,  2.58it/s]
Extract:  96%|#########6| 557/578 [02:16<00:08,  2.59it/s]
Extract:  97%|#########6| 559/578 [02:16<00:05,  3.65it/s]
Extract:  97%|#########6| 560/578 [02:17<00:06,  2.80it/s]
Extract:  97%|#########7| 561/578 [02:17<00:05,  2.89it/s]
Extract:  98%|#########7| 564/578 [02:18<00:04,  3.06it/s]
Extract:  98%|#########7| 565/578 [02:18<00:04,  2.64it/s]
Extract:  98%|#########7| 566/578 [02:19<00:03,  3.10it/s]
Extract:  98%|#########8| 567/578 [02:19<00:03,  3.29it/s]
Extract:  98%|#########8| 568/578 [02:19<00:03,  2.68it/s]
Extract:  99%|#########8| 570/578 [02:20<00:02,  3.93it/s]
Extract:  99%|#########8| 572/578 [02:20<00:01,  5.00it/s]
Extract:  99%|#########9| 574/578 [02:20<00:00,  6.47it/s]
Extract:  99%|#########9| 575/578 [02:20<00:00,  6.22it/s]
Extract: 100%|#########9| 576/578 [02:21<00:00,  3.94it/s]
Extract: 100%|##########| 578/578 [02:21<00:00,  4.09it/s]

Extract:   0%|          | 0/578 [00:00<?, ?it/s]
Extract:   0%|          | 2/578 [00:00<00:48, 11.91it/s]
Extract:   1%|          | 4/578 [00:00<01:42,  5.59it/s]
Extract:   1%|          | 5/578 [00:00<01:47,  5.34it/s]
Extract:   1%|1         | 6/578 [00:01<01:58,  4.83it/s]
Extract:   1%|1         | 7/578 [00:01<02:27,  3.86it/s]
Extract:   1%|1         | 8/578 [00:02<03:19,  2.86it/s]
Extract:   2%|1         | 9/578 [00:02<03:04,  3.08it/s]
Extract:   2%|1         | 10/578 [00:02<02:54,  3.25it/s]
Extract:   2%|1         | 11/578 [00:02<02:42,  3.49it/s]
Extract:   2%|2         | 12/578 [00:03<04:29,  2.10it/s]
Extract:   2%|2         | 13/578 [00:03<03:37,  2.60it/s]
Extract:   2%|2         | 14/578 [00:04<04:03,  2.32it/s]
Extract:   3%|2         | 15/578 [00:04<04:17,  2.19it/s]
Extract:   3%|2         | 16/578 [00:05<03:22,  2.77it/s]
Extract:   3%|3         | 19/578 [00:05<01:41,  5.49it/s]
Extract:   4%|3         | 21/578 [00:05<02:06,  4.42it/s]
Extract:   4%|3         | 22/578 [00:06<02:06,  4.38it/s]
Extract:   4%|3         | 23/578 [00:06<02:25,  3.82it/s]
Extract:   4%|4         | 24/578 [00:06<02:11,  4.22it/s]
Extract:   4%|4         | 26/578 [00:06<01:34,  5.82it/s]
Extract:   5%|4         | 27/578 [00:07<02:36,  3.51it/s]
Extract:   5%|5         | 29/578 [00:07<01:59,  4.60it/s]
Extract:   5%|5         | 30/578 [00:07<02:08,  4.25it/s]
Extract:   5%|5         | 31/578 [00:08<02:13,  4.09it/s]
Extract:   6%|5         | 33/578 [00:08<01:33,  5.85it/s]
Extract:   6%|6         | 35/578 [00:08<01:19,  6.86it/s]
Extract:   6%|6         | 36/578 [00:08<01:19,  6.81it/s]
Extract:   6%|6         | 37/578 [00:09<01:46,  5.09it/s]
Extract:   7%|6         | 38/578 [00:09<01:39,  5.44it/s]
Extract:   7%|6         | 40/578 [00:09<01:26,  6.23it/s]
Extract:   7%|7         | 41/578 [00:09<01:24,  6.37it/s]
Extract:   7%|7         | 42/578 [00:10<02:17,  3.91it/s]
Extract:   7%|7         | 43/578 [00:10<03:19,  2.69it/s]
Extract:   8%|7         | 45/578 [00:11<02:10,  4.07it/s]
Extract:   8%|7         | 46/578 [00:11<02:00,  4.41it/s]
Extract:   8%|8         | 47/578 [00:11<02:12,  4.00it/s]
Extract:   8%|8         | 49/578 [00:11<01:37,  5.43it/s]
Extract:   9%|8         | 50/578 [00:12<02:21,  3.74it/s]
Extract:   9%|8         | 51/578 [00:12<02:39,  3.31it/s]
Extract:   9%|8         | 52/578 [00:13<03:06,  2.81it/s]
Extract:   9%|9         | 54/578 [00:13<02:56,  2.97it/s]
Extract:  10%|9         | 55/578 [00:14<03:42,  2.35it/s]
Extract:  10%|9         | 56/578 [00:14<03:10,  2.73it/s]
Extract:  10%|#         | 58/578 [00:15<02:35,  3.35it/s]
Extract:  10%|#         | 59/578 [00:15<02:34,  3.36it/s]
Extract:  10%|#         | 60/578 [00:15<02:55,  2.95it/s]
Extract:  11%|#         | 61/578 [00:16<03:23,  2.54it/s]
Extract:  11%|#         | 63/578 [00:16<02:15,  3.79it/s]
Extract:  11%|#1        | 64/578 [00:16<02:20,  3.65it/s]
Extract:  11%|#1        | 65/578 [00:17<02:52,  2.97it/s]
Extract:  11%|#1        | 66/578 [00:17<02:21,  3.62it/s]
Extract:  12%|#1        | 67/578 [00:18<02:58,  2.86it/s]
Extract:  12%|#1        | 69/578 [00:18<02:07,  3.98it/s]
Extract:  12%|#2        | 70/578 [00:18<01:51,  4.58it/s]
Extract:  12%|#2        | 71/578 [00:18<01:40,  5.04it/s]
Extract:  12%|#2        | 72/578 [00:18<01:33,  5.43it/s]
Extract:  13%|#2        | 73/578 [00:19<02:10,  3.87it/s]
Extract:  13%|#2        | 75/578 [00:19<01:28,  5.66it/s]
Extract:  13%|#3        | 76/578 [00:19<01:33,  5.38it/s]
Extract:  13%|#3        | 77/578 [00:20<03:16,  2.55it/s]
Extract:  14%|#3        | 79/578 [00:20<02:36,  3.18it/s]
Extract:  14%|#3        | 80/578 [00:21<02:28,  3.35it/s]
Extract:  14%|#4        | 81/578 [00:21<02:16,  3.64it/s]
Extract:  14%|#4        | 82/578 [00:21<02:19,  3.55it/s]
Extract:  14%|#4        | 83/578 [00:22<02:35,  3.18it/s]
Extract:  15%|#4        | 84/578 [00:22<03:23,  2.43it/s]
Extract:  15%|#4        | 85/578 [00:22<02:40,  3.08it/s]
Extract:  15%|#4        | 86/578 [00:23<02:13,  3.70it/s]
Extract:  15%|#5        | 88/578 [00:23<01:31,  5.35it/s]
Extract:  15%|#5        | 89/578 [00:23<02:22,  3.44it/s]
Extract:  16%|#5        | 90/578 [00:24<02:10,  3.75it/s]
Extract:  16%|#5        | 91/578 [00:24<03:20,  2.43it/s]
Extract:  16%|#5        | 92/578 [00:25<04:14,  1.91it/s]
Extract:  16%|#6        | 94/578 [00:26<03:01,  2.67it/s]
Extract:  17%|#6        | 96/578 [00:26<02:44,  2.93it/s]
Extract:  17%|#6        | 97/578 [00:26<02:29,  3.21it/s]
Extract:  17%|#6        | 98/578 [00:27<02:26,  3.28it/s]
Extract:  17%|#7        | 99/578 [00:27<02:03,  3.87it/s]
Extract:  17%|#7        | 100/578 [00:27<02:10,  3.67it/s]
Extract:  17%|#7        | 101/578 [00:27<02:02,  3.88it/s]
Extract:  18%|#7        | 103/578 [00:27<01:22,  5.79it/s]
Extract:  18%|#8        | 105/578 [00:28<01:41,  4.66it/s]
Extract:  18%|#8        | 106/578 [00:28<01:33,  5.03it/s]
Extract:  19%|#8        | 107/578 [00:29<02:56,  2.67it/s]
Extract:  19%|#8        | 108/578 [00:29<02:41,  2.90it/s]
Extract:  19%|#9        | 110/578 [00:30<01:57,  3.97it/s]
Extract:  19%|#9        | 111/578 [00:30<01:46,  4.39it/s]
Extract:  20%|#9        | 113/578 [00:30<01:15,  6.13it/s]
Extract:  20%|#9        | 114/578 [00:30<01:09,  6.65it/s]
Extract:  20%|#9        | 115/578 [00:30<01:05,  7.08it/s]
Extract:  20%|##        | 116/578 [00:30<01:19,  5.80it/s]
Extract:  20%|##        | 117/578 [00:31<02:00,  3.83it/s]
Extract:  20%|##        | 118/578 [00:31<01:45,  4.36it/s]
Extract:  21%|##        | 120/578 [00:32<01:59,  3.85it/s]
Extract:  21%|##        | 121/578 [00:32<02:25,  3.14it/s]
Extract:  21%|##1       | 123/578 [00:32<01:41,  4.50it/s]
Extract:  22%|##1       | 125/578 [00:33<01:43,  4.36it/s]
Extract:  22%|##1       | 126/578 [00:33<01:48,  4.17it/s]
Extract:  22%|##2       | 128/578 [00:33<01:26,  5.21it/s]
Extract:  22%|##2       | 130/578 [00:34<01:42,  4.39it/s]
Extract:  23%|##2       | 131/578 [00:34<02:09,  3.44it/s]
Extract:  23%|##2       | 132/578 [00:34<01:55,  3.85it/s]
Extract:  23%|##3       | 133/578 [00:35<01:59,  3.73it/s]
Extract:  23%|##3       | 134/578 [00:35<01:42,  4.33it/s]
Extract:  23%|##3       | 135/578 [00:35<01:36,  4.60it/s]
Extract:  24%|##3       | 136/578 [00:35<01:28,  5.01it/s]
Extract:  24%|##3       | 137/578 [00:36<02:12,  3.34it/s]
Extract:  24%|##3       | 138/578 [00:36<03:01,  2.42it/s]
Extract:  24%|##4       | 139/578 [00:37<03:01,  2.41it/s]
Extract:  24%|##4       | 141/578 [00:37<01:51,  3.94it/s]
Extract:  25%|##4       | 144/578 [00:37<01:03,  6.89it/s]
Extract:  25%|##5       | 146/578 [00:38<01:22,  5.21it/s]
Extract:  26%|##5       | 148/578 [00:38<01:19,  5.38it/s]
Extract:  26%|##5       | 149/578 [00:39<01:48,  3.94it/s]
Extract:  26%|##5       | 150/578 [00:39<01:41,  4.22it/s]
Extract:  26%|##6       | 152/578 [00:39<01:14,  5.72it/s]
Extract:  26%|##6       | 153/578 [00:39<01:45,  4.01it/s]
Extract:  27%|##6       | 155/578 [00:40<01:54,  3.70it/s]
Extract:  27%|##7       | 157/578 [00:40<01:24,  4.96it/s]
Extract:  27%|##7       | 158/578 [00:40<01:20,  5.20it/s]
Extract:  28%|##7       | 160/578 [00:41<01:26,  4.81it/s]
Extract:  28%|##8       | 162/578 [00:41<01:04,  6.44it/s]
Extract:  28%|##8       | 164/578 [00:42<01:46,  3.87it/s]
Extract:  29%|##8       | 165/578 [00:42<01:39,  4.15it/s]
Extract:  29%|##8       | 166/578 [00:42<01:30,  4.55it/s]
Extract:  29%|##8       | 167/578 [00:43<01:53,  3.62it/s]
Extract:  29%|##9       | 168/578 [00:43<01:41,  4.06it/s]
Extract:  29%|##9       | 169/578 [00:43<01:30,  4.54it/s]
Extract:  29%|##9       | 170/578 [00:43<01:25,  4.78it/s]
Extract:  30%|##9       | 172/578 [00:43<01:21,  4.97it/s]
Extract:  30%|##9       | 173/578 [00:44<02:01,  3.34it/s]
Extract:  30%|###       | 174/578 [00:44<01:53,  3.57it/s]
Extract:  30%|###       | 175/578 [00:44<01:34,  4.27it/s]
Extract:  30%|###       | 176/578 [00:45<01:20,  5.01it/s]
Extract:  31%|###       | 177/578 [00:45<02:02,  3.27it/s]
Extract:  31%|###       | 178/578 [00:45<01:45,  3.81it/s]
Extract:  31%|###       | 179/578 [00:45<01:32,  4.30it/s]
Extract:  31%|###1      | 180/578 [00:46<01:48,  3.68it/s]
Extract:  31%|###1      | 181/578 [00:46<02:04,  3.20it/s]
Extract:  31%|###1      | 182/578 [00:46<01:51,  3.56it/s]
Extract:  32%|###1      | 184/578 [00:47<01:46,  3.69it/s]
Extract:  32%|###2      | 185/578 [00:48<02:18,  2.83it/s]
Extract:  32%|###2      | 186/578 [00:48<01:56,  3.37it/s]
Extract:  33%|###2      | 188/578 [00:48<01:27,  4.48it/s]
Extract:  33%|###2      | 189/578 [00:48<01:53,  3.43it/s]
Extract:  33%|###3      | 191/578 [00:49<01:41,  3.82it/s]
Extract:  33%|###3      | 192/578 [00:49<01:29,  4.33it/s]
Extract:  33%|###3      | 193/578 [00:49<01:17,  4.96it/s]
Extract:  34%|###3      | 195/578 [00:49<00:58,  6.55it/s]
Extract:  34%|###4      | 197/578 [00:50<01:43,  3.68it/s]
Extract:  34%|###4      | 198/578 [00:50<01:40,  3.77it/s]
Extract:  35%|###4      | 201/578 [00:51<01:28,  4.27it/s]
Extract:  35%|###4      | 202/578 [00:51<01:32,  4.07it/s]
Extract:  35%|###5      | 203/578 [00:52<01:55,  3.25it/s]
Extract:  35%|###5      | 205/578 [00:52<01:21,  4.55it/s]
Extract:  36%|###5      | 206/578 [00:52<01:14,  4.99it/s]
Extract:  36%|###5      | 207/578 [00:53<01:37,  3.80it/s]
Extract:  36%|###6      | 209/578 [00:53<01:23,  4.42it/s]
Extract:  36%|###6      | 210/578 [00:53<01:19,  4.62it/s]
Extract:  37%|###6      | 212/578 [00:54<01:28,  4.14it/s]
Extract:  37%|###6      | 213/578 [00:54<01:19,  4.57it/s]
Extract:  37%|###7      | 215/578 [00:54<01:23,  4.32it/s]
Extract:  38%|###7      | 217/578 [00:55<01:24,  4.30it/s]
Extract:  38%|###7      | 218/578 [00:55<01:14,  4.85it/s]
Extract:  38%|###7      | 219/578 [00:55<01:10,  5.08it/s]
Extract:  38%|###8      | 220/578 [00:55<01:11,  5.03it/s]
Extract:  38%|###8      | 221/578 [00:55<01:04,  5.53it/s]
Extract:  39%|###8      | 223/578 [00:56<00:46,  7.61it/s]
Extract:  39%|###8      | 225/578 [00:56<01:03,  5.60it/s]
Extract:  39%|###9      | 226/578 [00:56<01:18,  4.47it/s]
Extract:  39%|###9      | 227/578 [00:57<01:10,  5.01it/s]
Extract:  40%|###9      | 229/578 [00:57<01:00,  5.73it/s]
Extract:  40%|###9      | 230/578 [00:57<01:15,  4.58it/s]
Extract:  40%|###9      | 231/578 [00:58<01:22,  4.23it/s]
Extract:  40%|####      | 232/578 [00:58<01:15,  4.56it/s]
Extract:  40%|####      | 233/578 [00:58<01:12,  4.76it/s]
Extract:  40%|####      | 234/578 [00:58<01:16,  4.52it/s]
Extract:  41%|####      | 235/578 [00:58<01:10,  4.87it/s]
Extract:  41%|####      | 236/578 [00:59<01:38,  3.47it/s]
Extract:  41%|####1     | 237/578 [00:59<01:49,  3.12it/s]
Extract:  41%|####1     | 239/578 [00:59<01:10,  4.78it/s]
Extract:  42%|####1     | 240/578 [00:59<01:05,  5.20it/s]
Extract:  42%|####1     | 242/578 [01:00<00:45,  7.31it/s]
Extract:  42%|####2     | 244/578 [01:00<01:10,  4.72it/s]
Extract:  42%|####2     | 245/578 [01:00<01:06,  5.04it/s]
Extract:  43%|####2     | 247/578 [01:01<01:01,  5.35it/s]
Extract:  43%|####2     | 248/578 [01:01<01:10,  4.67it/s]
Extract:  43%|####3     | 249/578 [01:01<01:06,  4.96it/s]
Extract:  43%|####3     | 250/578 [01:01<01:00,  5.41it/s]
Extract:  43%|####3     | 251/578 [01:02<00:58,  5.58it/s]
Extract:  44%|####3     | 253/578 [01:02<00:42,  7.61it/s]
Extract:  44%|####4     | 255/578 [01:02<00:46,  6.90it/s]
Extract:  44%|####4     | 256/578 [01:02<01:09,  4.64it/s]
Extract:  45%|####4     | 258/578 [01:03<00:54,  5.89it/s]
Extract:  45%|####4     | 260/578 [01:03<00:45,  7.02it/s]
Extract:  45%|####5     | 262/578 [01:03<00:53,  5.89it/s]
Extract:  46%|####5     | 263/578 [01:04<01:32,  3.41it/s]
Extract:  46%|####5     | 265/578 [01:05<01:29,  3.52it/s]
Extract:  46%|####6     | 266/578 [01:05<01:29,  3.48it/s]
Extract:  46%|####6     | 267/578 [01:05<01:36,  3.24it/s]
Extract:  46%|####6     | 268/578 [01:05<01:20,  3.86it/s]
Extract:  47%|####6     | 269/578 [01:06<01:25,  3.59it/s]
Extract:  47%|####7     | 273/578 [01:06<01:03,  4.80it/s]
Extract:  47%|####7     | 274/578 [01:07<01:31,  3.33it/s]
Extract:  48%|####7     | 275/578 [01:08<01:38,  3.07it/s]
Extract:  48%|####7     | 276/578 [01:08<01:29,  3.36it/s]
Extract:  48%|####7     | 277/578 [01:08<01:20,  3.76it/s]
Extract:  48%|####8     | 279/578 [01:08<00:55,  5.35it/s]
Extract:  48%|####8     | 280/578 [01:08<01:09,  4.32it/s]
Extract:  49%|####8     | 282/578 [01:09<00:51,  5.79it/s]
Extract:  49%|####8     | 283/578 [01:09<01:05,  4.51it/s]
Extract:  49%|####9     | 284/578 [01:09<00:58,  5.03it/s]
Extract:  49%|####9     | 285/578 [01:09<01:03,  4.63it/s]
Extract:  49%|####9     | 286/578 [01:10<01:03,  4.59it/s]
Extract:  50%|####9     | 287/578 [01:10<01:08,  4.23it/s]
Extract:  50%|####9     | 288/578 [01:10<00:58,  4.95it/s]
Extract:  50%|#####     | 289/578 [01:10<01:01,  4.67it/s]
Extract:  50%|#####     | 290/578 [01:11<01:24,  3.42it/s]
Extract:  50%|#####     | 291/578 [01:11<01:08,  4.20it/s]
Extract:  51%|#####     | 293/578 [01:11<00:43,  6.50it/s]
Extract:  51%|#####     | 294/578 [01:11<00:42,  6.64it/s]
Extract:  51%|#####1    | 295/578 [01:12<01:09,  4.09it/s]
Extract:  51%|#####1    | 296/578 [01:12<01:00,  4.66it/s]
Extract:  51%|#####1    | 297/578 [01:12<01:19,  3.52it/s]
Extract:  52%|#####1    | 299/578 [01:12<01:00,  4.58it/s]
Extract:  52%|#####1    | 300/578 [01:13<00:54,  5.09it/s]
Extract:  52%|#####2    | 301/578 [01:13<01:03,  4.37it/s]
Extract:  52%|#####2    | 303/578 [01:13<00:43,  6.33it/s]
Extract:  53%|#####2    | 304/578 [01:14<01:06,  4.12it/s]
Extract:  53%|#####2    | 305/578 [01:14<01:01,  4.45it/s]
Extract:  53%|#####3    | 307/578 [01:14<01:07,  4.00it/s]
Extract:  53%|#####3    | 308/578 [01:15<01:21,  3.32it/s]
Extract:  53%|#####3    | 309/578 [01:15<01:44,  2.59it/s]
Extract:  54%|#####3    | 310/578 [01:16<01:31,  2.94it/s]
Extract:  54%|#####3    | 311/578 [01:16<01:44,  2.56it/s]
Extract:  54%|#####3    | 312/578 [01:17<02:00,  2.20it/s]
Extract:  54%|#####4    | 313/578 [01:17<01:35,  2.78it/s]
Extract:  54%|#####4    | 314/578 [01:17<01:35,  2.76it/s]
Extract:  54%|#####4    | 315/578 [01:17<01:17,  3.38it/s]
Extract:  55%|#####4    | 316/578 [01:18<01:38,  2.66it/s]
Extract:  55%|#####5    | 318/578 [01:19<01:30,  2.88it/s]
Extract:  55%|#####5    | 319/578 [01:19<01:23,  3.11it/s]
Extract:  55%|#####5    | 320/578 [01:19<01:29,  2.87it/s]
Extract:  56%|#####5    | 321/578 [01:19<01:12,  3.54it/s]
Extract:  56%|#####5    | 322/578 [01:20<01:08,  3.72it/s]
Extract:  56%|#####5    | 323/578 [01:20<01:01,  4.17it/s]
Extract:  56%|#####6    | 325/578 [01:20<00:55,  4.55it/s]
Extract:  56%|#####6    | 326/578 [01:21<01:00,  4.14it/s]
Extract:  57%|#####6    | 328/578 [01:21<00:49,  5.10it/s]
Extract:  57%|#####7    | 330/578 [01:21<00:39,  6.36it/s]
Extract:  57%|#####7    | 331/578 [01:21<00:42,  5.88it/s]
Extract:  57%|#####7    | 332/578 [01:21<00:48,  5.08it/s]
Extract:  58%|#####7    | 334/578 [01:22<00:34,  7.14it/s]
Extract:  58%|#####7    | 335/578 [01:22<00:32,  7.41it/s]
Extract:  58%|#####8    | 337/578 [01:22<00:27,  8.72it/s]
Extract:  59%|#####8    | 339/578 [01:22<00:27,  8.84it/s]
Extract:  59%|#####8    | 340/578 [01:22<00:30,  7.75it/s]
Extract:  59%|#####8    | 341/578 [01:22<00:30,  7.78it/s]
Extract:  59%|#####9    | 342/578 [01:23<00:42,  5.55it/s]
Extract:  60%|#####9    | 344/578 [01:23<00:47,  4.93it/s]
Extract:  60%|#####9    | 345/578 [01:23<00:44,  5.24it/s]
Extract:  60%|######    | 347/578 [01:24<00:34,  6.62it/s]
Extract:  60%|######    | 349/578 [01:24<00:46,  4.97it/s]
Extract:  61%|######    | 350/578 [01:24<00:44,  5.16it/s]
Extract:  61%|######    | 351/578 [01:25<01:02,  3.63it/s]
Extract:  61%|######1   | 353/578 [01:25<00:50,  4.46it/s]
Extract:  61%|######1   | 355/578 [01:25<00:39,  5.66it/s]
Extract:  62%|######1   | 356/578 [01:26<01:07,  3.30it/s]
Extract:  62%|######1   | 357/578 [01:26<01:07,  3.26it/s]
Extract:  62%|######2   | 359/578 [01:27<00:50,  4.36it/s]
Extract:  62%|######2   | 360/578 [01:27<00:48,  4.46it/s]
Extract:  62%|######2   | 361/578 [01:27<00:43,  5.02it/s]
Extract:  63%|######2   | 362/578 [01:27<00:58,  3.71it/s]
Extract:  63%|######2   | 363/578 [01:28<00:50,  4.25it/s]
Extract:  63%|######3   | 365/578 [01:28<00:43,  4.87it/s]
Extract:  63%|######3   | 366/578 [01:28<00:57,  3.68it/s]
Extract:  63%|######3   | 367/578 [01:29<01:13,  2.88it/s]
Extract:  64%|######3   | 368/578 [01:29<01:05,  3.20it/s]
Extract:  64%|######3   | 369/578 [01:30<01:24,  2.47it/s]
Extract:  64%|######4   | 371/578 [01:30<00:53,  3.89it/s]
Extract:  65%|######4   | 373/578 [01:30<00:48,  4.26it/s]
Extract:  65%|######4   | 374/578 [01:30<00:42,  4.75it/s]
Extract:  65%|######5   | 376/578 [01:31<00:39,  5.11it/s]
Extract:  65%|######5   | 377/578 [01:31<00:47,  4.28it/s]
Extract:  65%|######5   | 378/578 [01:31<00:43,  4.62it/s]
Extract:  66%|######5   | 379/578 [01:31<00:39,  5.09it/s]
Extract:  66%|######5   | 380/578 [01:32<00:44,  4.46it/s]
Extract:  66%|######5   | 381/578 [01:32<00:41,  4.76it/s]
Extract:  66%|######6   | 382/578 [01:32<00:53,  3.65it/s]
Extract:  66%|######6   | 383/578 [01:33<00:46,  4.18it/s]
Extract:  66%|######6   | 384/578 [01:33<01:04,  2.99it/s]
Extract:  67%|######6   | 386/578 [01:33<00:47,  4.08it/s]
Extract:  67%|######6   | 387/578 [01:34<00:47,  4.03it/s]
Extract:  67%|######7   | 389/578 [01:34<00:31,  5.99it/s]
Extract:  67%|######7   | 390/578 [01:34<00:29,  6.33it/s]
Extract:  68%|######7   | 391/578 [01:34<00:29,  6.44it/s]
Extract:  68%|######7   | 392/578 [01:34<00:30,  6.17it/s]
Extract:  68%|######7   | 393/578 [01:34<00:34,  5.43it/s]
Extract:  68%|######8   | 394/578 [01:35<00:33,  5.55it/s]
Extract:  68%|######8   | 395/578 [01:35<00:37,  4.93it/s]
Extract:  69%|######8   | 397/578 [01:35<00:34,  5.29it/s]
Extract:  69%|######8   | 398/578 [01:35<00:31,  5.76it/s]
Extract:  69%|######9   | 399/578 [01:35<00:29,  6.15it/s]
Extract:  69%|######9   | 401/578 [01:36<00:21,  8.06it/s]
Extract:  70%|######9   | 402/578 [01:36<00:20,  8.39it/s]
Extract:  70%|######9   | 403/578 [01:36<00:20,  8.36it/s]
Extract:  70%|#######   | 405/578 [01:36<00:17,  9.67it/s]
Extract:  70%|#######   | 406/578 [01:36<00:21,  7.92it/s]
Extract:  70%|#######   | 407/578 [01:37<00:34,  4.92it/s]
Extract:  71%|#######   | 408/578 [01:37<00:58,  2.89it/s]
Extract:  71%|#######   | 410/578 [01:38<00:41,  4.10it/s]
Extract:  71%|#######1  | 412/578 [01:38<00:30,  5.44it/s]
Extract:  71%|#######1  | 413/578 [01:38<00:35,  4.70it/s]
Extract:  72%|#######1  | 415/578 [01:38<00:27,  5.87it/s]
Extract:  72%|#######1  | 416/578 [01:38<00:27,  5.92it/s]
Extract:  72%|#######2  | 418/578 [01:39<00:25,  6.35it/s]
Extract:  72%|#######2  | 419/578 [01:39<00:27,  5.69it/s]
Extract:  73%|#######2  | 420/578 [01:39<00:25,  6.21it/s]
Extract:  73%|#######2  | 421/578 [01:40<00:40,  3.89it/s]
Extract:  73%|#######3  | 424/578 [01:40<00:26,  5.75it/s]
Extract:  74%|#######3  | 425/578 [01:41<00:39,  3.90it/s]
Extract:  74%|#######3  | 426/578 [01:41<00:35,  4.28it/s]
Extract:  74%|#######3  | 427/578 [01:41<00:44,  3.42it/s]
Extract:  74%|#######4  | 428/578 [01:42<00:54,  2.73it/s]
Extract:  74%|#######4  | 429/578 [01:42<01:06,  2.22it/s]
Extract:  75%|#######4  | 431/578 [01:43<00:43,  3.38it/s]
Extract:  75%|#######4  | 432/578 [01:43<00:41,  3.53it/s]
Extract:  75%|#######4  | 433/578 [01:43<00:34,  4.19it/s]
Extract:  75%|#######5  | 434/578 [01:44<00:51,  2.79it/s]
Extract:  75%|#######5  | 435/578 [01:44<00:43,  3.30it/s]
Extract:  76%|#######5  | 437/578 [01:44<00:30,  4.67it/s]
Extract:  76%|#######5  | 438/578 [01:44<00:28,  4.96it/s]
Extract:  76%|#######5  | 439/578 [01:44<00:30,  4.49it/s]
Extract:  76%|#######6  | 441/578 [01:45<00:32,  4.15it/s]
Extract:  76%|#######6  | 442/578 [01:45<00:29,  4.69it/s]
Extract:  77%|#######6  | 443/578 [01:45<00:25,  5.25it/s]
Extract:  77%|#######6  | 444/578 [01:45<00:24,  5.37it/s]
Extract:  77%|#######6  | 445/578 [01:46<00:37,  3.57it/s]
Extract:  77%|#######7  | 447/578 [01:46<00:24,  5.41it/s]
Extract:  78%|#######7  | 449/578 [01:46<00:17,  7.23it/s]
Extract:  78%|#######8  | 451/578 [01:47<00:40,  3.14it/s]
Extract:  78%|#######8  | 452/578 [01:48<00:37,  3.38it/s]
Extract:  79%|#######8  | 454/578 [01:48<00:28,  4.31it/s]
Extract:  79%|#######8  | 456/578 [01:48<00:22,  5.44it/s]
Extract:  79%|#######9  | 458/578 [01:48<00:21,  5.55it/s]
Extract:  80%|#######9  | 461/578 [01:49<00:15,  7.37it/s]
Extract:  80%|########  | 463/578 [01:49<00:19,  5.76it/s]
Extract:  80%|########  | 465/578 [01:49<00:17,  6.61it/s]
Extract:  81%|########  | 466/578 [01:50<00:19,  5.64it/s]
Extract:  81%|########  | 467/578 [01:50<00:28,  3.91it/s]
Extract:  81%|########  | 468/578 [01:51<00:43,  2.52it/s]
Extract:  81%|########1 | 469/578 [01:51<00:36,  3.00it/s]
Extract:  81%|########1 | 470/578 [01:52<00:32,  3.30it/s]
Extract:  81%|########1 | 471/578 [01:52<00:31,  3.42it/s]
Extract:  82%|########1 | 472/578 [01:52<00:32,  3.29it/s]
Extract:  82%|########1 | 473/578 [01:52<00:28,  3.73it/s]
Extract:  82%|########2 | 474/578 [01:53<00:27,  3.80it/s]
Extract:  82%|########2 | 475/578 [01:53<00:24,  4.26it/s]
Extract:  82%|########2 | 476/578 [01:53<00:38,  2.67it/s]
Extract:  83%|########2 | 477/578 [01:54<00:30,  3.32it/s]
Extract:  83%|########2 | 479/578 [01:54<00:21,  4.63it/s]
Extract:  83%|########3 | 480/578 [01:54<00:18,  5.27it/s]
Extract:  83%|########3 | 481/578 [01:54<00:21,  4.52it/s]
Extract:  84%|########3 | 483/578 [01:54<00:15,  6.15it/s]
Extract:  84%|########3 | 485/578 [01:55<00:11,  7.82it/s]
Extract:  84%|########4 | 487/578 [01:55<00:11,  7.59it/s]
Extract:  85%|########4 | 489/578 [01:56<00:19,  4.65it/s]
Extract:  85%|########4 | 490/578 [01:56<00:17,  5.04it/s]
Extract:  85%|########4 | 491/578 [01:56<00:17,  4.83it/s]
Extract:  85%|########5 | 492/578 [01:56<00:21,  3.97it/s]
Extract:  85%|########5 | 493/578 [01:57<00:20,  4.21it/s]
Extract:  85%|########5 | 494/578 [01:57<00:18,  4.54it/s]
Extract:  86%|########5 | 496/578 [01:57<00:12,  6.55it/s]
Extract:  86%|########6 | 498/578 [01:58<00:19,  4.01it/s]
Extract:  87%|########6 | 501/578 [01:58<00:12,  5.93it/s]
Extract:  87%|########7 | 503/578 [01:58<00:10,  7.43it/s]
Extract:  87%|########7 | 505/578 [01:59<00:17,  4.12it/s]
Extract:  88%|########7 | 507/578 [01:59<00:13,  5.25it/s]
Extract:  88%|########8 | 509/578 [01:59<00:11,  6.03it/s]
Extract:  88%|########8 | 511/578 [02:00<00:12,  5.54it/s]
Extract:  89%|########8 | 512/578 [02:00<00:13,  5.02it/s]
Extract:  89%|########8 | 514/578 [02:00<00:09,  6.65it/s]
Extract:  89%|########9 | 516/578 [02:01<00:16,  3.80it/s]
Extract:  89%|########9 | 517/578 [02:01<00:16,  3.72it/s]
Extract:  90%|########9 | 519/578 [02:02<00:13,  4.40it/s]
Extract:  90%|########9 | 520/578 [02:02<00:12,  4.74it/s]
Extract:  90%|######### | 522/578 [02:02<00:09,  5.84it/s]
Extract:  90%|######### | 523/578 [02:02<00:09,  5.67it/s]
Extract:  91%|######### | 524/578 [02:02<00:09,  5.86it/s]
Extract:  91%|#########1| 526/578 [02:03<00:11,  4.44it/s]
Extract:  91%|#########1| 528/578 [02:03<00:08,  5.86it/s]
Extract:  92%|#########1| 529/578 [02:04<00:11,  4.45it/s]
Extract:  92%|#########1| 530/578 [02:04<00:10,  4.55it/s]
Extract:  92%|#########1| 531/578 [02:04<00:10,  4.41it/s]
Extract:  92%|#########2| 532/578 [02:04<00:09,  4.63it/s]
Extract:  92%|#########2| 533/578 [02:04<00:09,  4.85it/s]
Extract:  92%|#########2| 534/578 [02:05<00:09,  4.47it/s]
Extract:  93%|#########2| 535/578 [02:05<00:08,  5.26it/s]
Extract:  93%|#########2| 537/578 [02:05<00:08,  4.99it/s]
Extract:  93%|#########3| 538/578 [02:06<00:09,  4.39it/s]
Extract:  93%|#########3| 540/578 [02:06<00:08,  4.42it/s]
Extract:  94%|#########3| 541/578 [02:06<00:08,  4.59it/s]
Extract:  94%|#########3| 543/578 [02:06<00:06,  5.51it/s]
Extract:  94%|#########4| 545/578 [02:07<00:04,  7.45it/s]
Extract:  95%|#########4| 547/578 [02:08<00:09,  3.40it/s]
Extract:  95%|#########4| 549/578 [02:08<00:06,  4.61it/s]
Extract:  95%|#########5| 551/578 [02:08<00:05,  5.14it/s]
Extract:  96%|#########5| 553/578 [02:09<00:05,  4.21it/s]
Extract:  96%|#########5| 554/578 [02:10<00:07,  3.07it/s]
Extract:  96%|#########6| 555/578 [02:11<00:10,  2.16it/s]
Extract:  96%|#########6| 556/578 [02:11<00:09,  2.33it/s]
Extract:  96%|#########6| 557/578 [02:11<00:08,  2.50it/s]
Extract:  97%|#########6| 559/578 [02:11<00:05,  3.80it/s]
Extract:  97%|#########6| 560/578 [02:12<00:07,  2.50it/s]
Extract:  97%|#########7| 561/578 [02:12<00:06,  2.69it/s]
Extract:  98%|#########7| 564/578 [02:13<00:04,  3.39it/s]
Extract:  98%|#########7| 565/578 [02:14<00:04,  2.92it/s]
Extract:  98%|#########7| 566/578 [02:14<00:03,  3.26it/s]
Extract:  98%|#########8| 567/578 [02:14<00:03,  3.31it/s]
Extract:  98%|#########8| 568/578 [02:15<00:04,  2.15it/s]
Extract:  98%|#########8| 569/578 [02:15<00:03,  2.70it/s]
Extract:  99%|#########8| 570/578 [02:15<00:02,  3.20it/s]
Extract:  99%|#########8| 572/578 [02:16<00:01,  4.34it/s]
Extract:  99%|#########9| 573/578 [02:16<00:01,  4.86it/s]
Extract:  99%|#########9| 575/578 [02:16<00:00,  5.56it/s]
Extract: 100%|#########9| 576/578 [02:17<00:00,  3.56it/s]
Extract: 100%|##########| 578/578 [02:17<00:00,  4.21it/s]

Extract:   0%|          | 0/578 [00:00<?, ?it/s]
Extract:   0%|          | 2/578 [00:00<00:37, 15.25it/s]
Extract:   1%|          | 4/578 [00:00<01:08,  8.36it/s]
Extract:   1%|1         | 6/578 [00:00<01:20,  7.13it/s]
Extract:   1%|1         | 7/578 [00:01<01:50,  5.16it/s]
Extract:   1%|1         | 8/578 [00:01<01:59,  4.75it/s]
Extract:   2%|1         | 9/578 [00:01<02:18,  4.11it/s]
Extract:   2%|1         | 10/578 [00:02<02:29,  3.79it/s]
Extract:   2%|1         | 11/578 [00:02<02:18,  4.10it/s]
Extract:   2%|2         | 12/578 [00:02<02:36,  3.61it/s]
Extract:   2%|2         | 13/578 [00:02<02:11,  4.29it/s]
Extract:   2%|2         | 14/578 [00:03<02:46,  3.39it/s]
Extract:   3%|2         | 15/578 [00:03<04:07,  2.28it/s]
Extract:   3%|2         | 16/578 [00:04<03:22,  2.78it/s]
Extract:   3%|3         | 19/578 [00:04<01:41,  5.49it/s]
Extract:   4%|3         | 21/578 [00:04<02:05,  4.43it/s]
Extract:   4%|3         | 22/578 [00:05<02:03,  4.49it/s]
Extract:   4%|3         | 23/578 [00:05<02:07,  4.37it/s]
Extract:   4%|4         | 24/578 [00:05<01:55,  4.81it/s]
Extract:   4%|4         | 26/578 [00:05<01:23,  6.63it/s]
Extract:   5%|4         | 27/578 [00:06<02:21,  3.89it/s]
Extract:   5%|4         | 28/578 [00:06<02:02,  4.51it/s]
Extract:   5%|5         | 29/578 [00:06<01:50,  4.96it/s]
Extract:   5%|5         | 30/578 [00:06<01:43,  5.30it/s]
Extract:   5%|5         | 31/578 [00:06<01:54,  4.79it/s]
Extract:   6%|5         | 32/578 [00:07<01:40,  5.45it/s]
Extract:   6%|5         | 34/578 [00:07<01:13,  7.39it/s]
Extract:   6%|6         | 35/578 [00:07<01:09,  7.82it/s]
Extract:   6%|6         | 36/578 [00:07<01:27,  6.18it/s]
Extract:   6%|6         | 37/578 [00:07<01:40,  5.38it/s]
Extract:   7%|6         | 38/578 [00:07<01:36,  5.58it/s]
Extract:   7%|6         | 40/578 [00:08<01:20,  6.68it/s]
Extract:   7%|7         | 41/578 [00:08<01:15,  7.09it/s]
Extract:   7%|7         | 42/578 [00:09<02:35,  3.44it/s]
Extract:   7%|7         | 43/578 [00:09<03:18,  2.70it/s]
Extract:   8%|7         | 45/578 [00:09<02:06,  4.23it/s]
Extract:   8%|7         | 46/578 [00:09<01:50,  4.79it/s]
Extract:   8%|8         | 47/578 [00:10<01:48,  4.90it/s]
Extract:   8%|8         | 49/578 [00:10<01:16,  6.88it/s]
Extract:   9%|8         | 50/578 [00:10<02:03,  4.27it/s]
Extract:   9%|8         | 51/578 [00:11<02:24,  3.66it/s]
Extract:   9%|8         | 52/578 [00:11<02:30,  3.50it/s]
Extract:   9%|9         | 54/578 [00:11<02:10,  4.00it/s]
Extract:  10%|9         | 55/578 [00:12<02:14,  3.90it/s]
Extract:  10%|9         | 56/578 [00:12<01:55,  4.52it/s]
Extract:  10%|#         | 58/578 [00:12<01:44,  5.00it/s]
Extract:  10%|#         | 59/578 [00:12<01:55,  4.49it/s]
Extract:  10%|#         | 60/578 [00:13<02:35,  3.34it/s]
Extract:  11%|#         | 61/578 [00:13<03:14,  2.65it/s]
Extract:  11%|#         | 62/578 [00:14<02:46,  3.10it/s]
Extract:  11%|#         | 63/578 [00:14<02:18,  3.73it/s]
Extract:  11%|#1        | 64/578 [00:14<02:40,  3.20it/s]
Extract:  11%|#1        | 65/578 [00:15<04:01,  2.12it/s]
Extract:  11%|#1        | 66/578 [00:15<03:22,  2.53it/s]
Extract:  12%|#1        | 67/578 [00:16<04:34,  1.86it/s]
Extract:  12%|#1        | 69/578 [00:17<03:13,  2.63it/s]
Extract:  12%|#2        | 70/578 [00:17<02:54,  2.91it/s]
Extract:  12%|#2        | 71/578 [00:17<02:28,  3.42it/s]
Extract:  12%|#2        | 72/578 [00:17<02:09,  3.92it/s]
Extract:  13%|#2        | 73/578 [00:18<03:09,  2.66it/s]
Extract:  13%|#2        | 75/578 [00:18<02:13,  3.78it/s]
Extract:  13%|#3        | 76/578 [00:18<02:11,  3.81it/s]
Extract:  13%|#3        | 77/578 [00:19<02:52,  2.91it/s]
Extract:  14%|#3        | 79/578 [00:19<01:53,  4.39it/s]
Extract:  14%|#3        | 80/578 [00:19<01:41,  4.89it/s]
Extract:  14%|#4        | 82/578 [00:19<01:21,  6.09it/s]
Extract:  14%|#4        | 83/578 [00:19<01:20,  6.14it/s]
Extract:  15%|#4        | 84/578 [00:20<02:08,  3.85it/s]
Extract:  15%|#4        | 86/578 [00:20<01:41,  4.86it/s]
Extract:  15%|#5        | 88/578 [00:20<01:17,  6.28it/s]
Extract:  15%|#5        | 89/578 [00:21<01:53,  4.30it/s]
Extract:  16%|#5        | 90/578 [00:21<01:45,  4.61it/s]
Extract:  16%|#5        | 91/578 [00:22<02:12,  3.68it/s]
Extract:  16%|#5        | 92/578 [00:22<02:27,  3.29it/s]
Extract:  16%|#6        | 93/578 [00:22<02:10,  3.73it/s]
Extract:  16%|#6        | 94/578 [00:22<02:06,  3.81it/s]
Extract:  17%|#6        | 96/578 [00:23<02:42,  2.96it/s]
Extract:  17%|#6        | 97/578 [00:23<02:31,  3.18it/s]
Extract:  17%|#6        | 98/578 [00:24<02:29,  3.22it/s]
Extract:  17%|#7        | 99/578 [00:24<02:03,  3.86it/s]
Extract:  17%|#7        | 100/578 [00:24<02:05,  3.81it/s]
Extract:  17%|#7        | 101/578 [00:24<01:47,  4.43it/s]
Extract:  18%|#7        | 104/578 [00:24<00:58,  8.05it/s]
Extract:  18%|#8        | 106/578 [00:25<01:08,  6.90it/s]
Extract:  19%|#8        | 107/578 [00:25<01:42,  4.59it/s]
Extract:  19%|#8        | 108/578 [00:25<01:38,  4.76it/s]
Extract:  19%|#9        | 110/578 [00:26<01:20,  5.83it/s]
Extract:  19%|#9        | 111/578 [00:26<01:18,  5.93it/s]
Extract:  20%|#9        | 113/578 [00:26<00:58,  7.90it/s]
Extract:  20%|#9        | 115/578 [00:26<00:54,  8.44it/s]
Extract:  20%|##        | 116/578 [00:26<01:03,  7.29it/s]
Extract:  20%|##        | 117/578 [00:27<01:26,  5.34it/s]
Extract:  21%|##        | 120/578 [00:27<01:28,  5.15it/s]
Extract:  21%|##        | 121/578 [00:28<01:46,  4.29it/s]
Extract:  21%|##1       | 123/578 [00:28<01:28,  5.15it/s]
Extract:  21%|##1       | 124/578 [00:28<01:20,  5.65it/s]
Extract:  22%|##1       | 125/578 [00:28<01:39,  4.53it/s]
Extract:  22%|##1       | 126/578 [00:29<01:39,  4.53it/s]
Extract:  22%|##2       | 128/578 [00:29<01:23,  5.41it/s]
Extract:  22%|##2       | 130/578 [00:29<01:25,  5.26it/s]
Extract:  23%|##2       | 131/578 [00:30<01:42,  4.38it/s]
Extract:  23%|##2       | 132/578 [00:30<01:32,  4.80it/s]
Extract:  23%|##3       | 133/578 [00:30<01:36,  4.60it/s]
Extract:  23%|##3       | 134/578 [00:30<01:25,  5.20it/s]
Extract:  23%|##3       | 135/578 [00:30<01:18,  5.65it/s]
Extract:  24%|##3       | 136/578 [00:31<01:20,  5.52it/s]
Extract:  24%|##3       | 137/578 [00:31<01:41,  4.35it/s]
Extract:  24%|##3       | 138/578 [00:31<02:06,  3.49it/s]
Extract:  24%|##4       | 139/578 [00:32<02:12,  3.31it/s]
Extract:  24%|##4       | 141/578 [00:32<01:23,  5.26it/s]
Extract:  25%|##4       | 144/578 [00:32<00:49,  8.76it/s]
Extract:  25%|##5       | 146/578 [00:33<01:17,  5.56it/s]
Extract:  26%|##5       | 148/578 [00:33<01:15,  5.68it/s]
Extract:  26%|##5       | 149/578 [00:34<01:52,  3.80it/s]
Extract:  26%|##5       | 150/578 [00:34<01:43,  4.13it/s]
Extract:  26%|##6       | 152/578 [00:34<01:13,  5.76it/s]
Extract:  26%|##6       | 153/578 [00:35<01:58,  3.58it/s]
Extract:  27%|##6       | 154/578 [00:35<01:42,  4.16it/s]
Extract:  27%|##6       | 155/578 [00:35<02:03,  3.43it/s]
Extract:  27%|##7       | 157/578 [00:35<01:23,  5.07it/s]
Extract:  28%|##7       | 159/578 [00:35<01:03,  6.62it/s]
Extract:  28%|##7       | 161/578 [00:36<01:06,  6.30it/s]
Extract:  28%|##8       | 163/578 [00:37<01:49,  3.80it/s]
Extract:  28%|##8       | 164/578 [00:37<01:38,  4.19it/s]
Extract:  29%|##8       | 165/578 [00:37<01:33,  4.41it/s]
Extract:  29%|##8       | 166/578 [00:37<01:30,  4.54it/s]
Extract:  29%|##8       | 167/578 [00:38<02:12,  3.10it/s]
Extract:  29%|##9       | 168/578 [00:38<01:58,  3.47it/s]
Extract:  29%|##9       | 169/578 [00:38<01:42,  3.98it/s]
Extract:  29%|##9       | 170/578 [00:38<01:36,  4.23it/s]
Extract:  30%|##9       | 172/578 [00:39<01:19,  5.09it/s]
Extract:  30%|##9       | 173/578 [00:39<01:39,  4.06it/s]
Extract:  30%|###       | 174/578 [00:39<01:29,  4.51it/s]
Extract:  30%|###       | 176/578 [00:39<01:05,  6.11it/s]
Extract:  31%|###       | 177/578 [00:40<01:46,  3.75it/s]
Extract:  31%|###       | 178/578 [00:40<01:32,  4.31it/s]
Extract:  31%|###       | 179/578 [00:40<01:18,  5.06it/s]
Extract:  31%|###1      | 180/578 [00:41<01:36,  4.15it/s]
Extract:  31%|###1      | 181/578 [00:41<01:55,  3.44it/s]
Extract:  31%|###1      | 182/578 [00:41<02:03,  3.22it/s]
Extract:  32%|###1      | 184/578 [00:42<01:38,  4.00it/s]
Extract:  32%|###2      | 185/578 [00:42<02:11,  3.00it/s]
Extract:  32%|###2      | 186/578 [00:42<01:53,  3.44it/s]
Extract:  33%|###2      | 188/578 [00:43<01:23,  4.66it/s]
Extract:  33%|###2      | 189/578 [00:43<01:55,  3.36it/s]
Extract:  33%|###3      | 191/578 [00:44<01:45,  3.66it/s]
Extract:  33%|###3      | 192/578 [00:44<01:34,  4.10it/s]
Extract:  33%|###3      | 193/578 [00:44<01:22,  4.69it/s]
Extract:  34%|###3      | 195/578 [00:44<01:00,  6.34it/s]
Extract:  34%|###4      | 197/578 [00:45<01:17,  4.94it/s]
Extract:  34%|###4      | 198/578 [00:45<01:20,  4.74it/s]
Extract:  35%|###4      | 201/578 [00:46<01:29,  4.20it/s]
Extract:  35%|###4      | 202/578 [00:46<01:30,  4.15it/s]
Extract:  35%|###5      | 203/578 [00:47<01:58,  3.17it/s]
Extract:  35%|###5      | 205/578 [00:47<01:22,  4.51it/s]
Extract:  36%|###5      | 206/578 [00:47<01:15,  4.96it/s]
Extract:  36%|###5      | 207/578 [00:47<01:25,  4.32it/s]
Extract:  36%|###6      | 209/578 [00:47<01:04,  5.73it/s]
Extract:  36%|###6      | 210/578 [00:48<01:06,  5.52it/s]
Extract:  37%|###6      | 212/578 [00:48<01:15,  4.87it/s]
Extract:  37%|###6      | 213/578 [00:48<01:12,  5.07it/s]
Extract:  37%|###7      | 215/578 [00:49<01:25,  4.26it/s]
Extract:  38%|###7      | 217/578 [00:49<01:07,  5.38it/s]
Extract:  38%|###8      | 220/578 [00:49<00:47,  7.61it/s]
Extract:  38%|###8      | 221/578 [00:49<00:45,  7.89it/s]
Extract:  39%|###8      | 223/578 [00:49<00:37,  9.35it/s]
Extract:  39%|###8      | 225/578 [00:50<00:54,  6.51it/s]
Extract:  39%|###9      | 226/578 [00:50<00:59,  5.88it/s]
Extract:  39%|###9      | 227/578 [00:50<00:59,  5.88it/s]
Extract:  40%|###9      | 229/578 [00:51<00:52,  6.63it/s]
Extract:  40%|###9      | 230/578 [00:51<01:15,  4.63it/s]
Extract:  40%|###9      | 231/578 [00:51<01:28,  3.91it/s]
Extract:  40%|####      | 232/578 [00:52<01:20,  4.28it/s]
Extract:  40%|####      | 233/578 [00:52<01:11,  4.80it/s]
Extract:  40%|####      | 234/578 [00:52<01:06,  5.20it/s]
Extract:  41%|####      | 235/578 [00:52<01:12,  4.75it/s]
Extract:  41%|####      | 236/578 [00:53<01:39,  3.42it/s]
Extract:  41%|####1     | 237/578 [00:53<01:48,  3.15it/s]
Extract:  41%|####1     | 239/578 [00:53<01:07,  5.01it/s]
Extract:  42%|####1     | 240/578 [00:53<01:00,  5.58it/s]
Extract:  42%|####1     | 242/578 [00:53<00:43,  7.79it/s]
Extract:  42%|####2     | 244/578 [00:54<00:55,  6.00it/s]
Extract:  43%|####2     | 246/578 [00:54<00:44,  7.46it/s]
Extract:  43%|####2     | 248/578 [00:54<00:56,  5.88it/s]
Extract:  43%|####3     | 249/578 [00:55<00:59,  5.50it/s]
Extract:  43%|####3     | 250/578 [00:55<00:53,  6.08it/s]
Extract:  43%|####3     | 251/578 [00:55<00:51,  6.37it/s]
Extract:  44%|####3     | 253/578 [00:55<00:42,  7.66it/s]
Extract:  44%|####4     | 255/578 [00:55<00:44,  7.29it/s]
Extract:  44%|####4     | 256/578 [00:56<01:03,  5.06it/s]
Extract:  45%|####4     | 258/578 [00:56<00:50,  6.40it/s]
Extract:  45%|####4     | 260/578 [00:56<00:42,  7.56it/s]
Extract:  45%|####5     | 261/578 [00:56<00:40,  7.91it/s]
Extract:  45%|####5     | 262/578 [00:57<00:54,  5.75it/s]
Extract:  46%|####5     | 263/578 [00:57<01:23,  3.78it/s]
Extract:  46%|####5     | 265/578 [00:57<01:09,  4.53it/s]
Extract:  46%|####6     | 266/578 [00:58<01:06,  4.70it/s]
Extract:  46%|####6     | 267/578 [00:58<01:10,  4.42it/s]
Extract:  47%|####6     | 269/578 [00:58<01:06,  4.63it/s]
Extract:  47%|####7     | 273/578 [00:59<00:49,  6.14it/s]
Extract:  47%|####7     | 274/578 [00:59<01:11,  4.25it/s]
Extract:  48%|####7     | 275/578 [01:00<01:16,  3.96it/s]
Extract:  48%|####7     | 276/578 [01:00<01:14,  4.04it/s]
Extract:  48%|####7     | 277/578 [01:00<01:12,  4.16it/s]
Extract:  48%|####8     | 279/578 [01:00<00:49,  6.01it/s]
Extract:  48%|####8     | 280/578 [01:01<01:01,  4.83it/s]
Extract:  49%|####8     | 282/578 [01:01<00:47,  6.20it/s]
Extract:  49%|####8     | 283/578 [01:01<00:58,  5.04it/s]
Extract:  49%|####9     | 284/578 [01:01<00:51,  5.67it/s]
Extract:  49%|####9     | 285/578 [01:01<00:53,  5.49it/s]
Extract:  49%|####9     | 286/578 [01:02<00:57,  5.08it/s]
Extract:  50%|####9     | 287/578 [01:02<00:55,  5.24it/s]
Extract:  50%|####9     | 288/578 [01:02<00:51,  5.59it/s]
Extract:  50%|#####     | 289/578 [01:02<00:52,  5.51it/s]
Extract:  50%|#####     | 290/578 [01:03<01:28,  3.25it/s]
Extract:  50%|#####     | 291/578 [01:03<01:11,  4.02it/s]
Extract:  51%|#####     | 293/578 [01:03<00:45,  6.27it/s]
Extract:  51%|#####     | 294/578 [01:03<00:53,  5.33it/s]
Extract:  51%|#####1    | 295/578 [01:04<01:12,  3.88it/s]
Extract:  51%|#####1    | 296/578 [01:04<01:02,  4.54it/s]
Extract:  51%|#####1    | 297/578 [01:04<01:12,  3.90it/s]
Extract:  52%|#####1    | 299/578 [01:04<00:48,  5.81it/s]
Extract:  52%|#####2    | 301/578 [01:05<00:46,  5.97it/s]
Extract:  53%|#####2    | 304/578 [01:05<00:49,  5.51it/s]
Extract:  53%|#####2    | 305/578 [01:05<00:47,  5.81it/s]
Extract:  53%|#####3    | 307/578 [01:06<00:48,  5.61it/s]
Extract:  53%|#####3    | 308/578 [01:06<00:51,  5.26it/s]
Extract:  53%|#####3    | 309/578 [01:06<01:01,  4.41it/s]
Extract:  54%|#####3    | 310/578 [01:07<00:57,  4.64it/s]
Extract:  54%|#####3    | 311/578 [01:07<01:17,  3.46it/s]
Extract:  54%|#####3    | 312/578 [01:08<01:29,  2.98it/s]
Extract:  54%|#####4    | 313/578 [01:08<01:13,  3.60it/s]
Extract:  54%|#####4    | 314/578 [01:08<01:14,  3.52it/s]
Extract:  55%|#####4    | 316/578 [01:08<00:57,  4.58it/s]
Extract:  55%|#####5    | 318/578 [01:09<00:55,  4.68it/s]
Extract:  55%|#####5    | 319/578 [01:09<00:54,  4.76it/s]
Extract:  55%|#####5    | 320/578 [01:09<01:00,  4.30it/s]
Extract:  56%|#####5    | 322/578 [01:09<00:53,  4.83it/s]
Extract:  56%|#####5    | 323/578 [01:10<00:48,  5.31it/s]
Extract:  56%|#####6    | 325/578 [01:10<00:39,  6.46it/s]
Extract:  56%|#####6    | 326/578 [01:10<00:43,  5.85it/s]
Extract:  57%|#####6    | 328/578 [01:10<00:38,  6.46it/s]
Extract:  57%|#####7    | 330/578 [01:10<00:32,  7.55it/s]
Extract:  57%|#####7    | 331/578 [01:11<00:33,  7.36it/s]
Extract:  57%|#####7    | 332/578 [01:11<00:39,  6.31it/s]
Extract:  58%|#####7    | 334/578 [01:11<00:28,  8.50it/s]
Extract:  58%|#####8    | 336/578 [01:11<00:24,  9.96it/s]
Extract:  58%|#####8    | 338/578 [01:11<00:21, 11.15it/s]
Extract:  59%|#####8    | 340/578 [01:11<00:24,  9.77it/s]
Extract:  59%|#####9    | 342/578 [01:12<00:26,  8.98it/s]
Extract:  60%|#####9    | 344/578 [01:12<00:31,  7.37it/s]
Extract:  60%|#####9    | 345/578 [01:12<00:30,  7.69it/s]
Extract:  60%|######    | 347/578 [01:12<00:25,  8.98it/s]
Extract:  60%|######    | 349/578 [01:13<00:46,  4.97it/s]
Extract:  61%|######    | 350/578 [01:13<00:42,  5.31it/s]
Extract:  61%|######    | 351/578 [01:14<00:54,  4.18it/s]
Extract:  61%|######1   | 353/578 [01:14<00:44,  5.10it/s]
Extract:  61%|######1   | 355/578 [01:14<00:32,  6.77it/s]
Extract:  62%|######1   | 356/578 [01:14<00:41,  5.34it/s]
Extract:  62%|######1   | 357/578 [01:15<00:47,  4.63it/s]
Extract:  62%|######2   | 359/578 [01:15<00:38,  5.66it/s]
Extract:  62%|######2   | 360/578 [01:15<00:38,  5.66it/s]
Extract:  63%|######2   | 362/578 [01:16<00:41,  5.15it/s]
Extract:  63%|######2   | 363/578 [01:16<00:43,  4.96it/s]
Extract:  63%|######3   | 365/578 [01:16<00:37,  5.71it/s]
Extract:  63%|######3   | 366/578 [01:16<00:35,  5.89it/s]
Extract:  63%|######3   | 367/578 [01:17<00:45,  4.64it/s]
Extract:  64%|######3   | 368/578 [01:17<00:43,  4.88it/s]
Extract:  64%|######3   | 369/578 [01:17<00:56,  3.72it/s]
Extract:  64%|######4   | 371/578 [01:17<00:36,  5.63it/s]
Extract:  65%|######4   | 373/578 [01:18<00:35,  5.76it/s]
Extract:  65%|######4   | 374/578 [01:18<00:32,  6.23it/s]
Extract:  65%|######5   | 376/578 [01:18<00:30,  6.73it/s]
Extract:  65%|######5   | 377/578 [01:18<00:34,  5.81it/s]
Extract:  65%|######5   | 378/578 [01:18<00:31,  6.34it/s]
Extract:  66%|######5   | 379/578 [01:19<00:29,  6.77it/s]
Extract:  66%|######5   | 380/578 [01:19<00:34,  5.74it/s]
Extract:  66%|######5   | 381/578 [01:19<00:32,  6.12it/s]
Extract:  66%|######6   | 382/578 [01:19<00:49,  3.93it/s]
Extract:  66%|######6   | 383/578 [01:20<00:41,  4.65it/s]
Extract:  66%|######6   | 384/578 [01:20<00:44,  4.33it/s]
Extract:  67%|######6   | 386/578 [01:20<00:30,  6.24it/s]
Extract:  67%|######6   | 387/578 [01:20<00:30,  6.23it/s]
Extract:  67%|######7   | 390/578 [01:20<00:19,  9.51it/s]
Extract:  68%|######7   | 392/578 [01:21<00:21,  8.82it/s]
Extract:  68%|######7   | 393/578 [01:21<00:23,  7.93it/s]
Extract:  68%|######8   | 394/578 [01:21<00:24,  7.45it/s]
Extract:  68%|######8   | 395/578 [01:21<00:27,  6.72it/s]
Extract:  69%|######8   | 397/578 [01:21<00:25,  7.23it/s]
Extract:  69%|######9   | 399/578 [01:22<00:22,  8.05it/s]
Extract:  69%|######9   | 401/578 [01:22<00:18,  9.53it/s]
Extract:  70%|######9   | 403/578 [01:22<00:16, 10.70it/s]
Extract:  70%|#######   | 405/578 [01:22<00:15, 11.34it/s]
Extract:  70%|#######   | 407/578 [01:22<00:21,  8.06it/s]
Extract:  71%|#######   | 408/578 [01:23<00:29,  5.74it/s]
Extract:  71%|#######   | 410/578 [01:23<00:24,  6.90it/s]
Extract:  71%|#######1  | 412/578 [01:23<00:23,  6.99it/s]
Extract:  71%|#######1  | 413/578 [01:23<00:26,  6.18it/s]
Extract:  72%|#######1  | 415/578 [01:24<00:20,  7.92it/s]
Extract:  72%|#######1  | 416/578 [01:24<00:21,  7.39it/s]
Extract:  72%|#######2  | 417/578 [01:24<00:21,  7.52it/s]
Extract:  72%|#######2  | 418/578 [01:24<00:25,  6.21it/s]
Extract:  72%|#######2  | 419/578 [01:24<00:28,  5.52it/s]
Extract:  73%|#######2  | 421/578 [01:25<00:32,  4.76it/s]
Extract:  73%|#######3  | 424/578 [01:25<00:22,  6.97it/s]
Extract:  74%|#######3  | 425/578 [01:25<00:30,  4.99it/s]
Extract:  74%|#######3  | 426/578 [01:26<00:28,  5.37it/s]
Extract:  74%|#######3  | 427/578 [01:26<00:35,  4.23it/s]
Extract:  74%|#######4  | 428/578 [01:27<00:49,  3.05it/s]
Extract:  74%|#######4  | 429/578 [01:27<00:50,  2.96it/s]
Extract:  75%|#######4  | 431/578 [01:27<00:33,  4.43it/s]
Extract:  75%|#######4  | 432/578 [01:27<00:31,  4.63it/s]
Extract:  75%|#######5  | 434/578 [01:28<00:32,  4.47it/s]
Extract:  75%|#######5  | 435/578 [01:28<00:29,  4.91it/s]
Extract:  76%|#######5  | 437/578 [01:28<00:22,  6.27it/s]
Extract:  76%|#######5  | 438/578 [01:28<00:21,  6.57it/s]
Extract:  76%|#######5  | 439/578 [01:29<00:24,  5.58it/s]
Extract:  76%|#######6  | 441/578 [01:29<00:27,  5.05it/s]
Extract:  76%|#######6  | 442/578 [01:29<00:24,  5.59it/s]
Extract:  77%|#######6  | 444/578 [01:29<00:21,  6.38it/s]
Extract:  77%|#######6  | 445/578 [01:30<00:36,  3.62it/s]
Extract:  77%|#######7  | 447/578 [01:30<00:30,  4.32it/s]
Extract:  78%|#######7  | 449/578 [01:30<00:22,  5.77it/s]
Extract:  78%|#######7  | 450/578 [01:31<00:29,  4.31it/s]
Extract:  78%|#######8  | 451/578 [01:31<00:37,  3.41it/s]
Extract:  78%|#######8  | 452/578 [01:32<00:32,  3.92it/s]
Extract:  79%|#######8  | 454/578 [01:32<00:23,  5.28it/s]
Extract:  79%|#######8  | 456/578 [01:32<00:18,  6.61it/s]
Extract:  79%|#######9  | 458/578 [01:32<00:18,  6.51it/s]
Extract:  80%|#######9  | 461/578 [01:33<00:14,  7.98it/s]
Extract:  80%|########  | 463/578 [01:33<00:15,  7.30it/s]
Extract:  80%|########  | 465/578 [01:33<00:12,  8.82it/s]
Extract:  81%|########  | 467/578 [01:33<00:16,  6.68it/s]
Extract:  81%|########  | 468/578 [01:34<00:24,  4.57it/s]
Extract:  81%|########1 | 470/578 [01:34<00:19,  5.50it/s]
Extract:  81%|########1 | 471/578 [01:34<00:20,  5.10it/s]
Extract:  82%|########1 | 472/578 [01:35<00:21,  4.94it/s]
Extract:  82%|########1 | 473/578 [01:35<00:19,  5.25it/s]
Extract:  82%|########2 | 474/578 [01:35<00:21,  4.88it/s]
Extract:  82%|########2 | 475/578 [01:35<00:19,  5.16it/s]
Extract:  82%|########2 | 476/578 [01:36<00:25,  3.98it/s]
Extract:  83%|########2 | 478/578 [01:36<00:17,  5.60it/s]
Extract:  83%|########2 | 479/578 [01:36<00:16,  6.03it/s]
Extract:  83%|########3 | 481/578 [01:36<00:13,  7.34it/s]
Extract:  84%|########3 | 483/578 [01:36<00:10,  9.20it/s]
Extract:  84%|########3 | 485/578 [01:36<00:08, 10.91it/s]
Extract:  84%|########4 | 487/578 [01:37<00:08, 10.81it/s]
Extract:  85%|########4 | 489/578 [01:37<00:14,  6.14it/s]
Extract:  85%|########4 | 490/578 [01:37<00:13,  6.54it/s]
Extract:  85%|########4 | 491/578 [01:38<00:14,  6.04it/s]
Extract:  85%|########5 | 492/578 [01:38<00:15,  5.56it/s]
Extract:  85%|########5 | 493/578 [01:38<00:14,  5.89it/s]
Extract:  85%|########5 | 494/578 [01:38<00:13,  6.09it/s]
Extract:  86%|########5 | 496/578 [01:38<00:09,  8.59it/s]
Extract:  86%|########6 | 498/578 [01:39<00:13,  6.01it/s]
Extract:  87%|########6 | 501/578 [01:39<00:08,  8.67it/s]
Extract:  87%|########7 | 504/578 [01:39<00:08,  9.01it/s]
Extract:  88%|########7 | 506/578 [01:40<00:10,  6.85it/s]
Extract:  88%|########7 | 507/578 [01:40<00:10,  7.08it/s]
Extract:  88%|########7 | 508/578 [01:40<00:10,  6.68it/s]
Extract:  88%|########8 | 510/578 [01:40<00:09,  7.30it/s]
Extract:  89%|########8 | 512/578 [01:40<00:09,  6.80it/s]
Extract:  89%|########8 | 513/578 [01:41<00:10,  6.08it/s]
Extract:  89%|########9 | 515/578 [01:41<00:09,  6.33it/s]
Extract:  89%|########9 | 516/578 [01:41<00:12,  4.88it/s]
Extract:  89%|########9 | 517/578 [01:42<00:12,  4.92it/s]
Extract:  90%|########9 | 519/578 [01:42<00:10,  5.81it/s]
Extract:  90%|########9 | 520/578 [01:42<00:09,  6.03it/s]
Extract:  90%|######### | 522/578 [01:42<00:07,  7.95it/s]
Extract:  90%|######### | 523/578 [01:42<00:07,  7.33it/s]
Extract:  91%|######### | 525/578 [01:42<00:06,  8.82it/s]
Extract:  91%|#########1| 526/578 [01:43<00:09,  5.50it/s]
Extract:  91%|#########1| 528/578 [01:43<00:06,  7.34it/s]
Extract:  92%|#########1| 530/578 [01:43<00:06,  7.99it/s]
Extract:  92%|#########1| 531/578 [01:43<00:05,  8.23it/s]
Extract:  92%|#########2| 532/578 [01:43<00:05,  8.42it/s]
Extract:  92%|#########2| 534/578 [01:44<00:05,  8.48it/s]
Extract:  93%|#########2| 537/578 [01:44<00:04,  9.57it/s]
Extract:  93%|#########3| 538/578 [01:44<00:05,  7.75it/s]
Extract:  93%|#########3| 540/578 [01:45<00:05,  6.42it/s]
Extract:  94%|#########3| 541/578 [01:45<00:07,  5.22it/s]
Extract:  94%|#########3| 543/578 [01:45<00:06,  5.71it/s]
Extract:  94%|#########4| 546/578 [01:46<00:05,  5.58it/s]
Extract:  95%|#########4| 547/578 [01:46<00:07,  4.12it/s]
Extract:  95%|#########5| 550/578 [01:46<00:04,  6.19it/s]
Extract:  96%|#########5| 553/578 [01:47<00:04,  5.92it/s]
Extract:  96%|#########5| 554/578 [01:47<00:05,  4.54it/s]
Extract:  96%|#########6| 555/578 [01:48<00:06,  3.46it/s]
Extract:  96%|#########6| 556/578 [01:48<00:06,  3.66it/s]
Extract:  96%|#########6| 557/578 [01:49<00:05,  3.83it/s]
Extract:  97%|#########6| 559/578 [01:49<00:03,  5.51it/s]
Extract:  97%|#########6| 560/578 [01:49<00:04,  4.00it/s]
Extract:  97%|#########7| 561/578 [01:49<00:04,  4.03it/s]
Extract:  98%|#########7| 564/578 [01:50<00:03,  4.64it/s]
Extract:  98%|#########7| 565/578 [01:50<00:03,  4.04it/s]
Extract:  98%|#########8| 567/578 [01:51<00:02,  4.82it/s]
Extract:  98%|#########8| 568/578 [01:51<00:03,  3.21it/s]
Extract:  99%|#########8| 570/578 [01:51<00:01,  4.33it/s]
Extract:  99%|#########8| 572/578 [01:52<00:01,  5.39it/s]
Extract:  99%|#########9| 573/578 [01:52<00:00,  5.67it/s]
Extract:  99%|#########9| 574/578 [01:52<00:00,  6.07it/s]
Extract:  99%|#########9| 575/578 [01:52<00:00,  6.15it/s]
Extract: 100%|#########9| 576/578 [01:53<00:00,  4.32it/s]
Extract: 100%|##########| 578/578 [01:53<00:00,  5.11it/s]

Extract:   0%|          | 0/578 [00:00<?, ?it/s]
Extract:   0%|          | 1/578 [00:00<01:16,  7.54it/s]
Extract:   0%|          | 2/578 [00:00<01:15,  7.60it/s]
Extract:   1%|          | 3/578 [00:00<01:28,  6.49it/s]
Extract:   1%|          | 4/578 [00:00<02:01,  4.72it/s]
Extract:   1%|          | 5/578 [00:00<01:57,  4.86it/s]
Extract:   1%|1         | 6/578 [00:01<01:45,  5.45it/s]
Extract:   1%|1         | 7/578 [00:01<02:07,  4.49it/s]
Extract:   1%|1         | 8/578 [00:01<02:32,  3.73it/s]
Extract:   2%|1         | 9/578 [00:02<02:46,  3.42it/s]
Extract:   2%|1         | 10/578 [00:02<02:53,  3.28it/s]
Extract:   2%|1         | 11/578 [00:02<02:34,  3.67it/s]
Extract:   2%|2         | 12/578 [00:03<03:11,  2.96it/s]
Extract:   2%|2         | 13/578 [00:03<02:57,  3.19it/s]
Extract:   2%|2         | 14/578 [00:03<03:30,  2.68it/s]
Extract:   3%|2         | 15/578 [00:04<04:00,  2.34it/s]
Extract:   3%|2         | 16/578 [00:04<03:11,  2.93it/s]
Extract:   3%|3         | 19/578 [00:04<01:37,  5.73it/s]
Extract:   4%|3         | 21/578 [00:05<02:01,  4.57it/s]
Extract:   4%|3         | 22/578 [00:05<01:55,  4.82it/s]
Extract:   4%|3         | 23/578 [00:05<02:04,  4.44it/s]
Extract:   4%|4         | 24/578 [00:05<01:54,  4.83it/s]
Extract:   4%|4         | 26/578 [00:06<01:28,  6.23it/s]
Extract:   5%|4         | 27/578 [00:06<02:20,  3.93it/s]
Extract:   5%|5         | 29/578 [00:06<01:48,  5.05it/s]
Extract:   5%|5         | 30/578 [00:07<01:56,  4.71it/s]
Extract:   5%|5         | 31/578 [00:07<01:58,  4.64it/s]
Extract:   6%|5         | 33/578 [00:07<01:21,  6.71it/s]
Extract:   6%|6         | 35/578 [00:07<01:07,  7.99it/s]
Extract:   6%|6         | 37/578 [00:07<01:10,  7.62it/s]
Extract:   7%|6         | 38/578 [00:08<01:11,  7.55it/s]
Extract:   7%|6         | 40/578 [00:08<01:03,  8.43it/s]
Extract:   7%|7         | 41/578 [00:08<01:04,  8.36it/s]
Extract:   7%|7         | 42/578 [00:08<01:57,  4.55it/s]
Extract:   7%|7         | 43/578 [00:09<02:46,  3.22it/s]
Extract:   8%|7         | 46/578 [00:09<01:37,  5.43it/s]
Extract:   8%|8         | 47/578 [00:09<01:42,  5.18it/s]
Extract:   8%|8         | 49/578 [00:10<01:18,  6.74it/s]
Extract:   9%|8         | 50/578 [00:10<01:46,  4.96it/s]
Extract:   9%|8         | 51/578 [00:10<02:11,  4.00it/s]
Extract:   9%|8         | 52/578 [00:11<02:54,  3.01it/s]
Extract:   9%|9         | 54/578 [00:12<02:57,  2.95it/s]
Extract:  10%|9         | 55/578 [00:12<02:56,  2.97it/s]
Extract:  10%|9         | 56/578 [00:12<02:30,  3.46it/s]
Extract:  10%|#         | 58/578 [00:13<02:04,  4.18it/s]
Extract:  10%|#         | 59/578 [00:13<02:11,  3.95it/s]
Extract:  10%|#         | 60/578 [00:13<02:25,  3.55it/s]
Extract:  11%|#         | 61/578 [00:14<02:40,  3.23it/s]
Extract:  11%|#         | 62/578 [00:14<02:26,  3.53it/s]
Extract:  11%|#1        | 64/578 [00:14<01:59,  4.31it/s]
Extract:  11%|#1        | 65/578 [00:14<02:13,  3.84it/s]
Extract:  12%|#1        | 67/578 [00:15<02:27,  3.46it/s]
Extract:  12%|#1        | 69/578 [00:15<01:57,  4.34it/s]
Extract:  12%|#2        | 71/578 [00:16<01:33,  5.43it/s]
Extract:  12%|#2        | 72/578 [00:16<01:27,  5.78it/s]
Extract:  13%|#2        | 73/578 [00:16<02:15,  3.74it/s]
Extract:  13%|#2        | 74/578 [00:16<01:57,  4.30it/s]
Extract:  13%|#2        | 75/578 [00:17<02:03,  4.07it/s]
Extract:  13%|#3        | 76/578 [00:17<02:04,  4.03it/s]
Extract:  13%|#3        | 77/578 [00:17<02:37,  3.19it/s]
Extract:  14%|#3        | 79/578 [00:18<01:38,  5.04it/s]
Extract:  14%|#3        | 80/578 [00:18<01:28,  5.61it/s]
Extract:  14%|#4        | 81/578 [00:18<01:20,  6.16it/s]
Extract:  14%|#4        | 82/578 [00:18<01:15,  6.59it/s]
Extract:  14%|#4        | 83/578 [00:18<01:17,  6.41it/s]
Extract:  15%|#4        | 84/578 [00:19<01:56,  4.26it/s]
Extract:  15%|#4        | 86/578 [00:19<01:28,  5.55it/s]
Extract:  15%|#5        | 88/578 [00:19<01:07,  7.21it/s]
Extract:  15%|#5        | 89/578 [00:20<02:13,  3.68it/s]
Extract:  16%|#5        | 90/578 [00:20<02:02,  4.00it/s]
Extract:  16%|#5        | 91/578 [00:20<02:31,  3.21it/s]
Extract:  16%|#5        | 92/578 [00:21<02:56,  2.75it/s]
Extract:  16%|#6        | 94/578 [00:21<02:09,  3.74it/s]
Extract:  17%|#6        | 96/578 [00:22<02:08,  3.75it/s]
Extract:  17%|#6        | 97/578 [00:22<01:57,  4.09it/s]
Extract:  17%|#6        | 98/578 [00:22<01:59,  4.00it/s]
Extract:  17%|#7        | 99/578 [00:22<02:04,  3.86it/s]
Extract:  17%|#7        | 100/578 [00:23<02:00,  3.97it/s]
Extract:  18%|#7        | 102/578 [00:23<01:20,  5.93it/s]
Extract:  18%|#7        | 104/578 [00:23<00:59,  8.01it/s]
Extract:  18%|#8        | 106/578 [00:23<01:01,  7.64it/s]
Extract:  19%|#8        | 108/578 [00:24<01:39,  4.75it/s]
Extract:  19%|#9        | 110/578 [00:24<01:25,  5.45it/s]
Extract:  19%|#9        | 111/578 [00:24<01:19,  5.86it/s]
Extract:  20%|#9        | 113/578 [00:24<01:01,  7.55it/s]
Extract:  20%|#9        | 115/578 [00:24<00:54,  8.52it/s]
Extract:  20%|##        | 117/578 [00:25<01:25,  5.38it/s]
Extract:  21%|##        | 120/578 [00:26<01:24,  5.44it/s]
Extract:  21%|##        | 121/578 [00:26<01:48,  4.23it/s]
Extract:  21%|##1       | 123/578 [00:26<01:25,  5.34it/s]
Extract:  22%|##1       | 125/578 [00:27<01:33,  4.84it/s]
Extract:  22%|##1       | 126/578 [00:27<01:35,  4.72it/s]
Extract:  22%|##2       | 128/578 [00:27<01:24,  5.35it/s]
Extract:  22%|##2       | 130/578 [00:28<01:47,  4.17it/s]
Extract:  23%|##2       | 131/578 [00:29<02:07,  3.50it/s]
Extract:  23%|##2       | 132/578 [00:29<01:54,  3.91it/s]
Extract:  23%|##3       | 133/578 [00:29<01:54,  3.87it/s]
Extract:  23%|##3       | 134/578 [00:29<01:38,  4.52it/s]
Extract:  23%|##3       | 135/578 [00:29<01:27,  5.06it/s]
Extract:  24%|##3       | 136/578 [00:29<01:19,  5.58it/s]
Extract:  24%|##3       | 137/578 [00:30<01:44,  4.24it/s]
Extract:  24%|##3       | 138/578 [00:30<02:00,  3.65it/s]
Extract:  24%|##4       | 139/578 [00:30<01:59,  3.67it/s]
Extract:  25%|##4       | 142/578 [00:30<01:02,  6.93it/s]
Extract:  25%|##5       | 146/578 [00:31<01:09,  6.24it/s]
Extract:  25%|##5       | 147/578 [00:31<01:06,  6.44it/s]
Extract:  26%|##5       | 148/578 [00:31<01:07,  6.41it/s]
Extract:  26%|##5       | 149/578 [00:32<01:31,  4.67it/s]
Extract:  26%|##5       | 150/578 [00:32<01:21,  5.25it/s]
Extract:  26%|##6       | 153/578 [00:33<01:24,  5.05it/s]
Extract:  27%|##6       | 155/578 [00:33<01:40,  4.21it/s]
Extract:  27%|##7       | 157/578 [00:33<01:17,  5.43it/s]
Extract:  28%|##7       | 159/578 [00:34<01:03,  6.55it/s]
Extract:  28%|##7       | 160/578 [00:34<01:14,  5.62it/s]
Extract:  28%|##8       | 162/578 [00:34<00:57,  7.20it/s]
Extract:  28%|##8       | 164/578 [00:35<01:30,  4.57it/s]
Extract:  29%|##8       | 165/578 [00:35<01:25,  4.81it/s]
Extract:  29%|##8       | 166/578 [00:35<01:19,  5.16it/s]
Extract:  29%|##8       | 167/578 [00:36<01:49,  3.75it/s]
Extract:  29%|##9       | 168/578 [00:36<01:36,  4.24it/s]
Extract:  29%|##9       | 169/578 [00:36<01:23,  4.91it/s]
Extract:  29%|##9       | 170/578 [00:36<01:18,  5.22it/s]
Extract:  30%|##9       | 172/578 [00:36<01:12,  5.60it/s]
Extract:  30%|##9       | 173/578 [00:37<01:47,  3.76it/s]
Extract:  30%|###       | 174/578 [00:37<01:37,  4.14it/s]
Extract:  30%|###       | 176/578 [00:37<01:10,  5.74it/s]
Extract:  31%|###       | 177/578 [00:38<01:42,  3.91it/s]
Extract:  31%|###       | 178/578 [00:38<01:32,  4.31it/s]
Extract:  31%|###       | 179/578 [00:38<01:21,  4.90it/s]
Extract:  31%|###1      | 180/578 [00:39<02:16,  2.92it/s]
Extract:  31%|###1      | 181/578 [00:39<02:20,  2.83it/s]
Extract:  31%|###1      | 182/578 [00:39<02:04,  3.19it/s]
Extract:  32%|###1      | 184/578 [00:40<01:31,  4.30it/s]
Extract:  32%|###2      | 185/578 [00:40<02:06,  3.10it/s]
Extract:  32%|###2      | 186/578 [00:40<01:50,  3.55it/s]
Extract:  33%|###2      | 188/578 [00:41<01:20,  4.86it/s]
Extract:  33%|###2      | 189/578 [00:41<01:42,  3.78it/s]
Extract:  33%|###3      | 191/578 [00:42<01:42,  3.79it/s]
Extract:  33%|###3      | 192/578 [00:42<01:30,  4.26it/s]
Extract:  34%|###3      | 194/578 [00:42<01:06,  5.81it/s]
Extract:  34%|###4      | 197/578 [00:43<01:29,  4.24it/s]
Extract:  34%|###4      | 198/578 [00:43<01:27,  4.36it/s]
Extract:  35%|###4      | 201/578 [00:43<01:18,  4.83it/s]
Extract:  35%|###4      | 202/578 [00:44<01:19,  4.75it/s]
Extract:  35%|###5      | 203/578 [00:45<02:07,  2.93it/s]
Extract:  35%|###5      | 205/578 [00:45<01:30,  4.13it/s]
Extract:  36%|###5      | 206/578 [00:45<01:23,  4.48it/s]
Extract:  36%|###5      | 207/578 [00:45<01:26,  4.27it/s]
Extract:  36%|###6      | 209/578 [00:45<01:02,  5.95it/s]
Extract:  36%|###6      | 210/578 [00:45<01:00,  6.03it/s]
Extract:  37%|###6      | 212/578 [00:46<01:12,  5.07it/s]
Extract:  37%|###6      | 213/578 [00:46<01:08,  5.30it/s]
Extract:  37%|###7      | 215/578 [00:46<01:10,  5.17it/s]
Extract:  38%|###7      | 217/578 [00:47<01:13,  4.89it/s]
Extract:  38%|###8      | 220/578 [00:47<00:50,  7.07it/s]
Extract:  38%|###8      | 222/578 [00:47<00:41,  8.64it/s]
Extract:  39%|###8      | 224/578 [00:47<00:38,  9.19it/s]
Extract:  39%|###9      | 226/578 [00:48<01:01,  5.74it/s]
Extract:  39%|###9      | 227/578 [00:48<00:57,  6.09it/s]
Extract:  40%|###9      | 229/578 [00:48<00:51,  6.77it/s]
Extract:  40%|###9      | 230/578 [00:49<01:05,  5.32it/s]
Extract:  40%|###9      | 231/578 [00:49<01:18,  4.43it/s]
Extract:  40%|####      | 232/578 [00:49<01:14,  4.66it/s]
Extract:  40%|####      | 233/578 [00:49<01:10,  4.90it/s]
Extract:  40%|####      | 234/578 [00:50<01:31,  3.76it/s]
Extract:  41%|####      | 235/578 [00:50<01:24,  4.06it/s]
Extract:  41%|####      | 236/578 [00:51<01:49,  3.12it/s]
Extract:  41%|####1     | 237/578 [00:51<02:02,  2.79it/s]
Extract:  41%|####1     | 239/578 [00:51<01:20,  4.22it/s]
Extract:  42%|####1     | 240/578 [00:51<01:16,  4.41it/s]
Extract:  42%|####1     | 242/578 [00:52<00:52,  6.41it/s]
Extract:  42%|####2     | 244/578 [00:52<01:20,  4.14it/s]
Extract:  42%|####2     | 245/578 [00:52<01:12,  4.58it/s]
Extract:  43%|####2     | 247/578 [00:53<01:02,  5.27it/s]
Extract:  43%|####2     | 248/578 [00:53<01:06,  4.99it/s]
Extract:  43%|####3     | 249/578 [00:53<01:03,  5.22it/s]
Extract:  43%|####3     | 250/578 [00:53<00:57,  5.66it/s]
Extract:  43%|####3     | 251/578 [00:53<00:54,  5.97it/s]
Extract:  44%|####3     | 253/578 [00:54<00:43,  7.42it/s]
Extract:  44%|####4     | 255/578 [00:54<00:46,  6.88it/s]
Extract:  44%|####4     | 256/578 [00:54<01:05,  4.94it/s]
Extract:  44%|####4     | 257/578 [00:54<00:57,  5.55it/s]
Extract:  45%|####4     | 259/578 [00:55<00:45,  7.04it/s]
Extract:  45%|####5     | 261/578 [00:55<00:37,  8.41it/s]
Extract:  45%|####5     | 262/578 [00:55<00:56,  5.62it/s]
Extract:  46%|####5     | 263/578 [00:56<01:24,  3.73it/s]
Extract:  46%|####5     | 264/578 [00:56<01:11,  4.37it/s]
Extract:  46%|####5     | 265/578 [00:56<01:37,  3.22it/s]
Extract:  46%|####6     | 266/578 [00:57<01:26,  3.62it/s]
Extract:  46%|####6     | 267/578 [00:57<01:36,  3.21it/s]
Extract:  47%|####6     | 269/578 [00:58<01:28,  3.49it/s]
Extract:  47%|####6     | 271/578 [00:58<01:00,  5.05it/s]
Extract:  47%|####7     | 273/578 [00:58<01:16,  3.99it/s]
Extract:  47%|####7     | 274/578 [00:59<01:48,  2.81it/s]
Extract:  48%|####7     | 275/578 [01:00<01:56,  2.60it/s]
Extract:  48%|####7     | 276/578 [01:00<01:40,  3.00it/s]
Extract:  48%|####7     | 277/578 [01:00<01:33,  3.22it/s]
Extract:  48%|####8     | 279/578 [01:00<01:05,  4.59it/s]
Extract:  48%|####8     | 280/578 [01:01<01:30,  3.29it/s]
Extract:  49%|####8     | 282/578 [01:01<01:05,  4.50it/s]
Extract:  49%|####8     | 283/578 [01:01<01:11,  4.14it/s]
Extract:  49%|####9     | 285/578 [01:02<01:01,  4.79it/s]
Extract:  49%|####9     | 286/578 [01:02<01:02,  4.65it/s]
Extract:  50%|####9     | 287/578 [01:02<00:57,  5.09it/s]
Extract:  50%|####9     | 288/578 [01:02<00:53,  5.43it/s]
Extract:  50%|#####     | 289/578 [01:02<00:57,  5.02it/s]
Extract:  50%|#####     | 290/578 [01:03<01:51,  2.59it/s]
Extract:  50%|#####     | 291/578 [01:03<01:28,  3.23it/s]
Extract:  51%|#####     | 294/578 [01:04<00:50,  5.62it/s]
Extract:  51%|#####1    | 295/578 [01:04<01:09,  4.09it/s]
Extract:  51%|#####1    | 296/578 [01:04<01:01,  4.59it/s]
Extract:  51%|#####1    | 297/578 [01:05<01:15,  3.70it/s]
Extract:  52%|#####1    | 299/578 [01:05<00:52,  5.36it/s]
Extract:  52%|#####2    | 301/578 [01:05<00:54,  5.12it/s]
Extract:  52%|#####2    | 303/578 [01:05<00:42,  6.49it/s]
Extract:  53%|#####2    | 304/578 [01:06<01:07,  4.05it/s]
Extract:  53%|#####2    | 305/578 [01:06<01:07,  4.03it/s]
Extract:  53%|#####3    | 307/578 [01:07<01:06,  4.07it/s]
Extract:  53%|#####3    | 308/578 [01:07<01:07,  4.00it/s]
Extract:  53%|#####3    | 309/578 [01:07<01:20,  3.32it/s]
Extract:  54%|#####3    | 310/578 [01:08<01:17,  3.44it/s]
Extract:  54%|#####3    | 311/578 [01:08<01:55,  2.31it/s]
Extract:  54%|#####3    | 312/578 [01:09<02:03,  2.15it/s]
Extract:  54%|#####4    | 313/578 [01:09<01:38,  2.69it/s]
Extract:  54%|#####4    | 314/578 [01:09<01:33,  2.84it/s]
Extract:  55%|#####4    | 316/578 [01:10<01:12,  3.62it/s]
Extract:  55%|#####5    | 318/578 [01:10<01:09,  3.77it/s]
Extract:  55%|#####5    | 319/578 [01:11<01:06,  3.88it/s]
Extract:  55%|#####5    | 320/578 [01:11<01:17,  3.32it/s]
Extract:  56%|#####5    | 321/578 [01:11<01:04,  3.97it/s]
Extract:  56%|#####5    | 322/578 [01:11<01:05,  3.88it/s]
Extract:  56%|#####5    | 323/578 [01:12<01:05,  3.92it/s]
Extract:  56%|#####6    | 325/578 [01:12<00:50,  4.99it/s]
Extract:  56%|#####6    | 326/578 [01:12<00:54,  4.63it/s]
Extract:  57%|#####6    | 327/578 [01:12<00:46,  5.34it/s]
Extract:  57%|#####6    | 328/578 [01:12<00:45,  5.54it/s]
Extract:  57%|#####7    | 330/578 [01:13<00:35,  7.03it/s]
Extract:  57%|#####7    | 331/578 [01:13<00:36,  6.74it/s]
Extract:  57%|#####7    | 332/578 [01:13<00:46,  5.29it/s]
Extract:  58%|#####7    | 334/578 [01:14<00:47,  5.09it/s]
Extract:  58%|#####7    | 335/578 [01:14<00:42,  5.69it/s]
Extract:  58%|#####8    | 337/578 [01:14<00:32,  7.46it/s]
Extract:  59%|#####8    | 339/578 [01:14<00:28,  8.45it/s]
Extract:  59%|#####8    | 341/578 [01:14<00:27,  8.63it/s]
Extract:  59%|#####9    | 342/578 [01:14<00:35,  6.63it/s]
Extract:  60%|#####9    | 344/578 [01:15<00:46,  5.01it/s]
Extract:  60%|#####9    | 345/578 [01:15<00:41,  5.55it/s]
Extract:  60%|######    | 347/578 [01:15<00:33,  6.80it/s]
Extract:  60%|######    | 349/578 [01:16<00:45,  5.07it/s]
Extract:  61%|######    | 350/578 [01:16<00:43,  5.19it/s]
Extract:  61%|######    | 351/578 [01:17<01:01,  3.71it/s]
Extract:  61%|######    | 352/578 [01:17<00:52,  4.32it/s]
Extract:  61%|######1   | 353/578 [01:17<00:50,  4.49it/s]
Extract:  61%|######1   | 355/578 [01:17<00:36,  6.19it/s]
Extract:  62%|######1   | 356/578 [01:17<00:47,  4.70it/s]
Extract:  62%|######1   | 357/578 [01:18<00:46,  4.71it/s]
Extract:  62%|######2   | 359/578 [01:18<00:34,  6.27it/s]
Extract:  62%|######2   | 360/578 [01:18<00:37,  5.75it/s]
Extract:  63%|######2   | 362/578 [01:19<00:47,  4.57it/s]
Extract:  63%|######2   | 363/578 [01:19<00:42,  5.02it/s]
Extract:  63%|######2   | 364/578 [01:19<00:38,  5.60it/s]
Extract:  63%|######3   | 365/578 [01:19<00:40,  5.21it/s]
Extract:  63%|######3   | 366/578 [01:19<00:45,  4.65it/s]
Extract:  63%|######3   | 367/578 [01:20<01:19,  2.66it/s]
Extract:  64%|######3   | 368/578 [01:20<01:09,  3.01it/s]
Extract:  64%|######3   | 369/578 [01:21<01:23,  2.52it/s]
Extract:  64%|######4   | 371/578 [01:21<00:52,  3.98it/s]
Extract:  65%|######4   | 373/578 [01:21<00:45,  4.48it/s]
Extract:  65%|######4   | 374/578 [01:22<00:41,  4.90it/s]
Extract:  65%|######5   | 376/578 [01:22<00:37,  5.44it/s]
Extract:  65%|######5   | 377/578 [01:22<00:40,  4.93it/s]
Extract:  65%|######5   | 378/578 [01:22<00:36,  5.42it/s]
Extract:  66%|######5   | 379/578 [01:22<00:32,  6.10it/s]
Extract:  66%|######5   | 380/578 [01:23<00:41,  4.82it/s]
Extract:  66%|######5   | 381/578 [01:23<00:39,  4.94it/s]
Extract:  66%|######6   | 382/578 [01:23<00:50,  3.87it/s]
Extract:  66%|######6   | 383/578 [01:23<00:44,  4.37it/s]
Extract:  66%|######6   | 384/578 [01:24<00:46,  4.17it/s]
Extract:  67%|######6   | 386/578 [01:24<00:31,  6.02it/s]
Extract:  67%|######6   | 387/578 [01:24<00:31,  6.03it/s]
Extract:  67%|######7   | 390/578 [01:24<00:21,  8.70it/s]
Extract:  68%|######7   | 391/578 [01:24<00:22,  8.35it/s]
Extract:  68%|######7   | 392/578 [01:25<00:23,  7.79it/s]
Extract:  68%|######7   | 393/578 [01:25<00:28,  6.61it/s]
Extract:  68%|######8   | 394/578 [01:25<00:27,  6.62it/s]
Extract:  68%|######8   | 395/578 [01:25<00:29,  6.21it/s]
Extract:  69%|######8   | 397/578 [01:25<00:25,  7.12it/s]
Extract:  69%|######9   | 399/578 [01:26<00:23,  7.75it/s]
Extract:  69%|######9   | 401/578 [01:26<00:20,  8.78it/s]
Extract:  70%|######9   | 403/578 [01:26<00:19,  9.15it/s]
Extract:  70%|#######   | 405/578 [01:26<00:17, 10.01it/s]
Extract:  70%|#######   | 407/578 [01:27<00:37,  4.58it/s]
Extract:  71%|#######   | 408/578 [01:28<00:48,  3.48it/s]
Extract:  71%|#######   | 410/578 [01:28<00:40,  4.16it/s]
Extract:  71%|#######1  | 412/578 [01:28<00:33,  5.01it/s]
Extract:  71%|#######1  | 413/578 [01:29<00:38,  4.33it/s]
Extract:  72%|#######1  | 415/578 [01:29<00:30,  5.26it/s]
Extract:  72%|#######1  | 416/578 [01:29<00:34,  4.73it/s]
Extract:  72%|#######2  | 418/578 [01:29<00:29,  5.46it/s]
Extract:  72%|#######2  | 419/578 [01:30<00:32,  4.83it/s]
Extract:  73%|#######2  | 421/578 [01:30<00:41,  3.78it/s]
Extract:  73%|#######3  | 424/578 [01:31<00:28,  5.31it/s]
Extract:  74%|#######3  | 425/578 [01:31<00:32,  4.71it/s]
Extract:  74%|#######3  | 426/578 [01:31<00:30,  4.96it/s]
Extract:  74%|#######3  | 427/578 [01:32<00:39,  3.81it/s]
Extract:  74%|#######4  | 428/578 [01:32<00:45,  3.29it/s]
Extract:  74%|#######4  | 429/578 [01:33<00:52,  2.86it/s]
Extract:  75%|#######4  | 431/578 [01:33<00:36,  4.06it/s]
Extract:  75%|#######4  | 432/578 [01:33<00:34,  4.24it/s]
Extract:  75%|#######5  | 434/578 [01:33<00:35,  4.09it/s]
Extract:  75%|#######5  | 435/578 [01:34<00:33,  4.24it/s]
Extract:  76%|#######5  | 437/578 [01:34<00:27,  5.20it/s]
Extract:  76%|#######5  | 438/578 [01:34<00:37,  3.76it/s]
Extract:  76%|#######5  | 439/578 [01:35<00:36,  3.83it/s]
Extract:  76%|#######6  | 441/578 [01:35<00:38,  3.55it/s]
Extract:  76%|#######6  | 442/578 [01:35<00:33,  4.02it/s]
Extract:  77%|#######6  | 443/578 [01:36<00:29,  4.61it/s]
Extract:  77%|#######6  | 444/578 [01:36<00:25,  5.19it/s]
Extract:  77%|#######6  | 445/578 [01:36<00:37,  3.52it/s]
Extract:  77%|#######7  | 447/578 [01:36<00:25,  5.17it/s]
Extract:  78%|#######7  | 449/578 [01:37<00:18,  6.84it/s]
Extract:  78%|#######7  | 450/578 [01:37<00:28,  4.45it/s]
Extract:  78%|#######8  | 451/578 [01:38<00:36,  3.48it/s]
Extract:  78%|#######8  | 452/578 [01:38<00:31,  4.01it/s]
Extract:  79%|#######8  | 454/578 [01:38<00:22,  5.53it/s]
Extract:  79%|#######8  | 456/578 [01:38<00:16,  7.19it/s]
Extract:  79%|#######9  | 458/578 [01:38<00:17,  6.86it/s]
Extract:  79%|#######9  | 459/578 [01:38<00:16,  7.26it/s]
Extract:  80%|#######9  | 461/578 [01:39<00:14,  8.32it/s]
Extract:  80%|#######9  | 462/578 [01:39<00:13,  8.38it/s]
Extract:  80%|########  | 463/578 [01:39<00:19,  5.81it/s]
Extract:  80%|########  | 465/578 [01:39<00:14,  7.66it/s]
Extract:  81%|########  | 466/578 [01:39<00:19,  5.73it/s]
Extract:  81%|########  | 467/578 [01:40<00:22,  4.93it/s]
Extract:  81%|########  | 468/578 [01:40<00:32,  3.36it/s]
Extract:  81%|########1 | 469/578 [01:40<00:26,  4.05it/s]
Extract:  81%|########1 | 470/578 [01:41<00:26,  4.10it/s]
Extract:  81%|########1 | 471/578 [01:41<00:28,  3.73it/s]
Extract:  82%|########1 | 472/578 [01:41<00:28,  3.77it/s]
Extract:  82%|########1 | 473/578 [01:41<00:24,  4.34it/s]
Extract:  82%|########2 | 474/578 [01:42<00:39,  2.61it/s]
Extract:  82%|########2 | 475/578 [01:42<00:32,  3.19it/s]
Extract:  82%|########2 | 476/578 [01:43<00:38,  2.62it/s]
Extract:  83%|########2 | 477/578 [01:43<00:30,  3.27it/s]
Extract:  83%|########2 | 479/578 [01:43<00:21,  4.58it/s]
Extract:  83%|########3 | 480/578 [01:43<00:18,  5.26it/s]
Extract:  83%|########3 | 481/578 [01:43<00:17,  5.64it/s]
Extract:  84%|########3 | 483/578 [01:44<00:12,  7.68it/s]
Extract:  84%|########3 | 484/578 [01:44<00:11,  8.12it/s]
Extract:  84%|########4 | 486/578 [01:44<00:09, 10.13it/s]
Extract:  84%|########4 | 488/578 [01:44<00:10,  8.37it/s]
Extract:  85%|########4 | 490/578 [01:45<00:20,  4.36it/s]
Extract:  85%|########4 | 491/578 [01:45<00:20,  4.34it/s]
Extract:  85%|########5 | 492/578 [01:46<00:20,  4.17it/s]
Extract:  85%|########5 | 493/578 [01:46<00:20,  4.23it/s]
Extract:  85%|########5 | 494/578 [01:46<00:18,  4.46it/s]
Extract:  86%|########5 | 496/578 [01:46<00:12,  6.47it/s]
Extract:  86%|########6 | 498/578 [01:47<00:21,  3.66it/s]
Extract:  86%|########6 | 499/578 [01:47<00:18,  4.19it/s]
Extract:  87%|########6 | 501/578 [01:47<00:13,  5.62it/s]
Extract:  87%|########7 | 504/578 [01:48<00:11,  6.17it/s]
Extract:  87%|########7 | 505/578 [01:48<00:16,  4.32it/s]
Extract:  88%|########7 | 507/578 [01:48<00:12,  5.64it/s]
Extract:  88%|########7 | 508/578 [01:49<00:12,  5.48it/s]
Extract:  88%|########8 | 510/578 [01:49<00:12,  5.59it/s]
Extract:  88%|########8 | 511/578 [01:49<00:11,  6.06it/s]
Extract:  89%|########8 | 512/578 [01:49<00:12,  5.17it/s]
Extract:  89%|########8 | 514/578 [01:50<00:09,  6.49it/s]
Extract:  89%|########9 | 515/578 [01:50<00:14,  4.44it/s]
Extract:  89%|########9 | 516/578 [01:51<00:21,  2.93it/s]
Extract:  89%|########9 | 517/578 [01:51<00:19,  3.20it/s]
Extract:  90%|########9 | 519/578 [01:52<00:21,  2.78it/s]
Extract:  90%|########9 | 520/578 [01:52<00:17,  3.29it/s]
Extract:  90%|######### | 522/578 [01:52<00:12,  4.59it/s]
Extract:  90%|######### | 523/578 [01:52<00:11,  4.64it/s]
Extract:  91%|######### | 524/578 [01:52<00:10,  5.25it/s]
Extract:  91%|#########1| 526/578 [01:53<00:12,  4.18it/s]
Extract:  91%|#########1| 528/578 [01:53<00:09,  5.39it/s]
Extract:  92%|#########1| 529/578 [01:53<00:08,  5.71it/s]
Extract:  92%|#########1| 530/578 [01:53<00:07,  6.31it/s]
Extract:  92%|#########1| 531/578 [01:54<00:07,  6.62it/s]
Extract:  92%|#########2| 533/578 [01:54<00:05,  7.92it/s]
Extract:  92%|#########2| 534/578 [01:54<00:06,  6.57it/s]
Extract:  93%|#########2| 535/578 [01:54<00:06,  7.12it/s]
Extract:  93%|#########2| 537/578 [01:54<00:05,  7.77it/s]
Extract:  93%|#########3| 538/578 [01:55<00:06,  6.16it/s]
Extract:  93%|#########3| 540/578 [01:55<00:07,  5.30it/s]
Extract:  94%|#########3| 541/578 [01:55<00:07,  5.28it/s]
Extract:  94%|#########3| 543/578 [01:55<00:05,  6.20it/s]
Extract:  94%|#########4| 545/578 [01:56<00:04,  8.04it/s]
Extract:  94%|#########4| 546/578 [01:56<00:07,  4.08it/s]
Extract:  95%|#########4| 547/578 [01:57<00:09,  3.14it/s]
Extract:  95%|#########4| 549/578 [01:57<00:06,  4.66it/s]
Extract:  95%|#########5| 551/578 [01:57<00:04,  6.19it/s]
Extract:  96%|#########5| 553/578 [01:58<00:05,  4.56it/s]
Extract:  96%|#########5| 554/578 [01:58<00:06,  3.66it/s]
Extract:  96%|#########6| 555/578 [01:59<00:07,  2.90it/s]
Extract:  96%|#########6| 556/578 [02:00<00:09,  2.31it/s]
Extract:  96%|#########6| 557/578 [02:00<00:08,  2.59it/s]
Extract:  97%|#########6| 560/578 [02:00<00:05,  3.59it/s]
Extract:  97%|#########7| 561/578 [02:01<00:04,  3.63it/s]
Extract:  98%|#########7| 564/578 [02:01<00:03,  3.89it/s]
Extract:  98%|#########7| 565/578 [02:02<00:03,  3.39it/s]
Extract:  98%|#########7| 566/578 [02:02<00:03,  3.78it/s]
Extract:  98%|#########8| 567/578 [02:02<00:02,  4.02it/s]
Extract:  98%|#########8| 568/578 [02:03<00:03,  3.08it/s]
Extract:  99%|#########8| 570/578 [02:03<00:01,  4.45it/s]
Extract:  99%|#########8| 572/578 [02:03<00:01,  5.57it/s]
Extract:  99%|#########9| 575/578 [02:03<00:00,  7.02it/s]
Extract: 100%|#########9| 576/578 [02:04<00:00,  4.75it/s]
Extract: 100%|##########| 578/578 [02:04<00:00,  4.64it/s]

Extract:   0%|          | 0/578 [00:00<?, ?it/s]
Extract:   0%|          | 2/578 [00:00<00:45, 12.78it/s]
Extract:   1%|          | 4/578 [00:00<01:30,  6.32it/s]
Extract:   1%|          | 5/578 [00:00<01:23,  6.84it/s]
Extract:   1%|1         | 6/578 [00:00<01:18,  7.33it/s]
Extract:   1%|1         | 7/578 [00:01<01:33,  6.08it/s]
Extract:   1%|1         | 8/578 [00:01<01:37,  5.85it/s]
Extract:   2%|1         | 9/578 [00:01<01:32,  6.13it/s]
Extract:   2%|1         | 10/578 [00:01<01:27,  6.53it/s]
Extract:   2%|1         | 11/578 [00:01<01:47,  5.27it/s]
Extract:   2%|2         | 12/578 [00:02<02:16,  4.15it/s]
Extract:   2%|2         | 13/578 [00:02<02:04,  4.55it/s]
Extract:   2%|2         | 14/578 [00:02<02:19,  4.05it/s]
Extract:   3%|2         | 15/578 [00:02<02:22,  3.95it/s]
Extract:   3%|2         | 16/578 [00:03<01:58,  4.76it/s]
Extract:   3%|3         | 19/578 [00:03<01:03,  8.78it/s]
Extract:   4%|3         | 21/578 [00:03<01:30,  6.12it/s]
Extract:   4%|3         | 22/578 [00:03<01:35,  5.84it/s]
Extract:   4%|3         | 23/578 [00:03<01:31,  6.10it/s]
Extract:   4%|4         | 24/578 [00:04<01:32,  5.96it/s]
Extract:   4%|4         | 26/578 [00:04<01:08,  8.10it/s]
Extract:   5%|4         | 28/578 [00:04<01:28,  6.23it/s]
Extract:   5%|5         | 30/578 [00:04<01:16,  7.20it/s]
Extract:   5%|5         | 31/578 [00:05<01:20,  6.78it/s]
Extract:   6%|5         | 34/578 [00:05<00:55,  9.77it/s]
Extract:   6%|6         | 36/578 [00:05<00:47, 11.39it/s]
Extract:   7%|6         | 38/578 [00:05<00:48, 11.05it/s]
Extract:   7%|6         | 40/578 [00:05<00:43, 12.35it/s]
Extract:   7%|7         | 42/578 [00:06<01:04,  8.33it/s]
Extract:   8%|7         | 44/578 [00:06<01:08,  7.85it/s]
Extract:   8%|8         | 47/578 [00:06<00:54,  9.77it/s]
Extract:   9%|8         | 50/578 [00:06<00:52, 10.07it/s]
Extract:   9%|8         | 52/578 [00:07<01:04,  8.10it/s]
Extract:   9%|9         | 54/578 [00:07<00:58,  8.97it/s]
Extract:  10%|9         | 56/578 [00:07<01:05,  8.02it/s]
Extract:  10%|#         | 58/578 [00:07<01:03,  8.22it/s]
Extract:  10%|#         | 59/578 [00:08<01:04,  8.07it/s]
Extract:  10%|#         | 60/578 [00:08<01:24,  6.14it/s]
Extract:  11%|#         | 61/578 [00:08<02:10,  3.97it/s]
Extract:  11%|#         | 63/578 [00:09<01:33,  5.49it/s]
Extract:  11%|#1        | 64/578 [00:09<01:36,  5.31it/s]
Extract:  11%|#1        | 65/578 [00:09<01:47,  4.75it/s]
Extract:  12%|#1        | 67/578 [00:09<01:41,  5.03it/s]
Extract:  12%|#1        | 69/578 [00:10<01:16,  6.64it/s]
Extract:  12%|#2        | 71/578 [00:10<00:59,  8.46it/s]
Extract:  13%|#2        | 73/578 [00:10<01:14,  6.75it/s]
Extract:  13%|#3        | 76/578 [00:10<00:56,  8.84it/s]
Extract:  13%|#3        | 78/578 [00:11<01:03,  7.87it/s]
Extract:  14%|#4        | 81/578 [00:11<00:48, 10.24it/s]
Extract:  14%|#4        | 83/578 [00:11<00:44, 11.18it/s]
Extract:  15%|#4        | 85/578 [00:11<00:52,  9.32it/s]
Extract:  15%|#5        | 87/578 [00:11<00:49,  9.97it/s]
Extract:  15%|#5        | 89/578 [00:12<00:52,  9.37it/s]
Extract:  16%|#5        | 91/578 [00:12<00:59,  8.17it/s]
Extract:  16%|#5        | 92/578 [00:12<01:10,  6.89it/s]
Extract:  16%|#6        | 94/578 [00:12<00:59,  8.07it/s]
Extract:  17%|#6        | 96/578 [00:13<01:09,  6.93it/s]
Extract:  17%|#6        | 98/578 [00:13<01:02,  7.67it/s]
Extract:  17%|#7        | 100/578 [00:13<00:53,  8.85it/s]
Extract:  18%|#7        | 104/578 [00:13<00:35, 13.45it/s]
Extract:  18%|#8        | 106/578 [00:13<00:37, 12.48it/s]
Extract:  19%|#8        | 108/578 [00:14<00:55,  8.50it/s]
Extract:  19%|#9        | 110/578 [00:14<00:50,  9.23it/s]
Extract:  19%|#9        | 112/578 [00:14<00:45, 10.27it/s]
Extract:  20%|#9        | 114/578 [00:14<00:44, 10.40it/s]
Extract:  20%|##        | 116/578 [00:15<00:48,  9.43it/s]
Extract:  20%|##        | 118/578 [00:15<00:52,  8.78it/s]
Extract:  21%|##        | 120/578 [00:15<00:58,  7.87it/s]
Extract:  21%|##        | 121/578 [00:16<01:14,  6.16it/s]
Extract:  21%|##1       | 124/578 [00:16<00:51,  8.87it/s]
Extract:  22%|##1       | 126/578 [00:16<00:56,  7.93it/s]
Extract:  22%|##2       | 128/578 [00:16<00:47,  9.53it/s]
Extract:  22%|##2       | 130/578 [00:16<00:45,  9.86it/s]
Extract:  23%|##2       | 132/578 [00:17<00:56,  7.84it/s]
Extract:  23%|##3       | 133/578 [00:17<01:03,  6.98it/s]
Extract:  23%|##3       | 135/578 [00:17<00:55,  7.98it/s]
Extract:  24%|##3       | 137/578 [00:17<01:08,  6.47it/s]
Extract:  24%|##3       | 138/578 [00:18<01:21,  5.40it/s]
Extract:  24%|##4       | 139/578 [00:18<01:24,  5.22it/s]
Extract:  25%|##4       | 142/578 [00:18<00:52,  8.35it/s]
Extract:  25%|##5       | 146/578 [00:18<00:41, 10.42it/s]
Extract:  26%|##5       | 148/578 [00:19<00:38, 11.09it/s]
Extract:  26%|##5       | 150/578 [00:19<00:58,  7.33it/s]
Extract:  26%|##6       | 153/578 [00:20<01:03,  6.67it/s]
Extract:  27%|##6       | 155/578 [00:20<00:58,  7.27it/s]
Extract:  27%|##7       | 158/578 [00:20<00:43,  9.72it/s]
Extract:  28%|##7       | 160/578 [00:20<00:40, 10.27it/s]
Extract:  28%|##8       | 163/578 [00:21<00:47,  8.66it/s]
Extract:  29%|##8       | 165/578 [00:21<00:51,  8.09it/s]
Extract:  29%|##8       | 167/578 [00:21<00:53,  7.69it/s]
Extract:  29%|##9       | 169/578 [00:21<00:46,  8.84it/s]
Extract:  30%|##9       | 171/578 [00:21<00:39, 10.22it/s]
Extract:  30%|##9       | 173/578 [00:22<00:52,  7.69it/s]
Extract:  30%|###       | 175/578 [00:22<00:45,  8.78it/s]
Extract:  31%|###       | 177/578 [00:22<00:54,  7.33it/s]
Extract:  31%|###       | 178/578 [00:22<00:52,  7.60it/s]
Extract:  31%|###       | 179/578 [00:23<01:15,  5.28it/s]
Extract:  31%|###1      | 180/578 [00:23<01:29,  4.46it/s]
Extract:  31%|###1      | 181/578 [00:23<01:28,  4.50it/s]
Extract:  31%|###1      | 182/578 [00:24<01:16,  5.20it/s]
Extract:  32%|###1      | 184/578 [00:24<00:58,  6.72it/s]
Extract:  32%|###2      | 185/578 [00:24<01:10,  5.56it/s]
Extract:  33%|###2      | 188/578 [00:24<00:46,  8.30it/s]
Extract:  33%|###2      | 189/578 [00:25<01:03,  6.14it/s]
Extract:  33%|###3      | 191/578 [00:25<00:59,  6.51it/s]
Extract:  33%|###3      | 193/578 [00:25<00:50,  7.67it/s]
Extract:  34%|###3      | 195/578 [00:25<00:40,  9.44it/s]
Extract:  34%|###4      | 197/578 [00:25<00:41,  9.10it/s]
Extract:  35%|###4      | 200/578 [00:25<00:30, 12.30it/s]
Extract:  35%|###4      | 202/578 [00:26<00:41,  9.16it/s]
Extract:  35%|###5      | 204/578 [00:26<00:53,  7.03it/s]
Extract:  36%|###5      | 206/578 [00:26<00:43,  8.61it/s]
Extract:  36%|###5      | 208/578 [00:27<00:40,  9.21it/s]
Extract:  36%|###6      | 210/578 [00:27<00:36, 10.14it/s]
Extract:  37%|###6      | 212/578 [00:27<00:40,  9.09it/s]
Extract:  37%|###7      | 215/578 [00:27<00:38,  9.53it/s]
Extract:  38%|###7      | 218/578 [00:27<00:29, 12.05it/s]
Extract:  38%|###8      | 220/578 [00:28<00:31, 11.45it/s]
Extract:  39%|###8      | 223/578 [00:28<00:24, 14.26it/s]
Extract:  39%|###8      | 225/578 [00:28<00:28, 12.54it/s]
Extract:  39%|###9      | 227/578 [00:28<00:29, 12.10it/s]
Extract:  40%|###9      | 229/578 [00:28<00:27, 12.77it/s]
Extract:  40%|###9      | 231/578 [00:29<00:38,  9.09it/s]
Extract:  40%|####      | 233/578 [00:29<00:35,  9.74it/s]
Extract:  41%|####      | 235/578 [00:29<00:32, 10.56it/s]
Extract:  41%|####1     | 237/578 [00:30<00:59,  5.71it/s]
Extract:  42%|####1     | 240/578 [00:30<00:44,  7.62it/s]
Extract:  42%|####2     | 243/578 [00:30<00:33,  9.88it/s]
Extract:  42%|####2     | 245/578 [00:30<00:39,  8.49it/s]
Extract:  43%|####2     | 247/578 [00:31<00:39,  8.42it/s]
Extract:  43%|####3     | 249/578 [00:31<00:42,  7.79it/s]
Extract:  43%|####3     | 251/578 [00:31<00:37,  8.70it/s]
Extract:  44%|####4     | 255/578 [00:31<00:29, 11.12it/s]
Extract:  44%|####4     | 257/578 [00:32<00:31, 10.10it/s]
Extract:  45%|####4     | 259/578 [00:32<00:27, 11.49it/s]
Extract:  45%|####5     | 261/578 [00:32<00:24, 12.77it/s]
Extract:  46%|####5     | 263/578 [00:32<00:46,  6.75it/s]
Extract:  46%|####5     | 265/578 [00:33<00:46,  6.74it/s]
Extract:  46%|####6     | 266/578 [00:33<00:45,  6.83it/s]
Extract:  46%|####6     | 267/578 [00:33<00:47,  6.55it/s]
Extract:  47%|####6     | 269/578 [00:33<00:42,  7.29it/s]
Extract:  47%|####7     | 273/578 [00:34<00:37,  8.04it/s]
Extract:  47%|####7     | 274/578 [00:34<00:47,  6.38it/s]
Extract:  48%|####7     | 275/578 [00:34<00:49,  6.12it/s]
Extract:  48%|####7     | 277/578 [00:34<00:39,  7.65it/s]
Extract:  48%|####8     | 280/578 [00:35<00:30,  9.87it/s]
Extract:  49%|####8     | 283/578 [00:35<00:27, 10.71it/s]
Extract:  49%|####9     | 285/578 [00:35<00:27, 10.63it/s]
Extract:  50%|####9     | 287/578 [00:35<00:28, 10.22it/s]
Extract:  50%|#####     | 289/578 [00:35<00:27, 10.58it/s]
Extract:  50%|#####     | 291/578 [00:36<00:37,  7.63it/s]
Extract:  51%|#####     | 294/578 [00:36<00:27, 10.43it/s]
Extract:  51%|#####1    | 296/578 [00:36<00:31,  9.05it/s]
Extract:  52%|#####1    | 298/578 [00:36<00:31,  8.76it/s]
Extract:  52%|#####2    | 301/578 [00:37<00:28,  9.78it/s]
Extract:  53%|#####2    | 304/578 [00:37<00:28,  9.48it/s]
Extract:  53%|#####3    | 307/578 [00:37<00:27,  9.72it/s]
Extract:  53%|#####3    | 309/578 [00:38<00:37,  7.21it/s]
Extract:  54%|#####3    | 310/578 [00:38<00:35,  7.51it/s]
Extract:  54%|#####3    | 311/578 [00:38<00:40,  6.65it/s]
Extract:  54%|#####3    | 312/578 [00:39<00:51,  5.21it/s]
Extract:  54%|#####4    | 313/578 [00:39<00:47,  5.61it/s]
Extract:  54%|#####4    | 314/578 [00:39<00:49,  5.38it/s]
Extract:  55%|#####4    | 316/578 [00:39<00:38,  6.80it/s]
Extract:  55%|#####5    | 318/578 [00:39<00:43,  5.91it/s]
Extract:  55%|#####5    | 319/578 [00:40<00:41,  6.19it/s]
Extract:  55%|#####5    | 320/578 [00:40<00:43,  5.92it/s]
Extract:  56%|#####5    | 322/578 [00:40<00:36,  7.06it/s]
Extract:  56%|#####5    | 323/578 [00:40<00:34,  7.48it/s]
Extract:  56%|#####6    | 325/578 [00:40<00:26,  9.71it/s]
Extract:  57%|#####6    | 327/578 [00:40<00:27,  9.28it/s]
Extract:  57%|#####6    | 329/578 [00:41<00:24, 10.12it/s]
Extract:  57%|#####7    | 331/578 [00:41<00:23, 10.43it/s]
Extract:  58%|#####7    | 333/578 [00:41<00:24, 10.02it/s]
Extract:  58%|#####7    | 335/578 [00:41<00:21, 11.33it/s]
Extract:  58%|#####8    | 337/578 [00:41<00:19, 12.46it/s]
Extract:  59%|#####8    | 339/578 [00:41<00:18, 13.07it/s]
Extract:  59%|#####8    | 341/578 [00:42<00:17, 13.77it/s]
Extract:  59%|#####9    | 343/578 [00:42<00:16, 14.10it/s]
Extract:  60%|#####9    | 345/578 [00:42<00:24,  9.59it/s]
Extract:  60%|######    | 347/578 [00:42<00:21, 10.55it/s]
Extract:  60%|######    | 349/578 [00:43<00:29,  7.71it/s]
Extract:  61%|######    | 351/578 [00:43<00:37,  6.13it/s]
Extract:  61%|######1   | 353/578 [00:43<00:30,  7.32it/s]
Extract:  62%|######1   | 356/578 [00:43<00:25,  8.67it/s]
Extract:  62%|######1   | 358/578 [00:44<00:22,  9.98it/s]
Extract:  62%|######2   | 360/578 [00:44<00:22,  9.66it/s]
Extract:  63%|######2   | 362/578 [00:44<00:25,  8.49it/s]
Extract:  63%|######3   | 365/578 [00:44<00:23,  8.99it/s]
Extract:  63%|######3   | 366/578 [00:45<00:24,  8.54it/s]
Extract:  63%|######3   | 367/578 [00:45<00:28,  7.37it/s]
Extract:  64%|######3   | 368/578 [00:45<00:30,  6.95it/s]
Extract:  64%|######3   | 369/578 [00:45<00:41,  5.05it/s]
Extract:  65%|######4   | 373/578 [00:46<00:23,  8.74it/s]
Extract:  65%|######5   | 376/578 [00:46<00:18, 10.69it/s]
Extract:  65%|######5   | 378/578 [00:46<00:17, 11.47it/s]
Extract:  66%|######5   | 380/578 [00:46<00:17, 11.47it/s]
Extract:  66%|######6   | 382/578 [00:46<00:20,  9.61it/s]
Extract:  66%|######6   | 384/578 [00:47<00:24,  7.77it/s]
Extract:  67%|######6   | 386/578 [00:47<00:21,  8.94it/s]
Extract:  67%|######7   | 388/578 [00:47<00:23,  8.22it/s]
Extract:  67%|######7   | 390/578 [00:47<00:19,  9.61it/s]
Extract:  68%|######7   | 392/578 [00:48<00:23,  7.75it/s]
Extract:  68%|######7   | 393/578 [00:48<00:26,  7.07it/s]
Extract:  68%|######8   | 395/578 [00:48<00:31,  5.89it/s]
Extract:  69%|######8   | 397/578 [00:49<00:28,  6.39it/s]
Extract:  69%|######9   | 399/578 [00:49<00:23,  7.50it/s]
Extract:  70%|######9   | 402/578 [00:49<00:17, 10.24it/s]
Extract:  70%|######9   | 404/578 [00:49<00:15, 10.98it/s]
Extract:  70%|#######   | 406/578 [00:49<00:17,  9.90it/s]
Extract:  71%|#######   | 408/578 [00:50<00:25,  6.57it/s]
Extract:  71%|#######   | 410/578 [00:50<00:23,  7.27it/s]
Extract:  71%|#######1  | 412/578 [00:50<00:18,  8.77it/s]
Extract:  72%|#######1  | 414/578 [00:50<00:18,  9.08it/s]
Extract:  72%|#######1  | 416/578 [00:51<00:17,  9.12it/s]
Extract:  72%|#######2  | 418/578 [00:51<00:17,  8.97it/s]
Extract:  73%|#######2  | 420/578 [00:51<00:15,  9.95it/s]
Extract:  73%|#######3  | 422/578 [00:51<00:19,  7.81it/s]
Extract:  73%|#######3  | 424/578 [00:51<00:17,  8.96it/s]
Extract:  74%|#######3  | 426/578 [00:52<00:25,  5.96it/s]
Extract:  74%|#######3  | 427/578 [00:52<00:29,  5.07it/s]
Extract:  74%|#######4  | 428/578 [00:53<00:35,  4.24it/s]
Extract:  74%|#######4  | 429/578 [00:53<00:40,  3.69it/s]
Extract:  75%|#######4  | 431/578 [00:53<00:27,  5.33it/s]
Extract:  75%|#######4  | 432/578 [00:53<00:25,  5.78it/s]
Extract:  75%|#######5  | 434/578 [00:54<00:29,  4.84it/s]
Extract:  75%|#######5  | 435/578 [00:54<00:27,  5.21it/s]
Extract:  76%|#######5  | 437/578 [00:54<00:19,  7.09it/s]
Extract:  76%|#######5  | 439/578 [00:54<00:19,  7.13it/s]
Extract:  76%|#######6  | 441/578 [00:55<00:20,  6.67it/s]
Extract:  76%|#######6  | 442/578 [00:55<00:25,  5.31it/s]
Extract:  77%|#######6  | 443/578 [00:55<00:22,  5.91it/s]
Extract:  77%|#######6  | 445/578 [00:56<00:23,  5.63it/s]
Extract:  78%|#######7  | 449/578 [00:56<00:13,  9.76it/s]
Extract:  78%|#######8  | 451/578 [00:56<00:21,  5.78it/s]
Extract:  78%|#######8  | 453/578 [00:57<00:19,  6.55it/s]
Extract:  79%|#######8  | 455/578 [00:57<00:15,  7.92it/s]
Extract:  79%|#######9  | 458/578 [00:57<00:15,  7.85it/s]
Extract:  80%|#######9  | 460/578 [00:57<00:12,  9.21it/s]
Extract:  80%|#######9  | 462/578 [00:57<00:12,  9.66it/s]
Extract:  80%|########  | 464/578 [00:58<00:13,  8.48it/s]
Extract:  81%|########  | 466/578 [00:58<00:11,  9.72it/s]
Extract:  81%|########  | 468/578 [00:59<00:21,  5.09it/s]
Extract:  81%|########1 | 470/578 [00:59<00:17,  6.09it/s]
Extract:  81%|########1 | 471/578 [00:59<00:18,  5.68it/s]
Extract:  82%|########1 | 472/578 [00:59<00:19,  5.53it/s]
Extract:  82%|########2 | 474/578 [01:00<00:16,  6.35it/s]
Extract:  82%|########2 | 476/578 [01:00<00:19,  5.15it/s]
Extract:  83%|########2 | 478/578 [01:00<00:16,  6.22it/s]
Extract:  83%|########2 | 479/578 [01:00<00:15,  6.56it/s]
Extract:  83%|########3 | 481/578 [01:01<00:13,  7.30it/s]
Extract:  84%|########3 | 483/578 [01:01<00:10,  9.06it/s]
Extract:  84%|########3 | 485/578 [01:01<00:09,  9.78it/s]
Extract:  84%|########4 | 487/578 [01:01<00:10,  8.74it/s]
Extract:  85%|########4 | 489/578 [01:02<00:13,  6.43it/s]
Extract:  85%|########4 | 490/578 [01:02<00:12,  6.78it/s]
Extract:  85%|########4 | 491/578 [01:02<00:14,  5.99it/s]
Extract:  85%|########5 | 492/578 [01:03<00:19,  4.40it/s]
Extract:  85%|########5 | 493/578 [01:03<00:18,  4.55it/s]
Extract:  85%|########5 | 494/578 [01:03<00:16,  5.11it/s]
Extract:  86%|########5 | 497/578 [01:03<00:09,  8.78it/s]
Extract:  86%|########6 | 499/578 [01:03<00:11,  7.11it/s]
Extract:  87%|########6 | 502/578 [01:03<00:07,  9.90it/s]
Extract:  87%|########7 | 504/578 [01:04<00:07,  9.28it/s]
Extract:  88%|########7 | 506/578 [01:04<00:09,  7.54it/s]
Extract:  88%|########7 | 507/578 [01:04<00:09,  7.73it/s]
Extract:  88%|########7 | 508/578 [01:04<00:08,  7.91it/s]
Extract:  88%|########8 | 510/578 [01:05<00:08,  8.31it/s]
Extract:  89%|########8 | 512/578 [01:05<00:07,  8.61it/s]
Extract:  89%|########9 | 515/578 [01:05<00:06,  9.64it/s]
Extract:  89%|########9 | 516/578 [01:05<00:09,  6.68it/s]
Extract:  89%|########9 | 517/578 [01:06<00:09,  6.54it/s]
Extract:  90%|########9 | 519/578 [01:06<00:08,  6.87it/s]
Extract:  90%|######### | 521/578 [01:06<00:06,  8.54it/s]
Extract:  90%|######### | 523/578 [01:06<00:08,  6.39it/s]
Extract:  91%|######### | 525/578 [01:07<00:06,  7.66it/s]
Extract:  91%|#########1| 526/578 [01:07<00:09,  5.54it/s]
Extract:  91%|#########1| 528/578 [01:07<00:06,  7.31it/s]
Extract:  92%|#########1| 530/578 [01:07<00:05,  8.56it/s]
Extract:  92%|#########2| 532/578 [01:07<00:04, 10.16it/s]
Extract:  92%|#########2| 534/578 [01:08<00:04,  9.64it/s]
Extract:  93%|#########2| 537/578 [01:08<00:04, 10.11it/s]
Extract:  93%|#########3| 539/578 [01:08<00:04,  9.11it/s]
Extract:  94%|#########3| 541/578 [01:08<00:04,  7.83it/s]
Extract:  94%|#########3| 543/578 [01:09<00:03,  9.00it/s]
Extract:  94%|#########4| 546/578 [01:09<00:04,  7.60it/s]
Extract:  95%|#########4| 547/578 [01:10<00:05,  5.60it/s]
Extract:  95%|#########5| 550/578 [01:10<00:03,  7.94it/s]
Extract:  96%|#########5| 552/578 [01:10<00:04,  6.41it/s]
Extract:  96%|#########5| 553/578 [01:11<00:04,  5.17it/s]
Extract:  96%|#########5| 554/578 [01:11<00:05,  4.37it/s]
Extract:  96%|#########6| 555/578 [01:11<00:06,  3.72it/s]
Extract:  96%|#########6| 556/578 [01:12<00:05,  4.02it/s]
Extract:  96%|#########6| 557/578 [01:12<00:04,  4.30it/s]
Extract:  97%|#########6| 560/578 [01:12<00:03,  5.22it/s]
Extract:  97%|#########7| 561/578 [01:12<00:03,  5.29it/s]
Extract:  98%|#########7| 564/578 [01:13<00:02,  6.07it/s]
Extract:  98%|#########7| 565/578 [01:13<00:03,  4.03it/s]
Extract:  98%|#########7| 566/578 [01:14<00:02,  4.53it/s]
Extract:  98%|#########8| 567/578 [01:14<00:02,  4.87it/s]
Extract:  98%|#########8| 568/578 [01:14<00:02,  4.23it/s]
Extract:  99%|#########8| 570/578 [01:14<00:01,  6.12it/s]
Extract:  99%|#########9| 573/578 [01:14<00:00,  8.90it/s]
Extract:  99%|#########9| 575/578 [01:15<00:00,  8.88it/s]
Extract: 100%|#########9| 577/578 [01:15<00:00,  6.03it/s]
Extract: 100%|##########| 578/578 [01:15<00:00,  7.65it/s]

Extract:   0%|          | 0/578 [00:00<?, ?it/s]
Extract:   0%|          | 2/578 [00:00<00:35, 16.30it/s]
Extract:   1%|          | 4/578 [00:00<00:58,  9.82it/s]
Extract:   1%|1         | 6/578 [00:00<00:53, 10.72it/s]
Extract:   1%|1         | 8/578 [00:01<01:23,  6.83it/s]
Extract:   2%|1         | 9/578 [00:01<01:36,  5.87it/s]
Extract:   2%|1         | 10/578 [00:01<01:36,  5.88it/s]
Extract:   2%|1         | 11/578 [00:01<01:28,  6.39it/s]
Extract:   2%|2         | 12/578 [00:01<02:00,  4.69it/s]
Extract:   2%|2         | 13/578 [00:02<01:43,  5.48it/s]
Extract:   2%|2         | 14/578 [00:02<02:06,  4.48it/s]
Extract:   3%|2         | 15/578 [00:02<02:20,  4.00it/s]
Extract:   3%|2         | 17/578 [00:02<01:30,  6.19it/s]
Extract:   3%|3         | 20/578 [00:02<00:59,  9.45it/s]
Extract:   4%|3         | 22/578 [00:03<01:34,  5.86it/s]
Extract:   4%|3         | 23/578 [00:03<01:43,  5.38it/s]
Extract:   4%|4         | 25/578 [00:03<01:18,  7.06it/s]
Extract:   5%|4         | 27/578 [00:04<01:40,  5.49it/s]
Extract:   5%|5         | 29/578 [00:04<01:22,  6.69it/s]
Extract:   5%|5         | 30/578 [00:04<01:25,  6.43it/s]
Extract:   5%|5         | 31/578 [00:04<01:24,  6.48it/s]
Extract:   6%|5         | 32/578 [00:05<01:19,  6.87it/s]
Extract:   6%|6         | 35/578 [00:05<00:53, 10.21it/s]
Extract:   6%|6         | 37/578 [00:05<00:53, 10.16it/s]
Extract:   7%|6         | 39/578 [00:05<00:51, 10.55it/s]
Extract:   7%|7         | 41/578 [00:05<00:49, 10.80it/s]
Extract:   7%|7         | 43/578 [00:06<01:44,  5.11it/s]
Extract:   8%|7         | 46/578 [00:06<01:11,  7.44it/s]
Extract:   8%|8         | 48/578 [00:06<01:03,  8.39it/s]
Extract:   9%|8         | 50/578 [00:07<01:13,  7.14it/s]
Extract:   9%|8         | 52/578 [00:07<01:32,  5.66it/s]
Extract:   9%|9         | 54/578 [00:08<01:34,  5.53it/s]
Extract:  10%|9         | 55/578 [00:08<01:38,  5.31it/s]
Extract:  10%|9         | 57/578 [00:08<01:18,  6.68it/s]
Extract:  10%|#         | 58/578 [00:08<01:25,  6.07it/s]
Extract:  10%|#         | 59/578 [00:08<01:27,  5.94it/s]
Extract:  10%|#         | 60/578 [00:09<01:32,  5.60it/s]
Extract:  11%|#         | 61/578 [00:09<01:46,  4.85it/s]
Extract:  11%|#         | 63/578 [00:09<01:13,  7.01it/s]
Extract:  11%|#1        | 64/578 [00:09<01:21,  6.32it/s]
Extract:  11%|#1        | 65/578 [00:10<01:39,  5.14it/s]
Extract:  12%|#1        | 67/578 [00:10<01:48,  4.71it/s]
Extract:  12%|#1        | 69/578 [00:10<01:25,  5.97it/s]
Extract:  12%|#2        | 71/578 [00:10<01:11,  7.10it/s]
Extract:  12%|#2        | 72/578 [00:11<01:10,  7.20it/s]
Extract:  13%|#2        | 73/578 [00:11<01:48,  4.65it/s]
Extract:  13%|#3        | 76/578 [00:11<01:13,  6.85it/s]
Extract:  13%|#3        | 77/578 [00:12<01:33,  5.38it/s]
Extract:  14%|#3        | 80/578 [00:12<01:05,  7.61it/s]
Extract:  14%|#4        | 81/578 [00:12<01:03,  7.82it/s]
Extract:  14%|#4        | 82/578 [00:12<01:03,  7.77it/s]
Extract:  14%|#4        | 83/578 [00:12<01:06,  7.43it/s]
Extract:  15%|#4        | 84/578 [00:13<01:51,  4.45it/s]
Extract:  15%|#4        | 85/578 [00:13<01:42,  4.82it/s]
Extract:  15%|#4        | 86/578 [00:13<01:36,  5.09it/s]
Extract:  15%|#5        | 88/578 [00:13<01:15,  6.47it/s]
Extract:  15%|#5        | 89/578 [00:14<01:54,  4.26it/s]
Extract:  16%|#5        | 90/578 [00:14<01:40,  4.84it/s]
Extract:  16%|#5        | 91/578 [00:14<02:16,  3.58it/s]
Extract:  16%|#5        | 92/578 [00:15<02:35,  3.12it/s]
Extract:  16%|#6        | 94/578 [00:15<01:55,  4.21it/s]
Extract:  17%|#6        | 96/578 [00:16<01:56,  4.13it/s]
Extract:  17%|#6        | 97/578 [00:16<01:43,  4.65it/s]
Extract:  17%|#6        | 98/578 [00:16<01:43,  4.64it/s]
Extract:  17%|#7        | 99/578 [00:16<01:30,  5.29it/s]
Extract:  17%|#7        | 100/578 [00:16<01:42,  4.66it/s]
Extract:  18%|#7        | 102/578 [00:16<01:09,  6.90it/s]
Extract:  18%|#8        | 105/578 [00:17<00:54,  8.67it/s]
Extract:  19%|#8        | 107/578 [00:17<01:08,  6.90it/s]
Extract:  19%|#8        | 108/578 [00:17<01:06,  7.10it/s]
Extract:  19%|#9        | 110/578 [00:17<00:53,  8.67it/s]
Extract:  19%|#9        | 112/578 [00:17<00:48,  9.53it/s]
Extract:  20%|#9        | 114/578 [00:18<00:47,  9.77it/s]
Extract:  20%|##        | 116/578 [00:18<00:54,  8.49it/s]
Extract:  20%|##        | 117/578 [00:18<01:12,  6.34it/s]
Extract:  21%|##        | 120/578 [00:19<01:10,  6.52it/s]
Extract:  21%|##        | 121/578 [00:19<01:22,  5.56it/s]
Extract:  21%|##1       | 124/578 [00:19<00:56,  8.00it/s]
Extract:  22%|##1       | 126/578 [00:20<01:10,  6.37it/s]
Extract:  22%|##2       | 128/578 [00:20<01:01,  7.33it/s]
Extract:  22%|##2       | 129/578 [00:20<01:00,  7.42it/s]
Extract:  22%|##2       | 130/578 [00:20<01:15,  5.90it/s]
Extract:  23%|##2       | 131/578 [00:21<01:32,  4.82it/s]
Extract:  23%|##3       | 133/578 [00:21<01:22,  5.42it/s]
Extract:  23%|##3       | 135/578 [00:21<01:07,  6.60it/s]
Extract:  24%|##3       | 136/578 [00:21<01:03,  6.91it/s]
Extract:  24%|##3       | 137/578 [00:21<01:17,  5.69it/s]
Extract:  24%|##3       | 138/578 [00:22<01:48,  4.07it/s]
Extract:  24%|##4       | 139/578 [00:22<01:42,  4.28it/s]
Extract:  25%|##4       | 142/578 [00:22<00:56,  7.67it/s]
Extract:  25%|##5       | 146/578 [00:23<00:49,  8.73it/s]
Extract:  26%|##5       | 148/578 [00:23<00:47,  9.11it/s]
Extract:  26%|##5       | 150/578 [00:23<00:57,  7.46it/s]
Extract:  26%|##6       | 153/578 [00:24<01:01,  6.88it/s]
Extract:  27%|##6       | 155/578 [00:24<01:03,  6.70it/s]
Extract:  27%|##7       | 157/578 [00:24<00:56,  7.39it/s]
Extract:  28%|##7       | 159/578 [00:24<00:50,  8.35it/s]
Extract:  28%|##7       | 160/578 [00:25<00:56,  7.39it/s]
Extract:  28%|##8       | 163/578 [00:25<00:54,  7.63it/s]
Extract:  29%|##8       | 165/578 [00:25<00:48,  8.49it/s]
Extract:  29%|##8       | 166/578 [00:25<00:49,  8.25it/s]
Extract:  29%|##8       | 167/578 [00:26<01:07,  6.05it/s]
Extract:  29%|##9       | 168/578 [00:26<01:09,  5.91it/s]
Extract:  29%|##9       | 170/578 [00:26<00:59,  6.81it/s]
Extract:  30%|##9       | 172/578 [00:26<00:52,  7.74it/s]
Extract:  30%|##9       | 173/578 [00:27<01:15,  5.35it/s]
Extract:  30%|###       | 175/578 [00:27<01:00,  6.71it/s]
Extract:  31%|###       | 177/578 [00:27<01:11,  5.61it/s]
Extract:  31%|###       | 178/578 [00:27<01:05,  6.14it/s]
Extract:  31%|###1      | 180/578 [00:28<01:09,  5.69it/s]
Extract:  31%|###1      | 181/578 [00:28<01:16,  5.18it/s]
Extract:  31%|###1      | 182/578 [00:28<01:14,  5.33it/s]
Extract:  32%|###1      | 184/578 [00:28<00:58,  6.77it/s]
Extract:  32%|###2      | 185/578 [00:29<01:18,  4.98it/s]
Extract:  32%|###2      | 187/578 [00:29<00:57,  6.85it/s]
Extract:  33%|###2      | 188/578 [00:29<00:56,  6.94it/s]
Extract:  33%|###2      | 189/578 [00:29<01:08,  5.67it/s]
Extract:  33%|###3      | 191/578 [00:30<01:06,  5.84it/s]
Extract:  33%|###3      | 193/578 [00:30<00:50,  7.64it/s]
Extract:  34%|###3      | 195/578 [00:30<00:40,  9.38it/s]
Extract:  34%|###4      | 197/578 [00:30<00:51,  7.41it/s]
Extract:  34%|###4      | 198/578 [00:30<00:50,  7.56it/s]
Extract:  35%|###4      | 201/578 [00:31<00:51,  7.36it/s]
Extract:  35%|###4      | 202/578 [00:31<00:50,  7.40it/s]
Extract:  35%|###5      | 203/578 [00:31<01:16,  4.87it/s]
Extract:  36%|###5      | 206/578 [00:32<00:50,  7.32it/s]
Extract:  36%|###5      | 207/578 [00:32<00:58,  6.39it/s]
Extract:  36%|###6      | 209/578 [00:32<00:48,  7.64it/s]
Extract:  37%|###6      | 211/578 [00:32<00:38,  9.56it/s]
Extract:  37%|###6      | 213/578 [00:33<00:53,  6.84it/s]
Extract:  37%|###7      | 215/578 [00:33<00:57,  6.31it/s]
Extract:  38%|###7      | 217/578 [00:33<00:52,  6.92it/s]
Extract:  38%|###8      | 220/578 [00:33<00:41,  8.64it/s]
Extract:  38%|###8      | 222/578 [00:34<00:37,  9.57it/s]
Extract:  39%|###8      | 224/578 [00:34<00:34, 10.16it/s]
Extract:  39%|###9      | 226/578 [00:34<00:54,  6.45it/s]
Extract:  39%|###9      | 227/578 [00:34<00:54,  6.44it/s]
Extract:  40%|###9      | 229/578 [00:35<00:44,  7.78it/s]
Extract:  40%|###9      | 230/578 [00:35<00:50,  6.83it/s]
Extract:  40%|###9      | 231/578 [00:35<00:50,  6.85it/s]
Extract:  40%|####      | 232/578 [00:35<00:51,  6.75it/s]
Extract:  40%|####      | 234/578 [00:35<00:42,  8.08it/s]
Extract:  41%|####      | 236/578 [00:36<01:01,  5.56it/s]
Extract:  41%|####1     | 237/578 [00:36<01:11,  4.77it/s]
Extract:  42%|####1     | 240/578 [00:36<00:49,  6.85it/s]
Extract:  42%|####2     | 243/578 [00:37<00:34,  9.57it/s]
Extract:  42%|####2     | 245/578 [00:37<00:42,  7.93it/s]
Extract:  43%|####2     | 247/578 [00:37<00:39,  8.36it/s]
Extract:  43%|####3     | 249/578 [00:37<00:45,  7.17it/s]
Extract:  43%|####3     | 250/578 [00:38<00:43,  7.52it/s]
Extract:  43%|####3     | 251/578 [00:38<00:43,  7.58it/s]
Extract:  44%|####3     | 253/578 [00:38<00:33,  9.58it/s]
Extract:  44%|####4     | 255/578 [00:38<00:39,  8.27it/s]
Extract:  44%|####4     | 257/578 [00:38<00:43,  7.31it/s]
Extract:  45%|####4     | 259/578 [00:39<00:36,  8.81it/s]
Extract:  45%|####5     | 261/578 [00:39<00:31, 10.07it/s]
Extract:  46%|####5     | 263/578 [00:39<00:46,  6.79it/s]
Extract:  46%|####5     | 265/578 [00:40<00:48,  6.41it/s]
Extract:  46%|####6     | 266/578 [00:40<00:50,  6.18it/s]
Extract:  46%|####6     | 267/578 [00:40<01:03,  4.87it/s]
Extract:  47%|####6     | 269/578 [00:40<00:55,  5.59it/s]
Extract:  47%|####7     | 273/578 [00:41<00:43,  7.00it/s]
Extract:  47%|####7     | 274/578 [00:41<00:54,  5.57it/s]
Extract:  48%|####7     | 275/578 [00:42<00:58,  5.19it/s]
Extract:  48%|####7     | 276/578 [00:42<00:57,  5.26it/s]
Extract:  48%|####7     | 277/578 [00:42<00:51,  5.81it/s]
Extract:  48%|####8     | 280/578 [00:42<00:44,  6.77it/s]
Extract:  49%|####8     | 282/578 [00:42<00:35,  8.38it/s]
Extract:  49%|####8     | 283/578 [00:43<00:41,  7.14it/s]
Extract:  49%|####9     | 285/578 [00:43<00:38,  7.70it/s]
Extract:  49%|####9     | 286/578 [00:43<00:39,  7.48it/s]
Extract:  50%|####9     | 288/578 [00:43<00:34,  8.44it/s]
Extract:  50%|#####     | 289/578 [00:43<00:35,  8.04it/s]
Extract:  50%|#####     | 290/578 [00:44<00:47,  6.00it/s]
Extract:  50%|#####     | 291/578 [00:44<00:43,  6.57it/s]
Extract:  51%|#####     | 294/578 [00:44<00:32,  8.84it/s]
Extract:  51%|#####1    | 295/578 [00:44<00:52,  5.42it/s]
Extract:  51%|#####1    | 296/578 [00:44<00:47,  5.96it/s]
Extract:  51%|#####1    | 297/578 [00:45<01:02,  4.51it/s]
Extract:  52%|#####1    | 299/578 [00:45<00:43,  6.39it/s]
Extract:  52%|#####2    | 301/578 [00:45<00:43,  6.37it/s]
Extract:  53%|#####2    | 304/578 [00:46<00:42,  6.40it/s]
Extract:  53%|#####2    | 305/578 [00:46<00:41,  6.63it/s]
Extract:  53%|#####3    | 307/578 [00:46<00:47,  5.70it/s]
Extract:  53%|#####3    | 308/578 [00:47<00:48,  5.52it/s]
Extract:  53%|#####3    | 309/578 [00:47<01:03,  4.24it/s]
Extract:  54%|#####3    | 310/578 [00:47<00:56,  4.75it/s]
Extract:  54%|#####3    | 311/578 [00:47<01:05,  4.07it/s]
Extract:  54%|#####3    | 312/578 [00:48<01:16,  3.50it/s]
Extract:  54%|#####4    | 313/578 [00:48<01:02,  4.24it/s]
Extract:  54%|#####4    | 314/578 [00:48<01:03,  4.17it/s]
Extract:  55%|#####4    | 316/578 [00:48<00:50,  5.21it/s]
Extract:  55%|#####5    | 318/578 [00:49<00:45,  5.72it/s]
Extract:  55%|#####5    | 319/578 [00:49<00:42,  6.03it/s]
Extract:  55%|#####5    | 320/578 [00:49<00:50,  5.09it/s]
Extract:  56%|#####5    | 321/578 [00:49<00:45,  5.64it/s]
Extract:  56%|#####5    | 322/578 [00:50<00:47,  5.35it/s]
Extract:  56%|#####5    | 323/578 [00:50<00:41,  6.11it/s]
Extract:  56%|#####6    | 325/578 [00:50<00:34,  7.24it/s]
Extract:  56%|#####6    | 326/578 [00:50<00:36,  6.85it/s]
Extract:  57%|#####6    | 328/578 [00:50<00:34,  7.32it/s]
Extract:  57%|#####7    | 330/578 [00:50<00:30,  8.26it/s]
Extract:  57%|#####7    | 332/578 [00:51<00:33,  7.43it/s]
Extract:  58%|#####7    | 335/578 [00:51<00:24,  9.94it/s]
Extract:  58%|#####8    | 337/578 [00:51<00:20, 11.48it/s]
Extract:  59%|#####8    | 339/578 [00:51<00:18, 12.95it/s]
Extract:  59%|#####8    | 341/578 [00:51<00:19, 12.33it/s]
Extract:  59%|#####9    | 343/578 [00:51<00:19, 12.27it/s]
Extract:  60%|#####9    | 345/578 [00:52<00:27,  8.39it/s]
Extract:  60%|######    | 347/578 [00:52<00:25,  9.22it/s]
Extract:  60%|######    | 349/578 [00:52<00:31,  7.31it/s]
Extract:  61%|######    | 350/578 [00:53<00:32,  7.12it/s]
Extract:  61%|######    | 351/578 [00:53<00:43,  5.17it/s]
Extract:  61%|######1   | 353/578 [00:53<00:36,  6.10it/s]
Extract:  61%|######1   | 355/578 [00:53<00:28,  7.89it/s]
Extract:  62%|######1   | 357/578 [00:54<00:35,  6.22it/s]
Extract:  62%|######2   | 359/578 [00:54<00:32,  6.78it/s]
Extract:  62%|######2   | 360/578 [00:54<00:32,  6.72it/s]
Extract:  63%|######2   | 362/578 [00:55<00:34,  6.33it/s]
Extract:  63%|######2   | 363/578 [00:55<00:32,  6.56it/s]
Extract:  63%|######3   | 365/578 [00:55<00:29,  7.23it/s]
Extract:  63%|######3   | 366/578 [00:55<00:31,  6.73it/s]
Extract:  63%|######3   | 367/578 [00:55<00:36,  5.81it/s]
Extract:  64%|######3   | 368/578 [00:56<00:35,  5.85it/s]
Extract:  64%|######3   | 369/578 [00:56<00:49,  4.19it/s]
Extract:  65%|######4   | 373/578 [00:56<00:30,  6.82it/s]
Extract:  65%|######4   | 375/578 [00:56<00:24,  8.15it/s]
Extract:  65%|######5   | 376/578 [00:57<00:24,  8.11it/s]
Extract:  65%|######5   | 377/578 [00:57<00:26,  7.60it/s]
Extract:  66%|######5   | 379/578 [00:57<00:23,  8.53it/s]
Extract:  66%|######5   | 380/578 [00:57<00:26,  7.60it/s]
Extract:  66%|######6   | 382/578 [00:57<00:27,  7.06it/s]
Extract:  66%|######6   | 383/578 [00:58<00:25,  7.50it/s]
Extract:  66%|######6   | 384/578 [00:58<00:27,  7.18it/s]
Extract:  67%|######6   | 386/578 [00:58<00:21,  9.06it/s]
Extract:  67%|######6   | 387/578 [00:58<00:27,  7.01it/s]
Extract:  67%|######7   | 390/578 [00:58<00:17, 10.52it/s]
Extract:  68%|######7   | 392/578 [00:58<00:18,  9.96it/s]
Extract:  68%|######8   | 394/578 [00:59<00:19,  9.33it/s]
Extract:  69%|######8   | 396/578 [00:59<00:20,  8.81it/s]
Extract:  69%|######8   | 397/578 [00:59<00:25,  7.22it/s]
Extract:  69%|######9   | 399/578 [00:59<00:21,  8.26it/s]
Extract:  70%|######9   | 402/578 [01:00<00:16, 10.75it/s]
Extract:  70%|######9   | 404/578 [01:00<00:14, 12.36it/s]
Extract:  70%|#######   | 406/578 [01:00<00:14, 11.78it/s]
Extract:  71%|#######   | 408/578 [01:01<00:27,  6.15it/s]
Extract:  71%|#######   | 410/578 [01:01<00:23,  7.17it/s]
Extract:  71%|#######1  | 413/578 [01:01<00:19,  8.39it/s]
Extract:  72%|#######1  | 415/578 [01:01<00:17,  9.13it/s]
Extract:  72%|#######2  | 417/578 [01:01<00:15, 10.51it/s]
Extract:  72%|#######2  | 419/578 [01:02<00:19,  8.23it/s]
Extract:  73%|#######2  | 421/578 [01:02<00:21,  7.16it/s]
Extract:  73%|#######3  | 422/578 [01:02<00:21,  7.33it/s]
Extract:  73%|#######3  | 424/578 [01:02<00:18,  8.50it/s]
Extract:  74%|#######3  | 426/578 [01:03<00:20,  7.57it/s]
Extract:  74%|#######3  | 427/578 [01:03<00:26,  5.81it/s]
Extract:  74%|#######4  | 428/578 [01:03<00:31,  4.72it/s]
Extract:  74%|#######4  | 429/578 [01:04<00:35,  4.21it/s]
Extract:  75%|#######4  | 431/578 [01:04<00:24,  6.01it/s]
Extract:  75%|#######4  | 432/578 [01:04<00:26,  5.56it/s]
Extract:  75%|#######5  | 434/578 [01:04<00:24,  5.86it/s]
Extract:  75%|#######5  | 435/578 [01:04<00:22,  6.22it/s]
Extract:  76%|#######5  | 437/578 [01:05<00:17,  7.87it/s]
Extract:  76%|#######5  | 438/578 [01:05<00:17,  8.02it/s]
Extract:  76%|#######5  | 439/578 [01:05<00:19,  7.02it/s]
Extract:  76%|#######6  | 441/578 [01:05<00:23,  5.94it/s]
Extract:  77%|#######6  | 443/578 [01:05<00:18,  7.29it/s]
Extract:  77%|#######6  | 444/578 [01:06<00:18,  7.33it/s]
Extract:  77%|#######6  | 445/578 [01:06<00:29,  4.51it/s]
Extract:  78%|#######7  | 448/578 [01:06<00:16,  7.73it/s]
Extract:  78%|#######7  | 450/578 [01:07<00:21,  6.06it/s]
Extract:  78%|#######8  | 452/578 [01:07<00:22,  5.52it/s]
Extract:  79%|#######8  | 454/578 [01:07<00:18,  6.87it/s]
Extract:  79%|#######8  | 456/578 [01:07<00:14,  8.18it/s]
Extract:  79%|#######9  | 458/578 [01:08<00:14,  8.02it/s]
Extract:  80%|#######9  | 461/578 [01:08<00:11,  9.85it/s]
Extract:  80%|########  | 463/578 [01:08<00:15,  7.55it/s]
Extract:  81%|########  | 466/578 [01:09<00:13,  8.17it/s]
Extract:  81%|########  | 467/578 [01:09<00:15,  7.04it/s]
Extract:  81%|########  | 468/578 [01:09<00:21,  5.07it/s]
Extract:  81%|########1 | 470/578 [01:10<00:19,  5.60it/s]
Extract:  81%|########1 | 471/578 [01:10<00:20,  5.33it/s]
Extract:  82%|########1 | 472/578 [01:10<00:19,  5.38it/s]
Extract:  82%|########1 | 473/578 [01:10<00:19,  5.41it/s]
Extract:  82%|########2 | 474/578 [01:10<00:17,  5.93it/s]
Extract:  82%|########2 | 475/578 [01:10<00:17,  5.81it/s]
Extract:  82%|########2 | 476/578 [01:11<00:21,  4.72it/s]
Extract:  83%|########2 | 478/578 [01:11<00:15,  6.41it/s]
Extract:  83%|########2 | 479/578 [01:11<00:14,  6.86it/s]
Extract:  83%|########3 | 481/578 [01:11<00:12,  7.86it/s]
Extract:  84%|########3 | 483/578 [01:11<00:09,  9.53it/s]
Extract:  84%|########3 | 485/578 [01:11<00:08, 11.27it/s]
Extract:  84%|########4 | 487/578 [01:12<00:07, 11.51it/s]
Extract:  85%|########4 | 489/578 [01:12<00:11,  7.64it/s]
Extract:  85%|########4 | 491/578 [01:12<00:13,  6.64it/s]
Extract:  85%|########5 | 492/578 [01:13<00:13,  6.37it/s]
Extract:  85%|########5 | 493/578 [01:13<00:12,  6.56it/s]
Extract:  85%|########5 | 494/578 [01:13<00:13,  6.08it/s]
Extract:  86%|########5 | 497/578 [01:13<00:08, 10.02it/s]
Extract:  86%|########6 | 499/578 [01:14<00:10,  7.66it/s]
Extract:  87%|########6 | 502/578 [01:14<00:07, 10.61it/s]
Extract:  87%|########7 | 504/578 [01:14<00:07,  9.46it/s]
Extract:  88%|########7 | 506/578 [01:14<00:09,  7.28it/s]
Extract:  88%|########7 | 508/578 [01:15<00:09,  7.26it/s]
Extract:  88%|########8 | 510/578 [01:15<00:10,  6.63it/s]
Extract:  89%|########8 | 512/578 [01:15<00:09,  7.08it/s]
Extract:  89%|########9 | 515/578 [01:16<00:07,  7.89it/s]
Extract:  89%|########9 | 516/578 [01:16<00:10,  6.02it/s]
Extract:  89%|########9 | 517/578 [01:16<00:10,  5.76it/s]
Extract:  90%|########9 | 519/578 [01:16<00:09,  6.46it/s]
Extract:  90%|######### | 521/578 [01:16<00:06,  8.22it/s]
Extract:  90%|######### | 523/578 [01:17<00:07,  7.32it/s]
Extract:  91%|######### | 525/578 [01:17<00:06,  8.40it/s]
Extract:  91%|#########1| 527/578 [01:18<00:08,  5.75it/s]
Extract:  91%|#########1| 528/578 [01:18<00:08,  6.03it/s]
Extract:  92%|#########1| 529/578 [01:18<00:07,  6.35it/s]
Extract:  92%|#########1| 530/578 [01:18<00:07,  6.74it/s]
Extract:  92%|#########2| 532/578 [01:18<00:05,  7.95it/s]
Extract:  92%|#########2| 534/578 [01:18<00:05,  8.05it/s]
Extract:  93%|#########2| 537/578 [01:19<00:04, 10.24it/s]
Extract:  93%|#########3| 539/578 [01:19<00:03, 10.71it/s]
Extract:  94%|#########3| 541/578 [01:19<00:04,  7.93it/s]
Extract:  94%|#########3| 543/578 [01:19<00:04,  8.74it/s]
Extract:  94%|#########4| 546/578 [01:20<00:04,  7.54it/s]
Extract:  95%|#########4| 547/578 [01:20<00:05,  5.23it/s]
Extract:  95%|#########5| 550/578 [01:20<00:03,  7.53it/s]
Extract:  96%|#########5| 553/578 [01:21<00:03,  7.32it/s]
Extract:  96%|#########6| 555/578 [01:22<00:04,  4.97it/s]
Extract:  96%|#########6| 556/578 [01:22<00:04,  5.06it/s]
Extract:  96%|#########6| 557/578 [01:22<00:04,  4.63it/s]
Extract:  97%|#########6| 560/578 [01:23<00:03,  5.49it/s]
Extract:  97%|#########7| 561/578 [01:23<00:03,  5.63it/s]
Extract:  98%|#########7| 564/578 [01:23<00:02,  6.63it/s]
Extract:  98%|#########7| 565/578 [01:23<00:02,  5.13it/s]
Extract:  98%|#########7| 566/578 [01:24<00:02,  5.37it/s]
Extract:  98%|#########8| 567/578 [01:24<00:01,  5.80it/s]
Extract:  98%|#########8| 568/578 [01:24<00:02,  4.10it/s]
Extract:  99%|#########8| 572/578 [01:24<00:00,  7.76it/s]
Extract:  99%|#########9| 574/578 [01:24<00:00,  9.17it/s]
Extract: 100%|#########9| 576/578 [01:25<00:00,  6.48it/s]
Extract: 100%|##########| 578/578 [01:25<00:00,  6.75it/s]

Extract:   0%|          | 0/578 [00:00<?, ?it/s]
Extract:   0%|          | 2/578 [00:00<00:38, 14.89it/s]
Extract:   1%|          | 4/578 [00:00<01:07,  8.52it/s]
Extract:   1%|          | 5/578 [00:00<01:08,  8.33it/s]
Extract:   1%|1         | 6/578 [00:00<01:10,  8.13it/s]
Extract:   1%|1         | 7/578 [00:00<01:35,  5.99it/s]
Extract:   1%|1         | 8/578 [00:01<01:55,  4.94it/s]
Extract:   2%|1         | 9/578 [00:01<02:00,  4.72it/s]
Extract:   2%|1         | 10/578 [00:01<02:22,  3.98it/s]
Extract:   2%|1         | 11/578 [00:02<02:11,  4.31it/s]
Extract:   2%|2         | 12/578 [00:02<02:24,  3.92it/s]
Extract:   2%|2         | 13/578 [00:02<02:13,  4.23it/s]
Extract:   2%|2         | 14/578 [00:02<02:15,  4.17it/s]
Extract:   3%|2         | 15/578 [00:03<02:50,  3.30it/s]
Extract:   3%|2         | 16/578 [00:03<02:21,  3.98it/s]
Extract:   3%|3         | 19/578 [00:03<01:14,  7.47it/s]
Extract:   4%|3         | 21/578 [00:04<01:42,  5.44it/s]
Extract:   4%|3         | 22/578 [00:04<01:38,  5.65it/s]
Extract:   4%|3         | 23/578 [00:04<01:57,  4.73it/s]
Extract:   4%|4         | 24/578 [00:04<01:45,  5.24it/s]
Extract:   4%|4         | 26/578 [00:04<01:14,  7.41it/s]
Extract:   5%|4         | 28/578 [00:05<01:33,  5.86it/s]
Extract:   5%|5         | 29/578 [00:05<01:27,  6.27it/s]
Extract:   5%|5         | 30/578 [00:05<01:24,  6.45it/s]
Extract:   5%|5         | 31/578 [00:05<01:32,  5.94it/s]
Extract:   6%|5         | 34/578 [00:05<00:57,  9.39it/s]
Extract:   6%|6         | 36/578 [00:06<00:55,  9.76it/s]
Extract:   7%|6         | 38/578 [00:06<01:15,  7.13it/s]
Extract:   7%|6         | 40/578 [00:06<01:00,  8.85it/s]
Extract:   7%|7         | 42/578 [00:07<01:24,  6.34it/s]
Extract:   7%|7         | 43/578 [00:07<01:39,  5.36it/s]
Extract:   8%|7         | 45/578 [00:07<01:14,  7.13it/s]
Extract:   8%|8         | 47/578 [00:07<01:10,  7.53it/s]
Extract:   8%|8         | 49/578 [00:07<00:56,  9.39it/s]
Extract:   9%|8         | 51/578 [00:08<01:39,  5.28it/s]
Extract:   9%|9         | 53/578 [00:08<01:37,  5.41it/s]
Extract:   9%|9         | 54/578 [00:09<01:50,  4.73it/s]
Extract:  10%|9         | 55/578 [00:09<01:49,  4.75it/s]
Extract:  10%|9         | 57/578 [00:09<01:22,  6.29it/s]
Extract:  10%|#         | 58/578 [00:09<01:35,  5.46it/s]
Extract:  10%|#         | 59/578 [00:10<01:31,  5.67it/s]
Extract:  10%|#         | 60/578 [00:10<01:48,  4.78it/s]
Extract:  11%|#         | 61/578 [00:10<02:08,  4.03it/s]
Extract:  11%|#         | 63/578 [00:10<01:29,  5.78it/s]
Extract:  11%|#1        | 64/578 [00:11<01:36,  5.31it/s]
Extract:  11%|#1        | 65/578 [00:11<01:47,  4.79it/s]
Extract:  11%|#1        | 66/578 [00:11<01:46,  4.80it/s]
Extract:  12%|#1        | 67/578 [00:12<02:20,  3.64it/s]
Extract:  12%|#1        | 69/578 [00:12<01:37,  5.20it/s]
Extract:  12%|#2        | 71/578 [00:12<01:16,  6.63it/s]
Extract:  12%|#2        | 72/578 [00:12<01:14,  6.82it/s]
Extract:  13%|#2        | 73/578 [00:12<01:39,  5.06it/s]
Extract:  13%|#2        | 75/578 [00:12<01:14,  6.79it/s]
Extract:  13%|#3        | 76/578 [00:13<01:14,  6.73it/s]
Extract:  13%|#3        | 77/578 [00:13<02:08,  3.90it/s]
Extract:  14%|#3        | 79/578 [00:13<01:29,  5.60it/s]
Extract:  14%|#4        | 81/578 [00:14<01:11,  6.96it/s]
Extract:  14%|#4        | 82/578 [00:14<01:06,  7.42it/s]
Extract:  14%|#4        | 83/578 [00:14<01:04,  7.69it/s]
Extract:  15%|#4        | 84/578 [00:14<01:43,  4.75it/s]
Extract:  15%|#4        | 86/578 [00:14<01:20,  6.12it/s]
Extract:  15%|#5        | 88/578 [00:15<01:02,  7.84it/s]
Extract:  16%|#5        | 90/578 [00:15<01:42,  4.76it/s]
Extract:  16%|#5        | 91/578 [00:16<01:57,  4.14it/s]
Extract:  16%|#5        | 92/578 [00:16<02:24,  3.36it/s]
Extract:  16%|#6        | 94/578 [00:16<01:49,  4.42it/s]
Extract:  17%|#6        | 96/578 [00:17<02:03,  3.90it/s]
Extract:  17%|#6        | 97/578 [00:17<01:49,  4.39it/s]
Extract:  17%|#6        | 98/578 [00:17<01:44,  4.61it/s]
Extract:  17%|#7        | 100/578 [00:18<01:25,  5.61it/s]
Extract:  18%|#7        | 102/578 [00:18<01:04,  7.35it/s]
Extract:  18%|#8        | 105/578 [00:18<00:52,  9.09it/s]
Extract:  19%|#8        | 107/578 [00:18<01:05,  7.18it/s]
Extract:  19%|#8        | 108/578 [00:19<01:14,  6.32it/s]
Extract:  19%|#9        | 110/578 [00:19<01:03,  7.38it/s]
Extract:  19%|#9        | 111/578 [00:19<01:03,  7.34it/s]
Extract:  20%|#9        | 114/578 [00:19<00:46, 10.00it/s]
Extract:  20%|##        | 116/578 [00:19<00:56,  8.12it/s]
Extract:  20%|##        | 117/578 [00:20<01:22,  5.61it/s]
Extract:  21%|##        | 120/578 [00:20<01:13,  6.23it/s]
Extract:  21%|##        | 121/578 [00:21<01:32,  4.97it/s]
Extract:  21%|##1       | 123/578 [00:21<01:14,  6.15it/s]
Extract:  22%|##1       | 125/578 [00:21<01:22,  5.51it/s]
Extract:  22%|##1       | 126/578 [00:21<01:17,  5.85it/s]
Extract:  22%|##2       | 128/578 [00:21<01:00,  7.42it/s]
Extract:  22%|##2       | 130/578 [00:22<01:01,  7.25it/s]
Extract:  23%|##2       | 131/578 [00:22<01:34,  4.75it/s]
Extract:  23%|##3       | 133/578 [00:23<01:25,  5.19it/s]
Extract:  23%|##3       | 135/578 [00:23<01:10,  6.32it/s]
Extract:  24%|##3       | 136/578 [00:23<01:07,  6.54it/s]
Extract:  24%|##3       | 137/578 [00:23<01:23,  5.26it/s]
Extract:  24%|##3       | 138/578 [00:24<01:40,  4.39it/s]
Extract:  24%|##4       | 139/578 [00:24<01:38,  4.44it/s]
Extract:  25%|##4       | 144/578 [00:24<00:41, 10.52it/s]
Extract:  25%|##5       | 146/578 [00:24<00:58,  7.37it/s]
Extract:  26%|##5       | 148/578 [00:25<01:08,  6.27it/s]
Extract:  26%|##5       | 150/578 [00:25<01:24,  5.08it/s]
Extract:  26%|##6       | 153/578 [00:26<01:17,  5.51it/s]
Extract:  27%|##6       | 155/578 [00:26<01:17,  5.46it/s]
Extract:  27%|##7       | 158/578 [00:26<00:56,  7.37it/s]
Extract:  28%|##7       | 160/578 [00:27<00:56,  7.40it/s]
Extract:  28%|##8       | 162/578 [00:27<00:47,  8.82it/s]
Extract:  28%|##8       | 164/578 [00:27<01:09,  5.95it/s]
Extract:  29%|##8       | 166/578 [00:28<01:02,  6.63it/s]
Extract:  29%|##8       | 167/578 [00:28<01:24,  4.84it/s]
Extract:  29%|##9       | 169/578 [00:28<01:09,  5.85it/s]
Extract:  29%|##9       | 170/578 [00:28<01:07,  6.01it/s]
Extract:  30%|##9       | 172/578 [00:29<01:02,  6.54it/s]
Extract:  30%|##9       | 173/578 [00:29<01:21,  4.95it/s]
Extract:  30%|###       | 174/578 [00:29<01:13,  5.47it/s]
Extract:  30%|###       | 176/578 [00:29<00:58,  6.82it/s]
Extract:  31%|###       | 177/578 [00:30<01:31,  4.40it/s]
Extract:  31%|###       | 179/578 [00:30<01:10,  5.62it/s]
Extract:  31%|###1      | 180/578 [00:30<01:26,  4.63it/s]
Extract:  31%|###1      | 181/578 [00:31<01:54,  3.46it/s]
Extract:  31%|###1      | 182/578 [00:31<01:37,  4.07it/s]
Extract:  32%|###1      | 184/578 [00:31<01:16,  5.18it/s]
Extract:  32%|###2      | 185/578 [00:32<01:29,  4.37it/s]
Extract:  32%|###2      | 186/578 [00:32<01:18,  4.99it/s]
Extract:  33%|###2      | 188/578 [00:32<01:08,  5.71it/s]
Extract:  33%|###2      | 189/578 [00:32<01:23,  4.66it/s]
Extract:  33%|###3      | 191/578 [00:33<01:17,  5.02it/s]
Extract:  33%|###3      | 192/578 [00:33<01:08,  5.64it/s]
Extract:  33%|###3      | 193/578 [00:33<01:01,  6.27it/s]
Extract:  34%|###3      | 195/578 [00:33<00:48,  7.96it/s]
Extract:  34%|###4      | 197/578 [00:34<00:56,  6.73it/s]
Extract:  34%|###4      | 198/578 [00:34<00:58,  6.53it/s]
Extract:  35%|###4      | 201/578 [00:34<01:15,  5.03it/s]
Extract:  35%|###4      | 202/578 [00:35<01:12,  5.22it/s]
Extract:  35%|###5      | 203/578 [00:35<01:27,  4.28it/s]
Extract:  36%|###5      | 206/578 [00:35<00:55,  6.65it/s]
Extract:  36%|###5      | 207/578 [00:35<01:04,  5.80it/s]
Extract:  36%|###6      | 209/578 [00:36<00:48,  7.55it/s]
Extract:  37%|###6      | 211/578 [00:36<00:40,  9.04it/s]
Extract:  37%|###6      | 213/578 [00:36<01:00,  6.01it/s]
Extract:  37%|###7      | 215/578 [00:37<00:56,  6.40it/s]
Extract:  38%|###7      | 217/578 [00:37<00:47,  7.54it/s]
Extract:  38%|###8      | 220/578 [00:37<00:35,  9.97it/s]
Extract:  38%|###8      | 222/578 [00:37<00:32, 10.93it/s]
Extract:  39%|###8      | 224/578 [00:37<00:43,  8.15it/s]
Extract:  39%|###9      | 226/578 [00:38<00:55,  6.32it/s]
Extract:  39%|###9      | 227/578 [00:38<00:53,  6.55it/s]
Extract:  40%|###9      | 229/578 [00:38<00:46,  7.58it/s]
Extract:  40%|###9      | 230/578 [00:39<00:59,  5.84it/s]
Extract:  40%|###9      | 231/578 [00:39<01:07,  5.10it/s]
Extract:  40%|####      | 232/578 [00:39<01:02,  5.57it/s]
Extract:  40%|####      | 233/578 [00:39<00:56,  6.13it/s]
Extract:  40%|####      | 234/578 [00:39<00:51,  6.74it/s]
Extract:  41%|####      | 235/578 [00:39<00:46,  7.36it/s]
Extract:  41%|####      | 236/578 [00:40<01:10,  4.83it/s]
Extract:  41%|####1     | 237/578 [00:40<01:26,  3.95it/s]
Extract:  42%|####1     | 240/578 [00:40<00:50,  6.63it/s]
Extract:  42%|####2     | 243/578 [00:40<00:33,  9.91it/s]
Extract:  42%|####2     | 245/578 [00:41<00:58,  5.71it/s]
Extract:  43%|####2     | 247/578 [00:41<00:51,  6.42it/s]
Extract:  43%|####3     | 249/578 [00:42<00:56,  5.81it/s]
Extract:  43%|####3     | 251/578 [00:42<00:48,  6.75it/s]
Extract:  44%|####3     | 253/578 [00:42<00:40,  8.04it/s]
Extract:  44%|####4     | 255/578 [00:42<00:38,  8.41it/s]
Extract:  44%|####4     | 257/578 [00:43<00:46,  6.88it/s]
Extract:  45%|####4     | 259/578 [00:43<00:40,  7.96it/s]
Extract:  45%|####5     | 261/578 [00:43<00:35,  8.95it/s]
Extract:  46%|####5     | 263/578 [00:44<00:52,  5.98it/s]
Extract:  46%|####5     | 265/578 [00:44<00:51,  6.08it/s]
Extract:  46%|####6     | 266/578 [00:44<00:51,  6.05it/s]
Extract:  46%|####6     | 267/578 [00:45<01:16,  4.07it/s]
Extract:  46%|####6     | 268/578 [00:45<01:06,  4.65it/s]
Extract:  47%|####6     | 269/578 [00:45<01:12,  4.25it/s]
Extract:  47%|####7     | 273/578 [00:45<00:51,  5.89it/s]
Extract:  47%|####7     | 274/578 [00:46<01:04,  4.71it/s]
Extract:  48%|####7     | 275/578 [00:46<01:08,  4.43it/s]
Extract:  48%|####7     | 276/578 [00:46<01:04,  4.70it/s]
Extract:  48%|####8     | 279/578 [00:46<00:39,  7.63it/s]
Extract:  49%|####8     | 281/578 [00:47<00:38,  7.75it/s]
Extract:  49%|####8     | 282/578 [00:47<00:37,  7.91it/s]
Extract:  49%|####8     | 283/578 [00:47<00:43,  6.84it/s]
Extract:  49%|####9     | 285/578 [00:47<00:42,  6.82it/s]
Extract:  49%|####9     | 286/578 [00:48<00:42,  6.79it/s]
Extract:  50%|####9     | 287/578 [00:48<00:42,  6.90it/s]
Extract:  50%|####9     | 288/578 [00:48<00:38,  7.45it/s]
Extract:  50%|#####     | 289/578 [00:48<00:40,  7.08it/s]
Extract:  50%|#####     | 290/578 [00:49<01:18,  3.67it/s]
Extract:  51%|#####     | 293/578 [00:49<00:43,  6.58it/s]
Extract:  51%|#####1    | 295/578 [00:49<00:55,  5.08it/s]
Extract:  51%|#####1    | 296/578 [00:49<00:52,  5.41it/s]
Extract:  51%|#####1    | 297/578 [00:50<01:04,  4.37it/s]
Extract:  52%|#####1    | 299/578 [00:50<00:45,  6.16it/s]
Extract:  52%|#####1    | 300/578 [00:50<00:42,  6.50it/s]
Extract:  52%|#####2    | 301/578 [00:50<00:49,  5.58it/s]
Extract:  52%|#####2    | 303/578 [00:50<00:35,  7.80it/s]
Extract:  53%|#####2    | 305/578 [00:51<00:48,  5.57it/s]
Extract:  53%|#####3    | 307/578 [00:51<00:46,  5.83it/s]
Extract:  53%|#####3    | 308/578 [00:51<00:45,  5.89it/s]
Extract:  53%|#####3    | 309/578 [00:52<01:19,  3.40it/s]
Extract:  54%|#####3    | 310/578 [00:52<01:10,  3.81it/s]
Extract:  54%|#####3    | 311/578 [00:53<01:21,  3.27it/s]
Extract:  54%|#####3    | 312/578 [00:53<01:28,  2.99it/s]
Extract:  54%|#####4    | 313/578 [00:53<01:15,  3.52it/s]
Extract:  54%|#####4    | 314/578 [00:54<01:11,  3.69it/s]
Extract:  55%|#####4    | 316/578 [00:54<00:57,  4.57it/s]
Extract:  55%|#####5    | 318/578 [00:54<00:52,  5.00it/s]
Extract:  55%|#####5    | 319/578 [00:54<00:47,  5.44it/s]
Extract:  55%|#####5    | 320/578 [00:55<00:53,  4.81it/s]
Extract:  56%|#####5    | 322/578 [00:55<00:53,  4.77it/s]
Extract:  56%|#####5    | 323/578 [00:55<00:48,  5.27it/s]
Extract:  56%|#####6    | 325/578 [00:55<00:35,  7.22it/s]
Extract:  56%|#####6    | 326/578 [00:55<00:36,  6.85it/s]
Extract:  57%|#####6    | 328/578 [00:56<00:47,  5.27it/s]
Extract:  57%|#####7    | 330/578 [00:56<00:38,  6.41it/s]
Extract:  57%|#####7    | 331/578 [00:56<00:38,  6.46it/s]
Extract:  57%|#####7    | 332/578 [00:57<00:41,  5.95it/s]
Extract:  58%|#####7    | 334/578 [00:57<00:30,  7.97it/s]
Extract:  58%|#####7    | 335/578 [00:57<00:29,  8.26it/s]
Extract:  58%|#####8    | 338/578 [00:57<00:19, 12.19it/s]
Extract:  59%|#####8    | 340/578 [00:57<00:21, 10.98it/s]
Extract:  59%|#####9    | 342/578 [00:57<00:28,  8.21it/s]
Extract:  60%|#####9    | 344/578 [00:58<00:34,  6.78it/s]
Extract:  60%|#####9    | 346/578 [00:58<00:28,  8.14it/s]
Extract:  60%|######    | 348/578 [00:58<00:24,  9.24it/s]
Extract:  61%|######    | 350/578 [00:59<00:36,  6.27it/s]
Extract:  61%|######    | 351/578 [00:59<00:45,  4.99it/s]
Extract:  61%|######1   | 353/578 [00:59<00:37,  6.05it/s]
Extract:  61%|######1   | 355/578 [00:59<00:29,  7.52it/s]
Extract:  62%|######1   | 357/578 [01:00<00:36,  6.00it/s]
Extract:  62%|######2   | 359/578 [01:00<00:31,  7.03it/s]
Extract:  62%|######2   | 360/578 [01:00<00:31,  6.87it/s]
Extract:  62%|######2   | 361/578 [01:00<00:30,  7.12it/s]
Extract:  63%|######2   | 362/578 [01:01<00:57,  3.78it/s]
Extract:  63%|######2   | 364/578 [01:01<00:40,  5.23it/s]
Extract:  63%|######3   | 365/578 [01:01<00:41,  5.18it/s]
Extract:  63%|######3   | 366/578 [01:02<00:38,  5.52it/s]
Extract:  63%|######3   | 367/578 [01:02<00:44,  4.71it/s]
Extract:  64%|######3   | 368/578 [01:02<00:42,  4.98it/s]
Extract:  64%|######3   | 369/578 [01:02<00:52,  3.96it/s]
Extract:  64%|######4   | 371/578 [01:03<00:34,  5.99it/s]
Extract:  65%|######4   | 373/578 [01:03<00:32,  6.25it/s]
Extract:  65%|######4   | 375/578 [01:03<00:25,  7.90it/s]
Extract:  65%|######5   | 377/578 [01:03<00:27,  7.20it/s]
Extract:  66%|######5   | 379/578 [01:03<00:24,  8.19it/s]
Extract:  66%|######5   | 380/578 [01:04<00:26,  7.57it/s]
Extract:  66%|######5   | 381/578 [01:04<00:25,  7.76it/s]
Extract:  66%|######6   | 382/578 [01:04<00:34,  5.74it/s]
Extract:  66%|######6   | 384/578 [01:04<00:32,  6.04it/s]
Extract:  67%|######6   | 386/578 [01:05<00:26,  7.24it/s]
Extract:  67%|######6   | 387/578 [01:05<00:29,  6.49it/s]
Extract:  67%|######7   | 390/578 [01:05<00:19,  9.59it/s]
Extract:  68%|######7   | 392/578 [01:05<00:20,  8.87it/s]
Extract:  68%|######8   | 394/578 [01:06<00:32,  5.66it/s]
Extract:  68%|######8   | 395/578 [01:06<00:31,  5.81it/s]
Extract:  69%|######8   | 397/578 [01:06<00:27,  6.64it/s]
Extract:  69%|######8   | 398/578 [01:06<00:26,  6.87it/s]
Extract:  69%|######9   | 400/578 [01:06<00:20,  8.65it/s]
Extract:  70%|######9   | 402/578 [01:07<00:17, 10.26it/s]
Extract:  70%|######9   | 404/578 [01:07<00:15, 11.57it/s]
Extract:  70%|#######   | 406/578 [01:07<00:17,  9.61it/s]
Extract:  71%|#######   | 408/578 [01:08<00:30,  5.64it/s]
Extract:  71%|#######   | 410/578 [01:08<00:24,  6.84it/s]
Extract:  71%|#######1  | 412/578 [01:08<00:19,  8.39it/s]
Extract:  72%|#######1  | 414/578 [01:08<00:21,  7.64it/s]
Extract:  72%|#######1  | 416/578 [01:09<00:21,  7.47it/s]
Extract:  72%|#######2  | 418/578 [01:09<00:19,  8.07it/s]
Extract:  72%|#######2  | 419/578 [01:09<00:21,  7.46it/s]
Extract:  73%|#######2  | 421/578 [01:09<00:27,  5.66it/s]
Extract:  73%|#######3  | 424/578 [01:10<00:21,  7.11it/s]
Extract:  74%|#######3  | 425/578 [01:10<00:28,  5.34it/s]
Extract:  74%|#######3  | 426/578 [01:10<00:26,  5.66it/s]
Extract:  74%|#######3  | 427/578 [01:11<00:32,  4.60it/s]
Extract:  74%|#######4  | 428/578 [01:11<00:39,  3.79it/s]
Extract:  74%|#######4  | 429/578 [01:12<01:02,  2.39it/s]
Extract:  75%|#######4  | 431/578 [01:12<00:39,  3.68it/s]
Extract:  75%|#######4  | 432/578 [01:12<00:35,  4.11it/s]
Extract:  75%|#######5  | 434/578 [01:13<00:34,  4.20it/s]
Extract:  75%|#######5  | 435/578 [01:13<00:30,  4.70it/s]
Extract:  76%|#######5  | 437/578 [01:13<00:23,  6.02it/s]
Extract:  76%|#######5  | 438/578 [01:13<00:22,  6.18it/s]
Extract:  76%|#######5  | 439/578 [01:13<00:26,  5.23it/s]
Extract:  76%|#######6  | 441/578 [01:14<00:25,  5.29it/s]
Extract:  76%|#######6  | 442/578 [01:14<00:23,  5.73it/s]
Extract:  77%|#######6  | 443/578 [01:14<00:21,  6.33it/s]
Extract:  77%|#######6  | 445/578 [01:15<00:27,  4.86it/s]
Extract:  78%|#######7  | 448/578 [01:15<00:17,  7.60it/s]
Extract:  78%|#######7  | 450/578 [01:15<00:19,  6.56it/s]
Extract:  78%|#######8  | 451/578 [01:15<00:25,  4.96it/s]
Extract:  78%|#######8  | 453/578 [01:16<00:19,  6.26it/s]
Extract:  79%|#######8  | 455/578 [01:16<00:16,  7.26it/s]
Extract:  79%|#######8  | 456/578 [01:16<00:17,  7.05it/s]
Extract:  79%|#######9  | 458/578 [01:16<00:16,  7.16it/s]
Extract:  80%|#######9  | 461/578 [01:16<00:12,  9.46it/s]
Extract:  80%|########  | 463/578 [01:17<00:14,  8.10it/s]
Extract:  81%|########  | 466/578 [01:17<00:13,  8.43it/s]
Extract:  81%|########  | 467/578 [01:17<00:15,  7.19it/s]
Extract:  81%|########  | 468/578 [01:18<00:29,  3.75it/s]
Extract:  81%|########1 | 469/578 [01:18<00:26,  4.18it/s]
Extract:  81%|########1 | 470/578 [01:19<00:24,  4.39it/s]
Extract:  81%|########1 | 471/578 [01:19<00:24,  4.43it/s]
Extract:  82%|########1 | 472/578 [01:19<00:22,  4.61it/s]
Extract:  82%|########1 | 473/578 [01:19<00:20,  5.03it/s]
Extract:  82%|########2 | 474/578 [01:19<00:20,  5.03it/s]
Extract:  82%|########2 | 475/578 [01:19<00:18,  5.70it/s]
Extract:  82%|########2 | 476/578 [01:20<00:24,  4.23it/s]
Extract:  83%|########2 | 477/578 [01:20<00:20,  4.86it/s]
Extract:  83%|########2 | 479/578 [01:20<00:17,  5.81it/s]
Extract:  83%|########3 | 480/578 [01:20<00:15,  6.34it/s]
Extract:  83%|########3 | 481/578 [01:20<00:15,  6.39it/s]
Extract:  84%|########3 | 483/578 [01:21<00:11,  8.47it/s]
Extract:  84%|########3 | 485/578 [01:21<00:09, 10.25it/s]
Extract:  84%|########4 | 487/578 [01:21<00:08, 10.16it/s]
Extract:  85%|########4 | 489/578 [01:21<00:12,  7.22it/s]
Extract:  85%|########4 | 490/578 [01:21<00:11,  7.42it/s]
Extract:  85%|########4 | 491/578 [01:22<00:12,  6.77it/s]
Extract:  85%|########5 | 492/578 [01:22<00:13,  6.25it/s]
Extract:  85%|########5 | 493/578 [01:22<00:15,  5.48it/s]
Extract:  85%|########5 | 494/578 [01:22<00:15,  5.47it/s]
Extract:  86%|########5 | 496/578 [01:22<00:10,  7.53it/s]
Extract:  86%|########6 | 498/578 [01:23<00:13,  6.08it/s]
Extract:  87%|########6 | 501/578 [01:23<00:09,  8.25it/s]
Extract:  87%|########7 | 504/578 [01:23<00:08,  8.59it/s]
Extract:  87%|########7 | 505/578 [01:24<00:11,  6.53it/s]
Extract:  88%|########7 | 507/578 [01:24<00:08,  7.96it/s]
Extract:  88%|########7 | 508/578 [01:24<00:09,  7.48it/s]
Extract:  88%|########8 | 510/578 [01:24<00:10,  6.75it/s]
Extract:  89%|########8 | 512/578 [01:25<00:13,  4.77it/s]
Extract:  89%|########9 | 515/578 [01:25<00:10,  5.97it/s]
Extract:  89%|########9 | 516/578 [01:26<00:12,  5.14it/s]
Extract:  89%|########9 | 517/578 [01:26<00:11,  5.44it/s]
Extract:  90%|########9 | 518/578 [01:26<00:10,  5.94it/s]
Extract:  90%|########9 | 519/578 [01:26<00:11,  5.03it/s]
Extract:  90%|########9 | 520/578 [01:27<00:13,  4.34it/s]
Extract:  90%|######### | 521/578 [01:27<00:11,  5.09it/s]
Extract:  90%|######### | 522/578 [01:27<00:11,  4.73it/s]
Extract:  90%|######### | 523/578 [01:27<00:13,  4.02it/s]
Extract:  91%|######### | 524/578 [01:28<00:12,  4.16it/s]
Extract:  91%|######### | 525/578 [01:28<00:10,  4.85it/s]
Extract:  91%|#########1| 526/578 [01:28<00:17,  3.01it/s]
Extract:  91%|#########1| 528/578 [01:28<00:11,  4.45it/s]
Extract:  92%|#########1| 529/578 [01:29<00:09,  4.95it/s]
Extract:  92%|#########1| 530/578 [01:29<00:08,  5.43it/s]
Extract:  92%|#########2| 532/578 [01:29<00:06,  7.25it/s]
Extract:  92%|#########2| 533/578 [01:29<00:06,  7.35it/s]
Extract:  92%|#########2| 534/578 [01:29<00:06,  6.63it/s]
Extract:  93%|#########2| 537/578 [01:29<00:04,  8.31it/s]
Extract:  93%|#########3| 538/578 [01:30<00:05,  7.21it/s]
Extract:  93%|#########3| 540/578 [01:30<00:05,  6.60it/s]
Extract:  94%|#########3| 541/578 [01:30<00:05,  6.62it/s]
Extract:  94%|#########3| 543/578 [01:30<00:04,  7.25it/s]
Extract:  94%|#########4| 546/578 [01:31<00:04,  6.59it/s]
Extract:  95%|#########4| 547/578 [01:31<00:06,  5.04it/s]
Extract:  95%|#########5| 550/578 [01:31<00:03,  7.53it/s]
Extract:  96%|#########5| 552/578 [01:32<00:02,  9.18it/s]
Extract:  96%|#########5| 554/578 [01:33<00:06,  3.96it/s]
Extract:  96%|#########6| 555/578 [01:33<00:06,  3.55it/s]
Extract:  96%|#########6| 556/578 [01:33<00:06,  3.55it/s]
Extract:  96%|#########6| 557/578 [01:34<00:05,  3.52it/s]
Extract:  97%|#########6| 559/578 [01:34<00:03,  5.16it/s]
Extract:  97%|#########6| 560/578 [01:34<00:04,  4.03it/s]
Extract:  97%|#########7| 561/578 [01:35<00:04,  4.21it/s]
Extract:  98%|#########7| 564/578 [01:35<00:02,  5.03it/s]
Extract:  98%|#########7| 565/578 [01:35<00:03,  4.03it/s]
Extract:  98%|#########7| 566/578 [01:36<00:02,  4.36it/s]
Extract:  98%|#########8| 567/578 [01:36<00:02,  4.75it/s]
Extract:  98%|#########8| 568/578 [01:36<00:02,  3.92it/s]
Extract:  99%|#########8| 570/578 [01:36<00:01,  5.83it/s]
Extract:  99%|#########8| 572/578 [01:36<00:00,  7.43it/s]
Extract:  99%|#########9| 575/578 [01:37<00:00,  8.77it/s]
Extract: 100%|#########9| 577/578 [01:37<00:00,  6.89it/s]
Extract: 100%|##########| 578/578 [01:37<00:00,  5.92it/s]

Extract:   0%|          | 0/578 [00:00<?, ?it/s]
Extract:   0%|          | 2/578 [00:00<00:49, 11.68it/s]
Extract:   1%|          | 4/578 [00:00<01:28,  6.51it/s]
Extract:   1%|          | 5/578 [00:00<01:30,  6.32it/s]
Extract:   1%|1         | 7/578 [00:01<01:28,  6.44it/s]
Extract:   1%|1         | 8/578 [00:01<01:52,  5.05it/s]
Extract:   2%|1         | 9/578 [00:01<01:59,  4.77it/s]
Extract:   2%|1         | 10/578 [00:01<02:04,  4.56it/s]
Extract:   2%|1         | 11/578 [00:02<02:01,  4.65it/s]
Extract:   2%|2         | 12/578 [00:02<02:41,  3.49it/s]
Extract:   2%|2         | 13/578 [00:02<02:17,  4.12it/s]
Extract:   2%|2         | 14/578 [00:03<02:48,  3.36it/s]
Extract:   3%|2         | 15/578 [00:03<03:00,  3.11it/s]
Extract:   3%|2         | 16/578 [00:03<02:28,  3.79it/s]
Extract:   3%|3         | 18/578 [00:03<01:33,  5.99it/s]
Extract:   3%|3         | 20/578 [00:03<01:12,  7.71it/s]
Extract:   4%|3         | 22/578 [00:04<01:55,  4.82it/s]
Extract:   4%|3         | 23/578 [00:04<01:59,  4.66it/s]
Extract:   4%|4         | 24/578 [00:04<01:49,  5.06it/s]
Extract:   4%|4         | 26/578 [00:05<01:22,  6.71it/s]
Extract:   5%|4         | 27/578 [00:05<02:17,  4.01it/s]
Extract:   5%|5         | 29/578 [00:05<01:48,  5.07it/s]
Extract:   5%|5         | 30/578 [00:06<01:55,  4.76it/s]
Extract:   5%|5         | 31/578 [00:06<01:53,  4.84it/s]
Extract:   6%|5         | 34/578 [00:06<01:08,  7.92it/s]
Extract:   6%|6         | 36/578 [00:06<00:57,  9.45it/s]
Extract:   7%|6         | 38/578 [00:06<01:07,  8.04it/s]
Extract:   7%|6         | 40/578 [00:07<01:00,  8.93it/s]
Extract:   7%|7         | 42/578 [00:07<01:23,  6.45it/s]
Extract:   7%|7         | 43/578 [00:08<01:58,  4.51it/s]
Extract:   8%|7         | 46/578 [00:08<01:21,  6.50it/s]
Extract:   8%|8         | 47/578 [00:08<01:24,  6.29it/s]
Extract:   8%|8         | 49/578 [00:08<01:08,  7.74it/s]
Extract:   9%|8         | 51/578 [00:09<01:57,  4.47it/s]
Extract:   9%|8         | 52/578 [00:09<02:08,  4.10it/s]
Extract:   9%|9         | 54/578 [00:10<01:48,  4.84it/s]
Extract:  10%|9         | 55/578 [00:10<02:00,  4.36it/s]
Extract:  10%|9         | 56/578 [00:10<01:45,  4.95it/s]
Extract:  10%|#         | 58/578 [00:10<01:28,  5.85it/s]
Extract:  10%|#         | 59/578 [00:10<01:30,  5.75it/s]
Extract:  10%|#         | 60/578 [00:11<01:47,  4.81it/s]
Extract:  11%|#         | 61/578 [00:11<02:03,  4.18it/s]
Extract:  11%|#         | 63/578 [00:11<01:29,  5.76it/s]
Extract:  11%|#1        | 64/578 [00:12<01:33,  5.51it/s]
Extract:  11%|#1        | 65/578 [00:12<02:10,  3.93it/s]
Extract:  12%|#1        | 67/578 [00:13<02:13,  3.82it/s]
Extract:  12%|#1        | 69/578 [00:13<01:41,  5.02it/s]
Extract:  12%|#2        | 71/578 [00:13<01:21,  6.20it/s]
Extract:  12%|#2        | 72/578 [00:13<01:17,  6.57it/s]
Extract:  13%|#2        | 73/578 [00:14<01:55,  4.39it/s]
Extract:  13%|#2        | 75/578 [00:14<01:28,  5.68it/s]
Extract:  13%|#3        | 76/578 [00:14<01:29,  5.64it/s]
Extract:  13%|#3        | 77/578 [00:15<02:22,  3.52it/s]
Extract:  14%|#3        | 80/578 [00:15<01:24,  5.88it/s]
Extract:  14%|#4        | 82/578 [00:15<01:13,  6.73it/s]
Extract:  14%|#4        | 83/578 [00:15<01:12,  6.82it/s]
Extract:  15%|#4        | 84/578 [00:16<01:47,  4.58it/s]
Extract:  15%|#4        | 86/578 [00:16<01:25,  5.74it/s]
Extract:  15%|#5        | 88/578 [00:16<01:07,  7.25it/s]
Extract:  15%|#5        | 89/578 [00:16<01:41,  4.81it/s]
Extract:  16%|#5        | 90/578 [00:17<01:45,  4.64it/s]
Extract:  16%|#5        | 91/578 [00:17<02:36,  3.12it/s]
Extract:  16%|#5        | 92/578 [00:18<03:08,  2.58it/s]
Extract:  16%|#6        | 94/578 [00:18<02:18,  3.49it/s]
Extract:  17%|#6        | 96/578 [00:19<02:08,  3.75it/s]
Extract:  17%|#6        | 97/578 [00:19<01:55,  4.16it/s]
Extract:  17%|#6        | 98/578 [00:19<02:01,  3.96it/s]
Extract:  17%|#7        | 100/578 [00:19<01:31,  5.25it/s]
Extract:  17%|#7        | 101/578 [00:19<01:21,  5.86it/s]
Extract:  18%|#7        | 104/578 [00:19<00:51,  9.17it/s]
Extract:  18%|#8        | 106/578 [00:20<01:01,  7.63it/s]
Extract:  19%|#8        | 108/578 [00:20<01:30,  5.18it/s]
Extract:  19%|#9        | 110/578 [00:21<01:20,  5.80it/s]
Extract:  19%|#9        | 111/578 [00:21<01:18,  5.99it/s]
Extract:  20%|#9        | 113/578 [00:21<01:01,  7.51it/s]
Extract:  20%|#9        | 114/578 [00:21<01:00,  7.72it/s]
Extract:  20%|##        | 116/578 [00:21<00:59,  7.71it/s]
Extract:  20%|##        | 117/578 [00:22<01:17,  5.96it/s]
Extract:  21%|##        | 120/578 [00:22<01:06,  6.88it/s]
Extract:  21%|##        | 121/578 [00:22<01:26,  5.31it/s]
Extract:  21%|##1       | 123/578 [00:23<01:05,  6.91it/s]
Extract:  22%|##1       | 125/578 [00:23<01:17,  5.82it/s]
Extract:  22%|##1       | 126/578 [00:23<01:19,  5.66it/s]
Extract:  22%|##2       | 128/578 [00:23<01:09,  6.43it/s]
Extract:  22%|##2       | 129/578 [00:24<01:16,  5.88it/s]
Extract:  22%|##2       | 130/578 [00:24<01:40,  4.47it/s]
Extract:  23%|##2       | 131/578 [00:24<01:50,  4.04it/s]
Extract:  23%|##2       | 132/578 [00:24<01:34,  4.73it/s]
Extract:  23%|##3       | 133/578 [00:25<01:30,  4.89it/s]
Extract:  23%|##3       | 135/578 [00:25<01:10,  6.26it/s]
Extract:  24%|##3       | 136/578 [00:25<01:06,  6.66it/s]
Extract:  24%|##3       | 137/578 [00:25<01:30,  4.88it/s]
Extract:  24%|##3       | 138/578 [00:26<02:02,  3.59it/s]
Extract:  24%|##4       | 139/578 [00:26<01:51,  3.95it/s]
Extract:  25%|##4       | 142/578 [00:26<00:58,  7.42it/s]
Extract:  25%|##5       | 146/578 [00:27<00:55,  7.81it/s]
Extract:  26%|##5       | 148/578 [00:27<00:53,  8.00it/s]
Extract:  26%|##5       | 150/578 [00:27<01:11,  6.01it/s]
Extract:  26%|##6       | 153/578 [00:28<01:12,  5.89it/s]
Extract:  27%|##6       | 155/578 [00:28<01:16,  5.56it/s]
Extract:  27%|##7       | 157/578 [00:28<01:02,  6.77it/s]
Extract:  28%|##7       | 159/578 [00:29<00:54,  7.62it/s]
Extract:  28%|##7       | 161/578 [00:29<00:58,  7.13it/s]
Extract:  28%|##8       | 163/578 [00:30<01:25,  4.87it/s]
Extract:  28%|##8       | 164/578 [00:30<01:17,  5.32it/s]
Extract:  29%|##8       | 165/578 [00:30<01:14,  5.56it/s]
Extract:  29%|##8       | 166/578 [00:30<01:10,  5.87it/s]
Extract:  29%|##8       | 167/578 [00:31<01:49,  3.77it/s]
Extract:  29%|##9       | 168/578 [00:31<01:32,  4.42it/s]
Extract:  29%|##9       | 169/578 [00:31<01:20,  5.07it/s]
Extract:  29%|##9       | 170/578 [00:31<01:21,  5.01it/s]
Extract:  30%|##9       | 171/578 [00:31<01:12,  5.64it/s]
Extract:  30%|##9       | 172/578 [00:32<01:34,  4.29it/s]
Extract:  30%|##9       | 173/578 [00:32<01:55,  3.49it/s]
Extract:  30%|###       | 174/578 [00:32<01:35,  4.23it/s]
Extract:  30%|###       | 176/578 [00:32<01:05,  6.14it/s]
Extract:  31%|###       | 177/578 [00:33<01:21,  4.95it/s]
Extract:  31%|###       | 178/578 [00:33<01:23,  4.81it/s]
Extract:  31%|###1      | 180/578 [00:33<01:19,  5.03it/s]
Extract:  31%|###1      | 181/578 [00:33<01:23,  4.78it/s]
Extract:  31%|###1      | 182/578 [00:34<01:14,  5.30it/s]
Extract:  32%|###1      | 184/578 [00:34<01:03,  6.23it/s]
Extract:  32%|###2      | 185/578 [00:34<01:24,  4.65it/s]
Extract:  32%|###2      | 186/578 [00:34<01:14,  5.29it/s]
Extract:  33%|###2      | 188/578 [00:35<00:59,  6.52it/s]
Extract:  33%|###2      | 189/578 [00:35<01:24,  4.60it/s]
Extract:  33%|###3      | 191/578 [00:35<01:11,  5.39it/s]
Extract:  33%|###3      | 193/578 [00:35<00:52,  7.28it/s]
Extract:  34%|###3      | 195/578 [00:35<00:43,  8.80it/s]
Extract:  34%|###4      | 197/578 [00:36<00:50,  7.48it/s]
Extract:  34%|###4      | 198/578 [00:36<00:53,  7.13it/s]
Extract:  35%|###4      | 201/578 [00:36<00:55,  6.83it/s]
Extract:  35%|###4      | 202/578 [00:37<00:56,  6.63it/s]
Extract:  35%|###5      | 203/578 [00:37<01:22,  4.53it/s]
Extract:  36%|###5      | 206/578 [00:37<00:53,  6.99it/s]
Extract:  36%|###5      | 207/578 [00:37<00:56,  6.51it/s]
Extract:  36%|###6      | 210/578 [00:38<00:41,  8.80it/s]
Extract:  37%|###6      | 212/578 [00:38<00:46,  7.88it/s]
Extract:  37%|###6      | 213/578 [00:38<00:46,  7.87it/s]
Extract:  37%|###7      | 215/578 [00:38<00:48,  7.44it/s]
Extract:  38%|###7      | 217/578 [00:39<00:42,  8.48it/s]
Extract:  38%|###8      | 220/578 [00:39<00:30, 11.93it/s]
Extract:  39%|###8      | 223/578 [00:39<00:25, 14.09it/s]
Extract:  39%|###8      | 225/578 [00:39<00:39,  8.86it/s]
Extract:  39%|###9      | 227/578 [00:40<00:39,  8.84it/s]
Extract:  40%|###9      | 229/578 [00:40<00:43,  8.00it/s]
Extract:  40%|###9      | 231/578 [00:40<00:53,  6.53it/s]
Extract:  40%|####      | 232/578 [00:40<00:55,  6.21it/s]
Extract:  40%|####      | 233/578 [00:41<00:52,  6.57it/s]
Extract:  40%|####      | 234/578 [00:41<00:53,  6.48it/s]
Extract:  41%|####      | 236/578 [00:41<01:00,  5.65it/s]
Extract:  41%|####1     | 237/578 [00:42<01:11,  4.76it/s]
Extract:  41%|####1     | 239/578 [00:42<00:50,  6.66it/s]
Extract:  42%|####1     | 240/578 [00:42<00:57,  5.83it/s]
Extract:  42%|####2     | 243/578 [00:42<00:37,  8.82it/s]
Extract:  42%|####2     | 245/578 [00:42<00:44,  7.54it/s]
Extract:  43%|####2     | 247/578 [00:43<00:40,  8.18it/s]
Extract:  43%|####2     | 248/578 [00:43<00:42,  7.70it/s]
Extract:  43%|####3     | 249/578 [00:43<00:42,  7.83it/s]
Extract:  43%|####3     | 251/578 [00:43<00:35,  9.19it/s]
Extract:  44%|####3     | 254/578 [00:43<00:25, 12.62it/s]
Extract:  44%|####4     | 256/578 [00:44<00:40,  8.04it/s]
Extract:  45%|####4     | 258/578 [00:44<00:34,  9.28it/s]
Extract:  45%|####4     | 260/578 [00:44<00:31,  9.94it/s]
Extract:  45%|####5     | 262/578 [00:44<00:41,  7.64it/s]
Extract:  46%|####5     | 263/578 [00:45<00:59,  5.30it/s]
Extract:  46%|####5     | 265/578 [00:45<00:54,  5.71it/s]
Extract:  46%|####6     | 266/578 [00:45<00:57,  5.44it/s]
Extract:  46%|####6     | 267/578 [00:45<01:00,  5.18it/s]
Extract:  47%|####6     | 269/578 [00:46<00:53,  5.73it/s]
Extract:  47%|####7     | 273/578 [00:46<00:44,  6.83it/s]
Extract:  47%|####7     | 274/578 [00:47<01:05,  4.64it/s]
Extract:  48%|####7     | 275/578 [00:47<01:08,  4.42it/s]
Extract:  48%|####7     | 276/578 [00:47<01:01,  4.88it/s]
Extract:  48%|####7     | 277/578 [00:47<00:55,  5.44it/s]
Extract:  48%|####8     | 280/578 [00:48<00:43,  6.78it/s]
Extract:  49%|####8     | 283/578 [00:48<00:37,  7.91it/s]
Extract:  49%|####9     | 285/578 [00:48<00:35,  8.23it/s]
Extract:  49%|####9     | 286/578 [00:48<00:37,  7.84it/s]
Extract:  50%|####9     | 288/578 [00:49<00:33,  8.69it/s]
Extract:  50%|#####     | 289/578 [00:49<00:33,  8.62it/s]
Extract:  50%|#####     | 290/578 [00:49<01:02,  4.58it/s]
Extract:  50%|#####     | 291/578 [00:49<00:55,  5.21it/s]
Extract:  51%|#####     | 294/578 [00:50<00:35,  7.95it/s]
Extract:  51%|#####1    | 296/578 [00:50<00:46,  6.07it/s]
Extract:  51%|#####1    | 297/578 [00:50<00:53,  5.21it/s]
Extract:  52%|#####1    | 299/578 [00:50<00:39,  7.01it/s]
Extract:  52%|#####2    | 301/578 [00:51<00:40,  6.78it/s]
Extract:  53%|#####2    | 304/578 [00:51<00:46,  5.93it/s]
Extract:  53%|#####2    | 306/578 [00:51<00:37,  7.29it/s]
Extract:  53%|#####3    | 308/578 [00:52<00:43,  6.20it/s]
Extract:  53%|#####3    | 309/578 [00:52<01:00,  4.43it/s]
Extract:  54%|#####3    | 310/578 [00:53<00:56,  4.72it/s]
Extract:  54%|#####3    | 311/578 [00:53<01:04,  4.15it/s]
Extract:  54%|#####3    | 312/578 [00:53<01:17,  3.44it/s]
Extract:  54%|#####4    | 313/578 [00:54<01:13,  3.63it/s]
Extract:  54%|#####4    | 314/578 [00:54<01:09,  3.79it/s]
Extract:  55%|#####4    | 316/578 [00:54<00:57,  4.59it/s]
Extract:  55%|#####5    | 318/578 [00:55<00:52,  4.97it/s]
Extract:  55%|#####5    | 319/578 [00:55<00:47,  5.42it/s]
Extract:  55%|#####5    | 320/578 [00:55<00:53,  4.85it/s]
Extract:  56%|#####5    | 322/578 [00:55<00:42,  6.05it/s]
Extract:  56%|#####6    | 325/578 [00:55<00:28,  8.84it/s]
Extract:  57%|#####6    | 327/578 [00:56<00:29,  8.46it/s]
Extract:  57%|#####6    | 328/578 [00:56<00:29,  8.57it/s]
Extract:  57%|#####7    | 330/578 [00:56<00:24, 10.08it/s]
Extract:  57%|#####7    | 332/578 [00:56<00:37,  6.51it/s]
Extract:  58%|#####7    | 335/578 [00:56<00:26,  9.01it/s]
Extract:  58%|#####8    | 337/578 [00:57<00:23, 10.14it/s]
Extract:  59%|#####8    | 339/578 [00:57<00:20, 11.48it/s]
Extract:  59%|#####8    | 341/578 [00:57<00:20, 11.68it/s]
Extract:  59%|#####9    | 343/578 [00:57<00:19, 12.08it/s]
Extract:  60%|#####9    | 345/578 [00:57<00:26,  8.75it/s]
Extract:  60%|######    | 347/578 [00:58<00:24,  9.52it/s]
Extract:  60%|######    | 349/578 [00:58<00:30,  7.51it/s]
Extract:  61%|######    | 350/578 [00:58<00:29,  7.85it/s]
Extract:  61%|######    | 351/578 [00:59<00:48,  4.65it/s]
Extract:  61%|######1   | 353/578 [00:59<00:41,  5.40it/s]
Extract:  61%|######1   | 355/578 [00:59<00:32,  6.97it/s]
Extract:  62%|######1   | 356/578 [00:59<00:39,  5.60it/s]
Extract:  62%|######1   | 357/578 [01:00<00:39,  5.65it/s]
Extract:  62%|######2   | 359/578 [01:00<00:31,  7.02it/s]
Extract:  62%|######2   | 360/578 [01:00<00:33,  6.59it/s]
Extract:  62%|######2   | 361/578 [01:00<00:30,  7.14it/s]
Extract:  63%|######2   | 362/578 [01:00<00:38,  5.62it/s]
Extract:  63%|######2   | 364/578 [01:00<00:26,  7.95it/s]
Extract:  63%|######3   | 366/578 [01:01<00:27,  7.66it/s]
Extract:  63%|######3   | 367/578 [01:01<00:38,  5.47it/s]
Extract:  64%|######3   | 368/578 [01:01<00:37,  5.53it/s]
Extract:  64%|######3   | 369/578 [01:02<00:57,  3.61it/s]
Extract:  65%|######4   | 373/578 [01:02<00:36,  5.59it/s]
Extract:  65%|######4   | 375/578 [01:02<00:29,  6.92it/s]
Extract:  65%|######5   | 376/578 [01:02<00:28,  7.02it/s]
Extract:  65%|######5   | 377/578 [01:03<00:30,  6.49it/s]
Extract:  66%|######5   | 379/578 [01:03<00:25,  7.81it/s]
Extract:  66%|######5   | 380/578 [01:03<00:27,  7.09it/s]
Extract:  66%|######5   | 381/578 [01:03<00:26,  7.36it/s]
Extract:  66%|######6   | 382/578 [01:03<00:33,  5.85it/s]
Extract:  66%|######6   | 384/578 [01:04<00:29,  6.50it/s]
Extract:  67%|######6   | 386/578 [01:04<00:23,  8.35it/s]
Extract:  67%|######6   | 387/578 [01:04<00:24,  7.88it/s]
Extract:  67%|######7   | 390/578 [01:04<00:17, 10.44it/s]
Extract:  68%|######7   | 392/578 [01:04<00:19,  9.71it/s]
Extract:  68%|######8   | 394/578 [01:05<00:19,  9.55it/s]
Extract:  68%|######8   | 395/578 [01:05<00:20,  9.01it/s]
Extract:  69%|######8   | 397/578 [01:05<00:21,  8.40it/s]
Extract:  69%|######9   | 399/578 [01:05<00:20,  8.76it/s]
Extract:  70%|######9   | 402/578 [01:05<00:15, 11.34it/s]
Extract:  70%|#######   | 405/578 [01:06<00:13, 12.62it/s]
Extract:  70%|#######   | 407/578 [01:06<00:22,  7.56it/s]
Extract:  71%|#######   | 409/578 [01:07<00:27,  6.17it/s]
Extract:  71%|#######1  | 411/578 [01:07<00:22,  7.48it/s]
Extract:  71%|#######1  | 413/578 [01:07<00:21,  7.54it/s]
Extract:  72%|#######1  | 416/578 [01:07<00:17,  9.04it/s]
Extract:  72%|#######2  | 418/578 [01:07<00:17,  9.37it/s]
Extract:  73%|#######2  | 420/578 [01:08<00:15, 10.53it/s]
Extract:  73%|#######3  | 422/578 [01:08<00:19,  8.05it/s]
Extract:  73%|#######3  | 424/578 [01:08<00:16,  9.26it/s]
Extract:  74%|#######3  | 426/578 [01:08<00:19,  7.65it/s]
Extract:  74%|#######3  | 427/578 [01:09<00:23,  6.43it/s]
Extract:  74%|#######4  | 428/578 [01:09<00:33,  4.53it/s]
Extract:  74%|#######4  | 429/578 [01:10<00:34,  4.27it/s]
Extract:  75%|#######4  | 431/578 [01:10<00:24,  5.96it/s]
Extract:  75%|#######4  | 432/578 [01:10<00:24,  5.89it/s]
Extract:  75%|#######5  | 434/578 [01:10<00:25,  5.68it/s]
Extract:  75%|#######5  | 436/578 [01:10<00:19,  7.19it/s]
Extract:  76%|#######5  | 438/578 [01:11<00:17,  7.89it/s]
Extract:  76%|#######5  | 439/578 [01:11<00:19,  7.16it/s]
Extract:  76%|#######6  | 441/578 [01:11<00:20,  6.83it/s]
Extract:  77%|#######6  | 443/578 [01:11<00:16,  8.34it/s]
Extract:  77%|#######6  | 445/578 [01:12<00:20,  6.52it/s]
Extract:  77%|#######7  | 447/578 [01:12<00:15,  8.24it/s]
Extract:  78%|#######7  | 449/578 [01:12<00:12,  9.96it/s]
Extract:  78%|#######8  | 451/578 [01:13<00:26,  4.75it/s]
Extract:  78%|#######8  | 453/578 [01:13<00:22,  5.66it/s]
Extract:  79%|#######8  | 455/578 [01:13<00:17,  6.87it/s]
Extract:  79%|#######9  | 458/578 [01:13<00:15,  7.70it/s]
Extract:  80%|#######9  | 461/578 [01:14<00:12,  9.36it/s]
Extract:  80%|########  | 463/578 [01:14<00:12,  8.91it/s]
Extract:  81%|########  | 466/578 [01:14<00:10, 10.45it/s]
Extract:  81%|########  | 468/578 [01:15<00:16,  6.85it/s]
Extract:  81%|########1 | 470/578 [01:15<00:14,  7.22it/s]
Extract:  81%|########1 | 471/578 [01:15<00:16,  6.54it/s]
Extract:  82%|########1 | 472/578 [01:15<00:16,  6.26it/s]
Extract:  82%|########1 | 473/578 [01:15<00:15,  6.67it/s]
Extract:  82%|########2 | 474/578 [01:16<00:15,  6.62it/s]
Extract:  82%|########2 | 475/578 [01:16<00:14,  6.91it/s]
Extract:  82%|########2 | 476/578 [01:16<00:25,  4.03it/s]
Extract:  83%|########2 | 478/578 [01:16<00:17,  5.77it/s]
Extract:  83%|########2 | 479/578 [01:16<00:15,  6.31it/s]
Extract:  83%|########3 | 481/578 [01:17<00:14,  6.85it/s]
Extract:  84%|########3 | 483/578 [01:17<00:11,  8.43it/s]
Extract:  84%|########3 | 485/578 [01:17<00:09,  9.57it/s]
Extract:  84%|########4 | 487/578 [01:17<00:09,  9.18it/s]
Extract:  85%|########4 | 489/578 [01:18<00:14,  6.09it/s]
Extract:  85%|########4 | 490/578 [01:18<00:13,  6.48it/s]
Extract:  85%|########4 | 491/578 [01:18<00:13,  6.49it/s]
Extract:  85%|########5 | 492/578 [01:18<00:13,  6.15it/s]
Extract:  85%|########5 | 493/578 [01:18<00:12,  6.67it/s]
Extract:  85%|########5 | 494/578 [01:19<00:11,  7.10it/s]
Extract:  86%|########5 | 497/578 [01:19<00:07, 11.00it/s]
Extract:  86%|########6 | 499/578 [01:19<00:11,  6.67it/s]
Extract:  87%|########6 | 501/578 [01:19<00:09,  8.00it/s]
Extract:  87%|########7 | 504/578 [01:20<00:09,  7.81it/s]
Extract:  87%|########7 | 505/578 [01:20<00:12,  5.73it/s]
Extract:  88%|########7 | 507/578 [01:21<00:12,  5.70it/s]
Extract:  88%|########7 | 508/578 [01:21<00:12,  5.80it/s]
Extract:  88%|########8 | 510/578 [01:21<00:10,  6.47it/s]
Extract:  89%|########8 | 512/578 [01:21<00:08,  7.56it/s]
Extract:  89%|########9 | 515/578 [01:21<00:07,  8.32it/s]
Extract:  89%|########9 | 516/578 [01:22<00:10,  5.88it/s]
Extract:  89%|########9 | 517/578 [01:22<00:11,  5.45it/s]
Extract:  90%|########9 | 519/578 [01:22<00:09,  6.55it/s]
Extract:  90%|######### | 522/578 [01:22<00:06,  9.03it/s]
Extract:  91%|######### | 524/578 [01:23<00:06,  8.65it/s]
Extract:  91%|#########1| 526/578 [01:23<00:07,  6.81it/s]
Extract:  91%|#########1| 528/578 [01:23<00:06,  7.97it/s]
Extract:  92%|#########1| 530/578 [01:23<00:05,  8.78it/s]
Extract:  92%|#########2| 532/578 [01:24<00:04,  9.49it/s]
Extract:  92%|#########2| 534/578 [01:24<00:05,  8.59it/s]
Extract:  93%|#########2| 537/578 [01:24<00:04,  9.83it/s]
Extract:  93%|#########3| 539/578 [01:24<00:03,  9.88it/s]
Extract:  94%|#########3| 541/578 [01:25<00:06,  6.06it/s]
Extract:  94%|#########3| 543/578 [01:25<00:04,  7.26it/s]
Extract:  94%|#########4| 546/578 [01:26<00:04,  6.83it/s]
Extract:  95%|#########4| 547/578 [01:26<00:05,  5.31it/s]
Extract:  95%|#########5| 550/578 [01:26<00:03,  7.50it/s]
Extract:  96%|#########5| 552/578 [01:26<00:02,  8.92it/s]
Extract:  96%|#########5| 554/578 [01:27<00:04,  5.55it/s]
Extract:  96%|#########6| 555/578 [01:27<00:04,  4.80it/s]
Extract:  96%|#########6| 556/578 [01:28<00:04,  4.78it/s]
Extract:  96%|#########6| 557/578 [01:28<00:04,  5.03it/s]
Extract:  97%|#########6| 559/578 [01:28<00:02,  6.68it/s]
Extract:  97%|#########6| 560/578 [01:29<00:04,  3.66it/s]
Extract:  97%|#########7| 561/578 [01:29<00:04,  4.04it/s]
Extract:  98%|#########7| 564/578 [01:29<00:02,  5.18it/s]
Extract:  98%|#########7| 565/578 [01:29<00:02,  4.65it/s]
Extract:  98%|#########8| 567/578 [01:30<00:01,  5.74it/s]
Extract:  98%|#########8| 568/578 [01:30<00:02,  4.81it/s]
Extract:  99%|#########8| 571/578 [01:30<00:00,  7.64it/s]
Extract:  99%|#########9| 573/578 [01:30<00:00,  8.18it/s]
Extract:  99%|#########9| 575/578 [01:31<00:00,  8.99it/s]
Extract: 100%|#########9| 577/578 [01:31<00:00,  7.18it/s]
Extract: 100%|##########| 578/578 [01:31<00:00,  6.32it/s]

Extract:   0%|          | 0/578 [00:00<?, ?it/s]
Extract:   1%|          | 3/578 [00:00<00:42, 13.48it/s]
Extract:   1%|          | 5/578 [00:00<01:12,  7.94it/s]
Extract:   1%|1         | 6/578 [00:00<01:11,  7.97it/s]
Extract:   1%|1         | 7/578 [00:00<01:36,  5.91it/s]
Extract:   1%|1         | 8/578 [00:01<01:48,  5.24it/s]
Extract:   2%|1         | 9/578 [00:01<02:11,  4.32it/s]
Extract:   2%|1         | 10/578 [00:01<02:03,  4.60it/s]
Extract:   2%|1         | 11/578 [00:01<02:01,  4.67it/s]
Extract:   2%|2         | 12/578 [00:02<02:36,  3.61it/s]
Extract:   2%|2         | 13/578 [00:02<02:09,  4.35it/s]
Extract:   2%|2         | 14/578 [00:02<02:25,  3.87it/s]
Extract:   3%|2         | 15/578 [00:03<02:47,  3.36it/s]
Extract:   3%|2         | 16/578 [00:03<02:15,  4.16it/s]
Extract:   3%|3         | 19/578 [00:03<01:10,  7.88it/s]
Extract:   4%|3         | 21/578 [00:04<01:48,  5.14it/s]
Extract:   4%|3         | 22/578 [00:04<01:42,  5.40it/s]
Extract:   4%|3         | 23/578 [00:04<01:48,  5.10it/s]
Extract:   4%|4         | 24/578 [00:04<01:37,  5.66it/s]
Extract:   4%|4         | 26/578 [00:04<01:10,  7.79it/s]
Extract:   5%|4         | 28/578 [00:05<01:43,  5.31it/s]
Extract:   5%|5         | 29/578 [00:05<01:35,  5.77it/s]
Extract:   5%|5         | 30/578 [00:05<01:47,  5.12it/s]
Extract:   5%|5         | 31/578 [00:05<02:00,  4.55it/s]
Extract:   6%|5         | 32/578 [00:06<01:47,  5.06it/s]
Extract:   6%|6         | 35/578 [00:06<01:07,  8.02it/s]
Extract:   6%|6         | 37/578 [00:06<01:07,  8.04it/s]
Extract:   7%|6         | 39/578 [00:06<00:55,  9.63it/s]
Extract:   7%|7         | 41/578 [00:06<00:52, 10.17it/s]
Extract:   7%|7         | 43/578 [00:07<01:58,  4.51it/s]
Extract:   8%|7         | 46/578 [00:07<01:24,  6.32it/s]
Extract:   8%|8         | 48/578 [00:08<01:13,  7.20it/s]
Extract:   9%|8         | 50/578 [00:08<01:24,  6.22it/s]
Extract:   9%|8         | 51/578 [00:08<01:33,  5.63it/s]
Extract:   9%|8         | 52/578 [00:09<01:41,  5.17it/s]
Extract:   9%|9         | 54/578 [00:09<01:45,  4.98it/s]
Extract:  10%|9         | 55/578 [00:09<01:47,  4.88it/s]
Extract:  10%|9         | 57/578 [00:09<01:19,  6.52it/s]
Extract:  10%|#         | 58/578 [00:10<01:22,  6.29it/s]
Extract:  10%|#         | 59/578 [00:10<01:28,  5.88it/s]
Extract:  10%|#         | 60/578 [00:10<01:37,  5.32it/s]
Extract:  11%|#         | 61/578 [00:10<02:13,  3.86it/s]
Extract:  11%|#         | 63/578 [00:11<01:31,  5.62it/s]
Extract:  11%|#1        | 64/578 [00:11<01:40,  5.13it/s]
Extract:  11%|#1        | 65/578 [00:11<01:54,  4.47it/s]
Extract:  12%|#1        | 67/578 [00:12<02:04,  4.09it/s]
Extract:  12%|#1        | 69/578 [00:12<01:37,  5.23it/s]
Extract:  12%|#2        | 71/578 [00:12<01:21,  6.20it/s]
Extract:  12%|#2        | 72/578 [00:12<01:16,  6.63it/s]
Extract:  13%|#2        | 73/578 [00:13<01:59,  4.23it/s]
Extract:  13%|#2        | 75/578 [00:13<01:29,  5.61it/s]
Extract:  13%|#3        | 76/578 [00:13<01:31,  5.46it/s]
Extract:  13%|#3        | 77/578 [00:14<01:58,  4.23it/s]
Extract:  14%|#3        | 80/578 [00:14<01:12,  6.85it/s]
Extract:  14%|#4        | 82/578 [00:14<01:03,  7.85it/s]
Extract:  14%|#4        | 83/578 [00:14<01:06,  7.48it/s]
Extract:  15%|#4        | 84/578 [00:15<01:37,  5.07it/s]
Extract:  15%|#4        | 86/578 [00:15<01:16,  6.46it/s]
Extract:  15%|#5        | 88/578 [00:15<00:58,  8.35it/s]
Extract:  16%|#5        | 90/578 [00:16<01:42,  4.76it/s]
Extract:  16%|#5        | 91/578 [00:16<02:01,  4.01it/s]
Extract:  16%|#5        | 92/578 [00:17<02:34,  3.15it/s]
Extract:  16%|#6        | 94/578 [00:17<02:00,  4.02it/s]
Extract:  17%|#6        | 96/578 [00:17<01:50,  4.35it/s]
Extract:  17%|#6        | 98/578 [00:18<01:41,  4.72it/s]
Extract:  17%|#7        | 100/578 [00:18<01:42,  4.69it/s]
Extract:  17%|#7        | 101/578 [00:18<01:34,  5.07it/s]
Extract:  18%|#7        | 104/578 [00:18<01:02,  7.55it/s]
Extract:  18%|#8        | 106/578 [00:19<01:03,  7.42it/s]
Extract:  19%|#8        | 107/578 [00:19<01:26,  5.44it/s]
Extract:  19%|#8        | 108/578 [00:19<01:24,  5.54it/s]
Extract:  19%|#9        | 110/578 [00:19<01:09,  6.76it/s]
Extract:  19%|#9        | 111/578 [00:19<01:04,  7.19it/s]
Extract:  20%|#9        | 113/578 [00:20<00:51,  9.04it/s]
Extract:  20%|#9        | 115/578 [00:20<00:51,  9.07it/s]
Extract:  20%|##        | 117/578 [00:20<01:09,  6.59it/s]
Extract:  21%|##        | 120/578 [00:21<01:16,  6.02it/s]
Extract:  21%|##        | 121/578 [00:21<01:33,  4.89it/s]
Extract:  21%|##1       | 123/578 [00:21<01:12,  6.24it/s]
Extract:  22%|##1       | 125/578 [00:22<01:21,  5.55it/s]
Extract:  22%|##1       | 126/578 [00:22<01:23,  5.44it/s]
Extract:  22%|##2       | 128/578 [00:22<01:05,  6.83it/s]
Extract:  22%|##2       | 130/578 [00:22<01:06,  6.78it/s]
Extract:  23%|##2       | 131/578 [00:23<01:21,  5.49it/s]
Extract:  23%|##2       | 132/578 [00:23<01:16,  5.84it/s]
Extract:  23%|##3       | 133/578 [00:23<01:40,  4.42it/s]
Extract:  23%|##3       | 134/578 [00:23<01:33,  4.73it/s]
Extract:  24%|##3       | 136/578 [00:24<01:09,  6.35it/s]
Extract:  24%|##3       | 137/578 [00:24<01:33,  4.73it/s]
Extract:  24%|##3       | 138/578 [00:24<01:54,  3.83it/s]
Extract:  24%|##4       | 139/578 [00:25<01:54,  3.85it/s]
Extract:  25%|##4       | 142/578 [00:25<01:03,  6.82it/s]
Extract:  25%|##5       | 146/578 [00:25<01:03,  6.85it/s]
Extract:  25%|##5       | 147/578 [00:26<01:01,  6.98it/s]
Extract:  26%|##5       | 148/578 [00:26<01:00,  7.06it/s]
Extract:  26%|##5       | 149/578 [00:26<01:16,  5.58it/s]
Extract:  26%|##5       | 150/578 [00:26<01:34,  4.55it/s]
Extract:  26%|##6       | 153/578 [00:27<01:19,  5.33it/s]
Extract:  27%|##6       | 155/578 [00:27<01:18,  5.40it/s]
Extract:  27%|##7       | 158/578 [00:27<00:54,  7.76it/s]
Extract:  28%|##7       | 160/578 [00:28<00:56,  7.46it/s]
Extract:  28%|##8       | 162/578 [00:28<00:47,  8.72it/s]
Extract:  28%|##8       | 164/578 [00:28<01:05,  6.33it/s]
Extract:  29%|##8       | 165/578 [00:28<01:05,  6.27it/s]
Extract:  29%|##8       | 167/578 [00:29<01:32,  4.43it/s]
Extract:  29%|##9       | 169/578 [00:29<01:13,  5.58it/s]
Extract:  29%|##9       | 170/578 [00:29<01:08,  5.96it/s]
Extract:  30%|##9       | 172/578 [00:30<01:06,  6.09it/s]
Extract:  30%|##9       | 173/578 [00:30<01:42,  3.96it/s]
Extract:  30%|###       | 174/578 [00:31<01:37,  4.15it/s]
Extract:  30%|###       | 175/578 [00:31<01:23,  4.83it/s]
Extract:  31%|###       | 177/578 [00:31<01:39,  4.02it/s]
Extract:  31%|###       | 178/578 [00:31<01:32,  4.30it/s]
Extract:  31%|###       | 179/578 [00:32<01:24,  4.70it/s]
Extract:  31%|###1      | 180/578 [00:32<01:35,  4.15it/s]
Extract:  31%|###1      | 181/578 [00:32<01:40,  3.94it/s]
Extract:  31%|###1      | 182/578 [00:32<01:31,  4.34it/s]
Extract:  32%|###1      | 184/578 [00:33<01:42,  3.85it/s]
Extract:  32%|###2      | 185/578 [00:33<01:56,  3.38it/s]
Extract:  32%|###2      | 186/578 [00:34<01:41,  3.87it/s]
Extract:  33%|###2      | 188/578 [00:34<01:13,  5.31it/s]
Extract:  33%|###2      | 189/578 [00:34<01:33,  4.14it/s]
Extract:  33%|###3      | 191/578 [00:35<01:21,  4.72it/s]
Extract:  33%|###3      | 193/578 [00:35<01:01,  6.27it/s]
Extract:  34%|###3      | 194/578 [00:35<00:58,  6.61it/s]
Extract:  34%|###4      | 197/578 [00:35<01:01,  6.25it/s]
Extract:  34%|###4      | 198/578 [00:35<01:02,  6.08it/s]
Extract:  35%|###4      | 201/578 [00:36<01:03,  5.97it/s]
Extract:  35%|###4      | 202/578 [00:36<01:19,  4.76it/s]
Extract:  35%|###5      | 203/578 [00:37<01:37,  3.83it/s]
Extract:  36%|###5      | 206/578 [00:37<01:06,  5.60it/s]
Extract:  36%|###5      | 207/578 [00:37<01:12,  5.11it/s]
Extract:  36%|###6      | 209/578 [00:38<00:56,  6.48it/s]
Extract:  36%|###6      | 210/578 [00:38<00:53,  6.90it/s]
Extract:  37%|###6      | 212/578 [00:38<01:00,  6.01it/s]
Extract:  37%|###6      | 213/578 [00:38<00:58,  6.28it/s]
Extract:  37%|###7      | 215/578 [00:39<00:59,  6.09it/s]
Extract:  38%|###7      | 217/578 [00:39<00:49,  7.27it/s]
Extract:  38%|###8      | 220/578 [00:39<00:35, 10.03it/s]
Extract:  38%|###8      | 222/578 [00:39<00:31, 11.33it/s]
Extract:  39%|###8      | 224/578 [00:39<00:29, 11.87it/s]
Extract:  39%|###9      | 226/578 [00:40<00:51,  6.87it/s]
Extract:  39%|###9      | 228/578 [00:40<00:45,  7.78it/s]
Extract:  40%|###9      | 230/578 [00:40<00:59,  5.82it/s]
Extract:  40%|###9      | 231/578 [00:41<01:13,  4.73it/s]
Extract:  40%|####      | 232/578 [00:41<01:06,  5.20it/s]
Extract:  40%|####      | 233/578 [00:41<00:59,  5.80it/s]
Extract:  40%|####      | 234/578 [00:41<00:58,  5.87it/s]
Extract:  41%|####      | 235/578 [00:41<00:55,  6.15it/s]
Extract:  41%|####      | 236/578 [00:42<01:26,  3.97it/s]
Extract:  41%|####1     | 237/578 [00:42<01:32,  3.67it/s]
Extract:  42%|####1     | 240/578 [00:42<00:57,  5.85it/s]
Extract:  42%|####1     | 242/578 [00:43<00:46,  7.15it/s]
Extract:  42%|####2     | 244/578 [00:43<00:53,  6.25it/s]
Extract:  43%|####2     | 246/578 [00:43<00:43,  7.69it/s]
Extract:  43%|####2     | 247/578 [00:43<00:46,  7.16it/s]
Extract:  43%|####2     | 248/578 [00:44<00:55,  5.93it/s]
Extract:  43%|####3     | 249/578 [00:44<00:54,  6.04it/s]
Extract:  43%|####3     | 250/578 [00:44<00:52,  6.26it/s]
Extract:  43%|####3     | 251/578 [00:44<00:47,  6.84it/s]
Extract:  44%|####3     | 253/578 [00:44<00:36,  8.96it/s]
Extract:  44%|####4     | 255/578 [00:44<00:37,  8.52it/s]
Extract:  44%|####4     | 256/578 [00:45<00:53,  6.05it/s]
Extract:  45%|####4     | 258/578 [00:45<00:39,  8.18it/s]
Extract:  45%|####4     | 260/578 [00:45<00:35,  8.96it/s]
Extract:  45%|####5     | 262/578 [00:46<00:53,  5.93it/s]
Extract:  46%|####5     | 263/578 [00:46<01:11,  4.41it/s]
Extract:  46%|####5     | 265/578 [00:46<00:58,  5.32it/s]
Extract:  46%|####6     | 266/578 [00:46<01:00,  5.12it/s]
Extract:  46%|####6     | 267/578 [00:47<01:13,  4.21it/s]
Extract:  47%|####6     | 269/578 [00:47<01:06,  4.63it/s]
Extract:  47%|####7     | 273/578 [00:48<00:54,  5.59it/s]
Extract:  47%|####7     | 274/578 [00:48<01:08,  4.44it/s]
Extract:  48%|####7     | 275/578 [00:49<01:13,  4.10it/s]
Extract:  48%|####7     | 276/578 [00:49<01:06,  4.53it/s]
Extract:  48%|####7     | 277/578 [00:49<00:59,  5.06it/s]
Extract:  48%|####8     | 280/578 [00:49<00:45,  6.59it/s]
Extract:  49%|####8     | 282/578 [00:49<00:36,  8.08it/s]
Extract:  49%|####8     | 283/578 [00:50<00:57,  5.11it/s]
Extract:  49%|####9     | 285/578 [00:50<00:52,  5.54it/s]
Extract:  49%|####9     | 286/578 [00:50<00:52,  5.51it/s]
Extract:  50%|####9     | 287/578 [00:50<00:48,  6.00it/s]
Extract:  50%|####9     | 288/578 [00:51<00:46,  6.24it/s]
Extract:  50%|#####     | 289/578 [00:51<00:46,  6.24it/s]
Extract:  50%|#####     | 290/578 [00:51<01:06,  4.35it/s]
Extract:  51%|#####     | 292/578 [00:51<00:46,  6.19it/s]
Extract:  51%|#####     | 294/578 [00:51<00:34,  8.18it/s]
Extract:  51%|#####1    | 296/578 [00:52<00:48,  5.80it/s]
Extract:  51%|#####1    | 297/578 [00:52<01:01,  4.54it/s]
Extract:  52%|#####1    | 300/578 [00:53<00:40,  6.84it/s]
Extract:  52%|#####2    | 301/578 [00:53<00:45,  6.08it/s]
Extract:  53%|#####2    | 304/578 [00:53<00:50,  5.44it/s]
Extract:  53%|#####2    | 305/578 [00:54<00:47,  5.74it/s]
Extract:  53%|#####3    | 307/578 [00:54<00:45,  5.99it/s]
Extract:  53%|#####3    | 308/578 [00:54<00:48,  5.57it/s]
Extract:  53%|#####3    | 309/578 [00:55<01:24,  3.17it/s]
Extract:  54%|#####3    | 310/578 [00:55<01:15,  3.57it/s]
Extract:  54%|#####3    | 311/578 [00:55<01:23,  3.20it/s]
Extract:  54%|#####3    | 312/578 [00:56<01:36,  2.75it/s]
Extract:  54%|#####4    | 314/578 [00:56<01:16,  3.43it/s]
Extract:  55%|#####4    | 316/578 [00:57<01:03,  4.11it/s]
Extract:  55%|#####5    | 318/578 [00:57<00:56,  4.64it/s]
Extract:  55%|#####5    | 319/578 [00:57<00:53,  4.80it/s]
Extract:  55%|#####5    | 320/578 [00:57<00:57,  4.47it/s]
Extract:  56%|#####5    | 322/578 [00:58<00:47,  5.37it/s]
Extract:  56%|#####5    | 323/578 [00:58<00:47,  5.35it/s]
Extract:  56%|#####6    | 325/578 [00:58<00:35,  7.17it/s]
Extract:  56%|#####6    | 326/578 [00:58<00:40,  6.28it/s]
Extract:  57%|#####6    | 328/578 [00:58<00:35,  6.99it/s]
Extract:  57%|#####7    | 330/578 [00:59<00:29,  8.39it/s]
Extract:  57%|#####7    | 331/578 [00:59<00:32,  7.65it/s]
Extract:  57%|#####7    | 332/578 [00:59<00:38,  6.32it/s]
Extract:  58%|#####7    | 335/578 [00:59<00:26,  9.34it/s]
Extract:  58%|#####8    | 337/578 [00:59<00:22, 10.55it/s]
Extract:  59%|#####8    | 339/578 [01:00<00:22, 10.64it/s]
Extract:  59%|#####8    | 341/578 [01:00<00:34,  6.79it/s]
Extract:  59%|#####9    | 342/578 [01:00<00:36,  6.40it/s]
Extract:  60%|#####9    | 344/578 [01:01<00:38,  6.15it/s]
Extract:  60%|#####9    | 346/578 [01:01<00:29,  7.75it/s]
Extract:  60%|######    | 348/578 [01:01<00:24,  9.40it/s]
Extract:  61%|######    | 350/578 [01:01<00:35,  6.42it/s]
Extract:  61%|######    | 351/578 [01:02<00:46,  4.91it/s]
Extract:  61%|######1   | 353/578 [01:02<00:38,  5.77it/s]
Extract:  61%|######1   | 355/578 [01:02<00:29,  7.53it/s]
Extract:  62%|######1   | 357/578 [01:03<00:39,  5.53it/s]
Extract:  62%|######2   | 359/578 [01:03<00:34,  6.43it/s]
Extract:  62%|######2   | 360/578 [01:03<00:38,  5.69it/s]
Extract:  63%|######2   | 362/578 [01:04<00:38,  5.62it/s]
Extract:  63%|######2   | 364/578 [01:04<00:30,  6.91it/s]
Extract:  63%|######3   | 365/578 [01:04<00:30,  7.00it/s]
Extract:  63%|######3   | 366/578 [01:04<00:35,  5.96it/s]
Extract:  63%|######3   | 367/578 [01:04<00:41,  5.05it/s]
Extract:  64%|######3   | 368/578 [01:05<00:41,  5.10it/s]
Extract:  64%|######3   | 369/578 [01:05<00:52,  3.98it/s]
Extract:  64%|######4   | 372/578 [01:05<00:28,  7.32it/s]
Extract:  65%|######4   | 374/578 [01:06<00:48,  4.25it/s]
Extract:  65%|######5   | 376/578 [01:06<00:40,  5.01it/s]
Extract:  65%|######5   | 377/578 [01:06<00:38,  5.26it/s]
Extract:  66%|######5   | 379/578 [01:06<00:29,  6.67it/s]
Extract:  66%|######5   | 380/578 [01:07<00:30,  6.53it/s]
Extract:  66%|######5   | 381/578 [01:07<00:27,  7.06it/s]
Extract:  66%|######6   | 382/578 [01:07<00:40,  4.82it/s]
Extract:  66%|######6   | 383/578 [01:07<00:35,  5.44it/s]
Extract:  66%|######6   | 384/578 [01:08<00:39,  4.97it/s]
Extract:  67%|######6   | 386/578 [01:08<00:29,  6.50it/s]
Extract:  67%|######6   | 387/578 [01:08<00:32,  5.91it/s]
Extract:  67%|######7   | 390/578 [01:08<00:22,  8.21it/s]
Extract:  68%|######7   | 391/578 [01:08<00:23,  7.80it/s]
Extract:  68%|######7   | 393/578 [01:09<00:23,  7.82it/s]
Extract:  68%|######8   | 394/578 [01:09<00:23,  7.83it/s]
Extract:  68%|######8   | 395/578 [01:09<00:24,  7.38it/s]
Extract:  69%|######8   | 397/578 [01:09<00:20,  8.89it/s]
Extract:  69%|######8   | 398/578 [01:09<00:20,  8.70it/s]
Extract:  69%|######9   | 399/578 [01:09<00:21,  8.52it/s]
Extract:  69%|######9   | 401/578 [01:09<00:15, 11.08it/s]
Extract:  70%|######9   | 404/578 [01:10<00:12, 14.00it/s]
Extract:  70%|#######   | 406/578 [01:10<00:16, 10.48it/s]
Extract:  71%|#######   | 408/578 [01:10<00:27,  6.25it/s]
Extract:  71%|#######   | 410/578 [01:11<00:23,  7.18it/s]
Extract:  71%|#######1  | 412/578 [01:11<00:19,  8.53it/s]
Extract:  72%|#######1  | 414/578 [01:11<00:18,  8.74it/s]
Extract:  72%|#######1  | 416/578 [01:11<00:18,  8.89it/s]
Extract:  72%|#######2  | 418/578 [01:11<00:17,  9.35it/s]
Extract:  73%|#######2  | 420/578 [01:12<00:17,  8.96it/s]
Extract:  73%|#######2  | 421/578 [01:12<00:37,  4.17it/s]
Extract:  73%|#######3  | 424/578 [01:13<00:25,  6.14it/s]
Extract:  74%|#######3  | 425/578 [01:13<00:27,  5.58it/s]
Extract:  74%|#######3  | 426/578 [01:13<00:25,  5.99it/s]
Extract:  74%|#######3  | 427/578 [01:13<00:32,  4.60it/s]
Extract:  74%|#######4  | 428/578 [01:14<00:38,  3.89it/s]
Extract:  74%|#######4  | 429/578 [01:14<00:42,  3.47it/s]
Extract:  75%|#######4  | 431/578 [01:14<00:28,  5.12it/s]
Extract:  75%|#######4  | 432/578 [01:14<00:26,  5.41it/s]
Extract:  75%|#######5  | 434/578 [01:15<00:28,  5.02it/s]
Extract:  75%|#######5  | 436/578 [01:15<00:21,  6.54it/s]
Extract:  76%|#######5  | 437/578 [01:15<00:20,  6.99it/s]
Extract:  76%|#######5  | 438/578 [01:15<00:19,  7.37it/s]
Extract:  76%|#######5  | 439/578 [01:15<00:19,  7.02it/s]
Extract:  76%|#######6  | 441/578 [01:16<00:22,  6.13it/s]
Extract:  77%|#######6  | 443/578 [01:16<00:17,  7.70it/s]
Extract:  77%|#######6  | 445/578 [01:17<00:24,  5.51it/s]
Extract:  77%|#######7  | 447/578 [01:17<00:18,  6.92it/s]
Extract:  78%|#######7  | 450/578 [01:17<00:18,  6.82it/s]
Extract:  78%|#######8  | 451/578 [01:18<00:32,  3.94it/s]
Extract:  78%|#######8  | 452/578 [01:18<00:28,  4.45it/s]
Extract:  79%|#######8  | 454/578 [01:18<00:21,  5.80it/s]
Extract:  79%|#######8  | 456/578 [01:18<00:16,  7.41it/s]
Extract:  79%|#######9  | 458/578 [01:19<00:18,  6.59it/s]
Extract:  80%|#######9  | 461/578 [01:19<00:14,  8.22it/s]
Extract:  80%|########  | 463/578 [01:19<00:14,  8.01it/s]
Extract:  81%|########  | 466/578 [01:19<00:12,  8.84it/s]
Extract:  81%|########  | 467/578 [01:20<00:15,  6.95it/s]
Extract:  81%|########  | 468/578 [01:20<00:23,  4.74it/s]
Extract:  81%|########1 | 470/578 [01:21<00:20,  5.38it/s]
Extract:  81%|########1 | 471/578 [01:21<00:21,  4.94it/s]
Extract:  82%|########1 | 472/578 [01:21<00:23,  4.56it/s]
Extract:  82%|########2 | 474/578 [01:21<00:19,  5.26it/s]
Extract:  82%|########2 | 476/578 [01:22<00:20,  4.92it/s]
Extract:  83%|########2 | 477/578 [01:22<00:18,  5.42it/s]
Extract:  83%|########2 | 479/578 [01:22<00:15,  6.52it/s]
Extract:  83%|########3 | 480/578 [01:22<00:14,  6.86it/s]
Extract:  83%|########3 | 481/578 [01:22<00:14,  6.89it/s]
Extract:  84%|########3 | 483/578 [01:23<00:10,  9.20it/s]
Extract:  84%|########3 | 485/578 [01:23<00:08, 11.42it/s]
Extract:  84%|########4 | 487/578 [01:23<00:09,  9.72it/s]
Extract:  85%|########4 | 489/578 [01:23<00:13,  6.63it/s]
Extract:  85%|########4 | 490/578 [01:23<00:12,  6.90it/s]
Extract:  85%|########4 | 491/578 [01:24<00:12,  6.90it/s]
Extract:  85%|########5 | 492/578 [01:24<00:15,  5.73it/s]
Extract:  85%|########5 | 493/578 [01:24<00:15,  5.33it/s]
Extract:  85%|########5 | 494/578 [01:24<00:15,  5.29it/s]
Extract:  86%|########5 | 496/578 [01:25<00:11,  6.87it/s]
Extract:  86%|########6 | 498/578 [01:25<00:14,  5.45it/s]
Extract:  87%|########6 | 500/578 [01:25<00:10,  7.27it/s]
Extract:  87%|########6 | 502/578 [01:25<00:09,  8.39it/s]
Extract:  87%|########7 | 504/578 [01:26<00:16,  4.58it/s]
Extract:  87%|########7 | 505/578 [01:27<00:18,  3.97it/s]
Extract:  88%|########7 | 507/578 [01:27<00:13,  5.28it/s]
Extract:  88%|########7 | 508/578 [01:27<00:12,  5.40it/s]
Extract:  88%|########8 | 510/578 [01:27<00:13,  5.16it/s]
Extract:  88%|########8 | 511/578 [01:27<00:12,  5.51it/s]
Extract:  89%|########8 | 512/578 [01:28<00:12,  5.41it/s]
Extract:  89%|########8 | 514/578 [01:28<00:09,  7.06it/s]
Extract:  89%|########9 | 515/578 [01:28<00:10,  6.06it/s]
Extract:  89%|########9 | 516/578 [01:28<00:14,  4.33it/s]
Extract:  89%|########9 | 517/578 [01:29<00:13,  4.62it/s]
Extract:  90%|########9 | 519/578 [01:29<00:09,  6.07it/s]
Extract:  90%|######### | 521/578 [01:29<00:07,  8.08it/s]
Extract:  90%|######### | 523/578 [01:29<00:06,  8.05it/s]
Extract:  91%|######### | 524/578 [01:29<00:07,  7.56it/s]
Extract:  91%|#########1| 526/578 [01:30<00:09,  5.69it/s]
Extract:  91%|#########1| 528/578 [01:30<00:06,  7.17it/s]
Extract:  92%|#########1| 530/578 [01:30<00:06,  7.98it/s]
Extract:  92%|#########2| 532/578 [01:30<00:05,  8.77it/s]
Extract:  92%|#########2| 534/578 [01:31<00:05,  7.89it/s]
Extract:  93%|#########2| 536/578 [01:31<00:04,  9.47it/s]
Extract:  93%|#########3| 538/578 [01:31<00:06,  6.61it/s]
Extract:  93%|#########3| 540/578 [01:32<00:06,  5.70it/s]
Extract:  94%|#########3| 541/578 [01:32<00:06,  5.66it/s]
Extract:  94%|#########3| 543/578 [01:32<00:05,  6.51it/s]
Extract:  94%|#########4| 546/578 [01:33<00:04,  6.62it/s]
Extract:  95%|#########4| 547/578 [01:33<00:06,  4.88it/s]
Extract:  95%|#########5| 550/578 [01:33<00:03,  7.26it/s]
Extract:  96%|#########5| 553/578 [01:34<00:03,  7.11it/s]
Extract:  96%|#########5| 554/578 [01:35<00:06,  3.86it/s]
Extract:  96%|#########6| 555/578 [01:35<00:06,  3.49it/s]
Extract:  96%|#########6| 556/578 [01:35<00:06,  3.58it/s]
Extract:  96%|#########6| 557/578 [01:35<00:05,  4.00it/s]
Extract:  97%|#########6| 560/578 [01:36<00:03,  4.73it/s]
Extract:  97%|#########7| 561/578 [01:36<00:03,  4.57it/s]
Extract:  98%|#########7| 564/578 [01:37<00:03,  4.59it/s]
Extract:  98%|#########7| 565/578 [01:37<00:03,  3.59it/s]
Extract:  98%|#########7| 566/578 [01:37<00:02,  4.06it/s]
Extract:  98%|#########8| 567/578 [01:38<00:02,  4.21it/s]
Extract:  98%|#########8| 568/578 [01:38<00:03,  3.18it/s]
Extract:  99%|#########8| 570/578 [01:38<00:01,  4.67it/s]
Extract:  99%|#########8| 572/578 [01:39<00:01,  5.93it/s]
Extract:  99%|#########9| 575/578 [01:39<00:00,  7.96it/s]
Extract: 100%|#########9| 577/578 [01:39<00:00,  6.72it/s]
Extract: 100%|##########| 578/578 [01:39<00:00,  5.80it/s]

Extract:   0%|          | 0/578 [00:00<?, ?it/s]
Extract:   0%|          | 2/578 [00:00<00:37, 15.42it/s]
Extract:   1%|          | 4/578 [00:00<01:03,  9.04it/s]
Extract:   1%|1         | 6/578 [00:00<00:59,  9.58it/s]
Extract:   1%|1         | 8/578 [00:01<01:27,  6.49it/s]
Extract:   2%|1         | 9/578 [00:01<01:36,  5.92it/s]
Extract:   2%|1         | 10/578 [00:01<01:45,  5.40it/s]
Extract:   2%|1         | 11/578 [00:01<01:48,  5.22it/s]
Extract:   2%|2         | 12/578 [00:02<02:18,  4.10it/s]
Extract:   2%|2         | 13/578 [00:02<02:02,  4.62it/s]
Extract:   2%|2         | 14/578 [00:02<02:27,  3.83it/s]
Extract:   3%|2         | 15/578 [00:03<02:47,  3.37it/s]
Extract:   3%|2         | 16/578 [00:03<02:28,  3.78it/s]
Extract:   3%|3         | 19/578 [00:03<01:20,  6.91it/s]
Extract:   4%|3         | 21/578 [00:03<01:27,  6.39it/s]
Extract:   4%|3         | 22/578 [00:03<01:26,  6.41it/s]
Extract:   4%|3         | 23/578 [00:04<01:41,  5.49it/s]
Extract:   4%|4         | 24/578 [00:04<01:32,  5.99it/s]
Extract:   4%|4         | 26/578 [00:04<01:11,  7.73it/s]
Extract:   5%|4         | 27/578 [00:04<01:47,  5.13it/s]
Extract:   5%|5         | 29/578 [00:05<01:24,  6.48it/s]
Extract:   5%|5         | 30/578 [00:05<01:22,  6.67it/s]
Extract:   5%|5         | 31/578 [00:05<01:29,  6.09it/s]
Extract:   6%|5         | 34/578 [00:05<00:56,  9.64it/s]
Extract:   6%|6         | 37/578 [00:05<00:49, 10.97it/s]
Extract:   7%|6         | 39/578 [00:05<00:46, 11.56it/s]
Extract:   7%|7         | 41/578 [00:06<00:52, 10.25it/s]
Extract:   7%|7         | 43/578 [00:06<01:32,  5.76it/s]
Extract:   8%|7         | 46/578 [00:06<01:06,  7.97it/s]
Extract:   8%|8         | 48/578 [00:07<00:57,  9.25it/s]
Extract:   9%|8         | 50/578 [00:07<01:07,  7.77it/s]
Extract:   9%|8         | 52/578 [00:08<01:35,  5.53it/s]
Extract:   9%|9         | 54/578 [00:08<01:28,  5.93it/s]
Extract:  10%|9         | 55/578 [00:08<01:34,  5.51it/s]
Extract:  10%|9         | 57/578 [00:08<01:14,  6.99it/s]
Extract:  10%|#         | 58/578 [00:08<01:25,  6.10it/s]
Extract:  10%|#         | 59/578 [00:09<01:23,  6.21it/s]
Extract:  10%|#         | 60/578 [00:09<01:40,  5.15it/s]
Extract:  11%|#         | 61/578 [00:09<02:11,  3.94it/s]
Extract:  11%|#         | 63/578 [00:09<01:27,  5.88it/s]
Extract:  11%|#1        | 64/578 [00:10<01:26,  5.96it/s]
Extract:  11%|#1        | 65/578 [00:10<01:38,  5.21it/s]
Extract:  12%|#1        | 67/578 [00:10<01:41,  5.01it/s]
Extract:  12%|#1        | 69/578 [00:11<01:27,  5.84it/s]
Extract:  12%|#2        | 71/578 [00:11<01:08,  7.41it/s]
Extract:  12%|#2        | 72/578 [00:11<01:06,  7.65it/s]
Extract:  13%|#2        | 73/578 [00:11<01:31,  5.51it/s]
Extract:  13%|#2        | 75/578 [00:11<01:06,  7.53it/s]
Extract:  13%|#3        | 77/578 [00:12<01:25,  5.87it/s]
Extract:  14%|#3        | 80/578 [00:12<00:59,  8.37it/s]
Extract:  14%|#4        | 82/578 [00:12<00:51,  9.59it/s]
Extract:  15%|#4        | 84/578 [00:12<01:05,  7.56it/s]
Extract:  15%|#4        | 86/578 [00:13<01:03,  7.78it/s]
Extract:  15%|#5        | 89/578 [00:13<01:14,  6.53it/s]
Extract:  16%|#5        | 90/578 [00:13<01:13,  6.65it/s]
Extract:  16%|#5        | 91/578 [00:14<01:30,  5.36it/s]
Extract:  16%|#5        | 92/578 [00:14<01:40,  4.85it/s]
Extract:  16%|#6        | 94/578 [00:14<01:26,  5.59it/s]
Extract:  17%|#6        | 96/578 [00:15<01:23,  5.78it/s]
Extract:  17%|#6        | 98/578 [00:15<01:23,  5.75it/s]
Extract:  17%|#7        | 100/578 [00:15<01:13,  6.54it/s]
Extract:  17%|#7        | 101/578 [00:15<01:10,  6.77it/s]
Extract:  18%|#7        | 103/578 [00:15<00:55,  8.63it/s]
Extract:  18%|#8        | 105/578 [00:16<00:52,  9.05it/s]
Extract:  19%|#8        | 107/578 [00:16<01:05,  7.21it/s]
Extract:  19%|#8        | 108/578 [00:16<01:07,  6.93it/s]
Extract:  19%|#9        | 110/578 [00:16<00:58,  7.95it/s]
Extract:  19%|#9        | 111/578 [00:16<00:56,  8.28it/s]
Extract:  20%|#9        | 113/578 [00:17<00:44, 10.46it/s]
Extract:  20%|#9        | 115/578 [00:17<00:48,  9.54it/s]
Extract:  20%|##        | 117/578 [00:17<01:07,  6.82it/s]
Extract:  21%|##        | 120/578 [00:18<00:59,  7.64it/s]
Extract:  21%|##        | 121/578 [00:18<01:15,  6.05it/s]
Extract:  21%|##1       | 123/578 [00:18<00:59,  7.67it/s]
Extract:  22%|##1       | 125/578 [00:18<01:04,  7.07it/s]
Extract:  22%|##1       | 126/578 [00:19<01:08,  6.64it/s]
Extract:  22%|##2       | 128/578 [00:19<00:56,  7.96it/s]
Extract:  22%|##2       | 130/578 [00:19<01:01,  7.29it/s]
Extract:  23%|##2       | 131/578 [00:19<01:18,  5.72it/s]
Extract:  23%|##2       | 132/578 [00:20<01:12,  6.16it/s]
Extract:  23%|##3       | 133/578 [00:20<01:11,  6.21it/s]
Extract:  23%|##3       | 135/578 [00:20<00:59,  7.50it/s]
Extract:  24%|##3       | 136/578 [00:20<00:57,  7.66it/s]
Extract:  24%|##3       | 137/578 [00:20<01:13,  6.01it/s]
Extract:  24%|##3       | 138/578 [00:21<01:36,  4.56it/s]
Extract:  24%|##4       | 139/578 [00:21<01:43,  4.23it/s]
Extract:  25%|##4       | 142/578 [00:21<00:55,  7.81it/s]
Extract:  25%|##5       | 146/578 [00:22<00:55,  7.81it/s]
Extract:  26%|##5       | 148/578 [00:22<00:52,  8.20it/s]
Extract:  26%|##5       | 150/578 [00:22<01:03,  6.79it/s]
Extract:  26%|##6       | 153/578 [00:23<01:06,  6.43it/s]
Extract:  27%|##6       | 155/578 [00:23<01:14,  5.71it/s]
Extract:  27%|##7       | 157/578 [00:23<01:00,  6.99it/s]
Extract:  28%|##7       | 160/578 [00:24<00:54,  7.69it/s]
Extract:  28%|##8       | 163/578 [00:24<00:57,  7.27it/s]
Extract:  29%|##8       | 165/578 [00:24<00:51,  7.98it/s]
Extract:  29%|##8       | 166/578 [00:24<00:50,  8.21it/s]
Extract:  29%|##8       | 167/578 [00:25<01:06,  6.20it/s]
Extract:  29%|##9       | 168/578 [00:25<01:06,  6.12it/s]
Extract:  29%|##9       | 170/578 [00:25<00:55,  7.34it/s]
Extract:  30%|##9       | 172/578 [00:25<00:49,  8.26it/s]
Extract:  30%|##9       | 173/578 [00:25<01:02,  6.53it/s]
Extract:  30%|###       | 174/578 [00:26<01:01,  6.56it/s]
Extract:  30%|###       | 176/578 [00:26<00:50,  8.01it/s]
Extract:  31%|###       | 177/578 [00:26<01:08,  5.86it/s]
Extract:  31%|###       | 178/578 [00:26<01:02,  6.41it/s]
Extract:  31%|###1      | 180/578 [00:27<01:08,  5.84it/s]
Extract:  31%|###1      | 181/578 [00:27<01:16,  5.17it/s]
Extract:  31%|###1      | 182/578 [00:27<01:10,  5.63it/s]
Extract:  32%|###1      | 184/578 [00:27<01:04,  6.13it/s]
Extract:  32%|###2      | 185/578 [00:28<01:19,  4.96it/s]
Extract:  32%|###2      | 186/578 [00:28<01:15,  5.19it/s]
Extract:  33%|###2      | 188/578 [00:28<00:53,  7.28it/s]
Extract:  33%|###2      | 189/578 [00:28<01:10,  5.51it/s]
Extract:  33%|###2      | 190/578 [00:28<01:07,  5.76it/s]
Extract:  33%|###3      | 191/578 [00:29<01:18,  4.96it/s]
Extract:  33%|###3      | 193/578 [00:29<00:56,  6.77it/s]
Extract:  34%|###3      | 195/578 [00:29<00:44,  8.64it/s]
Extract:  34%|###4      | 197/578 [00:29<00:59,  6.44it/s]
Extract:  34%|###4      | 198/578 [00:30<00:58,  6.48it/s]
Extract:  35%|###4      | 201/578 [00:30<01:01,  6.13it/s]
Extract:  35%|###4      | 202/578 [00:30<01:02,  6.05it/s]
Extract:  35%|###5      | 203/578 [00:31<01:40,  3.72it/s]
Extract:  36%|###5      | 206/578 [00:31<01:05,  5.68it/s]
Extract:  36%|###5      | 207/578 [00:31<01:06,  5.60it/s]
Extract:  36%|###6      | 209/578 [00:31<00:51,  7.20it/s]
Extract:  37%|###6      | 211/578 [00:32<00:40,  9.11it/s]
Extract:  37%|###6      | 213/578 [00:32<00:52,  6.98it/s]
Extract:  37%|###7      | 215/578 [00:32<00:55,  6.52it/s]
Extract:  38%|###7      | 217/578 [00:32<00:44,  8.06it/s]
Extract:  38%|###8      | 220/578 [00:33<00:33, 10.77it/s]
Extract:  39%|###8      | 223/578 [00:33<00:31, 11.14it/s]
Extract:  39%|###8      | 225/578 [00:33<00:37,  9.33it/s]
Extract:  39%|###9      | 227/578 [00:33<00:38,  9.20it/s]
Extract:  40%|###9      | 229/578 [00:34<00:36,  9.46it/s]
Extract:  40%|###9      | 231/578 [00:34<00:51,  6.73it/s]
Extract:  40%|####      | 233/578 [00:34<00:46,  7.42it/s]
Extract:  40%|####      | 234/578 [00:34<00:44,  7.74it/s]
Extract:  41%|####      | 235/578 [00:35<00:42,  8.05it/s]
Extract:  41%|####      | 236/578 [00:35<01:04,  5.31it/s]
Extract:  41%|####1     | 237/578 [00:35<01:11,  4.80it/s]
Extract:  41%|####1     | 239/578 [00:35<00:50,  6.73it/s]
Extract:  42%|####1     | 242/578 [00:35<00:35,  9.54it/s]
Extract:  42%|####2     | 244/578 [00:36<00:42,  7.90it/s]
Extract:  43%|####2     | 246/578 [00:36<00:35,  9.23it/s]
Extract:  43%|####2     | 248/578 [00:36<00:49,  6.63it/s]
Extract:  43%|####3     | 249/578 [00:37<00:49,  6.71it/s]
Extract:  43%|####3     | 251/578 [00:37<00:48,  6.74it/s]
Extract:  44%|####3     | 254/578 [00:37<00:32,  9.97it/s]
Extract:  44%|####4     | 256/578 [00:37<00:40,  7.89it/s]
Extract:  45%|####4     | 258/578 [00:38<00:35,  9.14it/s]
Extract:  45%|####4     | 260/578 [00:38<00:34,  9.16it/s]
Extract:  45%|####5     | 262/578 [00:38<00:38,  8.26it/s]
Extract:  46%|####5     | 264/578 [00:38<00:43,  7.14it/s]
Extract:  46%|####5     | 265/578 [00:39<00:54,  5.70it/s]
Extract:  46%|####6     | 266/578 [00:39<00:55,  5.60it/s]
Extract:  46%|####6     | 267/578 [00:39<01:00,  5.11it/s]
Extract:  47%|####6     | 269/578 [00:40<00:56,  5.49it/s]
Extract:  47%|####7     | 273/578 [00:40<00:43,  7.03it/s]
Extract:  47%|####7     | 274/578 [00:40<00:52,  5.82it/s]
Extract:  48%|####7     | 275/578 [00:41<01:06,  4.56it/s]
Extract:  48%|####7     | 276/578 [00:41<01:04,  4.71it/s]
Extract:  48%|####8     | 278/578 [00:41<00:46,  6.48it/s]
Extract:  48%|####8     | 280/578 [00:41<00:44,  6.63it/s]
Extract:  49%|####8     | 283/578 [00:42<00:35,  8.33it/s]
Extract:  49%|####9     | 285/578 [00:42<00:34,  8.44it/s]
Extract:  49%|####9     | 286/578 [00:42<00:34,  8.52it/s]
Extract:  50%|####9     | 288/578 [00:42<00:31,  9.07it/s]
Extract:  50%|#####     | 289/578 [00:42<00:36,  8.02it/s]
Extract:  50%|#####     | 290/578 [00:43<00:54,  5.30it/s]
Extract:  50%|#####     | 291/578 [00:43<00:49,  5.82it/s]
Extract:  51%|#####     | 294/578 [00:43<00:34,  8.29it/s]
Extract:  51%|#####1    | 295/578 [00:43<00:50,  5.61it/s]
Extract:  51%|#####1    | 297/578 [00:44<00:52,  5.38it/s]
Extract:  52%|#####1    | 299/578 [00:44<00:39,  7.02it/s]
Extract:  52%|#####2    | 301/578 [00:44<00:42,  6.53it/s]
Extract:  53%|#####2    | 304/578 [00:45<00:44,  6.19it/s]
Extract:  53%|#####2    | 305/578 [00:45<00:43,  6.31it/s]
Extract:  53%|#####3    | 307/578 [00:45<00:39,  6.83it/s]
Extract:  53%|#####3    | 308/578 [00:45<00:41,  6.46it/s]
Extract:  53%|#####3    | 309/578 [00:46<00:56,  4.75it/s]
Extract:  54%|#####3    | 310/578 [00:46<00:51,  5.22it/s]
Extract:  54%|#####3    | 311/578 [00:46<01:06,  4.02it/s]
Extract:  54%|#####3    | 312/578 [00:47<01:20,  3.30it/s]
Extract:  54%|#####4    | 313/578 [00:47<01:06,  3.98it/s]
Extract:  54%|#####4    | 314/578 [00:47<01:03,  4.16it/s]
Extract:  55%|#####4    | 316/578 [00:47<00:55,  4.71it/s]
Extract:  55%|#####5    | 318/578 [00:48<00:49,  5.21it/s]
Extract:  55%|#####5    | 319/578 [00:48<00:50,  5.17it/s]
Extract:  55%|#####5    | 320/578 [00:48<00:58,  4.42it/s]
Extract:  56%|#####5    | 322/578 [00:49<00:46,  5.50it/s]
Extract:  56%|#####6    | 324/578 [00:49<00:33,  7.47it/s]
Extract:  56%|#####6    | 326/578 [00:49<00:31,  7.99it/s]
Extract:  57%|#####6    | 328/578 [00:49<00:35,  6.96it/s]
Extract:  57%|#####7    | 330/578 [00:49<00:28,  8.76it/s]
Extract:  57%|#####7    | 332/578 [00:50<00:33,  7.38it/s]
Extract:  58%|#####7    | 335/578 [00:50<00:24,  9.94it/s]
Extract:  58%|#####8    | 337/578 [00:50<00:21, 11.08it/s]
Extract:  59%|#####8    | 339/578 [00:50<00:19, 12.03it/s]
Extract:  59%|#####8    | 341/578 [00:50<00:20, 11.73it/s]
Extract:  59%|#####9    | 343/578 [00:50<00:20, 11.62it/s]
Extract:  60%|#####9    | 345/578 [00:51<00:29,  7.82it/s]
Extract:  60%|######    | 347/578 [00:51<00:25,  9.11it/s]
Extract:  60%|######    | 349/578 [00:51<00:31,  7.28it/s]
Extract:  61%|######    | 350/578 [00:52<00:30,  7.37it/s]
Extract:  61%|######    | 351/578 [00:52<00:50,  4.48it/s]
Extract:  61%|######1   | 353/578 [00:52<00:40,  5.49it/s]
Extract:  62%|######1   | 356/578 [00:53<00:35,  6.31it/s]
Extract:  62%|######1   | 357/578 [00:53<00:35,  6.27it/s]
Extract:  62%|######2   | 359/578 [00:53<00:29,  7.42it/s]
Extract:  62%|######2   | 360/578 [00:53<00:31,  6.82it/s]
Extract:  63%|######2   | 362/578 [00:54<00:36,  5.93it/s]
Extract:  63%|######2   | 364/578 [00:54<00:28,  7.46it/s]
Extract:  63%|######3   | 365/578 [00:54<00:30,  6.97it/s]
Extract:  63%|######3   | 366/578 [00:54<00:35,  5.99it/s]
Extract:  63%|######3   | 367/578 [00:55<00:40,  5.27it/s]
Extract:  64%|######3   | 368/578 [00:55<00:39,  5.32it/s]
Extract:  64%|######3   | 369/578 [00:55<00:51,  4.07it/s]
Extract:  65%|######4   | 373/578 [00:55<00:30,  6.64it/s]
Extract:  65%|######4   | 375/578 [00:56<00:25,  8.11it/s]
Extract:  65%|######5   | 376/578 [00:56<00:27,  7.42it/s]
Extract:  65%|######5   | 377/578 [00:56<00:27,  7.28it/s]
Extract:  66%|######5   | 379/578 [00:56<00:22,  9.01it/s]
Extract:  66%|######5   | 381/578 [00:56<00:27,  7.25it/s]
Extract:  66%|######6   | 382/578 [00:57<00:34,  5.63it/s]
Extract:  66%|######6   | 384/578 [00:57<00:28,  6.71it/s]
Extract:  67%|######6   | 386/578 [00:57<00:22,  8.43it/s]
Extract:  67%|######7   | 388/578 [00:57<00:19,  9.58it/s]
Extract:  67%|######7   | 390/578 [00:57<00:16, 11.16it/s]
Extract:  68%|######7   | 392/578 [00:58<00:18, 10.15it/s]
Extract:  68%|######8   | 394/578 [00:58<00:23,  7.77it/s]
Extract:  68%|######8   | 395/578 [00:58<00:25,  7.26it/s]
Extract:  69%|######8   | 397/578 [00:58<00:23,  7.67it/s]
Extract:  69%|######9   | 399/578 [00:59<00:21,  8.18it/s]
Extract:  69%|######9   | 401/578 [00:59<00:18,  9.62it/s]
Extract:  70%|######9   | 403/578 [00:59<00:17, 10.18it/s]
Extract:  70%|#######   | 405/578 [00:59<00:18,  9.49it/s]
Extract:  70%|#######   | 407/578 [01:00<00:22,  7.75it/s]
Extract:  71%|#######   | 408/578 [01:00<00:28,  6.02it/s]
Extract:  71%|#######   | 410/578 [01:00<00:23,  7.26it/s]
Extract:  71%|#######1  | 412/578 [01:00<00:18,  8.74it/s]
Extract:  72%|#######1  | 414/578 [01:00<00:18,  8.73it/s]
Extract:  72%|#######1  | 416/578 [01:01<00:17,  9.25it/s]
Extract:  72%|#######2  | 418/578 [01:01<00:18,  8.67it/s]
Extract:  72%|#######2  | 419/578 [01:01<00:19,  8.06it/s]
Extract:  73%|#######2  | 421/578 [01:02<00:26,  5.91it/s]
Extract:  73%|#######3  | 424/578 [01:02<00:19,  7.90it/s]
Extract:  74%|#######3  | 425/578 [01:02<00:23,  6.53it/s]
Extract:  74%|#######3  | 426/578 [01:02<00:22,  6.88it/s]
Extract:  74%|#######3  | 427/578 [01:02<00:27,  5.56it/s]
Extract:  74%|#######4  | 428/578 [01:03<00:31,  4.73it/s]
Extract:  74%|#######4  | 429/578 [01:03<00:36,  4.03it/s]
Extract:  75%|#######4  | 431/578 [01:03<00:24,  6.02it/s]
Extract:  75%|#######4  | 432/578 [01:03<00:22,  6.47it/s]
Extract:  75%|#######5  | 434/578 [01:04<00:28,  5.12it/s]
Extract:  75%|#######5  | 436/578 [01:04<00:20,  6.85it/s]
Extract:  76%|#######5  | 438/578 [01:04<00:17,  7.92it/s]
Extract:  76%|#######6  | 440/578 [01:04<00:15,  9.05it/s]
Extract:  76%|#######6  | 442/578 [01:05<00:18,  7.47it/s]
Extract:  77%|#######6  | 444/578 [01:05<00:15,  8.89it/s]
Extract:  77%|#######7  | 446/578 [01:05<00:18,  7.06it/s]
Extract:  78%|#######7  | 448/578 [01:05<00:14,  8.79it/s]
Extract:  78%|#######7  | 450/578 [01:06<00:20,  6.23it/s]
Extract:  78%|#######8  | 451/578 [01:06<00:24,  5.09it/s]
Extract:  78%|#######8  | 452/578 [01:06<00:22,  5.50it/s]
Extract:  79%|#######8  | 454/578 [01:06<00:17,  7.09it/s]
Extract:  79%|#######8  | 456/578 [01:07<00:13,  9.01it/s]
Extract:  79%|#######9  | 458/578 [01:07<00:15,  7.63it/s]
Extract:  80%|#######9  | 461/578 [01:07<00:11,  9.77it/s]
Extract:  80%|########  | 463/578 [01:08<00:15,  7.26it/s]
Extract:  80%|########  | 465/578 [01:08<00:12,  8.85it/s]
Extract:  81%|########  | 467/578 [01:08<00:14,  7.59it/s]
Extract:  81%|########1 | 469/578 [01:09<00:19,  5.69it/s]
Extract:  81%|########1 | 470/578 [01:09<00:18,  5.92it/s]
Extract:  81%|########1 | 471/578 [01:09<00:18,  5.64it/s]
Extract:  82%|########1 | 472/578 [01:09<00:20,  5.12it/s]
Extract:  82%|########1 | 473/578 [01:09<00:18,  5.74it/s]
Extract:  82%|########2 | 474/578 [01:09<00:16,  6.17it/s]
Extract:  82%|########2 | 475/578 [01:10<00:15,  6.63it/s]
Extract:  82%|########2 | 476/578 [01:10<00:26,  3.80it/s]
Extract:  83%|########2 | 477/578 [01:10<00:23,  4.31it/s]
Extract:  83%|########2 | 478/578 [01:10<00:19,  5.06it/s]
Extract:  83%|########2 | 479/578 [01:10<00:16,  5.89it/s]
Extract:  83%|########3 | 481/578 [01:11<00:12,  7.83it/s]
Extract:  84%|########3 | 484/578 [01:11<00:07, 11.95it/s]
Extract:  84%|########4 | 487/578 [01:11<00:06, 14.33it/s]
Extract:  85%|########4 | 489/578 [01:11<00:09,  9.16it/s]
Extract:  85%|########4 | 491/578 [01:11<00:08,  9.85it/s]
Extract:  85%|########5 | 493/578 [01:12<00:08,  9.75it/s]
Extract:  86%|########5 | 495/578 [01:12<00:07, 11.23it/s]
Extract:  86%|########6 | 498/578 [01:12<00:06, 11.85it/s]
Extract:  87%|########6 | 502/578 [01:12<00:04, 16.62it/s]
Extract:  87%|########7 | 505/578 [01:13<00:06, 11.56it/s]
Extract:  88%|########7 | 508/578 [01:13<00:05, 13.71it/s]
Extract:  88%|########8 | 510/578 [01:13<00:05, 12.53it/s]
Extract:  89%|########8 | 512/578 [01:13<00:04, 13.24it/s]
Extract:  89%|########9 | 515/578 [01:13<00:04, 14.78it/s]
Extract:  89%|########9 | 517/578 [01:14<00:05, 10.96it/s]
Extract:  90%|########9 | 519/578 [01:14<00:05, 11.64it/s]
Extract:  90%|######### | 522/578 [01:14<00:04, 13.69it/s]
Extract:  91%|######### | 524/578 [01:14<00:03, 13.76it/s]
Extract:  91%|#########1| 526/578 [01:14<00:04, 11.33it/s]
Extract:  91%|#########1| 528/578 [01:14<00:04, 11.18it/s]
Extract:  92%|#########1| 530/578 [01:15<00:04, 11.90it/s]
Extract:  92%|#########2| 532/578 [01:15<00:03, 13.28it/s]
Extract:  92%|#########2| 534/578 [01:15<00:03, 14.03it/s]
Extract:  93%|#########2| 537/578 [01:15<00:02, 15.74it/s]
Extract:  93%|#########3| 539/578 [01:15<00:02, 15.03it/s]
Extract:  94%|#########3| 541/578 [01:15<00:03, 10.46it/s]
Extract:  94%|#########3| 543/578 [01:16<00:03, 10.05it/s]
Extract:  94%|#########4| 546/578 [01:16<00:03,  9.18it/s]
Extract:  95%|#########4| 548/578 [01:16<00:03,  8.05it/s]
Extract:  96%|#########5| 553/578 [01:17<00:02, 10.28it/s]
Extract:  96%|#########6| 555/578 [01:17<00:03,  6.96it/s]
Extract:  96%|#########6| 556/578 [01:17<00:03,  7.12it/s]
Extract:  96%|#########6| 557/578 [01:18<00:02,  7.03it/s]
Extract:  97%|#########6| 560/578 [01:18<00:02,  7.03it/s]
Extract:  97%|#########7| 561/578 [01:18<00:02,  7.29it/s]
Extract:  98%|#########7| 564/578 [01:18<00:01,  8.01it/s]
Extract:  98%|#########7| 565/578 [01:19<00:02,  5.79it/s]
Extract:  98%|#########7| 566/578 [01:19<00:01,  6.07it/s]
Extract:  98%|#########8| 567/578 [01:19<00:01,  6.01it/s]
Extract:  98%|#########8| 568/578 [01:20<00:02,  4.38it/s]
Extract:  99%|#########8| 570/578 [01:20<00:01,  6.23it/s]
Extract:  99%|#########8| 572/578 [01:20<00:01,  5.99it/s]
Extract:  99%|#########9| 575/578 [01:20<00:00,  7.97it/s]
Extract: 100%|#########9| 576/578 [01:21<00:00,  6.12it/s]
Extract: 100%|##########| 578/578 [01:21<00:00,  7.12it/s]
